"Time (s)","X (m/s^2)","Y (m/s^2)","Z (m/s^2)"
4.282166716E-3,-6.658598685E-1,-7.987950739E-1,-2.323426223E-1
1.429016655E-2,-2.806876937E-1,-8.242679572E-1,-1.085645514E0
2.429716662E-2,-4.011014521E-2,-6.612581829E-1,-1.732984911E0
5.430416668E-2,2.913676330E-1,-4.537397685E-1,-2.056750504E0
7.430416668E-2,8.453804988E-1,7.768318355E-3,-1.565663912E0
9.430416668E-2,1.372021671E0,1.522943131E-1,-4.928150296E-1
1.143041667E-1,1.503756224E0,-7.606642842E-3,-4.664160204E-1
1.343041667E-1,1.184414341E0,-4.659790872E-1,-4.409484726E-1
1.543041667E-1,1.245693161E0,-9.768543387E-1,-8.759035492E-1
1.743041667E-1,1.514324920E0,-1.263617801E0,-2.332010520E0
1.943041667E-1,1.133878611E0,-7.423426918E-1,-2.225109969E0
2.143041667E-1,2.112192780E0,-5.248374523E-1,-1.214514638E0
2.343041667E-1,1.163150503E0,-2.684268133E-1,3.928744197E-1
2.543041667E-1,4.778182371E-1,-8.827675956E-1,1.514703088E0
2.743041667E-1,7.884935224E-1,-1.757028662E0,4.502876455E-1
2.943041667E-1,1.068910490E0,-2.070198808E0,-1.374887391E0
3.143041667E-1,1.030595148E0,-1.851090774E0,-2.262981216E0
3.343041667E-1,2.092312685E0,-1.654266186E0,-3.078603480E0
3.543041667E-1,1.300688271E-1,-2.965279178E0,-4.529860185E0
3.743041667E-1,1.492386313E0,-3.319533031E0,-3.442124292E0
3.943041667E-1,1.812448280E0,-3.383950051E0,-3.115570747E0
4.143041667E-1,2.450877982E-1,-3.125879095E0,-3.768562063E0
4.343041667E-1,-8.979329342E-1,-3.455885130E0,-4.503627237E0
4.543041667E-1,-1.136740238E0,-4.019791777E0,-3.382264007E0
4.743041667E-1,-2.299008104E0,-3.890507207E0,-1.283496580E0
4.943041667E-1,-3.382942284E0,-3.067948684E0,2.482216719E0
5.143041667E-1,-5.077372409E0,-1.946159776E0,7.535619053E0
5.343041667E-1,-5.637418140E0,3.307267034E-1,1.132990536E1
5.543041667E-1,-5.095746700E0,2.471296459E0,1.314363915E1
5.743041667E-1,-5.288826438E0,3.466504843E0,1.427280315E1
5.943041667E-1,-3.332127933E0,5.503918020E0,1.484595190E1
6.143041667E-1,-1.416618677E0,5.767398820E0,1.045353988E1
6.343041667E-1,-9.820655966E-1,5.295629674E0,8.586833237E0
6.543041667E-1,-4.766065478E-2,4.348078437E0,6.974672851E0
6.743041667E-1,8.323552412E-1,3.306369486E0,3.370518120E0
6.943041667E-1,1.879554142E0,1.375193785E0,-2.133318624E0
7.143041667E-1,3.990437585E0,-5.030932653E-1,-2.594951914E0
7.343041667E-1,6.048049968E0,-1.979790621E0,-4.470126784E0
7.543041667E-1,7.206155348E0,-2.514196896E0,-3.420943631E0
7.743041667E-1,5.467904434E0,-9.164066273E-1,1.988343051E0
7.943041667E-1,5.598928843E0,-3.306471813E-1,-1.097388769E0
8.143041667E-1,5.979836351E-1,-2.791394094E0,-5.996810818E-1
8.343041667E-1,2.783982164E-1,-3.028051377E0,-8.430758187E-1
8.543041667E-1,-6.097382927E-1,-2.287938302E0,-8.797209039E-1
8.743041667E-1,-1.073161708E0,-1.057270145E0,2.226467693E-1
8.943041667E-1,-5.855623949E-1,-4.942475975E-2,-1.262895085E0
9.143041667E-1,-1.543647975E0,-6.937820774E-1,-1.217994024E0
9.343041667E-1,-1.153078528E0,-8.039664245E-1,2.657743701E-1
9.543041667E-1,-4.327553540E-1,3.811367190E-1,6.567601392E-1
9.743041667E-1,-1.654618188E0,3.445901594E-1,1.242191264E0
9.943041667E-1,-6.680566674E-1,-5.646977752E-2,7.235379732E-1
1.014304167E0,-3.516649979E-1,-8.263048348E-1,-9.635071188E-1
1.034304167E0,1.139879608E-1,-1.334464712E0,-1.035136095E0
1.054304167E0,1.511470163E0,-1.369599169E-1,1.977890861E-1
1.074304167E0,2.580441172E0,1.083425033E0,-7.273135203E-1
1.094304167E0,1.192154301E0,1.072385783E0,1.619085243E-1
1.114304167E0,-2.585352248E-1,-1.246737474E0,5.960464525E-1
1.134304167E0,-1.765631086E-1,-1.586228277E0,-1.513487452E-1
1.154304167E0,2.693005335E-1,9.548503160E-2,-1.509246467E0
1.174304167E0,2.028469276E-1,1.651765039E0,1.245673281E-1
1.194304167E0,1.104768248E0,1.120903054E0,-5.079770060E-1
1.214304167E0,6.756054229E-1,7.207029507E-1,-6.052026075E-1
1.234304167E0,1.142388064E-1,4.611672673E-1,4.116767263E-1
1.254304167E0,4.139588946E-1,7.560508311E-1,3.479566938E-1
1.274304167E0,6.153025031E-2,2.696963900E-1,9.231087059E-2
1.294304167E0,-5.201297128E-1,1.480515003E-1,-6.462716961E-1
1.314304167E0,-3.763607132E-1,-1.428122197E0,1.308242874E0
1.334304167E0,-1.946978386E0,-1.974635716E0,-5.468880334E-1
1.354304167E0,-1.561867315E-1,-4.698547679E-1,-2.967324534E-1
1.374304167E0,4.498836029E-1,1.276031440E0,-2.815163611E0
1.394304167E0,1.371707675E0,-4.236176178E-1,-2.551631355E-1
1.414304167E0,1.744979889E0,-1.496675245E0,6.884687126E-2
1.434304167E0,9.902259707E-1,-1.080196201E0,-6.693278521E-1
1.454304167E0,1.328269295E0,-1.108402584E0,-1.193878060E0
1.474304167E0,2.060213810E0,-1.366996281E0,-9.423904842E-1
1.494304167E0,2.394050063E0,-7.218010578E-1,-1.110499688E0
1.514304167E0,3.846064568E0,3.033710897E-2,-2.257870749E0
1.534304167E0,7.437143755E-1,-1.160730194E0,-1.742844486E-1
1.554304167E0,-2.164504749E0,-2.142751352E0,-2.405881319E0
1.574304167E0,-3.921041075E0,-1.713012577E0,4.126330385E0
1.594304167E0,-3.783743774E0,-8.145867223E-1,3.404663520E0
1.614304167E0,-3.677632012E0,1.334392499E0,2.298206597E0
1.634304167E0,-2.597243146E0,1.886308261E0,2.579964623E0
1.654304167E0,-7.187765855E-1,3.399716191E0,1.760767372E0
1.674304167E0,2.608670944E-1,3.120583565E0,1.601162358E0
1.694304167E0,-1.179165296E0,2.071881929E0,3.002694926E0
1.714304167E0,-1.344169044E0,1.577163046E0,3.736538325E0
1.734304167E0,-8.689634889E-1,1.896226893E0,3.625442104E0
1.754304167E0,6.065106297E-1,2.280647408E0,5.329980896E0
1.774304167E0,3.087930958E0,1.472851642E0,2.644116473E0
1.794304167E0,4.271828991E0,6.741927356E-1,-9.222313312E-1
1.814304167E0,4.034938989E0,-2.887051034E-1,-5.830583248E0
1.834304167E0,3.462211232E0,-1.532808992E0,-9.622459913E0
1.854304167E0,2.982116820E0,-1.297391319E0,-8.281086423E0
1.874304167E0,2.448584704E0,-2.579417324E-1,-5.883669534E0
1.894304167E0,1.786570550E0,-6.206468582E-2,-3.344132559E0
1.914304167E0,1.711595796E0,2.357030171E-1,-9.170430967E-1
1.934304167E0,-4.279103512E-1,-1.988394215E0,1.557648081E1
1.954304167E0,-7.967708409E-2,-2.777433867E0,8.327432624E0
1.974304167E0,-1.214526917E0,-1.283423490E0,-1.243153131E0
1.994304167E0,-2.512562014E0,-7.990325439E-1,-3.747668792E0
2.014304167E0,-1.781648363E0,-1.443200997E0,7.037770155E-1
2.034304167E0,-9.450544757E-1,-1.903275712E0,4.099125629E0
2.054304167E0,-1.141820884E-1,-9.711073297E-1,1.173642455E0
2.074304167E0,3.915529490E-2,3.556779420E-1,-6.884254432E-1
2.094304167E0,-1.143645800E0,1.321387707E0,5.590831326E-1
2.114304167E0,-2.166716166E0,2.081805823E0,2.465560341E0
2.134304167E0,-1.253130235E0,1.555267562E0,1.709372100E0
2.154304167E0,4.886167288E-2,4.611576194E-1,9.571351156E-2
2.174304167E0,4.913479632E-1,3.946788704E-1,-7.931796272E-1
2.194304167E0,5.066068572E-1,1.126501179E0,-2.214979376E-1
2.214304167E0,8.002528578E-1,1.961789383E0,8.017285489E-1
2.234304167E0,-6.333703995E-3,2.154610090E0,-1.131921694E0
2.254304167E0,-4.911895037E-1,5.692948562E-1,-2.379091716E0
2.274304167E0,2.814168414E-1,-2.255342413E0,-1.789927728E0
2.294304167E0,2.092478746E0,-1.345698091E0,-2.635092173E0
2.314304167E0,2.093419563E0,4.868461919E-1,-2.691378055E0
2.334304167E0,3.010796828E0,1.066750236E0,-1.291036857E0
2.354304167E0,2.414730788E0,-2.254142565E-1,-2.961735765E0
2.374304167E0,1.802993039E0,6.003587741E-1,-3.667992877E0
2.394304167E0,1.965737423E0,8.292369211E-1,-1.519795575E0
2.414304167E0,2.329864007E-1,1.938018698E-1,4.193998457E0
2.434304167E0,-1.476226655E0,1.330635079E0,6.125755371E0
2.454304167E0,4.525546110E-1,2.893235049E0,1.044424690E0
2.474304167E0,-6.851524642E-1,2.761268654E0,-1.340650920E0
2.494304167E0,-4.133707817E0,4.016680473E-1,-2.012423347E0
2.514304167E0,-3.490284884E0,1.699517788E0,-1.368682326E0
2.534304167E0,-1.564858165E0,4.240125387E0,2.906309423E0
2.554304167E0,-8.436947465E-1,4.741498402E0,2.545156733E0
2.574304167E0,-1.013395563E-2,5.799516991E0,-1.356009656E0
2.594304167E0,5.470820514E-1,4.839288990E0,-2.298255129E0
2.614304167E0,1.599074061E-1,9.994318271E-1,-8.018884702E-1
2.634304167E0,-3.958957637E0,-1.045181846E1,-2.732292777E0
2.654304167E0,-3.516438310E0,-1.178607939E1,2.785847425E0
2.674304167E0,7.842078057E-1,-1.309977450E1,3.683689728E0
2.694304167E0,5.369040881E0,-7.802793539E0,3.047794793E0
2.714304167E0,4.945179727E0,-1.568119742E0,1.036582989E0
2.734304167E0,1.761788442E0,2.067578963E0,-3.715233994E0
2.754304167E0,1.375553682E0,3.618459359E0,-2.976440636E0
2.774304167E0,1.411587002E0,3.403920339E0,-1.567923276E0
2.794304167E0,1.109055134E0,1.305154082E0,-7.581645995E-2
2.814304167E0,9.002235809E-1,-1.342164618E0,2.313925667E0
2.834304167E0,5.543692535E-1,-2.648863535E0,4.888758774E0
2.854304167E0,3.068732795E-1,-1.730220348E0,2.984473248E0
2.874304167E0,3.226214392E-1,-6.249094784E-2,-3.371729663E-1
2.894304167E0,3.565851375E-2,1.250242880E0,-1.686903297E0
2.914304167E0,-8.252051197E-1,1.549567112E0,-7.683408013E-1
2.934304167E0,-1.089253684E0,9.737029088E-1,3.055366060E-1
2.954304167E0,-6.887258439E-1,4.649664956E-1,2.581311822E-2
2.974304167E0,-2.641282327E-1,2.584539485E-1,-4.489682212E-1
2.994304167E0,-1.566849142E-1,1.716128558E-1,-1.301507174E0
3.014304167E0,-1.392432547E-1,7.161640495E-1,-2.001302528E0
3.034304167E0,9.979234647E-1,1.494803844E0,-2.722465654E0
3.054304167E0,1.975819485E0,1.829728848E0,-2.615362790E0
3.074304167E0,2.347291049E0,1.537444664E0,-2.871353599E0
3.094304167E0,2.886568346E0,8.334632885E-1,-2.624656062E0
3.114304167E0,3.549501391E0,3.228774011E-1,-1.299982805E0
3.134304167E0,3.659681060E0,-3.852777171E-1,5.693626839E-1
3.154304167E0,3.937717042E0,-2.553684897E0,5.514072295E0
3.174304167E0,2.977824087E0,-3.963811119E0,8.160588173E0
3.194304167E0,1.025669746E0,-1.067189947E0,9.060126168E-1
3.214304167E0,5.795338424E-1,2.350832707E0,-3.970384266E0
3.234304167E0,3.329204325E-1,4.184818913E0,-4.210741374E0
3.254304167E0,2.330408529E-1,3.479682128E0,8.393233681E-1
3.274304167E0,-4.648543022E-1,1.001411694E-1,3.714537883E0
3.294304167E0,-4.589110460E-1,-1.609871786E0,3.026083204E-1
3.314304167E0,-1.191888764E0,-1.172557358E0,-2.887036416E0
3.334304167E0,-2.434415731E0,-3.875476062E-1,-1.606365210E0
3.354304167E0,-2.086003247E0,-6.360367298E-1,1.799069558E0
3.374304167E0,-5.126440343E-2,-1.099561302E0,1.198034846E0
3.394304167E0,6.646102455E-1,-1.681618291E-1,-8.211806273E-1
3.414304167E0,1.138287996E0,6.157808053E-1,1.958188668E-1
3.434304167E0,6.795405259E-1,1.343859726E-1,2.296618786E0
3.454304167E0,-1.833612642E-1,-3.312792653E-1,3.297087032E-1
3.474304167E0,-9.274259976E-1,3.519094115E-1,-4.441699961E-1
3.494304167E0,-9.496579155E-1,1.031982107E0,7.508161113E-1
3.514304167E0,-9.246228424E-1,3.652568507E-1,6.252005236E-1
3.534304167E0,-1.449365424E0,-3.664625466E-1,-2.614301813E-1
3.554304167E0,-2.182232629E0,-7.424554700E-1,-2.263104884E-1
3.574304167E0,-1.604928696E0,-1.101471587E0,5.065776211E-1
3.594304167E0,-9.203524746E-1,-1.061562586E0,2.487499094E-1
3.614304167E0,-9.762669859E-1,-4.553934342E-1,2.630913752E-1
3.634304167E0,-5.382823207E-1,-9.428108990E-2,2.529113728E-1
3.654304167E0,-7.078702126E-1,6.386913657E-2,-1.545378166E-1
3.674304167E0,-1.085137829E0,7.846261740E-2,-4.707809669E-1
3.694304167E0,-1.090062208E0,-1.636167884E-2,9.802447736E-2
3.714304167E0,-8.827526852E-1,-6.081671458E-1,2.051149895E-1
3.734304167E0,-7.146054011E-1,-8.275248563E-1,-6.761164695E-1
3.754304167E0,-2.143792083E-1,-2.434552556E-1,-1.401612858E-1
3.774304167E0,3.911809199E-1,1.866419542E-1,-8.635168076E-3
3.794304167E0,9.454297938E-1,6.604278052E-1,1.186914611E-1
3.814304167E0,1.356980878E0,1.001570154E0,5.416977525E-1
3.834304167E0,1.616053170E0,1.064201435E0,3.045966478E-1
3.854304167E0,1.490445914E0,9.858849978E-1,-2.320864960E-1
3.874304167E0,1.180408049E0,5.365761763E-1,-4.428774691E-1
3.894304167E0,6.503447203E-1,7.092848003E-2,-3.288497472E-1
3.914304167E0,8.092583008E-2,-2.613296092E-1,-2.770692173E-1
3.934304167E0,-1.023297092E-1,-4.912608397E-1,-3.708817991E-1
3.954304167E0,-2.571589364E-1,-1.912483907E-1,-4.526539405E-1
3.974304167E0,1.023707858E-1,2.312445152E-1,-3.576776898E-1
3.994304167E0,3.362152655E-1,5.233638078E-1,-1.918973585E-1
4.014304167E0,3.823969401E-1,6.062182689E-1,-2.084392047E-1
4.034304167E0,2.177572545E-1,2.973876339E-1,-1.491798668E-1
4.054304167E0,1.000103380E-1,-1.426925272E-1,-1.336522932E-1
4.074304167E0,-1.786929569E-1,-4.520190060E-1,-3.211663596E-1
4.094304167E0,-4.748708750E-1,-6.554828149E-1,-2.144980896E-1
4.114304167E0,-8.171985273E-1,-8.313846034E-1,-2.691837354E-1
4.134304167E0,-9.982244501E-1,-9.272350860E-1,-2.437096095E-1
4.154304167E0,-8.900567347E-1,-8.342818987E-1,-5.140089937E-1
4.174304167E0,-5.343668059E-1,-5.704181063E-1,-7.986548138E-1
4.194304167E0,-2.739829838E-1,-2.829327321E-1,-3.430792388E-1
4.214304167E0,-1.125018910E-2,-2.729480267E-3,2.203818503E-1
4.234304167E0,3.001795332E-1,3.773921621E-1,-3.776070473E-1
4.254304167E0,2.913271411E-1,6.517394274E-1,-5.837520969E-1
4.274304167E0,4.777321368E-2,1.728501266E-1,-3.209065971E-1
4.294304167E0,-3.544639139E-1,-5.428379595E-1,-2.670917478E-1
4.314304167E0,-2.902956922E-1,-7.538189489E-1,-3.002463377E-1
4.334304167E0,-1.127218924E-1,-4.378541261E-1,-5.456058852E-1
4.354304167E0,-1.961458723E-1,-3.264792860E-2,-4.198175123E-1
4.374304167E0,-3.794233386E-1,4.918794751E-2,-1.253783369E-1
4.394304167E0,-3.170535743E-1,-9.259182930E-2,-4.183049838E-1
4.414304167E0,-5.182789229E-1,-3.021466827E-1,-7.401442118E-1
4.434304167E0,-7.236062394E-1,-5.002076644E-1,-4.119044754E-1
4.454304167E0,-6.730798642E-1,-3.533823252E-1,-3.385583179E-1
4.474304167E0,-2.934362318E-1,7.224293411E-2,-2.942190278E-1
4.494304167E0,-4.105110839E-2,1.578894407E-1,-6.267267931E-1
4.514304167E0,-1.900149205E-1,3.732277751E-2,-1.180110645E0
4.534304167E0,2.566288863E-1,9.139373481E-2,-1.536220403E0
4.554304167E0,8.419961303E-1,-8.144645154E-2,-1.844805748E0
4.574304167E0,1.301512729E0,-4.559658766E-1,-1.551000849E0
4.594304167E0,2.038208984E0,-6.162403965E-1,-8.683301624E-1
4.614304167E0,2.719487375E0,-6.977622771E-1,-1.119276286E0
4.634304167E0,2.783190743E0,-4.267432469E-1,-2.000531645E-1
4.654304167E0,3.035656558E0,5.848227221E-1,-9.826316071E-1
4.674304167E0,2.302548447E0,1.907440099E0,-2.045763001E0
4.694304167E0,2.278251512E0,3.052553549E0,-2.143109787E0
4.714304167E0,2.410822509E0,3.431352552E0,-2.617240623E0
4.734304167E0,2.741661771E0,3.126520827E0,-2.730587729E0
4.754304167E0,2.553933989E0,2.037605551E0,-1.946274966E0
4.774304167E0,1.256557581E0,-8.772677046E-1,-2.124988242E0
4.794304167E0,1.585230157E0,-3.190350203E0,-2.568499403E0
4.814304167E0,1.509576250E0,-3.557870511E0,-2.320768225E0
4.834304167E0,1.159562505E0,-1.429365900E0,-3.202382603E-1
4.854304167E0,3.176830271E-1,1.700469714E-1,5.006988305E-1
4.874304167E0,6.591396636E-1,3.719583446E-1,8.906011105E-1
4.894304167E0,1.231901626E0,-8.049768233E-1,1.368091465E0
4.914304167E0,1.144232568E0,-2.492071617E0,1.755868867E0
4.934304167E0,5.194409108E-1,-3.444537438E0,1.882281868E0
4.954304167E0,-6.672485822E-1,-3.405996686E0,1.701302943E0
4.974304167E0,-1.910202616E0,-2.808753308E0,1.336249575E0
4.994304167E0,-2.470684256E0,-2.028831219E0,1.093181405E0
5.014304167E0,-2.786027520E0,-1.423941438E0,1.261887902E0
5.034304167E0,-3.158696301E0,-5.118968332E-1,1.741832333E0
5.054304167E0,-3.846924693E0,-3.811665398E-1,2.136703869E0
5.074304167E0,-4.235523044E0,-5.795175433E-1,2.123297081E0
5.094304167E0,-3.905306218E0,-8.401507491E-1,2.150522887E0
5.114304167E0,-3.962119519E0,-5.488424653E-1,1.310880260E0
5.134304167E0,-3.870630475E0,1.518638849E-1,-1.180932909E-1
5.154304167E0,-4.204873109E0,4.343358564E-1,-1.442823266E0
5.174304167E0,-3.882433079E0,3.535173959E-1,-2.034387828E0
5.194304167E0,-2.658986235E0,-1.673590064E-1,-3.706918377E-1
5.214304167E0,-1.072526700E0,-9.752910125E-1,8.331984097E-1
5.234304167E0,1.267486319E0,-2.015238197E0,3.178376859E-1
5.254304167E0,3.307906135E0,-2.651648564E0,-2.897774827E-1
5.274304167E0,4.351575657E0,-2.585082107E0,9.998387933E-2
5.294304167E0,4.739442521E0,-2.182339341E0,9.293359905E-1
5.314304167E0,4.845087090E0,-1.188916113E0,1.812463190E0
5.334304167E0,4.696246800E0,-5.688171387E-3,2.427016080E0
5.354304167E0,4.115319493E0,1.341950610E0,3.195820858E0
5.374304167E0,3.892813057E0,2.282030275E0,3.750150935E0
5.394304167E0,3.647883133E0,2.505663469E0,3.574135711E0
5.414304167E0,2.373025814E0,2.705596145E0,2.655710040E0
5.434304167E0,1.415434324E0,3.273782369E0,1.957578219E0
5.454304167E0,2.349615902E-1,3.454851927E0,1.526762386E0
5.474304167E0,-8.078150618E-1,2.613144064E0,1.105579256E0
5.494304167E0,-1.274354458E0,1.305528889E0,5.523829544E-1
5.514304167E0,-1.440169800E0,-1.527702034E-2,-4.520599365E-2
5.534304167E0,-1.861412863E0,-8.090786451E-1,-1.427141619E-1
5.554304167E0,-2.701902459E0,-1.185965315E0,-3.135809129E-1
5.574304167E0,-3.418003943E0,-1.271788993E0,-6.436761171E-1
5.594304167E0,-4.161942267E0,-1.313048408E0,-1.426203725E0
5.614304167E0,-5.020129922E0,-1.505303397E0,-2.855376667E0
5.634304167E0,-5.815275822E0,-1.970502027E0,-3.519616857E0
5.654304167E0,-4.133460479E0,-1.757149115E0,-6.565984637E-1
5.674304167E0,-2.011348921E0,-1.079084060E0,1.182494116E-1
5.694304167E0,6.965966347E-1,-4.705628657E-1,-8.614392918E-1
5.714304167E0,3.078779773E0,-6.216318217E-1,-1.867938064E0
5.734304167E0,4.046396900E0,-6.659689191E-1,-1.243339072E0
5.754304167E0,3.700808329E0,-2.865837336E-2,1.551278007E-1
5.774304167E0,3.019100167E0,1.135243059E0,1.620978572E0
5.794304167E0,1.282518341E0,1.003111480E0,2.650007250E0
5.814304167E0,1.977867472E-1,-1.098443314E-1,2.619090682E0
5.834304167E0,-2.057120633E-1,-9.599356395E-1,1.097755682E0
5.854304167E0,-7.954797757E-1,-1.078474781E0,-1.123755911E0
5.874304167E0,-1.860316218E0,-8.962889895E-1,-1.779228201E0
5.894304167E0,-2.760558802E0,-7.397999570E-1,-2.094186133E-1
5.914304167E0,-3.474606745E0,-4.545230761E-1,1.083727627E0
5.934304167E0,-4.175559847E0,-5.766763812E-1,-1.010141587E-1
5.954304167E0,-4.117637329E0,-1.521598125E0,-1.712331376E0
5.974304167E0,-3.189779515E0,-1.780515465E0,-1.236703067E0
5.994304167E0,-2.470052172E0,-8.462619665E-1,-2.481634337E-1
6.014304167E0,-1.675634835E0,3.473304570E-2,9.216556728E-2
6.034304167E0,-6.078660142E-1,2.460712999E-1,2.900096172E-1
6.054304167E0,5.184030300E-1,1.256347373E-1,4.539023942E-1
6.074304167E0,1.145295299E0,-4.629006743E-2,6.014562964E-1
6.094304167E0,1.300686225E0,-1.644576180E-1,7.759003741E-1
6.114304167E0,1.363967131E0,-1.017491537E-1,9.595982552E-1
6.134304167E0,1.494105687E0,-1.876304260E-1,1.014488992E0
6.154304167E0,1.647648307E0,-1.399349803E-1,9.359123540E-1
6.174304167E0,1.746070395E0,1.334588966E-1,7.782041770E-1
6.194304167E0,1.985789865E0,3.756225023E-1,2.969865149E-1
6.214304167E0,2.007556125E0,5.116147050E-1,-3.381696242E-1
6.234304167E0,1.525896998E0,5.414471993E-1,-4.383417839E-1
6.254304167E0,7.175814146E-1,4.536299139E-1,-2.173567933E-1
6.274304167E0,1.983223522E-1,1.701428658E-1,-1.581180668E-1
6.294304167E0,-3.150497335E-1,5.471912116E-2,-2.074942946E-2
6.314304167E0,-6.318793595E-1,2.428152779E-1,1.799626797E-1
6.334304167E0,-7.451837808E-1,6.284876820E-1,3.433280379E-1
6.354304167E0,-9.718458331E-1,9.496685135E-1,4.872233373E-1
6.374304167E0,-1.222525324E0,1.045601442E0,7.567378789E-1
6.394304167E0,-1.293959588E0,7.084983498E-1,1.068385118E0
6.414304167E0,-1.274964323E0,4.854411060E-1,1.223058590E0
6.434304167E0,-1.327520851E0,6.120999831E-1,1.248792771E0
6.454304167E0,-1.258074641E0,4.632784045E-1,1.053291115E0
6.474304167E0,-8.883475935E-1,4.127350724E-1,7.253628892E-1
6.494304167E0,-7.799981028E-1,5.718299165E-1,5.812138206E-1
6.514304167E0,-7.859780502E-1,6.142038113E-1,5.664642191E-1
6.534304167E0,-5.463299167E-1,1.295444781E-1,5.268008012E-1
6.554304167E0,-1.594260889E-1,-2.757859728E-1,3.594909114E-1
6.574304167E0,-5.249747157E-2,8.829617232E-2,2.848143661E-1
6.594304167E0,-6.491111040E-2,2.292044216E-1,4.330974162E-1
6.614304167E0,3.820342666E-1,-1.222474453E-1,2.372496057E-1
6.634304167E0,8.595225745E-1,-3.825613931E-1,-4.985219121E-2
6.654304167E0,1.113509250E0,-2.332764226E-1,-1.409652597E-1
6.674304167E0,1.267317334E0,-4.300568640E-2,-1.177401191E-1
6.694304167E0,1.414257864E0,1.037883702E-1,-1.141101676E-1
6.714304167E0,1.511266095E0,3.754272053E-1,-9.040555537E-2
6.734304167E0,1.451402886E0,5.239165159E-1,4.328167498E-2
6.754304167E0,1.387897446E0,3.846506032E-1,8.493606985E-2
6.774304167E0,1.022963946E0,1.702501622E-1,9.806306899E-2
6.794304167E0,4.888190424E-1,-7.505500630E-2,1.812081367E-1
6.814304167E0,1.350391066E-1,-3.861163540E-1,-1.069572687E-2
6.834304167E0,-1.038763708E-1,-3.372847943E-1,-3.705000490E-1
6.854304167E0,-5.179241431E-1,-8.371005490E-2,-4.636789387E-1
6.874304167E0,-8.724998850E-1,-1.540272085E-1,-2.965140599E-1
6.894304167E0,-9.282449001E-1,-3.680988899E-1,-4.846505624E-1
6.914304167E0,-8.287837619E-1,-7.178743601E-2,-1.088780791E0
6.934304167E0,-8.558727425E-1,3.714357497E-1,-1.396901574E0
6.954304167E0,-6.278307474E-1,4.600824626E-1,-9.546287066E-1
6.974304167E0,-1.827874696E-1,1.119050364E-1,-8.046324223E-1
6.994304167E0,2.717435002E-1,2.372798650E-1,-1.126259689E0
7.014304167E0,4.268642843E-1,3.921594514E-1,-7.563765210E-1
7.034304167E0,8.225629091E-1,1.752344019E-1,-1.831950206E-1
7.054304167E0,1.315507162E0,-1.604500826E-1,3.478508592E-3
7.074304167E0,1.653753385E0,-1.401670416E-1,-1.027659845E-1
7.094304167E0,1.683053783E0,1.623338362E-1,-1.793592471E-1
7.114304167E0,1.218029984E0,4.403682096E-1,6.234008968E-2
7.134304167E0,4.900036883E-1,4.322651381E-1,3.766092199E-1
7.154304167E0,-8.895135283E-2,-1.734556058E-1,-2.774152994E-2
7.174304167E0,-4.061446756E-1,-5.751804077E-1,-6.341673750E-1
7.194304167E0,-6.039051104E-1,-3.984657100E-1,-9.170451432E-1
7.214304167E0,-7.382922524E-1,-8.465313770E-2,-8.345140332E-1
7.234304167E0,-9.923385698E-1,-6.668252438E-2,-4.884570998E-1
7.254304167E0,-8.617597193E-1,-1.692330025E-1,-5.225007588E-1
7.274304167E0,-4.246540368E-1,5.287914857E-2,-5.900969106E-1
7.294304167E0,-1.120501935E-1,1.350039868E-1,-2.863083297E-1
7.314304167E0,5.050497437E-1,-2.169285944E-1,-4.443492132E-1
7.334304167E0,1.212832979E0,-5.928542017E-1,-8.819384605E-1
7.354304167E0,1.560766284E0,-6.422932506E-1,-1.056785411E0
7.374304167E0,1.903216655E0,-4.412940065E-1,-1.250417127E0
7.394304167E0,2.320572782E0,-2.187635968E-1,-1.496216531E0
7.414304167E0,2.764861768E0,-4.045615420E-3,-1.653106683E0
7.434304167E0,3.227156671E0,9.899939094E-2,-1.777926611E0
7.454304167E0,3.620083131E0,4.368436541E-1,-1.906972906E0
7.474304167E0,3.613670490E0,8.880729206E-1,-1.551843433E0
7.494304167E0,3.068709991E0,8.420953868E-1,-5.209453994E-1
7.514304167E0,2.302420101E0,3.626123013E-1,2.564606327E-1
7.534304167E0,1.382624427E0,-3.273514713E-1,3.284427810E-1
7.554304167E0,5.239841974E-1,-3.328738741E-1,7.826439679E-2
7.574304167E0,-1.415172368E-1,-8.978224218E-2,-4.651337260E-1
7.594304167E0,-6.503928137E-1,-1.279222412E-1,-8.960559779E-1
7.614304167E0,-9.909861088E-1,-1.848724405E-1,-1.242759613E0
7.634304167E0,-1.345005780E0,-5.123730158E-1,-1.272796175E0
7.654304167E0,-1.457171749E0,-8.224135128E-1,-1.259062820E0
7.674304167E0,-1.488971831E0,-1.130148526E0,-1.200241585E0
7.694304167E0,-9.914573944E-1,-1.692276450E0,-8.898626071E-1
7.714304167E0,6.045260847E-2,-1.782946299E0,-7.180211252E-1
7.734304167E0,9.392709947E-1,-1.533413886E0,-1.561218274E-1
7.754304167E0,1.379957512E0,-1.045876407E0,1.415663534E-1
7.774304167E0,1.482736360E0,-2.240090244E-1,6.802457732E-1
7.794304167E0,1.879321423E0,9.710003257E-1,8.881014258E-1
7.814304167E0,2.005792020E0,1.748286782E0,9.124106401E-1
7.834304167E0,1.395277802E0,2.473507876E0,8.335042191E-1
7.854304167E0,7.095800847E-1,2.743988086E0,1.546127195E0
7.874304167E0,-7.932145643E-1,2.223427725E0,2.275549221E0
7.894304167E0,-2.342013352E0,1.293759321E0,2.991175327E0
7.914304167E0,-3.387037089E0,7.085793337E-1,3.149703868E0
7.934304167E0,-3.697304969E0,6.889277190E-1,2.341016986E0
7.954304167E0,-3.977599438E0,1.109786036E0,1.301189670E0
7.974304167E0,-4.653060434E0,1.586331188E0,1.240148832E0
7.994304167E0,-5.159310027E0,1.981593903E0,1.930066484E0
8.014304167E0,-5.608710650E0,1.939621127E0,2.731808043E0
8.034304167E0,-5.455898931E0,1.836333571E0,2.525851566E0
8.054304167E0,-4.464221097E0,1.482180583E0,1.090458357E0
8.074304167E0,-3.378104882E0,8.604686540E-1,2.101740736E-1
8.094304167E0,-2.256093780E0,5.267303422E-2,-5.570759296E-2
8.114304167E0,-7.481798941E-1,-7.386884013E-1,-6.015942907E-1
8.134304167E0,1.128134891E0,-9.280295764E-1,-9.760008645E-1
8.154304167E0,2.546990420E0,-5.080028799E-1,-4.522207350E-1
8.174304167E0,2.416445484E0,4.695167989E-3,6.740699440E-1
8.194304167E0,1.875582129E0,5.108748861E-1,1.574364569E0
8.214304167E0,2.000866910E0,8.304016864E-1,1.595533828E0
8.234304167E0,2.706867329E0,6.432308516E-1,9.518992263E-1
8.254304167E0,2.252379629E0,1.517191663E-2,4.681561518E-1
8.274304167E0,1.647202749E0,-3.278061654E-1,3.186796850E-1
8.294304167E0,8.677823514E-1,-7.734322643E-1,-1.616796058E-1
8.314304167E0,3.162571836E-1,-1.108353687E0,-6.203422183E-1
8.334304167E0,-5.254191041E-2,-8.566846284E-1,-1.314114355E0
8.354304167E0,-7.983320475E-1,-5.099802621E-1,-1.619185231E0
8.374304167E0,-1.196943170E0,-1.937224207E-1,-1.428374797E0
8.394304167E0,-1.290923129E0,-2.022828175E-1,-1.077089868E0
8.414304167E0,-1.046321234E0,-8.899910266E-1,-1.486825903E0
8.434304167E0,-1.668438667E-1,-9.499667215E-1,-2.486040214E0
8.454304167E0,5.871657014E-1,-2.983159525E-1,-2.530428182E0
8.474304167E0,1.503107475E0,-8.422139391E-2,-1.918130563E0
8.494304167E0,2.516412991E0,1.435780880E-1,-1.964627622E0
8.514304167E0,2.918585653E0,1.102454504E-1,-1.564551771E0
8.534304167E0,2.579646535E0,-3.612113084E-1,-6.273448437E-1
8.554304167E0,2.467790469E0,-7.552667926E-1,-2.359836835E-1
8.574304167E0,3.481055639E0,-3.566401014E-1,-9.216328686E-1
8.594304167E0,4.099156619E0,3.588835318E-1,-2.141081972E0
8.614304167E0,4.318734770E0,8.258127185E-1,-2.489725129E0
8.634304167E0,4.631722775E0,9.613178482E-1,-2.322654975E0
8.654304167E0,3.908832673E0,8.314003909E-1,-2.200394374E0
8.674304167E0,2.118952015E0,3.819209768E-1,-8.572865993E-1
8.694304167E0,8.527228475E-1,-1.948968340E-1,4.834472054E-1
8.714304167E0,8.322400510E-1,-4.763025657E-1,4.987090230E-2
8.734304167E0,9.917380607E-1,2.490122301E-1,-1.158148064E0
8.754304167E0,9.035924542E-1,9.431352002E-1,-2.119541999E0
8.774304167E0,2.205920577E-2,1.142019981E0,-1.949349432E0
8.794304167E0,-8.712228531E-1,7.978923368E-1,-1.272355880E0
8.814304167E0,-1.739978181E0,7.611729920E-2,-1.716724974E-1
8.834304167E0,-2.005547606E0,-8.007634659E-1,5.195490843E-1
8.854304167E0,-1.804898062E0,-1.505267144E0,-1.917261082E-1
8.874304167E0,-1.496672614E0,-1.676078785E0,-1.097629382E0
8.894304167E0,-8.368663681E-1,-5.557584058E-1,-7.857611185E-1
8.914304167E0,-4.492415786E-1,1.029179683E0,7.114307284E-3
8.934304167E0,-3.979240751E-1,1.814017526E0,1.121149222E0
8.954304167E0,-6.959397000E-1,1.674206653E0,2.183497674E0
8.974304167E0,-1.378537808E0,1.096889417E0,2.793381563E0
8.994304167E0,-2.198212193E0,7.698964530E-1,3.107384645E0
9.014304167E0,-2.749056160E0,4.564333615E-1,3.089851769E0
9.034304167E0,-2.669059818E0,3.627252987E-1,2.538237723E0
9.054304167E0,-2.732328445E0,4.748883435E-1,1.839751561E0
9.074304167E0,-2.634196379E0,9.900552320E-1,1.212108509E0
9.094304167E0,-2.706192561E0,1.573659394E0,1.242166121E0
9.114304167E0,-3.143881795E0,1.831500262E0,1.852961590E0
9.134304167E0,-3.738977491E0,1.596718182E0,2.295461914E0
9.154304167E0,-4.035007401E0,8.323648891E-1,2.464498487E0
9.174304167E0,-3.760066059E0,-1.946158022E-2,2.072171951E0
9.194304167E0,-3.434018297E0,-3.954056793E-1,1.059759305E0
9.214304167E0,-3.271762741E0,-2.886939937E-1,1.173939639E-1
9.234304167E0,-2.966057442E0,-2.936138409E-1,-1.287305456E-1
9.254304167E0,-1.981417902E0,-4.877358457E-1,1.533017153E-1
9.274304167E0,-6.020164597E-1,-5.591177773E-1,-5.519561076E-1
9.294304167E0,1.026403279E0,-5.127417558E-1,-1.515398322E0
9.314304167E0,2.589110838E0,-3.326709026E-1,-1.596535456E0
9.334304167E0,3.201098555E0,2.118191877E-1,-6.928465229E-1
9.354304167E0,2.898097009E0,9.346180728E-1,5.986759454E-1
9.374304167E0,2.329508497E0,6.891319330E-1,1.456996917E0
9.394304167E0,2.183163214E0,-1.289916238E-1,1.088894227E0
9.414304167E0,1.991558143E0,-9.507886939E-2,-9.612062395E-2
9.434304167E0,1.603240458E0,2.071432424E-1,-7.433758217E-1
9.454304167E0,1.195972533E0,2.363571013E-1,-1.051251606E0
9.474304167E0,8.833657658E-1,-2.223597441E-1,-1.325898834E0
9.494304167E0,9.002478468E-1,-6.101925483E-1,-1.699180988E0
9.514304167E0,1.036070480E0,-7.093755052E-1,-1.901204628E0
9.534304167E0,1.496448081E0,-3.644634566E-1,-1.227519431E0
9.554304167E0,1.668564382E0,-1.585897909E-1,-2.279156953E-1
9.574304167E0,1.611083913E0,-1.156209785E-1,2.757932818E-1
9.594304167E0,1.612376733E0,1.087433738E-1,6.560985267E-2
9.614304167E0,1.659771924E0,2.211615765E-1,-5.327111667E-1
9.634304167E0,1.567041516E0,-4.283593442E-2,-8.523258215E-1
9.654304167E0,1.663657984E0,-4.756394184E-1,-1.502315762E0
9.674304167E0,1.855282350E0,-8.957126002E-1,-2.439619169E0
9.694304167E0,2.066684924E0,-8.193690868E-1,-3.032995198E0
9.714304167E0,1.956566066E0,-1.576335884E-1,-2.949926144E0
9.734304167E0,1.449377410E0,-1.823036125E-1,-2.008970566E0
9.754304167E0,1.536616114E0,-5.482462686E-1,-1.829843454E0
9.774304167E0,1.694192728E0,-6.042607673E-1,-1.691156854E0
9.794304167E0,2.012881184E0,-1.997498768E-1,-1.350385219E0
9.814304167E0,2.248538593E0,1.383423449E-1,-1.021288719E0
9.834304167E0,2.300691079E0,4.149146220E-1,-7.158863068E-1
9.854304167E0,2.005091524E0,4.895566687E-1,-4.441966009E-1
9.874304167E0,1.400083044E0,2.798652828E-1,-9.162586927E-2
9.894304167E0,9.159698403E-1,1.546421894E-1,1.701071978E-1
9.914304167E0,5.196707064E-1,1.842482503E-1,1.535432053E-1
9.934304167E0,3.264091194E-2,1.052435960E-1,-5.953050256E-2
9.954304167E0,-4.074702394E-1,-1.429731935E-1,-3.096112382E-1
9.974304167E0,-8.443683457E-1,-3.847080521E-1,-3.682044321E-1
9.994304167E0,-1.235243602E0,-2.995019871E-1,-3.198222309E-1
1.001430417E1,-1.600837837E0,1.685680644E-1,-4.075591171E-1
1.003430417E1,-1.982891985E0,4.793450913E-1,-3.417931437E-2
1.005430417E1,-2.090742708E0,5.310906109E-1,4.101348156E-1
1.007430417E1,-1.998498788E0,5.756265137E-1,6.853416216E-1
1.009430417E1,-2.049926804E0,7.975730789E-1,1.084305332E0
1.011430417E1,-2.302093241E0,9.803193256E-1,1.747195984E0
1.013430417E1,-2.751148878E0,1.117471324E0,2.483873236E0
1.015430417E1,-3.295664404E0,1.148804506E0,3.093595741E0
1.017430417E1,-3.749883133E0,1.116205694E0,3.398531545E0
1.019430417E1,-3.885736756E0,1.220822030E0,3.325962921E0
1.021430417E1,-3.958914660E0,1.243266567E0,2.770652851E0
1.023430417E1,-4.053264747E0,7.825010034E-1,2.359049215E0
1.025430417E1,-3.766965188E0,1.124761632E-1,2.044791194E0
1.027430417E1,-3.351437486E0,-2.061728239E-1,1.651753637E0
1.029430417E1,-3.059309422E0,-1.548138052E-2,1.019811128E0
1.031430417E1,-2.182348112E0,-6.201761574E-2,4.572177655E-1
1.033430417E1,-4.518313104E-1,-3.595499682E-1,3.775196314E-2
1.035430417E1,1.007907951E0,-2.243945020E-1,-1.855888706E-1
1.037430417E1,1.477223606E0,5.800505170E-1,1.945368648E-3
1.039430417E1,1.544531490E0,9.861130393E-1,5.323527324E-1
1.041430417E1,2.062656192E0,7.426900895E-1,5.727792120E-1
1.043430417E1,2.003989323E0,6.337707876E-1,4.209176660E-1
1.045430417E1,1.324168643E0,1.046668705E0,2.846734482E-1
1.047430417E1,1.062641982E0,8.624622622E-1,-1.956525135E-1
1.049430417E1,1.037184375E0,3.928153628E-1,-9.492568696E-1
1.051430417E1,8.134593791E-1,2.548618577E-1,-1.466927828E0
1.053430417E1,4.245674980E-1,1.391315728E-2,-1.390820469E0
1.055430417E1,1.839323545E-1,-5.089686938E-1,-1.183248991E0
1.057430417E1,-1.079588968E-1,-5.258379109E-1,-7.331373471E-1
1.059430417E1,-6.964735508E-2,-3.759814482E-1,-2.760435426E-1
1.061430417E1,6.942165256E-1,-1.692179094E-1,-4.046741009E-1
1.063430417E1,1.403853328E0,6.890812084E-2,-5.759489876E-1
1.065430417E1,1.620027230E0,2.768192489E-1,-4.370594895E-1
1.067430417E1,1.579542278E0,3.685482119E-1,-6.806831449E-1
1.069430417E1,1.519612995E0,3.834324089E-1,-1.344543266E0
1.071430417E1,1.422688964E0,7.426104943E-1,-1.712769333E0
1.073430417E1,1.260337513E0,6.528524449E-1,-1.531867005E0
1.075430417E1,1.438123274E0,-6.100947901E-1,-1.447218034E0
1.077430417E1,2.242099054E0,-1.385429775E0,-2.106253617E0
1.079430417E1,2.758632145E0,-9.220410774E-1,-2.235536724E0
1.081430417E1,2.493629315E0,-3.701039001E-1,-1.729321046E0
1.083430417E1,2.457190052E0,1.654718906E-1,-1.589833378E0
1.085430417E1,2.062555035E0,3.223995009E-1,-1.192696922E0
1.087430417E1,1.443696256E0,-4.887424439E-2,-1.343317689E0
1.089430417E1,1.265521070E0,-8.924035147E-2,-2.099926345E0
1.091430417E1,9.978741288E-1,-4.486860931E-2,-2.207053183E0
1.093430417E1,7.766768843E-1,-3.751599144E-1,-2.015649256E0
1.095430417E1,9.074978095E-1,-5.657690582E-1,-2.075082695E0
1.097430417E1,8.576590669E-1,-3.890376230E-1,-1.826271974E0
1.099430417E1,9.426109242E-1,-1.329941891E-1,-8.503494626E-1
1.101430417E1,1.066681239E0,-5.986394003E-2,-4.544140255E-1
1.103430417E1,1.082167590E0,-4.406680986E-2,-3.225949806E-1
1.105430417E1,1.018116020E0,-7.560581401E-2,-2.335816473E-1
1.107430417E1,9.901949805E-1,-4.168566285E-1,-1.530789363E-1
1.109430417E1,9.689842057E-1,-7.711221756E-1,5.596779406E-2
1.111430417E1,8.558937925E-1,-6.251430747E-1,2.697267956E-1
1.113430417E1,4.297393602E-1,-1.563165396E-2,5.488015348E-1
1.115430417E1,-2.757763249E-1,5.065882923E-1,1.146949477E0
1.117430417E1,-1.968295580E-1,7.765250029E-1,1.301814153E0
1.119430417E1,8.723285615E-2,7.159009248E-1,1.224933792E0
1.121430417E1,-5.800613344E-2,7.824349299E-1,1.509479186E0
1.123430417E1,-6.749920499E-1,1.259204323E0,1.615759347E0
1.125430417E1,-1.266854235E0,1.809757976E0,9.901218903E-1
1.127430417E1,-1.900302402E0,2.059909170E0,4.448158211E-1
1.129430417E1,-2.600818133E0,2.198163076E0,4.879717809E-1
1.131430417E1,-3.149840693E0,2.234632745E0,1.205055597E0
1.133430417E1,-3.667942591E0,2.285427215E0,1.876285549E0
1.135430417E1,-4.107464343E0,2.086518679E0,2.486669374E0
1.137430417E1,-4.361136439E0,1.360376064E0,3.066612595E0
1.139430417E1,-4.322041955E0,5.549019349E-1,3.138745016E0
1.141430417E1,-4.152976731E0,-1.181336367E-1,2.742235968E0
1.143430417E1,-3.876139721E0,-8.090061396E-1,2.642533924E0
1.145430417E1,-3.571427865E0,-9.855134073E-1,2.285981238E0
1.147430417E1,-3.156590719E0,-4.130344498E-1,1.620087456E0
1.149430417E1,-2.567378492E0,-2.871070594E-2,1.609103462E0
1.151430417E1,-1.690116634E0,3.881820291E-2,1.333751644E0
1.153430417E1,-7.880959117E-1,7.029376477E-3,4.055201930E-1
1.155430417E1,1.292322367E-1,-1.901251405E-1,-3.635032707E-1
1.157430417E1,1.082495618E0,-4.082911885E-1,-7.270930803E-1
1.159430417E1,1.639117804E0,-6.288814920E-1,-7.912382054E-1
1.161430417E1,2.219548683E0,-5.139098834E-1,-8.702393514E-1
1.163430417E1,2.650238800E0,-1.521547839E-1,-4.995223707E-1
1.165430417E1,2.663667516E0,4.209343305E-1,2.380424881E-1
1.167430417E1,2.320440634E0,6.897482295E-1,8.901613998E-1
1.169430417E1,1.880271596E0,6.245523597E-1,6.631643021E-1
1.171430417E1,1.479156695E0,5.043683968E-1,-4.882407528E-1
1.173430417E1,9.034544599E-1,4.185678162E-1,-1.279033400E0
1.175430417E1,7.613928473E-1,3.929529916E-1,-1.738677176E0
1.177430417E1,8.798948586E-1,8.145522237E-2,-1.985108664E0
1.179430417E1,1.407456967E0,-7.674272469E-1,-2.324327863E0
1.181430417E1,2.113991822E0,-1.600724986E0,-2.679195966E0
1.183430417E1,2.957683645E0,-1.155650060E0,-3.050435103E0
1.185430417E1,2.968775228E0,3.977489510E-1,-2.845596614E0
1.187430417E1,2.836034662E0,1.049905723E0,-2.383421579E0
1.189430417E1,2.849738197E0,5.420175221E-1,-2.093177488E0
1.191430417E1,2.414791891E0,-3.606615239E-1,-2.094704781E0
1.193430417E1,1.729274853E0,-8.703331992E-1,-1.957299891E0
1.195430417E1,1.298896977E0,-5.035973684E-1,-1.785318076E0
1.197430417E1,1.290779287E0,-1.344728769E-1,-1.558422135E0
1.199430417E1,1.347684390E0,-9.519829877E-2,-1.437304664E0
1.201430417E1,1.058867020E0,-1.271251195E-1,-1.062834356E0
1.203430417E1,6.532602882E-1,-1.343503046E-1,-5.454452330E-1
1.205430417E1,5.171160579E-1,-2.945198670E-1,-2.531125170E-1
1.207430417E1,6.931219268E-1,-4.266857980E-1,-3.535770375E-1
1.209430417E1,6.898773068E-1,-1.596232863E-1,-6.110743815E-1
1.211430417E1,5.069068193E-1,-6.562622488E-2,-2.746624303E-1
1.213430417E1,7.288098228E-1,-6.024792668E-1,-1.303350216E-1
1.215430417E1,9.976004791E-1,-1.017818689E0,-2.348885000E-2
1.217430417E1,1.123172944E0,-1.014543079E0,2.911042160E-1
1.219430417E1,8.352344102E-1,-2.102553499E-1,4.217690206E-1
1.221430417E1,3.076073974E-1,5.456542709E-1,7.811897653E-1
1.223430417E1,-2.288594359E-1,8.709731770E-1,6.062738174E-1
1.225430417E1,-7.024663621E-1,1.059744395E0,-4.489965802E-1
1.227430417E1,-1.065503610E0,9.706565094E-1,-1.070115893E0
1.229430417E1,-1.596740109E0,6.894074830E-1,-5.614063776E-1
1.231430417E1,-2.209309623E0,9.017345014E-1,2.570196265E-1
1.233430417E1,-2.927687429E0,1.427934209E0,1.142338362E0
1.235430417E1,-3.298816053E0,1.881352454E0,1.987381477E0
1.237430417E1,-3.473192303E0,2.225158501E0,2.673589656E0
1.239430417E1,-3.900644233E0,2.242624134E0,3.214996217E0
1.241430417E1,-4.236273242E0,1.995026127E0,3.459152554E0
1.243430417E1,-4.236853870E0,1.502515737E0,3.172069468E0
1.245430417E1,-4.014078462E0,8.620742995E-1,2.482250633E0
1.247430417E1,-4.011465341E0,1.116128218E-1,2.043072698E0
1.249430417E1,-3.961000947E0,-4.109148341E-1,1.954144734E0
1.251430417E1,-3.879380248E0,-4.672740993E-1,1.681128294E0
1.253430417E1,-3.364722944E0,-5.336753726E-1,9.978156567E-1
1.255430417E1,-2.085949745E0,-9.645602024E-1,3.471164489E-1
1.257430417E1,-4.986248231E-1,-1.055500193E0,-5.591534454E-1
1.259430417E1,1.083169802E0,-8.183558375E-1,-1.358184820E0
1.261430417E1,2.363122385E0,-1.586454856E-1,-1.388283947E0
1.263430417E1,2.820295127E0,5.057020006E-1,-4.154335624E-1
1.265430417E1,2.938502439E0,8.247602928E-1,6.206544596E-1
1.267430417E1,2.932070501E0,8.815788567E-1,1.243110446E0
1.269430417E1,2.297114337E0,4.869463255E-1,1.410084706E0
1.271430417E1,1.745577475E0,-5.487465709E-2,1.031027842E0
1.273430417E1,1.608480733E0,1.955573501E-1,6.137097216E-1
1.275430417E1,5.642282438E-1,4.107807867E-1,6.329359514E-1
1.277430417E1,-4.200639725E-1,9.709477007E-2,4.251066113E-1
1.279430417E1,-7.566501707E-1,-4.414672668E-1,-5.110799772E-1
1.281430417E1,-8.338556367E-1,-8.991476932E-1,-1.647203919E0
1.283430417E1,-5.788018441E-1,-9.110847109E-1,-2.819091770E0
1.285430417E1,6.029648781E-2,-4.167349333E-1,-3.754542194E0
1.287430417E1,1.180337663E0,-3.584306650E-1,-2.871988022E0
1.289430417E1,2.651622836E0,-3.205433388E-1,-1.889466927E0
1.291430417E1,3.670042911E0,3.662432760E-1,-1.524054540E0
1.293430417E1,3.320419176E0,1.070143887E0,-6.101932061E-1
1.295430417E1,2.667185785E0,1.261117824E0,-1.777530169E-1
1.297430417E1,2.743104864E0,9.366356546E-1,-7.335144925E-1
1.299430417E1,2.703358415E0,2.978067331E-1,-1.581649030E0
1.301430417E1,2.596458449E0,3.238237730E-1,-2.522579464E0
1.303430417E1,2.276438583E0,4.451117633E-1,-2.954516793E0
1.305430417E1,2.011774891E0,1.566935389E-1,-2.580073966E0
1.307430417E1,1.941771441E0,1.047835663E-1,-2.043914112E0
1.309430417E1,1.714145182E0,1.313422776E-1,-1.363588232E0
1.311430417E1,1.534422238E0,1.100928381E-2,-4.860059470E-1
1.313430417E1,1.394630515E0,-3.658471271E-1,1.613872451E-1
1.315430417E1,9.136999512E-1,-5.895773855E-1,6.115643781E-1
1.317430417E1,3.477087718E-1,-3.908756952E-1,6.169993651E-1
1.319430417E1,-4.517611438E-1,-6.648561940E-2,5.325199628E-1
1.321430417E1,-9.305791086E-1,4.666854309E-1,-3.414662844E-1
1.323430417E1,-1.027492030E0,7.469917399E-1,-1.580740373E0
1.325430417E1,-1.194127151E0,5.427771485E-1,-2.281445553E0
1.327430417E1,-7.426525211E-1,-6.640975177E-3,-2.511353980E0
1.329430417E1,-3.311827862E-1,-1.058792760E0,-2.256463909E0
1.331430417E1,-6.285581410E-2,-1.957276941E0,-1.705896515E0
1.333430417E1,1.085664225E-1,-2.052040280E0,-9.578680640E-1
1.335430417E1,-1.208683795E-1,-1.554786775E0,-1.233247948E-1
1.337430417E1,-3.639307022E-2,-8.949276115E-1,8.646464896E-1
1.339430417E1,4.288330418E-1,8.872857392E-3,1.827535558E0
1.341430417E1,4.425669819E-1,1.206044946E0,2.446772652E0
1.343430417E1,1.699797285E-1,2.357391529E0,2.690161834E0
1.345430417E1,-7.933677614E-1,2.833484107E0,3.016801334E0
1.347430417E1,-2.402077705E0,2.045781713E0,3.216063334E0
1.349430417E1,-3.349244195E0,1.277058211E0,3.294449937E0
1.351430417E1,-3.906059339E0,7.478015792E-1,3.169462779E0
1.353430417E1,-4.108273013E0,6.512199023E-1,2.813707069E0
1.355430417E1,-4.103641434E0,9.271514708E-1,2.184294650E0
1.357430417E1,-4.468653286E0,1.180377716E0,1.472592611E0
1.359430417E1,-5.066294274E0,9.175351399E-1,1.141802173E0
1.361430417E1,-5.273530122E0,3.252004999E-1,1.269776673E0
1.363430417E1,-4.986439435E0,-1.989602834E-2,1.228942643E0
1.365430417E1,-4.728508812E0,3.626165405E-2,5.266335708E-1
1.367430417E1,-3.914004536E0,-2.074070249E-1,1.304993284E-1
1.369430417E1,-2.211198274E0,-3.198807031E-1,-3.835077649E-1
1.371430417E1,-1.716742516E-1,2.126989013E-1,-1.751980176E0
1.373430417E1,1.768093348E0,8.325521462E-1,-2.413210219E0
1.375430417E1,3.181749533E0,1.208729695E0,-1.438032643E0
1.377430417E1,3.595970968E0,1.501172339E0,7.183602637E-1
1.379430417E1,2.835020170E0,9.961511005E-1,2.657715635E0
1.381430417E1,2.400132337E0,5.454139504E-1,2.821073976E0
1.383430417E1,1.911151911E0,1.272732733E-1,2.068911543E0
1.385430417E1,1.238393497E0,-5.280453079E-1,1.601947054E0
1.387430417E1,1.487546865E0,-5.939264714E-1,8.077548355E-1
1.389430417E1,1.821526374E0,-5.485869420E-1,-4.217310137E-1
1.391430417E1,2.001614184E0,-2.620113945E-1,-1.466296914E0
1.393430417E1,1.931280366E0,9.363321841E-2,-2.297424240E0
1.395430417E1,1.646085346E0,2.465914828E-1,-2.525863845E0
1.397430417E1,8.147469360E-1,2.025944010E-1,-2.285160289E0
1.399430417E1,2.473606110E-1,1.307688850E-1,-1.829359889E0
1.401430417E1,-1.588056993E-1,-1.044974182E-2,-1.325596533E0
1.403430417E1,-1.286235416E-1,-4.157940798E-1,-1.303712744E0
1.405430417E1,5.404558039E-1,-1.153600757E0,-1.969929292E0
1.407430417E1,1.475263619E0,-1.265604246E0,-2.803210732E0
1.409430417E1,2.064615009E0,-4.169432404E-1,-2.805799295E0
1.411430417E1,2.053342162E0,4.569379031E-1,-1.804436132E0
1.413430417E1,2.270303099E0,4.271945789E-1,-1.282765678E0
1.415430417E1,2.643064266E0,-2.638518239E-1,-1.795571753E0
1.417430417E1,2.669165068E0,-4.456003347E-1,-2.174892327E0
1.419430417E1,2.216913927E0,8.118420392E-2,-2.257207675E0
1.421430417E1,1.667782025E0,3.092113983E-1,-2.189244903E0
1.423430417E1,1.333334153E0,-1.621634995E-1,-1.815963333E0
1.425430417E1,1.152147067E0,-6.959876472E-1,-1.494518500E0
1.427430417E1,1.202785124E0,-6.696710837E-1,-1.303876466E0
1.429430417E1,1.290654157E0,-1.299103676E-1,-9.845266896E-1
1.431430417E1,1.483218171E0,2.824458052E-1,-6.627321929E-1
1.433430417E1,1.559452999E0,1.608859194E-1,-3.288146639E-1
1.435430417E1,1.665552481E0,-2.079060848E-1,-1.879850596E-1
1.437430417E1,1.647646553E0,-3.450316241E-1,-9.509092927E-2
1.439430417E1,1.686408330E0,-3.746123958E-1,4.388276875E-2
1.441430417E1,1.702244344E0,-4.130145693E-1,3.027150321E-1
1.443430417E1,1.383721365E0,-2.402028881E-1,7.386161882E-1
1.445430417E1,6.708294171E-1,1.524793044E-2,1.012743014E0
1.447430417E1,-5.974918842E-2,7.934934765E-2,6.884342140E-1
1.449430417E1,-6.425932127E-1,3.907260065E-1,1.059568101E-1
1.451430417E1,-1.417260409E0,8.662293309E-1,-1.299415040E-1
1.453430417E1,-2.174179552E0,1.106830561E0,7.757793367E-2
1.455430417E1,-2.772862514E0,1.315355427E0,5.042188543E-1
1.457430417E1,-3.354306715E0,1.572050241E0,9.550286561E-1
1.459430417E1,-3.881898059E0,1.581675342E0,1.602590248E0
1.461430417E1,-4.201048445E0,1.203956906E0,2.264889162E0
1.463430417E1,-4.407320087E0,8.334559795E-1,2.719699629E0
1.465430417E1,-4.692934937E0,8.874427369E-1,2.965427697E0
1.467430417E1,-4.953954059E0,1.070026723E0,3.121713831E0
1.469430417E1,-4.990698547E0,1.100483408E0,3.237769952E0
1.471430417E1,-4.506697610E0,8.758097014E-1,3.392494295E0
1.473430417E1,-3.480027114E0,5.914987805E-1,2.864674909E0
1.475430417E1,-2.358802462E0,3.020279843E-1,1.846140813E0
1.477430417E1,-1.312354344E0,2.660179067E-1,6.681408674E-1
1.479430417E1,-3.605983740E-1,3.136738837E-1,1.882154399E-1
1.481430417E1,6.462231642E-1,4.215415639E-1,5.359060854E-1
1.483430417E1,1.127257808E0,4.001004088E-1,9.911720502E-1
1.485430417E1,1.407428316E0,1.664876251E-1,8.209683734E-1
1.487430417E1,1.888317949E0,-8.566112459E-2,1.702270657E-1
1.489430417E1,2.344280317E0,-1.202371725E-1,-2.465197814E-1
1.491430417E1,2.324652384E0,-1.526813257E-1,2.669312418E-2
1.493430417E1,1.850084760E0,-3.977514361E-1,1.278277355E-1
1.495430417E1,1.268286218E0,-2.032059467E-1,-6.942627186E-1
1.497430417E1,7.187561202E-1,3.049189939E-1,-1.052484784E0
1.499430417E1,2.003297013E-1,4.824982023E-1,-1.162237607E0
1.501430417E1,-2.394680393E-1,1.896157019E-1,-1.256940281E0
1.503430417E1,-3.578127605E-1,-5.296567275E-1,-1.603581936E0
1.505430417E1,3.647083819E-2,-1.196900705E0,-2.284431726E0
1.507430417E1,6.828840369E-1,-1.131361457E0,-2.339163419E0
1.509430417E1,1.091602072E0,-7.069467911E-1,-1.153222370E0
1.511430417E1,1.577702159E0,-3.046893445E-1,-7.585364825E-1
1.513430417E1,1.877632163E0,7.174533606E-4,-7.081405002E-1
1.515430417E1,2.143665272E0,8.393575743E-2,-7.543604010E-1
1.517430417E1,1.939231995E0,9.144716375E-2,-1.299124433E0
1.519430417E1,1.522498596E0,7.214923248E-2,-2.019413694E0
1.521430417E1,1.568461804E0,-1.916673437E-2,-2.779311408E0
1.523430417E1,2.059967058E0,-1.015966145E-1,-3.485607111E0
1.525430417E1,2.797386321E0,-2.686971009E-2,-3.700643145E0
1.527430417E1,3.029719003E0,2.016544611E-1,-2.718624911E0
1.529430417E1,2.962403517E0,3.382707079E-1,-1.575295445E0
1.531430417E1,2.523554780E0,-1.687513746E-2,-5.647749585E-1
1.533430417E1,2.382277864E0,-4.330002062E-1,-3.485338140E-1
1.535430417E1,2.251016643E0,-8.396005992E-1,-2.892699444E-1
1.537430417E1,1.750863358E0,-6.430531693E-1,-2.679878336E-1
1.539430417E1,8.231844682E-1,2.418937567E-1,-6.678730649E-1
1.541430417E1,-4.120065093E-2,1.030271212E0,-9.351703423E-1
1.543430417E1,-9.319210446E-1,1.068213502E0,-7.158868915E-1
1.545430417E1,-1.699416631E0,1.983742462E-1,-9.203225076E-2
1.547430417E1,-1.915239115E0,-9.096938775E-1,4.098763686E-1
1.549430417E1,-1.674396980E0,-1.965552359E0,4.852370381E-1
1.551430417E1,-1.223188398E0,-2.306233801E0,-8.087558788E-1
1.553430417E1,-6.264654225E-1,-1.954061411E0,-1.539118137E0
1.555430417E1,-1.805427235E-1,-1.184320055E0,-9.417741877E-1
1.557430417E1,4.957924318E-1,-1.306303060E-1,-2.989149266E-1
1.559430417E1,8.435783869E-1,7.813748297E-1,4.934816122E-1
1.561430417E1,8.535350257E-1,1.298305238E0,1.578463467E0
1.563430417E1,4.181332219E-1,1.449864483E0,2.488337000E0
1.565430417E1,-2.479406548E-1,1.548289495E0,3.098091665E0
1.567430417E1,-1.093974288E0,1.615902312E0,3.559469724E0
1.569430417E1,-2.211894093E0,1.665307191E0,3.890259578E0
1.571430417E1,-3.218595178E0,1.822340599E0,3.914502134E0
1.573430417E1,-3.794941776E0,1.814678992E0,3.562614942E0
1.575430417E1,-3.649317455E0,1.713654601E0,2.706790731E0
1.577430417E1,-3.545946284E0,1.449001727E0,1.647431375E0
1.579430417E1,-3.860975552E0,9.940927345E-1,8.019427031E-1
1.581430417E1,-4.222405985E0,3.966397342E-1,6.652786553E-1
1.583430417E1,-4.184226590E0,-1.319175705E-1,8.797574490E-1
1.585430417E1,-4.015712759E0,-5.302164522E-1,6.652172595E-1
1.587430417E1,-3.619232946E0,-8.791464150E-1,3.885065496E-2
1.589430417E1,-2.529845214E0,-8.283115992E-1,-1.415417951E-1
1.591430417E1,-1.185933448E0,-2.908046924E-1,-6.255117416E-1
1.593430417E1,5.555761188E-1,2.004454762E-1,-1.017779220E0
1.595430417E1,2.470110059E0,4.513452606E-1,-6.414898431E-1
1.597430417E1,3.772069808E0,5.825927402E-1,2.919485539E-1
1.599430417E1,3.759511158E0,7.481857413E-1,1.482110124E0
1.601430417E1,2.647725667E0,3.315567157E-1,2.427654011E0
1.603430417E1,1.749019146E0,-5.174059336E-1,2.532145509E0
1.605430417E1,1.397467584E0,-9.646208672E-1,1.381394173E0
1.607430417E1,8.406664735E-1,-1.954124853E-2,-2.700688577E-1
1.609430417E1,1.863788295E-1,9.689771891E-1,-1.526091710E0
1.611430417E1,-2.133812714E-1,1.312265320E0,-2.285136901E0
1.613430417E1,-8.097884971E-1,8.911460710E-1,-2.677430107E0
1.615430417E1,-9.852640235E-1,-2.134806740E-1,-2.839166431E0
1.617430417E1,-2.457011712E-1,-1.014310067E0,-2.828599343E0
1.619430417E1,4.927355075E-1,-7.520014150E-1,-2.189850090E0
1.621430417E1,1.084973668E0,5.140217844E-1,-1.379424831E0
1.623430417E1,1.296316016E0,1.396160147E0,-2.708254874E-2
1.625430417E1,1.612717041E0,1.219535862E0,1.054806713E0
1.627430417E1,2.393584625E0,2.711120009E-1,7.565805888E-1
1.629430417E1,3.099796713E0,-9.501819722E-1,-8.722642422E-1
1.631430417E1,3.728872917E0,-1.163059214E0,-2.127266756E0
1.633430417E1,3.458416389E0,-4.259755806E-1,-3.139930247E0
1.635430417E1,2.921574165E0,1.021374819E-1,-3.702303169E0
1.637430417E1,2.518644288E0,1.450326560E-1,-3.267497197E0
1.639430417E1,2.620665922E0,-5.541954450E-2,-3.004505224E0
1.641430417E1,2.378909867E0,1.507318640E-1,-2.879053212E0
1.643430417E1,2.194959971E0,4.704361273E-1,-2.289811165E0
1.645430417E1,1.896284781E0,4.398234683E-1,-1.389466254E0
1.647430417E1,1.249774518E0,1.813806295E-3,-7.147525316E-1
1.649430417E1,6.367114985E-1,-6.734100857E-1,-7.784339726E-2
1.651430417E1,9.422378719E-2,-1.053468578E0,3.592312950E-1
1.653430417E1,-4.977436477E-1,-9.304837990E-1,8.590553820E-2
1.655430417E1,-7.516203958E-1,-4.515206771E-1,-6.586327100E-1
1.657430417E1,-8.261735648E-1,-9.381769806E-2,-1.193175809E0
1.659430417E1,-7.938460636E-1,-2.414033215E-1,-8.245866305E-1
1.661430417E1,-7.813236666E-1,-6.426948081E-1,-4.508887392E-1
1.663430417E1,-7.768020147E-1,-6.614360113E-1,-8.987796110E-1
1.665430417E1,-3.294251132E-1,-3.417488511E-1,-1.170445343E0
1.667430417E1,2.096004617E-1,-1.840558769E-1,-2.292418438E-1
1.669430417E1,6.517949760E-1,-1.932092544E-1,8.722467005E-1
1.671430417E1,7.404487056E-1,8.910352662E-2,1.366125339E0
1.673430417E1,3.115484208E-1,8.570015475E-1,1.597555795E0
1.675430417E1,-6.443608260E-1,2.227311154E0,1.671497346E0
1.677430417E1,-1.416594996E0,3.043079891E0,2.716716380E0
1.679430417E1,-2.285625143E0,2.907687027E0,3.267286697E0
1.681430417E1,-2.832645616E0,1.839489605E0,3.124496521E0
1.683430417E1,-2.783546546E0,9.173842818E-1,2.120134907E0
1.685430417E1,-2.781187195E0,2.270199019E-1,1.279488314E0
1.687430417E1,-3.271537623E0,-1.055463356E-1,1.417238774E0
1.689430417E1,-4.007499175E0,-3.841708392E-2,2.240151932E0
1.691430417E1,-4.455899924E0,2.840495503E-1,2.662461235E0
1.693430417E1,-4.454049280E0,3.821503338E-1,2.698884711E0
1.695430417E1,-4.196729107E0,2.007264349E-1,2.452252663E0
1.697430417E1,-3.684228256E0,1.539843777E-1,1.604221621E0
1.699430417E1,-2.939145048E0,1.390201834E-1,9.777170223E-1
1.701430417E1,-2.124134402E0,8.963927776E-2,6.520867521E-1
1.703430417E1,-1.109218563E0,2.010123637E-1,3.832037097E-1
1.705430417E1,-4.689466953E-2,3.136923024E-1,4.034678203E-1
1.707430417E1,9.259200472E-1,3.385461849E-1,5.441167456E-1
1.709430417E1,1.893060041E0,2.464947845E-1,5.950711370E-1
1.711430417E1,2.525795433E0,1.123318832E-1,7.204529822E-1
1.713430417E1,2.542989755E0,-1.860037306E-1,7.737895292E-1
1.715430417E1,2.001940459E0,-1.940837055E-2,3.894526291E-1
1.717430417E1,1.096325453E0,1.688251957E-2,5.626196748E-1
1.719430417E1,6.388580114E-1,-5.392169251E-1,7.555052859E-1
1.721430417E1,9.700636017E-1,-8.088975276E-1,-1.977598500E-1
1.723430417E1,1.151758227E0,-8.656317455E-1,-1.207019092E0
1.725430417E1,1.480137858E0,-7.363543390E-1,-2.101007495E0
1.727430417E1,1.399357989E0,-2.647904299E-1,-2.450510777E0
1.729430417E1,7.546258646E-1,6.335605802E-1,-1.965177260E0
1.731430417E1,2.475535691E-1,1.101187705E0,-1.051668513E0
1.733430417E1,1.263232470E-1,1.061629318E0,-6.416529804E-1
1.735430417E1,1.203877383E-1,8.389843757E-1,-4.207755786E-1
1.737430417E1,-6.507658660E-2,5.431435496E-1,-3.318294883E-1
1.739430417E1,-2.940506279E-2,5.076552629E-2,-6.157264262E-1
1.741430417E1,8.302753866E-2,-6.461732436E-1,-1.323690925E0
1.743430417E1,6.857328004E-1,-8.101079012E-1,-2.449315606E0
1.745430417E1,1.106622984E0,-5.019746929E-1,-2.982168860E0
1.747430417E1,1.848754519E0,-4.101936532E-1,-2.454021446E0
1.749430417E1,2.999160284E0,-2.229355852E-1,-2.354774900E0
1.751430417E1,3.923798622E0,1.120561504E-1,-2.362476268E0
1.753430417E1,4.322478742E0,-6.760770008E-3,-1.551037102E0
1.755430417E1,4.589873083E0,-6.336254843E-2,-7.813757068E-1
1.757430417E1,4.094181224E0,2.232491056E-1,-2.795331609E-1
1.759430417E1,2.852792782E0,5.455407619E-1,1.637863576E-2
1.761430417E1,1.942504097E0,4.511936715E-1,-1.750597894E-2
1.763430417E1,1.331365981E0,1.368658499E-1,-1.588320118E-1
1.765430417E1,7.509169757E-1,6.484350197E-2,-5.926778716E-1
1.767430417E1,4.740337729E-2,1.943052419E-1,-1.186067934E0
1.769430417E1,-8.068134338E-1,-6.715600267E-2,-1.228939134E0
1.771430417E1,-1.183712091E0,-5.858619185E-1,-1.024555559E0
1.773430417E1,-1.309482776E0,-7.962760203E-1,-1.136927934E0
1.775430417E1,-1.664385377E0,-8.876593763E-1,-1.173211661E0
1.777430417E1,-1.796601448E0,-7.640205860E-1,-8.513844198E-1
1.779430417E1,-1.390884204E0,-2.730548845E-1,-8.433643788E-1
1.781430417E1,-7.962071693E-1,8.611442998E-2,-7.241957849E-1
1.783430417E1,-2.285325766E-1,-1.618051748E-1,-2.714680964E-1
1.785430417E1,4.487697083E-1,-3.694355634E-1,-1.789727461E-1
1.787430417E1,1.017608482E0,-2.298458612E-1,-3.599773997E-1
1.789430417E1,1.346323743E0,4.625489643E-1,-3.004761332E-1
1.791430417E1,1.094143857E0,1.317943112E0,4.133770967E-1
1.793430417E1,3.339298081E-1,1.503437550E0,1.606048291E0
1.795430417E1,-4.017966861E-1,1.441704694E0,2.263982259E0
1.797430417E1,-1.218819358E0,1.442884077E0,2.250886835E0
1.799430417E1,-2.025009479E0,1.483877445E0,2.245448340E0
1.801430417E1,-2.727784574E0,1.638972208E0,2.249551916E0
1.803430417E1,-3.300463799E0,1.672842498E0,2.208025575E0
1.805430417E1,-3.735949218E0,1.521847216E0,2.200623584E0
1.807430417E1,-3.920745791E0,9.819916293E-1,2.253508726E0
1.809430417E1,-3.983194054E0,1.866372764E-2,2.286898082E0
1.811430417E1,-3.845206196E0,-9.319616827E-1,2.120109179E0
1.813430417E1,-3.605744004E0,-1.680649700E0,1.765629916E0
1.815430417E1,-3.220279176E0,-2.048553293E0,1.700650393E0
1.817430417E1,-2.825523123E0,-1.596466751E0,1.357229385E0
1.819430417E1,-2.265080951E0,-4.319946313E-1,6.871443182E-1
1.821430417E1,-1.243113370E0,3.867746043E-1,4.659114057E-1
1.823430417E1,3.975288033E-2,1.044303068E0,3.869973832E-1
1.825430417E1,1.069056378E0,1.510201902E0,3.791363865E-1
1.827430417E1,1.378347774E0,1.028806046E0,7.378466946E-1
1.829430417E1,1.096255286E0,-4.360692635E-2,8.555675179E-1
1.831430417E1,6.224460465E-1,-4.809671089E-1,6.558804256E-1
1.833430417E1,3.402009469E-1,-6.619724934E-1,5.971872443E-1
1.835430417E1,7.648684323E-1,-1.878128591E-1,1.846930772E-1
1.837430417E1,1.031875103E0,5.205900349E-1,-4.670410877E-1
1.839430417E1,1.096530105E0,6.770971937E-1,-9.691789180E-1
1.841430417E1,1.072225569E0,4.848765573E-1,-1.079324089E0
1.843430417E1,8.807660937E-1,9.939345673E-2,-7.508567494E-1
1.845430417E1,6.494660300E-1,-4.660362437E-2,-7.545358175E-1
1.847430417E1,5.273387450E-1,2.946349110E-1,-1.060810050E0
1.849430417E1,7.616828692E-1,6.667160471E-1,-1.283443955E0
1.851430417E1,1.163500605E0,7.225888239E-1,-1.626768485E0
1.853430417E1,1.532688539E0,5.138784546E-1,-1.977624813E0
1.855430417E1,2.116803748E0,1.528281639E-1,-1.821421709E0
1.857430417E1,2.392434477E0,1.468118906E-1,-1.253941244E0
1.859430417E1,2.254264771E0,-5.598021939E-2,-5.509772837E-1
1.861430417E1,2.285121113E0,-3.700339528E-1,-4.094676483E-1
1.863430417E1,2.058568404E0,-2.133283541E-3,-1.033798837E0
1.865430417E1,1.508881600E0,1.324268630E-1,-1.003627789E0
1.867430417E1,1.276336080E0,2.083105659E-1,-1.545476984E0
1.869430417E1,1.170752907E0,9.081749171E-3,-2.268570569E0
1.871430417E1,1.259649881E0,-4.835390798E-1,-2.677823040E0
1.873430417E1,1.601717259E0,-6.912451898E-1,-2.771621734E0
1.875430417E1,1.689800300E0,-3.820709579E-1,-2.311674489E0
1.877430417E1,1.879086950E0,-4.835084550E-2,-1.592970409E0
1.879430417E1,2.018981000E0,1.518068015E-1,-1.034177152E0
1.881430417E1,1.898463453E0,5.027728379E-1,-5.915604687E-1
1.883430417E1,1.614078273E0,6.619289316E-1,-1.387228525E-1
1.885430417E1,1.351544722E0,8.602528918E-1,-7.410000980E-2
1.887430417E1,1.279812250E0,5.785379885E-1,-2.796313941E-2
1.889430417E1,1.712396280E0,-1.715713406E-1,2.053951442E-2
1.891430417E1,1.471229040E0,-5.953269526E-1,6.671439171E-2
1.893430417E1,4.620756322E-1,-1.618595539E-1,-1.103299427E-1
1.895430417E1,-6.370903981E-1,-7.011001602E-2,-5.342133164E-2
1.897430417E1,-1.383303874E0,-3.115254705E-1,3.974995673E-2
1.899430417E1,-1.783518888E0,-5.818953136E-1,-1.482690167E-1
1.901430417E1,-1.803899943E0,-6.670768203E-1,-6.774987513E-1
1.903430417E1,-1.709962669E0,-8.430674864E-1,-9.338804466E-1
1.905430417E1,-1.405362495E0,-1.009150192E0,-7.505176109E-1
1.907430417E1,-1.004642866E0,-5.775408921E-1,-6.823039931E-1
1.909430417E1,-7.241788280E-1,2.679033414E-1,-4.058774579E-1
1.911430417E1,-6.355876637E-1,1.126974511E0,4.304924816E-1
1.913430417E1,-8.034980625E-1,1.477889311E0,1.372187147E0
1.915430417E1,-1.121101275E0,1.488538260E0,2.120505620E0
1.917430417E1,-1.466039051E0,1.392444826E0,2.404697258E0
1.919430417E1,-1.791564072E0,9.272271922E-1,2.246849332E0
1.921430417E1,-1.827814470E0,3.345323637E-1,2.112835827E0
1.923430417E1,-1.895048094E0,1.978662694E-1,1.870935346E0
1.925430417E1,-2.152579352E0,2.760347718E-1,1.830115349E0
1.927430417E1,-2.424673101E0,4.066042668E-1,1.885457491E0
1.929430417E1,-2.491813170E0,3.762516627E-1,1.953885702E0
1.931430417E1,-2.315871620E0,7.450463712E-2,2.140873227E0
1.933430417E1,-2.169852612E0,-3.431961831E-1,2.312698921E0
1.935430417E1,-1.891235125E0,-4.412115973E-1,2.079722461E0
1.937430417E1,-1.852942879E0,-2.022964123E-1,1.680199757E0
1.939430417E1,-1.913016003E0,1.374671629E-1,1.350174134E0
1.941430417E1,-1.627474828E0,2.454120263E-1,9.573488313E-1
1.943430417E1,-1.205250310E0,1.928209993E-1,5.876200300E-1
1.945430417E1,-7.590475291E-1,3.673457685E-1,5.382420480E-2
1.947430417E1,-2.568161434E-1,3.341198426E-1,3.608024418E-2
1.949430417E1,2.032386911E-1,8.964658678E-3,4.751874286E-1
1.951430417E1,2.835712481E-1,-1.356289445E-1,7.966100425E-1
1.953430417E1,2.270783740E-1,-2.515388851E-1,6.542636704E-1
1.955430417E1,3.432192796E-1,-5.496084505E-1,4.311602336E-1
1.957430417E1,3.515655953E-1,-6.467393272E-1,2.558624625E-1
1.959430417E1,-7.267095029E-2,-2.360953653E-1,-8.991906703E-2
1.961430417E1,-4.493099910E-1,3.243323345E-1,-6.165982461E-1
1.963430417E1,-4.602279121E-1,5.812408639E-1,-1.342068724E0
1.965430417E1,-2.301557636E-1,6.220553063E-1,-2.108489007E0
1.967430417E1,1.462751162E-1,6.155068633E-1,-2.532624981E0
1.969430417E1,8.034290653E-1,5.812475882E-1,-2.621117912E0
1.971430417E1,1.301244049E0,7.587140916E-1,-1.889603752E0
1.973430417E1,1.585822772E0,7.219736968E-1,-8.594331121E-1
1.975430417E1,1.932291350E0,3.264992396E-1,-4.975015730E-1
1.977430417E1,2.741760004E0,3.125745340E-1,-9.059939057E-1
1.979430417E1,3.153051399E0,5.886003157E-1,-9.456158084E-1
1.981430417E1,3.169528268E0,8.497581629E-1,-3.418732506E-1
1.983430417E1,2.719775643E0,7.986749136E-1,2.239711636E-1
1.985430417E1,2.092113295E0,2.678041580E-1,1.609674150E-1
1.987430417E1,1.982834682E0,6.384348191E-2,-1.083082679E0
1.989430417E1,2.017102874E0,-2.403920455E-1,-2.176360563E0
1.991430417E1,2.386320044E0,-3.154099951E-1,-3.244638092E0
1.993430417E1,2.392528617E0,-1.596545689E-1,-3.979862895E0
1.995430417E1,1.485583370E0,-2.755295724E-2,-3.476931013E0
1.997430417E1,5.353394902E-1,-2.248235415E-1,-2.057536370E0
1.999430417E1,1.902286363E-1,-7.456544086E-1,-1.296446993E0
2.001430417E1,2.606910932E-1,-7.623800766E-1,-1.271006343E0
2.003430417E1,5.218651664E-1,-3.586433575E-1,-1.092558677E0
2.005430417E1,7.511637282E-1,-1.011783193E-1,-8.238633299E-1
2.007430417E1,9.309539151E-1,-1.263635927E-1,-5.827773660E-1
2.009430417E1,9.943874341E-1,-4.708271599E-1,-3.684546930E-1
2.011430417E1,8.142756504E-1,-7.225228965E-1,3.809285581E-2
2.013430417E1,6.557950562E-1,-5.952297427E-1,3.788007563E-1
2.015430417E1,1.143159896E-1,-2.592990173E-1,5.099608201E-1
2.017430417E1,-2.614810520E-1,-1.231941095E-1,3.381129062E-1
2.019430417E1,-3.543284047E-1,-1.623453113E-1,-6.431995690E-2
2.021430417E1,-5.610619766E-1,-2.857784258E-1,-4.893973321E-1
2.023430417E1,-6.691524357E-1,-3.177166486E-1,-9.097080570E-1
2.025430417E1,-7.302400517E-1,-1.514998958E-1,-8.066795325E-1
2.027430417E1,-3.858472359E-1,3.235138705E-1,-2.008430868E-1
2.029430417E1,-1.527251798E-1,7.346453440E-1,6.246527857E-1
2.031430417E1,1.065584886E-1,9.911714655E-1,1.429447176E0
2.033430417E1,2.621482193E-2,1.227602169E0,2.233629363E0
2.035430417E1,-5.935526150E-1,1.261431235E0,2.688107123E0
2.037430417E1,-1.238680596E0,1.028270295E0,2.496613149E0
2.039430417E1,-1.525698193E0,8.642640817E-1,1.952765960E0
2.041430417E1,-1.841657168E0,1.082674543E0,1.484356039E0
2.043430417E1,-2.190800847E0,1.371759131E0,9.397732705E-1
2.045430417E1,-2.503899364E0,1.345326500E0,5.011350328E-1
2.047430417E1,-2.772320477E0,8.646573070E-1,5.802437675E-1
2.049430417E1,-2.754599320E0,9.347066581E-2,6.830500978E-1
2.051430417E1,-2.427677985E0,-6.783100525E-1,3.585307986E-1
2.053430417E1,-1.909339859E0,-1.244336023E0,-4.618095839E-1
2.055430417E1,-1.227340506E0,-1.163524579E0,-1.068629531E0
2.057430417E1,-5.058595830E-1,-5.267999241E-1,-9.922999781E-1
2.059430417E1,4.870666319E-1,1.364857078E-2,-9.981507021E-1
2.061430417E1,1.321761929E0,5.524449348E-1,-9.503766114E-1
2.063430417E1,1.764927081E0,7.227424595E-1,-5.960002595E-1
2.065430417E1,2.010254030E0,5.768515053E-1,-6.319284761E-1
2.067430417E1,2.133724421E0,3.320756561E-1,-1.057786455E0
2.069430417E1,1.953964639E0,4.681163907E-2,-1.272054164E0
2.071430417E1,2.110433791E0,1.509251145E-1,-1.591272377E0
2.073430417E1,1.946779581E0,1.443648309E-2,-1.642419142E0
2.075430417E1,1.440535251E0,-4.046524662E-1,-1.183290507E0
2.077430417E1,1.185700144E0,-8.000148761E-1,-8.283452207E-1
2.079430417E1,7.144671875E-1,-5.918519524E-1,-6.593928480E-1
2.081430417E1,-4.352959692E-2,-3.146035910E-2,-2.262369597E-1
2.083430417E1,-1.021411511E0,6.063428146E-1,3.597171986E-1
2.085430417E1,-2.161087636E0,1.233601412E0,8.725133336E-1
2.087430417E1,-3.141332409E0,1.672289936E0,1.196813362E0
2.089430417E1,-3.627407354E0,1.484985784E0,1.415806791E0
2.091430417E1,-3.459556596E0,3.133157417E-1,1.486276850E0
2.093430417E1,-2.728122543E0,-1.093354775E0,7.110676163E-1
2.095430417E1,-2.111714332E0,-1.827465391E0,-7.396564078E-1
2.097430417E1,-1.406194553E0,-1.938778251E0,-1.482262736E0
2.099430417E1,-3.013614017E-1,-1.274217634E0,-1.056052170E0
2.101430417E1,8.238264924E-1,-1.765438128E-1,-4.801294953E-1
2.103430417E1,2.066941617E0,8.712687537E-1,5.936537719E-1
2.105430417E1,3.041138615E0,1.579609229E0,2.104599440E0
2.107430417E1,3.038820194E0,1.291463996E0,3.048886760E0
2.109430417E1,3.435680661E0,2.040108159E-1,3.108323123E0
2.111430417E1,4.010538558E0,-6.297150126E-1,2.474623525E0
2.113430417E1,2.937480930E0,-7.953663397E-1,1.969101326E0
2.115430417E1,1.693798041E0,-1.121039879E-1,1.446956078E0
2.117430417E1,1.524391340E0,1.014853858E0,8.147001582E-1
2.119430417E1,8.481538332E-1,1.068848217E0,7.423180604E-1
2.121430417E1,6.736080140E-1,5.621288010E-1,1.353975409E-1
2.123430417E1,8.608931619E-1,-1.007896256E-1,-1.025247284E0
2.125430417E1,3.788212216E-1,-4.211454150E-1,-1.909059193E0
2.127430417E1,-8.047277319E-1,-4.080637318E-1,-1.804864148E0
2.129430417E1,-1.659451497E0,-5.013133729E-1,-1.220591649E0
2.131430417E1,-2.228211917E0,-6.805088979E-1,-6.532035702E-1
2.133430417E1,-2.410149202E0,-8.525874844E-1,-4.543853742E-1
2.135430417E1,-2.167679202E0,-8.231751126E-1,-6.177156490E-1
2.137430417E1,-1.666076392E0,-6.309309411E-1,-7.805664521E-1
2.139430417E1,-9.894073606E-1,-4.043250221E-1,-1.112608779E0
2.141430417E1,-4.054582125E-1,-5.505153537E-3,-1.617773128E0
2.143430417E1,8.940626621E-2,3.825228015E-1,-1.811816488E0
2.145430417E1,4.238225627E-1,7.078636345E-1,-1.269873152E0
2.147430417E1,4.516868842E-1,6.344030178E-1,-1.448980969E-1
2.149430417E1,6.077046311E-1,4.035955819E-1,7.550035948E-1
2.151430417E1,5.150145686E-1,3.981699505E-1,1.318713775E0
2.153430417E1,3.561264235E-1,2.509163028E-1,1.882221057E0
2.155430417E1,1.681232375E-1,3.098995060E-2,2.149860397E0
2.157430417E1,-3.751135021E-1,-1.517454788E-1,1.308902147E0
2.159430417E1,-8.989561969E-1,-2.402004030E-1,-2.851073116E-1
2.161430417E1,-1.673445638E0,-4.596560544E-1,-1.705383130E0
2.163430417E1,-2.565148364E0,-1.022360514E0,-2.612495608E0
2.165430417E1,-3.062518959E0,-1.379592938E0,-3.133362654E0
2.167430417E1,-3.062801964E0,-1.389206053E0,-3.614036525E0
2.169430417E1,-2.618975492E0,-1.879683073E0,-3.639373096E0
2.171430417E1,-1.487305375E0,-2.349457442E0,-2.895737658E0
2.173430417E1,-1.320242822E-1,-2.198292592E0,-2.714079285E0
2.175430417E1,1.058849478E0,-1.486347016E0,-2.958950152E0
2.177430417E1,1.872715239E0,6.456437051E-2,-2.684395895E0
2.179430417E1,1.686705953E0,1.922967672E0,-1.076059588E0
2.181430417E1,7.252202171E-1,3.701427256E0,1.152461647E0
2.183430417E1,-8.450466228E-1,4.313441285E0,3.329544341E0
2.185430417E1,-2.680769452E0,4.046555067E0,4.118528445E0
2.187430417E1,-3.844617966E0,2.967475100E0,4.140947254E0
2.189430417E1,-3.991795893E0,9.536805806E-1,4.052518643E0
2.191430417E1,-2.618257454E0,-1.246346003E0,4.015460159E0
2.193430417E1,-4.777344757E-1,-3.595945240E0,3.966703151E0
2.195430417E1,1.858563223E0,-5.134999058E0,3.593565423E0
2.197430417E1,3.829980047E0,-4.682980052E0,1.423167851E0
2.199430417E1,4.879767510E0,-1.926188903E0,-1.873127468E0
2.201430417E1,4.561456200E0,5.284181410E-1,-2.487128965E0
2.203430417E1,3.263504133E0,1.905487713E0,-3.489407802E-1
2.205430417E1,3.267794820E0,3.292340554E0,1.392618488E0
2.207430417E1,2.921978207E0,3.057817213E0,2.416741937E0
2.209430417E1,1.149485999E0,1.159404923E0,3.394335583E0
2.211430417E1,-1.911010408E-1,-1.644792527E-2,3.181265384E0
2.213430417E1,-7.932227504E-1,-5.039472511E-1,2.055307412E0
2.215430417E1,-8.701446265E-1,-8.104983491E-1,6.447555131E-1
2.217430417E1,-8.438953060E-1,-9.604718292E-1,-5.461223406E-1
2.219430417E1,-9.938471514E-1,-9.146591869E-1,-1.928378393E0
2.221430417E1,-1.720977069E0,-1.120036497E0,-2.444119771E0
2.223430417E1,-2.122439879E0,-1.162261288E0,-1.529531043E0
2.225430417E1,-2.296674626E0,-1.070343350E0,-5.440588582E-1
2.227430417E1,-2.357490932E0,-1.089608172E0,-9.925081390E-1
2.229430417E1,-1.689062966E0,-1.189534456E0,-1.435220717E0
2.231430417E1,-7.271427816E-1,-9.117069277E-1,-1.447716801E0
2.233430417E1,3.786393732E-1,-5.522195247E-1,-1.118549550E0
2.235430417E1,1.543512905E0,-5.776084274E-2,-5.275135767E-1
2.237430417E1,2.107548190E0,4.769506565E-1,3.728167158E-1
2.239430417E1,2.074363487E0,7.536236519E-1,1.322799810E0
2.241430417E1,1.660104631E0,7.295872101E-1,1.947418681E0
2.243430417E1,8.688664252E-1,4.995808429E-1,2.182664446E0
2.245430417E1,3.033535480E-2,2.235527954E-1,2.138025048E0
2.247430417E1,-4.918718737E-1,-1.078477997E-1,1.922345821E0
2.249430417E1,-8.380884361E-1,-2.110514483E-1,1.488626845E0
2.251430417E1,-1.049548897E0,-6.727513969E-3,9.049601179E-1
2.253430417E1,-1.376138695E0,1.839054573E-1,3.283544880E-1
2.255430417E1,-1.903814825E0,2.510575131E-1,4.845879972E-2
2.257430417E1,-2.477201563E0,1.805976874E-1,-2.684632123E-2
2.259430417E1,-2.854165708E0,1.303607494E-1,-8.068806767E-2
2.261430417E1,-2.856906298E0,1.086769348E-1,-1.240527731E-1
2.263430417E1,-2.405293674E0,2.899496832E-1,-2.045069522E-1
2.265430417E1,-1.606685053E0,6.014615589E-1,-1.441332811E-1
2.267430417E1,-8.140581340E-1,1.055510426E0,1.969810009E-2
2.269430417E1,-1.535893983E-1,1.394561810E0,5.404014248E-1
2.271430417E1,4.400649583E-1,1.472216342E0,1.034216328E0
2.273430417E1,9.476658422E-1,1.424637256E0,9.368151641E-1
2.275430417E1,1.258081073E0,1.277238744E0,8.341234392E-1
2.277430417E1,9.587679505E-1,9.317336413E-1,1.019145715E0
2.279430417E1,2.229701203E-1,5.019305465E-1,1.227920550E0
2.281430417E1,-8.284276664E-2,2.928993112E-1,4.933757776E-1
2.283430417E1,-3.414510816E-1,1.752517243E-1,-3.573543388E-1
2.285430417E1,-5.102841711E-1,2.913930684E-2,-1.138701394E0
2.287430417E1,-7.178936559E-1,-2.245343967E-1,-1.840068480E0
2.289430417E1,-9.478558767E-1,-4.890065919E-1,-2.305436679E0
2.291430417E1,-1.076013980E0,-3.986995621E-1,-2.490185890E0
2.293430417E1,-1.036817170E0,6.985917047E-2,-2.170459553E0
2.295430417E1,-2.453351355E-1,2.142122338E-1,-1.688615654E0
2.297430417E1,6.896644682E-1,-6.100078493E-2,-1.421351121E0
2.299430417E1,1.373853604E0,1.236311889E-1,-1.190938080E0
2.301430417E1,1.316483063E0,7.731042355E-1,-5.505171078E-1
2.303430417E1,1.101686765E0,1.015512255E0,8.458699107E-2
2.305430417E1,1.333873267E0,5.844604871E-1,-4.805440629E-1
2.307430417E1,1.874726096E0,-1.703967080E-1,-1.641919205E0
2.309430417E1,2.438385406E0,-4.459411542E-1,-2.731603975E0
2.311430417E1,2.626738256E0,-2.223835349E-1,-2.854478534E0
2.313430417E1,2.753650902E0,-3.964954907E-1,-2.001386143E0
2.315430417E1,3.611863700E0,-7.053893852E-1,-2.074206782E0
2.317430417E1,4.344713364E0,-5.195286921E-1,-2.369746696E0
2.319430417E1,4.495906574E0,-1.432518134E-1,-1.972486864E0
2.321430417E1,4.141258911E0,1.862518353E-1,-1.150400503E0
2.323430417E1,3.352150261E0,2.184816514E-1,-4.625410706E-1
2.325430417E1,2.283801396E0,-1.558516860E-2,-4.426324707E-1
2.327430417E1,1.239122061E0,1.842165291E-3,-8.160227984E-1
2.329430417E1,2.182028854E-1,-8.239311576E-2,-8.982235408E-1
2.331430417E1,-6.425774252E-1,-4.061701110E-1,-8.080951434E-1
2.333430417E1,-1.144546856E0,-8.980308750E-1,-8.615807945E-1
2.335430417E1,-1.561018884E0,-1.108729005E0,-1.080623340E0
2.337430417E1,-1.918871990E0,-1.082568928E0,-1.196546729E0
2.339430417E1,-1.941090825E0,-1.118956370E0,-9.671990508E-1
2.341430417E1,-1.235874517E0,-1.134031808E0,-1.012914337E0
2.343430417E1,-3.841451114E-1,-9.502247299E-1,-1.157764487E0
2.345430417E1,4.176391321E-1,-3.462667023E-1,-1.092943423E0
2.347430417E1,9.792513317E-1,3.663653366E-1,-6.428674471E-1
2.349430417E1,1.178331483E0,9.482166499E-1,1.731278694E-1
2.351430417E1,1.067587557E0,1.340154638E0,1.215499894E0
2.353430417E1,5.020477831E-1,1.377310039E0,2.293472691E0
2.355430417E1,-6.069509250E-1,1.076410421E0,3.188500144E0
2.357430417E1,-1.777654715E0,7.850606221E-1,3.508550416E0
2.359430417E1,-2.619266099E0,8.592483401E-1,3.371416837E0
2.361430417E1,-3.336469783E0,1.417713568E0,2.835251135E0
2.363430417E1,-3.734608451E0,2.320582137E0,2.086812209E0
2.365430417E1,-4.228287115E0,2.969018180E0,1.688950700E0
2.367430417E1,-4.987591921E0,2.894183760E0,2.295001153E0
2.369430417E1,-5.597788635E0,2.265013123E0,3.343919136E0
2.371430417E1,-4.931793112E0,1.279141866E0,3.635627954E0
2.373430417E1,-3.653886470E0,-4.869312689E-2,2.774444185E0
2.375430417E1,-2.633393556E0,-1.149961670E0,1.105938275E0
2.377430417E1,-1.646865950E0,-1.476573687E0,-9.181841809E-1
2.379430417E1,-7.257330179E-1,-5.567517015E-1,-1.433063094E0
2.381430417E1,-3.223336101E-2,7.917698635E-1,-2.417800283E-1
2.383430417E1,8.046961570E-1,1.626119590E0,7.397125411E-1
2.385430417E1,1.891138646E0,1.560792304E0,8.252198839E-1
2.387430417E1,2.872190920E0,8.195026226E-1,9.000034332E-2
2.389430417E1,3.622916692E0,-9.196676195E-2,-1.293123436E0
2.391430417E1,3.917494739E0,-4.980281147E-1,-1.881720536E0
2.393430417E1,2.851112877E0,-2.497242017E-1,-3.797158456E-1
2.395430417E1,1.747339241E0,-3.011652276E-2,5.853758687E-1
2.397430417E1,1.154615176E0,-1.971615337E-2,3.739458132E-1
2.399430417E1,6.438187891E-1,3.163153633E-2,-3.227850151E-1
2.401430417E1,2.430219769E-2,-2.320338893E-1,-8.197001123E-1
2.403430417E1,-4.553244370E-1,-6.488807968E-1,-1.132786936E0
2.405430417E1,-7.846051240E-1,-8.470028818E-1,-1.431963233E0
2.407430417E1,-1.052073140E0,-1.321864547E0,-1.420388669E0
2.409430417E1,-9.708868897E-1,-2.253052351E0,-1.702181194E0
2.411430417E1,-1.173770070E-2,-3.079350754E0,-3.055184796E0
2.413430417E1,1.434015021E0,-2.734966124E0,-5.135452802E0
2.415430417E1,2.956921753E0,-1.137236082E0,-6.062486159E0
2.417430417E1,3.586397322E0,4.871524398E-1,-4.715882335E0
2.419430417E1,3.738688638E0,1.321540027E0,-2.485404037E0
2.421430417E1,3.836779774E0,1.222774634E0,-8.530304110E-1
2.423430417E1,3.289803155E0,3.444841786E-1,-3.819752097E-2
2.425430417E1,2.880986302E0,-1.522870772E-1,-2.367525923E-1
2.427430417E1,2.452447375E0,-3.253610060E-3,-2.910007203E-1
2.429430417E1,2.181682114E0,5.320908502E-1,-5.299191213E-1
2.431430417E1,1.773169901E0,5.886103291E-1,-1.117013487E0
2.433430417E1,1.081102227E0,9.148999460E-2,-9.355521655E-1
2.435430417E1,6.412846059E-1,-2.184174782E-1,-6.302959335E-1
2.437430417E1,2.373595333E-1,-2.230171904E-1,-5.642902243E-1
2.439430417E1,2.281893450E-1,2.402078582E-1,-8.165601575E-1
2.441430417E1,1.906665927E-1,6.711353727E-1,-5.056525916E-1
2.443430417E1,-1.879382819E-1,6.464167070E-1,2.819445527E-1
2.445430417E1,-3.891111517E-1,7.142958641E-2,9.783426744E-1
2.447430417E1,-3.828487837E-1,-1.432114676E-2,4.560319501E-1
2.449430417E1,-8.067760116E-1,5.946086222E-1,-3.193801814E-1
2.451430417E1,-1.224353163E0,6.374353838E-1,2.357538879E-2
2.453430417E1,-1.002995705E0,3.154900289E-1,6.126192158E-1
2.455430417E1,-1.104446066E0,3.270242465E-1,9.791554374E-1
2.457430417E1,-1.878482348E0,7.577468160E-1,1.435593769E0
2.459430417E1,-2.586244533E0,1.266399322E0,1.650187753E0
2.461430417E1,-3.052047181E0,1.365413440E0,2.005221332E0
2.463430417E1,-3.514579480E0,1.253326994E0,2.426525499E0
2.465430417E1,-3.995579626E0,1.207370218E0,2.581631665E0
2.467430417E1,-4.389055139E0,1.133101223E0,2.349650400E0
2.469430417E1,-4.545910208E0,9.341719303E-1,2.030624560E0
2.471430417E1,-4.472642841E0,4.085291702E-1,1.922570354E0
2.473430417E1,-4.267331312E0,-2.960968611E-1,2.175774672E0
2.475430417E1,-3.900751821E0,-6.995718442E-1,2.124914421E0
2.477430417E1,-3.185934386E0,-7.531488580E-1,1.428516299E0
2.479430417E1,-2.437345186E0,-4.364727214E-1,5.998465580E-1
2.481430417E1,-1.624647700E0,2.944314279E-1,-1.115180969E-2
2.483430417E1,-5.077938420E-1,1.123224545E0,-4.920168847E-1
2.485430417E1,7.465251321E-1,1.278983699E0,-4.913339299E-1
2.487430417E1,2.071281420E0,8.531589036E-1,-3.124600017E-1
2.489430417E1,3.187617799E0,4.362421949E-1,-3.329913300E-1
2.491430417E1,3.640081193E0,1.291468674E-1,-2.943845040E-1
2.493430417E1,3.234099070E0,1.468874659E-1,8.236972690E-3
2.495430417E1,2.665690067E0,5.253882600E-1,5.468427175E-1
2.497430417E1,2.515793771E0,6.767834906E-1,8.874465376E-1
2.499430417E1,2.337898666E0,6.584589015E-1,8.832336187E-1
2.501430417E1,1.557439803E0,5.502447738E-1,8.371680844E-1
2.503430417E1,3.503908896E-1,1.392843314E-1,5.518724924E-1
2.505430417E1,-2.008927882E-1,-3.817060185E-1,-4.028146863E-1
2.507430417E1,-1.204386091E-1,-1.250306176E0,-1.722538860E0
2.509430417E1,3.650744176E-1,-1.821214279E0,-3.369301899E0
2.511430417E1,9.752968597E-1,-2.003126421E0,-4.465086485E0
2.513430417E1,2.330832306E0,-1.457452854E0,-4.205587639E0
2.515430417E1,3.612187051E0,-3.719361617E-1,-3.695230377E0
2.517430417E1,4.091725393E0,5.749786056E-1,-2.972104048E0
2.519430417E1,3.895710937E0,1.304508257E0,-1.628803900E0
2.521430417E1,2.606961218E0,1.129698363E0,2.300703943E-2
2.523430417E1,1.378216796E0,2.336759336E-2,1.364383453E-1
2.525430417E1,9.068657255E-1,-7.980824444E-1,-3.961120230E-1
2.527430417E1,3.915278059E-1,-9.339897895E-1,-8.162537634E-1
2.529430417E1,-1.904876679E-1,-6.117039804E-1,-1.913910627E0
2.531430417E1,-9.053811175E-1,-4.246118637E-1,-2.490098766E0
2.533430417E1,-1.708094484E0,-2.318026319E-1,-2.068852487E0
2.535430417E1,-2.246245900E0,-3.398131303E-1,-1.130064472E0
2.537430417E1,-1.934683446E0,-9.115857442E-1,-6.899427956E-1
2.539430417E1,-1.146631973E0,-1.585334091E0,-7.176235145E-1
2.541430417E1,-2.711704731E-2,-1.553459896E0,-8.242615253E-1
2.543430417E1,8.261215246E-1,-8.914798008E-1,-7.156044710E-1
2.545430417E1,1.162320052E0,-2.404875013E-1,-1.999753600E-1
2.547430417E1,1.476475747E0,2.288084190E-1,4.512641305E-1
2.549430417E1,1.503229682E0,2.246389157E-1,9.818059802E-1
2.551430417E1,1.506297716E0,1.402565771E-1,1.367202396E0
2.553430417E1,1.401480528E0,3.135418828E-1,1.413013576E0
2.555430417E1,8.825185043E-1,6.682100107E-1,1.467426011E0
2.557430417E1,2.569740182E-1,1.005732787E0,1.990220300E0
2.559430417E1,-6.318583095E-1,1.226501138E0,2.550793449E0
2.561430417E1,-1.642267699E0,1.401684596E0,2.661201745E0
2.563430417E1,-2.462181820E0,1.545199534E0,2.411478859E0
2.565430417E1,-2.955896736E0,1.995283989E0,1.884696184E0
2.567430417E1,-3.431713325E0,2.460852163E0,1.598426446E0
2.569430417E1,-4.168458989E0,2.631459005E0,1.759387429E0
2.571430417E1,-4.922135850E0,2.245415888E0,2.341498212E0
2.573430417E1,-4.897144850E0,1.339593013E0,2.838095221E0
2.575430417E1,-4.171362716E0,1.389351064E-1,2.714007949E0
2.577430417E1,-3.564324083E0,-1.005888030E0,1.712719631E0
2.579430417E1,-2.899444792E0,-1.415584158E0,1.455658489E-1
2.581430417E1,-1.927888981E0,-1.106357228E0,-6.089623672E-1
2.583430417E1,-8.582689315E-1,-1.694745290E-1,-4.264380223E-1
2.585430417E1,3.312856972E-1,1.072027348E0,-4.028047460E-1
2.587430417E1,1.521744890E0,1.743677568E0,1.140698218E-1
2.589430417E1,2.500630771E0,1.432932116E0,6.421330369E-1
2.591430417E1,3.133875455E0,6.765513562E-1,5.684739071E-1
2.593430417E1,2.507032303E0,-2.877575621E-2,1.733249205E-1
2.595430417E1,1.445298393E0,-2.474971434E-1,3.214968735E-1
2.597430417E1,1.006536194E0,-2.025647995E-1,1.791148335E-1
2.599430417E1,7.458234662E-1,-2.048810278E-1,-5.046281594E-1
2.601430417E1,7.425928795E-1,9.766940519E-2,-1.619676397E0
2.603430417E1,5.269639385E-1,2.146342566E-1,-2.194292219E0
2.605430417E1,2.472442514E-1,1.169704062E-1,-1.738184840E0
2.607430417E1,3.934415996E-1,-1.503648050E-1,-1.470897503E0
2.609430417E1,1.148666804E0,-2.095334380E-1,-2.103266274E0
2.611430417E1,1.798984773E0,-6.954897568E-2,-2.014755217E0
2.613430417E1,2.366575751E0,-3.411863124E-1,-1.557954358E0
2.615430417E1,3.150773908E0,-1.029848020E0,-1.608895885E0
2.617430417E1,3.880939116E0,-1.750360643E0,-2.143065348E0
2.619430417E1,4.614708547E0,-1.490685358E0,-3.018806344E0
2.621430417E1,3.968522805E0,1.058173906E-1,-3.248610690E0
2.623430417E1,2.480315205E0,1.303080075E0,-2.601909809E0
2.625430417E1,1.189864531E0,1.036661561E0,-1.966605735E0
2.627430417E1,5.785059750E-1,-3.278428566E-1,-1.714163309E0
2.629430417E1,4.662008429E-1,-1.380847020E0,-1.671971555E0
2.631430417E1,3.928334892E-2,-1.556846895E0,-1.908680878E0
2.633430417E1,-5.024290216E-1,-1.180193967E0,-1.902577554E0
2.635430417E1,-4.102763182E-1,-3.976078869E-1,-1.250700717E0
2.637430417E1,6.782243907E-2,9.167184301E-2,-7.699987793E-1
2.639430417E1,4.102289557E-1,1.757444984E-1,-5.215657890E-1
2.641430417E1,6.674813014E-1,1.510682251E-1,-2.113107723E-1
2.643430417E1,8.338117826E-1,1.047948222E-1,2.316269231E-1
2.645430417E1,1.147979756E0,8.215337992E-5,4.285722560E-1
2.647430417E1,1.315666206E0,1.089178401E-1,5.284812909E-1
2.649430417E1,1.076317450E0,4.684121136E-1,9.049583638E-1
2.651430417E1,3.149661183E-1,7.961628766E-1,1.449464534E0
2.653430417E1,-4.292581344E-1,8.271645217E-1,1.756055101E0
2.655430417E1,-9.351288271E-1,7.424984470E-1,1.437137434E0
2.657430417E1,-1.601839465E0,6.874412106E-1,1.033995304E0
2.659430417E1,-2.514018556E0,7.497900711E-1,9.537995714E-1
2.661430417E1,-3.222488839E0,9.128860188E-1,1.297703560E0
2.663430417E1,-3.802967080E0,1.126741499E0,1.928147428E0
2.665430417E1,-4.395419249E0,1.251103882E0,2.601042082E0
2.667430417E1,-4.806969675E0,1.374594738E0,2.851140359E0
2.669430417E1,-5.094713497E0,1.529065019E0,2.386877283E0
2.671430417E1,-4.864421493E0,1.389901287E0,1.526409214E0
2.673430417E1,-4.016691583E0,6.403671777E-1,1.666818404E0
2.675430417E1,-3.207940382E0,-1.159083326E-1,2.152370607E0
2.677430417E1,-2.534966791E0,-6.419713613E-1,1.756705311E0
2.679430417E1,-1.751576133E0,-9.587479238E-1,1.049185785E0
2.681430417E1,-8.072262472E-1,-6.480849177E-1,5.316966748E-1
2.683430417E1,1.246684849E-2,3.040810879E-1,2.139490360E-1
2.685430417E1,9.244687682E-1,1.262973146E0,-1.037009543E-1
2.687430417E1,1.953310336E0,1.851339719E0,-2.092548913E-1
2.689430417E1,2.770422471E0,1.710694156E0,1.487116510E-1
2.691430417E1,2.749481252E0,3.611556137E-1,1.006549058E0
2.693430417E1,2.399897863E0,-8.933902323E-1,6.501144862E-1
2.695430417E1,1.807462651E0,-7.952755617E-1,-3.183101410E-1
2.697430417E1,8.795095271E-1,-4.937550426E-1,-4.186460227E-1
2.699430417E1,9.525178617E-1,-1.759851113E-2,-1.137533705E0
2.701430417E1,8.315138268E-1,-3.051661849E-2,-1.753263640E0
2.703430417E1,5.184574091E-1,-1.616901308E-3,-2.125028442E0
2.705430417E1,1.929820901E-1,-1.066975792E-1,-2.032536015E0
2.707430417E1,-7.719494104E-3,-5.009995966E-1,-1.852241798E0
2.709430417E1,2.208668768E-1,-1.006802462E0,-1.789724538E0
2.711430417E1,1.070369663E0,-1.233937042E0,-2.044508189E0
2.713430417E1,2.050558303E0,-1.332117786E0,-2.169152116E0
2.715430417E1,2.899809074E0,-9.781242809E-1,-2.320180433E0
2.717430417E1,3.570453719E0,-1.722600695E-2,-2.585318334E0
2.719430417E1,3.934717128E0,8.187709898E-1,-2.524386839E0
2.721430417E1,3.690422797E0,1.194652085E0,-1.755679125E0
2.723430417E1,2.881356431E0,6.229538772E-1,-9.079381049E-1
2.725430417E1,1.910192383E0,-1.504932976E-1,-9.821024340E-1
2.727430417E1,1.283826363E0,-3.768260054E-1,-1.222489656E0
2.729430417E1,6.249053854E-1,-2.584841347E-1,-1.385310638E0
2.731430417E1,2.664225340E-2,-1.347525930E-1,-1.429346604E0
2.733430417E1,-5.682324171E-2,-4.723568646E-1,-1.128040751E0
2.735430417E1,4.902019089E-1,-7.951507236E-1,-1.084740949E0
2.737430417E1,1.188731925E0,-9.676276517E-1,-8.836774224E-1
2.739430417E1,1.718264546E0,-5.768687546E-1,-5.425795126E-1
2.741430417E1,1.421037126E0,2.328068912E-2,5.249296921E-1
2.743430417E1,2.611202788E-1,1.977158497E-1,1.898640624E0
2.745430417E1,-9.097226751E-1,-8.365348309E-2,2.135238850E0
2.747430417E1,-1.835431053E0,-7.906838894E-2,1.374824826E0
2.749430417E1,-2.284255725E0,4.619657046E-1,1.441660255E-1
2.751430417E1,-2.534861541E0,7.165103509E-1,-5.414042222E-1
2.753430417E1,-2.763857802E0,4.099383491E-1,-2.711634564E-1
2.755430417E1,-3.132979662E0,2.278914294E-1,4.313181084E-1
2.757430417E1,-3.336462767E0,4.119328344E-1,1.096717801E0
2.759430417E1,-3.445033282E0,8.096028480E-1,1.726581625E0
2.761430417E1,-3.295935130E0,1.379727424E0,2.276321054E0
2.763430417E1,-2.955831247E0,1.928681571E0,2.716426942E0
2.765430417E1,-2.636756875E0,2.134546247E0,3.060828529E0
2.767430417E1,-2.223673308E0,1.782213205E0,3.329610999E0
2.769430417E1,-1.936188519E0,8.707863584E-1,3.328804668E0
2.771430417E1,-1.690562192E0,-1.847755229E-1,2.986764187E0
2.773430417E1,-1.547794821E0,-5.431974171E-1,2.258256665E0
2.775430417E1,-1.805675157E0,2.134628400E-2,1.398229476E0
2.777430417E1,-1.959144688E0,7.869226679E-1,5.015191948E-1
2.779430417E1,-1.767533185E0,1.147641787E0,-3.489887273E-1
2.781430417E1,-1.149321692E0,9.194283222E-1,-1.115525370E0
2.783430417E1,-1.147147697E-1,3.794329865E-1,-1.695472684E0
2.785430417E1,9.187987232E-1,-4.034464779E-1,-1.565731739E0
2.787430417E1,1.644624712E0,-7.677996415E-1,-1.142524304E0
2.789430417E1,1.906871164E0,-1.517340767E-1,-1.014493085E0
2.791430417E1,1.740527819E0,7.376208459E-1,-6.073672467E-1
2.793430417E1,1.647441900E0,9.748617538E-1,1.138458735E-1
2.795430417E1,1.839462124E0,6.971470769E-1,3.724617898E-2
2.797430417E1,1.670737208E0,5.400426981E-1,-2.724632925E-1
2.799430417E1,9.823912865E-1,8.219643004E-2,-5.423596573E-1
2.801430417E1,6.146259803E-1,-3.167023028E-1,-9.751138419E-1
2.803430417E1,7.451486975E-1,-7.423065121E-1,-1.716165395E0
2.805430417E1,1.300780950E0,-1.030030891E0,-2.713351307E0
2.807430417E1,2.127052163E0,-9.740388313E-1,-3.250403447E0
2.809430417E1,2.829160091E0,-6.107673661E-1,-2.795365523E0
2.811430417E1,3.201124282E0,-2.902405822E-1,-2.401993505E0
2.813430417E1,3.574530982E0,-2.393050481E-1,-2.124223280E0
2.815430417E1,3.576485122E0,1.902841483E-1,-2.001825269E0
2.817430417E1,2.973174089E0,7.063891129E-1,-1.743891138E0
2.819430417E1,2.354288996E0,7.194300118E-1,-1.403579094E0
2.821430417E1,1.771484733E0,6.633293398E-2,-1.257938401E0
2.823430417E1,1.159431528E0,-3.414766632E-1,-1.258668718E0
2.825430417E1,5.366475123E-1,-6.548299733E-1,-9.292243087E-1
2.827430417E1,1.446419889E-1,-8.905319671E-1,-5.882053363E-1
2.829430417E1,-1.179646522E-1,-5.525383441E-1,-5.847303361E-1
2.831430417E1,-4.516038537E-1,2.163732916E-1,-4.391609788E-1
2.833430417E1,-1.088729335E0,4.351528586E-1,3.619935197E-1
2.835430417E1,-7.351663309E-1,-9.640845314E-2,7.256973499E-1
2.837430417E1,3.445998073E-2,-6.380752154E-1,9.816656470E-2
2.839430417E1,1.865367043E-1,-3.510468011E-1,-6.643431008E-1
2.841430417E1,1.177436274E-1,2.841094843E-1,-6.649494570E-1
2.843430417E1,-3.392963827E-2,1.288021740E-1,-7.402048767E-2
2.845430417E1,-2.258820337E-1,-1.220351914E-1,3.753269255E-2
2.847430417E1,-4.448918349E-1,-1.614739300E-1,4.137606740E-2
2.849430417E1,-6.414389724E-1,-1.206662120E-1,3.490021759E-1
2.851430417E1,-6.270501441E-1,-1.450048086E-1,6.336551589E-1
2.853430417E1,-6.449116337E-1,-1.886414096E-2,9.930320495E-1
2.855430417E1,-1.122547292E0,2.060311751E-1,1.613152074E0
2.857430417E1,-1.729542071E0,4.438530770E-1,2.195085686E0
2.859430417E1,-2.299002988E0,5.185837090E-1,2.506452259E0
2.861430417E1,-2.767243924E0,8.193384621E-1,2.428995947E0
2.863430417E1,-3.030826465E0,1.324755118E0,2.122656811E0
2.865430417E1,-3.395440122E0,1.570073005E0,2.030725717E0
2.867430417E1,-3.621328003E0,1.370449939E0,2.117708312E0
2.869430417E1,-3.245566045E0,8.518656456E-1,2.032814342E0
2.871430417E1,-2.912461279E0,1.882829753E-1,1.843213697E0
2.873430417E1,-2.670010575E0,-3.682994494E-1,1.724748523E0
2.875430417E1,-2.217644829E0,-3.327581723E-1,1.509148818E0
2.877430417E1,-1.953599773E0,1.848394038E-1,1.512786371E0
2.879430417E1,-1.483658466E0,7.533733910E-1,1.289753686E0
2.881430417E1,-9.205271602E-1,1.082050938E0,6.070842415E-1
2.883430417E1,-3.600019580E-1,9.074979557E-1,5.181627095E-2
2.885430417E1,4.125005990E-1,3.563423319E-1,-2.984904188E-1
2.887430417E1,1.302549148E0,-6.119247128E-1,-3.867740196E-1
2.889430417E1,1.988156818E0,-1.588256530E0,-6.225512964E-1
2.891430417E1,2.334392676E0,-1.211661197E0,-1.149313506E0
2.893430417E1,1.446019939E0,3.416576345E-1,-1.020630323E0
2.895430417E1,6.502899027E-1,1.496452613E0,-4.648986679E-1
2.897430417E1,1.276189899E-1,1.644768553E0,-2.252990663E-1
2.899430417E1,-1.132009256E-1,8.708175679E-1,-5.411294031E-1
2.901430417E1,-4.442071259E-2,-3.205706014E-1,-8.789628124E-1
2.903430417E1,5.200805962E-2,-1.354419798E0,-1.263016123E0
2.905430417E1,3.654650116E-1,-1.534892647E0,-2.143348938E0
2.907430417E1,6.163778061E-1,-7.409190410E-1,-3.042667077E0
2.909430417E1,1.270456120E0,-2.450054987E-1,-2.871633680E0
2.911430417E1,2.460983725E0,-5.054315668E-1,-2.444708585E0
2.913430417E1,3.855889644E0,-5.812526315E-1,-2.722000508E0
2.915430417E1,4.927680765E0,-1.492794887E-1,-2.797819600E0
2.917430417E1,5.170622635E0,6.962439745E-1,-2.275108926E0
2.919430417E1,4.284026282E0,1.454716649E0,-9.704635513E-1
2.921430417E1,3.122169914E0,1.573808206E0,2.044894105E-1
2.923430417E1,2.250276970E0,9.973770424E-1,-1.031904924E-1
2.925430417E1,1.507142054E0,1.573767860E-1,-5.328906763E-1
2.927430417E1,9.657927954E-1,-2.314322108E-1,-1.058070629E0
2.929430417E1,2.512338066E-1,-2.511724839E-1,-1.315331161E0
2.931430417E1,-5.822300667E-1,-1.812188078E-1,-1.112055048E0
2.933430417E1,-1.089381884E0,-2.925082786E-1,-6.454413915E-1
2.935430417E1,-1.181319995E0,-4.663214417E-1,-5.552843428E-1
2.937430417E1,-1.196124560E0,-4.956560455E-1,-1.027530037E0
2.939430417E1,-8.368523347E-1,-5.031255712E-1,-6.159989065E-1
2.941430417E1,-3.248169225E-1,-4.107816638E-1,5.868441045E-2
2.943430417E1,-5.229515791E-2,-2.051904917E-1,3.305407619E-1
2.945430417E1,2.496878028E-2,-1.713577710E-1,3.443378520E-1
2.947430417E1,2.181929451E-1,-5.418256603E-1,5.422661018E-1
2.949430417E1,1.867279083E-1,-5.600150326E-1,7.200115174E-1
2.951430417E1,-2.949160159E-2,2.341105279E-1,2.903522640E-1
2.953430417E1,-3.891316170E-1,1.001300012E0,1.127793413E-1
2.955430417E1,-5.382894105E-1,1.082779208E0,5.866786283E-1
2.957430417E1,-9.887934029E-1,4.392758766E-1,1.330032815E0
2.959430417E1,-1.507599306E0,1.553751379E-2,1.690471560E0
2.961430417E1,-1.825545750E0,-1.611179808E-1,1.761584228E0
2.963430417E1,-1.978187900E0,-2.250292173E-1,1.685979145E0
2.965430417E1,-2.413570408E0,-2.195904297E-1,1.529951457E0
2.967430417E1,-2.115434915E0,5.052006018E-1,1.430092708E0
2.969430417E1,-1.823967587E0,1.344654070E0,1.897405107E0
2.971430417E1,-1.621841036E0,1.880979401E0,2.644357671E0
2.973430417E1,-1.441180784E0,1.968246756E0,3.409627807E0
2.975430417E1,-1.162707723E0,1.341383430E0,3.968909891E0
2.977430417E1,-7.278257364E-1,2.200166917E-1,3.298493872E0
2.979430417E1,-5.443143815E-1,-5.150940907E-1,2.047640542E0
2.981430417E1,-7.206862861E-1,-4.165664604E-1,1.087882658E0
2.983430417E1,-1.229122152E0,1.652241880E-1,6.169204277E-1
2.985430417E1,-1.649066842E0,9.602537280E-1,4.505805910E-2
2.987430417E1,-1.732420655E0,1.209602977E0,-4.732122391E-1
2.989430417E1,-1.139311259E0,9.263028936E-1,-8.519480914E-1
2.991430417E1,-4.057938427E-1,3.196183093E-1,-1.120560992E0
2.993430417E1,-8.710597157E-3,-6.532583879E-1,-4.709528750E-1
2.995430417E1,1.220769989E-1,-1.144603574E0,3.566684604E-2
2.997430417E1,2.684281290E-2,-7.203304830E-1,-3.407991171E-2
2.999430417E1,-1.977715445E-1,-1.632623009E-1,-2.113300681E-1
3.001430417E1,-1.791364682E-1,2.889196962E-2,-8.270553249E-1
3.003430417E1,-2.278917217E-1,1.933542654E-2,-1.261515727E0
3.005430417E1,-3.355950952E-1,3.079436123E-2,-1.394615312E0
3.007430417E1,-3.730687308E-1,2.065238761E-1,-1.298778863E0
3.009430417E1,-7.192075253E-3,3.995177338E-1,-1.284968909E0
3.011430417E1,6.368202567E-1,2.606547674E-1,-1.235096253E0
3.013430417E1,1.394205422E0,-1.124251463E-2,-1.045886786E0
3.015430417E1,2.194302744E0,-2.629272147E-1,-1.002456592E0
3.017430417E1,2.868208382E0,-2.453389362E-1,-1.048683509E0
3.019430417E1,3.165990118E0,-1.770258426E-1,-8.531227970E-1
3.021430417E1,3.281569691E0,2.517594713E-1,-8.450349283E-1
3.023430417E1,2.878191918E0,7.179650650E-1,-5.857179308E-1
3.025430417E1,2.608347593E0,4.425048918E-1,-7.776434290E-1
3.027430417E1,2.679376060E0,-4.167329964E-1,-1.672302507E0
3.029430417E1,2.746143077E0,-1.015209004E0,-2.526068498E0
3.031430417E1,2.164449785E0,-5.275746436E-1,-2.853406740E0
3.033430417E1,1.359667089E0,2.765325891E-1,-2.569787545E0
3.035430417E1,5.867669213E-1,4.934014688E-1,-1.857550485E0
3.037430417E1,1.952847236E-1,-7.621450916E-2,-1.402376906E0
3.039430417E1,-1.360629541E-1,-5.553077316E-1,-1.648537669E0
3.041430417E1,-2.803687280E-1,-5.220690881E-1,-1.975661318E0
3.043430417E1,-2.606413919E-1,-1.703847943E-1,-1.596295136E0
3.045430417E1,-1.199111903E-1,3.064163927E-1,-1.171705418E0
3.047430417E1,3.546733904E-1,5.295525739E-1,-9.789285654E-1
3.049430417E1,8.327399880E-1,4.867951749E-1,-5.485635531E-1
3.051430417E1,1.136778245E0,2.602327446E-1,9.399574578E-2
3.053430417E1,1.141980513E0,2.312852995E-1,6.578766650E-1
3.055430417E1,1.143512483E0,7.263979925E-1,7.508064634E-1
3.057430417E1,7.667372024E-1,9.384719726E-1,9.997031379E-1
3.059430417E1,5.144929969E-1,5.191065963E-1,1.307939696E0
3.061430417E1,2.605577767E-1,1.640350105E-1,6.468400455E-1
3.063430417E1,-5.889093411E-1,1.885303125E-2,3.145188063E-1
3.065430417E1,-1.258212635E0,-2.097652070E-1,2.570488626E-1
3.067430417E1,-1.591205134E0,-5.670872399E-1,-1.588998395E-1
3.069430417E1,-1.673355591E0,-6.729285675E-1,-8.633168328E-1
3.071430417E1,-1.887728550E0,-6.721791007E-1,-9.686561769E-1
3.073430417E1,-1.992794829E0,-4.139179641E-1,-7.712804890E-1
3.075430417E1,-1.633543069E0,-8.110614359E-2,-5.385326546E-1
3.077430417E1,-5.968358266E-1,1.742715847E-1,-8.648786241E-1
3.079430417E1,1.601955825E-1,5.495067090E-1,-1.527559946E0
3.081430417E1,6.821291614E-1,3.751427382E-1,-8.301420701E-1
3.083430417E1,1.285606256E0,3.697077513E-2,-1.035120893E-1
3.085430417E1,1.805035472E0,-2.899926603E-2,2.520296127E-1
3.087430417E1,1.514786119E0,2.620476472E-1,5.802601397E-1
3.089430417E1,9.105927408E-1,5.392351976E-1,9.096413988E-1
3.091430417E1,7.966299230E-1,9.828409374E-2,1.160413275E0
3.093430417E1,1.060080317E0,-8.151194036E-2,7.383478010E-1
3.095430417E1,1.259814772E0,4.775634447E-1,8.365552962E-2
3.097430417E1,9.888840348E-1,1.239343670E0,4.300685585E-2
3.099430417E1,4.234565270E-1,1.453804922E0,4.822812706E-1
3.101430417E1,-1.004639357E-1,1.195126733E0,6.469470495E-1
3.103430417E1,-2.133105201E-1,9.530736396E-1,4.525575346E-1
3.105430417E1,-5.109741426E-1,8.635124221E-1,4.968443459E-1
3.107430417E1,-1.209763775E0,7.508272210E-1,4.542310077E-1
3.109430417E1,-1.901815077E0,7.465812653E-1,5.577863663E-1
3.111430417E1,-2.623577836E0,7.759339955E-1,1.156844720E0
3.113430417E1,-3.003627557E0,4.220043710E-1,2.017907451E0
3.115430417E1,-2.908237250E0,-3.764118764E-1,2.623604148E0
3.117430417E1,-2.529915381E0,-7.023096567E-1,2.333072374E0
3.119430417E1,-2.040964776E0,-5.880597407E-1,1.061400619E0
3.121430417E1,-1.986992052E0,-6.835006258E-1,-2.589813673E-1
3.123430417E1,-1.316753204E0,-8.957563081E-1,-1.135107111E0
3.125430417E1,-1.949526018E-1,-7.711942425E-1,-1.597542931E0
3.127430417E1,6.774203986E-1,-9.224187344E-2,-1.397973953E0
3.129430417E1,8.327084130E-1,7.524109393E-1,-8.331785291E-1
3.131430417E1,1.171765645E0,1.047842972E0,-3.722343332E-1
3.133430417E1,1.805945299E0,5.507246840E-1,1.184710211E-1
3.135430417E1,2.141067354E0,1.278593105E-1,9.222374707E-1
3.137430417E1,1.311818739E0,5.659979036E-1,1.587519634E0
3.139430417E1,-4.406052411E-1,1.085601952E0,2.473390347E0
3.141430417E1,-1.004232391E0,1.307828014E0,2.606058993E0
3.143430417E1,-5.435793865E-1,1.010861964E0,2.506599024E0
3.145430417E1,-2.772708732E-1,7.866010711E-1,1.881370872E0
3.147430417E1,-4.666738826E-1,5.806697372E-1,9.327314687E-1
3.149430417E1,-6.925138164E-1,3.152985325E-1,3.771290374E-1
3.151430417E1,-8.840802956E-1,1.316255021E-1,3.311044335E-2
3.153430417E1,-1.172147468E0,-4.431186667E-1,-7.601935834E-1
3.155430417E1,-1.256687681E0,-1.044781662E0,-1.013922982E0
3.157430417E1,-1.799815663E0,-1.671357305E0,-9.106102824E-1
3.159430417E1,-2.447671369E0,-1.592266112E0,-7.314217740E-1
3.161430417E1,-2.287704413E0,-1.344062625E0,-1.677952087E-1
3.163430417E1,-2.392594691E0,-1.619303637E0,6.094962180E-1
3.165430417E1,-2.606569455E0,-1.034298482E0,1.473538105E0
3.167430417E1,-2.943703537E0,4.314385611E-1,1.930274645E0
3.169430417E1,-2.544573181E0,1.483098303E0,1.921101241E0
3.171430417E1,-2.260126020E0,4.666165799E-1,1.277052071E0
3.173430417E1,-7.173557121E-1,-2.716329294E0,-1.379785896E0
3.175430417E1,3.677231478E0,-4.877907511E0,-5.064640682E0
3.177430417E1,7.781534817E0,-5.280119349E0,-5.800218072E0
3.179430417E1,8.239800988E0,-3.616799335E0,-3.921136677E0
3.181430417E1,6.571999083E0,-6.696681601E-1,-1.258517567E0
3.183430417E1,3.427988064E0,1.203973863E0,6.848881701E-1
3.185430417E1,8.731676370E-1,2.710408403E0,1.375986960E0
3.187430417E1,-1.053124470E-1,3.135066533E0,4.560973220E0
3.189430417E1,7.280426681E-1,2.757953868E0,3.267042868E0
3.191430417E1,1.124119023E0,2.370568814E0,1.166985984E0
3.193430417E1,6.398485297E-1,1.061533935E0,1.928746329E0
3.195430417E1,-1.132734311E-1,-3.924083966E-1,3.282533312E0
3.197430417E1,-6.087103522E-1,-6.305128652E-1,1.450636901E0
3.199430417E1,-1.448078744E0,-1.066440334E0,5.411013365E-2
3.201430417E1,-2.248829200E0,-1.608391271E0,1.024899960E-1
3.203430417E1,-2.097369942E0,-2.034110085E0,8.875266445E-1
3.205430417E1,-1.558992239E0,-1.971164809E0,1.130507618E0
3.207430417E1,-1.249369891E0,-1.296787886E0,5.688404544E-1
3.209430417E1,-9.162171775E-1,-7.163184160E-1,4.271054819E-2
3.211430417E1,-1.744814998E-1,-7.419116789E-1,3.852046269E-1
3.213430417E1,3.897566843E-1,-6.903339744E-1,2.732286930E-2
3.215430417E1,2.299651444E-1,-2.536206400E-1,-2.447036362E-1
3.217430417E1,-1.413546842E-1,-2.226619720E-2,-3.922600235E-1
3.219430417E1,-4.063101518E-1,-1.783874398E-1,-4.853368793E-1
3.221430417E1,-3.073208839E-1,-5.105619138E-1,-5.577167845E-1
3.223430417E1,1.775477797E-1,-7.983951974E-1,6.724816941E-1
3.225430417E1,6.984469861E-1,-9.763657308E-1,5.499271238E-1
3.227430417E1,8.274108356E-1,-6.421090633E-1,5.434250200E-1
3.229430417E1,-2.458847737E-1,-4.415793872E-1,1.364650963E-1
3.231430417E1,8.212122023E-2,-5.449020267E-3,-7.670782413E-1
3.233430417E1,1.603604740E-1,1.509651679E-1,-3.585161805E-2
3.235430417E1,2.350899366E-1,4.184752840E-1,2.334974474E-1
3.237430417E1,5.453426144E-1,1.122616289E0,-1.132959575E0
3.239430417E1,2.037658176E-1,2.188142118E0,-2.348338285E0
3.241430417E1,-4.544517401E-1,3.235564383E0,-3.645710308E0
3.243430417E1,-1.267345986E-1,3.856586047E0,-4.733587119E0
3.245430417E1,1.065710016E0,3.357126827E0,-3.621245558E0
3.247430417E1,4.970723873E0,8.913530624E-1,-2.764972866E-2
3.249430417E1,1.140261548E1,-3.388994737E0,8.831174930E0
3.251430417E1,5.991180534E0,-4.530030339E0,-4.225361753E-1
3.253430417E1,1.444248818E0,-2.093575099E0,-3.580042568E0
3.255430417E1,-1.937692715E0,-1.108274823E0,-1.457227297E0
3.257430417E1,-6.869170954E0,-4.054231877E0,2.978786831E0
3.259430417E1,-1.088611923E1,-3.530614300E0,2.477122040E0
3.261430417E1,-8.914296609E0,-7.963094956E-1,1.369812593E-1
3.263430417E1,-1.470992228E0,2.668004395E0,-1.097903324E0
3.265430417E1,1.119429556E0,4.699835821E0,-3.121265935E0
3.267430417E1,2.783814056E0,3.446851181E0,-2.862903787E0
3.269430417E1,2.430788996E0,1.716706263E0,-2.004593925E0
3.271430417E1,3.639536525E0,6.755756021E-2,-1.051269148E0
3.273430417E1,5.124850631E0,3.844222695E-1,-1.008431861E0
3.275430417E1,5.883414010E0,3.479414910E-1,-1.414819635E0
3.277430417E1,3.668378209E0,-6.242276931E-1,-3.841282276E-1
3.279430417E1,8.666134930E-1,-1.586216875E0,8.117772082E-1
3.281430417E1,-5.118451438E0,7.543463677E-1,4.361444002E-1
3.283430417E1,-6.973834360E0,2.008109856E0,-4.425856930E-1
3.285430417E1,-8.079712409E0,-5.835784346E-1,-1.487825777E0
3.287430417E1,-4.608697902E0,-2.169475467E0,1.670929142E0
3.289430417E1,-1.837372329E0,-6.176746600E0,-3.027345033E0
3.291430417E1,1.421575362E0,-3.928498614E0,-1.141208753E0
3.293430417E1,5.449393319E0,-2.351750135E-1,4.848508880E0
3.295430417E1,5.183024579E0,1.473708844E-1,2.908695087E0
3.297430417E1,1.916686008E0,-1.747376078E0,6.482042009E-1
3.299430417E1,-1.288191602E0,-9.220766723E-2,-1.034246295E0
3.301430417E1,-2.607475188E0,8.951157457E-1,-2.232930620E0
3.303430417E1,-3.924180445E-1,1.585598239E0,-1.893466423E0
3.305430417E1,2.476639937E0,-2.208148366E-1,-5.006334879E-2
3.307430417E1,3.082523746E0,-2.241505562E0,1.949958127E0
3.309430417E1,2.571578254E0,-2.180893909E0,2.349159673E0
3.311430417E1,1.140394163E-1,7.555245817E-2,1.775605705E0
3.313430417E1,-4.244440340E0,7.518139386E-1,-8.300613785E-1
3.315430417E1,1.194580895E0,5.522350198E-1,-3.179147522E0
3.317430417E1,2.856667732E0,1.642798042E0,-4.261958891E0
3.319430417E1,-2.212990153E0,1.930133727E0,-1.274406499E-1
3.321430417E1,-3.711893480E0,-2.970358654E0,9.306830429E-1
3.323430417E1,-1.238813328E0,-3.135592198E0,-5.087182868E-1
3.325430417E1,1.758448074E0,4.197269390E0,-4.309478335E-1
3.327430417E1,4.035224625E0,2.411119840E0,3.641547675E0
3.329430417E1,6.152391193E0,-5.802651098E0,3.704070783E0
3.331430417E1,5.728578570E0,-6.891910191E0,2.914052891E0
3.333430417E1,-4.251218432E0,-7.998717948E0,2.863974413E0
3.335430417E1,-7.731666838E0,-3.775776358E0,2.245851505E0
3.337430417E1,-8.471656537E0,-5.595977168E0,7.955502346E-1
3.339430417E1,-9.332271371E0,-9.726932700E0,-7.533079022E-1
3.341430417E1,-2.869704684E0,-1.229402819E1,-1.183584914E0
3.343430417E1,3.172317390E0,-1.453119161E1,9.656185484E-1
3.345430417E1,5.902879976E0,-1.247568714E1,-4.592561048E-1
3.347430417E1,7.400674671E0,-8.677966186E0,-3.969020111E0
3.349430417E1,1.061866642E1,-4.815825284E0,-4.588841634E0
3.351430417E1,1.402019875E1,-8.735740185E-3,-8.826847991E0
3.353430417E1,9.654192753E0,4.215686365E0,-8.071040404E0
3.355430417E1,4.351819485E0,-5.240338987E-1,-6.212451453E0
3.357430417E1,4.060058042E-1,3.296506403E0,-3.677382921E0
3.359430417E1,8.240761685E-1,4.130471383E0,2.926809177E0
3.361430417E1,2.889036164E-1,3.863605045E0,1.526981072E0
3.363430417E1,-2.940831969E0,4.412837812E0,-2.105988738E0
3.365430417E1,-2.479320593E0,-7.402116010E-1,-9.652771295E0
3.367430417E1,3.612518588E0,3.295974599E0,-1.302010268E1
3.369430417E1,4.992973114E0,3.652036411E0,7.067237783E0
3.371430417E1,4.025294299E0,3.471405394E0,6.802419725E0
3.373430417E1,5.192460231E0,3.900508870E0,-1.926168146E0
3.375430417E1,4.238163354E0,3.214400678E0,3.070519120E-1
3.377430417E1,2.051119928E0,3.628216316E0,3.490047487E0
3.379430417E1,2.030976855E0,4.866278276E0,4.886853751E0
3.381430417E1,2.745568880E-1,5.515134734E0,3.065277675E0
3.383430417E1,-3.700033280E0,3.820303197E0,1.246667892E0
3.385430417E1,-4.567770023E0,4.230435966E0,-5.466444969E-1
3.387430417E1,-1.729239039E0,4.653984879E0,-2.719341195E-1
3.389430417E1,-2.128146615E0,4.173303699E0,7.180690724E-1
3.391430417E1,-1.844483420E0,2.922197770E0,1.927016577E0
3.393430417E1,-1.995197888E0,1.759341528E0,2.534642270E0
3.395430417E1,-1.035822997E0,1.454081495E0,2.113401253E0
3.397430417E1,1.477350198E-2,1.511171955E0,-6.068591237E-1
3.399430417E1,-1.090825489E0,-5.012133855E-1,-1.230932450E0
3.401430417E1,-1.455660682E0,-1.027886717E0,-1.838255258E0
3.403430417E1,5.184816751E-1,-1.638351819E-1,-2.223916553E0
3.405430417E1,3.093316829E0,2.626203820E-2,-1.243266567E0
3.407430417E1,1.696321992E0,3.769180991E-1,1.368849556E0
3.409430417E1,-4.938822634E0,-5.982663479E0,6.349780329E0
3.411430417E1,-4.408459709E0,-4.187572660E0,-3.714724410E-1
3.413430417E1,-1.661624907E0,-4.206416774E0,-1.999579353E0
3.415430417E1,-1.152419401E0,-1.478951019E0,2.939963658E0
3.417430417E1,-2.761392615E0,3.353381100E-1,5.320116059E0
3.419430417E1,-2.234494897E0,-9.096622295E-1,4.995962795E0
3.421430417E1,-2.269958406E0,-1.899521945E0,4.287066835E0
3.423430417E1,-1.103164283E0,-2.357590334E0,2.465099580E0
3.425430417E1,-8.301607811E-1,-1.727797700E0,4.525551957E-1
3.427430417E1,-6.055963809E-1,-1.451078512E0,8.085518110E-1
3.429430417E1,1.931417374E-1,-1.566509711E0,1.550357071E0
3.431430417E1,2.241669174E-1,-1.347415126E0,2.131046981E-1
3.433430417E1,1.598658909E-1,-1.348124101E0,-9.451913005E-1
3.435430417E1,-2.636155050E-1,-1.288239111E0,-2.770527720E-1
3.437430417E1,-1.025729679E0,-1.044726698E0,-2.154956245E-1
3.439430417E1,-8.042479679E-1,-7.608281524E-1,-1.973838741E-1
3.441430417E1,-3.990887674E-1,-6.161510803E-1,5.659859169E-1
3.443430417E1,-6.166280669E-1,-2.142877360E-1,6.210742897E-1
3.445430417E1,-9.291806739E-1,-1.524582544E-1,4.028795904E-1
3.447430417E1,-4.332286862E-1,7.902511954E-4,5.903758228E-2
3.449430417E1,-2.934436870E-1,1.780996107E-1,-2.656097710E-2
3.451430417E1,-3.280239011E-1,2.475436288E-1,-5.769371670E-1
3.453430417E1,-5.941756359E-1,1.770839493E-1,-1.420623727E0
3.455430417E1,-5.830803980E-1,-3.898389839E-1,-2.177190283E0
3.457430417E1,-7.834845782E-1,9.195543297E-1,-1.905199445E0
3.459430417E1,-5.045169161E-1,1.142228142E0,-9.476290047E-1