"Time (s)","X (rad/s)","Y (rad/s)","Z (rad/s)"
1.203745836E-2,2.016901411E-2,5.052822828E-2,-3.568087891E-2
2.200545836E-2,5.698801577E-2,5.637759715E-2,-3.245978802E-2
3.197445837E-2,5.834982544E-2,7.269718498E-2,-3.285355121E-2
6.194345837E-2,4.625081643E-2,8.155991882E-2,-3.380190209E-2
8.194345837E-2,-2.776880283E-3,7.608664222E-3,-7.289727777E-2
1.019434584E-1,2.245507669E-3,-1.193747576E-2,-6.651999801E-2
1.219434584E-1,2.463949472E-2,1.269664383E-3,-5.284409970E-2
1.419434584E-1,2.668083645E-2,3.388745338E-2,-5.330523103E-2
1.619434584E-1,1.493084244E-2,3.178410232E-2,-6.674133241E-2
1.819434584E-1,9.451054968E-3,3.939554840E-2,-7.423378527E-2
2.019434584E-1,1.395505760E-2,8.876695484E-2,-1.010923386E-1
2.219434584E-1,4.747719690E-2,1.271439046E-1,-1.383184195E-1
2.419434584E-1,5.290827900E-2,1.103231758E-1,-1.483949721E-1
2.619434584E-1,1.275929995E-2,5.193384737E-2,-1.011360586E-1
2.819434584E-1,6.327390671E-3,3.246818483E-2,-4.267030582E-2
3.019434584E-1,1.272992510E-2,-4.336237442E-3,-4.318656772E-2
3.219434584E-1,1.927399263E-2,-9.395850450E-2,-6.253121048E-2
3.419434584E-1,2.513597719E-4,-1.113842502E-1,-4.661830142E-2
3.619434584E-1,6.358989514E-3,-1.005088314E-1,-2.193554863E-2
3.819434584E-1,1.227389928E-2,-4.687656462E-2,-1.301649492E-2
4.019434584E-1,3.132050484E-2,4.727032036E-2,-4.534912109E-2
4.219434584E-1,3.023253568E-2,2.036145329E-1,-1.094378233E-1
4.419434584E-1,-1.557919756E-2,2.263598293E-1,-1.295154244E-1
4.619434584E-1,-3.113458864E-2,8.664215356E-2,-7.432392240E-2
4.819434584E-1,-4.681545775E-3,5.336905830E-3,3.364098258E-3
5.019434584E-1,-2.031530812E-2,7.602717727E-2,-1.624876820E-2
5.219434584E-1,-5.333623290E-2,1.049232855E-1,-9.407160431E-2
5.419434584E-1,1.756657287E-2,7.219064236E-2,-1.471544206E-1
5.619434584E-1,3.995011002E-2,4.122354463E-2,-1.929998547E-1
5.819434584E-1,-1.466846652E-2,1.049091667E-1,-2.336616963E-1
6.019434584E-1,-2.988074347E-2,-2.700885199E-2,-1.562910974E-1
6.219434584E-1,-5.459421314E-3,-5.719977245E-2,-2.167724259E-2
6.419434584E-1,9.245358407E-3,-2.658460289E-2,-5.503321812E-2
6.619434584E-1,-1.802798174E-2,-9.927739203E-2,-2.910203636E-1
6.819434584E-1,-3.291783854E-2,5.396838766E-3,-4.169588089E-1
7.019434584E-1,1.348959468E-2,1.033627912E-1,-3.245422244E-1
7.219434584E-1,2.938367799E-2,1.271244586E-1,-2.620355487E-1
7.419434584E-1,1.518524066E-2,1.212709770E-1,-3.071694672E-1
7.619434584E-1,-1.563835591E-1,4.117152467E-2,-3.199220598E-1
7.819434584E-1,-2.100423276E-1,2.400482893E-1,-2.557486594E-1
8.019434584E-1,-8.912938088E-2,-2.217420004E-2,-3.042429984E-1
8.219434584E-1,-1.573610753E-1,-1.276782006E-1,-4.303049445E-1
8.419434584E-1,5.314090848E-2,-1.149480268E-1,-2.149624377E-1
8.619434584E-1,-2.737057954E-2,-1.408097148E-1,8.723965287E-2
8.819434584E-1,-1.766789854E-1,-2.587552667E-1,6.769459695E-2
9.019434584E-1,-1.473286748E-1,-2.870574594E-1,-1.844908893E-1
9.219434584E-1,-2.300399393E-1,-2.759185433E-1,-3.036853671E-1
9.419434584E-1,-2.687909007E-1,-2.777239680E-1,-1.505254060E-1
9.619434584E-1,-2.623268068E-1,-1.801021993E-1,-9.900397621E-3
9.819434584E-1,-2.685779333E-1,-9.984617680E-2,-7.775774598E-2
1.001943458E0,-1.885137707E-1,-9.809215367E-2,-1.608508378E-1
1.021943458E0,-7.874974608E-2,-1.284297407E-1,-1.376332939E-1
1.041943458E0,1.527371444E-2,-2.533022463E-1,-9.116043895E-2
1.061943458E0,1.863013953E-1,-4.003164470E-1,-6.903655827E-2
1.081943458E0,1.386568397E-1,-4.305474460E-1,-1.144756377E-1
1.101943458E0,1.281831786E-2,-3.799614310E-1,-1.049478203E-1
1.121943458E0,-7.772402465E-2,-5.088558793E-1,2.780425921E-2
1.141943458E0,-2.396976203E-1,-5.049296021E-1,1.050622091E-1
1.161943458E0,-4.985528067E-2,-5.457941890E-1,-5.188785121E-2
1.181943458E0,1.313396096E-1,-4.746955931E-1,-3.459813893E-1
1.201943458E0,1.269858330E-1,-1.587074846E-1,-3.379343748E-1
1.221943458E0,4.057714343E-2,1.242463943E-2,-6.734241545E-2
1.241943458E0,-8.929351345E-3,5.116418749E-2,4.668365046E-2
1.261943458E0,7.962085307E-2,1.298523992E-1,-1.469217241E-1
1.281943458E0,8.652205765E-2,3.129148185E-1,-3.850128055E-1
1.301943458E0,-2.684480883E-2,2.726253867E-1,-4.042688906E-1
1.321943458E0,-1.130208001E-1,1.300191879E-1,-2.784167528E-1
1.341943458E0,-5.360973999E-2,1.405694187E-1,-1.434167475E-1
1.361943458E0,3.949946724E-3,1.900879592E-1,-3.472509980E-2
1.381943458E0,-3.590188175E-2,-1.621463336E-3,-1.251132414E-2
1.401943458E0,-1.182330772E-1,-8.494038880E-2,-3.544941917E-2
1.421943458E0,-1.211989149E-1,-9.082279354E-2,-7.325252146E-2
1.441943458E0,-3.181815892E-2,-1.918889582E-1,-1.396188140E-1
1.461943458E0,-1.742761731E-1,-2.485092133E-1,-2.101862580E-1
1.481943458E0,-4.480585456E-1,-4.446626175E-3,-1.581631452E-1
1.501943458E0,-3.683473170E-1,7.018181682E-2,-1.369145215E-1
1.521943458E0,-2.007154673E-1,-3.077429719E-2,-2.903571427E-1
1.541943458E0,-2.557897195E-2,3.547749296E-2,-2.925339639E-1
1.561943458E0,1.187814027E-1,1.411951333E-1,-5.804398656E-2
1.581943458E0,2.737263143E-1,1.379584670E-1,1.688404530E-1
1.601943458E0,2.807317674E-1,1.814028919E-1,1.981831938E-1
1.621943458E0,1.293731183E-1,1.285628229E-1,1.190122366E-1
1.641943458E0,-3.839155659E-2,-1.467142105E-1,1.416489184E-1
1.661943458E0,-5.559160560E-2,-3.763292432E-1,1.648627371E-1
1.681943458E0,-2.683029138E-2,-2.469248325E-1,2.048054934E-1
1.701943458E0,8.742687106E-2,1.201784052E-2,2.187131196E-1
1.721943458E0,2.286381572E-1,2.254045010E-1,8.328950405E-2
1.741943458E0,3.789766133E-1,3.885016441E-1,-1.138062626E-1
1.761943458E0,4.990456998E-1,5.989937186E-1,-1.685610414E-1
1.781943458E0,4.973331988E-1,6.524153948E-1,-1.751241535E-1
1.801943458E0,4.034295082E-1,5.146547556E-1,-2.713814676E-1
1.821943458E0,3.088287711E-1,2.612846792E-1,-3.752804995E-1
1.841943458E0,2.461483628E-1,-1.778977662E-1,-3.472416699E-1
1.861943458E0,3.154428303E-1,-4.110281467E-1,-2.142651826E-1
1.881943458E0,3.372355402E-1,-5.000204444E-1,-1.136110574E-1
1.901943458E0,1.666152030E-1,-5.101663470E-1,-1.221431792E-1
1.921943458E0,1.033334583E-1,-5.140529871E-1,-1.962694377E-1
1.941943458E0,2.769293189E-1,-4.735552967E-1,-2.454466522E-1
1.961943458E0,4.957935512E-1,-3.492316306E-1,-2.388383299E-1
1.981943458E0,4.676764011E-1,-1.613407582E-1,-2.730810940E-1
2.001943458E0,2.441454530E-1,-8.764895797E-2,-3.775695562E-1
2.021943458E0,1.699209064E-1,-1.265202761E-1,-5.143313408E-1
2.041943458E0,3.052236736E-1,-2.689926513E-2,-6.410254836E-1
2.061943458E0,4.156357944E-1,1.948422641E-1,-7.692172527E-1
2.081943458E0,3.436528444E-1,3.111274540E-1,-9.104504585E-1
2.101943458E0,2.610782385E-1,9.619916230E-2,-1.021839976E0
2.121943458E0,3.496353328E-1,-2.802873254E-1,-1.053230643E0
2.141943458E0,6.158446074E-1,-4.893857539E-1,-1.065434575E0
2.161943458E0,7.537150383E-1,-5.852403045E-1,-1.197149515E0
2.181943458E0,6.686268449E-1,-7.395069003E-1,-1.361477733E0
2.201943458E0,5.178743005E-1,-8.748605847E-1,-1.443587422E0
2.221943458E0,4.903924465E-1,-8.484332561E-1,-1.390802145E0
2.241943458E0,7.299013734E-1,-7.047127485E-1,-1.209607124E0
2.261943458E0,8.373128772E-1,-5.345485806E-1,-1.011752486E0
2.281943458E0,6.842572689E-1,-3.345372379E-1,-9.409559965E-1
2.301943458E0,5.641359687E-1,-1.886926889E-1,-1.020208716E0
2.321943458E0,6.060178876E-1,-1.513338685E-1,-1.170563102E0
2.341943458E0,6.683851480E-1,-1.722967923E-1,-1.243291736E0
2.361943458E0,6.416148543E-1,-2.799913585E-1,-1.254045248E0
2.381943458E0,6.281360984E-1,-4.155718982E-1,-1.208335996E0
2.401943458E0,7.296311855E-1,-3.803061247E-1,-1.076589942E0
2.421943458E0,8.138695359E-1,-2.537877560E-1,-9.734268785E-1
2.441943458E0,7.200713754E-1,-2.810905874E-1,-9.912130833E-1
2.461943458E0,5.487378836E-1,-3.048826158E-1,-1.080127716E0
2.481943458E0,4.478779733E-1,-1.250664294E-1,-1.167086124E0
2.501943458E0,4.100602567E-1,-6.561743468E-2,-1.303198934E0
2.521943458E0,3.296318650E-1,-1.751638949E-1,-1.442645788E0
2.541943458E0,2.850262225E-1,-1.767089367E-1,-1.510969043E0
2.561943458E0,2.148764282E-1,-1.355074346E-1,-1.597171545E0
2.581943458E0,1.755939573E-1,-1.008465327E-2,-1.679290295E0
2.601943458E0,2.056249827E-1,1.592193395E-1,-1.675200462E0
2.621943458E0,2.425189167E-1,1.490397304E-1,-1.521125078E0
2.641943458E0,2.563727200E-1,3.681592643E-2,-1.389833570E0
2.661943458E0,2.202252001E-1,1.992855966E-1,-1.243946433E0
2.681943458E0,2.025504708E-1,4.188480377E-1,-1.009507179E0
2.701943458E0,1.736712307E-1,2.793104649E-1,-7.928336263E-1
2.721943458E0,1.410666555E-1,1.305538118E-1,-5.939525962E-1
2.741943458E0,4.921176657E-2,1.095969900E-1,-3.632902801E-1
2.761943458E0,-9.279192984E-2,1.199206710E-1,-1.913440377E-1
2.781943458E0,-1.459806114E-1,8.998202533E-2,-5.809191614E-3
2.801943458E0,-1.227582246E-1,-1.153826565E-1,1.825250536E-1
2.821943458E0,-1.118218452E-1,-1.478907168E-1,3.096342087E-1
2.841943458E0,-1.425509155E-1,3.832269460E-2,3.790689111E-1
2.861943458E0,-2.058159560E-1,1.905413121E-1,3.436916769E-1
2.881943458E0,-2.981397212E-1,2.487939149E-1,3.477338850E-1
2.901943458E0,-3.516593874E-1,2.536940575E-1,3.910109401E-1
2.921943458E0,-3.882782161E-1,1.590516269E-1,4.211049080E-1
2.941943458E0,-4.936825037E-1,5.912290886E-2,5.043554306E-1
2.961943458E0,-6.042807102E-1,7.942530513E-2,5.149640441E-1
2.981943458E0,-6.548646092E-1,3.997336142E-3,4.379120767E-1
3.001943458E0,-6.654677987E-1,-1.482795645E-2,4.615880549E-1
3.021943458E0,-7.139350176E-1,1.363528520E-1,6.493315101E-1
3.041943458E0,-7.400953174E-1,2.452220619E-1,7.670636177E-1
3.061943458E0,-7.335925102E-1,1.925931573E-1,8.016065359E-1
3.081943458E0,-7.440798283E-1,1.339630038E-1,7.678717971E-1
3.101943458E0,-8.205555081E-1,1.363786012E-1,7.625373602E-1
3.121943458E0,-9.086570740E-1,1.855546236E-1,8.036771417E-1
3.141943458E0,-9.270390868E-1,1.269553453E-1,7.877680063E-1
3.161943458E0,-8.833099604E-1,3.685369343E-2,7.645500302E-1
3.181943458E0,-8.727507591E-1,4.148978740E-2,8.381635547E-1
3.201943458E0,-8.589919209E-1,5.151978135E-2,9.506564736E-1
3.221943458E0,-8.072966337E-1,-6.103563122E-3,1.057141185E0
3.241943458E0,-8.046059012E-1,1.189819723E-1,1.152268887E0
3.261943458E0,-8.120857477E-1,1.740658730E-1,1.077641249E0
3.281943458E0,-7.821931243E-1,7.444727421E-2,9.777464271E-1
3.301943458E0,-7.248071432E-1,-8.039017208E-3,8.912609220E-1
3.321943458E0,-6.446769238E-1,3.032680601E-2,8.530299067E-1
3.341943458E0,-6.524463296E-1,-3.937560599E-3,8.553324342E-1
3.361943458E0,-6.784289479E-1,-1.073161699E-2,8.715361953E-1
3.381943458E0,-5.459787846E-1,9.368267842E-3,1.013943672E0
3.401943458E0,-4.545421898E-1,-1.791860908E-2,1.185302734E0
3.421943458E0,-4.433799088E-1,-6.527421623E-2,1.119139075E0
3.441943458E0,-5.267906785E-1,-1.048521139E-2,8.618997931E-1
3.461943458E0,-5.214129090E-1,8.905849606E-2,6.888505220E-1
3.481943458E0,-4.358904064E-1,7.538082451E-2,7.130938768E-1
3.501943458E0,-3.757248819E-1,-4.796707258E-2,7.861793041E-1
3.521943458E0,-3.594118357E-1,-1.113398373E-1,7.059411407E-1
3.541943458E0,-3.755485713E-1,-1.577625275E-1,5.430555344E-1
3.561943458E0,-3.974063396E-1,-1.170223057E-1,4.156386554E-1
3.581943458E0,-2.984162569E-1,-7.258658111E-2,4.305544496E-1
3.601943458E0,-1.913967580E-1,-1.171262860E-1,4.712254703E-1
3.621943458E0,-8.848991990E-2,7.257377729E-3,3.380642235E-1
3.641943458E0,-1.558767557E-1,1.434196085E-1,1.672965586E-1
3.661943458E0,-3.825509250E-1,2.991067469E-1,1.127026901E-1
3.681943458E0,-3.286443353E-1,3.695108593E-1,1.071007922E-1
3.701943458E0,-1.476924717E-1,2.910050750E-1,1.422669441E-1
3.721943458E0,-5.053831637E-2,2.328032255E-1,1.946896613E-1
3.741943458E0,-4.385505244E-2,8.652602881E-2,1.321258247E-1
3.761943458E0,2.389878035E-3,-9.682475030E-2,-4.131355137E-2
3.781943458E0,5.044555664E-2,-2.389344871E-1,-1.523210257E-1
3.801943458E0,9.563007951E-2,-1.740894467E-1,-1.921446323E-1
3.821943458E0,2.187854201E-1,-6.413978338E-2,-2.625110447E-1
3.841943458E0,3.893888593E-1,-1.235152185E-1,-3.873171508E-1
3.861943458E0,4.159616232E-1,-1.824397743E-1,-4.838876426E-1
3.881943458E0,3.574115634E-1,-1.069976985E-1,-5.125167966E-1
3.901943458E0,3.361183107E-1,-4.933419079E-2,-4.926096499E-1
3.921943458E0,3.824404180E-1,-1.114559472E-1,-4.896882176E-1
3.941943458E0,4.820739925E-1,-1.946180165E-1,-4.864892364E-1
3.961943458E0,5.419571400E-1,-1.060571223E-1,-4.805355370E-1
3.981943458E0,5.484903455E-1,6.058651209E-2,-5.606893301E-1
4.001943458E0,4.580327272E-1,4.158572853E-2,-7.628709078E-1
4.021943458E0,5.208578110E-1,-4.923326522E-2,-9.441461563E-1
4.041943458E0,6.856953502E-1,-7.026017457E-2,-9.257530570E-1
4.061943458E0,7.637171745E-1,1.999987364E-1,-7.664430141E-1
4.081943458E0,6.676757336E-1,2.738651335E-1,-7.563784122E-1
4.101943458E0,6.817950010E-1,3.776130453E-2,-1.015602589E0
4.121943458E0,6.233099699E-1,-1.502106786E-1,-1.148369312E0
4.141943458E0,5.080208182E-1,-5.222718790E-2,-9.987833500E-1
4.161943458E0,4.207291305E-1,2.116924822E-1,-8.035279512E-1
4.181943458E0,3.639915884E-1,3.337509334E-1,-7.941874862E-1
4.201943458E0,4.637963176E-1,2.005170584E-1,-8.883028626E-1
4.221943458E0,6.439465880E-1,-9.913903475E-2,-9.472585320E-1
4.241943458E0,6.795248389E-1,-1.563826948E-1,-8.911991119E-1
4.261943458E0,6.470775604E-1,-2.085466236E-1,-7.398695350E-1
4.281943458E0,6.916894317E-1,-3.199073374E-1,-6.062235832E-1
4.301943458E0,7.259508967E-1,-3.532251120E-1,-6.022068858E-1
4.321943458E0,7.272732854E-1,-2.267538011E-1,-6.823871136E-1
4.341943458E0,7.414495349E-1,-2.819093168E-1,-7.592920661E-1
4.361943458E0,7.809709907E-1,-2.412136197E-1,-8.065782785E-1
4.381943458E0,6.588718295E-1,-3.215115517E-2,-7.574245930E-1
4.401943458E0,6.032276154E-1,-2.378855459E-2,-7.165122032E-1
4.421943458E0,7.620856762E-1,-2.955510020E-1,-7.247537374E-1
4.441943458E0,8.273671865E-1,-2.448705435E-1,-6.284687519E-1
4.461943458E0,6.981739998E-1,-4.373829439E-2,-5.124545693E-1
4.481943458E0,6.707748771E-1,1.972476020E-2,-5.538780093E-1
4.501943458E0,6.340945363E-1,-1.519109756E-1,-6.217910647E-1
4.521943458E0,4.312408864E-1,-6.020262092E-2,-6.789799333E-1
4.541943458E0,2.045235336E-1,1.847211719E-1,-7.778552175E-1
4.561943458E0,1.864195913E-1,1.898286492E-1,-7.605184317E-1
4.581943458E0,2.684942484E-1,-5.947943777E-2,-6.726139188E-1
4.601943458E0,2.786830664E-1,-1.154270545E-1,-6.643929482E-1
4.621943458E0,2.301825732E-1,1.076045558E-1,-5.454989672E-1
4.641943458E0,2.974072993E-1,5.611945689E-2,-4.570106566E-1
4.661943458E0,3.934015036E-1,-7.652894408E-2,-4.285988510E-1
4.681943458E0,3.098169565E-1,-4.776316695E-3,-3.669912517E-1
4.701943458E0,2.291578799E-1,1.300856918E-1,-3.139793873E-1
4.721943458E0,1.732165217E-1,8.830244094E-2,-3.564562500E-1
4.741943458E0,9.323369712E-2,-4.810000304E-3,-4.770274460E-1
4.761943458E0,9.933200479E-2,2.514882945E-3,-4.007400274E-1
4.781943458E0,1.679423898E-1,-6.391480565E-2,-1.740264595E-1
4.801943458E0,1.382476091E-1,-1.721906811E-1,-1.734105051E-1
4.821943458E0,2.771890536E-2,-5.944046658E-3,-2.374477237E-1
4.841943458E0,-3.605138510E-2,2.713655233E-1,-5.292934179E-2
4.861943458E0,3.333464265E-2,2.030338049E-1,1.574394703E-1
4.881943458E0,-5.978818238E-2,1.233265847E-1,1.515867412E-1
4.901943458E0,-2.566900849E-1,1.856014729E-1,8.970356733E-2
4.921943458E0,-2.657162249E-1,1.432841122E-1,2.215474695E-1
4.941943458E0,-1.763909906E-1,-1.713565178E-2,3.373921812E-1
4.961943458E0,-2.147772610E-1,-7.323167473E-2,2.992601991E-1
4.981943458E0,-3.305249512E-1,1.027927548E-1,3.506054878E-1
5.001943458E0,-4.041888118E-1,2.035335600E-1,5.036476254E-1
5.021943458E0,-4.097528160E-1,1.411494613E-1,4.802456498E-1
5.041943458E0,-3.681143224E-1,-7.287568599E-2,4.400827587E-1
5.061943458E0,-5.022690892E-1,7.654465735E-3,5.905863047E-1
5.081943458E0,-7.030469179E-1,8.232994378E-2,6.312545538E-1
5.101943458E0,-7.658590078E-1,8.749616146E-2,5.002972484E-1
5.121943458E0,-6.652060151E-1,1.430316828E-2,4.834380150E-1
5.141943458E0,-6.221016645E-1,-8.804146200E-3,6.519851685E-1
5.161943458E0,-8.277871013E-1,1.380374283E-1,6.949827671E-1
5.181943458E0,-9.983742833E-1,2.567245960E-1,6.233803630E-1
5.201943458E0,-1.040190101E0,2.686370313E-1,6.175900698E-1
5.221943458E0,-9.814561605E-1,2.817579806E-1,6.827986240E-1
5.241943458E0,-8.757054806E-1,2.355938107E-1,7.701961398E-1
5.261943458E0,-8.167692423E-1,1.106827557E-1,7.997357249E-1
5.281943458E0,-7.539593577E-1,7.260828465E-2,7.959721684E-1
5.301943458E0,-7.907525301E-1,1.795232892E-1,8.472483754E-1
5.321943458E0,-8.393111229E-1,1.754201651E-1,8.138924837E-1
5.341943458E0,-7.694175243E-1,-6.733476650E-3,7.119529247E-1
5.361943458E0,-6.687455177E-1,-1.176326945E-1,7.301934958E-1
5.381943458E0,-6.410005093E-1,5.820763856E-2,8.684575558E-1
5.401943458E0,-6.494168043E-1,1.909234822E-1,9.298225641E-1
5.421943458E0,-6.312358379E-1,1.371652484E-1,8.500939012E-1
5.441943458E0,-6.420767307E-1,6.220237911E-2,7.594407797E-1
5.461943458E0,-6.555451751E-1,1.080083475E-1,7.773357630E-1
5.481943458E0,-6.136386991E-1,1.772390455E-1,9.323439598E-1
5.501943458E0,-6.815232635E-1,1.764953285E-1,9.896183014E-1
5.521943458E0,-6.289935112E-1,1.938112825E-1,8.562678099E-1
5.541943458E0,-5.398659706E-1,1.333685815E-1,7.549192905E-1
5.561943458E0,-5.074307919E-1,1.656727344E-1,7.961907983E-1
5.581943458E0,-4.637136757E-1,2.302189618E-1,9.040117860E-1
5.601943458E0,-3.989655972E-1,1.052996516E-1,8.962061405E-1
5.621943458E0,-3.977775276E-1,-4.515455663E-2,7.915457487E-1
5.641943458E0,-3.856356740E-1,-9.881449863E-3,7.515055537E-1
5.661943458E0,-3.126145303E-1,-2.872672677E-2,7.606710196E-1
5.681943458E0,-3.952398002E-1,-4.524791837E-1,6.963142753E-1
5.701943458E0,-6.418829560E-1,-7.203596830E-1,5.180238485E-1
5.721943458E0,-5.961394906E-1,-3.542122543E-1,4.018337727E-1
5.741943458E0,-3.795486093E-1,-1.936579943E-1,4.461210370E-1
5.761943458E0,-3.443425298E-1,-4.262992442E-1,4.377464354E-1
5.781943458E0,-1.224127114E-1,-3.909587860E-1,2.510394454E-1
5.801943458E0,-3.595284745E-2,-2.598738372E-1,3.442234173E-2
5.821943458E0,-8.159144968E-2,-1.628543735E-1,-2.657797635E-1
5.841943458E0,1.038798504E-2,-1.520005912E-1,-4.744023681E-1
5.861943458E0,1.134493947E-1,-2.133755386E-1,-4.235016406E-1
5.881943458E0,1.281658262E-1,-2.881007493E-1,-2.431753874E-1
5.901943458E0,1.672804356E-1,-3.208482563E-1,-1.109694690E-1
5.921943458E0,1.828993410E-1,-2.359155267E-1,-5.135275051E-2
5.941943458E0,2.229227424E-1,3.364117816E-2,-7.183586806E-2
5.961943458E0,1.723227948E-1,2.679128945E-1,-1.912709922E-1
5.981943458E0,-6.030559167E-2,6.559848189E-1,-2.659156322E-1
6.001943458E0,-9.213709086E-2,8.821566105E-1,-2.627067566E-1
6.021943458E0,1.170851737E-1,7.334892154E-1,-1.705729514E-1
6.041943458E0,1.870994866E-1,6.211840510E-1,-9.802851081E-2
6.061943458E0,7.243461162E-2,6.932544708E-1,-1.929078102E-1
6.081943458E0,-2.603273839E-2,7.001816630E-1,-2.549369931E-1
6.101943458E0,1.048302930E-2,4.733265042E-1,-2.540272474E-1
6.121943458E0,2.138270140E-1,5.493946746E-2,-1.633792073E-1
6.141943458E0,3.616765738E-1,-3.540936112E-1,-8.276757598E-2
6.161943458E0,4.066809714E-1,-4.503557682E-1,-5.525876582E-2
6.181943458E0,3.945061266E-1,-3.564091623E-1,-3.345361352E-2
6.201943458E0,3.945619762E-1,-2.375865281E-1,-8.963718265E-2
6.221943458E0,4.384170175E-1,-1.872383207E-1,-2.783588171E-1
6.241943458E0,4.179942906E-1,-1.564705074E-1,-5.025712252E-1
6.261943458E0,4.297261536E-1,-1.424340457E-1,-6.603651643E-1
6.281943458E0,5.757687688E-1,-1.551304460E-1,-6.484346390E-1
6.301943458E0,7.116931677E-1,-2.102513015E-1,-5.319609642E-1
6.321943458E0,8.247163296E-1,-3.696919680E-1,-5.800454021E-1
6.341943458E0,9.436326027E-1,-2.654733658E-1,-7.315257788E-1
6.361943458E0,8.163826466E-1,-2.058231235E-1,-7.725396156E-1
6.381943458E0,6.636311412E-1,-3.584136963E-1,-9.175714254E-1
6.401943458E0,7.077746391E-1,-5.159263611E-1,-1.050193191E0
6.421943458E0,7.372052670E-1,-4.366080761E-1,-8.738428354E-1
6.441943458E0,7.868010998E-1,-5.844700336E-2,-6.988636851E-1
6.461943458E0,8.189291954E-1,2.346154153E-1,-6.821503639E-1
6.481943458E0,7.144076824E-1,2.463115901E-1,-8.320313096E-1
6.501943458E0,5.962455869E-1,1.156165376E-1,-1.067143440E0
6.521943458E0,6.626504064E-1,-4.350787401E-2,-1.150224566E0
6.541943458E0,8.328627348E-1,-2.765178680E-1,-1.025182962E0
6.561943458E0,9.472025037E-1,-3.942147493E-1,-8.953233361E-1
6.581943458E0,9.444052577E-1,-3.984184861E-1,-8.319981098E-1
6.601943458E0,8.351757526E-1,-3.569859564E-1,-8.050973415E-1
6.621943458E0,8.259825110E-1,-2.679999173E-1,-8.036367893E-1
6.641943458E0,7.256882787E-1,-1.939993650E-1,-6.837013960E-1
6.661943458E0,5.942995548E-1,2.362560015E-3,-5.011176467E-1
6.681943458E0,6.838113070E-1,4.330433533E-2,-4.052235186E-1
6.701943458E0,7.771341801E-1,-2.197788507E-1,-4.236251414E-1
6.721943458E0,7.456721663E-1,-3.909427226E-1,-6.108475924E-1
6.741943458E0,6.066949368E-1,-2.947260439E-1,-8.091043234E-1
6.761943458E0,5.118008256E-1,-2.277527452E-1,-7.676042318E-1
6.781943458E0,5.652915835E-1,-2.046179920E-1,-5.954676867E-1
6.801943458E0,6.608722806E-1,-2.685772479E-1,-5.517583489E-1
6.821943458E0,6.352159381E-1,-2.316475511E-1,-6.358249187E-1
6.841943458E0,5.023074746E-1,4.917347059E-2,-5.829657912E-1
6.861943458E0,4.042652249E-1,1.400124282E-1,-4.708612859E-1
6.881943458E0,3.594440520E-1,-4.449430853E-2,-5.579419136E-1
6.901943458E0,2.740355730E-1,-1.012141258E-2,-6.221805215E-1
6.921943458E0,2.380745113E-1,-7.601175457E-2,-5.180293918E-1
6.941943458E0,2.485017478E-1,-1.934894472E-1,-4.471457005E-1
6.961943458E0,2.931489348E-1,-2.418190986E-1,-3.890224397E-1
6.981943458E0,3.098202050E-1,-1.235475838E-1,-2.560698390E-1
7.001943458E0,2.983901799E-1,2.460993081E-2,-8.706403524E-2
7.021943458E0,3.039320111E-1,-5.441837478E-3,-7.570975274E-2
7.041943458E0,2.135025114E-1,6.299740076E-2,-6.550130248E-2
7.061943458E0,2.945548110E-2,1.847070009E-1,-1.352508459E-2
7.081943458E0,-5.033585429E-2,9.843568504E-2,-4.120999947E-2
7.101943458E0,-6.674957275E-2,-8.308909088E-2,-9.554772079E-2
7.121943458E0,-9.157316387E-2,-1.536937505E-1,-4.887155816E-2
7.141943458E0,-9.439568967E-2,-6.615359336E-2,4.408475757E-2
7.161943458E0,-5.542870983E-2,-4.519823194E-2,1.666840017E-1
7.181943458E0,-1.203788146E-1,-8.685620129E-2,2.396667302E-1
7.201943458E0,-3.045281470E-1,6.712910533E-2,2.584409714E-1
7.221943458E0,-4.698676467E-1,2.064889967E-1,2.292522341E-1
7.241943458E0,-4.731638730E-1,1.705987006E-1,1.542141140E-1
7.261943458E0,-4.177317619E-1,7.479547709E-2,8.713892847E-2
7.281943458E0,-4.455139637E-1,3.736256063E-2,1.945513636E-1
7.301943458E0,-4.824813306E-1,1.131033525E-3,3.264804482E-1
7.321943458E0,-5.101760626E-1,-2.244245633E-2,3.394894004E-1
7.341943458E0,-5.859265924E-1,8.972208947E-2,3.876747787E-1
7.361943458E0,-6.891880631E-1,2.606235743E-1,4.257211387E-1
7.381943458E0,-7.540174723E-1,3.013113737E-1,3.473279178E-1
7.401943458E0,-6.636750102E-1,1.206700876E-1,3.301885724E-1
7.421943458E0,-5.610306859E-1,8.185351640E-2,5.670233369E-1
7.441943458E0,-6.358447075E-1,2.005385607E-1,7.157217860E-1
7.461943458E0,-7.485982776E-1,2.875486314E-1,6.494379044E-1
7.481943458E0,-7.540403008E-1,1.768805683E-1,5.867660642E-1
7.501943458E0,-6.890032887E-1,1.272487640E-1,6.360539794E-1
7.521943458E0,-7.088716626E-1,1.084324047E-1,6.453049183E-1
7.541943458E0,-6.937220693E-1,1.678180993E-1,7.192799449E-1
7.561943458E0,-6.955727339E-1,2.096162289E-1,8.760371208E-1
7.581943458E0,-6.983622909E-1,3.877422586E-2,9.084185958E-1
7.601943458E0,-7.298048139E-1,8.151941001E-4,7.420291305E-1
7.621943458E0,-8.073942065E-1,1.265937537E-1,6.536828279E-1
7.641943458E0,-8.354604840E-1,1.922071874E-1,7.570453286E-1
7.661943458E0,-7.501772642E-1,5.484267324E-2,8.170782924E-1
7.681943458E0,-7.072699070E-1,-3.578816354E-2,7.367527485E-1
7.701943458E0,-7.890310884E-1,1.320856065E-1,7.433590889E-1
7.721943458E0,-7.575573921E-1,2.850987315E-1,8.589478135E-1
7.741943458E0,-6.478206515E-1,1.067271084E-1,8.848626614E-1
7.761943458E0,-5.988818407E-1,-6.745672971E-2,7.723556161E-1
7.781943458E0,-6.073521376E-1,6.505369674E-3,7.036443353E-1
7.801943458E0,-5.052736998E-1,8.091727644E-2,8.107842207E-1
7.821943458E0,-3.890077472E-1,-4.833864048E-2,8.813928366E-1
7.841943458E0,-4.318790436E-1,-6.330798566E-2,7.926916480E-1
7.861943458E0,-5.366137028E-1,1.213739514E-1,6.613990664E-1
7.881943458E0,-5.304705501E-1,1.516485661E-1,6.581153274E-1
7.901943458E0,-3.869963288E-1,-4.930054303E-3,6.734548807E-1
7.921943458E0,-3.657176495E-1,-7.913164049E-2,5.913241506E-1
7.941943458E0,-4.736405015E-1,6.468386203E-2,4.574024081E-1
7.961943458E0,-4.528707564E-1,2.687239945E-1,4.148050249E-1
7.981943458E0,-2.458656728E-1,2.063072920E-1,5.388098955E-1
8.001943458E0,-1.439335495E-1,2.416591719E-2,6.478232145E-1
8.021943458E0,-2.822519243E-1,-3.876364976E-2,5.291908383E-1
8.041943458E0,-3.569255769E-1,1.690560579E-2,3.954204321E-1
8.061943458E0,-2.533313334E-1,3.896258399E-2,4.743011296E-1
8.081943458E0,-1.440767795E-1,-4.588485509E-2,5.549317002E-1
8.101943458E0,-1.226841882E-1,6.334501505E-2,3.971071243E-1
8.121943458E0,-1.612630337E-1,1.802469343E-1,9.518335015E-2
8.141943458E0,-2.263429016E-1,1.657879651E-1,-6.338982284E-2
8.161943458E0,-1.795178056E-1,1.939784586E-1,2.711979114E-2
8.181943458E0,-1.499486901E-2,1.010852009E-1,1.893998384E-1
8.201943458E0,9.109920263E-2,-2.149531059E-2,1.307164431E-1
8.221943458E0,1.066452125E-3,-7.217113674E-2,-1.056046784E-1
8.241943458E0,-6.437115371E-2,-6.193714961E-2,-1.815569401E-1
8.261943458E0,-2.753875963E-2,-1.424342394E-1,8.139576018E-2
8.281943458E0,6.580850482E-2,-2.668395638E-1,3.207707703E-1
8.301943458E0,6.434556842E-2,-2.142502218E-1,3.075862527E-1
8.321943458E0,-5.141392350E-2,-1.422860175E-1,1.163450852E-1
8.341943458E0,-1.939565390E-1,-1.826026440E-1,-7.242183387E-2
8.361943458E0,-1.907944232E-1,-2.122028768E-1,-1.503764391E-1
8.381943458E0,-5.983960629E-2,-8.224992454E-2,-3.192902310E-3
8.401943458E0,6.946703792E-2,8.380787075E-2,3.252758086E-1
8.421943458E0,3.483093530E-2,1.091581732E-1,4.724721313E-1
8.441943458E0,-4.881559405E-3,4.113083780E-1,2.767176628E-1
8.461943458E0,-4.726692289E-2,6.334247589E-1,-1.318230331E-1
8.481943458E0,4.544641357E-3,7.965499759E-1,-4.476847649E-1
8.501943458E0,2.972438745E-2,7.851449847E-1,-5.463142991E-1
8.521943458E0,-6.682729721E-2,6.151635051E-1,-5.054611564E-1
8.541943458E0,-5.043998361E-3,3.620580137E-1,-3.467462659E-1
8.561943458E0,2.905783653E-1,-4.210178182E-2,-9.434159100E-2
8.581943458E0,4.588280022E-1,-2.854290009E-1,1.853776723E-2
8.601943458E0,4.350017011E-1,-3.859618604E-1,-1.437052041E-1
8.621943458E0,4.206342697E-1,-4.498264790E-1,-4.067983329E-1
8.641943458E0,3.432382047E-1,-4.412485659E-1,-5.680382252E-1
8.661943458E0,2.228124887E-1,-2.242753059E-1,-6.223094463E-1
8.681943458E0,3.152415752E-1,-6.102341413E-2,-5.585395098E-1
8.701943458E0,4.040158987E-1,1.685007662E-2,-3.472600579E-1
8.721943458E0,3.623333573E-1,5.671107396E-2,-2.449985594E-1
8.741943458E0,4.369316101E-1,4.277110565E-3,-4.470992982E-1
8.761943458E0,5.868000984E-1,-1.469489038E-1,-6.969864368E-1
8.781943458E0,6.360529661E-1,-3.525910378E-1,-7.709563971E-1
8.801943458E0,5.559813976E-1,-3.615394831E-1,-7.848548293E-1
8.821943458E0,5.855762959E-1,-1.319216192E-1,-7.792958617E-1
8.841943458E0,6.381192803E-1,4.487020895E-2,-6.844859719E-1
8.861943458E0,7.813414931E-1,-3.752979636E-2,-6.888700128E-1
8.881943458E0,9.363152981E-1,-5.108641386E-1,-9.028452039E-1
8.901943458E0,9.513349533E-1,-3.910907805E-1,-1.123432517E0
8.921943458E0,6.573200822E-1,1.192119624E-2,-1.123246789E0
8.941943458E0,6.044463515E-1,1.171263456E-1,-9.584551454E-1
8.961943458E0,9.180961847E-1,-1.496379673E-1,-8.281370401E-1
8.981943458E0,1.121053815E0,-5.094724894E-1,-8.431662321E-1
9.001943458E0,1.093550920E0,-3.296405077E-1,-8.838928342E-1
9.021943458E0,9.185813665E-1,-1.025958955E-1,-8.380615711E-1
9.041943458E0,8.533262610E-1,-2.475503385E-1,-9.730995297E-1
9.061943458E0,9.964477420E-1,-4.851408005E-1,-1.287545681E0
9.081943458E0,1.006034017E0,-2.346300036E-1,-1.233144641E0
9.101943458E0,8.950641155E-1,-8.769128472E-3,-8.656919599E-1
9.121943458E0,8.974240422E-1,3.140207008E-2,-7.041445971E-1
9.141943458E0,9.118056893E-1,-1.393921971E-1,-8.216938972E-1
9.161943458E0,8.052765131E-1,-1.735108048E-1,-8.651641607E-1
9.181943458E0,5.875086188E-1,-1.126604974E-1,-8.402994871E-1
9.201943458E0,6.296428442E-1,2.597927116E-2,-7.273972631E-1
9.221943458E0,8.155852556E-1,-3.013999462E-1,-6.077392697E-1
9.241943458E0,8.281058073E-1,-5.054282546E-1,-5.533106923E-1
9.261943458E0,7.081192136E-1,-3.773984313E-1,-6.171616912E-1
9.281943458E0,5.838674903E-1,-1.787786037E-1,-6.355975270E-1
9.301943458E0,6.601831317E-1,-1.342566460E-1,-5.297186971E-1
9.321943458E0,7.588883638E-1,-2.068990469E-1,-3.644872308E-1
9.341943458E0,6.478526592E-1,-9.331929684E-2,-2.260112464E-1
9.361943458E0,5.711465478E-1,-1.403046548E-1,-2.477925569E-1
9.381943458E0,4.713558853E-1,-1.731847674E-1,-4.011714756E-1
9.401943458E0,2.954804003E-1,-3.158514202E-2,-4.541031122E-1
9.421943458E0,2.308766395E-1,-8.590113372E-2,-3.881591558E-1
9.441943458E0,2.573894262E-1,-1.766053438E-1,-2.998348176E-1
9.461943458E0,3.238031268E-1,-2.105799317E-1,-1.500816494E-1
9.481943458E0,3.684343100E-1,-1.231567487E-1,1.502570696E-2
9.501943458E0,3.607981205E-1,-8.580943942E-2,5.910313502E-2
9.521943458E0,2.498730123E-1,1.062935591E-2,5.144989863E-2
9.541943458E0,8.080601692E-2,1.092836112E-1,9.479898959E-2
9.561943458E0,-4.889763519E-2,8.997436613E-2,4.801118374E-2
9.581943458E0,-2.175946347E-2,-9.485626966E-2,-1.571786590E-2
9.601943458E0,-2.129269764E-3,-1.473054290E-1,8.480723947E-2
9.621943458E0,-6.794231385E-2,-9.867598116E-2,1.581325680E-1
9.641943458E0,-9.755451977E-2,-8.050495386E-2,2.137864083E-1
9.661943458E0,-2.619117200E-1,5.021136999E-2,2.529894710E-1
9.681943458E0,-3.981410563E-1,9.502384812E-2,2.089486718E-1
9.701943458E0,-4.730347097E-1,1.304126531E-1,2.087490410E-1
9.721943458E0,-6.281050444E-1,9.994595498E-2,1.498101652E-1
9.741943458E0,-7.238708138E-1,1.460492425E-2,7.204198837E-2
9.761943458E0,-7.147206068E-1,3.088482097E-2,1.699676514E-1
9.781943458E0,-6.778146625E-1,7.458627969E-2,3.145605922E-1
9.801943458E0,-6.199091673E-1,1.567477733E-2,3.977967203E-1
9.821943458E0,-5.365366340E-1,-4.654214252E-3,4.870330691E-1
9.841943458E0,-5.080426335E-1,6.491461396E-2,5.743599534E-1
9.861943458E0,-6.459442973E-1,2.823191881E-1,5.725555420E-1
9.881943458E0,-8.453962207E-1,3.730142415E-1,4.402351975E-1
9.901943458E0,-8.448419571E-1,2.915104926E-1,3.802647293E-1
9.921943458E0,-7.371956110E-1,2.260578871E-1,5.041444302E-1
9.941943458E0,-7.090198398E-1,1.895592064E-1,5.710391402E-1
9.961943458E0,-6.408435702E-1,1.152907759E-1,5.373253226E-1
9.981943458E0,-5.961992145E-1,-6.533262320E-3,6.450257301E-1
1.000194346E1,-6.033148766E-1,-1.467202231E-2,7.551000118E-1
1.002194346E1,-6.669729352E-1,2.183983177E-1,7.251049876E-1
1.004194346E1,-6.975463629E-1,3.265932798E-1,7.122527957E-1
1.006194346E1,-7.303988338E-1,2.640204430E-1,7.189405560E-1
1.008194346E1,-7.827414274E-1,2.132518739E-1,7.081205249E-1
1.010194346E1,-7.615723014E-1,2.021061033E-1,7.693091035E-1
1.012194346E1,-7.231847644E-1,2.333686054E-1,8.685869575E-1
1.014194346E1,-7.003212571E-1,2.710290849E-1,8.323667645E-1
1.016194346E1,-8.184326291E-1,2.669999599E-1,7.632175088E-1
1.018194346E1,-9.239343405E-1,3.249732852E-1,7.149474621E-1
1.020194346E1,-8.992007971E-1,3.162789345E-1,7.088217735E-1
1.022194346E1,-6.993970275E-1,1.086787432E-1,7.397900820E-1
1.024194346E1,-5.433315039E-1,-1.014562547E-1,7.630870342E-1
1.026194346E1,-5.275787711E-1,-7.762036473E-2,8.216561675E-1
1.028194346E1,-6.260951161E-1,2.330513485E-2,1.005070567E0
1.030194346E1,-6.373780370E-1,2.944697067E-2,1.000241637E0
1.032194346E1,-5.767785907E-1,2.398756333E-2,7.612892985E-1
1.034194346E1,-6.271598935E-1,5.367388949E-2,5.945184827E-1
1.036194346E1,-6.689364910E-1,2.062633634E-1,6.861719489E-1
1.038194346E1,-5.587070584E-1,2.532942593E-1,9.208860993E-1
1.040194346E1,-3.238248825E-1,9.145334363E-2,1.053873301E0
1.042194346E1,-3.216685653E-1,-7.139942050E-2,9.264774919E-1
1.044194346E1,-5.639958382E-1,-9.724672884E-2,6.541712880E-1
1.046194346E1,-6.569827795E-1,2.731636167E-1,5.848821402E-1
1.048194346E1,-4.633682072E-1,4.800162315E-1,7.329626679E-1
1.050194346E1,-1.860627830E-1,1.005576923E-1,7.627980709E-1
1.052194346E1,-1.839790940E-1,-1.702811942E-2,5.520858765E-1
1.054194346E1,-3.966895342E-1,6.766179949E-2,2.722200453E-1
1.056194346E1,-4.061022997E-1,2.409339249E-1,2.161873579E-1
1.058194346E1,-2.592158914E-1,1.208418012E-1,3.672832549E-1
1.060194346E1,-7.269249111E-2,-1.392957866E-1,3.804551363E-1
1.062194346E1,-1.274695247E-1,-1.513344646E-1,2.477775961E-1
1.064194346E1,-1.932127327E-1,-5.160139129E-2,1.654371172E-1
1.066194346E1,-1.804266572E-1,4.573711753E-2,2.069026530E-1
1.068194346E1,-7.004406303E-2,3.496705368E-2,2.613398433E-1
1.070194346E1,-7.657597214E-2,2.489888854E-2,2.306862026E-1
1.072194346E1,-2.488626838E-1,-5.314951017E-2,9.332865477E-2
1.074194346E1,-2.956201136E-1,3.334070742E-2,4.526143894E-2
1.076194346E1,-1.368357539E-1,4.929112643E-2,2.034143656E-1
1.078194346E1,9.062453359E-2,-2.106272280E-1,3.498692811E-1
1.080194346E1,1.336481720E-1,-2.802733779E-1,2.346946597E-1
1.082194346E1,-7.804764900E-4,-1.895163208E-1,3.664871305E-2
1.084194346E1,-7.257486880E-2,-1.530617028E-1,-6.947351247E-2
1.086194346E1,-3.557061777E-3,-1.326547116E-1,-1.496959627E-1
1.088194346E1,7.285502553E-2,-6.226017699E-2,-1.747075021E-1
1.090194346E1,6.027009338E-2,3.197610751E-2,-1.530271769E-1
1.092194346E1,4.288741201E-2,6.956470013E-2,-1.072231457E-1
1.094194346E1,9.358587861E-2,-7.545521017E-3,-3.478930891E-2
1.096194346E1,1.422814578E-1,-1.115219370E-1,-7.580887061E-3
1.098194346E1,1.821604818E-1,-1.514931172E-1,-8.559276909E-2
1.100194346E1,2.179392427E-1,-1.533464193E-1,-2.398217618E-1
1.102194346E1,2.401608080E-1,-1.362134963E-1,-3.863397241E-1
1.104194346E1,2.624607384E-1,-1.072598100E-1,-4.480785131E-1
1.106194346E1,2.827736735E-1,-2.241642214E-2,-4.119681716E-1
1.108194346E1,3.236823082E-1,-1.303298399E-2,-3.927674890E-1
1.110194346E1,3.928326070E-1,-9.767755121E-2,-5.028245449E-1
1.112194346E1,4.564242959E-1,-1.223124042E-1,-6.503325105E-1
1.114194346E1,4.771338999E-1,-8.781126887E-2,-6.687795520E-1
1.116194346E1,4.549023211E-1,-1.056647673E-1,-6.136507988E-1
1.118194346E1,3.799302876E-1,-2.422832102E-1,-6.477495432E-1
1.120194346E1,4.501086473E-1,-1.440058500E-1,-6.929153800E-1
1.122194346E1,4.711110592E-1,8.565525711E-2,-5.636166334E-1
1.124194346E1,5.228016973E-1,2.584078610E-1,-4.404664338E-1
1.126194346E1,5.213725567E-1,9.533381090E-3,-5.394825935E-1
1.128194346E1,4.498993456E-1,-2.549403310E-1,-9.207688570E-1
1.130194346E1,5.315750241E-1,-5.157278851E-2,-1.102700710E0
1.132194346E1,6.242657900E-1,2.090748586E-2,-8.816084266E-1
1.134194346E1,6.952388883E-1,-5.473607779E-2,-6.954339743E-1
1.136194346E1,7.117590308E-1,-2.304283381E-1,-8.018434048E-1
1.138194346E1,7.481071353E-1,-1.064450890E-1,-9.670255184E-1
1.140194346E1,7.361419797E-1,-4.260690883E-2,-8.692219853E-1
1.142194346E1,8.186545968E-1,-3.825196996E-2,-7.619106770E-1
1.144194346E1,8.342359662E-1,-1.436718106E-1,-8.031029105E-1
1.146194346E1,8.026958108E-1,-2.510966659E-1,-9.426471591E-1
1.148194346E1,7.455905080E-1,-1.764824986E-1,-9.070175886E-1
1.150194346E1,7.441518307E-1,-9.171296842E-4,-7.196467519E-1
1.152194346E1,7.729312778E-1,7.254579104E-3,-6.788720489E-1
1.154194346E1,8.221473694E-1,-1.830358505E-1,-8.294813633E-1
1.156194346E1,7.642072439E-1,-1.863789260E-1,-9.261145592E-1
1.158194346E1,6.677670479E-1,-5.500606075E-2,-7.969558835E-1
1.160194346E1,7.329060435E-1,-7.673532516E-2,-6.841765642E-1
1.162194346E1,8.503962159E-1,-3.172258735E-1,-7.439005375E-1
1.164194346E1,8.353804946E-1,-3.487119973E-1,-8.098985553E-1
1.166194346E1,6.750754714E-1,-2.015197426E-1,-7.054972053E-1
1.168194346E1,6.559528708E-1,-1.104906946E-1,-5.975205898E-1
1.170194346E1,7.142738700E-1,-1.645728350E-1,-6.058093309E-1
1.172194346E1,6.519063711E-1,-7.097284496E-2,-5.195282102E-1
1.174194346E1,5.167177916E-1,4.841659963E-2,-4.551652074E-1
1.176194346E1,4.741728604E-1,-5.848490167E-3,-5.281607509E-1
1.178194346E1,4.537034929E-1,-9.744779021E-2,-5.514600873E-1
1.180194346E1,4.469490647E-1,-1.889354438E-1,-4.838251173E-1
1.182194346E1,5.208097696E-1,-2.666806877E-1,-4.059637487E-1
1.184194346E1,6.528621316E-1,-3.410482705E-1,-2.861862779E-1
1.186194346E1,6.481561661E-1,-2.559770048E-1,-2.313735485E-1
1.188194346E1,5.536180139E-1,-1.389013529E-1,-2.505971491E-1
1.190194346E1,4.344924390E-1,2.585423365E-2,-2.259841263E-1
1.192194346E1,3.287965357E-1,1.716191620E-1,-1.516083032E-1
1.194194346E1,2.706030011E-1,2.977281436E-2,-1.916704923E-1
1.196194346E1,1.839934587E-1,-1.230248436E-1,-3.196542561E-1
1.198194346E1,7.909884304E-2,-4.877425730E-2,-3.447704911E-1
1.200194346E1,1.685706526E-2,-7.325464487E-2,-2.666608691E-1
1.202194346E1,-1.460341457E-2,-8.035375178E-2,-1.839341968E-1
1.204194346E1,1.664095558E-2,-9.457324445E-2,4.971529357E-3
1.206194346E1,6.575107574E-2,-1.359304637E-1,1.284493059E-1
1.208194346E1,8.288443089E-2,-9.796395898E-2,1.801451445E-1
1.210194346E1,8.400171995E-2,7.155507058E-2,2.507118285E-1
1.212194346E1,1.098453030E-1,9.837204963E-2,2.420493364E-1
1.214194346E1,7.915429771E-2,1.146062762E-1,1.914497763E-1
1.216194346E1,-3.375164792E-2,1.040061563E-1,1.855964661E-1
1.218194346E1,-1.667259187E-1,9.863555431E-2,2.100146115E-1
1.220194346E1,-2.702069581E-1,1.583402231E-2,1.507508904E-1
1.222194346E1,-3.242532015E-1,-2.085702121E-2,6.972591579E-2
1.224194346E1,-3.392958641E-1,-9.660090506E-2,6.862390786E-2
1.226194346E1,-3.219684660E-1,-3.029052541E-2,1.828269362E-1
1.228194346E1,-3.335998952E-1,1.158144176E-1,2.641995251E-1
1.230194346E1,-3.289057314E-1,1.622275263E-1,2.116306275E-1
1.232194346E1,-4.768045843E-1,1.704757214E-1,2.360622138E-1
1.234194346E1,-7.243976593E-1,2.242853045E-1,2.054867148E-1
1.236194346E1,-7.944728732E-1,1.323551238E-1,1.185152978E-1
1.238194346E1,-6.641743779E-1,5.538829416E-2,1.758460701E-1
1.240194346E1,-5.301294327E-1,6.930770725E-2,3.577340245E-1
1.242194346E1,-5.286498666E-1,1.215757057E-1,4.639082551E-1
1.244194346E1,-5.700384974E-1,9.652047604E-2,4.145631790E-1
1.246194346E1,-6.532180309E-1,1.276600063E-1,4.760262966E-1
1.248194346E1,-7.593144774E-1,2.703851759E-1,6.052509546E-1
1.250194346E1,-5.701850057E-1,1.906627566E-1,6.151123643E-1
1.252194346E1,-2.754393518E-1,-7.751994580E-2,5.916714668E-1
1.254194346E1,-3.146970868E-1,-1.591220796E-1,5.950850844E-1
1.256194346E1,-6.375277042E-1,3.489400074E-2,5.288861990E-1
1.258194346E1,-7.147343159E-1,6.206883490E-2,4.469138980E-1
1.260194346E1,-6.677049994E-1,2.051948309E-1,4.891426265E-1
1.262194346E1,-6.780440211E-1,2.625935376E-1,4.598396420E-1
1.264194346E1,-6.906896234E-1,2.674874365E-1,3.786092699E-1
1.266194346E1,-6.791592240E-1,1.869209409E-1,4.926740825E-1
1.268194346E1,-7.151948810E-1,1.404005289E-1,7.009723186E-1
1.270194346E1,-7.366600633E-1,2.175999880E-1,6.839918494E-1
1.272194346E1,-7.661024332E-1,2.499168515E-1,5.265585184E-1
1.274194346E1,-7.960818410E-1,2.368431687E-1,4.456578791E-1
1.276194346E1,-7.508322597E-1,2.251717299E-1,5.204875469E-1
1.278194346E1,-6.782021523E-1,2.234316915E-1,6.283014417E-1
1.280194346E1,-6.616773605E-1,1.687998176E-1,7.110543251E-1
1.282194346E1,-7.176658511E-1,7.422276586E-2,7.242531776E-1
1.284194346E1,-7.417757511E-1,7.932711393E-2,5.735664964E-1
1.286194346E1,-7.355348468E-1,1.154248118E-1,4.901820421E-1
1.288194346E1,-6.982438564E-1,1.709092408E-1,5.717223883E-1
1.290194346E1,-6.281390786E-1,1.531068236E-1,7.033517361E-1
1.292194346E1,-6.058019400E-1,1.220138595E-1,7.363660336E-1
1.294194346E1,-6.084809303E-1,1.364052594E-1,7.197188735E-1
1.296194346E1,-5.443328023E-1,2.194050550E-1,7.409784198E-1
1.298194346E1,-5.560257435E-1,2.023339570E-1,7.776904702E-1
1.300194346E1,-6.041858196E-1,1.731500179E-1,8.092502356E-1
1.302194346E1,-5.030264854E-1,1.213926598E-1,7.809223533E-1
1.304194346E1,-3.643091619E-1,-3.803413734E-2,6.771256328E-1
1.306194346E1,-2.545084655E-1,-1.821463555E-1,4.903639555E-1
1.308194346E1,-2.264912277E-1,-2.002499253E-1,3.970232308E-1
1.310194346E1,-2.551846504E-1,-1.448338032E-1,4.203775525E-1
1.312194346E1,-2.521473765E-1,-6.532633305E-2,4.899237156E-1
1.314194346E1,-2.425620556E-1,3.791568428E-2,5.257558823E-1
1.316194346E1,-2.912760973E-1,1.751069129E-1,5.073972344E-1
1.318194346E1,-3.769523799E-1,2.532107532E-1,4.698021710E-1
1.320194346E1,-3.653074205E-1,2.346250117E-1,4.047364891E-1
1.322194346E1,-2.413464189E-1,1.128804162E-1,3.659107089E-1
1.324194346E1,-1.292978376E-1,-4.676973913E-3,3.430713713E-1
1.326194346E1,-1.320067197E-1,-2.154989354E-2,2.537944913E-1
1.328194346E1,-1.687444896E-1,-5.092403665E-2,8.706521988E-2
1.330194346E1,-1.337065399E-1,-3.945392370E-2,6.897212565E-2
1.332194346E1,-5.746685341E-2,-1.169999093E-1,2.031539530E-1
1.334194346E1,-3.985196818E-3,-1.688219905E-1,2.912375033E-1
1.336194346E1,-2.317612991E-2,-9.603657573E-2,1.961582750E-1
1.338194346E1,-6.634899974E-2,5.153176934E-2,2.509863675E-2
1.340194346E1,-5.311676860E-2,1.407730877E-1,-8.695012331E-2
1.342194346E1,1.625845395E-2,1.122889817E-1,-1.172930300E-1
1.344194346E1,3.622014821E-2,8.175964653E-2,-9.249139577E-2
1.346194346E1,1.965012960E-2,9.636386298E-3,-1.744011045E-2
1.348194346E1,2.391098812E-2,-7.348126918E-2,-4.304942675E-3
1.350194346E1,5.197490100E-3,-2.061804384E-2,-8.480014279E-3
1.352194346E1,2.105487511E-2,5.920912325E-2,2.015477419E-2
1.354194346E1,5.604531616E-2,5.757187679E-2,2.026812918E-2
1.356194346E1,4.861006886E-2,1.711892895E-2,-6.392414868E-2
1.358194346E1,4.029984400E-2,-4.996556323E-3,-1.203944013E-1
1.360194346E1,3.893880919E-2,-1.003837585E-2,-9.390288591E-2
1.362194346E1,5.430667102E-2,-6.298178341E-3,-4.010854289E-2
1.364194346E1,6.533731520E-2,-1.940512843E-2,-8.802501485E-3
1.366194346E1,7.159624249E-2,1.209453866E-2,-2.368940040E-2
1.368194346E1,9.008420259E-2,3.854658827E-2,-5.537266284E-2
1.370194346E1,1.160306558E-1,2.728820778E-2,-9.898466617E-2
1.372194346E1,1.101968065E-1,-4.157726839E-2,-1.635304689E-1
1.374194346E1,1.059175432E-1,-5.831155553E-2,-2.082469016E-1
1.376194346E1,1.465576142E-1,-3.505172580E-2,-1.807159781E-1
1.378194346E1,2.086976022E-1,5.052688997E-3,-1.500935704E-1
1.380194346E1,2.143835872E-1,-2.542239986E-2,-2.015653998E-1
1.382194346E1,1.502956748E-1,-6.834803522E-2,-2.978551090E-1
1.384194346E1,1.894865334E-1,-5.904380605E-2,-2.663738430E-1
1.386194346E1,3.008972704E-1,-5.940427631E-2,-1.568487138E-1
1.388194346E1,3.966672421E-1,-4.209219292E-2,-1.452188939E-1
1.390194346E1,4.658613503E-1,-6.987555325E-2,-2.837051153E-1
1.392194346E1,3.772208393E-1,-1.506841779E-1,-5.513746142E-1
1.394194346E1,3.310212493E-1,-2.090004236E-1,-7.293102741E-1
1.396194346E1,4.339496195E-1,-2.590343654E-1,-6.702530980E-1
1.398194346E1,5.643330216E-1,-1.707403213E-1,-4.685666561E-1
1.400194346E1,5.266641378E-1,-1.769023947E-2,-3.910695910E-1
1.402194346E1,4.292717576E-1,3.640588373E-2,-6.000885367E-1
1.404194346E1,4.195196927E-1,4.546223208E-2,-8.532202244E-1
1.406194346E1,5.303261280E-1,5.617526546E-2,-8.703893423E-1
1.408194346E1,5.684636235E-1,2.102231979E-2,-7.354428768E-1
1.410194346E1,5.589227080E-1,-3.893369809E-2,-6.818777323E-1
1.412194346E1,5.780090690E-1,-3.188529611E-2,-7.289282680E-1
1.414194346E1,6.308825612E-1,-5.982259661E-2,-7.154721022E-1
1.416194346E1,7.236183286E-1,-1.572073251E-1,-7.350453138E-1
1.418194346E1,7.626312375E-1,-2.056511343E-1,-8.516587019E-1
1.420194346E1,7.084938288E-1,-1.242181659E-1,-9.525450468E-1
1.422194346E1,6.856499314E-1,-7.376889884E-2,-9.804260135E-1
1.424194346E1,7.243137360E-1,-1.066113934E-1,-9.056453705E-1
1.426194346E1,7.388296723E-1,-8.868825436E-2,-8.135510683E-1
1.428194346E1,7.591888905E-1,-5.608522892E-2,-7.425740957E-1
1.430194346E1,7.948597074E-1,-1.356816739E-1,-7.356542945E-1
1.432194346E1,8.299981356E-1,-2.162077427E-1,-7.843304873E-1
1.434194346E1,8.041056991E-1,-1.945340633E-1,-7.571403980E-1
1.436194346E1,7.111511230E-1,-1.422472894E-1,-7.324948907E-1
1.438194346E1,6.281515956E-1,-1.171898022E-1,-7.368354797E-1
1.440194346E1,6.035638452E-1,-9.191560745E-2,-7.123845220E-1
1.442194346E1,5.895882845E-1,-1.026400328E-1,-6.095550060E-1
1.444194346E1,6.929141283E-1,-1.604055911E-1,-4.785194993E-1
1.446194346E1,7.977855802E-1,-1.462221295E-1,-3.921807706E-1
1.448194346E1,7.809407711E-1,-1.102452725E-1,-3.340966105E-1
1.450194346E1,7.668761015E-1,-1.998073310E-1,-3.725817204E-1
1.452194346E1,7.528496385E-1,-2.077525854E-1,-3.867579401E-1
1.454194346E1,6.044753194E-1,-3.860883415E-2,-2.633505166E-1
1.456194346E1,4.613554776E-1,-4.958059266E-2,-3.470634222E-1
1.458194346E1,3.958681226E-1,-1.426783949E-1,-5.521458387E-1
1.460194346E1,2.972314060E-1,-8.848298341E-2,-5.315181613E-1
1.462194346E1,2.615941763E-1,-5.959329009E-2,-4.392942786E-1
1.464194346E1,4.278824925E-1,-7.830892503E-2,-3.080249131E-1
1.466194346E1,6.158862710E-1,-1.755663604E-1,-2.419786304E-1
1.468194346E1,6.093615890E-1,-1.767768860E-1,-2.042028457E-1
1.470194346E1,4.085143805E-1,1.335051144E-3,-1.035383940E-1
1.472194346E1,3.269934058E-1,9.480055422E-3,-1.469244510E-1
1.474194346E1,2.790774703E-1,-3.917410970E-2,-2.763420641E-1
1.476194346E1,1.143093854E-1,-3.127622418E-3,-2.814185917E-1
1.478194346E1,6.167910248E-2,4.616876692E-2,-1.894554645E-1
1.480194346E1,1.695788652E-1,-1.807553470E-1,-1.239423528E-1
1.482194346E1,2.191399932E-1,-1.995979249E-1,3.157970309E-2
1.484194346E1,7.577844709E-2,-3.458286449E-2,1.137849092E-1
1.486194346E1,-5.266574677E-3,-1.988948509E-2,-2.210238716E-3
1.488194346E1,-8.277180605E-3,3.809877858E-2,-3.806698695E-2
1.490194346E1,-1.177524030E-1,1.095447391E-1,-1.668679644E-3
1.492194346E1,-1.825128496E-1,1.940009743E-1,4.210058600E-2
1.494194346E1,-9.175169468E-2,6.458285451E-2,7.810474932E-2
1.496194346E1,-3.542131558E-2,1.405949146E-2,1.028827950E-1
1.498194346E1,-1.241083369E-1,-1.958814450E-2,8.170494437E-2
1.500194346E1,-1.904793829E-1,6.745140254E-2,1.727797836E-1
1.502194346E1,-2.072556615E-1,1.630721390E-1,1.861790121E-1
1.504194346E1,-3.780689836E-1,2.011492699E-1,6.026152521E-2
1.506194346E1,-5.950511098E-1,9.856724739E-2,-3.824590147E-2
1.508194346E1,-6.909418702E-1,1.183914952E-2,-4.735827446E-2
1.510194346E1,-6.301593184E-1,-6.410675496E-2,-1.238626614E-2
1.512194346E1,-4.680470228E-1,-1.224089414E-2,1.123158336E-1
1.514194346E1,-3.606130183E-1,8.553985506E-2,2.126934379E-1
1.516194346E1,-3.824728727E-1,1.888781786E-1,2.097108066E-1
1.518194346E1,-4.992161989E-1,3.475702107E-1,1.519012451E-1
1.520194346E1,-6.357938051E-1,4.767437279E-1,1.232481748E-1
1.522194346E1,-5.945718288E-1,4.173732996E-1,1.492258310E-1
1.524194346E1,-4.336319268E-1,2.308746278E-1,2.454064786E-1
1.526194346E1,-3.534601033E-1,-2.433518413E-3,2.813789248E-1
1.528194346E1,-3.893803358E-1,4.684627056E-2,2.919605970E-1
1.530194346E1,-4.132461548E-1,5.029117689E-3,3.410093784E-1
1.532194346E1,-4.095309377E-1,2.051912248E-2,3.646597266E-1
1.534194346E1,-4.580921233E-1,1.760302857E-2,3.606611788E-1
1.536194346E1,-5.093313456E-1,1.408610344E-1,4.167263210E-1
1.538194346E1,-4.919582605E-1,1.193470955E-1,4.974329472E-1
1.540194346E1,-5.038435459E-1,1.484183520E-1,5.673993230E-1
1.542194346E1,-6.587084532E-1,2.273192406E-1,6.060247421E-1
1.544194346E1,-8.163588047E-1,2.771323323E-1,5.123437643E-1
1.546194346E1,-8.861771226E-1,1.269795895E-1,3.694008589E-1
1.548194346E1,-1.003623605E0,1.331790239E-1,4.145922363E-1
1.550194346E1,-1.120977402E0,1.619777232E-1,5.659579039E-1
1.552194346E1,-1.036024332E0,1.315207481E-1,5.911127925E-1
1.554194346E1,-7.126685381E-1,3.162212297E-2,5.955731869E-1
1.556194346E1,-4.681141376E-1,-1.375380903E-1,7.379202843E-1
1.558194346E1,-5.112820268E-1,1.017677709E-1,9.113248587E-1
1.560194346E1,-7.838073373E-1,4.133410454E-1,9.410904050E-1
1.562194346E1,-8.346750140E-1,3.945190012E-1,8.611396551E-1
1.564194346E1,-7.152729630E-1,1.470592171E-1,7.846077681E-1
1.566194346E1,-6.740633249E-1,4.933845252E-2,7.684963942E-1
1.568194346E1,-7.008331418E-1,1.388160139E-1,7.713317275E-1
1.570194346E1,-6.563363075E-1,1.520387381E-1,8.121008277E-1
1.572194346E1,-5.123297572E-1,6.717425585E-2,8.375287056E-1
1.574194346E1,-4.223719239E-1,7.227905095E-2,8.179060221E-1
1.576194346E1,-4.595091045E-1,1.879559904E-1,7.480458617E-1
1.578194346E1,-5.618247390E-1,2.661832571E-1,6.766898632E-1
1.580194346E1,-4.867945910E-1,1.310845912E-1,6.758156419E-1
1.582194346E1,-3.617852628E-1,1.163163036E-2,7.692047954E-1
1.584194346E1,-3.180081844E-1,3.463140130E-2,8.552530408E-1
1.586194346E1,-3.239378631E-1,-1.695901155E-2,8.598517776E-1
1.588194346E1,-3.711373508E-1,7.816447876E-3,7.855691910E-1
1.590194346E1,-3.802337945E-1,1.660673320E-1,7.252287269E-1
1.592194346E1,-3.036485016E-1,2.448812872E-1,6.763107777E-1
1.594194346E1,-3.009247184E-1,1.037770584E-1,5.189276338E-1
1.596194346E1,-3.433123529E-1,6.142767891E-2,4.171883166E-1
1.598194346E1,-2.783355415E-1,5.149634928E-2,3.737263978E-1
1.600194346E1,-1.247745678E-1,8.598009124E-3,3.486791849E-1
1.602194346E1,-9.493730217E-2,3.497316316E-2,3.169902265E-1
1.604194346E1,-1.293871850E-1,9.857165068E-2,1.765917391E-1
1.606194346E1,-9.580932558E-2,1.467121392E-1,3.161780909E-2
1.608194346E1,-1.409686804E-1,8.860277385E-2,1.622914709E-2
1.610194346E1,-1.803998500E-1,1.630033553E-2,7.496108860E-2
1.612194346E1,-7.223884761E-2,-1.306558698E-1,1.641044319E-1
1.614194346E1,1.216409132E-1,-2.846662700E-1,2.321525514E-1
1.616194346E1,9.730806947E-2,-2.854672074E-1,1.960484535E-1
1.618194346E1,-2.424652502E-2,-2.629793584E-1,7.362288982E-2
1.620194346E1,-2.768466622E-2,-2.454440594E-1,9.185435623E-2
1.622194346E1,6.104103848E-2,-2.235765010E-1,2.531284988E-1
1.624194346E1,1.268804669E-1,-2.075165212E-1,3.463939428E-1
1.626194346E1,7.285778970E-2,-1.554086953E-1,2.282932103E-1
1.628194346E1,-4.070512019E-3,-9.529847652E-3,-1.786929555E-2
1.630194346E1,-4.125370458E-2,1.610069871E-1,-1.953629404E-1
1.632194346E1,-2.696860582E-2,1.856662035E-1,-2.493785471E-1
1.634194346E1,3.209454566E-2,4.849482700E-2,-2.490695864E-1
1.636194346E1,8.175980300E-2,-6.467960030E-2,-1.622016281E-1
1.638194346E1,9.238754213E-2,-2.064449899E-2,-1.178347319E-2
1.640194346E1,4.442574084E-2,3.865397722E-2,9.019017965E-2
1.642194346E1,2.062364109E-2,5.890805274E-2,3.956875950E-2
1.644194346E1,2.334286831E-2,2.337430418E-2,-9.342515469E-2
1.646194346E1,7.370920479E-2,2.640558220E-2,-1.930169761E-1
1.648194346E1,9.577871859E-2,3.599289060E-2,-2.076899409E-1
1.650194346E1,8.850724995E-2,2.563099191E-2,-1.745600998E-1
1.652194346E1,9.764449298E-2,3.214600682E-2,-1.284707934E-1
1.654194346E1,1.190154552E-1,3.705202043E-2,-1.196081117E-1
1.656194346E1,1.511470079E-1,1.733484864E-2,-1.615921706E-1
1.658194346E1,1.649981439E-1,-3.067774326E-2,-2.401540279E-1
1.660194346E1,1.789506525E-1,-3.243830428E-2,-3.226255178E-1
1.662194346E1,2.005698234E-1,-1.405742578E-2,-3.389268816E-1
1.664194346E1,2.138505578E-1,9.635448456E-3,-3.337190151E-1
1.666194346E1,2.228969485E-1,-8.305247873E-2,-3.770111203E-1
1.668194346E1,3.006232083E-1,-1.694415063E-1,-4.184820354E-1
1.670194346E1,3.645659089E-1,-1.376091242E-1,-3.890013099E-1
1.672194346E1,3.017260730E-1,-8.553525805E-2,-3.899312317E-1
1.674194346E1,2.287230790E-1,-7.011523843E-2,-5.424423218E-1
1.676194346E1,2.875829935E-1,-5.074958503E-2,-6.396147013E-1
1.678194346E1,4.047433138E-1,-9.382789955E-3,-5.649337173E-1
1.680194346E1,4.666849077E-1,3.391131759E-2,-4.874158502E-1
1.682194346E1,4.573731124E-1,-1.214379519E-1,-6.150977015E-1
1.684194346E1,4.396012723E-1,-3.674820065E-1,-8.214611411E-1
1.686194346E1,4.858010113E-1,-2.920602262E-1,-8.133307695E-1
1.688194346E1,5.093749166E-1,-1.297304928E-1,-6.476015449E-1
1.690194346E1,5.937899947E-1,-1.130827516E-1,-5.565229058E-1
1.692194346E1,6.623119712E-1,-3.281399310E-1,-7.051516771E-1
1.694194346E1,5.797282457E-1,-3.219281137E-1,-8.640898466E-1
1.696194346E1,5.178853869E-1,-8.939366788E-2,-8.073671460E-1
1.698194346E1,5.663651228E-1,1.368552260E-2,-7.221072912E-1
1.700194346E1,7.126270533E-1,-2.303496599E-1,-8.730584979E-1
1.702194346E1,7.960155010E-1,-2.056253850E-1,-1.004671812E0
1.704194346E1,6.597873569E-1,-1.128533855E-1,-9.610723853E-1
1.706194346E1,6.796107292E-1,-7.105313241E-2,-8.517667055E-1
1.708194346E1,8.270072341E-1,-2.088751048E-1,-7.574329972E-1
1.710194346E1,9.232122302E-1,-3.608890176E-1,-7.608790398E-1
1.712194346E1,8.145282865E-1,-2.195704579E-1,-7.439679503E-1
1.714194346E1,6.010136604E-1,-5.343259498E-2,-7.231293321E-1
1.716194346E1,6.209390759E-1,-1.484139450E-2,-7.476782799E-1
1.718194346E1,6.096724868E-1,2.068403177E-2,-7.242131233E-1
1.720194346E1,5.121775270E-1,5.797708780E-2,-6.739009023E-1
1.722194346E1,4.873541594E-1,1.399479806E-2,-6.334788203E-1
1.724194346E1,5.776825547E-1,-6.221682578E-2,-4.887984991E-1
1.726194346E1,6.695349813E-1,-1.494745165E-1,-3.721628785E-1
1.728194346E1,7.861492038E-1,-2.764389217E-1,-4.032530785E-1
1.730194346E1,8.106560707E-1,-2.619611621E-1,-4.121035039E-1
1.732194346E1,6.736775637E-1,-1.766366065E-1,-3.656699359E-1
1.734194346E1,5.077517629E-1,-3.175360337E-2,-2.428726405E-1
1.736194346E1,4.044606388E-1,-8.803951740E-2,-2.198524028E-1
1.738194346E1,3.293689489E-1,-1.196723357E-1,-3.182493448E-1
1.740194346E1,2.962438166E-1,-8.321718872E-2,-3.759626150E-1
1.742194346E1,3.024434447E-1,-1.698182523E-1,-3.854134083E-1
1.744194346E1,3.198769987E-1,-1.057673097E-1,-3.110836148E-1
1.746194346E1,3.275998235E-1,-8.211618662E-2,-1.967960745E-1
1.748194346E1,3.152913451E-1,-1.237165332E-1,-1.933106035E-1
1.750194346E1,2.810695767E-1,-3.602024168E-2,-1.243252605E-1
1.752194346E1,2.282591909E-1,1.040322706E-1,1.925402880E-2
1.754194346E1,2.024850547E-1,2.114070021E-2,-3.752895445E-2
1.756194346E1,1.246656999E-1,-6.567341834E-2,-1.412429363E-1
1.758194346E1,3.860131279E-2,-6.222449243E-2,-1.058292165E-1
1.760194346E1,5.269938707E-2,-1.229804531E-1,-1.145605277E-2
1.762194346E1,7.768909633E-2,-1.464459747E-1,1.487176493E-2
1.764194346E1,2.463892847E-2,-4.188706353E-2,3.826734051E-2
1.766194346E1,7.097373158E-2,-1.512163132E-2,9.881293029E-2
1.768194346E1,1.277379841E-1,-1.737099513E-2,1.423498243E-1
1.770194346E1,8.580024540E-2,-1.268740743E-3,1.730315089E-1
1.772194346E1,-1.204235479E-2,9.852378070E-2,2.160715163E-1
1.774194346E1,-1.258714199E-1,8.971451968E-2,1.642853469E-1
1.776194346E1,-1.992389113E-1,5.475127604E-3,1.122174636E-1
1.778194346E1,-2.572479844E-1,-1.412554644E-2,1.546799839E-1
1.780194346E1,-2.705657482E-1,1.116475323E-3,1.959596574E-1
1.782194346E1,-3.578367233E-1,7.888806984E-3,1.880105734E-1
1.784194346E1,-4.912219644E-1,-4.934350401E-2,9.739473462E-2
1.786194346E1,-5.795910954E-1,-5.268904194E-2,1.687879711E-1
1.788194346E1,-6.130958796E-1,-4.867566377E-2,3.656907976E-1
1.790194346E1,-6.272702217E-1,-5.766794458E-2,5.090143085E-1
1.792194346E1,-6.219028831E-1,-3.725954797E-3,5.476176739E-1
1.794194346E1,-5.863975286E-1,1.111354977E-1,5.388495326E-1
1.796194346E1,-5.543096066E-1,2.170729339E-1,5.538451672E-1
1.798194346E1,-5.746700168E-1,3.575601280E-1,6.412459612E-1
1.800194346E1,-6.924459338E-1,3.817741275E-1,6.366134286E-1
1.802194346E1,-7.959311604E-1,2.628135681E-1,5.946123600E-1
1.804194346E1,-8.415792584E-1,1.600021124E-1,5.801311731E-1
1.806194346E1,-8.379029036E-1,1.070913076E-1,5.750902891E-1
1.808194346E1,-8.409773707E-1,1.352947056E-1,5.989001989E-1
1.810194346E1,-8.601807356E-1,1.278138161E-1,6.161649227E-1
1.812194346E1,-7.734498382E-1,5.281760544E-2,7.223400474E-1
1.814194346E1,-6.258996129E-1,7.437416911E-2,9.024395943E-1
1.816194346E1,-5.640915036E-1,8.051469177E-2,9.062351584E-1
1.818194346E1,-6.703757644E-1,1.357806027E-1,7.715025544E-1
1.820194346E1,-8.649682403E-1,2.820438147E-1,6.863816381E-1
1.822194346E1,-9.368736744E-1,3.845886886E-1,6.758756042E-1
1.824194346E1,-8.142582178E-1,2.300450057E-1,6.418765187E-1
1.826194346E1,-6.590690017E-1,-1.023098361E-3,5.923194885E-1
1.828194346E1,-6.722710133E-1,4.751332104E-2,6.352556348E-1
1.830194346E1,-7.628368139E-1,1.777197421E-1,6.987262368E-1
1.832194346E1,-7.767210007E-1,1.864674687E-1,7.114145756E-1
1.834194346E1,-6.916133165E-1,1.568667740E-1,7.339367867E-1
1.836194346E1,-5.439473987E-1,1.032160595E-1,7.209712267E-1
1.838194346E1,-4.813941121E-1,1.183536872E-1,6.365808845E-1
1.840194346E1,-5.438364744E-1,1.706943810E-1,5.254554749E-1
1.842194346E1,-5.484454632E-1,2.548462152E-1,4.737000763E-1
1.844194346E1,-4.589409828E-1,2.402211726E-1,5.449123979E-1
1.846194346E1,-3.726238906E-1,2.056617439E-1,6.410385370E-1
1.848194346E1,-3.206971586E-1,1.460996419E-1,6.427060366E-1
1.850194346E1,-3.041986823E-1,1.038284674E-1,5.678164363E-1
1.852194346E1,-3.014781773E-1,1.123472601E-1,4.822452664E-1
1.854194346E1,-2.629829943E-1,4.896108434E-2,4.666777849E-1
1.856194346E1,-2.204500288E-1,-1.153589487E-1,5.000051260E-1
1.858194346E1,-1.398246884E-1,-1.185893714E-1,5.758035183E-1
1.860194346E1,-7.935830951E-2,-8.851473778E-2,6.495679021E-1
1.862194346E1,-1.731889844E-1,-5.946778506E-2,5.841211081E-1
1.864194346E1,-2.691833079E-1,1.571297459E-2,3.832516074E-1
1.866194346E1,-3.206035197E-1,4.149031639E-2,2.841782868E-1
1.868194346E1,-2.761985660E-1,-4.032769427E-2,3.412066400E-1
1.870194346E1,-1.947123408E-1,-5.454400927E-2,4.742787778E-1
1.872194346E1,-1.763259023E-1,-3.858068213E-2,5.530807972E-1
1.874194346E1,-1.817256361E-1,7.903283089E-2,5.048762560E-1
1.876194346E1,-1.592772156E-1,1.500817984E-1,3.676272929E-1
1.878194346E1,-1.550773680E-1,1.852535456E-1,1.597259343E-1
1.880194346E1,-1.359324008E-1,1.800808161E-1,-1.269949228E-1
1.882194346E1,-6.529822201E-2,1.124573722E-1,-3.073477745E-1
1.884194346E1,-6.953350268E-3,3.618244827E-2,-1.983969063E-1
1.886194346E1,8.538672328E-2,-3.911904246E-2,2.545792609E-2
1.888194346E1,1.863548011E-1,-9.303744882E-2,1.038474217E-1
1.890194346E1,1.791536212E-1,-5.681429058E-2,-1.479644980E-2
1.892194346E1,7.990180701E-2,2.703600004E-2,-1.878807992E-1
1.894194346E1,2.343824320E-2,8.734948933E-2,-2.170282304E-1
1.896194346E1,3.861926123E-2,6.224614009E-2,-1.149944887E-1
1.898194346E1,7.506484538E-2,1.067934185E-1,-5.720659345E-2
1.900194346E1,6.910086423E-2,1.065355539E-1,-4.963151738E-2
1.902194346E1,9.501118213E-3,3.411103040E-2,-4.057113454E-2
1.904194346E1,1.547951717E-2,-4.027238861E-2,2.368658315E-4
1.906194346E1,8.852493763E-2,-8.515750617E-2,2.887161076E-2
1.908194346E1,1.325391531E-1,-1.221107990E-1,4.183431156E-5
1.910194346E1,1.218608841E-1,-1.140101254E-1,-6.305373460E-2
1.912194346E1,1.011449173E-1,-8.478311822E-3,-1.041272283E-1
1.914194346E1,1.152090803E-1,4.769470543E-2,-1.036404967E-1
1.916194346E1,1.227842420E-1,5.928782746E-2,-1.808463484E-1
1.918194346E1,1.805424541E-1,2.289651521E-2,-3.259096146E-1
1.920194346E1,2.483163178E-1,-5.045358464E-2,-3.685624599E-1
1.922194346E1,3.098932505E-1,-1.397123635E-1,-3.038075566E-1
1.924194346E1,3.575114906E-1,-2.316848338E-1,-2.809810042E-1
1.926194346E1,4.147297442E-1,-3.168172240E-1,-3.317194581E-1
1.928194346E1,4.782368541E-1,-3.452558219E-1,-4.201730490E-1
1.930194346E1,5.001083016E-1,-2.716063261E-1,-4.719319344E-1
1.932194346E1,4.623663425E-1,-2.185888737E-1,-5.007994175E-1
1.934194346E1,4.872123897E-1,-2.201257050E-1,-5.829060674E-1
1.936194346E1,5.554260612E-1,-2.158888131E-1,-6.131730080E-1
1.938194346E1,5.436521173E-1,-1.845983416E-1,-5.843546391E-1
1.940194346E1,5.332789421E-1,-9.610389173E-2,-6.331881285E-1
1.942194346E1,5.318958163E-1,-9.952100366E-2,-6.882234812E-1
1.944194346E1,5.731716156E-1,-2.746086717E-1,-7.647613883E-1
1.946194346E1,6.572155952E-1,-3.160650134E-1,-7.698466182E-1
1.948194346E1,6.281054616E-1,-2.577146292E-1,-7.037820220E-1
1.950194346E1,5.734856129E-1,-1.404018402E-1,-7.462431788E-1
1.952194346E1,6.110101342E-1,-1.168965995E-1,-8.774700165E-1
1.954194346E1,6.496770382E-1,-1.102339625E-1,-9.133007526E-1
1.956194346E1,6.939747334E-1,-9.522232413E-2,-8.422834873E-1
1.958194346E1,6.458575130E-1,-6.018237397E-2,-7.564633489E-1
1.960194346E1,6.944647431E-1,-5.478348956E-2,-8.288327456E-1
1.962194346E1,7.761204243E-1,-9.030479938E-2,-8.778587580E-1
1.964194346E1,7.768557072E-1,-2.232381403E-1,-8.401114345E-1
1.966194346E1,7.209320068E-1,-2.362420261E-1,-8.536280394E-1
1.968194346E1,6.798497438E-1,-2.349863499E-1,-8.545514941E-1
1.970194346E1,7.334806919E-1,-3.007443249E-1,-8.499667645E-1
1.972194346E1,7.264705300E-1,-2.611299455E-1,-7.751333714E-1
1.974194346E1,5.365798473E-1,-2.148625255E-2,-6.472878456E-1
1.976194346E1,4.235502779E-1,2.429458648E-1,-5.991495848E-1
1.978194346E1,4.823173583E-1,1.302036047E-1,-7.307782769E-1
1.980194346E1,5.300698280E-1,-5.488216504E-2,-8.074077964E-1
1.982194346E1,5.027787089E-1,-9.192433208E-2,-7.185387611E-1
1.984194346E1,5.539582968E-1,-1.092892066E-1,-6.051773429E-1
1.986194346E1,6.703659892E-1,-2.075093091E-1,-6.013005972E-1
1.988194346E1,7.241013050E-1,-3.525590599E-1,-6.310611963E-1
1.990194346E1,5.961351991E-1,-1.366146505E-1,-6.204825044E-1
1.992194346E1,4.990504980E-1,1.114730611E-1,-4.854153395E-1
1.994194346E1,5.819527507E-1,-5.097976327E-2,-4.494695067E-1
1.996194346E1,6.285545826E-1,-1.611528695E-1,-6.071603298E-1
1.998194346E1,4.757636189E-1,-6.906649470E-2,-7.235220075E-1
2.000194346E1,3.219822645E-1,1.413773559E-2,-6.542017460E-1
2.002194346E1,3.067438006E-1,6.087347120E-2,-4.682753086E-1
2.004194346E1,3.505398631E-1,9.843729436E-3,-3.009093702E-1
2.006194346E1,3.420796394E-1,-5.174536631E-2,-2.127712369E-1
2.008194346E1,3.348572850E-1,-1.458316296E-1,-1.171466857E-1
2.010194346E1,3.325355649E-1,-2.011751235E-1,-2.249269560E-2
2.012194346E1,2.273674756E-1,-1.864342541E-1,-5.516666546E-2
2.014194346E1,8.870635182E-2,-8.435656130E-2,-1.234322190E-1
2.016194346E1,7.976570725E-2,-2.074244618E-2,-6.993710250E-2
2.018194346E1,1.264010370E-1,-2.327303588E-2,3.130179644E-2
2.020194346E1,9.535347670E-2,3.366488218E-2,7.476061583E-2
2.022194346E1,4.826242849E-2,4.997488111E-3,6.385932863E-2
2.024194346E1,1.386151612E-1,-1.933319718E-1,1.066337600E-1
2.026194346E1,1.304454505E-1,-2.239195853E-1,2.441233695E-1
2.028194346E1,-7.594127953E-2,-2.479636669E-2,2.292634994E-1
2.030194346E1,-2.227479964E-1,-4.518585280E-2,4.499838129E-2
2.032194346E1,-2.739069462E-1,-7.329837233E-2,3.770130873E-2
2.034194346E1,-2.922870517E-1,5.803360790E-2,1.983761489E-1
2.036194346E1,-2.648978531E-1,1.335167736E-1,2.559615076E-1
2.038194346E1,-2.119856924E-1,2.748130821E-2,1.938770860E-1
2.040194346E1,-3.282212317E-1,-5.788047984E-2,2.034030110E-1
2.042194346E1,-6.504493952E-1,1.367412657E-1,1.930343956E-1
2.044194346E1,-7.824485898E-1,2.634153664E-1,1.065214276E-1
2.046194346E1,-7.213975787E-1,2.167674750E-1,1.091015562E-1
2.048194346E1,-7.348282337E-1,1.923449337E-1,1.757086366E-1
2.050194346E1,-7.667543888E-1,1.411794424E-1,1.755267084E-1
2.052194346E1,-6.970189214E-1,1.357965916E-1,2.045326978E-1
2.054194346E1,-5.773748159E-1,7.095467299E-2,3.096597493E-1
2.056194346E1,-4.686518013E-1,1.489986032E-1,4.376494288E-1
2.058194346E1,-3.391402960E-1,1.491171122E-1,5.382318497E-1
2.060194346E1,-2.988217175E-1,1.384475529E-1,6.121176481E-1
2.062194346E1,-4.930227399E-1,1.963258833E-1,5.972924829E-1
2.064194346E1,-8.016129732E-1,4.020076394E-1,5.560813546E-1
2.066194346E1,-8.420358896E-1,2.846362591E-1,4.682903886E-1
2.068194346E1,-6.262151003E-1,-1.315936446E-3,5.187097192E-1
2.070194346E1,-4.397808015E-1,-9.850267321E-2,6.512129307E-1
2.072194346E1,-4.241483510E-1,-4.809668660E-2,7.542589903E-1
2.074194346E1,-5.296819210E-1,5.717800185E-2,8.520839810E-1
2.076194346E1,-7.096719146E-1,1.175230369E-1,8.539615870E-1
2.078194346E1,-8.791385293E-1,1.772876829E-1,7.342488766E-1
2.080194346E1,-9.403092861E-1,2.540969253E-1,6.505653262E-1
2.082194346E1,-8.306081295E-1,1.442796290E-1,7.641281486E-1
2.084194346E1,-6.008750796E-1,5.296215788E-2,1.016238332E0
2.086194346E1,-6.389722824E-1,4.612931050E-3,1.068230152E0
2.088194346E1,-7.220389247E-1,2.949563228E-2,9.713374972E-1
2.090194346E1,-7.725145221E-1,-2.779467031E-3,9.500032067E-1
2.092194346E1,-7.824285626E-1,7.156252116E-2,9.210893512E-1
2.094194346E1,-7.633268833E-1,2.978805602E-1,8.689492941E-1
2.096194346E1,-7.299686074E-1,3.316097856E-1,8.436167836E-1
2.098194346E1,-6.054452062E-1,1.318895966E-1,8.139982224E-1
2.100194346E1,-5.430533290E-1,3.926173598E-2,8.032127023E-1
2.102194346E1,-5.535594821E-1,8.073246479E-2,8.860615492E-1
2.104194346E1,-5.396983624E-1,7.649131119E-2,9.007382393E-1
2.106194346E1,-5.044077635E-1,6.042921543E-2,7.479755878E-1
2.108194346E1,-5.210347772E-1,1.657189280E-1,5.476335287E-1
2.110194346E1,-4.876843989E-1,4.196384251E-1,5.080534220E-1
2.112194346E1,-4.147955179E-1,7.641224861E-1,6.944540143E-1
2.114194346E1,-5.014190078E-1,7.301363945E-1,8.447007537E-1
2.116194346E1,-4.876832664E-1,7.976776958E-1,6.997703910E-1
2.118194346E1,-3.868435025E-1,7.495616674E-1,3.731061518E-1
2.120194346E1,-3.319619000E-1,5.335609913E-1,8.275888860E-2
2.122194346E1,-2.852364182E-1,2.822844088E-1,-9.967355430E-2
2.124194346E1,-1.717981547E-1,4.808397591E-2,-1.247181967E-1
2.126194346E1,-5.854441226E-2,-1.342022866E-1,4.476032779E-2
2.128194346E1,1.911846362E-2,-2.036746144E-1,3.441643715E-1
2.130194346E1,-2.066676691E-2,-1.073139906E-1,5.435802937E-1
2.132194346E1,-8.951693773E-2,4.992834479E-2,4.754379988E-1
2.134194346E1,-1.363113374E-1,1.525189131E-1,1.698735356E-1
2.136194346E1,-1.591801047E-1,1.170779541E-1,-8.594709635E-2
2.138194346E1,-1.778166741E-1,1.201174855E-1,-7.771962136E-2
2.140194346E1,-1.421607137E-1,1.537687182E-1,6.540361792E-2
2.142194346E1,-5.656626541E-3,9.010674432E-3,9.666576236E-2
2.144194346E1,4.732882231E-2,-6.558500230E-2,-2.634721436E-2
2.146194346E1,-7.038753945E-3,6.851832569E-2,-1.203972995E-1
2.148194346E1,7.875494659E-3,9.907972068E-2,-7.632765919E-2
2.150194346E1,3.641182929E-2,1.019664947E-2,-1.832152158E-2
2.152194346E1,-2.512133680E-2,-2.502997965E-2,-5.272725970E-2
2.154194346E1,-2.096500807E-2,8.744891733E-3,-6.401472539E-2
2.156194346E1,7.429122180E-2,-6.174720451E-2,-1.036516577E-2
2.158194346E1,1.084058955E-1,-9.811365604E-2,1.202585921E-2
2.160194346E1,9.793939441E-2,-5.274538323E-2,-6.054681912E-2
2.162194346E1,7.365833223E-2,-6.965431850E-3,-1.786409318E-1
2.164194346E1,5.004215986E-2,3.726448864E-2,-2.327573895E-1
2.166194346E1,4.058912769E-2,-1.728798077E-2,-1.218043268E-1
2.168194346E1,8.346399665E-2,-9.917637706E-2,6.655371748E-3
2.170194346E1,1.534856856E-1,-1.398138255E-1,3.126887232E-2
2.172194346E1,1.739670038E-1,-1.746647507E-1,-5.371715873E-2
2.174194346E1,1.727771014E-1,-1.841112524E-1,-1.870448291E-1
2.176194346E1,1.852904707E-1,-1.777496934E-1,-1.970887929E-1
2.178194346E1,1.748545617E-1,-1.090717614E-1,-1.420232505E-1
2.180194346E1,1.835456938E-1,-7.608697563E-2,-1.630532146E-1
2.182194346E1,1.985321045E-1,-1.251895428E-1,-2.857338190E-1
2.184194346E1,2.330110073E-1,-1.280338615E-1,-3.781491220E-1
2.186194346E1,2.923648655E-1,-1.435651630E-1,-3.381516337E-1
2.188194346E1,3.257761598E-1,-1.665272415E-1,-2.747140527E-1
2.190194346E1,3.524210155E-1,-1.724210232E-1,-2.704187632E-1
2.192194346E1,3.636012375E-1,-1.817908436E-1,-3.461368978E-1
2.194194346E1,3.593237996E-1,-1.545269787E-1,-4.648439884E-1
2.196194346E1,3.502515554E-1,-7.243818790E-2,-5.225990415E-1
2.198194346E1,4.102056026E-1,-6.972344127E-3,-5.206389427E-1
2.200194346E1,4.504001439E-1,-2.621875703E-2,-5.224809647E-1
2.202194346E1,4.941943884E-1,-6.705947220E-2,-5.801541209E-1
2.204194346E1,6.144231558E-1,-1.680807322E-1,-6.029866338E-1
2.206194346E1,7.182355523E-1,-2.928775549E-1,-5.232603550E-1
2.208194346E1,7.172922492E-1,-3.461168706E-1,-4.375996292E-1
2.210194346E1,5.526248217E-1,-4.486837387E-1,-5.197157860E-1
2.212194346E1,6.895033121E-1,-5.536613464E-1,-7.290310860E-1
2.214194346E1,9.391512871E-1,-7.150590420E-1,-6.420785189E-1
2.216194346E1,9.905696511E-1,-6.928783655E-1,-5.018505454E-1
2.218194346E1,8.189902306E-1,-4.389188290E-1,-5.657206774E-1
2.220194346E1,6.677223444E-1,-2.891175449E-1,-8.314560652E-1
2.222194346E1,6.689919829E-1,-1.758133173E-1,-9.483926892E-1
2.224194346E1,7.083116174E-1,-5.402433872E-2,-8.697337508E-1
2.226194346E1,6.112384200E-1,4.564512987E-3,-7.605917454E-1
2.228194346E1,4.882748127E-1,1.981778257E-2,-7.738307714E-1
2.230194346E1,6.187345386E-1,-1.860824227E-2,-6.229287386E-1
2.232194346E1,6.566997170E-1,-1.925022006E-1,-5.416441560E-1
2.234194346E1,5.576812029E-1,-2.189659029E-1,-6.639105678E-1
2.236194346E1,4.251021147E-1,-1.329465359E-1,-7.374400496E-1
2.238194346E1,4.302664995E-1,-3.220865503E-2,-6.472634077E-1
2.240194346E1,4.476511776E-1,-7.403102238E-3,-5.565699935E-1
2.242194346E1,4.167217910E-1,4.189673439E-2,-5.004672408E-1
2.244194346E1,3.897883594E-1,8.645793051E-2,-4.718474448E-1
2.246194346E1,4.970255792E-1,-1.860104874E-2,-4.809981287E-1
2.248194346E1,6.146939397E-1,-1.651362926E-1,-4.415709078E-1
2.250194346E1,6.101378202E-1,-2.016807795E-1,-4.137239754E-1
2.252194346E1,5.181441307E-1,-1.254536659E-1,-4.213801622E-1
2.254194346E1,5.173251629E-1,-1.330773681E-1,-4.080922604E-1
2.256194346E1,5.236625671E-1,-2.295367122E-1,-4.032253921E-1
2.258194346E1,4.844533205E-1,-1.894627959E-1,-3.948763609E-1
2.260194346E1,3.715972304E-1,-7.953817397E-2,-3.603288233E-1
2.262194346E1,3.265530169E-1,-3.521270305E-2,-3.152909279E-1
2.264194346E1,3.078637421E-1,-8.369175345E-2,-3.184088171E-1
2.266194346E1,3.217806220E-1,-6.234340370E-2,-2.927376032E-1
2.268194346E1,2.716546059E-1,-3.785350174E-2,-2.454433739E-1
2.270194346E1,2.116643041E-1,3.290815279E-2,-1.815368980E-1
2.272194346E1,2.428224534E-1,7.765197754E-2,-9.429474175E-2
2.274194346E1,3.009668589E-1,-1.006125584E-1,-7.740142941E-2
2.276194346E1,2.790302336E-1,-1.236546934E-1,-8.572745323E-2
2.278194346E1,1.527190208E-1,-3.448780254E-2,-7.240539789E-2
2.280194346E1,4.746734351E-2,1.068599708E-2,-5.490525812E-2
2.282194346E1,2.677830309E-2,-8.552418090E-3,-2.054379322E-2
2.284194346E1,4.499230161E-2,-4.316544905E-2,3.356177732E-2
2.286194346E1,1.156639960E-2,-3.909553960E-2,4.588306323E-2
2.288194346E1,-1.066694036E-1,-1.963083819E-2,-7.383201271E-3
2.290194346E1,-1.634275764E-1,-7.175614685E-2,3.856713697E-2
2.292194346E1,-1.752966195E-1,5.170588195E-2,2.270980179E-1
2.294194346E1,-2.453363687E-1,1.610056013E-1,2.113475204E-1
2.296194346E1,-3.127162457E-1,1.340627372E-1,4.636641592E-2
2.298194346E1,-3.536642194E-1,1.234929115E-1,-2.508981386E-3
2.300194346E1,-3.398455977E-1,1.003729329E-1,1.298046708E-1
2.302194346E1,-2.375151664E-1,5.146997049E-2,2.790380418E-1
2.304194346E1,-2.220026851E-1,-4.040701315E-4,2.934712768E-1
2.306194346E1,-3.665069938E-1,2.018829249E-2,2.673495114E-1
2.308194346E1,-3.952834606E-1,5.088903941E-3,3.816967010E-1
2.310194346E1,-4.147984982E-1,6.268808991E-2,4.628410935E-1
2.312194346E1,-4.168503881E-1,7.382148504E-2,3.447598219E-1
2.314194346E1,-4.276342094E-1,1.943109930E-2,3.399254978E-1
2.316194346E1,-5.275062919E-1,1.933521125E-3,5.551217198E-1
2.318194346E1,-6.724032760E-1,1.159614399E-1,6.899475455E-1
2.320194346E1,-7.109465003E-1,1.788090169E-1,6.089851260E-1
2.322194346E1,-6.617602706E-1,1.312214583E-1,5.412690639E-1
2.324194346E1,-6.543620229E-1,1.724598557E-1,6.563079953E-1
2.326194346E1,-6.476929784E-1,2.072851658E-1,7.556208968E-1
2.328194346E1,-5.764266849E-1,1.683326215E-1,7.530131340E-1
2.330194346E1,-5.455340743E-1,1.355115622E-1,6.886368394E-1
2.332194346E1,-6.680409908E-1,1.849639565E-1,5.947251916E-1
2.334194346E1,-8.059377074E-1,2.962149978E-1,5.728181005E-1
2.336194346E1,-8.361511827E-1,2.596240640E-1,5.983575583E-1
2.338194346E1,-8.286861181E-1,2.903797030E-1,6.183800101E-1
2.340194346E1,-8.246971965E-1,2.759623230E-1,6.058564186E-1
2.342194346E1,-7.149829865E-1,1.452589929E-1,6.224551797E-1
2.344194346E1,-6.831924915E-1,1.436210126E-1,6.548221707E-1
2.346194346E1,-7.207151055E-1,2.872872949E-1,5.981664062E-1
2.348194346E1,-7.339335680E-1,3.042525053E-1,5.931623578E-1
2.350194346E1,-7.295153737E-1,2.058339715E-1,6.285258532E-1
2.352194346E1,-6.152182817E-1,1.570385545E-1,6.376389265E-1
2.354194346E1,-4.739725888E-1,1.769888252E-1,6.410747766E-1
2.356194346E1,-3.725011945E-1,8.951243013E-2,6.130428910E-1
2.358194346E1,-3.276917338E-1,1.305934321E-2,5.495744348E-1
2.360194346E1,-4.042636454E-1,5.576565862E-2,4.603310823E-1
2.362194346E1,-5.473381281E-1,2.022316009E-1,3.434214890E-1
2.364194346E1,-5.432924628E-1,3.289391994E-1,3.064679503E-1
2.366194346E1,-4.626135230E-1,3.101276457E-1,3.839289248E-1
2.368194346E1,-3.130432963E-1,2.391415536E-1,4.764329791E-1
2.370194346E1,-2.492930591E-1,2.007762492E-1,5.242640376E-1
2.372194346E1,-2.897450030E-1,2.664466202E-1,5.021742582E-1
2.374194346E1,-3.628323078E-1,2.013212740E-1,3.815124333E-1
2.376194346E1,-4.036525786E-1,9.490768611E-2,2.602162361E-1
2.378194346E1,-3.634399176E-1,6.361206621E-2,2.901529074E-1
2.380194346E1,-1.459508985E-1,-4.147034138E-2,4.472059608E-1
2.382194346E1,-2.555070631E-2,-1.370107085E-1,5.251348019E-1
2.384194346E1,-1.296002120E-1,-1.146565527E-1,3.953334987E-1
2.386194346E1,-2.439748496E-1,-7.566440850E-2,1.797590405E-1
2.388194346E1,-2.088031471E-1,-1.103448793E-1,1.289001852E-1
2.390194346E1,-7.692360878E-2,-1.851646602E-1,2.697802484E-1
2.392194346E1,-7.744912058E-2,-4.332403466E-2,3.519511223E-1
2.394194346E1,-1.981968135E-1,1.470120251E-1,1.143812761E-1
2.396194346E1,-2.624071240E-1,2.936989665E-1,-2.506962121E-1
2.398194346E1,-1.647640467E-1,3.156061769E-1,-2.952133417E-1
2.400194346E1,-6.225153059E-2,1.677035093E-1,-5.021788180E-2
2.402194346E1,-2.056410536E-2,9.626547992E-2,1.293068528E-1
2.404194346E1,-9.608022869E-3,3.974795341E-2,2.519599162E-3
2.406194346E1,1.361916400E-2,-9.315805510E-3,-1.595028490E-1
2.408194346E1,2.831368893E-2,4.143152758E-2,-1.332113147E-1
2.410194346E1,1.623535715E-2,1.367532015E-1,-3.976398706E-2
2.412194346E1,-4.953676835E-2,1.788969785E-1,-4.272658005E-2
2.414194346E1,-1.101463437E-1,2.012313902E-1,-9.762647748E-2
2.416194346E1,-2.667549811E-2,1.196373105E-1,-2.928692847E-2
2.418194346E1,8.688762784E-2,-2.672188357E-2,8.847604692E-2
2.420194346E1,7.436770946E-2,-2.777035534E-2,8.146616071E-2
2.422194346E1,-2.439795993E-2,-6.641137600E-2,-1.929797418E-2
2.424194346E1,-2.067545243E-2,-1.277523339E-1,-5.969522521E-2
2.426194346E1,7.096377760E-2,-1.679671705E-1,5.940211937E-2
2.428194346E1,1.208335683E-1,-1.598154306E-1,1.460085213E-1
2.430194346E1,7.215575129E-2,-8.191975951E-2,6.518199295E-2
2.432194346E1,3.063695505E-3,-2.665024996E-2,-5.638351291E-2
2.434194346E1,-8.637099527E-3,-8.596003056E-3,-7.318258286E-2
2.436194346E1,4.133844376E-2,-2.648447268E-2,-3.940084949E-2
2.438194346E1,1.179692075E-1,-6.708895415E-2,-3.313581273E-2
2.440194346E1,1.573194116E-1,-6.572940946E-2,-5.200898647E-2
2.442194346E1,1.268683523E-1,-2.216396853E-2,-9.718656540E-2
2.444194346E1,9.637786448E-2,-8.775237948E-3,-1.662535071E-1
2.446194346E1,1.247765571E-1,-5.402913317E-2,-1.895424128E-1
2.448194346E1,2.059413046E-1,-1.171109080E-1,-1.381743699E-1
2.450194346E1,2.785134912E-1,-1.441947371E-1,-7.276766747E-2
2.452194346E1,2.619827092E-1,-1.472117454E-1,-1.014239714E-1
2.454194346E1,1.820262820E-1,-1.967384219E-1,-2.305685431E-1
2.456194346E1,1.822227985E-1,-2.005416155E-1,-3.313900530E-1
2.458194346E1,2.827929854E-1,-1.809019148E-1,-2.736021876E-1
2.460194346E1,3.473625779E-1,-1.478522420E-1,-2.076850981E-1
2.462194346E1,3.425946236E-1,-9.701681882E-2,-2.540878356E-1
2.464194346E1,3.177021146E-1,-9.518095851E-2,-3.494956493E-1
2.466194346E1,2.733755708E-1,-1.134303585E-1,-3.842128813E-1
2.468194346E1,2.451582253E-1,-1.385035515E-1,-3.812525272E-1
2.470194346E1,3.239362538E-1,-1.801476479E-1,-4.068329036E-1
2.472194346E1,5.155433416E-1,-1.454551220E-1,-3.963885009E-1
2.474194346E1,6.096872091E-1,-2.191804051E-1,-3.402495086E-1
2.476194346E1,5.993843079E-1,-2.877382934E-1,-4.625910223E-1
2.478194346E1,5.235876441E-1,-3.327482343E-1,-6.821447015E-1
2.480194346E1,5.469670892E-1,-3.843827248E-1,-8.406916857E-1
2.482194346E1,6.890971065E-1,-4.130486846E-1,-8.349612355E-1
2.484194346E1,6.631184220E-1,-4.118036330E-1,-7.773649096E-1
2.486194346E1,6.483552456E-1,-2.647978961E-1,-7.814726233E-1
2.488194346E1,6.611735821E-1,-1.860809177E-1,-7.251835465E-1
2.490194346E1,6.736615896E-1,-1.185706630E-1,-6.292898059E-1
2.492194346E1,6.603071690E-1,-3.295382485E-2,-5.764318109E-1
2.494194346E1,6.525809765E-1,-6.616108865E-2,-6.188579202E-1
2.496194346E1,7.086535096E-1,-1.742155999E-1,-7.241812348E-1
2.498194346E1,6.921929717E-1,-1.906722635E-1,-7.839460969E-1
2.500194346E1,6.200315356E-1,-2.665311396E-1,-7.939645648E-1
2.502194346E1,6.658087373E-1,-3.648183644E-1,-7.799627781E-1
2.504194346E1,7.423588634E-1,-2.596113980E-1,-6.738711596E-1
2.506194346E1,7.643777728E-1,-5.011901632E-2,-5.210471749E-1
2.508194346E1,7.622250915E-1,-5.023187399E-2,-5.578369498E-1
2.510194346E1,7.121875882E-1,-7.078468055E-2,-6.908744574E-1
2.512194346E1,6.196368337E-1,-3.844054043E-2,-7.323883772E-1
2.514194346E1,5.572344661E-1,-4.093885422E-2,-7.336432338E-1
2.516194346E1,5.464320183E-1,-1.089152396E-1,-6.544673443E-1
2.518194346E1,5.809624791E-1,-1.809258312E-1,-5.460600853E-1
2.520194346E1,6.778003573E-1,-2.235615253E-1,-4.788618982E-1
2.522194346E1,7.651414871E-1,-2.449458987E-1,-3.814418316E-1
2.524194346E1,7.714757323E-1,-1.370418519E-1,-2.602536678E-1
2.526194346E1,6.761038303E-1,-4.429528862E-2,-1.901234686E-1
2.528194346E1,5.575951338E-1,-7.981580496E-2,-2.455328107E-1
2.530194346E1,4.902233481E-1,-1.481814831E-1,-4.070183337E-1
2.532194346E1,3.601875901E-1,-7.667507231E-2,-4.973144233E-1
2.534194346E1,3.155078888E-1,-2.699244767E-2,-3.759037852E-1
2.536194346E1,4.613004625E-1,-2.272119820E-1,-2.473358363E-1
2.538194346E1,4.832583070E-1,-2.409223914E-1,-1.784325987E-1
2.540194346E1,2.972368002E-1,-7.140159607E-2,-1.768253446E-1
2.542194346E1,2.227399647E-1,-1.084698923E-2,-1.275287420E-1
2.544194346E1,2.290673256E-1,-7.138454914E-2,-7.856669277E-2
2.546194346E1,1.571127623E-1,-1.851768419E-2,-9.450078011E-2
2.548194346E1,9.553047270E-2,-3.498082235E-2,-7.455033064E-2
2.550194346E1,1.395854056E-1,-1.075021699E-1,5.249571986E-3
2.552194346E1,1.320938766E-1,-1.070998833E-1,4.956272244E-2
2.554194346E1,5.269889534E-2,-3.476116061E-2,6.404912472E-2
2.556194346E1,-1.982843503E-2,-5.701544229E-3,1.158844754E-1
2.558194346E1,-1.261889469E-2,-1.493939459E-1,1.781668514E-1
2.560194346E1,6.577601284E-2,-2.422673553E-1,2.030646205E-1
2.562194346E1,1.295911968E-1,-1.877447367E-1,2.641341686E-1
2.564194346E1,6.715320051E-2,-5.426536500E-2,3.725057840E-1
2.566194346E1,-1.743534356E-1,-3.028253466E-2,3.387491703E-1
2.568194346E1,-4.441257417E-1,6.105869263E-2,2.407985777E-1
2.570194346E1,-6.802485585E-1,1.610094160E-1,1.478910148E-1
2.572194346E1,-7.432017922E-1,1.664107591E-1,1.191882491E-1
2.574194346E1,-6.672018170E-1,-7.892747410E-3,1.791362613E-1
2.576194346E1,-5.989448428E-1,-1.117219329E-1,2.482690662E-1
2.578194346E1,-5.276783109E-1,-7.297300547E-2,2.591407299E-1
2.580194346E1,-4.946578741E-1,8.252085745E-2,3.040467203E-1
2.582194346E1,-4.777044952E-1,1.914188862E-1,3.632631898E-1
2.584194346E1,-5.888150334E-1,4.153009951E-1,4.696361721E-1
2.586194346E1,-8.439086676E-1,5.842171907E-1,4.239239097E-1
2.588194346E1,-8.820532560E-1,5.261638761E-1,2.607277036E-1
2.590194346E1,-7.330789566E-1,2.127648145E-1,2.439044267E-1
2.592194346E1,-6.482886672E-1,-3.687352873E-3,3.327243626E-1
2.594194346E1,-6.306936741E-1,8.190818131E-2,4.982215166E-1
2.596194346E1,-5.924493670E-1,9.374947846E-2,6.721090078E-1
2.598194346E1,-5.770109296E-1,8.543355018E-2,6.837409139E-1
2.600194346E1,-6.755073071E-1,2.487719357E-1,5.916856527E-1
2.602194346E1,-8.558462262E-1,4.470204711E-1,5.717505813E-1
2.604194346E1,-9.358116984E-1,4.622689784E-1,5.816276670E-1
2.606194346E1,-8.843635917E-1,3.616518974E-1,5.977371335E-1
2.608194346E1,-7.981761098E-1,1.994768381E-1,6.252847314E-1
2.610194346E1,-7.637064457E-1,1.684954762E-1,7.351237535E-1
2.612194346E1,-8.191841841E-1,2.440988868E-1,8.239832520E-1
2.614194346E1,-8.604609966E-1,2.985251844E-1,7.374360561E-1
2.616194346E1,-8.552166820E-1,4.248085916E-1,6.244146824E-1
2.618194346E1,-8.533906341E-1,4.885237515E-1,5.769641399E-1
2.620194346E1,-7.883397937E-1,4.542810023E-1,5.541642904E-1
2.622194346E1,-6.999676228E-1,3.876930773E-1,5.448033214E-1
2.624194346E1,-6.449465752E-1,3.290221691E-1,5.791369081E-1
2.626194346E1,-5.781770945E-1,2.733412683E-1,6.478744745E-1
2.628194346E1,-4.744316936E-1,1.611589342E-1,7.243931890E-1
2.630194346E1,-4.850136042E-1,1.469509006E-1,7.495512366E-1
2.632194346E1,-5.179073811E-1,1.933634430E-1,6.840434670E-1
2.634194346E1,-4.810086787E-1,2.127074003E-1,6.360741258E-1
2.636194346E1,-3.998502493E-1,2.077860087E-1,6.095030904E-1
2.638194346E1,-3.656024635E-1,1.667004973E-1,5.555036664E-1
2.640194346E1,-4.298567474E-1,2.236206532E-1,5.074678659E-1
2.642194346E1,-4.287078679E-1,3.223821223E-1,5.226031542E-1
2.644194346E1,-3.253815174E-1,2.148363441E-1,6.329992414E-1
2.646194346E1,-3.051239550E-1,2.846280485E-2,6.404160261E-1
2.648194346E1,-2.627808452E-1,5.289857090E-2,5.465846658E-1
2.650194346E1,-2.290171534E-1,1.144188493E-1,5.218068361E-1
2.652194346E1,-2.305545956E-1,1.940804124E-1,5.307092071E-1
2.654194346E1,-2.870447338E-1,1.842210442E-1,4.154573083E-1
2.656194346E1,-2.694138587E-1,1.343628019E-1,1.242886260E-1
2.658194346E1,-2.056547552E-1,3.362027928E-2,-5.885531008E-2
2.660194346E1,-2.300135195E-1,2.572087944E-2,-7.206270844E-2
2.662194346E1,-2.655546963E-1,1.324826181E-1,-2.175869886E-4
2.664194346E1,-1.377241462E-1,6.991643459E-2,1.645169109E-1
2.666194346E1,2.710604854E-2,-1.636179537E-1,2.919988334E-1
2.668194346E1,2.670211531E-2,-1.258827001E-1,2.833724916E-1
2.670194346E1,-4.679198191E-2,6.960936636E-2,1.649018675E-1
2.672194346E1,-8.254364878E-2,8.433094621E-2,1.760032028E-4
2.674194346E1,-5.139042065E-2,1.351569034E-2,-1.459350735E-1
2.676194346E1,-3.435544297E-2,-8.872304112E-3,-2.053420246E-1
2.678194346E1,1.859261468E-2,-3.156678751E-2,-1.816565990E-1
2.680194346E1,8.121292293E-2,-4.830994457E-2,-6.597430259E-2
2.682194346E1,9.139782190E-2,-3.416516632E-2,2.116270736E-2
2.684194346E1,7.044682652E-2,1.633217558E-2,-3.635328263E-3
2.686194346E1,8.057796210E-2,3.545937594E-3,-8.046425134E-2
2.688194346E1,1.084403545E-1,-5.084566027E-2,-1.144404784E-1
2.690194346E1,9.000401944E-2,-8.451241255E-2,-9.475298226E-2
2.692194346E1,7.569085807E-2,-1.101650447E-1,-9.613277018E-2
2.694194346E1,9.747515619E-2,-1.048137546E-1,-1.311341822E-1
2.696194346E1,1.681621969E-1,-8.034139127E-2,-1.469351500E-1
2.698194346E1,2.175662071E-1,-8.061028272E-2,-1.465414464E-1
2.700194346E1,1.849824637E-1,-5.923928693E-2,-1.927074790E-1
2.702194346E1,1.195544749E-1,4.919380415E-3,-2.680412531E-1
2.704194346E1,1.191390678E-1,1.586784795E-2,-2.676909864E-1
2.706194346E1,2.075917274E-1,-2.635264210E-2,-2.060490996E-1
2.708194346E1,2.758542895E-1,-1.406254172E-1,-2.043203264E-1
2.710194346E1,2.901058495E-1,-2.060868442E-1,-2.966629863E-1
2.712194346E1,3.157670796E-1,-2.040840089E-1,-3.404939175E-1
2.714194346E1,3.585419357E-1,-1.829403490E-1,-2.961245477E-1
2.716194346E1,3.447544575E-1,-2.058210671E-1,-2.708433568E-1
2.718194346E1,3.482249081E-1,-2.183106989E-1,-3.444610536E-1
2.720194346E1,4.049139917E-1,-1.566944122E-1,-3.742195666E-1
2.722194346E1,4.575287402E-1,-1.060216352E-1,-3.277578652E-1
2.724194346E1,4.162906110E-1,-1.881859452E-1,-3.443543613E-1
2.726194346E1,4.413263798E-1,-2.339078337E-1,-4.977421463E-1
2.728194346E1,5.507525802E-1,-2.250297815E-1,-5.320597291E-1
2.730194346E1,5.809945464E-1,-2.750922740E-1,-4.621385932E-1
2.732194346E1,6.507451534E-1,-3.560264111E-1,-5.077911019E-1
2.734194346E1,6.801379919E-1,-4.083951116E-1,-5.435889959E-1
2.736194346E1,6.105903983E-1,-3.434860408E-1,-5.510680079E-1
2.738194346E1,5.958526134E-1,-2.423365414E-1,-5.983083248E-1
2.740194346E1,6.548979282E-1,-2.832713723E-1,-6.757572889E-1
2.742194346E1,6.910642385E-1,-2.958890498E-1,-6.389859915E-1
2.744194346E1,6.136354804E-1,-1.814181358E-1,-6.309517622E-1
2.746194346E1,6.009725332E-1,-6.371252984E-2,-6.941495538E-1
2.748194346E1,6.957641244E-1,-2.095023394E-1,-7.902431488E-1
2.750194346E1,8.365132213E-1,-2.853461802E-1,-8.069151044E-1
2.752194346E1,7.726854086E-1,-2.039440721E-1,-6.974856257E-1
2.754194346E1,7.480063438E-1,-1.126193553E-1,-6.344836354E-1
2.756194346E1,8.061603904E-1,-1.964693069E-1,-6.763725281E-1
2.758194346E1,8.171237707E-1,-3.462325633E-1,-7.824630737E-1
2.760194346E1,7.177992463E-1,-3.009597659E-1,-8.610147238E-1
2.762194346E1,5.688060522E-1,-1.344166547E-1,-7.587676048E-1
2.764194346E1,5.879598856E-1,5.978800822E-3,-6.070656180E-1
2.766194346E1,7.251988649E-1,-1.229683384E-1,-6.196380854E-1
2.768194346E1,7.456300259E-1,-8.715733141E-2,-7.304595709E-1
2.770194346E1,6.050315499E-1,9.455926716E-2,-7.343425751E-1
2.772194346E1,5.577054024E-1,8.170627058E-2,-6.495869160E-1
2.774194346E1,6.265471578E-1,-7.132351398E-2,-6.029238105E-1
2.776194346E1,7.432716489E-1,-2.951123416E-1,-5.546538830E-1
2.778194346E1,8.618928790E-1,-3.323875368E-1,-4.247847199E-1
2.780194346E1,8.132537603E-1,-2.322362363E-1,-3.048664629E-1
2.782194346E1,6.624783278E-1,-1.016075611E-1,-3.063606620E-1
2.784194346E1,5.407860875E-1,-3.831708059E-2,-4.056703448E-1
2.786194346E1,4.469189644E-1,6.245074049E-2,-3.824485540E-1
2.788194346E1,3.954180181E-1,-1.556377113E-2,-2.895665765E-1
2.790194346E1,4.026079476E-1,-1.460183263E-1,-2.972635329E-1
2.792194346E1,3.358289897E-1,-1.726013422E-1,-2.958231270E-1
2.794194346E1,2.230225652E-1,-1.684601158E-1,-2.525044382E-1
2.796194346E1,1.949194521E-1,-1.400895119E-1,-2.470093668E-1
2.798194346E1,1.893216968E-1,-1.290897429E-1,-1.564422995E-1
2.800194346E1,2.375382781E-1,-1.327517182E-1,-1.463520713E-2
2.802194346E1,2.532618940E-1,-1.151632741E-1,6.620583683E-2
2.804194346E1,1.456311345E-1,-2.160627209E-2,8.283793926E-2
2.806194346E1,-3.846288100E-2,1.219163761E-1,5.287994072E-2
2.808194346E1,-7.474761456E-2,-4.553999752E-4,2.686997876E-2
2.810194346E1,-3.673767671E-2,-8.189772069E-2,6.585426629E-2
2.812194346E1,-4.553729296E-2,-8.775694668E-2,9.703135490E-2
2.814194346E1,8.672612719E-3,-1.280933172E-1,1.461723447E-1
2.816194346E1,1.491406113E-1,-2.465072423E-1,2.580267489E-1
2.818194346E1,1.160158440E-1,-1.595939845E-1,3.498090804E-1
2.820194346E1,-2.110440731E-1,5.205388367E-2,2.402918339E-1
2.822194346E1,-4.963481128E-1,2.146396041E-1,1.033364907E-1
2.824194346E1,-5.681031942E-1,1.182200089E-1,7.622673362E-2
2.826194346E1,-4.404553771E-1,-2.314480394E-2,1.558782756E-1
2.828194346E1,-3.369570374E-1,-6.858929992E-2,2.433475852E-1
2.830194346E1,-2.976971567E-1,-3.361748159E-2,2.154562026E-1
2.832194346E1,-3.407511413E-1,-4.096354544E-2,2.332005799E-1
2.834194346E1,-4.362741709E-1,-2.200748026E-2,2.758756280E-1
2.836194346E1,-5.709404945E-1,1.507906616E-1,3.473017514E-1
2.838194346E1,-6.957144141E-1,3.573514223E-1,3.994750679E-1
2.840194346E1,-7.503892779E-1,3.633999228E-1,3.418577611E-1
2.842194346E1,-7.265464067E-1,2.909335196E-1,3.803429008E-1
2.844194346E1,-7.861262560E-1,2.144587934E-1,4.254885614E-1
2.846194346E1,-8.230051994E-1,2.455951273E-1,3.693632483E-1
2.848194346E1,-7.413584590E-1,2.531323135E-1,3.277378976E-1
2.850194346E1,-6.918343902E-1,1.931542903E-1,3.873212039E-1
2.852194346E1,-7.761164308E-1,2.747232914E-1,3.982140422E-1
2.854194346E1,-9.145713449E-1,5.477552414E-1,4.357646704E-1
2.856194346E1,-9.585985541E-1,4.971294701E-1,5.343871713E-1
2.858194346E1,-8.870195150E-1,3.420833647E-1,5.608592033E-1
2.860194346E1,-8.066039681E-1,2.773695588E-1,5.547832847E-1
2.862194346E1,-7.814934850E-1,3.095830381E-1,6.211955547E-1
2.864194346E1,-8.083154559E-1,2.563659549E-1,5.759250522E-1
2.866194346E1,-9.324012995E-1,3.319601119E-1,5.392184854E-1
2.868194346E1,-9.775687456E-1,3.097580075E-1,6.284598112E-1
2.870194346E1,-7.648736238E-1,1.939027011E-1,7.382158637E-1
2.872194346E1,-6.571156383E-1,1.665925831E-1,7.459838390E-1
2.874194346E1,-7.311008573E-1,2.657653689E-1,6.040970087E-1
2.876194346E1,-9.157266021E-1,3.807896376E-1,4.779753089E-1
2.878194346E1,-1.072710156E0,4.567782581E-1,4.172284603E-1
2.880194346E1,-1.071897149E0,4.821068645E-1,4.035737216E-1
2.882194346E1,-8.927850127E-1,2.852343321E-1,4.634400606E-1
2.884194346E1,-7.274631262E-1,1.444999874E-1,6.074972749E-1
2.886194346E1,-6.230595708E-1,7.952592522E-2,6.948442459E-1
2.888194346E1,-5.158554912E-1,-3.146958351E-2,6.637653708E-1
2.890194346E1,-3.869427741E-1,-1.081827283E-1,6.526434422E-1
2.892194346E1,-3.770301044E-1,4.663724918E-3,7.904503345E-1
2.894194346E1,-4.617321789E-1,7.496899366E-2,8.974412680E-1
2.896194346E1,-4.005047977E-1,8.709549904E-2,8.416966796E-1
2.898194346E1,-2.867428064E-1,6.065395102E-2,7.022460103E-1
2.900194346E1,-3.317233622E-1,-2.209678292E-2,5.444834828E-1
2.902194346E1,-4.348219633E-1,-1.275665872E-2,4.396910965E-1
2.904194346E1,-3.714833260E-1,2.936175279E-2,4.664004147E-1
2.906194346E1,-1.744888127E-1,-7.043692470E-2,5.748382807E-1
2.908194346E1,-1.574590355E-1,-1.108811572E-1,6.051999927E-1
2.910194346E1,-2.113336325E-1,3.028853238E-2,4.903209209E-1
2.912194346E1,-2.306259871E-1,7.173672318E-2,3.801517785E-1
2.914194346E1,-1.622389406E-1,3.984668851E-2,3.202685118E-1
2.916194346E1,-7.498539984E-2,-1.871515438E-2,2.430207133E-1
2.918194346E1,-6.472906470E-2,-5.947290733E-2,8.021438867E-2
2.920194346E1,-9.758232534E-2,-2.729560062E-2,-3.372003511E-2
2.922194346E1,-8.589847386E-2,-2.126654424E-2,-5.235884339E-2
2.924194346E1,1.032329910E-2,-3.715849295E-2,-2.787615731E-2
2.926194346E1,9.185408801E-2,-7.214806974E-2,-3.184087574E-3
2.928194346E1,3.625460714E-2,-2.791431174E-2,-7.014858536E-3
2.930194346E1,3.944770433E-3,1.343572140E-2,1.566593163E-2
2.932194346E1,7.192392647E-2,-2.319410443E-2,5.230538547E-2
2.934194346E1,1.392327249E-1,-2.100806683E-2,6.261581182E-2
2.936194346E1,9.161762893E-2,1.821183413E-2,-1.979192719E-2
2.938194346E1,2.952303970E-3,1.924413070E-2,-1.844036877E-1
2.940194346E1,3.230387717E-2,-4.426970333E-2,-2.224266082E-1
2.942194346E1,1.178383827E-1,-6.458996981E-2,-9.486678243E-2
2.944194346E1,1.531660408E-1,-7.186500728E-2,-8.833995089E-4
2.946194346E1,1.177118793E-1,-7.084733993E-2,-5.733561516E-2
2.948194346E1,8.542218804E-2,-2.381017990E-2,-1.074236557E-1
2.950194346E1,9.863019735E-2,5.243162625E-3,-6.207109988E-2
2.952194346E1,1.286246926E-1,1.829459332E-2,-5.392822996E-2
2.954194346E1,1.144281700E-1,6.905980408E-4,-1.669979095E-1
2.956194346E1,1.168301776E-1,-3.520211950E-2,-2.795525491E-1
2.958194346E1,1.728756726E-1,-5.419378355E-2,-2.007560730E-1
2.960194346E1,2.274937928E-1,-4.517266899E-2,-5.223077536E-2
2.962194346E1,2.328220904E-1,-5.324252322E-2,-5.071828142E-2
2.964194346E1,2.410136312E-1,-9.622340649E-2,-1.853168011E-1
2.966194346E1,2.592054904E-1,-1.191219091E-1,-2.810900509E-1
2.968194346E1,2.700642347E-1,-7.731290162E-2,-2.257362604E-1
2.970194346E1,2.339541018E-1,-5.561783537E-2,-1.179003939E-1
2.972194346E1,2.600869834E-1,-8.510991186E-2,-1.024842709E-1
2.974194346E1,3.457044959E-1,-9.610248357E-2,-1.466457695E-1
2.976194346E1,3.993642032E-1,-7.710790634E-2,-2.264533788E-1
2.978194346E1,3.864580393E-1,-1.212102398E-1,-3.641106784E-1
2.980194346E1,3.726882637E-1,-1.813893020E-1,-4.484189749E-1
2.982194346E1,3.885402083E-1,-2.080374211E-1,-3.882701397E-1
2.984194346E1,4.483125806E-1,-2.465204298E-1,-3.181222081E-1
2.986194346E1,4.838294685E-1,-3.186529577E-1,-3.113938868E-1
2.988194346E1,4.068233073E-1,-4.094465375E-1,-3.984543979E-1
2.990194346E1,3.722946644E-1,-4.324644506E-1,-4.470636547E-1
2.992194346E1,4.191779196E-1,-2.957617939E-1,-3.442885578E-1
2.994194346E1,4.663542509E-1,-1.674989760E-1,-2.053145468E-1
2.996194346E1,4.287129641E-1,-1.761488467E-1,-2.233673036E-1
2.998194346E1,4.054478407E-1,-3.460733891E-1,-5.097221732E-1
3.000194346E1,5.130642653E-1,-3.866071403E-1,-7.099032402E-1
3.002194346E1,5.464243293E-1,-3.914077580E-1,-6.544032693E-1
3.004194346E1,5.763482451E-1,-3.464559615E-1,-5.955539942E-1
3.006194346E1,6.210610271E-1,-3.095229864E-1,-5.647070408E-1
3.008194346E1,6.574740410E-1,-3.003415167E-1,-5.852517486E-1
3.010194346E1,6.559029818E-1,-2.116329074E-1,-6.547174454E-1
3.012194346E1,5.785257816E-1,-8.239014447E-2,-6.457647681E-1
3.014194346E1,5.547217131E-1,-8.424557745E-2,-6.606020927E-1
3.016194346E1,6.198568940E-1,-2.146588415E-1,-7.656458020E-1
3.018194346E1,6.759579182E-1,-3.167928755E-1,-8.615262508E-1
3.020194346E1,5.659266114E-1,-3.113756478E-1,-8.030204773E-1
3.022194346E1,4.037563503E-1,-2.560375631E-1,-7.100548148E-1
3.024194346E1,4.598921537E-1,-2.557548583E-1,-6.632951498E-1
3.026194346E1,5.263600945E-1,-2.127970010E-1,-6.173361540E-1
3.028194346E1,5.659565926E-1,-1.675016433E-1,-5.959761739E-1
3.030194346E1,5.703058243E-1,-2.060138732E-1,-5.648145676E-1
3.032194346E1,5.969218612E-1,-3.045406640E-1,-4.629392326E-1
3.034194346E1,5.983915925E-1,-2.941353321E-1,-4.234239757E-1
3.036194346E1,5.636486411E-1,-2.539837062E-1,-5.076368451E-1
3.038194346E1,5.399866700E-1,-2.075662911E-1,-5.768536329E-1
3.040194346E1,5.357761383E-1,-1.392693371E-1,-4.990313351E-1
3.042194346E1,5.453450084E-1,-3.711181134E-2,-3.770908713E-1
3.044194346E1,5.083380938E-1,-2.325772122E-2,-3.895086348E-1
3.046194346E1,4.541715682E-1,1.198784541E-2,-4.612480402E-1
3.048194346E1,3.482297957E-1,7.894136757E-2,-4.587552845E-1
3.050194346E1,2.988623977E-1,-1.705208048E-2,-4.849583805E-1
3.052194346E1,3.286970556E-1,-1.011090353E-1,-5.612649322E-1
3.054194346E1,2.227023095E-1,-1.539946534E-2,-4.959294498E-1
3.056194346E1,1.572610587E-1,7.244160771E-2,-3.458487391E-1
3.058194346E1,3.403734565E-1,-1.137130409E-1,-2.573925853E-1
3.060194346E1,4.907336235E-1,-1.265550107E-1,-1.212944910E-1
3.062194346E1,3.511354029E-1,-9.398116171E-2,-8.628322929E-2
3.064194346E1,2.098001540E-1,1.510213502E-2,-2.108895779E-1
3.066194346E1,9.677354991E-2,1.036457196E-1,-1.949293315E-1
3.068194346E1,1.131263226E-1,1.221010983E-1,-1.091902405E-1
3.070194346E1,1.964596361E-1,1.182234064E-1,-9.692300111E-2
3.072194346E1,2.866732180E-1,5.404132977E-2,-9.539511800E-2
3.074194346E1,3.358165324E-1,-3.389491513E-2,-3.439301625E-2
3.076194346E1,2.336833775E-1,-7.073847950E-2,1.819320768E-2
3.078194346E1,1.192503572E-1,-1.366148237E-2,1.848608069E-2
3.080194346E1,3.586515412E-2,5.515041202E-2,-2.181353234E-2
3.082194346E1,-3.911182284E-2,-2.716564015E-2,-3.495920449E-2
3.084194346E1,-6.414186954E-2,-5.273210257E-2,4.567945376E-2
3.086194346E1,-8.311872929E-2,-4.423776641E-2,1.425108165E-1
3.088194346E1,-2.887369990E-1,1.475143582E-1,1.033033505E-1
3.090194346E1,-6.720005870E-1,3.622753322E-1,-9.234426916E-2
3.092194346E1,-9.453360438E-1,4.302270412E-1,-3.079009056E-1
3.094194346E1,-9.233750701E-1,3.367018700E-1,-2.848410606E-1
3.096194346E1,-7.628277540E-1,2.126439065E-1,-4.866352305E-2
3.098194346E1,-5.619036555E-1,9.346698970E-2,1.318910569E-1
3.100194346E1,-3.302974105E-1,-7.792082429E-2,1.609429568E-1
3.102194346E1,-3.239695728E-1,-8.271690458E-3,1.366907060E-1
3.104194346E1,-5.632856488E-1,2.340302169E-1,7.004888356E-2
3.106194346E1,-5.816472173E-1,2.468261123E-1,4.969751835E-2
3.108194346E1,-4.119550884E-1,1.602725685E-1,9.942598641E-2
3.110194346E1,-4.339770079E-1,2.606531680E-1,1.577170789E-1
3.112194346E1,-5.264367461E-1,1.518091857E-1,1.829272509E-1
3.114194346E1,-4.941462874E-1,1.019709781E-1,2.007808387E-1
3.116194346E1,-5.010520816E-1,9.226376563E-2,2.435777932E-1
3.118194346E1,-5.088359118E-1,1.021805853E-1,2.591712475E-1
3.120194346E1,-4.407245815E-1,1.228394359E-1,2.536628246E-1
3.122194346E1,-3.672831059E-1,1.577907652E-1,3.169562221E-1
3.124194346E1,-3.006235659E-1,1.704960465E-1,3.609271049E-1
3.126194346E1,-3.822279572E-1,4.313823283E-1,3.244355321E-1
3.128194346E1,-5.227621794E-1,4.452558458E-1,2.462754101E-1
3.130194346E1,-4.422080219E-1,2.724245489E-1,2.000667304E-1
3.132194346E1,-3.111236095E-1,1.564010084E-1,2.231492400E-1
3.134194346E1,-3.051508963E-1,1.511563063E-1,3.700414300E-1
3.136194346E1,-4.750131965E-1,2.237496078E-1,3.921301365E-1
3.138194346E1,-5.864741802E-1,2.286780477E-1,2.438919991E-1
3.140194346E1,-5.814787745E-1,1.838426739E-1,2.624180913E-1
3.142194346E1,-5.848469138E-1,2.827131450E-1,3.921086192E-1
3.144194346E1,-5.448747873E-1,2.413897216E-1,4.404861629E-1
3.146194346E1,-4.875863492E-1,1.510851979E-1,4.901541173E-1
3.148194346E1,-5.161976814E-1,1.262530386E-1,5.922627449E-1
3.150194346E1,-6.147431135E-1,1.585361958E-1,5.624825358E-1
3.152194346E1,-7.678773999E-1,2.498270422E-1,4.443713129E-1
3.154194346E1,-9.445874691E-1,3.075866401E-1,4.063322246E-1
3.156194346E1,-1.004199624E0,3.398559988E-1,4.561739564E-1
3.158194346E1,-9.589782953E-1,3.142392933E-1,4.947676063E-1
3.160194346E1,-9.882638454E-1,2.386419475E-1,5.040680766E-1
3.162194346E1,-9.659333825E-1,1.219036877E-1,5.371615887E-1
3.164194346E1,-7.182508707E-1,-1.015174203E-3,6.869709492E-1
3.166194346E1,-4.419912994E-1,2.282575704E-2,8.708733916E-1
3.168194346E1,-3.649059534E-1,1.521115154E-1,8.694778681E-1
3.170194346E1,-3.859229088E-1,3.077031374E-1,7.479383945E-1
3.172194346E1,-4.118711948E-1,4.428541362E-1,7.339575291E-1
3.174194346E1,-3.809036613E-1,3.961534798E-1,8.123387694E-1
3.176194346E1,-2.864981592E-1,2.551339567E-1,8.888412118E-1
3.178194346E1,-3.104076684E-1,1.006270200E-1,9.193592072E-1
3.180194346E1,-4.462353289E-1,1.481485963E-1,8.620366454E-1
3.182194346E1,-3.775655627E-1,8.440489322E-2,6.779087186E-1
3.184194346E1,-2.238460481E-1,-7.302006334E-2,5.395014286E-1
3.186194346E1,-1.757478863E-1,-1.618932337E-1,4.457037449E-1
3.188194346E1,-2.226703614E-1,-1.022949219E-1,4.196420610E-1
3.190194346E1,-3.371588886E-1,-1.046464369E-1,4.370345771E-1
3.192194346E1,-3.525288403E-1,-1.734352112E-1,4.498553574E-1
3.194194346E1,-2.448160648E-1,-1.631342769E-1,4.348741770E-1
3.196194346E1,-1.498747617E-1,-1.699604690E-1,3.885736465E-1
3.198194346E1,-1.326214224E-1,-1.999991238E-1,2.725882232E-1
3.200194346E1,-1.897258610E-1,-1.214635819E-1,1.588886976E-1
3.202194346E1,-1.848529428E-1,1.283909753E-2,9.317724407E-2
3.204194346E1,-1.199795082E-1,5.447702482E-2,-1.318679750E-2
3.206194346E1,-1.078928411E-1,7.445201278E-2,-1.277587414E-1
3.208194346E1,-1.712269485E-1,8.401141316E-2,-1.163543388E-1
3.210194346E1,-2.136066556E-1,6.267051399E-2,-1.728543453E-2
3.212194346E1,-1.717345119E-1,4.502746463E-2,1.439723969E-1
3.214194346E1,-1.643590927E-1,2.244184259E-3,2.777482271E-1
3.216194346E1,-2.084601074E-1,-5.084695294E-4,2.861464322E-1
3.218194346E1,-1.765332222E-1,-9.740507230E-3,1.284124255E-1
3.220194346E1,-7.442170382E-2,-1.357702017E-1,-6.749353558E-2
3.222194346E1,2.739490382E-2,-2.788218260E-1,-1.080421135E-1
3.224194346E1,9.087713808E-2,-2.932747006E-1,-4.515652359E-2
3.226194346E1,9.958657622E-2,-1.677417010E-1,-3.441124782E-2
3.228194346E1,6.829077005E-2,-1.829936914E-2,-1.543195397E-1
3.230194346E1,8.430535346E-2,2.551321499E-2,-3.054112196E-1
3.232194346E1,1.514928192E-1,-4.839755595E-2,-4.200480878E-1
3.234194346E1,2.350837886E-1,-1.358758509E-1,-4.622245729E-1
3.236194346E1,2.632133067E-1,-1.177475229E-1,-4.155401886E-1
3.238194346E1,2.430977970E-1,-6.177428365E-2,-3.401964903E-1
3.240194346E1,2.413724065E-1,-8.561241440E-3,-3.231346011E-1
3.242194346E1,2.802883089E-1,2.793670446E-2,-3.172638118E-1
3.244194346E1,3.026981950E-1,2.034895681E-2,-2.092331201E-1
3.246194346E1,2.847420275E-1,4.900310189E-2,-7.388614863E-2
3.248194346E1,2.546914518E-1,-2.536514588E-2,2.667511348E-3
3.250194346E1,2.324727625E-1,-1.124985144E-1,-1.796576567E-2
3.252194346E1,2.225941867E-1,-1.627505720E-1,-5.492912978E-2
3.254194346E1,2.152843177E-1,-1.514581591E-1,-8.318729699E-2
3.256194346E1,2.254114747E-1,-1.053856686E-1,-1.168167219E-1
3.258194346E1,2.945855260E-1,-1.190112531E-1,-1.398492754E-1
3.260194346E1,3.652446270E-1,-2.078913301E-1,-1.471680254E-1
3.262194346E1,3.989742696E-1,-2.614973783E-1,-1.927096993E-1
3.264194346E1,4.600221515E-1,-2.239288986E-1,-2.646425366E-1
3.266194346E1,5.579054952E-1,-1.754012257E-1,-3.384631276E-1
3.268194346E1,5.478006005E-1,-1.399557739E-1,-4.518875480E-1
3.270194346E1,4.611136019E-1,-9.297987819E-2,-6.531183124E-1
3.272194346E1,4.518927336E-1,-2.818901837E-2,-7.436733842E-1
3.274194346E1,5.563879609E-1,-1.881941967E-2,-6.708117723E-1
3.276194346E1,6.104245186E-1,-1.309263855E-1,-6.232386231E-1
3.278194346E1,6.149642467E-1,-1.471646726E-1,-7.075004578E-1
3.280194346E1,5.157178044E-1,-9.298984706E-2,-7.193917632E-1
3.282194346E1,4.586711526E-1,-2.797935903E-2,-6.024576426E-1
3.284194346E1,5.360541940E-1,-3.960345685E-2,-5.011203289E-1
3.286194346E1,5.714108348E-1,-1.213907450E-1,-5.421504974E-1
3.288194346E1,5.870848298E-1,-5.666708201E-2,-6.686171889E-1
3.290194346E1,5.494571924E-1,-3.079801798E-3,-7.263860703E-1
3.292194346E1,6.303539276E-1,-5.625145510E-2,-7.783360481E-1
3.294194346E1,7.068425417E-1,-1.140908077E-1,-6.894569397E-1
3.296194346E1,6.834107637E-1,-1.505458057E-1,-5.843102932E-1
3.298194346E1,7.518479824E-1,-1.778220385E-1,-6.556459665E-1
3.300194346E1,7.628773451E-1,-1.597077698E-1,-6.880024672E-1
3.302194346E1,6.400405169E-1,-7.667703927E-2,-6.383381486E-1
3.304194346E1,5.181158185E-1,1.845283993E-2,-6.435791850E-1
3.306194346E1,5.364137888E-1,4.750213772E-2,-6.210635900E-1
3.308194346E1,6.116889119E-1,-8.135546744E-2,-5.786493421E-1
3.310194346E1,6.163806915E-1,-1.161634028E-1,-5.025724173E-1
3.312194346E1,6.017410159E-1,-5.919387192E-2,-4.104703963E-1
3.314194346E1,5.475426912E-1,4.732783884E-2,-3.362359405E-1
3.316194346E1,5.442484021E-1,-3.049040213E-3,-3.894259334E-1
3.318194346E1,6.079944372E-1,-1.886769086E-1,-5.318781137E-1
3.320194346E1,6.356337667E-1,-1.786725968E-1,-5.445350409E-1
3.322194346E1,6.195884347E-1,-2.170739770E-1,-4.239210784E-1
3.324194346E1,5.861973166E-1,-2.378982455E-1,-3.401718438E-1
3.326194346E1,5.269045830E-1,-1.272757798E-1,-3.557277322E-1
3.328194346E1,4.226851463E-1,-1.016276777E-1,-4.058064520E-1
3.330194346E1,3.719640970E-1,-1.104047969E-1,-3.815401793E-1
3.332194346E1,3.709106445E-1,-1.324367225E-1,-2.684205770E-1
3.334194346E1,3.969173431E-1,-1.704238504E-1,-1.287045926E-1
3.336194346E1,3.744406402E-1,-2.016930282E-1,-6.068424881E-2
3.338194346E1,3.447485566E-1,-1.619227827E-1,-1.086545363E-1
3.340194346E1,3.163398504E-1,-1.057322770E-1,-1.301227510E-1
3.342194346E1,2.345262170E-1,-9.975720942E-2,-1.201188192E-1
3.344194346E1,1.722147316E-1,-2.585865557E-2,-9.984132648E-2
3.346194346E1,1.063349918E-1,-1.131895930E-3,7.055972703E-3
3.348194346E1,8.035069704E-2,-4.125303030E-2,-6.761026569E-3
3.350194346E1,6.590634584E-2,-1.246620864E-1,-1.191523299E-1
3.352194346E1,6.634566933E-2,-1.498237103E-1,-9.715806693E-2
3.354194346E1,5.450585857E-3,-5.496105179E-2,3.021846525E-2
3.356194346E1,-5.145087838E-2,6.470642984E-2,8.800581843E-2
3.358194346E1,1.281253435E-2,2.843260020E-2,6.803869456E-2
3.360194346E1,4.384095222E-2,-9.231843986E-3,8.679388463E-2
3.362194346E1,-2.378383093E-2,-5.002680793E-2,8.070103079E-2
3.364194346E1,-2.026919872E-1,9.168678522E-2,8.914344013E-2
3.366194346E1,-4.001412988E-1,1.454624683E-1,6.059756875E-2
3.368194346E1,-3.746954501E-1,2.224299684E-2,8.989071846E-2
3.370194346E1,-3.334245980E-1,2.252908796E-2,1.906431913E-1
3.372194346E1,-4.034142494E-1,1.244084090E-1,1.674744189E-1
3.374194346E1,-3.741493523E-1,3.846484795E-2,1.268358082E-1
3.376194346E1,-3.079139292E-1,-8.502126485E-2,2.033668458E-1
3.378194346E1,-4.067904055E-1,1.861838624E-3,2.521372139E-1
3.380194346E1,-5.826225877E-1,2.416752279E-1,2.178124338E-1
3.382194346E1,-6.457814574E-1,3.991985321E-1,2.724638879E-1
3.384194346E1,-5.479978323E-1,2.519195378E-1,3.980192244E-1
3.386194346E1,-5.238617063E-1,1.976288110E-1,4.568035901E-1
3.388194346E1,-6.537840366E-1,2.634363770E-1,4.510023892E-1
3.390194346E1,-7.115470767E-1,1.548100412E-1,4.583743811E-1
3.392194346E1,-7.109266520E-1,8.470757306E-2,4.427405596E-1
3.394194346E1,-7.910782099E-1,8.707825094E-2,3.492011130E-1
3.396194346E1,-8.968632817E-1,1.291930974E-1,3.350712657E-1
3.398194346E1,-8.580371737E-1,1.330144703E-1,4.728875756E-1
3.400194346E1,-7.884292603E-1,1.513929963E-1,6.150128245E-1
3.402194346E1,-6.910239458E-1,8.528500795E-2,5.743308663E-1
3.404194346E1,-6.071351171E-1,3.988440335E-2,5.482096672E-1
3.406194346E1,-6.697995067E-1,1.682177186E-1,6.363778710E-1
3.408194346E1,-8.196386695E-1,3.442042470E-1,7.393713593E-1
3.410194346E1,-8.040864468E-1,3.934815526E-1,7.237181067E-1
3.412194346E1,-7.043269873E-1,3.793104887E-1,6.737416983E-1
3.414194346E1,-6.196568608E-1,3.380608559E-1,7.663084269E-1
3.416194346E1,-7.222402692E-1,3.873704374E-1,8.518615961E-1
3.418194346E1,-9.195616245E-1,4.460023940E-1,7.543658018E-1
3.420194346E1,-9.230556488E-1,3.578942418E-1,6.772627234E-1
3.422194346E1,-8.213390112E-1,2.554654181E-1,7.285208702E-1
3.424194346E1,-7.335639596E-1,2.344518751E-1,8.532029390E-1
3.426194346E1,-6.288574338E-1,1.674568057E-1,9.046542048E-1
3.428194346E1,-5.380692482E-1,1.758928895E-1,8.457425237E-1
3.430194346E1,-4.995356798E-1,3.371688128E-1,7.430268526E-1
3.432194346E1,-5.892035365E-1,3.469434679E-1,6.281723976E-1
3.434194346E1,-6.323484778E-1,2.697218955E-1,4.998957515E-1
3.436194346E1,-5.003773570E-1,5.747821927E-2,4.677982032E-1
3.438194346E1,-3.436886966E-1,-1.446391195E-1,5.743224025E-1
3.440194346E1,-2.876291275E-1,-1.986121386E-1,6.641501188E-1
3.442194346E1,-3.076945245E-1,-1.125833094E-1,6.520901918E-1
3.444194346E1,-2.982800305E-1,-1.198568717E-1,6.353180408E-1
3.446194346E1,-3.572992682E-1,-1.053418592E-1,5.960421562E-1
3.448194346E1,-4.228437841E-1,7.032607496E-2,5.401310921E-1
3.450194346E1,-3.421358168E-1,-2.299119160E-2,4.164210856E-1
3.452194346E1,-2.234867215E-1,-2.754808664E-1,2.400099486E-1
3.454194346E1,-1.882460117E-1,-4.067907929E-1,1.200480983E-1
3.456194346E1,-1.348959357E-1,-3.583860099E-1,6.532666087E-2
3.458194346E1,-7.030938566E-2,-2.273286283E-1,9.313890338E-2
3.460194346E1,-5.825838074E-2,-1.248534769E-1,1.568155885E-1
3.462194346E1,-1.222977862E-1,2.910404280E-2,1.547824293E-1
3.464194346E1,-1.554746181E-1,9.186936170E-2,1.179302409E-1
3.466194346E1,-1.423346102E-1,9.609879553E-2,1.291140616E-1
3.468194346E1,-8.058881760E-2,9.323349595E-2,1.193760857E-1
3.470194346E1,-1.471040398E-2,4.499898478E-2,1.659214497E-2
3.472194346E1,2.789870463E-2,-7.381499745E-4,-1.572868228E-1
3.474194346E1,2.017813735E-2,-5.160225555E-2,-2.238764614E-1
3.476194346E1,5.367637426E-2,-7.038807124E-2,-1.848224252E-1
3.478194346E1,1.288229674E-1,-9.406335652E-2,-1.296436787E-1
3.480194346E1,1.565275937E-1,-5.664895102E-2,-8.197882771E-2
3.482194346E1,7.486328483E-2,3.735812381E-2,-4.372837767E-2
3.484194346E1,-1.039521676E-2,8.465865254E-2,-2.245922759E-2
3.486194346E1,1.283683628E-2,7.773343474E-2,-1.349539030E-2
3.488194346E1,7.450572401E-2,4.710694030E-2,-2.135932818E-2
3.490194346E1,7.721146196E-2,6.628736854E-2,-7.314808667E-2
3.492194346E1,4.945150763E-2,9.999626875E-2,-1.651447713E-1
3.494194346E1,6.274470687E-2,4.147536680E-2,-1.824400276E-1
3.496194346E1,1.123464853E-1,-3.828815743E-2,-1.171038225E-1
3.498194346E1,1.783552766E-1,-8.327239007E-2,-7.046111673E-2
3.500194346E1,2.207430899E-1,-4.191240668E-2,-1.144914329E-1
3.502194346E1,1.795296073E-1,2.636171505E-2,-1.760133505E-1
3.504194346E1,1.392102242E-1,6.839027256E-2,-2.405658215E-1
3.506194346E1,1.583898365E-1,6.229069084E-2,-2.864105701E-1
3.508194346E1,2.263286710E-1,3.040199354E-2,-3.333658278E-1
3.510194346E1,3.309667110E-1,-1.739994064E-2,-3.615143001E-1
3.512194346E1,3.569243848E-1,-9.911290556E-2,-3.631701171E-1
3.514194346E1,3.577703834E-1,-1.137350798E-1,-3.651256561E-1
3.516194346E1,3.841372728E-1,-8.702062070E-2,-3.450771868E-1
3.518194346E1,4.301877320E-1,-7.546649873E-2,-3.305572271E-1
3.520194346E1,4.345448017E-1,-1.125547662E-1,-3.770079017E-1
3.522194346E1,4.289977551E-1,-1.297764927E-1,-4.539674819E-1
3.524194346E1,4.420014024E-1,-1.415100545E-1,-4.985704422E-1
3.526194346E1,5.387352705E-1,-1.682093590E-1,-5.023924112E-1
3.528194346E1,6.054744124E-1,-1.973388046E-1,-4.684018791E-1
3.530194346E1,5.358283520E-1,-2.523247600E-1,-5.544937849E-1
3.532194346E1,5.807564259E-1,-2.030249387E-1,-6.628851891E-1
3.534194346E1,6.376804709E-1,-1.660640389E-1,-5.823655725E-1
3.536194346E1,6.801103950E-1,-1.666841060E-1,-4.916588068E-1
3.538194346E1,7.178930044E-1,-2.364373058E-1,-5.516988635E-1
3.540194346E1,7.163043022E-1,-2.606823742E-1,-6.105347276E-1
3.542194346E1,6.564803123E-1,-1.947810501E-1,-5.395453572E-1
3.544194346E1,6.189377904E-1,-6.856945902E-2,-5.002382398E-1
3.546194346E1,6.956025362E-1,-1.219435930E-1,-6.062544584E-1
3.548194346E1,7.866945267E-1,-3.184683621E-1,-7.115256190E-1
3.550194346E1,8.090621829E-1,-2.854516804E-1,-7.068117261E-1
3.552194346E1,6.803334355E-1,-9.236110747E-2,-6.473846436E-1
3.554194346E1,6.305434704E-1,6.108869612E-2,-6.085782647E-1
3.556194346E1,7.329632044E-1,-9.717711806E-2,-6.616905928E-1
3.558194346E1,8.381513357E-1,-1.844773442E-1,-7.272672057E-1
3.560194346E1,7.686955333E-1,-1.392336935E-1,-6.884841919E-1
3.562194346E1,6.771399975E-1,-1.318240464E-1,-6.304914355E-1
3.564194346E1,6.925310493E-1,-2.154664844E-1,-6.276153922E-1
3.566194346E1,7.204358578E-1,-2.657869756E-1,-6.268450022E-1
3.568194346E1,6.950386167E-1,-1.814694107E-1,-5.966032147E-1
3.570194346E1,7.153207660E-1,-1.674145609E-1,-5.002331734E-1
3.572194346E1,7.623835206E-1,-1.622584015E-1,-3.870745599E-1
3.574194346E1,7.435671687E-1,-1.426315010E-1,-3.724780381E-1
3.576194346E1,7.351199389E-1,-8.799128979E-2,-3.970793486E-1
3.578194346E1,6.557918787E-1,-8.601750433E-2,-4.005052447E-1
3.580194346E1,5.700357556E-1,-1.896998733E-1,-4.254566431E-1
3.582194346E1,5.510721207E-1,-2.359965295E-1,-3.506901860E-1
3.584194346E1,5.223661065E-1,-1.826937497E-1,-2.156060785E-1
3.586194346E1,5.121942759E-1,-1.740430146E-1,-2.438245416E-1
3.588194346E1,5.207420588E-1,-2.112077624E-1,-3.704436719E-1
3.590194346E1,4.922664464E-1,-1.172552705E-1,-3.006689250E-1
3.592194346E1,4.294874668E-1,-1.517092902E-2,-1.466975361E-1
3.594194346E1,3.869619370E-1,-6.455305219E-2,-1.597856283E-1
3.596194346E1,3.236069083E-1,-1.748455018E-1,-2.346272767E-1
3.598194346E1,2.745123804E-1,-1.788978130E-1,-1.612084657E-1
3.600194346E1,1.905124187E-1,-6.987521052E-2,-6.927563995E-2
3.602194346E1,1.658302397E-1,-9.198422730E-2,-1.719647646E-1
3.604194346E1,2.422001213E-1,-1.675061285E-1,-2.353957146E-1
3.606194346E1,2.464128286E-1,-1.135662124E-1,-9.876608104E-2
3.608194346E1,1.969936788E-1,-1.229254976E-1,-4.716231301E-2
3.610194346E1,2.049451619E-1,-1.051711366E-1,-1.018975377E-1
3.612194346E1,1.266610920E-1,-5.098132044E-2,-7.619165629E-2
3.614194346E1,4.399640951E-3,-1.697675884E-2,-5.300747603E-2
3.616194346E1,3.646356612E-2,-6.114289165E-2,-9.116923809E-2
3.618194346E1,1.506386995E-1,-1.125029400E-1,-5.025188252E-2
3.620194346E1,8.254110813E-2,-4.433235899E-2,-3.072111681E-2
3.622194346E1,-4.784006253E-2,1.871317625E-2,-6.337676197E-2
3.624194346E1,-1.245278791E-1,4.577935860E-2,2.532706782E-2
3.626194346E1,-2.201729715E-1,5.270157009E-3,7.799883932E-2
3.628194346E1,-3.023428619E-1,-2.893214114E-2,3.337373212E-2
3.630194346E1,-2.935186327E-1,-1.410529390E-2,2.672805451E-3
3.632194346E1,-2.069760859E-1,-2.110938281E-1,3.048500232E-2
3.634194346E1,-2.186422199E-1,-3.574957252E-1,8.953692764E-2
3.636194346E1,-2.714053392E-1,-2.506414056E-1,1.452216208E-1
3.638194346E1,-2.752190232E-1,-1.657703519E-1,9.290152788E-2
3.640194346E1,-2.154558897E-1,-1.294937134E-1,1.295035053E-2
3.642194346E1,-2.720192075E-1,7.305466384E-2,4.860054702E-2
3.644194346E1,-3.961321115E-1,1.889820695E-1,7.226721942E-2
3.646194346E1,-4.227542579E-1,2.206439227E-1,7.858856022E-2
3.648194346E1,-4.376042187E-1,1.905653626E-1,1.298428774E-1
3.650194346E1,-4.709657431E-1,2.309879065E-1,1.496281475E-1
3.652194346E1,-4.727864861E-1,1.151660830E-1,1.278836727E-1
3.654194346E1,-5.096154213E-1,6.831227243E-2,1.086956859E-1
3.656194346E1,-5.920374393E-1,7.214438170E-2,1.607649326E-1
3.658194346E1,-7.061852217E-1,1.639966220E-1,2.031169087E-1
3.660194346E1,-8.205178380E-1,1.894333214E-1,1.239950508E-1
3.662194346E1,-8.506853580E-1,1.564889252E-1,3.240078315E-2
3.664194346E1,-8.741042018E-1,9.425169230E-2,1.051191390E-1
3.666194346E1,-1.008730173E0,2.428729981E-1,1.628954262E-1
3.668194346E1,-1.138165832E0,3.609866500E-1,1.180563420E-1
3.670194346E1,-1.161406279E0,3.279165626E-1,1.092972383E-1
3.672194346E1,-1.062142491E0,2.138585895E-1,1.418838203E-1
3.674194346E1,-9.833403826E-1,2.060513794E-1,2.346221656E-1
3.676194346E1,-9.361848235E-1,3.896073699E-1,3.002198040E-1
3.678194346E1,-7.918285728E-1,4.250204265E-1,3.407807648E-1
3.680194346E1,-5.983474851E-1,3.778712749E-1,4.133636653E-1
3.682194346E1,-7.015991807E-1,3.814638257E-1,5.004966855E-1
3.684194346E1,-1.005946755E0,5.849090219E-1,5.697743297E-1
3.686194346E1,-1.089143872E0,4.175249040E-1,5.743016601E-1
3.688194346E1,-9.648412466E-1,2.022357136E-1,5.473606586E-1
3.690194346E1,-8.641490340E-1,1.567241699E-1,5.057831407E-1
3.692194346E1,-8.117477894E-1,2.919591963E-1,5.929696560E-1
3.694194346E1,-8.855122328E-1,3.000956774E-1,7.348689437E-1
3.696194346E1,-9.756874442E-1,2.816312313E-1,7.074484825E-1
3.698194346E1,-9.662654996E-1,3.612761497E-1,5.746123791E-1
3.700194346E1,-9.339995384E-1,3.563343287E-1,5.188127756E-1
3.702194346E1,-8.496448398E-1,3.357256353E-1,5.705710053E-1
3.704194346E1,-6.242135763E-1,2.079306990E-1,7.419632077E-1
3.706194346E1,-4.261833429E-1,-1.033683028E-2,9.314243197E-1
3.708194346E1,-2.365685403E-1,-1.873617470E-1,9.953322411E-1
3.710194346E1,-9.084791690E-2,-2.366547883E-1,9.820474982E-1
3.712194346E1,-9.335511923E-2,-2.013711929E-1,9.713922739E-1
3.714194346E1,-1.025270075E-1,-2.614742815E-1,9.335690141E-1
3.716194346E1,7.928306609E-2,-4.646253884E-1,9.981072545E-1
3.718194346E1,9.385445714E-2,-3.872619271E-1,1.144538641E0
3.720194346E1,-9.566513449E-2,-2.288022637E-1,1.000023365E0
3.722194346E1,-2.278909832E-1,-1.608178318E-1,5.901991129E-1
3.724194346E1,-2.663550079E-1,-7.999273390E-2,3.932417631E-1
3.726194346E1,-2.440563738E-1,1.778433174E-1,4.764259160E-1
3.728194346E1,-2.368567437E-1,2.721372843E-1,5.652123094E-1
3.730194346E1,-1.332397908E-1,2.332486510E-1,6.078648567E-1
3.732194346E1,-7.561007142E-2,5.231462419E-2,6.339293122E-1
3.734194346E1,-1.353106201E-1,2.176771872E-3,6.181771755E-1
3.736194346E1,-2.163985521E-1,1.324303895E-1,4.643921256E-1
3.738194346E1,-1.947324723E-1,3.886938840E-2,2.397972196E-1
3.740194346E1,-1.255160123E-1,-1.777163744E-1,4.545544833E-2
3.742194346E1,-9.264191985E-2,-2.638212442E-1,-4.013339058E-2
3.744194346E1,-4.778932780E-2,-3.011327088E-1,5.491986498E-2
3.746194346E1,-1.894952543E-2,-2.178016901E-1,2.128275037E-1
3.748194346E1,-3.158795461E-2,-6.680923980E-3,2.518711388E-1
3.750194346E1,-8.538646996E-2,1.364882141E-1,1.101518646E-1
3.752194346E1,-1.039038971E-1,1.512390673E-1,-6.769807078E-3
3.754194346E1,-9.455337375E-2,1.667916030E-1,1.594690047E-2
3.756194346E1,-1.146860700E-2,9.210302681E-2,-3.991239239E-3
3.758194346E1,6.735210866E-2,4.822329059E-2,-1.365179718E-1
3.760194346E1,1.028936580E-1,-4.201620072E-2,-2.866569161E-1
3.762194346E1,1.067114025E-1,-1.167132705E-1,-3.148728013E-1
3.764194346E1,1.319415867E-1,-1.346032023E-1,-2.534242570E-1
3.766194346E1,1.860257685E-1,-1.199521571E-1,-1.736247838E-1
3.768194346E1,2.246327698E-1,-9.740440547E-2,-1.354485750E-1
3.770194346E1,2.020228058E-1,-5.270778760E-2,-1.524142027E-1
3.772194346E1,1.536129713E-1,2.748950198E-2,-2.131767571E-1
3.774194346E1,1.447609514E-1,1.200096030E-2,-3.185237646E-1
3.776194346E1,1.816254854E-1,-6.878229231E-2,-4.210576415E-1
3.778194346E1,2.123817354E-1,-7.925132662E-2,-4.173812866E-1
3.780194346E1,2.212601155E-1,-9.881706908E-3,-3.630977273E-1
3.782194346E1,2.984973490E-1,3.891921043E-2,-3.437710702E-1
3.784194346E1,3.608027697E-1,-4.617907852E-2,-3.953718841E-1
3.786194346E1,3.245656490E-1,-1.989974380E-1,-4.838610590E-1
3.788194346E1,3.426087797E-1,-1.672660112E-1,-5.112454891E-1
3.790194346E1,3.710016310E-1,-1.065091044E-1,-4.680455923E-1
3.792194346E1,4.076114893E-1,-5.587313697E-2,-4.360730946E-1
3.794194346E1,4.497171044E-1,-1.231373623E-1,-4.640232623E-1
3.796194346E1,4.587337375E-1,-1.913754493E-1,-5.078782439E-1
3.798194346E1,4.492211342E-1,-1.539664268E-1,-5.558682680E-1
3.800194346E1,4.375864863E-1,-8.699311316E-2,-5.943884850E-1
3.802194346E1,4.673503637E-1,-1.171230078E-1,-5.917494297E-1
3.804194346E1,5.083977580E-1,-2.120854706E-1,-5.669674873E-1
3.806194346E1,5.266975164E-1,-1.899548769E-1,-5.594820380E-1
3.808194346E1,5.868237019E-1,-1.257493794E-1,-5.616820455E-1
3.810194346E1,5.787780285E-1,-1.088317260E-1,-5.565596223E-1
3.812194346E1,5.286399126E-1,-1.101079807E-1,-6.414989829E-1
3.814194346E1,5.168309808E-1,-7.572042942E-2,-7.055838108E-1
3.816194346E1,4.846010506E-1,-2.724729851E-2,-6.590756178E-1
3.818194346E1,4.490895569E-1,-3.989982232E-2,-6.654626727E-1
3.820194346E1,5.342870355E-1,-1.662812382E-1,-7.880667448E-1
3.822194346E1,6.173281074E-1,-2.178112566E-1,-8.129505515E-1
3.824194346E1,5.633258224E-1,-1.552587450E-1,-7.045484781E-1
3.826194346E1,5.844919086E-1,-1.597505063E-1,-5.530255437E-1
3.828194346E1,7.460882068E-1,-2.687628567E-1,-4.364392161E-1
3.830194346E1,8.076546192E-1,-3.272207975E-1,-3.989843428E-1
3.832194346E1,7.151842713E-1,-2.913684845E-1,-4.812088609E-1
3.834194346E1,6.286095381E-1,-2.719080448E-1,-5.835211873E-1
3.836194346E1,6.571126580E-1,-2.961561084E-1,-5.888395905E-1
3.838194346E1,7.396168709E-1,-3.310546577E-1,-4.834594727E-1
3.840194346E1,7.495942712E-1,-2.716654241E-1,-3.860243261E-1
3.842194346E1,7.629219890E-1,-2.300069183E-1,-3.923979700E-1
3.844194346E1,7.847637534E-1,-1.745166481E-1,-4.009460211E-1
3.846194346E1,7.449145913E-1,-1.317331642E-1,-3.749273419E-1
3.848194346E1,6.850094199E-1,-1.223481894E-1,-4.361302257E-1
3.850194346E1,6.124963164E-1,-1.682061516E-2,-5.187563300E-1
3.852194346E1,5.470798016E-1,-8.423039317E-2,-5.209949613E-1
3.854194346E1,5.528891683E-1,-1.984391510E-1,-5.020439029E-1
3.856194346E1,5.531995893E-1,-1.345586479E-1,-4.376903772E-1
3.858194346E1,5.605841875E-1,-2.135213837E-2,-3.353728950E-1
3.860194346E1,5.110530853E-1,-8.541035652E-2,-3.831432164E-1
3.862194346E1,5.201181769E-1,-1.424599737E-1,-4.895763695E-1
3.864194346E1,4.520765245E-1,-1.182446480E-1,-4.994508624E-1
3.866194346E1,3.230360448E-1,-1.554631535E-2,-4.060552120E-1
3.868194346E1,3.471339941E-1,-7.829239964E-2,-2.863885164E-1
3.870194346E1,3.995358050E-1,-1.474980861E-1,-2.147624642E-1
3.872194346E1,3.045936823E-1,-1.018951088E-1,-1.490023434E-1
3.874194346E1,1.223231852E-1,-2.284016926E-3,-8.919718862E-2
3.876194346E1,-3.870305838E-3,2.027880028E-2,-6.878999621E-2
3.878194346E1,-4.833310843E-2,8.006650209E-2,-3.814153746E-2
3.880194346E1,-6.402102858E-2,9.497469664E-2,-1.402625535E-2
3.882194346E1,-3.441203758E-2,1.018044129E-1,-3.342846781E-2
3.884194346E1,-5.384881794E-2,1.822736263E-1,-3.800155222E-2
3.886194346E1,-1.047350019E-1,1.883684844E-1,1.207963005E-2
3.888194346E1,-9.265163541E-2,1.270554513E-1,4.093231633E-2
3.890194346E1,3.553801775E-2,4.492168874E-2,8.071834594E-2
3.892194346E1,2.763994969E-2,6.715070456E-2,1.592074782E-1
3.894194346E1,-1.016531289E-1,3.309138864E-2,1.735215485E-1
3.896194346E1,-2.303944528E-1,3.241975233E-2,1.165603474E-1
3.898194346E1,-3.222741783E-1,-2.058861963E-2,4.247085750E-2
3.900194346E1,-3.614968956E-1,-3.409708291E-2,-1.942115091E-2
3.902194346E1,-3.529583812E-1,5.703494325E-2,5.234856531E-2
3.904194346E1,-2.415716797E-1,-8.145155758E-2,2.034118474E-1
3.906194346E1,-2.410926372E-1,-2.329251170E-2,2.598573267E-1
3.908194346E1,-3.858334422E-1,2.386640012E-1,2.267586440E-1
3.910194346E1,-5.811499953E-1,3.338139653E-1,1.780100167E-1
3.912194346E1,-7.706956863E-1,3.453963101E-1,8.735254407E-2
3.914194346E1,-9.602485895E-1,2.754495740E-1,5.259943381E-2
3.916194346E1,-9.576212168E-1,-6.325032562E-2,3.837077320E-2
3.918194346E1,-7.934786081E-1,-3.040263355E-1,7.682925463E-2
3.920194346E1,-6.178042293E-1,-1.831050515E-1,2.477688789E-1
3.922194346E1,-4.626551270E-1,-4.853102192E-2,3.908238709E-1
3.924194346E1,-3.211621642E-1,2.811576612E-2,4.557291567E-1
3.926194346E1,-3.594660163E-1,2.652767301E-1,4.688979387E-1
3.928194346E1,-5.652949214E-1,5.025722980E-1,4.178432822E-1
3.930194346E1,-8.291057944E-1,6.144823432E-1,2.795599103E-1
3.932194346E1,-8.361045718E-1,3.927256167E-1,1.801839471E-1
3.934194346E1,-7.166298628E-1,1.098790467E-1,2.666663527E-1
3.936194346E1,-6.812981963E-1,2.633136883E-2,4.034362435E-1
3.938194346E1,-7.276894450E-1,-3.220065031E-3,4.528870583E-1
3.940194346E1,-7.275956869E-1,-1.222931966E-1,3.616788387E-1
3.942194346E1,-6.236718297E-1,-1.199546233E-1,2.874097824E-1
3.944194346E1,-5.225492716E-1,7.750173658E-2,4.042982757E-1
3.946194346E1,-5.735417604E-1,2.837110460E-1,5.989677310E-1
3.948194346E1,-7.549872994E-1,3.368808925E-1,6.232001185E-1
3.950194346E1,-8.149656653E-1,3.746196032E-1,5.429469347E-1
3.952194346E1,-7.062612176E-1,2.891561389E-1,4.866280854E-1
3.954194346E1,-5.627883673E-1,2.369093597E-1,4.627992213E-1
3.956194346E1,-5.137844086E-1,1.832988858E-1,4.972662032E-1
3.958194346E1,-5.207720995E-1,2.562258393E-2,5.101175904E-1
3.960194346E1,-5.319170356E-1,3.551468998E-2,5.057612658E-1
3.962194346E1,-5.514474511E-1,1.381147653E-1,5.593770742E-1
3.964194346E1,-4.844035208E-1,2.066681981E-1,5.805254579E-1
3.966194346E1,-4.249220490E-1,2.072433531E-1,5.161526799E-1
3.968194346E1,-4.695475399E-1,2.654410899E-1,4.866156876E-1
3.970194346E1,-5.197098255E-1,3.442571759E-1,5.215769410E-1
3.972194346E1,-4.457240105E-1,2.225347012E-1,4.785527885E-1
3.974194346E1,-4.357327223E-1,1.070849076E-1,4.033370912E-1
3.976194346E1,-5.790937543E-1,1.503714025E-1,3.823118210E-1
3.978194346E1,-5.146443844E-1,8.227831870E-2,4.600367546E-1
3.980194346E1,-2.956920564E-1,-1.088271663E-1,5.368001461E-1
3.982194346E1,-2.330479026E-1,-1.343897432E-1,4.982564449E-1
3.984194346E1,-3.574492633E-1,9.938815609E-3,4.156622589E-1
3.986194346E1,-4.880474806E-1,1.601347178E-1,3.975455761E-1
3.988194346E1,-3.771282434E-1,1.434557289E-1,3.962841332E-1
3.990194346E1,-6.634920090E-2,-1.734244525E-1,3.933690786E-1
3.992194346E1,2.911826596E-4,-2.323623002E-1,4.179762304E-1
3.994194346E1,-2.123716772E-1,-1.669651866E-1,3.482330143E-1
3.996194346E1,-3.016510308E-1,-2.346194685E-1,1.870013475E-1
3.998194346E1,-2.831620574E-1,-2.178203911E-1,1.838098019E-1
4.000194346E1,-3.708457351E-1,1.137993559E-1,3.652868569E-1
4.002194346E1,-4.580321908E-1,2.425568402E-1,4.768624306E-1
4.004194346E1,-3.582278192E-1,8.028748631E-2,4.867944419E-1
4.006194346E1,-2.317298949E-1,-1.201620474E-1,6.342983842E-1
4.008194346E1,-2.540598810E-1,-1.586694419E-1,8.756508827E-1
4.010194346E1,-2.906622589E-1,-1.644636244E-1,9.201971292E-1
4.012194346E1,-2.712919414E-1,-2.727004886E-1,7.882800102E-1
4.014194346E1,-2.446419150E-1,-4.094014466E-1,6.809433103E-1
4.016194346E1,-1.744408160E-1,-3.700144291E-1,6.986985803E-1
4.018194346E1,-1.232916117E-1,-2.964739203E-1,7.388092875E-1
4.020194346E1,-9.224531054E-2,-3.386425972E-1,6.095270514E-1
4.022194346E1,-1.137411818E-1,-8.691389114E-2,3.498073816E-1
4.024194346E1,-2.478897721E-1,1.650117636E-1,9.926006943E-2
4.026194346E1,-4.025372863E-1,3.504961729E-1,-4.486208409E-2
4.028194346E1,-4.102941155E-1,5.099507570E-1,-7.765150815E-2
4.030194346E1,-3.174907565E-1,5.355551243E-1,-1.038048640E-1
4.032194346E1,-1.839973032E-1,3.887782097E-1,-1.754691452E-1
4.034194346E1,-4.966482520E-2,1.534826756E-1,-2.159969509E-1
4.036194346E1,6.887297332E-2,2.447547764E-2,-1.724971831E-1
4.038194346E1,1.156208068E-1,-4.313986003E-2,-3.844978288E-2
4.040194346E1,1.595408916E-1,-1.480612755E-1,1.423765570E-1
4.042194346E1,1.479729116E-1,-2.267014682E-1,3.066964447E-1
4.044194346E1,3.579341620E-2,-7.191063464E-2,3.385173082E-1
4.046194346E1,-1.315679550E-1,3.883588314E-1,2.379708588E-1
4.048194346E1,-4.033988416E-1,8.374872208E-1,5.826888606E-2
4.050194346E1,-6.572153568E-1,1.036025167E0,-1.195961833E-1
4.052194346E1,-7.253867388E-1,1.038416147E0,-1.040603295E-1
4.054194346E1,-5.668254495E-1,7.204967141E-1,-9.609558433E-2
4.056194346E1,-3.288187087E-1,3.582486212E-1,-7.708676904E-2
4.058194346E1,-7.071129233E-2,-6.753138453E-2,-9.786192328E-2
4.060194346E1,6.003987044E-2,-4.054176807E-1,-1.646274030E-1
4.062194346E1,-2.468617633E-3,-5.746712685E-1,-1.990279704E-1
4.064194346E1,-3.387257829E-2,-5.619432330E-1,-2.372388840E-1
4.066194346E1,1.252279282E-1,-5.759468079E-1,-3.286410570E-1
4.068194346E1,2.505960763E-1,-5.459734201E-1,-3.372867405E-1
4.070194346E1,1.799939722E-1,-3.148121834E-1,-1.894618422E-1
4.072194346E1,2.976913936E-3,-2.921828926E-1,9.164362215E-3
4.074194346E1,-7.078485936E-2,-4.204770625E-1,2.200043201E-1
4.076194346E1,8.975738287E-2,-4.914385080E-1,4.010173380E-1
4.078194346E1,2.436038554E-1,-5.443644524E-1,4.324299395E-1
4.080194346E1,2.297637165E-1,-4.933785796E-1,3.359706700E-1
4.082194346E1,1.065774411E-1,-4.357852340E-1,1.850770116E-1
4.084194346E1,1.856738888E-2,-3.585396409E-1,6.221540272E-2
4.086194346E1,2.762706764E-2,-4.405170977E-1,5.908824503E-2
4.088194346E1,1.198519319E-1,-6.926944852E-1,1.216894612E-1
4.090194346E1,1.796391755E-1,-6.601502895E-1,2.548255920E-1
4.092194346E1,2.639474571E-1,-4.181838036E-1,4.583250880E-1
4.094194346E1,3.981467485E-1,-4.428395033E-1,5.963166356E-1
4.096194346E1,3.262861967E-1,-4.764066637E-1,6.017957330E-1
4.098194346E1,1.344586536E-2,-2.377264649E-1,3.926102519E-1
4.100194346E1,-1.722348183E-1,2.640566602E-2,1.345873475E-1
4.102194346E1,-9.675596654E-2,1.687951684E-1,-2.567988634E-2
4.104194346E1,-1.050668657E-1,5.845369771E-2,-1.034792885E-1
4.106194346E1,-1.137715131E-1,-1.119692400E-1,-1.770580932E-2
4.108194346E1,-5.847399309E-2,-2.969458103E-1,1.516938061E-1
4.110194346E1,5.241446942E-2,-4.194132090E-1,3.212967813E-1
4.112194346E1,1.171421036E-1,-4.339556992E-1,3.632169068E-1
4.114194346E1,1.061271280E-1,-3.860832751E-1,2.004121095E-1
4.116194346E1,7.669474185E-2,-2.119116187E-1,-2.960163541E-2
4.118194346E1,4.779531807E-2,-4.312338680E-2,-9.432995319E-2
4.120194346E1,-2.419152297E-2,9.408637881E-2,2.702477574E-2
4.122194346E1,-4.739075154E-2,3.054448962E-2,1.656601727E-1
4.124194346E1,-4.162584245E-2,-1.635191590E-1,2.234433889E-1
4.126194346E1,-9.161633998E-2,-2.510763705E-1,2.209005207E-1
4.128194346E1,-1.767163910E-2,-2.254440933E-1,2.066555917E-1
4.130194346E1,1.054109037E-1,-3.588341475E-1,1.835231632E-1
4.132194346E1,1.094528213E-1,-4.328277409E-1,2.036333382E-1
4.134194346E1,9.791530669E-2,-3.407060206E-1,1.828180850E-1
4.136194346E1,2.363022864E-1,-3.659595847E-1,-2.085678466E-2
4.138194346E1,2.824975550E-1,-4.141044021E-1,-1.270322055E-1
4.140194346E1,2.346074432E-1,-3.612604439E-1,-9.423193336E-2
4.142194346E1,1.455852985E-1,-1.565738469E-1,3.691390902E-2
4.144194346E1,1.015828848E-1,-6.747046858E-2,1.255399883E-1
4.146194346E1,1.183551699E-1,-2.733310685E-2,7.730951905E-2
4.148194346E1,5.440977961E-2,1.356109828E-1,-3.653911129E-2
4.150194346E1,-1.256984025E-1,4.037959874E-1,-1.048149616E-1
4.152194346E1,-2.696852088E-1,4.940367639E-1,-8.943961561E-2
4.154194346E1,-2.734117210E-1,4.206966460E-1,2.109214664E-2
4.156194346E1,-1.852236241E-1,2.130283564E-1,1.187557578E-1
4.158194346E1,-6.005688012E-2,2.468739450E-2,9.756196290E-2
4.160194346E1,9.188790619E-2,-2.154072076E-1,2.952881530E-2
4.162194346E1,-7.891122997E-2,-3.176182881E-2,8.599355817E-2
4.164194346E1,-2.846252620E-1,2.712896764E-1,2.431443892E-2
4.166194346E1,4.511998594E-1,-5.374136567E-1,1.738222875E-2
4.168194346E1,4.424137771E-1,-5.800580978E-1,1.510695964E-1
4.170194346E1,1.712804437E-1,-3.099173903E-1,1.521203667E-1
4.172194346E1,1.049193516E-1,-2.278230041E-1,6.503693014E-2
4.174194346E1,6.581845880E-2,-1.484675407E-1,5.381248519E-2
4.176194346E1,1.484196074E-2,-6.285300851E-2,7.139421999E-2
4.178194346E1,5.483747460E-3,-5.276044831E-2,6.873258203E-2
4.180194346E1,-3.266546875E-2,-5.388943851E-2,8.561955392E-2
4.182194346E1,-9.774197638E-2,-4.631214589E-2,1.427783519E-1
4.184194346E1,-1.141617596E-1,-6.463108212E-2,1.559117287E-1
4.186194346E1,-7.764019817E-2,-9.958168119E-2,9.831833839E-2
4.188194346E1,-6.073395535E-2,-7.014703006E-2,1.934167184E-2
4.190194346E1,-3.638490662E-2,-3.243696410E-3,-4.325423762E-2
4.192194346E1,-1.500725513E-3,4.376090690E-2,-4.595961049E-2
4.194194346E1,1.935805194E-2,5.719501525E-2,-3.030149639E-2
4.196194346E1,9.625262581E-3,3.341936693E-2,-3.839746863E-2
4.198194346E1,6.602805108E-3,2.290690877E-2,-3.923125193E-2
4.200194346E1,2.694246545E-2,4.428718705E-3,-1.575284079E-2
4.202194346E1,6.432176381E-2,-2.088055760E-2,-1.133691799E-2
4.204194346E1,5.616470426E-2,-9.327899665E-3,-1.885814033E-2
4.206194346E1,1.474901382E-2,4.113944992E-2,-2.532571182E-2
4.208194346E1,-2.543165721E-2,9.000781924E-2,-2.523627691E-2
4.210194346E1,-4.767041653E-2,1.035577804E-1,-2.089062706E-2
4.212194346E1,-4.076977074E-2,9.030164778E-2,6.409778260E-3
4.214194346E1,-2.163235843E-2,2.636007965E-2,3.682874516E-2
4.216194346E1,-1.803499833E-2,2.532819845E-2,5.749203265E-2
4.218194346E1,-7.322761230E-3,1.824774034E-2,3.483512625E-2
4.220194346E1,1.312399004E-2,-1.815312542E-3,2.093361504E-2
4.222194346E1,1.998169720E-2,-1.014581136E-2,4.704716429E-2
4.224194346E1,1.018233001E-1,-1.385913938E-1,7.825248688E-2
4.226194346E1,1.635964513E-1,-2.498809993E-1,-4.488889594E-3
4.228194346E1,1.264298707E-1,-1.581249535E-1,-7.981268317E-2
4.230194346E1,3.548365831E-2,1.465760544E-2,-5.562897772E-2
4.232194346E1,-1.108108554E-3,1.016243249E-1,7.140106708E-2
4.234194346E1,-1.198971830E-2,6.590294093E-2,1.197541803E-1
4.236194346E1,4.903244320E-3,4.951920360E-2,9.000393003E-2
4.238194346E1,2.360348776E-2,2.867347747E-2,2.488388494E-2
4.240194346E1,2.572952956E-2,4.318200052E-2,-2.701903693E-2
4.242194346E1,4.691557586E-2,3.214944899E-2,-5.758044496E-2
4.244194346E1,6.723056734E-2,-1.272614114E-2,-4.689066857E-2
4.246194346E1,7.336735725E-2,-1.660275459E-2,-5.836028606E-3
4.248194346E1,9.324052930E-2,-3.134791180E-2,3.392706439E-2
4.250194346E1,6.529009342E-2,6.786781363E-3,4.675879702E-2
4.252194346E1,4.333791509E-2,5.072630569E-2,7.201450411E-3
4.254194346E1,5.238061771E-2,6.038886309E-2,-4.562291130E-2
4.256194346E1,7.181470096E-2,3.740351647E-2,-6.213869154E-2
4.258194346E1,1.063728482E-1,-8.824214339E-3,-3.673223034E-2
4.260194346E1,1.227628365E-1,-2.254233882E-2,-8.726451546E-3
4.262194346E1,9.294085950E-2,-1.301775035E-2,1.181856263E-2
4.264194346E1,6.447233260E-2,-9.127132595E-3,1.611355506E-2
4.266194346E1,3.704383969E-2,1.878236979E-2,1.164587913E-3
4.268194346E1,-2.379768994E-3,5.190924928E-2,2.769502811E-3
4.270194346E1,-1.161310971E-1,2.191325873E-1,4.280084744E-2
4.272194346E1,1.275933534E-2,1.134394929E-1,-2.926712669E-2
4.274194346E1,6.490096450E-2,5.848569423E-2,-3.590996563E-2
4.276194346E1,3.386495262E-2,4.843321070E-2,-4.291354120E-2
4.278194346E1,2.445667051E-2,1.187548414E-2,-2.647564001E-2