"Time (s)","w","x","y","z","Direct (°)","Yaw (°)","Pitch (°)","Roll (°)"
5.070791580E-3,3.776400406E-1,1.401618735E-1,-4.314363834E-1,-8.072208246E-1,1.356248445E2,5.374546520E1,-5.714532957E0,-1.327545559E2
1.503979159E-2,3.773386906E-1,1.401472697E-1,-4.315936543E-1,-8.072800831E-1,1.356621357E2,5.376482570E1,-5.706795693E0,-1.327901621E2
2.500979160E-2,3.771200117E-1,1.402645643E-1,-4.317549503E-1,-8.072757209E-1,1.356891935E2,5.379047606E1,-5.692097680E0,-1.328095441E2
3.497979161E-2,3.769888507E-1,1.404428666E-1,-4.318747527E-1,-8.072419191E-1,1.357054212E2,5.381364718E1,-5.674748365E0,-1.328156165E2
4.494879162E-2,3.768753281E-1,1.406330964E-1,-4.319766006E-1,-8.072071691E-1,1.357194658E2,5.383515285E1,-5.656402244E0,-1.328189556E2
5.491879163E-2,3.767775475E-1,1.408644720E-1,-4.320302219E-1,-8.071839040E-1,1.357315624E2,5.385276179E1,-5.632735884E0,-1.328181462E2
6.488879165E-2,3.766795350E-1,1.411744410E-1,-4.320234152E-1,-8.071790782E-1,1.357436871E2,5.386682079E1,-5.598834092E0,-1.328129203E2
7.485779165E-2,3.765692999E-1,1.415348387E-1,-4.319682450E-1,-8.071969274E-1,1.357573232E2,5.387751990E1,-5.557174007E0,-1.328061926E2
8.482779167E-2,3.764266960E-1,1.419135282E-1,-4.319130748E-1,-8.072265777E-1,1.357749623E2,5.388922090E1,-5.512014641E0,-1.328021575E2
9.479779168E-2,3.762256555E-1,1.423462393E-1,-4.319550214E-1,-8.072215201E-1,1.357998278E2,5.391528786E1,-5.463707555E0,-1.328022854E2
1.047667917E-1,3.760188199E-1,1.429489076E-1,-4.320886585E-1,-8.071399870E-1,1.358254077E2,5.396031443E1,-5.404550170E0,-1.327945229E2
1.147367917E-1,3.758830649E-1,1.437881568E-1,-4.321489917E-1,-8.070217651E-1,1.358421957E2,5.400744579E1,-5.324400699E0,-1.327658209E2
1.247057917E-1,3.758546368E-1,1.447741296E-1,-4.319954192E-1,-8.069410328E-1,1.358457111E2,5.403562363E1,-5.226120972E0,-1.327162119E2
1.346757917E-1,3.759090063E-1,1.457671515E-1,-4.316173619E-1,-8.069390940E-1,1.358389878E2,5.403717128E1,-5.120305202E0,-1.326558019E2
1.446457915E-1,3.759872098E-1,1.466904731E-1,-4.310952784E-1,-8.070144737E-1,1.358293169E2,5.401833449E1,-5.014620912E0,-1.325957691E2
1.546147915E-1,3.760429490E-1,1.475026323E-1,-4.305384026E-1,-8.071377743E-1,1.358224238E2,5.399032369E1,-4.915816930E0,-1.325440231E2
1.645847915E-1,3.760489760E-1,1.482367988E-1,-4.300140431E-1,-8.072799356E-1,1.358216784E2,5.396278960E1,-4.822864299E0,-1.325021676E2
1.745547915E-1,3.760256055E-1,1.489363416E-1,-4.295160465E-1,-8.074271335E-1,1.358245686E2,5.393696065E1,-4.732715946E0,-1.324655892E2
1.845237915E-1,3.760238354E-1,1.495401795E-1,-4.290552972E-1,-8.075613290E-1,1.358247875E2,5.391101362E1,-4.654343421E0,-1.324318299E2
1.944937916E-1,3.760133829E-1,1.500543816E-1,-4.286374849E-1,-8.076927429E-1,1.358260801E2,5.388598731E1,-4.585760221E0,-1.324040069E2
2.044637916E-1,3.760285769E-1,1.505847786E-1,-4.281952170E-1,-8.078215226E-1,1.358242011E2,5.385880653E1,-4.515916163E0,-1.323723352E2
2.144327916E-1,3.761270530E-1,1.512560936E-1,-4.277162602E-1,-8.079040250E-1,1.358120225E2,5.383384988E1,-4.436288462E0,-1.323236242E2
2.244027916E-1,3.762533882E-1,1.520457043E-1,-4.272878480E-1,-8.079236866E-1,1.357963978E2,5.382062632E1,-4.350312751E0,-1.322656370E2
2.343727916E-1,3.763398946E-1,1.529730087E-1,-4.269591131E-1,-8.078821087E-1,1.357856985E2,5.382615857E1,-4.254980759E0,-1.322051167E2
2.443417916E-1,3.763668475E-1,1.541826338E-1,-4.267389274E-1,-8.077558578E-1,1.357823648E2,5.385861952E1,-4.136734018E0,-1.321365055E2
2.543117916E-1,3.763463430E-1,1.557644577E-1,-4.265503098E-1,-8.075615819E-1,1.357849010E2,5.391335105E1,-3.984265120E0,-1.320532186E2
2.642807916E-1,3.763178096E-1,1.576331858E-1,-4.261457211E-1,-8.074259112E-1,1.357884301E2,5.395694328E1,-3.794505360E0,-1.319544048E2
2.742507916E-1,3.762988857E-1,1.595634482E-1,-4.253082421E-1,-8.074970972E-1,1.357907707E2,5.395281716E1,-3.577121233E0,-1.318495690E2
2.842207917E-1,3.762255291E-1,1.613293590E-1,-4.241723003E-1,-8.077778163E-1,1.357998434E2,5.390602203E1,-3.355574051E0,-1.317587949E2
2.941897917E-1,3.759914877E-1,1.628148774E-1,-4.230456202E-1,-8.081795179E-1,1.358287878E2,5.384732343E1,-3.150322835E0,-1.317014138E2
3.041597917E-1,3.756133672E-1,1.640573138E-1,-4.220183434E-1,-8.086410048E-1,1.358755445E2,5.378892574E1,-2.963772308E0,-1.316738023E2
3.141297917E-1,3.752173133E-1,1.651445760E-1,-4.209716686E-1,-8.091489165E-1,1.359245105E2,5.372075568E1,-2.789034159E0,-1.316566826E2
3.240995416E-1,3.748952271E-1,1.660084811E-1,-4.198282878E-1,-8.097154544E-1,1.359643252E2,5.363002999E1,-2.633322966E0,-1.316433139E2
3.340695417E-1,3.746336637E-1,1.665107977E-1,-4.186456367E-1,-8.103453812E-1,1.359966543E2,5.351652122E1,-2.511217678E0,-1.316428822E2
3.440395417E-1,3.743593299E-1,1.666572791E-1,-4.175695223E-1,-8.109970980E-1,1.360305579E2,5.339775293E1,-2.425765834E0,-1.316636640E2
3.540085417E-1,3.740351574E-1,1.667282544E-1,-4.166245478E-1,-8.116178157E-1,1.360706156E2,5.329075082E1,-2.351231438E0,-1.316945140E2
3.639785417E-1,3.736861393E-1,1.670375807E-1,-4.156679303E-1,-8.122053006E-1,1.361137370E2,5.319449535E1,-2.253512400E0,-1.317152456E2
3.739485417E-1,3.733809962E-1,1.677974462E-1,-4.144983552E-1,-8.127863371E-1,1.361514324E2,5.309598624E1,-2.106935487E0,-1.317061860E2
3.839175417E-1,3.731783541E-1,1.690352675E-1,-4.130356804E-1,-8.133673735E-1,1.361764627E2,5.298737327E1,-1.908096312E0,-1.316592006E2
3.938875417E-1,3.730991391E-1,1.705953331E-1,-4.113332006E-1,-8.139405496E-1,1.361862467E2,5.286735240E1,-1.674834154E0,-1.315805264E2
4.038575415E-1,3.731569435E-1,1.722837464E-1,-4.095167031E-1,-8.144742340E-1,1.361791072E2,5.274108889E1,-1.431779040E0,-1.314794369E2
4.138265415E-1,3.733171858E-1,1.739561228E-1,-4.077407719E-1,-8.149361635E-1,1.361593145E2,5.261944673E1,-1.197970391E0,-1.313678987E2
4.237965415E-1,3.735256441E-1,1.754085454E-1,-4.061239766E-1,-8.153365586E-1,1.361335642E2,5.250573120E1,-9.947872440E-1,-1.312632932E2
4.337655415E-1,3.736935572E-1,1.764395205E-1,-4.047678385E-1,-8.157114126E-1,1.361128206E2,5.240110568E1,-8.406054101E-1,-1.311867326E2
4.437355415E-1,3.736922085E-1,1.770488691E-1,-4.036160178E-1,-8.161507514E-1,1.361129872E2,5.229872884E1,-7.253373652E-1,-1.311527308E2
4.537055416E-1,3.734934650E-1,1.774072332E-1,-4.025973391E-1,-8.166667763E-1,1.361375393E2,5.219898822E1,-6.285337764E-1,-1.311549877E2
4.636745416E-1,3.730720176E-1,1.777239036E-1,-4.016776316E-1,-8.172433241E-1,1.361895964E2,5.210875016E1,-5.283903965E-1,-1.311848928E2
4.736445416E-1,3.724687276E-1,1.781165015E-1,-4.007542784E-1,-8.178861479E-1,1.362640982E2,5.202214552E1,-4.113204144E-1,-1.312312902E2
4.836145416E-1,3.718028496E-1,1.786587523E-1,-3.996926099E-1,-8.185899581E-1,1.363463066E2,5.192731865E1,-2.702755939E-1,-1.312765955E2
4.935835416E-1,3.712118032E-1,1.793465467E-1,-3.984189743E-1,-8.193283498E-1,1.364192565E2,5.181552775E1,-1.093336742E-1,-1.313055501E2
5.035535416E-1,3.707984480E-1,1.801106480E-1,-3.969913551E-1,-8.200405262E-1,1.364702639E2,5.168997347E1,5.663713876E-2,-1.313103674E2
5.135235416E-1,3.706650532E-1,1.808805129E-1,-3.955484051E-1,-8.206286012E-1,1.364867226E2,5.156316569E1,2.085286355E-1,-1.312833902E2
5.234925416E-1,3.707352488E-1,1.814860682E-1,-3.941963447E-1,-8.211134796E-1,1.364780618E2,5.143849034E1,3.298166169E-1,-1.312424865E2
5.334625416E-1,3.708309011E-1,1.818253293E-1,-3.930272544E-1,-8.215555368E-1,1.364662595E2,5.132113243E1,4.163096556E-1,-1.312133925E2
5.434325417E-1,3.709259844E-1,1.820391508E-1,-3.919860059E-1,-8.219627596E-1,1.364545271E2,5.121205402E1,4.849123060E-1,-1.311912877E2
5.534015417E-1,3.710122168E-1,1.823389729E-1,-3.908720331E-1,-8.223875999E-1,1.364438863E2,5.109921482E1,5.655197661E-1,-1.311655408E2
5.633715417E-1,3.709927028E-1,1.828237144E-1,-3.895676198E-1,-8.229076498E-1,1.364462943E2,5.097427516E1,6.784309936E-1,-1.311418854E2
5.733405417E-1,3.710904835E-1,1.835709043E-1,-3.879677570E-1,-8.234528615E-1,1.364342281E2,5.082945687E1,8.240384158E-1,-1.310908690E2
5.833105417E-1,3.710901042E-1,1.843549515E-1,-3.862017724E-1,-8.241077814E-1,1.364342749E2,5.066770795E1,9.869908593E-1,-1.310493066E2
5.932805417E-1,3.714504808E-1,1.852992201E-1,-3.843635271E-1,-8.245929548E-1,1.363897999E2,5.050688004E1,1.148790248E0,-1.309582826E2
6.032495417E-1,3.721955950E-1,1.863922459E-1,-3.825649209E-1,-8.248469739E-1,1.362978216E2,5.035949264E1,1.301425297E0,-1.308155039E2
6.132195415E-1,3.731843179E-1,1.876732888E-1,-3.806842547E-1,-8.249798629E-1,1.361757261E2,5.021377949E1,1.462494941E0,-1.306349023E2
6.231895415E-1,3.742709479E-1,1.891149850E-1,-3.786915728E-1,-8.250755362E-1,1.360414797E2,5.006493545E1,1.638985224E0,-1.304345545E2
6.331585415E-1,3.753247245E-1,1.906007246E-1,-3.767574329E-1,-8.251404213E-1,1.359112316E2,4.992614181E1,1.818412925E0,-1.302355044E2
6.431285415E-1,3.760017293E-1,1.918797234E-1,-3.750854147E-1,-8.252975026E-1,1.358275213E2,4.980629891E1,1.985706786E0,-1.300904868E2
6.530985415E-1,3.763667632E-1,1.928681829E-1,-3.736456468E-1,-8.255536290E-1,1.357823753E2,4.969704731E1,2.131347416E0,-1.299967715E2
6.630675416E-1,3.765023496E-1,1.935069606E-1,-3.723956977E-1,-8.259071146E-1,1.357656046E2,4.959007601E1,2.247822507E0,-1.299483079E2
6.730375416E-1,3.763884899E-1,1.937864785E-1,-3.713937406E-1,-8.263444935E-1,1.357796880E2,4.949118817E1,2.332130671E0,-1.299477573E2
6.830075416E-1,3.761741310E-1,1.938757402E-1,-3.706503598E-1,-8.267548352E-1,1.358062002E2,4.941107739E1,2.390916617E0,-1.299687481E2
6.929765416E-1,3.758194442E-1,1.939458410E-1,-3.701294985E-1,-8.271328714E-1,1.358500629E2,4.935497947E1,2.443502409E0,-1.300064566E2
7.029465416E-1,3.753270215E-1,1.942097645E-1,-3.696799602E-1,-8.274955661E-1,1.359109476E2,4.931745361E1,2.516877975E0,-1.300491937E2
7.129155416E-1,3.748526377E-1,1.947783413E-1,-3.691907881E-1,-8.277953777E-1,1.359695895E2,4.929230836E1,2.618695041E0,-1.300732316E2
7.228855416E-1,3.743366759E-1,1.956191815E-1,-3.686872913E-1,-8.280549180E-1,1.360333574E2,4.928055211E1,2.747841584E0,-1.300870608E2
7.328555416E-1,3.739374399E-1,1.968178379E-1,-3.681982193E-1,-8.281689042E-1,1.360826893E2,4.929065112E1,2.902162085E0,-1.300677333E2
7.428245416E-1,3.735931634E-1,1.983383118E-1,-3.677513942E-1,-8.281599901E-1,1.361252232E2,4.932381296E1,3.080151513E0,-1.300240567E2
7.527945417E-1,3.731232050E-1,2.000614435E-1,-3.673499033E-1,-8.281356503E-1,1.361832743E2,4.937346301E1,3.280398533E0,-1.299831249E2
7.627645417E-1,3.726788297E-1,2.018790790E-1,-3.669184776E-1,-8.280858959E-1,1.362381544E2,4.942543759E1,3.489231225E0,-1.299336936E2
7.727335417E-1,3.721047474E-1,2.034041153E-1,-3.666507661E-1,-8.280894784E-1,1.363090376E2,4.947948434E1,3.669933521E0,-1.299146358E2
7.827035417E-1,3.714294496E-1,2.044500473E-1,-3.668008352E-1,-8.280685104E-1,1.363923956E2,4.955377173E1,3.790934674E0,-1.299325334E2
7.926735417E-1,3.705865337E-1,2.050570199E-1,-3.674567508E-1,-8.280052690E-1,1.364964103E2,4.966024767E1,3.854761591E0,-1.299925805E2
8.026425417E-1,3.696137633E-1,2.054598331E-1,-3.685137780E-1,-8.278705045E-1,1.366164019E2,4.980044729E1,3.886070890E0,-1.300775742E2
8.126125417E-1,3.686623193E-1,2.059648367E-1,-3.697368374E-1,-8.276238822E-1,1.367337146E2,4.996550443E1,3.916738632E0,-1.301536282E2
8.225825415E-1,3.675894291E-1,2.066333120E-1,-3.709956953E-1,-8.273710854E-1,1.368659445E2,5.014365164E1,3.966698884E0,-1.302338428E2
8.325515415E-1,3.664554471E-1,2.074337387E-1,-3.721727566E-1,-8.271450729E-1,1.370056382E2,5.031986728E1,4.036165078E0,-1.303133741E2
8.425215415E-1,3.653784054E-1,2.082741468E-1,-3.732142896E-1,-8.269411032E-1,1.371382555E2,5.048315069E1,4.113474878E0,-1.303842133E2
8.524905415E-1,3.641116398E-1,2.088542192E-1,-3.742952245E-1,-8.268649860E-1,1.372941566E2,5.063563585E1,4.175859223E0,-1.304910348E2
8.624605415E-1,3.627999245E-1,2.090647848E-1,-3.754957354E-1,-8.268440180E-1,1.374555023E2,5.078078372E1,4.201728525E0,-1.306235436E2
8.724305416E-1,3.613987103E-1,2.088022626E-1,-3.768096107E-1,-8.269262886E-1,1.376277590E2,5.091200551E1,4.184658018E0,-1.307929076E2
8.823995416E-1,3.597925361E-1,2.081041949E-1,-3.781959364E-1,-8.271696867E-1,1.378250890E2,5.102661611E1,4.136383304E0,-1.310101797E2
8.923695416E-1,3.581562690E-1,2.071604163E-1,-3.795617735E-1,-8.274911407E-1,1.380259814E2,5.112547038E1,4.069240942E0,-1.312449387E2
9.023395416E-1,3.562524537E-1,2.058903316E-1,-3.809308191E-1,-8.280007382E-1,1.382595522E2,5.120627824E1,3.987544671E0,-1.315284481E2
9.123085416E-1,3.543725146E-1,2.043670971E-1,-3.822749716E-1,-8.285650213E-1,1.384900157E2,5.127108492E1,3.883465254E0,-1.318236035E2
9.222785416E-1,3.525437418E-1,2.025221293E-1,-3.836173804E-1,-8.291775204E-1,1.387140382E2,5.131915105E1,3.748085170E0,-1.321311717E2
9.322485416E-1,3.507915708E-1,2.003742943E-1,-3.849281368E-1,-8.298348005E-1,1.389285225E2,5.134849660E1,3.583093992E0,-1.324471757E2
9.422175416E-1,3.493331424E-1,1.981033484E-1,-3.861531666E-1,-8.304258468E-1,1.391069349E2,5.136347200E1,3.395506404E0,-1.327370020E2
9.521875416E-1,3.480997570E-1,1.958196108E-1,-3.873543202E-1,-8.309258770E-1,1.392577365E2,5.137699695E1,3.195740262E0,-1.330019332E2
9.621575417E-1,3.472403195E-1,1.937351858E-1,-3.885088172E-1,-8.312351295E-1,1.393627733E2,5.139792317E1,2.996051304E0,-1.332134081E2
9.721265417E-1,3.468313265E-1,1.919493395E-1,-3.894804706E-1,-8.313654476E-1,1.394127462E2,5.141538396E1,2.808161285E0,-1.333577423E2
9.820965417E-1,3.466149235E-1,1.903714247E-1,-3.901725851E-1,-8.314940166E-1,1.394391842E2,5.141232955E1,2.642622900E0,-1.334692644E2
9.920655417E-1,3.467864190E-1,1.891731793E-1,-3.904929538E-1,-8.315454779E-1,1.394182327E2,5.138708090E1,2.509033281E0,-1.335166574E2
1.002035542E0,3.471625375E-1,1.882894863E-1,-3.905245640E-1,-8.315743063E-1,1.393722778E2,5.134522189E1,2.407268462E0,-1.335239901E2
1.012005542E0,3.474156926E-1,1.875320337E-1,-3.903957948E-1,-8.317001357E-1,1.393413429E2,5.129113217E1,2.331526527E0,-1.335382224E2
1.021974542E0,3.480926552E-1,1.870860673E-1,-3.900534465E-1,-8.316783036E-1,1.392586046E2,5.122921134E1,2.271878277E0,-1.334879270E2
1.031944542E0,3.490447525E-1,1.867966765E-1,-3.895699484E-1,-8.315708292E-1,1.391422019E2,5.115948935E1,2.218740072E0,-1.333981960E2
1.041914542E0,3.501214992E-1,1.865188550E-1,-3.889558583E-1,-8.314680119E-1,1.390105066E2,5.107539153E1,2.166600830E0,-1.332939560E2
1.051883542E0,3.514437512E-1,1.862827168E-1,-3.881653414E-1,-8.313324466E-1,1.388487063E2,5.097337670E1,2.114073186E0,-1.331599668E2
1.061853542E0,3.529493630E-1,1.860464942E-1,-3.872972323E-1,-8.311523531E-1,1.386643644E2,5.086266269E1,2.055832085E0,-1.330052879E2
1.071823542E0,3.544639311E-1,1.857345970E-1,-3.865581135E-1,-8.309216624E-1,1.384788129E2,5.076296073E1,1.983975371E0,-1.328533075E2
1.081792542E0,3.561648304E-1,1.853839985E-1,-3.859730099E-1,-8.305445956E-1,1.382702979E2,5.067930778E1,1.891065819E0,-1.326819473E2
1.091762542E0,3.579079608E-1,1.848688691E-1,-3.854812088E-1,-8.301383632E-1,1.380564556E2,5.059777396E1,1.776447698E0,-1.325144116E2
1.101731542E0,3.597553415E-1,1.842065314E-1,-3.849693775E-1,-8.297244811E-1,1.378296571E2,5.050618813E1,1.644142253E0,-1.323428500E2
1.111701542E0,3.616684080E-1,1.833781773E-1,-3.843916285E-1,-8.293440426E-1,1.375946118E2,5.039817309E1,1.496883917E0,-1.321725788E2
1.121671542E0,3.634401140E-1,1.823225146E-1,-3.838052078E-1,-8.290738602E-1,1.373767677E2,5.027688608E1,1.337247046E0,-1.320301846E2
1.131640542E0,3.652713103E-1,1.811895336E-1,-3.832075128E-1,-8.287939209E-1,1.371514389E2,5.015015219E1,1.168235732E0,-1.318846668E2
1.141610542E0,3.669874667E-1,1.799567698E-1,-3.826996117E-1,-8.285389956E-1,1.369401078E2,5.002828429E1,9.918670236E-1,-1.317568915E2
1.151580542E0,3.687519235E-1,1.787504533E-1,-3.822942749E-1,-8.282036542E-1,1.367226685E2,4.991951071E1,8.101926915E-1,-1.316215107E2
1.161549542E0,3.706957572E-1,1.776469329E-1,-3.819660247E-1,-8.277246764E-1,1.364829343E2,4.982492377E1,6.244865453E-1,-1.314595963E2
1.171519542E0,3.726929278E-1,1.766080236E-1,-3.817097613E-1,-8.271681694E-1,1.362364134E2,4.974178208E1,4.382032047E-1,-1.312875505E2
1.181489542E0,3.748437447E-1,1.757104749E-1,-3.814470495E-1,-8.265085080E-1,1.359706887E2,4.966508391E1,2.570482918E-1,-1.310899275E2
1.191458542E0,3.771347209E-1,1.749624104E-1,-3.810926366E-1,-8.257880919E-1,1.356873736E2,4.958540573E1,8.693032612E-2,-1.308677967E2
1.201428542E0,3.795200429E-1,1.743808893E-1,-3.805625346E-1,-8.250624285E-1,1.353920876E2,4.949402637E1,-6.371171112E-2,-1.306255019E2
1.211398542E0,3.820833088E-1,1.740464541E-1,-3.798212980E-1,-8.242912466E-1,1.350744251E2,4.939120310E1,-1.900401059E-1,-1.303491672E2
1.221367542E0,3.846559103E-1,1.738952522E-1,-3.789735774E-1,-8.235163768E-1,1.347552392E2,4.928570274E1,-2.943684850E-1,-1.300614605E2
1.231337542E0,3.872483208E-1,1.739097402E-1,-3.781269842E-1,-8.226872218E-1,1.344332202E2,4.918903518E1,-3.845399193E-1,-1.297622091E2
1.241306542E0,3.897808828E-1,1.740108821E-1,-3.773629566E-1,-8.218200504E-1,1.341182680E2,4.910637786E1,-4.679094044E-1,-1.294647423E2
1.251276542E0,3.921936002E-1,1.741181142E-1,-3.766831596E-1,-8.209608658E-1,1.338178787E2,4.903366664E1,-5.487377104E-1,-1.291803125E2
1.261246542E0,3.946265060E-1,1.743017481E-1,-3.760041739E-1,-8.200668258E-1,1.335146355E2,4.896511399E1,-6.236347161E-1,-1.288890821E2
1.271215542E0,3.969560466E-1,1.745186674E-1,-3.752746646E-1,-8.192302109E-1,1.332239527E2,4.889267429E1,-6.871742222E-1,-1.286075974E2
1.281185542E0,3.992813515E-1,1.747875853E-1,-3.744140049E-1,-8.184361853E-1,1.329334801E2,4.880821148E1,-7.384536417E-1,-1.283233528E2
1.291155542E0,4.016673688E-1,1.751375938E-1,-3.734455335E-1,-8.176359852E-1,1.326350896E2,4.871602162E1,-7.794856585E-1,-1.280273331E2
1.301124542E0,4.040431024E-1,1.755240067E-1,-3.725102423E-1,-8.168087269E-1,1.323376462E2,4.862974830E1,-8.182864382E-1,-1.277301476E2
1.311094542E0,4.065571619E-1,1.760049654E-1,-3.716938367E-1,-8.158292341E-1,1.320225124E2,4.856218351E1,-8.623105677E-1,-1.274115508E2
1.321064208E0,4.090169574E-1,1.764696450E-1,-3.710626350E-1,-8.147859943E-1,1.317138069E2,4.851480910E1,-9.151573416E-1,-1.270997304E2
1.331033208E0,4.115876201E-1,1.769710239E-1,-3.705400562E-1,-8.136196645E-1,1.313907886E2,4.848172153E1,-9.766647228E-1,-1.267726104E2
1.341003208E0,4.141193813E-1,1.774993768E-1,-3.701458146E-1,-8.123984175E-1,1.310722561E2,4.846468548E1,-1.041046300E0,-1.264482352E2
1.350973208E0,4.165971524E-1,1.780670316E-1,-3.698951041E-1,-8.111204829E-1,1.307601258E2,4.846607714E1,-1.107416501E0,-1.261277689E2
1.360942208E0,4.191259633E-1,1.787189485E-1,-3.697610033E-1,-8.097343573E-1,1.304411636E2,4.848529195E1,-1.175971155E0,-1.257965676E2
1.370912208E0,4.215886247E-1,1.793807910E-1,-3.697471265E-1,-8.083147461E-1,1.301301506E2,4.851865603E1,-1.247432709E0,-1.254722628E2
1.380881208E0,4.239646322E-1,1.800484498E-1,-3.697718140E-1,-8.069109821E-1,1.298297088E2,4.855678653E1,-1.316440486E0,-1.251574319E2
1.390851208E0,4.263845146E-1,1.808175033E-1,-3.697204791E-1,-8.054861868E-1,1.295233396E2,4.859219602E1,-1.374896710E0,-1.248316403E2
1.400821208E0,4.286083509E-1,1.816000333E-1,-3.696496830E-1,-8.041612585E-1,1.292414501E2,4.862653765E1,-1.420992730E0,-1.245278549E2
1.410790208E0,4.308210394E-1,1.825188768E-1,-3.696020149E-1,-8.027915912E-1,1.289606467E2,4.867146327E1,-1.456352508E0,-1.242178983E2
1.420760208E0,4.329757127E-1,1.835503998E-1,-3.696466695E-1,-8.013754150E-1,1.286868898E2,4.873347476E1,-1.484728725E0,-1.239086069E2
1.430730208E0,4.351582030E-1,1.846911253E-1,-3.697467893E-1,-7.998837116E-1,1.284092780E2,4.880823062E1,-1.508992969E0,-1.235899228E2
1.440699208E0,4.374449013E-1,1.858597942E-1,-3.698423151E-1,-7.983200846E-1,1.281180618E2,4.888427038E1,-1.536860346E0,-1.232568831E2
1.450669208E0,4.397369102E-1,1.869576775E-1,-3.699745720E-1,-7.967415376E-1,1.278258076E2,4.896050965E1,-1.574058933E0,-1.229264263E2
1.460639208E0,4.422236690E-1,1.880758018E-1,-3.701823032E-1,-7.950037282E-1,1.275083075E2,4.904631048E1,-1.625402796E0,-1.225712657E2
1.470608208E0,4.447557990E-1,1.891432339E-1,-3.705573470E-1,-7.931609521E-1,1.271845682E2,4.914777829E1,-1.694655327E0,-1.222129350E2
1.480578208E0,4.474777163E-1,1.902275459E-1,-3.710575036E-1,-7.911342892E-1,1.268360567E2,4.926396655E1,-1.781547529E0,-1.218305740E2
1.490547208E0,4.501751356E-1,1.913089392E-1,-3.716820462E-1,-7.890473248E-1,1.264901579E2,4.939385644E1,-1.876223054E0,-1.214507983E2
1.500517208E0,4.530285826E-1,1.925401013E-1,-3.723105294E-1,-7.868153752E-1,1.261236773E2,4.953305310E1,-1.968359605E0,-1.210436734E2
1.510487208E0,4.558361212E-1,1.938422493E-1,-3.729002271E-1,-7.845916548E-1,1.257625107E2,4.967249832E1,-2.050983113E0,-1.206374379E2
1.520456208E0,4.586229024E-1,1.952376366E-1,-3.734335638E-1,-7.823647523E-1,1.254034369E2,4.981167631E1,-2.122507922E0,-1.202278450E2
1.530426208E0,4.614492385E-1,1.967995988E-1,-3.739236052E-1,-7.800741027E-1,1.250386724E2,4.995656154E1,-2.181031305E0,-1.198036365E2
1.540396208E0,4.641261640E-1,1.984289117E-1,-3.744595445E-1,-7.778129138E-1,1.246926329E2,5.011134469E1,-2.230045146E0,-1.193930097E2
1.550365208E0,4.668575221E-1,2.001222720E-1,-3.749223749E-1,-7.755181970E-1,1.243389918E2,5.026245506E1,-2.273734305E0,-1.189713213E2
1.560335208E0,4.696290778E-1,2.017236204E-1,-3.751888905E-1,-7.732977535E-1,1.239795563E2,5.038671190E1,-2.316204233E0,-1.185485118E2
1.570305208E0,4.724588277E-1,2.031517506E-1,-3.751624802E-1,-7.712102096E-1,1.236119538E2,5.046836695E1,-2.358515854E0,-1.181267362E2
1.580274208E0,4.754290636E-1,2.045041692E-1,-3.747790598E-1,-7.692112899E-1,1.232254200E2,5.050641293E1,-2.392672895E0,-1.176905344E2
1.590244208E0,4.784500338E-1,2.058478265E-1,-3.741139246E-1,-7.673012263E-1,1.228315597E2,5.051364051E1,-2.412582167E0,-1.172472025E2
1.600213208E0,4.816270001E-1,2.073826198E-1,-3.732249896E-1,-7.653305872E-1,1.224165641E2,5.050919525E1,-2.411600363E0,-1.167728549E2
1.610183208E0,4.848400967E-1,2.090919537E-1,-3.722472407E-1,-7.633102464E-1,1.219960070E2,5.050730677E1,-2.393179339E0,-1.162831391E2
1.620153208E0,4.880978268E-1,2.108994319E-1,-3.713066389E-1,-7.611920828E-1,1.215687325E2,5.051689245E1,-2.372607067E0,-1.157812742E2
1.630122208E0,4.913692652E-1,2.126192340E-1,-3.706167793E-1,-7.589416940E-1,1.211387616E2,5.054888529E1,-2.377780409E0,-1.152815237E2
1.640092208E0,4.945024830E-1,2.141469361E-1,-3.702235439E-1,-7.566655745E-1,1.207261023E2,5.060126875E1,-2.411586301E0,-1.148085923E2
1.650062208E0,4.974185497E-1,2.155948437E-1,-3.700579121E-1,-7.544207385E-1,1.203412818E2,5.067384282E1,-2.455812864E0,-1.143661301E2
1.660031208E0,4.999133797E-1,2.171000657E-1,-3.701524580E-1,-7.522906473E-1,1.200114612E2,5.077950687E1,-2.489920557E0,-1.139721017E2
1.670001208E0,5.020283296E-1,2.187274187E-1,-3.705278810E-1,-7.502233233E-1,1.197314316E2,5.092472304E1,-2.512776409E0,-1.136180111E2
1.679971208E0,5.036906329E-1,2.203861764E-1,-3.712293890E-1,-7.482743371E-1,1.195110557E2,5.110835501E1,-2.530482320E0,-1.133182134E2
1.689940208E0,5.048202633E-1,2.220006905E-1,-3.722628771E-1,-7.465203434E-1,1.193611565E2,5.132601853E1,-2.544518209E0,-1.130871699E2
1.699910208E0,5.056483751E-1,2.236193297E-1,-3.734551799E-1,-7.448794717E-1,1.192511952E2,5.156195417E1,-2.552518284E0,-1.128931817E2
1.709880208E0,5.063842485E-1,2.251807598E-1,-3.746556328E-1,-7.433045388E-1,1.191534299E2,5.179541103E1,-2.561037885E0,-1.127134565E2
1.719849208E0,5.070046185E-1,2.265035966E-1,-3.758568864E-1,-7.418719990E-1,1.190709719E2,5.201317295E1,-2.581991551E0,-1.125614716E2
1.729819208E0,5.074549365E-1,2.274690808E-1,-3.771111924E-1,-7.406310062E-1,1.190110949E2,5.221263833E1,-2.624638498E0,-1.124511118E2
1.739788208E0,5.077948509E-1,2.281603049E-1,-3.784327332E-1,-7.395107008E-1,1.189658856E2,5.240081976E1,-2.686919938E0,-1.123704296E2
1.749758208E0,5.079635963E-1,2.286066242E-1,-3.798168515E-1,-7.385466443E-1,1.189434383E2,5.257932801E1,-2.762323041E0,-1.123253433E2
1.759728208E0,5.080727567E-1,2.288570028E-1,-3.811904331E-1,-7.376858371E-1,1.189289158E2,5.274347273E1,-2.848533425E0,-1.122991183E2
1.769697208E0,5.081153987E-1,2.288524457E-1,-3.825632455E-1,-7.369468448E-1,1.189232425E2,5.289026451E1,-2.950224255E0,-1.122961149E2
1.779667208E0,5.080269957E-1,2.285261026E-1,-3.839524900E-1,-7.363863549E-1,1.189350039E2,5.301716354E1,-3.069625865E0,-1.123283473E2
1.789637208E0,5.079564630E-1,2.279672196E-1,-3.852794572E-1,-7.359151321E-1,1.189443872E2,5.312157416E1,-3.203432938E0,-1.123719276E2
1.799606208E0,5.079139157E-1,2.272647212E-1,-3.865162512E-1,-7.355131143E-1,1.189500473E2,5.320660378E1,-3.343478756E0,-1.124202940E2
1.809576208E0,5.079210596E-1,2.265678284E-1,-3.876175430E-1,-7.351433390E-1,1.189490970E2,5.327751947E1,-3.476466686E0,-1.124619209E2
1.819546208E0,5.080985716E-1,2.260415670E-1,-3.884560282E-1,-7.347400885E-1,1.189254813E2,5.333145315E1,-3.588161454E0,-1.124719722E2
1.829515208E0,5.085035185E-1,2.257278944E-1,-3.889517331E-1,-7.342939219E-1,1.188715976E2,5.336230932E1,-3.673193115E0,-1.124406515E2
1.839485208E0,5.091109073E-1,2.256039932E-1,-3.891127236E-1,-7.338257863E-1,1.187907483E2,5.336938969E1,-3.732308259E0,-1.123724164E2
1.849455208E0,5.098222407E-1,2.256292707E-1,-3.890219076E-1,-7.333721387E-1,1.186960200E2,5.335914867E1,-3.768401193E0,-1.122819872E2
1.859424208E0,5.104951152E-1,2.257680866E-1,-3.887797477E-1,-7.329895718E-1,1.186063705E2,5.334046308E1,-3.782493202E0,-1.121894038E2
1.869394208E0,5.111559988E-1,2.260725397E-1,-3.884250556E-1,-7.326232103E-1,1.185182781E2,5.332105772E1,-3.775062811E0,-1.120884501E2
1.879363208E0,5.117733553E-1,2.265136697E-1,-3.879932400E-1,-7.322846131E-1,1.184359512E2,5.330291457E1,-3.748916251E0,-1.119847705E2
1.889333208E0,5.123641172E-1,2.270629485E-1,-3.874967291E-1,-7.319642654E-1,1.183571378E2,5.328542859E1,-3.708187609E0,-1.118779673E2
1.899303208E0,5.129426670E-1,2.276467719E-1,-3.869531981E-1,-7.316651492E-1,1.182799223E2,5.326543751E1,-3.660664619E0,-1.117705237E2
1.909272208E0,5.135257475E-1,2.282317649E-1,-3.863609137E-1,-7.313868747E-1,1.182020706E2,5.324043333E1,-3.609794044E0,-1.116623069E2
1.919242208E0,5.141250125E-1,2.288106624E-1,-3.857117995E-1,-7.311275662E-1,1.181220250E2,5.320902661E1,-3.556260082E0,-1.115522541E2
1.929212208E0,5.147683841E-1,2.293702935E-1,-3.850205438E-1,-7.308638533E-1,1.180360506E2,5.317181657E1,-3.503866306E0,-1.114376670E2
1.939181208E0,5.153928002E-1,2.298147478E-1,-3.843460941E-1,-7.306392422E-1,1.179525722E2,5.312864598E1,-3.460193890E0,-1.113321721E2
1.949151208E0,5.159348087E-1,2.300797040E-1,-3.837644887E-1,-7.304789156E-1,1.178800812E2,5.308329712E1,-3.431671920E0,-1.112476042E2
1.959121208E0,5.164912630E-1,2.302091211E-1,-3.833088971E-1,-7.302840813E-1,1.178056295E2,5.304202951E1,-3.423470190E0,-1.111693353E2
1.969090208E0,5.169973308E-1,2.302153220E-1,-3.830155497E-1,-7.300779305E-1,1.177378939E2,5.300969667E1,-3.433256768E0,-1.111048407E2
1.979060208E0,5.174633379E-1,2.301620905E-1,-3.828736413E-1,-7.298390106E-1,1.176754990E2,5.298951638E1,-3.456091318E0,-1.110490834E2
1.989029208E0,5.178921189E-1,2.300983118E-1,-3.828313364E-1,-7.295770468E-1,1.176180702E2,5.297932883E1,-3.484686813E0,-1.109987490E2
1.998999208E0,5.182567313E-1,2.300010738E-1,-3.828348820E-1,-7.293469672E-1,1.175692221E2,5.297188260E1,-3.515142901E0,-1.109585216E2
2.008969208E0,5.186374964E-1,2.299446971E-1,-3.828029610E-1,-7.291108500E-1,1.175181965E2,5.296344023E1,-3.540932115E0,-1.109137921E2
2.018938208E0,5.190136149E-1,2.299607656E-1,-3.826873417E-1,-7.288986828E-1,1.174677801E2,5.295111914E1,-3.554829565E0,-1.108652352E2
2.028908208E0,5.194269912E-1,2.301154656E-1,-3.823903539E-1,-7.287112979E-1,1.174123539E2,5.292902347E1,-3.547285261E0,-1.108035888E2
2.038878208E0,5.198980455E-1,2.304065528E-1,-3.818578917E-1,-7.285624984E-1,1.173491743E2,5.289121646E1,-3.515766171E0,-1.107262651E2
2.048847208E0,5.204200131E-1,2.307166219E-1,-3.811312853E-1,-7.284721988E-1,1.172791413E2,5.283400639E1,-3.471693232E0,-1.106410707E2
2.058817208E0,5.210207637E-1,2.309855504E-1,-3.802325564E-1,-7.284272808E-1,1.171985055E2,5.275550980E1,-3.422923846E0,-1.105480228E2
2.068787208E0,5.216723751E-1,2.311239185E-1,-3.792351091E-1,-7.284369535E-1,1.171110038E2,5.265737821E1,-3.379806894E0,-1.104559534E2
2.078756208E0,5.223141136E-1,2.310592441E-1,-3.782876690E-1,-7.284903009E-1,1.170247879E2,5.255047927E1,-3.354931174E0,-1.103770181E2
2.088726208E0,5.228884065E-1,2.307623881E-1,-3.775033320E-1,-7.285792307E-1,1.169475994E2,5.244485426E1,-3.355259732E0,-1.103203159E2
2.098695208E0,5.233489767E-1,2.301967405E-1,-3.769036614E-1,-7.287379663E-1,1.168856729E2,5.234029673E1,-3.382305207E0,-1.102938452E2
2.108665208E0,5.236421502E-1,2.293545042E-1,-3.765011326E-1,-7.290008783E-1,1.168462432E2,5.223772962E1,-3.434328590E0,-1.103047849E2
2.118635208E0,5.237700237E-1,2.282725841E-1,-3.762604425E-1,-7.293727821E-1,1.168290426E2,5.213607108E1,-3.506183616E0,-1.103506184E2
2.128604208E0,5.238123919E-1,2.271028141E-1,-3.760493131E-1,-7.298163672E-1,1.168233432E2,5.203179265E1,-3.581707318E0,-1.104121758E2
2.138574208E0,5.238538222E-1,2.260296289E-1,-3.757520514E-1,-7.302726911E-1,1.168177697E2,5.192527972E1,-3.643703496E0,-1.104678948E2
2.148544208E0,5.239482838E-1,2.251514835E-1,-3.753485533E-1,-7.306835702E-1,1.168050616E2,5.182105474E1,-3.686517392E0,-1.105053515E2
2.158513208E0,5.241022041E-1,2.244468672E-1,-3.748898744E-1,-7.310253811E-1,1.167843526E2,5.172294906E1,-3.715858141E0,-1.105251273E2
2.168483208E0,5.242624359E-1,2.238558683E-1,-3.744645442E-1,-7.313097143E-1,1.167627919E2,5.163630487E1,-3.739453209E0,-1.105376028E2
2.178453208E0,5.243746730E-1,2.233548477E-1,-3.741203941E-1,-7.315585072E-1,1.167476878E2,5.156469304E1,-3.759250869E0,-1.105511296E2
2.188422208E0,5.244046499E-1,2.229741510E-1,-3.738330211E-1,-7.317999559E-1,1.167436536E2,5.150773485E1,-3.769032915E0,-1.105683468E2
2.198392208E0,5.243262884E-1,2.227157276E-1,-3.735600992E-1,-7.320742160E-1,1.167541992E2,5.146116126E1,-3.763938393E0,-1.105924438E2
2.208362208E0,5.241085262E-1,2.226110611E-1,-3.732561519E-1,-7.324168172E-1,1.167835019E2,5.142241970E1,-3.736343888E0,-1.106254769E2
2.218331208E0,5.237708561E-1,2.227348201E-1,-3.729029034E-1,-7.328005959E-1,1.168289306E2,5.139468685E1,-3.680399723E0,-1.106607689E2
2.228301208E0,5.233531914E-1,2.231188885E-1,-3.725039993E-1,-7.331849646E-1,1.168851061E2,5.138042279E1,-3.596381248E0,-1.106914138E2
2.238270208E0,5.228971309E-1,2.237146922E-1,-3.721046421E-1,-7.335314433E-1,1.169464266E2,5.138091944E1,-3.493848608E0,-1.107148919E2
2.248240208E0,5.224572021E-1,2.244912163E-1,-3.717399348E-1,-7.337926695E-1,1.170055589E2,5.139760952E1,-3.381060461E0,-1.107260726E2
2.258210208E0,5.220882486E-1,2.254305905E-1,-3.714042299E-1,-7.339372331E-1,1.170551368E2,5.142853609E1,-3.262336940E0,-1.107188897E2
2.268179208E0,5.217916296E-1,2.265188168E-1,-3.711329359E-1,-7.339502881E-1,1.170949852E2,5.147653569E1,-3.141440704E0,-1.106939706E2
2.278149208E0,5.215434374E-1,2.277746401E-1,-3.709709076E-1,-7.338199174E-1,1.171283214E2,5.154779596E1,-3.018807103E0,-1.106532625E2
2.288119208E0,5.212952030E-1,2.291481269E-1,-3.709486067E-1,-7.335799227E-1,1.171616574E2,5.164223296E1,-2.897566852E0,-1.106056974E2
2.298088208E0,5.210099320E-1,2.305779798E-1,-3.710237756E-1,-7.332965484E-1,1.171999597E2,5.175121167E1,-2.777071781E0,-1.105593440E2
2.308058208E0,5.207842567E-1,2.321693869E-1,-3.709888095E-1,-7.329722916E-1,1.172302548E2,5.186001452E1,-2.640138673E0,-1.104955011E2
2.318028083E0,5.206985827E-1,2.339667656E-1,-3.706471408E-1,-7.326345583E-1,1.172417546E2,5.195101537E1,-2.474033074E0,-1.104011126E2
2.327997083E0,5.207930338E-1,2.359566342E-1,-3.699014472E-1,-7.323059394E-1,1.172290766E2,5.201319554E1,-2.275200494E0,-1.102716340E2
2.337967083E0,5.210760288E-1,2.381201162E-1,-3.687085649E-1,-7.320059170E-1,1.171910858E2,5.204107790E1,-2.042438162E0,-1.101070776E2
2.347936083E0,5.215779029E-1,2.404353585E-1,-3.670750058E-1,-7.317126698E-1,1.171236925E2,5.203425220E1,-1.779734232E0,-1.099048500E2
2.357906083E0,5.223104468E-1,2.428538658E-1,-3.650890515E-1,-7.313849043E-1,1.170252806E2,5.199906517E1,-1.497902260E0,-1.096663789E2
2.367876083E0,5.232301753E-1,2.453403929E-1,-3.629707193E-1,-7.309518033E-1,1.169016485E2,5.195655522E1,-1.213068687E0,-1.093993847E2
2.377845083E0,5.243004629E-1,2.477990768E-1,-3.609585813E-1,-7.303516216E-1,1.167576746E2,5.192492952E1,-9.477490732E-1,-1.091143162E2
2.387815083E0,5.254157950E-1,2.500826299E-1,-3.591551230E-1,-7.296605397E-1,1.166075228E2,5.190403488E1,-7.139637381E-1,-1.088334848E2
2.397785083E0,5.264704882E-1,2.521594896E-1,-3.574944634E-1,-7.290006781E-1,1.164654227E2,5.188438049E1,-5.025873477E-1,-1.085722881E2
2.407754083E0,5.273998473E-1,2.540574886E-1,-3.559335548E-1,-7.284336977E-1,1.163401185E2,5.186322300E1,-3.042725711E-1,-1.083374566E2
2.417724083E0,5.281259954E-1,2.557643780E-1,-3.545002828E-1,-7.280090682E-1,1.162421538E2,5.184219259E1,-1.171158824E-1,-1.081397566E2
2.427694083E0,5.285996417E-1,2.571991463E-1,-3.532435428E-1,-7.277705170E-1,1.161782260E2,5.181989534E1,5.243086779E-2,-1.079906638E2
2.437663083E0,5.288108711E-1,2.583518258E-1,-3.521676549E-1,-7.277302352E-1,1.161497093E2,5.179561881E1,2.040135754E-1,-1.078922964E2
2.447633083E0,5.288283937E-1,2.593633238E-1,-3.511728892E-1,-7.278384788E-1,1.161473435E2,5.176939008E1,3.511579643E-1,-1.078272573E2
2.457603083E0,5.288570009E-1,2.604859156E-1,-3.501461393E-1,-7.279113612E-1,1.161434811E2,5.174854458E1,5.080392078E-1,-1.077537457E2
2.467572083E0,5.289132564E-1,2.617596461E-1,-3.490760202E-1,-7.279276826E-1,1.161358854E2,5.173504619E1,6.773845889E-1,-1.076671444E2
2.477542083E0,5.290431003E-1,2.631112639E-1,-3.480018973E-1,-7.278602160E-1,1.161183525E2,5.172751128E1,8.480335665E-1,-1.075660302E2
2.487511083E0,5.290511503E-1,2.643470437E-1,-3.470959165E-1,-7.278392690E-1,1.161172655E2,5.172873180E1,1.005095747E0,-1.074874786E2
2.497481083E0,5.291403330E-1,2.655367992E-1,-3.463284303E-1,-7.277069279E-1,1.161052220E2,5.174102754E1,1.143313168E0,-1.074012153E2
2.507451083E0,5.290698319E-1,2.665750974E-1,-3.457743152E-1,-7.276421377E-1,1.161147427E2,5.176368710E1,1.264335692E0,-1.073446277E2
2.517420083E0,5.289261954E-1,2.675170320E-1,-3.453295447E-1,-7.276120449E-1,1.161341383E2,5.179023788E1,1.374631545E0,-1.073032564E2
2.527390083E0,5.288298267E-1,2.684294586E-1,-3.448814078E-1,-7.275584551E-1,1.161471500E2,5.181437820E1,1.480062685E0,-1.072575859E2
2.537360083E0,5.286151096E-1,2.692228072E-1,-3.445044280E-1,-7.275999487E-1,1.161761379E2,5.183660668E1,1.578842314E0,-1.072344585E2
2.547329083E0,5.283351386E-1,2.699411923E-1,-3.442271096E-1,-7.276684268E-1,1.162139286E2,5.186322628E1,1.668735428E0,-1.072242838E2
2.557299083E0,5.279693250E-1,2.705982775E-1,-3.440902851E-1,-7.277545539E-1,1.162632946E2,5.189938093E1,1.748940281E0,-1.072287686E2
2.567269083E0,5.274751427E-1,2.712066356E-1,-3.441153098E-1,-7.278746408E-1,1.163299628E2,5.194812540E1,1.821414196E0,-1.072525191E2
2.577238083E0,5.269009551E-1,2.717947132E-1,-3.443002897E-1,-7.279836958E-1,1.164073940E2,5.201151398E1,1.885367746E0,-1.072875137E2
2.587208083E0,5.261325548E-1,2.723821349E-1,-3.446559459E-1,-7.281516720E-1,1.165109648E2,5.209197301E1,1.948523022E0,-1.073469737E2
2.597177083E0,5.255216468E-1,2.731683423E-1,-3.449682119E-1,-7.281504392E-1,1.165932662E2,5.218363138E1,2.019450961E0,-1.073733962E2
2.607147083E0,5.249382817E-1,2.740391409E-1,-3.452817818E-1,-7.280953638E-1,1.166718230E2,5.228205297E1,2.094627605E0,-1.073906121E2
2.617117083E0,5.243829232E-1,2.749313634E-1,-3.456775249E-1,-7.279713151E-1,1.167465775E2,5.239063918E1,2.163401644E0,-1.074025699E2
2.627086083E0,5.239479361E-1,2.758489477E-1,-3.461739252E-1,-7.277016069E-1,1.168051084E2,5.251178436E1,2.218887761E0,-1.073973212E2
2.637056083E0,5.235306086E-1,2.767473631E-1,-3.467273002E-1,-7.273972961E-1,1.168612458E2,5.263738716E1,2.267548579E0,-1.073907849E2
2.647026083E0,5.231216261E-1,2.776704897E-1,-3.472622438E-1,-7.270843874E-1,1.169162442E2,5.276313041E1,2.318761497E0,-1.073813508E2
2.656995083E0,5.229522590E-1,2.787480555E-1,-3.476789523E-1,-7.265947464E-1,1.169390153E2,5.288937654E1,2.374716613E0,-1.073313323E2
2.666965083E0,5.226482116E-1,2.797975068E-1,-3.481101620E-1,-7.262034550E-1,1.169798869E2,5.301478142E1,2.435891742E0,-1.072998884E2
2.676935083E0,5.223559654E-1,2.809130232E-1,-3.484726934E-1,-7.258092134E-1,1.170191638E2,5.313848090E1,2.506053527E0,-1.072623985E2
2.686904083E0,5.219521037E-1,2.820765581E-1,-3.487676080E-1,-7.255066939E-1,1.170734278E2,5.325892462E1,2.591620522E0,-1.072355480E2
2.696874083E0,5.214471529E-1,2.832835490E-1,-3.489708085E-1,-7.253017232E-1,1.171412524E2,5.337331423E1,2.693459474E0,-1.072183202E2
2.706843083E0,5.210261059E-1,2.845034974E-1,-3.490521862E-1,-7.250877015E-1,1.171977883E2,5.347659070E1,2.799977149E0,-1.071894416E2
2.716813083E0,5.204746249E-1,2.855769461E-1,-3.491765510E-1,-7.250019221E-1,1.172718124E2,5.357257319E1,2.901127923E0,-1.071864889E2
2.726783083E0,5.200011050E-1,2.865834023E-1,-3.493168263E-1,-7.248768724E-1,1.173353488E2,5.366518630E1,2.991344135E0,-1.071779205E2
2.736752083E0,5.196305289E-1,2.875432046E-1,-3.494494281E-1,-7.246986123E-1,1.173850573E2,5.375368352E1,3.072247349E0,-1.071593369E2
2.746722083E0,5.191373686E-1,2.884083555E-1,-3.495818931E-1,-7.246443693E-1,1.174511887E2,5.383445469E1,3.154289566E0,-1.071623944E2
2.756692083E0,5.188117104E-1,2.893628684E-1,-3.495474459E-1,-7.245136614E-1,1.174948458E2,5.390571893E1,3.244450495E0,-1.071383065E2
2.766661083E0,5.186088050E-1,2.903903717E-1,-3.493928460E-1,-7.243224096E-1,1.175220419E2,5.397092011E1,3.340867090E0,-1.070937571E2
2.776631083E0,5.182852120E-1,2.913536537E-1,-3.492791601E-1,-7.242220895E-1,1.175654059E2,5.403501182E1,3.437347856E0,-1.070685206E2
2.786601083E0,5.180032391E-1,2.922768119E-1,-3.491776969E-1,-7.241006329E-1,1.176031844E2,5.409738197E1,3.527367408E0,-1.070405717E2
2.796570083E0,5.177246484E-1,2.930869771E-1,-3.490884536E-1,-7.240154962E-1,1.176405024E2,5.415210016E1,3.608330842E0,-1.070198287E2
2.806540083E0,5.173629863E-1,2.937482664E-1,-3.490073156E-1,-7.240451255E-1,1.176889370E2,5.419557240E1,3.683622881E0,-1.070196482E2
2.816509083E0,5.171553709E-1,2.944457019E-1,-3.488144200E-1,-7.240032315E-1,1.177167358E2,5.423101229E1,3.759970739E0,-1.069977140E2
2.826479083E0,5.169221829E-1,2.951261417E-1,-3.485958254E-1,-7.239979526E-1,1.177479537E2,5.426244458E1,3.838686909E0,-1.069800877E2
2.836449083E0,5.167469153E-1,2.958151979E-1,-3.483752736E-1,-7.239479875E-1,1.177714142E2,5.429461345E1,3.914394519E0,-1.069545076E2
2.846418083E0,5.167951629E-1,2.965293894E-1,-3.480843207E-1,-7.237613296E-1,1.177649563E2,5.432239656E1,3.982766614E0,-1.068991681E2
2.856388083E0,5.169146597E-1,2.971701743E-1,-3.477182068E-1,-7.235891492E-1,1.177489608E2,5.433692727E1,4.047125987E0,-1.068400442E2
2.866358083E0,5.172071062E-1,2.978521235E-1,-3.472198493E-1,-7.233390182E-1,1.177098091E2,5.434195096E1,4.113185177E0,-1.067564755E2
2.876327083E0,5.174452253E-1,2.985425653E-1,-3.467096275E-1,-7.231288003E-1,1.176779245E2,5.434641775E1,4.184188430E0,-1.066790705E2
2.886297083E0,5.175964166E-1,2.992597492E-1,-3.462308261E-1,-7.229535853E-1,1.176576769E2,5.435610317E1,4.260207146E0,-1.066105699E2
2.896267083E0,5.177542987E-1,3.000517965E-1,-3.457310251E-1,-7.227513647E-1,1.176365310E2,5.436988274E1,4.342491891E0,-1.065358957E2
2.906236083E0,5.177137745E-1,3.007866163E-1,-3.452501822E-1,-7.227048135E-1,1.176419588E2,5.438040154E1,4.432140534E0,-1.064900407E2
2.916206083E0,5.177716948E-1,3.015737719E-1,-3.446335106E-1,-7.226296130E-1,1.176342009E2,5.438183436E1,4.529324824E0,-1.064282738E2
2.926175083E0,5.178296994E-1,3.023471244E-1,-3.439396892E-1,-7.225954635E-1,1.176264314E2,5.437446242E1,4.631386717E0,-1.063675156E2
2.936145083E0,5.177999437E-1,3.030323676E-1,-3.432586185E-1,-7.226535419E-1,1.176304171E2,5.436102585E1,4.732064259E0,-1.063239141E2
2.946115083E0,5.178173820E-1,3.036627106E-1,-3.426059798E-1,-7.226860898E-1,1.176280813E2,5.434630256E1,4.823754186E0,-1.062781650E2
2.956084083E0,5.177484403E-1,3.041979137E-1,-3.420969921E-1,-7.227516597E-1,1.176373157E2,5.433815395E1,4.903554035E0,-1.062497449E2
2.966054083E0,5.177317396E-1,3.047128889E-1,-3.417151166E-1,-7.227272251E-1,1.176395526E2,5.434152517E1,4.968904586E0,-1.062158788E2
2.976024083E0,5.177404113E-1,3.051516021E-1,-3.414502592E-1,-7.226610651E-1,1.176383911E2,5.435067818E1,5.018486930E0,-1.061840097E2
2.985993083E0,5.176083968E-1,3.054007531E-1,-3.413058431E-1,-7.227186482E-1,1.176560724E2,5.435594717E1,5.055006773E0,-1.061831011E2
2.995963083E0,5.174463527E-1,3.055455263E-1,-3.411769172E-1,-7.228344151E-1,1.176777735E2,5.435409572E1,5.085150119E0,-1.061933821E2
3.005933083E0,5.171997621E-1,3.056419780E-1,-3.410706031E-1,-7.230203143E-1,1.177107924E2,5.435021751E1,5.115712833E0,-1.062176857E2
3.015902083E0,5.168760532E-1,3.057511318E-1,-3.410089067E-1,-7.232346942E-1,1.177541287E2,5.435158220E1,5.148705869E0,-1.062506600E2
3.025872083E0,5.166824095E-1,3.059988103E-1,-3.409277081E-1,-7.233064492E-1,1.177800480E2,5.436288551E1,5.184267709E0,-1.062574054E2
3.035842083E0,5.165249700E-1,3.062644488E-1,-3.408642060E-1,-7.233365210E-1,1.178011186E2,5.437762346E1,5.217386238E0,-1.062583055E2
3.045811083E0,5.165278781E-1,3.065336697E-1,-3.407575033E-1,-7.232705612E-1,1.178007295E2,5.438895279E1,5.243696239E0,-1.062388570E2
3.055781083E0,5.166892689E-1,3.068465257E-1,-3.405876515E-1,-7.231027641E-1,1.177791299E2,5.439816464E1,5.267580942E0,-1.061965360E2
3.065750083E0,5.168019274E-1,3.071332007E-1,-3.404111063E-1,-7.229835306E-1,1.177640509E2,5.440435427E1,5.293306341E0,-1.061621634E2
3.075720083E0,5.170300894E-1,3.074538486E-1,-3.401465558E-1,-7.228086423E-1,1.177335084E2,5.440494983E1,5.320600421E0,-1.061110329E2
3.085690083E0,5.170826571E-1,3.076905625E-1,-3.399272065E-1,-7.227735234E-1,1.177264709E2,5.440247810E1,5.350044412E0,-1.060878753E2
3.095659083E0,5.172096139E-1,3.079981185E-1,-3.396893613E-1,-7.226635096E-1,1.177094733E2,5.440432532E1,5.380921072E0,-1.060503030E2
3.105629083E0,5.173675065E-1,3.083444036E-1,-3.394912223E-1,-7.224958389E-1,1.176883318E2,5.441356043E1,5.409399878E0,-1.060059435E2
3.115599083E0,5.174374914E-1,3.085629772E-1,-3.394127871E-1,-7.223892706E-1,1.176789602E2,5.442400049E1,5.425728957E0,-1.059815729E2
3.125568083E0,5.176362243E-1,3.086872182E-1,-3.393685408E-1,-7.222145614E-1,1.176523455E2,5.443067063E1,5.424724169E0,-1.059477337E2
3.135538083E0,5.177793655E-1,3.086906479E-1,-3.394513857E-1,-7.220715887E-1,1.176331735E2,5.443996808E1,5.409400116E0,-1.059293303E2
3.145508083E0,5.178904857E-1,3.086137338E-1,-3.397109220E-1,-7.219027274E-1,1.176182889E2,5.446036097E1,5.377196932E0,-1.059203749E2
3.155477083E0,5.181208498E-1,3.084527935E-1,-3.402032631E-1,-7.215742454E-1,1.175874279E2,5.449788738E1,5.313798007E0,-1.059020013E2
3.165447083E0,5.183355880E-1,3.080916398E-1,-3.410204035E-1,-7.211884753E-1,1.175586558E2,5.455170083E1,5.212983903E0,-1.058993657E2
3.175416083E0,5.186277078E-1,3.076767277E-1,-3.418443929E-1,-7.207653631E-1,1.175195084E2,5.460213787E1,5.102945906E0,-1.058908626E2
3.185386083E0,5.187451816E-1,3.072655536E-1,-3.426180299E-1,-7.204888271E-1,1.175037633E2,5.464711871E1,5.008290767E0,-1.059041434E2
3.195356083E0,5.190061339E-1,3.070218895E-1,-3.432101641E-1,-7.201229292E-1,1.174687830E2,5.468812789E1,4.929542663E0,-1.058877184E2
3.205325083E0,5.191411091E-1,3.066482551E-1,-3.438124874E-1,-7.198974225E-1,1.174506872E2,5.471898427E1,4.849354223E0,-1.058964189E2
3.215295083E0,5.192931012E-1,3.060844988E-1,-3.444785340E-1,-7.197093527E-1,1.174303079E2,5.474078579E1,4.750281320E0,-1.059164887E2
3.225265083E0,5.192328839E-1,3.051975671E-1,-3.454082447E-1,-7.196839276E-1,1.174383822E2,5.476213886E1,4.622878080E0,-1.059858234E2
3.235234083E0,5.192087127E-1,3.041570102E-1,-3.465211678E-1,-7.196068621E-1,1.174416231E2,5.478993404E1,4.468633588E0,-1.060611357E2
3.245204083E0,5.191199620E-1,3.029779468E-1,-3.478131005E-1,-7.195448957E-1,1.174535224E2,5.482477242E1,4.295420450E0,-1.061539443E2
3.255174083E0,5.189417651E-1,3.017129118E-1,-3.492163771E-1,-7.195252553E-1,1.174774121E2,5.486414268E1,4.113599646E0,-1.062637181E2
3.265143083E0,5.188735926E-1,3.005556357E-1,-3.505462867E-1,-7.194121963E-1,1.174865508E2,5.490567031E1,3.937505680E0,-1.063520030E2
3.275113083E0,5.187391968E-1,2.994907008E-1,-3.517923267E-1,-7.193449616E-1,1.175045655E2,5.494634162E1,3.778375994E0,-1.064420383E2
3.285082083E0,5.187190927E-1,2.986468418E-1,-3.528213367E-1,-7.192063406E-1,1.175072601E2,5.498337603E1,3.643434304E0,-1.065023936E2
3.295052083E0,5.187790150E-1,2.980363342E-1,-3.536227274E-1,-7.190227595E-1,1.174992284E2,5.501636392E1,3.536576370E0,-1.065365856E2
3.305022083E0,5.187660338E-1,2.975940610E-1,-3.542385614E-1,-7.189121661E-1,1.175009683E2,5.504379865E1,3.460138901E0,-1.065683607E2
3.314991083E0,5.188291171E-1,2.973961209E-1,-3.546025178E-1,-7.187690881E-1,1.174925126E2,5.506534338E1,3.414675399E0,-1.065738113E2
3.324961333E0,5.189021365E-1,2.973872438E-1,-3.547823848E-1,-7.186313311E-1,1.174827245E2,5.508326460E1,3.395553664E0,-1.065650374E2
3.334931333E0,5.189141484E-1,2.975031713E-1,-3.548843986E-1,-7.185241517E-1,1.174811143E2,5.510307566E1,3.394890726E0,-1.065552533E2
3.344900333E0,5.190724098E-1,2.978138910E-1,-3.548833318E-1,-7.182815966E-1,1.174598977E2,5.512840132E1,3.405843490E0,-1.065136243E2
3.354870333E0,5.191499389E-1,2.981573115E-1,-3.548878757E-1,-7.180808301E-1,1.174495033E2,5.515673629E1,3.423859452E0,-1.064798033E2
3.364840333E0,5.194001542E-1,2.985943638E-1,-3.547981135E-1,-7.177626741E-1,1.174159528E2,5.518345812E1,3.444140004E0,-1.064178544E2
3.374809333E0,5.196162095E-1,2.990053166E-1,-3.547292666E-1,-7.174691529E-1,1.173869778E2,5.521016194E1,3.463233568E0,-1.063619386E2
3.384779333E0,5.198155852E-1,2.994070050E-1,-3.546916426E-1,-7.171757897E-1,1.173602357E2,5.523930676E1,3.480361746E0,-1.063086994E2
3.394749333E0,5.201084636E-1,2.998469892E-1,-3.546271448E-1,-7.168113459E-1,1.173209454E2,5.526909104E1,3.495967423E0,-1.062410061E2
3.404718333E0,5.202679894E-1,3.002394764E-1,-3.546159601E-1,-7.165368435E-1,1.172995412E2,5.530015870E1,3.512978232E0,-1.061933152E2
3.414688333E0,5.204926427E-1,3.007438399E-1,-3.545256473E-1,-7.162066546E-1,1.172693944E2,5.533241054E1,3.539319324E0,-1.061295863E2
3.424657333E0,5.207112584E-1,3.013656824E-1,-3.543458831E-1,-7.158754225E-1,1.172400532E2,5.536510123E1,3.580841046E0,-1.060584154E2
3.434627333E0,5.208575185E-1,3.020598489E-1,-3.541076612E-1,-7.155942082E-1,1.172204205E2,5.539757430E1,3.636441816E0,-1.059911742E2
3.444597333E0,5.211224114E-1,3.028768550E-1,-3.537557877E-1,-7.152300173E-1,1.171848584E2,5.542890683E1,3.701193665E0,-1.059003834E2
3.454566333E0,5.213658938E-1,3.036975911E-1,-3.533873294E-1,-7.148865626E-1,1.171521648E2,5.545895235E1,3.768794672E0,-1.058118981E2
3.464536333E0,5.217361960E-1,3.045178531E-1,-3.529637957E-1,-7.144765580E-1,1.171024314E2,5.548389877E1,3.832148808E0,-1.057074550E2
3.474506333E0,5.221353266E-1,3.052312728E-1,-3.525527375E-1,-7.140834122E-1,1.170488114E2,5.550163969E1,3.885379304E0,-1.056068793E2
3.484475333E0,5.224043078E-1,3.057334367E-1,-3.522550701E-1,-7.138188143E-1,1.170126673E2,5.551333805E1,3.924243085E0,-1.055375509E2
3.494445333E0,5.226927819E-1,3.060790118E-1,-3.520278854E-1,-7.135714755E-1,1.169738961E2,5.551948072E1,3.945849174E0,-1.054768095E2
3.504415333E0,5.228665007E-1,3.062053022E-1,-3.519133118E-1,-7.134464785E-1,1.169505443E2,5.551874039E1,3.951660765E0,-1.054460518E2
3.514384333E0,5.228866785E-1,3.060850204E-1,-3.519109042E-1,-7.134844634E-1,1.169478317E2,5.550867623E1,3.942468201E0,-1.054521346E2
3.524354333E0,5.229257802E-1,3.058328347E-1,-3.519293856E-1,-7.135549434E-1,1.169425751E2,5.548997052E1,3.921586283E0,-1.054652708E2
3.534323333E0,5.228126475E-1,3.053854301E-1,-3.520344735E-1,-7.137774893E-1,1.169577837E2,5.546359554E1,3.890986621E0,-1.055113712E2
3.544293333E0,5.227326739E-1,3.048779505E-1,-3.521397879E-1,-7.140011837E-1,1.169685340E2,5.543247184E1,3.854127062E0,-1.055575869E2
3.554263333E0,5.226117335E-1,3.043077510E-1,-3.522638208E-1,-7.142715768E-1,1.169847899E2,5.539804161E1,3.814266150E0,-1.056133106E2
3.564232333E0,5.224117046E-1,3.037007363E-1,-3.523729127E-1,-7.146224072E-1,1.170116733E2,5.535891423E1,3.778256516E0,-1.056815945E2
3.574202333E0,5.223106786E-1,3.031618678E-1,-3.523645465E-1,-7.149291941E-1,1.170252495E2,5.531375108E1,3.749304061E0,-1.057326718E2
3.584172333E0,5.221419331E-1,3.026193562E-1,-3.523046111E-1,-7.153116241E-1,1.170479238E2,5.526288017E1,3.728476037E0,-1.057925171E2
3.594141333E0,5.221449256E-1,3.022292186E-1,-3.520853474E-1,-7.155824176E-1,1.170475217E2,5.520874300E1,3.718853518E0,-1.058201474E2
3.604111333E0,5.222920813E-1,3.019679740E-1,-3.517236194E-1,-7.157631644E-1,1.170277485E2,5.515102756E1,3.719399431E0,-1.058206501E2
3.614081333E0,5.223533839E-1,3.016989296E-1,-3.513473956E-1,-7.160164458E-1,1.170195107E2,5.509095628E1,3.726151997E0,-1.058324925E2
3.624050333E0,5.224789920E-1,3.014595276E-1,-3.509443532E-1,-7.162232920E-1,1.170026305E2,5.503077822E1,3.732742257E0,-1.058341890E2
3.634020333E0,5.226548814E-1,3.012056903E-1,-3.505694859E-1,-7.163853361E-1,1.169789905E2,5.497246178E1,3.732880432E0,-1.058305113E2
3.643989333E0,5.226819291E-1,3.008333123E-1,-3.503459074E-1,-7.166314000E-1,1.169753549E2,5.491947781E1,3.723077745E0,-1.058537150E2
3.653959333E0,5.226161484E-1,3.003491583E-1,-3.503001913E-1,-7.169047960E-1,1.169841965E2,5.487526968E1,3.698054907E0,-1.058962181E2
3.663929333E0,5.225179568E-1,2.997762430E-1,-3.504377717E-1,-7.171489843E-1,1.169973938E2,5.484247764E1,3.654992661E0,-1.059487523E2
3.673898333E0,5.222102005E-1,2.990777776E-1,-3.508447918E-1,-7.174656758E-1,1.170387510E2,5.482643722E1,3.596331680E0,-1.060360484E2
3.683868333E0,5.218736684E-1,2.983878310E-1,-3.513836840E-1,-7.177339299E-1,1.170839648E2,5.482460060E1,3.529954276E0,-1.061260811E2
3.693838333E0,5.214533063E-1,2.977777422E-1,-3.520217583E-1,-7.179802256E-1,1.171404260E2,5.483927385E1,3.466862034E0,-1.062208796E2
3.703807333E0,5.209153861E-1,2.973023732E-1,-3.527700703E-1,-7.182004428E-1,1.172126523E2,5.487591631E1,3.412185637E0,-1.063208123E2
3.713777333E0,5.203764649E-1,2.970358892E-1,-3.535949579E-1,-7.182956420E-1,1.172849852E2,5.493736154E1,3.366010638E0,-1.064060831E2
3.723747333E0,5.196763846E-1,2.968140045E-1,-3.545540332E-1,-7.184213450E-1,1.173789070E2,5.501584167E1,3.323202824E0,-1.065082528E2
3.733716333E0,5.190193996E-1,2.965990714E-1,-3.555346902E-1,-7.185004968E-1,1.174670046E2,5.509737409E1,3.276488951E0,-1.066044545E2
3.743686333E0,5.184600477E-1,2.962738531E-1,-3.564797200E-1,-7.185702709E-1,1.175419778E2,5.516681768E1,3.218631756E0,-1.066960942E2
3.753655333E0,5.177934426E-1,2.956851828E-1,-3.575060432E-1,-7.187834602E-1,1.176312879E2,5.522343262E1,3.143601185E0,-1.068193973E2
3.763625333E0,5.171550969E-1,2.949395550E-1,-3.586360081E-1,-7.189865132E-1,1.177167725E2,5.527853146E1,3.048097408E0,-1.069498878E2
3.773595333E0,5.163235712E-1,2.939820708E-1,-3.600116312E-1,-7.192885902E-1,1.178280691E2,5.534199461E1,2.932011129E0,-1.071188196E2
3.783564333E0,5.154638704E-1,2.928780525E-1,-3.615780004E-1,-7.195698677E-1,1.179430685E2,5.541404139E1,2.793224279E0,-1.073010409E2
3.793534333E0,5.145511066E-1,2.916376313E-1,-3.633046277E-1,-7.198571722E-1,1.180650899E2,5.549250001E1,2.636380494E0,-1.074988994E2
3.803504333E0,5.135235454E-1,2.902628511E-1,-3.651587018E-1,-7.202083609E-1,1.182023647E2,5.557425615E1,2.468164895E0,-1.077199235E2
3.813473333E0,5.125135804E-1,2.887803068E-1,-3.670344763E-1,-7.205701915E-1,1.183371928E2,5.565090029E1,2.289727922E0,-1.079458157E2
3.823443333E0,5.114242951E-1,2.871042978E-1,-3.688889350E-1,-7.210668079E-1,1.184825040E2,5.571122615E1,2.104674086E0,-1.081944793E2
3.833413333E0,5.104174701E-1,2.853495507E-1,-3.705381464E-1,-7.216308381E-1,1.186167176E2,5.574537793E1,1.924112361E0,-1.084379536E2
3.843382333E0,5.096488381E-1,2.836743425E-1,-3.718709957E-1,-7.221487807E-1,1.187191163E2,5.575406507E1,1.757131285E0,-1.086462435E2
3.853352333E0,5.089774282E-1,2.820987511E-1,-3.729476949E-1,-7.226840562E-1,1.188085185E2,5.574460274E1,1.609800468E0,-1.088354835E2
3.863321333E0,5.085033815E-1,2.807196271E-1,-3.737713234E-1,-7.231292744E-1,1.188716159E2,5.572459689E1,1.482131908E0,-1.089868225E2
3.873291333E0,5.081027441E-1,2.794623919E-1,-3.744283032E-1,-7.235578131E-1,1.189249262E2,5.569697658E1,1.370548205E0,-1.091206590E2
3.883261333E0,5.078785967E-1,2.783918936E-1,-3.748897796E-1,-7.238888449E-1,1.189547457E2,5.566359319E1,1.275084294E0,-1.092199999E2
3.893230333E0,5.080511564E-1,2.776086365E-1,-3.750267147E-1,-7.239974890E-1,1.189317896E2,5.561851764E1,1.198164960E0,-1.092509877E2
3.903200333E0,5.083297365E-1,2.768490344E-1,-3.749183446E-1,-7.241490596E-1,1.188947235E2,5.554960572E1,1.134281242E0,-1.092673098E2
3.913170333E0,5.089356291E-1,2.761619249E-1,-3.745258205E-1,-7.241889410E-1,1.188140830E2,5.545663326E1,1.075376334E0,-1.092382129E2
3.923139333E0,5.096655282E-1,2.754576879E-1,-3.740356579E-1,-7.241972018E-1,1.187168934E2,5.535222823E1,1.014486894E0,-1.091947427E2
3.933109333E0,5.105054622E-1,2.747815682E-1,-3.735253017E-1,-7.241257734E-1,1.186049916E2,5.524794578E1,9.499741805E-1,-1.091355182E2
3.943079333E0,5.115055437E-1,2.741457408E-1,-3.730226162E-1,-7.239201600E-1,1.184716692E2,5.514765912E1,8.774036990E-1,-1.090534934E2
3.953048333E0,5.125631662E-1,2.734928387E-1,-3.725968962E-1,-7.236382082E-1,1.183305754E2,5.505418808E1,7.941934026E-1,-1.089651274E2
3.963018333E0,5.137061255E-1,2.728491931E-1,-3.722552328E-1,-7.232464743E-1,1.181779805E2,5.497026197E1,6.998766005E-1,-1.088652119E2
3.972988333E0,5.149820792E-1,2.722663022E-1,-3.719381199E-1,-7.227215774E-1,1.180074857E2,5.489352644E1,5.994697637E-1,-1.087443755E2
3.982957333E0,5.160967369E-1,2.715446850E-1,-3.717149734E-1,-7.223127109E-1,1.178584188E2,5.481599192E1,4.926687239E-1,-1.086524724E2
3.992927333E0,5.172693254E-1,2.706677144E-1,-3.714722708E-1,-7.219278469E-1,1.177014783E2,5.472461952E1,3.725798202E-1,-1.085631478E2
4.002896333E0,5.182459522E-1,2.694303830E-1,-3.712806132E-1,-7.217887623E-1,1.175706664E2,5.461126671E1,2.357324340E-1,-1.085214311E2
4.012866333E0,5.190757078E-1,2.679134600E-1,-3.711707943E-1,-7.218137449E-1,1.174594556E2,5.448543968E1,8.226245406E-2,-1.085157898E2
4.022836333E0,5.198850958E-1,2.662797217E-1,-3.711563801E-1,-7.218431634E-1,1.173509115E2,5.436096805E1,-8.553960408E-2,-1.085196317E2
4.032805333E0,5.205328508E-1,2.644983325E-1,-3.712875938E-1,-7.219638298E-1,1.172639983E2,5.424090216E1,-2.646112492E-1,-1.085526446E2
4.042775333E0,5.213383929E-1,2.626952165E-1,-3.714378368E-1,-7.219636296E-1,1.171558577E2,5.412145776E1,-4.570432978E-1,-1.085665061E2
4.052745333E0,5.221200062E-1,2.607622883E-1,-3.716653349E-1,-7.219824692E-1,1.170508699E2,5.400071324E1,-6.632829271E-1,-1.085909101E2
4.062714333E0,5.229951223E-1,2.587532640E-1,-3.719266981E-1,-7.219372246E-1,1.169332526E2,5.387813224E1,-8.837921622E-1,-1.086075152E2
4.072684333E0,5.238153316E-1,2.566184681E-1,-3.722690727E-1,-7.219280893E-1,1.168229477E2,5.375511873E1,-1.116211575E0,-1.086381024E2
4.082654333E0,5.247177272E-1,2.544658653E-1,-3.725907744E-1,-7.218688835E-1,1.167015145E2,5.362895855E1,-1.353910020E0,-1.086584738E2
4.092623333E0,5.255520557E-1,2.522501264E-1,-3.728998741E-1,-7.218799365E-1,1.165891704E2,5.349731299E1,-1.591192609E0,-1.086903508E2
4.102593333E0,5.264965034E-1,2.501144613E-1,-3.731236317E-1,-7.218192239E-1,1.164619163E2,5.336285438E1,-1.823558226E0,-1.087022897E2
4.112562333E0,5.274534370E-1,2.480514995E-1,-3.733022922E-1,-7.217401248E-1,1.163328905E2,5.322929132E1,-2.048285609E0,-1.087071814E2
4.122532333E0,5.283039815E-1,2.460805179E-1,-3.734701473E-1,-7.217057962E-1,1.162181337E2,5.310177510E1,-2.258959030E0,-1.087190462E2
4.132502333E0,5.291831648E-1,2.443310233E-1,-3.735597304E-1,-7.216097014E-1,1.160994377E2,5.298234238E1,-2.449554423E0,-1.087130103E2
4.142471333E0,5.300357007E-1,2.428171401E-1,-3.735269928E-1,-7.215119313E-1,1.159842660E2,5.286737060E1,-2.612122985E0,-1.086953952E2
4.152441333E0,5.310416617E-1,2.415653261E-1,-3.732195000E-1,-7.213516047E-1,1.158482745E2,5.274228052E1,-2.744551050E0,-1.086416706E2
4.162411333E0,5.322078123E-1,2.404233414E-1,-3.726452228E-1,-7.211706788E-1,1.156905009E2,5.259679440E1,-2.858920282E0,-1.085601062E2
4.172380333E0,5.333541012E-1,2.390887035E-1,-3.720059552E-1,-7.210974486E-1,1.155352814E2,5.243062973E1,-2.981258201E0,-1.084918158E2
4.182350333E0,5.345697111E-1,2.374852319E-1,-3.714359560E-1,-7.210210680E-1,1.153705300E2,5.225218330E1,-3.132953664E0,-1.084299251E2
4.192320333E0,5.356535173E-1,2.354832619E-1,-3.711481720E-1,-7.210215316E-1,1.152235156E2,5.207501015E1,-3.327124271E0,-1.084078029E2
4.202289333E0,5.365884925E-1,2.331130021E-1,-3.712466745E-1,-7.210457344E-1,1.150965934E2,5.191247095E1,-3.568574568E0,-1.084257218E2
4.212259333E0,5.374587933E-1,2.304714642E-1,-3.717305045E-1,-7.209974658E-1,1.149783702E2,5.177150362E1,-3.855533092E0,-1.084670201E2
4.222228333E0,5.380521577E-1,2.275210162E-1,-3.726317306E-1,-7.210267789E-1,1.148977221E2,5.165391813E1,-4.180175687E0,-1.085610451E2
4.232198333E0,5.385415142E-1,2.244181389E-1,-3.738221103E-1,-7.210176436E-1,1.148311830E2,5.155733722E1,-4.532155657E0,-1.086762397E2
4.242168333E0,5.389402234E-1,2.212154473E-1,-3.752041845E-1,-7.209915968E-1,1.147769513E2,5.147555501E1,-4.901114109E0,-1.088077025E2
4.252137333E0,5.390839969E-1,2.178918627E-1,-3.767374131E-1,-7.210967427E-1,1.147573914E2,5.140389038E1,-5.275453650E0,-1.089777329E2
4.262107333E0,5.392007963E-1,2.146669334E-1,-3.782624336E-1,-7.211783706E-1,1.147414997E2,5.134009954E1,-5.640854214E0,-1.091443627E2
4.272077333E0,5.391748865E-1,2.115713633E-1,-3.797535575E-1,-7.213287821E-1,1.147450251E2,5.128405992E1,-5.985808871E0,-1.093209758E2
4.282046333E0,5.391947377E-1,2.087690456E-1,-3.811373386E-1,-7.214005582E-1,1.147423241E2,5.123810956E1,-6.303918154E0,-1.094743446E2
4.292016333E0,5.392198678E-1,2.062215057E-1,-3.824373740E-1,-7.214265101E-1,1.147389047E2,5.120192356E1,-6.597184604E0,-1.096121716E2
4.301986333E0,5.391359112E-1,2.038585953E-1,-3.836885348E-1,-7.214964739E-1,1.147503281E2,5.117482128E1,-6.866364528E0,-1.097533768E2
4.311955333E0,5.391035214E-1,2.017836428E-1,-3.847976923E-1,-7.215132694E-1,1.147547350E2,5.115272333E1,-7.106406338E0,-1.098715454E2
4.321925292E0,5.389849939E-1,1.999184024E-1,-3.857573234E-1,-7.216086161E-1,1.147708606E2,5.113009323E1,-7.314124976E0,-1.099888311E2
4.331894292E0,5.388406515E-1,1.982651923E-1,-3.865341741E-1,-7.217568361E-1,1.147904964E2,5.110295480E1,-7.490519303E0,-1.100973030E2
4.341864292E0,5.387165606E-1,1.968174375E-1,-3.871252520E-1,-7.219288900E-1,1.148073755E2,5.107003389E1,-7.638660183E0,-1.101914108E2
4.351834292E0,5.386783651E-1,1.955763603E-1,-3.874683906E-1,-7.221106378E-1,1.148125707E2,5.102412350E1,-7.757818305E0,-1.102624401E2
4.361803292E0,5.388684895E-1,1.946092271E-1,-3.874622266E-1,-7.222334116E-1,1.147867096E2,5.095768356E1,-7.843966774E0,-1.102880743E2
4.371773292E0,5.391627377E-1,1.938073938E-1,-3.871587588E-1,-7.223921577E-1,1.147466781E2,5.086975235E1,-7.901661523E0,-1.102903147E2
4.381743292E0,5.396122655E-1,1.931692063E-1,-3.866026311E-1,-7.225251837E-1,1.146855040E2,5.076460452E1,-7.937442571E0,-1.102627905E2
4.391712292E0,5.402023530E-1,1.926795969E-1,-3.858431344E-1,-7.226209097E-1,1.146051701E2,5.064662507E1,-7.955163352E0,-1.102084187E2
4.401682292E0,5.408946465E-1,1.922660414E-1,-3.849525399E-1,-7.226882709E-1,1.145108758E2,5.051902193E1,-7.963412214E0,-1.101362207E2
4.411652292E0,5.417378469E-1,1.918667211E-1,-3.840361199E-1,-7.226503282E-1,1.143959597E2,5.038859812E1,-7.977759805E0,-1.100433757E2
4.421621292E0,5.426292422E-1,1.913920528E-1,-3.832915220E-1,-7.225028248E-1,1.142743945E2,5.027118665E1,-8.013578416E0,-1.099485968E2
4.431591292E0,5.432706435E-1,1.906596249E-1,-3.829290170E-1,-7.224065508E-1,1.141868710E2,5.017909678E1,-8.082605507E0,-1.099008240E2
4.441561292E0,5.438487192E-1,1.897483468E-1,-3.829551691E-1,-7.221975973E-1,1.141079516E2,5.011694934E1,-8.190669927E0,-1.098717221E2
4.451530292E0,5.442264603E-1,1.886117727E-1,-3.833925691E-1,-7.219786655E-1,1.140563631E2,5.008513401E1,-8.334812885E0,-1.098816323E2
4.461500292E0,5.445902192E-1,1.874111776E-1,-3.841051459E-1,-7.216383402E-1,1.140066698E2,5.007863760E1,-8.503720290E0,-1.098975204E2
4.471469292E0,5.447947104E-1,1.861143823E-1,-3.850677588E-1,-7.213063969E-1,1.139787280E2,5.009386182E1,-8.689216026E0,-1.099399140E2
4.481439291E0,5.447299887E-1,1.847110608E-1,-3.862514109E-1,-7.210832557E-1,1.139875721E2,5.012812875E1,-8.883237841E0,-1.100237439E2
4.491409292E0,5.445073954E-1,1.833363149E-1,-3.875331809E-1,-7.209143891E-1,1.140179856E2,5.017654233E1,-9.072828781E0,-1.101271238E2
4.501378292E0,5.442456582E-1,1.821319266E-1,-3.887904635E-1,-7.207403278E-1,1.140537408E2,5.023438257E1,-9.244939696E0,-1.102269901E2
4.511348292E0,5.438543247E-1,1.810647157E-1,-3.899609342E-1,-7.206723450E-1,1.141071862E2,5.029344524E1,-9.391942237E0,-1.103366141E2
4.521318292E0,5.434649932E-1,1.801565038E-1,-3.909811302E-1,-7.206408823E-1,1.141603421E2,5.034712816E1,-9.515407927E0,-1.104373738E2
4.531287292E0,5.431204638E-1,1.793711605E-1,-3.918867185E-1,-7.206045728E-1,1.142073679E2,5.039641144E1,-9.623435747E0,-1.105256337E2
4.541257292E0,5.428176387E-1,1.786697315E-1,-3.927384431E-1,-7.205432492E-1,1.142486910E2,5.044523623E1,-9.723413780E0,-1.106040290E2
4.551227292E0,5.426073680E-1,1.781094313E-1,-3.935367044E-1,-7.204047968E-1,1.142773786E2,5.049685396E1,-9.813987136E0,-1.106630970E2
4.561196292E0,5.425208827E-1,1.777486543E-1,-3.941931416E-1,-7.202001317E-1,1.142891766E2,5.054514013E1,-9.885908470E0,-1.106954394E2
4.571166292E0,5.425493845E-1,1.775862309E-1,-3.946428800E-1,-7.199723596E-1,1.142852886E2,5.058298325E1,-9.933912885E0,-1.107019348E2
4.581135292E0,5.427093318E-1,1.776096856E-1,-3.948435623E-1,-7.197360422E-1,1.142634681E2,5.060479175E1,-9.956845752E0,-1.106808419E2
4.591105292E0,5.428857796E-1,1.777247781E-1,-3.948257868E-1,-7.195842925E-1,1.142393934E2,5.060876562E1,-9.957328894E0,-1.106519696E2
4.601075292E0,5.431496873E-1,1.779231844E-1,-3.945668998E-1,-7.194780139E-1,1.142033796E2,5.059130500E1,-9.938682096E0,-1.106063251E2
4.611044292E0,5.435246520E-1,1.781988669E-1,-3.941009243E-1,-7.193821456E-1,1.141521979E2,5.055554258E1,-9.905343295E0,-1.105413258E2
4.621014292E0,5.440121488E-1,1.785205422E-1,-3.934809757E-1,-7.192732118E-1,1.140856337E2,5.050522106E1,-9.863806385E0,-1.104585265E2
4.630984292E0,5.446098860E-1,1.788553357E-1,-3.927522778E-1,-7.191359712E-1,1.140039827E2,5.044316692E1,-9.819853137E0,-1.103600955E2
4.640953292E0,5.452796626E-1,1.791234634E-1,-3.919772078E-1,-7.189846008E-1,1.139124463E2,5.037127170E1,-9.782026732E0,-1.102552662E2
4.650923292E0,5.459557666E-1,1.792644341E-1,-3.912458862E-1,-7.188346581E-1,1.138199968E2,5.029584519E1,-9.757756247E0,-1.101560476E2
4.660893292E0,5.465750039E-1,1.792876254E-1,-3.905874576E-1,-7.187162939E-1,1.137352805E2,5.022113884E1,-9.744611063E0,-1.100704121E2
4.670862292E0,5.470828839E-1,1.791889386E-1,-3.900217837E-1,-7.186616611E-1,1.136657683E2,5.014944950E1,-9.741078653E0,-1.100058242E2
4.680832292E0,5.474480179E-1,1.789703018E-1,-3.895352615E-1,-7.187019798E-1,1.136157762E2,5.007968262E1,-9.744098681E0,-1.099662587E2
4.690801292E0,5.476742411E-1,1.786273950E-1,-3.891075132E-1,-7.188467332E-1,1.135847959E2,5.000932032E1,-9.752754549E0,-1.099513354E2
4.700771292E0,5.477858881E-1,1.781646332E-1,-3.887402771E-1,-7.190751269E-1,1.135695043E2,4.993861882E1,-9.768363158E0,-1.099576008E2
4.710741292E0,5.478102964E-1,1.776091798E-1,-3.884599584E-1,-7.193453251E-1,1.135661611E2,4.987196285E1,-9.792474148E0,-1.099802440E2
4.720710292E0,5.477841917E-1,1.769955744E-1,-3.882729845E-1,-7.196173988E-1,1.135697367E2,4.981199640E1,-9.825114432E0,-1.100127721E2
4.730680292E0,5.477336049E-1,1.763620335E-1,-3.881911248E-1,-7.198555390E-1,1.135766654E2,4.976225719E1,-9.865754612E0,-1.100499124E2
4.740650292E0,5.476585256E-1,1.757237300E-1,-3.882081837E-1,-7.200595035E-1,1.135869483E2,4.972308588E1,-9.912729498E0,-1.100909169E2
4.750619292E0,5.475358835E-1,1.750822972E-1,-3.883197886E-1,-7.202489061E-1,1.136037441E2,4.969434415E1,-9.964174551E0,-1.101387499E2
4.760589292E0,5.473522971E-1,1.744527286E-1,-3.884947612E-1,-7.204467382E-1,1.136288832E2,4.967379126E1,-1.001576845E1,-1.101942685E2
4.770559292E0,5.471240034E-1,1.738722401E-1,-3.886978669E-1,-7.206508395E-1,1.136601391E2,4.965993265E1,-1.006291792E1,-1.102534004E2
4.780528292E0,5.468663071E-1,1.733594815E-1,-3.889150917E-1,-7.208529021E-1,1.136954140E2,4.965233490E1,-1.010401701E1,-1.103131970E2
4.790498292E0,5.465942123E-1,1.729118925E-1,-3.891479425E-1,-7.210410403E-1,1.137326520E2,4.965083282E1,-1.014028452E1,-1.103717691E2
4.800468292E0,5.463137777E-1,1.725511892E-1,-3.893934163E-1,-7.212073413E-1,1.137710232E2,4.965644724E1,-1.017012895E1,-1.104272885E2
4.810437292E0,5.460347761E-1,1.723184754E-1,-3.896299233E-1,-7.213465839E-1,1.138091900E2,4.966941436E1,-1.018926218E1,-1.104764196E2
4.820407292E0,5.457493787E-1,1.722404827E-1,-3.898428703E-1,-7.214661756E-1,1.138482231E2,4.968993640E1,-1.019399821E1,-1.105188151E2
4.830376292E0,5.454323659E-1,1.723369673E-1,-3.900308769E-1,-7.215811364E-1,1.138915701E2,4.971934953E1,-1.018113735E1,-1.105568088E2
4.840346292E0,5.450773472E-1,1.726130819E-1,-3.901767787E-1,-7.217045160E-1,1.139401011E2,4.975618768E1,-1.014860102E1,-1.105909176E2
4.850316292E0,5.446934684E-1,1.730728619E-1,-3.902333398E-1,-7.218536368E-1,1.139925623E2,4.979552421E1,-1.009312268E1,-1.106194533E2
4.860285292E0,5.443122291E-1,1.737102908E-1,-3.901453793E-1,-7.220356902E-1,1.140446474E2,4.983074049E1,-1.001300720E1,-1.106382554E2
4.870255292E0,5.439542759E-1,1.745130829E-1,-3.899157422E-1,-7.222359298E-1,1.140935371E2,4.986118539E1,-9.910721311E0,-1.106451702E2
4.880225292E0,5.436435167E-1,1.754813962E-1,-3.895629415E-1,-7.224256433E-1,1.141359701E2,4.988870162E1,-9.789110619E0,-1.106371010E2
4.890194292E0,5.434073152E-1,1.765897319E-1,-3.891199781E-1,-7.225719034E-1,1.141682156E2,4.991502433E1,-9.654335690E0,-1.106118207E2
4.900164292E0,5.432437960E-1,1.777890415E-1,-3.886501461E-1,-7.226535735E-1,1.141905354E2,4.994388118E1,-9.514882637E0,-1.105722629E2
4.910134292E0,5.431077986E-1,1.789847898E-1,-3.882482759E-1,-7.226767859E-1,1.142090964E2,4.997975119E1,-9.382523485E0,-1.105294270E2
4.920103292E0,5.429337954E-1,1.801223016E-1,-3.879598123E-1,-7.226798415E-1,1.142328416E2,5.002447285E1,-9.260966425E0,-1.104947475E2
4.930073292E0,5.426579126E-1,1.811617272E-1,-3.877735654E-1,-7.227272040E-1,1.142704831E2,5.007471173E1,-9.148611941E0,-1.104785239E2
4.940042292E0,5.422265080E-1,1.820719937E-1,-3.876812849E-1,-7.228715886E-1,1.143293282E2,5.012790344E1,-9.043993440E0,-1.104892655E2
4.950012292E0,5.416138825E-1,1.828397407E-1,-3.876853310E-1,-7.231349010E-1,1.144128589E2,5.018356265E1,-8.946719079E0,-1.105310558E2
4.959982292E0,5.408224279E-1,1.834428094E-1,-3.877994752E-1,-7.235132322E-1,1.145207147E2,5.024162491E1,-8.859656997E0,-1.106047078E2
4.969951292E0,5.398843023E-1,1.838473876E-1,-3.880105782E-1,-7.239977735E-1,1.146484737E2,5.029817387E1,-8.786410476E0,-1.107076436E2
4.979921292E0,5.388591645E-1,1.840762239E-1,-3.882620474E-1,-7.245683154E-1,1.147879781E2,5.034815839E1,-8.724617906E0,-1.108307226E2
4.989891292E0,5.378045450E-1,1.842140862E-1,-3.884830654E-1,-7.251980946E-1,1.149313812E2,5.038907826E1,-8.665901370E0,-1.109618902E2
4.999860292E0,5.367687124E-1,1.843592294E-1,-3.886150378E-1,-7.258576401E-1,1.150721184E2,5.042067928E1,-8.601178245E0,-1.110896848E2
5.009830292E0,5.357845835E-1,1.845663812E-1,-3.886401573E-1,-7.265184184E-1,1.152057288E2,5.044435284E1,-8.526861036E0,-1.112070224E2
5.019800292E0,5.348664355E-1,1.848529166E-1,-3.885179946E-1,-7.271870571E-1,1.153302923E2,5.045674942E1,-8.439509843E0,-1.113109924E2
5.029769292E0,5.340304738E-1,1.852124292E-1,-3.881881956E-1,-7.278857043E-1,1.154436312E2,5.045083013E1,-8.336219078E0,-1.113996141E2
5.039739292E0,5.332999425E-1,1.856354571E-1,-3.876155042E-1,-7.286184273E-1,1.155426180E2,5.042203457E1,-8.216607659E0,-1.114702731E2
5.049708292E0,5.326962310E-1,1.861139081E-1,-3.868122695E-1,-7.293645951E-1,1.156243801E2,5.037106606E1,-8.083555902E0,-1.115207226E2
5.059678292E0,5.322353553E-1,1.865900411E-1,-3.858207228E-1,-7.301042301E-1,1.156867729E2,5.029867085E1,-7.945697364E0,-1.115520473E2
5.069648292E0,5.319044709E-1,1.870148497E-1,-3.847543970E-1,-7.307989261E-1,1.157315544E2,5.021403182E1,-7.814405495E0,-1.115689049E2
5.079617292E0,5.316541924E-1,1.873827285E-1,-3.837295331E-1,-7.314254917E-1,1.157654196E2,5.012966652E1,-7.695584880E0,-1.115784940E2
5.089587292E0,5.314214469E-1,1.877169003E-1,-3.828065698E-1,-7.319923774E-1,1.157969067E2,5.005399775E1,-7.587986972E0,-1.115879644E2
5.099557292E0,5.311483986E-1,1.880560244E-1,-3.819924508E-1,-7.325285063E-1,1.158338393E2,4.999065746E1,-7.485573932E0,-1.116028119E2
5.109526292E0,5.308027628E-1,1.884903476E-1,-3.812732570E-1,-7.330419709E-1,1.158805793E2,4.994425304E1,-7.378249111E0,-1.116225685E2
5.119496292E0,5.303886489E-1,1.890630706E-1,-3.805821435E-1,-7.335531911E-1,1.159365639E2,4.991039829E1,-7.257987427E0,-1.116441870E2
5.129466292E0,5.299666642E-1,1.897956777E-1,-3.798196964E-1,-7.340640214E-1,1.159935950E2,4.987947460E1,-7.119499952E0,-1.116583695E2
5.139435292E0,5.295942651E-1,1.906567273E-1,-3.789400180E-1,-7.345641254E-1,1.160439099E2,4.984419616E1,-6.965388336E0,-1.116591326E2
5.149405292E0,5.293226287E-1,1.916627198E-1,-3.779779002E-1,-7.349937282E-1,1.160806020E2,4.980915003E1,-6.799927824E0,-1.116391681E2
5.159374292E0,5.292014249E-1,1.928632096E-1,-3.769881869E-1,-7.352751743E-1,1.160969716E2,4.978329380E1,-6.626138105E0,-1.115896875E2
5.169344292E0,5.292862454E-1,1.943122604E-1,-3.759589187E-1,-7.353595312E-1,1.160855160E2,4.976879037E1,-6.442210541E0,-1.115006548E2
5.179314292E0,5.296241578E-1,1.959710339E-1,-3.747994167E-1,-7.352680093E-1,1.160398716E2,4.975341606E1,-6.247481901E0,-1.113676545E2
5.189283292E0,5.301948050E-1,1.977510481E-1,-3.734977271E-1,-7.350425448E-1,1.159627641E2,4.973044874E1,-6.046884935E0,-1.111977529E2
5.199253292E0,5.308837901E-1,1.995578466E-1,-3.721662186E-1,-7.347322913E-1,1.158696231E2,4.970637256E1,-5.849215649E0,-1.110108749E2
5.209223292E0,5.315660738E-1,2.013262494E-1,-3.709183295E-1,-7.343873509E-1,1.157773414E2,4.968952940E1,-5.660417576E0,-1.108267921E2
5.219192292E0,5.321641798E-1,2.030376380E-1,-3.698646846E-1,-7.340143935E-1,1.156964066E2,4.969065483E1,-5.485415607E0,-1.106568046E2
5.229162292E0,5.326498063E-1,2.047080809E-1,-3.690714019E-1,-7.335974663E-1,1.156306660E2,4.971776339E1,-5.326146106E0,-1.105038378E2
5.239132292E0,5.330511707E-1,2.063059311E-1,-3.685511201E-1,-7.331197318E-1,1.155763142E2,4.976970741E1,-5.187730385E0,-1.103659154E2
5.249101292E0,5.334062368E-1,2.078073283E-1,-3.682552071E-1,-7.325858787E-1,1.155282185E2,4.983938670E1,-5.070751288E0,-1.102392980E2
5.259071292E0,5.337397449E-1,2.092027736E-1,-3.681198261E-1,-7.320136510E-1,1.154830314E2,4.991918649E1,-4.972741458E0,-1.101212009E2
5.269041292E0,5.340100958E-1,2.104906601E-1,-3.681358788E-1,-7.314389155E-1,1.154463931E2,5.000811032E1,-4.890655832E0,-1.100170683E2
5.279010292E0,5.341662604E-1,2.116884051E-1,-3.683077379E-1,-7.308924710E-1,1.154252262E2,5.010794298E1,-4.820375541E0,-1.099326065E2
5.288980292E0,5.341820339E-1,2.127964194E-1,-3.686041408E-1,-7.304096262E-1,1.154230881E2,5.021545520E1,-4.757940180E0,-1.098711338E2
5.298949292E0,5.340410527E-1,2.137327906E-1,-3.689685056E-1,-7.300552977E-1,1.154421974E2,5.031903606E1,-4.704405833E0,-1.098391240E2
5.308919292E0,5.337517040E-1,2.144407154E-1,-3.693742270E-1,-7.298540570E-1,1.154814108E2,5.041184942E1,-4.662569004E0,-1.098385947E2
5.318889292E0,5.333522046E-1,2.150118895E-1,-3.698020175E-1,-7.297615341E-1,1.155355383E2,5.049800816E1,-4.626194862E0,-1.098596677E2
5.328859042E0,5.328537127E-1,2.155656412E-1,-3.702490428E-1,-7.297355506E-1,1.156030555E2,5.058539434E1,-4.586572933E0,-1.098943237E2
5.338829042E0,5.322863319E-1,2.161873441E-1,-3.706911263E-1,-7.297412826E-1,1.156798728E2,5.067724918E1,-4.537179317E0,-1.099339681E2
5.348799042E0,5.316960231E-1,2.168685372E-1,-3.710952567E-1,-7.297642104E-1,1.157597599E2,5.076932136E1,-4.479014336E0,-1.099730502E2
5.358768042E0,5.311055036E-1,2.175515691E-1,-3.714449912E-1,-7.298129744E-1,1.158396406E2,5.085578597E1,-4.416665925E0,-1.100117539E2
5.368738042E0,5.305287977E-1,2.182302334E-1,-3.717516780E-1,-7.298736342E-1,1.159176189E2,5.093735403E1,-4.352301221E0,-1.100486688E2
5.378708042E0,5.299676125E-1,2.189586837E-1,-3.720228666E-1,-7.299250112E-1,1.159934669E2,5.101857113E1,-4.282451219E0,-1.100805944E2
5.388677042E0,5.294389329E-1,2.198253230E-1,-3.722368304E-1,-7.299389934E-1,1.160648928E2,5.110322116E1,-4.199827268E0,-1.101003391E2
5.398647042E0,5.289690377E-1,2.209213624E-1,-3.722993658E-1,-7.299170349E-1,1.161283534E2,5.118765226E1,-4.092170507E0,-1.100992510E2
5.408616042E0,5.285682317E-1,2.222632179E-1,-3.721164643E-1,-7.298930850E-1,1.161824661E2,5.126312723E1,-3.952021785E0,-1.100747255E2
5.418586042E0,5.281847586E-1,2.238019572E-1,-3.716660409E-1,-7.299300267E-1,1.162342237E2,5.132424295E1,-3.778365866E0,-1.100360730E2
5.428556042E0,5.277417847E-1,2.254809665E-1,-3.710212731E-1,-7.300617883E-1,1.162939942E2,5.137513920E1,-3.576248050E0,-1.099963257E2
5.438525042E0,5.271927061E-1,2.272449333E-1,-3.702967741E-1,-7.302794241E-1,1.163680544E2,5.142422869E1,-3.355492392E0,-1.099646783E2
5.448495042E0,5.265352890E-1,2.290793327E-1,-3.696222138E-1,-7.305222004E-1,1.164566885E2,5.148414753E1,-3.126646853E0,-1.099423363E2
5.458465042E0,5.258150942E-1,2.310069346E-1,-3.690746682E-1,-7.307108392E-1,1.165537376E2,5.156448100E1,-2.896476426E0,-1.099222165E2
5.468434042E0,5.250940354E-1,2.330318431E-1,-3.686554704E-1,-7.307979251E-1,1.166508522E2,5.166551638E1,-2.668610540E0,-1.098960036E2
5.478404042E0,5.244115409E-1,2.351436004E-1,-3.683505064E-1,-7.307653562E-1,1.167427262E2,5.178500435E1,-2.445262053E0,-1.098591758E2
5.488374042E0,5.237909813E-1,2.373232774E-1,-3.681285927E-1,-7.306175788E-1,1.168262234E2,5.191834615E1,-2.227060816E0,-1.098097105E2
5.498343042E0,5.232440522E-1,2.395682767E-1,-3.679476510E-1,-7.303679324E-1,1.168997825E2,5.206100426E1,-2.011888668E0,-1.097461702E2
5.508313042E0,5.227510078E-1,2.418551331E-1,-3.678022760E-1,-7.300404620E-1,1.169660695E2,5.221084527E1,-1.799953891E0,-1.096723715E2
5.518283042E0,5.222754227E-1,2.441332492E-1,-3.677438657E-1,-7.296518680E-1,1.170299870E2,5.236971646E1,-1.596616193E0,-1.095959501E2
5.528252042E0,5.217910606E-1,2.463514695E-1,-3.678057900E-1,-7.292213907E-1,1.170950617E2,5.253743163E1,-1.406524852E0,-1.095233269E2
5.538222042E0,5.212659109E-1,2.484766190E-1,-3.679911307E-1,-7.287823048E-1,1.171655907E2,5.271187723E1,-1.230334506E0,-1.094606321E2
5.548191042E0,5.207043779E-1,2.504987826E-1,-3.682752005E-1,-7.283478235E-1,1.172409767E2,5.288964257E1,-1.067168789E0,-1.094079526E2
5.558161042E0,5.201108870E-1,2.524233552E-1,-3.686518458E-1,-7.279168930E-1,1.173206203E2,5.307039385E1,-9.163835427E-1,-1.093645058E2
5.568131042E0,5.194397828E-1,2.542129473E-1,-3.691417660E-1,-7.275248852E-1,1.174106385E2,5.325350333E1,-7.793238066E-1,-1.093383982E2
5.578100042E0,5.188115313E-1,2.558954653E-1,-3.697170547E-1,-7.270911203E-1,1.174948698E2,5.343794638E1,-6.593916628E-1,-1.093128622E2
5.588070042E0,5.181163928E-1,2.573647413E-1,-3.704264757E-1,-7.267069624E-1,1.175880251E2,5.362101250E1,-5.609667338E-1,-1.093084401E2
5.598040042E0,5.175008697E-1,2.586663572E-1,-3.712023623E-1,-7.262874432E-1,1.176704728E2,5.379882792E1,-4.848905934E-1,-1.093040492E2
5.608009042E0,5.168834816E-1,2.597750089E-1,-3.720395463E-1,-7.259029164E-1,1.177531344E2,5.396896413E1,-4.273914455E-1,-1.093116392E2
5.617979042E0,5.161953395E-1,2.606947743E-1,-3.729078609E-1,-7.256171291E-1,1.178452267E2,5.412852948E1,-3.814444399E-1,-1.093397062E2
5.627948042E0,5.155818183E-1,2.615465463E-1,-3.736634433E-1,-7.253581262E-1,1.179272951E2,5.427128276E1,-3.368054095E-1,-1.093624739E2
5.637918042E0,5.149405856E-1,2.623082136E-1,-3.743148755E-1,-7.252026992E-1,1.180130325E2,5.439647687E1,-2.891497226E-1,-1.093941847E2
5.647888042E0,5.143628366E-1,2.630662985E-1,-3.748249050E-1,-7.250746571E-1,1.180902488E2,5.450656086E1,-2.352909642E-1,-1.094179583E2
5.657857042E0,5.139443711E-1,2.638944419E-1,-3.751513324E-1,-7.249017180E-1,1.181461573E2,5.460254157E1,-1.729626169E-1,-1.094171538E2
5.667827042E0,5.134713149E-1,2.646593861E-1,-3.753692527E-1,-7.248452412E-1,1.182093396E2,5.468244944E1,-1.036191466E-1,-1.094270200E2
5.677797042E0,5.131974763E-1,2.654443870E-1,-3.754210353E-1,-7.247253440E-1,1.182459045E2,5.474638539E1,-3.332932366E-2,-1.094105951E2
5.687766042E0,5.128943667E-1,2.660820214E-1,-3.754488154E-1,-7.246915317E-1,1.182863698E2,5.479685333E1,3.000067373E-2,-1.094071811E2
5.697736042E0,5.126742653E-1,2.666776933E-1,-3.754790241E-1,-7.246128119E-1,1.183157481E2,5.484449073E1,8.475657907E-2,-1.093960898E2
5.707706042E0,5.125765584E-1,2.672888543E-1,-3.755294001E-1,-7.244306637E-1,1.183287882E2,5.489545572E1,1.311701627E-1,-1.093686523E2
5.717675042E0,5.123423694E-1,2.677801917E-1,-3.756802121E-1,-7.243366131E-1,1.183600397E2,5.494805799E1,1.702955775E-1,-1.093659013E2
5.727645042E0,5.122024102E-1,2.682751168E-1,-3.758053935E-1,-7.241874448E-1,1.183787143E2,5.499826614E1,2.054680376E-1,-1.093511260E2
5.737615042E0,5.119788634E-1,2.687165366E-1,-3.759600988E-1,-7.241016338E-1,1.184085381E2,5.504758961E1,2.400080403E-1,-1.093502014E2
5.747584042E0,5.117132539E-1,2.691608803E-1,-3.761218689E-1,-7.240402680E-1,1.184439675E2,5.509788112E1,2.769425757E-1,-1.093542461E2
5.757554042E0,5.115521897E-1,2.696996645E-1,-3.762296595E-1,-7.238975377E-1,1.184654485E2,5.514961355E1,3.178576349E-1,-1.093390716E2
5.767523042E0,5.113967732E-1,2.702889986E-1,-3.763250009E-1,-7.237379487E-1,1.184861741E2,5.520386549E1,3.629155280E-1,-1.093198237E2
5.777493042E0,5.114197011E-1,2.710091724E-1,-3.763566005E-1,-7.234359244E-1,1.184831167E2,5.526134095E1,4.104236027E-1,-1.092697564E2
5.787463042E0,5.114900547E-1,2.717592177E-1,-3.763951228E-1,-7.230847041E-1,1.184737348E2,5.532189239E1,4.563739116E-1,-1.092117329E2
5.797432042E0,5.117065947E-1,2.725574210E-1,-3.764211432E-1,-7.226174747E-1,1.184448557E2,5.538491054E1,4.970555976E-1,-1.091322714E2
5.807402042E0,5.118247639E-1,2.732638602E-1,-3.765253565E-1,-7.222126226E-1,1.184290941E2,5.544928960E1,5.316674765E-1,-1.090709553E2
5.817372042E0,5.119661034E-1,2.739394636E-1,-3.766515126E-1,-7.217905009E-1,1.184102403E2,5.551372955E1,5.608309805E-1,-1.090086791E2
5.827341042E0,5.119660823E-1,2.744837796E-1,-3.768460308E-1,-7.214821756E-1,1.184102431E2,5.557542396E1,5.847443442E-1,-1.089725921E2
5.837311042E0,5.120125387E-1,2.749571572E-1,-3.770358339E-1,-7.211696040E-1,1.184040457E2,5.563130110E1,6.008913041E-1,-1.089353536E2
5.847281042E0,5.121582509E-1,2.753620357E-1,-3.771705194E-1,-7.208413117E-1,1.183846060E2,5.567626592E1,6.097918697E-1,-1.088903384E2
5.857250042E0,5.123043108E-1,2.756355793E-1,-3.772690482E-1,-7.205812867E-1,1.183651180E2,5.570747053E1,6.120773177E-1,-1.088539601E2
5.867220042E0,5.125984747E-1,2.758487001E-1,-3.773348131E-1,-7.202561027E-1,1.183258633E2,5.573072276E1,6.028154332E-1,-1.088032032E2
5.877189042E0,5.128717865E-1,2.759233263E-1,-3.774882434E-1,-7.199523609E-1,1.182893839E2,5.575265705E1,5.785345332E-1,-1.087641904E2
5.887159042E0,5.130706775E-1,2.758273685E-1,-3.777360142E-1,-7.197175608E-1,1.182628333E2,5.577151570E1,5.400239415E-1,-1.087457939E2
5.897129042E0,5.132973538E-1,2.755976471E-1,-3.779914030E-1,-7.195097663E-1,1.182325690E2,5.578101504E1,4.896799554E-1,-1.087328082E2
5.907098042E0,5.134308223E-1,2.752269023E-1,-3.782389104E-1,-7.194264525E-1,1.182147469E2,5.577894921E1,4.361395934E-1,-1.087408012E2
5.917068042E0,5.135792003E-1,2.748530071E-1,-3.784029565E-1,-7.193771196E-1,1.181949321E2,5.576788149E1,3.876750039E-1,-1.087471177E2
5.927038042E0,5.136773603E-1,2.744738909E-1,-3.785310882E-1,-7.193843267E-1,1.181818224E2,5.575264249E1,3.448499193E-1,-1.087600186E2
5.937007042E0,5.136607123E-1,2.740138265E-1,-3.786485830E-1,-7.195097979E-1,1.181840458E2,5.573014703E1,3.046696860E-1,-1.087925590E2
5.946977042E0,5.137465970E-1,2.735565648E-1,-3.786759047E-1,-7.196080106E-1,1.181725749E2,5.569842400E1,2.647117906E-1,-1.088121086E2
5.956947042E0,5.137460386E-1,2.730138082E-1,-3.786971784E-1,-7.198034561E-1,1.181726495E2,5.565961854E1,2.248415347E-1,-1.088480567E2
5.966916042E0,5.138449994E-1,2.725002330E-1,-3.786856881E-1,-7.199334370E-1,1.181594313E2,5.561962115E1,1.829207768E-1,-1.088696139E2
5.976886042E0,5.138788011E-1,2.719423563E-1,-3.787053496E-1,-7.201097794E-1,1.181549162E2,5.557958717E1,1.397673670E-1,-1.089021354E2
5.986855042E0,5.138301637E-1,2.713755181E-1,-3.787514635E-1,-7.203341692E-1,1.181614130E2,5.554171003E1,9.936604077E-2,-1.089454875E2
5.996825042E0,5.138908551E-1,2.709280397E-1,-3.787290466E-1,-7.204710622E-1,1.181533060E2,5.550564988E1,6.536520301E-2,-1.089673121E2
6.006795042E0,5.139158482E-1,2.705017981E-1,-3.787239574E-1,-7.206160895E-1,1.181499675E2,5.547304024E1,3.388519686E-2,-1.089921604E2
6.016764042E0,5.139268907E-1,2.701065607E-1,-3.787471645E-1,-7.207441316E-1,1.181484924E2,5.544576507E1,3.365088181E-3,-1.090166600E2
6.026734042E0,5.140796520E-1,2.698489803E-1,-3.786990539E-1,-7.207570075E-1,1.181280851E2,5.542133842E1,-2.130650552E-2,-1.090144921E2
6.036704042E0,5.142156388E-1,2.696965615E-1,-3.785916795E-1,-7.207734237E-1,1.181099168E2,5.539856804E1,-3.296207614E-2,-1.090075081E2
6.046673042E0,5.145328886E-1,2.697649658E-1,-3.783657303E-1,-7.206401026E-1,1.180675246E2,5.537989417E1,-3.187473383E-2,-1.089634916E2
6.056643042E0,5.147800483E-1,2.698673458E-1,-3.781756006E-1,-7.205250312E-1,1.180344915E2,5.536755833E1,-2.647938227E-2,-1.089259725E2
6.066613042E0,5.148967950E-1,2.698953734E-1,-3.781055104E-1,-7.204679644E-1,1.180188863E2,5.536228432E1,-2.685398254E-2,-1.089095876E2
6.076582042E0,5.150624216E-1,2.699248604E-1,-3.781070013E-1,-7.203377411E-1,1.179967451E2,5.536465506E1,-3.571171731E-2,-1.088870002E2
6.086552042E0,5.150325184E-1,2.698453714E-1,-3.782613009E-1,-7.203077958E-1,1.180007428E2,5.537492254E1,-5.100994907E-2,-1.088959180E2
6.096522042E0,5.151057907E-1,2.698156105E-1,-3.784343611E-1,-7.201756865E-1,1.179909471E2,5.539090709E1,-7.094231302E-2,-1.088887354E2
6.106491042E0,5.151264216E-1,2.697537547E-1,-3.786811994E-1,-7.200542404E-1,1.179881889E2,5.541225046E1,-9.526645205E-2,-1.088902016E2
6.116461042E0,5.149534615E-1,2.696384093E-1,-3.790446212E-1,-7.200301218E-1,1.180113113E2,5.544188846E1,-1.194690056E-1,-1.089193581E2
6.126430042E0,5.147742215E-1,2.696226359E-1,-3.794336050E-1,-7.199591781E-1,1.180352703E2,5.548171546E1,-1.381227549E-1,-1.089427437E2
6.136400042E0,5.144568030E-1,2.696449368E-1,-3.798724748E-1,-7.199462496E-1,1.180776923E2,5.552970063E1,-1.487535277E-1,-1.089808758E2
6.146370042E0,5.141524922E-1,2.697691489E-1,-3.802928844E-1,-7.198952625E-1,1.181183536E2,5.558341467E1,-1.516050452E-1,-1.090107079E2
6.156339042E0,5.138229250E-1,2.699562914E-1,-3.807050279E-1,-7.198425578E-1,1.181623799E2,5.564099900E1,-1.477022268E-1,-1.090395245E2
6.166309042E0,5.133593939E-1,2.701417323E-1,-3.811612306E-1,-7.198622825E-1,1.182242850E2,5.570314087E1,-1.384100457E-1,-1.090850986E2
6.176279042E0,5.129400222E-1,2.704197961E-1,-3.815847432E-1,-7.198323688E-1,1.182802753E2,5.576879423E1,-1.229756614E-1,-1.091190410E2
6.186248042E0,5.124489588E-1,2.706822972E-1,-3.820137033E-1,-7.198560237E-1,1.183458165E2,5.583388237E1,-1.043061454E-1,-1.091628874E2
6.196218042E0,5.119197208E-1,2.709279817E-1,-3.824178389E-1,-7.199255239E-1,1.184164276E2,5.589509742E1,-8.242162718E-2,-1.092125016E2
6.206188042E0,5.114747238E-1,2.712122675E-1,-3.827332607E-1,-7.199672598E-1,1.184757793E2,5.594983380E1,-5.665817168E-2,-1.092490705E2
6.216157042E0,5.110090433E-1,2.714729721E-1,-3.829939969E-1,-7.200610365E-1,1.185378700E2,5.599701585E1,-2.707641067E-2,-1.092896916E2
6.226127042E0,5.104288709E-1,2.716551413E-1,-3.832619560E-1,-7.202611287E-1,1.186151983E2,5.603906509E1,3.973033621E-3,-1.093496215E2
6.236096042E0,5.099568683E-1,2.718696108E-1,-3.834844229E-1,-7.203962094E-1,1.186780864E2,5.607872311E1,3.361219806E-2,-1.093939795E2
6.246066042E0,5.093742092E-1,2.719771327E-1,-3.837437472E-1,-7.206296397E-1,1.187556898E2,5.611424979E1,6.023109865E-2,-1.094590388E2
6.256036042E0,5.087285300E-1,2.719911834E-1,-3.840224063E-1,-7.209319063E-1,1.188416504E2,5.614481190E1,8.296066250E-2,-1.095380274E2
6.266005042E0,5.082302594E-1,2.720542140E-1,-3.842237207E-1,-7.211523449E-1,1.189079601E2,5.617085832E1,1.052424487E-1,-1.095955062E2
6.275975042E0,5.076794212E-1,2.720914982E-1,-3.844256200E-1,-7.214185233E-1,1.189812392E2,5.619502615E1,1.291299671E-1,-1.096611238E2
6.285945042E0,5.072626521E-1,2.722228962E-1,-3.845635402E-1,-7.215887334E-1,1.190366645E2,5.621947162E1,1.556445859E-1,-1.097039415E2
6.295914042E0,5.068962168E-1,2.724158709E-1,-3.846684174E-1,-7.217174604E-1,1.190853829E2,5.624501963E1,1.856758879E-1,-1.097364125E2
6.305884042E0,5.064826404E-1,2.725997154E-1,-3.847889995E-1,-7.218741097E-1,1.191403542E2,5.627154011E1,2.170058074E-1,-1.097752832E2
6.315854042E0,5.061720075E-1,2.728410377E-1,-3.848989712E-1,-7.219421452E-1,1.191816324E2,5.630125335E1,2.464137641E-1,-1.097975986E2
6.325821917E0,5.058517231E-1,2.730987604E-1,-3.850545405E-1,-7.219862835E-1,1.192241840E2,5.633704112E1,2.742250970E-1,-1.098199938E2
6.335791917E0,5.055599721E-1,2.733774617E-1,-3.852431634E-1,-7.219845239E-1,1.192629368E2,5.637792150E1,2.991739763E-1,-1.098374292E2
6.345761917E0,5.053159629E-1,2.736364647E-1,-3.854565424E-1,-7.219433675E-1,1.192953421E2,5.641997356E1,3.177281409E-1,-1.098502589E2
6.355730917E0,5.049705063E-1,2.737781571E-1,-3.857334103E-1,-7.219833438E-1,1.193412110E2,5.645995287E1,3.299422997E-1,-1.098833389E2
6.365700917E0,5.047845228E-1,2.739207662E-1,-3.859695328E-1,-7.219331363E-1,1.193659009E2,5.649571806E1,3.347274546E-1,-1.098967190E2
6.375669917E0,5.044817398E-1,2.739352489E-1,-3.862719944E-1,-7.219775591E-1,1.194060897E2,5.652890845E1,3.332266420E-1,-1.099330004E2
6.385639917E0,5.041710016E-1,2.738753214E-1,-3.866073937E-1,-7.220377764E-1,1.194473259E2,5.656003546E1,3.245354759E-1,-1.099751878E2
6.395609917E0,5.040122450E-1,2.737832569E-1,-3.868918586E-1,-7.220312331E-1,1.194683902E2,5.658338913E1,3.073163652E-1,-1.100008285E2
6.405578917E0,5.038744353E-1,2.735683712E-1,-3.871473317E-1,-7.220719364E-1,1.194866733E2,5.659447463E1,2.821714366E-1,-1.100320670E2
6.415548917E0,5.038698308E-1,2.733084621E-1,-3.873200811E-1,-7.220809243E-1,1.194872842E2,5.659342346E1,2.511766991E-1,-1.100499173E2
6.425518917E0,5.040078722E-1,2.730351134E-1,-3.873857722E-1,-7.220528018E-1,1.194689703E2,5.657999919E1,2.177576981E-1,-1.100511194E2
6.435487917E0,5.040978452E-1,2.726780085E-1,-3.874033844E-1,-7.221154004E-1,1.194570328E2,5.655518742E1,1.851548374E-1,-1.100637741E2
6.445457917E0,5.043480500E-1,2.723695251E-1,-3.872735405E-1,-7.221268433E-1,1.194238319E2,5.651833375E1,1.563821987E-1,-1.100534847E2
6.455427917E0,5.045748422E-1,2.720086269E-1,-3.870695023E-1,-7.222137922E-1,1.193937330E2,5.646966184E1,1.309609550E-1,-1.100495094E2
6.465396917E0,5.049275797E-1,2.716830267E-1,-3.867593594E-1,-7.222558864E-1,1.193469099E2,5.641234575E1,1.076242249E-1,-1.100276380E2
6.475366917E0,5.053828394E-1,2.713970656E-1,-3.863901478E-1,-7.222427471E-1,1.192864612E2,5.635172403E1,8.475334811E-2,-1.099904911E2
6.485335917E0,5.057088664E-1,2.710200779E-1,-3.860515663E-1,-7.223370085E-1,1.192431604E2,5.628756631E1,6.166543362E-2,-1.099752000E2
6.495305917E0,5.061263730E-1,2.706185132E-1,-3.856551647E-1,-7.224070566E-1,1.191876958E2,5.621545143E1,3.511931800E-2,-1.099502282E2
6.505275917E0,5.063800444E-1,2.700251383E-1,-3.853057146E-1,-7.226377368E-1,1.191539886E2,5.613404403E1,2.203588176E-3,-1.099580189E2
6.515244917E0,5.065839403E-1,2.693149007E-1,-3.849869791E-1,-7.229296564E-1,1.191268912E2,5.604724344E1,-3.810080518E-2,-1.099795404E2
6.525214917E0,5.067295787E-1,2.684718373E-1,-3.847273545E-1,-7.232793278E-1,1.191075338E2,5.595691851E1,-8.853350880E-2,-1.100168574E2
6.535184917E0,5.066646726E-1,2.674316267E-1,-3.845777174E-1,-7.237895575E-1,1.191161610E2,5.586377342E1,-1.475625235E-1,-1.100929278E2
6.545153917E0,5.066567174E-1,2.663814379E-1,-3.844149621E-1,-7.242687145E-1,1.191172183E2,5.576864671E1,-2.102394536E-1,-1.101624050E2
6.555123917E0,5.065514135E-1,2.652921052E-1,-3.842639130E-1,-7.248221237E-1,1.191312142E2,5.567205171E1,-2.704188908E-1,-1.102462431E2
6.565093917E0,5.063632910E-1,2.641675956E-1,-3.841395271E-1,-7.254299445E-1,1.191562149E2,5.557590377E1,-3.299190523E-1,-1.103423800E2
6.575062917E0,5.062331732E-1,2.630208010E-1,-3.840740942E-1,-7.259719213E-1,1.191735052E2,5.548457836E1,-3.993927708E-1,-1.104325651E2
6.585032917E0,5.058180689E-1,2.616480992E-1,-3.842403003E-1,-7.266689880E-1,1.192286547E2,5.540168248E1,-4.840550801E-1,-1.105723180E2
6.595001917E0,5.053861374E-1,2.601952868E-1,-3.845353387E-1,-7.273348345E-1,1.192860232E2,5.532704297E1,-5.832505937E-1,-1.107190011E2
6.604971917E0,5.048708922E-1,2.586158073E-1,-3.849681711E-1,-7.280265907E-1,1.193544355E2,5.525835886E1,-6.967383783E-1,-1.108837355E2
6.614941917E0,5.041021126E-1,2.567958326E-1,-3.855947156E-1,-7.288714875E-1,1.194564666E2,5.519365120E1,-8.259988661E-1,-1.110947472E2
6.624910917E0,5.033220482E-1,2.548927601E-1,-3.863219753E-1,-7.296931087E-1,1.195599412E2,5.513451874E1,-9.684453186E-1,-1.113119331E2
6.634880917E0,5.023850816E-1,2.528881507E-1,-3.871643854E-1,-7.305892772E-1,1.196841568E2,5.508144751E1,-1.117136817E0,-1.115543514E2
6.644850917E0,5.016070297E-1,2.509708747E-1,-3.879227073E-1,-7.313821647E-1,1.197872454E2,5.502641798E1,-1.263948325E0,-1.117710158E2
6.654819917E0,5.009057904E-1,2.490439840E-1,-3.885363865E-1,-7.321952617E-1,1.198801105E2,5.495594515E1,-1.406328685E0,-1.119781889E2
6.664789917E0,5.003497787E-1,2.471145118E-1,-3.889824160E-1,-7.329920163E-1,1.199537123E2,5.486788186E1,-1.546520828E0,-1.121669478E2
6.674759917E0,4.997912276E-1,2.451753143E-1,-3.893744871E-1,-7.338155868E-1,1.200276226E2,5.477405884E1,-1.683877243E0,-1.123559749E2
6.684728917E0,4.993914226E-1,2.434045987E-1,-3.896952668E-1,-7.345067108E-1,1.200805100E2,5.468485745E1,-1.814076884E0,-1.125144782E2
6.694698917E0,4.990752685E-1,2.418238285E-1,-3.899730672E-1,-7.350959764E-1,1.201223218E2,5.460472389E1,-1.932631087E0,-1.126505228E2
6.704668917E0,4.989495550E-1,2.405006598E-1,-3.901197066E-1,-7.355374541E-1,1.201389452E2,5.452849517E1,-2.034749959E0,-1.127469137E2
6.714637917E0,4.990293917E-1,2.394182233E-1,-3.900557909E-1,-7.358703194E-1,1.201283884E2,5.444616998E1,-2.116820274E0,-1.128028681E2
6.724607917E0,4.991149182E-1,2.383483414E-1,-3.898739536E-1,-7.362558261E-1,1.201170786E2,5.435210808E1,-2.189982722E0,-1.128569940E2
6.734576917E0,4.992911131E-1,2.372432826E-1,-3.896057416E-1,-7.366351267E-1,1.200937770E2,5.424625607E1,-2.265486573E0,-1.129017502E2
6.744546917E0,4.994240864E-1,2.360506269E-1,-3.893439939E-1,-7.370664154E-1,1.200761897E2,5.413527250E1,-2.345516808E0,-1.129568693E2
6.754516917E0,4.995579553E-1,2.348474977E-1,-3.890814243E-1,-7.374985786E-1,1.200584823E2,5.402364481E1,-2.426516871E0,-1.130122260E2
6.764485917E0,4.997988667E-1,2.336787814E-1,-3.887826294E-1,-7.378640761E-1,1.200266120E2,5.391042268E1,-2.509204278E0,-1.130519809E2
6.774455917E0,4.999563695E-1,2.323657806E-1,-3.884692255E-1,-7.383370059E-1,1.200057731E2,5.378603967E1,-2.596778361E0,-1.131103174E2
6.784425917E0,5.002665386E-1,2.310095688E-1,-3.880234067E-1,-7.387867444E-1,1.199647288E2,5.364425276E1,-2.687965351E0,-1.131518028E2
6.794394917E0,5.007209133E-1,2.296584778E-1,-3.874542872E-1,-7.391988246E-1,1.199045866E2,5.348936001E1,-2.779154329E0,-1.131745881E2
6.804364917E0,5.012380551E-1,2.282822831E-1,-3.868534576E-1,-7.395890202E-1,1.198361141E2,5.332934404E1,-2.874084832E0,-1.131905569E2
6.814334917E0,5.018647893E-1,2.268508392E-1,-3.862894168E-1,-7.398992947E-1,1.197530993E2,5.316944714E1,-2.982822551E0,-1.131958018E2
6.824303917E0,5.024905225E-1,2.252550067E-1,-3.858566372E-1,-7.401878953E-1,1.196701822E2,5.301271108E1,-3.113641251E0,-1.132103989E2
6.834273917E0,5.032159856E-1,2.235567521E-1,-3.855380386E-1,-7.403758386E-1,1.195740061E2,5.286128979E1,-3.266813985E0,-1.132181221E2
6.844242917E0,5.039183945E-1,2.217234696E-1,-3.853571233E-1,-7.405436779E-1,1.194808415E2,5.271587410E1,-3.438966613E0,-1.132360708E2
6.854212917E0,5.046258609E-1,2.197420198E-1,-3.852947881E-1,-7.406849647E-1,1.193869613E2,5.257350953E1,-3.631557646E0,-1.132613300E2
6.864182917E0,5.052794743E-1,2.175918614E-1,-3.853421980E-1,-7.408493374E-1,1.193001875E2,5.243214250E1,-3.842007150E0,-1.133022627E2
6.874151917E0,5.057441854E-1,2.152638329E-1,-3.854854183E-1,-7.411379590E-1,1.192384690E2,5.229027626E1,-4.061869116E0,-1.133761282E2
6.884121917E0,5.060571785E-1,2.128338458E-1,-3.856769441E-1,-7.415262895E-1,1.191968892E2,5.214793872E1,-4.284294813E0,-1.134737530E2
6.894091917E0,5.064086621E-1,2.104248900E-1,-3.858902598E-1,-7.418628110E-1,1.191501856E2,5.200988173E1,-4.509451138E0,-1.135644863E2
6.904060917E0,5.066740397E-1,2.079700415E-1,-3.861768215E-1,-7.422246628E-1,1.191149159E2,5.187771127E1,-4.738636271E0,-1.136677332E2
6.914030917E0,5.069756637E-1,2.055316461E-1,-3.864930809E-1,-7.425331567E-1,1.190748213E2,5.175039215E1,-4.971318403E0,-1.137646510E2
6.924000917E0,5.072904269E-1,2.030986982E-1,-3.868285488E-1,-7.428129169E-1,1.190329712E2,5.162613877E1,-5.206189739E0,-1.138587558E2
6.933969917E0,5.076353356E-1,2.006612511E-1,-3.871559139E-1,-7.430691908E-1,1.189871028E2,5.150124462E1,-5.443127192E0,-1.139483731E2
6.943939917E0,5.079624689E-1,1.981793707E-1,-3.874678638E-1,-7.433489721E-1,1.189435882E2,5.137253023E1,-5.681900010E0,-1.140415919E2
6.953908917E0,5.083892584E-1,1.957645038E-1,-3.877382569E-1,-7.435561555E-1,1.188868030E2,5.124379785E1,-5.918869759E0,-1.141176549E2
6.963878917E0,5.088655178E-1,1.934576488E-1,-3.879925183E-1,-7.437014778E-1,1.188234161E2,5.112056567E1,-6.149469515E0,-1.141807864E2
6.973848917E0,5.094232154E-1,1.913293067E-1,-3.881920520E-1,-7.437661206E-1,1.187491639E2,5.100285263E1,-6.367174674E0,-1.142232451E2
6.983817917E0,5.099606826E-1,1.893871904E-1,-3.883060065E-1,-7.438353994E-1,1.186775783E2,5.088818099E1,-6.563009516E0,-1.142574619E2
6.993787917E0,5.105197921E-1,1.876865335E-1,-3.882938156E-1,-7.438892736E-1,1.186030819E2,5.077529193E1,-6.732112381E0,-1.142752924E2
7.003757917E0,5.110322978E-1,1.861550118E-1,-3.881570385E-1,-7.439935450E-1,1.185347699E2,5.066002592E1,-6.876249842E0,-1.142892496E2
7.013726917E0,5.114419547E-1,1.846584615E-1,-3.879204261E-1,-7.442084201E-1,1.184801491E2,5.053685770E1,-7.004586629E0,-1.143135458E2
7.023696917E0,5.117237274E-1,1.830988385E-1,-3.876463241E-1,-7.445428343E-1,1.184425706E2,5.040654820E1,-7.127964234E0,-1.143566144E2
7.033666917E0,5.117918367E-1,1.814241861E-1,-3.874705190E-1,-7.449972616E-1,1.184334861E2,5.028122316E1,-7.255110669E0,-1.144324572E2
7.043635917E0,5.117839447E-1,1.797375114E-1,-3.874665994E-1,-7.454134723E-1,1.184345387E2,5.017465720E1,-7.391058974E0,-1.145187677E2
7.053605917E0,5.116479790E-1,1.780192476E-1,-3.877068996E-1,-7.457940583E-1,1.184526735E2,5.009391401E1,-7.539375205E0,-1.146234491E2
7.063575917E0,5.115166916E-1,1.763139229E-1,-3.881570069E-1,-7.460551580E-1,1.184701826E2,5.003726865E1,-7.701825133E0,-1.147274193E2
7.073544917E0,5.114326086E-1,1.746217480E-1,-3.887286235E-1,-7.462130823E-1,1.184813954E2,4.999483288E1,-7.874686536E0,-1.148249250E2
7.083514917E0,5.114077103E-1,1.729525115E-1,-3.892954249E-1,-7.463234543E-1,1.184847156E2,4.995332231E1,-8.049022778E0,-1.149134740E2
7.093483917E0,5.114595088E-1,1.714050268E-1,-3.897173359E-1,-7.464247332E-1,1.184778082E2,4.990332768E1,-8.208013922E0,-1.149853034E2
7.103453916E0,5.115840106E-1,1.700617540E-1,-3.899239924E-1,-7.465386983E-1,1.184612048E2,4.984211686E1,-8.339734417E0,-1.150365702E2
7.113423917E0,5.117807100E-1,1.689148329E-1,-3.899297033E-1,-7.466613035E-1,1.184349702E2,4.977062572E1,-8.445735985E0,-1.150678561E2
7.123392917E0,5.120578360E-1,1.678999052E-1,-3.897761097E-1,-7.467803578E-1,1.183980027E2,4.968928983E1,-8.534628103E0,-1.150814920E2
7.133362917E0,5.124359986E-1,1.669147648E-1,-3.895314051E-1,-7.468696037E-1,1.183475459E2,4.959909841E1,-8.620708460E0,-1.150802174E2
7.143332917E0,5.128341915E-1,1.658191363E-1,-3.893195118E-1,-7.469507048E-1,1.182944022E2,4.950560043E1,-8.719386266E0,-1.150816506E2
7.153301917E0,5.132730034E-1,1.645935692E-1,-3.892374308E-1,-7.469631171E-1,1.182358203E2,4.941810644E1,-8.840218416E0,-1.150845799E2
7.163271917E0,5.137325937E-1,1.632223847E-1,-3.893346847E-1,-7.468975155E-1,1.181744453E2,4.934127235E1,-8.986807755E0,-1.150924816E2
7.173241917E0,5.141786022E-1,1.616368835E-1,-3.896280900E-1,-7.467822755E-1,1.181148652E2,4.927307304E1,-9.164047234E0,-1.151129827E2
7.183210917E0,5.145643091E-1,1.597777544E-1,-3.901020629E-1,-7.466693430E-1,1.180633255E2,4.920872296E1,-9.373108138E0,-1.151547500E2
7.193180917E0,5.148604645E-1,1.576894624E-1,-3.907028662E-1,-7.465949643E-1,1.180237426E2,4.914547750E1,-9.604989006E0,-1.152189478E2
7.203149917E0,5.150740752E-1,1.554995964E-1,-3.913815991E-1,-7.465513740E-1,1.179951872E2,4.908584451E1,-9.846207913E0,-1.152983305E2
7.213119917E0,5.152597848E-1,1.533868592E-1,-3.920798880E-1,-7.464940437E-1,1.179703581E2,4.903380901E1,-1.008105826E1,-1.153772639E2
7.223089917E0,5.155205895E-1,1.515550307E-1,-3.926714191E-1,-7.463771284E-1,1.179354835E2,4.898666720E1,-1.028973758E1,-1.154324096E2
7.233058917E0,5.159526474E-1,1.500859285E-1,-3.930180663E-1,-7.461929782E-1,1.178776949E2,4.893294516E1,-1.046129649E1,-1.154470284E2
7.243028917E0,5.165934270E-1,1.489061750E-1,-3.930832886E-1,-7.459514979E-1,1.177919571E2,4.886359443E1,-1.060137374E1,-1.154195311E2
7.252998917E0,5.174301262E-1,1.478494692E-1,-3.929461849E-1,-7.456539411E-1,1.176799464E2,4.877737297E1,-1.072849689E1,-1.153596969E2
7.262967917E0,5.184431784E-1,1.467196387E-1,-3.927741836E-1,-7.452640722E-1,1.175442384E2,4.868114214E1,-1.086948523E1,-1.152799572E2
7.272937917E0,5.196112256E-1,1.453829830E-1,-3.927095409E-1,-7.447463509E-1,1.173876462E2,4.858273727E1,-1.104416958E1,-1.151898119E2
7.282907917E0,5.208843871E-1,1.437439869E-1,-3.928693512E-1,-7.440905565E-1,1.172168137E2,4.848981789E1,-1.126586766E1,-1.151005532E2
7.292876917E0,5.221715097E-1,1.417920504E-1,-3.933151279E-1,-7.433271506E-1,1.170439498E2,4.840947364E1,-1.153462852E1,-1.150245814E2
7.302846917E0,5.234090044E-1,1.396032065E-1,-3.939871488E-1,-7.425147490E-1,1.168776003E2,4.834041371E1,-1.183640457E1,-1.149661436E2
7.312816916E0,5.245904859E-1,1.373266866E-1,-3.947565817E-1,-7.416964047E-1,1.167186419E2,4.827749737E1,-1.214940891E1,-1.149185500E2
7.322786208E0,5.257082098E-1,1.350975293E-1,-3.955344545E-1,-7.408995027E-1,1.165681363E2,4.821905602E1,-1.245566124E1,-1.148762706E2
7.332756208E0,5.267718382E-1,1.330023041E-1,-3.962732255E-1,-7.401279519E-1,1.164248014E2,4.816485564E1,-1.274508139E1,-1.148340668E2
7.342725208E0,5.278179230E-1,1.311234608E-1,-3.969314539E-1,-7.393647568E-1,1.162837222E2,4.811469538E1,-1.300987234E1,-1.147834429E2
7.352695208E0,5.289051431E-1,1.294976040E-1,-3.974626728E-1,-7.385886647E-1,1.161369809E2,4.806478581E1,-1.324698554E1,-1.147149906E2
7.362665208E0,5.300514004E-1,1.281215726E-1,-3.978426056E-1,-7.378019200E-1,1.159821444E2,4.801190537E1,-1.345592974E1,-1.146263904E2
7.372634208E0,5.312226297E-1,1.269279844E-1,-3.980741077E-1,-7.370406110E-1,1.158237995E2,4.795276038E1,-1.364054111E1,-1.145250851E2
7.382604208E0,5.323721218E-1,1.259251528E-1,-3.981419536E-1,-7.363462206E-1,1.156682598E2,4.788671824E1,-1.379627572E1,-1.144167978E2
7.392574208E0,5.334629349E-1,1.251004759E-1,-3.980476605E-1,-7.357481041E-1,1.155205372E2,4.781371219E1,-1.392210137E1,-1.143070464E2
7.402543208E0,5.344948583E-1,1.244179815E-1,-3.978418680E-1,-7.352260732E-1,1.153806791E2,4.773729670E1,-1.402458270E1,-1.141978640E2
7.412513208E0,5.354828858E-1,1.238353013E-1,-3.975942131E-1,-7.347392561E-1,1.152466691E2,4.766254562E1,-1.411308368E1,-1.140896635E2
7.422483208E0,5.364366374E-1,1.233482629E-1,-3.973379497E-1,-7.342638712E-1,1.151172137E2,4.759280693E1,-1.419087108E1,-1.139816905E2
7.432452208E0,5.373503284E-1,1.229545692E-1,-3.970561138E-1,-7.338141327E-1,1.149931085E2,4.752617527E1,-1.425659565E1,-1.138747360E2
7.442422208E0,5.382158982E-1,1.226586456E-1,-3.967070641E-1,-7.334180788E-1,1.148754606E2,4.745844798E1,-1.430644198E1,-1.137694084E2
7.452392208E0,5.390243485E-1,1.224200417E-1,-3.962663872E-1,-7.331023251E-1,1.147655066E2,4.738469180E1,-1.434154794E1,-1.136683906E2
7.462361208E0,5.397619395E-1,1.221861162E-1,-3.957535970E-1,-7.328756383E-1,1.146651310E2,4.730418073E1,-1.436694205E1,-1.135758954E2
7.472331208E0,5.404498287E-1,1.219233201E-1,-3.951948246E-1,-7.327139103E-1,1.145714682E2,4.721754543E1,-1.438853847E1,-1.134907006E2
7.482300208E0,5.411122613E-1,1.216218120E-1,-3.946284026E-1,-7.325804207E-1,1.144812251E2,4.712811546E1,-1.441130649E1,-1.134103164E2
7.492270208E0,5.417723020E-1,1.212867867E-1,-3.940943599E-1,-7.324355831E-1,1.143912624E2,4.704028862E1,-1.443901048E1,-1.133317535E2
7.502240208E0,5.424196987E-1,1.209260308E-1,-3.936142019E-1,-7.322743082E-1,1.143029788E2,4.695702983E1,-1.447195825E1,-1.132562424E2
7.512209208E0,5.430132843E-1,1.205309041E-1,-3.931963581E-1,-7.321240230E-1,1.142219946E2,4.687930672E1,-1.450914639E1,-1.131896782E2
7.522179208E0,5.435187409E-1,1.201249773E-1,-3.928292695E-1,-7.320126395E-1,1.141530048E2,4.680771959E1,-1.454581855E1,-1.131355994E2
7.532149208E0,5.439190412E-1,1.197450656E-1,-3.924846348E-1,-7.319624109E-1,1.140983488E2,4.674159857E1,-1.457588015E1,-1.130946269E2
7.542118208E0,5.442189055E-1,1.194184802E-1,-3.921503154E-1,-7.319720731E-1,1.140573950E2,4.668118232E1,-1.459644092E1,-1.130649639E2
7.552088208E0,5.444659387E-1,1.191558632E-1,-3.918160066E-1,-7.320102055E-1,1.140236494E2,4.662531736E1,-1.460858324E1,-1.130397647E2
7.562058208E0,5.447131616E-1,1.189400186E-1,-3.914990307E-1,-7.320309523E-1,1.139898714E2,4.657414353E1,-1.461802598E1,-1.130127721E2
7.572027208E0,5.449931220E-1,1.187629070E-1,-3.912373093E-1,-7.319912289E-1,1.139516128E2,4.653089188E1,-1.463002711E1,-1.129802650E2
7.581997208E0,5.453052721E-1,1.186207668E-1,-3.910667621E-1,-7.318730386E-1,1.139089453E2,4.649928958E1,-1.464745969E1,-1.129427725E2
7.591966208E0,5.455999839E-1,1.185245771E-1,-3.909922991E-1,-7.317088134E-1,1.138686521E2,4.648121822E1,-1.466694271E1,-1.129065241E2
7.601936208E0,5.458299266E-1,1.184896901E-1,-3.909691078E-1,-7.315551565E-1,1.138372077E2,4.647333545E1,-1.468127357E1,-1.128768763E2
7.611906208E0,5.459722881E-1,1.185372739E-1,-3.909468543E-1,-7.314531716E-1,1.138177371E2,4.647172439E1,-1.468373611E1,-1.128557254E2
7.621875208E0,5.460397968E-1,1.186669386E-1,-3.908969735E-1,-7.314084222E-1,1.138085032E2,4.647304192E1,-1.467303015E1,-1.128411154E2
7.631845208E0,5.460318100E-1,1.188549241E-1,-3.908221945E-1,-7.314237426E-1,1.138095957E2,4.647617894E1,-1.465132217E1,-1.128340950E2
7.641815208E0,5.459792740E-1,1.191140008E-1,-3.907141721E-1,-7.314785546E-1,1.138167816E2,4.648055320E1,-1.461868954E1,-1.128299610E2
7.651784208E0,5.459198153E-1,1.194557591E-1,-3.905243954E-1,-7.315686119E-1,1.138249140E2,4.648100762E1,-1.457279492E1,-1.128228068E2
7.661754208E0,5.458808927E-1,1.198613803E-1,-3.902175242E-1,-7.316950313E-1,1.138302373E2,4.647216601E1,-1.451424078E1,-1.128094044E2
7.671724208E0,5.458865930E-1,1.203256068E-1,-3.897984791E-1,-7.318378565E-1,1.138294577E2,4.645394635E1,-1.444519675E1,-1.127867865E2
7.681693208E0,5.459677468E-1,1.208509462E-1,-3.892562388E-1,-7.319794910E-1,1.138183582E2,4.642491338E1,-1.436640222E1,-1.127506840E2
7.691663208E0,5.461498423E-1,1.214393267E-1,-3.885665373E-1,-7.321125696E-1,1.137934502E2,4.638222135E1,-1.427738938E1,-1.126973702E2
7.701633208E0,5.464295498E-1,1.220387708E-1,-3.877441364E-1,-7.322403378E-1,1.137551834E2,4.632450471E1,-1.418338717E1,-1.126295865E2
7.711602208E0,5.467564724E-1,1.225868590E-1,-3.868605171E-1,-7.323720572E-1,1.137104466E2,4.625654671E1,-1.409194172E1,-1.125570906E2
7.721572208E0,5.470648398E-1,1.230536459E-1,-3.859959905E-1,-7.325195501E-1,1.136682384E2,4.618620623E1,-1.400763947E1,-1.124905326E2
7.731541208E0,5.472860686E-1,1.234223149E-1,-3.851827986E-1,-7.327203799E-1,1.136379512E2,4.611687164E1,-1.393035376E1,-1.124400467E2
7.741511208E0,5.473557374E-1,1.237154251E-1,-3.844126282E-1,-7.330232893E-1,1.136284121E2,4.604979961E1,-1.385398320E1,-1.124132587E2
7.751481208E0,5.472298553E-1,1.239568634E-1,-3.836899151E-1,-7.334549889E-1,1.136456475E2,4.598745296E1,-1.377440395E1,-1.124151404E2
7.761450208E0,5.469132587E-1,1.241602008E-1,-3.830168932E-1,-7.340083665E-1,1.136889875E2,4.593077706E1,-1.369095573E1,-1.124445007E2
7.771420208E0,5.464173167E-1,1.243561205E-1,-3.823872403E-1,-7.346724744E-1,1.137568572E2,4.588073122E1,-1.360128915E1,-1.124984660E2
7.781390208E0,5.458110870E-1,1.245813005E-1,-3.817568183E-1,-7.354123939E-1,1.138397842E2,4.583379243E1,-1.350303926E1,-1.125659797E2
7.791359208E0,5.451670094E-1,1.249051569E-1,-3.810604259E-1,-7.361959776E-1,1.139278456E2,4.578611259E1,-1.338974550E1,-1.126340720E2
7.801329208E0,5.445499268E-1,1.253226531E-1,-3.802704781E-1,-7.369898240E-1,1.140121749E2,4.573355447E1,-1.326348530E1,-1.126940755E2
7.811299208E0,5.440135660E-1,1.258168038E-1,-3.794369609E-1,-7.377309342E-1,1.140854401E2,4.567985488E1,-1.313226882E1,-1.127398524E2
7.821268208E0,5.435648391E-1,1.263769459E-1,-3.786589196E-1,-7.383654445E-1,1.141467116E2,4.563506921E1,-1.300444291E1,-1.127716429E2
7.831238208E0,5.431731263E-1,1.270071256E-1,-3.780090151E-1,-7.388784559E-1,1.142001807E2,4.560772479E1,-1.288312522E1,-1.127938625E2
7.841207208E0,5.427461787E-1,1.276610550E-1,-3.775359800E-1,-7.393212507E-1,1.142584409E2,4.560142769E1,-1.277055687E1,-1.128209661E2
7.851177208E0,5.421599055E-1,1.282910556E-1,-3.772672622E-1,-7.397793132E-1,1.143384113E2,4.561773074E1,-1.266582128E1,-1.128715219E2
7.861147208E0,5.413344489E-1,1.289051563E-1,-3.771874572E-1,-7.403174968E-1,1.144509463E2,4.565635478E1,-1.256268694E1,-1.129556432E2
7.871116208E0,5.402968778E-1,1.295759234E-1,-3.772155270E-1,-7.409438833E-1,1.145922982E2,4.571252436E1,-1.245071670E1,-1.130661129E2
7.881086208E0,5.391117084E-1,1.303305205E-1,-3.773120433E-1,-7.416253978E-1,1.147536211E2,4.578276643E1,-1.232835170E1,-1.131928246E2
7.891056208E0,5.378508749E-1,1.311407832E-1,-3.774785760E-1,-7.423129499E-1,1.149250838E2,4.586464409E1,-1.220202620E1,-1.133272973E2
7.901025208E0,5.365691576E-1,1.320077333E-1,-3.777154940E-1,-7.429659205E-1,1.150992190E2,4.595759914E1,-1.207468185E1,-1.134621650E2
7.910995208E0,5.352649972E-1,1.329164088E-1,-3.780402038E-1,-7.435793784E-1,1.152762307E2,4.606264371E1,-1.194868575E1,-1.135983700E2
7.920965208E0,5.338961307E-1,1.338696757E-1,-3.785179067E-1,-7.441492249E-1,1.154618387E2,4.618749636E1,-1.182601371E1,-1.137416579E2
7.930934208E0,5.323987059E-1,1.349047707E-1,-3.791800653E-1,-7.446977556E-1,1.156646611E2,4.633853423E1,-1.170211209E1,-1.138989577E2
7.940904208E0,5.307494470E-1,1.360284267E-1,-3.799716042E-1,-7.452668750E-1,1.158877881E2,4.651040067E1,-1.157113971E1,-1.140724944E2
7.950874208E0,5.289842527E-1,1.372603580E-1,-3.808011174E-1,-7.458725252E-1,1.161262989E2,4.669389319E1,-1.142693389E1,-1.142559592E2
7.960843208E0,5.271923900E-1,1.386127134E-1,-3.815728789E-1,-7.464964145E-1,1.163680971E2,4.687828042E1,-1.126673889E1,-1.144363342E2
7.970813208E0,5.254772872E-1,1.401013612E-1,-3.822722848E-1,-7.470696748E-1,1.165992409E2,4.706181012E1,-1.109403765E1,-1.145992802E2
7.980782208E0,5.239339645E-1,1.416820050E-1,-3.829307345E-1,-7.475181911E-1,1.168069881E2,4.724432237E1,-1.092016827E1,-1.147345871E2
7.990752208E0,5.226054115E-1,1.433049432E-1,-3.835714192E-1,-7.478101844E-1,1.169856397E2,4.742503925E1,-1.075345082E1,-1.148390774E2
8.000722208E0,5.214621045E-1,1.449675415E-1,-3.841981956E-1,-7.479662437E-1,1.171392445E2,4.760465057E1,-1.059280667E1,-1.149168871E2
8.010691208E0,5.204006256E-1,1.466728662E-1,-3.848074493E-1,-7.480597781E-1,1.172817430E2,4.778402081E1,-1.043196995E1,-1.149812191E2
8.020661208E0,5.193030900E-1,1.484218024E-1,-3.853685398E-1,-7.481887790E-1,1.174289685E2,4.796100986E1,-1.026208468E1,-1.150470997E2
8.030631208E0,5.180980484E-1,1.502037606E-1,-3.858483922E-1,-7.484212400E-1,1.175904828E2,4.813198257E1,-1.007768211E1,-1.151239069E2
8.040600208E0,5.167947835E-1,1.520250840E-1,-3.861788762E-1,-7.487839558E-1,1.177650071E2,4.828970990E1,-9.874029997E0,-1.152096916E2
8.050570208E0,5.155164380E-1,1.539062137E-1,-3.863470105E-1,-7.491940762E-1,1.179360387E2,4.843288157E1,-9.655584920E0,-1.152876369E2
8.060540208E0,5.141513543E-1,1.557437109E-1,-3.864515557E-1,-7.496982684E-1,1.181185056E2,4.856702965E1,-9.431457413E0,-1.153773475E2
8.070509208E0,5.128778346E-1,1.576187821E-1,-3.865555742E-1,-7.501249736E-1,1.182885766E2,4.870246943E1,-9.209450270E0,-1.154526520E2
8.080479208E0,5.116950992E-1,1.595295411E-1,-3.866865771E-1,-7.504611474E-1,1.184463889E2,4.884218516E1,-8.991608542E0,-1.155138985E2
8.090448208E0,5.104346344E-1,1.613973735E-1,-3.868645949E-1,-7.508283519E-1,1.186144303E2,4.898498175E1,-8.776165430E0,-1.155863698E2
8.100418208E0,5.092226070E-1,1.632937709E-1,-3.870473857E-1,-7.511470347E-1,1.187758763E2,4.912957124E1,-8.561522063E0,-1.156503954E2
8.110388208E0,5.079878202E-1,1.652108414E-1,-3.872007370E-1,-7.514847680E-1,1.189402157E2,4.927228696E1,-8.341891868E0,-1.157152039E2
8.120357208E0,5.065900832E-1,1.671246982E-1,-3.872981700E-1,-7.519547685E-1,1.191260747E2,4.940975709E1,-8.109327228E0,-1.157995231E2
8.130327208E0,5.052085095E-1,1.691317627E-1,-3.872877281E-1,-7.524406374E-1,1.193096107E2,4.954084407E1,-7.862653815E0,-1.158757056E2
8.140297208E0,5.037576780E-1,1.711750946E-1,-3.872536630E-1,-7.529687901E-1,1.195021621E2,4.967192262E1,-7.607434413E0,-1.159576868E2
8.150266208E0,5.023054978E-1,1.733029520E-1,-3.872886132E-1,-7.534340597E-1,1.196947038E2,4.981564727E1,-7.349974269E0,-1.160348103E2
8.160236208E0,5.009157371E-1,1.755464815E-1,-3.874592131E-1,-7.537521946E-1,1.198787936E2,4.998090648E1,-7.095973714E0,-1.160977123E2
8.170206208E0,4.996114291E-1,1.779126161E-1,-3.877956187E-1,-7.538900465E-1,1.200514086E2,5.017140889E1,-6.848308981E0,-1.161431178E2
8.180175208E0,4.983745772E-1,1.803661738E-1,-3.882881257E-1,-7.538721867E-1,1.202149579E2,5.038415708E1,-6.608226498E0,-1.161748813E2
8.190145208E0,4.970319155E-1,1.827969617E-1,-3.889014361E-1,-7.538569612E-1,1.203923468E2,5.060948729E1,-6.372233787E0,-1.162199894E2
8.200115208E0,4.957064288E-1,1.851949488E-1,-3.895535743E-1,-7.538077020E-1,1.205673123E2,5.083708062E1,-6.142733832E0,-1.162632871E2
8.210084208E0,4.944164507E-1,1.874715529E-1,-3.902242571E-1,-7.537452720E-1,1.207374444E2,5.105910678E1,-5.926638423E0,-1.163071196E2
8.220054208E0,4.930566353E-1,1.895059286E-1,-3.909907924E-1,-7.537299200E-1,1.209166318E2,5.127698733E1,-5.732757464E0,-1.163713204E2
8.230023208E0,4.916821950E-1,1.912919013E-1,-3.919421311E-1,-7.536824943E-1,1.210975851E2,5.149977632E1,-5.570773328E0,-1.164499323E2
8.239993208E0,4.901601458E-1,1.928391332E-1,-3.931503758E-1,-7.536504205E-1,1.212977839E2,5.173660290E1,-5.436741229E0,-1.165592944E2
8.249963208E0,4.887496910E-1,1.943804329E-1,-3.944971046E-1,-7.534667130E-1,1.214831290E2,5.198786312E1,-5.319087874E0,-1.166546561E2
8.259932208E0,4.873553047E-1,1.959080981E-1,-3.959250293E-1,-7.532252958E-1,1.216661977E2,5.224725799E1,-5.208852945E0,-1.167480765E2
8.269902208E0,4.860566760E-1,1.974487130E-1,-3.973521848E-1,-7.529104589E-1,1.218365477E2,5.250709946E1,-5.103144547E0,-1.168280690E2
8.279872208E0,4.850566999E-1,1.990801753E-1,-3.986727299E-1,-7.524275403E-1,1.219676254E2,5.275979681E1,-5.000874301E0,-1.168652950E2
8.289841208E0,4.841731123E-1,2.006667829E-1,-3.999011946E-1,-7.519230636E-1,1.220833777E2,5.299921050E1,-4.903100989E0,-1.168896446E2
8.299811208E0,4.833572336E-1,2.021623638E-1,-4.009980664E-1,-7.514630729E-1,1.221902024E2,5.321823369E1,-4.807916662E0,-1.169096492E2
8.309781208E0,4.827284026E-1,2.036718427E-1,-4.018732141E-1,-7.509919554E-1,1.222724991E2,5.341300835E1,-4.708099681E0,-1.169047667E2
8.319750208E0,4.821604211E-1,2.051231483E-1,-4.025799535E-1,-7.505833101E-1,1.223468043E2,5.358537501E1,-4.605362543E0,-1.168947030E2
8.329720417E0,4.817175631E-1,2.065331606E-1,-4.031477664E-1,-7.501761505E-1,1.224047221E2,5.373941672E1,-4.504317422E0,-1.168708314E2
8.339690417E0,4.813256290E-1,2.078857267E-1,-4.036626007E-1,-7.497771568E-1,1.224559664E2,5.388391482E1,-4.407547739E0,-1.168434238E2
8.349659417E0,4.809913834E-1,2.092887110E-1,-4.041611136E-1,-7.493326129E-1,1.224996583E2,5.402978320E1,-4.309399310E0,-1.168056831E2
8.359629417E0,4.807857595E-1,2.108578593E-1,-4.046216311E-1,-7.487758846E-1,1.225265324E2,5.418182269E1,-4.203669869E0,-1.167423069E2
8.369598417E0,4.806231886E-1,2.125484115E-1,-4.050224898E-1,-7.481853757E-1,1.225477773E2,5.433516023E1,-4.087232318E0,-1.166661119E2
8.379568417E0,4.805710951E-1,2.144047905E-1,-4.052925457E-1,-7.475427205E-1,1.225545844E2,5.448464035E1,-3.955994555E0,-1.165660912E2
8.389538417E0,4.806599406E-1,2.164447191E-1,-4.053866386E-1,-7.468462017E-1,1.225429747E2,5.462647158E1,-3.807493734E0,-1.164372823E2
8.399507417E0,4.808341441E-1,2.186034912E-1,-4.053077291E-1,-7.461479443E-1,1.225202091E2,5.475718903E1,-3.643630754E0,-1.162901764E2
8.409477417E0,4.809520183E-1,2.207542554E-1,-4.051055823E-1,-7.455483317E-1,1.225048034E2,5.487457733E1,-3.468900897E0,-1.161493880E2
8.419447417E0,4.811235138E-1,2.229075484E-1,-4.047628757E-1,-7.449828474E-1,1.224823876E2,5.497713590E1,-3.288134313E0,-1.160009813E2
8.429416417E0,4.813282421E-1,2.250280091E-1,-4.043171201E-1,-7.444550213E-1,1.224556248E2,5.506680609E1,-3.105349060E0,-1.158496682E2
8.439386417E0,4.815233294E-1,2.270967239E-1,-4.038682773E-1,-7.439441699E-1,1.224301192E2,5.515348968E1,-2.926188644E0,-1.157019918E2
8.449356417E0,4.818750448E-1,2.292273314E-1,-4.034501384E-1,-7.432895029E-1,1.223841282E2,5.524807742E1,-2.754728926E0,-1.155310798E2
8.459325417E0,4.821802196E-1,2.312862840E-1,-4.031964196E-1,-7.425911823E-1,1.223442147E2,5.535690060E1,-2.597784848E0,-1.153697580E2
8.469295417E0,4.825454010E-1,2.332850403E-1,-4.030880759E-1,-7.417869994E-1,1.222964429E2,5.547829097E1,-2.459946366E0,-1.152043747E2
8.479264416E0,4.828620819E-1,2.351230222E-1,-4.031541200E-1,-7.409643877E-1,1.222550069E2,5.560878724E1,-2.344057124E0,-1.150543149E2
8.489234417E0,4.829802195E-1,2.367322626E-1,-4.034256405E-1,-7.402268600E-1,1.222395471E2,5.574727445E1,-2.247834509E0,-1.149419956E2
8.499204417E0,4.830422280E-1,2.382447497E-1,-4.038440692E-1,-7.394724630E-1,1.222314321E2,5.589581458E1,-2.166102422E0,-1.148421234E2
8.509173417E0,4.828681405E-1,2.396110768E-1,-4.044562838E-1,-7.388098514E-1,1.222542141E2,5.605642003E1,-2.094286678E0,-1.147796559E2
8.519143417E0,4.825884434E-1,2.409549027E-1,-4.052149112E-1,-7.381396427E-1,1.222908115E2,5.623200670E1,-2.027968349E0,-1.147311202E2
8.529113417E0,4.821412654E-1,2.423024376E-1,-4.061001057E-1,-7.375039840E-1,1.223493099E2,5.642225857E1,-1.959737992E0,-1.147022795E2
8.539082417E0,4.815040366E-1,2.437052796E-1,-4.070495635E-1,-7.369344641E-1,1.224326417E2,5.662387652E1,-1.879774948E0,-1.146925047E2
8.549052417E0,4.809644516E-1,2.453280650E-1,-4.079129365E-1,-7.362705037E-1,1.225031783E2,5.683119913E1,-1.783768679E0,-1.146564663E2
8.559022417E0,4.804706486E-1,2.470817743E-1,-4.086912412E-1,-7.355746698E-1,1.225677093E2,5.703841185E1,-1.675229364E0,-1.146059474E2
8.568991417E0,4.800905999E-1,2.489431003E-1,-4.093725082E-1,-7.348159106E-1,1.226173612E2,5.724257690E1,-1.559616650E0,-1.145340796E2
8.578961417E0,4.799937886E-1,2.509383532E-1,-4.099204383E-1,-7.338945384E-1,1.226300073E2,5.744145122E1,-1.443660024E0,-1.144187928E2
8.588931417E0,4.798202384E-1,2.528068652E-1,-4.104961063E-1,-7.330444259E-1,1.226526757E2,5.763516440E1,-1.334616881E0,-1.143201032E2
8.598900417E0,4.797456280E-1,2.546532343E-1,-4.110808095E-1,-7.321260566E-1,1.226624202E2,5.782870724E1,-1.234928850E0,-1.142103104E2
8.608870417E0,4.796791097E-1,2.564902521E-1,-4.117081179E-1,-7.311752343E-1,1.226711075E2,5.802675802E1,-1.140085149E0,-1.140994924E2
8.618839417E0,4.794963083E-1,2.582895538E-1,-4.123698551E-1,-7.302881801E-1,1.226949794E2,5.822650832E1,-1.043300924E0,-1.140044083E2
8.628809417E0,4.794778058E-1,2.602094428E-1,-4.128836936E-1,-7.293278641E-1,1.226973955E2,5.841879552E1,-9.386122026E-1,-1.138810057E2
8.638779417E0,4.794316761E-1,2.621005667E-1,-4.132846419E-1,-7.284535067E-1,1.227034191E2,5.859712975E1,-8.266545622E-1,-1.137620554E2
8.648748417E0,4.794774581E-1,2.639696213E-1,-4.135590073E-1,-7.275921831E-1,1.226974409E2,5.876038970E1,-7.139225719E-1,-1.136328264E2
8.658718417E0,4.795273284E-1,2.657096487E-1,-4.138134953E-1,-7.267808879E-1,1.226909287E2,5.891275051E1,-6.098890397E-1,-1.135110957E2
8.668688417E0,4.795460416E-1,2.672763261E-1,-4.140977389E-1,-7.260316855E-1,1.226884851E2,5.905640774E1,-5.188604770E-1,-1.134041389E2
8.678657417E0,4.796916379E-1,2.687406973E-1,-4.143398936E-1,-7.252563310E-1,1.226694713E2,5.918838514E1,-4.411234270E-1,-1.132884498E2
8.688627417E0,4.797122898E-1,2.699433681E-1,-4.146391678E-1,-7.246248027E-1,1.226667742E2,5.930812484E1,-3.781371023E-1,-1.132049954E2
8.698597417E0,4.796275220E-1,2.709061707E-1,-4.149943815E-1,-7.241181659E-1,1.226778446E2,5.941690810E1,-3.294121315E-1,-1.131501030E2
8.708566417E0,4.794963715E-1,2.716976095E-1,-4.153437314E-1,-7.237079823E-1,1.226949712E2,5.951276032E1,-2.894690620E-1,-1.131121596E2
8.718536417E0,4.792419837E-1,2.722911425E-1,-4.156785671E-1,-7.234611598E-1,1.227281871E2,5.959276384E1,-2.542285415E-1,-1.131022519E2
8.728506417E0,4.790439146E-1,2.728050759E-1,-4.159391663E-1,-7.232488872E-1,1.227540457E2,5.965883417E1,-2.231285323E-1,-1.130909389E2
8.738475417E0,4.788030242E-1,2.732015619E-1,-4.161855884E-1,-7.231170308E-1,1.227854904E2,5.971484802E1,-1.964350846E-1,-1.130926808E2
8.748445417E0,4.786015412E-1,2.735328941E-1,-4.163929351E-1,-7.230056156E-1,1.228117875E2,5.976182268E1,-1.742346755E-1,-1.130940924E2
8.758414417E0,4.785165521E-1,2.738492641E-1,-4.165212564E-1,-7.228683222E-1,1.228228791E2,5.979899705E1,-1.553127098E-1,-1.130826482E2
8.768384417E0,4.783102433E-1,2.740448624E-1,-4.166629594E-1,-7.228490611E-1,1.228498012E2,5.982888174E1,-1.376349100E-1,-1.130938680E2
8.778354417E0,4.782142433E-1,2.742890191E-1,-4.167519314E-1,-7.227687187E-1,1.228623275E2,5.985647566E1,-1.202280239E-1,-1.130886180E2
8.788323417E0,4.781240701E-1,2.745598758E-1,-4.168269317E-1,-7.226822123E-1,1.228740928E2,5.988447577E1,-1.003193115E-1,-1.130808169E2
8.798293417E0,4.779203323E-1,2.747961510E-1,-4.169102560E-1,-7.226791777E-1,1.229006730E2,5.991089384E1,-7.567991268E-2,-1.130889046E2
8.808263417E0,4.778449737E-1,2.751462017E-1,-4.168867592E-1,-7.226093825E-1,1.229105036E2,5.993381130E1,-4.400494819E-2,-1.130738844E2
8.818232417E0,4.777485628E-1,2.755485671E-1,-4.168351820E-1,-7.225495129E-1,1.229230799E2,5.995746217E1,-5.148158551E-3,-1.130577479E2
8.828202417E0,4.775978983E-1,2.759763365E-1,-4.167815079E-1,-7.225168386E-1,1.229427317E2,5.998275958E1,3.937113404E-2,-1.130463003E2
8.838172417E0,4.775299260E-1,2.764603773E-1,-4.166774632E-1,-7.224366226E-1,1.229515971E2,6.000663716E1,8.584550570E-2,-1.130210961E2
8.848141417E0,4.775112339E-1,2.769821974E-1,-4.165436891E-1,-7.223262611E-1,1.229540349E2,6.003004516E1,1.337541508E-1,-1.129874078E2
8.858111417E0,4.773311088E-1,2.774383422E-1,-4.164814066E-1,-7.223061886E-1,1.229775258E2,6.005655370E1,1.828769745E-1,-1.129773972E2
8.868080417E0,4.772264476E-1,2.779590138E-1,-4.164237602E-1,-7.222084606E-1,1.229911739E2,6.008834287E1,2.310080081E-1,-1.129539226E2
8.878050417E0,4.770431510E-1,2.784677948E-1,-4.164082238E-1,-7.221424165E-1,1.230150741E2,6.012392272E1,2.806031979E-1,-1.129405406E2
8.888020417E0,4.769142975E-1,2.790309768E-1,-4.163532064E-1,-7.220418225E-1,1.230318738E2,6.015919281E1,3.331468199E-1,-1.129168845E2
8.897989417E0,4.769501329E-1,2.796894528E-1,-4.161988910E-1,-7.218523198E-1,1.230272018E2,6.019061958E1,3.882808808E-1,-1.128670142E2
8.907959417E0,4.768848896E-1,2.802810102E-1,-4.160557339E-1,-7.217485542E-1,1.230357078E2,6.021839519E1,4.448169444E-1,-1.128337410E2
8.917929417E0,4.769187651E-1,2.809351451E-1,-4.158615476E-1,-7.215836863E-1,1.230312914E2,6.024525827E1,5.026098192E-1,-1.127842795E2
8.927898417E0,4.769077015E-1,2.815803606E-1,-4.156870280E-1,-7.214401552E-1,1.230327338E2,6.027369727E1,5.613969225E-1,-1.127407287E2
8.937868417E0,4.769028336E-1,2.822243487E-1,-4.155006283E-1,-7.212990265E-1,1.230333684E2,6.030081224E1,6.204934418E-1,-1.126964428E2
8.947838417E0,4.771208908E-1,2.829422886E-1,-4.152194983E-1,-7.210353663E-1,1.230049378E2,6.032316941E1,6.762777645E-1,-1.126204804E2
8.957807417E0,4.773936231E-1,2.836120231E-1,-4.149083914E-1,-7.207708105E-1,1.229693733E2,6.033879916E1,7.270625705E-1,-1.125413407E2
8.967777417E0,4.778083481E-1,2.842724800E-1,-4.145538363E-1,-7.204397049E-1,1.229152813E2,6.034915290E1,7.705251725E-1,-1.124459100E2
8.977747417E0,4.780761597E-1,2.847724681E-1,-4.142902920E-1,-7.202161475E-1,1.228803436E2,6.035758681E1,8.062261315E-1,-1.123791077E2
8.987716417E0,4.782582235E-1,2.851786900E-1,-4.140868386E-1,-7.200516167E-1,1.228565890E2,6.036564450E1,8.368851433E-1,-1.123290358E2
8.997686417E0,4.784316578E-1,2.855450146E-1,-4.138894808E-1,-7.199047350E-1,1.228339578E2,6.037142964E1,8.648986121E-1,-1.122827623E2
9.007655417E0,4.784102894E-1,2.857469928E-1,-4.137858733E-1,-7.198982865E-1,1.228367462E2,6.037513382E1,8.880457816E-1,-1.122711401E2
9.017625417E0,4.783807339E-1,2.859052173E-1,-4.137263988E-1,-7.198892355E-1,1.228406030E2,6.038041360E1,9.054657079E-1,-1.122635455E2
9.027595417E0,4.783000754E-1,2.859778574E-1,-4.137446695E-1,-7.199035548E-1,1.228511280E2,6.038780101E1,9.147510366E-1,-1.122680277E2
9.037564417E0,4.781314774E-1,2.859514893E-1,-4.138404956E-1,-7.199709160E-1,1.228731264E2,6.039624102E1,9.175266314E-1,-1.122898817E2
9.047534417E0,4.780427478E-1,2.859438555E-1,-4.139404732E-1,-7.199754363E-1,1.228847027E2,6.040659072E1,9.157757634E-1,-1.123009256E2
9.057504417E0,4.779050856E-1,2.859218970E-1,-4.140641742E-1,-7.200043596E-1,1.229026620E2,6.041844322E1,9.146671557E-1,-1.123187687E2
9.067473417E0,4.779281821E-1,2.860013227E-1,-4.141086180E-1,-7.199319513E-1,1.228996489E2,6.042927441E1,9.153173875E-1,-1.123104148E2
9.077443417E0,4.779624370E-1,2.860665186E-1,-4.141318041E-1,-7.198699638E-1,1.228951802E2,6.043671495E1,9.157685681E-1,-1.123017409E2
9.087413417E0,4.779719305E-1,2.860571883E-1,-4.141970210E-1,-7.198298716E-1,1.228939417E2,6.044318501E1,9.096613569E-1,-1.123012415E2
9.097382417E0,4.781083388E-1,2.860883928E-1,-4.142460642E-1,-7.196986053E-1,1.228761453E2,6.045098635E1,8.987692532E-1,-1.122828001E2
9.107352416E0,4.781944764E-1,2.860801531E-1,-4.143543184E-1,-7.195822905E-1,1.228649066E2,6.046230885E1,8.842539968E-1,-1.122730848E2
9.117322417E0,4.782750717E-1,2.860375321E-1,-4.145479094E-1,-7.194340916E-1,1.228543906E2,6.048042825E1,8.614425275E-1,-1.122664075E2
9.127291417E0,4.784887457E-1,2.860360622E-1,-4.146787279E-1,-7.192172145E-1,1.228265079E2,6.049481019E1,8.368868165E-1,-1.122410537E2
9.137261417E0,4.787837631E-1,2.861239489E-1,-4.146874418E-1,-7.189809498E-1,1.227880045E2,6.050250818E1,8.218851128E-1,-1.121997897E2
9.147230417E0,4.792441648E-1,2.864560872E-1,-4.146127786E-1,-7.185848642E-1,1.227279023E2,6.051942115E1,8.184698255E-1,-1.121216499E2
9.157200417E0,4.798557893E-1,2.869482359E-1,-4.145428149E-1,-7.180204442E-1,1.226480324E2,6.054895642E1,8.152238590E-1,-1.120141871E2
9.167170417E0,4.804104524E-1,2.873924901E-1,-4.145737243E-1,-7.174538114E-1,1.225755745E2,6.058598464E1,8.050650734E-1,-1.119167825E2
9.177139417E0,4.808203726E-1,2.877438578E-1,-4.147216281E-1,-7.169526854E-1,1.225220089E2,6.062881790E1,7.898042223E-1,-1.118430736E2
9.187109417E0,4.810473755E-1,2.880043464E-1,-4.149784500E-1,-7.165471484E-1,1.224923397E2,6.067668231E1,7.728746216E-1,-1.117975194E2
9.197079417E0,4.812245609E-1,2.882542298E-1,-4.152683412E-1,-7.161597346E-1,1.224691788E2,6.072736043E1,7.561827200E-1,-1.117586301E2
9.207048417E0,4.814399207E-1,2.885436364E-1,-4.155183300E-1,-7.157532809E-1,1.224410244E2,6.077666431E1,7.424529080E-1,-1.117123800E2
9.217018417E0,4.815788473E-1,2.887829462E-1,-4.157969628E-1,-7.154013442E-1,1.224228602E2,6.082531064E1,7.284421630E-1,-1.116787580E2
9.226988417E0,4.818161340E-1,2.890358800E-1,-4.160788726E-1,-7.149753238E-1,1.223918322E2,6.087540100E1,7.081947902E-1,-1.116324395E2
9.236957417E0,4.820064587E-1,2.892189290E-1,-4.164202989E-1,-7.145741807E-1,1.223669416E2,6.092674069E1,6.819625744E-1,-1.115966600E2
9.246927417E0,4.822180042E-1,2.893763686E-1,-4.167711504E-1,-7.141630276E-1,1.223392723E2,6.097719757E1,6.517364891E-1,-1.115601544E2
9.256896417E0,4.825405646E-1,2.895764713E-1,-4.170579702E-1,-7.136964936E-1,1.222970757E2,6.102390096E1,6.213647133E-1,-1.115074158E2
9.266866417E0,4.829927582E-1,2.898028894E-1,-4.172459399E-1,-7.131886663E-1,1.222379062E2,6.106179940E1,5.910014161E-1,-1.114373692E2
9.276836417E0,4.834923037E-1,2.899825087E-1,-4.173592833E-1,-7.127107842E-1,1.221725212E2,6.108799640E1,5.596350969E-1,-1.113650142E2
9.286805417E0,4.841916885E-1,2.902342993E-1,-4.173311239E-1,-7.121497254E-1,1.220809448E2,6.110420007E1,5.296514451E-1,-1.112636750E2
9.296775417E0,4.849297641E-1,2.904912475E-1,-4.172315520E-1,-7.116008891E-1,1.219842583E2,6.111298845E1,5.025857653E-1,-1.111573126E2
9.306745417E0,4.855698377E-1,2.906424125E-1,-4.171244727E-1,-7.111652277E-1,1.219003733E2,6.111291670E1,4.757569539E-1,-1.110701104E2
9.316714417E0,4.861725588E-1,2.906735801E-1,-4.170121302E-1,-7.108066212E-1,1.218213523E2,6.110316721E1,4.438004649E-1,-1.109958949E2
9.326684042E0,4.866199370E-1,2.905277362E-1,-4.169643515E-1,-7.105880160E-1,1.217626782E2,6.108700833E1,4.059280865E-1,-1.109527668E2
9.336654042E0,4.870823722E-1,2.903153424E-1,-4.169173736E-1,-7.103855426E-1,1.217020118E2,6.106588916E1,3.624232811E-1,-1.109125486E2
9.346623042E0,4.874542866E-1,2.899664192E-1,-4.169038760E-1,-7.102809236E-1,1.216532078E2,6.103806128E1,3.135280293E-1,-1.108928236E2
9.356593042E0,4.876180903E-1,2.894211022E-1,-4.169522817E-1,-7.103624145E-1,1.216317091E2,6.100210433E1,2.613152222E-1,-1.109118786E2
9.366563042E0,4.878058756E-1,2.888341757E-1,-4.169491102E-1,-7.104743776E-1,1.216070602E2,6.095740550E1,2.084488611E-1,-1.109309811E2
9.376532042E0,4.878546184E-1,2.881329997E-1,-4.169447901E-1,-7.107279120E-1,1.216006617E2,6.090397862E1,1.576465273E-1,-1.109746991E2
9.386502042E0,4.879559605E-1,2.874629227E-1,-4.168343496E-1,-7.109945962E-1,1.215873578E2,6.084136629E1,1.131912365E-1,-1.110098851E2
9.396471042E0,4.880616543E-1,2.868140140E-1,-4.166253170E-1,-7.113064091E-1,1.215734817E2,6.076960977E1,7.721238589E-2,-1.110429262E2
9.406441042E0,4.881741653E-1,2.861861103E-1,-4.163320592E-1,-7.116538045E-1,1.215587095E2,6.069027775E1,4.845833339E-2,-1.110736161E2
9.416411042E0,4.884016318E-1,2.856377008E-1,-4.159346935E-1,-7.119503918E-1,1.215288410E2,6.060558058E1,2.483084162E-2,-1.110848468E2
9.426380042E0,4.886442501E-1,2.851263436E-1,-4.154664736E-1,-7.122622575E-1,1.214969781E2,6.051595848E1,7.956056512E-3,-1.110915836E2
9.436350042E0,4.889054868E-1,2.846394685E-1,-4.149450275E-1,-7.125815514E-1,1.214626645E2,6.042239420E1,-4.591300809E-3,-1.110942799E2
9.446320042E0,4.892389738E-1,2.841762430E-1,-4.143667622E-1,-7.128739452E-1,1.214188524E2,6.032443861E1,-1.633274099E-2,-1.110865735E2
9.456289042E0,4.895582256E-1,2.836097683E-1,-4.138014255E-1,-7.132086439E-1,1.213769017E2,6.022020842E1,-3.517427113E-2,-1.110876973E2
9.466259042E0,4.899529625E-1,2.829409030E-1,-4.132652280E-1,-7.135140505E-1,1.213250200E2,6.011155019E1,-6.855017274E-2,-1.110867594E2
9.476229042E0,4.902247886E-1,2.820646332E-1,-4.128502448E-1,-7.139144666E-1,1.212892853E2,6.000069616E1,-1.168149277E-1,-1.111148828E2
9.486198042E0,4.904406120E-1,2.810283265E-1,-4.125408027E-1,-7.143537737E-1,1.212609083E2,5.988953291E1,-1.802663667E-1,-1.111606497E2
9.496168042E0,4.907272212E-1,2.799107764E-1,-4.122826374E-1,-7.147446331E-1,1.212232182E2,5.977804736E1,-2.582430132E-1,-1.112032434E2
9.506138042E0,4.908929004E-1,2.785981971E-1,-4.121450280E-1,-7.152228734E-1,1.212014275E2,5.966542969E1,-3.505681447E-1,-1.112735643E2
9.516107042E0,4.911579303E-1,2.772499879E-1,-4.120379486E-1,-7.156262925E-1,1.211665652E2,5.955371740E1,-4.547413356E-1,-1.113339983E2
9.526077042E0,4.914606711E-1,2.758635463E-1,-4.119882364E-1,-7.159828127E-1,1.211267349E2,5.944567848E1,-5.686650662E-1,-1.113921589E2
9.536046042E0,4.916283945E-1,2.743631922E-1,-4.120438387E-1,-7.164120572E-1,1.211046650E2,5.934107715E1,-6.893251810E-1,-1.114740145E2
9.546016042E0,4.919174692E-1,2.729086887E-1,-4.120763918E-1,-7.167503805E-1,1.210666213E2,5.923758051E1,-8.136468197E-1,-1.115376865E2
9.555986042E0,4.922103582E-1,2.714109425E-1,-4.120883773E-1,-7.171110206E-1,1.210280683E2,5.912895258E1,-9.399668066E-1,-1.116033951E2
9.565955042E0,4.925941158E-1,2.699053569E-1,-4.120334758E-1,-7.174472997E-1,1.209775433E2,5.901267078E1,-1.068329814E0,-1.116581833E2
9.575925042E0,4.929552932E-1,2.682802956E-1,-4.119735061E-1,-7.178430797E-1,1.209299796E2,5.888744265E1,-1.203456487E0,-1.117232222E2
9.585895042E0,4.931979326E-1,2.664946232E-1,-4.119574007E-1,-7.183505699E-1,1.208980200E2,5.875581949E1,-1.345425555E0,-1.118128036E2
9.595864042E0,4.935357818E-1,2.647118326E-1,-4.119222292E-1,-7.187977480E-1,1.208535112E2,5.862265431E1,-1.492619633E0,-1.118900551E2
9.605834042E0,4.937851752E-1,2.628612699E-1,-4.119343464E-1,-7.192983999E-1,1.208206494E2,5.849030429E1,-1.642480428E0,-1.119819208E2
9.615804042E0,4.939773965E-1,2.609498787E-1,-4.119606777E-1,-7.198471202E-1,1.207953174E2,5.835569547E1,-1.794252098E0,-1.120841102E2
9.625773042E0,4.942839937E-1,2.590396149E-1,-4.119277610E-1,-7.203451906E-1,1.207549057E2,5.821502019E1,-1.949734312E0,-1.121716056E2
9.635743042E0,4.944235208E-1,2.569459544E-1,-4.119292519E-1,-7.209982771E-1,1.207365123E2,5.806581401E1,-2.110098467E0,-1.122906774E2
9.645713042E0,4.946848840E-1,2.548006640E-1,-4.118332150E-1,-7.216348947E-1,1.207020532E2,5.790266773E1,-2.275769734E0,-1.123973457E2
9.655682042E0,4.949657506E-1,2.525375205E-1,-4.116490597E-1,-7.223425403E-1,1.206650162E2,5.772211718E1,-2.445391886E0,-1.125082222E2
9.665652042E0,4.952678697E-1,2.501835558E-1,-4.113933337E-1,-7.230999086E-1,1.206251690E2,5.752796014E1,-2.618433928E0,-1.126212366E2
9.675621042E0,4.956517854E-1,2.478277577E-1,-4.110931638E-1,-7.238184702E-1,1.205745220E2,5.732932622E1,-2.794477813E0,-1.127232802E2
9.685591042E0,4.960193902E-1,2.454711588E-1,-4.108430644E-1,-7.245113644E-1,1.205260149E2,5.713684001E1,-2.973780663E0,-1.128263717E2
9.695561042E0,4.963113414E-1,2.431185375E-1,-4.107105811E-1,-7.251795184E-1,1.204874822E2,5.695839897E1,-3.156960002E0,-1.129376026E2
9.705530042E0,4.967242962E-1,2.409238352E-1,-4.106009466E-1,-7.256911812E-1,1.204329664E2,5.679374094E1,-3.338699492E0,-1.130232978E2
9.715500042E0,4.972218292E-1,2.388746344E-1,-4.104625574E-1,-7.261060431E-1,1.203672654E2,5.663624481E1,-3.513588304E0,-1.130887224E2
9.725470042E0,4.976457422E-1,2.368839702E-1,-4.103060503E-1,-7.265560029E-1,1.203112692E2,5.648141470E1,-3.678347092E0,-1.131587173E2
9.735439042E0,4.980970402E-1,2.350167173E-1,-4.100904903E-1,-7.269748688E-1,1.202516383E2,5.632886684E1,-3.831773567E0,-1.132169921E2
9.745409042E0,4.983915623E-1,2.331700321E-1,-4.098705469E-1,-7.274913363E-1,1.202127129E2,5.617806609E1,-3.973420015E0,-1.132925168E2
9.755379042E0,4.985920760E-1,2.313844071E-1,-4.096447557E-1,-7.280510675E-1,1.201862077E2,5.603144829E1,-4.104278629E0,-1.133752784E2
9.765348042E0,4.987687029E-1,2.297423132E-1,-4.094283001E-1,-7.285716338E-1,1.201628572E2,5.589600221E1,-4.223806650E0,-1.134517899E2
9.775318042E0,4.987242379E-1,2.281806882E-1,-4.093147143E-1,-7.291564213E-1,1.201687358E2,5.577835586E1,-4.330613013E0,-1.135504281E2
9.785288042E0,4.987268932E-1,2.268941661E-1,-4.092428855E-1,-7.295963922E-1,1.201683848E2,5.568394729E1,-4.422958113E0,-1.136266203E2
9.795257042E0,4.986912159E-1,2.258349632E-1,-4.092336238E-1,-7.299544086E-1,1.201731015E2,5.561200411E1,-4.500280305E0,-1.136938909E2
9.805227042E0,4.986863901E-1,2.248828237E-1,-4.092340874E-1,-7.302513964E-1,1.201737395E2,5.554834211E1,-4.572296055E0,-1.137508976E2
9.815196042E0,4.985468103E-1,2.236721765E-1,-4.092944206E-1,-7.306844869E-1,1.201921916E2,5.547463742E1,-4.659687968E0,-1.138397165E2
9.825166041E0,4.984282617E-1,2.220813859E-1,-4.093829711E-1,-7.312008174E-1,1.202078620E2,5.537891518E1,-4.779649675E0,-1.139481456E2
9.835136042E0,4.982683987E-1,2.200192460E-1,-4.095627485E-1,-7.318323036E-1,1.202289917E2,5.526258540E1,-4.939855307E0,-1.140890723E2
9.845105042E0,4.980816039E-1,2.175930205E-1,-4.098883329E-1,-7.325022699E-1,1.202536782E2,5.513912900E1,-5.137196750E0,-1.142542256E2
9.855075042E0,4.976842434E-1,2.148605560E-1,-4.104265903E-1,-7.332770976E-1,1.203061826E2,5.502093866E1,-5.360448138E0,-1.144627526E2
9.865045042E0,4.972663574E-1,2.120529858E-1,-4.110773377E-1,-7.340130237E-1,1.203613843E2,5.491168167E1,-5.596986432E0,-1.146774741E2
9.875014042E0,4.967756416E-1,2.092023627E-1,-4.117719388E-1,-7.347736479E-1,1.204261871E2,5.480620782E1,-5.836137806E0,-1.149027514E2
9.884984042E0,4.964332406E-1,2.064537033E-1,-4.123830365E-1,-7.354393995E-1,1.204713913E2,5.469871625E1,-6.071699563E0,-1.151026710E2
9.894954042E0,4.961051380E-1,2.037682747E-1,-4.129242442E-1,-7.361058571E-1,1.205146984E2,5.458867284E1,-6.299038860E0,-1.152960892E2
9.904923042E0,4.958602753E-1,2.012366188E-1,-4.133767960E-1,-7.367130140E-1,1.205470123E2,5.447924815E1,-6.514058009E0,-1.154694075E2
9.914893042E0,4.956984735E-1,1.988793456E-1,-4.137452859E-1,-7.372549804E-1,1.205683620E2,5.437201088E1,-6.715316879E0,-1.156216704E2
9.924862042E0,4.956190373E-1,1.967260842E-1,-4.140241505E-1,-7.377294169E-1,1.205788427E2,5.426795930E1,-6.899909052E0,-1.157514438E2
9.934832042E0,4.955229319E-1,1.947591961E-1,-4.141890079E-1,-7.382231356E-1,1.205915221E2,5.416357665E1,-7.061163095E0,-1.158719547E2
9.944802042E0,4.955818743E-1,1.931292511E-1,-4.141082967E-1,-7.386569742E-1,1.205837458E2,5.405239059E1,-7.188644048E0,-1.159533751E2
9.954771042E0,4.956526283E-1,1.917097136E-1,-4.138146490E-1,-7.391435701E-1,1.205744108E2,5.393071828E1,-7.285560622E0,-1.160205466E2
9.964741042E0,4.956657571E-1,1.903918238E-1,-4.134248328E-1,-7.396934390E-1,1.205726786E2,5.380516657E1,-7.364312774E0,-1.160885953E2
9.974711042E0,4.956988634E-1,1.891684167E-1,-4.130304753E-1,-7.402052914E-1,1.205683105E2,5.368502883E1,-7.436687134E0,-1.161487444E2
9.984680042E0,4.956045914E-1,1.879382977E-1,-4.127237095E-1,-7.407526420E-1,1.205807486E2,5.357520202E1,-7.507961106E0,-1.162251184E2
9.994650042E0,4.955698730E-1,1.867746443E-1,-4.124334230E-1,-7.412316725E-1,1.205853291E2,5.347113311E1,-7.578971813E0,-1.162903887E2
1.000462004E1,4.956806349E-1,1.856672674E-1,-4.120746375E-1,-7.416351864E-1,1.205707156E2,5.336211937E1,-7.649927178E0,-1.163341029E2
1.001458904E1,4.960590925E-1,1.846204240E-1,-4.115954278E-1,-7.419095835E-1,1.205207753E2,5.324180424E1,-7.724387936E0,-1.163406715E2
1.002455904E1,4.966059690E-1,1.835534028E-1,-4.110235267E-1,-7.421254807E-1,1.204485888E2,5.310888995E1,-7.804544746E0,-1.163267190E2
1.003452904E1,4.972088059E-1,1.824561728E-1,-4.103594399E-1,-7.423600174E-1,1.203689855E2,5.296352181E1,-7.884253388E0,-1.163066800E2
1.004449804E1,4.979019845E-1,1.813645483E-1,-4.095716942E-1,-7.425978626E-1,1.202774136E2,5.280415035E1,-7.960551759E0,-1.162741563E2
1.005446804E1,4.986278481E-1,1.801970280E-1,-4.086755784E-1,-7.428886653E-1,1.201814788E2,5.262787922E1,-8.037510951E0,-1.162406210E2
1.006443804E1,4.993274753E-1,1.788772626E-1,-4.077468937E-1,-7.432480199E-1,1.200889678E2,5.243891646E1,-8.122969320E0,-1.162176711E2
1.007440704E1,4.999589088E-1,1.774103205E-1,-4.068895636E-1,-7.436448009E-1,1.200054371E2,5.224947348E1,-8.221225975E0,-1.162106300E2
1.008437704E1,5.005180710E-1,1.758431005E-1,-4.061656809E-1,-7.440365558E-1,1.199314375E2,5.206940925E1,-8.332596599E0,-1.162178627E2
1.009434604E1,5.011395263E-1,1.742699272E-1,-4.055291371E-1,-7.443354191E-1,1.198491617E2,5.189840782E1,-8.454432700E0,-1.162174439E2
1.010431604E1,5.017535743E-1,1.726316581E-1,-4.049767815E-1,-7.446041790E-1,1.197678330E2,5.173300356E1,-8.587092091E0,-1.162210949E2
1.011428604E1,5.022322993E-1,1.708549050E-1,-4.045407408E-1,-7.449282672E-1,1.197044041E2,5.157328536E1,-8.731111955E0,-1.162486676E2
1.012425504E1,5.026804362E-1,1.690484700E-1,-4.042097826E-1,-7.452177002E-1,1.196450095E2,5.142389846E1,-8.883210491E0,-1.162814577E2
1.013422504E1,5.031027792E-1,1.673057927E-1,-4.039748034E-1,-7.454533537E-1,1.195890172E2,5.128945055E1,-9.035381969E0,-1.163141953E2
1.014419504E1,5.034982431E-1,1.657074683E-1,-4.038154357E-1,-7.456297383E-1,1.195365739E2,5.117250824E1,-9.179494478E0,-1.163430102E2
1.015416404E1,5.039796971E-1,1.643863016E-1,-4.036289253E-1,-7.456977949E-1,1.194727084E2,5.106864161E1,-9.304223276E0,-1.163467056E2
1.016413404E1,5.044051906E-1,1.632672395E-1,-4.033610610E-1,-7.458009072E-1,1.194162489E2,5.096834256E1,-9.403435353E0,-1.163467148E2
1.017410404E1,5.048685530E-1,1.623540227E-1,-4.029168965E-1,-7.459268420E-1,1.193547460E2,5.086046764E1,-9.475839511E0,-1.163306036E2
1.018407304E1,5.053625352E-1,1.615549606E-1,-4.022757586E-1,-7.461119299E-1,1.192891576E2,5.073726787E1,-9.527096671E0,-1.163037219E2
1.019404304E1,5.058782756E-1,1.607756337E-1,-4.014666550E-1,-7.463665495E-1,1.192206567E2,5.059640818E1,-9.566452790E0,-1.162719581E2
1.020401304E1,5.063849334E-1,1.599238670E-1,-4.005815501E-1,-7.466813338E-1,1.191533389E2,5.044288121E1,-9.606034373E0,-1.162441754E2
1.021398204E1,5.068561879E-1,1.589155563E-1,-3.997362002E-1,-7.470298355E-1,1.190907041E2,5.028477000E1,-9.659245704E0,-1.162284128E2
1.022395204E1,5.072967067E-1,1.576754801E-1,-3.990014858E-1,-7.473863136E-1,1.190321362E2,5.012542981E1,-9.737546680E0,-1.162279907E2
1.023392104E1,5.076816866E-1,1.561502384E-1,-3.984504474E-1,-7.477390722E-1,1.189809379E2,4.997004234E1,-9.849032146E0,-1.162488801E2
1.024389104E1,5.080067336E-1,1.543289045E-1,-3.981214491E-1,-7.480715160E-1,1.189376995E2,4.982235666E1,-9.997117862E0,-1.162921862E2
1.025386104E1,5.082635554E-1,1.522386737E-1,-3.980076105E-1,-7.483858682E-1,1.189035298E2,4.968347363E1,-1.017870781E1,-1.163574891E2
1.026383004E1,5.084551234E-1,1.499450316E-1,-3.980924626E-1,-7.486736785E-1,1.188780381E2,4.955562129E1,-1.038749701E1,-1.164410938E2
1.027380004E1,5.085891188E-1,1.475578868E-1,-3.983431415E-1,-7.489235567E-1,1.188602055E2,4.944174440E1,-1.061256006E1,-1.165366074E2
1.028377004E1,5.086890490E-1,1.451947762E-1,-3.986939930E-1,-7.491307927E-1,1.188469053E2,4.934133492E1,-1.084091856E1,-1.166352190E2
1.029373904E1,5.087763245E-1,1.429377177E-1,-3.990832297E-1,-7.492984213E-1,1.188352887E2,4.925211160E1,-1.106264679E1,-1.167301493E2
1.030370904E1,5.088459195E-1,1.408168250E-1,-3.994524150E-1,-7.494559978E-1,1.188260249E2,4.916928332E1,-1.127086266E1,-1.168203580E2
1.031367904E1,5.089200031E-1,1.388186956E-1,-3.997790425E-1,-7.496041966E-1,1.188161631E2,4.908924695E1,-1.146638288E1,-1.169035871E2
1.032364804E1,5.089951194E-1,1.369557838E-1,-4.000600988E-1,-7.497459681E-1,1.188061634E2,4.901233186E1,-1.164768904E1,-1.169798101E2
1.033361808E1,5.090498997E-1,1.353092013E-1,-4.002834665E-1,-7.498886036E-1,1.187988705E2,4.894197219E1,-1.180578363E1,-1.170481195E2
1.034358708E1,5.090864094E-1,1.339805746E-1,-4.004293262E-1,-7.500243902E-1,1.187940098E2,4.888163285E1,-1.193072353E1,-1.171036914E2
1.035355708E1,5.091332557E-1,1.330238517E-1,-4.004731484E-1,-7.501394722E-1,1.187877729E2,4.883122176E1,-1.201779716E1,-1.171404921E2
1.036352708E1,5.092303304E-1,1.323741475E-1,-4.004098544E-1,-7.502222802E-1,1.187748479E2,4.878590921E1,-1.207439714E1,-1.171563719E2
1.037349608E1,5.094023844E-1,1.319083616E-1,-4.002611814E-1,-7.502669453E-1,1.187519379E2,4.874076498E1,-1.211385697E1,-1.171538512E2
1.038346608E1,5.096378483E-1,1.315109800E-1,-4.000668633E-1,-7.502804007E-1,1.187205800E2,4.869373014E1,-1.214803366E1,-1.171397954E2
1.039343608E1,5.099246049E-1,1.311409307E-1,-3.998771182E-1,-7.502514985E-1,1.186823843E2,4.864820968E1,-1.218313022E1,-1.171179664E2
1.040340508E1,5.102546674E-1,1.308258935E-1,-3.997271914E-1,-7.501619259E-1,1.186384110E2,4.860980865E1,-1.221871940E1,-1.170884196E2
1.041337508E1,5.106237579E-1,1.305904085E-1,-3.996190109E-1,-7.500095545E-1,1.185892262E2,4.858019374E1,-1.225258808E1,-1.170506785E2
1.042334508E1,5.110220667E-1,1.304018857E-1,-3.995272151E-1,-7.498198726E-1,1.185361338E2,4.855475473E1,-1.228523494E1,-1.170071954E2
1.043331408E1,5.114381720E-1,1.302019410E-1,-3.994437222E-1,-7.496153445E-1,1.184806536E2,4.852937880E1,-1.232043175E1,-1.169619629E2
1.044328408E1,5.118458479E-1,1.299586062E-1,-3.993680475E-1,-7.494196672E-1,1.184262817E2,4.850247039E1,-1.235936969E1,-1.169197379E2
1.045325408E1,5.122426183E-1,1.297129954E-1,-3.993109596E-1,-7.492214084E-1,1.183733496E2,4.847760652E1,-1.239914054E1,-1.168790885E2
1.046322308E1,5.126361224E-1,1.295085938E-1,-3.992593192E-1,-7.490151207E-1,1.183208388E2,4.845573138E1,-1.243557536E1,-1.168370772E2
1.047319308E1,5.130179518E-1,1.293563383E-1,-3.992002504E-1,-7.488114882E-1,1.182698722E2,4.843612556E1,-1.246638347E1,-1.167942063E2
1.048316308E1,5.133876323E-1,1.292792833E-1,-3.991327417E-1,-7.486073605E-1,1.182205143E2,4.842000519E1,-1.248950503E1,-1.167495240E2
1.049313208E1,5.137382309E-1,1.292733511E-1,-3.990349926E-1,-7.484201231E-1,1.181736924E2,4.840479335E1,-1.250339762E1,-1.167039757E2
1.050310208E1,5.140795782E-1,1.293231582E-1,-3.988978573E-1,-7.482501448E-1,1.181280949E2,4.838847111E1,-1.250931535E1,-1.166568463E2
1.051307108E1,5.144062373E-1,1.294078312E-1,-3.987221892E-1,-7.481045486E-1,1.180844494E2,4.837001438E1,-1.250877818E1,-1.166097846E2
1.052304108E1,5.147263005E-1,1.295128506E-1,-3.985090210E-1,-7.479798782E-1,1.180416754E2,4.834862625E1,-1.250355186E1,-1.165624119E2
1.053301108E1,5.150430235E-1,1.296142454E-1,-3.982712812E-1,-7.478708548E-1,1.179993384E2,4.832433274E1,-1.249675128E1,-1.165154141E2
1.054298008E1,5.153590301E-1,1.297121525E-1,-3.980257336E-1,-7.477669312E-1,1.179570878E2,4.829899238E1,-1.248965850E1,-1.164686036E2
1.055295008E1,5.156855733E-1,1.298360116E-1,-3.977882045E-1,-7.476466547E-1,1.179134186E2,4.827593591E1,-1.248149922E1,-1.164193525E2
1.056292008E1,5.160345808E-1,1.299776671E-1,-3.975310244E-1,-7.475179909E-1,1.178667342E2,4.825147857E1,-1.247175014E1,-1.163662799E2
1.057288908E1,5.163994040E-1,1.300756796E-1,-3.972479030E-1,-7.473995582E-1,1.178179219E2,4.822145404E1,-1.246482170E1,-1.163128654E2
1.058285908E1,5.167507085E-1,1.300782927E-1,-3.969747493E-1,-7.473014720E-1,1.177709065E2,4.818719822E1,-1.246590239E1,-1.162653922E2
1.059282908E1,5.170457153E-1,1.299837889E-1,-3.967848883E-1,-7.472145862E-1,1.177314165E2,4.815724555E1,-1.247773942E1,-1.162299781E2
1.060279808E1,5.172638780E-1,1.298126833E-1,-3.967190865E-1,-7.471283433E-1,1.177022077E2,4.813755459E1,-1.250022432E1,-1.162087343E2
1.061276808E1,5.174040268E-1,1.295945839E-1,-3.967609278E-1,-7.470470314E-1,1.176834414E2,4.812801769E1,-1.252965567E1,-1.162003925E2
1.062273808E1,5.174668572E-1,1.293421980E-1,-3.968719531E-1,-7.469881628E-1,1.176750277E2,4.812508004E1,-1.256235466E1,-1.162040017E2
1.063270708E1,5.174610409E-1,1.290640815E-1,-3.970060538E-1,-7.469691125E-1,1.176758066E2,4.812402430E1,-1.259491142E1,-1.162177807E2
1.064267708E1,5.173964720E-1,1.287945840E-1,-3.971150983E-1,-7.470022399E-1,1.176844531E2,4.812135245E1,-1.262166331E1,-1.162385521E2
1.065264608E1,5.173060248E-1,1.285725017E-1,-3.971686775E-1,-7.470746482E-1,1.176965643E2,4.811554839E1,-1.263908868E1,-1.162602150E2
1.066261608E1,5.172030917E-1,1.284041883E-1,-3.971845036E-1,-7.471665388E-1,1.177103466E2,4.810879129E1,-1.264863029E1,-1.162808946E2
1.067258608E1,5.170936363E-1,1.282677695E-1,-3.971643469E-1,-7.472765000E-1,1.177250010E2,4.809994004E1,-1.265261468E1,-1.163007612E2
1.068255508E1,5.170048329E-1,1.281465973E-1,-3.971184068E-1,-7.473830050E-1,1.177368896E2,4.808885204E1,-1.265471459E1,-1.163170783E2
1.069252508E1,5.169433933E-1,1.279992097E-1,-3.970677884E-1,-7.474777406E-1,1.177451144E2,4.807542692E1,-1.266028894E1,-1.163309808E2
1.070249508E1,5.169009515E-1,1.277898664E-1,-3.970117331E-1,-7.475726975E-1,1.177507958E2,4.805760980E1,-1.267185982E1,-1.163450386E2
1.071246408E1,5.168784766E-1,1.275318433E-1,-3.969515474E-1,-7.476641245E-1,1.177538043E2,4.803630013E1,-1.268844460E1,-1.163585506E2
1.072243408E1,5.168712063E-1,1.272479843E-1,-3.968915303E-1,-7.477494508E-1,1.177547775E2,4.801335985E1,-1.270811599E1,-1.163712246E2
1.073240408E1,5.168579195E-1,1.269521451E-1,-3.968334625E-1,-7.478397821E-1,1.177565561E2,4.799002362E1,-1.272861045E1,-1.163851869E2
1.074237308E1,5.168215679E-1,1.266388675E-1,-3.967869324E-1,-7.479427257E-1,1.177614220E2,4.796724656E1,-1.275008309E1,-1.164029470E2
1.075234308E1,5.167718873E-1,1.263256111E-1,-3.967469561E-1,-7.480511590E-1,1.177680718E2,4.794536396E1,-1.277125880E1,-1.164224522E2
1.076231308E1,5.167247039E-1,1.260406457E-1,-3.966852215E-1,-7.481645973E-1,1.177743872E2,4.792266356E1,-1.278867868E1,-1.164402577E2
1.077228208E1,5.166824517E-1,1.257903988E-1,-3.965979143E-1,-7.482821238E-1,1.177800423E2,4.789905097E1,-1.280167186E1,-1.164557211E2
1.078225208E1,5.166517687E-1,1.255844061E-1,-3.964954342E-1,-7.483922956E-1,1.177841489E2,4.787615994E1,-1.281050773E1,-1.164676912E2
1.079222108E1,5.166360058E-1,1.254287788E-1,-3.963729344E-1,-7.484940381E-1,1.177862586E2,4.785374784E1,-1.281452343E1,-1.164753967E2
1.080219108E1,5.166369963E-1,1.253278898E-1,-3.962369581E-1,-7.485823147E-1,1.177861260E2,4.783278464E1,-1.281388807E1,-1.164785211E2
1.081216108E1,5.166602297E-1,1.252697693E-1,-3.960942068E-1,-7.486516357E-1,1.177830165E2,4.781326099E1,-1.281039500E1,-1.164768968E2
1.082213008E1,5.166986255E-1,1.252484008E-1,-3.959768699E-1,-7.486906216E-1,1.177778776E2,4.779849643E1,-1.280636364E1,-1.164719131E2
1.083210008E1,5.167423739E-1,1.252590535E-1,-3.958891307E-1,-7.487050358E-1,1.177720221E2,4.778881269E1,-1.280192207E1,-1.164651239E2
1.084207008E1,5.167858379E-1,1.252873867E-1,-3.958061752E-1,-7.487142554E-1,1.177662045E2,4.778068474E1,-1.279627780E1,-1.164576706E2
1.085203908E1,5.168214098E-1,1.253158780E-1,-3.956997123E-1,-7.487411451E-1,1.177614431E2,4.777003379E1,-1.278856406E1,-1.164510280E2
1.086200908E1,5.168459393E-1,1.253426201E-1,-3.955599322E-1,-7.487936601E-1,1.177581597E2,4.775570360E1,-1.277808930E1,-1.164456471E2
1.087197908E1,5.168697733E-1,1.253695414E-1,-3.954045474E-1,-7.488547941E-1,1.177549693E2,4.773965418E1,-1.276649113E1,-1.164402243E2
1.088194808E1,5.169190008E-1,1.254099603E-1,-3.952424506E-1,-7.488994697E-1,1.177483797E2,4.772333392E1,-1.275471867E1,-1.164308716E2
1.089191808E1,5.170087420E-1,1.254848131E-1,-3.950788365E-1,-7.489113868E-1,1.177363663E2,4.770836215E1,-1.274218588E1,-1.164148355E2
1.090188808E1,5.171445602E-1,1.256222855E-1,-3.949219343E-1,-7.488773953E-1,1.177181832E2,4.769720739E1,-1.272736362E1,-1.163902319E2
1.091185708E1,5.173010936E-1,1.258190586E-1,-3.947796150E-1,-7.488112248E-1,1.176972246E2,4.769085222E1,-1.270964421E1,-1.163605210E2
1.092182708E1,5.174366484E-1,1.260587478E-1,-3.946541859E-1,-7.487433578E-1,1.176790730E2,4.768910609E1,-1.268822871E1,-1.163318302E2
1.093179608E1,5.175240610E-1,1.263234089E-1,-3.945326133E-1,-7.487023911E-1,1.176673671E2,4.768980004E1,-1.266222356E1,-1.163083272E2
1.094176608E1,5.175424370E-1,1.265890183E-1,-3.944008623E-1,-7.487142765E-1,1.176649061E2,4.769022999E1,-1.263153580E1,-1.162936364E2
1.095173608E1,5.174953485E-1,1.268420575E-1,-3.942441709E-1,-7.487864846E-1,1.176712122E2,4.768792431E1,-1.259651097E1,-1.162877439E2
1.096170508E1,5.174005602E-1,1.270755510E-1,-3.940599048E-1,-7.489093426E-1,1.176839056E2,4.768198003E1,-1.255856926E1,-1.162886388E2
1.097167508E1,5.172907887E-1,1.272884769E-1,-3.938478640E-1,-7.490605866E-1,1.176986044E2,4.767194018E1,-1.251963551E1,-1.162921472E2
1.098164508E1,5.171887091E-1,1.274973672E-1,-3.935891983E-1,-7.492314499E-1,1.177122722E2,4.765639850E1,-1.247829205E1,-1.162944711E2
1.099161408E1,5.171321585E-1,1.277060152E-1,-3.932682711E-1,-7.494035671E-1,1.177198436E2,4.763341837E1,-1.243527875E1,-1.162904783E2
1.100158408E1,5.171284075E-1,1.279507725E-1,-3.928858622E-1,-7.495649474E-1,1.177203458E2,4.760510708E1,-1.238795798E1,-1.162776509E2
1.101155408E1,5.171741052E-1,1.282441145E-1,-3.924758998E-1,-7.496979523E-1,1.177142275E2,4.757601188E1,-1.233739613E1,-1.162561545E2
1.102152308E1,5.172391272E-1,1.285794876E-1,-3.920907092E-1,-7.497971344E-1,1.177055217E2,4.755191956E1,-1.228603561E1,-1.162305613E2
1.103149308E1,5.172855309E-1,1.289576923E-1,-3.917627014E-1,-7.498716079E-1,1.176993084E2,4.753690200E1,-1.223389215E1,-1.162059729E2
1.104146308E1,5.172752471E-1,1.293718062E-1,-3.914978295E-1,-7.499458706E-1,1.177006854E2,4.753164173E1,-1.217982230E1,-1.161876527E2
1.105143208E1,5.171859063E-1,1.298385720E-1,-3.913031638E-1,-7.500282993E-1,1.177126475E2,4.753811604E1,-1.212163472E1,-1.161777455E2
1.106140208E1,5.170001230E-1,1.303776723E-1,-3.911806850E-1,-7.501268386E-1,1.177375201E2,4.755788023E1,-1.205680410E1,-1.161777026E2
1.107137108E1,5.167158214E-1,1.309822583E-1,-3.911053370E-1,-7.502566299E-1,1.177755760E2,4.758775575E1,-1.198408687E1,-1.161878215E2
1.108134108E1,5.163463938E-1,1.316267258E-1,-3.910392507E-1,-7.504326035E-1,1.178250153E2,4.762190091E1,-1.190382101E1,-1.162071929E2
1.109131108E1,5.159194251E-1,1.323013809E-1,-3.909432718E-1,-7.506576887E-1,1.178821391E2,4.765510032E1,-1.181570517E1,-1.162323775E2
1.110128008E1,5.154744176E-1,1.329900394E-1,-3.907987714E-1,-7.509168286E-1,1.179416580E2,4.768390767E1,-1.172207876E1,-1.162588053E2
1.111125008E1,5.150378184E-1,1.336411976E-1,-3.906381603E-1,-7.511843347E-1,1.180000343E2,4.770864265E1,-1.163103571E1,-1.162855740E2
1.112122008E1,5.146022307E-1,1.341924468E-1,-3.905512851E-1,-7.514297558E-1,1.180582575E2,4.773569715E1,-1.155360976E1,-1.163169860E2
1.113118908E1,5.141415657E-1,1.345999225E-1,-3.906698863E-1,-7.516105658E-1,1.181198134E2,4.777737356E1,-1.150104496E1,-1.163592327E2
1.114115908E1,5.136220109E-1,1.349030637E-1,-3.910690380E-1,-7.517038473E-1,1.181892146E2,4.784464610E1,-1.147316918E1,-1.164154588E2
1.115112908E1,5.130199011E-1,1.351496439E-1,-3.917364123E-1,-7.517231505E-1,1.182696119E2,4.793921478E1,-1.146369182E1,-1.164865246E2
1.116109808E1,5.123041422E-1,1.353826211E-1,-3.926174184E-1,-7.517097689E-1,1.183651405E2,4.805790845E1,-1.146341489E1,-1.165741718E2
1.117106808E1,5.114439250E-1,1.356199816E-1,-3.936683606E-1,-7.517030254E-1,1.184798864E2,4.819728842E1,-1.146601647E1,-1.166811984E2
1.118103808E1,5.104392390E-1,1.359281805E-1,-3.948364394E-1,-7.517177663E-1,1.186138167E2,4.835538843E1,-1.146216293E1,-1.168042872E2
1.119100708E1,5.093029705E-1,1.363834296E-1,-3.960615430E-1,-7.517615042E-1,1.187651758E2,4.852978178E1,-1.144195047E1,-1.169378328E2
1.120097708E1,5.080628205E-1,1.370255790E-1,-3.972851924E-1,-7.518382325E-1,1.189302377E2,4.871592678E1,-1.139954364E1,-1.170759842E2
1.121094608E1,5.067542557E-1,1.379290073E-1,-3.984581708E-1,-7.519353283E-1,1.191042537E2,4.891217239E1,-1.132730004E1,-1.172103248E2
1.122091608E1,5.054373037E-1,1.391305718E-1,-3.995109569E-1,-7.520417386E-1,1.192792283E2,4.911218328E1,-1.122086043E1,-1.173308602E2
1.123088608E1,5.041455239E-1,1.405899907E-1,-4.004183365E-1,-7.521548396E-1,1.194507065E2,4.931041636E1,-1.108396554E1,-1.174347308E2
1.124085508E1,5.028941207E-1,1.422236447E-1,-4.012128045E-1,-7.522620401E-1,1.196166822E2,4.950552644E1,-1.092688701E1,-1.175238678E2
1.125082508E1,5.016619049E-1,1.439599895E-1,-4.019977264E-1,-7.523355548E-1,1.197799764E2,4.970519572E1,-1.076151345E1,-1.176048600E2
1.126079508E1,5.004310273E-1,1.457710185E-1,-4.028440983E-1,-7.523537833E-1,1.199429587E2,4.991595326E1,-1.059401169E1,-1.176816049E2
1.127076408E1,4.992113607E-1,1.476597873E-1,-4.037504663E-1,-7.523099716E-1,1.201043245E2,5.013776719E1,-1.042462053E1,-1.177526581E2
1.128073408E1,4.980248005E-1,1.496670521E-1,-4.046456864E-1,-7.522186394E-1,1.202611847E2,5.036484447E1,-1.024644459E1,-1.178127360E2
1.129070408E1,4.969081935E-1,1.518702048E-1,-4.054407762E-1,-7.520874468E-1,1.204086847E2,5.059142779E1,-1.004923306E1,-1.178529033E2
1.130067308E1,4.958910214E-1,1.543089163E-1,-4.060668992E-1,-7.519245071E-1,1.205429551E2,5.081194225E1,-9.826924662E0,-1.178669335E2
1.131064308E1,4.949808708E-1,1.569758846E-1,-4.064798962E-1,-7.517490392E-1,1.206630221E2,5.102113467E1,-9.577794652E0,-1.178538473E2
1.132061308E1,4.941823355E-1,1.598558420E-1,-4.066741300E-1,-7.515625184E-1,1.207683059E2,5.121768355E1,-9.303205054E0,-1.178136486E2
1.133058158E1,4.934729514E-1,1.629124263E-1,-4.067226304E-1,-7.513459362E-1,1.208617893E2,5.140810230E1,-9.009954055E0,-1.177512217E2
1.134055158E1,4.928116989E-1,1.660613121E-1,-4.067387621E-1,-7.510818125E-1,1.209488910E2,5.160068890E1,-8.710384622E0,-1.176764227E2
1.135052158E1,4.921681165E-1,1.691985655E-1,-4.067889485E-1,-7.507762478E-1,1.210336291E2,5.179705761E1,-8.415843220E0,-1.175985192E2
1.136049058E1,4.915096774E-1,1.722534850E-1,-4.069273271E-1,-7.504379983E-1,1.211202867E2,5.199928697E1,-8.133862175E0,-1.175254842E2
1.137046058E1,4.907990710E-1,1.751771908E-1,-4.072154641E-1,-7.500698982E-1,1.212137685E2,5.221147368E1,-7.870333735E0,-1.174647514E2
1.138042958E1,4.899960366E-1,1.779543836E-1,-4.076935674E-1,-7.496813570E-1,1.213193579E2,5.243729817E1,-7.626700666E0,-1.174223719E2
1.139039958E1,4.891618556E-1,1.806545004E-1,-4.082979321E-1,-7.492512168E-1,1.214289847E2,5.267329392E1,-7.396576332E0,-1.173869077E2
1.140036958E1,4.882705340E-1,1.833167166E-1,-4.089440328E-1,-7.488334572E-1,1.215460559E2,5.291247167E1,-7.169394511E0,-1.173591524E2
1.141033858E1,4.874559724E-1,1.860622150E-1,-4.095089586E-1,-7.483782186E-1,1.216529865E2,5.314767425E1,-6.935121203E0,-1.173156694E2
1.142030858E1,4.867400555E-1,1.889193499E-1,-4.099357797E-1,-7.478946362E-1,1.217469217E2,5.337427792E1,-6.689042207E0,-1.172519616E2
1.143027858E1,4.862287932E-1,1.919257056E-1,-4.101860688E-1,-7.473242418E-1,1.218139780E2,5.358994124E1,-6.432181625E0,-1.171527940E2
1.144024758E1,4.859376111E-1,1.950240680E-1,-4.102604369E-1,-7.466704072E-1,1.218521592E2,5.379144308E1,-6.170331260E0,-1.170194169E2
1.145021758E1,4.859033984E-1,1.981728169E-1,-4.101961630E-1,-7.458984350E-1,1.218566448E2,5.398047915E1,-5.911825273E0,-1.168497786E2
1.146018758E1,4.859222170E-1,2.011866221E-1,-4.101455762E-1,-7.451067275E-1,1.218541775E2,5.416359549E1,-5.669306642E0,-1.166797464E2
1.147015658E1,4.860311245E-1,2.040544307E-1,-4.102073108E-1,-7.442213908E-1,1.218398980E2,5.435081420E1,-5.452683701E0,-1.165059345E2
1.148012658E1,4.861427609E-1,2.067798145E-1,-4.104454405E-1,-7.432643729E-1,1.218252597E2,5.454972142E1,-5.260610077E0,-1.163391431E2
1.149009658E1,4.862352943E-1,2.094018015E-1,-4.107961128E-1,-7.422752917E-1,1.218131255E2,5.475560263E1,-5.084196998E0,-1.161797040E2
1.150006558E1,4.863867280E-1,2.119769740E-1,-4.110951447E-1,-7.412788981E-1,1.217932659E2,5.495339775E1,-4.912502261E0,-1.160144899E2
1.151003558E1,4.864847931E-1,2.143921886E-1,-4.113079547E-1,-7.404014533E-1,1.217804042E2,5.513235455E1,-4.744788080E0,-1.158637164E2
1.152000458E1,4.866217283E-1,2.166325149E-1,-4.114769109E-1,-7.395649648E-1,1.217624433E2,5.529572602E1,-4.590840482E0,-1.157173165E2
1.152997458E1,4.867253884E-1,2.186369242E-1,-4.117428680E-1,-7.387585481E-1,1.217488457E2,5.545531040E1,-4.460489892E0,-1.155882534E2
1.153994458E1,4.866802597E-1,2.203872090E-1,-4.122356806E-1,-7.379929401E-1,1.217547656E2,5.562451458E1,-4.356701231E0,-1.154921404E2
1.154991358E1,4.866214122E-1,2.219840899E-1,-4.129317990E-1,-7.371634163E-1,1.217624847E2,5.580667566E1,-4.278573434E0,-1.154067083E2
1.155988358E1,4.864730236E-1,2.234143537E-1,-4.137647788E-1,-7.363618149E-1,1.217819479E2,5.599370436E1,-4.217523092E0,-1.153419126E2
1.156985358E1,4.863227174E-1,2.247395455E-1,-4.145779495E-1,-7.356000633E-1,1.218016607E2,5.617186441E1,-4.163365246E0,-1.152831347E2
1.157982258E1,4.863350138E-1,2.260586365E-1,-4.151664249E-1,-7.348555076E-1,1.218000481E2,5.632433903E1,-4.104688810E0,-1.152040885E2
1.158979258E1,4.864054622E-1,2.273362655E-1,-4.154148068E-1,-7.342740708E-1,1.217908089E2,5.643627832E1,-4.029254721E0,-1.151193380E2
1.159976258E1,4.866181036E-1,2.286523219E-1,-4.152283702E-1,-7.338299589E-1,1.217629187E2,5.650222749E1,-3.929642126E0,-1.150137709E2
1.160973158E1,4.868040977E-1,2.299421209E-1,-4.147509518E-1,-7.335734110E-1,1.217385205E2,5.653446894E1,-3.809886604E0,-1.149121129E2
1.161970158E1,4.868827331E-1,2.311914904E-1,-4.141846984E-1,-7.334485826E-1,1.217282045E2,5.655477978E1,-3.680037202E0,-1.148255754E2
1.162967158E1,4.869468174E-1,2.325158392E-1,-4.136330699E-1,-7.332986030E-1,1.217197970E2,5.658208192E1,-3.544717557E0,-1.147360658E2
1.163964058E1,4.869697453E-1,2.338953583E-1,-4.131402362E-1,-7.331224292E-1,1.217167889E2,5.662004978E1,-3.406850402E0,-1.146480889E2
1.164961058E1,4.871279119E-1,2.353830261E-1,-4.126136430E-1,-7.328378221E-1,1.216960366E2,5.666158956E1,-3.267405304E0,-1.145368008E2
1.165957958E1,4.873356959E-1,2.368520071E-1,-4.120170175E-1,-7.325619288E-1,1.216687710E2,5.669441937E1,-3.127821539E0,-1.144202278E2
1.166954958E1,4.875283175E-1,2.382227016E-1,-4.113100093E-1,-7.323865874E-1,1.216434918E2,5.670884672E1,-2.986940195E0,-1.143111309E2
1.167951958E1,4.878781785E-1,2.396171881E-1,-4.103848281E-1,-7.322177049E-1,1.215975689E2,5.670090089E1,-2.839119640E0,-1.141809499E2
1.168948858E1,4.881992005E-1,2.409504141E-1,-4.092609876E-1,-7.321952512E-1,1.215554224E2,5.666744326E1,-2.679914334E0,-1.140575931E2
1.169945858E1,4.886360315E-1,2.423099924E-1,-4.079002713E-1,-7.322145334E-1,1.214980575E2,5.661005574E1,-2.509425928E0,-1.139180929E2
1.170942858E1,4.889680433E-1,2.435304334E-1,-4.064640806E-1,-7.323865979E-1,1.214544468E2,5.653562194E1,-2.337114998E0,-1.137997953E2
1.171939758E1,4.891854051E-1,2.445330964E-1,-4.050861421E-1,-7.326706993E-1,1.214258907E2,5.645328361E1,-2.177763240E0,-1.137090702E2
1.172936758E1,4.893596191E-1,2.453373952E-1,-4.038431788E-1,-7.329717331E-1,1.214030002E2,5.637248569E1,-2.040065486E0,-1.136361914E2
1.173933758E1,4.894723725E-1,2.459500260E-1,-4.027715267E-1,-7.332807011E-1,1.213881839E2,5.629751825E1,-1.924941916E0,-1.135829726E2
1.174930658E1,4.895639681E-1,2.464045113E-1,-4.018444488E-1,-7.335755921E-1,1.213761470E2,5.622759202E1,-1.830593898E0,-1.135424233E2
1.175927658E1,4.896597363E-1,2.466776808E-1,-4.010591951E-1,-7.338495361E-1,1.213635610E2,5.616066243E1,-1.760201311E0,-1.135128920E2
1.176924658E1,4.896072003E-1,2.467354167E-1,-4.004779110E-1,-7.341824330E-1,1.213704655E2,5.610126455E1,-1.710883935E0,-1.135150964E2
1.177921558E1,4.894923606E-1,2.467336150E-1,-4.000647771E-1,-7.344849104E-1,1.213855573E2,5.605618508E1,-1.674023786E0,-1.135288080E2
1.178918558E1,4.892348645E-1,2.467701036E-1,-3.997988410E-1,-7.347888524E-1,1.214193923E2,5.603001929E1,-1.635628252E0,-1.135575739E2
1.179915558E1,4.887775712E-1,2.468653186E-1,-3.996501416E-1,-7.351420430E-1,1.214794670E2,5.602098143E1,-1.588322215E0,-1.136070603E2
1.180912458E1,4.882829147E-1,2.470567496E-1,-3.995552691E-1,-7.354579968E-1,1.215444302E2,5.602454640E1,-1.535269338E0,-1.136550768E2
1.181909458E1,4.875333119E-1,2.471331144E-1,-3.996225407E-1,-7.358928469E-1,1.216428363E2,5.603806735E1,-1.485938912E0,-1.137413390E2
1.182906358E1,4.867554286E-1,2.471432138E-1,-3.998010484E-1,-7.363072558E-1,1.217449051E2,5.605913523E1,-1.447673355E0,-1.138352147E2
1.183903358E1,4.859844468E-1,2.471102339E-1,-4.000708936E-1,-7.366809614E-1,1.218460183E2,5.608717498E1,-1.419571076E0,-1.139309673E2
1.184900358E1,4.851982395E-1,2.470652316E-1,-4.004181310E-1,-7.370255540E-1,1.219490773E2,5.612286328E1,-1.396870022E0,-1.140292999E2
1.185897258E1,4.843962587E-1,2.470164150E-1,-4.008638866E-1,-7.373271674E-1,1.220541510E2,5.616910420E1,-1.380394976E0,-1.141297903E2
1.186894258E1,4.837425822E-1,2.470457914E-1,-4.013801433E-1,-7.374655566E-1,1.221397548E2,5.622836052E1,-1.372583491E0,-1.142073854E2
1.187891258E1,4.830576222E-1,2.470649893E-1,-4.020215973E-1,-7.375586906E-1,1.222294174E2,5.630070413E1,-1.372326954E0,-1.142894404E2
1.188888158E1,4.825308814E-1,2.471636814E-1,-4.026995030E-1,-7.375006017E-1,1.222983425E2,5.638244167E1,-1.378850871E0,-1.143473524E2
1.189885158E1,4.820745891E-1,2.472857123E-1,-4.033884617E-1,-7.373815895E-1,1.223580308E2,5.646698784E1,-1.388916427E0,-1.143952590E2
1.190882158E1,4.815562566E-1,2.473611447E-1,-4.041121758E-1,-7.372987393E-1,1.224258140E2,5.655224688E1,-1.400870862E0,-1.144535792E2
1.191879058E1,4.810624325E-1,2.474574397E-1,-4.048264068E-1,-7.371970285E-1,1.224903717E2,5.663794179E1,-1.412127180E0,-1.145075825E2
1.192876058E1,4.805805465E-1,2.475899652E-1,-4.055240478E-1,-7.370832109E-1,1.225533494E2,5.672435452E1,-1.420228435E0,-1.145577735E2
1.193872958E1,4.800714653E-1,2.477722397E-1,-4.061931817E-1,-7.369854618E-1,1.226198607E2,5.681115664E1,-1.420762066E0,-1.146080706E2
1.194869958E1,4.797028278E-1,2.481244715E-1,-4.067389307E-1,-7.368058530E-1,1.226680099E2,5.689599540E1,-1.408959548E0,-1.146305076E2
1.195866958E1,4.793340008E-1,2.485840934E-1,-4.071941062E-1,-7.366395837E-1,1.227161728E2,5.697831020E1,-1.382692469E0,-1.146460369E2
1.196863858E1,4.792068016E-1,2.492508934E-1,-4.075023313E-1,-7.363264326E-1,1.227327804E2,5.705854334E1,-1.346330361E0,-1.146191444E2
1.197860858E1,4.791159330E-1,2.500022506E-1,-4.077815489E-1,-7.359761923E-1,1.227446438E2,5.714146324E1,-1.304042234E0,-1.145823868E2
1.198857858E1,4.790348319E-1,2.508119758E-1,-4.080649865E-1,-7.355963754E-1,1.227552314E2,5.722896722E1,-1.258426716E0,-1.145406196E2
1.199854758E1,4.791370064E-1,2.517171532E-1,-4.082911149E-1,-7.350949017E-1,1.227418926E2,5.731671116E1,-1.213774282E0,-1.144705378E2
1.200851758E1,4.792262945E-1,2.525810371E-1,-4.085099413E-1,-7.346187898E-1,1.227302354E2,5.740091262E1,-1.170969999E0,-1.144045324E2
1.201848758E1,4.795315220E-1,2.535704765E-1,-4.086321672E-1,-7.340103579E-1,1.226903811E2,5.748316353E1,-1.126352738E0,-1.143042826E2
1.202845658E1,4.798724373E-1,2.546318237E-1,-4.087289732E-1,-7.333660696E-1,1.226458579E2,5.756779643E1,-1.077158651E0,-1.141949542E2
1.203842658E1,4.801606585E-1,2.557157722E-1,-4.088100479E-1,-7.327548349E-1,1.226082092E2,5.765251779E1,-1.021928236E0,-1.140902716E2
1.204839658E1,4.805408652E-1,2.568620084E-1,-4.088044740E-1,-7.321074172E-1,1.225585345E2,5.773222164E1,-9.622332077E-1,-1.139702371E2
1.205836558E1,4.808428685E-1,2.579675413E-1,-4.087524859E-1,-7.315492454E-1,1.225190689E2,5.780424128E1,-8.972608059E-1,-1.138620152E2
1.206833558E1,4.811367795E-1,2.590711302E-1,-4.086593677E-1,-7.310177947E-1,1.224806535E2,5.787182798E1,-8.291499562E-1,-1.137546642E2
1.207830458E1,4.815872767E-1,2.602102700E-1,-4.084686585E-1,-7.304229868E-1,1.224217581E2,5.793135735E1,-7.620272557E-1,-1.136259592E2
1.208827458E1,4.819374432E-1,2.611821500E-1,-4.083191899E-1,-7.299285094E-1,1.223759678E2,5.798382714E1,-7.036108903E-1,-1.135200818E2
1.209824458E1,4.824158099E-1,2.620950665E-1,-4.081868752E-1,-7.293590212E-1,1.223133968E2,5.803410474E1,-6.594203209E-1,-1.134025384E2
1.210821358E1,4.828917005E-1,2.629001503E-1,-4.081368100E-1,-7.287822310E-1,1.222511311E2,5.808587956E1,-6.289965500E-1,-1.132923067E2
1.211818358E1,4.835029774E-1,2.637017465E-1,-4.081070490E-1,-7.281036035E-1,1.221711239E2,5.813970220E1,-6.094989483E-1,-1.131658945E2
1.212815358E1,4.839598597E-1,2.643664866E-1,-4.081597748E-1,-7.275292158E-1,1.221113046E2,5.819294642E1,-5.957269473E-1,-1.130670161E2
1.213812258E1,4.844072380E-1,2.650402303E-1,-4.081984392E-1,-7.269645007E-1,1.220527129E2,5.824538916E1,-5.797789895E-1,-1.129686033E2
1.214809258E1,4.849062251E-1,2.658203211E-1,-4.081717655E-1,-7.263617481E-1,1.219873426E2,5.829840266E1,-5.550119171E-1,-1.128568039E2
1.215806258E1,4.854242941E-1,2.666882353E-1,-4.080691116E-1,-7.257550020E-1,1.219194505E2,5.834955790E1,-5.198333705E-1,-1.127367265E2
1.216803158E1,4.857587610E-1,2.674839309E-1,-4.079810616E-1,-7.252876883E-1,1.218756073E2,5.839731023E1,-4.787201789E-1,-1.126434293E2
1.217800158E1,4.861607682E-1,2.682775930E-1,-4.078703892E-1,-7.247873104E-1,1.218228984E2,5.844255057E1,-4.407677949E-1,-1.125420337E2
1.218797158E1,4.864071270E-1,2.689002389E-1,-4.078597577E-1,-7.243970622E-1,1.217905905E2,5.848648356E1,-4.120002993E-1,-1.124707229E2
1.219794058E1,4.867009433E-1,2.694405984E-1,-4.079100020E-1,-7.239705677E-1,1.217520524E2,5.853115144E1,-3.968474663E-1,-1.123991740E2
1.220791058E1,4.868700996E-1,2.697949322E-1,-4.080873928E-1,-7.236249003E-1,1.217298619E2,5.857626535E1,-3.959420464E-1,-1.123550949E2
1.221788058E1,4.869836959E-1,2.700172305E-1,-4.083603621E-1,-7.233113594E-1,1.217149586E2,5.862224372E1,-4.077555479E-1,-1.123265391E2
1.222784958E1,4.869830953E-1,2.701227557E-1,-4.087328244E-1,-7.230619448E-1,1.217150374E2,5.867064365E1,-4.274867372E-1,-1.123196100E2
1.223781958E1,4.868310927E-1,2.701392245E-1,-4.091797180E-1,-7.229053482E-1,1.217349791E2,5.872076089E1,-4.487816913E-1,-1.123369087E2
1.224778858E1,4.865600253E-1,2.700928209E-1,-4.096488124E-1,-7.228395781E-1,1.217705367E2,5.876879813E1,-4.681066644E-1,-1.123727809E2
1.225775858E1,4.863884033E-1,2.701182301E-1,-4.100421742E-1,-7.227224941E-1,1.217930462E2,5.881376018E1,-4.834947283E-1,-1.123918201E2
1.226772858E1,4.861185265E-1,2.700893385E-1,-4.104513147E-1,-7.226826759E-1,1.218284375E2,5.885655787E1,-4.972307550E-1,-1.124263436E2
1.227769758E1,4.859601386E-1,2.701042216E-1,-4.108142781E-1,-7.225774774E-1,1.218492055E2,5.889746113E1,-5.120175405E-1,-1.124445006E2
1.228766758E1,4.857176678E-1,2.700486036E-1,-4.112235082E-1,-7.225283763E-1,1.218809945E2,5.893835520E1,-5.295058320E-1,-1.124774891E2
1.229763758E1,4.854425332E-1,2.699805100E-1,-4.116521258E-1,-7.224948274E-1,1.219170599E2,5.898051500E1,-5.470602509E-1,-1.125152833E2
1.230760658E1,4.851670298E-1,2.699454755E-1,-4.120634475E-1,-7.224583598E-1,1.219531674E2,5.902319772E1,-5.609613927E-1,-1.125508440E2
1.231757658E1,4.849132531E-1,2.699888446E-1,-4.124254046E-1,-7.224059818E-1,1.219864217E2,5.906616943E1,-5.671215382E-1,-1.125785124E2
1.232754742E1,4.845683127E-1,2.700561689E-1,-4.127482758E-1,-7.224279930E-1,1.220316134E2,5.910664294E1,-5.624931024E-1,-1.126155056E2
1.233751642E1,4.843850161E-1,2.702747425E-1,-4.129119320E-1,-7.223755202E-1,1.220556236E2,5.914054340E1,-5.464375767E-1,-1.126228105E2
1.234748642E1,4.843552499E-1,2.706006904E-1,-4.129278793E-1,-7.222643473E-1,1.220595225E2,5.916596758E1,-5.223791772E-1,-1.126044135E2
1.235745642E1,4.843732676E-1,2.709255530E-1,-4.128596489E-1,-7.221695380E-1,1.220571625E2,5.918206900E1,-4.954995882E-1,-1.125803200E2
1.236742542E1,4.845225307E-1,2.712623327E-1,-4.126912037E-1,-7.220391567E-1,1.220376107E2,5.918800718E1,-4.693906652E-1,-1.125396110E2
1.237739542E1,4.846093005E-1,2.714864644E-1,-4.125204721E-1,-7.219942809E-1,1.220262440E2,5.918554786E1,-4.468638066E-1,-1.125140164E2
1.238736442E1,4.847821448E-1,2.716790965E-1,-4.122994329E-1,-7.219321143E-1,1.220035998E2,5.917526581E1,-4.287527683E-1,-1.124802083E2
1.239733442E1,4.849717845E-1,2.718189556E-1,-4.120664715E-1,-7.218851838E-1,1.219787524E2,5.915984439E1,-4.146572237E-1,-1.124479449E2
1.240730442E1,4.850638121E-1,2.718568614E-1,-4.118681548E-1,-7.219221255E-1,1.219666934E2,5.914082830E1,-4.036926781E-1,-1.124342726E2
1.241727342E1,4.851528368E-1,2.718667554E-1,-4.116746691E-1,-7.219688979E-1,1.219550273E2,5.912030883E1,-3.948617821E-1,-1.124228672E2
1.242724342E1,4.852030126E-1,2.718391439E-1,-4.114984584E-1,-7.220460056E-1,1.219484518E2,5.909896474E1,-3.873136758E-1,-1.124186685E2
1.243721342E1,4.852244865E-1,2.717864656E-1,-4.113417090E-1,-7.221408571E-1,1.219456376E2,5.907794125E1,-3.810149632E-1,-1.124196365E2
1.244718242E1,4.853269455E-1,2.717669200E-1,-4.111538078E-1,-7.221862492E-1,1.219322096E2,5.905589361E1,-3.755981866E-1,-1.124085966E2
1.245715242E1,4.853599043E-1,2.716750504E-1,-4.110056511E-1,-7.222831027E-1,1.219278899E2,5.903295619E1,-3.734983790E-1,-1.124108285E2
1.246712242E1,4.854961861E-1,2.716174146E-1,-4.108520891E-1,-7.223005726E-1,1.219100274E2,5.901189473E1,-3.756003853E-1,-1.123983180E2
1.247709142E1,4.855953998E-1,2.714967956E-1,-4.107408583E-1,-7.223424665E-1,1.218970225E2,5.899089072E1,-3.827622952E-1,-1.123945130E2
1.248706142E1,4.856111417E-1,2.712570485E-1,-4.106797190E-1,-7.224567056E-1,1.218949590E2,5.896671937E1,-3.963952545E-1,-1.124087845E2
1.249703142E1,4.856768802E-1,2.709567364E-1,-4.106143229E-1,-7.225624204E-1,1.218863414E2,5.893766650E1,-4.174295764E-1,-1.124211222E2
1.250700042E1,4.856563125E-1,2.705188570E-1,-4.105917480E-1,-7.227529241E-1,1.218890377E2,5.890332909E1,-4.455570248E-1,-1.124530568E2
1.251697042E1,4.856849302E-1,2.700435512E-1,-4.105618396E-1,-7.229285501E-1,1.218852862E2,5.886549018E1,-4.791708184E-1,-1.124816022E2
1.252693942E1,4.856247551E-1,2.694740999E-1,-4.105802630E-1,-7.231708839E-1,1.218931745E2,5.882617446E1,-5.170575025E-1,-1.125270878E2
1.253690942E1,4.854879253E-1,2.688295060E-1,-4.106427246E-1,-7.234671973E-1,1.219111102E2,5.878632863E1,-5.583854544E-1,-1.125868033E2
1.254687942E1,4.854090686E-1,2.681612045E-1,-4.107047437E-1,-7.237328489E-1,1.219214461E2,5.874476822E1,-6.053680619E-1,-1.126410536E2
1.255684842E1,4.852793827E-1,2.673946270E-1,-4.107938948E-1,-7.240527013E-1,1.219384431E2,5.869918524E1,-6.579998472E-1,-1.127079090E2
1.256681842E1,4.851103949E-1,2.665419489E-1,-4.109103097E-1,-7.244142159E-1,1.219605891E2,5.865051624E1,-7.162257193E-1,-1.127851576E2
1.257678842E1,4.850392721E-1,2.656931851E-1,-4.110050242E-1,-7.247198438E-1,1.219699091E2,5.859982705E1,-7.792986737E-1,-1.128502484E2
1.258675742E1,4.848544266E-1,2.647496436E-1,-4.111363538E-1,-7.251142435E-1,1.219941294E2,5.854654682E1,-8.442888538E-1,-1.129352034E2
1.259672742E1,4.847629679E-1,2.638546500E-1,-4.112388180E-1,-7.254434947E-1,1.220061122E2,5.849367871E1,-9.100912661E-1,-1.130055653E2
1.260669742E1,4.845611688E-1,2.629328141E-1,-4.114018421E-1,-7.258205404E-1,1.220325492E2,5.844576367E1,-9.749141283E-1,-1.130908720E2
1.261666642E1,4.845209502E-1,2.621623645E-1,-4.115078466E-1,-7.260659299E-1,1.220378177E2,5.840241972E1,-1.035621676E0,-1.131465963E2
1.262663642E1,4.844617128E-1,2.614046168E-1,-4.115676846E-1,-7.263445837E-1,1.220455774E2,5.835501696E1,-1.090858120E0,-1.132036379E2
1.263660642E1,4.845295587E-1,2.606564470E-1,-4.115210491E-1,-7.265946937E-1,1.220366901E2,5.829658045E1,-1.146280946E0,-1.132446318E2
1.264657542E1,4.846972399E-1,2.598752974E-1,-4.114017736E-1,-7.268301049E-1,1.220147234E2,5.822779889E1,-1.205605286E0,-1.132755986E2
1.265654542E1,4.848699999E-1,2.590374707E-1,-4.112952579E-1,-7.270741773E-1,1.219920890E2,5.815647368E1,-1.270383119E0,-1.133095493E2
1.266651542E1,4.849454849E-1,2.580956309E-1,-4.112646435E-1,-7.273759909E-1,1.219821984E2,5.808631767E1,-1.341802642E0,-1.133619084E2
1.267648442E1,4.851494019E-1,2.571507196E-1,-4.112454878E-1,-7.275855345E-1,1.219554775E2,5.801720055E1,-1.422956168E0,-1.133988576E2
1.268645442E1,4.852788664E-1,2.560646954E-1,-4.113167844E-1,-7.278418822E-1,1.219385108E2,5.794828335E1,-1.516078053E0,-1.134538282E2
1.269642342E1,4.854597396E-1,2.549321885E-1,-4.114349010E-1,-7.280520474E-1,1.219148046E2,5.788135794E1,-1.619529382E0,-1.135054451E2
1.270639342E1,4.856204877E-1,2.537471403E-1,-4.116214482E-1,-7.282534251E-1,1.218937338E2,5.781848609E1,-1.730548026E0,-1.135627248E2
1.271636342E1,4.855537271E-1,2.524583529E-1,-4.119457471E-1,-7.285624457E-1,1.219024851E2,5.776404538E1,-1.844110066E0,-1.136540163E2
1.272633242E1,4.856271364E-1,2.513561233E-1,-4.122546888E-1,-7.287197483E-1,1.218928623E2,5.772101170E1,-1.952318139E0,-1.137161752E2
1.273630242E1,4.857536612E-1,2.503796756E-1,-4.125846881E-1,-7.287847388E-1,1.218762759E2,5.768917491E1,-2.056401546E0,-1.137637414E2
1.274627242E1,4.859606022E-1,2.494765424E-1,-4.129315250E-1,-7.287601250E-1,1.218491447E2,5.766431717E1,-2.161697739E0,-1.137968294E2
1.275624142E1,4.861639292E-1,2.485430266E-1,-4.133080703E-1,-7.287301059E-1,1.218224839E2,5.764075906E1,-2.271190884E0,-1.138322098E2
1.276621142E1,4.865088695E-1,2.476474693E-1,-4.136540748E-1,-7.286083753E-1,1.217772464E2,5.761633347E1,-2.385150796E0,-1.138478946E2
1.277618142E1,4.868056360E-1,2.466892765E-1,-4.140303461E-1,-7.285215001E-1,1.217383187E2,5.759111068E1,-2.502772378E0,-1.138732966E2
1.278615042E1,4.872160831E-1,2.457588795E-1,-4.143808867E-1,-7.283621639E-1,1.216844671E2,5.756485903E1,-2.624097189E0,-1.138830138E2
1.279612042E1,4.875794627E-1,2.447935165E-1,-4.147421589E-1,-7.282385999E-1,1.216367791E2,5.753757973E1,-2.745710148E0,-1.139005329E2
1.280609042E1,4.879868120E-1,2.438740356E-1,-4.150454951E-1,-7.281014119E-1,1.215833075E2,5.750705524E1,-2.862736793E0,-1.139095888E2
1.281605942E1,4.884750727E-1,2.429772771E-1,-4.152320792E-1,-7.279673533E-1,1.215191966E2,5.746507518E1,-2.975101695E0,-1.139070765E2
1.282602942E1,4.889441566E-1,2.420059872E-1,-4.153318987E-1,-7.279190636E-1,1.214575847E2,5.740849301E1,-3.085532010E0,-1.139112489E2
1.283599842E1,4.896015526E-1,2.410467512E-1,-4.152699586E-1,-7.278308186E-1,1.213712077E2,5.733446118E1,-3.195961202E0,-1.138913496E2
1.284596842E1,4.903430210E-1,2.400134791E-1,-4.150888958E-1,-7.277763438E-1,1.212737403E2,5.724202159E1,-3.308929772E0,-1.138653708E2
1.285593842E1,4.910848582E-1,2.387975794E-1,-4.148338283E-1,-7.278215568E-1,1.211761777E2,5.712898499E1,-3.430236997E0,-1.138502202E2
1.286590742E1,4.919896036E-1,2.374343975E-1,-4.144734570E-1,-7.278619124E-1,1.210571269E2,5.699393120E1,-3.565775349E0,-1.138237391E2
1.287587742E1,4.927742514E-1,2.357340988E-1,-4.141329210E-1,-7.280775779E-1,1.209538225E2,5.683860621E1,-3.720115653E0,-1.138320740E2
1.288584742E1,4.935654321E-1,2.338067340E-1,-4.138054294E-1,-7.283493407E-1,1.208496046E2,5.666955883E1,-3.893043070E0,-1.138528091E2
1.289581642E1,4.943231587E-1,2.317168825E-1,-4.135379655E-1,-7.286551477E-1,1.207497429E2,5.649659325E1,-4.080581347E0,-1.138867671E2
1.290578642E1,4.949610723E-1,2.294841321E-1,-4.133863844E-1,-7.290145971E-1,1.206656331E2,5.632760965E1,-4.279720356E0,-1.139433241E2
1.291575642E1,4.955941601E-1,2.272055260E-1,-4.132995408E-1,-7.293474308E-1,1.205821249E2,5.616322085E1,-4.487071492E0,-1.140024100E2
1.292572542E1,4.961508673E-1,2.248198668E-1,-4.132622197E-1,-7.297292496E-1,1.205086630E2,5.599796152E1,-4.701554702E0,-1.140763429E2
1.293569542E1,4.967807625E-1,2.223907122E-1,-4.131627321E-1,-7.301011850E-1,1.204255109E2,5.582324426E1,-4.920140385E0,-1.141426294E2
1.294566542E1,4.974108579E-1,2.198930267E-1,-4.129357081E-1,-7.305570454E-1,1.203422979E2,5.563045764E1,-5.135338416E0,-1.142114393E2
1.295563442E1,4.981057646E-1,2.173968058E-1,-4.125119953E-1,-7.310698987E-1,1.202504854E2,5.541631054E1,-5.341091761E0,-1.142703912E2
1.296560442E1,4.988949327E-1,2.149180127E-1,-4.119010030E-1,-7.316089464E-1,1.201461675E2,5.518270920E1,-5.538740366E0,-1.143148506E2
1.297557342E1,4.997874449E-1,2.123822792E-1,-4.111799652E-1,-7.321456338E-1,1.200281231E2,5.493324742E1,-5.740071769E0,-1.143481202E2
1.298554342E1,5.007035382E-1,2.096632595E-1,-4.104675149E-1,-7.327029943E-1,1.199068867E2,5.467320646E1,-5.958222673E0,-1.143874603E2
1.299551342E1,5.017252200E-1,2.067899297E-1,-4.097834399E-1,-7.332034881E-1,1.197715891E2,5.440636200E1,-6.197684422E0,-1.144208617E2
1.300548242E1,5.027145119E-1,2.037373283E-1,-4.091846913E-1,-7.337146240E-1,1.196404925E2,5.413815777E1,-6.455762328E0,-1.144667267E2
1.301545242E1,5.037817333E-1,2.006477852E-1,-4.086115890E-1,-7.341532252E-1,1.194989711E2,5.387067645E1,-6.724168844E0,-1.145030491E2
1.302542242E1,5.049177700E-1,1.975485483E-1,-4.080000487E-1,-7.345533568E-1,1.193482122E2,5.359857572E1,-6.995595957E0,-1.145291369E2
1.303539142E1,5.060823717E-1,1.944303769E-1,-4.073257624E-1,-7.349579666E-1,1.191935420E2,5.331874795E1,-7.266489950E0,-1.145503007E2
1.304536142E1,5.072668562E-1,1.912995194E-1,-4.065914589E-1,-7.353694147E-1,1.190361054E2,5.303191949E1,-7.536000086E0,-1.145672289E2
1.305533142E1,5.083812505E-1,1.881431524E-1,-4.058266095E-1,-7.358365387E-1,1.188878686E2,5.274110048E1,-7.801647830E0,-1.145919628E2
1.306530042E1,5.095368223E-1,1.850177529E-1,-4.050135125E-1,-7.362775739E-1,1.187340347E2,5.244717886E1,-8.064613280E0,-1.146074638E2
1.307527042E1,5.107259324E-1,1.819286839E-1,-4.041668245E-1,-7.366886953E-1,1.185756083E2,5.215209188E1,-8.324965119E0,-1.146145027E2
1.308524042E1,5.119290985E-1,1.789081668E-1,-4.032808345E-1,-7.370787644E-1,1.184151767E2,5.185727714E1,-8.578457166E0,-1.146138531E2
1.309520942E1,5.131316534E-1,1.760368179E-1,-4.023367135E-1,-7.374498042E-1,1.182546927E2,5.156569539E1,-8.816288542E0,-1.146032942E2
1.310517942E1,5.143179924E-1,1.733225293E-1,-4.013017449E-1,-7.378301479E-1,1.180962409E2,5.127424275E1,-9.034446561E0,-1.145844517E2
1.311514942E1,5.154899171E-1,1.707007529E-1,-4.001575318E-1,-7.382448834E-1,1.179395853E2,5.097682095E1,-9.236872976E0,-1.145604281E2
1.312511842E1,5.166476384E-1,1.680904932E-1,-3.989127457E-1,-7.387079614E-1,1.177847017E2,5.066936734E1,-9.430730477E0,-1.145353159E2
1.313508842E1,5.177687129E-1,1.654493083E-1,-3.976561058E-1,-7.391966435E-1,1.176346003E2,5.035925232E1,-9.624400303E0,-1.145145443E2
1.314505742E1,5.188253871E-1,1.627907062E-1,-3.965111234E-1,-7.396608805E-1,1.174930126E2,5.006115924E1,-9.823883071E0,-1.145016683E2
1.315502742E1,5.197965980E-1,1.601567389E-1,-3.955626929E-1,-7.400618024E-1,1.173627826E2,4.978720200E1,-1.003050717E1,-1.144979481E2
1.316499742E1,5.206720091E-1,1.575934097E-1,-3.948088122E-1,-7.403992933E-1,1.172453213E2,4.954005984E1,-1.023976136E1,-1.145026832E2
1.317496642E1,5.214400933E-1,1.551583018E-1,-3.942081669E-1,-7.406928883E-1,1.171422005E2,4.931879060E1,-1.044331046E1,-1.145146234E2
1.318493642E1,5.221038008E-1,1.529173960E-1,-3.937207808E-1,-7.409506795E-1,1.170530472E2,4.912297704E1,-1.063301662E1,-1.145304514E2
1.319490642E1,5.226920338E-1,1.509309202E-1,-3.932938859E-1,-7.411698958E-1,1.169739967E2,4.895013052E1,-1.080180464E1,-1.145436188E2
1.320487542E1,5.232520074E-1,1.492265121E-1,-3.928223364E-1,-7.413699142E-1,1.168987128E2,4.878982832E1,-1.094263338E1,-1.145464602E2
1.321484542E1,5.238464360E-1,1.477925815E-1,-3.921627487E-1,-7.415865595E-1,1.168187634E2,4.862490394E1,-1.104991701E1,-1.145307617E2
1.322481542E1,5.245390984E-1,1.465560668E-1,-3.912092290E-1,-7.418459101E-1,1.167255585E2,4.843862695E1,-1.112587106E1,-1.144910618E2
1.323478442E1,5.253286880E-1,1.454155098E-1,-3.899940721E-1,-7.421513800E-1,1.166192540E2,4.822846262E1,-1.118102701E1,-1.144323690E2
1.324475442E1,5.261312588E-1,1.442296872E-1,-3.886931464E-1,-7.424967207E-1,1.165111394E2,4.800609956E1,-1.123462281E1,-1.143730044E2
1.325472442E1,5.268406535E-1,1.429127878E-1,-3.875100633E-1,-7.428665382E-1,1.164155240E2,4.778978234E1,-1.130208648E1,-1.143317685E2
1.326469342E1,5.274003425E-1,1.414096310E-1,-3.865589670E-1,-7.432525401E-1,1.163400517E2,4.758928610E1,-1.139293876E1,-1.143191552E2
1.327466342E1,5.277852065E-1,1.396775746E-1,-3.858636177E-1,-7.436680448E-1,1.162881361E2,4.740494838E1,-1.151115541E1,-1.143403421E2
1.328463342E1,5.280182048E-1,1.376650205E-1,-3.853972629E-1,-7.441196799E-1,1.162566991E2,4.723063206E1,-1.166066812E1,-1.143943203E2
1.329460242E1,5.281222970E-1,1.353417176E-1,-3.851266379E-1,-7.446119657E-1,1.162426529E2,4.706084248E1,-1.184318609E1,-1.144789855E2
1.330457242E1,5.281279447E-1,1.327148837E-1,-3.850438089E-1,-7.451233755E-1,1.162418907E2,4.689508307E1,-1.205947130E1,-1.145897670E2
1.331454142E1,5.280688548E-1,1.298911291E-1,-3.851624522E-1,-7.456014894E-1,1.162498645E2,4.674111772E1,-1.230352822E1,-1.147176635E2
1.332451142E1,5.279957932E-1,1.270135109E-1,-3.854844542E-1,-7.459823072E-1,1.162597232E2,4.660724661E1,-1.256626969E1,-1.148499130E2
1.333448108E1,5.279522345E-1,1.242627020E-1,-3.859543178E-1,-7.462334814E-1,1.162656006E2,4.649759363E1,-1.283081430E1,-1.149730838E2
1.334445008E1,5.279616964E-1,1.217134288E-1,-3.864896460E-1,-7.463699318E-1,1.162643239E2,4.640708806E1,-1.308621516E1,-1.150806091E2
1.335442008E1,5.279972789E-1,1.193468832E-1,-3.870171981E-1,-7.464536249E-1,1.162595227E2,4.632672701E1,-1.332734836E1,-1.151764426E2
1.336439008E1,5.280402687E-1,1.171770054E-1,-3.874607410E-1,-7.465367385E-1,1.162537219E2,4.624898444E1,-1.354658414E1,-1.152620166E2
1.337435908E1,5.280895594E-1,1.152654140E-1,-3.877471499E-1,-7.466508089E-1,1.162470706E2,4.616921296E1,-1.373339724E1,-1.153346138E2
1.338432908E1,5.281546552E-1,1.136742019E-1,-3.878140791E-1,-7.468138962E-1,1.162382862E2,4.608378300E1,-1.387855352E1,-1.153901099E2
1.339429908E1,5.283786025E-1,1.124220401E-1,-3.876262095E-1,-7.469425494E-1,1.162080623E2,4.598779157E1,-1.398578618E1,-1.154088179E2
1.340426808E1,5.285024510E-1,1.112826106E-1,-3.872742728E-1,-7.472081378E-1,1.161913456E2,4.588154498E1,-1.406652127E1,-1.154346305E2
1.341423808E1,5.286604701E-1,1.102491172E-1,-3.868316149E-1,-7.474788364E-1,1.161700144E2,4.577095892E1,-1.413381688E1,-1.154507756E2
1.342420808E1,5.288634915E-1,1.092616060E-1,-3.863893365E-1,-7.477088318E-1,1.161426047E2,4.566248823E1,-1.419972256E1,-1.154589508E2
1.343417708E1,5.291246649E-1,1.083239229E-1,-3.859837152E-1,-7.478700540E-1,1.161073379E2,4.556017853E1,-1.426710127E1,-1.154576330E2
1.344414708E1,5.294433689E-1,1.074066705E-1,-3.855950896E-1,-7.479772019E-1,1.160642936E2,4.546014223E1,-1.433707810E1,-1.154478472E2
1.345411608E1,5.298101624E-1,1.065175406E-1,-3.852075494E-1,-7.480444366E-1,1.160147417E2,4.536118384E1,-1.440734436E1,-1.154304497E2
1.346408608E1,5.302176065E-1,1.056793978E-1,-3.847821296E-1,-7.480934429E-1,1.159596824E2,4.526038286E1,-1.447280136E1,-1.154051582E2
1.347405608E1,5.306492218E-1,1.049038537E-1,-3.842807507E-1,-7.481543556E-1,1.159013387E2,4.515443467E1,-1.452888263E1,-1.153734594E2
1.348402508E1,5.311000140E-1,1.042192729E-1,-3.836900942E-1,-7.482332650E-1,1.158403830E2,4.504355988E1,-1.457191468E1,-1.153347978E2
1.349399508E1,5.315620488E-1,1.036055727E-1,-3.830565849E-1,-7.483150088E-1,1.157778859E2,4.493186039E1,-1.460640150E1,-1.152914405E2
1.350396508E1,5.320053915E-1,1.030031362E-1,-3.824498284E-1,-7.483934441E-1,1.157178971E2,4.482401929E1,-1.464071728E1,-1.152502142E2
1.351393408E1,5.323760836E-1,1.023279436E-1,-3.819373227E-1,-7.484841758E-1,1.156677235E2,4.472341911E1,-1.468394529E1,-1.152220316E2
1.352390408E1,5.326173216E-1,1.014854914E-1,-3.815708348E-1,-7.486141672E-1,1.156350643E2,4.463115309E1,-1.474487927E1,-1.152184095E2
1.353387408E1,5.326713539E-1,1.004118215E-1,-3.814279359E-1,-7.487933756E-1,1.156277485E2,4.455297881E1,-1.483142878E1,-1.152500471E2
1.354384308E1,5.325063384E-1,9.907714668E-2,-3.815463791E-1,-7.490281019E-1,1.156500901E2,4.449193958E1,-1.494718780E1,-1.153225459E2
1.355381308E1,5.321403984E-1,9.751983116E-2,-3.818987162E-1,-7.493129514E-1,1.156996254E2,4.444717076E1,-1.508796618E1,-1.154318274E2
1.356378308E1,5.316311275E-1,9.583259799E-2,-3.824352983E-1,-7.496183158E-1,1.157685401E2,4.441787517E1,-1.524537153E1,-1.155663404E2
1.357375208E1,5.310436004E-1,9.410807539E-2,-3.831131039E-1,-7.499071903E-1,1.158480123E2,4.440379470E1,-1.541181267E1,-1.157137107E2
1.358372208E1,5.304568741E-1,9.239968449E-2,-3.838468910E-1,-7.501595235E-1,1.159273417E2,4.439740464E1,-1.558094220E1,-1.158606864E2
1.359369108E1,5.299318719E-1,9.077050860E-2,-3.845363608E-1,-7.503762637E-1,1.159982964E2,4.439019424E1,-1.574354856E1,-1.159960005E2
1.360366108E1,5.295065365E-1,8.927452729E-2,-3.851404727E-1,-7.505462735E-1,1.160557609E2,4.437993944E1,-1.589405743E1,-1.161123136E2
1.361363108E1,5.291673070E-1,8.797688904E-2,-3.856744943E-1,-7.506644849E-1,1.161015793E2,4.437203011E1,-1.602700631E1,-1.162092182E2
1.362360008E1,5.288769152E-1,8.693499787E-2,-3.861576868E-1,-7.507421194E-1,1.161407922E2,4.437225898E1,-1.613659463E1,-1.162898871E2
1.363357008E1,5.286148567E-1,8.614709415E-2,-3.865496631E-1,-7.508156973E-1,1.161761721E2,4.437621178E1,-1.621906398E1,-1.163567566E2
1.364354008E1,5.283914468E-1,8.557006165E-2,-3.867829459E-1,-7.509189044E-1,1.162063287E2,4.437369412E1,-1.627412610E1,-1.164093951E2
1.365350908E1,5.282088034E-1,8.516385032E-2,-3.868435952E-1,-7.510622669E-1,1.162309788E2,4.436079556E1,-1.630447523E1,-1.164487691E2
1.366347908E1,5.280709411E-1,8.488151912E-2,-3.867765712E-1,-7.512257545E-1,1.162495830E2,4.433983015E1,-1.631754285E1,-1.164765083E2
1.367344908E1,5.280054975E-1,8.471696728E-2,-3.866250638E-1,-7.513682425E-1,1.162584138E2,4.431481362E1,-1.631828739E1,-1.164895510E2
1.368341808E1,5.280365598E-1,8.465837263E-2,-3.864042248E-1,-7.514666553E-1,1.162542224E2,4.428640118E1,-1.631005997E1,-1.164853045E2
1.369338808E1,5.281475746E-1,8.467018428E-2,-3.861584982E-1,-7.515136912E-1,1.162392417E2,4.425784935E1,-1.629815149E1,-1.164676730E2
1.370335808E1,5.283230740E-1,8.473878882E-2,-3.858987155E-1,-7.515159672E-1,1.162155569E2,4.422985977E1,-1.628367862E1,-1.164392846E2
1.371332708E1,5.285433229E-1,8.486462877E-2,-3.855859964E-1,-7.515074640E-1,1.161858285E2,4.419845236E1,-1.626289069E1,-1.164024036E2
1.372329708E1,5.287856462E-1,8.499232318E-2,-3.851981717E-1,-7.515214779E-1,1.161531150E2,4.415844474E1,-1.623796898E1,-1.163617767E2
1.373326708E1,5.290401816E-1,8.508794385E-2,-3.847531958E-1,-7.515593573E-1,1.161187466E2,4.411011431E1,-1.621261441E1,-1.163200866E2
1.374323608E1,5.293039260E-1,8.513196623E-2,-3.842906131E-1,-7.516053079E-1,1.160831281E2,4.405683653E1,-1.619109099E1,-1.162788389E2
1.375320608E1,5.295788710E-1,8.512787798E-2,-3.838436879E-1,-7.516405638E-1,1.160459895E2,4.400247472E1,-1.617546586E1,-1.162379716E2
1.376317508E1,5.298684831E-1,8.510448648E-2,-3.834094910E-1,-7.516607310E-1,1.160068616E2,4.394824138E1,-1.616317255E1,-1.161959424E2
1.377314508E1,5.301796638E-1,8.508047332E-2,-3.829754523E-1,-7.516652302E-1,1.159648104E2,4.389366849E1,-1.615206033E1,-1.161510438E2
1.378311508E1,5.305084830E-1,8.506950460E-2,-3.825303078E-1,-7.516611104E-1,1.159203652E2,4.383833526E1,-1.613993641E1,-1.161032230E2
1.379308408E1,5.308710407E-1,8.506901991E-2,-3.820818021E-1,-7.516332829E-1,1.158713471E2,4.378270527E1,-1.612840372E1,-1.160504914E2
1.380305408E1,5.312636386E-1,8.506398336E-2,-3.816540327E-1,-7.515738980E-1,1.158182528E2,4.372867535E1,-1.612024270E1,-1.159941161E2
1.381302408E1,5.317005644E-1,8.504977987E-2,-3.812673775E-1,-7.514626830E-1,1.157591454E2,4.367800352E1,-1.611801257E1,-1.159324943E2
1.382299308E1,5.321843049E-1,8.504527016E-2,-3.809211411E-1,-7.512963083E-1,1.156936827E2,4.363163073E1,-1.612012517E1,-1.158646480E2
1.383296308E1,5.327122785E-1,8.502263730E-2,-3.806372399E-1,-7.510685889E-1,1.156222072E2,4.359045408E1,-1.613041275E1,-1.157920939E2
1.384293308E1,5.332789850E-1,8.497206109E-2,-3.804160533E-1,-7.507841820E-1,1.155454569E2,4.355402997E1,-1.614948875E1,-1.157158854E2
1.385290208E1,5.338783869E-1,8.490837720E-2,-3.802478874E-1,-7.504504738E-1,1.154642434E2,4.352219852E1,-1.617506690E1,-1.156361998E2
1.386287208E1,5.344903486E-1,8.485006703E-2,-3.801371465E-1,-7.500774847E-1,1.153812906E2,4.349680495E1,-1.620476824E1,-1.155551389E2
1.387284208E1,5.350908991E-1,8.479813158E-2,-3.800829140E-1,-7.496826109E-1,1.152998477E2,4.347818365E1,-1.623719506E1,-1.154758716E2
1.388281108E1,5.356532223E-1,8.473443715E-2,-3.800806487E-1,-7.492892122E-1,1.152235556E2,4.346523127E1,-1.627224012E1,-1.154025640E2
1.389278108E1,5.361565400E-1,8.464445363E-2,-3.801420145E-1,-7.489082047E-1,1.151552417E2,4.345875952E1,-1.631090625E1,-1.153386627E2
1.390275008E1,5.365747948E-1,8.450985767E-2,-3.802680968E-1,-7.485597451E-1,1.150984535E2,4.345827182E1,-1.635352336E1,-1.152883075E2
1.391272008E1,5.368939412E-1,8.432326304E-2,-3.804679677E-1,-7.482503767E-1,1.150551095E2,4.346459511E1,-1.640063368E1,-1.152537620E2
1.392269008E1,5.371202487E-1,8.406065656E-2,-3.807559887E-1,-7.479708798E-1,1.150243679E2,4.347786500E1,-1.645568431E1,-1.152351429E2
1.393265908E1,5.372601974E-1,8.373437673E-2,-3.811401783E-1,-7.477114028E-1,1.150053547E2,4.349959806E1,-1.651848081E1,-1.152312914E2
1.394262908E1,5.373112688E-1,8.334087268E-2,-3.816248038E-1,-7.474714291E-1,1.149984157E2,4.353012956E1,-1.658950190E1,-1.152426764E2
1.395259908E1,5.372792583E-1,8.288074500E-2,-3.822042071E-1,-7.472494628E-1,1.150027649E2,4.356882002E1,-1.666860260E1,-1.152684749E2
1.396256808E1,5.371532813E-1,8.238594100E-2,-3.828505290E-1,-7.470638902E-1,1.150198803E2,4.361462406E1,-1.675044544E1,-1.153088176E2
1.397253808E1,5.369499966E-1,8.194256669E-2,-3.835623787E-1,-7.468935853E-1,1.150474955E2,4.367200712E1,-1.682819658E1,-1.153584819E2
1.398250808E1,5.366906565E-1,8.160840540E-2,-3.843161541E-1,-7.467290124E-1,1.150827193E2,4.374126762E1,-1.689621889E1,-1.154124039E2
1.399247708E1,5.364153532E-1,8.144687760E-2,-3.850245372E-1,-7.465795597E-1,1.151201036E2,4.381558166E1,-1.694496495E1,-1.154621386E2
1.400244708E1,5.361649061E-1,8.148380878E-2,-3.856083448E-1,-7.464541412E-1,1.151541060E2,4.388684634E1,-1.696883345E1,-1.155004610E2
1.401241708E1,5.359771630E-1,8.167541889E-2,-3.860662598E-1,-7.463312621E-1,1.151795910E2,4.395175780E1,-1.697363117E1,-1.155237224E2
1.402238608E1,5.358624077E-1,8.198157360E-2,-3.864245923E-1,-7.461946536E-1,1.151951666E2,4.401079599E1,-1.696529497E1,-1.155321878E2
1.403235608E1,5.358042661E-1,8.237087350E-2,-3.867219488E-1,-7.460394478E-1,1.152030576E2,4.406676313E1,-1.694842097E1,-1.155295055E2
1.404232608E1,5.357559658E-1,8.280237293E-2,-3.870001602E-1,-7.458820715E-1,1.152096126E2,4.412280917E1,-1.692703768E1,-1.155238033E2
1.405229508E1,5.356616412E-1,8.326871728E-2,-3.872871486E-1,-7.457490560E-1,1.152224132E2,4.418257365E1,-1.690074320E1,-1.155231366E2
1.406226508E1,5.354933804E-1,8.376307874E-2,-3.875820712E-1,-7.456613168E-1,1.152452451E2,4.424603201E1,-1.686858249E1,-1.155314361E2
1.407223408E1,5.352471374E-1,8.426493180E-2,-3.878806711E-1,-7.456262717E-1,1.152786536E2,4.431161607E1,-1.683183981E1,-1.155499122E2
1.408220408E1,5.349476735E-1,8.475264459E-2,-3.881709470E-1,-7.456348381E-1,1.153192743E2,4.437635132E1,-1.679290454E1,-1.155758733E2
1.409217408E1,5.346183381E-1,8.522171794E-2,-3.884452597E-1,-7.456747090E-1,1.153639365E2,4.443873698E1,-1.675288948E1,-1.156062585E2
1.410214308E1,5.342930276E-1,8.571925095E-2,-3.886753921E-1,-7.457310382E-1,1.154080420E2,4.449771167E1,-1.670751172E1,-1.156345914E2
1.411211308E1,5.339972305E-1,8.629651526E-2,-3.888128119E-1,-7.458046372E-1,1.154481368E2,4.455031161E1,-1.665028073E1,-1.156551070E2
1.412208308E1,5.337479213E-1,8.696564917E-2,-3.888178589E-1,-7.459027234E-1,1.154819234E2,4.459253261E1,-1.657831337E1,-1.156647238E2
1.413205208E1,5.335451213E-1,8.771037344E-2,-3.887068547E-1,-7.460184481E-1,1.155094024E2,4.462530229E1,-1.649419377E1,-1.156641747E2
1.414202208E1,5.333894097E-1,8.851499893E-2,-3.885279413E-1,-7.461279667E-1,1.155304981E2,4.465312842E1,-1.640268107E1,-1.156544237E2
1.415199208E1,5.332686801E-1,8.937312984E-2,-3.883641797E-1,-7.461972772E-1,1.155468528E2,4.468513028E1,-1.630944555E1,-1.156381310E2
1.416196108E1,5.331684654E-1,9.028806416E-2,-3.882764195E-1,-7.462042631E-1,1.155604274E2,4.472850942E1,-1.621764384E1,-1.156176498E2
1.417193108E1,5.330736350E-1,9.127161355E-2,-3.882550405E-1,-7.461634649E-1,1.155732717E2,4.478311879E1,-1.612476851E1,-1.155944915E2
1.418190108E1,5.329483746E-1,9.229546587E-2,-3.882916871E-1,-7.461079997E-1,1.155902362E2,4.484699462E1,-1.603080137E1,-1.155743393E2
1.419187008E1,5.327607789E-1,9.334085523E-2,-3.883796687E-1,-7.460662321E-1,1.156156400E2,4.491881628E1,-1.593519827E1,-1.155620259E2
1.420184008E1,5.324890793E-1,9.441041580E-2,-3.885246117E-1,-7.460500688E-1,1.156524267E2,4.499966556E1,-1.583693256E1,-1.155603422E2
1.421181008E1,5.321450029E-1,9.555615681E-2,-3.887243245E-1,-7.460456750E-1,1.156990022E2,4.509204549E1,-1.573193014E1,-1.155657693E2
1.422177908E1,5.317499921E-1,9.680633770E-2,-3.889567433E-1,-7.460450112E-1,1.157524577E2,4.519475711E1,-1.561736498E1,-1.155741046E2
1.423174908E1,5.313225493E-1,9.814636514E-2,-3.891895520E-1,-7.460530929E-1,1.158102844E2,4.530309559E1,-1.549329294E1,-1.155830507E2
1.424171808E1,5.308872145E-1,9.954826415E-2,-3.893848500E-1,-7.460753042E-1,1.158691601E2,4.541088992E1,-1.536088453E1,-1.155899667E2
1.425168808E1,5.304442301E-1,1.009903396E-1,-3.895479793E-1,-7.461114030E-1,1.159290508E2,4.551751108E1,-1.522242568E1,-1.155956687E2
1.426165808E1,5.299980003E-1,1.024507069E-1,-3.897051660E-1,-7.461473754E-1,1.159893606E2,4.562457332E1,-1.508188617E1,-1.156006240E2
1.427162708E1,5.295677548E-1,1.039236339E-1,-3.898696862E-1,-7.461632331E-1,1.160474912E2,4.573295184E1,-1.494174648E1,-1.156026020E2
1.428159708E1,5.291553689E-1,1.054164963E-1,-3.900436052E-1,-7.461554149E-1,1.161031915E2,4.584328108E1,-1.480162370E1,-1.156010764E2
1.429156708E1,5.287577029E-1,1.069286936E-1,-3.902366272E-1,-7.461212443E-1,1.161568876E2,4.595666954E1,-1.466207893E1,-1.155965846E2
1.430153608E1,5.283380889E-1,1.084622805E-1,-3.904747675E-1,-7.460726068E-1,1.162135304E2,4.607664126E1,-1.452272116E1,-1.155940832E2
1.431150608E1,5.278704380E-1,1.100639134E-1,-3.907674668E-1,-7.460158666E-1,1.162766370E2,4.620726548E1,-1.437873206E1,-1.155952017E2
1.432147608E1,5.273655503E-1,1.118248930E-1,-3.910515365E-1,-7.459621400E-1,1.163447442E2,4.634660660E1,-1.421847347E1,-1.155942511E2
1.433144504E1,5.268525916E-1,1.137951212E-1,-3.912474878E-1,-7.459239022E-1,1.164139145E2,4.648835355E1,-1.403381491E1,-1.155846055E2
1.434141504E1,5.263512548E-1,1.159493309E-1,-3.913099494E-1,-7.459133234E-1,1.164814926E2,4.662583598E1,-1.382497003E1,-1.155641486E2
1.435138504E1,5.258804218E-1,1.182130908E-1,-3.912403966E-1,-7.459265259E-1,1.165449365E2,4.675478481E1,-1.359956709E1,-1.155333203E2
1.436135404E1,5.254346346E-1,1.205138452E-1,-3.910936834E-1,-7.459494959E-1,1.166049855E2,4.687725478E1,-1.336736882E1,-1.154962312E2
1.437132404E1,5.249806393E-1,1.228181609E-1,-3.909770420E-1,-7.459543744E-1,1.166661202E2,4.700363678E1,-1.313682584E1,-1.154594174E2
1.438129304E1,5.244784491E-1,1.251210752E-1,-3.910198527E-1,-7.459025022E-1,1.167337213E2,4.714843864E1,-1.291508379E1,-1.154292891E2
1.439126304E1,5.238993724E-1,1.274402899E-1,-3.913215398E-1,-7.457585917E-1,1.168116419E2,4.732396742E1,-1.270591044E1,-1.154094630E2
1.440123304E1,5.232427245E-1,1.298272029E-1,-3.918804808E-1,-7.455143086E-1,1.168999610E2,4.753299571E1,-1.250478491E1,-1.153976560E2
1.441120204E1,5.224989275E-1,1.323005801E-1,-3.926451616E-1,-7.451987025E-1,1.169999512E2,4.777101385E1,-1.230601227E1,-1.153937119E2
1.442117204E1,5.216325569E-1,1.348594312E-1,-3.935810007E-1,-7.448533512E-1,1.171163519E2,4.803452618E1,-1.210526013E1,-1.154017932E2
1.443114204E1,5.206323911E-1,1.375361881E-1,-3.946188985E-1,-7.445143430E-1,1.172506388E2,4.831787688E1,-1.189433474E1,-1.154211169E2
1.444111104E1,5.195569826E-1,1.404226993E-1,-3.956138170E-1,-7.441986526E-1,1.173949211E2,4.860979249E1,-1.165879808E1,-1.154387602E2
1.445108104E1,5.184275314E-1,1.435470241E-1,-3.964344372E-1,-7.439534422E-1,1.175463352E2,4.889721345E1,-1.138849208E1,-1.154494614E2
1.446105104E1,5.173169619E-1,1.468677954E-1,-3.970213110E-1,-7.437655516E-1,1.176950998E2,4.917047526E1,-1.108711618E1,-1.154450390E2
1.447102004E1,5.162082048E-1,1.502693832E-1,-3.974735045E-1,-7.436148766E-1,1.178435054E2,4.943397325E1,-1.077035613E1,-1.154334140E2
1.448099004E1,5.150960021E-1,1.536885252E-1,-3.978983658E-1,-7.434601450E-1,1.179922558E2,4.969595291E1,-1.045068307E1,-1.154188603E2
1.449096004E1,5.139870132E-1,1.571198582E-1,-3.983516657E-1,-7.432674707E-1,1.181404609E2,4.996223540E1,-1.013284148E1,-1.154010580E2
1.450092904E1,5.129646887E-1,1.606448942E-1,-3.988441938E-1,-7.429560160E-1,1.182769825E2,5.023828114E1,-9.815832765E0,-1.153655582E2
1.451089904E1,5.118589450E-1,1.642063556E-1,-3.994079395E-1,-7.426371119E-1,1.184245347E2,5.052572748E1,-9.496629488E0,-1.153367709E2
1.452086904E1,5.107328234E-1,1.678213856E-1,-3.999711795E-1,-7.423012436E-1,1.185746898E2,5.081716958E1,-9.172580971E0,-1.153053281E2
1.453083804E1,5.097072431E-1,1.715247133E-1,-4.004276614E-1,-7.419134715E-1,1.187113374E2,5.110212538E1,-8.840757003E0,-1.152535227E2
1.454080804E1,5.085773493E-1,1.752123202E-1,-4.007611168E-1,-7.416470402E-1,1.188617719E2,5.137409055E1,-8.496248591E0,-1.152123553E2
1.455077704E1,5.075833053E-1,1.790409820E-1,-4.009230871E-1,-7.413260182E-1,1.189940228E2,5.163571211E1,-8.137446991E0,-1.151433938E2
1.456074704E1,5.065885449E-1,1.829396604E-1,-4.010057265E-1,-7.410097588E-1,1.191262792E2,5.189397522E1,-7.768431064E0,-1.150678100E2
1.457071704E1,5.056428223E-1,1.869033502E-1,-4.010810535E-1,-7.406258326E-1,1.192519327E2,5.215634425E1,-7.397747650E0,-1.149799008E2
1.458068604E1,5.048223496E-1,1.909763690E-1,-4.011862204E-1,-7.400891768E-1,1.193608795E2,5.242942158E1,-7.029274383E0,-1.148677720E2
1.459065604E1,5.039478867E-1,1.951380436E-1,-4.014083238E-1,-7.394788904E-1,1.194769288E2,5.272277684E1,-6.659970017E0,-1.147551297E2
1.460062604E1,5.031381826E-1,1.995285335E-1,-4.017391239E-1,-7.386785007E-1,1.195843228E2,5.304394482E1,-6.285669824E0,-1.146191652E2
1.461059504E1,5.022328050E-1,2.040540619E-1,-4.021973760E-1,-7.378084844E-1,1.197043371E2,5.339011627E1,-5.905487065E0,-1.144845404E2
1.462056504E1,5.013028243E-1,2.086502495E-1,-4.026875965E-1,-7.368875441E-1,1.198275367E2,5.374641090E1,-5.522309049E0,-1.143452717E2
1.463053504E1,5.004339881E-1,2.132234354E-1,-4.030997506E-1,-7.359431386E-1,1.199425668E2,5.409436872E1,-5.141112572E0,-1.141955493E2
1.464050404E1,4.996082049E-1,2.176007228E-1,-4.034415194E-1,-7.350350005E-1,1.200518351E2,5.442355222E1,-4.774658384E0,-1.140477072E2
1.465047404E1,4.989671408E-1,2.216772608E-1,-4.037155898E-1,-7.341012897E-1,1.201366198E2,5.472658715E1,-4.439966516E0,-1.138909619E2
1.466044404E1,4.983612588E-1,2.251833623E-1,-4.040585071E-1,-7.332566458E-1,1.202167183E2,5.500060969E1,-4.157581248E0,-1.137606886E2
1.467041304E1,4.977720774E-1,2.280505123E-1,-4.046398544E-1,-7.324496707E-1,1.202945781E2,5.525897319E1,-3.943101736E0,-1.136646023E2
1.468038304E1,4.971588829E-1,2.303923177E-1,-4.056697547E-1,-7.315631117E-1,1.203755789E2,5.553192154E1,-3.799868052E0,-1.136022619E2
1.469035204E1,4.961227237E-1,2.322180981E-1,-4.074373725E-1,-7.307064559E-1,1.205123774E2,5.585266816E1,-3.721763184E0,-1.136231531E2
1.470032204E1,4.948059719E-1,2.337898910E-1,-4.098998337E-1,-7.297200511E-1,1.206860866E2,5.623388807E1,-3.694667296E0,-1.136941147E2
1.471029204E1,4.931619182E-1,2.351124750E-1,-4.128893782E-1,-7.287220032E-1,1.209027640E2,5.665793420E1,-3.702701962E0,-1.138203267E2
1.472026104E1,4.912688608E-1,2.360900290E-1,-4.161144550E-1,-7.278496372E-1,1.211519714E2,5.708626362E1,-3.736732676E0,-1.139975344E2
1.473023104E1,4.894641960E-1,2.368488830E-1,-4.192720126E-1,-7.270063841E-1,1.213892584E2,5.749311676E1,-3.787486498E0,-1.141765166E2
1.474020104E1,4.876006731E-1,2.373797225E-1,-4.222914129E-1,-7.263377243E-1,1.216339952E2,5.787040322E1,-3.840745278E0,-1.143758123E2
1.475017004E1,4.859131133E-1,2.379976059E-1,-4.250444766E-1,-7.256602559E-1,1.218553711E2,5.822429748E1,-3.879513801E0,-1.145472291E2
1.476014004E1,4.842803760E-1,2.387749518E-1,-4.275477571E-1,-7.250255771E-1,1.220693293E2,5.856160322E1,-3.891660925E0,-1.147009307E2
1.477011004E1,4.828619976E-1,2.398750267E-1,-4.297463896E-1,-7.243082904E-1,1.222550180E2,5.888646856E1,-3.872099762E0,-1.148072252E2
1.478007904E1,4.815353623E-1,2.412210074E-1,-4.316821733E-1,-7.235928265E-1,1.224285459E2,5.919856056E1,-3.821532488E0,-1.148856010E2
1.479004904E1,4.801697517E-1,2.426758218E-1,-4.334293814E-1,-7.229691902E-1,1.226070213E2,5.949725355E1,-3.746666448E0,-1.149604690E2
1.480001904E1,4.788370473E-1,2.442313144E-1,-4.349972652E-1,-7.223874161E-1,1.227810495E2,5.978276946E1,-3.653727076E0,-1.150236383E2
1.480998804E1,4.777183329E-1,2.460227662E-1,-4.363551103E-1,-7.217009810E-1,1.229270230E2,6.006032000E1,-3.543132849E0,-1.150447051E2
1.481995804E1,4.766876528E-1,2.479995061E-1,-4.375604153E-1,-7.209757391E-1,1.230614202E2,6.033336115E1,-3.414330179E0,-1.150419429E2
1.482992804E1,4.760158321E-1,2.503059397E-1,-4.385000055E-1,-7.200511215E-1,1.231489772E2,6.059843732E1,-3.267615840E0,-1.149734440E2
1.483989704E1,4.757391591E-1,2.529290331E-1,-4.391385303E-1,-7.189273390E-1,1.231850250E2,6.085094514E1,-3.104405843E0,-1.148355153E2
1.484986704E1,4.757082338E-1,2.557453066E-1,-4.395309385E-1,-7.177105490E-1,1.231890538E2,6.108937023E1,-2.927642225E0,-1.146539198E2
1.485983604E1,4.760871762E-1,2.588211098E-1,-4.396129879E-1,-7.163051623E-1,1.231396808E2,6.131114951E1,-2.739691508E0,-1.144046018E2
1.486980604E1,4.765207513E-1,2.619135084E-1,-4.395333303E-1,-7.149403104E-1,1.230831755E2,6.151728571E1,-2.544107090E0,-1.141459020E2
1.487977604E1,4.770622856E-1,2.650380018E-1,-4.393154101E-1,-7.135603909E-1,1.230125792E2,6.171155755E1,-2.345220281E0,-1.138705655E2
1.488974504E1,4.777336006E-1,2.681798913E-1,-4.389859798E-1,-7.121386091E-1,1.229250315E2,6.189605546E1,-2.147616120E0,-1.135770008E2
1.489971504E1,4.783987517E-1,2.712103551E-1,-4.386131277E-1,-7.107728932E-1,1.228382518E2,6.206952852E1,-1.955655942E0,-1.132902659E2
1.490968504E1,4.789400436E-1,2.740180306E-1,-4.382522453E-1,-7.095530370E-1,1.227676051E2,6.223014748E1,-1.772581431E0,-1.130321954E2
1.491965404E1,4.794114245E-1,2.766099933E-1,-4.379041808E-1,-7.084429627E-1,1.227060634E2,6.237809524E1,-1.601495382E0,-1.127961973E2
1.492962404E1,4.797017426E-1,2.789173489E-1,-4.376277133E-1,-7.075120126E-1,1.226681517E2,6.251472557E1,-1.443250166E0,-1.126005689E2
1.493959404E1,4.798376767E-1,2.809255040E-1,-4.374021170E-1,-7.067645277E-1,1.226503981E2,6.263621122E1,-1.298873009E0,-1.124434561E2
1.494956304E1,4.800937925E-1,2.827301267E-1,-4.371178997E-1,-7.060463981E-1,1.226169441E2,6.273676459E1,-1.173156072E0,-1.122857889E2
1.495953304E1,4.801190490E-1,2.840651755E-1,-4.369453453E-1,-7.056000103E-1,1.226136448E2,6.281588172E1,-1.071423951E0,-1.121882732E2
1.496950304E1,4.800908528E-1,2.850618168E-1,-4.368646393E-1,-7.052671766E-1,1.226173282E2,6.288055795E1,-9.958478745E-1,-1.121208807E2
1.497947204E1,4.797186013E-1,2.856360518E-1,-4.370331161E-1,-7.051838207E-1,1.226659499E2,6.294215793E1,-9.427864815E-1,-1.121241826E2
1.498944204E1,4.791132461E-1,2.859850645E-1,-4.374184700E-1,-7.052149672E-1,1.227449945E2,6.301149208E1,-9.043981671E-1,-1.121710631E2
1.499941104E1,4.783396829E-1,2.862303381E-1,-4.379465911E-1,-7.053127479E-1,1.228459598E2,6.308923041E1,-8.715399054E-1,-1.122451581E2
1.500938104E1,4.773022909E-1,2.863651027E-1,-4.385721557E-1,-7.055720248E-1,1.229812838E2,6.316986969E1,-8.342891809E-1,-1.123581664E2
1.501935104E1,4.762882272E-1,2.866115195E-1,-4.391011566E-1,-7.058282039E-1,1.231134809E2,6.324796438E1,-7.838556264E-1,-1.124602483E2
1.502932004E1,4.753150353E-1,2.869906146E-1,-4.395034640E-1,-7.060797573E-1,1.232402721E2,6.332164673E1,-7.178593868E-1,-1.125477949E2
1.503929004E1,4.743585969E-1,2.874551203E-1,-4.397949042E-1,-7.063524896E-1,1.233648069E2,6.338918458E1,-6.389590293E-1,-1.126270265E2
1.504926004E1,4.735321920E-1,2.880453237E-1,-4.399357801E-1,-7.065788076E-1,1.234723517E2,6.344905419E1,-5.497079182E-1,-1.126817379E2
1.505922904E1,4.726914572E-1,2.886081685E-1,-4.400048008E-1,-7.068690203E-1,1.235817057E2,6.349881360E1,-4.558886701E-1,-1.127398974E2
1.506919904E1,4.720850589E-1,2.892274374E-1,-4.399174251E-1,-7.070755293E-1,1.236605449E2,6.353511301E1,-3.635785576E-1,-1.127663498E2
1.507916904E1,4.714952559E-1,2.897155190E-1,-4.398063049E-1,-7.073382728E-1,1.237371986E2,6.355900176E1,-2.795714563E-1,-1.128001945E2
1.508913804E1,4.709351981E-1,2.900870909E-1,-4.397261364E-1,-7.076089503E-1,1.238099612E2,6.357770134E1,-2.079031482E-1,-1.128389116E2
1.509910804E1,4.705057111E-1,2.904344599E-1,-4.396717722E-1,-7.077858934E-1,1.238657433E2,6.359747586E1,-1.492747165E-1,-1.128640344E2
1.510907804E1,4.699427346E-1,2.906051915E-1,-4.397352928E-1,-7.080503016E-1,1.239388412E2,6.361736356E1,-1.016785731E-1,-1.129175053E2
1.511904704E1,4.693159583E-1,2.906563578E-1,-4.398502694E-1,-7.083736206E-1,1.240201939E2,6.363413326E1,-6.135853614E-2,-1.129870520E2
1.512901704E1,4.687876265E-1,2.907012705E-1,-4.399344946E-1,-7.086526117E-1,1.240887450E2,6.364696103E1,-2.631399595E-2,-1.130454897E2
1.513898604E1,4.681942621E-1,2.907003907E-1,-4.400342509E-1,-7.089832326E-1,1.241657082E2,6.365812345E1,9.189253372E-3,-1.131148039E2
1.514895604E1,4.677362523E-1,2.908135339E-1,-4.400392875E-1,-7.092359030E-1,1.242250963E2,6.366709116E1,4.962642351E-2,-1.131600232E2
1.515892604E1,4.672894008E-1,2.909524394E-1,-4.400018716E-1,-7.094967182E-1,1.242830219E2,6.367318711E1,9.414731999E-2,-1.132020654E2
1.516889504E1,4.669956162E-1,2.911301832E-1,-4.398790873E-1,-7.096933965E-1,1.243210969E2,6.367256120E1,1.365432047E-1,-1.132234317E2
1.517886504E1,4.667308076E-1,2.911987140E-1,-4.397732144E-1,-7.099051001E-1,1.243554109E2,6.366571529E1,1.681913954E-1,-1.132493308E2
1.518883504E1,4.665884039E-1,2.912173218E-1,-4.396902062E-1,-7.100423619E-1,1.243738613E2,6.365773673E1,1.859003202E-1,-1.132645646E2
1.519880404E1,4.665686792E-1,2.912216735E-1,-4.396378071E-1,-7.100859417E-1,1.243764168E2,6.365215888E1,1.915040831E-1,-1.132665470E2
1.520877404E1,4.665820714E-1,2.911796004E-1,-4.396175029E-1,-7.101071100E-1,1.243746817E2,6.364674942E1,1.891978178E-1,-1.132680597E2
1.521874404E1,4.665500398E-1,2.910229616E-1,-4.396339612E-1,-7.101821314E-1,1.243788317E2,6.363695149E1,1.796873178E-1,-1.132831457E2
1.522871304E1,4.666010480E-1,2.908861846E-1,-4.396442977E-1,-7.101983052E-1,1.243722231E2,6.362795585E1,1.659729549E-1,-1.132871253E2
1.523868304E1,4.666015432E-1,2.908122011E-1,-4.397371630E-1,-7.101706674E-1,1.243721590E2,6.363291028E1,1.540405806E-1,-1.132924074E2
1.524865304E1,4.665961168E-1,2.908875385E-1,-4.398832651E-1,-7.100530250E-1,1.243728620E2,6.365495986E1,1.487117468E-1,-1.132875835E2
1.525862204E1,4.667264349E-1,2.911398770E-1,-4.400292986E-1,-7.097735071E-1,1.243559774E2,6.369017227E1,1.455389731E-1,-1.132540992E2
1.526859204E1,4.669583163E-1,2.914889635E-1,-4.401870701E-1,-7.093795289E-1,1.243259306E2,6.373391719E1,1.406372770E-1,-1.132017019E2
1.527856204E1,4.671699145E-1,2.918484498E-1,-4.403718682E-1,-7.089776798E-1,1.242985083E2,6.378150606E1,1.358540075E-1,-1.131509297E2
1.528853104E1,4.672813929E-1,2.922108126E-1,-4.405928178E-1,-7.086177036E-1,1.242840598E2,6.383339403E1,1.357830294E-1,-1.131115909E2
1.529850104E1,4.672984413E-1,2.925631129E-1,-4.408542600E-1,-7.082983780E-1,1.242818501E2,6.388910244E1,1.388243410E-1,-1.130839384E2
1.530847004E1,4.672838901E-1,2.928836765E-1,-4.411567110E-1,-7.079870497E-1,1.242837362E2,6.394708003E1,1.389339157E-1,-1.130622484E2
1.531844004E1,4.672024203E-1,2.930778945E-1,-4.415395677E-1,-7.077216510E-1,1.242942954E2,6.400469703E1,1.293988054E-1,-1.130575372E2
1.532841004E1,4.669474424E-1,2.930507519E-1,-4.420535907E-1,-7.075803642E-1,1.243273397E2,6.406058355E1,1.078495347E-1,-1.130891789E2
1.533837879E1,4.667538198E-1,2.929441994E-1,-4.425794201E-1,-7.074235780E-1,1.243524291E2,6.411191801E1,7.563031487E-2,-1.131194669E2
1.534834879E1,4.665562880E-1,2.927159321E-1,-4.431174667E-1,-7.073114147E-1,1.243780222E2,6.415559750E1,3.461577018E-2,-1.131590675E2
1.535831879E1,4.662623559E-1,2.923342713E-1,-4.437087659E-1,-7.072924486E-1,1.244160996E2,6.419393337E1,-1.362172907E-2,-1.132210878E2
1.536828779E1,4.660004449E-1,2.918930096E-1,-4.443268758E-1,-7.072592474E-1,1.244500233E2,6.423096077E1,-7.018637528E-2,-1.132837094E2
1.537825779E1,4.655726122E-1,2.912769122E-1,-4.450636818E-1,-7.073316978E-1,1.245054264E2,6.426856495E1,-1.352259633E-1,-1.133783315E2
1.538822779E1,4.653102586E-1,2.907159745E-1,-4.456368420E-1,-7.073742978E-1,1.245393934E2,6.429189138E1,-1.964545337E-1,-1.134496808E2
1.539819679E1,4.651079643E-1,2.902157863E-1,-4.460252568E-1,-7.074679375E-1,1.245655809E2,6.429889466E1,-2.442567116E-1,-1.135095820E2
1.540816679E1,4.648955968E-1,2.897362763E-1,-4.463027148E-1,-7.076290544E-1,1.245930691E2,6.429493161E1,-2.817084100E-1,-1.135691021E2
1.541813679E1,4.647065682E-1,2.892697002E-1,-4.465165784E-1,-7.078090636E-1,1.246175334E2,6.428477108E1,-3.152969692E-1,-1.136249220E2
1.542810579E1,4.644581020E-1,2.888034085E-1,-4.467083255E-1,-7.080416826E-1,1.246496860E2,6.427219737E1,-3.429115282E-1,-1.136876157E2
1.543807579E1,4.640500889E-1,2.883248416E-1,-4.469264249E-1,-7.083665821E-1,1.247024745E2,6.426180120E1,-3.617180694E-1,-1.137696663E2
1.544804479E1,4.636629912E-1,2.879085308E-1,-4.471078935E-1,-7.086746123E-1,1.247525452E2,6.425187610E1,-3.751659113E-1,-1.138447063E2
1.545801479E1,4.632142431E-1,2.874506211E-1,-4.472696794E-1,-7.090518793E-1,1.248105759E2,6.423673453E1,-3.855213343E-1,-1.139298997E2
1.546798479E1,4.629295728E-1,2.871295464E-1,-4.473001937E-1,-7.093486037E-1,1.248473807E2,6.421672185E1,-3.888745718E-1,-1.139861080E2
1.547795379E1,4.626748267E-1,2.868898678E-1,-4.472571513E-1,-7.096387531E-1,1.248803114E2,6.419432567E1,-3.834785730E-1,-1.140329167E2
1.548792379E1,4.625936940E-1,2.868165323E-1,-4.471141892E-1,-7.098114287E-1,1.248907982E2,6.417273124E1,-3.720300491E-1,-1.140475908E2
1.549789379E1,4.626189927E-1,2.868730038E-1,-4.469407180E-1,-7.098813820E-1,1.248875283E2,6.415715569E1,-3.572369548E-1,-1.140405485E2
1.550786279E1,4.626105633E-1,2.869816953E-1,-4.468088458E-1,-7.099258891E-1,1.248886178E2,6.415014111E1,-3.395088929E-1,-1.140336443E2
1.551783279E1,4.626696742E-1,2.871763136E-1,-4.466670796E-1,-7.098979668E-1,1.248809774E2,6.414829698E1,-3.201052868E-1,-1.140127247E2
1.552780279E1,4.628597565E-1,2.874654673E-1,-4.464807642E-1,-7.097741393E-1,1.248564062E2,6.414831510E1,-3.005089337E-1,-1.139697594E2
1.553777179E1,4.630180706E-1,2.877574870E-1,-4.462959660E-1,-7.096688460E-1,1.248359396E2,6.414875183E1,-2.785242904E-1,-1.139302785E2
1.554774179E1,4.632022945E-1,2.880976753E-1,-4.460782565E-1,-7.095474209E-1,1.248121209E2,6.414901497E1,-2.527335855E-1,-1.138842750E2
1.555771179E1,4.632710571E-1,2.883836786E-1,-4.458911298E-1,-7.095040307E-1,1.248032298E2,6.414881426E1,-2.244937684E-1,-1.138555879E2
1.556768079E1,4.633407996E-1,2.886650878E-1,-4.456848262E-1,-7.094735691E-1,1.247942116E2,6.414611997E1,-1.952315776E-1,-1.138270866E2
1.557765079E1,4.633269333E-1,2.888706275E-1,-4.454958081E-1,-7.095177811E-1,1.247960046E2,6.413983216E1,-1.663138320E-1,-1.138137994E2
1.558761979E1,4.632711098E-1,2.890140479E-1,-4.452938035E-1,-7.096226636E-1,1.248032230E2,6.412750887E1,-1.376058087E-1,-1.138098684E2
1.559758979E1,4.632779270E-1,2.891519577E-1,-4.450345952E-1,-7.097245009E-1,1.248023415E2,6.410829692E1,-1.096041277E-1,-1.137990473E2
1.560755979E1,4.631056518E-1,2.891177292E-1,-4.448368474E-1,-7.099749164E-1,1.248246164E2,6.408338129E1,-8.481183093E-2,-1.138215115E2
1.561752879E1,4.628876894E-1,2.890127414E-1,-4.446489146E-1,-7.102773411E-1,1.248527953E2,6.405435865E1,-6.225843006E-2,-1.138543725E2
1.562749879E1,4.628149123E-1,2.889458174E-1,-4.443865874E-1,-7.105161767E-1,1.248622033E2,6.401971402E1,-4.217679813E-2,-1.138676587E2
1.563746879E1,4.626954576E-1,2.887999419E-1,-4.441033237E-1,-7.108303499E-1,1.248776446E2,6.397688675E1,-2.255468957E-2,-1.138920737E2
1.564743779E1,4.627136018E-1,2.887076140E-1,-4.437047251E-1,-7.111047891E-1,1.248752993E2,6.392494870E1,-7.843268088E-4,-1.138966345E2
1.565740779E1,4.628209077E-1,2.886590187E-1,-4.432207528E-1,-7.113565744E-1,1.248614283E2,6.386659305E1,2.379603135E-2,-1.138877207E2
1.566737779E1,4.629798961E-1,2.886296792E-1,-4.426848188E-1,-7.115987396E-1,1.248408749E2,6.380380512E1,4.977222052E-2,-1.138714099E2
1.567734679E1,4.630486376E-1,2.885156035E-1,-4.421590211E-1,-7.119270214E-1,1.248319877E2,6.373594499E1,7.573609299E-2,-1.138716857E2
1.568731679E1,4.631355760E-1,2.883421218E-1,-4.415995691E-1,-7.122879354E-1,1.248207474E2,6.365993682E1,9.879445361E-2,-1.138741556E2
1.569728679E1,4.633808918E-1,2.881685769E-1,-4.409617028E-1,-7.125938162E-1,1.247890272E2,6.357511459E1,1.161866139E-1,-1.138582376E2
1.570725579E1,4.636611894E-1,2.879276339E-1,-4.403094698E-1,-7.129119195E-1,1.247527782E2,6.348374839E1,1.274980725E-1,-1.138430563E2
1.571722579E1,4.639026592E-1,2.875933988E-1,-4.396773619E-1,-7.132799774E-1,1.247215457E2,6.338783703E1,1.337417191E-1,-1.138391277E2
1.572719579E1,4.642849627E-1,2.872748529E-1,-4.390113574E-1,-7.135697475E-1,1.246720882E2,6.328931709E1,1.334159273E-1,-1.138176128E2
1.573716479E1,4.647434572E-1,2.869261773E-1,-4.383096493E-1,-7.138427537E-1,1.246127594E2,6.318461603E1,1.281857537E-1,-1.137893173E2
1.574713479E1,4.652789540E-1,2.865433470E-1,-4.375492042E-1,-7.141142005E-1,1.245434461E2,6.307086096E1,1.194316554E-1,-1.137544435E2
1.575710379E1,4.659352015E-1,2.861656164E-1,-4.367169831E-1,-7.143472515E-1,1.244584730E2,6.294948936E1,1.076938987E-1,-1.137050260E2
1.576707379E1,4.667644829E-1,2.858266135E-1,-4.358226006E-1,-7.144877691E-1,1.243510475E2,6.282407410E1,9.088358675E-2,-1.136324964E2
1.577704379E1,4.676642971E-1,2.854713103E-1,-4.349466258E-1,-7.145751184E-1,1.242344250E2,6.269961955E1,6.665647348E-2,-1.135527151E2
1.578701279E1,4.685635844E-1,2.850662264E-1,-4.341528004E-1,-7.146304573E-1,1.241178080E2,6.258079934E1,3.309580420E-2,-1.134763684E2
1.579698279E1,4.695098970E-1,2.846631813E-1,-4.334139188E-1,-7.146186245E-1,1.239950248E2,6.246835274E1,-7.621860223E-3,-1.133941865E2
1.580695279E1,4.703781748E-1,2.841499223E-1,-4.327487519E-1,-7.146549024E-1,1.238823050E2,6.235609929E1,-5.574113624E-2,-1.133287590E2
1.581692179E1,4.713816386E-1,2.835715779E-1,-4.320748291E-1,-7.146312686E-1,1.237519618E2,6.223812181E1,-1.172300473E-1,-1.132518700E2
1.582689179E1,4.723588870E-1,2.827738329E-1,-4.314964795E-1,-7.146514675E-1,1.236249475E2,6.211474628E1,-1.989843037E-1,-1.131932921E2
1.583686179E1,4.734328835E-1,2.817983863E-1,-4.309950163E-1,-7.146287819E-1,1.234852716E2,6.198695356E1,-3.054997740E-1,-1.131355384E2
1.584683079E1,4.745145824E-1,2.806285689E-1,-4.306097836E-1,-7.146039574E-1,1.233445015E2,6.185794804E1,-4.345738314E-1,-1.130901163E2
1.585680079E1,4.755351262E-1,2.792793798E-1,-4.303631244E-1,-7.146026930E-1,1.232116045E2,6.173139788E1,-5.820189086E-1,-1.130639962E2
1.586677079E1,4.766853453E-1,2.778995710E-1,-4.301643651E-1,-7.144938383E-1,1.230617210E2,6.160802217E1,-7.443524512E-1,-1.130241263E2
1.587673979E1,4.777881808E-1,2.764035264E-1,-4.300680174E-1,-7.143955307E-1,1.229179120E2,6.148775219E1,-9.190604739E-1,-1.129973932E2
1.588670979E1,4.790405533E-1,2.749522577E-1,-4.299994709E-1,-7.141582229E-1,1.227544845E2,6.137386967E1,-1.103329219E0,-1.129492266E2
1.589667879E1,4.804109687E-1,2.735867050E-1,-4.299454755E-1,-7.137943586E-1,1.225755071E2,6.126779336E1,-1.291083518E0,-1.128804600E2
1.590664879E1,4.817489625E-1,2.722747421E-1,-4.299271153E-1,-7.134053432E-1,1.224006161E2,6.116962707E1,-1.475493406E0,-1.128113073E2
1.591661879E1,4.831886567E-1,2.711003202E-1,-4.297843217E-1,-7.129648665E-1,1.222122677E2,6.106741170E1,-1.648272311E0,-1.127199144E2
1.592658779E1,4.846305952E-1,2.699189177E-1,-4.294717028E-1,-7.126227078E-1,1.220234543E2,6.094573841E1,-1.809102783E0,-1.126279634E2
1.593655779E1,4.860513023E-1,2.685791168E-1,-4.289999900E-1,-7.124453328E-1,1.218372523E2,6.079497200E1,-1.967702168E0,-1.125484677E2
1.594652779E1,4.874796484E-1,2.670675833E-1,-4.284344003E-1,-7.123779927E-1,1.216498793E2,6.062146626E1,-2.131892820E0,-1.124787994E2
1.595649679E1,4.887241184E-1,2.653476810E-1,-4.279246500E-1,-7.124743825E-1,1.214864879E2,6.043962815E1,-2.302038606E0,-1.124443969E2
1.596646679E1,4.900435150E-1,2.636157933E-1,-4.274410465E-1,-7.125014935E-1,1.213131165E2,6.025990340E1,-2.480314380E0,-1.124009304E2
1.597643679E1,4.912500317E-1,2.617427452E-1,-4.270897525E-1,-7.125717734E-1,1.211544486E2,6.008518955E1,-2.670648032E0,-1.123796443E2
1.598640579E1,4.925577009E-1,2.598135417E-1,-4.267833186E-1,-7.125586025E-1,1.209823382E2,5.991149857E1,-2.875511168E0,-1.123489421E2
1.599637579E1,4.937890843E-1,2.577711212E-1,-4.265551619E-1,-7.125847967E-1,1.208201343E2,5.973887179E1,-3.089108727E0,-1.123339902E2
1.600634579E1,4.949341404E-1,2.556923122E-1,-4.263858159E-1,-7.126406729E-1,1.206691848E2,5.957068547E1,-3.303918933E0,-1.123308792E2
1.601631479E1,4.961878406E-1,2.537611383E-1,-4.261663625E-1,-7.125905182E-1,1.205037831E2,5.940735574E1,-3.512228760E0,-1.123038797E2
1.602628479E1,4.974234492E-1,2.519295259E-1,-4.258644594E-1,-7.125593822E-1,1.203406347E2,5.924210432E1,-3.706208567E0,-1.122714726E2
1.603625479E1,4.985850901E-1,2.501728716E-1,-4.254199102E-1,-7.126320539E-1,1.201871312E2,5.906665259E1,-3.879230757E0,-1.122420552E2
1.604622379E1,4.998350076E-1,2.485815330E-1,-4.247696265E-1,-7.127011642E-1,1.200218304E2,5.887983184E1,-4.031262229E0,-1.121899766E2
1.605619379E1,5.009923706E-1,2.470496426E-1,-4.240275680E-1,-7.128629976E-1,1.198686471E2,5.868737911E1,-4.165867270E0,-1.121443922E2
1.606616279E1,5.021497020E-1,2.456283244E-1,-4.232466290E-1,-7.130040420E-1,1.197153493E2,5.849844075E1,-4.289636700E0,-1.120909818E2
1.607613279E1,5.032678052E-1,2.442352341E-1,-4.225298060E-1,-7.131193242E-1,1.195671344E2,5.831877612E1,-4.413477877E0,-1.120400121E2
1.608610279E1,5.042283846E-1,2.427508853E-1,-4.219921176E-1,-7.132660268E-1,1.194397116E2,5.815320941E1,-4.546542675E0,-1.120138693E2
1.609607179E1,5.051203910E-1,2.412424285E-1,-4.216126484E-1,-7.133711305E-1,1.193213110E2,5.800381691E1,-4.688560632E0,-1.119974005E2
1.610604179E1,5.058406596E-1,2.396658940E-1,-4.213939379E-1,-7.135212786E-1,1.192256537E2,5.786823254E1,-4.835942667E0,-1.120060706E2
1.611601179E1,5.064649808E-1,2.380406905E-1,-4.212848408E-1,-7.136867893E-1,1.191427011E2,5.774195283E1,-4.988687118E0,-1.120292822E2
1.612598079E1,5.070665744E-1,2.363653743E-1,-4.212495006E-1,-7.138374327E-1,1.190627350E2,5.762070091E1,-5.149235213E0,-1.120580362E2
1.613595079E1,5.074830696E-1,2.345375919E-1,-4.213089698E-1,-7.141091956E-1,1.190073536E2,5.750048888E1,-5.315700408E0,-1.121186366E2
1.614592079E1,5.079338933E-1,2.327320631E-1,-4.213364496E-1,-7.143629828E-1,1.189473897E2,5.737846896E1,-5.480776872E0,-1.121729210E2
1.615588979E1,5.084144622E-1,2.310217335E-1,-4.212372043E-1,-7.146349038E-1,1.188834491E2,5.724910964E1,-5.631715616E0,-1.122168246E2
1.616585979E1,5.089593262E-1,2.294710666E-1,-4.208838451E-1,-7.149546403E-1,1.188109284E2,5.710243785E1,-5.756602046E0,-1.122417663E2
1.617582979E1,5.097135545E-1,2.281350326E-1,-4.201676648E-1,-7.152660528E-1,1.187104967E2,5.692941861E1,-5.852958327E0,-1.122262406E2
1.618579879E1,5.108606548E-1,2.270508787E-1,-4.190541977E-1,-7.154459039E-1,1.185576509E2,5.672786335E1,-5.927581419E0,-1.121451354E2
1.619576879E1,5.120637576E-1,2.259008808E-1,-4.177771693E-1,-7.156966145E-1,1.183972127E2,5.650364421E1,-5.998596579E0,-1.120598769E2
1.620573879E1,5.134834216E-1,2.247010127E-1,-4.164302298E-1,-7.158422002E-1,1.182077229E2,5.626746141E1,-6.082427434E0,-1.119497124E2
1.621570779E1,5.148934865E-1,2.233200712E-1,-4.151761924E-1,-7.159898828E-1,1.180193285E2,5.602942340E1,-6.185814176E0,-1.118509058E2
1.622567779E1,5.162339986E-1,2.217438318E-1,-4.140734518E-1,-7.161530859E-1,1.178400542E2,5.579527074E1,-6.310273255E0,-1.117718379E2
1.623564679E1,5.175226280E-1,2.199682694E-1,-4.131396462E-1,-7.163099249E-1,1.176675590E2,5.556659313E1,-6.458718733E0,-1.117104590E2
1.624561679E1,5.185311599E-1,2.178344587E-1,-4.124201152E-1,-7.166473104E-1,1.175324478E2,5.533893533E1,-6.631565482E0,-1.117046238E2
1.625558679E1,5.193942326E-1,2.154333844E-1,-4.118187745E-1,-7.170937404E-1,1.174167468E2,5.510739700E1,-6.824048447E0,-1.117316078E2
1.626555579E1,5.201631070E-1,2.128592972E-1,-4.112900950E-1,-7.176084061E-1,1.173136139E2,5.487322682E1,-7.029284310E0,-1.117792436E2
1.627552579E1,5.207771234E-1,2.101599917E-1,-4.108228655E-1,-7.182260049E-1,1.172312123E2,5.463889372E1,-7.239060192E0,-1.118522827E2
1.628549579E1,5.214437284E-1,2.074618032E-1,-4.103516532E-1,-7.187959041E-1,1.171417123E2,5.440449846E1,-7.452557481E0,-1.119171312E2
1.629546479E1,5.222069130E-1,2.047474408E-1,-4.098666905E-1,-7.192967034E-1,1.170391928E2,5.416751130E1,-7.673169932E0,-1.119691124E2
1.630543479E1,5.230884144E-1,2.019695315E-1,-4.093578621E-1,-7.197311110E-1,1.169207097E2,5.392350705E1,-7.905128171E0,-1.120079075E2
1.631540479E1,5.241424017E-1,1.991223749E-1,-4.088335237E-1,-7.200556628E-1,1.167789438E2,5.367262471E1,-8.152919844E0,-1.120268174E2
1.632537379E1,5.251457180E-1,1.960673184E-1,-4.083899703E-1,-7.204145327E-1,1.166438931E2,5.341787356E1,-8.420038016E0,-1.120618711E2
1.633534383E1,5.262444863E-1,1.929310555E-1,-4.080135884E-1,-7.206727243E-1,1.164958814E2,5.316509904E1,-8.705140371E0,-1.120873819E2
1.634531383E1,5.272928259E-1,1.896974755E-1,-4.077454396E-1,-7.209166913E-1,1.163545524E2,5.291884474E1,-9.003241171E0,-1.121228804E2
1.635528283E1,5.281327389E-1,1.863163710E-1,-4.076086310E-1,-7.212609362E-1,1.162412438E2,5.267978484E1,-9.310082877E0,-1.121912598E2
1.636525283E1,5.289339188E-1,1.829186923E-1,-4.075117880E-1,-7.215981426E-1,1.161330954E2,5.244517596E1,-9.619600340E0,-1.122635014E2
1.637522183E1,5.295263771E-1,1.794103360E-1,-4.074887021E-1,-7.220573326E-1,1.160530808E2,5.221424334E1,-9.931050286E0,-1.123664832E2
1.638519183E1,5.301132825E-1,1.759075851E-1,-4.075082266E-1,-7.224773997E-1,1.159737816E2,5.198941462E1,-1.024586561E1,-1.124679918E2
1.639516183E1,5.304561787E-1,1.722781409E-1,-4.076691960E-1,-7.230093034E-1,1.159274357E2,5.177544215E1,-1.056692426E1,-1.126059960E2
1.640513083E1,5.306898619E-1,1.686099005E-1,-4.079731485E-1,-7.235309760E-1,1.158958442E2,5.157711489E1,-1.089591639E1,-1.127587830E2
1.641510083E1,5.308676795E-1,1.649305649E-1,-4.084173763E-1,-7.239977524E-1,1.158718016E2,5.139552202E1,-1.123376783E1,-1.129181638E2
1.642507083E1,5.308763512E-1,1.611540492E-1,-4.090620440E-1,-7.244776469E-1,1.158706290E2,5.123329700E1,-1.158478101E1,-1.131034714E2
1.643503983E1,5.307552317E-1,1.573056205E-1,-4.099484765E-1,-7.249109903E-1,1.158870060E2,5.109656415E1,-1.195242659E1,-1.133087638E2
1.644500983E1,5.304693707E-1,1.534094393E-1,-4.111231513E-1,-7.252899115E-1,1.159256524E2,5.099273824E1,-1.233597661E1,-1.135379211E2
1.645497983E1,5.300310224E-1,1.495498312E-1,-4.125427098E-1,-7.256105016E-1,1.159848982E2,5.092240504E1,-1.272612613E1,-1.137853779E2
1.646494883E1,5.294829342E-1,1.457984982E-1,-4.140645166E-1,-7.259071416E-1,1.160589491E2,5.087371656E1,-1.310920895E1,-1.140414986E2
1.647491883E1,5.288894434E-1,1.422097678E-1,-4.155431229E-1,-7.262067846E-1,1.161391007E2,5.083286710E1,-1.347407383E1,-1.142946426E2
1.648488883E1,5.283471610E-1,1.388230262E-1,-4.168532893E-1,-7.265058797E-1,1.162123059E2,5.078665943E1,-1.381425200E1,-1.145296163E2
1.649485783E1,5.279271044E-1,1.356782602E-1,-4.179170125E-1,-7.267941010E-1,1.162689914E2,5.072727161E1,-1.412505573E1,-1.147348371E2
1.650482783E1,5.276656148E-1,1.328051517E-1,-4.186978672E-1,-7.270652000E-1,1.163042698E2,5.065126164E1,-1.440349247E1,-1.149040209E2
1.651479783E1,5.276146171E-1,1.302712410E-1,-4.191288187E-1,-7.273122649E-1,1.163111493E2,5.055367800E1,-1.464215287E1,-1.150268703E2
1.652476683E1,5.277878723E-1,1.280691524E-1,-4.191604289E-1,-7.275595510E-1,1.162877765E2,5.042772700E1,-1.483875800E1,-1.151015796E2
1.653473683E1,5.281411156E-1,1.260718554E-1,-4.188342122E-1,-7.278398591E-1,1.162401133E2,5.027094121E1,-1.500402458E1,-1.151398578E2
1.654470583E1,5.285635218E-1,1.241751630E-1,-4.182839008E-1,-7.281756747E-1,1.161831019E2,5.009378041E1,-1.514938351E1,-1.151619505E2
1.655467583E1,5.289771404E-1,1.223416802E-1,-4.176128071E-1,-7.285706855E-1,1.161272593E2,4.990680804E1,-1.528058169E1,-1.151806218E2
1.656464583E1,5.293583482E-1,1.205110424E-1,-4.168608125E-1,-7.290295487E-1,1.160757775E2,4.971141311E1,-1.540411037E1,-1.152019819E2
1.657461483E1,5.296950699E-1,1.186152561E-1,-4.160750899E-1,-7.295445305E-1,1.160302915E2,4.950923007E1,-1.552837833E1,-1.152308816E2
1.658458483E1,5.299717955E-1,1.165925129E-1,-4.153132751E-1,-7.301033240E-1,1.159929016E2,4.930352587E1,-1.566185579E1,-1.152724410E2
1.659455483E1,5.301733839E-1,1.143845343E-1,-4.146238685E-1,-7.306979739E-1,1.159656591E2,4.909678618E1,-1.581213198E1,-1.153314957E2
1.660452383E1,5.302779081E-1,1.120208759E-1,-4.140670033E-1,-7.313037084E-1,1.159515322E2,4.889792455E1,-1.597980984E1,-1.154100740E2
1.661449383E1,5.303143651E-1,1.096227202E-1,-4.136453241E-1,-7.318790550E-1,1.159466047E2,4.871381551E1,-1.615656060E1,-1.154993960E2
1.662446383E1,5.303188432E-1,1.073165605E-1,-4.133227426E-1,-7.323996424E-1,1.159459994E2,4.854702089E1,-1.633114830E1,-1.155892590E2
1.663443283E1,5.302910474E-1,1.051622349E-1,-4.130655520E-1,-7.328773980E-1,1.159497563E2,4.839707081E1,-1.649596848E1,-1.156771386E2
1.664440283E1,5.301978607E-1,1.031940930E-1,-4.128410041E-1,-7.333508335E-1,1.159623511E2,4.826261790E1,-1.664374071E1,-1.157658360E2
1.665437283E1,5.300332035E-1,1.014384871E-1,-4.125729291E-1,-7.338654781E-1,1.159846034E2,4.813653599E1,-1.676639696E1,-1.158545836E2
1.666434183E1,5.298022598E-1,9.991499442E-2,-4.122017945E-1,-7.344496967E-1,1.160158094E2,4.801299496E1,-1.685830385E1,-1.159414764E2
1.667431183E1,5.295142810E-1,9.860513359E-2,-4.117354186E-1,-7.350955866E-1,1.160547148E2,4.789161486E1,-1.692209636E1,-1.160261836E2
1.668428083E1,5.291725754E-1,9.745747490E-2,-4.112165066E-1,-7.357848351E-1,1.161008678E2,4.777429130E1,-1.696536268E1,-1.161108822E2
1.669425083E1,5.287911253E-1,9.641740658E-2,-4.106867312E-1,-7.364916588E-1,1.161523753E2,4.766246674E1,-1.699652871E1,-1.161963404E2
1.670422083E1,5.283867052E-1,9.545966160E-2,-4.101829078E-1,-7.371871450E-1,1.162069687E2,4.755863432E1,-1.702129544E1,-1.162817492E2
1.671418983E1,5.279678499E-1,9.454313623E-2,-4.097278904E-1,-7.378580386E-1,1.162634936E2,4.746296229E1,-1.704528682E1,-1.163678284E2
1.672415983E1,5.275136754E-1,9.363293289E-2,-4.093327215E-1,-7.385180582E-1,1.163247654E2,4.737511802E1,-1.707108847E1,-1.164588520E2
1.673412983E1,5.270374476E-1,9.274379244E-2,-4.089709857E-1,-7.391703755E-1,1.163889905E2,4.729269099E1,-1.709633111E1,-1.165521959E2
1.674409883E1,5.265214965E-1,9.185002637E-2,-4.086509225E-1,-7.398264228E-1,1.164585475E2,4.721549637E1,-1.712281152E1,-1.166512949E2
1.675406883E1,5.259603006E-1,9.099652107E-2,-4.083985788E-1,-7.404702265E-1,1.165341745E2,4.714905945E1,-1.714809019E1,-1.167554587E2
1.676403883E1,5.254036988E-1,9.027127918E-2,-4.082173684E-1,-7.410537180E-1,1.166091519E2,4.709776062E1,-1.716749751E1,-1.168547652E2
1.677400783E1,5.248996541E-1,8.972282224E-2,-4.080698123E-1,-7.415586056E-1,1.166770235E2,4.705917803E1,-1.717684359E1,-1.169407032E2
1.678397783E1,5.244824530E-1,8.933130963E-2,-4.079224775E-1,-7.419821288E-1,1.167331824E2,4.702781885E1,-1.717744017E1,-1.170091691E2
1.679394783E1,5.241468693E-1,8.905688096E-2,-4.077840777E-1,-7.423281649E-1,1.167783427E2,4.700254568E1,-1.717304680E1,-1.170624424E2
1.680391683E1,5.238608713E-1,8.887597615E-2,-4.076997103E-1,-7.425979785E-1,1.168168214E2,4.698772738E1,-1.716698862E1,-1.171061918E2
1.681388683E1,5.235943030E-1,8.878152506E-2,-4.077102892E-1,-7.427915484E-1,1.168526789E2,4.698812748E1,-1.716096955E1,-1.171451403E2
1.682385683E1,5.233258592E-1,8.878742562E-2,-4.078018321E-1,-7.429296742E-1,1.168887817E2,4.700323942E1,-1.715159272E1,-1.171813855E2
1.683382583E1,5.230456248E-1,8.887504892E-2,-4.079539401E-1,-7.430329761E-1,1.169264628E2,4.702988847E1,-1.713852141E1,-1.172167435E2
1.684379583E1,5.227536841E-1,8.900810652E-2,-4.081634942E-1,-7.431075234E-1,1.169657098E2,4.706574717E1,-1.712472498E1,-1.172525525E2
1.685376483E1,5.224413338E-1,8.914157505E-2,-4.084568890E-1,-7.431498809E-1,1.170076915E2,4.711151066E1,-1.711547246E1,-1.172919034E2
1.686373483E1,5.221182677E-1,8.924447658E-2,-4.088613512E-1,-7.431422629E-1,1.170511035E2,4.716847173E1,-1.711588338E1,-1.173350440E2
1.687370483E1,5.218011232E-1,8.929746571E-2,-4.093738885E-1,-7.430763768E-1,1.170937100E2,4.723498022E1,-1.712838709E1,-1.173804427E2
1.688367383E1,5.215134815E-1,8.930773900E-2,-4.099618054E-1,-7.429530025E-1,1.171323446E2,4.730735125E1,-1.715143977E1,-1.174244246E2
1.689364383E1,5.212744351E-1,8.927027045E-2,-4.105513134E-1,-7.427996617E-1,1.171644461E2,4.737657972E1,-1.718152194E1,-1.174638344E2
1.690361383E1,5.210893051E-1,8.914644301E-2,-4.110975365E-1,-7.426423907E-1,1.171893033E2,4.743537254E1,-1.721926321E1,-1.174990020E2
1.691358283E1,5.209513900E-1,8.894056619E-2,-4.115875253E-1,-7.424923585E-1,1.172078190E2,4.748257907E1,-1.726303305E1,-1.175304720E2
1.692355283E1,5.208560539E-1,8.869640950E-2,-4.120110168E-1,-7.423536111E-1,1.172206171E2,4.751946424E1,-1.730802905E1,-1.175570953E2
1.693352283E1,5.208030858E-1,8.843623700E-2,-4.123696865E-1,-7.422227346E-1,1.172277273E2,4.754740905E1,-1.735240664E1,-1.175780478E2
1.694349183E1,5.208092814E-1,8.819174314E-2,-4.126303647E-1,-7.421024896E-1,1.172268957E2,4.756402147E1,-1.739207631E1,-1.175894937E2
1.695346183E1,5.208904035E-1,8.794875602E-2,-4.127772992E-1,-7.419927076E-1,1.172160060E2,4.756646482E1,-1.742810271E1,-1.175897511E2
1.696343183E1,5.210348513E-1,8.768271457E-2,-4.128396871E-1,-7.418879622E-1,1.171966142E2,4.755693012E1,-1.746398360E1,-1.175815655E2
1.697340083E1,5.212374302E-1,8.740776961E-2,-4.128318688E-1,-7.417824897E-1,1.171694150E2,4.753790818E1,-1.749915529E1,-1.175652629E2
1.698337083E1,5.214953162E-1,8.714542655E-2,-4.127387875E-1,-7.416840030E-1,1.171347842E2,4.750886576E1,-1.753053045E1,-1.175402041E2
1.699334083E1,5.218013234E-1,8.690454677E-2,-4.125559650E-1,-7.415986767E-1,1.170936831E2,4.746987230E1,-1.755660693E1,-1.175069060E2
1.700330983E1,5.221216605E-1,8.669230578E-2,-4.123218287E-1,-7.415281861E-1,1.170506476E2,4.742628789E1,-1.757745125E1,-1.174700112E2
1.701327983E1,5.224631870E-1,8.652879708E-2,-4.120572519E-1,-7.414538707E-1,1.170047546E2,4.738148540E1,-1.759311016E1,-1.174281100E2
1.702324883E1,5.228301069E-1,8.643606348E-2,-4.117434370E-1,-7.413802928E-1,1.169554367E2,4.733442696E1,-1.760059217E1,-1.173795653E2
1.703321883E1,5.232509642E-1,8.639429595E-2,-4.113565711E-1,-7.413030166E-1,1.168988530E2,4.728086449E1,-1.760161393E1,-1.173211245E2
1.704318883E1,5.237287620E-1,8.638595088E-2,-4.109067799E-1,-7.412160887E-1,1.168345930E2,4.722097474E1,-1.759856905E1,-1.172531595E2
1.705315783E1,5.242666611E-1,8.640868910E-2,-4.104182347E-1,-7.411037884E-1,1.167622233E2,4.715735520E1,-1.759348970E1,-1.171755900E2
1.706312783E1,5.248615112E-1,8.646772630E-2,-4.099044752E-1,-7.409602468E-1,1.166821585E2,4.709190984E1,-1.758665488E1,-1.170888115E2
1.707309783E1,5.255070007E-1,8.657137594E-2,-4.093870278E-1,-7.407766867E-1,1.165952389E2,4.702766177E1,-1.757845165E1,-1.169935609E2
1.708306683E1,5.261792851E-1,8.673511644E-2,-4.088883884E-1,-7.405556265E-1,1.165046678E2,4.696843082E1,-1.756772122E1,-1.168926665E2
1.709303683E1,5.268539508E-1,8.693612530E-2,-4.084110227E-1,-7.403157477E-1,1.164137313E2,4.691367654E1,-1.755526400E1,-1.167902648E2
1.710300683E1,5.274978704E-1,8.715770182E-2,-4.079652670E-1,-7.400769437E-1,1.163268972E2,4.686422393E1,-1.754139779E1,-1.166915028E2
1.711297583E1,5.280952703E-1,8.738724409E-2,-4.075481713E-1,-7.398535549E-1,1.162462999E2,4.681930423E1,-1.752614693E1,-1.165989038E2
1.712294583E1,5.286574039E-1,8.763189601E-2,-4.071391045E-1,-7.396484051E-1,1.161704283E2,4.677677680E1,-1.750809969E1,-1.165105115E2
1.713291583E1,5.291992543E-1,8.789285876E-2,-4.067230835E-1,-7.394588180E-1,1.160972648E2,4.673475177E1,-1.748696431E1,-1.164241124E2
1.714288483E1,5.297327702E-1,8.812774315E-2,-4.063231521E-1,-7.392686304E-1,1.160251981E2,4.669331724E1,-1.746872856E1,-1.163399477E2
1.715285483E1,5.302630197E-1,8.830845830E-2,-4.059809723E-1,-7.390549037E-1,1.159535445E2,4.665556105E1,-1.745903228E1,-1.162588551E2
1.716282383E1,5.307697302E-1,8.843080006E-2,-4.057027294E-1,-7.388293127E-1,1.158850457E2,4.662226247E1,-1.745753838E1,-1.161837378E2
1.717279383E1,5.312402682E-1,8.850103778E-2,-4.054859049E-1,-7.386017935E-1,1.158214138E2,4.659367334E1,-1.746281848E1,-1.161160264E2
1.718276383E1,5.316522957E-1,8.851383989E-2,-4.053243666E-1,-7.383924079E-1,1.157656762E2,4.656915607E1,-1.747366241E1,-1.160588130E2
1.719273283E1,5.320078044E-1,8.848354684E-2,-4.051946281E-1,-7.382111343E-1,1.157175706E2,4.654680209E1,-1.748729613E1,-1.160110629E2
1.720270283E1,5.323198386E-1,8.843784912E-2,-4.050939498E-1,-7.380469513E-1,1.156753372E2,4.652761477E1,-1.750184571E1,-1.159699936E2
1.721267283E1,5.326139604E-1,8.840171874E-2,-4.050204984E-1,-7.378794386E-1,1.156355193E2,4.651233738E1,-1.751644499E1,-1.159312406E2
1.722264183E1,5.329106847E-1,8.842023174E-2,-4.049635896E-1,-7.376940662E-1,1.155953403E2,4.650190805E1,-1.752757036E1,-1.158902541E2
1.723261183E1,5.332237410E-1,8.854648262E-2,-4.049064595E-1,-7.374841012E-1,1.155529402E2,4.649716213E1,-1.753018654E1,-1.158431054E2
1.724258183E1,5.335252279E-1,8.879558104E-2,-4.048790535E-1,-7.372510607E-1,1.155120976E2,4.650280330E1,-1.752350977E1,-1.157932471E2
1.725255083E1,5.337879082E-1,8.920696589E-2,-4.048993367E-1,-7.370000130E-1,1.154765048E2,4.652353788E1,-1.750383714E1,-1.157430625E2
1.726252083E1,5.339944593E-1,8.979685318E-2,-4.049334756E-1,-7.367599972E-1,1.154485124E2,4.655675857E1,-1.746643287E1,-1.156939007E2
1.727249083E1,5.341399503E-1,9.053308487E-2,-4.049464885E-1,-7.365572709E-1,1.154287925E2,4.659682025E1,-1.741139648E1,-1.156471908E2
1.728245983E1,5.342206299E-1,9.135136593E-2,-4.049323693E-1,-7.364054474E-1,1.154178562E2,4.663953721E1,-1.734371031E1,-1.156057274E2
1.729242983E1,5.342242650E-1,9.220357521E-2,-4.049338866E-1,-7.362958551E-1,1.154173635E2,4.668726572E1,-1.726987242E1,-1.155733881E2
1.730239983E1,5.341506556E-1,9.307948155E-2,-4.049948625E-1,-7.362054290E-1,1.154273414E2,4.674436145E1,-1.719383755E1,-1.155509727E2
1.731236883E1,5.340087682E-1,9.401430919E-2,-4.051322086E-1,-7.361139914E-1,1.154465731E2,4.681454602E1,-1.711423655E1,-1.155361261E2
1.732233883E1,5.338156408E-1,9.501650856E-2,-4.053302250E-1,-7.360164742E-1,1.154727466E2,4.689622816E1,-1.703020444E1,-1.155260420E2
1.733230821E1,5.335848130E-1,9.606650246E-2,-4.055511693E-1,-7.359257215E-1,1.155040245E2,4.698380896E1,-1.694156714E1,-1.155191734E2
1.734227821E1,5.333409935E-1,9.716292111E-2,-4.057406510E-1,-7.358540297E-1,1.155370570E2,4.707067727E1,-1.684602998E1,-1.155117248E2
1.735224821E1,5.331008829E-1,9.828352152E-2,-4.058940234E-1,-7.357946448E-1,1.155695812E2,4.715479709E1,-1.674615141E1,-1.155022576E2
1.736221721E1,5.328595185E-1,9.940960102E-2,-4.060703658E-1,-7.357209194E-1,1.156022693E2,4.724186795E1,-1.664742372E1,-1.154927317E2
1.737218721E1,5.326044457E-1,1.005422344E-1,-4.063360385E-1,-7.356050998E-1,1.156368076E2,4.733963703E1,-1.655370805E1,-1.154854243E2
1.738215721E1,5.323215666E-1,1.016705371E-1,-4.067252330E-1,-7.354397051E-1,1.156751033E2,4.745155983E1,-1.646754188E1,-1.154829319E2
1.739212621E1,5.319944965E-1,1.027841622E-1,-4.072430703E-1,-7.352349662E-1,1.157193715E2,4.757787758E1,-1.638922979E1,-1.154878607E2
1.740209621E1,5.315938170E-1,1.038537122E-1,-4.079088324E-1,-7.350052975E-1,1.157735880E2,4.771955406E1,-1.632094579E1,-1.155054364E2
1.741206621E1,5.310934918E-1,1.048911253E-1,-4.087182100E-1,-7.347700759E-1,1.158412651E2,4.787717600E1,-1.625981333E1,-1.155386063E2
1.742203521E1,5.304846384E-1,1.059291706E-1,-4.096233451E-1,-7.345569815E-1,1.159235885E2,4.804730924E1,-1.619908442E1,-1.155867178E2
1.743200521E1,5.297845582E-1,1.070078033E-1,-4.105488794E-1,-7.343890895E-1,1.160182011E2,4.822340383E1,-1.613098465E1,-1.156450654E2
1.744197521E1,5.290249771E-1,1.081377181E-1,-4.114228364E-1,-7.342820470E-1,1.161207998E2,4.839741841E1,-1.605134940E1,-1.157082798E2
1.745194421E1,5.282426684E-1,1.092958398E-1,-4.122327619E-1,-7.342195643E-1,1.162264085E2,4.856605977E1,-1.596341942E1,-1.157722603E2
1.746191421E1,5.274793363E-1,1.104612001E-1,-4.130197700E-1,-7.341515920E-1,1.163293972E2,4.873217111E1,-1.587432704E1,-1.158327324E2
1.747188321E1,5.267505119E-1,1.115999131E-1,-4.138577020E-1,-7.340308202E-1,1.164276764E2,4.890200807E1,-1.579307582E1,-1.158898016E2
1.748185321E1,5.260447840E-1,1.126740256E-1,-4.147900325E-1,-7.338464910E-1,1.165227915E2,4.907855422E1,-1.572529260E1,-1.159469656E2
1.749182321E1,5.253284456E-1,1.136937370E-1,-4.158255279E-1,-7.336162111E-1,1.166192866E2,4.926390222E1,-1.566871908E1,-1.160083648E2
1.750179221E1,5.245633223E-1,1.147393581E-1,-4.169123265E-1,-7.333841400E-1,1.167222981E2,4.945725306E1,-1.561058652E1,-1.160751809E2
1.751176221E1,5.237244525E-1,1.158831498E-1,-4.179822137E-1,-7.331947953E-1,1.168351727E2,4.965524437E1,-1.553846066E1,-1.161468779E2
1.752173221E1,5.228073054E-1,1.171843495E-1,-4.189485988E-1,-7.330910614E-1,1.169585018E2,4.985137003E1,-1.544095460E1,-1.162206023E2
1.753170121E1,5.218494445E-1,1.186837658E-1,-4.197595042E-1,-7.330683337E-1,1.170872189E2,5.004140414E1,-1.531323839E1,-1.162889961E2
1.754167121E1,5.208841763E-1,1.204043476E-1,-4.203921073E-1,-7.331118503E-1,1.172168420E2,5.022355551E1,-1.515383116E1,-1.163463931E2
1.755164121E1,5.199583155E-1,1.223203961E-1,-4.208557964E-1,-7.331858391E-1,1.173410892E2,5.039682065E1,-1.496848914E1,-1.163877062E2
1.756161021E1,5.190826725E-1,1.243828626E-1,-4.211901789E-1,-7.332672668E-1,1.174585218E2,5.056288223E1,-1.476489172E1,-1.164139532E2
1.757158021E1,5.182580905E-1,1.265715590E-1,-4.214541763E-1,-7.333243547E-1,1.175690400E2,5.072740191E1,-1.454901044E1,-1.164263928E2
1.758155021E1,5.174695862E-1,1.288972853E-1,-4.216997449E-1,-7.333349125E-1,1.176746622E2,5.089719956E1,-1.432275432E1,-1.164268510E2
1.759151921E1,5.166890687E-1,1.313485250E-1,-4.219762071E-1,-7.332912905E-1,1.177791567E2,5.107768656E1,-1.408892456E1,-1.164197791E2
1.760148921E1,5.158630537E-1,1.338657876E-1,-4.223207155E-1,-7.332192405E-1,1.178896797E2,5.127041705E1,-1.385191932E1,-1.164149113E2
1.761145921E1,5.149491204E-1,1.364149660E-1,-4.227608023E-1,-7.331381710E-1,1.180118916E2,5.147707979E1,-1.361393917E1,-1.164193515E2
1.762142821E1,5.139497238E-1,1.390545810E-1,-4.232856992E-1,-7.330406538E-1,1.181454423E2,5.169972887E1,-1.336948687E1,-1.164298310E2
1.763139821E1,5.128904786E-1,1.418667346E-1,-4.238790530E-1,-7.329009897E-1,1.182868888E2,5.194092756E1,-1.311218995E1,-1.164388895E2
1.764136721E1,5.118393784E-1,1.449114546E-1,-4.245054500E-1,-7.326774006E-1,1.184271447E2,5.219940377E1,-1.283890047E1,-1.164343452E2
1.765133721E1,5.108737730E-1,1.481759809E-1,-4.251130390E-1,-7.323461475E-1,1.185559023E2,5.246787730E1,-1.255202372E1,-1.164062842E2
1.766130721E1,5.100508242E-1,1.515674008E-1,-4.256226471E-1,-7.319294732E-1,1.186655697E2,5.273158109E1,-1.225746943E1,-1.163510349E2
1.767127621E1,5.093610172E-1,1.549830973E-1,-4.260149605E-1,-7.314663109E-1,1.187574464E2,5.298269585E1,-1.196188786E1,-1.162747293E2
1.768124621E1,5.087694967E-1,1.583842742E-1,-4.263090507E-1,-7.309779449E-1,1.188361975E2,5.322162108E1,-1.166770146E1,-1.161839108E2
1.769121621E1,5.082123470E-1,1.617434623E-1,-4.265428814E-1,-7.304933931E-1,1.189103435E2,5.345176668E1,-1.137582166E1,-1.160884426E2
1.770118521E1,5.076249780E-1,1.650098747E-1,-4.267491164E-1,-7.300506088E-1,1.189884804E2,5.367443009E1,-1.108855244E1,-1.159993573E2
1.771115521E1,5.070052613E-1,1.681404583E-1,-4.269556781E-1,-7.296459885E-1,1.190708864E2,5.389013793E1,-1.081109518E1,-1.159194477E2
1.772112521E1,5.063696130E-1,1.711342333E-1,-4.271951987E-1,-7.292511463E-1,1.191553748E2,5.410226434E1,-1.054674535E1,-1.158471110E2
1.773109421E1,5.057904311E-1,1.740139483E-1,-4.274623359E-1,-7.288149264E-1,1.192323260E2,5.431084569E1,-1.029782073E1,-1.157721985E2
1.774106421E1,5.053066695E-1,1.767943548E-1,-4.277613468E-1,-7.283056239E-1,1.192965762E2,5.451689788E1,-1.006589513E1,-1.156892679E2
1.775103421E1,5.048771931E-1,1.794692573E-1,-4.281258643E-1,-7.277348713E-1,1.193535990E2,5.472417266E1,-9.851193934E0,-1.156041770E2
1.776100321E1,5.044731418E-1,1.820467478E-1,-4.285805867E-1,-7.271069149E-1,1.194072308E2,5.493612845E1,-9.652950377E0,-1.155203426E2
1.777097321E1,5.039014198E-1,1.844616779E-1,-4.291379787E-1,-7.265658758E-1,1.194830934E2,5.515157396E1,-9.464666873E0,-1.154655129E2
1.778094321E1,5.032084519E-1,1.867950855E-1,-4.297427966E-1,-7.260923033E-1,1.195750051E2,5.536869670E1,-9.278846634E0,-1.154292533E2
1.779091221E1,5.023141063E-1,1.890274355E-1,-4.304141959E-1,-7.257361518E-1,1.196935630E2,5.558893126E1,-9.093042146E0,-1.154227325E2
1.780088221E1,5.013251937E-1,1.912444967E-1,-4.311246126E-1,-7.254172477E-1,1.198245742E2,5.581356257E1,-8.905379609E0,-1.154277862E2
1.781085121E1,5.001580105E-1,1.934267762E-1,-4.318621824E-1,-7.252056389E-1,1.199790911E2,5.604056346E1,-8.710981897E0,-1.154557703E2
1.782082121E1,4.990661332E-1,1.957284367E-1,-4.325213381E-1,-7.249473841E-1,1.201235298E2,5.626578724E1,-8.506862468E0,-1.154661229E2
1.783079121E1,4.980284988E-1,1.981302591E-1,-4.330781401E-1,-7.246761059E-1,1.202606959E2,5.648557213E1,-8.291533721E0,-1.154623615E2
1.784076021E1,4.970886873E-1,2.006492814E-1,-4.334842777E-1,-7.243853137E-1,1.203848494E2,5.669533660E1,-8.063208473E0,-1.154378497E2
1.785073021E1,4.961699282E-1,2.032125052E-1,-4.336928835E-1,-7.241758018E-1,1.205061473E2,5.688578815E1,-7.819200481E0,-1.154059654E2
1.786070021E1,4.954517143E-1,2.058577047E-1,-4.335947446E-1,-7.239791762E-1,1.206009174E2,5.704599076E1,-7.560738490E0,-1.153420789E2
1.787066921E1,4.948054345E-1,2.084310437E-1,-4.332572537E-1,-7.238868746E-1,1.206861574E2,5.717476769E1,-7.295984560E0,-1.152712797E2
1.788063921E1,4.941844745E-1,2.108874147E-1,-4.327769376E-1,-7.238870115E-1,1.207680239E2,5.728046127E1,-7.032132744E0,-1.152025577E2
1.789060921E1,4.936131212E-1,2.132267334E-1,-4.322564662E-1,-7.239024478E-1,1.208433210E2,5.737450038E1,-6.778088291E0,-1.151335360E2
1.790057821E1,4.931691463E-1,2.155116511E-1,-4.317563833E-1,-7.238268364E-1,1.209018119E2,5.746733632E1,-6.538546153E0,-1.150514536E2
1.791054821E1,4.928299380E-1,2.177702585E-1,-4.313314588E-1,-7.236351631E-1,1.209464890E2,5.756709564E1,-6.313798287E0,-1.149576807E2
1.792051821E1,4.925673315E-1,2.200134508E-1,-4.309912389E-1,-7.233380594E-1,1.209810701E2,5.767570656E1,-6.101851543E0,-1.148550573E2
1.793048721E1,4.922097998E-1,2.221690830E-1,-4.307556907E-1,-7.230627983E-1,1.210281419E2,5.779145173E1,-5.898122796E0,-1.147688520E2
1.794045721E1,4.917291466E-1,2.242818307E-1,-4.306077869E-1,-7.228256907E-1,1.210914063E2,5.791532852E1,-5.696067898E0,-1.146997668E2
1.795042621E1,4.912294851E-1,2.264889663E-1,-4.304797131E-1,-7.225533904E-1,1.211571517E2,5.804822839E1,-5.487461215E0,-1.146265546E2
1.796039621E1,4.905335669E-1,2.287271958E-1,-4.304137744E-1,-7.223604316E-1,1.212486852E2,5.819147692E1,-5.268195675E0,-1.145746212E2
1.797036621E1,4.898034465E-1,2.310687588E-1,-4.303406812E-1,-7.221541333E-1,1.213446730E2,5.834140909E1,-5.038791120E0,-1.145195214E2
1.798033521E1,4.888715060E-1,2.333795230E-1,-4.303303342E-1,-7.220487557E-1,1.214671282E2,5.849758566E1,-4.802980981E0,-1.144899020E2
1.799030521E1,4.877991110E-1,2.357569951E-1,-4.304141116E-1,-7.219517442E-1,1.216079482E2,5.866972818E1,-4.559877712E0,-1.144722500E2
1.800027521E1,4.867465672E-1,2.383863157E-1,-4.305876828E-1,-7.216952068E-1,1.217460675E2,5.886930334E1,-4.306372256E0,-1.144354199E2
1.801024421E1,4.855123811E-1,2.411741822E-1,-4.309284612E-1,-7.213969336E-1,1.219079047E2,5.909952773E1,-4.041418024E0,-1.144093654E2
1.802021421E1,4.843396345E-1,2.442117477E-1,-4.312859507E-1,-7.209495553E-1,1.220615678E2,5.934910193E1,-3.764121003E0,-1.143582886E2
1.803018421E1,4.831505770E-1,2.473089405E-1,-4.315956563E-1,-7.205060124E-1,1.222172517E2,5.959829770E1,-3.478628251E0,-1.143032344E2
1.804015321E1,4.819600445E-1,2.502998179E-1,-4.318031347E-1,-7.201462153E-1,1.223730119E2,5.982963489E1,-3.194105286E0,-1.142530358E2
1.805012321E1,4.808665761E-1,2.531577851E-1,-4.319274784E-1,-7.198035720E-1,1.225159705E2,6.004311696E1,-2.920554400E0,-1.141978881E2
1.806009321E1,4.796718604E-1,2.557636563E-1,-4.321517682E-1,-7.195447271E-1,1.226720542E2,6.025130554E1,-2.666092660E0,-1.141698356E2
1.807006221E1,4.786180733E-1,2.583103796E-1,-4.324549305E-1,-7.191544789E-1,1.228096299E2,6.046461765E1,-2.431867856E0,-1.141275312E2
1.808003221E1,4.777186912E-1,2.608480940E-1,-4.328410693E-1,-7.186040095E-1,1.229269763E2,6.068703623E1,-2.215582080E0,-1.140661493E2
1.809000221E1,4.768333650E-1,2.633358012E-1,-4.333285503E-1,-7.179906780E-1,1.230424250E2,6.091800082E1,-2.011823010E0,-1.140051796E2
1.809997121E1,4.761446328E-1,2.659031080E-1,-4.337996941E-1,-7.172165773E-1,1.231321937E2,6.115322300E1,-1.815580692E0,-1.139141340E2
1.810994121E1,4.754445421E-1,2.684137694E-1,-4.342933865E-1,-7.164465860E-1,1.232234039E2,6.138777387E1,-1.624930346E0,-1.138269368E2
1.811991021E1,4.749322471E-1,2.710022603E-1,-4.347221464E-1,-7.155515134E-1,1.232901225E2,6.162121279E1,-1.437987213E0,-1.137108499E2
1.812988021E1,4.743421702E-1,2.735534090E-1,-4.351480403E-1,-7.147126436E-1,1.233669451E2,6.185259996E1,-1.248801447E0,-1.136051315E2
1.813985021E1,4.738572602E-1,2.762403655E-1,-4.354726448E-1,-7.138025773E-1,1.234300552E2,6.208323197E1,-1.050954002E0,-1.134762007E2
1.814981921E1,4.734961670E-1,2.790870374E-1,-4.356592816E-1,-7.128203660E-1,1.234770386E2,6.231094267E1,-8.415993632E-1,-1.133200220E2
1.815978921E1,4.731723106E-1,2.819794017E-1,-4.357562246E-1,-7.118371643E-1,1.235191682E2,6.253312037E1,-6.261822207E-1,-1.131546774E2
1.816975921E1,4.729119274E-1,2.848677727E-1,-4.357818868E-1,-7.108436788E-1,1.235530346E2,6.274826604E1,-4.113868313E-1,-1.129805907E2
1.817972821E1,4.727908184E-1,2.877553112E-1,-4.357466783E-1,-7.097821472E-1,1.235687847E2,6.295782428E1,-2.032223712E-1,-1.127887200E2
1.818969821E1,4.725450707E-1,2.904776130E-1,-4.358026968E-1,-7.088017588E-1,1.236007404E2,6.316661652E1,-5.199379133E-3,-1.126218797E2
1.819966821E1,4.724394718E-1,2.932146399E-1,-4.358308403E-1,-7.077269931E-1,1.236144704E2,6.337458541E1,1.847475191E-1,-1.124361775E2
1.820963721E1,4.723985050E-1,2.958817241E-1,-4.358238966E-1,-7.066478652E-1,1.236197967E2,6.357460155E1,3.668824469E-1,-1.122466871E2
1.821960721E1,4.724681422E-1,2.984099028E-1,-4.357431011E-1,-7.055872714E-1,1.236107428E2,6.375705133E1,5.362385266E-1,-1.120531982E2
1.822957721E1,4.726210509E-1,3.007094981E-1,-4.355913093E-1,-7.046015409E-1,1.235908609E2,6.391527148E1,6.887981880E-1,-1.118657552E2
1.823954621E1,4.727159551E-1,3.026669242E-1,-4.354652480E-1,-7.037772434E-1,1.235785200E2,6.405103797E1,8.203572476E-1,-1.117096154E2
1.824951621E1,4.728766400E-1,3.043746881E-1,-4.353653021E-1,-7.029942181E-1,1.235576239E2,6.417121532E1,9.281823447E-1,-1.115637248E2
1.825948621E1,4.730300440E-1,3.058645529E-1,-4.353729148E-1,-7.022391257E-1,1.235376726E2,6.428706353E1,1.013682506E0,-1.114344152E2
1.826945521E1,4.729469409E-1,3.070548694E-1,-4.356209859E-1,-7.016216639E-1,1.235484810E2,6.440672957E1,1.078454557E0,-1.113547684E2
1.827942521E1,4.726880750E-1,3.080064610E-1,-4.360788693E-1,-7.010942382E-1,1.235821455E2,6.453134100E1,1.124475946E0,-1.113131998E2
1.828939421E1,4.722662588E-1,3.087453532E-1,-4.366985386E-1,-7.006678069E-1,1.236369897E2,6.465748981E1,1.156300959E0,-1.113064382E2
1.829936421E1,4.717763438E-1,3.093487644E-1,-4.374011740E-1,-7.002932058E-1,1.237006705E2,6.478240263E1,1.178005295E0,-1.113176110E2
1.830933421E1,4.713577834E-1,3.099034538E-1,-4.380953800E-1,-6.998958031E-1,1.237550613E2,6.490272556E1,1.191890820E0,-1.113240372E2
1.831930321E1,4.709232389E-1,3.103372923E-1,-4.387824790E-1,-6.995656352E-1,1.238115147E2,6.501291394E1,1.199682391E0,-1.113413800E2
1.832927321E1,4.706845613E-1,3.107899337E-1,-4.393551019E-1,-6.991658724E-1,1.238425159E2,6.511198184E1,1.202847287E0,-1.113344731E2
1.833924292E1,4.706719383E-1,3.112884730E-1,-4.398148976E-1,-6.986632923E-1,1.238441553E2,6.520223030E1,1.200697908E0,-1.112977578E2
1.834921192E1,4.708424012E-1,3.118367560E-1,-4.402014316E-1,-6.980600655E-1,1.238220149E2,6.528834884E1,1.193590333E0,-1.112359179E2
1.835918192E1,4.709387911E-1,3.123134000E-1,-4.406838814E-1,-6.974774696E-1,1.238094945E2,6.537960418E1,1.179966874E0,-1.111880922E2
1.836915192E1,4.710915418E-1,3.128595705E-1,-4.412316745E-1,-6.967827947E-1,1.237896515E2,6.548369083E1,1.161425575E0,-1.111282866E2
1.837912092E1,4.710663275E-1,3.133514664E-1,-4.419160129E-1,-6.961447863E-1,1.237929271E2,6.559875113E1,1.142122199E0,-1.110932058E2
1.838909092E1,4.711128576E-1,3.139862611E-1,-4.425760536E-1,-6.954075536E-1,1.237868824E2,6.572240950E1,1.128243819E0,-1.110388011E2
1.839906092E1,4.711094121E-1,3.147260700E-1,-4.432260792E-1,-6.946610381E-1,1.237873300E2,6.585324543E1,1.125356989E0,-1.109820681E2
1.840902992E1,4.710188912E-1,3.155738908E-1,-4.438306388E-1,-6.939515275E-1,1.237990894E2,6.598753464E1,1.139157334E0,-1.109270675E2
1.841899992E1,4.709551546E-1,3.165682139E-1,-4.442851557E-1,-6.932506360E-1,1.238073689E2,6.611669452E1,1.171520362E0,-1.108575614E2
1.842896992E1,4.709013963E-1,3.176198674E-1,-4.445746150E-1,-6.926203509E-1,1.238143519E2,6.623205762E1,1.219251901E0,-1.107823757E2
1.843893892E1,4.709323110E-1,3.186777638E-1,-4.447050068E-1,-6.920293889E-1,1.238103362E2,6.633033192E1,1.273036085E0,-1.106967438E2
1.844890892E1,4.710325994E-1,3.196941245E-1,-4.447418958E-1,-6.914685197E-1,1.237973086E2,6.641508579E1,1.325999054E0,-1.106061627E2
1.845887792E1,4.710153930E-1,3.205138596E-1,-4.448402876E-1,-6.910372837E-1,1.237995438E2,6.649118855E1,1.370692087E0,-1.105442829E2
1.846884792E1,4.711040278E-1,3.212877021E-1,-4.449074434E-1,-6.905739634E-1,1.237880295E2,6.656033796E1,1.406779457E0,-1.104735887E2
1.847881792E1,4.711237209E-1,3.219223283E-1,-4.450318820E-1,-6.901847267E-1,1.237854711E2,6.662485543E1,1.434927761E0,-1.104216473E2
1.848878692E1,4.711363228E-1,3.224629459E-1,-4.451624107E-1,-6.898395861E-1,1.237838340E2,6.668261477E1,1.457248813E0,-1.103778126E2
1.849875692E1,4.713282069E-1,3.229845026E-1,-4.451941579E-1,-6.894439642E-1,1.237589042E2,6.672799065E1,1.472337182E0,-1.103146969E2
1.850872692E1,4.713809537E-1,3.232506442E-1,-4.452832300E-1,-6.892254960E-1,1.237520508E2,6.675928291E1,1.477770651E0,-1.102876349E2
1.851869592E1,4.714697676E-1,3.233572968E-1,-4.454401637E-1,-6.890132761E-1,1.237405106E2,6.678545929E1,1.465315934E0,-1.102688557E2
1.852866592E1,4.714260824E-1,3.232131388E-1,-4.457486945E-1,-6.889113018E-1,1.237461870E2,6.680844859E1,1.435710138E0,-1.102850069E2
1.853863592E1,4.713160897E-1,3.229048714E-1,-4.460783724E-1,-6.889176976E-1,1.237604786E2,6.682065882E1,1.399412809E0,-1.103216876E2
1.854860492E1,4.712065500E-1,3.225478349E-1,-4.463649394E-1,-6.889742165E-1,1.237747103E2,6.682418319E1,1.363431183E0,-1.103621529E2
1.855857492E1,4.707851553E-1,3.219964804E-1,-4.467724046E-1,-6.892561895E-1,1.238294505E2,6.682559031E1,1.329868646E0,-1.104538890E2
1.856854492E1,4.702392377E-1,3.213942125E-1,-4.472215108E-1,-6.896185997E-1,1.239003458E2,6.682763587E1,1.299387652E0,-1.105639167E2
1.857851392E1,4.695404746E-1,3.207413157E-1,-4.477025328E-1,-6.900863981E-1,1.239910562E2,6.682927096E1,1.274908740E0,-1.106954804E2
1.858848392E1,4.687150707E-1,3.200311202E-1,-4.481380994E-1,-6.906941556E-1,1.240981574E2,6.682132163E1,1.259983419E0,-1.108460649E2
1.859845292E1,4.680388350E-1,3.194199803E-1,-4.483584537E-1,-6.912925039E-1,1.241858636E2,6.679726117E1,1.256421775E0,-1.109717290E2
1.860842292E1,4.674369464E-1,3.188867858E-1,-4.484212051E-1,-6.919048449E-1,1.242638972E2,6.676175690E1,1.264124606E0,-1.110827154E2
1.861839292E1,4.670143716E-1,3.185301708E-1,-4.483111702E-1,-6.924256219E-1,1.243186664E2,6.672091327E1,1.282465952E0,-1.111593301E2
1.862836192E1,4.665843157E-1,3.182271244E-1,-4.481449536E-1,-6.929622251E-1,1.243743910E2,6.667797607E1,1.308975184E0,-1.112326386E2
1.863833192E1,4.661566727E-1,3.179541024E-1,-4.479148265E-1,-6.935239793E-1,1.244297887E2,6.663021943E1,1.342025295E0,-1.113033700E2
1.864830192E1,4.659137804E-1,3.177769803E-1,-4.475372961E-1,-6.940119134E-1,1.244612472E2,6.657356066E1,1.378350449E0,-1.113454167E2
1.865827092E1,4.656605094E-1,3.175393564E-1,-4.471218968E-1,-6.945581050E-1,1.244940451E2,6.650787467E1,1.414492674E0,-1.113933737E2
1.866824092E1,4.654130231E-1,3.172661447E-1,-4.466797921E-1,-6.951331566E-1,1.245260891E2,6.643640524E1,1.449924088E0,-1.114434610E2
1.867821092E1,4.653203633E-1,3.170768790E-1,-4.461660484E-1,-6.956112915E-1,1.245380852E2,6.636362226E1,1.484368468E0,-1.114692139E2
1.868817992E1,4.652658990E-1,3.168992722E-1,-4.456418259E-1,-6.960644649E-1,1.245451361E2,6.629063332E1,1.517412883E0,-1.114896579E2
1.869814992E1,4.654120327E-1,3.168108481E-1,-4.450158609E-1,-6.964074033E-1,1.245262173E2,6.621342424E1,1.548742670E0,-1.114801345E2
1.870811992E1,4.657498397E-1,3.168013229E-1,-4.442852031E-1,-6.966525715E-1,1.244824776E2,6.613088438E1,1.578663410E0,-1.114424797E2
1.871808892E1,4.661605502E-1,3.168382172E-1,-4.435295365E-1,-6.968424536E-1,1.244292865E2,6.604932408E1,1.607970508E0,-1.113927740E2
1.872805892E1,4.666661649E-1,3.169999979E-1,-4.427701135E-1,-6.969133235E-1,1.243637864E2,6.597735211E1,1.638388827E0,-1.113224232E2
1.873802892E1,4.671788813E-1,3.172285550E-1,-4.420823243E-1,-6.969026604E-1,1.242973462E2,6.591878308E1,1.667072357E0,-1.112460322E2
1.874799792E1,4.678878545E-1,3.175622368E-1,-4.413890455E-1,-6.967143693E-1,1.242054406E2,6.586818269E1,1.688132065E0,-1.111387018E2
1.875796792E1,4.686489001E-1,3.178483138E-1,-4.407550042E-1,-6.964738373E-1,1.241067412E2,6.582062117E1,1.697771914E0,-1.110289137E2
1.876793692E1,4.694373096E-1,3.180986398E-1,-4.401994507E-1,-6.961797260E-1,1.240044454E2,6.577912191E1,1.697094513E0,-1.109185351E2
1.877790692E1,4.701126075E-1,3.182945383E-1,-4.397885190E-1,-6.958942865E-1,1.239167872E2,6.574942451E1,1.690381695E0,-1.108253342E2
1.878787692E1,4.708657190E-1,3.185659482E-1,-4.394236274E-1,-6.954912467E-1,1.238189862E2,6.573096730E1,1.679041741E0,-1.107171170E2
1.879784592E1,4.714615806E-1,3.186985896E-1,-4.391850288E-1,-6.951775161E-1,1.237415744E2,6.571547190E1,1.661034030E0,-1.106377680E2
1.880781592E1,4.719243425E-1,3.186452528E-1,-4.390578928E-1,-6.949681411E-1,1.236814351E2,6.569751780E1,1.632714270E0,-1.105881411E2
1.881778592E1,4.723468330E-1,3.184664342E-1,-4.390192336E-1,-6.947876578E-1,1.236265146E2,6.567942910E1,1.592707305E0,-1.105528425E2
1.882775492E1,4.725560710E-1,3.180857481E-1,-4.391649932E-1,-6.947275353E-1,1.235993101E2,6.566567443E1,1.541768429E0,-1.105577679E2
1.883772492E1,4.727517062E-1,3.176642480E-1,-4.393849471E-1,-6.946482255E-1,1.235738710E2,6.565696835E1,1.483544645E0,-1.105673585E2
1.884769492E1,4.729115481E-1,3.172045629E-1,-4.396441818E-1,-6.945854056E-1,1.235530840E2,6.564961927E1,1.422553903E0,-1.105839954E2
1.885766392E1,4.729660756E-1,3.166399900E-1,-4.399047916E-1,-6.946407971E-1,1.235459924E2,6.563409077E1,1.362738098E0,-1.106209446E2
1.886763392E1,4.732322961E-1,3.161385532E-1,-4.399704300E-1,-6.946464237E-1,1.235113654E2,6.560202924E1,1.306032709E0,-1.106284731E2
1.887760392E1,4.734349171E-1,3.155119928E-1,-4.399564426E-1,-6.948020509E-1,1.234850071E2,6.555120306E1,1.252314760E0,-1.106529996E2
1.888757292E1,4.737568980E-1,3.148960641E-1,-4.398104406E-1,-6.949544750E-1,1.234431148E2,6.548663216E1,1.200457195E0,-1.106627929E2
1.889754292E1,4.741739726E-1,3.142851033E-1,-4.395616899E-1,-6.951040225E-1,1.233888378E2,6.541110772E1,1.149674202E0,-1.106610666E2
1.890751292E1,4.744598020E-1,3.135101440E-1,-4.393416465E-1,-6.953977966E-1,1.233516328E2,6.532585752E1,1.096056355E0,-1.106870278E2
1.891748192E1,4.748521260E-1,3.127102126E-1,-4.390601740E-1,-6.956681054E-1,1.233005552E2,6.523196193E1,1.037553106E0,-1.107023848E2
1.892745192E1,4.751586495E-1,3.117502654E-1,-4.388211276E-1,-6.960402305E-1,1.232606396E2,6.513029891E1,9.719059003E-1,-1.107397008E2
1.893742092E1,4.755360956E-1,3.107311230E-1,-4.385769604E-1,-6.963919249E-1,1.232114782E2,6.502361601E1,8.974570006E-1,-1.107730060E2
1.894739092E1,4.760582213E-1,3.097134716E-1,-4.382922742E-1,-6.966678919E-1,1.231434538E2,6.491275667E1,8.153224929E-1,-1.107890568E2
1.895736092E1,4.764211162E-1,3.085083720E-1,-4.380716302E-1,-6.970931431E-1,1.230961617E2,6.479450862E1,7.279619670E-1,-1.108375700E2
1.896732992E1,4.769541790E-1,3.073140778E-1,-4.377585002E-1,-6.974527505E-1,1.230266743E2,6.466706934E1,6.355725185E-1,-1.108650187E2
1.897729992E1,4.773936442E-1,3.059954030E-1,-4.374828440E-1,-6.979046069E-1,1.229693706E2,6.453433173E1,5.390549306E-1,-1.109123880E2
1.898726992E1,4.777842612E-1,3.046103575E-1,-4.372451516E-1,-6.983919930E-1,1.229184233E2,6.440093134E1,4.387275786E-1,-1.109700506E2
1.899723892E1,4.783240780E-1,3.032881055E-1,-4.369831036E-1,-6.987617895E-1,1.228479960E2,6.426995395E1,3.330736107E-1,-1.110050764E2
1.900720892E1,4.787580957E-1,3.018548018E-1,-4.368310957E-1,-6.991803182E-1,1.227913547E2,6.414292690E1,2.193875506E-1,-1.110603811E2
1.901717892E1,4.793428727E-1,3.004761046E-1,-4.366831497E-1,-6.994657894E-1,1.227150144E2,6.402082105E1,9.760916882E-2,-1.110934179E2
1.902714792E1,4.800082450E-1,2.990917387E-1,-4.365316002E-1,-6.996973020E-1,1.226281190E2,6.389811811E1,-3.037646540E-2,-1.111169252E2
1.903711792E1,4.808139663E-1,2.976920050E-1,-4.363019367E-1,-6.998842233E-1,1.225228461E2,6.376575773E1,-1.638807072E-1,-1.111245259E2
1.904708792E1,4.816546589E-1,2.961802291E-1,-4.360158123E-1,-7.001258617E-1,1.224129475E2,6.361880342E1,-3.031659002E-1,-1.111356416E2
1.905705692E1,4.825471079E-1,2.945852765E-1,-4.356585229E-1,-7.004066967E-1,1.222962196E2,6.345786137E1,-4.464830134E-1,-1.111460599E2
1.906702692E1,4.836008107E-1,2.929692135E-1,-4.351857038E-1,-7.006515383E-1,1.221583161E2,6.328267542E1,-5.943774876E-1,-1.111381429E2
1.907699692E1,4.847233710E-1,2.912725184E-1,-4.346736512E-1,-7.009011951E-1,1.220113000E2,6.309728311E1,-7.498193247E-1,-1.111271071E2
1.908696592E1,4.857086484E-1,2.893881275E-1,-4.342517665E-1,-7.012610765E-1,1.218821769E2,6.290817642E1,-9.148472066E-1,-1.111449937E2
1.909693592E1,4.866970552E-1,2.874536083E-1,-4.338741097E-1,-7.016050159E-1,1.217525624E2,6.272061033E1,-1.087121794E0,-1.111651673E2
1.910690492E1,4.875248298E-1,2.854118569E-1,-4.335610323E-1,-7.020573253E-1,1.216439495E2,6.253276116E1,-1.260182890E0,-1.112111993E2
1.911687492E1,4.883822653E-1,2.833632882E-1,-4.331950923E-1,-7.025168946E-1,1.215313842E2,6.233898114E1,-1.432234617E0,-1.112531461E2
1.912684492E1,4.893120143E-1,2.813234124E-1,-4.327470397E-1,-7.029656847E-1,1.214092554E2,6.213711545E1,-1.603072382E0,-1.112847754E2
1.913681392E1,4.901872252E-1,2.792336979E-1,-4.322620875E-1,-7.034874733E-1,1.212942238E2,6.192799591E1,-1.770944400E0,-1.113253812E2
1.914678392E1,4.910712870E-1,2.771661157E-1,-4.317332552E-1,-7.040129707E-1,1.211779630E2,6.171609160E1,-1.935047467E0,-1.113622636E2
1.915675392E1,4.918601284E-1,2.750977697E-1,-4.312288734E-1,-7.045824378E-1,1.210741682E2,6.150744725E1,-2.094653873E0,-1.114096417E2
1.916672292E1,4.925317174E-1,2.730647058E-1,-4.308138375E-1,-7.051578898E-1,1.209857594E2,6.131195204E1,-2.250669695E0,-1.114678278E2
1.917669292E1,4.932011779E-1,2.711664644E-1,-4.305006759E-1,-7.056135816E-1,1.208975925E2,6.113803317E1,-2.405376028E0,-1.115162978E2
1.918666292E1,4.937855440E-1,2.693895217E-1,-4.303353233E-1,-7.059863704E-1,1.208206008E2,6.098985452E1,-2.557160916E0,-1.115662287E2
1.919663192E1,4.944385989E-1,2.677991367E-1,-4.302485587E-1,-7.061872107E-1,1.207345246E2,6.086408976E1,-2.707106150E0,-1.115947322E2
1.920660192E1,4.953133778E-1,2.663895406E-1,-4.301404889E-1,-7.061730704E-1,1.206191661E2,6.074879013E1,-2.858780787E0,-1.115837173E2
1.921657192E1,4.963286216E-1,2.650194414E-1,-4.300027004E-1,-7.060596006E-1,1.204852013E2,6.063287296E1,-3.015508242E0,-1.115525044E2
1.922654092E1,4.973479748E-1,2.635804900E-1,-4.298714709E-1,-7.059609032E-1,1.203506040E2,6.051283112E1,-3.177899126E0,-1.115248541E2
1.923651092E1,4.984316651E-1,2.620652792E-1,-4.296989111E-1,-7.058658094E-1,1.202074121E2,6.038270450E1,-3.347131698E0,-1.114937916E2
1.924648092E1,4.993563248E-1,2.603351827E-1,-4.295409553E-1,-7.059485436E-1,1.200851522E2,6.023937194E1,-3.521409203E0,-1.114955796E2
1.925644992E1,5.002186071E-1,2.584776604E-1,-4.293699919E-1,-7.061246753E-1,1.199710720E2,6.008593086E1,-3.699454680E0,-1.115125750E2
1.926641992E1,5.009664714E-1,2.564901679E-1,-4.292238003E-1,-7.064080602E-1,1.198720763E2,5.992663900E1,-3.880746121E0,-1.115512356E2
1.927638892E1,5.015639029E-1,2.543519687E-1,-4.291349178E-1,-7.068110262E-1,1.197929579E2,5.976388733E1,-4.066808649E0,-1.116172770E2
1.928635892E1,5.022378416E-1,2.521700105E-1,-4.290541381E-1,-7.071633633E-1,1.197036696E2,5.959923440E1,-4.262362586E0,-1.116759370E2
1.929632892E1,5.028671783E-1,2.498318719E-1,-4.290482797E-1,-7.075494285E-1,1.196202540E2,5.943260770E1,-4.471994167E0,-1.117492543E2
1.930629792E1,5.035040594E-1,2.473098677E-1,-4.291186439E-1,-7.079398347E-1,1.195358025E2,5.926222001E1,-4.701519774E0,-1.118325048E2
1.931626792E1,5.043032584E-1,2.446370200E-1,-4.292018207E-1,-7.082490978E-1,1.194297760E2,5.908292540E1,-4.954686542E0,-1.119042095E2
1.932623792E1,5.050435362E-1,2.416770573E-1,-4.293884785E-1,-7.086246156E-1,1.193315151E2,5.889631306E1,-5.232825903E0,-1.120000763E2
1.933620667E1,5.058472134E-1,2.385717408E-1,-4.296487985E-1,-7.089457536E-1,1.192247831E2,5.870865396E1,-5.532159926E0,-1.120958011E2
1.934617667E1,5.065620239E-1,2.353285513E-1,-4.299932542E-1,-7.093103238E-1,1.191298040E2,5.852241364E1,-5.842518861E0,-1.122094946E2
1.935614667E1,5.071732059E-1,2.319878867E-1,-4.303317145E-1,-7.097686602E-1,1.190485577E2,5.833058978E1,-6.153354680E0,-1.123401143E2
1.936611567E1,5.079052545E-1,2.287109903E-1,-4.305110282E-1,-7.101998646E-1,1.189511995E2,5.812602289E1,-6.456947145E0,-1.124495315E2
1.937608567E1,5.084694533E-1,2.253528875E-1,-4.306019495E-1,-7.108142603E-1,1.188761311E2,5.790815303E1,-6.749445327E0,-1.125823696E2
1.938605567E1,5.092413623E-1,2.221814636E-1,-4.304912298E-1,-7.113269030E-1,1.187733791E2,5.768030643E1,-7.028357776E0,-1.126756644E2
1.939602467E1,5.100655123E-1,2.190959455E-1,-4.302704119E-1,-7.118269227E-1,1.186636128E2,5.744650846E1,-7.297158152E0,-1.127551031E2
1.940599467E1,5.108058007E-1,2.159902707E-1,-4.300290369E-1,-7.123909107E-1,1.185649627E2,5.721042854E1,-7.561114503E0,-1.128442288E2
1.941596467E1,5.115795852E-1,2.129430430E-1,-4.297729210E-1,-7.129073255E-1,1.184617950E2,5.697721169E1,-7.822740999E0,-1.129238906E2
1.942593367E1,5.122428607E-1,2.099448426E-1,-4.295793405E-1,-7.134368058E-1,1.183733172E2,5.675570630E1,-8.078698201E0,-1.130130413E2
1.943590367E1,5.129705155E-1,2.071799988E-1,-4.293936099E-1,-7.138339661E-1,1.182762047E2,5.655061734E1,-8.322703052E0,-1.130792476E2
1.944587267E1,5.136678772E-1,2.046509245E-1,-4.292117568E-1,-7.141713095E-1,1.181830889E2,5.636202511E1,-8.547712121E0,-1.131344934E2
1.945584267E1,5.143550078E-1,2.023765857E-1,-4.289599399E-1,-7.144759785E-1,1.180912949E2,5.618255269E1,-8.748004785E0,-1.131751558E2
1.946581267E1,5.151877347E-1,2.004197075E-1,-4.285710088E-1,-7.146610980E-1,1.179799915E2,5.600742683E1,-8.924029551E0,-1.131781663E2
1.947578167E1,5.160414402E-1,1.986824355E-1,-4.280477346E-1,-7.148437835E-1,1.178658165E2,5.583133775E1,-9.074983718E0,-1.131647901E2
1.948575167E1,5.169064516E-1,1.971520834E-1,-4.273344835E-1,-7.150691954E-1,1.177500596E2,5.564722796E1,-9.196979019E0,-1.131368538E2
1.949572167E1,5.180075591E-1,1.958979618E-1,-4.262981346E-1,-7.152356122E-1,1.176026057E2,5.544291980E1,-9.289613059E0,-1.130616670E2
1.950569067E1,5.190772672E-1,1.945998284E-1,-4.250104746E-1,-7.155806896E-1,1.174592465E2,5.520798885E1,-9.364972331E0,-1.129909096E2
1.951566067E1,5.202203740E-1,1.931497450E-1,-4.235349767E-1,-7.160182582E-1,1.173059302E2,5.494194811E1,-9.442955265E0,-1.129174601E2
1.952563067E1,5.212800617E-1,1.913560699E-1,-4.220664435E-1,-7.165961441E-1,1.171636905E2,5.465558086E1,-9.542525986E0,-1.128722876E2
1.953559967E1,5.222969598E-1,1.891805234E-1,-4.207491122E-1,-7.172077160E-1,1.170270930E2,5.436229877E1,-9.680186473E0,-1.128526804E2
1.954556967E1,5.230572784E-1,1.864507247E-1,-4.197336998E-1,-7.179629137E-1,1.169248959E2,5.406980402E1,-9.866908849E0,-1.128953339E2
1.955553967E1,5.236278308E-1,1.831743972E-1,-4.190057394E-1,-7.188152389E-1,1.168481693E2,5.377690065E1,-1.010595429E1,-1.129907273E2
1.956550867E1,5.241284195E-1,1.794526935E-1,-4.184882709E-1,-7.196900705E-1,1.167808252E2,5.348094369E1,-1.039204297E1,-1.131171619E2
1.957547867E1,5.245400783E-1,1.753584644E-1,-4.181393372E-1,-7.206015699E-1,1.167254266E2,5.318252778E1,-1.071562134E1,-1.132724615E2
1.958544867E1,5.247377575E-1,1.709183887E-1,-4.179651758E-1,-7.216248005E-1,1.166988182E2,5.288574060E1,-1.106755878E1,-1.134708152E2
1.959541767E1,5.249598925E-1,1.663940088E-1,-4.178871199E-1,-7.225653285E-1,1.166689134E2,5.259625175E1,-1.143679781E1,-1.136676877E2
1.960538767E1,5.250227335E-1,1.618154070E-1,-4.179127662E-1,-7.235438519E-1,1.166604527E2,5.231869227E1,-1.180996644E1,-1.138851580E2
1.961535667E1,5.250290344E-1,1.573723916E-1,-4.179388762E-1,-7.245037253E-1,1.166596043E2,5.205216412E1,-1.217078117E1,-1.141002829E2
1.962532667E1,5.251720597E-1,1.532740426E-1,-4.178276401E-1,-7.253422158E-1,1.166403461E2,5.179145855E1,-1.250416231E1,-1.142774158E2
1.963529667E1,5.253594236E-1,1.495098865E-1,-4.175383652E-1,-7.261583684E-1,1.166151148E2,5.153177433E1,-1.280183446E1,-1.144292267E2
1.964526567E1,5.257570580E-1,1.461735525E-1,-4.170285043E-1,-7.268425593E-1,1.165615560E2,5.127149612E1,-1.306292630E1,-1.145299781E2
1.965523567E1,5.263775650E-1,1.432275721E-1,-4.163490971E-1,-7.273692895E-1,1.164779467E2,5.101339638E1,-1.329442084E1,-1.145805914E2
1.966520567E1,5.270298296E-1,1.405838267E-1,-4.156000633E-1,-7.278408285E-1,1.163900177E2,5.076533948E1,-1.349862115E1,-1.146110269E2
1.967517467E1,5.277357577E-1,1.382570046E-1,-4.148013594E-1,-7.282305499E-1,1.162948073E2,5.052998458E1,-1.367682005E1,-1.146183391E2
1.968514467E1,5.285323753E-1,1.362230398E-1,-4.139553879E-1,-7.285175277E-1,1.161873063E2,5.030556287E1,-1.383318607E1,-1.145991377E2
1.969511467E1,5.293330600E-1,1.344012528E-1,-4.130859300E-1,-7.287679854E-1,1.160791931E2,5.009095667E1,-1.397068498E1,-1.145687442E2
1.970508367E1,5.301905061E-1,1.327677253E-1,-4.121785505E-1,-7.289578043E-1,1.159633451E2,4.988243270E1,-1.409333388E1,-1.145214398E2
1.971505367E1,5.312304901E-1,1.313165987E-1,-4.111846119E-1,-7.290248494E-1,1.158227363E2,4.967252896E1,-1.420556110E1,-1.144407481E2
1.972502367E1,5.322801574E-1,1.298589921E-1,-4.101444277E-1,-7.291064035E-1,1.156807086E2,4.945687075E1,-1.431551703E1,-1.143579369E2
1.973499267E1,5.334055309E-1,1.283743483E-1,-4.091308171E-1,-7.291162975E-1,1.155283141E2,4.924152584E1,-1.443405976E1,-1.142657434E2
1.974496267E1,5.344859021E-1,1.268683360E-1,-4.082943918E-1,-7.290575659E-1,1.153818934E2,4.904524260E1,-1.456431216E1,-1.141810454E2
1.975493267E1,5.356460152E-1,1.255198160E-1,-4.076996892E-1,-7.287723371E-1,1.152245336E2,4.888401086E1,-1.470336123E1,-1.140803707E2
1.976490167E1,5.368380545E-1,1.243730213E-1,-4.073041200E-1,-7.283128943E-1,1.150627004E2,4.875623482E1,-1.484160552E1,-1.139679292E2
1.977487167E1,5.379983151E-1,1.233977433E-1,-4.069661865E-1,-7.278113889E-1,1.149050417E2,4.864518766E1,-1.496765302E1,-1.138523862E2
1.978484067E1,5.392364947E-1,1.225757638E-1,-4.065529683E-1,-7.272646705E-1,1.147366423E2,4.853344305E1,-1.507993300E1,-1.137189366E2
1.979481067E1,5.405170635E-1,1.218055512E-1,-4.060735268E-1,-7.267110506E-1,1.145623109E2,4.841654765E1,-1.518547088E1,-1.135766349E2
1.980478067E1,5.417712799E-1,1.210150660E-1,-4.056140630E-1,-7.261656598E-1,1.143914017E2,4.830086067E1,-1.529246092E1,-1.134383780E2
1.981474967E1,5.430178151E-1,1.202229160E-1,-4.052296416E-1,-7.255805773E-1,1.142213763E2,4.819333469E1,-1.540445050E1,-1.133013560E2
1.982471967E1,5.441089127E-1,1.193709175E-1,-4.049542962E-1,-7.250573663E-1,1.140724183E2,4.809647320E1,-1.552013244E1,-1.131880238E2
1.983468967E1,5.450961184E-1,1.184324441E-1,-4.047994803E-1,-7.245560295E-1,1.139375355E2,4.800926142E1,-1.564566427E1,-1.130927460E2
1.984465867E1,5.458521064E-1,1.172512576E-1,-4.048083943E-1,-7.241738841E-1,1.138341743E2,4.792921626E1,-1.578988854E1,-1.130393335E2
1.985462867E1,5.463898159E-1,1.157874660E-1,-4.049869179E-1,-7.239039757E-1,1.137606199E2,4.785458521E1,-1.595745180E1,-1.130277130E2
1.986459867E1,5.468092297E-1,1.140931416E-1,-4.052897640E-1,-7.236868667E-1,1.137032261E2,4.778206774E1,-1.614665758E1,-1.130419293E2
1.987456767E1,5.470960864E-1,1.121927507E-1,-4.056702552E-1,-7.235540146E-1,1.136639609E2,4.770829120E1,-1.635131349E1,-1.130824092E2
1.988453767E1,5.473390577E-1,1.101844745E-1,-4.060782578E-1,-7.234499593E-1,1.136306959E2,4.763219938E1,-1.656477086E1,-1.131327832E2
1.989450767E1,5.476288542E-1,1.081462529E-1,-4.064496137E-1,-7.233296774E-1,1.135910119E2,4.754980332E1,-1.678111743E1,-1.131771094E2
1.990447667E1,5.479807751E-1,1.061180095E-1,-4.067473496E-1,-7.231961615E-1,1.135428086E2,4.745900227E1,-1.699517561E1,-1.132113383E2
1.991444667E1,5.484040348E-1,1.041399736E-1,-4.069014806E-1,-7.230761905E-1,1.134848163E2,4.735407345E1,-1.719895078E1,-1.132319528E2
1.992441667E1,5.489006143E-1,1.022250632E-1,-4.068529380E-1,-7.229998151E-1,1.134167537E2,4.722899958E1,-1.738711871E1,-1.132375271E2
1.993438567E1,5.494466583E-1,1.004026335E-1,-4.066162413E-1,-7.229736946E-1,1.133418806E2,4.708742661E1,-1.755678968E1,-1.132303379E2
1.994435567E1,5.500136019E-1,9.871940423E-2,-4.062048143E-1,-7.230056577E-1,1.132641078E2,4.693397640E1,-1.770324230E1,-1.132126002E2
1.995432467E1,5.505768945E-1,9.720505743E-2,-4.056634485E-1,-7.230861161E-1,1.131868013E2,4.677578613E1,-1.782571427E1,-1.131871065E2
1.996429467E1,5.511091197E-1,9.584418837E-2,-4.050329211E-1,-7.232157650E-1,1.131137269E2,4.661700026E1,-1.792685579E1,-1.131586814E2
1.997426467E1,5.516040817E-1,9.461676677E-2,-4.043280362E-1,-7.233943939E-1,1.130457412E2,4.645824265E1,-1.800906812E1,-1.131291921E2
1.998423367E1,5.520592203E-1,9.351895727E-2,-4.035534298E-1,-7.236224558E-1,1.129832018E2,4.629988147E1,-1.807284772E1,-1.130993010E2
1.999420367E1,5.524666697E-1,9.255723995E-2,-4.027234424E-1,-7.238974482E-1,1.129271961E2,4.614406072E1,-1.811821888E1,-1.130700895E2
2.000417367E1,5.528240223E-1,9.172883310E-2,-4.018781979E-1,-7.241997780E-1,1.128780615E2,4.599517761E1,-1.814819414E1,-1.130425160E2
2.001414267E1,5.531416198E-1,9.103005943E-2,-4.010600222E-1,-7.244988732E-1,1.128343813E2,4.585757265E1,-1.816675322E1,-1.130158004E2
2.002411267E1,5.534341558E-1,9.045894856E-2,-4.002870701E-1,-7.247744767E-1,1.127941382E2,4.573290661E1,-1.817620694E1,-1.129882921E2
2.003408267E1,5.537375499E-1,9.000774547E-2,-3.995189649E-1,-7.250227005E-1,1.127523914E2,4.561557372E1,-1.817630275E1,-1.129549708E2
2.004405167E1,5.540763895E-1,8.964019334E-2,-3.987205244E-1,-7.252489659E-1,1.127057553E2,4.549911731E1,-1.816896705E1,-1.129134540E2
2.005402167E1,5.544486568E-1,8.931603139E-2,-3.978920965E-1,-7.254592523E-1,1.126545039E2,4.538127798E1,-1.815756136E1,-1.128654262E2
2.006399167E1,5.548457434E-1,8.897399918E-2,-3.970764812E-1,-7.256445509E-1,1.125998187E2,4.526343213E1,-1.814997605E1,-1.128147191E2
2.007396067E1,5.552471078E-1,8.859751192E-2,-3.963262568E-1,-7.257937086E-1,1.125445267E2,4.515081424E1,-1.815031290E1,-1.127652268E2
2.008393067E1,5.556421818E-1,8.817666510E-2,-3.956466915E-1,-7.259135005E-1,1.124900839E2,4.504360814E1,-1.815922104E1,-1.127188087E2
2.009390067E1,5.560130477E-1,8.769062764E-2,-3.950557506E-1,-7.260101274E-1,1.124389613E2,4.494288454E1,-1.817882039E1,-1.126787611E2
2.010386967E1,5.563491689E-1,8.716880751E-2,-3.945938633E-1,-7.260668149E-1,1.123926149E2,4.485503428E1,-1.820894227E1,-1.126459708E2
2.011383967E1,5.566586163E-1,8.663037099E-2,-3.942922288E-1,-7.260579588E-1,1.123499354E2,4.478445746E1,-1.825067485E1,-1.126189159E2
2.012380867E1,5.569537970E-1,8.611740169E-2,-3.941279404E-1,-7.259817731E-1,1.123092136E2,4.473083586E1,-1.829941595E1,-1.125942267E2
2.013377867E1,5.572630337E-1,8.568160328E-2,-3.940300754E-1,-7.258490474E-1,1.122665424E2,4.468879654E1,-1.834710876E1,-1.125655243E2
2.014374867E1,5.575910784E-1,8.537650224E-2,-3.939424100E-1,-7.256807393E-1,1.122212641E2,4.465515152E1,-1.838528794E1,-1.125298116E2
2.015371767E1,5.579471561E-1,8.522963101E-2,-3.938262427E-1,-7.254873485E-1,1.121721031E2,4.462704278E1,-1.840926232E1,-1.124844671E2
2.016368767E1,5.583331369E-1,8.525065175E-2,-3.936605740E-1,-7.252777100E-1,1.121187975E2,4.460268951E1,-1.841676636E1,-1.124287099E2
2.017365767E1,5.587407602E-1,8.542541366E-2,-3.934443396E-1,-7.250605905E-1,1.120624848E2,4.458133893E1,-1.840848641E1,-1.123642042E2
2.018362667E1,5.591592942E-1,8.573106261E-2,-3.932110146E-1,-7.248284299E-1,1.120046455E2,4.456558779E1,-1.838825757E1,-1.122935314E2
2.019359667E1,5.595822378E-1,8.612433485E-2,-3.930062652E-1,-7.245663186E-1,1.119461767E2,4.455809729E1,-1.836280998E1,-1.122195086E2
2.020356667E1,5.599953296E-1,8.657238746E-2,-3.928557272E-1,-7.242754527E-1,1.118890505E2,4.456006222E1,-1.833607841E1,-1.121455195E2
2.021353567E1,5.603819690E-1,8.699971436E-2,-3.927853841E-1,-7.239632447E-1,1.118355649E2,4.457020908E1,-1.831557328E1,-1.120766480E2
2.022350567E1,5.606985919E-1,8.733304325E-2,-3.928433887E-1,-7.236463688E-1,1.117917524E2,4.459033775E1,-1.830872257E1,-1.120219291E2
2.023347567E1,5.609036732E-1,8.751413772E-2,-3.930721302E-1,-7.233413995E-1,1.117633683E2,4.462245135E1,-1.832133728E1,-1.119895638E2
2.024344467E1,5.609918234E-1,8.755194344E-2,-3.934803646E-1,-7.230463927E-1,1.117511666E2,4.466812932E1,-1.835298414E1,-1.119800538E2
2.025341467E1,5.609828145E-1,8.747192765E-2,-3.940330573E-1,-7.227620595E-1,1.117524136E2,4.472466947E1,-1.839998363E1,-1.119895017E2
2.026338467E1,5.609035204E-1,8.728385787E-2,-3.946795583E-1,-7.224935577E-1,1.117633895E2,4.478658464E1,-1.845925903E1,-1.120133557E2
2.027335367E1,5.607776752E-1,8.699753326E-2,-3.953692704E-1,-7.222485107E-1,1.117808075E2,4.484844681E1,-1.852756408E1,-1.120474870E2
2.028332367E1,5.606247401E-1,8.661969730E-2,-3.960736602E-1,-7.220267603E-1,1.118019726E2,4.490717252E1,-1.860330063E1,-1.120887375E2
2.029329267E1,5.604692130E-1,8.624384224E-2,-3.967642679E-1,-7.218132496E-1,1.118234937E2,4.496464136E1,-1.867770688E1,-1.121301686E2
2.030326267E1,5.603320039E-1,8.595999375E-2,-3.973922033E-1,-7.216081420E-1,1.118424777E2,4.502030187E1,-1.874061027E1,-1.121653080E2
2.031323267E1,5.602123806E-1,8.574175737E-2,-3.979187438E-1,-7.214367834E-1,1.118590269E2,4.506828324E1,-1.879139377E1,-1.121947560E2
2.032320167E1,5.600797497E-1,8.553340442E-2,-3.983310032E-1,-7.213371009E-1,1.118773737E2,4.510444685E1,-1.883218570E1,-1.122245411E2
2.033317167E1,5.599093816E-1,8.531360861E-2,-3.986470625E-1,-7.213208427E-1,1.119009378E2,4.513000204E1,-1.886476176E1,-1.122589698E2
2.034314221E1,5.596607258E-1,8.509584638E-2,-3.988946225E-1,-7.214026814E-1,1.119353242E2,4.514958510E1,-1.888771544E1,-1.123034780E2
2.035311121E1,5.593490393E-1,8.491971470E-2,-3.990846205E-1,-7.215600261E-1,1.119784172E2,4.516642369E1,-1.889929973E1,-1.123546883E2
2.036308121E1,5.589737901E-1,8.481902588E-2,-3.992481081E-1,-7.217720827E-1,1.120302837E2,4.518594260E1,-1.889885106E1,-1.124118190E2
2.037305121E1,5.585652502E-1,8.479124057E-2,-3.993926402E-1,-7.220116138E-1,1.120867336E2,4.520824356E1,-1.888884269E1,-1.124708487E2
2.038302021E1,5.581391244E-1,8.480162977E-2,-3.995381522E-1,-7.222594583E-1,1.121455935E2,4.523321100E1,-1.887461312E1,-1.125309916E2
2.039299021E1,5.577035473E-1,8.483247072E-2,-3.997036313E-1,-7.225006542E-1,1.122057379E2,4.526176157E1,-1.885953910E1,-1.125918938E2
2.040296021E1,5.572799451E-1,8.491254974E-2,-3.998546856E-1,-7.227345112E-1,1.122642085E2,4.529132894E1,-1.883982030E1,-1.126492653E2
2.041292921E1,5.569092583E-1,8.508379238E-2,-3.998781614E-1,-7.229871026E-1,1.123153586E2,4.531093636E1,-1.880587320E1,-1.126948059E2
2.042289921E1,5.566231234E-1,8.538189704E-2,-3.996605572E-1,-7.232924565E-1,1.123548312E2,4.530938654E1,-1.874812344E1,-1.127217114E2
2.043286921E1,5.564193486E-1,8.580975077E-2,-3.991315932E-1,-7.236906125E-1,1.123829365E2,4.527909680E1,-1.866109006E1,-1.127295144E2
2.044283821E1,5.562882456E-1,8.636350768E-2,-3.982886667E-1,-7.241898261E-1,1.124010163E2,4.521982973E1,-1.854440110E1,-1.127196988E2
2.045280821E1,5.562061383E-1,8.702861656E-2,-3.971797937E-1,-7.247819103E-1,1.124123383E2,4.513666179E1,-1.840151607E1,-1.126965657E2
2.046277721E1,5.561650398E-1,8.776101288E-2,-3.958766447E-1,-7.254379313E-1,1.124180053E2,4.503530832E1,-1.824103259E1,-1.126636103E2
2.047274721E1,5.561594396E-1,8.849426268E-2,-3.944472554E-1,-7.261313681E-1,1.124187774E2,4.491965140E1,-1.807334557E1,-1.126245858E2
2.048271721E1,5.561871458E-1,8.915472487E-2,-3.929637917E-1,-7.268333924E-1,1.124149572E2,4.479350079E1,-1.790993133E1,-1.125831626E2
2.049268621E1,5.562377115E-1,8.964252196E-2,-3.914986935E-1,-7.275250327E-1,1.124079847E2,4.465920259E1,-1.776407901E1,-1.125449636E2
2.050265621E1,5.563043878E-1,8.989939646E-2,-3.901196170E-1,-7.281827764E-1,1.123987903E2,4.452085874E1,-1.764534233E1,-1.125135618E2
2.051262621E1,5.563523878E-1,8.990658250E-2,-3.888875171E-1,-7.288039841E-1,1.123921710E2,4.438460916E1,-1.755784148E1,-1.124949408E2
2.052259521E1,5.563582568E-1,8.970382455E-2,-3.878328660E-1,-7.293862322E-1,1.123913616E2,4.425645128E1,-1.749908479E1,-1.124911411E2
2.053256521E1,5.563122430E-1,8.935606036E-2,-3.869631342E-1,-7.299257857E-1,1.123977071E2,4.414112053E1,-1.746349372E1,-1.125012581E2
2.054253521E1,5.562095153E-1,8.889001105E-2,-3.862527385E-1,-7.304371692E-1,1.124118727E2,4.403741446E1,-1.744665775E1,-1.125247418E2
2.055250421E1,5.560409858E-1,8.834916162E-2,-3.856787195E-1,-7.309342755E-1,1.124351095E2,4.394550235E1,-1.744267765E1,-1.125610719E2
2.056247421E1,5.558187929E-1,8.779475143E-2,-3.852106893E-1,-7.314165987E-1,1.124657405E2,4.386542118E1,-1.744472645E1,-1.126061657E2
2.057244421E1,5.555456708E-1,8.726610351E-2,-3.848285017E-1,-7.318884854E-1,1.125033851E2,4.379722848E1,-1.744808371E1,-1.126581638E2
2.058241321E1,5.552297486E-1,8.681232947E-2,-3.845334948E-1,-7.323370016E-1,1.125469185E2,4.374379140E1,-1.744902097E1,-1.127142436E2
2.059238321E1,5.548814575E-1,8.645887546E-2,-3.843068396E-1,-7.327617470E-1,1.125948995E2,4.370435023E1,-1.744450793E1,-1.127719973E2
2.060235321E1,5.545128412E-1,8.621104145E-2,-3.841315614E-1,-7.331617206E-1,1.126456659E2,4.367710999E1,-1.743348947E1,-1.128293916E2
2.061232221E1,5.541237099E-1,8.604258050E-2,-3.840136767E-1,-7.335373649E-1,1.126992414E2,4.366119325E1,-1.741864312E1,-1.128874368E2
2.062229221E1,5.537256961E-1,8.593151302E-2,-3.839454514E-1,-7.338864883E-1,1.127540226E2,4.365424510E1,-1.740193220E1,-1.129451919E2
2.063226121E1,5.533188421E-1,8.587517322E-2,-3.839321647E-1,-7.342069414E-1,1.128100026E2,4.365669299E1,-1.738395188E1,-1.130028276E2
2.064223121E1,5.529048546E-1,8.584479588E-2,-3.839890524E-1,-7.344924652E-1,1.128669454E2,4.366848635E1,-1.736837902E1,-1.130611738E2
2.065220121E1,5.524781073E-1,8.583360589E-2,-3.841273151E-1,-7.347427016E-1,1.129256237E2,4.369057959E1,-1.735628411E1,-1.131214010E2
2.066217021E1,5.520426671E-1,8.587819725E-2,-3.843434441E-1,-7.349516446E-1,1.129854767E2,4.372463589E1,-1.734443971E1,-1.131816048E2
2.067214021E1,5.515999461E-1,8.603095851E-2,-3.846049864E-1,-7.351293462E-1,1.130463093E2,4.377011605E1,-1.732601889E1,-1.132395291E2
2.068211021E1,5.511495438E-1,8.631885309E-2,-3.848931971E-1,-7.352825289E-1,1.131081755E2,4.382651508E1,-1.729730294E1,-1.132940871E2
2.069207921E1,5.506798909E-1,8.673530610E-2,-3.852098464E-1,-7.354196432E-1,1.131726623E2,4.389383731E1,-1.725836110E1,-1.133470820E2
2.070204921E1,5.502038949E-1,8.730753387E-2,-3.855341664E-1,-7.355382339E-1,1.132379957E2,4.397112942E1,-1.720603937E1,-1.133955401E2
2.071201921E1,5.497422816E-1,8.805058280E-2,-3.858310488E-1,-7.356390702E-1,1.133013316E2,4.405502245E1,-1.713765332E1,-1.134357129E2
2.072198821E1,5.493018365E-1,8.897722342E-2,-3.860755005E-1,-7.357284321E-1,1.133617416E2,4.414338836E1,-1.705070059E1,-1.134659489E2
2.073195821E1,5.488887131E-1,9.008795092E-2,-3.862666891E-1,-7.358011775E-1,1.134183852E2,4.423605785E1,-1.694545686E1,-1.134852546E2
2.074192821E1,5.484931438E-1,9.137061650E-2,-3.864066483E-1,-7.358645453E-1,1.134726047E2,4.433274780E1,-1.682263690E1,-1.134953485E2
2.075189721E1,5.481073000E-1,9.278332618E-2,-3.865057461E-1,-7.359231610E-1,1.135254750E2,4.443231996E1,-1.668623766E1,-1.134987523E2
2.076186721E1,5.476905835E-1,9.425385080E-2,-3.866093219E-1,-7.359920817E-1,1.135825577E2,4.453626815E1,-1.654357043E1,-1.135039139E2
2.077183721E1,5.471935984E-1,9.571583014E-2,-3.868052310E-1,-7.360702957E-1,1.136506114E2,4.465121255E1,-1.640394653E1,-1.135206908E2
2.078180621E1,5.465981688E-1,9.716583978E-2,-3.871424163E-1,-7.361453803E-1,1.137321106E2,4.478258087E1,-1.627013047E1,-1.135519974E2
2.079177621E1,5.459175394E-1,9.864060016E-2,-3.875663715E-1,-7.362312334E-1,1.138252252E2,4.492625675E1,-1.613574379E1,-1.135941776E2
2.080174621E1,5.451667986E-1,1.001392789E-1,-3.879873553E-1,-7.363635113E-1,1.139278744E2,4.507201936E1,-1.599525975E1,-1.136443299E2
2.081171521E1,5.443756917E-1,1.017132845E-1,-3.883635686E-1,-7.365347223E-1,1.140359782E2,4.521775898E1,-1.584290079E1,-1.136960912E2
2.082168521E1,5.435649655E-1,1.034579428E-1,-3.886796384E-1,-7.367236983E-1,1.141466943E2,4.536701077E1,-1.567054076E1,-1.137428740E2
2.083165421E1,5.427842900E-1,1.054622467E-1,-3.889012359E-1,-7.368979650E-1,1.142532411E2,4.552045033E1,-1.547091248E1,-1.137741692E2
2.084162421E1,5.420753694E-1,1.077625901E-1,-3.889978681E-1,-7.370361329E-1,1.143499394E2,4.567632918E1,-1.524116735E1,-1.137825687E2
2.085159421E1,5.414541776E-1,1.103393957E-1,-3.889603258E-1,-7.371312478E-1,1.144346280E2,4.583241195E1,-1.498339834E1,-1.137663044E2
2.086156321E1,5.409195869E-1,1.131338055E-1,-3.887965537E-1,-7.371865444E-1,1.145074778E2,4.598636853E1,-1.470331477E1,-1.137277097E2
2.087153321E1,5.404346137E-1,1.160402522E-1,-3.885567381E-1,-7.372169218E-1,1.145735404E2,4.613823722E1,-1.441156253E1,-1.136761345E2
2.088150321E1,5.399357741E-1,1.189502076E-1,-3.883149733E-1,-7.372460769E-1,1.146414664E2,4.629073138E1,-1.411914909E1,-1.136248784E2
2.089147221E1,5.393925013E-1,1.218771798E-1,-3.881018367E-1,-7.372779399E-1,1.147154133E2,4.644841355E1,-1.382538688E1,-1.135776718E2
2.090144221E1,5.388128030E-1,1.249508862E-1,-3.878657089E-1,-7.373115836E-1,1.147942846E2,4.661323745E1,-1.351609761E1,-1.135276880E2
2.091141221E1,5.382737342E-1,1.282246532E-1,-3.875139408E-1,-7.373281157E-1,1.148675968E2,4.677737051E1,-1.318464033E1,-1.134616032E2
2.092138121E1,5.376923711E-1,1.315962536E-1,-3.870810716E-1,-7.373855935E-1,1.149466274E2,4.693969662E1,-1.283750185E1,-1.133947331E2
2.093135121E1,5.370487150E-1,1.349892962E-1,-3.867068813E-1,-7.374377607E-1,1.150340856E2,4.711117858E1,-1.248995563E1,-1.133337907E2
2.094132121E1,5.363656726E-1,1.384419976E-1,-3.865437836E-1,-7.373801987E-1,1.151268491E2,4.731043953E1,-1.215100208E1,-1.132749570E2
2.095129021E1,5.355839645E-1,1.420796289E-1,-3.866500990E-1,-7.372007058E-1,1.152329538E2,4.755209297E1,-1.181104702E1,-1.132207005E2
2.096126021E1,5.346281267E-1,1.459833648E-1,-3.869710367E-1,-7.369634506E-1,1.153626092E2,4.783593420E1,-1.145524263E1,-1.131763879E2
2.097123021E1,5.336135677E-1,1.502384369E-1,-3.873060936E-1,-7.366674112E-1,1.155001285E2,4.814419951E1,-1.106906096E1,-1.131210456E2
2.098119921E1,5.325066651E-1,1.547861451E-1,-3.874994423E-1,-7.364251932E-1,1.156500459E2,4.845692991E1,-1.064453060E1,-1.130600737E2
2.099116921E1,5.315359915E-1,1.596366573E-1,-3.873579132E-1,-7.361654317E-1,1.157814111E2,4.875192117E1,-1.018059301E1,-1.129615608E2
2.100113921E1,5.305391026E-1,1.645142067E-1,-3.868677664E-1,-7.360683569E-1,1.159162259E2,4.901255186E1,-9.689547342E0,-1.128592341E2
2.101110821E1,5.296208493E-1,1.692803620E-1,-3.861161406E-1,-7.360437010E-1,1.160403186E2,4.923888995E1,-9.194987526E0,-1.127468618E2
2.102107821E1,5.287196021E-1,1.737486971E-1,-3.853268460E-1,-7.360640790E-1,1.161620315E2,4.944391475E1,-8.724260714E0,-1.126430298E2
2.103104721E1,5.276377557E-1,1.777257475E-1,-3.847611616E-1,-7.361866631E-1,1.163080280E2,4.964462368E1,-8.299663041E0,-1.125845378E2
2.104101721E1,5.262822288E-1,1.811614427E-1,-3.846506841E-1,-7.363772512E-1,1.164907951E2,4.986265707E1,-7.935793709E0,-1.125874743E2
2.105098721E1,5.246926077E-1,1.841683780E-1,-3.850815830E-1,-7.365405386E-1,1.167048959E2,5.011352742E1,-7.631653066E0,-1.126418440E2
2.106095621E1,5.226987773E-1,1.866995491E-1,-3.860595584E-1,-7.368089613E-1,1.169730903E2,5.039550272E1,-7.380721394E0,-1.127720492E2
2.107092621E1,5.204446795E-1,1.888178181E-1,-3.874515740E-1,-7.371339135E-1,1.172758311E2,5.069707189E1,-7.176493146E0,-1.129561001E2
2.108089621E1,5.179505239E-1,1.905657322E-1,-3.891143936E-1,-7.375648124E-1,1.176102463E2,5.100534601E1,-7.006090578E0,-1.131889064E2
2.109086521E1,5.153458908E-1,1.921119842E-1,-3.908413502E-1,-7.380749157E-1,1.179588448E2,5.130805621E1,-6.848871557E0,-1.134446021E2
2.110083521E1,5.129255448E-1,1.937043027E-1,-3.923676035E-1,-7.385347589E-1,1.182822079E2,5.159066034E1,-6.684151470E0,-1.136720443E2
2.111080521E1,5.105503908E-1,1.953950656E-1,-3.936242539E-1,-7.390662412E-1,1.185990041E2,5.184975416E1,-6.494638555E0,-1.138858984E2
2.112077421E1,5.084536061E-1,1.974307584E-1,-3.944871685E-1,-7.395107008E-1,1.188782400E2,5.208633582E1,-6.266464942E0,-1.140432846E2
2.113074421E1,5.067171349E-1,1.998851485E-1,-3.949220713E-1,-7.398108917E-1,1.191091878E2,5.230113572E1,-5.996812818E0,-1.141297471E2
2.114071421E1,5.051338358E-1,2.025783321E-1,-3.950645277E-1,-7.400850253E-1,1.193195258E2,5.249871993E1,-5.697166507E0,-1.141814065E2
2.115068321E1,5.039413329E-1,2.055649421E-1,-3.949873146E-1,-7.401157083E-1,1.194777983E2,5.268983567E1,-5.383245286E0,-1.141657700E2
2.116065321E1,5.028848589E-1,2.086595745E-1,-3.948454905E-1,-7.400439111E-1,1.196179101E2,5.288095407E1,-5.065190332E0,-1.141252106E2
2.117062321E1,5.020094478E-1,2.118575614E-1,-3.946880615E-1,-7.398135575E-1,1.197339334E2,5.307719473E1,-4.749762648E0,-1.140544971E2
2.118059221E1,5.011076317E-1,2.150125586E-1,-3.946122709E-1,-7.395552395E-1,1.198533852E2,5.328050889E1,-4.442530272E0,-1.139878561E2
2.119056221E1,5.002182068E-1,2.180956427E-1,-3.946566094E-1,-7.392309195E-1,1.199711250E2,5.349297187E1,-4.150856501E0,-1.139222090E2
2.120053121E1,4.992376814E-1,2.210100130E-1,-3.948993331E-1,-7.388984862E-1,1.201008436E2,5.371690151E1,-3.881280503E0,-1.138761618E2
2.121050121E1,4.980509315E-1,2.236551966E-1,-3.954210636E-1,-7.386242577E-1,1.202577315E2,5.395446169E1,-3.639890499E0,-1.138700438E2
2.122047121E1,4.966926334E-1,2.260687781E-1,-3.962264478E-1,-7.383724619E-1,1.204371469E2,5.420829424E1,-3.426013821E0,-1.138975572E2
2.123044021E1,4.954784986E-1,2.284359137E-1,-3.971557015E-1,-7.379604027E-1,1.205973839E2,5.447247098E1,-3.233823356E0,-1.139087813E2
2.124041021E1,4.943812159E-1,2.307781563E-1,-3.980839700E-1,-7.374671476E-1,1.207420894E2,5.473495108E1,-3.051173484E0,-1.139056506E2
2.125038021E1,4.935922585E-1,2.331620505E-1,-3.988489511E-1,-7.368322159E-1,1.208460699E2,5.498215416E1,-2.873722231E0,-1.138606165E2
2.126034921E1,4.931280426E-1,2.354754331E-1,-3.994775872E-1,-7.360664182E-1,1.209072261E2,5.520949031E1,-2.713171717E0,-1.137786406E2
2.127031921E1,4.927399123E-1,2.375113366E-1,-4.001624313E-1,-7.352998091E-1,1.209583446E2,5.542438320E1,-2.583076630E0,-1.137032680E2
2.128028921E1,4.924287526E-1,2.393311638E-1,-4.009876139E-1,-7.344681148E-1,1.209993163E2,5.564007791E1,-2.484748127E0,-1.136310676E2
2.129025821E1,4.920458696E-1,2.409385866E-1,-4.020218713E-1,-7.336332911E-1,1.210497209E2,5.586451826E1,-2.413167426E0,-1.135802776E2
2.130022821E1,4.915743623E-1,2.423088123E-1,-4.032592290E-1,-7.328185610E-1,1.211117751E2,5.609528360E1,-2.368537586E0,-1.135546455E2
2.131019821E1,4.911853047E-1,2.434523142E-1,-4.046133914E-1,-7.319535812E-1,1.211629640E2,5.632328956E1,-2.354873026E0,-1.135327522E2
2.132016721E1,4.906757704E-1,2.442500118E-1,-4.061184290E-1,-7.311955912E-1,1.212299846E2,5.654436291E1,-2.370193480E0,-1.135469342E2
2.133013721E1,4.902824455E-1,2.449048948E-1,-4.076902483E-1,-7.303653088E-1,1.212817048E2,5.676291303E1,-2.408659968E0,-1.135558422E2
2.134010658E1,4.898175868E-1,2.454145977E-1,-4.093920327E-1,-7.295536237E-1,1.213428144E2,5.698607122E1,-2.462678602E0,-1.135825667E2
2.135007558E1,4.893142691E-1,2.458429151E-1,-4.112180238E-1,-7.287198748E-1,1.214089591E2,5.721763873E1,-2.529195655E0,-1.136191989E2
2.136004558E1,4.889222824E-1,2.463097968E-1,-4.131061394E-1,-7.277567561E-1,1.214604582E2,5.745883924E1,-2.604781542E0,-1.136399209E2
2.137001458E1,4.886157905E-1,2.468331816E-1,-4.149857572E-1,-7.267150545E-1,1.215007159E2,5.770318085E1,-2.681413312E0,-1.136466550E2
2.137998458E1,4.883135554E-1,2.474113837E-1,-4.167741006E-1,-7.256975032E-1,1.215404068E2,5.794154319E1,-2.747883949E0,-1.136492306E2
2.138995458E1,4.882154903E-1,2.482035811E-1,-4.183047846E-1,-7.246114105E-1,1.215532835E2,5.816605927E1,-2.793901458E0,-1.136130241E2
2.139992358E1,4.882200527E-1,2.491445886E-1,-4.195570570E-1,-7.235605947E-1,1.215526844E2,5.837005172E1,-2.816070928E0,-1.135543470E2
2.140989358E1,4.881312809E-1,2.500902532E-1,-4.206092795E-1,-7.226828550E-1,1.215643402E2,5.855256982E1,-2.817407112E0,-1.135061487E2
2.141986358E1,4.881068251E-1,2.510939909E-1,-4.214382974E-1,-7.218679984E-1,1.215675511E2,5.871439809E1,-2.802903532E0,-1.134459157E2
2.142983258E1,4.881098070E-1,2.520950787E-1,-4.220927379E-1,-7.211342744E-1,1.215671596E2,5.885676213E1,-2.778008845E0,-1.133820411E2
2.143980258E1,4.882421376E-1,2.531112919E-1,-4.225750137E-1,-7.204059874E-1,1.215497846E2,5.898096374E1,-2.748505563E0,-1.133011429E2
2.144977258E1,4.884908040E-1,2.541084547E-1,-4.229411329E-1,-7.196711150E-1,1.215171306E2,5.909086022E1,-2.720089027E0,-1.132070727E2
2.145974158E1,4.885802502E-1,2.549086864E-1,-4.233338256E-1,-7.190963057E-1,1.215053836E2,5.919035569E1,-2.697180944E0,-1.131448749E2
2.146971158E1,4.886963858E-1,2.556306408E-1,-4.237176359E-1,-7.185347622E-1,1.214901305E2,5.928340969E1,-2.681249359E0,-1.130844155E2
2.147968158E1,4.886771352E-1,2.562314547E-1,-4.241132157E-1,-7.181002598E-1,1.214926589E2,5.936958822E1,-2.665737580E0,-1.130480975E2
2.148965058E1,4.887129390E-1,2.568354875E-1,-4.244007151E-1,-7.176902763E-1,1.214879563E2,5.944394480E1,-2.645918505E0,-1.130047341E2
2.149962058E1,4.889038115E-1,2.574894064E-1,-4.244910674E-1,-7.172723166E-1,1.214628846E2,5.949968219E1,-2.618787713E0,-1.129390404E2
2.150959058E1,4.890317483E-1,2.580454603E-1,-4.244377833E-1,-7.170166748E-1,1.214460779E2,5.953275137E1,-2.583844306E0,-1.128870771E2
2.151955958E1,4.892975158E-1,2.585887279E-1,-4.241801449E-1,-7.167921270E-1,1.214111604E2,5.954204951E1,-2.544301973E0,-1.128190361E2
2.152952958E1,4.895770231E-1,2.589982952E-1,-4.237818308E-1,-7.166889620E-1,1.213744314E2,5.952633314E1,-2.504924586E0,-1.127578877E2
2.153949958E1,4.898529585E-1,2.591867390E-1,-4.233038381E-1,-7.167147980E-1,1.213381651E2,5.948619583E1,-2.475221717E0,-1.127115962E2
2.154946858E1,4.902435439E-1,2.591380805E-1,-4.227571303E-1,-7.167879966E-1,1.212868195E2,5.942148718E1,-2.465268449E0,-1.126669588E2
2.155943858E1,4.906419581E-1,2.587056538E-1,-4.222162176E-1,-7.169905122E-1,1.212344313E2,5.933025116E1,-2.483689522E0,-1.126465669E2
2.156940758E1,4.910768187E-1,2.579135512E-1,-4.217229256E-1,-7.172683548E-1,1.211772353E2,5.921879071E1,-2.533886530E0,-1.126452747E2
2.157937758E1,4.913833317E-1,2.567563832E-1,-4.213645773E-1,-7.176840702E-1,1.211369109E2,5.909677826E1,-2.611479010E0,-1.126833283E2
2.158934758E1,4.915448384E-1,2.553417558E-1,-4.211443706E-1,-7.182072812E-1,1.211156600E2,5.897235310E1,-2.708008328E0,-1.127555628E2
2.159931658E1,4.917532756E-1,2.538551943E-1,-4.209942856E-1,-7.186794312E-1,1.210882308E2,5.885080412E1,-2.818348384E0,-1.128264948E2
2.160928658E1,4.917975404E-1,2.522582818E-1,-4.209739393E-1,-7.192231993E-1,1.210824054E2,5.873652819E1,-2.935279123E0,-1.129242065E2
2.161925658E1,4.918520362E-1,2.507923934E-1,-4.209613584E-1,-7.197056543E-1,1.210752332E2,5.863259232E1,-3.044296200E0,-1.130118249E2
2.162922558E1,4.921225663E-1,2.497182282E-1,-4.207870074E-1,-7.199961831E-1,1.210396251E2,5.853781099E1,-3.127910373E0,-1.130475953E2
2.163919558E1,4.924169621E-1,2.489482685E-1,-4.204382212E-1,-7.202652064E-1,1.210008687E2,5.844492553E1,-3.178352570E0,-1.130605110E2
2.164916558E1,4.928896600E-1,2.485118801E-1,-4.198731163E-1,-7.204221824E-1,1.209386237E2,5.835091380E1,-3.200791236E0,-1.130300246E2
2.165913458E1,4.933232668E-1,2.482186381E-1,-4.192720864E-1,-7.205765241E-1,1.208815094E2,5.826300443E1,-3.207505949E0,-1.129950266E2
2.166910458E1,4.938348769E-1,2.480722884E-1,-4.186868089E-1,-7.206168692E-1,1.208140998E2,5.818690515E1,-3.209907086E0,-1.129411928E2
2.167907458E1,4.942742262E-1,2.479169193E-1,-4.182342519E-1,-7.206318629E-1,1.207561933E2,5.812504546E1,-3.217769759E0,-1.128968786E2
2.168904358E1,4.945590440E-1,2.476574475E-1,-4.179856856E-1,-7.206699742E-1,1.207186452E2,5.807886434E1,-3.237709953E0,-1.128782973E2
2.169901358E1,4.949466897E-1,2.474542734E-1,-4.178549724E-1,-7.205493710E-1,1.206675299E2,5.804936861E1,-3.269112766E0,-1.128437933E2
2.170898358E1,4.953588332E-1,2.472691855E-1,-4.178316019E-1,-7.203431570E-1,1.206131700E2,5.803291759E1,-3.308711479E0,-1.128053192E2
2.171895258E1,4.957896266E-1,2.470484941E-1,-4.178848439E-1,-7.200915719E-1,1.205563346E2,5.802239272E1,-3.357785055E0,-1.127669412E2
2.172892258E1,4.963620125E-1,2.468113074E-1,-4.179595124E-1,-7.197353152E-1,1.204807937E2,5.801271959E1,-3.419196412E0,-1.127123809E2
2.173889158E1,4.968942534E-1,2.464860233E-1,-4.181002776E-1,-7.193975398E-1,1.204105254E2,5.800428662E1,-3.489198769E0,-1.126683129E2
2.174886158E1,4.975351700E-1,2.461969012E-1,-4.182416328E-1,-7.189714035E-1,1.203258766E2,5.799813125E1,-3.563962806E0,-1.126086887E2
2.175883158E1,4.981656447E-1,2.459055927E-1,-4.184131178E-1,-7.185346357E-1,1.202425719E2,5.799513965E1,-3.640427827E0,-1.125504564E2
2.176880058E1,4.986567503E-1,2.455759201E-1,-4.186380134E-1,-7.181755341E-1,1.201776579E2,5.799572320E1,-3.714227624E0,-1.125116937E2
2.177877058E1,4.990400127E-1,2.452658720E-1,-4.189031750E-1,-7.178606339E-1,1.201269839E2,5.800240347E1,-3.782289071E0,-1.124849343E2
2.178874058E1,4.992448674E-1,2.449827506E-1,-4.192281904E-1,-7.176250962E-1,1.200998932E2,5.801806209E1,-3.840747887E0,-1.124783795E2
2.179870958E1,4.994968213E-1,2.448637068E-1,-4.195056221E-1,-7.173282138E-1,1.200665689E2,5.803972308E1,-3.886956188E0,-1.124556429E2
2.180867958E1,4.997208213E-1,2.448289936E-1,-4.197424716E-1,-7.170453769E-1,1.200369372E2,5.806282896E1,-3.922157378E0,-1.124309244E2
2.181864958E1,5.000480705E-1,2.448715356E-1,-4.199142042E-1,-7.167021961E-1,1.199936393E2,5.808380255E1,-3.953947441E0,-1.123886040E2
2.182861858E1,5.001990405E-1,2.447864990E-1,-4.201543411E-1,-7.164851399E-1,1.199736614E2,5.810398771E1,-3.988130701E0,-1.123759964E2
2.183858858E1,5.003218669E-1,2.447279623E-1,-4.203782199E-1,-7.162878821E-1,1.199574063E2,5.812429605E1,-4.017288910E0,-1.123651107E2
2.184855858E1,5.002884761E-1,2.446946031E-1,-4.205649515E-1,-7.162130398E-1,1.199618255E2,5.814271836E1,-4.031256674E0,-1.123717010E2
2.185852758E1,5.001606552E-1,2.447198122E-1,-4.206784477E-1,-7.162269799E-1,1.199787411E2,5.815739034E1,-4.029136400E0,-1.123859847E2
2.186849758E1,5.001380751E-1,2.448693861E-1,-4.206756713E-1,-7.161932519E-1,1.199817292E2,5.816752699E1,-4.016528053E0,-1.123793275E2
2.187846758E1,5.001113329E-1,2.450592418E-1,-4.206082521E-1,-7.161866980E-1,1.199852680E2,5.817333282E1,-3.995927530E0,-1.123705162E2
2.188843658E1,5.002921534E-1,2.453824186E-1,-4.203368738E-1,-7.161090530E-1,1.199613388E2,5.816525685E1,-3.964669939E0,-1.123274673E2
2.189840658E1,5.006616021E-1,2.457424686E-1,-4.198212177E-1,-7.160298275E-1,1.199124382E2,5.813226277E1,-3.925473575E0,-1.122584930E2
2.190837658E1,5.009832247E-1,2.459802717E-1,-4.191850848E-1,-7.160960402E-1,1.198698581E2,5.807768771E1,-3.882949767E0,-1.122028421E2
2.191834558E1,5.014629823E-1,2.462327471E-1,-4.184106206E-1,-7.161262595E-1,1.198063252E2,5.800851108E1,-3.839823248E0,-1.121265823E2
2.192831558E1,5.018095875E-1,2.463207655E-1,-4.176415934E-1,-7.163021909E-1,1.197604125E2,5.792895214E1,-3.799942749E0,-1.120770371E2
2.193828558E1,5.021928288E-1,2.463017046E-1,-4.168686729E-1,-7.164903766E-1,1.197096345E2,5.784146626E1,-3.769992549E0,-1.120297218E2
2.194825458E1,5.025211106E-1,2.461012753E-1,-4.161587303E-1,-7.167416983E-1,1.196661281E2,5.774846275E1,-3.754126892E0,-1.120006631E2
2.195822458E1,5.026779706E-1,2.456508255E-1,-4.155381022E-1,-7.171462343E-1,1.196453363E2,5.764835017E1,-3.751460825E0,-1.120085036E2
2.196819358E1,5.028343354E-1,2.451024371E-1,-4.149234905E-1,-7.175800096E-1,1.196246081E2,5.754211479E1,-3.756385419E0,-1.120224987E2
2.197816358E1,5.028734266E-1,2.444692755E-1,-4.143461103E-1,-7.181020616E-1,1.196194257E2,5.743444554E1,-3.762424684E0,-1.120561954E2
2.198813358E1,5.028984091E-1,2.438484419E-1,-4.137501644E-1,-7.186389808E-1,1.196161136E2,5.732569804E1,-3.765358385E0,-1.120907173E2
2.199810258E1,5.030787134E-1,2.433505190E-1,-4.130398214E-1,-7.190901207E-1,1.195922081E2,5.721257560E1,-3.761371642E0,-1.120982065E2
2.200807258E1,5.032558671E-1,2.428743861E-1,-4.122606947E-1,-7.195739138E-1,1.195687175E2,5.709348911E1,-3.750571456E0,-1.121044954E2
2.201804258E1,5.036698440E-1,2.425583638E-1,-4.113504545E-1,-7.199116681E-1,1.195138132E2,5.697056898E1,-3.734228181E0,-1.120714083E2
2.202801158E1,5.041515825E-1,2.423084329E-1,-4.104049743E-1,-7.201982667E-1,1.194499026E2,5.684828624E1,-3.714933850E0,-1.120257712E2
2.203798158E1,5.046250918E-1,2.420940846E-1,-4.094764686E-1,-7.204672163E-1,1.193870634E2,5.673045316E1,-3.693695257E0,-1.119789188E2
2.204795158E1,5.051511160E-1,2.419558219E-1,-4.085457187E-1,-7.206734513E-1,1.193172314E2,5.661761975E1,-3.670148417E0,-1.119208412E2
2.205792058E1,5.055771996E-1,2.417464837E-1,-4.076591966E-1,-7.209467526E-1,1.192606487E2,5.650503477E1,-3.648407795E0,-1.118794997E2
2.206789058E1,5.060561564E-1,2.414640841E-1,-4.067933476E-1,-7.211944074E-1,1.191970250E2,5.638955231E1,-3.637026288E0,-1.118361495E2
2.207786058E1,5.065530994E-1,2.410553176E-1,-4.060136572E-1,-7.214216316E-1,1.191309901E2,5.627467779E1,-3.642448814E0,-1.117984473E2
2.208782958E1,5.069723867E-1,2.404914454E-1,-4.053901262E-1,-7.216659885E-1,1.190752569E2,5.616628410E1,-3.665660367E0,-1.117800781E2
2.209779958E1,5.073270209E-1,2.397698071E-1,-4.049343923E-1,-7.219127057E-1,1.190281052E2,5.606540516E1,-3.708627818E0,-1.117795602E2
2.210776958E1,5.075638124E-1,2.388681701E-1,-4.046336640E-1,-7.222137079E-1,1.189966153E2,5.596928083E1,-3.768600843E0,-1.118047771E2
2.211773858E1,5.077765697E-1,2.378570672E-1,-4.044333401E-1,-7.225100003E-1,1.189683173E2,5.587664595E1,-3.842575374E0,-1.118396527E2
2.212770858E1,5.079594554E-1,2.367341751E-1,-4.043416865E-1,-7.228014352E-1,1.189439891E2,5.578830104E1,-3.930981790E0,-1.118850189E2
2.213767758E1,5.079277188E-1,2.354180133E-1,-4.044116081E-1,-7.232143478E-1,1.189482111E2,5.570502410E1,-4.031698655E0,-1.119687783E2
2.214764758E1,5.079027257E-1,2.340665377E-1,-4.045129660E-1,-7.236138578E-1,1.189515359E2,5.562297227E1,-4.137996500E0,-1.120536290E2
2.215761758E1,5.078354172E-1,2.326465524E-1,-4.045935666E-1,-7.240738064E-1,1.189604895E2,5.553435502E1,-4.245337393E0,-1.121474853E2
2.216758658E1,5.077715542E-1,2.311705382E-1,-4.046205300E-1,-7.245759966E-1,1.189689845E2,5.543633160E1,-4.353415408E0,-1.122438041E2
2.217755658E1,5.078728542E-1,2.297285628E-1,-4.045565985E-1,-7.249991721E-1,1.189555096E2,5.533044367E1,-4.463304294E0,-1.123170411E2
2.218752658E1,5.079974297E-1,2.282450464E-1,-4.044834632E-1,-7.254213254E-1,1.189389373E2,5.522090155E1,-4.577384305E0,-1.123894888E2
2.219749558E1,5.082475291E-1,2.267595386E-1,-4.043707625E-1,-7.257746003E-1,1.189056622E2,5.510669497E1,-4.697110963E0,-1.124459249E2
2.220746558E1,5.085814480E-1,2.252375000E-1,-4.042054521E-1,-7.261066859E-1,1.188612263E2,5.498419218E1,-4.821391430E0,-1.124935658E2
2.221743558E1,5.089190865E-1,2.236012329E-1,-4.040546085E-1,-7.264597500E-1,1.188162852E2,5.485576906E1,-4.955822780E0,-1.125470035E2
2.222740458E1,5.092997779E-1,2.218836013E-1,-4.039588719E-1,-7.267727957E-1,1.187656009E2,5.472798003E1,-5.103457181E0,-1.125994417E2
2.223737458E1,5.097585252E-1,2.201711011E-1,-4.039082852E-1,-7.270000305E-1,1.187045069E2,5.460542850E1,-5.259261855E0,-1.126414142E2
2.224734458E1,5.101482888E-1,2.184446713E-1,-4.039169780E-1,-7.272425540E-1,1.186525846E2,5.448898930E1,-5.416245513E0,-1.126924045E2
2.225731358E1,5.107121082E-1,2.168211326E-1,-4.038410293E-1,-7.273749161E-1,1.185774509E2,5.436967570E1,-5.570616789E0,-1.127149837E2
2.226728358E1,5.113725388E-1,2.151537611E-1,-4.036477439E-1,-7.275132526E-1,1.184894056E2,5.423436128E1,-5.726174860E0,-1.127270694E2
2.227725358E1,5.120211472E-1,2.132345727E-1,-4.034334588E-1,-7.277409615E-1,1.184028973E2,5.408026274E1,-5.898924130E0,-1.127542250E2
2.228722258E1,5.125993493E-1,2.109866179E-1,-4.033999626E-1,-7.280076352E-1,1.183257465E2,5.392479274E1,-6.105837593E0,-1.128085005E2
2.229719258E1,5.129312346E-1,2.083856621E-1,-4.036930412E-1,-7.283603832E-1,1.182814484E2,5.378351871E1,-6.348394747E0,-1.129135217E2
2.230716258E1,5.131633795E-1,2.056145595E-1,-4.042168317E-1,-7.286939334E-1,1.182504569E2,5.365769574E1,-6.615067809E0,-1.130402532E2
2.231713158E1,5.133371615E-1,2.027380898E-1,-4.048584648E-1,-7.290211931E-1,1.182272536E2,5.353923779E1,-6.895395801E0,-1.131794062E2
2.232710158E1,5.134192530E-1,1.998066184E-1,-4.055824528E-1,-7.293702639E-1,1.182162919E2,5.342790878E1,-7.180852102E0,-1.133322655E2
2.233707092E1,5.134870778E-1,1.969221197E-1,-4.063578389E-1,-7.296752701E-1,1.182072346E2,5.332654515E1,-7.466159645E0,-1.134834291E2
2.234704092E1,5.135943310E-1,1.941307129E-1,-4.071724743E-1,-7.298935591E-1,1.181929114E2,5.323639745E1,-7.750144844E0,-1.136237316E2
2.235701092E1,5.138336197E-1,1.915410840E-1,-4.079750346E-1,-7.299613523E-1,1.181609513E2,5.315799750E1,-8.026286077E0,-1.137356429E2
2.236697992E1,5.143121656E-1,1.892772293E-1,-4.086328415E-1,-7.298467024E-1,1.180970195E2,5.308349122E1,-8.281863058E0,-1.137985563E2
2.237694992E1,5.150723261E-1,1.873579777E-1,-4.090713900E-1,-7.295602724E-1,1.179954210E2,5.300508273E1,-8.512479892E0,-1.138060425E2
2.238691992E1,5.160428522E-1,1.856603870E-1,-4.093470304E-1,-7.291536712E-1,1.178656276E2,5.292132585E1,-8.727272009E0,-1.137738457E2
2.239688892E1,5.171157318E-1,1.839322819E-1,-4.095383349E-1,-7.287238682E-1,1.177220428E2,5.282559092E1,-8.944968872E0,-1.137292026E2
2.240685892E1,5.182034155E-1,1.820186147E-1,-4.096854591E-1,-7.283490563E-1,1.175763657E2,5.271319430E1,-9.175242760E0,-1.136913828E2
2.241682892E1,5.192452540E-1,1.799249700E-1,-4.098398430E-1,-7.280402358E-1,1.174367235E2,5.259070741E1,-9.417631580E0,-1.136678047E2
2.242679792E1,5.201724320E-1,1.776707459E-1,-4.101063796E-1,-7.277819283E-1,1.173123628E2,5.247165205E1,-9.673935224E0,-1.136667082E2
2.243676792E1,5.209651404E-1,1.753120502E-1,-4.105905521E-1,-7.275138638E-1,1.172059730E2,5.237156658E1,-9.946168348E0,-1.136882700E2
2.244673792E1,5.217225088E-1,1.729294994E-1,-4.112060541E-1,-7.271936425E-1,1.171042699E2,5.228524009E1,-1.022792754E1,-1.137153582E2
2.245670692E1,5.225143427E-1,1.704692824E-1,-4.117966368E-1,-7.268717460E-1,1.169978795E2,5.219144046E1,-1.051661731E1,-1.137408733E2
2.246667692E1,5.233682695E-1,1.678602029E-1,-4.122919677E-1,-7.265838514E-1,1.168830785E2,5.207771508E1,-1.081462502E1,-1.137642614E2
2.247664692E1,5.242698432E-1,1.651079083E-1,-4.126958399E-1,-7.263350480E-1,1.167617951E2,5.194497174E1,-1.112094333E1,-1.137868112E2
2.248661592E1,5.251658115E-1,1.622286779E-1,-4.130467651E-1,-7.261370316E-1,1.166411875E2,5.179905036E1,-1.143379936E1,-1.138146059E2
2.249658592E1,5.260904185E-1,1.593379310E-1,-4.133013110E-1,-7.259629756E-1,1.165166425E2,5.164185083E1,-1.174292425E1,-1.138371746E2
2.250655592E1,5.271084862E-1,1.565977431E-1,-4.133779023E-1,-7.257772239E-1,1.163794115E2,5.147336262E1,-1.203328244E1,-1.138377585E2
2.251652492E1,5.282618241E-1,1.541321314E-1,-4.132436857E-1,-7.255427716E-1,1.162238233E2,5.129673906E1,-1.229486493E1,-1.138048395E2
2.252649492E1,5.295893972E-1,1.520342825E-1,-4.129058260E-1,-7.252099484E-1,1.160445675E2,5.111772568E1,-1.252276757E1,-1.137292286E2
2.253646392E1,5.310756215E-1,1.503321083E-1,-4.124022871E-1,-7.247643298E-1,1.158436818E2,5.094218060E1,-1.271625174E1,-1.136120899E2
2.254643392E1,5.326395119E-1,1.489186189E-1,-4.118043603E-1,-7.242482943E-1,1.156320598E2,5.077239606E1,-1.288403132E1,-1.134696829E2
2.255640392E1,5.341484639E-1,1.476306639E-1,-4.112364209E-1,-7.237232184E-1,1.154276385E2,5.061388422E1,-1.304022870E1,-1.133279352E2
2.256637292E1,5.354980060E-1,1.463755518E-1,-4.107739225E-1,-7.232432500E-1,1.152446175E2,5.047069359E1,-1.319153172E1,-1.132054579E2
2.257634292E1,5.366372564E-1,1.451041184E-1,-4.104139357E-1,-7.228593555E-1,1.150899712E2,5.034020965E1,-1.333870395E1,-1.131113545E2
2.258631292E1,5.375514742E-1,1.437599500E-1,-4.101557231E-1,-7.225951263E-1,1.149657757E2,5.021920843E1,-1.348549250E1,-1.130502317E2
2.259628192E1,5.382222308E-1,1.422965798E-1,-4.100732311E-1,-7.224323236E-1,1.148745996E2,5.011345852E1,-1.364006771E1,-1.130272855E2
2.260625192E1,5.387073621E-1,1.407421724E-1,-4.101986496E-1,-7.223040075E-1,1.148086267E2,5.002767090E1,-1.380609684E1,-1.130339464E2
2.261622192E1,5.390953028E-1,1.391634674E-1,-4.105094089E-1,-7.221438284E-1,1.147558532E2,4.996237853E1,-1.398189689E1,-1.130554855E2
2.262619092E1,5.394433304E-1,1.375536264E-1,-4.110074160E-1,-7.219090916E-1,1.147084961E2,4.991675378E1,-1.417166881E1,-1.130847595E2
2.263616092E1,5.397881864E-1,1.359008377E-1,-4.116577841E-1,-7.215937383E-1,1.146615581E2,4.988580412E1,-1.437608778E1,-1.131172029E2
2.264613092E1,5.401474040E-1,1.342254162E-1,-4.123653453E-1,-7.212344364E-1,1.146126523E2,4.985994971E1,-1.458761403E1,-1.131488620E2
2.265609992E1,5.405582936E-1,1.325444523E-1,-4.130259340E-1,-7.208594559E-1,1.145566952E2,4.982807742E1,-1.479950141E1,-1.131732056E2
2.266606992E1,5.410394210E-1,1.309153186E-1,-4.135935993E-1,-7.204706302E-1,1.144911504E2,4.978814037E1,-1.500477826E1,-1.131848340E2
2.267603992E1,5.415801966E-1,1.293874216E-1,-4.140523573E-1,-7.200766098E-1,1.144174508E2,4.974132758E1,-1.519751964E1,-1.131828513E2
2.268600892E1,5.421752364E-1,1.280202621E-1,-4.143925666E-1,-7.196773843E-1,1.143363205E2,4.969006623E1,-1.537171840E1,-1.131653749E2
2.269597892E1,5.428259205E-1,1.268594325E-1,-4.146031112E-1,-7.192712362E-1,1.142475610E2,4.963569304E1,-1.552280785E1,-1.131302195E2
2.270594892E1,5.435148582E-1,1.259396302E-1,-4.146781221E-1,-7.188691500E-1,1.141535349E2,4.957976374E1,-1.564636897E1,-1.130781822E2
2.271591792E1,5.442371234E-1,1.252677252E-1,-4.146100127E-1,-7.184792548E-1,1.140549066E2,4.952188060E1,-1.574091269E1,-1.130096874E2
2.272588792E1,5.449811839E-1,1.247800651E-1,-4.143863183E-1,-7.181290988E-1,1.139532444E2,4.945704980E1,-1.581005477E1,-1.129289239E2
2.273585692E1,5.457224469E-1,1.243794487E-1,-4.140269427E-1,-7.178428532E-1,1.138519061E2,4.938213431E1,-1.586179083E1,-1.128434866E2
2.274582692E1,5.464377843E-1,1.239999796E-1,-4.135674367E-1,-7.176291476E-1,1.137540567E2,4.929759017E1,-1.590277202E1,-1.127595957E2
2.275579692E1,5.471178763E-1,1.236334390E-1,-4.130590930E-1,-7.174670403E-1,1.136609779E2,4.920883980E1,-1.593687877E1,-1.126793265E2
2.276576592E1,5.477491518E-1,1.232589748E-1,-4.125630141E-1,-7.173352049E-1,1.135745360E2,4.912169276E1,-1.596952774E1,-1.126059032E2
2.277573592E1,5.483063595E-1,1.228514780E-1,-4.121560230E-1,-7.172134585E-1,1.134982009E2,4.904363139E1,-1.600695686E1,-1.125444797E2
2.278570592E1,5.487676937E-1,1.224350460E-1,-4.118893388E-1,-7.170849159E-1,1.134349748E2,4.898212437E1,-1.604966409E1,-1.124974119E2
2.279567492E1,5.491296877E-1,1.220467050E-1,-4.117628562E-1,-7.169467216E-1,1.133853472E2,4.893943016E1,-1.609438212E1,-1.124637168E2
2.280564492E1,5.494292885E-1,1.217254406E-1,-4.116704492E-1,-7.168248119E-1,1.133442628E2,4.890545284E1,-1.613228400E1,-1.124358650E2
2.281561492E1,5.497292055E-1,1.214672490E-1,-4.114426033E-1,-7.167695152E-1,1.133031254E2,4.886008630E1,-1.615495117E1,-1.124041376E2
2.282558392E1,5.500444323E-1,1.211955388E-1,-4.110077637E-1,-7.168230733E-1,1.132598775E2,4.879056575E1,-1.616434995E1,-1.123690248E2
2.283555392E1,5.503690737E-1,1.208674361E-1,-4.104227971E-1,-7.169644918E-1,1.132153267E2,4.870080868E1,-1.616787926E1,-1.123336135E2
2.284552392E1,5.506939363E-1,1.204835732E-1,-4.097828288E-1,-7.171457285E-1,1.131707341E2,4.860161654E1,-1.617196979E1,-1.122999219E2
2.285549292E1,5.510116814E-1,1.200324017E-1,-4.091411747E-1,-7.173436080E-1,1.131271075E2,4.849835738E1,-1.618109162E1,-1.122698537E2
2.286546292E1,5.513135635E-1,1.194658322E-1,-4.085387592E-1,-7.175495111E-1,1.130856487E2,4.839285454E1,-1.620176092E1,-1.122468951E2
2.287543292E1,5.515948779E-1,1.187583130E-1,-4.079999961E-1,-7.177573530E-1,1.130470056E2,4.828637023E1,-1.623765243E1,-1.122329030E2
2.288540192E1,5.518640013E-1,1.179459430E-1,-4.075018098E-1,-7.179673550E-1,1.130100291E2,4.817834773E1,-1.628458588E1,-1.122249912E2
2.289537192E1,5.521543352E-1,1.171104239E-1,-4.069343446E-1,-7.182027609E-1,1.129701295E2,4.806092595E1,-1.632963235E1,-1.122143695E2
2.290534192E1,5.525022047E-1,1.163247540E-1,-4.061874708E-1,-7.184855768E-1,1.129223108E2,4.792564041E1,-1.636071476E1,-1.121921710E2
2.291531092E1,5.529255856E-1,1.155819263E-1,-4.052136995E-1,-7.188296900E-1,1.128640944E2,4.776655414E1,-1.637594076E1,-1.121558723E2
2.292528092E1,5.534273281E-1,1.148314385E-1,-4.040501725E-1,-7.192185948E-1,1.127950776E2,4.758477062E1,-1.638241432E1,-1.121073534E2
2.293525092E1,5.539732298E-1,1.140267076E-1,-4.028433607E-1,-7.196032954E-1,1.127199550E2,4.739434813E1,-1.639279896E1,-1.120544187E2
2.294521992E1,5.545437823E-1,1.131412971E-1,-4.017173129E-1,-7.199329997E-1,1.126414052E2,4.720773790E1,-1.641731602E1,-1.120017551E2
2.295518992E1,5.551134707E-1,1.121690958E-1,-4.007752886E-1,-7.201709292E-1,1.125629386E2,4.703635603E1,-1.646261597E1,-1.119539046E2
2.296515892E1,5.556502213E-1,1.111099139E-1,-4.000683912E-1,-7.203142601E-1,1.124889758E2,4.688630840E1,-1.653064110E1,-1.119156790E2
2.297512892E1,5.561130411E-1,1.099964047E-1,-3.996233942E-1,-7.203751570E-1,1.124251749E2,4.676313229E1,-1.661828631E1,-1.118916087E2
2.298509892E1,5.564712630E-1,1.088859933E-1,-3.994022602E-1,-7.203898505E-1,1.123757767E2,4.666655456E1,-1.671618237E1,-1.118833359E2
2.299506792E1,5.566833670E-1,1.078159269E-1,-3.993440554E-1,-7.204190793E-1,1.123465213E2,4.659279132E1,-1.681432199E1,-1.118946553E2
2.300503792E1,5.567232485E-1,1.068528609E-1,-3.993961173E-1,-7.205028567E-1,1.123410199E2,4.654048988E1,-1.690170251E1,-1.119262527E2
2.301500792E1,5.566076449E-1,1.060620596E-1,-3.994953310E-1,-7.206541165E-1,1.123569662E2,4.650631948E1,-1.696911620E1,-1.119729086E2
2.302497692E1,5.563704161E-1,1.054467894E-1,-3.995999500E-1,-7.208695975E-1,1.123896848E2,4.648528465E1,-1.701514123E1,-1.120295361E2
2.303494692E1,5.560488726E-1,1.049521539E-1,-3.997260955E-1,-7.211197443E-1,1.124340221E2,4.647526302E1,-1.704773599E1,-1.120932748E2
2.304491692E1,5.556867732E-1,1.044974000E-1,-3.999307501E-1,-7.213515256E-1,1.124839379E2,4.647704583E1,-1.708042351E1,-1.121617878E2
2.305488592E1,5.553059553E-1,1.040030069E-1,-4.003031702E-1,-7.215096395E-1,1.125364184E2,4.649544907E1,-1.712774495E1,-1.122358639E2
2.306485592E1,5.548981161E-1,1.034381232E-1,-4.009216647E-1,-7.215610850E-1,1.125926049E2,4.653753626E1,-1.719756814E1,-1.123185524E2
2.307482592E1,5.544743401E-1,1.028394273E-1,-4.017989513E-1,-7.214844937E-1,1.126509675E2,4.660681620E1,-1.728832461E1,-1.124071653E2
2.308479492E1,5.540294327E-1,1.022718040E-1,-4.028789959E-1,-7.213046162E-1,1.127122190E2,4.670107858E1,-1.739006923E1,-1.124994731E2
2.309476492E1,5.535582151E-1,1.017461802E-1,-4.040628693E-1,-7.210783877E-1,1.127770689E2,4.681012184E1,-1.749428676E1,-1.125948789E2
2.310473492E1,5.530492497E-1,1.012745464E-1,-4.052413900E-1,-7.208740598E-1,1.128470864E2,4.692270969E1,-1.759126125E1,-1.126934951E2
2.311470392E1,5.525166874E-1,1.008890502E-1,-4.063135426E-1,-7.207328626E-1,1.129203197E2,4.702914721E1,-1.767166631E1,-1.127911162E2
2.312467392E1,5.519815331E-1,1.006163707E-1,-4.071914931E-1,-7.206857161E-1,1.129938782E2,4.712072520E1,-1.772801348E1,-1.128830280E2
2.313464392E1,5.514516787E-1,1.004262357E-1,-4.078465078E-1,-7.207474875E-1,1.130666774E2,4.719219134E1,-1.776125439E1,-1.129688988E2
2.314461292E1,5.509478237E-1,1.002532861E-1,-4.082824115E-1,-7.209100374E-1,1.131358761E2,4.723972383E1,-1.777846455E1,-1.130483882E2
2.315458292E1,5.504854411E-1,1.000280217E-1,-4.085601487E-1,-7.211370719E-1,1.131993547E2,4.726580216E1,-1.779095529E1,-1.131226088E2
2.316455292E1,5.500448485E-1,9.968189073E-2,-4.087757931E-1,-7.213989619E-1,1.132598204E2,4.727756832E1,-1.781046550E1,-1.131978129E2
2.317452192E1,5.495818601E-1,9.915137782E-2,-4.090095501E-1,-7.216924357E-1,1.133233369E2,4.728113999E1,-1.784571319E1,-1.132832014E2
2.318449192E1,5.490598872E-1,9.842855936E-2,-4.092851061E-1,-7.220323342E-1,1.133949176E2,4.727941535E1,-1.789700430E1,-1.133842510E2
2.319446092E1,5.484363141E-1,9.757306263E-2,-4.096129243E-1,-7.224363223E-1,1.134803928E2,4.727784111E1,-1.795756666E1,-1.135045969E2
2.320443092E1,5.476929912E-1,9.663868807E-2,-4.099704350E-1,-7.229230552E-1,1.135822279E2,4.727737761E1,-1.802013493E1,-1.136444455E2
2.321440092E1,5.468430420E-1,9.565775179E-2,-4.102752937E-1,-7.235236636E-1,1.136985983E2,4.727040697E1,-1.807677351E1,-1.137998457E2
2.322436992E1,5.459195835E-1,9.466444540E-2,-4.104651968E-1,-7.242435528E-1,1.138249457E2,4.725129218E1,-1.812202240E1,-1.139643598E2
2.323433992E1,5.449427987E-1,9.368584826E-2,-4.105350236E-1,-7.250664173E-1,1.139584904E2,4.722061642E1,-1.815443132E1,-1.141341413E2
2.324430992E1,5.439621469E-1,9.275324387E-2,-4.104967332E-1,-7.259438094E-1,1.140924622E2,4.718058889E1,-1.817510233E1,-1.143013916E2
2.325427892E1,5.430362544E-1,9.189800002E-2,-4.103463533E-1,-7.268302524E-1,1.142188600E2,4.713145254E1,-1.818446896E1,-1.144569702E2
2.326424892E1,5.422130632E-1,9.108716841E-2,-4.100782255E-1,-7.276977821E-1,1.143311618E2,4.706980620E1,-1.818774253E1,-1.145955856E2
2.327421892E1,5.415156488E-1,9.027774872E-2,-4.097416724E-1,-7.285069700E-1,1.144262493E2,4.699836281E1,-1.819349826E1,-1.147162315E2
2.328418792E1,5.409335165E-1,8.946001557E-2,-4.094175632E-1,-7.292222020E-1,1.145055800E2,4.692592303E1,-1.820771945E1,-1.148216271E2
2.329415792E1,5.404556871E-1,8.863652937E-2,-4.091534078E-1,-7.298250389E-1,1.145706703E2,4.685819937E1,-1.823289407E1,-1.149136731E2
2.330412792E1,5.400545966E-1,8.781520319E-2,-4.089595850E-1,-7.303297263E-1,1.146252889E2,4.679730031E1,-1.826744206E1,-1.149959432E2
2.331409692E1,5.397240073E-1,8.703707754E-2,-4.087771418E-1,-7.307692231E-1,1.146702944E2,4.673893877E1,-1.830320951E1,-1.150671248E2
2.332406692E1,5.394583557E-1,8.633975793E-2,-4.085550700E-1,-7.311721891E-1,1.147064512E2,4.667951382E1,-1.833295167E1,-1.151260664E2
2.333403692E1,5.392639955E-1,8.576590751E-2,-4.082728758E-1,-7.315407001E-1,1.147329002E2,4.661894102E1,-1.835183235E1,-1.151701475E2
2.334400567E1,5.391462794E-1,8.534889606E-2,-4.079283780E-1,-7.318683076E-1,1.147489174E2,4.655870761E1,-1.835706071E1,-1.151974144E2
2.335397567E1,5.391245527E-1,8.509181082E-2,-4.075116194E-1,-7.321463714E-1,1.147518736E2,4.649750253E1,-1.834872338E1,-1.152050858E2
2.336394567E1,5.392107640E-1,8.494461295E-2,-4.070240436E-1,-7.323712881E-1,1.147401434E2,4.643249228E1,-1.833192960E1,-1.151934188E2
2.337391467E1,5.394152500E-1,8.488779900E-2,-4.064909281E-1,-7.325232801E-1,1.147123175E2,4.636527336E1,-1.831072881E1,-1.151619743E2
2.338388467E1,5.397465348E-1,8.490706011E-2,-4.059357699E-1,-7.325848883E-1,1.146672279E2,4.629758561E1,-1.828848215E1,-1.151104243E2
2.339385467E1,5.401963681E-1,8.499217567E-2,-4.053850581E-1,-7.325484313E-1,1.146059851E2,4.623201718E1,-1.826746628E1,-1.150405268E2
2.340382367E1,5.407281138E-1,8.510144137E-2,-4.048889264E-1,-7.324178393E-1,1.145335631E2,4.617256262E1,-1.825278831E1,-1.149592712E2
2.341379367E1,5.413027439E-1,8.520508047E-2,-4.044942633E-1,-7.321993500E-1,1.144552672E2,4.612352985E1,-1.824817162E1,-1.148734912E2
2.342376267E1,5.418730646E-1,8.529258787E-2,-4.042140606E-1,-7.319219500E-1,1.143775246E2,4.608661189E1,-1.825281037E1,-1.147900757E2
2.343373267E1,5.424135557E-1,8.534429151E-2,-4.040443879E-1,-7.316091361E-1,1.143038166E2,4.606069060E1,-1.826672278E1,-1.147131412E2
2.344370267E1,5.428963479E-1,8.536296257E-2,-4.039704202E-1,-7.312897051E-1,1.142379514E2,4.604473481E1,-1.828705974E1,-1.146462238E2
2.345367167E1,5.433430518E-1,8.538289803E-2,-4.039401166E-1,-7.309722234E-1,1.141769877E2,4.603440473E1,-1.830836452E1,-1.145845729E2
2.346364167E1,5.437822641E-1,8.542624606E-2,-4.039074738E-1,-7.306586087E-1,1.141170259E2,4.602525990E1,-1.832704646E1,-1.145230617E2
2.347361167E1,5.442143536E-1,8.548311270E-2,-4.038678031E-1,-7.303520325E-1,1.140580167E2,4.601619989E1,-1.834365659E1,-1.144619048E2
2.348358067E1,5.446299848E-1,8.553011697E-2,-4.038546006E-1,-7.300439602E-1,1.140012366E2,4.600985680E1,-1.836209117E1,-1.144036067E2
2.349355067E1,5.450214763E-1,8.556116866E-2,-4.038730293E-1,-7.297379424E-1,1.139477375E2,4.600660212E1,-1.838281894E1,-1.143494777E2
2.350352067E1,5.453725806E-1,8.556115812E-2,-4.039258920E-1,-7.294462652E-1,1.138997437E2,4.600618463E1,-1.840643939E1,-1.143022853E2
2.351348967E1,5.456467143E-1,8.550617756E-2,-4.040261383E-1,-7.291921934E-1,1.138622622E2,4.600937915E1,-1.843388764E1,-1.142680329E2
2.352345967E1,5.458151120E-1,8.537210843E-2,-4.041926183E-1,-7.289894882E-1,1.138392337E2,4.601746242E1,-1.846698373E1,-1.142516781E2
2.353342967E1,5.458854340E-1,8.514927805E-2,-4.044122034E-1,-7.288412788E-1,1.138296162E2,4.602829669E1,-1.850605330E1,-1.142524492E2
2.354339867E1,5.458676796E-1,8.486729456E-2,-4.046348442E-1,-7.287638655E-1,1.138320444E2,4.603773969E1,-1.854550532E1,-1.142673285E2
2.355336867E1,5.457948183E-1,8.454328012E-2,-4.048060763E-1,-7.287610312E-1,1.138420090E2,4.604004008E1,-1.858181130E1,-1.142906589E2
2.356333867E1,5.456909368E-1,8.421097329E-2,-4.049024872E-1,-7.288236930E-1,1.138562150E2,4.603402309E1,-1.861172961E1,-1.143176805E2
2.357330767E1,5.455860649E-1,8.388904513E-2,-4.049314947E-1,-7.289232544E-1,1.138705553E2,4.602102985E1,-1.863587080E1,-1.143437350E2
2.358327767E1,5.455028565E-1,8.357249069E-2,-4.049330015E-1,-7.290208770E-1,1.138819324E2,4.600484553E1,-1.865881483E1,-1.143663066E2
2.359324767E1,5.454335460E-1,8.325940282E-2,-4.049315474E-1,-7.291093222E-1,1.138914087E2,4.598828271E1,-1.868204150E1,-1.143868349E2
2.360321667E1,5.453616224E-1,8.294819049E-2,-4.049273749E-1,-7.292010548E-1,1.139012418E2,4.597158462E1,-1.870477227E1,-1.144076356E2
2.361318667E1,5.452753900E-1,8.268447766E-2,-4.048937839E-1,-7.293140926E-1,1.139130303E2,4.595451376E1,-1.872046657E1,-1.144283434E2
2.362315567E1,5.451702757E-1,8.250133907E-2,-4.047927262E-1,-7.294694459E-1,1.139273991E2,4.593472690E1,-1.872326092E1,-1.144480209E2
2.363312567E1,5.450469646E-1,8.238071479E-2,-4.046227059E-1,-7.296696329E-1,1.139442538E2,4.591102548E1,-1.871466031E1,-1.144672226E2
2.364309567E1,5.449034335E-1,8.231758935E-2,-4.044066927E-1,-7.299036112E-1,1.139638703E2,4.588574377E1,-1.869663617E1,-1.144866136E2
2.365306467E1,5.447731892E-1,8.231561898E-2,-4.041608818E-1,-7.301371995E-1,1.139816689E2,4.586030448E1,-1.867191387E1,-1.145017178E2
2.366303467E1,5.446676219E-1,8.235511058E-2,-4.038988127E-1,-7.303565633E-1,1.139960940E2,4.583491577E1,-1.864381687E1,-1.145118255E2
2.367300467E1,5.445799143E-1,8.239068252E-2,-4.036557096E-1,-7.305522511E-1,1.140080778E2,4.581111525E1,-1.861843184E1,-1.145198309E2
2.368297367E1,5.445016897E-1,8.240616095E-2,-4.034628351E-1,-7.307153595E-1,1.140187651E2,4.579167872E1,-1.859892312E1,-1.145278201E2
2.369294367E1,5.444179018E-1,8.240846849E-2,-4.033243933E-1,-7.308538540E-1,1.140302119E2,4.577773740E1,-1.858414001E1,-1.145376132E2
2.370291367E1,5.443200684E-1,8.243561106E-2,-4.031992593E-1,-7.309928227E-1,1.140435765E2,4.576696143E1,-1.856735272E1,-1.145486152E2
2.371288267E1,5.442161343E-1,8.251385668E-2,-4.030602800E-1,-7.311379764E-1,1.140577735E2,4.575761012E1,-1.854478343E1,-1.145584692E2
2.372285267E1,5.441046243E-1,8.266122314E-2,-4.029144730E-1,-7.312846369E-1,1.140730040E2,4.575152225E1,-1.851527642E1,-1.145668358E2
2.373282267E1,5.439971498E-1,8.287976508E-2,-4.027815735E-1,-7.314131005E-1,1.140876821E2,4.575082874E1,-1.848071009E1,-1.145722852E2
2.374279167E1,5.438991584E-1,8.313871532E-2,-4.026743097E-1,-7.315155595E-1,1.141010639E2,4.575512468E1,-1.844498331E1,-1.145752701E2
2.375276167E1,5.437785341E-1,8.336909000E-2,-4.026048939E-1,-7.316172177E-1,1.141175352E2,4.576248843E1,-1.841317831E1,-1.145827538E2
2.376273167E1,5.435887363E-1,8.352006001E-2,-4.026164000E-1,-7.317346915E-1,1.141434490E2,4.577574420E1,-1.839018159E1,-1.146033149E2
2.377270067E1,5.432950044E-1,8.364466716E-2,-4.027474556E-1,-7.318664953E-1,1.141835459E2,4.580286145E1,-1.837215767E1,-1.146402124E2
2.378267067E1,5.429040924E-1,8.382237935E-2,-4.029828668E-1,-7.320067178E-1,1.142368946E2,4.584648078E1,-1.835145718E1,-1.146895260E2
2.379264067E1,5.424231020E-1,8.407560815E-2,-4.032549142E-1,-7.321844195E-1,1.143025145E2,4.590008877E1,-1.832169075E1,-1.147487123E2
2.380260967E1,5.418683336E-1,8.437526171E-2,-4.034870274E-1,-7.324328646E-1,1.143781696E2,4.595310349E1,-1.828085879E1,-1.148157411E2
2.381257967E1,5.412449395E-1,8.467694885E-2,-4.036782477E-1,-7.327533914E-1,1.144631449E2,4.600279697E1,-1.823305811E1,-1.148914242E2
2.382254967E1,5.405743832E-1,8.498886714E-2,-4.038899618E-1,-7.330955395E-1,1.145545037E2,4.605616860E1,-1.818313103E1,-1.149732529E2
2.383251867E1,5.398758413E-1,8.536788321E-2,-4.041561297E-1,-7.334195645E-1,1.146496255E2,4.611988600E1,-1.812959207E1,-1.150569161E2
2.384248867E1,5.391707245E-1,8.584231975E-2,-4.044931886E-1,-7.336969750E-1,1.147455914E2,4.619699740E1,-1.807232470E1,-1.151386186E2
2.385245767E1,5.384457987E-1,8.640823602E-2,-4.048943739E-1,-7.339415953E-1,1.148441996E2,4.628674890E1,-1.801043207E1,-1.152201932E2
2.386242767E1,5.376804857E-1,8.705657046E-2,-4.053615823E-1,-7.341681873E-1,1.149482428E2,4.638919799E1,-1.794366254E1,-1.153047088E2
2.387239767E1,5.368497292E-1,8.780299114E-2,-4.058733714E-1,-7.344043361E-1,1.150611147E2,4.650320358E1,-1.786770652E1,-1.153946276E2
2.388236667E1,5.359585025E-1,8.867493568E-2,-4.063877210E-1,-7.346661418E-1,1.151821239E2,4.662543495E1,-1.777747485E1,-1.154877754E2
2.389233667E1,5.350297440E-1,8.970262336E-2,-4.068798909E-1,-7.349458388E-1,1.153081428E2,4.675432650E1,-1.766990026E1,-1.155795212E2
2.390230667E1,5.341022604E-1,9.087600216E-2,-4.073297979E-1,-7.352270426E-1,1.154339012E2,4.688635645E1,-1.754666987E1,-1.156647300E2
2.391227567E1,5.332085154E-1,9.214347380E-2,-4.077353876E-1,-7.354930524E-1,1.155550025E2,4.701785905E1,-1.741401463E1,-1.157408676E2
2.392224567E1,5.323561797E-1,9.343364152E-2,-4.081455080E-1,-7.357202661E-1,1.156704179E2,4.715029379E1,-1.728203644E1,-1.158101292E2
2.393221567E1,5.315258763E-1,9.469753067E-2,-4.086579400E-1,-7.358746184E-1,1.157827795E2,4.729236217E1,-1.716074674E1,-1.158779871E2
2.394218467E1,5.306896723E-1,9.595083043E-2,-4.093434374E-1,-7.359346460E-1,1.158958699E2,4.745343594E1,-1.705212523E1,-1.159482757E2
2.395215467E1,5.298279905E-1,9.726266163E-2,-4.101709381E-1,-7.359225394E-1,1.160123328E2,4.763418697E1,-1.694685286E1,-1.160206143E2
2.396212467E1,5.289368059E-1,9.867816354E-2,-4.110446844E-1,-7.358877577E-1,1.161327056E2,4.782632484E1,-1.683408315E1,-1.160926936E2
2.397209367E1,5.280267079E-1,1.002002654E-1,-4.118735759E-1,-7.358721423E-1,1.162555517E2,4.801947251E1,-1.670782500E1,-1.161618991E2
2.398206367E1,5.271178111E-1,1.018147531E-1,-4.126191853E-1,-7.358845756E-1,1.163781540E2,4.820815264E1,-1.656781686E1,-1.162256863E2
2.399203367E1,5.262412937E-1,1.034796695E-1,-4.133131437E-1,-7.358902549E-1,1.164963116E2,4.839314116E1,-1.642174554E1,-1.162818422E2
2.400200267E1,5.254024449E-1,1.051437641E-1,-4.140245719E-1,-7.358537979E-1,1.166093208E2,4.857939701E1,-1.627919491E1,-1.163324328E2
2.401197267E1,5.246054059E-1,1.068066258E-1,-4.148136874E-1,-7.357385262E-1,1.167166337E2,4.877372580E1,-1.614466268E1,-1.163775699E2
2.402194267E1,5.238573099E-1,1.085267441E-1,-4.156207363E-1,-7.355642806E-1,1.168173005E2,4.897250989E1,-1.600940425E1,-1.164133242E2
2.403191167E1,5.231685988E-1,1.102918435E-1,-4.163289404E-1,-7.353913416E-1,1.169099283E2,4.916164776E1,-1.586699244E1,-1.164376705E2
2.404188167E1,5.225424020E-1,1.120663102E-1,-4.168289284E-1,-7.352851104E-1,1.169941084E2,4.932667755E1,-1.571307938E1,-1.164506446E2
2.405185167E1,5.219893826E-1,1.137758706E-1,-4.170558470E-1,-7.352866804E-1,1.170684196E2,4.945593787E1,-1.555014769E1,-1.164534198E2
2.406182067E1,5.215142401E-1,1.153617828E-1,-4.170531813E-1,-7.353782023E-1,1.171322427E2,4.955107580E1,-1.538651869E1,-1.164484734E2
2.407179067E1,5.211168586E-1,1.167830167E-1,-4.169362238E-1,-7.355019665E-1,1.171856040E2,4.962296178E1,-1.523369885E1,-1.164388738E2
2.408175967E1,5.207735725E-1,1.180364850E-1,-4.168548593E-1,-7.355911914E-1,1.172316889E2,4.968880844E1,-1.510096629E1,-1.164293904E2
2.409172967E1,5.204483253E-1,1.191421233E-1,-4.168753426E-1,-7.356315259E-1,1.172753419E2,4.975773622E1,-1.498906809E1,-1.164245682E2
2.410169967E1,5.201113191E-1,1.201738044E-1,-4.169536409E-1,-7.356577413E-1,1.173205623E2,4.982926767E1,-1.488685265E1,-1.164247677E2
2.411166867E1,5.197462852E-1,1.212100057E-1,-4.169853986E-1,-7.357275786E-1,1.173695313E2,4.989614771E1,-1.477940023E1,-1.164277432E2
2.412163867E1,5.193451315E-1,1.223123987E-1,-4.168676824E-1,-7.358950702E-1,1.174233311E2,4.995026825E1,-1.465381817E1,-1.164309752E2
2.413160867E1,5.189090591E-1,1.235064821E-1,-4.165218886E-1,-7.361991386E-1,1.174817965E2,4.998414680E1,-1.450255823E1,-1.164324925E2
2.414157767E1,5.184391534E-1,1.247660723E-1,-4.159311268E-1,-7.366516798E-1,1.175447778E2,4.999441447E1,-1.432676735E1,-1.164331195E2
2.415154767E1,5.179594379E-1,1.260776717E-1,-4.151960120E-1,-7.371802856E-1,1.176090522E2,4.999148864E1,-1.413606415E1,-1.164312721E2
2.416151767E1,5.175153471E-1,1.274951334E-1,-4.144733411E-1,-7.376548907E-1,1.176685340E2,4.999569610E1,-1.393953603E1,-1.164200948E2
2.417148667E1,5.171271852E-1,1.290228619E-1,-4.139195841E-1,-7.379724146E-1,1.177205094E2,5.002480609E1,-1.374891588E1,-1.163980555E2
2.418145667E1,5.168023173E-1,1.306640180E-1,-4.136208894E-1,-7.380787089E-1,1.177639987E2,5.008867228E1,-1.357039170E1,-1.163646506E2
2.419142667E1,5.165541566E-1,1.325605946E-1,-4.134859247E-1,-7.379896948E-1,1.177972127E2,5.018497138E1,-1.338652053E1,-1.163108895E2
2.420139567E1,5.163821343E-1,1.348345540E-1,-4.133166103E-1,-7.377929322E-1,1.178202328E2,5.029850702E1,-1.317338885E1,-1.162295530E2
2.421136567E1,5.162338195E-1,1.374857383E-1,-4.129811003E-1,-7.375953899E-1,1.178400782E2,5.041530209E1,-1.291891660E1,-1.161260224E2
2.422133567E1,5.160357609E-1,1.404371241E-1,-4.124294718E-1,-7.374866195E-1,1.178665763E2,5.052645380E1,-1.262186862E1,-1.160125366E2
2.423130467E1,5.157728594E-1,1.436319079E-1,-4.116096629E-1,-7.375132457E-1,1.179017440E2,5.062329379E1,-1.228257985E1,-1.158930276E2
2.424127467E1,5.154615312E-1,1.470152251E-1,-4.105328741E-1,-7.376643316E-1,1.179433813E2,5.070402796E1,-1.190748608E1,-1.157678763E2
2.425124467E1,5.151211954E-1,1.505178916E-1,-4.093077812E-1,-7.378763724E-1,1.179888876E2,5.077687016E1,-1.151117381E1,-1.156385311E2
2.426121367E1,5.147769294E-1,1.540762868E-1,-4.080812025E-1,-7.380615762E-1,1.180349084E2,5.085441107E1,-1.111074571E1,-1.155057267E2
2.427118367E1,5.144373733E-1,1.576340182E-1,-4.069813910E-1,-7.381544047E-1,1.180802887E2,5.094755530E1,-1.072039567E1,-1.153717763E2
2.428115367E1,5.141472871E-1,1.611919498E-1,-4.060176823E-1,-7.381188643E-1,1.181190490E2,5.105692333E1,-1.034344146E1,-1.152308713E2
2.429112267E1,5.139422111E-1,1.648151668E-1,-4.051510798E-1,-7.379377066E-1,1.181464458E2,5.118181654E1,-9.974032748E0,-1.150749892E2
2.430109267E1,5.138168137E-1,1.685599354E-1,-4.043916568E-1,-7.375955269E-1,1.181631962E2,5.132695879E1,-9.608112757E0,-1.149019146E2
2.431106267E1,5.137467129E-1,1.724309443E-1,-4.037799480E-1,-7.370845069E-1,1.181725595E2,5.149751235E1,-9.246883935E0,-1.147144885E2
2.432103167E1,5.136924278E-1,1.763975001E-1,-4.033380488E-1,-7.364254988E-1,1.181798099E2,5.169447005E1,-8.892216284E0,-1.145190666E2
2.433100167E1,5.135859965E-1,1.803945913E-1,-4.030704901E-1,-7.356776135E-1,1.181940244E2,5.191482876E1,-8.545698574E0,-1.143272792E2
2.434097121E1,5.134472806E-1,1.844070240E-1,-4.029120496E-1,-7.348659179E-1,1.182125491E2,5.215023919E1,-8.205232195E0,-1.141368852E2
2.435094121E1,5.132160630E-1,1.883055232E-1,-4.028848227E-1,-7.340531580E-1,1.182434229E2,5.239529417E1,-7.878994278E0,-1.139622392E2
2.436091121E1,5.127203845E-1,1.918557629E-1,-4.030919323E-1,-7.333662803E-1,1.183095926E2,5.264720589E1,-7.582047535E0,-1.138379932E2
2.437088021E1,5.118897755E-1,1.949636189E-1,-4.036287673E-1,-7.328314157E-1,1.184204222E2,5.291019763E1,-7.323761260E0,-1.137787300E2
2.438085021E1,5.108284124E-1,1.977091489E-1,-4.044550562E-1,-7.323807184E-1,1.185619487E2,5.318374863E1,-7.100926983E0,-1.137672367E2
2.439082021E1,5.095530172E-1,2.001172828E-1,-4.055102553E-1,-7.320316055E-1,1.187318779E2,5.346235740E1,-6.907892866E0,-1.138001122E2
2.440078921E1,5.080823029E-1,2.022073767E-1,-4.067610157E-1,-7.317855101E-1,1.189276458E2,5.374326580E1,-6.741570338E0,-1.138740521E2
2.441075921E1,5.063526068E-1,2.039370939E-1,-4.082369035E-1,-7.316825769E-1,1.191576347E2,5.402721205E1,-6.603002342E0,-1.139996739E2
2.442072921E1,5.045676878E-1,2.054759912E-1,-4.098954347E-1,-7.315578223E-1,1.193946826E2,5.431935567E1,-6.488560966E0,-1.141421630E2
2.443069821E1,5.026592468E-1,2.068761833E-1,-4.117462398E-1,-7.314376511E-1,1.196478183E2,5.462456375E1,-6.390378507E0,-1.143072431E2
2.444066821E1,5.007307862E-1,2.083277734E-1,-4.136716237E-1,-7.312618882E-1,1.199032796E2,5.494163804E1,-6.291791675E0,-1.144709241E2
2.445063821E1,4.989344559E-1,2.100062611E-1,-4.155177083E-1,-7.309630143E-1,1.201409417E2,5.526413813E1,-6.178055496E0,-1.146038399E2
2.446060721E1,4.973163014E-1,2.119928950E-1,-4.171798958E-1,-7.305453075E-1,1.203547876E2,5.558548598E1,-6.038683559E0,-1.146950949E2
2.447057721E1,4.959484149E-1,2.143190322E-1,-4.185989275E-1,-7.299846385E-1,1.205353813E2,5.590088022E1,-5.872076350E0,-1.147336540E2
2.448054721E1,4.948035590E-1,2.169251299E-1,-4.197646355E-1,-7.293219846E-1,1.206864047E2,5.620563265E1,-5.680756287E0,-1.147260475E2
2.449051621E1,4.938417995E-1,2.197867429E-1,-4.206817826E-1,-7.285883450E-1,1.208131875E2,5.649911907E1,-5.464694763E0,-1.146784829E2
2.450048621E1,4.930233604E-1,2.228574990E-1,-4.213627281E-1,-7.278159092E-1,1.209210145E2,5.678013432E1,-5.226021917E0,-1.145983989E2
2.451045621E1,4.922160375E-1,2.260396177E-1,-4.219173490E-1,-7.270592468E-1,1.210273207E2,5.705527815E1,-4.971521684E0,-1.145079456E2
2.452042521E1,4.915937604E-1,2.294166023E-1,-4.223659496E-1,-7.261615400E-1,1.211092225E2,5.733192889E1,-4.708013776E0,-1.143808475E2
2.453039521E1,4.911341595E-1,2.329173617E-1,-4.227771342E-1,-7.251180156E-1,1.211696922E2,5.761343404E1,-4.444617655E0,-1.142241375E2
2.454036521E1,4.908641563E-1,2.364606473E-1,-4.231825448E-1,-7.239165881E-1,1.212052082E2,5.789805264E1,-4.191757019E0,-1.140395483E2
2.455033421E1,4.907987970E-1,2.399241172E-1,-4.235946040E-1,-7.225791316E-1,1.212138046E2,5.817899720E1,-3.960637380E0,-1.138329237E2
2.456030421E1,4.907545112E-1,2.431145599E-1,-4.240947922E-1,-7.212481658E-1,1.212196290E2,5.845261917E1,-3.759065022E0,-1.136390379E2
2.457027321E1,4.907604013E-1,2.460405627E-1,-4.246963120E-1,-7.198966954E-1,1.212188544E2,5.872055502E1,-3.589102068E0,-1.134542764E2
2.458024321E1,4.907335537E-1,2.487273137E-1,-4.253999800E-1,-7.185750124E-1,1.212223853E2,5.898454325E1,-3.443120279E0,-1.132874349E2
2.459021321E1,4.905058238E-1,2.511912026E-1,-4.262280971E-1,-7.173818035E-1,1.212523334E2,5.924833428E1,-3.309796960E0,-1.131581258E2
2.460018221E1,4.901783322E-1,2.536086247E-1,-4.271007002E-1,-7.162352512E-1,1.212953930E2,5.951484588E1,-3.177197577E0,-1.130427287E2
2.461015221E1,4.896669750E-1,2.560244241E-1,-4.280215403E-1,-7.151751210E-1,1.213626097E2,5.978776063E1,-3.036460476E0,-1.129484714E2
2.462012221E1,4.891451338E-1,2.585306390E-1,-4.288959663E-1,-7.141058344E-1,1.214311816E2,6.006261543E1,-2.885963792E0,-1.128481570E2
2.463009121E1,4.885266288E-1,2.609729383E-1,-4.297388874E-1,-7.131335487E-1,1.215124258E2,6.033039979E1,-2.731789833E0,-1.127623399E2
2.464006121E1,4.879669714E-1,2.633493672E-1,-4.305420167E-1,-7.121579651E-1,1.215859123E2,6.058967458E1,-2.584220684E0,-1.126724726E2
2.465003121E1,4.874716089E-1,2.656164673E-1,-4.313805915E-1,-7.111470835E-1,1.216509344E2,6.084568535E1,-2.452253388E0,-1.125810768E2
2.466000021E1,4.868441793E-1,2.676659368E-1,-4.323648521E-1,-7.102101063E-1,1.217332623E2,6.110321031E1,-2.337773022E0,-1.125192767E2
2.466997021E1,4.860664751E-1,2.695015164E-1,-4.334709540E-1,-7.093738391E-1,1.218352628E2,6.135971392E1,-2.237209280E0,-1.124891320E2
2.467994021E1,4.852768329E-1,2.712108977E-1,-4.346140292E-1,-7.085630812E-1,1.219387773E2,6.161169873E1,-2.147729910E0,-1.124681923E2
2.468990921E1,4.842497142E-1,2.726714177E-1,-4.358199717E-1,-7.079644274E-1,1.220733452E2,6.185345229E1,-2.063556256E0,-1.124919333E2
2.469987921E1,4.832630037E-1,2.740491666E-1,-4.369206261E-1,-7.074279507E-1,1.222025366E2,6.207765166E1,-1.980253762E0,-1.125156991E2
2.470984921E1,4.822087319E-1,2.752682379E-1,-4.379481505E-1,-7.070386087E-1,1.223404852E2,6.228248392E1,-1.897656600E0,-1.125577671E2
2.471981821E1,4.813202553E-1,2.764893638E-1,-4.388146423E-1,-7.066302268E-1,1.224566690E2,6.246938530E1,-1.814818824E0,-1.125792942E2
2.472978821E1,4.804839249E-1,2.776315802E-1,-4.395612790E-1,-7.062873727E-1,1.225659746E2,6.263720369E1,-1.732252178E0,-1.125995160E2
2.473975821E1,4.797431097E-1,2.786930908E-1,-4.401823549E-1,-7.059858963E-1,1.226627491E2,6.278507480E1,-1.652760984E0,-1.126135231E2
2.474972721E1,4.792873231E-1,2.798065578E-1,-4.406295014E-1,-7.055759866E-1,1.227222674E2,6.291702189E1,-1.577362532E0,-1.125896958E2
2.475969721E1,4.788884664E-1,2.808412735E-1,-4.410265985E-1,-7.051877087E-1,1.227743377E2,6.303768285E1,-1.507825067E0,-1.125643686E2
2.476966721E1,4.783785423E-1,2.817061216E-1,-4.414630765E-1,-7.049154717E-1,1.228408890E2,6.315055426E1,-1.444861564E0,-1.125638666E2
2.477963621E1,4.778922730E-1,2.825197243E-1,-4.419001393E-1,-7.046458794E-1,1.229043334E2,6.325980505E1,-1.387186403E0,-1.125640244E2
2.478960621E1,4.773014690E-1,2.832697854E-1,-4.423958547E-1,-7.044341231E-1,1.229813910E2,6.337115729E1,-1.330675266E0,-1.125808422E2
2.479957521E1,4.767315488E-1,2.840895048E-1,-4.428824348E-1,-7.041841185E-1,1.230556980E2,6.348664928E1,-1.270318454E0,-1.125900312E2
2.480954521E1,4.762294955E-1,2.849841190E-1,-4.432879665E-1,-7.039071294E-1,1.231211348E2,6.359855205E1,-1.203810041E0,-1.125856278E2
2.481951521E1,4.758243589E-1,2.859333504E-1,-4.435486026E-1,-7.036320159E-1,1.231739249E2,6.369818134E1,-1.129873785E0,-1.125656223E2
2.482948421E1,4.756157215E-1,2.869928115E-1,-4.436239033E-1,-7.032940930E-1,1.232011057E2,6.378504893E1,-1.049047364E0,-1.125142818E2
2.483945421E1,4.754657209E-1,2.880573092E-1,-4.436229392E-1,-7.029609221E-1,1.232206452E2,6.386382833E1,-9.665647819E-1,-1.124554570E2
2.484942421E1,4.753129385E-1,2.890589080E-1,-4.436087567E-1,-7.026620588E-1,1.232405452E2,6.393662228E1,-8.872324523E-1,-1.124012788E2
2.485939321E1,4.751848332E-1,2.899560563E-1,-4.436148153E-1,-7.023751020E-1,1.232572296E2,6.400405975E1,-8.183395986E-1,-1.123515572E2
2.486936321E1,4.751751078E-1,2.907623097E-1,-4.436687791E-1,-7.020141880E-1,1.232584962E2,6.407018337E1,-7.679117048E-1,-1.122944093E2
2.487933321E1,4.750262135E-1,2.913453482E-1,-4.439205855E-1,-7.017140498E-1,1.232778864E2,6.414208829E1,-7.371638511E-1,-1.122697416E2
2.488930221E1,4.750093759E-1,2.919306098E-1,-4.442314501E-1,-7.012852267E-1,1.232800790E2,6.422079692E1,-7.205111210E-1,-1.122293517E2
2.489927221E1,4.750309656E-1,2.924720915E-1,-4.445761481E-1,-7.008264055E-1,1.232772676E2,6.430008375E1,-7.122360883E-1,-1.121876006E2
2.490924221E1,4.751285882E-1,2.930024042E-1,-4.448832089E-1,-7.003438136E-1,1.232645546E2,6.437431462E1,-7.075417753E-1,-1.121376939E2
2.491921121E1,4.753195451E-1,2.935757383E-1,-4.451360374E-1,-6.998132374E-1,1.232396848E2,6.444566566E1,-7.028845422E-1,-1.120736163E2
2.492918121E1,4.754546679E-1,2.941738969E-1,-4.453846932E-1,-6.993117742E-1,1.232220849E2,6.451848927E1,-6.922600505E-1,-1.120142000E2
2.493915121E1,4.757207409E-1,2.949202755E-1,-4.455197739E-1,-6.987302742E-1,1.231874245E2,6.458967481E1,-6.730428728E-1,-1.119285127E2
2.494912021E1,4.760902002E-1,2.957174251E-1,-4.455322651E-1,-6.981335591E-1,1.231392868E2,6.465093970E1,-6.489787411E-1,-1.118268381E2
2.495909021E1,4.763950483E-1,2.963887296E-1,-4.455126353E-1,-6.976531272E-1,1.230995592E2,6.469923333E1,-6.260822207E-1,-1.117418272E2
2.496906021E1,4.767810081E-1,2.970050957E-1,-4.454491516E-1,-6.971677008E-1,1.230492505E2,6.473850255E1,-6.095624889E-1,-1.116512718E2
2.497902921E1,4.770660051E-1,2.974434018E-1,-4.454703304E-1,-6.967722791E-1,1.230120943E2,6.477393440E1,-6.037292272E-1,-1.115856260E2
2.498899921E1,4.772889198E-1,2.977092852E-1,-4.455737376E-1,-6.964399512E-1,1.229830274E2,6.480561454E1,-6.108725736E-1,-1.115399539E2
2.499896921E1,4.775816929E-1,2.978456461E-1,-4.456926181E-1,-6.961046941E-1,1.229448454E2,6.482920149E1,-6.328886101E-1,-1.114955945E2
2.500893821E1,4.777744304E-1,2.977063086E-1,-4.458907926E-1,-6.959051288E-1,1.229197057E2,6.484086038E1,-6.715072913E-1,-1.114833138E2
2.501890821E1,4.779731423E-1,2.973744812E-1,-4.461323414E-1,-6.957556444E-1,1.228937836E2,6.484282324E1,-7.264501130E-1,-1.114844968E2
2.502887721E1,4.779895585E-1,2.967968902E-1,-4.464803164E-1,-6.957678038E-1,1.228916419E2,6.483829056E1,-7.919914106E-1,-1.115251816E2
2.503884721E1,4.779597290E-1,2.961229727E-1,-4.468418415E-1,-6.958434047E-1,1.228955334E2,6.482811883E1,-8.614387430E-1,-1.115783329E2
2.504881721E1,4.779638489E-1,2.954357999E-1,-4.471546659E-1,-6.959317550E-1,1.228949960E2,6.481154846E1,-9.305943260E-1,-1.116283889E2
2.505878621E1,4.777670231E-1,2.946172554E-1,-4.475198789E-1,-6.961790727E-1,1.229206719E2,6.479122903E1,-9.974407143E-1,-1.117115927E2
2.506875621E1,4.776380116E-1,2.938647603E-1,-4.478267132E-1,-6.963883318E-1,1.229374997E2,6.476939855E1,-1.060613543E0,-1.117818999E2
2.507872621E1,4.775670784E-1,2.931807064E-1,-4.480865169E-1,-6.965582258E-1,1.229467515E2,6.474747635E1,-1.120081915E0,-1.118402991E2
2.508869521E1,4.773862790E-1,2.924666493E-1,-4.483700862E-1,-6.967997167E-1,1.229703311E2,6.472617078E1,-1.175224427E0,-1.119137030E2
2.509866521E1,4.773190126E-1,2.918834633E-1,-4.485669541E-1,-6.969635836E-1,1.229791032E2,6.470487658E1,-1.223631901E0,-1.119641524E2
2.510863521E1,4.771608144E-1,2.913440996E-1,-4.487488283E-1,-6.971805345E-1,1.229997322E2,6.468530015E1,-1.261287552E0,-1.120220414E2
2.511860421E1,4.771542290E-1,2.910201799E-1,-4.488051997E-1,-6.972839735E-1,1.230005908E2,6.466752936E1,-1.286466135E0,-1.120463628E2
2.512857421E1,4.771503304E-1,2.907911540E-1,-4.488170852E-1,-6.973745260E-1,1.230010992E2,6.465181461E1,-1.302201932E0,-1.120634449E2
2.513854421E1,4.772354249E-1,2.906678323E-1,-4.487763713E-1,-6.973939557E-1,1.229900032E2,6.463796213E1,-1.313562700E0,-1.120623800E2
2.514851321E1,4.773166313E-1,2.905434148E-1,-4.487438339E-1,-6.974111200E-1,1.229794137E2,6.462495492E1,-1.325333680E0,-1.120618409E2
2.515848321E1,4.773462395E-1,2.903508564E-1,-4.487672149E-1,-6.974560274E-1,1.229755526E2,6.461324231E1,-1.342034281E0,-1.120723404E2
2.516845321E1,4.774139589E-1,2.901380306E-1,-4.488190397E-1,-6.974648467E-1,1.229667213E2,6.460320977E1,-1.365074758E0,-1.120798388E2
2.517842221E1,4.776236184E-1,2.899701492E-1,-4.488575303E-1,-6.973663705E-1,1.229393771E2,6.459489840E1,-1.394662827E0,-1.120674105E2
2.518839221E1,4.777462763E-1,2.897099240E-1,-4.489629923E-1,-6.973226116E-1,1.229233781E2,6.458736924E1,-1.429003698E0,-1.120719168E2
2.519836221E1,4.779647550E-1,2.895163857E-1,-4.490542823E-1,-6.971944957E-1,1.228948778E2,6.458311504E1,-1.464970860E0,-1.120603263E2
2.520833121E1,4.780709124E-1,2.893083172E-1,-4.492055368E-1,-6.971106761E-1,1.228810282E2,6.458466663E1,-1.498132674E0,-1.120630218E2
2.521830121E1,4.781391587E-1,2.891681789E-1,-4.493374986E-1,-6.970369508E-1,1.228721242E2,6.458912083E1,-1.522522062E0,-1.120652360E2
2.522827121E1,4.783344145E-1,2.892143455E-1,-4.493556481E-1,-6.968721250E-1,1.228466472E2,6.459441711E1,-1.535350277E0,-1.120389757E2
2.523824021E1,4.784724876E-1,2.893105773E-1,-4.493126056E-1,-6.967652406E-1,1.228286296E2,6.459656789E1,-1.535959070E0,-1.120157744E2
2.524821021E1,4.787576426E-1,2.895427222E-1,-4.491266538E-1,-6.965927019E-1,1.227914138E2,6.459252323E1,-1.527625827E0,-1.119653140E2
2.525818021E1,4.789819903E-1,2.897424772E-1,-4.488986604E-1,-6.965023812E-1,1.227621294E2,6.458140014E1,-1.513706951E0,-1.119243108E2
2.526814921E1,4.793700679E-1,2.900108683E-1,-4.485557536E-1,-6.963446782E-1,1.227114635E2,6.456227917E1,-1.498647719E0,-1.118589934E2
2.527811921E1,4.796157630E-1,2.900867695E-1,-4.482717313E-1,-6.963267448E-1,1.226793802E2,6.453563617E1,-1.490203483E0,-1.118243655E2
2.528808821E1,4.799413158E-1,2.900539845E-1,-4.479910280E-1,-6.962967257E-1,1.226368613E2,6.450121291E1,-1.495104076E0,-1.117881940E2
2.529805821E1,4.801455383E-1,2.897829697E-1,-4.478391413E-1,-6.963664576E-1,1.226101844E2,6.446369954E1,-1.516547174E0,-1.117836116E2
2.530802821E1,4.804452551E-1,2.894430238E-1,-4.477395799E-1,-6.963651405E-1,1.225710273E2,6.442687544E1,-1.553630771E0,-1.117727754E2
2.531799721E1,4.807877404E-1,2.890436087E-1,-4.476750425E-1,-6.963361435E-1,1.225262735E2,6.438954370E1,-1.600497638E0,-1.117611733E2
2.532796721E1,4.810938319E-1,2.885648679E-1,-4.476191927E-1,-6.963592189E-1,1.224862674E2,6.434734446E1,-1.650578980E0,-1.117595344E2
2.533793721E1,4.815356995E-1,2.881484939E-1,-4.474433192E-1,-6.963391570E-1,1.224285018E2,6.429611481E1,-1.697446957E0,-1.117372070E2
2.534790617E1,4.819637323E-1,2.877257768E-1,-4.471846060E-1,-6.963840961E-1,1.223725296E2,6.423510313E1,-1.737371908E0,-1.117168408E2
2.535787617E1,4.824557546E-1,2.873656109E-1,-4.468071178E-1,-6.964344194E-1,1.223081711E2,6.416528965E1,-1.768814051E0,-1.116842316E2
2.536784617E1,4.831495971E-1,2.871261114E-1,-4.462572067E-1,-6.964046427E-1,1.222173800E2,6.408479752E1,-1.793998532E0,-1.116188548E2
2.537781517E1,4.837706309E-1,2.868086719E-1,-4.456695848E-1,-6.964808020E-1,1.221360823E2,6.399439917E1,-1.816021329E0,-1.115675768E2
2.538778517E1,4.845498840E-1,2.865389795E-1,-4.449890344E-1,-6.964851432E-1,1.220340275E2,6.389694369E1,-1.839423716E0,-1.114939148E2
2.539775517E1,4.852774229E-1,2.861781445E-1,-4.443623687E-1,-6.965270371E-1,1.219387000E2,6.379888964E1,-1.869114717E0,-1.114328236E2
2.540772417E1,4.859248196E-1,2.856716132E-1,-4.438346164E-1,-6.966201606E-1,1.218538363E2,6.370127128E1,-1.910096706E0,-1.113916004E2
2.541769417E1,4.866470796E-1,2.850839544E-1,-4.433444960E-1,-6.966687664E-1,1.217591179E2,6.360180168E1,-1.964853103E0,-1.113471288E2
2.542766417E1,4.873340205E-1,2.843028732E-1,-4.429248978E-1,-6.967746077E-1,1.216689908E2,6.349599482E1,-2.035270223E0,-1.113204692E2
2.543763317E1,4.880860573E-1,2.833925118E-1,-4.425048517E-1,-6.968860756E-1,1.215702778E2,6.338054492E1,-2.119069348E0,-1.112949935E2
2.544760317E1,4.887241606E-1,2.822487780E-1,-4.421264099E-1,-6.971430871E-1,1.214864824E2,6.325275476E1,-2.213321931E0,-1.112992798E2
2.545757317E1,4.893023100E-1,2.809168586E-1,-4.417545852E-1,-6.975113030E-1,1.214105305E2,6.311207761E1,-2.316395153E0,-1.113236220E2
2.546754217E1,4.899372312E-1,2.794767429E-1,-4.413249823E-1,-6.979158074E-1,1.213270879E2,6.295708438E1,-2.426663475E0,-1.113482012E2
2.547751217E1,4.904613483E-1,2.778899352E-1,-4.408828408E-1,-6.984605343E-1,1.212581817E2,6.279036139E1,-2.537983271E0,-1.113957343E2
2.548748217E1,4.910673989E-1,2.763557108E-1,-4.403057609E-1,-6.990072000E-1,1.211784744E2,6.261253109E1,-2.641718184E0,-1.114290484E2
2.549745117E1,4.917877096E-1,2.748962287E-1,-4.395659362E-1,-6.995418539E-1,1.210836992E2,6.242200697E1,-2.736536481E0,-1.114427191E2
2.550742117E1,4.924934797E-1,2.733648072E-1,-4.387340997E-1,-7.001673342E-1,1.209907941E2,6.221623418E1,-2.828417479E0,-1.114623354E2
2.551739017E1,4.933222342E-1,2.717951637E-1,-4.378215466E-1,-7.007659248E-1,1.208816454E2,6.199871274E1,-2.925913333E0,-1.114690320E2
2.552736017E1,4.940172147E-1,2.700725114E-1,-4.370107519E-1,-7.014480505E-1,1.207900696E2,6.178204663E1,-3.032247161E0,-1.115016938E2
2.553733017E1,4.947222472E-1,2.684109140E-1,-4.362623925E-1,-7.020545436E-1,1.206971267E2,6.157707715E1,-3.140189876E0,-1.115283727E2
2.554729917E1,4.953084466E-1,2.667882551E-1,-4.355495681E-1,-7.027019824E-1,1.206198166E2,6.137944156E1,-3.239939975E0,-1.115661121E2
2.555726917E1,4.958696846E-1,2.652075428E-1,-4.347933640E-1,-7.033725283E-1,1.205457706E2,6.118034128E1,-3.332040153E0,-1.116033429E2
2.556723917E1,4.965951056E-1,2.637189793E-1,-4.339158034E-1,-7.039620889E-1,1.204500230E2,6.097421603E1,-3.420561350E0,-1.116137295E2
2.557720817E1,4.973940097E-1,2.622296150E-1,-4.329794480E-1,-7.045308501E-1,1.203445234E2,6.076156243E1,-3.510132846E0,-1.116145618E2
2.558717817E1,4.980852074E-1,2.605946176E-1,-4.320831057E-1,-7.051990568E-1,1.202532020E2,6.054350000E1,-3.605495788E0,-1.116374931E2
2.559714817E1,4.987956452E-1,2.588567872E-1,-4.312361121E-1,-7.058551041E-1,1.201592951E2,6.032387568E1,-3.713453257E0,-1.116642619E2
2.560711717E1,4.994015800E-1,2.569565596E-1,-4.305330131E-1,-7.065498211E-1,1.200791665E2,6.010935511E1,-3.836671121E0,-1.117138810E2
2.561708717E1,5.000698709E-1,2.550347265E-1,-4.299167208E-1,-7.071484644E-1,1.199907545E2,5.990317612E1,-3.972746868E0,-1.117566587E2
2.562705717E1,5.007173730E-1,2.530488566E-1,-4.293736112E-1,-7.077334205E-1,1.199050553E2,5.970106546E1,-4.117804203E0,-1.118054122E2
2.563702617E1,5.012979458E-1,2.509359824E-1,-4.288679439E-1,-7.083811754E-1,1.198281828E2,5.949482864E1,-4.270459330E0,-1.118697170E2
2.564699617E1,5.018819220E-1,2.487459057E-1,-4.283636568E-1,-7.090449146E-1,1.197508295E2,5.928381995E1,-4.429473524E0,-1.119375665E2
2.565696617E1,5.024367010E-1,2.465067385E-1,-4.279078281E-1,-7.097088539E-1,1.196773156E2,5.907538744E1,-4.594150820E0,-1.120111930E2
2.566693517E1,5.028786633E-1,2.442402812E-1,-4.275627403E-1,-7.103870704E-1,1.196187314E2,5.887830026E1,-4.761836553E0,-1.120996103E2
2.567690517E1,5.034116524E-1,2.421284922E-1,-4.272628865E-1,-7.109127259E-1,1.195480581E2,5.869715875E1,-4.928572752E0,-1.121662904E2
2.568687517E1,5.039639025E-1,2.401342614E-1,-4.270001536E-1,-7.113556471E-1,1.194748039E2,5.852861763E1,-5.091331545E0,-1.122224875E2
2.569684417E1,5.045841988E-1,2.381975294E-1,-4.266814391E-1,-7.117580863E-1,1.193924911E2,5.835792393E1,-5.250792294E0,-1.122657675E2
2.570681417E1,5.053682882E-1,2.362739578E-1,-4.262468103E-1,-7.121032795E-1,1.192883936E2,5.817494162E1,-5.412201436E0,-1.122869617E2
2.571678417E1,5.060892838E-1,2.341797547E-1,-4.257833741E-1,-7.125602041E-1,1.191926236E2,5.797769981E1,-5.579940373E0,-1.123254462E2
2.572675317E1,5.067657407E-1,2.319689312E-1,-4.252948605E-1,-7.130941203E-1,1.191027271E2,5.777033170E1,-5.751745222E0,-1.123754616E2
2.573672317E1,5.074706468E-1,2.297254755E-1,-4.247794256E-1,-7.136262243E-1,1.190090056E2,5.755808678E1,-5.926347020E0,-1.124228096E2
2.574669217E1,5.080149101E-1,2.273619856E-1,-4.242974132E-1,-7.142822189E-1,1.189366117E2,5.734265305E1,-6.101930684E0,-1.124962252E2
2.575666217E1,5.086249436E-1,2.250279142E-1,-4.237636866E-1,-7.149037164E-1,1.188554375E2,5.712368128E1,-6.276520268E0,-1.125584390E2
2.576663217E1,5.092715711E-1,2.226737599E-1,-4.231632204E-1,-7.155359085E-1,1.187693567E2,5.689628001E1,-6.450676839E0,-1.126159419E2
2.577660117E1,5.098729961E-1,2.201819433E-1,-4.225652936E-1,-7.162317635E-1,1.186892591E2,5.666072665E1,-6.632849358E0,-1.126859771E2
2.578657117E1,5.105491580E-1,2.175727900E-1,-4.219805166E-1,-7.168919939E-1,1.185991684E2,5.641903717E1,-6.830423835E0,-1.127523196E2
2.579654117E1,5.112371947E-1,2.148274813E-1,-4.214524904E-1,-7.175399280E-1,1.185074523E2,5.617519983E1,-7.043899478E0,-1.128238407E2
2.580651017E1,5.120317050E-1,2.120639967E-1,-4.209421763E-1,-7.180947912E-1,1.184014888E2,5.593218885E1,-7.267813272E0,-1.128816462E2
2.581648017E1,5.129408125E-1,2.093189198E-1,-4.204345702E-1,-7.185486285E-1,1.182801698E2,5.569061886E1,-7.498743785E0,-1.129225009E2
2.582645017E1,5.139019082E-1,2.065378600E-1,-4.199433066E-1,-7.189538494E-1,1.181518296E2,5.544874228E1,-7.737627239E0,-1.129573218E2
2.583641917E1,5.149440206E-1,2.037064242E-1,-4.194607357E-1,-7.192976096E-1,1.180125734E2,5.520456679E1,-7.986889773E0,-1.129831388E2
2.584638917E1,5.160180382E-1,2.007742047E-1,-4.190281615E-1,-7.196044071E-1,1.178689472E2,5.495971731E1,-8.250205683E0,-1.130089819E2
2.585635917E1,5.170257904E-1,1.977055559E-1,-4.186759614E-1,-7.199355759E-1,1.177340840E2,5.471599139E1,-8.526221096E0,-1.130491523E2
2.586632817E1,5.181351165E-1,1.945829907E-1,-4.183342242E-1,-7.201875087E-1,1.175855165E2,5.446986115E1,-8.814436242E0,-1.130775328E2
2.587629817E1,5.191222273E-1,1.912381114E-1,-4.180229065E-1,-7.205532274E-1,1.174532187E2,5.421441369E1,-9.114937425E0,-1.131313773E2
2.588626817E1,5.201496727E-1,1.877467824E-1,-4.176938766E-1,-7.209211800E-1,1.173154164E2,5.394814693E1,-9.429006518E0,-1.131855627E2
2.589623717E1,5.210278866E-1,1.840001804E-1,-4.174668737E-1,-7.213843317E-1,1.171975492E2,5.367912670E1,-9.761892845E0,-1.132702205E2
2.590620717E1,5.217823573E-1,1.800094429E-1,-4.174239049E-1,-7.218705799E-1,1.170962308E2,5.341738164E1,-1.012066609E1,-1.133817017E2
2.591617717E1,5.224509749E-1,1.758202253E-1,-4.176280116E-1,-7.223013207E-1,1.170063958E2,5.317289281E1,-1.050899937E1,-1.135129683E2
2.592614617E1,5.230344032E-1,1.714869286E-1,-4.180850626E-1,-7.226562498E-1,1.169279715E2,5.295008497E1,-1.092322931E1,-1.136610757E2
2.593611617E1,5.235365513E-1,1.670790216E-1,-4.187815603E-1,-7.229218487E-1,1.168604465E2,5.275207437E1,-1.135718454E1,-1.138220199E2
2.594608617E1,5.239547639E-1,1.626772574E-1,-4.196631354E-1,-7.231114779E-1,1.168041898E2,5.257802207E1,-1.180031386E1,-1.139919288E2
2.595605517E1,5.244025847E-1,1.584148412E-1,-4.206504042E-1,-7.231597255E-1,1.167439315E2,5.242606131E1,-1.224320948E1,-1.141494623E2
2.596602517E1,5.248392893E-1,1.543402736E-1,-4.216989546E-1,-7.231133008E-1,1.166851502E2,5.229435238E1,-1.267598801E1,-1.142975079E2
2.597599517E1,5.252928631E-1,1.505289446E-1,-4.227461247E-1,-7.229758283E-1,1.166240785E2,5.217978988E1,-1.308953850E1,-1.144288028E2
2.598596417E1,5.257957383E-1,1.470392804E-1,-4.237300745E-1,-7.227524711E-1,1.165563452E2,5.207811273E1,-1.347640595E1,-1.145363640E2
2.599593417E1,5.263646470E-1,1.438968535E-1,-4.246068554E-1,-7.224562525E-1,1.164796878E2,5.198518330E1,-1.383211258E1,-1.146168204E2
2.600590317E1,5.270190400E-1,1.411056574E-1,-4.253283462E-1,-7.221051482E-1,1.163914725E2,5.189507005E1,-1.415382532E1,-1.146673783E2
2.601587317E1,5.277796326E-1,1.386494339E-1,-4.258493971E-1,-7.217183138E-1,1.162888881E2,5.180100588E1,-1.444068515E1,-1.146859945E2
2.602584317E1,5.286549910E-1,1.364680710E-1,-4.261295578E-1,-7.213278128E-1,1.161707541E2,5.169438795E1,-1.469506344E1,-1.146740563E2
2.603581217E1,5.296213972E-1,1.344694464E-1,-4.262051481E-1,-7.209496923E-1,1.160402445E2,5.157403510E1,-1.492552716E1,-1.146392931E2
2.604578217E1,5.306378211E-1,1.325769159E-1,-4.261529387E-1,-7.205834257E-1,1.159028801E2,5.144459153E1,-1.514129427E1,-1.145911344E2
2.605575217E1,5.316937156E-1,1.308032607E-1,-4.260433042E-1,-7.201939572E-1,1.157600721E2,5.131488423E1,-1.534566121E1,-1.145311092E2
2.606572117E1,5.327829903E-1,1.291619886E-1,-4.258935038E-1,-7.197736372E-1,1.156126323E2,5.118767871E1,-1.553832228E1,-1.144596157E2
2.607569117E1,5.339054030E-1,1.276077498E-1,-4.256850350E-1,-7.193425171E-1,1.154605821E2,5.105820408E1,-1.572162187E1,-1.143786111E2
2.608566117E1,5.350423775E-1,1.260237237E-1,-4.254049059E-1,-7.189425224E-1,1.153064292E2,5.091843586E1,-1.590312522E1,-1.142954999E2
2.609563017E1,5.361331379E-1,1.243325604E-1,-4.251063587E-1,-7.186008801E-1,1.151584186E2,5.077083863E1,-1.608936051E1,-1.142221446E2
2.610560017E1,5.371404266E-1,1.226026114E-1,-4.248543522E-1,-7.182949150E-1,1.150216267E2,5.062734502E1,-1.627710956E1,-1.141610929E2
2.611557017E1,5.380711343E-1,1.209936027E-1,-4.246540809E-1,-7.179894979E-1,1.148951422E2,5.049772084E1,-1.645390862E1,-1.141046823E2
2.612553917E1,5.389489373E-1,1.195925677E-1,-4.244431675E-1,-7.176904554E-1,1.147757658E2,5.037956402E1,-1.660939477E1,-1.140456506E2
2.613550917E1,5.397742358E-1,1.183977994E-1,-4.241487191E-1,-7.174424845E-1,1.146634572E2,5.026449250E1,-1.673836917E1,-1.139835290E2
2.614547917E1,5.405254349E-1,1.173707650E-1,-4.237386724E-1,-7.172879162E-1,1.145611707E2,5.014698032E1,-1.684034337E1,-1.139226184E2
2.615544817E1,5.411975349E-1,1.164910549E-1,-4.231759488E-1,-7.172567854E-1,1.144696050E2,5.002176470E1,-1.691397502E1,-1.138642440E2
2.616541817E1,5.418199753E-1,1.157560455E-1,-4.224202242E-1,-7.173513472E-1,1.143847628E2,4.988370864E1,-1.695831761E1,-1.138042880E2
2.617538817E1,5.424388649E-1,1.151395108E-1,-4.214694018E-1,-7.175420985E-1,1.143003644E2,4.973040760E1,-1.697820290E1,-1.137377490E2
2.618535717E1,5.430829215E-1,1.146154991E-1,-4.203589166E-1,-7.177900379E-1,1.142124914E2,4.956400218E1,-1.698011362E1,-1.136622564E2
2.619532717E1,5.437513283E-1,1.141204527E-1,-4.191635372E-1,-7.180618429E-1,1.141212500E2,4.938937181E1,-1.697475827E1,-1.135813455E2
2.620529717E1,5.444229489E-1,1.135754834E-1,-4.179640484E-1,-7.183385265E-1,1.140295224E2,4.921144353E1,-1.697336688E1,-1.135018703E2
2.621526617E1,5.450571062E-1,1.129068764E-1,-4.168481579E-1,-7.186115379E-1,1.139428677E2,4.903647423E1,-1.698610224E1,-1.134331137E2
2.622523617E1,5.456181598E-1,1.120848021E-1,-4.158805927E-1,-7.188750453E-1,1.138661667E2,4.887054549E1,-1.701811688E1,-1.133816036E2
2.623520617E1,5.460730665E-1,1.111018954E-1,-4.150962820E-1,-7.191353706E-1,1.138039524E2,4.871765507E1,-1.707068093E1,-1.133523539E2
2.624517517E1,5.464006055E-1,1.099602111E-1,-4.144936348E-1,-7.194096886E-1,1.137591437E2,4.857808887E1,-1.714232285E1,-1.133481130E2
2.625514517E1,5.465871632E-1,1.087026334E-1,-4.140668979E-1,-7.197046165E-1,1.137336166E2,4.845393390E1,-1.722829251E1,-1.133688620E2
2.626511417E1,5.466406107E-1,1.073546929E-1,-4.137836711E-1,-7.200292262E-1,1.137263026E2,4.834297256E1,-1.732460662E1,-1.134122654E2
2.627508417E1,5.465463651E-1,1.059337646E-1,-4.136429744E-1,-7.203919473E-1,1.137391994E2,4.824641575E1,-1.742892361E1,-1.134795679E2
2.628505417E1,5.463222808E-1,1.044883384E-1,-4.136451660E-1,-7.207716377E-1,1.137698599E2,4.816690864E1,-1.753826542E1,-1.135664980E2
2.629502317E1,5.460052048E-1,1.030334081E-1,-4.137681294E-1,-7.211506696E-1,1.138132348E2,4.810228704E1,-1.765194153E1,-1.136673175E2
2.630499317E1,5.456340755E-1,1.015823132E-1,-4.139908123E-1,-7.215095763E-1,1.138639904E2,4.805034933E1,-1.776958097E1,-1.137760768E2
2.631496317E1,5.452380321E-1,1.001683075E-1,-4.143082835E-1,-7.218244449E-1,1.139181372E2,4.801199267E1,-1.788969125E1,-1.138875445E2
2.632493217E1,5.448303509E-1,9.878601732E-2,-4.147321965E-1,-7.220792173E-1,1.139738577E2,4.798802079E1,-1.801432197E1,-1.140002829E2
2.633490217E1,5.443995679E-1,9.741141893E-2,-4.152808431E-1,-7.222754952E-1,1.140327165E2,4.797937972E1,-1.814613319E1,-1.141170370E2
2.634487196E1,5.439337399E-1,9.601467237E-2,-4.159659401E-1,-7.224192370E-1,1.140963415E2,4.798597936E1,-1.828779026E1,-1.142407380E2
2.635484096E1,5.434448891E-1,9.457622151E-2,-4.167675099E-1,-7.225149420E-1,1.141630865E2,4.800432656E1,-1.844021016E1,-1.143703395E2
2.636481096E1,5.429230374E-1,9.310598138E-2,-4.176652694E-1,-7.225797533E-1,1.142343095E2,4.803294214E1,-1.860047697E1,-1.145066135E2
2.637478096E1,5.423754550E-1,9.161830299E-2,-4.186468484E-1,-7.226131441E-1,1.143090135E2,4.807118883E1,-1.876687648E1,-1.146479606E2
2.638474996E1,5.418186108E-1,9.015270956E-2,-4.196992763E-1,-7.226047148E-1,1.143849488E2,4.811956496E1,-1.893602511E1,-1.147905358E2
2.639471996E1,5.412969488E-1,8.877403346E-2,-4.207736100E-1,-7.225415472E-1,1.144560570E2,4.817529202E1,-1.910140601E1,-1.149253732E2
2.640468996E1,5.408488645E-1,8.752256709E-2,-4.218083151E-1,-7.224264652E-1,1.145171131E2,4.823277366E1,-1.925735650E1,-1.150450877E2
2.641465896E1,5.405016588E-1,8.644339703E-2,-4.227662709E-1,-7.222562762E-1,1.145644091E2,4.828959359E1,-1.939890887E1,-1.151438596E2
2.642462896E1,5.402586717E-1,8.556657399E-2,-4.236181851E-1,-7.220433187E-1,1.145975010E2,4.834380525E1,-1.952154206E1,-1.152197596E2
2.643459896E1,5.401327685E-1,8.489558563E-2,-4.242996259E-1,-7.218165371E-1,1.146146451E2,4.838775659E1,-1.962108264E1,-1.152701118E2
2.644456796E1,5.401118215E-1,8.442530056E-2,-4.247843673E-1,-7.216022204E-1,1.146174973E2,4.841821249E1,-1.969536817E1,-1.152964058E2
2.645453796E1,5.401991709E-1,8.411531049E-2,-4.250766979E-1,-7.214009902E-1,1.146056034E2,4.843327845E1,-1.974839925E1,-1.152997371E2
2.646450796E1,5.403787797E-1,8.392297334E-2,-4.252117575E-1,-7.212090746E-1,1.145811445E2,4.843489876E1,-1.978543930E1,-1.152842178E2
2.647447696E1,5.406379722E-1,8.381190586E-2,-4.252397535E-1,-7.210113321E-1,1.145458421E2,4.842711246E1,-1.981247977E1,-1.152536031E2
2.648444696E1,5.409529989E-1,8.375025556E-2,-4.251986076E-1,-7.208064773E-1,1.145029256E2,4.841298142E1,-1.983359069E1,-1.152127024E2
2.649441696E1,5.412913011E-1,8.370154434E-2,-4.251281276E-1,-7.205995890E-1,1.144568267E2,4.839571511E1,-1.985285409E1,-1.151677637E2
2.650438596E1,5.416233866E-1,8.363429904E-2,-4.250348777E-1,-7.204129100E-1,1.144115633E2,4.837491324E1,-1.987170782E1,-1.151240798E2
2.651435596E1,5.419418061E-1,8.355077452E-2,-4.249087638E-1,-7.202575146E-1,1.143681518E2,4.834966977E1,-1.988878539E1,-1.150824238E2
2.652432496E1,5.422364652E-1,8.345463756E-2,-4.247395442E-1,-7.201467000E-1,1.143279702E2,4.831920308E1,-1.990242668E1,-1.150439155E2
2.653429496E1,5.425118843E-1,8.335642487E-2,-4.245132261E-1,-7.200841225E-1,1.142904041E2,4.828239925E1,-1.991097551E1,-1.150073854E2
2.654426496E1,5.427687062E-1,8.327124609E-2,-4.242232558E-1,-7.200713309E-1,1.142553674E2,4.823933004E1,-1.991268649E1,-1.149721040E2
2.655423396E1,5.430296373E-1,8.320118749E-2,-4.238573053E-1,-7.200982627E-1,1.142197630E2,4.818826805E1,-1.990783306E1,-1.149347767E2
2.656420396E1,5.433133067E-1,8.314731328E-2,-4.233974515E-1,-7.201609562E-1,1.141810478E2,4.812685722E1,-1.989613019E1,-1.148925930E2
2.657417396E1,5.436366784E-1,8.312418520E-2,-4.228440529E-1,-7.202446388E-1,1.141369037E2,4.805564486E1,-1.987733560E1,-1.148427374E2
2.658414296E1,5.440213948E-1,8.315296096E-2,-4.222080675E-1,-7.203240434E-1,1.140843710E2,4.797668424E1,-1.985167060E1,-1.147816558E2
2.659411296E1,5.444657332E-1,8.319332710E-2,-4.215132029E-1,-7.203906091E-1,1.140236775E2,4.789051841E1,-1.982421934E1,-1.147113132E2
2.660408296E1,5.449405965E-1,8.318629911E-2,-4.207957266E-1,-7.204516851E-1,1.139587914E2,4.779861003E1,-1.980097491E1,-1.146382637E2
2.661405196E1,5.453997601E-1,8.307537915E-2,-4.201278571E-1,-7.205068817E-1,1.138960279E2,4.770698860E1,-1.978931799E1,-1.145717612E2
2.662402196E1,5.458010876E-1,8.287916449E-2,-4.195551025E-1,-7.205593071E-1,1.138411517E2,4.762267022E1,-1.978846890E1,-1.145173493E2
2.663399196E1,5.461297382E-1,8.268345560E-2,-4.190714885E-1,-7.206142772E-1,1.137962003E2,4.755001768E1,-1.978971667E1,-1.144738741E2
2.664396096E1,5.463844527E-1,8.250429988E-2,-4.186287674E-1,-7.206989291E-1,1.137613537E2,4.748440697E1,-1.978812931E1,-1.144403273E2
2.665393096E1,5.465589670E-1,8.229037302E-2,-4.181908090E-1,-7.208453209E-1,1.137374750E2,4.741896913E1,-1.978518424E1,-1.144190512E2
2.666390096E1,5.466244579E-1,8.196380870E-2,-4.178132681E-1,-7.210518457E-1,1.137285131E2,4.735627533E1,-1.978999335E1,-1.144174462E2
2.667386996E1,5.465727859E-1,8.152868464E-2,-4.175696171E-1,-7.212813775E-1,1.137355841E2,4.730510606E1,-1.980707710E1,-1.144373015E2
2.668383996E1,5.464255406E-1,8.105117138E-2,-4.174930258E-1,-7.214910844E-1,1.137557320E2,4.727255236E1,-1.983437271E1,-1.144737025E2
2.669380996E1,5.462126305E-1,8.058619681E-2,-4.175487966E-1,-7.216721314E-1,1.137848609E2,4.725714679E1,-1.986634824E1,-1.145201758E2
2.670377896E1,5.459762921E-1,8.017967992E-2,-4.176477258E-1,-7.218389276E-1,1.138171894E2,4.725042662E1,-1.989502387E1,-1.145682362E2
2.671374896E1,5.457359707E-1,7.982948175E-2,-4.177313451E-1,-7.220111396E-1,1.138500567E2,4.724520310E1,-1.991748556E1,-1.146146432E2
2.672371896E1,5.455036731E-1,7.950418184E-2,-4.177868631E-1,-7.221903322E-1,1.138818208E2,4.723800898E1,-1.993624077E1,-1.146586905E2
2.673368796E1,5.452856527E-1,7.921823655E-2,-4.178203909E-1,-7.223671330E-1,1.139116274E2,4.723023246E1,-1.995083212E1,-1.146991361E2
2.674365796E1,5.450988790E-1,7.903375979E-2,-4.178326556E-1,-7.225211165E-1,1.139371581E2,4.722504720E1,-1.995689564E1,-1.147313882E2
2.675362796E1,5.449483831E-1,7.895971831E-2,-4.178152806E-1,-7.226528148E-1,1.139577272E2,4.722189215E1,-1.995332939E1,-1.147543884E2
2.676359696E1,5.448108263E-1,7.894373412E-2,-4.177766003E-1,-7.227806778E-1,1.139765258E2,4.721926254E1,-1.994393168E1,-1.147732849E2
2.677356696E1,5.446825946E-1,7.895678911E-2,-4.177109461E-1,-7.229137987E-1,1.139940482E2,4.721496512E1,-1.993061079E1,-1.147895303E2
2.678353696E1,5.445624655E-1,7.900360372E-2,-4.176033135E-1,-7.230614075E-1,1.140104617E2,4.720757153E1,-1.991180439E1,-1.148029641E2
2.679350596E1,5.444481632E-1,7.907909926E-2,-4.174549882E-1,-7.232246844E-1,1.140260778E2,4.719698214E1,-1.988791962E1,-1.148140534E2
2.680347596E1,5.443416266E-1,7.918823853E-2,-4.172664022E-1,-7.234017749E-1,1.140406317E2,4.718350155E1,-1.985866571E1,-1.148224206E2
2.681344496E1,5.442581653E-1,7.931397311E-2,-4.170387986E-1,-7.235820896E-1,1.140520324E2,4.716602763E1,-1.982650908E1,-1.148265818E2
2.682341496E1,5.441926480E-1,7.941590527E-2,-4.167957167E-1,-7.237602233E-1,1.140609815E2,4.714511664E1,-1.979636228E1,-1.148289561E2
2.683338496E1,5.441387738E-1,7.946995860E-2,-4.165673861E-1,-7.239262924E-1,1.140683398E2,4.712302166E1,-1.977212601E1,-1.148316456E2
2.684335396E1,5.440745209E-1,7.946391053E-2,-4.163880302E-1,-7.240782950E-1,1.140771154E2,4.710339685E1,-1.975604715E1,-1.148384659E2
2.685332396E1,5.439835469E-1,7.941904521E-2,-4.162652775E-1,-7.242221211E-1,1.140895398E2,4.708861861E1,-1.974586941E1,-1.148510094E2
2.686329396E1,5.438401107E-1,7.932560564E-2,-4.161878538E-1,-7.243846078E-1,1.141091271E2,4.707735006E1,-1.974014334E1,-1.148729903E2
2.687326296E1,5.436362885E-1,7.919738439E-2,-4.161424300E-1,-7.245778089E-1,1.141369569E2,4.706898554E1,-1.973625460E1,-1.149048330E2
2.688323296E1,5.433805098E-1,7.907233469E-2,-4.161120843E-1,-7.248006288E-1,1.141718747E2,4.706352122E1,-1.973017483E1,-1.149437887E2
2.689320296E1,5.430929946E-1,7.896783158E-2,-4.160763227E-1,-7.250480202E-1,1.142111167E2,4.705919180E1,-1.972008881E1,-1.149862717E2
2.690317196E1,5.427974925E-1,7.888902751E-2,-4.160353454E-1,-7.253013755E-1,1.142514398E2,4.705583976E1,-1.970693707E1,-1.150288477E2
2.691314196E1,5.425143183E-1,7.882595475E-2,-4.159902272E-1,-7.255459431E-1,1.142900721E2,4.705264182E1,-1.969284008E1,-1.150691169E2
2.692311196E1,5.422506266E-1,7.875487409E-2,-4.159586381E-1,-7.257688367E-1,1.143260389E2,4.705017067E1,-1.968154529E1,-1.151071664E2
2.693308096E1,5.419986306E-1,7.865843157E-2,-4.159597445E-1,-7.259668005E-1,1.143604036E2,4.704981498E1,-1.967548506E1,-1.151449084E2
2.694305096E1,5.417278687E-1,7.852031635E-2,-4.160150412E-1,-7.261520886E-1,1.143973200E2,4.705372947E1,-1.967585598E1,-1.151873377E2
2.695302096E1,5.414344002E-1,7.836234996E-2,-4.161289219E-1,-7.263229097E-1,1.144373237E2,4.706371223E1,-1.968083266E1,-1.152342873E2
2.696298996E1,5.411229771E-1,7.821072667E-2,-4.162691656E-1,-7.264909492E-1,1.144797649E2,4.707741720E1,-1.968610019E1,-1.152837385E2
2.697295996E1,5.408119650E-1,7.808672010E-2,-4.164071228E-1,-7.266567233E-1,1.145221401E2,4.709238148E1,-1.968881290E1,-1.153320981E2
2.698292996E1,5.405125854E-1,7.800943332E-2,-4.165281580E-1,-7.268183670E-1,1.145629209E2,4.710776095E1,-1.968690314E1,-1.153769954E2
2.699289896E1,5.402430352E-1,7.799114159E-2,-4.166269080E-1,-7.269640897E-1,1.145996303E2,4.712325597E1,-1.967996650E1,-1.154154443E2
2.700286896E1,5.400076345E-1,7.805313960E-2,-4.167069028E-1,-7.270865369E-1,1.146316829E2,4.714035542E1,-1.966664036E1,-1.154461497E2
2.701283896E1,5.397938762E-1,7.818554393E-2,-4.168079077E-1,-7.271730960E-1,1.146607836E2,4.716330828E1,-1.964989792E1,-1.154716160E2
2.702280796E1,5.395806869E-1,7.836016886E-2,-4.169592465E-1,-7.272257058E-1,1.146898021E2,4.719433809E1,-1.963307025E1,-1.154960773E2
2.703277796E1,5.393558546E-1,7.856781584E-2,-4.171690219E-1,-7.272498348E-1,1.147204003E2,4.723410825E1,-1.961682831E1,-1.155216281E2
2.704274796E1,5.391130044E-1,7.879123629E-2,-4.174165082E-1,-7.272638276E-1,1.147534448E2,4.727941322E1,-1.960083528E1,-1.155494893E2
2.705271696E1,5.388585744E-1,7.901233866E-2,-4.176878917E-1,-7.272725414E-1,1.147880584E2,4.732754570E1,-1.958606224E1,-1.155792440E2
2.706268696E1,5.385789196E-1,7.923424181E-2,-4.180020965E-1,-7.272749544E-1,1.148260959E2,4.738111603E1,-1.957278579E1,-1.156128709E2
2.707265596E1,5.382646305E-1,7.946055985E-2,-4.183490599E-1,-7.272835102E-1,1.148688346E2,4.743935191E1,-1.955942154E1,-1.156514083E2
2.708262596E1,5.379198271E-1,7.968415942E-2,-4.187130295E-1,-7.273046257E-1,1.149157111E2,4.749996376E1,-1.954570894E1,-1.156943226E2
2.709259596E1,5.375381769E-1,7.990299639E-2,-4.190791065E-1,-7.273520515E-1,1.149675828E2,4.756125560E1,-1.953039161E1,-1.157424009E2
2.710256496E1,5.371214710E-1,8.013459333E-2,-4.194260594E-1,-7.274343643E-1,1.150242019E2,4.762169103E1,-1.951053455E1,-1.157944485E2
2.711253496E1,5.366811629E-1,8.040178327E-2,-4.197261660E-1,-7.275568009E-1,1.150840085E2,4.767910847E1,-1.948284004E1,-1.158477674E2
2.712250496E1,5.362344695E-1,8.071922280E-2,-4.199821343E-1,-7.277032401E-1,1.151446622E2,4.773427589E1,-1.944722871E1,-1.158994860E2
2.713247396E1,5.358046770E-1,8.112104032E-2,-4.201880744E-1,-7.278562121E-1,1.152030018E2,4.778793361E1,-1.940166641E1,-1.159451356E2
2.714244396E1,5.354195497E-1,8.165470371E-2,-4.203368106E-1,-7.279940217E-1,1.152552626E2,4.784131901E1,-1.934313390E1,-1.159791122E2
2.715241396E1,5.350869794E-1,8.232055016E-2,-4.204234119E-1,-7.281134975E-1,1.153003793E2,4.789374253E1,-1.927173624E1,-1.160002557E2
2.716238296E1,5.348040687E-1,8.310884374E-2,-4.204562653E-1,-7.282129852E-1,1.153387504E2,4.794572029E1,-1.918877135E1,-1.160094221E2
2.717235296E1,5.345531369E-1,8.401619163E-2,-4.204512393E-1,-7.282960039E-1,1.153727773E2,4.799923431E1,-1.909465495E1,-1.160092322E2
2.718232296E1,5.343093279E-1,8.501718982E-2,-4.204213888E-1,-7.283758616E-1,1.154058323E2,4.805488187E1,-1.899109531E1,-1.160041054E2
2.719229196E1,5.340333925E-1,8.604312841E-2,-4.204092505E-1,-7.284649179E-1,1.154432356E2,4.811454025E1,-1.888479612E1,-1.160024158E2
2.720226196E1,5.336639438E-1,8.705707622E-2,-4.204713960E-1,-7.285792097E-1,1.154933027E2,4.818376303E1,-1.877937441E1,-1.160143539E2
2.721223196E1,5.331762626E-1,8.810241289E-2,-4.206264016E-1,-7.287212024E-1,1.155593713E2,4.826747152E1,-1.867089777E1,-1.160418105E2
2.722220096E1,5.325637951E-1,8.922123260E-2,-4.208401810E-1,-7.289094197E-1,1.156423113E2,4.836410112E1,-1.855290034E1,-1.160835213E2
2.723217096E1,5.318430208E-1,9.039719289E-2,-4.210415797E-1,-7.291744180E-1,1.157398698E2,4.846423564E1,-1.842272797E1,-1.161369980E2
2.724214096E1,5.310117269E-1,9.156899118E-2,-4.212053729E-1,-7.295393149E-1,1.158523227E2,4.856159825E1,-1.828377749E1,-1.162045110E2
2.725210996E1,5.300957178E-1,9.273302392E-2,-4.213312866E-1,-7.299856395E-1,1.159761554E2,4.865546843E1,-1.813784945E1,-1.162827226E2
2.726207996E1,5.291712478E-1,9.396958084E-2,-4.214039794E-1,-7.304561879E-1,1.161010471E2,4.874714843E1,-1.798141085E1,-1.163581328E2
2.727204996E1,5.283064471E-1,9.535266129E-2,-4.213951391E-1,-7.309079495E-1,1.162178009E2,4.883630457E1,-1.781012174E1,-1.164184307E2
2.728201896E1,5.275450221E-1,9.692826853E-2,-4.212659695E-1,-7.313248661E-1,1.163205371E2,4.892033677E1,-1.761992941E1,-1.164555108E2
2.729198896E1,5.268996169E-1,9.863293997E-2,-4.210102224E-1,-7.317093823E-1,1.164075744E2,4.899497647E1,-1.741670256E1,-1.164701782E2
2.730195896E1,5.263269045E-1,1.004013796E-1,-4.206572426E-1,-7.320840889E-1,1.164847743E2,4.906083708E1,-1.720563165E1,-1.164711215E2
2.731192796E1,5.257886787E-1,1.021965614E-1,-4.202422015E-1,-7.324606394E-1,1.165572962E2,4.912060037E1,-1.699014814E1,-1.164652410E2
2.732189796E1,5.252624120E-1,1.040170313E-1,-4.197835805E-1,-7.328448711E-1,1.166281792E2,4.917671748E1,-1.677035128E1,-1.164558214E2
2.733186696E1,5.247393380E-1,1.058891416E-1,-4.193059830E-1,-7.332247301E-1,1.166986054E2,4.923362663E1,-1.654519731E1,-1.164431728E2
2.734183696E1,5.242131557E-1,1.078354409E-1,-4.188387009E-1,-7.335845167E-1,1.167694233E2,4.929606396E1,-1.631444592E1,-1.164274946E2
2.735180729E1,5.236822529E-1,1.098531581E-1,-4.184078547E-1,-7.339101643E-1,1.168408491E2,4.936690402E1,-1.608009399E1,-1.164092835E2
2.736177629E1,5.231252507E-1,1.119319460E-1,-4.180692259E-1,-7.341862156E-1,1.169157568E2,4.945225952E1,-1.584568292E1,-1.163922341E2
2.737174629E1,5.225085159E-1,1.140738489E-1,-4.178638021E-1,-7.344126707E-1,1.169986626E2,4.955737868E1,-1.561192214E1,-1.163809469E2
2.738171629E1,5.218205740E-1,1.163142910E-1,-4.177615960E-1,-7.346083374E-1,1.170910972E2,4.968093451E1,-1.537303131E1,-1.163749349E2
2.739168529E1,5.210455777E-1,1.186709531E-1,-4.177192174E-1,-7.348056690E-1,1.171951741E2,4.981917878E1,-1.512355021E1,-1.163749543E2
2.740165529E1,5.201730115E-1,1.211537713E-1,-4.177136224E-1,-7.350217558E-1,1.173122850E2,4.997014972E1,-1.486043378E1,-1.163814546E2
2.741162529E1,5.192217993E-1,1.237546744E-1,-4.177285213E-1,-7.352525941E-1,1.174398684E2,5.013127865E1,-1.458438512E1,-1.163919977E2
2.742159429E1,5.182351626E-1,1.264536953E-1,-4.177440524E-1,-7.354806718E-1,1.175721120E2,5.029861276E1,-1.429833281E1,-1.164014561E2
2.743156429E1,5.172490107E-1,1.291973498E-1,-4.177652733E-1,-7.356859270E-1,1.177041984E2,5.046926485E1,-1.400933649E1,-1.164074545E2
2.744153429E1,5.162786848E-1,1.319202259E-1,-4.177958509E-1,-7.358669266E-1,1.178340752E2,5.063977481E1,-1.372409647E1,-1.164109531E2
2.745150329E1,5.152966843E-1,1.345874365E-1,-4.178622427E-1,-7.360344814E-1,1.179654243E2,5.081148287E1,-1.344571988E1,-1.164173097E2
2.746147329E1,5.142478179E-1,1.372152082E-1,-4.180320524E-1,-7.361863786E-1,1.181056173E2,5.099359110E1,-1.317418574E1,-1.164334586E2
2.747144329E1,5.130879682E-1,1.398671512E-1,-4.183410520E-1,-7.363211326E-1,1.182605249E2,5.119423655E1,-1.290394567E1,-1.164623417E2
2.748141229E1,5.118014041E-1,1.426031560E-1,-4.187510565E-1,-7.364586051E-1,1.184322099E2,5.141262988E1,-1.262635457E1,-1.165026441E2
2.749138229E1,5.104084086E-1,1.454674874E-1,-4.191464045E-1,-7.366401316E-1,1.186179251E2,5.163794791E1,-1.233090222E1,-1.165485425E2
2.750135229E1,5.089477568E-1,1.484918399E-1,-4.193844288E-1,-7.369119050E-1,1.188124685E2,5.185545583E1,-1.200744090E1,-1.165923000E2
2.751132129E1,5.074720060E-1,1.516880462E-1,-4.193553896E-1,-7.372951252E-1,1.190088249E2,5.205294493E1,-1.165069280E1,-1.166256567E2
2.752129129E1,5.060233240E-1,1.550630077E-1,-4.190124302E-1,-7.377835335E-1,1.192013870E2,5.222529276E1,-1.125957701E1,-1.166425373E2
2.753126129E1,5.046413815E-1,1.585895083E-1,-4.183952423E-1,-7.383304626E-1,1.193849013E2,5.237532002E1,-1.084170002E1,-1.166395461E2
2.754123029E1,5.033235023E-1,1.622012719E-1,-4.175876771E-1,-7.389023426E-1,1.195597484E2,5.250894884E1,-1.040829760E1,-1.166209128E2
2.755120029E1,5.020619522E-1,1.658984040E-1,-4.166773367E-1,-7.394534654E-1,1.197269766E2,5.263640093E1,-9.965047369E0,-1.165882212E2
2.756117029E1,5.008578484E-1,1.697570955E-1,-4.157050722E-1,-7.399413257E-1,1.198864579E2,5.276706659E1,-9.508720347E0,-1.165376906E2
2.757113929E1,4.996867034E-1,1.738632628E-1,-4.145980746E-1,-7.404007790E-1,1.200414507E2,5.289845555E1,-9.025921810E0,-1.164673929E2
2.758110929E1,4.986160575E-1,1.782629828E-1,-4.132046893E-1,-7.408551536E-1,1.201830375E2,5.301636917E1,-8.506805697E0,-1.163654296E2
2.759107829E1,4.977456303E-1,1.829099152E-1,-4.114432145E-1,-7.412879280E-1,1.202980723E2,5.310899125E1,-7.955867595E0,-1.162212946E2
2.760104829E1,4.969653867E-1,1.875895325E-1,-4.094175421E-1,-7.417633655E-1,1.204011323E2,5.317631240E1,-7.390929785E0,-1.160605845E2
2.761101829E1,4.960370392E-1,1.921057675E-1,-4.073637788E-1,-7.423592588E-1,1.205236857E2,5.323408822E1,-6.829318358E0,-1.159245404E2
2.762098729E1,4.952077262E-1,1.965885379E-1,-4.053859221E-1,-7.428219785E-1,1.206331021E2,5.330036334E1,-6.283029737E0,-1.157761624E2
2.763095729E1,4.942592114E-1,2.008576765E-1,-4.036612730E-1,-7.432506541E-1,1.207581725E2,5.338433172E1,-5.765165028E0,-1.156528659E2
2.764092729E1,4.932970304E-1,2.049216653E-1,-4.022364356E-1,-7.435529839E-1,1.208849657E2,5.349058838E1,-5.284651467E0,-1.155413932E2
2.765089629E1,4.922867283E-1,2.087242910E-1,-4.011261506E-1,-7.437645190E-1,1.210180146E2,5.361677236E1,-4.844669703E0,-1.154492195E2
2.766086629E1,4.912087700E-1,2.122638465E-1,-4.003059097E-1,-7.439174383E-1,1.211598770E2,5.375960747E1,-4.442236074E0,-1.153789690E2
2.767083629E1,4.901845173E-1,2.156641384E-1,-3.996595351E-1,-7.439627040E-1,1.212945798E2,5.391352419E1,-4.066927262E0,-1.153085578E2
2.768080529E1,4.891704430E-1,2.189348918E-1,-3.991213304E-1,-7.439636523E-1,1.214278565E2,5.407190771E1,-3.710633651E0,-1.152427022E2
2.769077529E1,4.881111241E-1,2.220699114E-1,-3.986829505E-1,-7.439652539E-1,1.215669866E2,5.423343433E1,-3.369706247E0,-1.151886909E2
2.770074529E1,4.871259205E-1,2.251419899E-1,-3.983272785E-1,-7.438782417E-1,1.216962979E2,5.440058852E1,-3.044676816E0,-1.151277715E2
2.771071429E1,4.860070165E-1,2.280541897E-1,-3.982116065E-1,-7.437850023E-1,1.218430591E2,5.458457793E1,-2.740969508E0,-1.150913240E2
2.772068429E1,4.848713802E-1,2.309072890E-1,-3.983599529E-1,-7.435663761E-1,1.219919081E2,5.479430692E1,-2.459712030E0,-1.150591348E2
2.773065429E1,4.836558651E-1,2.336609638E-1,-3.987817058E-1,-7.432716010E-1,1.221511084E2,5.502813352E1,-2.200647652E0,-1.150412872E2
2.774062329E1,4.824049361E-1,2.362914171E-1,-3.993819771E-1,-7.429306436E-1,1.223148193E2,5.527385335E1,-1.961698276E0,-1.150337323E2
2.775059329E1,4.813629501E-1,2.388192429E-1,-3.999782865E-1,-7.424773437E-1,1.224510874E2,5.551240981E1,-1.743991952E0,-1.150055582E2
2.776056329E1,4.804125702E-1,2.411115942E-1,-4.005298781E-1,-7.420544949E-1,1.225752978E2,5.573042198E1,-1.547362751E0,-1.149793788E2
2.777053229E1,4.794577755E-1,2.431337262E-1,-4.010428368E-1,-7.417351061E-1,1.227000111E2,5.592614523E1,-1.368615348E0,-1.149693273E2
2.778050229E1,4.783118133E-1,2.448733216E-1,-4.016231305E-1,-7.415887617E-1,1.228495964E2,5.611036878E1,-1.203962821E0,-1.149990515E2
2.779047229E1,4.770952129E-1,2.464653608E-1,-4.023263664E-1,-7.414636593E-1,1.230082860E2,5.629819292E1,-1.054631359E0,-1.150457317E2
2.780044129E1,4.758409753E-1,2.479909239E-1,-4.031964723E-1,-7.412883600E-1,1.231717600E2,5.649997765E1,-9.195928909E-1,-1.151004362E2
2.781041129E1,4.746619489E-1,2.495319918E-1,-4.041571149E-1,-7.410039636E-1,1.233253163E2,5.671291591E1,-7.945814285E-1,-1.151443679E2
2.782038129E1,4.735608414E-1,2.510493627E-1,-4.051470179E-1,-7.406552195E-1,1.234686243E2,5.692759007E1,-6.784828964E-1,-1.151796823E2
2.783035029E1,4.726647151E-1,2.525725656E-1,-4.060853174E-1,-7.401959032E-1,1.235851831E2,5.713710339E1,-5.717093579E-1,-1.151893851E2
2.784032029E1,4.717929286E-1,2.540633787E-1,-4.070327838E-1,-7.397213507E-1,1.236985150E2,5.734560621E1,-4.697256289E-1,-1.151975725E2
2.785028929E1,4.710424513E-1,2.557182062E-1,-4.079233731E-1,-7.391385546E-1,1.237960288E2,5.755946560E1,-3.595952885E-1,-1.151799668E2
2.786025929E1,4.701652805E-1,2.575116020E-1,-4.087944589E-1,-7.385929321E-1,1.239099484E2,5.778119304E1,-2.297237202E-1,-1.151676439E2
2.787022929E1,4.694357291E-1,2.596782398E-1,-4.095069988E-1,-7.379033991E-1,1.240046506E2,5.801191869E1,-7.101936819E-2,-1.151123801E2
2.788019829E1,4.687769528E-1,2.621104132E-1,-4.100811600E-1,-7.371429224E-1,1.240901297E2,5.824661483E1,1.118688675E-1,-1.150300370E2
2.789016829E1,4.683060566E-1,2.647358985E-1,-4.105316782E-1,-7.362526440E-1,1.241512099E2,5.848211391E1,3.045896811E-1,-1.149112850E2
2.790013829E1,4.678829760E-1,2.673703821E-1,-4.109905204E-1,-7.353132013E-1,1.242060731E2,5.872012428E1,4.933804870E-1,-1.147849045E2
2.791010729E1,4.675087752E-1,2.699819957E-1,-4.115133679E-1,-7.343038054E-1,1.242545862E2,5.896454701E1,6.718308979E-1,-1.146528499E2
2.792007729E1,4.672666942E-1,2.726045570E-1,-4.120425058E-1,-7.331913709E-1,1.242859650E2,5.921149176E1,8.408536924E-1,-1.145030622E2
2.793004729E1,4.669890308E-1,2.750945191E-1,-4.125691201E-1,-7.321413243E-1,1.243219503E2,5.944952796E1,1.001903515E0,-1.143652171E2
2.794001629E1,4.668440562E-1,2.774844667E-1,-4.129772175E-1,-7.311010453E-1,1.243407368E2,5.966819007E1,1.154384577E0,-1.142174708E2
2.794998629E1,4.667393107E-1,2.796693540E-1,-4.132928184E-1,-7.301565871E-1,1.243543091E2,5.986252735E1,1.295271781E0,-1.140782158E2
2.795995629E1,4.664643447E-1,2.815049810E-1,-4.136419154E-1,-7.294287953E-1,1.243899337E2,6.003545845E1,1.419778195E0,-1.139824477E2
2.796992529E1,4.661889045E-1,2.830849346E-1,-4.140172805E-1,-7.287802080E-1,1.244256139E2,6.019293246E1,1.523838866E0,-1.139039779E2
2.797989529E1,4.657326438E-1,2.843196687E-1,-4.145086706E-1,-7.283117668E-1,1.244847044E2,6.033786944E1,1.607144355E0,-1.138704556E2
2.798986529E1,4.652922514E-1,2.853308559E-1,-4.149949610E-1,-7.279207705E-1,1.245417246E2,6.046591264E1,1.673769480E0,-1.138504908E2
2.799983429E1,4.648326294E-1,2.860987504E-1,-4.154311176E-1,-7.276642332E-1,1.246012187E2,6.057048929E1,1.728060790E0,-1.138497949E2
2.800980429E1,4.642675456E-1,2.865668070E-1,-4.158306961E-1,-7.276124558E-1,1.246743417E2,6.064872022E1,1.771051800E0,-1.138825763E2
2.801977429E1,4.637607086E-1,2.868418836E-1,-4.161292802E-1,-7.276566046E-1,1.247399066E2,6.070155449E1,1.803737727E0,-1.139222353E2
2.802974329E1,4.631856044E-1,2.869139179E-1,-4.163970339E-1,-7.278412605E-1,1.248142789E2,6.073583619E1,1.829040181E0,-1.139842775E2
2.803971329E1,4.626163058E-1,2.868983920E-1,-4.166119143E-1,-7.280864498E-1,1.248878756E2,6.075778174E1,1.851590953E0,-1.140518749E2
2.804968329E1,4.621318172E-1,2.868523782E-1,-4.167367006E-1,-7.283409008E-1,1.249504889E2,6.076759560E1,1.872648399E0,-1.141117743E2
2.805965229E1,4.615911469E-1,2.867035313E-1,-4.168702060E-1,-7.286659479E-1,1.250203419E2,6.077068948E1,1.889671340E0,-1.141855125E2
2.806962229E1,4.612017417E-1,2.865980694E-1,-4.169538780E-1,-7.289059847E-1,1.250706382E2,6.077166374E1,1.902935625E0,-1.142384699E2
2.807959229E1,4.607739511E-1,2.864801056E-1,-4.170390937E-1,-7.291742073E-1,1.251258791E2,6.077184350E1,1.917836190E0,-1.142968139E2
2.808956129E1,4.604243957E-1,2.864387069E-1,-4.170613577E-1,-7.293984180E-1,1.251710073E2,6.077079894E1,1.937277689E0,-1.143405977E2
2.809953129E1,4.602588008E-1,2.865712218E-1,-4.169619281E-1,-7.295077890E-1,1.251923826E2,6.076935098E1,1.965119580E0,-1.143506674E2
2.810950029E1,4.600210082E-1,2.867194681E-1,-4.168407822E-1,-7.296687057E-1,1.252230737E2,6.076655792E1,2.000568484E0,-1.143680651E2
2.811947029E1,4.599981646E-1,2.869891395E-1,-4.165859466E-1,-7.297225694E-1,1.252260219E2,6.075821065E1,2.039436323E0,-1.143518503E2
2.812944029E1,4.601081047E-1,2.872984288E-1,-4.162767836E-1,-7.297079655E-1,1.252118330E2,6.074698040E1,2.075894064E0,-1.143173572E2
2.813940929E1,4.602237240E-1,2.875424327E-1,-4.160222009E-1,-7.296841420E-1,1.251969101E2,6.073700342E1,2.103441483E0,-1.142867770E2
2.814937929E1,4.604264082E-1,2.877627765E-1,-4.158475443E-1,-7.295690389E-1,1.251707475E2,6.073427695E1,2.117632309E0,-1.142476062E2
2.815934929E1,4.605914553E-1,2.878937162E-1,-4.158368917E-1,-7.294192490E-1,1.251494408E2,6.074304669E1,2.116334027E0,-1.142189892E2
2.816931829E1,4.607340908E-1,2.879403622E-1,-4.159694541E-1,-7.292352254E-1,1.251310256E2,6.076139966E1,2.100354597E0,-1.141988357E2
2.817928829E1,4.609231721E-1,2.879780836E-1,-4.161746249E-1,-7.289835981E-1,1.251066117E2,6.078719411E1,2.075336932E0,-1.141737712E2
2.818925829E1,4.611819010E-1,2.881082542E-1,-4.163990780E-1,-7.286402383E-1,1.250732005E2,6.082208645E1,2.050658229E0,-1.141339629E2
2.819922729E1,4.615679556E-1,2.883934882E-1,-4.165707157E-1,-7.281847257E-1,1.250233376E2,6.086282319E1,2.031909566E0,-1.140682635E2
2.820919729E1,4.619953668E-1,2.887489284E-1,-4.166829370E-1,-7.277085927E-1,1.249681200E2,6.090226915E1,2.019462936E0,-1.139927727E2
2.821916729E1,4.624870098E-1,2.891288138E-1,-4.167513677E-1,-7.272059916E-1,1.249045870E2,6.093878747E1,2.007380026E0,-1.139080002E2
2.822913629E1,4.630493752E-1,2.895284713E-1,-4.168169271E-1,-7.266513812E-1,1.248318923E2,6.097658625E1,1.991939039E0,-1.138135158E2
2.823910629E1,4.634798631E-1,2.898083263E-1,-4.169576976E-1,-7.261843941E-1,1.247762286E2,6.101361684E1,1.971683339E0,-1.137429086E2
2.824907629E1,4.639829595E-1,2.900227748E-1,-4.170573696E-1,-7.257201571E-1,1.247111584E2,6.104131890E1,1.944747045E0,-1.136685073E2
2.825904529E1,4.645035785E-1,2.901005304E-1,-4.170920617E-1,-7.253360097E-1,1.246438015E2,6.105163732E1,1.911696728E0,-1.136018779E2
2.826901529E1,4.649820084E-1,2.900227221E-1,-4.170707407E-1,-7.250726972E-1,1.245818847E2,6.104406619E1,1.874727734E0,-1.135513490E2
2.827898529E1,4.655645200E-1,2.898919931E-1,-4.169556693E-1,-7.248173295E-1,1.245064741E2,6.102229083E1,1.833660399E0,-1.134924719E2
2.828895429E1,4.662569927E-1,2.897057198E-1,-4.167763186E-1,-7.245499499E-1,1.244167943E2,6.098938153E1,1.785785097E0,-1.134246861E2
2.829892429E1,4.668697131E-1,2.893406491E-1,-4.166331826E-1,-7.243834804E-1,1.243374121E2,6.094699808E1,1.728322511E0,-1.133788948E2
2.830889429E1,4.675846711E-1,2.889097819E-1,-4.164608020E-1,-7.241934191E-1,1.242447476E2,6.089658031E1,1.661337772E0,-1.133257267E2
2.831886329E1,4.683113039E-1,2.883999209E-1,-4.162976621E-1,-7.240208489E-1,1.241505293E2,6.084128896E1,1.587371164E0,-1.132766740E2
2.832883329E1,4.688137365E-1,2.877260718E-1,-4.162174619E-1,-7.240100171E-1,1.240853578E2,6.078269631E1,1.511419615E0,-1.132654959E2
2.833880329E1,4.692647604E-1,2.870658783E-1,-4.161428251E-1,-7.240226928E-1,1.240268378E2,6.072571516E1,1.439541417E0,-1.132592438E2
2.834877221E1,4.695956659E-1,2.864224066E-1,-4.160838775E-1,-7.240969029E-1,1.239838929E2,6.067163896E1,1.375963433E0,-1.132658575E2
2.835874221E1,4.698144501E-1,2.857465292E-1,-4.160320053E-1,-7.242518768E-1,1.239554945E2,6.061588252E1,1.317301590E0,-1.132878823E2
2.836871121E1,4.700852858E-1,2.850747400E-1,-4.159540020E-1,-7.243856509E-1,1.239203345E2,6.055764667E1,1.257192651E0,-1.133033865E2
2.837868121E1,4.701992087E-1,2.843224451E-1,-4.159892104E-1,-7.245871550E-1,1.239055432E2,6.050587497E1,1.193969346E0,-1.133429016E2
2.838865121E1,4.702559384E-1,2.836300936E-1,-4.161300704E-1,-7.247408224E-1,1.238981773E2,6.047024580E1,1.131169004E0,-1.133847899E2
2.839862021E1,4.701062012E-1,2.829527094E-1,-4.163686638E-1,-7.249655810E-1,1.239176190E2,6.044644715E1,1.076477373E0,-1.134498438E2
2.840859021E1,4.700796803E-1,2.824397559E-1,-4.164974909E-1,-7.251087644E-1,1.239210622E2,6.042282535E1,1.032816381E0,-1.134888447E2
2.841856021E1,4.701181814E-1,2.820271330E-1,-4.165216884E-1,-7.252305056E-1,1.239160636E2,6.039512179E1,9.993190352E-1,-1.135131717E2
2.842852921E1,4.701120912E-1,2.816186879E-1,-4.165272940E-1,-7.253899260E-1,1.239168543E2,6.036566770E1,9.705042146E-1,-1.135424477E2
2.843849921E1,4.702965363E-1,2.813093142E-1,-4.164578518E-1,-7.254303765E-1,1.238929059E2,6.033535525E1,9.410265370E-1,-1.135423337E2
2.844846921E1,4.705834405E-1,2.810215198E-1,-4.163165492E-1,-7.254368144E-1,1.238556488E2,6.029875412E1,9.112340543E-1,-1.135285897E2
2.845843821E1,4.707486667E-1,2.806074744E-1,-4.161807046E-1,-7.255679648E-1,1.238341898E2,6.025341944E1,8.804739533E-1,-1.135380246E2
2.846840821E1,4.709521306E-1,2.801977543E-1,-4.159881462E-1,-7.257045417E-1,1.238077617E2,6.020217245E1,8.514786133E-1,-1.135425871E2
2.847837821E1,4.710480673E-1,2.797153152E-1,-4.157851512E-1,-7.259448525E-1,1.237952992E2,6.014440578E1,8.254431639E-1,-1.135649160E2
2.848834721E1,4.711736228E-1,2.792298941E-1,-4.155081779E-1,-7.262086496E-1,1.237789881E2,6.007829050E1,8.024732061E-1,-1.135838898E2
2.849831721E1,4.712495187E-1,2.787086324E-1,-4.151869241E-1,-7.265433483E-1,1.237691278E2,6.000467280E1,7.835172574E-1,-1.136112074E2
2.850828721E1,4.713445915E-1,2.782122637E-1,-4.147947951E-1,-7.268957908E-1,1.237567753E2,5.992509959E1,7.700830691E-1,-1.136344936E2
2.851825621E1,4.715310491E-1,2.777976230E-1,-4.142921517E-1,-7.272200686E-1,1.237325476E2,5.983938970E1,7.641642632E-1,-1.136413123E2
2.852822621E1,4.717130182E-1,2.774069428E-1,-4.137306504E-1,-7.275707515E-1,1.237089004E2,5.974896987E1,7.644680204E-1,-1.136469742E2
2.853819621E1,4.718165730E-1,2.769839518E-1,-4.131677845E-1,-7.279844228E-1,1.236954421E2,5.965603890E1,7.678545114E-1,-1.136640995E2
2.854816521E1,4.719867725E-1,2.765981026E-1,-4.125872064E-1,-7.283499940E-1,1.236733206E2,5.956394638E1,7.705967493E-1,-1.136707442E2
2.855813521E1,4.720769246E-1,2.761600178E-1,-4.120690635E-1,-7.287511056E-1,1.236616022E2,5.947492682E1,7.704935522E-1,-1.136904073E2
2.856810521E1,4.723244003E-1,2.757863385E-1,-4.115171980E-1,-7.290440367E-1,1.236294310E2,5.938700897E1,7.667288491E-1,-1.136869470E2
2.857807421E1,4.725670819E-1,2.753719402E-1,-4.109714490E-1,-7.293511187E-1,1.235978784E2,5.929683283E1,7.599080388E-1,-1.136867830E2
2.858804421E1,4.728456831E-1,2.748955333E-1,-4.104084724E-1,-7.296672938E-1,1.235616498E2,5.920031023E1,7.474337947E-1,-1.136865672E2
2.859801421E1,4.730341217E-1,2.742750843E-1,-4.098959299E-1,-7.300665509E-1,1.235371422E2,5.909885718E1,7.270231477E-1,-1.137067772E2
2.860798321E1,4.732463310E-1,2.735883277E-1,-4.094295487E-1,-7.304482749E-1,1.235095398E2,5.899774141E1,6.968587943E-1,-1.137285688E2
2.861795321E1,4.736231133E-1,2.729496238E-1,-4.089758484E-1,-7.306972047E-1,1.234605222E2,5.890165534E1,6.581266938E-1,-1.137274141E2
2.862792221E1,4.739639022E-1,2.722557919E-1,-4.086033651E-1,-7.309434371E-1,1.234161776E2,5.881053776E1,6.119693975E-1,-1.137341199E2
2.863789221E1,4.741768386E-1,2.714605440E-1,-4.083227724E-1,-7.312577578E-1,1.233884648E2,5.872218444E1,5.604106355E-1,-1.137627349E2
2.864786221E1,4.743956756E-1,2.706530315E-1,-4.080704603E-1,-7.315560626E-1,1.233599804E2,5.863614258E1,5.054704225E-1,-1.137913520E2
2.865783121E1,4.745303875E-1,2.697957330E-1,-4.078801146E-1,-7.318913724E-1,1.233424440E2,5.855337131E1,4.480186542E-1,-1.138331557E2
2.866780121E1,4.747190157E-1,2.689923561E-1,-4.077036194E-1,-7.321630721E-1,1.233178865E2,5.847612361E1,3.897986760E-1,-1.138647699E2
2.867777121E1,4.750115570E-1,2.682527738E-1,-4.075177834E-1,-7.323480546E-1,1.232797950E2,5.840254260E1,3.298811506E-1,-1.138795706E2
2.868774021E1,4.753701424E-1,2.675078229E-1,-4.073559869E-1,-7.324779512E-1,1.232330946E2,5.833129471E1,2.634135270E-1,-1.138867372E2
2.869771021E1,4.758005354E-1,2.667133812E-1,-4.071997222E-1,-7.325751524E-1,1.231770288E2,5.825716928E1,1.881310292E-1,-1.138884975E2
2.870768021E1,4.762049871E-1,2.657929467E-1,-4.070615965E-1,-7.327234987E-1,1.231243287E2,5.817606319E1,1.040463891E-1,-1.139015572E2
2.871764921E1,4.766157082E-1,2.647718971E-1,-4.069166956E-1,-7.329067111E-1,1.230707983E2,5.808711318E1,1.262928266E-2,-1.139203839E2
2.872761921E1,4.769839873E-1,2.636534041E-1,-4.067860825E-1,-7.331428177E-1,1.230227879E2,5.799289207E1,-8.420741544E-2,-1.139504827E2
2.873758921E1,4.774703093E-1,2.625920358E-1,-4.066053410E-1,-7.333074117E-1,1.229593723E2,5.789735656E1,-1.812029982E-1,-1.139624146E2
2.874755821E1,4.778779957E-1,2.614994314E-1,-4.064316012E-1,-7.335283876E-1,1.229061959E2,5.780049197E1,-2.758759671E-1,-1.139855271E2
2.875752821E1,4.783693859E-1,2.604501330E-1,-4.062149348E-1,-7.337015690E-1,1.228420838E2,5.770209654E1,-3.699176059E-1,-1.139955410E2
2.876749821E1,4.789089393E-1,2.593941542E-1,-4.059971093E-1,-7.338442045E-1,1.227716653E2,5.760318443E1,-4.676244928E-1,-1.139999249E2
2.877746721E1,4.793247074E-1,2.582227194E-1,-4.058860998E-1,-7.340473207E-1,1.227173862E2,5.750799856E1,-5.733730968E-1,-1.140264479E2
2.878743721E1,4.798357169E-1,2.571091944E-1,-4.057928762E-1,-7.341557013E-1,1.226506541E2,5.741894246E1,-6.824930657E-1,-1.140374615E2
2.879740721E1,4.803595390E-1,2.560663708E-1,-4.056559675E-1,-7.342532924E-1,1.225822266E2,5.733017412E1,-7.841903030E-1,-1.140420829E2
2.880737621E1,4.809939333E-1,2.550794075E-1,-4.053508770E-1,-7.343499772E-1,1.224993250E2,5.722688187E1,-8.770900451E-1,-1.140294542E2
2.881734621E1,4.816410350E-1,2.539678634E-1,-4.049105741E-1,-7.345539890E-1,1.224147289E2,5.710006889E1,-9.704582416E-1,-1.140229620E2
2.882731621E1,4.822131258E-1,2.526118886E-1,-4.044454257E-1,-7.349024697E-1,1.223399105E2,5.695358177E1,-1.075366500E0,-1.140408102E2
2.883728521E1,4.827571046E-1,2.510773956E-1,-4.040530491E-1,-7.352869860E-1,1.222687436E2,5.680282142E1,-1.197057637E0,-1.140730219E2
2.884725521E1,4.831784045E-1,2.494247808E-1,-4.038360297E-1,-7.356916800E-1,1.222136096E2,5.666343733E1,-1.332259810E0,-1.141270982E2
2.885722521E1,4.835213534E-1,2.476905170E-1,-4.037881140E-1,-7.360785459E-1,1.221687183E2,5.653735007E1,-1.480745037E0,-1.141954011E2
2.886719421E1,4.839281232E-1,2.458920267E-1,-4.038115898E-1,-7.364013381E-1,1.221154604E2,5.641495131E1,-1.643533343E0,-1.142595275E2
2.887716421E1,4.842236674E-1,2.438459078E-1,-4.039130530E-1,-7.368315626E-1,1.220767566E2,5.628460323E1,-1.823562523E0,-1.143520345E2
2.888713321E1,4.845885959E-1,2.416433557E-1,-4.040791538E-1,-7.372261203E-1,1.220289563E2,5.615108413E1,-2.024836743E0,-1.144452207E2
2.889710321E1,4.848130911E-1,2.392702721E-1,-4.044441086E-1,-7.376522882E-1,1.219995453E2,5.602866321E1,-2.244452581E0,-1.145653498E2
2.890707321E1,4.849777167E-1,2.368050397E-1,-4.049516199E-1,-7.380611126E-1,1.219779750E2,5.591660115E1,-2.477774306E0,-1.146977039E2
2.891704221E1,4.852393959E-1,2.343006476E-1,-4.054662171E-1,-7.384058422E-1,1.219436837E2,5.580338542E1,-2.721336740E0,-1.148197773E2
2.892701221E1,4.854293728E-1,2.316183695E-1,-4.059489355E-1,-7.388617236E-1,1.219187848E2,5.567577244E1,-2.972186538E0,-1.149602924E2
2.893698221E1,4.857288999E-1,2.289311023E-1,-4.063086852E-1,-7.393045711E-1,1.218795220E2,5.553502230E1,-3.222415826E0,-1.150865210E2
2.894695121E1,4.861129420E-1,2.264005001E-1,-4.065620931E-1,-7.396921535E-1,1.218291698E2,5.539365870E1,-3.459147505E0,-1.151918017E2
2.895692121E1,4.863730829E-1,2.241029173E-1,-4.067704987E-1,-7.401059407E-1,1.217950554E2,5.526384825E1,-3.667407787E0,-1.152971689E2
2.896689121E1,4.866837157E-1,2.222350638E-1,-4.068324862E-1,-7.404307981E-1,1.217543122E2,5.514664074E1,-3.835844743E0,-1.153699164E2
2.897686021E1,4.870245362E-1,2.207602929E-1,-4.067070677E-1,-7.407167855E-1,1.217096003E2,5.503480337E1,-3.962923756E0,-1.154149069E2
2.898683021E1,4.875293501E-1,2.196302306E-1,-4.063589137E-1,-7.409117779E-1,1.216433562E2,5.492060589E1,-4.058245961E0,-1.154188196E2
2.899680021E1,4.880181587E-1,2.185999508E-1,-4.059199121E-1,-7.411352511E-1,1.215791921E2,5.480302996E1,-4.138537744E0,-1.154183250E2
2.900676921E1,4.884595310E-1,2.175293998E-1,-4.054926484E-1,-7.413931792E-1,1.215212376E2,5.468434972E1,-4.219859249E0,-1.154256990E2
2.901673921E1,4.890089890E-1,2.164379545E-1,-4.050758688E-1,-7.415783409E-1,1.214490678E2,5.456519709E1,-4.310420387E0,-1.154208561E2
2.902670921E1,4.894245885E-1,2.151938111E-1,-4.047392103E-1,-7.418499878E-1,1.213944631E2,5.444548839E1,-4.410146254E0,-1.154410593E2
2.903667821E1,4.897934999E-1,2.138579035E-1,-4.044168501E-1,-7.421684916E-1,1.213459803E2,5.432169028E1,-4.515241856E0,-1.154719333E2
2.904664821E1,4.902633846E-1,2.125127447E-1,-4.040270761E-1,-7.424569130E-1,1.212842109E2,5.418963751E1,-4.622839055E0,-1.154904296E2
2.905661821E1,4.906723143E-1,2.110748523E-1,-4.036397149E-1,-7.428075537E-1,1.212304391E2,5.405222291E1,-4.734216519E0,-1.155212674E2
2.906658721E1,4.911219053E-1,2.096297633E-1,-4.032917084E-1,-7.431086824E-1,1.211713043E2,5.391871560E1,-4.851608588E0,-1.155472023E2
2.907655721E1,4.915041983E-1,2.081388712E-1,-4.030660858E-1,-7.433973672E-1,1.211210076E2,5.379621543E1,-4.977099575E0,-1.155838812E2
2.908652721E1,4.919466770E-1,2.066577151E-1,-4.029940884E-1,-7.435569141E-1,1.210627770E2,5.369126609E1,-5.116415270E0,-1.156126351E2
2.909649621E1,4.924025689E-1,2.051772649E-1,-4.030879494E-1,-7.436142865E-1,1.210027637E2,5.360481995E1,-5.268180515E0,-1.156397930E2
2.910646621E1,4.928069574E-1,2.036502213E-1,-4.032998427E-1,-7.436511756E-1,1.209495154E2,5.352885414E1,-5.428786095E0,-1.156758441E2
2.911643521E1,4.933517897E-1,2.021211969E-1,-4.035279204E-1,-7.435834456E-1,1.208777518E2,5.345414880E1,-5.599515929E0,-1.156944052E2
2.912640521E1,4.939486628E-1,2.005306064E-1,-4.037768081E-1,-7.434826409E-1,1.207991043E2,5.337776979E1,-5.779940513E0,-1.157095839E2
2.913637521E1,4.944952653E-1,1.988459758E-1,-4.040465268E-1,-7.434253633E-1,1.207270539E2,5.329817368E1,-5.966323849E0,-1.157357826E2
2.914634421E1,4.949906699E-1,1.970871457E-1,-4.043008409E-1,-7.434256899E-1,1.206617298E2,5.321266803E1,-6.154566380E0,-1.157717935E2
2.915631421E1,4.954691631E-1,1.953366079E-1,-4.045036199E-1,-7.434585223E-1,1.205986155E2,5.312233285E1,-6.337729140E0,-1.158087363E2
2.916628421E1,4.958729088E-1,1.936047202E-1,-4.046301342E-1,-7.435736043E-1,1.205453452E2,5.302538263E1,-6.509705958E0,-1.158531431E2
2.917625321E1,4.963037339E-1,1.919509411E-1,-4.046277951E-1,-7.437163135E-1,1.204884864E2,5.291915672E1,-6.668372118E0,-1.158889917E2
2.918622321E1,4.967912149E-1,1.903676947E-1,-4.044511577E-1,-7.438936569E-1,1.204241308E2,5.279789921E1,-6.812980428E0,-1.159128117E2
2.919619321E1,4.973345826E-1,1.888361731E-1,-4.040467481E-1,-7.441407955E-1,1.203523730E2,5.265446571E1,-6.941244224E0,-1.159255557E2
2.920616221E1,4.979887860E-1,1.873511921E-1,-4.033963169E-1,-7.444314402E-1,1.202659438E2,5.248614242E1,-7.055657331E0,-1.159205045E2
2.921613221E1,4.986339910E-1,1.858266773E-1,-4.026019541E-1,-7.448115837E-1,1.201806667E2,5.229958326E1,-7.162872202E0,-1.159174860E2
2.922610221E1,4.993102161E-1,1.842750622E-1,-4.017274702E-1,-7.452161723E-1,1.200912505E2,5.210242182E1,-7.268758765E0,-1.159110884E2
2.923607121E1,5.000072091E-1,1.826626081E-1,-4.008506472E-1,-7.456178634E-1,1.199990461E2,5.190125007E1,-7.380808233E0,-1.159046162E2
2.924604121E1,5.007209027E-1,1.809467572E-1,-4.000098703E-1,-7.460087544E-1,1.199045880E2,5.169772456E1,-7.504893968E0,-1.159008885E2
2.925601121E1,5.014326471E-1,1.790940555E-1,-3.992350953E-1,-7.463925752E-1,1.198103430E2,5.149323277E1,-7.644724048E0,-1.159039608E2
2.926598021E1,5.021851370E-1,1.771067473E-1,-3.985603242E-1,-7.467215735E-1,1.197106538E2,5.129144790E1,-7.805072467E0,-1.159084611E2
2.927595021E1,5.027391257E-1,1.748943538E-1,-3.980961399E-1,-7.471177433E-1,1.196372297E2,5.110068165E1,-7.986725067E0,-1.159492710E2
2.928592021E1,5.031206389E-1,1.725736430E-1,-3.978904844E-1,-7.475100462E-1,1.195866491E2,5.093342474E1,-8.185171328E0,-1.160174296E2
2.929588921E1,5.033157051E-1,1.702248096E-1,-3.979298811E-1,-7.478961851E-1,1.195607824E2,5.079335523E1,-8.392164902E0,-1.161106614E2
2.930585921E1,5.033594114E-1,1.678841949E-1,-3.981212594E-1,-7.482939249E-1,1.195549863E2,5.067228676E1,-8.600427411E0,-1.162224348E2
2.931582921E1,5.033125125E-1,1.655596066E-1,-3.983471033E-1,-7.487229271E-1,1.195612058E2,5.055731274E1,-8.804857453E0,-1.163441906E2
2.932579821E1,5.032394825E-1,1.632339119E-1,-3.985293358E-1,-7.491855625E-1,1.195708903E2,5.043829789E1,-9.005333950E0,-1.164683358E2
2.933576821E1,5.032002017E-1,1.609139913E-1,-3.986363782E-1,-7.496567643E-1,1.195760991E2,5.031166587E1,-9.202675769E0,-1.165867957E2
2.934573833E1,5.032487443E-1,1.586089696E-1,-3.986757961E-1,-7.500943434E-1,1.195696621E2,5.017831245E1,-9.399816680E0,-1.166923272E2
2.935570733E1,5.033964795E-1,1.563113026E-1,-3.986914220E-1,-7.504692291E-1,1.195500703E2,5.004249205E1,-9.601006712E0,-1.167840887E2
2.936567733E1,5.036353784E-1,1.540310527E-1,-3.987321569E-1,-7.507586831E-1,1.195183849E2,4.991022992E1,-9.808224125E0,-1.168628501E2
2.937564733E1,5.039627857E-1,1.517873968E-1,-3.988229096E-1,-7.509476591E-1,1.194749521E2,4.978538717E1,-1.002134395E1,-1.169282071E2
2.938561633E1,5.043499045E-1,1.496262434E-1,-3.989685586E-1,-7.510441332E-1,1.194235858E2,4.967138355E1,-1.023510283E1,-1.169817219E2
2.939558633E1,5.047676851E-1,1.475709734E-1,-3.991490104E-1,-7.510741207E-1,1.193681360E2,4.956752169E1,-1.044441628E1,-1.170259084E2
2.940555533E1,5.051945273E-1,1.456488242E-1,-3.993165019E-1,-7.510733831E-1,1.193114673E2,4.947019296E1,-1.064242454E1,-1.170620742E2
2.941552533E1,5.056338239E-1,1.438837880E-1,-3.994049366E-1,-7.510708964E-1,1.192531279E2,4.937328968E1,-1.082275644E1,-1.170883130E2
2.942549533E1,5.060757336E-1,1.422684468E-1,-3.994039882E-1,-7.510816439E-1,1.191944240E2,4.927524200E1,-1.098470208E1,-1.171062819E2
2.943546433E1,5.064985613E-1,1.407827914E-1,-3.993485019E-1,-7.511059942E-1,1.191382384E2,4.917891300E1,-1.113102438E1,-1.171199128E2
2.944543433E1,5.069158994E-1,1.394397400E-1,-3.992695609E-1,-7.511168681E-1,1.190827664E2,4.908835133E1,-1.126348171E1,-1.171272193E2
2.945540433E1,5.072529688E-1,1.382372588E-1,-3.991754786E-1,-7.511617334E-1,1.190379520E2,4.900508705E1,-1.137846093E1,-1.171379916E2
2.946537333E1,5.075637913E-1,1.372462810E-1,-3.990110848E-1,-7.512207074E-1,1.189966182E2,4.892646269E1,-1.146928918E1,-1.171418094E2
2.947534333E1,5.078558690E-1,1.364350701E-1,-3.987023697E-1,-7.513350940E-1,1.189577690E2,4.884228294E1,-1.153402141E1,-1.171387778E2
2.948531333E1,5.081335956E-1,1.357153283E-1,-3.982328538E-1,-7.515266303E-1,1.189208215E2,4.874555665E1,-1.157927737E1,-1.171321768E2
2.949528233E1,5.083754132E-1,1.349951862E-1,-3.976729961E-1,-7.517891420E-1,1.188886454E2,4.863910616E1,-1.161641266E1,-1.171293885E2
2.950525233E1,5.085876858E-1,1.342542762E-1,-3.970785253E-1,-7.520924096E-1,1.188603962E2,4.852793613E1,-1.165132021E1,-1.171309177E2
2.951522233E1,5.087775047E-1,1.335140827E-1,-3.965033157E-1,-7.523992492E-1,1.188351316E2,4.841922878E1,-1.168624128E1,-1.171352888E2
2.952519133E1,5.089436475E-1,1.327844154E-1,-3.959746888E-1,-7.526943614E-1,1.188130156E2,4.831660700E1,-1.172212689E1,-1.171424184E2
2.953516133E1,5.090938378E-1,1.320356345E-1,-3.954888200E-1,-7.529798010E-1,1.187930209E2,4.821785797E1,-1.176169060E1,-1.171525916E2
2.954513133E1,5.092296982E-1,1.312367726E-1,-3.950555609E-1,-7.532550410E-1,1.187749321E2,4.812229950E1,-1.180833959E1,-1.171670620E2
2.955510033E1,5.093467189E-1,1.303865337E-1,-3.946808438E-1,-7.535200393E-1,1.187593504E2,4.803056913E1,-1.186234456E1,-1.171864711E2
2.956507033E1,5.095390244E-1,1.295702441E-1,-3.943306773E-1,-7.537140517E-1,1.187337415E2,4.794274815E1,-1.191942455E1,-1.171947756E2
2.957504033E1,5.096242243E-1,1.287194467E-1,-3.939964738E-1,-7.539769849E-1,1.187223945E2,4.785592714E1,-1.197455606E1,-1.172182814E2
2.958500933E1,5.096828190E-1,1.278118143E-1,-3.936603106E-1,-7.542673661E-1,1.187145904E2,4.776598153E1,-1.203301193E1,-1.172474933E2
2.959497933E1,5.096801848E-1,1.267800700E-1,-3.933636705E-1,-7.545979028E-1,1.187149413E2,4.767409654E1,-1.210145462E1,-1.172900105E2
2.960494933E1,5.095849013E-1,1.256023922E-1,-3.931856528E-1,-7.549518836E-1,1.187276316E2,4.758825513E1,-1.218538198E1,-1.173513649E2
2.961491833E1,5.093698259E-1,1.243315805E-1,-3.931905418E-1,-7.553046949E-1,1.187562734E2,4.751901331E1,-1.228310913E1,-1.174332244E2
2.962488833E1,5.090124206E-1,1.230251335E-1,-3.934389764E-1,-7.556301528E-1,1.188038601E2,4.747676271E1,-1.239251005E1,-1.175365322E2
2.963485833E1,5.085124326E-1,1.217082026E-1,-3.939621558E-1,-7.559073527E-1,1.188704113E2,4.746653721E1,-1.251346571E1,-1.176605343E2
2.964482733E1,5.078588930E-1,1.203530760E-1,-3.947453917E-1,-7.561550181E-1,1.189573667E2,4.748542216E1,-1.264670837E1,-1.178077885E2
2.965479733E1,5.070715793E-1,1.189616821E-1,-3.957163287E-1,-7.563961929E-1,1.190620695E2,4.752538537E1,-1.278825985E1,-1.179751810E2
2.966476733E1,5.061949249E-1,1.176011818E-1,-3.967721072E-1,-7.566430048E-1,1.191785874E2,4.757825297E1,-1.292784618E1,-1.181533582E2
2.967473633E1,5.052722777E-1,1.163939907E-1,-3.977951587E-1,-7.569090884E-1,1.193011431E2,4.763712269E1,-1.304936046E1,-1.183306922E2
2.968470633E1,5.043733065E-1,1.154288700E-1,-3.986876604E-1,-7.571868151E-1,1.194204802E2,4.769492748E1,-1.314242257E1,-1.184937403E2
2.969467533E1,5.035430873E-1,1.147207608E-1,-3.994108582E-1,-7.574658378E-1,1.195306261E2,4.774735620E1,-1.320565966E1,-1.186357703E2
2.970464533E1,5.028315537E-1,1.142162631E-1,-3.999793770E-1,-7.577146833E-1,1.196249769E2,4.779231822E1,-1.324749441E1,-1.187527391E2
2.971461533E1,5.022805469E-1,1.138576987E-1,-4.004268290E-1,-7.578977481E-1,1.196980104E2,4.782981259E1,-1.327753964E1,-1.188420224E2
2.972458433E1,5.019076948E-1,1.135970732E-1,-4.007749936E-1,-7.579998489E-1,1.197474149E2,4.785938102E1,-1.330242805E1,-1.189035807E2
2.973455433E1,5.017055058E-1,1.133803014E-1,-4.010416673E-1,-7.580251054E-1,1.197742007E2,4.788012002E1,-1.332765264E1,-1.189407981E2
2.974452433E1,5.016311272E-1,1.131345537E-1,-4.012547512E-1,-7.579983316E-1,1.197840534E2,4.789169855E1,-1.335902356E1,-1.189624570E2
2.975449333E1,5.016325391E-1,1.128371760E-1,-4.014653485E-1,-7.579302433E-1,1.197838664E2,4.789927910E1,-1.339898953E1,-1.189765804E2
2.976446333E1,5.016708506E-1,1.124944168E-1,-4.017018976E-1,-7.578303975E-1,1.197787914E2,4.790688872E1,-1.344671075E1,-1.189881009E2
2.977443333E1,5.017191930E-1,1.121332499E-1,-4.019529348E-1,-7.577188348E-1,1.197723876E2,4.791503794E1,-1.349756583E1,-1.189992510E2
2.978440233E1,5.017852687E-1,1.117764979E-1,-4.021621728E-1,-7.576167656E-1,1.197636342E2,4.791849387E1,-1.354627424E1,-1.190075748E2
2.979437233E1,5.018792667E-1,1.114194403E-1,-4.022974115E-1,-7.575353274E-1,1.197511813E2,4.791321838E1,-1.359168970E1,-1.190116829E2
2.980434233E1,5.020123665E-1,1.110454713E-1,-4.023287267E-1,-7.574854255E-1,1.197335467E2,4.789476590E1,-1.363391128E1,-1.190105564E2
2.981431133E1,5.022011001E-1,1.106562557E-1,-4.022557599E-1,-7.574560070E-1,1.197085385E2,4.786297382E1,-1.367369528E1,-1.190019913E2
2.982428133E1,5.024589229E-1,1.102637843E-1,-4.020960655E-1,-7.574270416E-1,1.196743704E2,4.782031284E1,-1.371190248E1,-1.189839130E2
2.983425133E1,5.028037473E-1,1.098654650E-1,-4.018820754E-1,-7.573696587E-1,1.196286631E2,4.777008799E1,-1.375189909E1,-1.189544068E2
2.984422033E1,5.032244993E-1,1.094257680E-1,-4.016696342E-1,-7.572665253E-1,1.195728771E2,4.771682096E1,-1.379985849E1,-1.189168365E2
2.985419033E1,5.036950478E-1,1.088835698E-1,-4.014923435E-1,-7.571259024E-1,1.195104700E2,4.766130837E1,-1.386188681E1,-1.188773610E2
2.986416033E1,5.041777240E-1,1.081953118E-1,-4.013581058E-1,-7.569744160E-1,1.194464339E2,4.760253156E1,-1.394022403E1,-1.188426067E2
2.987412933E1,5.046512650E-1,1.073600034E-1,-4.012647084E-1,-7.568273446E-1,1.193835894E2,4.754046412E1,-1.403363825E1,-1.188152942E2
2.988409933E1,5.050924055E-1,1.064048294E-1,-4.012282935E-1,-7.566872169E-1,1.193250267E2,4.747872278E1,-1.413954673E1,-1.187973755E2
2.989406933E1,5.054981637E-1,1.053783745E-1,-4.012384614E-1,-7.565544016E-1,1.192711457E2,4.741883544E1,-1.425285950E1,-1.187871294E2
2.990403833E1,5.058750725E-1,1.043277589E-1,-4.012800393E-1,-7.564260750E-1,1.192210823E2,4.736158692E1,-1.436881468E1,-1.187816806E2
2.991400833E1,5.062342479E-1,1.032964150E-1,-4.013562513E-1,-7.562868218E-1,1.191733624E2,4.730955795E1,-1.448444316E1,-1.187778445E2
2.992397833E1,5.065875860E-1,1.023304935E-1,-4.014434953E-1,-7.561353671E-1,1.191264066E2,4.726242631E1,-1.459477875E1,-1.187720711E2
2.993394733E1,5.069400812E-1,1.014624054E-1,-4.015193491E-1,-7.559758202E-1,1.190795517E2,4.721931374E1,-1.469575339E1,-1.187621901E2
2.994391733E1,5.073041773E-1,1.007017707E-1,-4.015722539E-1,-7.558050939E-1,1.190311428E2,4.717924672E1,-1.478642846E1,-1.187461444E2
2.995388633E1,5.076796846E-1,1.000777761E-1,-4.015854986E-1,-7.556287725E-1,1.189812042E2,4.714189630E1,-1.486309622E1,-1.187226821E2
2.996385633E1,5.080482377E-1,9.960548904E-2,-4.015481459E-1,-7.554632829E-1,1.189321779E2,4.710707336E1,-1.492266650E1,-1.186934965E2
2.997382633E1,5.084068020E-1,9.926928362E-2,-4.014588368E-1,-7.553137670E-1,1.188844684E2,4.707382151E1,-1.496624233E1,-1.186596269E2
2.998379533E1,5.087523746E-1,9.907733634E-2,-4.013137357E-1,-7.551834805E-1,1.188384766E2,4.704219890E1,-1.499267160E1,-1.186211386E2
2.999376533E1,5.091110759E-1,9.899173609E-2,-4.010901045E-1,-7.550717598E-1,1.187907258E2,4.700722038E1,-1.500522324E1,-1.185759287E2
3.000373533E1,5.094898918E-1,9.896463567E-2,-4.007952452E-1,-7.549763393E-1,1.187402847E2,4.696704800E1,-1.500897427E1,-1.185250820E2
3.001370433E1,5.099046800E-1,9.901039661E-2,-4.004563529E-1,-7.548700660E-1,1.186850385E2,4.692533902E1,-1.500534586E1,-1.184662433E2
3.002367433E1,5.103761135E-1,9.920968798E-2,-4.000728377E-1,-7.547287266E-1,1.186222286E2,4.688614455E1,-1.498833813E1,-1.183935710E2
3.003364433E1,5.109204612E-1,9.955680943E-2,-3.995951031E-1,-7.545677467E-1,1.185496787E2,4.684335239E1,-1.495604287E1,-1.183046752E2
3.004361333E1,5.115417479E-1,9.999200725E-2,-3.989925402E-1,-7.544080523E-1,1.184668411E2,4.679026475E1,-1.491187828E1,-1.182011179E2
3.005358333E1,5.122130945E-1,1.004381843E-1,-3.983063368E-1,-7.542558706E-1,1.183772888E2,4.672777386E1,-1.486386436E1,-1.180898429E2
3.006355333E1,5.128895409E-1,1.008532781E-1,-3.976241163E-1,-7.541008650E-1,1.182870140E2,4.666412257E1,-1.481906269E1,-1.179791841E2
3.007352233E1,5.135575684E-1,1.012662329E-1,-3.970078029E-1,-7.539155031E-1,1.181978210E2,4.660804497E1,-1.477834679E1,-1.178702964E2
3.008349233E1,5.142039114E-1,1.017069098E-1,-3.964661422E-1,-7.537006596E-1,1.181114837E2,4.656233788E1,-1.473896848E1,-1.177638380E2
3.009346233E1,5.148265784E-1,1.021719792E-1,-3.959525196E-1,-7.534826866E-1,1.180282721E2,4.652158138E1,-1.469799683E1,-1.176597472E2
3.010343133E1,5.154093534E-1,1.026060391E-1,-3.954578947E-1,-7.532849652E-1,1.179503587E2,4.648191493E1,-1.465879302E1,-1.175622237E2
3.011340133E1,5.159223438E-1,1.029504315E-1,-3.950199784E-1,-7.531166518E-1,1.178817486E2,4.644472497E1,-1.462738757E1,-1.174778505E2
3.012337133E1,5.163663924E-1,1.032064104E-1,-3.946618777E-1,-7.529649337E-1,1.178223393E2,4.641260930E1,-1.460528647E1,-1.174066378E2
3.013334033E1,5.167573571E-1,1.034064077E-1,-3.943775867E-1,-7.528181678E-1,1.177700166E2,4.638644480E1,-1.459012650E1,-1.173452152E2
3.014331033E1,5.171046682E-1,1.035392441E-1,-3.941365594E-1,-7.526877444E-1,1.177235240E2,4.636203402E1,-1.458134513E1,-1.172925306E2
3.015328033E1,5.174196949E-1,1.035737623E-1,-3.939154992E-1,-7.525821876E-1,1.176813433E2,4.633484978E1,-1.458072161E1,-1.172480768E2
3.016324933E1,5.177259339E-1,1.035343234E-1,-3.937095170E-1,-7.524847441E-1,1.176403302E2,4.630536768E1,-1.458708712E1,-1.172077987E2
3.017321933E1,5.180489578E-1,1.034423590E-1,-3.935130284E-1,-7.523779334E-1,1.175970596E2,4.627379993E1,-1.459959583E1,-1.171674777E2
3.018318933E1,5.183940668E-1,1.033171302E-1,-3.933388460E-1,-7.522485321E-1,1.175508196E2,4.624256929E1,-1.461772575E1,-1.171257489E2
3.019315833E1,5.187553496E-1,1.031860429E-1,-3.931996455E-1,-7.520901442E-1,1.175024004E2,4.621469652E1,-1.463961757E1,-1.170824131E2
3.020312833E1,5.191221114E-1,1.030724150E-1,-3.930861862E-1,-7.519119473E-1,1.174532343E2,4.619059579E1,-1.466201947E1,-1.170378938E2
3.021309833E1,5.194851222E-1,1.029771737E-1,-3.929749501E-1,-7.517323596E-1,1.174045583E2,4.616780811E1,-1.468275083E1,-1.169931339E2
3.022306733E1,5.198348357E-1,1.028852303E-1,-3.928614276E-1,-7.515626132E-1,1.173576535E2,4.614512660E1,-1.470229723E1,-1.169499583E2
3.023303733E1,5.201568798E-1,1.028042136E-1,-3.927517299E-1,-7.514081450E-1,1.173144495E2,4.612385296E1,-1.471962161E1,-1.169099697E2
3.024300633E1,5.204616753E-1,1.027585791E-1,-3.926466472E-1,-7.512583656E-1,1.172735503E2,4.610531122E1,-1.473321154E1,-1.168709083E2
3.025297633E1,5.207593058E-1,1.027633733E-1,-3.925485399E-1,-7.511025171E-1,1.172336040E2,4.609045418E1,-1.474247592E1,-1.168308283E2
3.026294633E1,5.210728362E-1,1.028302603E-1,-3.924403911E-1,-7.509325389E-1,1.171915145E2,4.607773543E1,-1.474650024E1,-1.167861880E2
3.027291533E1,5.214029092E-1,1.029395260E-1,-3.923012854E-1,-7.507610223E-1,1.171471940E2,4.606369332E1,-1.474562440E1,-1.167374102E2
3.028288533E1,5.217409269E-1,1.030549136E-1,-3.921347316E-1,-7.505974082E-1,1.171017959E2,4.604682824E1,-1.474277340E1,-1.166871137E2
3.029285533E1,5.220614432E-1,1.031298401E-1,-3.919591584E-1,-7.504559318E-1,1.170587382E2,4.602693743E1,-1.474187005E1,-1.166405840E2
3.030282433E1,5.223372416E-1,1.031534318E-1,-3.918031834E-1,-7.503423144E-1,1.170216799E2,4.600698904E1,-1.474431642E1,-1.166020961E2
3.031279433E1,5.225467852E-1,1.031394917E-1,-3.916736556E-1,-7.502658706E-1,1.169935192E2,4.598880881E1,-1.474819826E1,-1.165739655E2
3.032276433E1,5.226750486E-1,1.030792112E-1,-3.915699849E-1,-7.502389282E-1,1.169762797E2,4.597205186E1,-1.475341864E1,-1.165585388E2
3.033273333E1,5.227172165E-1,1.029689340E-1,-3.914901377E-1,-7.502664712E-1,1.169706117E2,4.595635331E1,-1.475989732E1,-1.165565765E2
3.034270333E1,5.226821398E-1,1.028118843E-1,-3.914441239E-1,-7.503362769E-1,1.169753266E2,4.594287812E1,-1.476853266E1,-1.165668310E2
3.035267354E1,5.226022294E-1,1.026046166E-1,-3.914302892E-1,-7.504274826E-1,1.169860673E2,4.593081238E1,-1.478129048E1,-1.165852194E2
3.036264254E1,5.225061135E-1,1.023739891E-1,-3.914421746E-1,-7.505198053E-1,1.169989855E2,4.592054662E1,-1.479695918E1,-1.166068838E2
3.037261254E1,5.224221675E-1,1.021481768E-1,-3.914752493E-1,-7.505916973E-1,1.170102672E2,4.591275050E1,-1.481432952E1,-1.166269290E2
3.038258254E1,5.223491060E-1,1.019351666E-1,-3.915202200E-1,-7.506481530E-1,1.170200856E2,4.590686191E1,-1.483199352E1,-1.166451751E2
3.039255154E1,5.222806279E-1,1.017536085E-1,-3.915697320E-1,-7.506944619E-1,1.170292876E2,4.590317818E1,-1.484747826E1,-1.166616087E2
3.040252154E1,5.221975881E-1,1.016157778E-1,-3.916119737E-1,-7.507488418E-1,1.170404457E2,4.590134637E1,-1.485784990E1,-1.166782128E2
3.041249154E1,5.220797771E-1,1.015291344E-1,-3.916530564E-1,-7.508212185E-1,1.170562750E2,4.590275112E1,-1.486176360E1,-1.166974154E2
3.042246054E1,5.219232226E-1,1.015104001E-1,-3.916961094E-1,-7.509100851E-1,1.170773078E2,4.590871926E1,-1.485775646E1,-1.167190709E2
3.043243054E1,5.217254064E-1,1.015613873E-1,-3.917337570E-1,-7.510210789E-1,1.171038807E2,4.591856845E1,-1.484502380E1,-1.167434091E2
3.044240054E1,5.215080867E-1,1.016880913E-1,-3.917406586E-1,-7.511512389E-1,1.171330691E2,4.592948271E1,-1.482250962E1,-1.167670789E2
3.045236954E1,5.212809362E-1,1.018857811E-1,-3.917119777E-1,-7.512969616E-1,1.171635731E2,4.594051676E1,-1.479082998E1,-1.167889443E2
3.046233954E1,5.210595283E-1,1.021513589E-1,-3.916645519E-1,-7.514392177E-1,1.171933011E2,4.595316688E1,-1.475225564E1,-1.168072552E2
3.047230954E1,5.208386261E-1,1.024832759E-1,-3.916280001E-1,-7.515662167E-1,1.172229566E2,4.597072787E1,-1.470865427E1,-1.168230008E2
3.048227854E1,5.206104431E-1,1.028705949E-1,-3.916189912E-1,-7.516761357E-1,1.172535845E2,4.599456196E1,-1.466168955E1,-1.168377707E2
3.049224854E1,5.203618926E-1,1.033047601E-1,-3.916443109E-1,-7.517754864E-1,1.172869407E2,4.602512606E1,-1.461185481E1,-1.168536440E2
3.050221754E1,5.200822693E-1,1.037801555E-1,-3.917137478E-1,-7.518673033E-1,1.173244598E2,4.606334648E1,-1.455971764E1,-1.168723181E2
3.051218754E1,5.197529971E-1,1.043012064E-1,-3.918230030E-1,-7.519660323E-1,1.173686310E2,4.610924300E1,-1.450357618E1,-1.168960029E2
3.052215754E1,5.193513587E-1,1.048707578E-1,-3.919975963E-1,-7.520733171E-1,1.174224961E2,4.616612315E1,-1.444366505E1,-1.169277319E2
3.053212654E1,5.188730973E-1,1.055317363E-1,-3.922459361E-1,-7.521814448E-1,1.174866172E2,4.623737568E1,-1.437656507E1,-1.169664070E2
3.054209654E1,5.183411830E-1,1.063274688E-1,-3.925202278E-1,-7.522930708E-1,1.175579061E2,4.631976117E1,-1.429650851E1,-1.170068450E2
3.055206654E1,5.177522651E-1,1.071947878E-1,-3.927692946E-1,-7.524455159E-1,1.176368034E2,4.640404529E1,-1.420535013E1,-1.170514395E2
3.056203554E1,5.170914974E-1,1.080204445E-1,-3.929676376E-1,-7.526781560E-1,1.177252874E2,4.648120996E1,-1.411040809E1,-1.171063611E2
3.057200554E1,5.163560032E-1,1.088061355E-1,-3.931681829E-1,-7.529651233E-1,1.178237295E2,4.655728795E1,-1.401494935E1,-1.171723894E2
3.058197554E1,5.155907534E-1,1.096485141E-1,-3.934024878E-1,-7.532449257E-1,1.179261001E2,4.664061499E1,-1.391516701E1,-1.172400548E2
3.059194454E1,5.148468089E-1,1.105709189E-1,-3.936361288E-1,-7.534967637E-1,1.180255679E2,4.672797475E1,-1.380952808E1,-1.173014266E2
3.060191454E1,5.141583085E-1,1.115101720E-1,-3.938290244E-1,-7.537277179E-1,1.181175765E2,4.681092750E1,-1.370272278E1,-1.173543075E2
3.061188454E1,5.135194360E-1,1.123829594E-1,-3.939882025E-1,-7.539503481E-1,1.182029134E2,4.688567980E1,-1.360216597E1,-1.174028903E2
3.062185354E1,5.128798049E-1,1.131623600E-1,-3.941625429E-1,-7.541779516E-1,1.182883136E2,4.695684612E1,-1.351069720E1,-1.174552813E2
3.063182354E1,5.121897030E-1,1.139155558E-1,-3.944161932E-1,-7.544008979E-1,1.183804097E2,4.703598909E1,-1.342402780E1,-1.175157248E2
3.064179354E1,5.114238842E-1,1.147377882E-1,-3.947628616E-1,-7.546145929E-1,1.184825588E2,4.713027898E1,-1.333338177E1,-1.175836577E2
3.065176254E1,5.105780286E-1,1.156970715E-1,-3.951677031E-1,-7.548289202E-1,1.185953208E2,4.723964242E1,-1.323025303E1,-1.176564108E2
3.066173254E1,5.096689737E-1,1.168393459E-1,-3.956016787E-1,-7.550399389E-1,1.187164345E2,4.736317318E1,-1.310963309E1,-1.177295588E2
3.067170254E1,5.087262119E-1,1.181856322E-1,-3.960314606E-1,-7.552409162E-1,1.188419589E2,4.749794202E1,-1.296912246E1,-1.177979987E2
3.068167154E1,5.078009938E-1,1.198122266E-1,-3.964140065E-1,-7.554065638E-1,1.189650685E2,4.764279298E1,-1.280214287E1,-1.178513932E2
3.069164154E1,5.069677927E-1,1.218117257E-1,-3.966597543E-1,-7.555174522E-1,1.190758677E2,4.779208549E1,-1.259896844E1,-1.178753410E2
3.070161154E1,5.063064771E-1,1.242220935E-1,-3.966519676E-1,-7.555726119E-1,1.191637646E2,4.793416851E1,-1.235318836E1,-1.178568295E2
3.071158054E1,5.058389632E-1,1.270148701E-1,-3.963041718E-1,-7.556038216E-1,1.192258791E2,4.805790358E1,-1.206295582E1,-1.177933858E2
3.072155054E1,5.055420070E-1,1.300990184E-1,-3.956120679E-1,-7.556404788E-1,1.192653228E2,4.815846451E1,-1.173473302E1,-1.176918201E2
3.073152054E1,5.053689204E-1,1.333610054E-1,-3.946246621E-1,-7.557039836E-1,1.192883096E2,4.823591460E1,-1.137906744E1,-1.175634087E2
3.074148954E1,5.052803488E-1,1.367306775E-1,-3.934416949E-1,-7.557778038E-1,1.193000714E2,4.829820462E1,-1.100651956E1,-1.174169840E2
3.075145954E1,5.052572629E-1,1.401680059E-1,-3.921605150E-1,-7.558293810E-1,1.193031369E2,4.835436928E1,-1.062601918E1,-1.172574595E2
3.076142854E1,5.052874611E-1,1.436343102E-1,-3.908601793E-1,-7.558321416E-1,1.192991269E2,4.841126291E1,-1.024552213E1,-1.170886631E2
3.077139854E1,5.053716284E-1,1.470489004E-1,-3.895776718E-1,-7.557813547E-1,1.192879500E2,4.846833205E1,-9.874425496E0,-1.169143515E2
3.078136854E1,5.055129257E-1,1.503358277E-1,-3.883356252E-1,-7.556794225E-1,1.192691851E2,4.852355341E1,-9.520819078E0,-1.167378492E2
3.079133754E1,5.055614156E-1,1.532941993E-1,-3.872648845E-1,-7.556021041E-1,1.192627450E2,4.858048874E1,-9.201877079E0,-1.165883367E2
3.080130754E1,5.054802829E-1,1.558283207E-1,-3.865388208E-1,-7.555097604E-1,1.192735204E2,4.865226472E1,-8.935116158E0,-1.164761107E2
3.081127754E1,5.051413380E-1,1.578792812E-1,-3.863634372E-1,-7.554002629E-1,1.193185297E2,4.875838015E1,-8.731960026E0,-1.164214244E2
3.082124654E1,5.044657451E-1,1.594642661E-1,-3.869084276E-1,-7.552399152E-1,1.194082125E2,4.891859064E1,-8.597751377E0,-1.164344508E2
3.083121654E1,5.034393534E-1,1.606403423E-1,-3.881727382E-1,-7.550267680E-1,1.195443843E2,4.913608908E1,-8.526530151E0,-1.165142990E2
3.084118654E1,5.020628057E-1,1.614265391E-1,-3.899953471E-1,-7.548364645E-1,1.197268635E2,4.939440866E1,-8.505424169E0,-1.166592544E2
3.085115554E1,5.005119808E-1,1.619058436E-1,-3.921037326E-1,-7.546714069E-1,1.199322437E2,4.966745255E1,-8.518793587E0,-1.168418969E2
3.086112554E1,4.989582056E-1,1.622165291E-1,-3.942524422E-1,-7.545141043E-1,1.201378013E2,4.993532804E1,-8.548217201E0,-1.170328992E2
3.087109554E1,4.973729152E-1,1.624958784E-1,-3.963151089E-1,-7.544200115E-1,1.203473097E2,5.019248436E1,-8.572022546E0,-1.172285812E2
3.088106454E1,4.958480843E-1,1.629675543E-1,-3.982356881E-1,-7.543106404E-1,1.205486209E2,5.044523728E1,-8.573179578E0,-1.174061877E2
3.089103454E1,4.944402215E-1,1.637443945E-1,-4.000498255E-1,-7.541065548E-1,1.207343106E2,5.070367171E1,-8.548121156E0,-1.175531801E2
3.090100454E1,4.930311154E-1,1.648289699E-1,-4.018520563E-1,-7.538345917E-1,1.209199931E2,5.097922559E1,-8.496186089E0,-1.176844711E2
3.091097354E1,4.916976629E-1,1.663106845E-1,-4.036236991E-1,-7.534334486E-1,1.210955495E2,5.127451011E1,-8.413353907E0,-1.177856403E2
3.092094354E1,4.905181833E-1,1.682733157E-1,-4.052809764E-1,-7.528766466E-1,1.212507081E2,5.158459137E1,-8.291956084E0,-1.178419545E2
3.093091354E1,4.895438852E-1,1.708106087E-1,-4.067177941E-1,-7.521642278E-1,1.213787862E2,5.190294485E1,-8.120599144E0,-1.178412743E2
3.094088254E1,4.887950832E-1,1.739342802E-1,-4.078636405E-1,-7.513145684E-1,1.214771668E2,5.222260326E1,-7.895385213E0,-1.177795377E2
3.095085254E1,4.882086309E-1,1.775252971E-1,-4.087202541E-1,-7.503898877E-1,1.215541841E2,5.253761269E1,-7.623049530E0,-1.176700025E2
3.096082254E1,4.876480462E-1,1.813928394E-1,-4.093378529E-1,-7.494922757E-1,1.216277773E2,5.284352750E1,-7.314784116E0,-1.175391780E2
3.097079154E1,4.871919646E-1,1.854823481E-1,-4.097679194E-1,-7.485522008E-1,1.216876319E2,5.314276375E1,-6.983576770E0,-1.173801585E2
3.098076154E1,4.867340707E-1,1.896210527E-1,-4.101540161E-1,-7.476012098E-1,1.217477068E2,5.344182183E1,-6.646886405E0,-1.172157109E2
3.099073154E1,4.863986028E-1,1.937467129E-1,-4.105546324E-1,-7.465411112E-1,1.217917085E2,5.374286414E1,-6.321462154E0,-1.170341173E2
3.100070054E1,4.862743012E-1,1.978196052E-1,-4.109987865E-1,-7.453085372E-1,1.218080101E2,5.404635134E1,-6.018122015E0,-1.168269130E2
3.101067054E1,4.861925785E-1,2.017842328E-1,-4.115212388E-1,-7.440094449E-1,1.218187270E2,5.435354048E1,-5.733319602E0,-1.166180597E2
3.102064054E1,4.863106213E-1,2.057197686E-1,-4.120213638E-1,-7.425763361E-1,1.218032470E2,5.465743866E1,-5.463721370E0,-1.163837735E2
3.103060954E1,4.865368761E-1,2.095292852E-1,-4.124783305E-1,-7.411080137E-1,1.217735730E2,5.495002462E1,-5.209872195E0,-1.161408284E2
3.104057954E1,4.868621444E-1,2.131373610E-1,-4.128726459E-1,-7.396445276E-1,1.217309055E2,5.522420641E1,-4.975649636E0,-1.158948757E2
3.105054854E1,4.873667792E-1,2.165196772E-1,-4.131616574E-1,-7.381668064E-1,1.216646919E2,5.547316025E1,-4.764893649E0,-1.156378230E2
3.106051854E1,4.876880224E-1,2.194226995E-1,-4.134676962E-1,-7.369250759E-1,1.216225301E2,5.569502841E1,-4.582260623E0,-1.154295329E2
3.107048854E1,4.880627501E-1,2.220027926E-1,-4.137392589E-1,-7.357508226E-1,1.215733378E2,5.589287559E1,-4.426718231E0,-1.152323825E2
3.108045754E1,4.882607876E-1,2.241402700E-1,-4.140849895E-1,-7.347763558E-1,1.215473357E2,5.607131629E1,-4.299899897E0,-1.150822261E2
3.109042754E1,4.883858584E-1,2.259245779E-1,-4.145316407E-1,-7.338942434E-1,1.215309123E2,5.623844352E1,-4.203164981E0,-1.149615249E2
3.110039754E1,4.885646874E-1,2.274706297E-1,-4.150853028E-1,-7.329841665E-1,1.215074275E2,5.640190220E1,-4.136181639E0,-1.148483335E2
3.111036654E1,4.886843634E-1,2.287660447E-1,-4.157693988E-1,-7.321130965E-1,1.214917095E2,5.656367694E1,-4.094102312E0,-1.147573457E2
3.112033654E1,4.889864299E-1,2.299441228E-1,-4.164561079E-1,-7.311512632E-1,1.214520314E2,5.671758114E1,-4.073430551E0,-1.146509666E2
3.113030654E1,4.893281144E-1,2.309136795E-1,-4.171483594E-1,-7.302218831E-1,1.214071399E2,5.685824436E1,-4.071908222E0,-1.145522232E2
3.114027554E1,4.897444093E-1,2.317550043E-1,-4.178001709E-1,-7.293030291E-1,1.213524325E2,5.698573931E1,-4.082416853E0,-1.144519603E2
3.115024554E1,4.903102835E-1,2.325255330E-1,-4.183431066E-1,-7.283657569E-1,1.212780447E2,5.709603550E1,-4.100639818E0,-1.143374704E2
3.116021554E1,4.908331256E-1,2.330683950E-1,-4.188668971E-1,-7.275386988E-1,1.212092895E2,5.718912320E1,-4.132024927E0,-1.142419845E2
3.117018454E1,4.912531295E-1,2.333424127E-1,-4.195103320E-1,-7.267961872E-1,1.211540411E2,5.727778489E1,-4.185555928E0,-1.141756614E2
3.118015454E1,4.914938513E-1,2.334079932E-1,-4.203830246E-1,-7.261078660E-1,1.211223691E2,5.737851810E1,-4.259427859E0,-1.141444683E2
3.119012454E1,4.914276386E-1,2.333645819E-1,-4.215057324E-1,-7.255154920E-1,1.211310812E2,5.750080045E1,-4.339139207E0,-1.141578988E2
3.120009354E1,4.914289662E-1,2.335472569E-1,-4.226710401E-1,-7.247775218E-1,1.211309066E2,5.764293308E1,-4.409593995E0,-1.141494129E2
3.121006354E1,4.914347403E-1,2.339545957E-1,-4.238243148E-1,-7.239683444E-1,1.211301468E2,5.779892843E1,-4.462841572E0,-1.141265697E2
3.122003354E1,4.915109523E-1,2.345810770E-1,-4.249044437E-1,-7.230801312E-1,1.211201189E2,5.796138053E1,-4.499393547E0,-1.140814464E2
3.123000254E1,4.918115858E-1,2.354942516E-1,-4.257936368E-1,-7.220550777E-1,1.210805569E2,5.812119454E1,-4.516193268E0,-1.139908009E2
3.123997254E1,4.920497893E-1,2.365226664E-1,-4.265422176E-1,-7.211142020E-1,1.210492049E2,5.827343114E1,-4.510414931E0,-1.139000673E2
3.124994254E1,4.923487263E-1,2.376934321E-1,-4.271047832E-1,-7.201916602E-1,1.210098524E2,5.841448230E1,-4.485071058E0,-1.137924332E2
3.125991154E1,4.925807658E-1,2.388754299E-1,-4.275579566E-1,-7.193725994E-1,1.209793011E2,5.854449443E1,-4.446763470E0,-1.136916929E2
3.126988154E1,4.926829824E-1,2.399872532E-1,-4.279937656E-1,-7.186730776E-1,1.209658414E2,5.866841224E1,-4.403833276E0,-1.136108010E2
3.127985154E1,4.927132228E-1,2.410316943E-1,-4.284678333E-1,-7.180200754E-1,1.209618592E2,5.879241412E1,-4.363988344E0,-1.135427380E2
3.128982054E1,4.926323851E-1,2.419617909E-1,-4.290493755E-1,-7.174150995E-1,1.209725041E2,5.892111584E1,-4.333005633E0,-1.134953790E2
3.129979054E1,4.926932031E-1,2.429012758E-1,-4.296326985E-1,-7.167064846E-1,1.209644955E2,5.905034404E1,-4.311356845E0,-1.134301041E2
3.130975954E1,4.927922903E-1,2.437738315E-1,-4.301938943E-1,-7.160052032E-1,1.209514469E2,5.917252463E1,-4.295810129E0,-1.133642089E2
3.131972954E1,4.929883890E-1,2.445936930E-1,-4.306858112E-1,-7.152944914E-1,1.209256206E2,5.928315490E1,-4.285890816E0,-1.132895852E2
3.132969954E1,4.931944239E-1,2.452678108E-1,-4.311313666E-1,-7.146528267E-1,1.208984821E2,5.937865428E1,-4.284014142E0,-1.132227947E2
3.133966854E1,4.935238121E-1,2.458355499E-1,-4.314893830E-1,-7.140139964E-1,1.208550883E2,5.945673752E1,-4.292059220E0,-1.131475674E2
3.134963804E1,4.937635539E-1,2.461776664E-1,-4.318550807E-1,-7.135091509E-1,1.208234986E2,5.952046817E1,-4.310907612E0,-1.130975701E2
3.135960804E1,4.940094386E-1,2.463572647E-1,-4.322185446E-1,-7.130567466E-1,1.207910944E2,5.957275287E1,-4.341826486E0,-1.130571788E2
3.136957704E1,4.942948149E-1,2.464223394E-1,-4.325605663E-1,-7.126289140E-1,1.207534792E2,5.961462919E1,-4.382214389E0,-1.130192550E2
3.137954704E1,4.943390902E-1,2.462549111E-1,-4.329912860E-1,-7.123944721E-1,1.207476427E2,5.965117949E1,-4.429235039E0,-1.130256300E2
3.138951704E1,4.943945554E-1,2.460910230E-1,-4.334259254E-1,-7.121483345E-1,1.207403309E2,5.968840340E1,-4.477075276E0,-1.130304507E2
3.139948604E1,4.942802426E-1,2.459171989E-1,-4.338934709E-1,-7.120029384E-1,1.207554002E2,5.972919744E1,-4.516282726E0,-1.130565539E2
3.140945604E1,4.941912074E-1,2.459104554E-1,-4.342468722E-1,-7.118516523E-1,1.207671365E2,5.976863880E1,-4.536746171E0,-1.130686595E2
3.141942604E1,4.941829045E-1,2.460986305E-1,-4.344232673E-1,-7.116847929E-1,1.207682309E2,5.980138859E1,-4.535674477E0,-1.130580883E2
3.142939504E1,4.941526114E-1,2.463697823E-1,-4.345012600E-1,-7.115642846E-1,1.207722238E2,5.982888591E1,-4.519822298E0,-1.130445990E2
3.143936504E1,4.941850750E-1,2.467401477E-1,-4.345273279E-1,-7.113974568E-1,1.207679448E2,5.985720514E1,-4.497362995E0,-1.130170258E2
3.144933504E1,4.942114906E-1,2.471229570E-1,-4.345695274E-1,-7.112204927E-1,1.207644629E2,5.988823253E1,-4.474803695E0,-1.129894140E2
3.145930404E1,4.942043572E-1,2.474878644E-1,-4.346193871E-1,-7.110681424E-1,1.207654031E2,5.991901074E1,-4.451783047E0,-1.129670072E2
3.146927404E1,4.942321531E-1,2.478924426E-1,-4.346332850E-1,-7.108992389E-1,1.207617392E2,5.994840048E1,-4.425708219E0,-1.129376864E2
3.147924404E1,4.940615637E-1,2.482365400E-1,-4.347049663E-1,-7.108539521E-1,1.207842244E2,5.998073303E1,-4.394434618E0,-1.129364055E2
3.148921304E1,4.939088657E-1,2.486711688E-1,-4.347840654E-1,-7.107598382E-1,1.208043492E2,6.002011064E1,-4.358478081E0,-1.129271246E2
3.149918304E1,4.937229770E-1,2.491812827E-1,-4.348903492E-1,-7.106452199E-1,1.208288456E2,6.006787488E1,-4.316836051E0,-1.129169980E2
3.150915304E1,4.934247775E-1,2.497133339E-1,-4.350543531E-1,-7.105652778E-1,1.208681362E2,6.012399663E1,-4.270077803E0,-1.129191350E2
3.151912204E1,4.932217983E-1,2.503629749E-1,-4.351791183E-1,-7.104011580E-1,1.208948762E2,6.018360661E1,-4.218680855E0,-1.129019762E2
3.152909204E1,4.930253940E-1,2.510338790E-1,-4.352988470E-1,-7.102274287E-1,1.209207467E2,6.024415533E1,-4.165891560E0,-1.128825555E2
3.153906204E1,4.929576851E-1,2.517776550E-1,-4.353838888E-1,-7.099588057E-1,1.209296646E2,6.030555323E1,-4.114400870E0,-1.128426567E2
3.154903104E1,4.929086683E-1,2.525174902E-1,-4.354587522E-1,-7.096842190E-1,1.209361203E2,6.036556273E1,-4.063811127E0,-1.128006685E2
3.155900104E1,4.928282626E-1,2.531925668E-1,-4.355447212E-1,-7.094467531E-1,1.209467096E2,6.042246164E1,-4.016526359E0,-1.127666058E2
3.156897004E1,4.927723970E-1,2.538227043E-1,-4.356535443E-1,-7.091935981E-1,1.209540667E2,6.047877759E1,-3.975919573E0,-1.127324877E2
3.157894004E1,4.926194355E-1,2.543388557E-1,-4.358562496E-1,-7.089903344E-1,1.209742093E2,6.053796678E1,-3.943626781E0,-1.127176544E2
3.158891004E1,4.923307085E-1,2.547398303E-1,-4.361431538E-1,-7.088704055E-1,1.210122245E2,6.059894086E1,-3.916252013E0,-1.127268500E2
3.159887904E1,4.919391959E-1,2.550485876E-1,-4.365034777E-1,-7.088093453E-1,1.210637616E2,6.066199468E1,-3.893648647E0,-1.127545850E2
3.160884904E1,4.914030143E-1,2.551945632E-1,-4.369495389E-1,-7.088539261E-1,1.211343212E2,6.072369148E1,-3.878752440E0,-1.128105677E2
3.161881904E1,4.909612626E-1,2.552882451E-1,-4.373949994E-1,-7.088515343E-1,1.211924356E2,6.078143099E1,-3.874145004E0,-1.128585532E2
3.162878804E1,4.905745863E-1,2.552842833E-1,-4.378486681E-1,-7.088405972E-1,1.212432911E2,6.083314896E1,-3.880924687E0,-1.129063148E2
3.163875804E1,4.902826667E-1,2.551788951E-1,-4.383076684E-1,-7.087968593E-1,1.212816757E2,6.087816289E1,-3.901953473E0,-1.129493390E2
3.164872804E1,4.899497277E-1,2.549112310E-1,-4.388612567E-1,-7.087809067E-1,1.213254452E2,6.092265103E1,-3.938603870E0,-1.130081621E2
3.165869704E1,4.895546748E-1,2.545635406E-1,-4.395488193E-1,-7.087527210E-1,1.213773683E2,6.097689033E1,-3.986484386E0,-1.130799792E2
3.166866704E1,4.892877272E-1,2.543238725E-1,-4.402638195E-1,-7.085794026E-1,1.214124466E2,6.104149689E1,-4.037769327E0,-1.131293938E2
3.167863704E1,4.890426011E-1,2.540841834E-1,-4.409981441E-1,-7.083779407E-1,1.214446521E2,6.110831060E1,-4.092018558E0,-1.131762308E2
3.168860604E1,4.887170694E-1,2.537571449E-1,-4.417886293E-1,-7.082271287E-1,1.214874138E2,6.117572227E1,-4.150922118E0,-1.132385823E2
3.169857604E1,4.883587158E-1,2.534850133E-1,-4.426459278E-1,-7.080364774E-1,1.215344766E2,6.125471397E1,-4.208532806E0,-1.133014529E2
3.170854604E1,4.878748805E-1,2.533288276E-1,-4.435729372E-1,-7.078458789E-1,1.215980018E2,6.135011730E1,-4.254146108E0,-1.133719398E2
3.171851504E1,4.875440910E-1,2.534553419E-1,-4.443553618E-1,-7.075376379E-1,1.216414216E2,6.144839105E1,-4.279806666E0,-1.134051290E2
3.172848504E1,4.872780390E-1,2.537099931E-1,-4.449450384E-1,-7.072588997E-1,1.216763371E2,6.153357381E1,-4.286662130E0,-1.134216412E2
3.173845504E1,4.871927864E-1,2.540964060E-1,-4.453099774E-1,-7.069492363E-1,1.216875241E2,6.160192666E1,-4.280371060E0,-1.134072781E2
3.174842404E1,4.871977914E-1,2.545255557E-1,-4.455048539E-1,-7.066685066E-1,1.216868673E2,6.165372807E1,-4.264885426E0,-1.133788300E2
3.175839404E1,4.872385790E-1,2.549428938E-1,-4.455558937E-1,-7.064576986E-1,1.216815152E2,6.168833300E1,-4.242118000E0,-1.133465050E2
3.176836404E1,4.872884387E-1,2.552862326E-1,-4.454960347E-1,-7.063372008E-1,1.216749724E2,6.170523861E1,-4.216983077E0,-1.133177187E2
3.177833304E1,4.873718263E-1,2.555532223E-1,-4.453339906E-1,-7.062852548E-1,1.216640295E2,6.170518548E1,-4.192033895E0,-1.132896911E2
3.178830304E1,4.876191018E-1,2.558063774E-1,-4.450341790E-1,-7.062118772E-1,1.216315764E2,6.168812956E1,-4.169502206E0,-1.132426357E2
3.179827304E1,4.878650919E-1,2.559476536E-1,-4.446441520E-1,-7.062365541E-1,1.215992868E2,6.165311749E1,-4.148029248E0,-1.132029365E2
3.180824204E1,4.883425946E-1,2.561420454E-1,-4.440770978E-1,-7.061928268E-1,1.215365936E2,6.160116677E1,-4.126121371E0,-1.131315629E2
3.181821204E1,4.889186367E-1,2.563263220E-1,-4.433863847E-1,-7.061613220E-1,1.214609371E2,6.153433163E1,-4.102689494E0,-1.130487332E2
3.182818204E1,4.895187867E-1,2.564779242E-1,-4.426187220E-1,-7.061721327E-1,1.213820845E2,6.145655793E1,-4.077470669E0,-1.129649797E2
3.183815104E1,4.902464837E-1,2.567187302E-1,-4.417524567E-1,-7.061223256E-1,1.212864330E2,6.137365627E1,-4.047618435E0,-1.128597583E2
3.184812104E1,4.909516953E-1,2.569749304E-1,-4.408657819E-1,-7.060931495E-1,1.211936941E2,6.128973679E1,-4.013477764E0,-1.127560930E2
3.185809004E1,4.917658459E-1,2.573153505E-1,-4.399537662E-1,-7.059716401E-1,1.210865765E2,6.120874099E1,-3.979169392E0,-1.126336959E2
3.186806004E1,4.926329963E-1,2.576558022E-1,-4.390939389E-1,-7.057780807E-1,1.209724236E2,6.113364390E1,-3.952457070E0,-1.125049195E2
3.187803004E1,4.933638226E-1,2.578386563E-1,-4.383687392E-1,-7.056515559E-1,1.208761666E2,6.106310270E1,-3.937143750E0,-1.124032022E2
3.188799904E1,4.941573213E-1,2.579262269E-1,-4.376677212E-1,-7.054994479E-1,1.207716030E2,6.098849424E1,-3.934716724E0,-1.123002064E2
3.189796904E1,4.948194483E-1,2.577285371E-1,-4.370304819E-1,-7.055027354E-1,1.206843095E2,6.090136345E1,-3.947707291E0,-1.122319617E2
3.190793904E1,4.953110913E-1,2.571810285E-1,-4.364921191E-1,-7.056908367E-1,1.206194677E2,6.080116420E1,-3.980570407E0,-1.122074756E2
3.191790804E1,4.957441291E-1,2.563844003E-1,-4.360602930E-1,-7.059436125E-1,1.205623379E2,6.069556213E1,-4.034825563E0,-1.122065478E2
3.192787804E1,4.958840250E-1,2.552374055E-1,-4.358681982E-1,-7.063792739E-1,1.205438783E2,6.059307640E1,-4.111137227E0,-1.122643562E2
3.193784804E1,4.959379941E-1,2.538955657E-1,-4.358974165E-1,-7.068069590E-1,1.205367565E2,6.050215706E1,-4.211931219E0,-1.123455789E2
3.194781704E1,4.958203095E-1,2.523260381E-1,-4.361844998E-1,-7.072742095E-1,1.205522859E2,6.042501571E1,-4.336322191E0,-1.124626586E2
3.195778704E1,4.956089115E-1,2.505982808E-1,-4.366171688E-1,-7.077695088E-1,1.205801787E2,6.035392703E1,-4.476550245E0,-1.126013400E2
3.196775704E1,4.954842095E-1,2.488643384E-1,-4.370371832E-1,-7.082092163E-1,1.205966305E2,6.028125896E1,-4.622710282E0,-1.127294737E2
3.197772604E1,4.952952441E-1,2.470970472E-1,-4.374042718E-1,-7.087335863E-1,1.206215581E2,6.020109908E1,-4.763128745E0,-1.128670128E2
3.198769604E1,4.952626541E-1,2.455149388E-1,-4.375746293E-1,-7.092007104E-1,1.206258569E2,6.011153172E1,-4.886951069E0,-1.129727502E2
3.199766604E1,4.953408786E-1,2.441368212E-1,-4.375205549E-1,-7.096550534E-1,1.206155385E2,6.001068459E1,-4.987463749E0,-1.130510808E2
3.200763504E1,4.954469938E-1,2.429333179E-1,-4.372608039E-1,-7.101539140E-1,1.206015401E2,5.989878350E1,-5.062306614E0,-1.131140392E2
3.201760504E1,4.957669622E-1,2.420040115E-1,-4.367505847E-1,-7.105617375E-1,1.205593252E2,5.977681378E1,-5.113871513E0,-1.131326965E2
3.202757504E1,4.961080777E-1,2.411867104E-1,-4.361153368E-1,-7.109917407E-1,1.205143104E2,5.964844457E1,-5.149637114E0,-1.131411664E2
3.203754404E1,4.965486071E-1,2.404684543E-1,-4.353941094E-1,-7.113694502E-1,1.204561616E2,5.951687353E1,-5.178844059E0,-1.131308677E2
3.204751404E1,4.969472004E-1,2.397161331E-1,-4.346732719E-1,-7.117856398E-1,1.204035338E2,5.938325862E1,-5.207694944E0,-1.131276285E2
3.205748404E1,4.973522211E-1,2.389277131E-1,-4.339511910E-1,-7.122082990E-1,1.203500432E2,5.924711067E1,-5.239583475E0,-1.131257018E2
3.206745304E1,4.979105825E-1,2.381754340E-1,-4.331760262E-1,-7.125419334E-1,1.202762775E2,5.910696689E1,-5.275562438E0,-1.131024894E2
3.207742304E1,4.984098541E-1,2.373048487E-1,-4.324333987E-1,-7.129342363E-1,1.202102951E2,5.896274438E1,-5.318531309E0,-1.130937323E2
3.208739304E1,4.988382346E-1,2.362575416E-1,-4.317426540E-1,-7.134011391E-1,1.201536641E2,5.881273220E1,-5.373433497E0,-1.131045522E2
3.209736204E1,4.993097420E-1,2.350725303E-1,-4.311053620E-1,-7.138480116E-1,1.200913132E2,5.865933370E1,-5.445454733E0,-1.131184643E2
3.210733204E1,4.996094798E-1,2.336586405E-1,-4.306353720E-1,-7.143859002E-1,1.200516665E2,5.851004222E1,-5.535020976E0,-1.131676207E2
3.211730204E1,4.999534613E-1,2.322232347E-1,-4.302566509E-1,-7.148412758E-1,1.200061579E2,5.836954707E1,-5.636166777E0,-1.132125454E2
3.212727104E1,5.003387678E-1,2.308390058E-1,-4.299259246E-1,-7.152189116E-1,1.199551695E2,5.823789468E1,-5.740113124E0,-1.132490160E2
3.213724104E1,5.007808777E-1,2.295532635E-1,-4.296037225E-1,-7.155169003E-1,1.198966482E2,5.811373256E1,-5.841459974E0,-1.132721622E2
3.214721004E1,5.013050897E-1,2.283817813E-1,-4.292734703E-1,-7.157229246E-1,1.198272367E2,5.799609042E1,-5.939473082E0,-1.132779173E2
3.215718004E1,5.018345173E-1,2.272535418E-1,-4.289497088E-1,-7.159051044E-1,1.197571098E2,5.788213434E1,-6.035209513E0,-1.132800999E2
3.216715004E1,5.024652976E-1,2.261777540E-1,-4.285950747E-1,-7.160156872E-1,1.196735255E2,5.776784316E1,-6.131727185E0,-1.132662404E2
3.217711904E1,5.031233363E-1,2.250520433E-1,-4.282573203E-1,-7.161104755E-1,1.195862914E2,5.765204982E1,-6.235093626E0,-1.132517727E2
3.218708904E1,5.037443175E-1,2.238235996E-1,-4.280275673E-1,-7.161962127E-1,1.195039344E2,5.754173402E1,-6.351615169E0,-1.132480206E2
3.219705904E1,5.041902627E-1,2.224850789E-1,-4.280006987E-1,-7.163156252E-1,1.194447701E2,5.744774149E1,-6.479544899E0,-1.132727825E2
3.220702804E1,5.046306235E-1,2.211892741E-1,-4.281329134E-1,-7.163278373E-1,1.193863292E2,5.737454093E1,-6.615731291E0,-1.132959194E2
3.221699804E1,5.049329534E-1,2.198421660E-1,-4.284346111E-1,-7.163490266E-1,1.193461965E2,5.731776897E1,-6.759039059E0,-1.133394480E2
3.222696804E1,5.052324279E-1,2.184610138E-1,-4.288500947E-1,-7.163117056E-1,1.193064347E2,5.727172341E1,-6.913202067E0,-1.133854933E2
3.223693704E1,5.056228868E-1,2.171385405E-1,-4.293365431E-1,-7.161469009E-1,1.192545806E2,5.723723305E1,-7.074428449E0,-1.134168704E2
3.224690704E1,5.059908709E-1,2.158918683E-1,-4.298527682E-1,-7.159542476E-1,1.192056986E2,5.721137398E1,-7.230754652E0,-1.134464711E2
3.225687704E1,5.065423624E-1,2.149033351E-1,-4.302090145E-1,-7.156477136E-1,1.191324171E2,5.718359554E1,-7.368363821E0,-1.134374335E2
3.226684604E1,5.072109168E-1,2.141412779E-1,-4.303537046E-1,-7.153155754E-1,1.190435435E2,5.714625390E1,-7.481323718E0,-1.133996353E2
3.227681604E1,5.079704452E-1,2.135351008E-1,-4.302620984E-1,-7.150129188E-1,1.189425271E2,5.709203606E1,-7.571316386E0,-1.133403340E2
3.228678604E1,5.089668072E-1,2.131052030E-1,-4.299038081E-1,-7.146480009E-1,1.188099325E2,5.701799150E1,-7.644322146E0,-1.132400785E2
3.229675504E1,5.099573741E-1,2.126616812E-1,-4.293817034E-1,-7.143878389E-1,1.186780190E2,5.692468730E1,-7.705822733E0,-1.131404259E2
3.230672504E1,5.111451882E-1,2.122877438E-1,-4.287092610E-1,-7.140539200E-1,1.185197194E2,5.681789275E1,-7.764145726E0,-1.130113122E2
3.231669504E1,5.123215488E-1,2.118188601E-1,-4.280277043E-1,-7.137587656E-1,1.183628179E2,5.670390935E1,-7.828044514E0,-1.128887513E2
3.232666404E1,5.134090429E-1,2.111676386E-1,-4.274403564E-1,-7.135223850E-1,1.182176553E2,5.658903807E1,-7.906552025E0,-1.127878966E2
3.233663404E1,5.145555531E-1,2.104153384E-1,-4.269639073E-1,-7.132038918E-1,1.180644957E2,5.647951405E1,-8.004751483E0,-1.126855733E2
3.234660404E1,5.156063162E-1,2.094967584E-1,-4.267015327E-1,-7.128724911E-1,1.179240188E2,5.638353279E1,-8.124876190E0,-1.126053148E2
3.235657354E1,5.167336495E-1,2.085428382E-1,-4.265997585E-1,-7.123964952E-1,1.177731898E2,5.630257666E1,-8.264700032E0,-1.125177489E2
3.236654354E1,5.178722993E-1,2.075054673E-1,-4.266022979E-1,-7.118709134E-1,1.176207251E2,5.622763023E1,-8.419332289E0,-1.124335755E2
3.237651354E1,5.191094252E-1,2.064127365E-1,-4.265925514E-1,-7.112932171E-1,1.174549351E2,5.614692848E1,-8.583840351E0,-1.123396355E2
3.238648254E1,5.204822745E-1,2.052748032E-1,-4.264826430E-1,-7.106849116E-1,1.172707858E2,5.605103688E1,-8.753392168E0,-1.122301244E2
3.239645254E1,5.218241564E-1,2.039945505E-1,-4.262718245E-1,-7.101957448E-1,1.170906159E2,5.593467505E1,-8.924089231E0,-1.121313907E2
3.240642154E1,5.231490321E-1,2.025756453E-1,-4.259745522E-1,-7.098054334E-1,1.169125592E2,5.579964266E1,-9.097661249E0,-1.120414402E2
3.241639154E1,5.244794711E-1,2.010379913E-1,-4.256749829E-1,-7.094404100E-1,1.167335838E2,5.565647916E1,-9.280423590E0,-1.119565841E2
3.242636154E1,5.255853201E-1,1.992635984E-1,-4.255550857E-1,-7.091946096E-1,1.165846898E2,5.551957031E1,-9.479672083E0,-1.119133944E2
3.243633054E1,5.266307411E-1,1.973736284E-1,-4.256616961E-1,-7.088834710E-1,1.164438221E2,5.540089290E1,-9.700807027E0,-1.118845190E2
3.244630054E1,5.275260561E-1,1.953314976E-1,-4.260833648E-1,-7.085301646E-1,1.163230954E2,5.530879700E1,-9.947378424E0,-1.118839124E2
3.245627054E1,5.283688139E-1,1.931992675E-1,-4.267910315E-1,-7.080607435E-1,1.162093835E2,5.524346581E1,-1.021908186E1,-1.118956202E2
3.246623954E1,5.290885556E-1,1.909124638E-1,-4.277607040E-1,-7.075580580E-1,1.161122143E2,5.519888168E1,-1.051443748E1,-1.119320587E2
3.247620954E1,5.297310738E-1,1.884824767E-1,-4.289237147E-1,-7.070247002E-1,1.160254273E2,5.516802584E1,-1.083054213E1,-1.119864786E2
3.248617954E1,5.305524843E-1,1.861133602E-1,-4.301587860E-1,-7.062855604E-1,1.159144169E2,5.514818490E1,-1.115975467E1,-1.120143908E2
3.249614854E1,5.314297499E-1,1.838428989E-1,-4.314578888E-1,-7.054278509E-1,1.157957835E2,5.514185808E1,-1.149037486E1,-1.120296314E2
3.250611854E1,5.322977747E-1,1.817446813E-1,-4.327600368E-1,-7.045188593E-1,1.156783239E2,5.514736145E1,-1.180779937E1,-1.120363894E2
3.251608854E1,5.333277541E-1,1.799753882E-1,-4.338427155E-1,-7.035274021E-1,1.155388505E2,5.514766390E1,-1.209454606E1,-1.120031047E2
3.252605754E1,5.344893213E-1,1.784734853E-1,-4.345415524E-1,-7.025966311E-1,1.153814299E2,5.512030517E1,-1.234078939E1,-1.119358693E2
3.253602754E1,5.358027909E-1,1.771913887E-1,-4.347762155E-1,-7.017750152E-1,1.152032578E2,5.505274402E1,-1.254531182E1,-1.118338783E2
3.254599754E1,5.372345036E-1,1.760655726E-1,-4.345744902E-1,-7.010884588E-1,1.150088456E2,5.494433257E1,-1.271265926E1,-1.117048840E2
3.255596654E1,5.387547562E-1,1.750790308E-1,-4.340245265E-1,-7.005092610E-1,1.148021802E2,5.480422996E1,-1.284866007E1,-1.115541243E2
3.256593654E1,5.403674369E-1,1.741611567E-1,-4.332522698E-1,-6.999738538E-1,1.145826893E2,5.464219961E1,-1.296844077E1,-1.113855824E2
3.257590654E1,5.419382236E-1,1.730870864E-1,-4.324560737E-1,-6.995180198E-1,1.143686403E2,5.446790760E1,-1.309544529E1,-1.112294895E2
3.258587554E1,5.434756932E-1,1.717259539E-1,-4.317705552E-1,-6.990841233E-1,1.141588815E2,5.428815424E1,-1.325067320E1,-1.110921996E2
3.259584554E1,5.450214341E-1,1.700928163E-1,-4.312824842E-1,-6.985810954E-1,1.139477432E2,5.411310931E1,-1.344248430E1,-1.109678352E2
3.260581554E1,5.463718192E-1,1.681741653E-1,-4.310618875E-1,-6.981268367E-1,1.137630822E2,5.395214627E1,-1.366392230E1,-1.108841690E2
3.261578454E1,5.475843893E-1,1.661304119E-1,-4.310331539E-1,-6.976836994E-1,1.135971014E2,5.380633123E1,-1.390077024E1,-1.108250788E2
3.262575454E1,5.487672142E-1,1.640773019E-1,-4.310678935E-1,-6.972185510E-1,1.134350405E2,5.366732071E1,-1.414143733E1,-1.107697147E2
3.263572454E1,5.497990534E-1,1.619380017E-1,-4.311458335E-1,-6.968575211E-1,1.132935434E2,5.352958541E1,-1.438236247E1,-1.107377804E2
3.264569354E1,5.504823012E-1,1.596617031E-1,-4.313772935E-1,-6.967000974E-1,1.131997857E2,5.340503444E1,-1.462304033E1,-1.107588674E2
3.265566354E1,5.510167074E-1,1.574417969E-1,-4.317101588E-1,-6.965767072E-1,1.131264173E2,5.329757925E1,-1.485765086E1,-1.107969069E2
3.266563354E1,5.514121608E-1,1.552967015E-1,-4.319564544E-1,-6.965926071E-1,1.130721057E2,5.318716677E1,-1.507095311E1,-1.108483958E2
3.267560254E1,5.519114271E-1,1.533677561E-1,-4.318553125E-1,-6.966871899E-1,1.130035121E2,5.304988714E1,-1.524773423E1,-1.108722942E2
3.268557254E1,5.524011260E-1,1.515628700E-1,-4.313960699E-1,-6.969784720E-1,1.129362066E2,5.288021148E1,-1.538687343E1,-1.108880432E2
3.269554154E1,5.529301796E-1,1.499113668E-1,-4.306717974E-1,-6.973640893E-1,1.128634626E2,5.268971409E1,-1.549636623E1,-1.108885482E2
3.270551154E1,5.534934828E-1,1.484250687E-1,-4.297973662E-1,-6.977745470E-1,1.127859756E2,5.249208139E1,-1.558368876E1,-1.108749243E2
3.271548154E1,5.540626602E-1,1.470788457E-1,-4.288770160E-1,-6.981739885E-1,1.127076452E2,5.229787266E1,-1.565690207E1,-1.108531006E2
3.272545054E1,5.546134879E-1,1.458414143E-1,-4.279871696E-1,-6.985421306E-1,1.126318062E2,5.211408892E1,-1.572272000E1,-1.108285190E2
3.273542054E1,5.552348905E-1,1.448081737E-1,-4.271047094E-1,-6.988035359E-1,1.125462100E2,5.194271277E1,-1.577747508E1,-1.107848001E2
3.274539054E1,5.558107271E-1,1.439422035E-1,-4.261613154E-1,-6.991006449E-1,1.124668524E2,5.177545690E1,-1.581129250E1,-1.107388001E2
3.275535954E1,5.565762297E-1,1.433050380E-1,-4.249934157E-1,-6.993333482E-1,1.123612993E2,5.159442361E1,-1.582180882E1,-1.106547999E2
3.276532954E1,5.573892793E-1,1.426322584E-1,-4.235917696E-1,-6.996736892E-1,1.122491188E2,5.138447221E1,-1.582016898E1,-1.105638610E2
3.277529954E1,5.583099772E-1,1.418325325E-1,-4.220387741E-1,-7.000405775E-1,1.121219964E2,5.114839766E1,-1.582379662E1,-1.104625468E2
3.278526854E1,5.594240291E-1,1.409750548E-1,-4.204658116E-1,-7.002707573E-1,1.119680503E2,5.090388266E1,-1.584262081E1,-1.103370882E2
3.279523854E1,5.604432136E-1,1.399929068E-1,-4.190392251E-1,-7.005081389E-1,1.118270911E2,5.066949351E1,-1.587639894E1,-1.102307555E2
3.280520854E1,5.614670080E-1,1.390403354E-1,-4.177944284E-1,-7.006215508E-1,1.116853761E2,5.045713097E1,-1.592186797E1,-1.101234539E2
3.281517754E1,5.624496776E-1,1.381195426E-1,-4.167738530E-1,-7.006231787E-1,1.115492417E2,5.027223709E1,-1.597924531E1,-1.100216675E2
3.282514754E1,5.633281443E-1,1.371864957E-1,-4.160064011E-1,-7.005568817E-1,1.114274499E2,5.011617854E1,-1.605037148E1,-1.099362295E2
3.283511754E1,5.640882891E-1,1.362213961E-1,-4.154871308E-1,-7.004417523E-1,1.113219912E2,4.998734995E1,-1.613565817E1,-1.098699107E2
3.284508654E1,5.647134164E-1,1.352261509E-1,-4.151505777E-1,-7.003303951E-1,1.112352144E2,4.987887221E1,-1.622894725E1,-1.098244339E2
3.285505654E1,5.653573781E-1,1.343012700E-1,-4.149022590E-1,-7.001358874E-1,1.111457761E2,4.978416662E1,-1.632454344E1,-1.097737718E2
3.286502654E1,5.658326734E-1,1.333003244E-1,-4.147508675E-1,-7.000329174E-1,1.110797327E2,4.969803965E1,-1.642320470E1,-1.097499487E2
3.287499554E1,5.662332845E-1,1.322298683E-1,-4.147292567E-1,-6.999248054E-1,1.110240466E2,4.962312285E1,-1.653285361E1,-1.097400981E2
3.288496554E1,5.666305975E-1,1.311075188E-1,-4.148751059E-1,-6.997279428E-1,1.109688006E2,4.956359126E1,-1.665945612E1,-1.097340033E2
3.289493554E1,5.668460838E-1,1.298165081E-1,-4.152169695E-1,-6.995912711E-1,1.109388298E2,4.951829827E1,-1.680355738E1,-1.097613205E2
3.290490454E1,5.669641951E-1,1.284325426E-1,-4.156990768E-1,-6.994647304E-1,1.109224000E2,4.948453899E1,-1.696005454E1,-1.098068527E2
3.291487454E1,5.669917539E-1,1.269809946E-1,-4.163014079E-1,-6.993492533E-1,1.109185662E2,4.946166394E1,-1.712580715E1,-1.098684520E2
3.292484454E1,5.669388174E-1,1.254962138E-1,-4.170056712E-1,-6.992405145E-1,1.109259303E2,4.944969424E1,-1.729726689E1,-1.099431612E2
3.293481354E1,5.668474799E-1,1.240150998E-1,-4.177671278E-1,-6.991243209E-1,1.109386356E2,4.944531026E1,-1.747060962E1,-1.100233495E2
3.294478354E1,5.667569274E-1,1.225597902E-1,-4.185373404E-1,-6.989937710E-1,1.109512307E2,4.944383918E1,-1.764273829E1,-1.101023002E2
3.295475354E1,5.666813687E-1,1.211429712E-1,-4.192903044E-1,-6.988505876E-1,1.109617396E2,4.944288714E1,-1.781149582E1,-1.101772809E2
3.296472254E1,5.666374727E-1,1.198091393E-1,-4.199817340E-1,-6.987009452E-1,1.109678445E2,4.943989285E1,-1.797086008E1,-1.102438454E2
3.297469254E1,5.666116262E-1,1.186123796E-1,-4.205874263E-1,-6.985618290E-1,1.109714390E2,4.943557820E1,-1.811367534E1,-1.103014619E2
3.298466254E1,5.665828610E-1,1.175926576E-1,-4.210859603E-1,-6.984572416E-1,1.109754393E2,4.943023113E1,-1.823368036E1,-1.103512298E2
3.299463154E1,5.665402505E-1,1.167647355E-1,-4.214672945E-1,-6.984006384E-1,1.109813649E2,4.942372015E1,-1.832817180E1,-1.103940074E2
3.300460154E1,5.664750651E-1,1.160867613E-1,-4.217307123E-1,-6.984074925E-1,1.109904294E2,4.941352512E1,-1.839994570E1,-1.104327242E2
3.301457054E1,5.663838330E-1,1.155339632E-1,-4.218900695E-1,-6.984769769E-1,1.110031151E2,4.939972354E1,-1.845186248E1,-1.104690130E2
3.302454054E1,5.662936598E-1,1.150760377E-1,-4.219574623E-1,-6.985849360E-1,1.110156527E2,4.938132601E1,-1.848901890E1,-1.105004375E2
3.303451054E1,5.662240122E-1,1.146882551E-1,-4.219402559E-1,-6.987155280E-1,1.110253357E2,4.935730537E1,-1.851521533E1,-1.105253873E2
3.304447954E1,5.661855110E-1,1.143643565E-1,-4.218875302E-1,-6.988315794E-1,1.110306883E2,4.933259145E1,-1.853539103E1,-1.105431116E2
3.305444954E1,5.661889144E-1,1.140970612E-1,-4.218443718E-1,-6.988986456E-1,1.110302151E2,4.931161650E1,-1.855426359E1,-1.105528808E2
3.306441954E1,5.662349282E-1,1.138843672E-1,-4.218274498E-1,-6.989063268E-1,1.110238181E2,4.929610828E1,-1.857331512E1,-1.105548204E2
3.307438854E1,5.663040279E-1,1.137303836E-1,-4.218234248E-1,-6.988776880E-1,1.110142112E2,4.928515553E1,-1.858996774E1,-1.105513194E2
3.308435854E1,5.663623644E-1,1.136243106E-1,-4.218289355E-1,-6.988443868E-1,1.110061002E2,4.927835252E1,-1.860274062E1,-1.105475188E2
3.309432854E1,5.663738073E-1,1.135456224E-1,-4.218511047E-1,-6.988345455E-1,1.110045092E2,4.927591004E1,-1.861162657E1,-1.105492781E2
3.310429754E1,5.663248959E-1,1.135051930E-1,-4.218778785E-1,-6.988645751E-1,1.110113098E2,4.927737003E1,-1.861396923E1,-1.105579118E2
3.311426754E1,5.662243335E-1,1.134700320E-1,-4.218766668E-1,-6.989524934E-1,1.110252910E2,4.927693315E1,-1.861052139E1,-1.105732154E2
3.312423754E1,5.660921926E-1,1.134251456E-1,-4.218336349E-1,-6.990928951E-1,1.110436609E2,4.927178522E1,-1.860270340E1,-1.105928841E2
3.313420654E1,5.659428400E-1,1.133727466E-1,-4.217560531E-1,-6.992689688E-1,1.110644211E2,4.926260400E1,-1.859179308E1,-1.106148591E2
3.314417654E1,5.658001466E-1,1.133076297E-1,-4.216497587E-1,-6.994591196E-1,1.110842532E2,4.924931833E1,-1.858014655E1,-1.106361594E2
3.315414654E1,5.656711719E-1,1.132064351E-1,-4.215283336E-1,-6.996530847E-1,1.111021766E2,4.923192270E1,-1.857117106E1,-1.106568502E2
3.316411554E1,5.655483982E-1,1.130548223E-1,-4.214148849E-1,-6.998451479E-1,1.111192365E2,4.921228477E1,-1.856735706E1,-1.106787402E2
3.317408554E1,5.654068216E-1,1.128558471E-1,-4.213447525E-1,-7.000338446E-1,1.111389070E2,4.919501540E1,-1.856961041E1,-1.107055230E2
3.318405554E1,5.652354947E-1,1.126411300E-1,-4.213204127E-1,-7.002212716E-1,1.111627078E2,4.918248509E1,-1.857483899E1,-1.107374634E2
3.319402454E1,5.650314197E-1,1.124316180E-1,-4.213045655E-1,-7.004292242E-1,1.111910537E2,4.917182439E1,-1.857827096E1,-1.107738263E2
3.320399454E1,5.647964931E-1,1.122266052E-1,-4.212599004E-1,-7.006783120E-1,1.112236788E2,4.915875015E1,-1.857723618E1,-1.108139620E2
3.321396454E1,5.645377642E-1,1.120199802E-1,-4.211696007E-1,-7.009742145E-1,1.112596020E2,4.914088896E1,-1.857139254E1,-1.108570171E2
3.322393354E1,5.642702054E-1,1.118079711E-1,-4.210433393E-1,-7.012993459E-1,1.112967432E2,4.911882459E1,-1.856272853E1,-1.109011323E2
3.323390354E1,5.640103122E-1,1.116092803E-1,-4.208924641E-1,-7.016304673E-1,1.113328124E2,4.909464967E1,-1.855159147E1,-1.109433837E2
3.324387354E1,5.637655865E-1,1.114359303E-1,-4.207277542E-1,-7.019533332E-1,1.113667695E2,4.907016319E1,-1.853827038E1,-1.109823885E2
3.325384254E1,5.635241008E-1,1.112821575E-1,-4.205537931E-1,-7.022759094E-1,1.114002702E2,4.904575486E1,-1.852285058E1,-1.110200937E2
3.326381254E1,5.632427021E-1,1.110976491E-1,-4.203904214E-1,-7.026285363E-1,1.114392996E2,4.902141424E1,-1.850835360E1,-1.110645856E2
3.327378254E1,5.628764724E-1,1.108405218E-1,-4.202825992E-1,-7.030270505E-1,1.114900813E2,4.900051546E1,-1.849890928E1,-1.111241773E2
3.328375154E1,5.624363908E-1,1.105819087E-1,-4.202365327E-1,-7.034474074E-1,1.115510832E2,4.898780165E1,-1.848978164E1,-1.111945814E2
3.329372154E1,5.619856039E-1,1.103969999E-1,-4.201706256E-1,-7.038759408E-1,1.116135460E2,4.897743590E1,-1.847241808E1,-1.112633199E2
3.330369154E1,5.615696724E-1,1.102343026E-1,-4.200277583E-1,-7.043185933E-1,1.116711586E2,4.895910801E1,-1.844955281E1,-1.113256006E2
3.331366054E1,5.611970996E-1,1.100151284E-1,-4.198374758E-1,-7.047631530E-1,1.117227487E2,4.893131230E1,-1.843048954E1,-1.113836329E2
3.332363054E1,5.608472702E-1,1.097568420E-1,-4.196879493E-1,-7.051707236E-1,1.117711752E2,4.890537570E1,-1.841920407E1,-1.114404317E2
3.333359954E1,5.605110174E-1,1.095541578E-1,-4.196200086E-1,-7.055099267E-1,1.118177093E2,4.889168742E1,-1.841033466E1,-1.114939711E2
3.334356954E1,5.601693592E-1,1.094783462E-1,-4.196183965E-1,-7.057940965E-1,1.118649783E2,4.889308710E1,-1.839561378E1,-1.115439203E2
3.335353929E1,5.598247560E-1,1.095278582E-1,-4.196167633E-1,-7.060606437E-1,1.119126414E2,4.890194198E1,-1.837029708E1,-1.115892858E2
3.336350829E1,5.594634680E-1,1.096381459E-1,-4.195955318E-1,-7.063424428E-1,1.119625978E2,4.891246985E1,-1.833742787E1,-1.116343396E2
3.337347829E1,5.590915747E-1,1.097441347E-1,-4.195274331E-1,-7.066608939E-1,1.120140053E2,4.891763491E1,-1.830074070E1,-1.116805326E2
3.338344829E1,5.587368300E-1,1.098027188E-1,-4.194173455E-1,-7.069976841E-1,1.120630279E2,4.891494502E1,-1.826589743E1,-1.117257942E2
3.339341729E1,5.584232416E-1,1.098146885E-1,-4.192957518E-1,-7.073155714E-1,1.121063512E2,4.890746188E1,-1.823660119E1,-1.117671005E2
3.340338729E1,5.581612884E-1,1.097822144E-1,-4.191971493E-1,-7.075857854E-1,1.121425325E2,4.889903003E1,-1.821590256E1,-1.118033069E2
3.341335729E1,5.579432364E-1,1.096860880E-1,-4.191611032E-1,-7.077938907E-1,1.121726443E2,4.889310854E1,-1.820790123E1,-1.118366055E2
3.342332629E1,5.577451515E-1,1.095065424E-1,-4.192252929E-1,-7.079398821E-1,1.121999941E2,4.889321490E1,-1.821560569E1,-1.118714758E2
3.343329629E1,5.575276632E-1,1.092808039E-1,-4.193967462E-1,-7.080445854E-1,1.122300179E2,4.890303518E1,-1.823403768E1,-1.119118823E2
3.344326629E1,5.572773373E-1,1.090809435E-1,-4.196263623E-1,-7.081363549E-1,1.122645684E2,4.892153061E1,-1.825267590E1,-1.119563225E2
3.345323529E1,5.570116436E-1,1.089469798E-1,-4.198237992E-1,-7.082490556E-1,1.123012323E2,4.894057250E1,-1.826245816E1,-1.119999590E2
3.346320529E1,5.567513288E-1,1.088681230E-1,-4.199258788E-1,-7.084051833E-1,1.123371462E2,4.895200838E1,-1.826081700E1,-1.120396944E2
3.347317529E1,5.565209067E-1,1.088218879E-1,-4.199362470E-1,-7.085871366E-1,1.123689298E2,4.895449474E1,-1.825140061E1,-1.120731387E2
3.348314429E1,5.563339697E-1,1.087997503E-1,-4.198943635E-1,-7.087621882E-1,1.123947109E2,4.895174030E1,-1.823871203E1,-1.120991653E2
3.349311429E1,5.561944056E-1,1.088147335E-1,-4.198504254E-1,-7.088954302E-1,1.124139561E2,4.895010196E1,-1.822566286E1,-1.121172129E2
3.350308429E1,5.560943806E-1,1.088625702E-1,-4.198125354E-1,-7.089890489E-1,1.124277477E2,4.895038582E1,-1.821273408E1,-1.121286232E2
3.351305329E1,5.560121469E-1,1.089359900E-1,-4.197885960E-1,-7.090564470E-1,1.124390855E2,4.895343343E1,-1.819979895E1,-1.121367212E2
3.352302329E1,5.559263728E-1,1.090483851E-1,-4.197728436E-1,-7.091157529E-1,1.124509105E2,4.895975512E1,-1.818400659E1,-1.121438397E2
3.353299329E1,5.558304887E-1,1.092037068E-1,-4.197280731E-1,-7.091934295E-1,1.124641283E2,4.896549587E1,-1.816184400E1,-1.121503342E2
3.354296229E1,5.557338249E-1,1.094048315E-1,-4.196267521E-1,-7.092981012E-1,1.124774526E2,4.896756094E1,-1.813157991E1,-1.121545565E2
3.355293229E1,5.556351012E-1,1.096191272E-1,-4.194982253E-1,-7.094184041E-1,1.124910598E2,4.896736931E1,-1.809805877E1,-1.121582682E2
3.356290229E1,5.555144031E-1,1.098363415E-1,-4.194074515E-1,-7.095329487E-1,1.125076942E2,4.897198667E1,-1.806578461E1,-1.121652219E2
3.357287129E1,5.553488398E-1,1.100615637E-1,-4.194280719E-1,-7.096156514E-1,1.125305093E2,4.899041962E1,-1.803843860E1,-1.121791065E2
3.358284129E1,5.551083867E-1,1.103247918E-1,-4.195943623E-1,-7.096645891E-1,1.125636390E2,4.902879599E1,-1.801424888E1,-1.122030940E2
3.359281129E1,5.547515610E-1,1.106638843E-1,-4.199163853E-1,-7.097002559E-1,1.126127908E2,4.909119159E1,-1.798826310E1,-1.122414247E2
3.360278029E1,5.542573734E-1,1.111127693E-1,-4.203699486E-1,-7.097476869E-1,1.126808405E2,4.917722693E1,-1.795453527E1,-1.122953250E2
3.361275029E1,5.536100452E-1,1.116867462E-1,-4.209069626E-1,-7.098446615E-1,1.127699372E2,4.928262341E1,-1.790719807E1,-1.123657762E2
3.362272029E1,5.528229949E-1,1.124188686E-1,-4.214730475E-1,-7.100065054E-1,1.128782028E2,4.940289366E1,-1.784022792E1,-1.124489063E2
3.363268929E1,5.519458031E-1,1.133558246E-1,-4.219855216E-1,-7.102355630E-1,1.129987883E2,4.953053398E1,-1.774658900E1,-1.125351410E2
3.364265929E1,5.510542814E-1,1.145199206E-1,-4.223701537E-1,-7.105124151E-1,1.131212576E2,4.965712037E1,-1.762357777E1,-1.126123710E2
3.365262929E1,5.502049381E-1,1.158806316E-1,-4.226100114E-1,-7.108071902E-1,1.132378526E2,4.977798870E1,-1.747602264E1,-1.126738645E2
3.366259829E1,5.494385029E-1,1.173761598E-1,-4.227934450E-1,-7.110456939E-1,1.133429991E2,4.989890294E1,-1.731821382E1,-1.127175031E2
3.367256829E1,5.487577733E-1,1.189487430E-1,-4.230459468E-1,-7.111598856E-1,1.134363346E2,5.003068641E1,-1.716451464E1,-1.127464276E2
3.368253729E1,5.481466440E-1,1.205577832E-1,-4.234238355E-1,-7.111352718E-1,1.135200846E2,5.017764836E1,-1.702152346E1,-1.127650221E2
3.369250729E1,5.475621937E-1,1.221621241E-1,-4.239311360E-1,-7.110093792E-1,1.136001410E2,5.033854800E1,-1.689031735E1,-1.127808233E2
3.370247729E1,5.469217460E-1,1.237466560E-1,-4.245621375E-1,-7.108519027E-1,1.136878258E2,5.051315923E1,-1.676658512E1,-1.128055404E2
3.371244629E1,5.461652417E-1,1.253436949E-1,-4.253220768E-1,-7.106994681E-1,1.137913436E2,5.070487002E1,-1.664427827E1,-1.128457978E2
3.372241629E1,5.452599010E-1,1.270203070E-1,-4.262085831E-1,-7.105657204E-1,1.139151477E2,5.091781997E1,-1.651559727E1,-1.129029337E2
3.373238629E1,5.442088166E-1,1.288002422E-1,-4.272008990E-1,-7.104551534E-1,1.140587730E2,5.115097115E1,-1.637718268E1,-1.129751289E2
3.374235529E1,5.430440515E-1,1.306590447E-1,-4.282766552E-1,-7.103593905E-1,1.142177959E2,5.139982281E1,-1.623134535E1,-1.130587326E2
3.375232529E1,5.417908150E-1,1.325783279E-1,-4.294297930E-1,-7.102645179E-1,1.143887384E2,5.166219375E1,-1.608069227E1,-1.131509204E2
3.376229529E1,5.404739736E-1,1.345819890E-1,-4.306302617E-1,-7.101642137E-1,1.145681798E2,5.193570537E1,-1.592258342E1,-1.132469141E2
3.377226429E1,5.390997018E-1,1.366820927E-1,-4.318096885E-1,-7.100914998E-1,1.147552547E2,5.221317244E1,-1.575136412E1,-1.133445234E2
3.378223429E1,5.376824350E-1,1.388965514E-1,-4.328649824E-1,-7.100938126E-1,1.149479778E2,5.248367195E1,-1.555888729E1,-1.134399345E2
3.379220429E1,5.362529772E-1,1.412451002E-1,-4.336879839E-1,-7.102093003E-1,1.151421496E2,5.273557690E1,-1.533758810E1,-1.135270700E2
3.380217329E1,5.348747858E-1,1.437636905E-1,-4.342144191E-1,-7.104215413E-1,1.153291598E2,5.296283814E1,-1.508400926E1,-1.135952568E2
3.381214329E1,5.337043099E-1,1.464859449E-1,-4.343962933E-1,-7.106345251E-1,1.154878330E2,5.316008059E1,-1.480217197E1,-1.136220037E2
3.382211329E1,5.326442850E-1,1.492088210E-1,-4.342821386E-1,-7.109331250E-1,1.156314135E2,5.332231168E1,-1.450596596E1,-1.136301761E2
3.383208229E1,5.318659803E-1,1.519235206E-1,-4.339343639E-1,-7.111532369E-1,1.157367630E2,5.345422226E1,-1.421185957E1,-1.135986886E2
3.384205229E1,5.312141160E-1,1.545522722E-1,-4.334466300E-1,-7.113713258E-1,1.158249510E2,5.356398003E1,-1.392300788E1,-1.135525677E2
3.385202229E1,5.308851177E-1,1.572301565E-1,-4.326956153E-1,-7.114872296E-1,1.158694436E2,5.364357317E1,-1.363223032E1,-1.134590841E2
3.386199129E1,5.308686383E-1,1.598798025E-1,-4.315243122E-1,-7.116203715E-1,1.158716720E2,5.367110693E1,-1.333345867E1,-1.133224623E2
3.387196129E1,5.310605540E-1,1.623736315E-1,-4.298829454E-1,-7.119059796E-1,1.158457195E2,5.363486959E1,-1.302629673E1,-1.131625407E2
3.388193129E1,5.314234910E-1,1.647364576E-1,-4.278414047E-1,-7.123220006E-1,1.157966301E2,5.354507053E1,-1.271133187E1,-1.129838655E2
3.389190029E1,5.318114844E-1,1.670063393E-1,-4.255659174E-1,-7.128668013E-1,1.157441371E2,5.342465502E1,-1.238825612E1,-1.128049683E2
3.390187029E1,5.322403286E-1,1.693112029E-1,-4.231840094E-1,-7.134208216E-1,1.156860997E2,5.329582682E1,-1.205736509E1,-1.126184414E2
3.391184029E1,5.326951458E-1,1.717077992E-1,-4.208157358E-1,-7.139092509E-1,1.156245270E2,5.317584517E1,-1.172212592E1,-1.124241590E2
3.392180929E1,5.331462856E-1,1.742150625E-1,-4.186447200E-1,-7.142414524E-1,1.155634316E2,5.308670484E1,-1.139282116E1,-1.122260528E2
3.393177929E1,5.334265727E-1,1.767463601E-1,-4.168396548E-1,-7.144660003E-1,1.155254635E2,5.304311510E1,-1.107817538E1,-1.120508692E2
3.394174929E1,5.335873313E-1,1.793407199E-1,-4.153803518E-1,-7.145491876E-1,1.155036833E2,5.304440285E1,-1.077705081E1,-1.118895462E2
3.395171829E1,5.335396211E-1,1.818964732E-1,-4.141844666E-1,-7.146329755E-1,1.155101476E2,5.307549178E1,-1.048564720E1,-1.117580832E2
3.396168829E1,5.332347519E-1,1.842970734E-1,-4.132190087E-1,-7.148044921E-1,1.155514487E2,5.312532075E1,-1.020745049E1,-1.116684329E2
3.397165729E1,5.328198161E-1,1.866013470E-1,-4.124880770E-1,-7.149382241E-1,1.156076456E2,5.319644143E1,-9.947560718E0,-1.115984884E2
3.398162729E1,5.321569937E-1,1.887416482E-1,-4.120817392E-1,-7.151043880E-1,1.156973792E2,5.329528063E1,-9.709010806E0,-1.115699529E2
3.399159729E1,5.314934337E-1,1.909355497E-1,-4.119097063E-1,-7.151145876E-1,1.157871685E2,5.342368596E1,-9.484048683E0,-1.115390379E2
3.400156629E1,5.309282340E-1,1.932488006E-1,-4.118511433E-1,-7.149466008E-1,1.158636133E2,5.357187508E1,-9.265040579E0,-1.114887796E2
3.401153629E1,5.303889650E-1,1.955977287E-1,-4.118733547E-1,-7.146952791E-1,1.159365212E2,5.373148378E1,-9.051409369E0,-1.114327097E2
3.402150629E1,5.300022993E-1,1.979860010E-1,-4.120205525E-1,-7.142396822E-1,1.159887796E2,5.390670807E1,-8.854441397E0,-1.113545453E2
3.403147529E1,5.295175789E-1,2.002579795E-1,-4.125408027E-1,-7.136652523E-1,1.160542693E2,5.411644076E1,-8.688411746E0,-1.112958457E2
3.404144529E1,5.289647387E-1,2.024491626E-1,-4.135511364E-1,-7.128717536E-1,1.161289339E2,5.437554674E1,-8.561294042E0,-1.112513606E2
3.405141529E1,5.282822021E-1,2.045760717E-1,-4.150307331E-1,-7.119101416E-1,1.162210731E2,5.468326915E1,-8.466269224E0,-1.112279166E2
3.406138429E1,5.273925454E-1,2.066076552E-1,-4.168334171E-1,-7.109290683E-1,1.163411034E2,5.502206676E1,-8.389567505E0,-1.112363911E2
3.407135429E1,5.265173239E-1,2.086568665E-1,-4.186944638E-1,-7.098850909E-1,1.164591099E2,5.536881347E1,-8.317300357E0,-1.112411645E2
3.408132429E1,5.257061973E-1,2.107599311E-1,-4.204367092E-1,-7.088343384E-1,1.165684074E2,5.570605998E1,-8.236799753E0,-1.112330470E2
3.409129329E1,5.250513301E-1,2.130150930E-1,-4.219359042E-1,-7.077539355E-1,1.166566023E2,5.602603485E1,-8.137633348E0,-1.111942770E2
3.410126329E1,5.246305886E-1,2.154936649E-1,-4.231381009E-1,-7.065970361E-1,1.167132440E2,5.632711993E1,-8.015906354E0,-1.111106074E2
3.411123329E1,5.242259262E-1,2.180890994E-1,-4.241576016E-1,-7.054889639E-1,1.167677048E2,5.661635696E1,-7.873702959E0,-1.110160643E2
3.412120229E1,5.239978801E-1,2.209209251E-1,-4.250304839E-1,-7.042508897E-1,1.167983890E2,5.690492692E1,-7.715983468E0,-1.108834393E2
3.413117229E1,5.238231077E-1,2.239495766E-1,-4.258495025E-1,-7.029281846E-1,1.168219016E2,5.720144116E1,-7.544644564E0,-1.107307073E2
3.414114229E1,5.236558163E-1,2.271054694E-1,-4.266133088E-1,-7.015759135E-1,1.168444051E2,5.750152177E1,-7.361755023E0,-1.105675381E2
3.415111129E1,5.236329042E-1,2.304222788E-1,-4.272138381E-1,-7.001446750E-1,1.168474869E2,5.779493968E1,-7.166236978E0,-1.103740816E2
3.416108129E1,5.236757096E-1,2.337692444E-1,-4.275865427E-1,-6.987742439E-1,1.168417292E2,5.806626537E1,-6.957294769E0,-1.101677582E2
3.417105129E1,5.238140198E-1,2.371162099E-1,-4.277065348E-1,-6.974682131E-1,1.168231242E2,5.831065092E1,-6.737187262E0,-1.099466658E2
3.418102029E1,5.238529266E-1,2.403066842E-1,-4.276769477E-1,-6.963643398E-1,1.168178902E2,5.852962233E1,-6.511211449E0,-1.097453836E2
3.419099029E1,5.237029365E-1,2.432732849E-1,-4.275955516E-1,-6.954964835E-1,1.168380669E2,5.872942666E1,-6.285033125E0,-1.095798873E2
3.420096029E1,5.235819909E-1,2.460796539E-1,-4.274610399E-1,-6.946824434E-1,1.168543349E2,5.891308686E1,-6.069075300E0,-1.094191754E2
3.421092929E1,5.233386033E-1,2.485263733E-1,-4.273724789E-1,-6.940490922E-1,1.168870679E2,5.907784468E1,-5.874050711E0,-1.092953493E2
3.422089929E1,5.231112053E-1,2.506358758E-1,-4.273066771E-1,-6.935022526E-1,1.169176453E2,5.922174564E1,-5.706045013E0,-1.091899752E2
3.423086929E1,5.229817407E-1,2.524823555E-1,-4.272528292E-1,-6.929630996E-1,1.169350517E2,5.934829880E1,-5.564655378E0,-1.090884124E2
3.424083829E1,5.227665600E-1,2.540268057E-1,-4.273159441E-1,-6.925218853E-1,1.169639790E2,5.946680384E1,-5.447562990E0,-1.090166337E2
3.425080829E1,5.226767556E-1,2.554727745E-1,-4.274234660E-1,-6.919912038E-1,1.169760503E2,5.958289674E1,-5.349960262E0,-1.089352183E2
3.426077829E1,5.225299844E-1,2.567547763E-1,-4.276026955E-1,-6.915167304E-1,1.169957773E2,5.969552201E1,-5.265442825E0,-1.088713162E2
3.427074729E1,5.222998468E-1,2.578954333E-1,-4.278002009E-1,-6.911439152E-1,1.170267050E2,5.980045088E1,-5.186287815E0,-1.088267086E2
3.428071729E1,5.221412799E-1,2.590716729E-1,-4.278879454E-1,-6.907694088E-1,1.170480115E2,5.989579065E1,-5.101383406E0,-1.087703317E2
3.429068729E1,5.218467050E-1,2.602400573E-1,-4.279062055E-1,-6.905413628E-1,1.170875869E2,5.998359908E1,-5.001961048E0,-1.087309822E2
3.430065629E1,5.216200182E-1,2.615661552E-1,-4.277620738E-1,-6.903008096E-1,1.171180360E2,6.006498286E1,-4.884067645E0,-1.086722214E2
3.431062629E1,5.214775513E-1,2.630412106E-1,-4.274690268E-1,-6.900294788E-1,1.171371700E2,6.014085448E1,-4.750598868E0,-1.085925598E2
3.432059529E1,5.212596257E-1,2.644816634E-1,-4.271150354E-1,-6.898626879E-1,1.171664346E2,6.020809077E1,-4.609464887E0,-1.085240789E2
3.433056529E1,5.212440156E-1,2.659609019E-1,-4.266365738E-1,-6.896018147E-1,1.171685307E2,6.026420462E1,-4.470700017E0,-1.084272729E2
3.434053529E1,5.213367018E-1,2.673823570E-1,-4.261361538E-1,-6.892915665E-1,1.171560848E2,6.031371217E1,-4.342134738E0,-1.083204871E2
3.435050383E1,5.214658292E-1,2.687068534E-1,-4.257188262E-1,-6.889364477E-1,1.171387442E2,6.036540012E1,-4.229504283E0,-1.082154593E2
3.436047383E1,5.216505904E-1,2.699505542E-1,-4.253960762E-1,-6.885096792E-1,1.171139298E2,6.042160065E1,-4.133986484E0,-1.081088645E2
3.437044383E1,5.217556099E-1,2.710349557E-1,-4.251887084E-1,-6.881320540E-1,1.170998236E2,6.047907943E1,-4.052672090E0,-1.080228318E2
3.438041283E1,5.217028473E-1,2.719366296E-1,-4.250675942E-1,-6.878911373E-1,1.171069108E2,6.053302516E1,-3.979086769E0,-1.079686745E2
3.439038283E1,5.216914465E-1,2.728122146E-1,-4.249106973E-1,-6.876498255E-1,1.171084422E2,6.058112913E1,-3.907507033E0,-1.079109058E2
3.440035283E1,5.216246438E-1,2.735969151E-1,-4.247547855E-1,-6.874852421E-1,1.171174148E2,6.062284123E1,-3.838102892E0,-1.078660800E2
3.441032183E1,5.215502388E-1,2.742629249E-1,-4.246108488E-1,-6.873650972E-1,1.171274080E2,6.065709482E1,-3.777051861E0,-1.078300962E2
3.442029183E1,5.216008150E-1,2.748553041E-1,-4.244846137E-1,-6.871681029E-1,1.171206152E2,6.068750687E1,-3.731414672E0,-1.077835441E2
3.443026183E1,5.215899095E-1,2.753047318E-1,-4.244784866E-1,-6.870002214E-1,1.171220799E2,6.072051052E1,-3.700359375E0,-1.077544521E2
3.444023083E1,5.217127729E-1,2.758054627E-1,-4.244576397E-1,-6.867188860E-1,1.171055776E2,6.075543714E1,-3.674507672E0,-1.077051950E2
3.445020083E1,5.217832793E-1,2.762314672E-1,-4.244415133E-1,-6.865039844E-1,1.170961069E2,6.078544919E1,-3.650202403E0,-1.076674831E2
3.446017083E1,5.217544350E-1,2.765468047E-1,-4.244571972E-1,-6.863892765E-1,1.170999815E2,6.081090117E1,-3.628521747E0,-1.076496707E2
3.447013983E1,5.218486490E-1,2.768666571E-1,-4.244338478E-1,-6.862031824E-1,1.170873258E2,6.083214306E1,-3.612422157E0,-1.076161822E2
3.448010983E1,5.218923395E-1,2.770348599E-1,-4.244494053E-1,-6.860924784E-1,1.170814566E2,6.084636527E1,-3.605752374E0,-1.075993377E2
3.449007983E1,5.220811310E-1,2.771278938E-1,-4.244651945E-1,-6.859014110E-1,1.170560931E2,6.085459090E1,-3.614650419E0,-1.075695576E2
3.450004883E1,5.222247780E-1,2.770105886E-1,-4.246087572E-1,-6.857505147E-1,1.170367923E2,6.086102037E1,-3.644297977E0,-1.075599077E2
3.451001883E1,5.223200246E-1,2.767278622E-1,-4.248711688E-1,-6.856295585E-1,1.170239936E2,6.086808219E1,-3.690786383E0,-1.075677211E2
3.451998883E1,5.225556835E-1,2.764783898E-1,-4.251100202E-1,-6.854026662E-1,1.169923233E2,6.087472402E1,-3.743461991E0,-1.075557851E2
3.452995783E1,5.227728240E-1,2.762260724E-1,-4.253276508E-1,-6.852037331E-1,1.169631370E2,6.087889213E1,-3.793298984E0,-1.075462760E2
3.453992783E1,5.230849689E-1,2.760678110E-1,-4.254644173E-1,-6.849442718E-1,1.169211729E2,6.088105701E1,-3.837442903E0,-1.075184058E2
3.454989783E1,5.234449504E-1,2.760015245E-1,-4.255015381E-1,-6.846728830E-1,1.168727661E2,6.087913683E1,-3.871082430E0,-1.074781623E2
3.455986683E1,5.238086988E-1,2.759816418E-1,-4.254327861E-1,-6.844453532E-1,1.168238400E2,6.086915324E1,-3.893498682E0,-1.074340918E2
3.456983683E1,5.243086868E-1,2.760657247E-1,-4.252175000E-1,-6.841623372E-1,1.167565679E2,6.085064911E1,-3.907329350E0,-1.073657225E2
3.457980683E1,5.247581039E-1,2.760844063E-1,-4.249894328E-1,-6.839519770E-1,1.166960793E2,6.082599093E1,-3.920735272E0,-1.073080457E2
3.458977583E1,5.253802020E-1,2.761731096E-1,-4.247046624E-1,-6.836153817E-1,1.166123164E2,6.079995299E1,-3.937627050E0,-1.072239345E2
3.459974583E1,5.259841083E-1,2.762382476E-1,-4.244748567E-1,-6.832673067E-1,1.165309668E2,6.077817689E1,-3.959133077E0,-1.071437280E2
3.460971583E1,5.265530276E-1,2.762823437E-1,-4.242992624E-1,-6.829204170E-1,1.164542975E2,6.076081124E1,-3.983799957E0,-1.070693804E2
3.461968483E1,5.272565849E-1,2.764230088E-1,-4.240797827E-1,-6.824567596E-1,1.163594399E2,6.074556524E1,-4.008485616E0,-1.069714898E2
3.462965483E1,5.279628818E-1,2.765455034E-1,-4.238293724E-1,-6.820165779E-1,1.162641640E2,6.072559770E1,-4.032086752E0,-1.068743795E2
3.463962483E1,5.285147368E-1,2.765709601E-1,-4.236106303E-1,-6.817145694E-1,1.161896872E2,6.070219477E1,-4.053275752E0,-1.068031540E2
3.464959383E1,5.291193386E-1,2.766752472E-1,-4.233930525E-1,-6.813383192E-1,1.161080572E2,6.068472030E1,-4.073264489E0,-1.067199404E2
3.465956383E1,5.295784021E-1,2.767594355E-1,-4.232664223E-1,-6.810261796E-1,1.160460528E2,6.067601540E1,-4.091224210E0,-1.066564612E2
3.466953283E1,5.301233293E-1,2.769284602E-1,-4.231265211E-1,-6.806202528E-1,1.159724239E2,6.067203121E1,-4.108892113E0,-1.065763767E2
3.467950283E1,5.307305336E-1,2.771082692E-1,-4.229824104E-1,-6.801633441E-1,1.158903453E2,6.066823375E1,-4.130108772E0,-1.064877030E2
3.468947283E1,5.313358572E-1,2.772394723E-1,-4.229039330E-1,-6.796856412E-1,1.158084844E2,6.066785962E1,-4.159698292E0,-1.064025738E2
3.469944183E1,5.319100659E-1,2.773310627E-1,-4.229241582E-1,-6.791864539E-1,1.157307973E2,6.067525436E1,-4.197589088E0,-1.063242046E2
3.470941183E1,5.322847777E-1,2.773175283E-1,-4.230816663E-1,-6.788002781E-1,1.156800832E2,6.069012019E1,-4.238793181E0,-1.062782625E2
3.471938183E1,5.325796950E-1,2.772889211E-1,-4.232710637E-1,-6.784624553E-1,1.156401586E2,6.070752444E1,-4.277716962E0,-1.062434128E2
3.472935083E1,5.328114342E-1,2.772403258E-1,-4.234321068E-1,-6.781997803E-1,1.156087807E2,6.072053640E1,-4.311006254E0,-1.062178106E2
3.473932083E1,5.328246525E-1,2.770741039E-1,-4.236297281E-1,-6.781340471E-1,1.156069907E2,6.072927612E1,-4.338798125E0,-1.062277824E2
3.474929083E1,5.328186466E-1,2.768987835E-1,-4.237933316E-1,-6.781081057E-1,1.156078040E2,6.073371224E1,-4.363012413E0,-1.062407037E2
3.475925983E1,5.326741724E-1,2.766282482E-1,-4.239880869E-1,-6.782102644E-1,1.156273668E2,6.073476169E1,-4.385734063E0,-1.062775646E2
3.476922983E1,5.325076239E-1,2.763398900E-1,-4.241734804E-1,-6.783427583E-1,1.156499161E2,6.073354635E1,-4.407233163E0,-1.063183956E2
3.477919983E1,5.322494112E-1,2.760284722E-1,-4.243813434E-1,-6.785421339E-1,1.156848703E2,6.073333832E1,-4.425314694E0,-1.063723344E2
3.478916883E1,5.320892848E-1,2.758256036E-1,-4.245059874E-1,-6.786720832E-1,1.157065433E2,6.073202526E1,-4.436828736E0,-1.064064070E2
3.479913883E1,5.317913856E-1,2.755766790E-1,-4.246369008E-1,-6.789248010E-1,1.157468567E2,6.072837601E1,-4.441708204E0,-1.064609513E2
3.480910883E1,5.316006817E-1,2.754380844E-1,-4.246699176E-1,-6.791096887E-1,1.157726593E2,6.072210907E1,-4.439379823E0,-1.064943543E2
3.481907783E1,5.313620620E-1,2.753188404E-1,-4.246565676E-1,-6.793531973E-1,1.158049397E2,6.071243534E1,-4.428519440E0,-1.065323983E2
3.482904783E1,5.309745375E-1,2.751511223E-1,-4.246459202E-1,-6.797306066E-1,1.158573518E2,6.069987268E1,-4.410115978E0,-1.065923983E2
3.483901783E1,5.306588735E-1,2.750447226E-1,-4.245770733E-1,-6.800632137E-1,1.159000339E2,6.068539541E1,-4.388309316E0,-1.066391273E2
3.484898683E1,5.302648478E-1,2.748685435E-1,-4.245347210E-1,-6.804679446E-1,1.159532975E2,6.066877599E1,-4.367486051E0,-1.067004013E2
3.485895683E1,5.299558008E-1,2.747031276E-1,-4.244809733E-1,-6.808091075E-1,1.159950630E2,6.065147241E1,-4.351299748E0,-1.067502801E2
3.486892683E1,5.297212009E-1,2.745500819E-1,-4.244290167E-1,-6.810857700E-1,1.160267611E2,6.063505898E1,-4.339937596E0,-1.067899498E2
3.487889583E1,5.294198615E-1,2.743340477E-1,-4.244176687E-1,-6.814139991E-1,1.160674688E2,6.061852543E1,-4.331110367E0,-1.068422843E2
3.488886583E1,5.292060084E-1,2.741534432E-1,-4.243689943E-1,-6.816830646E-1,1.160963526E2,6.060034013E1,-4.323385435E0,-1.068811876E2
3.489883583E1,5.289422850E-1,2.739401801E-1,-4.243338860E-1,-6.819953411E-1,1.161319658E2,6.058133723E1,-4.315266071E0,-1.069285675E2
3.490880483E1,5.287108514E-1,2.738239497E-1,-4.242721304E-1,-6.822599022E-1,1.161632129E2,6.056662982E1,-4.301012947E0,-1.069653022E2
3.491877483E1,5.285428751E-1,2.738785667E-1,-4.241576226E-1,-6.824391738E-1,1.161858889E2,6.055881575E1,-4.275944432E0,-1.069824542E2
3.492874483E1,5.283543523E-1,2.739978634E-1,-4.240311189E-1,-6.826158955E-1,1.162113353E2,6.055461915E1,-4.244156421E0,-1.069978225E2
3.493871383E1,5.281990043E-1,2.741581531E-1,-4.239105315E-1,-6.827467141E-1,1.162323012E2,6.055404041E1,-4.212575218E0,-1.070062820E2
3.494868383E1,5.279238275E-1,2.742795940E-1,-4.238993467E-1,-6.829176195E-1,1.162694335E2,6.056277635E1,-4.183580903E0,-1.070325392E2
3.495865383E1,5.274845730E-1,2.744158863E-1,-4.239934290E-1,-6.831439481E-1,1.163286908E2,6.058454413E1,-4.150059368E0,-1.070785311E2
3.496862283E1,5.271440054E-1,2.747226258E-1,-4.240208298E-1,-6.832664479E-1,1.163746218E2,6.061156395E1,-4.107187699E0,-1.071004942E2
3.497859283E1,5.267353022E-1,2.750193502E-1,-4.240106618E-1,-6.834685473E-1,1.164297269E2,6.063394922E1,-4.056986403E0,-1.071315577E2
3.498856283E1,5.264409380E-1,2.753261160E-1,-4.239358723E-1,-6.836181792E-1,1.164694055E2,6.064973278E1,-4.009307307E0,-1.071474895E2
3.499853183E1,5.261087418E-1,2.754978644E-1,-4.239094462E-1,-6.838211531E-1,1.165141735E2,6.066072655E1,-3.971622799E0,-1.071773502E2
3.500850183E1,5.257327972E-1,2.754827337E-1,-4.239318262E-1,-6.841023517E-1,1.165648242E2,6.066308543E1,-3.946958925E0,-1.072253593E2
3.501847083E1,5.254578206E-1,2.753612138E-1,-4.239006059E-1,-6.843819644E-1,1.166018627E2,6.065134429E1,-3.932389852E0,-1.072678811E2
3.502844083E1,5.251571239E-1,2.750618079E-1,-4.238699599E-1,-6.847519505E-1,1.166423573E2,6.062637836E1,-3.927747085E0,-1.073255997E2
3.503841083E1,5.250005115E-1,2.747350170E-1,-4.237824893E-1,-6.850572570E-1,1.166634446E2,6.059279484E1,-3.930915762E0,-1.073670724E2
3.504837983E1,5.249117345E-1,2.743616328E-1,-4.236925111E-1,-6.853306373E-1,1.166753971E2,6.055527587E1,-3.941934720E0,-1.074032198E2
3.505834983E1,5.247689041E-1,2.738768966E-1,-4.236406757E-1,-6.856658259E-1,1.166946254E2,6.051373569E1,-3.959472966E0,-1.074536386E2
3.506831983E1,5.247136127E-1,2.733803962E-1,-4.235457716E-1,-6.859648104E-1,1.167020684E2,6.046642227E1,-3.980778040E0,-1.074938084E2
3.507828883E1,5.245527856E-1,2.727676074E-1,-4.234552138E-1,-6.863875380E-1,1.167237162E2,6.041123459E1,-4.002537353E0,-1.075549312E2
3.508825883E1,5.244226624E-1,2.721534540E-1,-4.233156129E-1,-6.868168194E-1,1.167412294E2,6.035058559E1,-4.022801619E0,-1.076121698E2
3.509822883E1,5.242199150E-1,2.715542365E-1,-4.231400449E-1,-6.873167864E-1,1.167685137E2,6.028740591E1,-4.034050465E0,-1.076773253E2
3.510819783E1,5.240513645E-1,2.710616821E-1,-4.228214411E-1,-6.878354930E-1,1.167911930E2,6.021656497E1,-4.029415708E0,-1.077307387E2
3.511816783E1,5.240390682E-1,2.706745896E-1,-4.222936941E-1,-6.883213513E-1,1.167928474E2,6.013042048E1,-4.012527712E0,-1.077572078E2
3.512813783E1,5.240496049E-1,2.702059114E-1,-4.216692938E-1,-6.888800499E-1,1.167914297E2,6.002767876E1,-3.995167167E0,-1.077860667E2
3.513810683E1,5.241068456E-1,2.695912101E-1,-4.210101065E-1,-6.894803844E-1,1.167837280E2,5.991022988E1,-3.988305122E0,-1.078187240E2
3.514807683E1,5.242326328E-1,2.687955725E-1,-4.203984609E-1,-6.900683961E-1,1.167668023E2,5.978438370E1,-4.002415238E0,-1.078548244E2
3.515804683E1,5.242742423E-1,2.677365855E-1,-4.199853428E-1,-6.906996189E-1,1.167612031E2,5.966091006E1,-4.044077674E0,-1.079190732E2
3.516801583E1,5.243897352E-1,2.665712304E-1,-4.197279467E-1,-6.912188576E-1,1.167456608E2,5.954640205E1,-4.110712386E0,-1.079811654E2
3.517798583E1,5.244963088E-1,2.652725859E-1,-4.196327528E-1,-6.916953435E-1,1.167313176E2,5.943987779E1,-4.198726780E0,-1.080531995E2
3.518795583E1,5.245461790E-1,2.638289668E-1,-4.197042813E-1,-6.921661554E-1,1.167246055E2,5.934120054E1,-4.305910336E0,-1.081418233E2
3.519792483E1,5.244879584E-1,2.623077711E-1,-4.199182924E-1,-6.926584042E-1,1.167324415E2,5.925297202E1,-4.422169426E0,-1.082489441E2
3.520789483E1,5.244093862E-1,2.608617443E-1,-4.201678123E-1,-6.931125892E-1,1.167430161E2,5.917453822E1,-4.534925728E0,-1.083534393E2
3.521786483E1,5.242491333E-1,2.595649069E-1,-4.204082390E-1,-6.935746978E-1,1.167645820E2,5.910660685E1,-4.631217535E0,-1.084581324E2
3.522783383E1,5.241763879E-1,2.585709788E-1,-4.205163667E-1,-6.939352219E-1,1.167743708E2,5.904627217E1,-4.702757900E0,-1.085317571E2
3.523780383E1,5.241961179E-1,2.578264548E-1,-4.204891820E-1,-6.942138916E-1,1.167717159E2,5.898913881E1,-4.753218080E0,-1.085772984E2
3.524777383E1,5.242159637E-1,2.571472688E-1,-4.204028126E-1,-6.945030664E-1,1.167690454E2,5.893036864E1,-4.794638635E0,-1.086183732E2
3.525774283E1,5.242923444E-1,2.564525360E-1,-4.203197675E-1,-6.947524809E-1,1.167587671E2,5.887069042E1,-4.841454495E0,-1.086532836E2
3.526771283E1,5.242559348E-1,2.555910755E-1,-4.203692268E-1,-6.950673969E-1,1.167636667E2,5.881386305E1,-4.902251577E0,-1.087132206E2
3.527768283E1,5.240491834E-1,2.545287852E-1,-4.205992432E-1,-6.954738401E-1,1.167914864E2,5.876297292E1,-4.979146318E0,-1.088076295E2
3.528765183E1,5.239232960E-1,2.534056402E-1,-4.209206288E-1,-6.957843306E-1,1.168084234E2,5.871757476E1,-5.073229231E0,-1.088958372E2
3.529762183E1,5.237367857E-1,2.520943148E-1,-4.213590087E-1,-6.961357194E-1,1.168335137E2,5.867191286E1,-5.185394441E0,-1.090037056E2
3.530759183E1,5.235838084E-1,2.506410704E-1,-4.218695124E-1,-6.964661349E-1,1.168540905E2,5.862417639E1,-5.315621032E0,-1.091162765E2
3.531756083E1,5.233046066E-1,2.489622929E-1,-4.224959252E-1,-6.968983298E-1,1.168916397E2,5.857397350E1,-5.461985952E0,-1.092589293E2
3.532753083E1,5.231058000E-1,2.472245151E-1,-4.231628780E-1,-6.972614249E-1,1.169183721E2,5.852425129E1,-5.621576484E0,-1.093949352E2
3.533750083E1,5.229782109E-1,2.454651739E-1,-4.238668621E-1,-6.975511107E-1,1.169355263E2,5.847735157E1,-5.790840849E0,-1.095230910E2
3.534746983E1,5.227228432E-1,2.436049490E-1,-4.246309739E-1,-6.979298844E-1,1.169698554E2,5.843112082E1,-5.963234161E0,-1.096733214E2
3.535744004E1,5.225858817E-1,2.417835940E-1,-4.253418016E-1,-6.982329045E-1,1.169882646E2,5.838190514E1,-6.137377680E0,-1.098057079E2
3.536740904E1,5.225070829E-1,2.399299230E-1,-4.260267827E-1,-6.985136710E-1,1.169988552E2,5.832793755E1,-6.316201028E0,-1.099323021E2
3.537737904E1,5.222175762E-1,2.378915960E-1,-4.267726765E-1,-6.989717651E-1,1.170377600E2,5.826949908E1,-6.498509565E0,-1.100963927E2
3.538734904E1,5.219167004E-1,2.358389496E-1,-4.274628417E-1,-6.994701410E-1,1.170781840E2,5.820478148E1,-6.677192765E0,-1.102620867E2
3.539731804E1,5.214800906E-1,2.337837323E-1,-4.280757939E-1,-7.001104886E-1,1.171368290E2,5.813285044E1,-6.841151899E0,-1.104441459E2
3.540728804E1,5.211876231E-1,2.319780560E-1,-4.284948811E-1,-7.006722745E-1,1.171761027E2,5.805661571E1,-6.982793882E0,-1.105918067E2
3.541725804E1,5.209293788E-1,2.303853055E-1,-4.287715540E-1,-7.012204891E-1,1.172107739E2,5.797954671E1,-7.100931247E0,-1.107214047E2
3.542722704E1,5.207371681E-1,2.290158490E-1,-4.289654928E-1,-7.016930606E-1,1.172365754E2,5.790858453E1,-7.201481564E0,-1.108286306E2
3.543719704E1,5.207689679E-1,2.279116964E-1,-4.290520519E-1,-7.019759292E-1,1.172323070E2,5.784280690E1,-7.290314823E0,-1.108912002E2
3.544716704E1,5.208669804E-1,2.269289162E-1,-4.290380170E-1,-7.022302644E-1,1.172191504E2,5.777390024E1,-7.367367056E0,-1.109376649E2
3.545713604E1,5.211536528E-1,2.260662861E-1,-4.288451635E-1,-7.024135294E-1,1.171806638E2,5.769232641E1,-7.435176874E0,-1.109524189E2
3.546710604E1,5.216886754E-1,2.252658332E-1,-4.284841758E-1,-7.024937665E-1,1.171088144E2,5.759493730E1,-7.502820443E0,-1.109314670E2
3.547707604E1,5.222401880E-1,2.242346684E-1,-4.281395831E-1,-7.026241056E-1,1.170347216E2,5.748368112E1,-7.589690042E0,-1.109219959E2
3.548704504E1,5.228175787E-1,2.229068635E-1,-4.279235489E-1,-7.027487128E-1,1.169571208E2,5.736653078E1,-7.709869449E0,-1.109269561E2
3.549701504E1,5.233057762E-1,2.212367841E-1,-4.279456023E-1,-7.028997144E-1,1.168914824E2,5.725337552E1,-7.867244988E0,-1.109638164E2
3.550698504E1,5.237541555E-1,2.193474779E-1,-4.281637438E-1,-7.030250380E-1,1.168311772E2,5.714774943E1,-8.053143427E0,-1.110187700E2
3.551695404E1,5.241988363E-1,2.173824443E-1,-4.284852610E-1,-7.031080357E-1,1.167713501E2,5.704891929E1,-8.252526637E0,-1.110784035E2
3.552692404E1,5.246172913E-1,2.153577834E-1,-4.288653940E-1,-7.031870821E-1,1.167150339E2,5.695320514E1,-8.459297249E0,-1.111443998E2
3.553689404E1,5.252573860E-1,2.134421776E-1,-4.292081216E-1,-7.030843597E-1,1.166288561E2,5.685952594E1,-8.670610485E0,-1.111753046E2
3.554686304E1,5.261140313E-1,2.116602088E-1,-4.294967433E-1,-7.028063064E-1,1.165134608E2,5.676747093E1,-8.882943225E0,-1.111702104E2
3.555683304E1,5.270076762E-1,2.099027168E-1,-4.297697811E-1,-7.024968168E-1,1.163930048E2,5.667519341E1,-9.095003935E0,-1.111582798E2
3.556680304E1,5.280954389E-1,2.082394231E-1,-4.299554906E-1,-7.020611501E-1,1.162462772E2,5.657810623E1,-9.306829434E0,-1.111152588E2
3.557677204E1,5.292401895E-1,2.065456150E-1,-4.300728380E-1,-7.016274169E-1,1.160917363E2,5.647098037E1,-9.519747483E0,-1.110656437E2
3.558674204E1,5.303449848E-1,2.047646894E-1,-4.301643493E-1,-7.012590113E-1,1.159424660E2,5.635555907E1,-9.734614190E0,-1.110251072E2
3.559671204E1,5.314189181E-1,2.029030841E-1,-4.302550704E-1,-7.009314144E-1,1.157972487E2,5.623503684E1,-9.953511890E0,-1.109921887E2
3.560668104E1,5.323539091E-1,2.009171352E-1,-4.304120148E-1,-7.006976627E-1,1.156707252E2,5.611496544E1,-1.017752731E1,-1.109834374E2
3.561665104E1,5.332330238E-1,1.988748991E-1,-4.306554655E-1,-7.004621303E-1,1.155516828E2,5.600149897E1,-1.040883218E1,-1.109845341E2
3.562662104E1,5.339320241E-1,1.966859077E-1,-4.311117578E-1,-7.002670378E-1,1.154569743E2,5.590402151E1,-1.065550227E1,-1.110171139E2
3.563659004E1,5.344329130E-1,1.943016078E-1,-4.318406138E-1,-7.001015535E-1,1.153890777E2,5.582650869E1,-1.092465421E1,-1.110865060E2
3.564656004E1,5.347997961E-1,1.917845769E-1,-4.327607849E-1,-6.999470906E-1,1.153393298E2,5.576371243E1,-1.120982994E1,-1.111805946E2
3.565653004E1,5.352293515E-1,1.893326103E-1,-4.337128716E-1,-6.996969964E-1,1.152810664E2,5.570891001E1,-1.149724412E1,-1.112625475E2
3.566649904E1,5.355884215E-1,1.869501121E-1,-4.346287016E-1,-6.994945440E-1,1.152323490E2,5.565590752E1,-1.177231435E1,-1.113489307E2
3.567646904E1,5.360381600E-1,1.847790331E-1,-4.353737420E-1,-6.992636320E-1,1.151713114E2,5.559697481E1,-1.202481811E1,-1.114106542E2
3.568643904E1,5.366257292E-1,1.828674628E-1,-4.358363036E-1,-6.990273146E-1,1.150915366E2,5.552180702E1,-1.224563635E1,-1.114384190E2
3.569640804E1,5.372170390E-1,1.810895507E-1,-4.359646724E-1,-6.989557598E-1,1.150112183E2,5.541766500E1,-1.243125848E1,-1.114558742E2
3.570637804E1,5.379899700E-1,1.794946191E-1,-4.356847857E-1,-6.989472040E-1,1.149061761E2,5.527734776E1,-1.258416789E1,-1.114369240E2
3.571634804E1,5.389169268E-1,1.779701044E-1,-4.350658803E-1,-6.990085066E-1,1.147801205E2,5.510169362E1,-1.271628688E1,-1.113913778E2
3.572631704E1,5.400156477E-1,1.764171616E-1,-4.342252614E-1,-6.990769162E-1,1.146305919E2,5.489744370E1,-1.284524865E1,-1.113226883E2
3.573628704E1,5.411565576E-1,1.746899205E-1,-4.333345510E-1,-6.991811928E-1,1.144751890E2,5.467609942E1,-1.298664031E1,-1.112562138E2
3.574625704E1,5.422919832E-1,1.727679716E-1,-4.325175449E-1,-6.992848845E-1,1.143203984E2,5.445082759E1,-1.314837352E1,-1.111998211E2
3.575622604E1,5.434569168E-1,1.707608438E-1,-4.317927982E-1,-6.993213047E-1,1.141614446E2,5.423021909E1,-1.332581425E1,-1.111433444E2
3.576619604E1,5.445727388E-1,1.687334539E-1,-4.311481621E-1,-6.993431104E-1,1.140090581E2,5.401787296E1,-1.350781049E1,-1.110937128E2
3.577616504E1,5.456764805E-1,1.667793891E-1,-4.305335452E-1,-6.993301292E-1,1.138581919E2,5.381360516E1,-1.368574119E1,-1.110410868E2
3.578613504E1,5.467695274E-1,1.649052873E-1,-4.299278950E-1,-6.992935352E-1,1.137086598E2,5.361543311E1,-1.385753589E1,-1.109849213E2
3.579610504E1,5.478321969E-1,1.630953330E-1,-4.293429389E-1,-6.992455931E-1,1.135631613E2,5.342389264E1,-1.402400438E1,-1.109287257E2
3.580607404E1,5.488355764E-1,1.613223626E-1,-4.288006143E-1,-6.992029089E-1,1.134256695E2,5.324011382E1,-1.418703042E1,-1.108779566E2
3.581604404E1,5.497337416E-1,1.595313218E-1,-4.283471247E-1,-6.991862030E-1,1.133025031E2,5.306642974E1,-1.435147809E1,-1.108417544E2
3.582601404E1,5.504756736E-1,1.576558502E-1,-4.280037754E-1,-6.992381490E-1,1.132006954E2,5.290181334E1,-1.452091309E1,-1.108303250E2
3.583598304E1,5.510929564E-1,1.556945045E-1,-4.277671209E-1,-6.993361825E-1,1.131159466E2,5.274549261E1,-1.469735514E1,-1.108395392E2
3.584595304E1,5.514070557E-1,1.535627485E-1,-4.277012980E-1,-6.996001693E-1,1.130728070E2,5.260190060E1,-1.488086132E1,-1.108977076E2
3.585592304E1,5.515582892E-1,1.514117209E-1,-4.277927778E-1,-6.998938380E-1,1.130520321E2,5.247726244E1,-1.506775067E1,-1.109789705E2
3.586589204E1,5.516045453E-1,1.493331331E-1,-4.279894244E-1,-7.001835765E-1,1.130456775E2,5.237071686E1,-1.525055793E1,-1.110710123E2
3.587586204E1,5.516027120E-1,1.473642536E-1,-4.281713618E-1,-7.004908060E-1,1.130459293E2,5.227033816E1,-1.542081575E1,-1.111637031E2
3.588583204E1,5.516936491E-1,1.455157877E-1,-4.282077662E-1,-7.007834895E-1,1.130334357E2,5.216005325E1,-1.557674581E1,-1.112367542E2
3.589580104E1,5.519246138E-1,1.437534594E-1,-4.280421291E-1,-7.010664634E-1,1.130017001E2,5.203058375E1,-1.571976444E1,-1.112848869E2
3.590577104E1,5.522990517E-1,1.420824422E-1,-4.276986533E-1,-7.013217838E-1,1.129502381E2,5.188478993E1,-1.585144498E1,-1.113075960E2
3.591574104E1,5.528130641E-1,1.405425860E-1,-4.272198441E-1,-7.015188730E-1,1.128795684E2,5.172982583E1,-1.597148194E1,-1.113039498E2
3.592571004E1,5.534485279E-1,1.391562181E-1,-4.266628208E-1,-7.016332016E-1,1.127921608E2,5.157364722E1,-1.608115163E1,-1.112758913E2
3.593568004E1,5.541564527E-1,1.379073754E-1,-4.260997705E-1,-7.016630995E-1,1.126947340E2,5.142405301E1,-1.618399470E1,-1.112313786E2
3.594565004E1,5.548640509E-1,1.367422679E-1,-4.256008782E-1,-7.016347399E-1,1.125972971E2,5.128671447E1,-1.628497497E1,-1.111832948E2
3.595561904E1,5.554955055E-1,1.355840198E-1,-4.251951832E-1,-7.016059010E-1,1.125102985E2,5.116135359E1,-1.638766540E1,-1.111455652E2
3.596558904E1,5.559867428E-1,1.343443967E-1,-4.248962778E-1,-7.016363573E-1,1.124425878E2,5.104513984E1,-1.649618901E1,-1.111308723E2
3.597555904E1,5.562763707E-1,1.329520967E-1,-4.247072281E-1,-7.017864054E-1,1.124026538E2,5.093511020E1,-1.661272773E1,-1.111506731E2
3.598552804E1,5.563127961E-1,1.313254812E-1,-4.246523107E-1,-7.020970171E-1,1.123976308E2,5.083000041E1,-1.674259882E1,-1.112157086E2
3.599549804E1,5.561185360E-1,1.294329086E-1,-4.247686466E-1,-7.025316828E-1,1.124244173E2,5.073195645E1,-1.689280258E1,-1.113245164E2
3.600546804E1,5.556018789E-1,1.272230966E-1,-4.251002264E-1,-7.031434233E-1,1.124956386E2,5.064465199E1,-1.706526323E1,-1.114920865E2
3.601543704E1,5.549417433E-1,1.248460038E-1,-4.255581624E-1,-7.038135055E-1,1.125865954E2,5.056463578E1,-1.725250748E1,-1.116868047E2
3.602540704E1,5.543162209E-1,1.224495340E-1,-4.259998192E-1,-7.044600171E-1,1.126727386E2,5.048196496E1,-1.744292558E1,-1.118769027E2
3.603537704E1,5.538517890E-1,1.201517827E-1,-4.263818699E-1,-7.049894394E-1,1.127366696E2,5.039660871E1,-1.763146141E1,-1.120398203E2
3.604534604E1,5.535896830E-1,1.180498245E-1,-4.267631408E-1,-7.053198233E-1,1.127727390E2,5.032008443E1,-1.781698718E1,-1.121666284E2
3.605531604E1,5.535110738E-1,1.162264148E-1,-4.271422201E-1,-7.054547406E-1,1.127835553E2,5.025713489E1,-1.799120170E1,-1.122564803E2
3.606528604E1,5.536304443E-1,1.147504217E-1,-4.273858394E-1,-7.054552359E-1,1.127671302E2,5.019616451E1,-1.813910247E1,-1.123034500E2
3.607525504E1,5.539205410E-1,1.136453313E-1,-4.273987785E-1,-7.053986326E-1,1.127272071E2,5.012791854E1,-1.824973431E1,-1.123093944E2
3.608522504E1,5.542869078E-1,1.128776265E-1,-4.272172520E-1,-7.053438997E-1,1.126767744E2,5.005600916E1,-1.832259044E1,-1.122889687E2
3.609519504E1,5.546312054E-1,1.124048969E-1,-4.269147325E-1,-7.053319721E-1,1.126293662E2,4.998798506E1,-1.836050773E1,-1.122582099E2
3.610516404E1,5.549439244E-1,1.121739005E-1,-4.265236413E-1,-7.053592938E-1,1.125862950E2,4.992458752E1,-1.836972451E1,-1.122209541E2
3.611513404E1,5.552420871E-1,1.121207744E-1,-4.260731969E-1,-7.054054710E-1,1.125452185E2,4.986514498E1,-1.835878099E1,-1.121778775E2
3.612510404E1,5.555618815E-1,1.121564412E-1,-4.255889612E-1,-7.054403001E-1,1.125011510E2,4.980672453E1,-1.833924292E1,-1.121278879E2
3.613507304E1,5.559036661E-1,1.121731946E-1,-4.251053472E-1,-7.054599668E-1,1.124540407E2,4.974692152E1,-1.832265545E1,-1.120756692E2
3.614504304E1,5.562508613E-1,1.120652249E-1,-4.246928455E-1,-7.054518009E-1,1.124061714E2,4.968778144E1,-1.832207887E1,-1.120284418E2
3.615501304E1,5.565946795E-1,1.117910912E-1,-4.243851840E-1,-7.054093327E-1,1.123587545E2,4.963081715E1,-1.834295228E1,-1.119894183E2
3.616498204E1,5.569393406E-1,1.113549240E-1,-4.241772631E-1,-7.053312925E-1,1.123112082E2,4.957558368E1,-1.838482940E1,-1.119577241E2
3.617495204E1,5.572658839E-1,1.107599897E-1,-4.240685137E-1,-7.052325108E-1,1.122661490E2,4.952253814E1,-1.844624144E1,-1.119358044E2
3.618492204E1,5.575544581E-1,1.100207866E-1,-4.240766375E-1,-7.051153057E-1,1.122263192E2,4.947489226E1,-1.852612080E1,-1.119259203E2
3.619489104E1,5.577824620E-1,1.092064358E-1,-4.241868831E-1,-7.049951977E-1,1.121948430E2,4.943546530E1,-1.861624297E1,-1.119282276E2
3.620486104E1,5.579558805E-1,1.084094915E-1,-4.243596746E-1,-7.048769073E-1,1.121708984E2,4.940514253E1,-1.870630712E1,-1.119378511E2
3.621483104E1,5.580805667E-1,1.077133520E-1,-4.245288521E-1,-7.047829884E-1,1.121536804E2,4.938123182E1,-1.878473834E1,-1.119500412E2
3.622480004E1,5.581464422E-1,1.071575089E-1,-4.246429541E-1,-7.047469528E-1,1.121445829E2,4.936039682E1,-1.884372623E1,-1.119641539E2
3.623477004E1,5.581542446E-1,1.067615603E-1,-4.246771984E-1,-7.047802857E-1,1.121435053E2,4.934093998E1,-1.887980160E1,-1.119790563E2
3.624474004E1,5.581110757E-1,1.065338303E-1,-4.246312268E-1,-7.048764753E-1,1.121494671E2,4.932316259E1,-1.889267118E1,-1.119934519E2
3.625470904E1,5.580504001E-1,1.064579765E-1,-4.244789818E-1,-7.050276824E-1,1.121578463E2,4.930254865E1,-1.888378694E1,-1.120031838E2
3.626467904E1,5.580074103E-1,1.064671119E-1,-4.242280500E-1,-7.052113584E-1,1.121637828E2,4.927539941E1,-1.886147194E1,-1.120061164E2
3.627464804E1,5.579946925E-1,1.064774695E-1,-4.239184077E-1,-7.054060663E-1,1.121655390E2,4.924112467E1,-1.883650297E1,-1.120042418E2
3.628461804E1,5.580054294E-1,1.064091073E-1,-4.236098927E-1,-7.055931667E-1,1.121640564E2,4.920195094E1,-1.881963945E1,-1.120022494E2
3.629458804E1,5.580361913E-1,1.062234399E-1,-4.233414278E-1,-7.057579661E-1,1.121598084E2,4.916009277E1,-1.881682087E1,-1.120025397E2
3.630455704E1,5.580733227E-1,1.058902585E-1,-4.231521147E-1,-7.058921195E-1,1.121546808E2,4.911844725E1,-1.883268174E1,-1.120085318E2
3.631452704E1,5.580683494E-1,1.053604621E-1,-4.230738586E-1,-7.060221847E-1,1.121553676E2,4.907864368E1,-1.887076341E1,-1.120291284E2
3.632449704E1,5.579959358E-1,1.046258109E-1,-4.231083663E-1,-7.061681024E-1,1.121653673E2,4.904089343E1,-1.893035943E1,-1.120681305E2
3.633446604E1,5.578411568E-1,1.037130261E-1,-4.232224684E-1,-7.063566832E-1,1.121867391E2,4.900332824E1,-1.900587137E1,-1.121261300E2
3.634443604E1,5.576029322E-1,1.026646864E-1,-4.233943643E-1,-7.065948234E-1,1.122196278E2,4.896605927E1,-1.909207579E1,-1.122013538E2
3.635440654E1,5.572874315E-1,1.015402401E-1,-4.236019059E-1,-7.068816643E-1,1.122631753E2,4.892999831E1,-1.918274146E1,-1.122903973E2
3.636437554E1,5.569130252E-1,1.004120427E-1,-4.238237774E-1,-7.072049043E-1,1.123148389E2,4.889664635E1,-1.927133603E1,-1.123877342E2
3.637434554E1,5.565120980E-1,9.934325134E-2,-4.240430991E-1,-7.075398295E-1,1.123701448E2,4.886714364E1,-1.935326265E1,-1.124862690E2
3.638431554E1,5.561056760E-1,9.838822483E-2,-4.242534751E-1,-7.078666783E-1,1.124261904E2,4.884349775E1,-1.942471935E1,-1.125810182E2
3.639428454E1,5.557052493E-1,9.758824603E-2,-4.244372670E-1,-7.081817155E-1,1.124813913E2,4.882581535E1,-1.948156900E1,-1.126686544E2
3.640425454E1,5.553070301E-1,9.695181809E-2,-4.245808718E-1,-7.084953881E-1,1.125362703E2,4.881304415E1,-1.952180979E1,-1.127492437E2
3.641422454E1,5.549113239E-1,9.649687447E-2,-4.246715824E-1,-7.088130384E-1,1.125907856E2,4.880470113E1,-1.954296624E1,-1.128219328E2
3.642419354E1,5.545220714E-1,9.625299173E-2,-4.246796535E-1,-7.091458984E-1,1.126443949E2,4.879896745E1,-1.954053428E1,-1.128847542E2
3.643416354E1,5.541455209E-1,9.617864469E-2,-4.245926203E-1,-7.095022184E-1,1.126962389E2,4.879186863E1,-1.951747063E1,-1.129382723E2
3.644413354E1,5.537762513E-1,9.624215999E-2,-4.244448534E-1,-7.098703079E-1,1.127470654E2,4.878560165E1,-1.947867883E1,-1.129848621E2
3.645410254E1,5.534096422E-1,9.640101146E-2,-4.242964965E-1,-7.102233457E-1,1.127975108E2,4.878466355E1,-1.943194969E1,-1.130274175E2
3.646407254E1,5.530340822E-1,9.661468544E-2,-4.242110332E-1,-7.105377085E-1,1.128491726E2,4.879418186E1,-1.938471932E1,-1.130697410E2
3.647404254E1,5.526382969E-1,9.687842989E-2,-4.242145420E-1,-7.108076433E-1,1.129035998E2,4.881707887E1,-1.933862389E1,-1.131138850E2
3.648401154E1,5.521972512E-1,9.718415259E-2,-4.243127125E-1,-7.110499244E-1,1.129642309E2,4.885398891E1,-1.929324131E1,-1.131635830E2
3.649398154E1,5.516910570E-1,9.754710017E-2,-4.244764741E-1,-7.112955668E-1,1.130337919E2,4.890284167E1,-1.924389870E1,-1.132206804E2
3.650395154E1,5.511023814E-1,9.798887290E-2,-4.246826670E-1,-7.115680567E-1,1.131146523E2,4.896251347E1,-1.918599225E1,-1.132863442E2
3.651392054E1,5.504475195E-1,9.855067986E-2,-4.248950134E-1,-7.118704024E-1,1.132045598E2,4.903089185E1,-1.911432771E1,-1.133563034E2
3.652389054E1,5.497589348E-1,9.928047361E-2,-4.250534223E-1,-7.122065551E-1,1.132990471E2,4.910323685E1,-1.902237828E1,-1.134235738E2
3.653386054E1,5.490732636E-1,1.001900553E-1,-4.251428895E-1,-7.125546301E-1,1.133930836E2,4.917780980E1,-1.891029530E1,-1.134824122E2
3.654382954E1,5.484114790E-1,1.012389639E-1,-4.251878180E-1,-7.128890180E-1,1.134837962E2,4.925471304E1,-1.878461372E1,-1.135317405E2
3.655379954E1,5.477799612E-1,1.023460562E-1,-4.252283422E-1,-7.131923804E-1,1.135703161E2,4.933381359E1,-1.865556361E1,-1.135743188E2
3.656376954E1,5.471777196E-1,1.034656346E-1,-4.253179991E-1,-7.134394927E-1,1.136527853E2,4.941863411E1,-1.853090474E1,-1.136125823E2
3.657373854E1,5.466160970E-1,1.046577793E-1,-4.254818029E-1,-7.135986128E-1,1.137296572E2,4.951530672E1,-1.840809605E1,-1.136429500E2
3.658370854E1,5.460877283E-1,1.059197086E-1,-4.256765951E-1,-7.137007926E-1,1.138019469E2,4.961887932E1,-1.828377405E1,-1.136659658E2
3.659367854E1,5.455411522E-1,1.071486580E-1,-4.258739371E-1,-7.138175552E-1,1.138766963E2,4.972112250E1,-1.816136842E1,-1.136923911E2
3.660364754E1,5.449335474E-1,1.082305360E-1,-4.260827642E-1,-7.139938291E-1,1.139597548E2,4.981723714E1,-1.804848653E1,-1.137327479E2
3.661361754E1,5.442442252E-1,1.091903041E-1,-4.263257408E-1,-7.142283869E-1,1.140539365E2,4.991155111E1,-1.794338067E1,-1.137890839E2
3.662358754E1,5.435083992E-1,1.101273023E-1,-4.266053957E-1,-7.144778383E-1,1.141544166E2,5.000942843E1,-1.784001538E1,-1.138526588E2
3.663355654E1,5.427771092E-1,1.111264460E-1,-4.269077045E-1,-7.146983927E-1,1.142542209E2,5.011327139E1,-1.773335916E1,-1.139129575E2
3.664352654E1,5.420960583E-1,1.121643543E-1,-4.272027746E-1,-7.148768003E-1,1.143471181E2,5.021758792E1,-1.762600524E1,-1.139644933E2
3.665349654E1,5.414849395E-1,1.131648888E-1,-4.274745269E-1,-7.150198362E-1,1.144304351E2,5.031588362E1,-1.752439001E1,-1.140076364E2
3.666346554E1,5.409715962E-1,1.141148261E-1,-4.276728384E-1,-7.151387693E-1,1.145003917E2,5.040124669E1,-1.742768515E1,-1.140387474E2
3.667343554E1,5.405738669E-1,1.150418144E-1,-4.277448147E-1,-7.152479613E-1,1.145545740E2,5.046897158E1,-1.733082502E1,-1.140538513E2
3.668340554E1,5.402890648E-1,1.159298485E-1,-4.277087370E-1,-7.153413323E-1,1.145933622E2,5.052031354E1,-1.723634024E1,-1.140542280E2
3.669337454E1,5.400998571E-1,1.167576969E-1,-4.275996188E-1,-7.154148048E-1,1.146191264E2,5.055836802E1,-1.714750057E1,-1.140435107E2
3.670334454E1,5.399818670E-1,1.175125786E-1,-4.274495022E-1,-7.154699961E-1,1.146351911E2,5.058646721E1,-1.706620484E1,-1.140258687E2
3.671331454E1,5.399093902E-1,1.181768656E-1,-4.272860462E-1,-7.155129701E-1,1.146450583E2,5.060716494E1,-1.699434617E1,-1.140057959E2
3.672328354E1,5.398442997E-1,1.187399581E-1,-4.271321154E-1,-7.155606119E-1,1.146539194E2,5.062303735E1,-1.693211185E1,-1.139890468E2
3.673325354E1,5.397411558E-1,1.192146053E-1,-4.270200153E-1,-7.156264979E-1,1.146679601E2,5.063920480E1,-1.687797066E1,-1.139815298E2
3.674322354E1,5.395700027E-1,1.196674416E-1,-4.269635280E-1,-7.157136945E-1,1.146912563E2,5.066151193E1,-1.682552026E1,-1.139844954E2
3.675319254E1,5.393253508E-1,1.201912743E-1,-4.269481549E-1,-7.158194304E-1,1.147245513E2,5.069372875E1,-1.676562700E1,-1.139945645E2
3.676316254E1,5.390175524E-1,1.208589225E-1,-4.269486607E-1,-7.159384952E-1,1.147664312E2,5.073701478E1,-1.669102824E1,-1.140069694E2
3.677313254E1,5.386805883E-1,1.216905957E-1,-4.269090532E-1,-7.160750089E-1,1.148122683E2,5.078564507E1,-1.659806789E1,-1.140157478E2
3.678310154E1,5.383353845E-1,1.226555162E-1,-4.268096182E-1,-7.162291188E-1,1.148592140E2,5.083527885E1,-1.648919576E1,-1.140191220E2
3.679307154E1,5.379907498E-1,1.237432210E-1,-4.266931876E-1,-7.163703529E-1,1.149060701E2,5.089010011E1,-1.636897906E1,-1.140167914E2
3.680304154E1,5.376519312E-1,1.249902935E-1,-4.266411046E-1,-7.164393473E-1,1.149521235E2,5.096144280E1,-1.624068328E1,-1.140071794E2
3.681301054E1,5.373353030E-1,1.264570566E-1,-4.266965172E-1,-7.163863477E-1,1.149951501E2,5.105750831E1,-1.610353838E1,-1.139857406E2
3.682298054E1,5.370180637E-1,1.281154718E-1,-4.268676545E-1,-7.162276648E-1,1.150382494E2,5.117800801E1,-1.595912939E1,-1.139566849E2
3.683295054E1,5.366397641E-1,1.298967136E-1,-4.271500489E-1,-7.160219776E-1,1.150896307E2,5.131932024E1,-1.580913166E1,-1.139307672E2
3.684291954E1,5.361530629E-1,1.317357281E-1,-4.275288015E-1,-7.158244669E-1,1.151557137E2,5.147661517E1,-1.565489122E1,-1.139168228E2
3.685288954E1,5.355206599E-1,1.336465187E-1,-4.279893191E-1,-7.156685552E-1,1.152415436E2,5.164953107E1,-1.549183341E1,-1.139188877E2
3.686285854E1,5.347857770E-1,1.357207337E-1,-4.284655363E-1,-7.155426310E-1,1.153412310E2,5.183526833E1,-1.531030978E1,-1.139263121E2
3.687282854E1,5.339980840E-1,1.380513806E-1,-4.288673117E-1,-7.154443129E-1,1.154480212E2,5.202838438E1,-1.509928706E1,-1.139273379E2
3.688279854E1,5.332043745E-1,1.406555185E-1,-4.291161361E-1,-7.153799968E-1,1.155555635E2,5.222043085E1,-1.485471483E1,-1.139140701E2
3.689276754E1,5.324392828E-1,1.434810221E-1,-4.291524035E-1,-7.153669734E-1,1.156591681E2,5.240127169E1,-1.457884426E1,-1.138835809E2
3.690273754E1,5.317237873E-1,1.464444408E-1,-4.289555040E-1,-7.154168016E-1,1.157560033E2,5.256358710E1,-1.427842238E1,-1.138367524E2
3.691270754E1,5.310723762E-1,1.494469718E-1,-4.285191260E-1,-7.155411242E-1,1.158441207E2,5.270082517E1,-1.396200677E1,-1.137762917E2
3.692267654E1,5.304592344E-1,1.523856819E-1,-4.279203668E-1,-7.157344834E-1,1.159270226E2,5.281606603E1,-1.364192402E1,-1.137112707E2
3.693264654E1,5.299253076E-1,1.552146099E-1,-4.273053284E-1,-7.158894258E-1,1.159991834E2,5.292264909E1,-1.333515568E1,-1.136398740E2
3.694261654E1,5.292722843E-1,1.578291792E-1,-4.268442103E-1,-7.160759677E-1,1.160874016E2,5.303568331E1,-1.304982292E1,-1.135943460E2
3.695258554E1,5.285890207E-1,1.602826736E-1,-4.265855551E-1,-7.161899117E-1,1.161796598E2,5.316260217E1,-1.279075881E1,-1.135610221E2
3.696255554E1,5.278623142E-1,1.625890967E-1,-4.265249268E-1,-7.162421001E-1,1.162777331E2,5.330371729E1,-1.255557917E1,-1.135409232E2
3.697252554E1,5.271481885E-1,1.648170950E-1,-4.266274385E-1,-7.161976667E-1,1.163740577E2,5.345855807E1,-1.233977033E1,-1.135232310E2
3.698249454E1,5.263008577E-1,1.669888484E-1,-4.268891177E-1,-7.161618525E-1,1.164882846E2,5.362948110E1,-1.213185374E1,-1.135256039E2
3.699246454E1,5.254529474E-1,1.693162184E-1,-4.271978223E-1,-7.160538722E-1,1.166025191E2,5.381540336E1,-1.191530981E1,-1.135194604E2
3.700243454E1,5.246449818E-1,1.718741528E-1,-4.274419369E-1,-7.158912802E-1,1.167113066E2,5.400806778E1,-1.167875087E1,-1.134948780E2
3.701240354E1,5.238438123E-1,1.746102946E-1,-4.275644894E-1,-7.157427126E-1,1.168191163E2,5.419832735E1,-1.142014175E1,-1.134581611E2
3.702237354E1,5.232250545E-1,1.775765898E-1,-4.275291282E-1,-7.154865019E-1,1.169023371E2,5.438386621E1,-1.114429831E1,-1.133837819E2
3.703234354E1,5.226416051E-1,1.805939670E-1,-4.274343399E-1,-7.152142016E-1,1.169807749E2,5.456629387E1,-1.086311183E1,-1.133003537E2
3.704231254E1,5.222395031E-1,1.836658611E-1,-4.273300054E-1,-7.147879495E-1,1.170348136E2,5.475027356E1,-1.058960000E1,-1.131894048E2
3.705228254E1,5.218892101E-1,1.866139910E-1,-4.273338829E-1,-7.142776881E-1,1.170818770E2,5.493906773E1,-1.033792732E1,-1.130775641E2
3.706225254E1,5.214146050E-1,1.892640479E-1,-4.275575668E-1,-7.137929467E-1,1.171456234E2,5.513549385E1,-1.011816450E1,-1.129973090E2
3.707222154E1,5.210952583E-1,1.917608377E-1,-4.279122641E-1,-7.131470462E-1,1.171885041E2,5.533622606E1,-9.930807062E0,-1.129051507E2
3.708219154E1,5.207664181E-1,1.940138396E-1,-4.283874698E-1,-7.124922633E-1,1.172326493E2,5.553555497E1,-9.771126703E0,-1.128269919E2
3.709216154E1,5.204424142E-1,1.960635568E-1,-4.289395198E-1,-7.118354258E-1,1.172761351E2,5.573090093E1,-9.633584382E0,-1.127588201E2
3.710213054E1,5.202473796E-1,1.980321518E-1,-4.295537679E-1,-7.110622629E-1,1.173023066E2,5.592741020E1,-9.515944348E0,-1.126783453E2
3.711210054E1,5.199101521E-1,1.998175555E-1,-4.303614912E-1,-7.103205311E-1,1.173475503E2,5.613524836E1,-9.417633959E0,-1.126262273E2
3.712207054E1,5.195089668E-1,2.015235862E-1,-4.313470004E-1,-7.095339339E-1,1.174013605E2,5.635867231E1,-9.334709477E0,-1.125868528E2
3.713203954E1,5.189602675E-1,2.031423202E-1,-4.325135409E-1,-7.087633525E-1,1.174749318E2,5.659812003E1,-9.262333449E0,-1.125712107E2
3.714200954E1,5.183015650E-1,2.047780499E-1,-4.338002737E-1,-7.079878821E-1,1.175632147E2,5.685321739E1,-9.190526328E0,-1.125683802E2
3.715197954E1,5.176907729E-1,2.066018810E-1,-4.350462926E-1,-7.071397189E-1,1.176450396E2,5.711585953E1,-9.105108853E0,-1.125478834E2
3.716194854E1,5.170455468E-1,2.085345880E-1,-4.361552815E-1,-7.063609716E-1,1.177314391E2,5.737071824E1,-8.999329322E0,-1.125239767E2
3.717191854E1,5.164881020E-1,2.105908800E-1,-4.370895191E-1,-7.055809283E-1,1.178060525E2,5.761368187E1,-8.877665361E0,-1.124801900E2
3.718188854E1,5.158613784E-1,2.126739670E-1,-4.379646773E-1,-7.048714282E-1,1.178899038E2,5.785256857E1,-8.745312094E0,-1.124422392E2
3.719185754E1,5.151242194E-1,2.148110229E-1,-4.388306686E-1,-7.042235574E-1,1.179884833E2,5.809504944E1,-8.601118522E0,-1.124138988E2
3.720182754E1,5.144777079E-1,2.171455263E-1,-4.395931999E-1,-7.035044268E-1,1.180748987E2,5.833865164E1,-8.441302718E0,-1.123611049E2
3.721179754E1,5.139078825E-1,2.196023188E-1,-4.401731722E-1,-7.027951797E-1,1.181510315E2,5.856973840E1,-8.264670929E0,-1.122894639E2
3.722176654E1,5.136863376E-1,2.222215136E-1,-4.404282238E-1,-7.019735901E-1,1.181806234E2,5.877344980E1,-8.076586547E0,-1.121621809E2
3.723173654E1,5.135957851E-1,2.247284819E-1,-4.404669252E-1,-7.012170752E-1,1.181927172E2,5.894532814E1,-7.890309311E0,-1.120232662E2
3.724170654E1,5.136143507E-1,2.270441352E-1,-4.403752347E-1,-7.005147191E-1,1.181902377E2,5.908987507E1,-7.716442231E0,-1.118808196E2
3.725167554E1,5.137606741E-1,2.292009158E-1,-4.401969114E-1,-6.998169464E-1,1.181706947E2,5.921400845E1,-7.557109794E0,-1.117310341E2
3.726164554E1,5.138253589E-1,2.311130341E-1,-4.400299677E-1,-6.992453192E-1,1.181620548E2,5.932399845E1,-7.411099164E0,-1.116056802E2
3.727161554E1,5.138508262E-1,2.328626130E-1,-4.398872796E-1,-6.987356690E-1,1.181586530E2,5.942641705E1,-7.276285517E0,-1.114947185E2
3.728158454E1,5.139092206E-1,2.345387615E-1,-4.397620929E-1,-6.982107932E-1,1.181508528E2,5.952606939E1,-7.150762052E0,-1.113838239E2
3.729155454E1,5.137774801E-1,2.360287896E-1,-4.397000422E-1,-6.978446108E-1,1.181684500E2,5.962146362E1,-7.030236641E0,-1.113078198E2
3.730152454E1,5.137903454E-1,2.375329790E-1,-4.395590083E-1,-6.974134802E-1,1.181667316E2,5.970853388E1,-6.913165130E0,-1.112123725E2
3.731149354E1,5.137160722E-1,2.388746396E-1,-4.394288167E-1,-6.970918260E-1,1.181766520E2,5.978640337E1,-6.802550748E0,-1.111375398E2
3.732146354E1,5.135189092E-1,2.400180415E-1,-4.393693053E-1,-6.968818504E-1,1.182029838E2,5.985937664E1,-6.702868458E0,-1.110903059E2
3.733143354E1,5.133582981E-1,2.410936185E-1,-4.393597907E-1,-6.966349014E-1,1.182244313E2,5.993324852E1,-6.614556991E0,-1.110427538E2
3.734140254E1,5.130371497E-1,2.419764159E-1,-4.394905829E-1,-6.964829094E-1,1.182673093E2,6.001039521E1,-6.539324413E0,-1.110274544E2
3.735137229E1,5.128979913E-1,2.428487397E-1,-4.396084150E-1,-6.962073427E-1,1.182858860E2,6.008458478E1,-6.476886694E0,-1.109901029E2
3.736134229E1,5.128577305E-1,2.436506678E-1,-4.397166902E-1,-6.958883438E-1,1.182912602E2,6.015245463E1,-6.425827599E0,-1.109448062E2
3.737131129E1,5.127460941E-1,2.443093598E-1,-4.398815055E-1,-6.956354100E-1,1.183061611E2,6.021711680E1,-6.384181528E0,-1.109174653E2
3.738128129E1,5.126309910E-1,2.449392656E-1,-4.400457728E-1,-6.953948779E-1,1.183215236E2,6.027978523E1,-6.344322485E0,-1.108923073E2
3.739125129E1,5.125866631E-1,2.456446247E-1,-4.401459242E-1,-6.951151809E-1,1.183274396E2,6.034024616E1,-6.299362147E0,-1.108533013E2
3.740122029E1,5.125177530E-1,2.464041214E-1,-4.402041185E-1,-6.948603189E-1,1.183366360E2,6.039996023E1,-6.245681963E0,-1.108136781E2
3.741119029E1,5.125258557E-1,2.472984354E-1,-4.401905051E-1,-6.945451343E-1,1.183355547E2,6.046078043E1,-6.182642693E0,-1.107556051E2
3.742116029E1,5.125423246E-1,2.482667909E-1,-4.401445334E-1,-6.942166101E-1,1.183333569E2,6.052324082E1,-6.112646651E0,-1.106915425E2
3.743112929E1,5.125169838E-1,2.492284239E-1,-4.401065486E-1,-6.939148914E-1,1.183367386E2,6.058644275E1,-6.040851976E0,-1.106329541E2
3.744109929E1,5.125454540E-1,2.501952726E-1,-4.400682792E-1,-6.935699826E-1,1.183329392E2,6.064987603E1,-5.972673698E0,-1.105672090E2
3.745106929E1,5.125317984E-1,2.510528451E-1,-4.401051050E-1,-6.932468006E-1,1.183347616E2,6.071433287E1,-5.914977698E0,-1.105138012E2
3.746103829E1,5.124600329E-1,2.516993145E-1,-4.402488047E-1,-6.929741421E-1,1.183443387E2,6.077620124E1,-5.876099826E0,-1.104813743E2
3.747100829E1,5.124731721E-1,2.521598426E-1,-4.404456410E-1,-6.926718754E-1,1.183425853E2,6.083059923E1,-5.860403710E0,-1.104505879E2
3.748097829E1,5.123102535E-1,2.522811728E-1,-4.407678642E-1,-6.925433065E-1,1.183643251E2,6.087584959E1,-5.865209023E0,-1.104637833E2
3.749094729E1,5.122265499E-1,2.522889068E-1,-4.411161868E-1,-6.923806196E-1,1.183754935E2,6.091569467E1,-5.885623517E0,-1.104746339E2
3.750091729E1,5.121032176E-1,2.522053506E-1,-4.415185417E-1,-6.922458445E-1,1.183919483E2,6.095533446E1,-5.913673646E0,-1.104964402E2
3.751088729E1,5.118445308E-1,2.520267323E-1,-4.419682486E-1,-6.922150668E-1,1.184264574E2,6.099416954E1,-5.942172508E0,-1.105411871E2
3.752085629E1,5.116388015E-1,2.519002391E-1,-4.423326187E-1,-6.921805591E-1,1.184538975E2,6.102693984E1,-5.964264937E0,-1.105758169E2
3.753082629E1,5.114673060E-1,2.518004986E-1,-4.425869538E-1,-6.921810227E-1,1.184767685E2,6.104914072E1,-5.978453618E0,-1.106041540E2
3.754079529E1,5.114583076E-1,2.517844828E-1,-4.427083367E-1,-6.921158426E-1,1.184779684E2,6.106165525E1,-5.988316032E0,-1.106066648E2
3.755076529E1,5.114463169E-1,2.517437373E-1,-4.427787957E-1,-6.920944531E-1,1.184795674E2,6.106673827E1,-5.995726226E0,-1.106109928E2
3.756073529E1,5.116183708E-1,2.517650425E-1,-4.427291257E-1,-6.919912670E-1,1.184566223E2,6.106194392E1,-6.002870389E0,-1.105882826E2
3.757070429E1,5.118042068E-1,2.516928555E-1,-4.426107668E-1,-6.919557267E-1,1.184318361E2,6.104281774E1,-6.012157064E0,-1.105697025E2
3.758067429E1,5.119339454E-1,2.514711209E-1,-4.424773299E-1,-6.920258485E-1,1.184145301E2,6.101173041E1,-6.026550014E0,-1.105676749E2
3.759064429E1,5.120158156E-1,2.511124091E-1,-4.423602459E-1,-6.921703912E-1,1.184036085E2,6.097305471E1,-6.048238540E0,-1.105804094E2
3.760061329E1,5.121599368E-1,2.507175353E-1,-4.422439206E-1,-6.922812584E-1,1.183843811E2,6.093167310E1,-6.077012976E0,-1.105877834E2
3.761058329E1,5.121855304E-1,2.501982018E-1,-4.421791830E-1,-6.924914342E-1,1.183809664E2,6.088786148E1,-6.109868687E0,-1.106178895E2
3.762055329E1,5.122837221E-1,2.496966649E-1,-4.420672726E-1,-6.926713275E-1,1.183678652E2,6.083973628E1,-6.143115911E0,-1.106377292E2
3.763052229E1,5.123545393E-1,2.491631595E-1,-4.419080524E-1,-6.929126498E-1,1.183584158E2,6.078421908E1,-6.172983970E0,-1.106627913E2
3.764049229E1,5.125979373E-1,2.486973947E-1,-4.416171548E-1,-6.930853255E-1,1.183259350E2,6.071796384E1,-6.200443781E0,-1.106617381E2
3.765046229E1,5.128736620E-1,2.481818018E-1,-4.412507407E-1,-6.932995158E-1,1.182891336E2,6.063964857E1,-6.227881496E0,-1.106595940E2
3.766043129E1,5.132114690E-1,2.476129036E-1,-4.408413683E-1,-6.935134110E-1,1.182440363E2,6.055255324E1,-6.260206636E0,-1.106529821E2
3.767040129E1,5.135132088E-1,2.469390071E-1,-4.404749542E-1,-6.937629520E-1,1.182037450E2,6.046312264E1,-6.300624521E0,-1.106575306E2
3.768037129E1,5.137623073E-1,2.462297072E-1,-4.401825499E-1,-6.940161597E-1,1.181704766E2,6.037978880E1,-6.345500447E0,-1.106709757E2
3.769034029E1,5.138985364E-1,2.454567656E-1,-4.399630175E-1,-6.943282887E-1,1.181522800E2,6.030074191E1,-6.392425168E0,-1.107025462E2
3.770031029E1,5.141354228E-1,2.446501066E-1,-4.397075338E-1,-6.945994405E-1,1.181206341E2,6.021492942E1,-6.446232894E0,-1.107235568E2
3.771028029E1,5.142704507E-1,2.436458947E-1,-4.395182734E-1,-6.949721134E-1,1.181025933E2,6.012334591E1,-6.511827682E0,-1.107697227E2
3.772024929E1,5.144706167E-1,2.426322630E-1,-4.393790202E-1,-6.952664986E-1,1.180758463E2,6.003651112E1,-6.586726880E0,-1.108083845E2
3.773021929E1,5.146382136E-1,2.416337515E-1,-4.393198144E-1,-6.955277880E-1,1.180534485E2,5.995995570E1,-6.664511385E0,-1.108502455E2
3.774018929E1,5.147943361E-1,2.406604227E-1,-4.392846955E-1,-6.957718077E-1,1.180325818E2,5.988799862E1,-6.741673095E0,-1.108918180E2
3.775015829E1,5.149546311E-1,2.396743655E-1,-4.392573738E-1,-6.960107277E-1,1.180111550E2,5.981612679E1,-6.820739028E0,-1.109335259E2
3.776012829E1,5.150345415E-1,2.386044783E-1,-4.392829465E-1,-6.963030582E-1,1.180004724E2,5.974492962E1,-6.904206605E0,-1.109904550E2
3.777009829E1,5.150498935E-1,2.375207564E-1,-4.393795892E-1,-6.966011945E-1,1.179984200E2,5.968122028E1,-6.989666717E0,-1.110563158E2
3.778006729E1,5.151601391E-1,2.365847381E-1,-4.394996866E-1,-6.967623746E-1,1.179836810E2,5.962993182E1,-7.073283704E0,-1.111011436E2
3.779003729E1,5.150341095E-1,2.356338104E-1,-4.397295661E-1,-6.970325464E-1,1.180005301E2,5.959127864E1,-7.149721590E0,-1.111764842E2
3.780000729E1,5.149908352E-1,2.348609320E-1,-4.399540718E-1,-6.971837166E-1,1.180063152E2,5.956389866E1,-7.218998293E0,-1.112304475E2
3.780997629E1,5.148561866E-1,2.341434135E-1,-4.401937715E-1,-6.973732405E-1,1.180243144E2,5.954258623E1,-7.279070422E0,-1.112923288E2
3.781994629E1,5.147191461E-1,2.335237706E-1,-4.403960763E-1,-6.975543666E-1,1.180426317E2,5.952384388E1,-7.329167398E0,-1.113482643E2
3.782991629E1,5.145739502E-1,2.329771576E-1,-4.405558656E-1,-6.977434795E-1,1.180620370E2,5.950541276E1,-7.370243675E0,-1.114005371E2
3.783988529E1,5.145732021E-1,2.325821152E-1,-4.406338794E-1,-6.978264139E-1,1.180621370E2,5.948734961E1,-7.404465562E0,-1.114251813E2
3.784985529E1,5.144800470E-1,2.321948804E-1,-4.407309752E-1,-6.979627274E-1,1.180745861E2,5.947249105E1,-7.433063838E0,-1.114608902E2
3.785982529E1,5.144185548E-1,2.318929404E-1,-4.408032570E-1,-6.980629104E-1,1.180828034E2,5.946048251E1,-7.455898775E0,-1.114873398E2
3.786979429E1,5.144000628E-1,2.316805730E-1,-4.408228448E-1,-6.981346760E-1,1.180852744E2,5.944839560E1,-7.471332527E0,-1.115027269E2
3.787976429E1,5.142993529E-1,2.314600396E-1,-4.407904128E-1,-6.983024837E-1,1.180987315E2,5.943036542E1,-7.477578846E0,-1.115286091E2
3.788973429E1,5.142794702E-1,2.313007034E-1,-4.406327203E-1,-6.984694589E-1,1.181013882E2,5.940196174E1,-7.475588800E0,-1.115402126E2
3.789970329E1,5.142375340E-1,2.311295872E-1,-4.404025986E-1,-6.987019831E-1,1.181069914E2,5.936474257E1,-7.467378571E0,-1.115549671E2
3.790967329E1,5.142426127E-1,2.310030729E-1,-4.400952953E-1,-6.989336011E-1,1.181063128E2,5.932161906E1,-7.453406125E0,-1.115608506E2
3.791964329E1,5.142788801E-1,2.309285678E-1,-4.397067330E-1,-6.991760930E-1,1.181014670E2,5.927273037E1,-7.431703853E0,-1.115593772E2
3.792961229E1,5.143353042E-1,2.309024052E-1,-4.392185777E-1,-6.994499316E-1,1.180939277E2,5.921583638E1,-7.400364105E0,-1.115520467E2
3.793958229E1,5.144627036E-1,2.309438882E-1,-4.386200819E-1,-6.997180382E-1,1.180769038E2,5.915078715E1,-7.360744641E0,-1.115313560E2
3.794955229E1,5.145322353E-1,2.309744025E-1,-4.379866991E-1,-7.000536220E-1,1.180676119E2,5.908144747E1,-7.315192641E0,-1.115184200E2
3.795952129E1,5.145491468E-1,2.310245889E-1,-4.373298931E-1,-7.004351669E-1,1.180653518E2,5.901114670E1,-7.262763711E0,-1.115107386E2
3.796949129E1,5.146405106E-1,2.312233534E-1,-4.365690160E-1,-7.007769884E-1,1.180531415E2,5.893892498E1,-7.196936806E0,-1.114843644E2
3.797946129E1,5.146538712E-1,2.314698809E-1,-4.357460461E-1,-7.011979932E-1,1.180513559E2,5.886350451E1,-7.117487615E0,-1.114645921E2
3.798943029E1,5.147240140E-1,2.317848021E-1,-4.348672001E-1,-7.015879253E-1,1.180419810E2,5.878628572E1,-7.032847359E0,-1.114334028E2
3.799940029E1,5.147520522E-1,2.320386315E-1,-4.340482657E-1,-7.019903750E-1,1.180382335E2,5.871193795E1,-6.954246007E0,-1.114114280E2
3.800937029E1,5.147099159E-1,2.322011498E-1,-4.333495131E-1,-7.023991046E-1,1.180438653E2,5.864523783E1,-6.886494283E0,-1.114042268E2
3.801933929E1,5.146710355E-1,2.323829397E-1,-4.327192808E-1,-7.027559409E-1,1.180490619E2,5.858753352E1,-6.822804789E0,-1.113957201E2
3.802930929E1,5.145509169E-1,2.325764148E-1,-4.321201844E-1,-7.031484967E-1,1.180651153E2,5.853455734E1,-6.755005929E0,-1.113967404E2
3.803927929E1,5.145125949E-1,2.328467447E-1,-4.314632836E-1,-7.034903603E-1,1.180702366E2,5.848001751E1,-6.682980062E0,-1.113827098E2
3.804924829E1,5.144366463E-1,2.330766663E-1,-4.307806627E-1,-7.038878894E-1,1.180803859E2,5.842010492E1,-6.609337177E0,-1.113757480E2
3.805921829E1,5.143586114E-1,2.332585088E-1,-4.301102117E-1,-7.042946697E-1,1.180908134E2,5.835833609E1,-6.539971364E0,-1.113720737E2
3.806918829E1,5.144473937E-1,2.334521631E-1,-4.294289184E-1,-7.045813315E-1,1.180789497E2,5.829541101E1,-6.480502780E0,-1.113469145E2
3.807915729E1,5.146132205E-1,2.335466352E-1,-4.287681612E-1,-7.048312412E-1,1.180567888E2,5.822767740E1,-6.435093947E0,-1.113183116E2
3.808912729E1,5.149456222E-1,2.335540004E-1,-4.281019144E-1,-7.049910305E-1,1.180123593E2,5.815263454E1,-6.407064543E0,-1.112743051E2
3.809909729E1,5.154680218E-1,2.334703494E-1,-4.274374166E-1,-7.050400578E-1,1.179425133E2,5.807069406E1,-6.398835926E0,-1.112121696E2
3.810906629E1,5.158431182E-1,2.331184970E-1,-4.268957980E-1,-7.052104259E-1,1.178923463E2,5.798476191E1,-6.409132526E0,-1.111850974E2
3.811903629E1,5.162320810E-1,2.326268013E-1,-4.264430250E-1,-7.053620386E-1,1.178403108E2,5.789904847E1,-6.437245309E0,-1.111649924E2
3.812900629E1,5.164891557E-1,2.319503339E-1,-4.261218765E-1,-7.055906642E-1,1.178059115E2,5.781593602E1,-6.479670809E0,-1.111728849E2
3.813897529E1,5.167751010E-1,2.312122899E-1,-4.258788683E-1,-7.057701887E-1,1.177676416E2,5.773716204E1,-6.534514200E0,-1.111810403E2
3.814894529E1,5.169377035E-1,2.303575413E-1,-4.257363382E-1,-7.060164949E-1,1.177458761E2,5.766220751E1,-6.597042957E0,-1.112118378E2
3.815891529E1,5.170142949E-1,2.294462210E-1,-4.256571654E-1,-7.063049795E-1,1.177356229E2,5.759093113E1,-6.662671787E0,-1.112568797E2
3.816888429E1,5.171922178E-1,2.286151589E-1,-4.255508815E-1,-7.065082327E-1,1.177118025E2,5.752168508E1,-6.727431533E0,-1.112841910E2
3.817885429E1,5.174717462E-1,2.278711195E-1,-4.253931470E-1,-7.066388774E-1,1.176743730E2,5.745219274E1,-6.788962755E0,-1.112932745E2
3.818882329E1,5.175960900E-1,2.270840272E-1,-4.252747986E-1,-7.068722761E-1,1.176577207E2,5.738499356E1,-6.846069577E0,-1.113243392E2
3.819879329E1,5.177884693E-1,2.264145982E-1,-4.251543113E-1,-7.070186732E-1,1.176319541E2,5.732524152E1,-6.899103337E0,-1.113397831E2
3.820876329E1,5.178926036E-1,2.257969151E-1,-4.250877825E-1,-7.071798954E-1,1.176180052E2,5.727547570E1,-6.946445742E0,-1.113632790E2
3.821873229E1,5.181535663E-1,2.253679866E-1,-4.249646294E-1,-7.071996307E-1,1.175830446E2,5.723140718E1,-6.986389512E0,-1.113556686E2
3.822870229E1,5.184852936E-1,2.250432873E-1,-4.247848310E-1,-7.071678204E-1,1.175385945E2,5.718773723E1,-7.019239933E0,-1.113327347E2
3.823867229E1,5.188375359E-1,2.247944207E-1,-4.245524648E-1,-7.071281391E-1,1.174913841E2,5.714326731E1,-7.043945766E0,-1.113025090E2
3.824864129E1,5.194034100E-1,2.247540967E-1,-4.241553046E-1,-7.069639244E-1,1.174155161E2,5.709351463E1,-7.055420508E0,-1.112325220E2
3.825861129E1,5.201154178E-1,2.248304141E-1,-4.235539639E-1,-7.067767292E-1,1.173200124E2,5.702831149E1,-7.052807388E0,-1.111364971E2
3.826858129E1,5.208684556E-1,2.249323779E-1,-4.227776505E-1,-7.066544612E-1,1.172189523E2,5.694536173E1,-7.037800777E0,-1.110330935E2
3.827855029E1,5.215790725E-1,2.250336462E-1,-4.219008380E-1,-7.066220714E-1,1.171235354E2,5.685161452E1,-7.012265204E0,-1.109346425E2
3.828852029E1,5.224160141E-1,2.252938187E-1,-4.208957621E-1,-7.065203394E-1,1.170110942E2,5.675399608E1,-6.973833446E0,-1.108104155E2
3.829849029E1,5.231615392E-1,2.256275374E-1,-4.197921890E-1,-7.065187062E-1,1.169108775E2,5.665125130E1,-6.916233144E0,-1.106929451E2
3.830845929E1,5.240707837E-1,2.261641195E-1,-4.185140332E-1,-7.064315781E-1,1.167885802E2,5.654257111E1,-6.841491304E0,-1.105422337E2
3.831842929E1,5.249643706E-1,2.266809768E-1,-4.171465260E-1,-7.064112739E-1,1.166683105E2,5.642320792E1,-6.760196913E0,-1.103943141E2
3.832839929E1,5.258919279E-1,2.270841220E-1,-4.157443320E-1,-7.064184494E-1,1.165433863E2,5.629246035E1,-6.686709194E0,-1.102486559E2
3.833836829E1,5.268838329E-1,2.273308075E-1,-4.143661300E-1,-7.064097461E-1,1.164097025E2,5.615360486E1,-6.630632776E0,-1.101041200E2
3.834833829E1,5.277825091E-1,2.272906099E-1,-4.131249369E-1,-7.064789301E-1,1.162885000E2,5.601071859E1,-6.599482467E0,-1.099886754E2
3.835830804E1,5.286881816E-1,2.270172771E-1,-4.120209951E-1,-7.065343743E-1,1.161662733E2,5.586685057E1,-6.596140849E0,-1.098863684E2
3.836827704E1,5.295017528E-1,2.264483157E-1,-4.111041114E-1,-7.066416275E-1,1.160564071E2,5.572352246E1,-6.622375658E0,-1.098134999E2
3.837824704E1,5.302460556E-1,2.255886780E-1,-4.103691652E-1,-7.067856117E-1,1.159558374E2,5.558034382E1,-6.679051089E0,-1.097668073E2
3.838821704E1,5.309699435E-1,2.244874757E-1,-4.098144600E-1,-7.069147759E-1,1.158579731E2,5.544024874E1,-6.765802922E0,-1.097370822E2
3.839818604E1,5.315933745E-1,2.231795326E-1,-4.094849560E-1,-7.070513370E-1,1.157736479E2,5.531098022E1,-6.878263551E0,-1.097324824E2
3.840815604E1,5.323134165E-1,2.219126826E-1,-4.092714400E-1,-7.070319442E-1,1.156762065E2,5.519666375E1,-7.003076970E0,-1.097131297E2
3.841812604E1,5.330399597E-1,2.206929528E-1,-4.091289837E-1,-7.069486462E-1,1.155778326E2,5.509330229E1,-7.130345411E0,-1.096900399E2
3.842809504E1,5.337276909E-1,2.195030840E-1,-4.089863798E-1,-7.068828339E-1,1.154846648E2,5.499224123E1,-7.252877424E0,-1.096698407E2
3.843806504E1,5.346144184E-1,2.184323328E-1,-4.086827645E-1,-7.067200206E-1,1.153644680E2,5.488068686E1,-7.367576438E0,-1.096164063E2
3.844803504E1,5.354392164E-1,2.172159748E-1,-4.082652156E-1,-7.067117757E-1,1.152525942E2,5.474717662E1,-7.480238958E0,-1.095783628E2
3.845800404E1,5.363483240E-1,2.158189753E-1,-4.077123754E-1,-7.067696011E-1,1.151292046E2,5.458616055E1,-7.601544857E0,-1.095387560E2
3.846797404E1,5.371866090E-1,2.140719885E-1,-4.071440673E-1,-7.069918994E-1,1.150153526E2,5.440011300E1,-7.743028109E0,-1.095272575E2
3.847794404E1,5.378984429E-1,2.119757728E-1,-4.066662485E-1,-7.073570861E-1,1.149186180E2,5.420109744E1,-7.909290419E0,-1.095510390E2
3.848791304E1,5.386101925E-1,2.096608045E-1,-4.062965890E-1,-7.077177208E-1,1.148218427E2,5.399926431E1,-8.100486295E0,-1.095863653E2
3.849788304E1,5.392212850E-1,2.071091500E-1,-4.060897323E-1,-7.081224517E-1,1.147387119E2,5.380016710E1,-8.315690401E0,-1.096472016E2
3.850785304E1,5.397309510E-1,2.043380579E-1,-4.060460049E-1,-7.085641244E-1,1.146693492E2,5.360524626E1,-8.553796502E0,-1.097324556E2
3.851782204E1,5.402910984E-1,2.014506300E-1,-4.060935782E-1,-7.089366867E-1,1.145930853E2,5.341275081E1,-8.811605707E0,-1.098164232E2
3.852779204E1,5.407636699E-1,1.984315985E-1,-4.062355815E-1,-7.093462487E-1,1.145287194E2,5.322314002E1,-9.081629430E0,-1.099176639E2
3.853776204E1,5.413025701E-1,1.953938644E-1,-4.063937164E-1,-7.096879648E-1,1.144552909E2,5.303436431E1,-9.359385235E0,-1.100098018E2
3.854773104E1,5.419066187E-1,1.923790477E-1,-4.065726403E-1,-7.099480109E-1,1.143729496E2,5.284962486E1,-9.641947138E0,-1.100907140E2
3.855770104E1,5.425172528E-1,1.894145753E-1,-4.068488181E-1,-7.101204652E-1,1.142896718E2,5.267947564E1,-9.929173722E0,-1.101670257E2
3.856767104E1,5.431382497E-1,1.866003354E-1,-4.072654081E-1,-7.101522387E-1,1.142049405E2,5.253509091E1,-1.021681374E1,-1.102334738E2
3.857764004E1,5.436489431E-1,1.839017781E-1,-4.078850721E-1,-7.101096282E-1,1.141352292E2,5.242204594E1,-1.050444060E1,-1.103081129E2
3.858761004E1,5.441524188E-1,1.813784673E-1,-4.086442422E-1,-7.099364995E-1,1.140664762E2,5.233636638E1,-1.078913951E1,-1.103744674E2
3.859758004E1,5.446314546E-1,1.789736208E-1,-4.094523554E-1,-7.097138008E-1,1.140010357E2,5.226455402E1,-1.106725780E1,-1.104374016E2
3.860754904E1,5.449901928E-1,1.766067487E-1,-4.102444106E-1,-7.095740577E-1,1.139520131E2,5.219520940E1,-1.133395373E1,-1.105133411E2
3.861751904E1,5.453535829E-1,1.743702578E-1,-4.109653851E-1,-7.094307584E-1,1.139023409E2,5.212698942E1,-1.158582935E1,-1.105810195E2
3.862748904E1,5.455813023E-1,1.721748495E-1,-4.116976234E-1,-7.093672431E-1,1.138712065E2,5.206456987E1,-1.182707873E1,-1.106638880E2
3.863745804E1,5.456776237E-1,1.700134327E-1,-4.124967276E-1,-7.093503264E-1,1.138580355E2,5.201364722E1,-1.206271912E1,-1.107622022E2
3.864742804E1,5.457690718E-1,1.679821969E-1,-4.133701473E-1,-7.092554223E-1,1.138455300E2,5.197985309E1,-1.229380332E1,-1.108547336E2
3.865739804E1,5.457664429E-1,1.660659378E-1,-4.143485969E-1,-7.091378484E-1,1.138458895E2,5.196655753E1,-1.251808924E1,-1.109543487E2
3.866736704E1,5.457859464E-1,1.643455877E-1,-4.153870110E-1,-7.089159557E-1,1.138432223E2,5.197258790E1,-1.273313696E1,-1.110416412E2
3.867733704E1,5.459443237E-1,1.628510604E-1,-4.164108001E-1,-7.085381619E-1,1.138215619E2,5.199013002E1,-1.293831100E1,-1.110994634E2
3.868730704E1,5.462390145E-1,1.615632319E-1,-4.173510436E-1,-7.080526302E-1,1.137812515E2,5.201017032E1,-1.312970900E1,-1.111286882E2
3.869727604E1,5.464942400E-1,1.603676944E-1,-4.181721906E-1,-7.076428101E-1,1.137463320E2,5.202347653E1,-1.330244673E1,-1.111577452E2
3.870724604E1,5.469043815E-1,1.593782550E-1,-4.187757335E-1,-7.071924605E-1,1.136902026E2,5.202383570E1,-1.345245334E1,-1.111548734E2
3.871721604E1,5.473875371E-1,1.585718277E-1,-4.191390288E-1,-7.067844948E-1,1.136240579E2,5.200809490E1,-1.357457269E1,-1.111318017E2
3.872718504E1,5.480975956E-1,1.580371949E-1,-4.191823136E-1,-7.063280760E-1,1.135268045E2,5.197096960E1,-1.366551915E1,-1.110633819E2
3.873715504E1,5.489446683E-1,1.576523099E-1,-4.189014470E-1,-7.059227866E-1,1.134107142E2,5.190542719E1,-1.372881450E1,-1.109672473E2
3.874712504E1,5.498169131E-1,1.572521993E-1,-4.183867181E-1,-7.056384904E-1,1.132910933E2,5.181259781E1,-1.377712851E1,-1.108666490E2
3.875709404E1,5.508287483E-1,1.568251780E-1,-4.177748196E-1,-7.053068210E-1,1.131522257E2,5.170553452E1,-1.382900379E1,-1.107478355E2
3.876706404E1,5.517544564E-1,1.562020158E-1,-4.172646109E-1,-7.050235151E-1,1.130250811E2,5.159848417E1,-1.389852359E1,-1.106501487E2
3.877703404E1,5.526419848E-1,1.553772336E-1,-4.169564437E-1,-7.046929153E-1,1.129030927E2,5.150158898E1,-1.399686485E1,-1.105681115E2
3.878700304E1,5.535226326E-1,1.543106233E-1,-4.168837404E-1,-7.042790859E-1,1.127819649E2,5.141561234E1,-1.413182447E1,-1.104995706E2
3.879697304E1,5.541023046E-1,1.528066024E-1,-4.171290456E-1,-7.040058215E-1,1.127021880E2,5.134129176E1,-1.430661312E1,-1.104933826E2
3.880694304E1,5.545806133E-1,1.510957354E-1,-4.176442487E-1,-7.036929813E-1,1.126363333E2,5.128539124E1,-1.451211974E1,-1.105118233E2
3.881691204E1,5.547876334E-1,1.492418009E-1,-4.183779199E-1,-7.034894173E-1,1.126078225E2,5.124866559E1,-1.472865916E1,-1.105743427E2
3.882688204E1,5.548301069E-1,1.473879507E-1,-4.192100884E-1,-7.033515233E-1,1.126019725E2,5.122555271E1,-1.494250775E1,-1.106593550E2
3.883685204E1,5.547588998E-1,1.455964778E-1,-4.200345440E-1,-7.032887877E-1,1.126117800E2,5.120749820E1,-1.514383384E1,-1.107563938E2
3.884682104E1,5.546246515E-1,1.439528456E-1,-4.207927974E-1,-7.032798210E-1,1.126302688E2,5.119257000E1,-1.532452247E1,-1.108544877E2
3.885679104E1,5.545946535E-1,1.426328379E-1,-4.213973623E-1,-7.032104368E-1,1.126343999E2,5.117932624E1,-1.547439124E1,-1.109226014E2
3.886676104E1,5.545413272E-1,1.415506543E-1,-4.218061657E-1,-7.032261681E-1,1.126417433E2,5.115938225E1,-1.558892574E1,-1.109815029E2
3.887673004E1,5.545927148E-1,1.407215837E-1,-4.219995354E-1,-7.032359777E-1,1.126346669E2,5.112949543E1,-1.567347707E1,-1.110131397E2
3.888670004E1,5.547350183E-1,1.400462226E-1,-4.220709322E-1,-7.032157314E-1,1.126150691E2,5.109412205E1,-1.574221286E1,-1.110246203E2
3.889667004E1,5.549325395E-1,1.394236188E-1,-4.221369447E-1,-7.031439764E-1,1.125878632E2,5.106059357E1,-1.580982829E1,-1.110261986E2
3.890663904E1,5.552578974E-1,1.388829590E-1,-4.222552509E-1,-7.029230585E-1,1.125430401E2,5.103606856E1,-1.588295262E1,-1.110072821E2
3.891660904E1,5.556351644E-1,1.383747418E-1,-4.224279792E-1,-7.026211501E-1,1.124910511E2,5.101883555E1,-1.596091996E1,-1.109802857E2
3.892657904E1,5.558912328E-1,1.377989632E-1,-4.226501458E-1,-7.023982090E-1,1.124557547E2,5.100479016E1,-1.604042658E1,-1.109730016E2
3.893654804E1,5.561435976E-1,1.372241644E-1,-4.228659798E-1,-7.021809947E-1,1.124209618E2,5.099015386E1,-1.611916518E1,-1.109660433E2
3.894651804E1,5.562712815E-1,1.366316008E-1,-4.230834786E-1,-7.020643533E-1,1.124033556E2,5.097648977E1,-1.619158258E1,-1.109766661E2
3.895648804E1,5.564338840E-1,1.361629384E-1,-4.232261351E-1,-7.019406102E-1,1.123809319E2,5.096149193E1,-1.625054418E1,-1.109764656E2
3.896645704E1,5.565264912E-1,1.357433033E-1,-4.232310031E-1,-7.019455308E-1,1.123681596E2,5.093509467E1,-1.629062874E1,-1.109823618E2
3.897642704E1,5.566832933E-1,1.353667950E-1,-4.230307740E-1,-7.020145515E-1,1.123465314E2,5.088737456E1,-1.631568257E1,-1.109758976E2
3.898639704E1,5.569955066E-1,1.350118553E-1,-4.226402623E-1,-7.020704488E-1,1.123034588E2,5.081730418E1,-1.633433238E1,-1.109457990E2
3.899636604E1,5.572472603E-1,1.345050605E-1,-4.221959292E-1,-7.022354432E-1,1.122687192E2,5.073288435E1,-1.635730978E1,-1.109299980E2
3.900633604E1,5.574974598E-1,1.338732160E-1,-4.217759991E-1,-7.024097467E-1,1.122341870E2,5.064360540E1,-1.639217224E1,-1.109199113E2
3.901630504E1,5.577087788E-1,1.331052688E-1,-4.214418483E-1,-7.025885389E-1,1.122050157E2,5.055625462E1,-1.644215350E1,-1.109216301E2
3.902627504E1,5.578402295E-1,1.321744873E-1,-4.212370673E-1,-7.027827147E-1,1.121868671E2,5.047472480E1,-1.651020250E1,-1.109421626E2
3.903624504E1,5.579635986E-1,1.311561878E-1,-4.211406248E-1,-7.029333844E-1,1.121698326E2,5.040017572E1,-1.659317140E1,-1.109683167E2
3.904621404E1,5.580468228E-1,1.301118521E-1,-4.211217641E-1,-7.030726956E-1,1.121583403E2,5.033341765E1,-1.668173364E1,-1.110015223E2
3.905618404E1,5.580837804E-1,1.290937423E-1,-4.211084140E-1,-7.032388859E-1,1.121532366E2,5.026966060E1,-1.676578524E1,-1.110397499E2
3.906615404E1,5.581488656E-1,1.281733711E-1,-4.210303686E-1,-7.034024051E-1,1.121442482E2,5.020420716E1,-1.683881884E1,-1.110693068E2
3.907612304E1,5.581137784E-1,1.273095398E-1,-4.209011780E-1,-7.036643267E-1,1.121490939E2,5.013807489E1,-1.689718179E1,-1.111094734E2
3.908609304E1,5.581147583E-1,1.266232416E-1,-4.207085458E-1,-7.039025723E-1,1.121489585E2,5.007503384E1,-1.693858297E1,-1.111365795E2
3.909606304E1,5.581448880E-1,1.261284376E-1,-4.204525880E-1,-7.041203503E-1,1.121447975E2,5.001600943E1,-1.696142080E1,-1.111510057E2
3.910603204E1,5.581911653E-1,1.258221143E-1,-4.201098498E-1,-7.043430543E-1,1.121384063E2,4.995838933E1,-1.696331506E1,-1.111545130E2
3.911600204E1,5.582321847E-1,1.256401347E-1,-4.197010149E-1,-7.045867790E-1,1.121327410E2,4.990096259E1,-1.694972525E1,-1.111529131E2
3.912597204E1,5.582341392E-1,1.255039793E-1,-4.192881233E-1,-7.048552386E-1,1.121324711E2,4.984648337E1,-1.692966907E1,-1.111546567E2
3.913594104E1,5.581853227E-1,1.253683402E-1,-4.189368398E-1,-7.051269277E-1,1.121392132E2,4.979975997E1,-1.691110311E1,-1.111638498E2
3.914591104E1,5.580994010E-1,1.251976982E-1,-4.186685224E-1,-7.053844713E-1,1.121510794E2,4.976080553E1,-1.689940629E1,-1.111802693E2
3.915588104E1,5.579811159E-1,1.249601902E-1,-4.185011257E-1,-7.056195032E-1,1.121674138E2,4.972963810E1,-1.689883602E1,-1.112047972E2
3.916585004E1,5.578405983E-1,1.246356805E-1,-4.184495590E-1,-7.058184363E-1,1.121868162E2,4.970654536E1,-1.691280251E1,-1.112369806E2
3.917582004E1,5.576801084E-1,1.242372874E-1,-4.185179844E-1,-7.059749644E-1,1.122089738E2,4.969277407E1,-1.694068137E1,-1.112760413E2
3.918579004E1,5.574990613E-1,1.237977169E-1,-4.186986048E-1,-7.060881551E-1,1.122339660E2,4.968944817E1,-1.697916619E1,-1.113206089E2
3.919575904E1,5.572953024E-1,1.233251348E-1,-4.189390420E-1,-7.061890757E-1,1.122620890E2,4.969124626E1,-1.702349302E1,-1.113701531E2
3.920572904E1,5.570495705E-1,1.228094576E-1,-4.192039033E-1,-7.063155321E-1,1.122959991E2,4.969392575E1,-1.707062459E1,-1.114273927E2
3.921569904E1,5.567438425E-1,1.222421926E-1,-4.194853284E-1,-7.064879917E-1,1.123381790E2,4.969641767E1,-1.711955173E1,-1.114950956E2
3.922566804E1,5.563563180E-1,1.216353412E-1,-4.198053283E-1,-7.067078560E-1,1.123916290E2,4.970227791E1,-1.716961405E1,-1.115758738E2
3.923563804E1,5.558829141E-1,1.209954045E-1,-4.201758202E-1,-7.069700199E-1,1.124569015E2,4.971333955E1,-1.722092284E1,-1.116701450E2
3.924560804E1,5.553479547E-1,1.203290102E-1,-4.205806091E-1,-7.072633936E-1,1.125306312E2,4.972781315E1,-1.727321800E1,-1.117741588E2
3.925557704E1,5.547827233E-1,1.196565783E-1,-4.209948072E-1,-7.075745638E-1,1.126084988E2,4.974363024E1,-1.732487697E1,-1.118825928E2
3.926554704E1,5.542102110E-1,1.189830189E-1,-4.213994275E-1,-7.078959651E-1,1.126873334E2,4.975857792E1,-1.737548841E1,-1.119919512E2
3.927551704E1,5.536481617E-1,1.182997237E-1,-4.217707096E-1,-7.082290727E-1,1.127646922E2,4.976916652E1,-1.742508523E1,-1.120999220E2
3.928548604E1,5.531266419E-1,1.175986425E-1,-4.220643573E-1,-7.085782963E-1,1.128364415E2,4.976942184E1,-1.747288300E1,-1.122023437E2
3.929545604E1,5.526341876E-1,1.168200743E-1,-4.222832996E-1,-7.089608316E-1,1.129041648E2,4.975632720E1,-1.752336294E1,-1.123032479E2
3.930542604E1,5.521576753E-1,1.159368028E-1,-4.224673549E-1,-7.093672958E-1,1.129696704E2,4.973300127E1,-1.758099089E1,-1.124058692E2
3.931539504E1,5.516796563E-1,1.149770664E-1,-4.226644862E-1,-7.097777956E-1,1.130353582E2,4.970684803E1,-1.764596368E1,-1.125118621E2
3.932536504E1,5.511977492E-1,1.140016513E-1,-4.228775069E-1,-7.101824896E-1,1.131015551E2,4.968182076E1,-1.771330686E1,-1.126190880E2
3.933533504E1,5.507155682E-1,1.130493011E-1,-4.230869768E-1,-7.105839173E-1,1.131677644E2,4.965792984E1,-1.777856849E1,-1.127252867E2
3.934530404E1,5.502361531E-1,1.121513520E-1,-4.232626554E-1,-7.109928629E-1,1.132335689E2,4.963350871E1,-1.783706677E1,-1.128284734E2
3.935527442E1,5.497486247E-1,1.113035365E-1,-4.234017716E-1,-7.114203742E-1,1.133004614E2,4.960815108E1,-1.788827493E1,-1.129302872E2
3.936524442E1,5.492509652E-1,1.104928735E-1,-4.235162951E-1,-7.118629055E-1,1.133687176E2,4.958246637E1,-1.793403979E1,-1.130316338E2
3.937521342E1,5.487479742E-1,1.097548189E-1,-4.236229899E-1,-7.123012433E-1,1.134376778E2,4.956030835E1,-1.797292421E1,-1.131305852E2
3.938518342E1,5.482885261E-1,1.091616547E-1,-4.236722911E-1,-7.127167743E-1,1.135006445E2,4.953937604E1,-1.799817056E1,-1.132171685E2
3.939515342E1,5.479201363E-1,1.086829719E-1,-4.235931604E-1,-7.131202303E-1,1.135511154E2,4.950896978E1,-1.800996458E1,-1.132854604E2
3.940512242E1,5.476503069E-1,1.082190194E-1,-4.233955339E-1,-7.135153201E-1,1.135880739E2,4.946429422E1,-1.801786560E1,-1.133385605E2
3.941509242E1,5.474449886E-1,1.077136787E-1,-4.231912481E-1,-7.138704284E-1,1.136161911E2,4.941540612E1,-1.803275438E1,-1.133844886E2
3.942506242E1,5.472730294E-1,1.072220568E-1,-4.230655872E-1,-7.141507050E-1,1.136397364E2,4.937571524E1,-1.805437060E1,-1.134261332E2
3.943503142E1,5.471263321E-1,1.068213772E-1,-4.230195102E-1,-7.143504231E-1,1.136598203E2,4.934991034E1,-1.807576993E1,-1.134615200E2
3.944500142E1,5.470116716E-1,1.065444830E-1,-4.229788701E-1,-7.145036901E-1,1.136755166E2,4.933131699E1,-1.808911857E1,-1.134876723E2
3.945497142E1,5.469217934E-1,1.063460661E-1,-4.229131105E-1,-7.146409413E-1,1.136878193E2,4.931395915E1,-1.809553091E1,-1.135070569E2
3.946494042E1,5.468500805E-1,1.061659832E-1,-4.228269939E-1,-7.147735142E-1,1.136976349E2,4.929503214E1,-1.810001543E1,-1.135230350E2
3.947491042E1,5.468147984E-1,1.059703270E-1,-4.227170433E-1,-7.148946074E-1,1.137024639E2,4.927188089E1,-1.810628171E1,-1.135344643E2
3.948488042E1,5.468417460E-1,1.057809190E-1,-4.225840700E-1,-7.149805290E-1,1.136987756E2,4.924540128E1,-1.811411763E1,-1.135369622E2
3.949484942E1,5.469371138E-1,1.056022164E-1,-4.224245021E-1,-7.150282919E-1,1.136857223E2,4.921534443E1,-1.812325110E1,-1.135295138E2
3.950481942E1,5.471043999E-1,1.054323119E-1,-4.222203111E-1,-7.150460305E-1,1.136628228E2,4.917948440E1,-1.813272458E1,-1.135115173E2
3.951478942E1,5.473174153E-1,1.052555796E-1,-4.219865331E-1,-7.150470367E-1,1.136336592E2,4.913907869E1,-1.814336661E1,-1.134872730E2
3.952475842E1,5.475544703E-1,1.050792056E-1,-4.217507109E-1,-7.150305784E-1,1.136011987E2,4.909804538E1,-1.815527544E1,-1.134597171E2
3.953472842E1,5.478015667E-1,1.049008823E-1,-4.215256468E-1,-7.150002853E-1,1.135673568E2,4.905795117E1,-1.816873524E1,-1.134309850E2
3.954469842E1,5.480521719E-1,1.047336752E-1,-4.213074209E-1,-7.149613416E-1,1.135330276E2,4.901920600E1,-1.818196235E1,-1.134013736E2
3.955466742E1,5.483269008E-1,1.046077194E-1,-4.210804391E-1,-7.149029103E-1,1.134953861E2,4.898142280E1,-1.819251046E1,-1.133667631E2
3.956463742E1,5.486398675E-1,1.045204965E-1,-4.208191497E-1,-7.148294220E-1,1.134524957E2,4.894130886E1,-1.819956300E1,-1.133250580E2
3.957460742E1,5.489735389E-1,1.044350543E-1,-4.205312972E-1,-7.147550381E-1,1.134067562E2,4.889792060E1,-1.820574359E1,-1.132801628E2
3.958457642E1,5.493269349E-1,1.043436483E-1,-4.202421593E-1,-7.146669986E-1,1.133582997E2,4.885370824E1,-1.821350054E1,-1.132328124E2
3.959454642E1,5.496987228E-1,1.042700599E-1,-4.199725038E-1,-7.145502834E-1,1.133073069E2,4.881241024E1,-1.822227975E1,-1.131824211E2
3.960451642E1,5.500787083E-1,1.042314850E-1,-4.197357755E-1,-7.144026114E-1,1.132551743E2,4.877672985E1,-1.823100477E1,-1.131298756E2
3.961448542E1,5.504750941E-1,1.042482805E-1,-4.195195832E-1,-7.142217645E-1,1.132007750E2,4.874628995E1,-1.823754679E1,-1.130731090E2
3.962445542E1,5.508914997E-1,1.043037879E-1,-4.192903887E-1,-7.140272200E-1,1.131436098E2,4.871627462E1,-1.824105492E1,-1.130119596E2
3.963442542E1,5.513178203E-1,1.043528363E-1,-4.190429972E-1,-7.138362473E-1,1.130850640E2,4.868365796E1,-1.824434490E1,-1.129494999E2
3.964439442E1,5.517486718E-1,1.043468093E-1,-4.187821082E-1,-7.136573497E-1,1.130258759E2,4.864624764E1,-1.825153256E1,-1.128884116E2
3.965436442E1,5.521788594E-1,1.042926401E-1,-4.185301227E-1,-7.134802961E-1,1.129667588E2,4.860706092E1,-1.826337443E1,-1.128293435E2
3.966433442E1,5.526039103E-1,1.042186197E-1,-4.183269012E-1,-7.132810680E-1,1.129083277E2,4.857231931E1,-1.828016903E1,-1.127722078E2
3.967430342E1,5.530320064E-1,1.041487296E-1,-4.181774168E-1,-7.130471846E-1,1.128494581E2,4.854383557E1,-1.830076152E1,-1.127150373E2
3.968427342E1,5.534710133E-1,1.041072466E-1,-4.180557916E-1,-7.127839301E-1,1.127890672E2,4.851994595E1,-1.832167374E1,-1.126555164E2
3.969424342E1,5.539363355E-1,1.041096701E-1,-4.179376750E-1,-7.124913256E-1,1.127250331E2,4.849853079E1,-1.834072744E1,-1.125906918E2
3.970421242E1,5.544472028E-1,1.041603727E-1,-4.177952187E-1,-7.121699506E-1,1.126547042E2,4.847636208E1,-1.835664872E1,-1.125174711E2
3.971418242E1,5.549974351E-1,1.042198735E-1,-4.176213313E-1,-7.118345828E-1,1.125789238E2,4.845045795E1,-1.837185656E1,-1.124381751E2
3.972415242E1,5.555668127E-1,1.042374488E-1,-4.174289731E-1,-7.115005533E-1,1.125004714E2,4.841967215E1,-1.839035873E1,-1.123576380E2
3.973412142E1,5.561294099E-1,1.041738913E-1,-4.172400709E-1,-7.111810591E-1,1.124229180E2,4.838463982E1,-1.841551396E1,-1.122811517E2
3.974409142E1,5.566560875E-1,1.040092236E-1,-4.170816831E-1,-7.108861049E-1,1.123502842E2,4.834775080E1,-1.844925858E1,-1.122137604E2
3.975406142E1,5.571419353E-1,1.037675219E-1,-4.169708685E-1,-7.106057651E-1,1.122832539E2,4.831240337E1,-1.849055441E1,-1.121553326E2
3.976403042E1,5.575909836E-1,1.034878776E-1,-4.169121579E-1,-7.103286759E-1,1.122212772E2,4.828132597E1,-1.853670482E1,-1.121038691E2
3.977400042E1,5.580159239E-1,1.032049353E-1,-4.169088388E-1,-7.100380155E-1,1.121626072E2,4.825669538E1,-1.858581688E1,-1.120563447E2
3.978397042E1,5.584426871E-1,1.029537190E-1,-4.169396271E-1,-7.097207498E-1,1.121036651E2,4.823769895E1,-1.863492633E1,-1.120076336E2
3.979393942E1,5.588867463E-1,1.027489590E-1,-4.169803937E-1,-7.093769158E-1,1.120423125E2,4.822220923E1,-1.868192450E1,-1.119548289E2
3.980390942E1,5.593678315E-1,1.026114023E-1,-4.170002764E-1,-7.090057496E-1,1.119758193E2,4.820759870E1,-1.872395181E1,-1.118940670E2
3.981387942E1,5.598670030E-1,1.025574227E-1,-4.170113084E-1,-7.086131254E-1,1.119067988E2,4.819654900E1,-1.875939128E1,-1.118275127E2
3.982384842E1,5.603481040E-1,1.025956815E-1,-4.170467223E-1,-7.082063714E-1,1.118402503E2,4.819397094E1,-1.878784429E1,-1.117601104E2
3.983381842E1,5.607999393E-1,1.027553443E-1,-4.171239247E-1,-7.077799928E-1,1.117777261E2,4.820376691E1,-1.880751096E1,-1.116924982E2
3.984378842E1,5.612114558E-1,1.030588648E-1,-4.172286386E-1,-7.073478243E-1,1.117207611E2,4.822587708E1,-1.881479053E1,-1.116252035E2
3.985375742E1,5.615708473E-1,1.034665934E-1,-4.173587038E-1,-7.069261398E-1,1.116709959E2,4.825795890E1,-1.881215307E1,-1.115613380E2
3.986372742E1,5.618550856E-1,1.039487112E-1,-4.175253103E-1,-7.065310552E-1,1.116316268E2,4.829995341E1,-1.880155897E1,-1.115053433E2
3.987369742E1,5.620556520E-1,1.045284201E-1,-4.177310922E-1,-7.061643460E-1,1.116038414E2,4.835369375E1,-1.878075788E1,-1.114575252E2
3.988366642E1,5.621804540E-1,1.052206610E-1,-4.179626260E-1,-7.058251851E-1,1.115865496E2,4.841841341E1,-1.874797832E1,-1.114160419E2
3.989363642E1,5.622583361E-1,1.060249704E-1,-4.181825271E-1,-7.055123764E-1,1.115757579E2,4.848935584E1,-1.870220034E1,-1.113764893E2
3.990360642E1,5.623054300E-1,1.069077361E-1,-4.183778356E-1,-7.052258042E-1,1.115692320E2,4.856279780E1,-1.864623858E1,-1.113378054E2
3.991357542E1,5.623380306E-1,1.078329648E-1,-4.185609848E-1,-7.049501006E-1,1.115647143E2,4.863770593E1,-1.858503795E1,-1.112991971E2
3.992354542E1,5.623608742E-1,1.087781922E-1,-4.187479903E-1,-7.046755560E-1,1.115615487E2,4.871447434E1,-1.852197236E1,-1.112610622E2
3.993351542E1,5.623616117E-1,1.096871100E-1,-4.189716847E-1,-7.044010325E-1,1.115614464E2,4.879365932E1,-1.846345709E1,-1.112276005E2
3.994348442E1,5.623078745E-1,1.104964981E-1,-4.192692415E-1,-7.041402700E-1,1.115688932E2,4.887623741E1,-1.841556057E1,-1.112061307E2
3.995345442E1,5.621747379E-1,1.112277143E-1,-4.196954620E-1,-7.038776477E-1,1.115873416E2,4.897006926E1,-1.837910471E1,-1.111998400E2
3.996342442E1,5.619756467E-1,1.120116562E-1,-4.202214863E-1,-7.035982879E-1,1.116149254E2,4.907944270E1,-1.834186281E1,-1.112013485E2
3.997339342E1,5.617272332E-1,1.128771207E-1,-4.207742211E-1,-7.033281266E-1,1.116493364E2,4.919757810E1,-1.829691712E1,-1.112065404E2
3.998336342E1,5.614221796E-1,1.137512253E-1,-4.213098022E-1,-7.031102221E-1,1.116915838E2,4.931530253E1,-1.824651474E1,-1.112187906E2
3.999333342E1,5.610124068E-1,1.145844895E-1,-4.218870665E-1,-7.029556485E-1,1.117483173E2,4.943711077E1,-1.819621300E1,-1.112472344E2
4.000330242E1,5.604926835E-1,1.154429471E-1,-4.225678962E-1,-7.028209156E-1,1.118202461E2,4.957399616E1,-1.814488699E1,-1.112905680E2
4.001327242E1,5.598984393E-1,1.164418274E-1,-4.233063511E-1,-7.026854293E-1,1.119024511E2,4.972701252E1,-1.808172147E1,-1.113386998E2
4.002324242E1,5.592829952E-1,1.176272391E-1,-4.239938189E-1,-7.025635564E-1,1.119875469E2,4.988572366E1,-1.799800283E1,-1.113812545E2
4.003321142E1,5.586817388E-1,1.189576571E-1,-4.245839485E-1,-7.024615505E-1,1.120706397E2,5.004181552E1,-1.789588281E1,-1.114145360E2
4.004318142E1,5.580730382E-1,1.203631280E-1,-4.251208572E-1,-7.023813187E-1,1.121547201E2,5.019646247E1,-1.778315419E1,-1.114447153E2
4.005315042E1,5.574433432E-1,1.218027063E-1,-4.256355862E-1,-7.023214069E-1,1.122416567E2,5.035094600E1,-1.766470510E1,-1.114755630E2
4.006312042E1,5.568112511E-1,1.232683103E-1,-4.261047754E-1,-7.022825212E-1,1.123288798E2,5.050183574E1,-1.754059852E1,-1.115046408E2
4.007309042E1,5.562073711E-1,1.247892109E-1,-4.264807358E-1,-7.022643981E-1,1.124121683E2,5.064500800E1,-1.740676253E1,-1.115261296E2
4.008305942E1,5.556563537E-1,1.263820457E-1,-4.267363354E-1,-7.022605100E-1,1.124881306E2,5.077801054E1,-1.726138113E1,-1.115356643E2
4.009302942E1,5.551679086E-1,1.280381640E-1,-4.268868840E-1,-7.022551626E-1,1.125554386E2,5.090195083E1,-1.710698673E1,-1.115324340E2
4.010299942E1,5.547387431E-1,1.297510646E-1,-4.269804816E-1,-7.022229888E-1,1.126145561E2,5.102199589E1,-1.694759275E1,-1.115176564E2
4.011296942E1,5.543269947E-1,1.315236451E-1,-4.270896735E-1,-7.021520714E-1,1.126712553E2,5.114721411E1,-1.678585635E1,-1.114975126E2
4.012293842E1,5.539076388E-1,1.333548625E-1,-4.272382622E-1,-7.020472048E-1,1.127289829E2,5.128063338E1,-1.662211608E1,-1.114755592E2
4.013290842E1,5.534808809E-1,1.352752942E-1,-4.273943215E-1,-7.019213332E-1,1.127877095E2,5.142051400E1,-1.645151939E1,-1.114500787E2
4.014287742E1,5.530408941E-1,1.373085530E-1,-4.274972757E-1,-7.018107136E-1,1.128482357E2,5.156158079E1,-1.626723097E1,-1.114202060E2
4.015284742E1,5.525840961E-1,1.394661871E-1,-4.275173271E-1,-7.017327524E-1,1.129110520E2,5.170127213E1,-1.606588683E1,-1.113855080E2
4.016281742E1,5.521125677E-1,1.417614729E-1,-4.274304097E-1,-7.016969171E-1,1.129758700E2,5.183773422E1,-1.584478188E1,-1.113448325E2
4.017278642E1,5.516251868E-1,1.441730629E-1,-4.272642774E-1,-7.016901683E-1,1.130428417E2,5.197289458E1,-1.560773416E1,-1.112994173E2
4.018275642E1,5.511037038E-1,1.466726871E-1,-4.270579475E-1,-7.017074907E-1,1.131144707E2,5.210973332E1,-1.535885915E1,-1.112531805E2
4.019272642E1,5.505263025E-1,1.492463949E-1,-4.268644408E-1,-7.017358028E-1,1.131937460E2,5.225368779E1,-1.510193574E1,-1.112100124E2
4.020269542E1,5.499218377E-1,1.519100441E-1,-4.267042722E-1,-7.017356290E-1,1.132766983E2,5.240765719E1,-1.483916714E1,-1.111653515E2
4.021266542E1,5.491693162E-1,1.545731454E-1,-4.266012969E-1,-7.018058772E-1,1.133799135E2,5.257030902E1,-1.457173863E1,-1.111395632E2
4.022263542E1,5.483498709E-1,1.572937877E-1,-4.265293733E-1,-7.018858140E-1,1.134922386E2,5.274116906E1,-1.429829029E1,-1.111188127E2
4.023260442E1,5.474202220E-1,1.600651327E-1,-4.265117349E-1,-7.019957909E-1,1.136195824E2,5.292292509E1,-1.401832405E1,-1.111091886E2
4.024257442E1,5.463531692E-1,1.629174312E-1,-4.265667681E-1,-7.021374675E-1,1.137656339E2,5.311977087E1,-1.372908760E1,-1.111127176E2
4.025254442E1,5.452150831E-1,1.659607182E-1,-4.266734523E-1,-7.022445574E-1,1.139212742E2,5.333539887E1,-1.342471999E1,-1.111148429E2
4.026251342E1,5.439587014E-1,1.691722975E-1,-4.267744888E-1,-7.023909598E-1,1.140929328E2,5.356257096E1,-1.309964123E1,-1.111220939E2
4.027248342E1,5.426739759E-1,1.725640019E-1,-4.268185112E-1,-7.025330842E-1,1.142682917E2,5.379534731E1,-1.275501217E1,-1.111214295E2
4.028245342E1,5.413158938E-1,1.760629700E-1,-4.268252337E-1,-7.027084414E-1,1.144534751E2,5.403190864E1,-1.239515250E1,-1.111221618E2
4.029242242E1,5.399137471E-1,1.796508786E-1,-4.268101135E-1,-7.028881609E-1,1.146444651E2,5.427256953E1,-1.202464123E1,-1.111213204E2
4.030239242E1,5.385461767E-1,1.833017439E-1,-4.267853943E-1,-7.030097018E-1,1.148305489E2,5.451632942E1,-1.165168430E1,-1.111099292E2
4.031236242E1,5.370835705E-1,1.869079969E-1,-4.267968583E-1,-7.031720779E-1,1.150293507E2,5.476272430E1,-1.127943671E1,-1.111106257E2
4.032233142E1,5.356296359E-1,1.904873601E-1,-4.268062570E-1,-7.033149925E-1,1.152267563E2,5.500759316E1,-1.091047283E1,-1.111088512E2
4.033230142E1,5.342448801E-1,1.940204146E-1,-4.267905257E-1,-7.034118249E-1,1.154145690E2,5.524659448E1,-1.054855994E1,-1.110977427E2
4.034227142E1,5.328485866E-1,1.973893913E-1,-4.267679666E-1,-7.035474219E-1,1.156037497E2,5.547485034E1,-1.019854930E1,-1.110944355E2
4.035224042E1,5.315726804E-1,2.005783167E-1,-4.267004790E-1,-7.036515615E-1,1.157764476E2,5.568588860E1,-9.867491631E0,-1.110829439E2
4.036220967E1,5.304165027E-1,2.034627732E-1,-4.266283552E-1,-7.037396537E-1,1.159327989E2,5.587601719E1,-9.567637458E0,-1.110709318E2
4.037217967E1,5.291901243E-1,2.058980603E-1,-4.266675096E-1,-7.039309055E-1,1.160984978E2,5.604986508E1,-9.305610147E0,-1.110918177E2
4.038214867E1,5.280382351E-1,2.080568535E-1,-4.268339580E-1,-7.040602279E-1,1.162539963E2,5.621924158E1,-9.079234289E0,-1.111180122E2
4.039211867E1,5.268081161E-1,2.099623652E-1,-4.271820383E-1,-7.042048126E-1,1.164199106E2,5.639270345E1,-8.880429122E0,-1.111681707E2
4.040208867E1,5.256049500E-1,2.117355147E-1,-4.276535878E-1,-7.042867882E-1,1.165820458E2,5.657096299E1,-8.702771430E0,-1.112220057E2
4.041205767E1,5.244623173E-1,2.134766958E-1,-4.282229812E-1,-7.042670951E-1,1.167358925E2,5.675760146E1,-8.539106063E0,-1.112695062E2
4.042202767E1,5.233239099E-1,2.152611513E-1,-4.289054230E-1,-7.041555113E-1,1.168890438E2,5.695972486E1,-8.381191602E0,-1.113135415E2
4.043199767E1,5.221403316E-1,2.171327242E-1,-4.296485141E-1,-7.040064906E-1,1.170481390E2,5.717478596E1,-8.218466988E0,-1.113574975E2
4.044196667E1,5.210537753E-1,2.191976564E-1,-4.302875551E-1,-7.037811841E-1,1.171940735E2,5.739069021E1,-8.040412762E0,-1.113764322E2
4.045193667E1,5.200284583E-1,2.214075105E-1,-4.307179903E-1,-7.035844953E-1,1.173316791E2,5.759290530E1,-7.840360332E0,-1.113771629E2
4.046190667E1,5.189880423E-1,2.236637472E-1,-4.309312639E-1,-7.035086099E-1,1.174712083E2,5.777440973E1,-7.619723725E0,-1.113749962E2
4.047187567E1,5.180308136E-1,2.259896210E-1,-4.309755603E-1,-7.034435246E-1,1.175994903E2,5.794161465E1,-7.387276108E0,-1.113563990E2
4.048184567E1,5.169093597E-1,2.282391248E-1,-4.310688734E-1,-7.034851763E-1,1.177496703E2,5.811036809E1,-7.153117442E0,-1.113619573E2
4.049181567E1,5.157705308E-1,2.304875748E-1,-4.312558790E-1,-7.034732276E-1,1.179020555E2,5.828984177E1,-6.925258072E0,-1.113688650E2
4.050178467E1,5.145092548E-1,2.326042106E-1,-4.315628555E-1,-7.035119922E-1,1.180706829E2,5.847458069E1,-6.707830066E0,-1.113982709E2
4.051175467E1,5.132682619E-1,2.346130348E-1,-4.319154350E-1,-7.035349411E-1,1.182364534E2,5.865710936E1,-6.503276629E0,-1.114307117E2
4.052172467E1,5.122655568E-1,2.366674408E-1,-4.322299769E-1,-7.033845085E-1,1.183702890E2,5.883758335E1,-6.309357154E0,-1.114296167E2
4.053169367E1,5.114278987E-1,2.388539771E-1,-4.325044372E-1,-7.030862247E-1,1.184820235E2,5.902221152E1,-6.114735169E0,-1.113987488E2
4.054166367E1,5.110368813E-1,2.414044937E-1,-4.325549291E-1,-7.024680780E-1,1.185341588E2,5.920551145E1,-5.908790300E0,-1.112881950E2
4.055163367E1,5.109903406E-1,2.441783780E-1,-4.323657846E-1,-7.016591219E-1,1.185403633E2,5.937702358E1,-5.693652179E0,-1.111191738E2
4.056160267E1,5.109516393E-1,2.468175399E-1,-4.321106592E-1,-7.009208882E-1,1.185455225E2,5.953286149E1,-5.484482292E0,-1.109563521E2
4.057157267E1,5.109537256E-1,2.493728612E-1,-4.318940244E-1,-7.001477675E-1,1.185452443E2,5.968793483E1,-5.287883553E0,-1.107928014E2
4.058154267E1,5.107769406E-1,2.518537089E-1,-4.318474521E-1,-6.994172994E-1,1.185688095E2,5.985824701E1,-5.097668117E0,-1.106555316E2
4.059151167E1,5.104690790E-1,2.543645864E-1,-4.319409128E-1,-6.986751988E-1,1.186098402E2,6.004750625E1,-4.907566719E0,-1.105317101E2
4.060148167E1,5.099385028E-1,2.568106788E-1,-4.321293355E-1,-6.980511199E-1,1.186805329E2,6.024422985E1,-4.714159720E0,-1.104386062E2
4.061145167E1,5.092731832E-1,2.591360785E-1,-4.323018952E-1,-6.975703824E-1,1.187691421E2,6.043167532E1,-4.518915865E0,-1.103687447E2
4.062142067E1,5.087077411E-1,2.613964561E-1,-4.323272255E-1,-6.971237944E-1,1.188444174E2,6.059841981E1,-4.324494940E0,-1.102895159E2
4.063139067E1,5.080674462E-1,2.634406995E-1,-4.322764438E-1,-6.968527058E-1,1.189296223E2,6.074194850E1,-4.134179471E0,-1.102326558E2
4.064136067E1,5.074313343E-1,2.652850508E-1,-4.321486493E-1,-6.966956983E-1,1.190142337E2,6.086292348E1,-3.952280957E0,-1.101876180E2
4.065132967E1,5.070130901E-1,2.670203209E-1,-4.319362292E-1,-6.964689272E-1,1.190698456E2,6.096640671E1,-3.787254203E0,-1.101224138E2
4.066129967E1,5.065459871E-1,2.684180263E-1,-4.318257307E-1,-6.963401580E-1,1.191319354E2,6.105707551E1,-3.649841669E0,-1.100855375E2
4.067126967E1,5.061299134E-1,2.695622553E-1,-4.318179072E-1,-6.962055410E-1,1.191872254E2,6.114068348E1,-3.541440546E0,-1.100593066E2
4.068123867E1,5.057445647E-1,2.704916354E-1,-4.318965953E-1,-6.960761923E-1,1.192384186E2,6.121820941E1,-3.456638686E0,-1.100437146E2
4.069120867E1,5.055604884E-1,2.713683794E-1,-4.319238169E-1,-6.958516971E-1,1.192628682E2,6.128580671E1,-3.386027616E0,-1.100068706E2
4.070117867E1,5.054916731E-1,2.721475429E-1,-4.318517932E-1,-6.956420060E-1,1.192720077E2,6.133510874E1,-3.322751102E0,-1.099622860E2
4.071114767E1,5.054845292E-1,2.728205228E-1,-4.316605098E-1,-6.955024788E-1,1.192729564E2,6.136338981E1,-3.261932881E0,-1.099171416E2
4.072111767E1,5.056976448E-1,2.735612589E-1,-4.312754087E-1,-6.952953482E-1,1.192446509E2,6.137483967E1,-3.197513525E0,-1.098401153E2
4.073108767E1,5.059967083E-1,2.743293852E-1,-4.307776966E-1,-6.950836972E-1,1.192049231E2,6.137584123E1,-3.128782838E0,-1.097505186E2
4.074105667E1,5.062203711E-1,2.750357980E-1,-4.302751903E-1,-6.949529261E-1,1.191752063E2,6.137208509E1,-3.058426594E0,-1.096742514E2
4.075102667E1,5.064793634E-1,2.757085881E-1,-4.297589757E-1,-6.948170025E-1,1.191407897E2,6.136440516E1,-2.991859697E0,-1.095958919E2
4.076099667E1,5.066609110E-1,2.762081705E-1,-4.292778957E-1,-6.947835590E-1,1.191166609E2,6.134805510E1,-2.934073712E0,-1.095388449E2
4.077096567E1,5.068084144E-1,2.764920454E-1,-4.288337364E-1,-6.948375175E-1,1.190970546E2,6.131992887E1,-2.891168564E0,-1.095007943E2
4.078093567E1,5.069160364E-1,2.765599439E-1,-4.284469548E-1,-6.949705540E-1,1.190827481E2,6.128220635E1,-2.864333485E0,-1.094824645E2
4.079090567E1,5.069443169E-1,2.764521534E-1,-4.281406947E-1,-6.951814147E-1,1.190789886E2,6.124047356E1,-2.849817120E0,-1.094859594E2
4.080087467E1,5.068736999E-1,2.762461712E-1,-4.279345229E-1,-6.954416083E-1,1.190883762E2,6.120266414E1,-2.842540792E0,-1.095083915E2
4.081084467E1,5.067707457E-1,2.760419276E-1,-4.277884419E-1,-6.956876089E-1,1.191020618E2,6.117166346E1,-2.837497819E0,-1.095347428E2
4.082081467E1,5.064796269E-1,2.757660764E-1,-4.277677478E-1,-6.960216332E-1,1.191407547E2,6.114951739E1,-2.833456409E0,-1.095891188E2
4.083078367E1,5.060814234E-1,2.754961101E-1,-4.278459460E-1,-6.963701033E-1,1.191936680E2,6.113890978E1,-2.828997519E0,-1.096562884E2
4.084075367E1,5.057592635E-1,2.753780304E-1,-4.279721179E-1,-6.965732406E-1,1.192364661E2,6.114468161E1,-2.823520870E0,-1.097038293E2
4.085072367E1,5.052755125E-1,2.753141568E-1,-4.282260316E-1,-6.967935738E-1,1.193007136E2,6.116884690E1,-2.812632527E0,-1.097675529E2
4.086069267E1,5.048806176E-1,2.754702793E-1,-4.284735916E-1,-6.968658767E-1,1.193531444E2,6.120840879E1,-2.792805276E0,-1.098053505E2
4.087066267E1,5.044909278E-1,2.757411993E-1,-4.287212044E-1,-6.968887203E-1,1.194048703E2,6.125645963E1,-2.765598210E0,-1.098346392E2
4.088063267E1,5.040120659E-1,2.760008080E-1,-4.289991365E-1,-6.969614552E-1,1.194684139E2,6.130718686E1,-2.735057559E0,-1.098755506E2
4.089060167E1,5.036284558E-1,2.763288422E-1,-4.292727486E-1,-6.969402870E-1,1.195193031E2,6.136232237E1,-2.706429267E0,-1.099001085E2
4.090057167E1,5.030855938E-1,2.765299354E-1,-4.296980419E-1,-6.969905366E-1,1.195912958E2,6.142509566E1,-2.686568919E0,-1.099528929E2
4.091054167E1,5.026323782E-1,2.767297378E-1,-4.302046206E-1,-6.969255988E-1,1.196513798E2,6.149659126E1,-2.679523769E0,-1.099948993E2
4.092051067E1,5.021425476E-1,2.768398359E-1,-4.308394681E-1,-6.968429067E-1,1.197162973E2,6.157571954E1,-2.685743599E0,-1.100476707E2
4.093048067E1,5.015426293E-1,2.768003864E-1,-4.315990386E-1,-6.968205689E-1,1.197957758E2,6.165783417E1,-2.703658224E0,-1.101241937E2
4.094045067E1,5.010636198E-1,2.767178155E-1,-4.323421349E-1,-6.967373394E-1,1.198592130E2,6.173480805E1,-2.731898619E0,-1.101889652E2
4.095041967E1,5.005832195E-1,2.765120915E-1,-4.331138912E-1,-6.966848349E-1,1.199228140E2,6.180595934E1,-2.770501413E0,-1.102623726E2
4.096038967E1,5.001048739E-1,2.761990299E-1,-4.339487307E-1,-6.966331418E-1,1.199861227E2,6.187631259E1,-2.821292929E0,-1.103430242E2
4.097035967E1,4.997451294E-1,2.758805525E-1,-4.347893232E-1,-6.964933618E-1,1.200337213E2,6.194681744E1,-2.881458764E0,-1.104096810E2
4.098032867E1,4.993385809E-1,2.754948773E-1,-4.356677794E-1,-6.963885847E-1,1.200874990E2,6.201682336E1,-2.945640806E0,-1.104866677E2
4.099029867E1,4.990350183E-1,2.751762787E-1,-4.365007381E-1,-6.962105775E-1,1.201276443E2,6.208664709E1,-3.009241886E0,-1.105465389E2
4.100026867E1,4.986195136E-1,2.747908668E-1,-4.373186610E-1,-6.961472097E-1,1.201825806E2,6.215026527E1,-3.068018882E0,-1.106245056E2
4.101023767E1,4.982539423E-1,2.744611046E-1,-4.379945331E-1,-6.961140718E-1,1.202309023E2,6.220216817E1,-3.115706015E0,-1.106923775E2
4.102020767E1,4.980010823E-1,2.742452917E-1,-4.384729209E-1,-6.960790688E-1,1.202643189E2,6.224024825E1,-3.148679280E0,-1.107385192E2
4.103017767E1,4.976958127E-1,2.740622321E-1,-4.388207746E-1,-6.961501705E-1,1.203046542E2,6.226631269E1,-3.165574005E0,-1.107884829E2
4.104014667E1,4.975705523E-1,2.740223507E-1,-4.389869281E-1,-6.961506763E-1,1.203212025E2,6.228220439E1,-3.171924186E0,-1.108066076E2
4.105011667E1,4.975678338E-1,2.740098383E-1,-4.390522083E-1,-6.961163898E-1,1.203215616E2,6.228858139E1,-3.177592937E0,-1.108079030E2
4.106008667E1,4.975110093E-1,2.738703533E-1,-4.391274615E-1,-6.961644478E-1,1.203290683E2,6.228691874E1,-3.188659677E0,-1.108244658E2
4.107005567E1,4.975879273E-1,2.737774459E-1,-4.391470334E-1,-6.961336384E-1,1.203189071E2,6.228215756E1,-3.202045226E0,-1.108215949E2
4.108002567E1,4.976568690E-1,2.736569902E-1,-4.391488879E-1,-6.961305301E-1,1.203097992E2,6.227342682E1,-3.215347506E0,-1.108215479E2
4.108999567E1,4.978356876E-1,2.735537304E-1,-4.390881964E-1,-6.960815239E-1,1.202861735E2,6.225873393E1,-3.230681389E0,-1.108069547E2
4.109996467E1,4.978483527E-1,2.733076455E-1,-4.391409959E-1,-6.961357879E-1,1.202845001E2,6.224665018E1,-3.252294890E0,-1.108223915E2
4.110993467E1,4.977571574E-1,2.730734302E-1,-4.393176386E-1,-6.961816332E-1,1.202965493E2,6.224949886E1,-3.275067265E0,-1.108497744E2
4.111990367E1,4.975716059E-1,2.729330285E-1,-4.395931631E-1,-6.961953098E-1,1.203210633E2,6.227044152E1,-3.292237135E0,-1.108822394E2
4.112987367E1,4.971417818E-1,2.727664483E-1,-4.399923095E-1,-6.963155232E-1,1.203778374E2,6.230385361E1,-3.302873579E0,-1.109461824E2
4.113984367E1,4.966479578E-1,2.726410141E-1,-4.404238142E-1,-6.964441870E-1,1.204430453E2,6.234405397E1,-3.308531204E0,-1.110150417E2
4.114981267E1,4.961605084E-1,2.725539913E-1,-4.408885570E-1,-6.965316627E-1,1.205073906E2,6.239079071E1,-3.314576524E0,-1.110805355E2
4.115978267E1,4.955881436E-1,2.724416858E-1,-4.414289059E-1,-6.966409179E-1,1.205829187E2,6.244438573E1,-3.321911241E0,-1.111580903E2
4.116975267E1,4.950648800E-1,2.724063299E-1,-4.419739858E-1,-6.966810101E-1,1.206519426E2,6.250403257E1,-3.327946080E0,-1.112243912E2
4.117972167E1,4.944922729E-1,2.723787131E-1,-4.425287754E-1,-6.967465063E-1,1.207274484E2,6.256549405E1,-3.330547339E0,-1.112961216E2
4.118969167E1,4.939532463E-1,2.724100704E-1,-4.430213877E-1,-6.968034572E-1,1.207985002E2,6.262421662E1,-3.326808858E0,-1.113595743E2
4.119966167E1,4.933756132E-1,2.723991912E-1,-4.434597202E-1,-6.969381270E-1,1.208746133E2,6.267390399E1,-3.318918048E0,-1.114304364E2
4.120963067E1,4.928517595E-1,2.723721382E-1,-4.437587047E-1,-6.971290206E-1,1.209436152E2,6.270667270E1,-3.305362964E0,-1.114956665E2
4.121960067E1,4.924315976E-1,2.723236219E-1,-4.438771005E-1,-6.973693840E-1,1.209989418E2,6.271737561E1,-3.287022812E0,-1.115495776E2
4.122957067E1,4.921209964E-1,2.722501653E-1,-4.438368449E-1,-6.976428117E-1,1.210398318E2,6.270820544E1,-3.266259987E0,-1.115917783E2
4.123953967E1,4.917822411E-1,2.720602937E-1,-4.437455127E-1,-6.980137672E-1,1.210844189E2,6.268493733E1,-3.247467859E0,-1.116452651E2
4.124950967E1,4.915658170E-1,2.718630675E-1,-4.435774943E-1,-6.983498040E-1,1.211128995E2,6.265226088E1,-3.232280976E0,-1.116844595E2
4.125947967E1,4.913032316E-1,2.715401226E-1,-4.433920640E-1,-6.987779423E-1,1.211474495E2,6.260865532E1,-3.220997862E0,-1.117377798E2
4.126944867E1,4.911892033E-1,2.712320713E-1,-4.430846027E-1,-6.991725843E-1,1.211624511E2,6.255210610E1,-3.210282608E0,-1.117720361E2
4.127941867E1,4.910622148E-1,2.708720265E-1,-4.426888702E-1,-6.996520047E-1,1.211791564E2,6.248194009E1,-3.195508833E0,-1.118112649E2
4.128938867E1,4.911248345E-1,2.706299824E-1,-4.421174801E-1,-7.000627784E-1,1.211709189E2,6.240016874E1,-3.173160613E0,-1.118193514E2
4.129935767E1,4.912834753E-1,2.704810566E-1,-4.414001196E-1,-7.004615719E-1,1.211500487E2,6.230856290E1,-3.140349317E0,-1.118093215E2
4.130932767E1,4.916042128E-1,2.704443625E-1,-4.405169166E-1,-7.008066703E-1,1.211078471E2,6.220617598E1,-3.099007603E0,-1.117719173E2
4.131929767E1,4.919116214E-1,2.703419456E-1,-4.395649036E-1,-7.012280650E-1,1.210673910E2,6.209146282E1,-3.055969820E0,-1.117404728E2
4.132926667E1,4.921781580E-1,2.700994221E-1,-4.386182959E-1,-7.017269994E-1,1.210323072E2,6.196743494E1,-3.020002030E0,-1.117234932E2
4.133923667E1,4.925629271E-1,2.698264686E-1,-4.376611515E-1,-7.021597105E-1,1.209816500E2,6.183990241E1,-2.993850019E0,-1.116943763E2
4.134920667E1,4.928286525E-1,2.694262526E-1,-4.367843180E-1,-7.026726904E-1,1.209466583E2,6.171249728E1,-2.973995807E0,-1.116882746E2
4.135917633E1,4.932314183E-1,2.690499709E-1,-4.358919375E-1,-7.030882478E-1,1.208936089E2,6.158489796E1,-2.961186652E0,-1.116639856E2
4.136914633E1,4.936331831E-1,2.685688909E-1,-4.350853890E-1,-7.034898019E-1,1.208406776E2,6.145941218E1,-2.962033892E0,-1.116470010E2
4.137911633E1,4.939530250E-1,2.678898525E-1,-4.344430394E-1,-7.039210168E-1,1.207985294E2,6.133820656E1,-2.983152484E0,-1.116534076E2
4.138908533E1,4.943996025E-1,2.671084815E-1,-4.338893247E-1,-7.042458110E-1,1.207396655E2,6.121932755E1,-3.027161651E0,-1.116514335E2
4.139905533E1,4.948418810E-1,2.661746760E-1,-4.334387749E-1,-7.045660533E-1,1.206813513E2,6.110106874E1,-3.089282808E0,-1.116602096E2
4.140902533E1,4.955145236E-1,2.652373669E-1,-4.329520683E-1,-7.047461257E-1,1.205926313E2,6.097812932E1,-3.165371871E0,-1.116411237E2
4.141899433E1,4.961726256E-1,2.641330668E-1,-4.325192307E-1,-7.049635823E-1,1.205057913E2,6.084932114E1,-3.256153806E0,-1.116347409E2
4.142896433E1,4.968321922E-1,2.628991704E-1,-4.321563095E-1,-7.051827776E-1,1.204187202E2,6.071912294E1,-3.361431560E0,-1.116365752E2
4.143893433E1,4.976472806E-1,2.616679451E-1,-4.318179441E-1,-7.052731720E-1,1.203110659E2,6.059159861E1,-3.479492962E0,-1.116190203E2
4.144890333E1,4.983856829E-1,2.603186717E-1,-4.315907567E-1,-7.053902665E-1,1.202134900E2,6.046832718E1,-3.608856777E0,-1.116183642E2
4.145887333E1,4.991128951E-1,2.588729873E-1,-4.314410985E-1,-7.054996692E-1,1.201173461E2,6.034699302E1,-3.750165851E0,-1.116250782E2
4.146884333E1,4.999520494E-1,2.573849244E-1,-4.313283821E-1,-7.055188776E-1,1.200063447E2,6.022662521E1,-3.905276606E0,-1.116205260E2
4.147881233E1,5.006595896E-1,2.557195918E-1,-4.313364163E-1,-7.056177752E-1,1.199127046E2,6.010769122E1,-4.072853184E0,-1.116432633E2
4.148878233E1,5.014690304E-1,2.540442598E-1,-4.313383077E-1,-7.056469724E-1,1.198055241E2,5.998731559E1,-4.248046003E0,-1.116536173E2
4.149875233E1,5.021810909E-1,2.522497207E-1,-4.313414371E-1,-7.057824851E-1,1.197111899E2,5.985923950E1,-4.425120113E0,-1.116829360E2
4.150872133E1,5.029827977E-1,2.504419160E-1,-4.312327403E-1,-7.059217488E-1,1.196049254E2,5.971779216E1,-4.601240753E0,-1.117011908E2
4.151869133E1,5.037625776E-1,2.485570141E-1,-4.310590216E-1,-7.061378989E-1,1.195015122E2,5.956407471E1,-4.776651205E0,-1.117261579E2
4.152866133E1,5.044962489E-1,2.465984395E-1,-4.308703828E-1,-7.064159206E-1,1.194041641E2,5.940404521E1,-4.953248801E0,-1.117606440E2
4.153863033E1,5.053708381E-1,2.446985860E-1,-4.306328432E-1,-7.065962669E-1,1.192880550E2,5.924246625E1,-5.132101805E0,-1.117731623E2
4.154860033E1,5.063508577E-1,2.428315754E-1,-4.303533990E-1,-7.067090308E-1,1.191578671E2,5.907836124E1,-5.313033543E0,-1.117697009E2
4.155857033E1,5.071941108E-1,2.408780690E-1,-4.301171659E-1,-7.069165830E-1,1.190457781E2,5.891387214E1,-5.494165183E0,-1.117877220E2
4.156853933E1,5.081494639E-1,2.390140930E-1,-4.298538219E-1,-7.070233304E-1,1.189187102E2,5.875234763E1,-5.674846427E0,-1.117854185E2
4.157850933E1,5.089808000E-1,2.371253979E-1,-4.296616849E-1,-7.071780620E-1,1.188080697E2,5.859780660E1,-5.854312885E0,-1.117993211E2
4.158847933E1,5.099229612E-1,2.353890320E-1,-4.294692424E-1,-7.071964275E-1,1.186826033E2,5.845340875E1,-6.030617122E0,-1.117893626E2
4.159844833E1,5.109185329E-1,2.338254050E-1,-4.292596251E-1,-7.071238717E-1,1.185499357E2,5.831879422E1,-6.196944813E0,-1.117614047E2
4.160841833E1,5.120446441E-1,2.324407125E-1,-4.289115764E-1,-7.069769162E-1,1.183997626E2,5.818043038E1,-6.348942189E0,-1.117052122E2
4.161838833E1,5.132997140E-1,2.311514615E-1,-4.283482206E-1,-7.068310670E-1,1.182322538E2,5.802401306E1,-6.486665160E0,-1.116258556E2
4.162835733E1,5.144923012E-1,2.297972727E-1,-4.276732493E-1,-7.068143769E-1,1.180729485E2,5.785108542E1,-6.616381161E0,-1.115571458E2
4.163832733E1,5.156266942E-1,2.283919808E-1,-4.269083999E-1,-7.069056143E-1,1.179212934E2,5.766503543E1,-6.739048871E0,-1.114977408E2
4.164829733E1,5.168729027E-1,2.270307009E-1,-4.260134327E-1,-7.069737973E-1,1.177545504E2,5.746700856E1,-6.856326925E0,-1.114205428E2
4.165826633E1,5.179242137E-1,2.254809507E-1,-4.251571878E-1,-7.072158888E-1,1.176137708E2,5.726160910E1,-6.977004760E0,-1.113783633E2
4.166823633E1,5.189637025E-1,2.238395206E-1,-4.243761857E-1,-7.074443458E-1,1.174744713E2,5.705851967E1,-7.109364702E0,-1.113425687E2
4.167820633E1,5.198482068E-1,2.220577942E-1,-4.237627910E-1,-7.077239375E-1,1.173558599E2,5.686550477E1,-7.254300182E0,-1.113342627E2
4.168817533E1,5.206506933E-1,2.201992552E-1,-4.232420561E-1,-7.080262884E-1,1.172481823E2,5.667822875E1,-7.406541598E0,-1.113402985E2
4.169814533E1,5.215924963E-1,2.183556572E-1,-4.227006904E-1,-7.082274237E-1,1.171217325E2,5.648905766E1,-7.565764157E0,-1.113269925E2
4.170811533E1,5.224305126E-1,2.163188791E-1,-4.222282558E-1,-7.085165827E-1,1.170091457E2,5.629537985E1,-7.737735254E0,-1.113373155E2
4.171808433E1,5.232559376E-1,2.140920925E-1,-4.218141630E-1,-7.088304714E-1,1.168981843E2,5.609581137E1,-7.927707815E0,-1.113593726E2
4.172805433E1,5.242051689E-1,2.117619829E-1,-4.213875315E-1,-7.090827624E-1,1.167704980E2,5.588750822E1,-8.133120352E0,-1.113704600E2
4.173802433E1,5.251848618E-1,2.093397509E-1,-4.209246011E-1,-7.093520492E-1,1.166386222E2,5.566919728E1,-8.345113869E0,-1.113814811E2
4.174799333E1,5.260438568E-1,2.068391783E-1,-4.204528936E-1,-7.097286313E-1,1.165229164E2,5.544589571E1,-8.554723023E0,-1.114107977E2
4.175796333E1,5.268879844E-1,2.044090227E-1,-4.199402720E-1,-7.101100497E-1,1.164091428E2,5.522321442E1,-8.755436410E0,-1.114365705E2
4.176793333E1,5.275904670E-1,2.020159141E-1,-4.194006764E-1,-7.105919778E-1,1.163144070E2,5.500137084E1,-8.942421348E0,-1.114768956E2
4.177790233E1,5.282501389E-1,1.997549042E-1,-4.187853324E-1,-7.111038197E-1,1.162254003E2,5.478050442E1,-9.111361810E0,-1.115138906E2
4.178787233E1,5.288844384E-1,1.976407445E-1,-4.180972325E-1,-7.116278842E-1,1.161397765E2,5.456171311E1,-9.262443067E0,-1.115447079E2
4.179784233E1,5.293569889E-1,1.956029128E-1,-4.173820742E-1,-7.122589911E-1,1.160759611E2,5.434644129E1,-9.395493777E0,-1.115909544E2
4.180781133E1,5.299103349E-1,1.937519391E-1,-4.165579031E-1,-7.128356864E-1,1.160012066E2,5.413092789E1,-9.511762592E0,-1.116154308E2
4.181778133E1,5.304070566E-1,1.918939585E-1,-4.156740626E-1,-7.134846004E-1,1.159340757E2,5.390906809E1,-9.620768799E0,-1.116464628E2
4.182775133E1,5.309461780E-1,1.899983197E-1,-4.147559357E-1,-7.141248321E-1,1.158611868E2,5.368089537E1,-9.733235165E0,-1.116730412E2
4.183772033E1,5.316204960E-1,1.880643484E-1,-4.138102236E-1,-7.146835623E-1,1.157699785E2,5.344634739E1,-9.855677580E0,-1.116832846E2
4.184769033E1,5.323357280E-1,1.860072977E-1,-4.128953314E-1,-7.152184901E-1,1.156731864E2,5.320715837E1,-9.992900928E0,-1.116939024E2
4.185766033E1,5.332395566E-1,1.839039170E-1,-4.120165696E-1,-7.155957571E-1,1.155507979E2,5.296758197E1,-1.014880909E1,-1.116817326E2
4.186762933E1,5.341963533E-1,1.816956118E-1,-4.112360311E-1,-7.158951894E-1,1.154211471E2,5.273180663E1,-1.032383805E1,-1.116674855E2
4.187759933E1,5.351069359E-1,1.793208266E-1,-4.105837454E-1,-7.161882364E-1,1.152976723E2,5.250009134E1,-1.051876175E1,-1.116671371E2
4.188756933E1,5.360717089E-1,1.768681856E-1,-4.100268907E-1,-7.163956516E-1,1.151667574E2,5.227362907E1,-1.073066183E1,-1.116628771E2
4.189753833E1,5.368069080E-1,1.742465252E-1,-4.096364844E-1,-7.167109205E-1,1.150669307E2,5.205713436E1,-1.095410395E1,-1.116964367E2
4.190750833E1,5.375255328E-1,1.716388575E-1,-4.093326899E-1,-7.169749073E-1,1.149693010E2,5.185157107E1,-1.118234290E1,-1.117305217E2
4.191747833E1,5.381424573E-1,1.690512412E-1,-4.090982797E-1,-7.172606840E-1,1.148854456E2,5.165628739E1,-1.140826181E1,-1.117759559E2
4.192744733E1,5.387539554E-1,1.665981260E-1,-4.088924766E-1,-7.174929658E-1,1.148022892E2,5.147304905E1,-1.162579489E1,-1.118144505E2
4.193741733E1,5.393813745E-1,1.643406249E-1,-4.087188632E-1,-7.176411331E-1,1.147169275E2,5.130577474E1,-1.183157719E1,-1.118404732E2
4.194738733E1,5.399338775E-1,1.622700135E-1,-4.085906736E-1,-7.177698074E-1,1.146417246E2,5.115622843E1,-1.202150814E1,-1.118666494E2
4.195735633E1,5.404513144E-1,1.604098202E-1,-4.084736739E-1,-7.178651014E-1,1.145712659E2,5.102162800E1,-1.219356645E1,-1.118866745E2
4.196732633E1,5.410455217E-1,1.587607509E-1,-4.083262337E-1,-7.178680306E-1,1.144903191E2,5.089612338E1,-1.235144797E1,-1.118857804E2
4.197729633E1,5.414804877E-1,1.571422593E-1,-4.082288850E-1,-7.179514709E-1,1.144310419E2,5.077989447E1,-1.250089822E1,-1.119041168E2
4.198726533E1,5.419183197E-1,1.556760126E-1,-4.081688679E-1,-7.179748097E-1,1.143713542E2,5.067731945E1,-1.264123055E1,-1.119147368E2
4.199723533E1,5.423223605E-1,1.544403829E-1,-4.081112216E-1,-7.179692252E-1,1.143162553E2,5.058975300E1,-1.276124173E1,-1.119186521E2
4.200720533E1,5.427178665E-1,1.534749356E-1,-4.080116180E-1,-7.179339905E-1,1.142623037E2,5.051442470E1,-1.285595043E1,-1.119106097E2
4.201717433E1,5.430797604E-1,1.527378082E-1,-4.078702364E-1,-7.178979760E-1,1.142129228E2,5.044901335E1,-1.292713975E1,-1.118959885E2
4.202714433E1,5.434356958E-1,1.522349858E-1,-4.076923030E-1,-7.178363942E-1,1.141643415E2,5.039411574E1,-1.297638705E1,-1.118709511E2
4.203711433E1,5.438252855E-1,1.519638762E-1,-4.074444584E-1,-7.177396408E-1,1.141111515E2,5.034543522E1,-1.300383090E1,-1.118302871E2
4.204708333E1,5.442980731E-1,1.519152914E-1,-4.070612488E-1,-7.176088328E-1,1.140465811E2,5.029460392E1,-1.300839381E1,-1.117673969E2
4.205705333E1,5.448546854E-1,1.520065604E-1,-4.064967549E-1,-7.174871759E-1,1.139705322E2,5.023150213E1,-1.299334085E1,-1.116857638E2
4.206702333E1,5.456154729E-1,1.521648429E-1,-4.057332016E-1,-7.173075935E-1,1.138665341E2,5.014830331E1,-1.297057539E1,-1.115726341E2
4.207699233E1,5.464571402E-1,1.521923437E-1,-4.048823199E-1,-7.171418773E-1,1.137514083E2,5.004653366E1,-1.295670184E1,-1.114541483E2
4.208696233E1,5.474287146E-1,1.520824458E-1,-4.040582015E-1,-7.168888224E-1,1.136184195E2,4.993770061E1,-1.296370118E1,-1.113247686E2
4.209693233E1,5.484659433E-1,1.518183537E-1,-4.033674990E-1,-7.165410319E-1,1.134763324E2,4.983315809E1,-1.299691038E1,-1.111944619E2
4.210690133E1,5.495018075E-1,1.513938611E-1,-4.028408214E-1,-7.161334086E-1,1.133343168E2,4.973656017E1,-1.305504921E1,-1.110724759E2
4.211687133E1,5.503991244E-1,1.507231783E-1,-4.024984625E-1,-7.157781844E-1,1.132112022E2,4.964634659E1,-1.313821498E1,-1.109810492E2
4.212684133E1,5.511219429E-1,1.497893306E-1,-4.023412548E-1,-7.155062530E-1,1.131119659E2,4.956197543E1,-1.324572612E1,-1.109257052E2
4.213681033E1,5.515332961E-1,1.485679044E-1,-4.023677336E-1,-7.154290399E-1,1.130554656E2,4.948353162E1,-1.337119496E1,-1.109258118E2
4.214678033E1,5.517745130E-1,1.472322919E-1,-4.024806660E-1,-7.154557084E-1,1.130223253E2,4.940960802E1,-1.350208685E1,-1.109540543E2
4.215675033E1,5.520053408E-1,1.459173839E-1,-4.025600391E-1,-7.155023755E-1,1.129906064E2,4.933353515E1,-1.362829706E1,-1.109822212E2
4.216671933E1,5.520895133E-1,1.445293512E-1,-4.026164000E-1,-7.156875213E-1,1.129790385E2,4.925238315E1,-1.374994019E1,-1.110328052E2
4.217668933E1,5.521620164E-1,1.431155141E-1,-4.026457552E-1,-7.158990879E-1,1.129690737E2,4.916697414E1,-1.387112772E1,-1.110855665E2
4.218665933E1,5.522435337E-1,1.417123718E-1,-4.026977118E-1,-7.160861304E-1,1.129578694E2,4.908475696E1,-1.399385838E1,-1.111365133E2
4.219662833E1,5.523831030E-1,1.404055455E-1,-4.027330519E-1,-7.162160480E-1,1.129386842E2,4.900605499E1,-1.411119180E1,-1.111750525E2
4.220659833E1,5.526004280E-1,1.391732349E-1,-4.026681668E-1,-7.163252769E-1,1.129088065E2,4.892001818E1,-1.421981200E1,-1.111988943E2
4.221656833E1,5.528671859E-1,1.378948683E-1,-4.025057013E-1,-7.164579025E-1,1.128721257E2,4.881984076E1,-1.432800703E1,-1.112170881E2
4.222653733E1,5.531920854E-1,1.365376450E-1,-4.023340055E-1,-7.165635752E-1,1.128274396E2,4.871308165E1,-1.444557008E1,-1.112304757E2
4.223650733E1,5.535283857E-1,1.351592007E-1,-4.022067958E-1,-7.166366051E-1,1.127811733E2,4.860980893E1,-1.456899734E1,-1.112431820E2
4.224647733E1,5.537150541E-1,1.337878370E-1,-4.021380438E-1,-7.167883759E-1,1.127554871E2,4.851553695E1,-1.468736560E1,-1.112758172E2
4.225644633E1,5.539459029E-1,1.325939749E-1,-4.020417909E-1,-7.168857667E-1,1.127237163E2,4.842858935E1,-1.479191571E1,-1.112944486E2
4.226641633E1,5.541526648E-1,1.315068812E-1,-4.019279101E-1,-7.169900486E-1,1.126952555E2,4.834663472E1,-1.488504784E1,-1.113114466E2
4.227638633E1,5.543773654E-1,1.304679298E-1,-4.018088347E-1,-7.170727670E-1,1.126643201E2,4.826683990E1,-1.497499358E1,-1.113237290E2
4.228635533E1,5.546540068E-1,1.294150067E-1,-4.017194518E-1,-7.170998358E-1,1.126262261E2,4.818875824E1,-1.507146528E1,-1.113296289E2
4.229632533E1,5.548901451E-1,1.282759460E-1,-4.016960182E-1,-7.171350390E-1,1.125937028E2,4.811329275E1,-1.517760539E1,-1.113448656E2
4.230629533E1,5.552254074E-1,1.271099429E-1,-4.017208532E-1,-7.170690950E-1,1.125475166E2,4.804009366E1,-1.529554351E1,-1.113479118E2
4.231626433E1,5.555651743E-1,1.258537455E-1,-4.018148933E-1,-7.169747914E-1,1.125006972E2,4.796899439E1,-1.542642877E1,-1.113543549E2
4.232623433E1,5.559354554E-1,1.245448435E-1,-4.019669486E-1,-7.168310917E-1,1.124496584E2,4.790067354E1,-1.556789757E1,-1.113589907E2
4.233620433E1,5.563367303E-1,1.232068602E-1,-4.021416368E-1,-7.166530266E-1,1.123943302E2,4.783266248E1,-1.571539994E1,-1.113604736E2
4.234617333E1,5.566838148E-1,1.217855947E-1,-4.023310763E-1,-7.165202166E-1,1.123464595E2,4.776210368E1,-1.586780207E1,-1.113724785E2
4.235614304E1,5.570201678E-1,1.203022364E-1,-4.025269749E-1,-7.163993183E-1,1.123000561E2,4.768873569E1,-1.602533662E1,-1.113881112E2
4.236611304E1,5.573504726E-1,1.187740759E-1,-4.027213983E-1,-7.162880928E-1,1.122544748E2,4.761268209E1,-1.618627187E1,-1.114059637E2
4.237608204E1,5.576875736E-1,1.172467795E-1,-4.029273489E-1,-7.161615574E-1,1.122079431E2,4.753794588E1,-1.634854836E1,-1.114225663E2
4.238605204E1,5.580176045E-1,1.157687528E-1,-4.031536142E-1,-7.160174784E-1,1.121623751E2,4.746862319E1,-1.650797065E1,-1.114379463E2
4.239602204E1,5.583089183E-1,1.143436414E-1,-4.034237755E-1,-7.158671880E-1,1.121221427E2,4.740805467E1,-1.666410860E1,-1.114565645E2
4.240599104E1,5.585314062E-1,1.129753018E-1,-4.037426164E-1,-7.157311854E-1,1.120914091E2,4.735750941E1,-1.681521288E1,-1.114824925E2
4.241596104E1,5.586562241E-1,1.116701087E-1,-4.040905281E-1,-7.156422767E-1,1.120741649E2,4.731570114E1,-1.695758414E1,-1.115193116E2
4.242593104E1,5.586838250E-1,1.104281886E-1,-4.044369542E-1,-7.156177946E-1,1.120703515E2,4.727927971E1,-1.708895173E1,-1.115667616E2
4.243590004E1,5.586324586E-1,1.092264239E-1,-4.047630759E-1,-7.156578657E-1,1.120774484E2,4.724448706E1,-1.721091847E1,-1.116230975E2
4.244587004E1,5.585195577E-1,1.080555739E-1,-4.050590416E-1,-7.157562681E-1,1.120930460E2,4.720940308E1,-1.732454663E1,-1.116862527E2
4.245584004E1,5.583813477E-1,1.069181885E-1,-4.053184239E-1,-7.158880718E-1,1.121121382E2,4.717284881E1,-1.743127275E1,-1.117511124E2
4.246580904E1,5.582522308E-1,1.058427485E-1,-4.055483982E-1,-7.160182845E-1,1.121299723E2,4.713670802E1,-1.753124897E1,-1.118119449E2
4.247577904E1,5.581477171E-1,1.048546999E-1,-4.057362045E-1,-7.161387297E-1,1.121444068E2,4.710077488E1,-1.762227546E1,-1.118655690E2
4.248574904E1,5.580733069E-1,1.039800369E-1,-4.058675236E-1,-7.162498920E-1,1.121546830E2,4.706485854E1,-1.770139657E1,-1.119101364E2
4.249571804E1,5.580156078E-1,1.032425935E-1,-4.059339891E-1,-7.163638149E-1,1.121626508E2,4.702962132E1,-1.776517219E1,-1.119465125E2
4.250568804E1,5.579715697E-1,1.026625580E-1,-4.059237159E-1,-7.164872577E-1,1.121687320E2,4.699495103E1,-1.781081112E1,-1.119742872E2
4.251565704E1,5.579237277E-1,1.022238093E-1,-4.058479780E-1,-7.166302673E-1,1.121753381E2,4.696143299E1,-1.783946671E1,-1.119966243E2
4.252562704E1,5.578628150E-1,1.019014491E-1,-4.057084087E-1,-7.168026163E-1,1.121837487E2,4.692791613E1,-1.785281352E1,-1.120157313E2
4.253559704E1,5.577893161E-1,1.016781235E-1,-4.054957673E-1,-7.170117437E-1,1.121938966E2,4.689233144E1,-1.785165641E1,-1.120321232E2
4.254556704E1,5.577105279E-1,1.015092516E-1,-4.052471746E-1,-7.172374558E-1,1.122047742E2,4.685605706E1,-1.784293817E1,-1.120468559E2
4.255553604E1,5.576157765E-1,1.013515276E-1,-4.050018062E-1,-7.174719662E-1,1.122178547E2,4.682108549E1,-1.783260230E1,-1.120633872E2
4.256550604E1,5.574915961E-1,1.011566300E-1,-4.048100486E-1,-7.177041268E-1,1.122349964E2,4.679041286E1,-1.782768534E1,-1.120858560E2
4.257547504E1,5.573330133E-1,1.009166143E-1,-4.047118781E-1,-7.179164047E-1,1.122568845E2,4.676811202E1,-1.783152865E1,-1.121156265E2
4.258544504E1,5.571357766E-1,1.006373071E-1,-4.047082534E-1,-7.181106911E-1,1.122841037E2,4.675471356E1,-1.784346094E1,-1.121530662E2
4.259541504E1,5.568865465E-1,1.002893954E-1,-4.047792182E-1,-7.183127168E-1,1.123184921E2,4.674651939E1,-1.786371423E1,-1.122009178E2
4.260538504E1,5.566047157E-1,9.986240569E-2,-4.048808342E-1,-7.185333503E-1,1.123573702E2,4.673769104E1,-1.789106548E1,-1.122564594E2
4.261535404E1,5.562932400E-1,9.934601196E-2,-4.050154197E-1,-7.187702261E-1,1.124003276E2,4.672785089E1,-1.792674450E1,-1.123196849E2
4.262532404E1,5.559648318E-1,9.875801074E-2,-4.052108230E-1,-7.189952060E-1,1.124456085E2,4.672095717E1,-1.797204083E1,-1.123884671E2
4.263529304E1,5.556389312E-1,9.813935823E-2,-4.054665911E-1,-7.191877538E-1,1.124905319E2,4.671904621E1,-1.802456955E1,-1.124586233E2
4.264526304E1,5.553389036E-1,9.755009260E-2,-4.057407248E-1,-7.193449036E-1,1.125318784E2,4.672052718E1,-1.807748527E1,-1.125242682E2
4.265523304E1,5.550720719E-1,9.702201366E-2,-4.059940906E-1,-7.194793099E-1,1.125686419E2,4.672275612E1,-1.812561242E1,-1.125828946E2
4.266520204E1,5.548410335E-1,9.657390837E-2,-4.062058363E-1,-7.195984064E-1,1.126004675E2,4.672442583E1,-1.816595973E1,-1.126332475E2
4.267517204E1,5.546543124E-1,9.621677705E-2,-4.063589769E-1,-7.197036998E-1,1.126261840E2,4.672408727E1,-1.819683108E1,-1.126735505E2
4.268514204E1,5.545268866E-1,9.596643530E-2,-4.064305739E-1,-7.197948792E-1,1.126437318E2,4.671980453E1,-1.821605281E1,-1.127009631E2
4.269511104E1,5.544650783E-1,9.581113470E-2,-4.064291725E-1,-7.198639368E-1,1.126522428E2,4.671171400E1,-1.822561603E1,-1.127151352E2
4.270508104E1,5.544754043E-1,9.573989599E-2,-4.063770895E-1,-7.198947462E-1,1.126508209E2,4.670154638E1,-1.822846935E1,-1.127157995E2
4.271505104E1,5.545424810E-1,9.572696745E-2,-4.063053872E-1,-7.198853263E-1,1.126415844E2,4.669156319E1,-1.822819251E1,-1.127063636E2
4.272502004E1,5.546522366E-1,9.577769118E-2,-4.061976809E-1,-7.198548910E-1,1.126264699E2,4.668049182E1,-1.822231168E1,-1.126883749E2
4.273499004E1,5.547819910E-1,9.585833917E-2,-4.060449618E-1,-7.198301666E-1,1.126085996E2,4.666576334E1,-1.821173115E1,-1.126660560E2
4.274496004E1,5.548797348E-1,9.589246759E-2,-4.058870481E-1,-7.198394758E-1,1.125951368E2,4.664833406E1,-1.820287753E1,-1.126498249E2
4.275492904E1,5.549304006E-1,9.591011658E-2,-4.057656336E-1,-7.198665288E-1,1.125881578E2,4.663487253E1,-1.819538534E1,-1.126410071E2
4.276489904E1,5.549742596E-1,9.599019559E-2,-4.056466530E-1,-7.198890089E-1,1.125821163E2,4.662544542E1,-1.818235387E1,-1.126308394E2
4.277486904E1,5.550314213E-1,9.612034506E-2,-4.054674025E-1,-7.199287007E-1,1.125742419E2,4.661197463E1,-1.816139113E1,-1.126164344E2
4.278483804E1,5.550817815E-1,9.620157257E-2,-4.052350785E-1,-7.200097544E-1,1.125673043E2,4.658984060E1,-1.814030980E1,-1.126042022E2
4.279480804E1,5.551092191E-1,9.621497527E-2,-4.050082863E-1,-7.201143207E-1,1.125635243E2,4.656478487E1,-1.812409348E1,-1.125976641E2
4.280477804E1,5.551267364E-1,9.624914583E-2,-4.048180038E-1,-7.202033506E-1,1.125611110E2,4.654521138E1,-1.810821317E1,-1.125921186E2
4.281474704E1,5.551448754E-1,9.636412243E-2,-4.046696891E-1,-7.202573671E-1,1.125586120E2,4.653503602E1,-1.808856192E1,-1.125839288E2
4.282471704E1,5.551789932E-1,9.657373978E-2,-4.045154527E-1,-7.202896727E-1,1.125539115E2,4.652945028E1,-1.806132944E1,-1.125700138E2
4.283468704E1,5.552427509E-1,9.683415462E-2,-4.043322087E-1,-7.203082700E-1,1.125451270E2,4.652307158E1,-1.802935207E1,-1.125498484E2
4.284465604E1,5.553177617E-1,9.708529715E-2,-4.041552446E-1,-7.203160355E-1,1.125347916E2,4.651667724E1,-1.799927614E1,-1.125285787E2
4.285462604E1,5.553983886E-1,9.729981408E-2,-4.040190787E-1,-7.203012420E-1,1.125236816E2,4.651260227E1,-1.797564744E1,-1.125082696E2
4.286459604E1,5.554846527E-1,9.751909359E-2,-4.039245117E-1,-7.202581363E-1,1.125117941E2,4.651336158E1,-1.795499710E1,-1.124874358E2
4.287456504E1,5.556002352E-1,9.779411232E-2,-4.038203985E-1,-7.201900955E-1,1.124958651E2,4.651581303E1,-1.793059529E1,-1.124604285E2
4.288453504E1,5.557413481E-1,9.811932794E-2,-4.037015759E-1,-7.201036892E-1,1.124764156E2,4.651913512E1,-1.790231921E1,-1.124279285E2
4.289450504E1,5.558956056E-1,9.848949317E-2,-4.035866942E-1,-7.199984906E-1,1.124551519E2,4.652532171E1,-1.787127893E1,-1.123919852E2
4.290447404E1,5.560419710E-1,9.891473380E-2,-4.034883867E-1,-7.198822180E-1,1.124349736E2,4.653675352E1,-1.783633432E1,-1.123552287E2
4.291444404E1,5.561873250E-1,9.941608110E-2,-4.033934193E-1,-7.197539757E-1,1.124149325E2,4.655307798E1,-1.779512995E1,-1.123157981E2
4.292441404E1,5.563383898E-1,1.000337958E-1,-4.032686541E-1,-7.196215397E-1,1.123941014E2,4.657287602E1,-1.774220468E1,-1.122709641E2
4.293438304E1,5.565055916E-1,1.007692267E-1,-4.030807950E-1,-7.194949675E-1,1.123710421E2,4.659236900E1,-1.767561184E1,-1.122189027E2
4.294435304E1,5.567158781E-1,1.015926919E-1,-4.028038481E-1,-7.193715036E-1,1.123420366E2,4.660648313E1,-1.759753133E1,-1.121567299E2
4.295432304E1,5.569883996E-1,1.024628452E-1,-4.024545034E-1,-7.192326718E-1,1.123044394E2,4.661436093E1,-1.751381376E1,-1.120835543E2
4.296429204E1,5.573132675E-1,1.033353692E-1,-4.020977303E-1,-7.190557394E-1,1.122596097E2,4.662080412E1,-1.743243991E1,-1.120029948E2
4.297426204E1,5.576734281E-1,1.041751873E-1,-4.018038403E-1,-7.188195748E-1,1.122098960E2,4.663183313E1,-1.736058760E1,-1.119193577E2
4.298423204E1,5.580198173E-1,1.049774526E-1,-4.016471805E-1,-7.185215702E-1,1.121620695E2,4.665621615E1,-1.730133046E1,-1.118402383E2
4.299420104E1,5.583035762E-1,1.057439984E-1,-4.016413432E-1,-7.181918712E-1,1.121228805E2,4.669635077E1,-1.725270344E1,-1.117723577E2
4.300417104E1,5.584887484E-1,1.065040852E-1,-4.017352358E-1,-7.178830402E-1,1.120973022E2,4.674889710E1,-1.720637069E1,-1.117190817E2
4.301414104E1,5.585486390E-1,1.073003972E-1,-4.018750474E-1,-7.176395579E-1,1.120890285E2,4.681086263E1,-1.715319015E1,-1.116819224E2
4.302411004E1,5.585118817E-1,1.081926039E-1,-4.020119404E-1,-7.174574887E-1,1.120941064E2,4.687990346E1,-1.708617567E1,-1.116542094E2
4.303408004E1,5.584279094E-1,1.092268875E-1,-4.020971192E-1,-7.173183356E-1,1.121057064E2,4.695254789E1,-1.700071323E1,-1.116269053E2
4.304405004E1,5.583373095E-1,1.103851040E-1,-4.021422374E-1,-7.171862316E-1,1.121182211E2,4.702834657E1,-1.690158583E1,-1.115951945E2
4.305401904E1,5.582750533E-1,1.116206915E-1,-4.021812127E-1,-7.170217377E-1,1.121268201E2,4.710772023E1,-1.679729207E1,-1.115563576E2
4.306398904E1,5.582236921E-1,1.128925043E-1,-4.022882762E-1,-7.168025162E-1,1.121339140E2,4.719670853E1,-1.669580744E1,-1.115149501E2
4.307395904E1,5.581523849E-1,1.141674675E-1,-4.024995794E-1,-7.165373229E-1,1.121437622E2,4.729782421E1,-1.660079696E1,-1.114767645E2
4.308392804E1,5.580207972E-1,1.154246237E-1,-4.028153015E-1,-7.162610135E-1,1.121619342E2,4.741046944E1,-1.651165113E1,-1.114481470E2
4.309389804E1,5.577832101E-1,1.166301184E-1,-4.032409741E-1,-7.160111301E-1,1.121947397E2,4.753390387E1,-1.642889195E1,-1.114366440E2
4.310386804E1,5.574144252E-1,1.177869967E-1,-4.037869549E-1,-7.158012388E-1,1.122456481E2,4.766982351E1,-1.635149279E1,-1.114456810E2
4.311383704E1,5.569164971E-1,1.189296821E-1,-4.044462159E-1,-7.156276833E-1,1.123143599E2,4.781945387E1,-1.627612844E1,-1.114734958E2
4.312380704E1,5.563025492E-1,1.200930826E-1,-4.052065662E-1,-7.154807120E-1,1.123990439E2,4.798331556E1,-1.619971461E1,-1.115167225E2
4.313377704E1,5.556013415E-1,1.213184917E-1,-4.060466898E-1,-7.153425230E-1,1.124957126E2,4.816107740E1,-1.611890307E1,-1.115695377E2
4.314374604E1,5.548505007E-1,1.226293325E-1,-4.069365889E-1,-7.151962260E-1,1.125991635E2,4.835023960E1,-1.603174283E1,-1.116255377E2
4.315371604E1,5.540713266E-1,1.240187771E-1,-4.078527455E-1,-7.150387285E-1,1.127064523E2,4.854744039E1,-1.593833111E1,-1.116817648E2
4.316368604E1,5.532847453E-1,1.254657732E-1,-4.087739808E-1,-7.148694194E-1,1.128146932E2,4.874875692E1,-1.584009477E1,-1.117360542E2
4.317365504E1,5.524957036E-1,1.269798882E-1,-4.096788842E-1,-7.146942254E-1,1.129232046E2,4.895230289E1,-1.573497563E1,-1.117870436E2
4.318362504E1,5.516842925E-1,1.285704365E-1,-4.105826706E-1,-7.145179673E-1,1.130347213E2,4.916063245E1,-1.562215574E1,-1.118371158E2
4.319359504E1,5.508292488E-1,1.302520115E-1,-4.114944334E-1,-7.143485897E-1,1.131521570E2,4.937594375E1,-1.549983838E1,-1.118884959E2
4.320356404E1,5.499172279E-1,1.320410188E-1,-4.123927513E-1,-7.142047477E-1,1.132773307E2,4.959701950E1,-1.536428558E1,-1.119419486E2
4.321353404E1,5.489403640E-1,1.339466358E-1,-4.132477950E-1,-7.141072041E-1,1.134113043E2,4.982118682E1,-1.521205874E1,-1.119977447E2
4.322350404E1,5.478905861E-1,1.359612657E-1,-4.140438963E-1,-7.140714478E-1,1.135551632E2,5.004631682E1,-1.504213967E1,-1.120569618E2
4.323347304E1,5.467918072E-1,1.380903875E-1,-4.147771355E-1,-7.140795505E-1,1.137056106E2,5.027194926E1,-1.485527928E1,-1.121159873E2
4.324344304E1,5.456825127E-1,1.403500908E-1,-4.154222352E-1,-7.141126674E-1,1.138573670E2,5.049571450E1,-1.465071037E1,-1.121686277E2
4.325341304E1,5.446206650E-1,1.427306502E-1,-4.159688166E-1,-7.141333194E-1,1.140025100E2,5.071512483E1,-1.443212979E1,-1.122073710E2
4.326338204E1,5.436291025E-1,1.451959142E-1,-4.164228962E-1,-7.141270974E-1,1.141379380E2,5.092843930E1,-1.420444160E1,-1.122307893E2
4.327335204E1,5.427091474E-1,1.477312895E-1,-4.168223324E-1,-7.140738818E-1,1.142634932E2,5.113908729E1,-1.397181011E1,-1.122396984E2
4.328332204E1,5.418213504E-1,1.503485350E-1,-4.172206939E-1,-7.139691205E-1,1.143845753E2,5.135433877E1,-1.373489085E1,-1.122390989E2
4.329329104E1,5.409076594E-1,1.530779860E-1,-4.176652378E-1,-7.138220596E-1,1.145091029E2,5.158210369E1,-1.349118527E1,-1.122354965E2
4.330326104E1,5.399539605E-1,1.559822832E-1,-4.181286424E-1,-7.136438628E-1,1.146389904E2,5.182339188E1,-1.323283881E1,-1.122273387E2
4.331323104E1,5.389002524E-1,1.590911401E-1,-4.185441892E-1,-7.135105470E-1,1.147823888E2,5.207337818E1,-1.294882742E1,-1.122203560E2
4.332320004E1,5.379356164E-1,1.625111777E-1,-4.187905481E-1,-7.133230568E-1,1.149135648E2,5.232311322E1,-1.263379094E1,-1.121833963E2
4.333317004E1,5.369597746E-1,1.661342999E-1,-4.188318415E-1,-7.131994559E-1,1.150461673E2,5.256333694E1,-1.228754075E1,-1.121342745E2
4.334314004E1,5.361078393E-1,1.699699477E-1,-4.185625758E-1,-7.130947420E-1,1.151618528E2,5.278177480E1,-1.191029513E1,-1.120540317E2
4.335310904E1,5.354943076E-1,1.739420669E-1,-4.179423112E-1,-7.129615158E-1,1.152451193E2,5.296852671E1,-1.151260184E1,-1.119312786E2
4.336307858E1,5.349060219E-1,1.777546708E-1,-4.171133670E-1,-7.129481974E-1,1.153249234E2,5.312328080E1,-1.111466703E1,-1.118097629E2
4.337304858E1,5.343345739E-1,1.813512194E-1,-4.162491985E-1,-7.129760354E-1,1.154024098E2,5.326167339E1,-1.073311666E1,-1.116948741E2
4.338301758E1,5.338303817E-1,1.848583851E-1,-4.154673745E-1,-7.129091378E-1,1.154707490E2,5.340418153E1,-1.036997825E1,-1.115745389E2
4.339298758E1,5.332395355E-1,1.882965248E-1,-4.148116854E-1,-7.128332208E-1,1.155508007E2,5.355817664E1,-1.001697533E1,-1.114678319E2
4.340295758E1,5.327817997E-1,1.917789714E-1,-4.141320464E-1,-7.126423167E-1,1.156127936E2,5.371251583E1,-9.668324341E0,-1.113397459E2
4.341292658E1,5.324367645E-1,1.951665138E-1,-4.134027057E-1,-7.124038709E-1,1.156595090E2,5.385563594E1,-9.331528419E0,-1.112001936E2
4.342289658E1,5.320072038E-1,1.982669624E-1,-4.127381764E-1,-7.122539124E-1,1.157176518E2,5.398899776E1,-9.016942898E0,-1.110856335E2
4.343286658E1,5.315868522E-1,2.011679827E-1,-4.122396108E-1,-7.120430728E-1,1.157745303E2,5.412840210E1,-8.731356633E0,-1.109800621E2
4.344283558E1,5.310993923E-1,2.039608963E-1,-4.119978459E-1,-7.117522490E-1,1.158404671E2,5.429014072E1,-8.469583763E0,-1.108888048E2
4.345280558E1,5.305251099E-1,2.067464974E-1,-4.119880362E-1,-7.113824420E-1,1.159181175E2,5.447812492E1,-8.220805715E0,-1.108086801E2
4.346277558E1,5.300220346E-1,2.096586655E-1,-4.120331017E-1,-7.108787134E-1,1.159861127E2,5.468080178E1,-7.972019261E0,-1.107111850E2
4.347274458E1,5.295973208E-1,2.127055455E-1,-4.120277491E-1,-7.102930829E-1,1.160434971E2,5.488734821E1,-7.715312748E0,-1.105944199E2
4.348271458E1,5.291245912E-1,2.158547053E-1,-4.119277873E-1,-7.097530238E-1,1.161073479E2,5.509171689E1,-7.441577592E0,-1.104759433E2
4.349268458E1,5.288406584E-1,2.192747008E-1,-4.115902016E-1,-7.091118332E-1,1.161456876E2,5.528853120E1,-7.143260866E0,-1.103153532E2
4.350265358E1,5.286552439E-1,2.228853160E-1,-4.110247384E-1,-7.084521191E-1,1.161707199E2,5.547445630E1,-6.821329872E0,-1.101285411E2
4.351262358E1,5.285509304E-1,2.265737869E-1,-4.103003289E-1,-7.077794976E-1,1.161848016E2,5.564977355E1,-6.488320678E0,-1.099243482E2
4.352259358E1,5.286782034E-1,2.303178916E-1,-4.094969362E-1,-7.069408701E-1,1.161676204E2,5.582117380E1,-6.162113040E0,-1.096852269E2
4.353256258E1,5.287025116E-1,2.338416737E-1,-4.088495501E-1,-7.061401327E-1,1.161643388E2,5.599667767E1,-5.858358998E0,-1.094706837E2
4.354253258E1,5.287623654E-1,2.371794723E-1,-4.084446242E-1,-7.052157627E-1,1.161562582E2,5.618697652E1,-5.590327455E0,-1.092615843E2
4.355250258E1,5.286064010E-1,2.402172644E-1,-4.084498768E-1,-7.043008600E-1,1.161773135E2,5.640285245E1,-5.361998615E0,-1.090973163E2
4.356247158E1,5.282815541E-1,2.430422307E-1,-4.088558879E-1,-7.033392164E-1,1.162211605E2,5.664871630E1,-5.169347593E0,-1.089668031E2
4.357244158E1,5.278512295E-1,2.457749638E-1,-4.095757824E-1,-7.022929683E-1,1.162792286E2,5.692321073E1,-5.001286038E0,-1.088544906E2
4.358241158E1,5.271883702E-1,2.483725795E-1,-4.105133180E-1,-7.013290436E-1,1.163686391E2,5.721321362E1,-4.844621978E0,-1.087789120E2
4.359238058E1,5.265079094E-1,2.509071750E-1,-4.115029576E-1,-7.003573480E-1,1.164603789E2,5.750505248E1,-4.696047510E0,-1.087081000E2
4.360235058E1,5.258216638E-1,2.532880874E-1,-4.125098511E-1,-6.994228786E-1,1.165528525E2,5.778831779E1,-4.559956560E0,-1.086463254E2
4.361232058E1,5.250015072E-1,2.553526139E-1,-4.136078134E-1,-6.986393476E-1,1.166633106E2,5.805951789E1,-4.444344625E0,-1.086204076E2
4.362228958E1,5.242136299E-1,2.571588961E-1,-4.147727997E-1,-6.978774011E-1,1.167693594E2,5.831952294E1,-4.354564699E0,-1.086060711E2
4.363225958E1,5.233298421E-1,2.586569847E-1,-4.160457820E-1,-6.972291509E-1,1.168882461E2,5.856945027E1,-4.288120191E0,-1.086229577E2
4.364222958E1,5.226097948E-1,2.600747837E-1,-4.172596745E-1,-6.965159525E-1,1.169850505E2,5.880685605E1,-4.234316669E0,-1.086237356E2
4.365219858E1,5.219418410E-1,2.614380604E-1,-4.183733259E-1,-6.958380731E-1,1.170748066E2,5.902948772E1,-4.180339598E0,-1.086207915E2
4.366216858E1,5.213264654E-1,2.628091237E-1,-4.194001654E-1,-6.951644295E-1,1.171574594E2,5.924332454E1,-4.122992279E0,-1.086100809E2
4.367213858E1,5.208123845E-1,2.642219176E-1,-4.203937036E-1,-6.944136835E-1,1.172264791E2,5.945652858E1,-4.067627038E0,-1.085834315E2
4.368210758E1,5.201853184E-1,2.655720340E-1,-4.214911390E-1,-6.937030929E-1,1.173106338E2,5.967703281E1,-4.016900525E0,-1.085746547E2
4.369207758E1,5.195128970E-1,2.669351474E-1,-4.226597447E-1,-6.929722771E-1,1.174008335E2,5.990662845E1,-3.967870489E0,-1.085702466E2
4.370204758E1,5.188783025E-1,2.683609805E-1,-4.238243833E-1,-6.921854270E-1,1.174859194E2,6.014057688E1,-3.917236999E0,-1.085564599E2
4.371201658E1,5.181083270E-1,2.697012608E-1,-4.250185616E-1,-6.915085855E-1,1.175891057E2,6.037208552E1,-3.865230255E0,-1.085646212E2
4.372198658E1,5.174738536E-1,2.711208984E-1,-4.261236467E-1,-6.907480825E-1,1.176740908E2,6.059961204E1,-3.810870590E0,-1.085499924E2
4.373195658E1,5.168108784E-1,2.725773354E-1,-4.271865375E-1,-6.900143112E-1,1.177628528E2,6.082559597E1,-3.748946105E0,-1.085357583E2
4.374192558E1,5.161305650E-1,2.741329809E-1,-4.281669522E-1,-6.892991424E-1,1.178538930E2,6.105023538E1,-3.672931119E0,-1.085162034E2
4.375189558E1,5.154057604E-1,2.757803695E-1,-4.290432748E-1,-6.886391701E-1,1.179508391E2,6.127070310E1,-3.579671761E0,-1.084950677E2
4.376186558E1,5.146276137E-1,2.774989072E-1,-4.298251831E-1,-6.880429924E-1,1.180548652E2,6.148656338E1,-3.470663009E0,-1.084747594E2
4.377183458E1,5.139655288E-1,2.793737150E-1,-4.304882057E-1,-6.873643017E-1,1.181433309E2,6.170112386E1,-3.350799903E0,-1.084284400E2
4.378180458E1,5.134160867E-1,2.813600380E-1,-4.310910479E-1,-6.865864553E-1,1.182167147E2,6.191760737E1,-3.227583766E0,-1.083596387E2
4.379177458E1,5.128140875E-1,2.833282642E-1,-4.317328917E-1,-6.858231495E-1,1.182970857E2,6.213759211E1,-3.105304186E0,-1.082977039E2
4.380174358E1,5.123096476E-1,2.853431575E-1,-4.323467816E-1,-6.849775415E-1,1.183644059E2,6.235830526E1,-2.985518190E0,-1.082196297E2
4.381171358E1,5.117821219E-1,2.872666501E-1,-4.329399617E-1,-6.841928673E-1,1.184347819E2,6.257035526E1,-2.868868335E0,-1.081499043E2
4.382168358E1,5.112343709E-1,2.889824852E-1,-4.335239958E-1,-6.835096774E-1,1.185078288E2,6.276607475E1,-2.763879096E0,-1.080965022E2
4.383165258E1,5.105847036E-1,2.904234912E-1,-4.341575420E-1,-6.829821832E-1,1.185944312E2,6.294678761E1,-2.673259822E0,-1.080744485E2
4.384162258E1,5.097500959E-1,2.916062055E-1,-4.349016130E-1,-6.826282498E-1,1.187056296E2,6.312046101E1,-2.594380515E0,-1.080929679E2
4.385159258E1,5.087726841E-1,2.926541658E-1,-4.357735259E-1,-6.823528887E-1,1.188357732E2,6.329828533E1,-2.523692488E0,-1.081381916E2
4.386156158E1,5.076035674E-1,2.936140234E-1,-4.367827691E-1,-6.821658041E-1,1.189913280E2,6.348493784E1,-2.455193114E0,-1.082127117E2
4.387153158E1,5.064502452E-1,2.946035103E-1,-4.378016638E-1,-6.819432002E-1,1.191446594E2,6.367504139E1,-2.386704096E0,-1.082827032E2
4.388150158E1,5.052595652E-1,2.955317103E-1,-4.388380127E-1,-6.817587129E-1,1.193028312E2,6.386257192E1,-2.320630502E0,-1.083611667E2
4.389147058E1,5.042298597E-1,2.964914784E-1,-4.398141337E-1,-6.814752069E-1,1.194395159E2,6.404576673E1,-2.259853280E0,-1.084173057E2
4.390144058E1,5.031201016E-1,2.973889639E-1,-4.408288507E-1,-6.812488256E-1,1.195867203E2,6.422870988E1,-2.200007936E0,-1.084872593E2
4.391141058E1,5.021894254E-1,2.984166621E-1,-4.417136079E-1,-6.809129047E-1,1.197100855E2,6.440715892E1,-2.135122506E0,-1.085255291E2
4.392137958E1,5.014051252E-1,2.994720666E-1,-4.424310684E-1,-6.805616845E-1,1.198139881E2,6.456913680E1,-2.066303490E0,-1.085435678E2
4.393134958E1,5.006786927E-1,3.004078689E-1,-4.430520864E-1,-6.802798801E-1,1.199101758E2,6.471123117E1,-2.001784367E0,-1.085629302E2
4.394131958E1,5.000659197E-1,3.012832642E-1,-4.436143201E-1,-6.799770550E-1,1.199912774E2,6.484209508E1,-1.945072123E0,-1.085727457E2
4.395128858E1,4.993821503E-1,3.020999226E-1,-4.442304860E-1,-6.797148805E-1,1.200817364E2,6.497458681E1,-1.890985111E0,-1.085951915E2
4.396125858E1,4.988362116E-1,3.030638052E-1,-4.447879360E-1,-6.793220403E-1,1.201539316E2,6.511189249E1,-1.833595299E0,-1.085899297E2
4.397122858E1,4.983737553E-1,3.041021613E-1,-4.452734413E-1,-6.788791823E-1,1.202150666E2,6.524700543E1,-1.772323112E0,-1.085687987E2
4.398119758E1,4.979092233E-1,3.050742362E-1,-4.457346122E-1,-6.784812212E-1,1.202764571E2,6.537440062E1,-1.713196731E0,-1.085525592E2
4.399116758E1,4.975875691E-1,3.060356269E-1,-4.461291699E-1,-6.780246760E-1,1.203189544E2,6.549352160E1,-1.660506259E0,-1.085197074E2
4.400113758E1,4.972132945E-1,3.068799284E-1,-4.465222156E-1,-6.776588519E-1,1.203683927E2,6.560351774E1,-1.611012283E0,-1.085016923E2
4.401110658E1,4.968240684E-1,3.076679533E-1,-4.468604388E-1,-6.773641190E-1,1.204197929E2,6.570311934E1,-1.559530324E0,-1.084894612E2
4.402107658E1,4.965369430E-1,3.084750444E-1,-4.470766732E-1,-6.770647288E-1,1.204577015E2,6.579060056E1,-1.505048135E0,-1.084633304E2
4.403104658E1,4.962047099E-1,3.091535349E-1,-4.472652277E-1,-6.768743410E-1,1.205015566E2,6.586504791E1,-1.452834863E0,-1.084521057E2
4.404101558E1,4.959116945E-1,3.097219484E-1,-4.474520857E-1,-6.767055955E-1,1.205402270E2,6.593068962E1,-1.410322924E0,-1.084443568E2
4.405098558E1,4.955130063E-1,3.100701920E-1,-4.477245809E-1,-6.766580328E-1,1.205928315E2,6.598872764E1,-1.380029739E0,-1.084658056E2
4.406095558E1,4.950763334E-1,3.102349282E-1,-4.480509397E-1,-6.766860499E-1,1.206504321E2,6.603841139E1,-1.362366276E0,-1.085055826E2
4.407092458E1,4.947656268E-1,3.103303065E-1,-4.483427224E-1,-6.766762719E-1,1.206914066E2,6.607870427E1,-1.355906640E0,-1.085355503E2
4.408089458E1,4.944987635E-1,3.103207339E-1,-4.486168929E-1,-6.766941316E-1,1.207265927E2,6.610877480E1,-1.357839892E0,-1.085682175E2
4.409086458E1,4.943976005E-1,3.103389677E-1,-4.487846110E-1,-6.766484550E-1,1.207399294E2,6.612901296E1,-1.362352927E0,-1.085789794E2
4.410083358E1,4.944843914E-1,3.104226028E-1,-4.488295237E-1,-6.765168198E-1,1.207284875E2,6.614051747E1,-1.367560298E0,-1.085623587E2
4.411080358E1,4.945177296E-1,3.104400569E-1,-4.488800104E-1,-6.764510286E-1,1.207240922E2,6.614749888E1,-1.373124847E0,-1.085571177E2
4.412077358E1,4.946651909E-1,3.105385699E-1,-4.488837457E-1,-6.762954751E-1,1.207046499E2,6.615552489E1,-1.378822409E0,-1.085321290E2
4.413074258E1,4.947414977E-1,3.106200397E-1,-4.489276205E-1,-6.761730596E-1,1.206945883E2,6.616675447E1,-1.383279786E0,-1.085169140E2
4.414071258E1,4.949252685E-1,3.108075511E-1,-4.489125741E-1,-6.759623991E-1,1.206703548E2,6.617964666E1,-1.384854469E0,-1.084808638E2
4.415068258E1,4.950959843E-1,3.109928813E-1,-4.488933868E-1,-6.757649622E-1,1.206478403E2,6.619192499E1,-1.385228387E0,-1.084465301E2
4.416065158E1,4.952425711E-1,3.111680752E-1,-4.488953782E-1,-6.755754699E-1,1.206285060E2,6.620579366E1,-1.386072267E0,-1.084158168E2
4.417062158E1,4.954859691E-1,3.114446481E-1,-4.489081856E-1,-6.752610123E-1,1.205963984E2,6.622877207E1,-1.389132349E0,-1.083659177E2
4.418059158E1,4.956241054E-1,3.116994838E-1,-4.490165715E-1,-6.749697987E-1,1.205781740E2,6.626080291E1,-1.393077723E0,-1.083302216E2
4.419056058E1,4.957585223E-1,3.119635654E-1,-4.491254894E-1,-6.746765725E-1,1.205604388E2,6.629363855E1,-1.396239230E0,-1.082942746E2
4.420053058E1,4.959832703E-1,3.122529404E-1,-4.491578635E-1,-6.743558982E-1,1.205307816E2,6.631986307E1,-1.398748848E0,-1.082455856E2
4.421050058E1,4.960847389E-1,3.124123397E-1,-4.492309461E-1,-6.741587563E-1,1.205173906E2,6.634049859E1,-1.402867149E0,-1.082214574E2
4.422046958E1,4.963598103E-1,3.126656423E-1,-4.492172063E-1,-6.738478601E-1,1.204810844E2,6.635871232E1,-1.407817973E0,-1.081694433E2
4.423043958E1,4.966451761E-1,3.129105682E-1,-4.491943943E-1,-6.735390607E-1,1.204434125E2,6.637525939E1,-1.413371111E0,-1.081168274E2
4.424040958E1,4.969360209E-1,3.131166399E-1,-4.491692168E-1,-6.732456027E-1,1.204050101E2,6.638848296E1,-1.421535220E0,-1.080665028E2
4.425037858E1,4.972060400E-1,3.132683949E-1,-4.491793900E-1,-6.729688401E-1,1.203693508E2,6.640137962E1,-1.434244505E0,-1.080227893E2
4.426034858E1,4.973750857E-1,3.133346182E-1,-4.492756850E-1,-6.727486281E-1,1.203470230E2,6.641720163E1,-1.451239292E0,-1.079976422E2
4.427031858E1,4.976007716E-1,3.134405332E-1,-4.493634769E-1,-6.724738834E-1,1.203172103E2,6.643517061E1,-1.469573299E0,-1.079627547E2
4.428028758E1,4.978375367E-1,3.135767992E-1,-4.494234466E-1,-6.721948870E-1,1.202859292E2,6.645242305E1,-1.484715902E0,-1.079241759E2
4.429025758E1,4.979445002E-1,3.136551713E-1,-4.494987419E-1,-6.720286651E-1,1.202717957E2,6.646692082E1,-1.494461751E0,-1.079054959E2
4.430022758E1,4.980804080E-1,3.138061466E-1,-4.495151739E-1,-6.718465644E-1,1.202538363E2,6.648058103E1,-1.497322868E0,-1.078778178E2
4.431019658E1,4.981281182E-1,3.139716730E-1,-4.495248941E-1,-6.717273731E-1,1.202475312E2,6.649472609E1,-1.491878218E0,-1.078595359E2
4.432016658E1,4.981147629E-1,3.141652114E-1,-4.495007018E-1,-6.716629253E-1,1.202492962E2,6.650736722E1,-1.477227146E0,-1.078463693E2
4.433013658E1,4.981900530E-1,3.144648544E-1,-4.493543890E-1,-6.715646231E-1,1.202393461E2,6.651473686E1,-1.453224383E0,-1.078144406E2
4.434010558E1,4.984144059E-1,3.148994780E-1,-4.490730114E-1,-6.713827541E-1,1.202096935E2,6.651767267E1,-1.421812276E0,-1.077543521E2
4.435007558E1,4.987454115E-1,3.154163090E-1,-4.487096792E-1,-6.711371381E-1,1.201659365E2,6.651798660E1,-1.387185514E0,-1.076751532E2
4.436004654E1,4.991709840E-1,3.159584175E-1,-4.482843174E-1,-6.708501444E-1,1.201096642E2,6.651343330E1,-1.353426253E0,-1.075826785E2
4.437001554E1,4.996954014E-1,3.164946413E-1,-4.477887231E-1,-6.705377256E-1,1.200403001E2,6.650063112E1,-1.322087804E0,-1.074786950E2
4.437998554E1,5.001611136E-1,3.169034026E-1,-4.472901891E-1,-6.703302894E-1,1.199786805E2,6.647750297E1,-1.293528819E0,-1.073914592E2
4.438995554E1,5.007094125E-1,3.172760755E-1,-4.467389821E-1,-6.701121689E-1,1.199061091E2,6.644567558E1,-1.269303216E0,-1.072970075E2
4.439992454E1,5.011015415E-1,3.174556580E-1,-4.462583026E-1,-6.700541801E-1,1.198541916E2,6.640643295E1,-1.250090568E0,-1.072360297E2
4.440989454E1,5.015454848E-1,3.175800755E-1,-4.457683876E-1,-6.699893056E-1,1.197953975E2,6.636177067E1,-1.237440706E0,-1.071730730E2
4.441986454E1,5.018442532E-1,3.175296257E-1,-4.454069784E-1,-6.700297349E-1,1.197558200E2,6.631748411E1,-1.234320074E0,-1.071409193E2
4.442983354E1,5.019377191E-1,3.173443956E-1,-4.452096837E-1,-6.701786134E-1,1.197434370E2,6.628074795E1,-1.236551081E0,-1.071437897E2
4.443980354E1,5.020453359E-1,3.172269903E-1,-4.450211872E-1,-6.702788650E-1,1.197291783E2,6.625041070E1,-1.236569218E0,-1.071397782E2
4.444977354E1,5.020925087E-1,3.170886538E-1,-4.447982409E-1,-6.704570091E-1,1.197229278E2,6.621463638E1,-1.230298436E0,-1.071445880E2
4.445974254E1,5.023122518E-1,3.170285840E-1,-4.444031247E-1,-6.705826173E-1,1.196938088E2,6.616595293E1,-1.218804857E0,-1.071225823E2
4.446971254E1,5.025070072E-1,3.169628085E-1,-4.439549615E-1,-6.707646548E-1,1.196679973E2,6.611099279E1,-1.201354795E0,-1.071040047E2
4.447968254E1,5.026950190E-1,3.169830127E-1,-4.434803300E-1,-6.709282320E-1,1.196430765E2,6.606002163E1,-1.176078534E0,-1.070796515E2
4.448965154E1,5.030281477E-1,3.171515843E-1,-4.429057157E-1,-6.709783867E-1,1.195989126E2,6.600982289E1,-1.145096102E0,-1.070264683E2
4.449962154E1,5.033494120E-1,3.172587321E-1,-4.422934800E-1,-6.710907292E-1,1.195563123E2,6.595062563E1,-1.113759062E0,-1.069793930E2
4.450959154E1,5.037328957E-1,3.172079504E-1,-4.416107380E-1,-6.712765652E-1,1.195054495E2,6.587101182E1,-1.090930850E0,-1.069368404E2
4.451956054E1,5.042798933E-1,3.169858154E-1,-4.408616410E-1,-6.714632599E-1,1.194328765E2,6.577030848E1,-1.085628873E0,-1.068876468E2
4.452953054E1,5.047811668E-1,3.164539433E-1,-4.402121369E-1,-6.717634508E-1,1.193663464E2,6.565583322E1,-1.103424854E0,-1.068675072E2
4.453950054E1,5.053899517E-1,3.157289279E-1,-4.396332131E-1,-6.720260099E-1,1.192855167E2,6.553365176E1,-1.146926874E0,-1.068490167E2
4.454946954E1,5.059541031E-1,3.147551250E-1,-4.391771421E-1,-6.723564675E-1,1.192105833E2,6.540519309E1,-1.211991578E0,-1.068546264E2
4.455943954E1,5.065894352E-1,3.136631634E-1,-4.387486140E-1,-6.726679222E-1,1.191261609E2,6.527038985E1,-1.292045011E0,-1.068602750E2
4.456940954E1,5.071651295E-1,3.124075350E-1,-4.383906081E-1,-6.730518273E-1,1.190496315E2,6.513049683E1,-1.383250733E0,-1.068851866E2
4.457937854E1,5.076622147E-1,3.110084440E-1,-4.381010435E-1,-6.735134143E-1,1.189835278E2,6.498699011E1,-1.482864227E0,-1.069300036E2
4.458934854E1,5.082842654E-1,3.096614571E-1,-4.377856744E-1,-6.738699292E-1,1.189007741E2,6.484490515E1,-1.587069799E0,-1.069553150E2
4.459931854E1,5.089211200E-1,3.083458696E-1,-4.374930225E-1,-6.741823902E-1,1.188160144E2,6.470799051E1,-1.692543885E0,-1.069760234E2
4.460928754E1,5.094647617E-1,3.070011322E-1,-4.372630693E-1,-6.745346219E-1,1.187436313E2,6.457596849E1,-1.797919505E0,-1.070098388E2
4.461925754E1,5.101612647E-1,3.057418792E-1,-4.369457773E-1,-6.747857486E-1,1.186508558E2,6.444111515E1,-1.902861586E0,-1.070182455E2
4.462922754E1,5.108548596E-1,3.043874586E-1,-4.365808593E-1,-6.751094101E-1,1.185584234E2,6.429373097E1,-2.009731068E0,-1.070335317E2
4.463919654E1,5.116163056E-1,3.029097532E-1,-4.361521784E-1,-6.754744650E-1,1.184568977E2,6.412980364E1,-2.124414089E0,-1.070490605E2
4.464916654E1,5.123027566E-1,3.012178365E-1,-4.357834515E-1,-6.759486539E-1,1.183653254E2,6.395606629E1,-2.251762000E0,-1.070888589E2
4.465913654E1,5.128515455E-1,2.993168292E-1,-4.355556214E-1,-6.765234158E-1,1.182920858E2,6.378205193E1,-2.393428500E0,-1.071600971E2
4.466910554E1,5.133534934E-1,2.972693301E-1,-4.354604591E-1,-6.771065807E-1,1.182250729E2,6.361177887E1,-2.551895612E0,-1.072470437E2
4.467907554E1,5.138406214E-1,2.951018757E-1,-4.354542319E-1,-6.776889711E-1,1.181600161E2,6.344258667E1,-2.724499761E0,-1.073436651E2
4.468904554E1,5.143287293E-1,2.928192076E-1,-4.354766488E-1,-6.782942367E-1,1.180948063E2,6.326831657E1,-2.907354809E0,-1.074475039E2
4.469901454E1,5.150288359E-1,2.905716216E-1,-4.354034608E-1,-6.787762649E-1,1.180012351E2,6.308649082E1,-3.096879813E0,-1.075216691E2
4.470898454E1,5.157239533E-1,2.882750293E-1,-4.353195148E-1,-6.792814898E-1,1.179082854E2,6.290037394E1,-3.288842837E0,-1.075988507E2
4.471895454E1,5.166664622E-1,2.861734293E-1,-4.350818803E-1,-6.796060837E-1,1.177821823E2,6.271222149E1,-3.475057935E0,-1.076305566E2
4.472892354E1,5.176782921E-1,2.841917846E-1,-4.347009413E-1,-6.799113428E-1,1.176467112E2,6.251766788E1,-3.647623585E0,-1.076440519E2
4.473889354E1,5.187802162E-1,2.823010612E-1,-4.341408255E-1,-6.802168706E-1,1.174990673E2,6.231041674E1,-3.806979870E0,-1.076387881E2
4.474886354E1,5.199438591E-1,2.804552031E-1,-4.334203620E-1,-6.805512953E-1,1.173430285E2,6.208907425E1,-3.955415836E0,-1.076215051E2
4.475883254E1,5.212474453E-1,2.787062933E-1,-4.325710029E-1,-6.808128744E-1,1.171680702E2,6.186075705E1,-4.097814346E0,-1.075789586E2
4.476880254E1,5.223774339E-1,2.768868612E-1,-4.317779204E-1,-6.811926702E-1,1.170162788E2,6.163406209E1,-4.236612999E0,-1.075618830E2
4.477877254E1,5.235140817E-1,2.751221147E-1,-4.309908016E-1,-6.815333537E-1,1.168634685E2,6.141235307E1,-4.373031193E0,-1.075392410E2
4.478874154E1,5.246398399E-1,2.734071647E-1,-4.302599278E-1,-6.818195993E-1,1.167119988E2,6.120079413E1,-4.510067983E0,-1.075137685E2
4.479871154E1,5.254923600E-1,2.716197748E-1,-4.298107109E-1,-6.821607622E-1,1.165972108E2,6.101576483E1,-4.654543457E0,-1.075269438E2
4.480868154E1,5.262900365E-1,2.699774649E-1,-4.296010462E-1,-6.823298501E-1,1.164897429E2,6.086815245E1,-4.804846523E0,-1.075369645E2
4.481865054E1,5.268875155E-1,2.684454744E-1,-4.295572503E-1,-6.825006239E-1,1.164092060E2,6.074776698E1,-4.946660470E0,-1.075643699E2
4.482862054E1,5.275174634E-1,2.670434700E-1,-4.293929514E-1,-6.826675043E-1,1.163242544E2,6.062390194E1,-5.072761218E0,-1.075783273E2
4.483859054E1,5.282784036E-1,2.655687729E-1,-4.289771516E-1,-6.829155596E-1,1.162215857E2,6.046684120E1,-5.193329437E0,-1.075795708E2
4.484855954E1,5.290578042E-1,2.637861192E-1,-4.283879071E-1,-6.833728319E-1,1.161163669E2,6.026828383E1,-5.322142991E0,-1.075977627E2
4.485852954E1,5.298713596E-1,2.617160083E-1,-4.277525275E-1,-6.839362983E-1,1.160064729E2,6.004376521E1,-5.469362239E0,-1.076295226E2
4.486849954E1,5.305144257E-1,2.593325513E-1,-4.272720640E-1,-6.846456403E-1,1.159195618E2,5.981438689E1,-5.638186996E0,-1.077024143E2
4.487846854E1,5.311916939E-1,2.568448968E-1,-4.268990855E-1,-6.852906873E-1,1.158279836E2,5.958961359E1,-5.825764769E0,-1.077767643E2
4.488843854E1,5.319102766E-1,2.542857296E-1,-4.265725001E-1,-6.858907952E-1,1.157307688E2,5.936516865E1,-6.025559724E0,-1.078492717E2
4.489840854E1,5.325649278E-1,2.515900857E-1,-4.262285554E-1,-6.865903223E-1,1.156421579E2,5.912993155E1,-6.229437852E0,-1.079370903E2
4.490837754E1,5.334295388E-1,2.489093196E-1,-4.256939385E-1,-6.872274878E-1,1.155250617E2,5.887463448E1,-6.432971566E0,-1.079953105E2
4.491834754E1,5.344334398E-1,2.461701643E-1,-4.249811826E-1,-6.878749846E-1,1.153890063E2,5.859563472E1,-6.637063221E0,-1.080373669E2
4.492831754E1,5.354771064E-1,2.433353989E-1,-4.241366124E-1,-6.885929719E-1,1.152474532E2,5.829583807E1,-6.840902581E0,-1.080781246E2
4.493828654E1,5.366600578E-1,2.405181560E-1,-4.231495122E-1,-6.892688651E-1,1.150868747E2,5.798161040E1,-7.042845509E0,-1.080976816E2
4.494825654E1,5.378676810E-1,2.377165496E-1,-4.220809420E-1,-6.899543942E-1,1.149227994E2,5.766004057E1,-7.239677104E0,-1.081108820E2
4.495822654E1,5.392748747E-1,2.350940357E-1,-4.208935916E-1,-6.904795492E-1,1.147314199E2,5.733752148E1,-7.429110949E0,-1.080853111E2
4.496819554E1,5.406598781E-1,2.325389041E-1,-4.197078532E-1,-6.909832303E-1,1.145428582E2,5.702044314E1,-7.612776911E0,-1.080566383E2
4.497816554E1,5.420191192E-1,2.300643783E-1,-4.185762525E-1,-6.914330162E-1,1.143576098E2,5.671542324E1,-7.793573704E0,-1.080248564E2
4.498813554E1,5.434726586E-1,2.278175404E-1,-4.174510054E-1,-6.917162641E-1,1.141592957E2,5.642671485E1,-7.965466588E0,-1.079658099E2
4.499810454E1,5.448682988E-1,2.257374670E-1,-4.162832848E-1,-6.920038848E-1,1.139686718E2,5.614560019E1,-8.118258832E0,-1.079027847E2
4.500807454E1,5.462587866E-1,2.238030952E-1,-4.149896294E-1,-6.923128422E-1,1.137785465E2,5.586118656E1,-8.250424194E0,-1.078301312E2
4.501804454E1,5.476859105E-1,2.219568736E-1,-4.135513893E-1,-6.926402073E-1,1.135831977E2,5.556716658E1,-8.367394039E0,-1.077458249E2
4.502801354E1,5.489949073E-1,2.200465571E-1,-4.121132650E-1,-6.930704424E-1,1.134038266E2,5.526969963E1,-8.480953958E0,-1.076793004E2
4.503798354E1,5.502603612E-1,2.181478205E-1,-4.107718784E-1,-6.934634670E-1,1.132302467E2,5.498399503E1,-8.598408364E0,-1.076169496E2
4.504795354E1,5.514027252E-1,2.162467869E-1,-4.096405727E-1,-6.938205193E-1,1.130734018E2,5.472184858E1,-8.724352082E0,-1.075704060E2
4.505792254E1,5.525835481E-1,2.144115656E-1,-4.087279459E-1,-6.939889012E-1,1.129111273E2,5.448767903E1,-8.865425422E0,-1.075148952E2
4.506789254E1,5.535660333E-1,2.124247843E-1,-4.081353401E-1,-6.941657073E-1,1.127759932E2,5.427908169E1,-9.029543157E0,-1.074940146E2
4.507786254E1,5.544986588E-1,2.102938080E-1,-4.078369299E-1,-6.942454491E-1,1.126476188E2,5.409273097E1,-9.224253001E0,-1.074877186E2
4.508783154E1,5.553782319E-1,2.080404478E-1,-4.078559592E-1,-6.942100773E-1,1.125264592E2,5.393275158E1,-9.449665767E0,-1.074953090E2
4.509780154E1,5.561905439E-1,2.056803402E-1,-4.081872861E-1,-6.940683217E-1,1.124144886E2,5.379990834E1,-9.703372578E0,-1.075177744E2
4.510777154E1,5.567698471E-1,2.032203656E-1,-4.088266854E-1,-6.939522124E-1,1.123345916E2,5.369581781E1,-9.973594484E0,-1.075766532E2
4.511774054E1,5.573225398E-1,2.008754309E-1,-4.096181716E-1,-6.937244719E-1,1.122583300E2,5.361676078E1,-1.024597840E1,-1.076325793E2
4.512771054E1,5.577084258E-1,1.986348833E-1,-4.104574207E-1,-6.935634815E-1,1.122050644E2,5.355200469E1,-1.050371751E1,-1.077044500E2
4.513768054E1,5.580640293E-1,1.965843022E-1,-4.111386086E-1,-6.934581460E-1,1.121559641E2,5.348381486E1,-1.073328206E1,-1.077688404E2
4.514764954E1,5.584017098E-1,1.946778949E-1,-4.115738381E-1,-6.934659853E-1,1.121093255E2,5.339930086E1,-1.093189676E1,-1.078262477E2
4.515761954E1,5.586770657E-1,1.927835626E-1,-4.118245275E-1,-6.936246576E-1,1.120712854E2,5.329653787E1,-1.111126944E1,-1.078898141E2
4.516758954E1,5.589498770E-1,1.908627727E-1,-4.120250517E-1,-6.938167261E-1,1.120335884E2,5.318691017E1,-1.128883990E1,-1.079541931E2
4.517755854E1,5.591527456E-1,1.888197042E-1,-4.123116924E-1,-6.940421538E-1,1.120055506E2,5.307953017E1,-1.147806465E1,-1.080340528E2
4.518752854E1,5.593806336E-1,1.866629130E-1,-4.126948178E-1,-6.942141551E-1,1.119740495E2,5.297523815E1,-1.168546667E1,-1.081162004E2
4.519749854E1,5.597558881E-1,1.844615304E-1,-4.131722678E-1,-6.942161149E-1,1.119221651E2,5.287718953E1,-1.191374302E1,-1.081807437E2
4.520746754E1,5.602682673E-1,1.822488103E-1,-4.137694992E-1,-6.940314695E-1,1.118512955E2,5.279041677E1,-1.216167871E1,-1.082274300E2
4.521743754E1,5.607204767E-1,1.800022884E-1,-4.144924125E-1,-6.938210988E-1,1.117887237E2,5.271619959E1,-1.241846042E1,-1.082837729E2
4.522740754E1,5.612497673E-1,1.778882763E-1,-4.151848115E-1,-6.935242902E-1,1.117154568E2,5.264695552E1,-1.266822009E1,-1.083222716E2
4.523737654E1,5.616898226E-1,1.758705802E-1,-4.157675338E-1,-6.933336600E-1,1.116545181E2,5.257342463E1,-1.289651338E1,-1.083666543E2
4.524734654E1,5.619960616E-1,1.739521399E-1,-4.161459282E-1,-6.933424265E-1,1.116120972E2,5.248591456E1,-1.309274327E1,-1.084222352E2
4.525731654E1,5.622684619E-1,1.721901593E-1,-4.162391043E-1,-6.935054031E-1,1.115743548E2,5.237807161E1,-1.325272179E1,-1.084723900E2
4.526728554E1,5.624692548E-1,1.705611415E-1,-4.161402700E-1,-6.938043876E-1,1.115465285E2,5.225892385E1,-1.338304791E1,-1.085240012E2
4.527725554E1,5.626634411E-1,1.690477851E-1,-4.159512730E-1,-6.941306305E-1,1.115196134E2,5.213766977E1,-1.349724792E1,-1.085698831E2
4.528722554E1,5.629356571E-1,1.675268213E-1,-4.157238170E-1,-6.944147530E-1,1.114818758E2,5.201090194E1,-1.361433760E1,-1.086049190E2
4.529719454E1,5.632576801E-1,1.658875301E-1,-4.155005967E-1,-6.946807628E-1,1.114372224E2,5.187647587E1,-1.374434683E1,-1.086384748E2
4.530716454E1,5.637447712E-1,1.642250688E-1,-4.152794733E-1,-6.948129775E-1,1.113696574E2,5.173885175E1,-1.388723948E1,-1.086503274E2
4.531713454E1,5.643444945E-1,1.625900134E-1,-4.150791177E-1,-6.948302840E-1,1.112864316E2,5.160391556E1,-1.403711012E1,-1.086451698E2
4.532710354E1,5.651212030E-1,1.611239880E-1,-4.148352455E-1,-6.946861155E-1,1.111785834E2,5.147282871E1,-1.418202233E1,-1.086072337E2
4.533707354E1,5.659670112E-1,1.598370129E-1,-4.145136861E-1,-6.944867556E-1,1.110610615E2,5.134378033E1,-1.431145656E1,-1.085504749E2
4.534704354E1,5.667638553E-1,1.586970460E-1,-4.140641689E-1,-6.943665370E-1,1.109502671E2,5.121072818E1,-1.441629674E1,-1.084921736E2
4.535701254E1,5.676462628E-1,1.578201281E-1,-4.133996501E-1,-6.942414241E-1,1.108274899E2,5.106982371E1,-1.448928781E1,-1.084081860E2
4.536698242E1,5.683753664E-1,1.570878056E-1,-4.126047394E-1,-6.942840293E-1,1.107259747E2,5.092597666E1,-1.453087245E1,-1.083372389E2
4.537695242E1,5.689714072E-1,1.564978340E-1,-4.117031762E-1,-6.944642492E-1,1.106429401E2,5.078143798E1,-1.454441170E1,-1.082769408E2
4.538692142E1,5.696441499E-1,1.560842891E-1,-4.106841497E-1,-6.946090710E-1,1.105491701E2,5.063444976E1,-1.453980366E1,-1.081971683E2
4.539689142E1,5.702292904E-1,1.556053218E-1,-4.096328914E-1,-6.948570894E-1,1.104675672E2,5.048101421E1,-1.453210319E1,-1.081320080E2
4.540686142E1,5.708224177E-1,1.549903360E-1,-4.085863219E-1,-6.951237578E-1,1.103848093E2,5.031930556E1,-1.453583870E1,-1.080718355E2
4.541683042E1,5.714347219E-1,1.541621926E-1,-4.075956181E-1,-6.953864222E-1,1.102993320E2,5.014973228E1,-1.456179236E1,-1.080188258E2
4.542680042E1,5.720556398E-1,1.531216501E-1,-4.066965626E-1,-6.956321278E-1,1.102126070E2,4.997634057E1,-1.461208389E1,-1.079744847E2
4.543677042E1,5.728177970E-1,1.519954337E-1,-4.058578509E-1,-6.957417360E-1,1.101060920E2,4.980203285E1,-1.468271137E1,-1.079146060E2
4.544673942E1,5.735664304E-1,1.507715208E-1,-4.050885550E-1,-6.958394956E-1,1.100013997E2,4.962912236E1,-1.476557614E1,-1.078609048E2
4.545670942E1,5.743930987E-1,1.495535506E-1,-4.043206078E-1,-6.958672282E-1,1.098857168E2,4.945561681E1,-1.485294785E1,-1.077957420E2
4.546667942E1,5.751660930E-1,1.482942449E-1,-4.035738078E-1,-6.959316918E-1,1.097774708E2,4.928244869E1,-1.494185153E1,-1.077393696E2
4.547664842E1,5.759773619E-1,1.470952198E-1,-4.028252271E-1,-6.959489457E-1,1.096637876E2,4.911238705E1,-1.502822795E1,-1.076745700E2
4.548661842E1,5.767800433E-1,1.459784231E-1,-4.020640023E-1,-6.959595298E-1,1.095512295E2,4.894633631E1,-1.510654745E1,-1.076068107E2
4.549658842E1,5.774814670E-1,1.449193676E-1,-4.012870568E-1,-6.960475166E-1,1.094528066E2,4.878375219E1,-1.517274760E1,-1.075500157E2
4.550655742E1,5.781803987E-1,1.439515496E-1,-4.004945274E-1,-6.961246770E-1,1.093546738E2,4.862539660E1,-1.523031443E1,-1.074892002E2
4.551652742E1,5.788228589E-1,1.429922978E-1,-3.997586751E-1,-6.962114415E-1,1.092644173E2,4.847453010E1,-1.528812729E1,-1.074358792E2
4.552649742E1,5.792841457E-1,1.419443059E-1,-3.991809787E-1,-6.963737596E-1,1.091995820E2,4.833769106E1,-1.535422804E1,-1.074122333E2
4.553646642E1,5.795652283E-1,1.408578023E-1,-3.987928484E-1,-6.965826762E-1,1.091600622E2,4.822151669E1,-1.542725673E1,-1.074162145E2
4.554643642E1,5.796937445E-1,1.397788008E-1,-3.985400095E-1,-6.968377806E-1,1.091419897E2,4.812276477E1,-1.550104802E1,-1.074417971E2
4.555640642E1,5.797206711E-1,1.386663874E-1,-3.983414873E-1,-6.971511477E-1,1.091382029E2,4.802933169E1,-1.557566560E1,-1.074830622E2
4.556637542E1,5.796548588E-1,1.374344351E-1,-3.982012226E-1,-6.975298582E-1,1.091474582E2,4.793600921E1,-1.565886992E1,-1.075423606E2
4.557634542E1,5.794955279E-1,1.360770747E-1,-3.981654610E-1,-6.979486451E-1,1.091698628E2,4.784749547E1,-1.575477075E1,-1.076203247E2
4.558631542E1,5.792918111E-1,1.347446864E-1,-3.982212634E-1,-6.983442986E-1,1.091985044E2,4.777134255E1,-1.585336101E1,-1.077038127E2
4.559628442E1,5.791241773E-1,1.335912641E-1,-3.982573306E-1,-6.986842287E-1,1.092220690E2,4.770411562E1,-1.593845701E1,-1.077745674E2
4.560625442E1,5.788442274E-1,1.325185109E-1,-3.982323269E-1,-6.991347048E-1,1.092614145E2,4.763736051E1,-1.600566440E1,-1.078570870E2
4.561622442E1,5.786041273E-1,1.315200837E-1,-3.981164336E-1,-6.995877307E-1,1.092951517E2,4.756500707E1,-1.606239173E1,-1.079301828E2
4.562619342E1,5.784307457E-1,1.305697355E-1,-3.979671706E-1,-6.999940158E-1,1.093195096E2,4.749114996E1,-1.611682809E1,-1.079916628E2
4.563616342E1,5.781858884E-1,1.296153517E-1,-3.978706227E-1,-7.004284497E-1,1.093539028E2,4.742397348E1,-1.617152361E1,-1.080635009E2
4.564613342E1,5.779932983E-1,1.287749857E-1,-3.978009961E-1,-7.007817878E-1,1.093809493E2,4.736619842E1,-1.622238658E1,-1.081235289E2
4.565610242E1,5.778523171E-1,1.280771182E-1,-3.977190205E-1,-7.010724746E-1,1.094007452E2,4.731536103E1,-1.626396661E1,-1.081704896E2
4.566607242E1,5.776920485E-1,1.274721002E-1,-3.975933386E-1,-7.013860735E-1,1.094232464E2,4.726602920E1,-1.629355301E1,-1.082160336E2
4.567604242E1,5.775766451E-1,1.269772646E-1,-3.974088934E-1,-7.016752062E-1,1.094394467E2,4.721660663E1,-1.631241015E1,-1.082504176E2
4.568601142E1,5.773105299E-1,1.264674668E-1,-3.972162296E-1,-7.020953260E-1,1.094767978E2,4.716782764E1,-1.632286940E1,-1.083063335E2
4.569598142E1,5.770930627E-1,1.260400767E-1,-3.969858339E-1,-7.024811277E-1,1.095073144E2,4.711940125E1,-1.632670242E1,-1.083518529E2
4.570595142E1,5.769652787E-1,1.256725773E-1,-3.967154408E-1,-7.028045573E-1,1.095252433E2,4.706898365E1,-1.632798955E1,-1.083821634E2
4.571592042E1,5.767800908E-1,1.252268217E-1,-3.964611794E-1,-7.031794904E-1,1.095512228E2,4.701632545E1,-1.633350715E1,-1.084236614E2
4.572589042E1,5.767429752E-1,1.247792116E-1,-3.962342713E-1,-7.034173936E-1,1.095564292E2,4.696412184E1,-1.635016357E1,-1.084447691E2
4.573586042E1,5.767136252E-1,1.242990009E-1,-3.961147323E-1,-7.035937518E-1,1.095605461E2,4.692137867E1,-1.637826514E1,-1.084668407E2
4.574582942E1,5.766979729E-1,1.238604841E-1,-3.961036266E-1,-7.036901574E-1,1.095627416E2,4.689280149E1,-1.641218761E1,-1.084861541E2
4.575579942E1,5.767743324E-1,1.235338776E-1,-3.961539605E-1,-7.036567877E-1,1.095520306E2,4.687643571E1,-1.644721970E1,-1.084887103E2
4.576576942E1,5.767498609E-1,1.232084407E-1,-3.962682838E-1,-7.036694581E-1,1.095554633E2,4.686873556E1,-1.648111647E1,-1.085057258E2
4.577573842E1,5.767021718E-1,1.229525145E-1,-3.964052294E-1,-7.036762648E-1,1.095621526E2,4.686826333E1,-1.650971884E1,-1.085234474E2
4.578570842E1,5.765448797E-1,1.227428866E-1,-3.965456943E-1,-7.037624972E-1,1.095842140E2,4.687290119E1,-1.652831198E1,-1.085546427E2
4.579567842E1,5.763732472E-1,1.226207450E-1,-3.966126235E-1,-7.038867567E-1,1.096082833E2,4.687531985E1,-1.653324124E1,-1.085838800E2
4.580564742E1,5.762754349E-1,1.225839508E-1,-3.965853967E-1,-7.039886151E-1,1.096219986E2,4.687167088E1,-1.652833193E1,-1.085987503E2
4.581561742E1,5.762523964E-1,1.225974800E-1,-3.964946967E-1,-7.040560764E-1,1.096252289E2,4.686305990E1,-1.651886560E1,-1.086007178E2
4.582558742E1,5.762447204E-1,1.225922222E-1,-3.963756213E-1,-7.041303444E-1,1.096263052E2,4.684994340E1,-1.650965488E1,-1.086010805E2
4.583555642E1,5.763433651E-1,1.225923697E-1,-3.962260632E-1,-7.041336951E-1,1.096124735E2,4.683210676E1,-1.650396453E1,-1.085861629E2
4.584552642E1,5.764507079E-1,1.225284434E-1,-3.961070299E-1,-7.041240487E-1,1.095974208E2,4.681341667E1,-1.650636798E1,-1.085727928E2
4.585549642E1,5.765826644E-1,1.223942373E-1,-3.960649779E-1,-7.040628989E-1,1.095789147E2,4.679823829E1,-1.652190637E1,-1.085592867E2
4.586546542E1,5.766077944E-1,1.221182809E-1,-3.961352999E-1,-7.040506658E-1,1.095753901E2,4.678809821E1,-1.655134636E1,-1.085670751E2
4.587543542E1,5.766041540E-1,1.217483580E-1,-3.962933506E-1,-7.040287652E-1,1.095759007E2,4.678205151E1,-1.659352659E1,-1.085832008E2
4.588540542E1,5.764786776E-1,1.212487071E-1,-3.965259169E-1,-7.040867224E-1,1.095934984E2,4.677799033E1,-1.664483967E1,-1.086219217E2
4.589537442E1,5.762128785E-1,1.206314243E-1,-3.967994921E-1,-7.042562581E-1,1.096307697E2,4.677340573E1,-1.670063194E1,-1.086851053E2
4.590534442E1,5.759742746E-1,1.199830056E-1,-3.970718767E-1,-7.044087138E-1,1.096642203E2,4.676637127E1,-1.676052846E1,-1.087456541E2
4.591531442E1,5.756331012E-1,1.192149636E-1,-3.973637436E-1,-7.046533710E-1,1.097120386E2,4.675579175E1,-1.682568940E1,-1.088252440E2
4.592528342E1,5.752155892E-1,1.183648722E-1,-3.976507953E-1,-7.049756311E-1,1.097705371E2,4.674098740E1,-1.689275314E1,-1.089185514E2
4.593525342E1,5.748461984E-1,1.175548624E-1,-3.979039608E-1,-7.052694947E-1,1.098222758E2,4.672432199E1,-1.695685132E1,-1.090032506E2
4.594522342E1,5.744622406E-1,1.167896337E-1,-3.981336717E-1,-7.055798641E-1,1.098760375E2,4.670826970E1,-1.701467882E1,-1.090880285E2
4.595519242E1,5.740585160E-1,1.160924511E-1,-3.983423302E-1,-7.059056171E-1,1.099325478E2,4.669459875E1,-1.706419553E1,-1.091727061E2
4.596516242E1,5.736786991E-1,1.155027429E-1,-3.985024355E-1,-7.062206964E-1,1.099856938E2,4.668198741E1,-1.710260990E1,-1.092495002E2
4.597513242E1,5.732677305E-1,1.149897420E-1,-3.986231757E-1,-7.065699620E-1,1.100431793E2,4.667043837E1,-1.712989653E1,-1.093273478E2
4.598510142E1,5.728645116E-1,1.145560931E-1,-3.987031283E-1,-7.069222676E-1,1.100995612E2,4.665926542E1,-1.714801765E1,-1.094007102E2
4.599507142E1,5.724918702E-1,1.142044198E-1,-3.987307345E-1,-7.072653218E-1,1.101516502E2,4.664694853E1,-1.715721095E1,-1.094662097E2
4.600504142E1,5.721649950E-1,1.139137646E-1,-3.986666818E-1,-7.076127646E-1,1.101973283E2,4.662762154E1,-1.715709197E1,-1.095222380E2
4.601501042E1,5.719260487E-1,1.136754558E-1,-3.984964191E-1,-7.079400507E-1,1.102307110E2,4.659841421E1,-1.714975110E1,-1.095631199E2
4.602498042E1,5.717027389E-1,1.134192345E-1,-3.982757487E-1,-7.082855021E-1,1.102619031E2,4.656232868E1,-1.714100437E1,-1.096020568E2
4.603495042E1,5.715715621E-1,1.131649415E-1,-3.980389467E-1,-7.085652044E-1,1.102802231E2,4.652303254E1,-1.713631152E1,-1.096279815E2
4.604491942E1,5.714426560E-1,1.128734434E-1,-3.978269585E-1,-7.088347124E-1,1.102982241E2,4.648412348E1,-1.713675237E1,-1.096551848E2
4.605488942E1,5.713198401E-1,1.125617148E-1,-3.976283731E-1,-7.090947585E-1,1.103153728E2,4.644534009E1,-1.714027523E1,-1.096824087E2
4.606485942E1,5.713055418E-1,1.122889087E-1,-3.974125707E-1,-7.092703949E-1,1.103173692E2,4.640520951E1,-1.714564147E1,-1.096928814E2
4.607482842E1,5.713388905E-1,1.119913098E-1,-3.972164614E-1,-7.094004917E-1,1.103127129E2,4.636489650E1,-1.715736013E1,-1.096978330E2
4.608479842E1,5.713261516E-1,1.116303116E-1,-3.970848895E-1,-7.095412727E-1,1.103144916E2,4.632852983E1,-1.717656725E1,-1.097120936E2
4.609476842E1,5.713186811E-1,1.113336715E-1,-3.970142198E-1,-7.096332898E-1,1.103155346E2,4.630268799E1,-1.719538604E1,-1.097236746E2
4.610473742E1,5.713004262E-1,1.111340008E-1,-3.969609672E-1,-7.097091173E-1,1.103180834E2,4.628490889E1,-1.720685336E1,-1.097332729E2
4.611470742E1,5.712214430E-1,1.109163439E-1,-3.968833854E-1,-7.098502249E-1,1.103291106E2,4.626442077E1,-1.721442930E1,-1.097517915E2
4.612467742E1,5.711873199E-1,1.106615557E-1,-3.968007460E-1,-7.099635841E-1,1.103338745E2,4.624032194E1,-1.722733463E1,-1.097653866E2
4.613464642E1,5.711071249E-1,1.103344329E-1,-3.968200282E-1,-7.100682242E-1,1.103450698E2,4.622372446E1,-1.725131785E1,-1.097889597E2
4.614461642E1,5.710258500E-1,1.100530817E-1,-3.969672261E-1,-7.100948768E-1,1.103564152E2,4.622394913E1,-1.728115537E1,-1.098120325E2
4.615458642E1,5.709774760E-1,1.098527788E-1,-3.971993498E-1,-7.100350178E-1,1.103631674E2,4.623788220E1,-1.731261772E1,-1.098282354E2
4.616455542E1,5.708742847E-1,1.096448157E-1,-3.975065266E-1,-7.099782196E-1,1.103775704E2,4.626052663E1,-1.734722073E1,-1.098529921E2
4.617452542E1,5.708128188E-1,1.094431219E-1,-3.978700642E-1,-7.098551666E-1,1.103861489E2,4.628902406E1,-1.738801228E1,-1.098722076E2
4.618449542E1,5.706745139E-1,1.091830443E-1,-3.983107833E-1,-7.097592193E-1,1.104054499E2,4.632377072E1,-1.743503796E1,-1.099049618E2
4.619446442E1,5.705286068E-1,1.089791273E-1,-3.987720911E-1,-7.096487893E-1,1.104258093E2,4.636439183E1,-1.747850358E1,-1.099368703E2
4.620443442E1,5.704244250E-1,1.088971306E-1,-3.991962359E-1,-7.095067492E-1,1.104403450E2,4.640770851E1,-1.751143101E1,-1.099581280E2
4.621440442E1,5.703346944E-1,1.089187730E-1,-3.995587620E-1,-7.093714999E-1,1.104528634E2,4.645037091E1,-1.753189746E1,-1.099729617E2
4.622437342E1,5.703051969E-1,1.090514407E-1,-3.998352559E-1,-7.092189231E-1,1.104569784E2,4.648932980E1,-1.754012088E1,-1.099744966E2
4.623434342E1,5.702845554E-1,1.092571806E-1,-4.000462219E-1,-7.090848856E-1,1.104598579E2,4.652541719E1,-1.753781195E1,-1.099714999E2
4.624431342E1,5.703095538E-1,1.095694571E-1,-4.002139558E-1,-7.089219827E-1,1.104563706E2,4.656247605E1,-1.752604447E1,-1.099577747E2
4.625428242E1,5.703839482E-1,1.099892081E-1,-4.003377306E-1,-7.087272169E-1,1.104459921E2,4.660042258E1,-1.750492276E1,-1.099327270E2
4.626425242E1,5.703993160E-1,1.104594932E-1,-4.004363858E-1,-7.085859143E-1,1.104438481E2,4.663975045E1,-1.747425311E1,-1.099137287E2
4.627422242E1,5.705043618E-1,1.110458717E-1,-4.004724319E-1,-7.083892413E-1,1.104291921E2,4.667776911E1,-1.743448882E1,-1.098772935E2
4.628419142E1,5.705407819E-1,1.116486454E-1,-4.004894276E-1,-7.082556305E-1,1.104241105E2,4.671593456E1,-1.738791647E1,-1.098495824E2
4.629416142E1,5.705530203E-1,1.123130378E-1,-4.005027144E-1,-7.081332203E-1,1.104224029E2,4.675791874E1,-1.733456975E1,-1.098227943E2
4.630413142E1,5.705560970E-1,1.130550436E-1,-4.005173289E-1,-7.080044616E-1,1.104219736E2,4.680500559E1,-1.727440025E1,-1.097942710E2
4.631410042E1,5.705074490E-1,1.138189342E-1,-4.005490444E-1,-7.079033197E-1,1.104287614E2,4.685623517E1,-1.721072285E1,-1.097721417E2
4.632407042E1,5.704382861E-1,1.146125383E-1,-4.005972814E-1,-7.078035582E-1,1.104384111E2,4.691148011E1,-1.714468916E1,-1.097517398E2
4.633404042E1,5.703604619E-1,1.154216945E-1,-4.006545801E-1,-7.077024268E-1,1.104492686E2,4.696886111E1,-1.707760025E1,-1.097319372E2
4.634400942E1,5.702640089E-1,1.162333902E-1,-4.007259874E-1,-7.076068588E-1,1.104627241E2,4.702828703E1,-1.701033080E1,-1.097146086E2
4.635397942E1,5.701965581E-1,1.170696995E-1,-4.008184259E-1,-7.074709932E-1,1.104721330E2,4.709107529E1,-1.694441045E1,-1.096923622E2
4.636394858E1,5.700114123E-1,1.178761163E-1,-4.009477114E-1,-7.074130360E-1,1.104979569E2,4.715805628E1,-1.687683590E1,-1.096877644E2
4.637391758E1,5.698352753E-1,1.187355748E-1,-4.010824127E-1,-7.073348589E-1,1.105225204E2,4.722876530E1,-1.680588906E1,-1.096797548E2
4.638388758E1,5.695928361E-1,1.196473060E-1,-4.012283989E-1,-7.072937341E-1,1.105563243E2,4.730505066E1,-1.672761099E1,-1.096788114E2
4.639385758E1,5.693669026E-1,1.206661849E-1,-4.013779991E-1,-7.072175589E-1,1.105878205E2,4.738808596E1,-1.664184626E1,-1.096711899E2
4.640382658E1,5.691604885E-1,1.217959523E-1,-4.015493050E-1,-7.070928675E-1,1.106165904E2,4.748006659E1,-1.654987653E1,-1.096564643E2
4.641379658E1,5.688647862E-1,1.229819751E-1,-4.017825351E-1,-7.069930637E-1,1.106577966E2,4.758378662E1,-1.645278136E1,-1.096520577E2
4.642376658E1,5.685412828E-1,1.242450003E-1,-4.020681116E-1,-7.068700634E-1,1.107028650E2,4.769847344E1,-1.635180967E1,-1.096485054E2
4.643373558E1,5.681984972E-1,1.255869665E-1,-4.023936012E-1,-7.067232712E-1,1.107506064E2,4.782275500E1,-1.624638351E1,-1.096443904E2
4.644370558E1,5.677823761E-1,1.269690775E-1,-4.027753357E-1,-7.065932534E-1,1.108085432E2,4.795686772E1,-1.613768280E1,-1.096487840E2
4.645367558E1,5.672714140E-1,1.283758234E-1,-4.032304690E-1,-7.064898830E-1,1.108796570E2,4.810203884E1,-1.602696939E1,-1.096653402E2
4.646364458E1,5.666886127E-1,1.298496461E-1,-4.037588746E-1,-7.063863651E-1,1.109607321E2,4.826050057E1,-1.591214506E1,-1.096890571E2
4.647361458E1,5.659578811E-1,1.313701884E-1,-4.043484142E-1,-7.063539015E-1,1.110623305E2,4.843080625E1,-1.578930627E1,-1.097310391E2
4.648358458E1,5.651914407E-1,1.330099959E-1,-4.049605129E-1,-7.063100266E-1,1.111688273E2,4.861148400E1,-1.565640295E1,-1.097724248E2
4.649355358E1,5.644493190E-1,1.347725033E-1,-4.055929579E-1,-7.062065983E-1,1.112718805E2,4.880162185E1,-1.551667868E1,-1.098047382E2
4.650352358E1,5.636466007E-1,1.365665577E-1,-4.062842611E-1,-7.061056039E-1,1.113832769E2,4.900103489E1,-1.537531112E1,-1.098435632E2
4.651349358E1,5.628330664E-1,1.383918745E-1,-4.070228214E-1,-7.059737843E-1,1.114960990E2,4.920770530E1,-1.523447208E1,-1.098820039E2
4.652346258E1,5.620608834E-1,1.402778511E-1,-4.077828239E-1,-7.057781071E-1,1.116031166E2,4.941989790E1,-1.509305484E1,-1.099114429E2
4.653343258E1,5.612548934E-1,1.422146674E-1,-4.085810430E-1,-7.055703810E-1,1.117147470E2,4.963994909E1,-1.494853451E1,-1.099426161E2
4.654340258E1,5.603892024E-1,1.442136924E-1,-4.094252866E-1,-7.053631819E-1,1.118345641E2,4.986977374E1,-1.479900462E1,-1.099784338E2
4.655337158E1,5.593967759E-1,1.462274372E-1,-4.103075360E-1,-7.052237970E-1,1.119718179E2,5.010643524E1,-1.464345858E1,-1.100299480E2
4.656334158E1,5.582894781E-1,1.482704425E-1,-4.111877940E-1,-7.051619412E-1,1.121248278E2,5.034620652E1,-1.447835790E1,-1.100944371E2
4.657331158E1,5.572070205E-1,1.504683269E-1,-4.119854126E-1,-7.050869620E-1,1.122742724E2,5.058618488E1,-1.429626344E1,-1.101467263E2
4.658328058E1,5.560625387E-1,1.527730746E-1,-4.126717845E-1,-7.050933946E-1,1.124321379E2,5.082136656E1,-1.409344607E1,-1.102003010E2
4.659325058E1,5.550086199E-1,1.552335550E-1,-4.131955540E-1,-7.050798181E-1,1.125773830E2,5.104722800E1,-1.387179124E1,-1.102319936E2
4.660322058E1,5.539024864E-1,1.576930132E-1,-4.136289289E-1,-7.051496449E-1,1.127296920E2,5.126371660E1,-1.364030819E1,-1.102685335E2
4.661318958E1,5.526943786E-1,1.600675140E-1,-4.140485535E-1,-7.053163883E-1,1.128958886E2,5.147456202E1,-1.340825963E1,-1.103210865E2
4.662315958E1,5.515393600E-1,1.624372627E-1,-4.144454082E-1,-7.054455526E-1,1.130546326E2,5.168190381E1,-1.317844696E1,-1.103651317E2
4.663312958E1,5.502334083E-1,1.646994210E-1,-4.148803953E-1,-7.056851048E-1,1.132339456E2,5.188835094E1,-1.295056328E1,-1.104331703E2
4.664309858E1,5.490019458E-1,1.670073824E-1,-4.152893883E-1,-7.058612944E-1,1.134028616E2,5.209389277E1,-1.272202959E1,-1.104875273E2
4.665306858E1,5.476974693E-1,1.693058503E-1,-4.156881502E-1,-7.060923750E-1,1.135816146E2,5.229845186E1,-1.248896369E1,-1.105504723E2
4.666303858E1,5.461755518E-1,1.715752263E-1,-4.160927810E-1,-7.064850098E-1,1.137899332E2,5.250405645E1,-1.224478693E1,-1.106420409E2
4.667300758E1,5.447486861E-1,1.740465594E-1,-4.164155732E-1,-7.067919495E-1,1.139850172E2,5.271233518E1,-1.198492113E1,-1.107089929E2
4.668297758E1,5.432843254E-1,1.766129337E-1,-4.166623746E-1,-7.071367213E-1,1.141850035E2,5.291860030E1,-1.170971291E1,-1.107739132E2
4.669294758E1,5.419035420E-1,1.792433501E-1,-4.167805228E-1,-7.074647607E-1,1.143733691E2,5.311390233E1,-1.142546353E1,-1.108221923E2
4.670291658E1,5.404234922E-1,1.817846154E-1,-4.168340703E-1,-7.079168489E-1,1.145750551E2,5.329731853E1,-1.113708445E1,-1.108858680E2
4.671288658E1,5.389161418E-1,1.843272400E-1,-4.168618556E-1,-7.083919387E-1,1.147802273E2,5.347819084E1,-1.084514938E1,-1.109511801E2
4.672285658E1,5.374078378E-1,1.869542214E-1,-4.168790410E-1,-7.088390693E-1,1.149852943E2,5.366331634E1,-1.054613644E1,-1.110104609E2
4.673282558E1,5.358070056E-1,1.896012543E-1,-4.169051299E-1,-7.093323666E-1,1.152026858E2,5.385153192E1,-1.024052229E1,-1.110789357E2
4.674279558E1,5.341109058E-1,1.922021890E-1,-4.169726386E-1,-7.098716197E-1,1.154327294E2,5.404208827E1,-9.935620761E0,-1.111604972E2
4.675276558E1,5.324613572E-1,1.947671935E-1,-4.170497358E-1,-7.103662604E-1,1.156561797E2,5.423091385E1,-9.637477161E0,-1.112361903E2
4.676273458E1,5.306890085E-1,1.971874447E-1,-4.171768401E-1,-7.109498994E-1,1.158959596E2,5.441670551E1,-9.346317734E0,-1.113338817E2
4.677270458E1,5.289932932E-1,1.996467554E-1,-4.172854947E-1,-7.114633955E-1,1.161250782E2,5.460231029E1,-9.055999869E0,-1.114178276E2
4.678267458E1,5.273297782E-1,2.021613523E-1,-4.173693775E-1,-7.119388752E-1,1.163495688E2,5.478850941E1,-8.761951659E0,-1.114927860E2
4.679264358E1,5.257427702E-1,2.047890292E-1,-4.173708210E-1,-7.123606914E-1,1.165634807E2,5.497252083E1,-8.458445417E0,-1.115496598E2
4.680261358E1,5.242475054E-1,2.075639039E-1,-4.172555810E-1,-7.127268422E-1,1.167648010E2,5.515287241E1,-8.141464272E0,-1.115843861E2
4.681258358E1,5.228198757E-1,2.104875992E-1,-4.170656989E-1,-7.130291510E-1,1.169568120E2,5.533468312E1,-7.812567582E0,-1.116000676E2
4.682255258E1,5.216428934E-1,2.136556935E-1,-4.168508342E-1,-7.130745747E-1,1.171149636E2,5.552891024E1,-7.480552464E0,-1.115682086E2
4.683252258E1,5.205941744E-1,2.169937555E-1,-4.167436653E-1,-7.128956403E-1,1.172557680E2,5.574635135E1,-7.153085992E0,-1.115088243E2
4.684249258E1,5.195044360E-1,2.203992946E-1,-4.168215633E-1,-7.126001803E-1,1.174019682E2,5.598981400E1,-6.832555227E0,-1.114491598E2
4.685246158E1,5.185517171E-1,2.239827672E-1,-4.169479827E-1,-7.121026263E-1,1.175296928E2,5.625089803E1,-6.512544772E0,-1.113597038E2
4.686243158E1,5.175503290E-1,2.276316833E-1,-4.170811984E-1,-7.115960001E-1,1.176638492E2,5.651859072E1,-6.186057439E0,-1.112700044E2
4.687240158E1,5.166132571E-1,2.314283557E-1,-4.171472846E-1,-7.110131724E-1,1.177893032E2,5.678996681E1,-5.849191371E0,-1.111605555E2
4.688237058E1,5.157334627E-1,2.353659777E-1,-4.171988618E-1,-7.103288129E-1,1.179070135E2,5.707067263E1,-5.506136221E0,-1.110326434E2
4.689234058E1,5.147982979E-1,2.393280449E-1,-4.173881328E-1,-7.095716132E-1,1.180320522E2,5.737001223E1,-5.169396104E0,-1.109075417E2
4.690231058E1,5.139471844E-1,2.433283024E-1,-4.177727491E-1,-7.086010556E-1,1.181457815E2,5.769476167E1,-4.851923837E0,-1.107670721E2
4.691227958E1,5.130624904E-1,2.472500298E-1,-4.184482736E-1,-7.074851229E-1,1.182639263E2,5.804768978E1,-4.561481168E0,-1.106332336E2
4.692224958E1,5.123427066E-1,2.511874990E-1,-4.192980541E-1,-7.061153503E-1,1.183599948E2,5.842195776E1,-4.296275343E0,-1.104752330E2
4.693221958E1,5.115412210E-1,2.549395168E-1,-4.203447922E-1,-7.047280657E-1,1.184669113E2,5.880656214E1,-4.055417997E0,-1.103364952E2
4.694218858E1,5.108221010E-1,2.585587510E-1,-4.215053899E-1,-7.032364150E-1,1.185627900E2,5.919546040E1,-3.840126246E0,-1.101934845E2
4.695215858E1,5.099586806E-1,2.618748756E-1,-4.228790295E-1,-7.018099128E-1,1.186778450E2,5.958771178E1,-3.653872958E0,-1.100857238E2
4.696212858E1,5.091345622E-1,2.650170127E-1,-4.243965215E-1,-7.003110655E-1,1.187875989E2,5.998428455E1,-3.494985404E0,-1.099824051E2
4.697209758E1,5.082276147E-1,2.679485578E-1,-4.260618067E-1,-6.988416894E-1,1.189083120E2,6.038311760E1,-3.357477494E0,-1.099013049E2
4.698206758E1,5.071464216E-1,2.706434536E-1,-4.278666349E-1,-6.974846030E-1,1.190521189E2,6.078141996E1,-3.235652762E0,-1.098555952E2
4.699203758E1,5.059721999E-1,2.731638299E-1,-4.297519108E-1,-6.961945828E-1,1.192081791E2,6.117689046E1,-3.126157986E0,-1.098313131E2
4.700200658E1,5.045185761E-1,2.753837518E-1,-4.318044571E-1,-6.951040542E-1,1.194012008E2,6.157010188E1,-3.030412233E0,-1.098600939E2
4.701197658E1,5.030236485E-1,2.774511759E-1,-4.339129427E-1,-6.940516263E-1,1.195995092E2,6.195905966E1,-2.946649244E0,-1.099028476E2
4.702194658E1,5.015417864E-1,2.794060416E-1,-4.359965038E-1,-6.930332530E-1,1.197958874E2,6.233760371E1,-2.869745858E0,-1.099502454E2
4.703191558E1,5.000737063E-1,2.812379069E-1,-4.380027833E-1,-6.920874988E-1,1.199902470E2,6.269908628E1,-2.796277149E0,-1.100030632E2
4.704188558E1,4.987468076E-1,2.829998612E-1,-4.398604847E-1,-6.911479086E-1,1.201657519E2,6.303919271E1,-2.726503223E0,-1.100422710E2
4.705185558E1,4.975488888E-1,2.846685761E-1,-4.415836639E-1,-6.902266839E-1,1.203240643E2,6.335768874E1,-2.662187927E0,-1.100712454E2
4.706182458E1,4.964918248E-1,2.862911508E-1,-4.431537130E-1,-6.893099267E-1,1.204636577E2,6.365590445E1,-2.599698246E0,-1.100853860E2
4.707179458E1,4.957223287E-1,2.880200619E-1,-4.444904793E-1,-6.882820283E-1,1.205652144E2,6.393599760E1,-2.533851998E0,-1.100562868E2
4.708176458E1,4.950541641E-1,2.897964462E-1,-4.456531634E-1,-6.872646560E-1,1.206533559E2,6.420048805E1,-2.459385750E0,-1.100106053E2
4.709173358E1,4.946626726E-1,2.917807936E-1,-4.465553694E-1,-6.861203164E-1,1.207049819E2,6.445154803E1,-2.372441491E0,-1.099157223E2
4.710170358E1,4.943558857E-1,2.938449408E-1,-4.472639791E-1,-6.849981566E-1,1.207454286E2,6.468742160E1,-2.272297385E0,-1.098038674E2
4.711167358E1,4.942509400E-1,2.960270464E-1,-4.477220363E-1,-6.838340606E-1,1.207592628E2,6.490454742E1,-2.160982606E0,-1.096581385E2
4.712164258E1,4.944156710E-1,2.983328057E-1,-4.478896227E-1,-6.826020872E-1,1.207375472E2,6.509899244E1,-2.040281526E0,-1.094699688E2
4.713161258E1,4.946068175E-1,3.005839373E-1,-4.478980679E-1,-6.814695487E-1,1.207123464E2,6.527228635E1,-1.913420211E0,-1.092815800E2
4.714158258E1,4.950545751E-1,3.029027305E-1,-4.476824024E-1,-6.802582588E-1,1.206533017E2,6.542634752E1,-1.785068051E0,-1.090564854E2
4.715155158E1,4.956960396E-1,3.051881539E-1,-4.473106988E-1,-6.790130828E-1,1.205686831E2,6.556121842E1,-1.662199524E0,-1.088097589E2
4.716152158E1,4.963119525E-1,3.072304532E-1,-4.469175214E-1,-6.779002585E-1,1.204874015E2,6.567579480E1,-1.551633771E0,-1.085834093E2
4.717149158E1,4.969673571E-1,3.090370831E-1,-4.465130328E-1,-6.768646051E-1,1.204008721E2,6.577146042E1,-1.458465564E0,-1.083693402E2
4.718146058E1,4.973991516E-1,3.104176558E-1,-4.462576124E-1,-6.760837504E-1,1.203438442E2,6.585107250E1,-1.386673159E0,-1.082136766E2
4.719143058E1,4.978256250E-1,3.115422549E-1,-4.460733095E-1,-6.753737973E-1,1.202875031E2,6.591879618E1,-1.336172558E0,-1.080777126E2
4.720140058E1,4.980640919E-1,3.122935067E-1,-4.460729460E-1,-6.748509235E-1,1.202559924E2,6.597785965E1,-1.308904762E0,-1.079923685E2
4.721136958E1,4.982133022E-1,3.127634651E-1,-4.462178258E-1,-6.744272528E-1,1.202362735E2,6.603098818E1,-1.303643249E0,-1.079390242E2
4.722133958E1,4.983633292E-1,3.130839182E-1,-4.464388755E-1,-6.740213945E-1,1.202164446E2,6.608078687E1,-1.313736039E0,-1.078969387E2
4.723130958E1,4.983215880E-1,3.131806294E-1,-4.467860549E-1,-6.737771271E-1,1.202219617E2,6.612706135E1,-1.332727375E0,-1.078947817E2
4.724127858E1,4.982485107E-1,3.131889745E-1,-4.471309004E-1,-6.735985035E-1,1.202316202E2,6.616612515E1,-1.354447191E0,-1.079030879E2
4.725124858E1,4.982872700E-1,3.132362685E-1,-4.473818374E-1,-6.733812945E-1,1.202264975E2,6.619774863E1,-1.374913295E0,-1.078950379E2
4.726121858E1,4.981280444E-1,3.131576330E-1,-4.476822496E-1,-6.733361078E-1,1.202475410E2,6.622508567E1,-1.391592528E0,-1.079202251E2
4.727118758E1,4.980700188E-1,3.131878576E-1,-4.478869516E-1,-6.732287492E-1,1.202552092E2,6.625030527E1,-1.401822975E0,-1.079249779E2
4.728115758E1,4.980734169E-1,3.132734051E-1,-4.480004215E-1,-6.731108803E-1,1.202547601E2,6.626969874E1,-1.406106593E0,-1.079181422E2
4.729112758E1,4.981352041E-1,3.133491272E-1,-4.480536687E-1,-6.729944707E-1,1.202465948E2,6.628156471E1,-1.410658692E0,-1.079050488E2
4.730109658E1,4.981998732E-1,3.133093669E-1,-4.481396220E-1,-6.729078010E-1,1.202380483E2,6.628793118E1,-1.425068408E0,-1.079003942E2
4.731106658E1,4.982502808E-1,3.131594084E-1,-4.483024774E-1,-6.728317681E-1,1.202313863E2,6.629415765E1,-1.451255222E0,-1.079058682E2
4.732103658E1,4.984430869E-1,3.130472241E-1,-4.484844570E-1,-6.726200802E-1,1.202059024E2,6.630538621E1,-1.487809503E0,-1.078915137E2
4.733100558E1,4.986815116E-1,3.129334645E-1,-4.487211168E-1,-6.723383286E-1,1.201743844E2,6.632253341E1,-1.532473807E0,-1.078718272E2
4.734097558E1,4.988893430E-1,3.128341033E-1,-4.490102231E-1,-6.720373526E-1,1.201469066E2,6.634669260E1,-1.578149671E0,-1.078547513E2
4.735094558E1,4.990945402E-1,3.128176028E-1,-4.493018582E-1,-6.716975384E-1,1.201197734E2,6.637768372E1,-1.618854449E0,-1.078316809E2
4.736091542E1,4.994068588E-1,3.129673400E-1,-4.495364160E-1,-6.712386330E-1,1.200784683E2,6.641535381E1,-1.653304335E0,-1.077831753E2
4.737088542E1,4.996194370E-1,3.131032583E-1,-4.498571166E-1,-6.708020022E-1,1.200503493E2,6.646162974E1,-1.687841648E0,-1.077476817E2
4.738085542E1,4.998015641E-1,3.132322645E-1,-4.502840273E-1,-6.703194524E-1,1.200262551E2,6.651923797E1,-1.729103134E0,-1.077164364E2
4.739082442E1,5.001084247E-1,3.134125846E-1,-4.507649070E-1,-6.696828348E-1,1.199856528E2,6.658680879E1,-1.781532568E0,-1.076664336E2
4.740079442E1,5.003398636E-1,3.134879958E-1,-4.514035477E-1,-6.690441730E-1,1.199550245E2,6.666377522E1,-1.847292175E0,-1.076335497E2
4.741076442E1,5.004559887E-1,3.134192859E-1,-4.522172453E-1,-6.684397345E-1,1.199396549E2,6.674905080E1,-1.926982467E0,-1.076255838E2
4.742073342E1,5.003217036E-1,3.131712148E-1,-4.532263199E-1,-6.679730899E-1,1.199574280E2,6.684236412E1,-2.013675962E0,-1.076614237E2
4.743070342E1,5.001195568E-1,3.129007796E-1,-4.542940892E-1,-6.675256695E-1,1.199841797E2,6.694072078E1,-2.101169828E0,-1.077071374E2
4.744067342E1,4.999628969E-1,3.126833651E-1,-4.553417123E-1,-6.670308233E-1,1.200049094E2,6.704112458E1,-2.187456165E0,-1.077433930E2
4.745064242E1,4.997930346E-1,3.124123819E-1,-4.563869331E-1,-6.665706746E-1,1.200273836E2,6.713722673E1,-2.275708063E0,-1.077853515E2
4.746061242E1,4.997875713E-1,3.122023536E-1,-4.573188526E-1,-6.660341294E-1,1.200281063E2,6.722534161E1,-2.364105150E0,-1.078029453E2
4.747058242E1,4.999022213E-1,3.120407204E-1,-4.581654563E-1,-6.654417871E-1,1.200129376E2,6.730762390E1,-2.452205188E0,-1.078024904E2
4.748055142E1,4.999775746E-1,3.118609062E-1,-4.590029300E-1,-6.648921131E-1,1.200029673E2,6.738759446E1,-2.537578919E0,-1.078081247E2
4.749052142E1,5.001981027E-1,3.118300389E-1,-4.597123616E-1,-6.642502008E-1,1.199737855E2,6.746471466E1,-2.615209563E0,-1.077849823E2
4.750049142E1,5.003399743E-1,3.118083859E-1,-4.603802100E-1,-6.636907383E-1,1.199550099E2,6.753804178E1,-2.682684360E0,-1.077705094E2
4.751046042E1,5.005838359E-1,3.119282621E-1,-4.609099854E-1,-6.630826436E-1,1.199227324E2,6.760680409E1,-2.738620336E0,-1.077329617E2
4.752043042E1,5.007648724E-1,3.120835258E-1,-4.613416587E-1,-6.625725244E-1,1.198987671E2,6.766740184E1,-2.779445692E0,-1.077000923E2
4.753040042E1,5.008976298E-1,3.122599262E-1,-4.616646984E-1,-6.621638739E-1,1.198811910E2,6.771749694E1,-2.806267167E0,-1.076712270E2
4.754036942E1,5.011542777E-1,3.125714336E-1,-4.618168064E-1,-6.617164693E-1,1.198472083E2,6.775874395E1,-2.820986073E0,-1.076170589E2
4.755033942E1,5.013580472E-1,3.128896107E-1,-4.619184119E-1,-6.613408249E-1,1.198202231E2,6.779492251E1,-2.826956335E0,-1.075686265E2
4.756030942E1,5.015365918E-1,3.132017924E-1,-4.619788084E-1,-6.610153564E-1,1.197965755E2,6.782603485E1,-2.827902049E0,-1.075235692E2
4.757027842E1,5.018096823E-1,3.135663626E-1,-4.619600109E-1,-6.606482785E-1,1.197604000E2,6.785221149E1,-2.826851804E0,-1.074631026E2
4.758024842E1,5.019310389E-1,3.137798733E-1,-4.619950823E-1,-6.604302370E-1,1.197443221E2,6.787281511E1,-2.826969622E0,-1.074323568E2
4.759021842E1,5.021050685E-1,3.139845120E-1,-4.620093543E-1,-6.601905426E-1,1.197212636E2,6.789029199E1,-2.830145105E0,-1.073959333E2
4.760018742E1,5.021956737E-1,3.141259779E-1,-4.620899180E-1,-6.599979421E-1,1.197092575E2,6.791040047E1,-2.835815790E0,-1.073744018E2
4.761015742E1,5.022442953E-1,3.142772693E-1,-4.622070178E-1,-6.598068640E-1,1.197028144E2,6.793547564E1,-2.840574855E0,-1.073571719E2
4.762012742E1,5.021908215E-1,3.144088992E-1,-4.623905620E-1,-6.596562628E-1,1.197099005E2,6.796666245E1,-2.843782590E0,-1.073537340E2
4.763009642E1,5.021547227E-1,3.145907523E-1,-4.624896598E-1,-6.595275674E-1,1.197146840E2,6.799226908E1,-2.838458599E0,-1.073442611E2
4.764006642E1,5.024391823E-1,3.150598467E-1,-4.622914010E-1,-6.592259962E-1,1.196769867E2,6.800654963E1,-2.817529196E0,-1.072741108E2
4.765003642E1,5.029378691E-1,3.157895404E-1,-4.618607814E-1,-6.587981161E-1,1.196108821E2,6.801501501E1,-2.779445192E0,-1.071580036E2
4.766000542E1,5.034224736E-1,3.165912735E-1,-4.613238147E-1,-6.584193002E-1,1.195466229E2,6.801742340E1,-2.727274247E0,-1.070378391E2
4.766997542E1,5.040272809E-1,3.175172293E-1,-4.606734994E-1,-6.579659687E-1,1.194663953E2,6.801700975E1,-2.668252480E0,-1.068934998E2
4.767994542E1,5.045878550E-1,3.183842690E-1,-4.600268877E-1,-6.575696830E-1,1.193920058E2,6.801266348E1,-2.609480060E0,-1.067588530E2
4.768991442E1,5.052414104E-1,3.192353666E-1,-4.593226297E-1,-6.571474295E-1,1.193052419E2,6.800070436E1,-2.554417340E0,-1.066140950E2
4.769988442E1,5.060306049E-1,3.200807586E-1,-4.585541978E-1,-6.566654013E-1,1.192004197E2,6.798118398E1,-2.505368532E0,-1.064532861E2
4.770985442E1,5.068594859E-1,3.208602751E-1,-4.577754399E-1,-6.561887836E-1,1.190902657E2,6.795545804E1,-2.462518261E0,-1.062926298E2
4.771982342E1,5.077901778E-1,3.216026550E-1,-4.569641921E-1,-6.556711308E-1,1.189665072E2,6.792325658E1,-2.427357231E0,-1.061224423E2
4.772979342E1,5.086863357E-1,3.222167240E-1,-4.562167705E-1,-6.551953455E-1,1.188472664E2,6.788814100E1,-2.402123248E0,-1.059662480E2
4.773976342E1,5.094556422E-1,3.227179554E-1,-4.555631361E-1,-6.548055293E-1,1.187448457E2,6.785473461E1,-2.380947646E0,-1.058340282E2
4.774973242E1,5.102722426E-1,3.232694522E-1,-4.548736505E-1,-6.543767642E-1,1.186360692E2,6.782150548E1,-2.357742642E0,-1.056920567E2
4.775970242E1,5.110198803E-1,3.237446895E-1,-4.541548887E-1,-6.540575914E-1,1.185364253E2,6.777911097E1,-2.330805444E0,-1.055642025E2
4.776967242E1,5.119506039E-1,3.242346572E-1,-4.532765800E-1,-6.536963560E-1,1.184123079E2,6.772013307E1,-2.304393398E0,-1.054128334E2
4.777964142E1,5.127945945E-1,3.245314026E-1,-4.524048672E-1,-6.534913116E-1,1.182996876E2,6.764648654E1,-2.282387206E0,-1.052868270E2
4.778961142E1,5.137254973E-1,3.247969383E-1,-4.515085618E-1,-6.532481611E-1,1.181753931E2,6.756763424E1,-2.267035795E0,-1.051526058E2
4.779958142E1,5.145213509E-1,3.248483048E-1,-4.507418790E-1,-6.531256455E-1,1.180690664E2,6.748597954E1,-2.263721970E0,-1.050513934E2
4.780955042E1,5.153128424E-1,3.247262633E-1,-4.500761116E-1,-6.530214849E-1,1.179632638E2,6.740141963E1,-2.278310846E0,-1.049641868E2
4.781952042E1,5.158959651E-1,3.242580856E-1,-4.496292813E-1,-6.531015006E-1,1.178852773E2,6.731311079E1,-2.314059571E0,-1.049292561E2
4.782949042E1,5.165955923E-1,3.236512026E-1,-4.492421730E-1,-6.531159254E-1,1.177916673E2,6.721995357E1,-2.372123767E0,-1.048908271E2
4.783945942E1,5.173346004E-1,3.228649373E-1,-4.489533564E-1,-6.531186175E-1,1.176927380E2,6.712299862E1,-2.451862136E0,-1.048613547E2
4.784942942E1,5.180044244E-1,3.218386721E-1,-4.487947052E-1,-6.532033907E-1,1.176030256E2,6.702103674E1,-2.550680059E0,-1.048587364E2
4.785939942E1,5.188025277E-1,3.207236614E-1,-4.486055238E-1,-6.532483087E-1,1.174960767E2,6.690840439E1,-2.662403173E0,-1.048469032E2
4.786936842E1,5.195548015E-1,3.194185684E-1,-4.484153309E-1,-6.534203995E-1,1.173952136E2,6.678045862E1,-2.781281586E0,-1.048548426E2
4.787933842E1,5.203154310E-1,3.179976190E-1,-4.481509964E-1,-6.536896705E-1,1.172931753E2,6.663515449E1,-2.901336702E0,-1.048700679E2
4.788930842E1,5.211845885E-1,3.165644418E-1,-4.477395746E-1,-6.539745779E-1,1.171765101E2,6.647267714E1,-3.018576920E0,-1.048721540E2
4.789927742E1,5.219547326E-1,3.149953989E-1,-4.472880976E-1,-6.544268610E-1,1.170730747E2,6.629528012E1,-3.132509886E0,-1.048960647E2
4.790924742E1,5.228977210E-1,3.134541993E-1,-4.466762676E-1,-6.548318132E-1,1.169463472E2,6.610240204E1,-3.245389094E0,-1.048957473E2
4.791921742E1,5.238099105E-1,3.117890774E-1,-4.460086457E-1,-6.553527008E-1,1.168236770E2,6.589380422E1,-3.358531467E0,-1.049077533E2
4.792918642E1,5.247972215E-1,3.100387926E-1,-4.452362731E-1,-6.559180797E-1,1.166908134E2,6.566705073E1,-3.474104762E0,-1.049158874E2
4.793915642E1,5.259371567E-1,3.082453230E-1,-4.443504675E-1,-6.564508686E-1,1.165372927E2,6.542441156E1,-3.595091736E0,-1.049073267E2
4.794912642E1,5.269937993E-1,3.062693997E-1,-4.434983373E-1,-6.571040393E-1,1.163948759E2,6.517154097E1,-3.723409734E0,-1.049215680E2
4.795909542E1,5.281340349E-1,3.042380744E-1,-4.426316453E-1,-6.577163540E-1,1.162410689E2,6.491292774E1,-3.860815472E0,-1.049284022E2
4.796906542E1,5.293129981E-1,3.021369433E-1,-4.417738147E-1,-6.583137961E-1,1.160819028E2,6.465012584E1,-4.006601379E0,-1.049343504E2
4.797903542E1,5.305217856E-1,2.999461344E-1,-4.408976818E-1,-6.589296301E-1,1.159185669E2,6.437864654E1,-4.159019814E0,-1.049417566E2
4.798900442E1,5.318445907E-1,2.977068354E-1,-4.399489931E-1,-6.595126211E-1,1.157396574E2,6.409559865E1,-4.317664188E0,-1.049369249E2
4.799897442E1,5.331000242E-1,2.953027423E-1,-4.389971855E-1,-6.602138129E-1,1.155696975E2,6.380004244E1,-4.481254048E0,-1.049508443E2
4.800894442E1,5.345108109E-1,2.928714855E-1,-4.379417178E-1,-6.608567578E-1,1.153785162E2,6.349114822E1,-4.650472373E0,-1.049453857E2
4.801891342E1,5.359116141E-1,2.903012653E-1,-4.368815771E-1,-6.615574808E-1,1.151884880E2,6.317156630E1,-4.827601131E0,-1.049492162E2
4.802888342E1,5.372874611E-1,2.876120119E-1,-4.358767435E-1,-6.622786924E-1,1.150016504E2,6.284953918E1,-5.015406091E0,-1.049627930E2
4.803885342E1,5.387646607E-1,2.849101829E-1,-4.349402037E-1,-6.628618836E-1,1.148008330E2,6.253427669E1,-5.218182928E0,-1.049625563E2
4.804882242E1,5.402658156E-1,2.821814221E-1,-4.341271119E-1,-6.633401134E-1,1.145965282E2,6.223090015E1,-5.435409409E0,-1.049593448E2
4.805879242E1,5.417070481E-1,2.794073060E-1,-4.334734249E-1,-6.637664920E-1,1.144001584E2,6.194221973E1,-5.664822535E0,-1.049651453E2
4.806876242E1,5.432725823E-1,2.767137378E-1,-4.328803818E-1,-6.640023141E-1,1.141866064E2,6.166630878E1,-5.904286930E0,-1.049477035E2
4.807873142E1,5.447129614E-1,2.739667537E-1,-4.324479341E-1,-6.642431728E-1,1.139898988E2,6.140482759E1,-6.151564231E0,-1.049481977E2
4.808870142E1,5.461372087E-1,2.713090261E-1,-4.321202739E-1,-6.643776845E-1,1.137951784E2,6.116204558E1,-6.401248993E0,-1.049430533E2
4.809867142E1,5.474861292E-1,2.687712537E-1,-4.318405716E-1,-6.644808073E-1,1.136105574E2,6.093430174E1,-6.642084611E0,-1.049379115E2
4.810864042E1,5.488353973E-1,2.664318034E-1,-4.315047508E-1,-6.645279486E-1,1.134256940E2,6.071570488E1,-6.865982666E0,-1.049178410E2
4.811861042E1,5.500271047E-1,2.640409812E-1,-4.311219731E-1,-6.647452946E-1,1.132622550E2,6.048929995E1,-7.077832688E0,-1.049198117E2
4.812858042E1,5.510441608E-1,2.614182250E-1,-4.306860061E-1,-6.652220070E-1,1.131226474E2,6.024120019E1,-7.287702012E0,-1.049577443E2
4.813854942E1,5.521192321E-1,2.587016341E-1,-4.301239937E-1,-6.657560182E-1,1.129749541E2,5.997269185E1,-7.498204259E0,-1.049921991E2
4.814851942E1,5.531610179E-1,2.559049852E-1,-4.295009737E-1,-6.663740595E-1,1.128317131E2,5.969242353E1,-7.707129982E0,-1.050341190E2
4.815848942E1,5.541413905E-1,2.531002336E-1,-4.288328672E-1,-6.670607634E-1,1.126968075E2,5.940765945E1,-7.909085572E0,-1.050825564E2
4.816845842E1,5.552645197E-1,2.504717559E-1,-4.280341317E-1,-6.676317689E-1,1.125421277E2,5.912136926E1,-8.099843640E0,-1.050991012E2
4.817842842E1,5.564548679E-1,2.479083741E-1,-4.271131915E-1,-6.681868903E-1,1.123780379E2,5.882662660E1,-8.281701977E0,-1.051006523E2
4.818839842E1,5.577728525E-1,2.453390390E-1,-4.260058041E-1,-6.687431760E-1,1.121961697E2,5.851085079E1,-8.458402227E0,-1.050835447E2
4.819836742E1,5.592011513E-1,2.427114464E-1,-4.247284912E-1,-6.693212359E-1,1.119988600E2,5.817210764E1,-8.633502480E0,-1.050530506E2
4.820833742E1,5.606746472E-1,2.400052499E-1,-4.233396998E-1,-6.699439556E-1,1.117950661E2,5.781572173E1,-8.808447790E0,-1.050189885E2
4.821830742E1,5.620442144E-1,2.372047288E-1,-4.219604758E-1,-6.706636077E-1,1.116054260E2,5.745473743E1,-8.983598908E0,-1.050021902E2
4.822827642E1,5.634934706E-1,2.344932113E-1,-4.205383990E-1,-6.712938770E-1,1.114045190E2,5.709542256E1,-9.155448414E0,-1.049672140E2
4.823824642E1,5.648856600E-1,2.318102694E-1,-4.190636386E-1,-6.719775041E-1,1.112112966E2,5.673333702E1,-9.317399914E0,-1.049358054E2
4.824821642E1,5.662835393E-1,2.291553235E-1,-4.174522276E-1,-6.727141942E-1,1.110170598E2,5.635895410E1,-9.467061198E0,-1.048994461E2
4.825818542E1,5.678688509E-1,2.265658000E-1,-4.156410722E-1,-6.733761526E-1,1.107965049E2,5.596675084E1,-9.609441530E0,-1.048315211E2
4.826815542E1,5.693123225E-1,2.237788081E-1,-4.137931331E-1,-6.742268182E-1,1.105954284E2,5.555808176E1,-9.752918872E0,-1.047915336E2
4.827812542E1,5.707826206E-1,2.208753538E-1,-4.119194106E-1,-6.750879152E-1,1.103903634E2,5.513863881E1,-9.904840076E0,-1.047521368E2
4.828809442E1,5.721826704E-1,2.178737396E-1,-4.101091192E-1,-6.759796424E-1,1.101948587E2,5.472011053E1,-1.006458929E1,-1.047254490E2
4.829806442E1,5.734063356E-1,2.148275234E-1,-4.084120026E-1,-6.769444944E-1,1.100237937E2,5.431257610E1,-1.022530749E1,-1.047229263E2
4.830803442E1,5.745796512E-1,2.118717860E-1,-4.067620588E-1,-6.778741380E-1,1.098595995E2,5.391747454E1,-1.038080338E1,-1.047200532E2
4.831800342E1,5.756279750E-1,2.088974302E-1,-4.051272774E-1,-6.788859521E-1,1.097127569E2,5.352434654E1,-1.053115363E1,-1.047328353E2
4.832797342E1,5.767349251E-1,2.059255822E-1,-4.034125645E-1,-6.798748805E-1,1.095575584E2,5.312291450E1,-1.067961295E1,-1.047349962E2
4.833794342E1,5.779721511E-1,2.029687911E-1,-4.016588973E-1,-6.807510661E-1,1.093839188E2,5.271766482E1,-1.083334019E1,-1.047161803E2
4.834791242E1,5.791494601E-1,1.999778716E-1,-4.000006401E-1,-6.816114729E-1,1.092185152E2,5.232117806E1,-1.099398178E1,-1.047053498E2
4.835788242E1,5.803934454E-1,1.971145095E-1,-3.984430928E-1,-6.822994148E-1,1.090435595E2,5.194399897E1,-1.115858799E1,-1.046769396E2
4.836785204E1,5.815621881E-1,1.943284343E-1,-3.970405721E-1,-6.829206488E-1,1.088790124E2,5.158967165E1,-1.132568762E1,-1.046533212E2
4.837782104E1,5.826880305E-1,1.916241133E-1,-3.957454943E-1,-6.834767186E-1,1.087203453E2,5.125310062E1,-1.149316794E1,-1.046298998E2
4.838779104E1,5.838906276E-1,1.890199860E-1,-3.945057869E-1,-6.838920547E-1,1.085506869E2,5.092871201E1,-1.166317733E1,-1.045892063E2
4.839776104E1,5.849243950E-1,1.863518060E-1,-3.934073030E-1,-6.843735508E-1,1.084047019E2,5.061678649E1,-1.183878133E1,-1.045737105E2
4.840773004E1,5.859416460E-1,1.836688430E-1,-3.924400961E-1,-6.847838978E-1,1.082609182E2,5.031804222E1,-1.202550327E1,-1.045599725E2
4.841770004E1,5.868140121E-1,1.808928408E-1,-3.916394324E-1,-6.852339313E-1,1.081375094E2,5.003225671E1,-1.222382362E1,-1.045696860E2
4.842767004E1,5.876103293E-1,1.780631225E-1,-3.909956604E-1,-6.856603784E-1,1.080247747E2,4.976043513E1,-1.243456697E1,-1.045914528E2
4.843763904E1,5.884644089E-1,1.752651513E-1,-3.904776440E-1,-6.859439266E-1,1.079037729E2,4.950358477E1,-1.265736689E1,-1.046024369E2
4.844760904E1,5.893405681E-1,1.724779486E-1,-3.900560807E-1,-6.861380444E-1,1.077795463E2,4.925755928E1,-1.288908279E1,-1.046085121E2
4.845757904E1,5.903071481E-1,1.697218502E-1,-3.896881281E-1,-6.862033879E-1,1.076423852E2,4.901832525E1,-1.312898270E1,-1.045989847E2
4.846754804E1,5.912847759E-1,1.669823261E-1,-3.893897917E-1,-6.862032298E-1,1.075035342E2,4.878751005E1,-1.337437929E1,-1.045857265E2
4.847751804E1,5.920518538E-1,1.642142160E-1,-3.892058101E-1,-6.863142393E-1,1.073945009E2,4.856967404E1,-1.361844105E1,-1.046020875E2
4.848748804E1,5.927961619E-1,1.616121012E-1,-3.890986834E-1,-6.863500694E-1,1.072886312E2,4.837169312E1,-1.385511148E1,-1.046130000E2
4.849745704E1,5.933868394E-1,1.590688760E-1,-3.890977562E-1,-6.864343315E-1,1.072045624E2,4.819118278E1,-1.408672542E1,-1.046420673E2
4.850742704E1,5.938996665E-1,1.565755001E-1,-3.891895204E-1,-6.865120661E-1,1.071315370E2,4.802513518E1,-1.431762668E1,-1.046791210E2
4.851739704E1,5.942919957E-1,1.540899213E-1,-3.894075144E-1,-6.866112534E-1,1.070756470E2,4.787492161E1,-1.455112546E1,-1.047323220E2
4.852736604E1,5.945998889E-1,1.516570893E-1,-3.897490619E-1,-6.866926285E-1,1.070317713E2,4.774287100E1,-1.478578528E1,-1.047947952E2
4.853733604E1,5.948811085E-1,1.493424054E-1,-3.901697929E-1,-6.867174793E-1,1.069916859E2,4.762787387E1,-1.501649978E1,-1.048554804E2
4.854730604E1,5.951576551E-1,1.471992066E-1,-3.905788596E-1,-6.867080595E-1,1.069522564E2,4.752353354E1,-1.523307653E1,-1.049086747E2
4.855727504E1,5.955447212E-1,1.452916297E-1,-3.907825237E-1,-6.866628886E-1,1.068970524E2,4.741175773E1,-1.542187602E1,-1.049344035E2
4.856724504E1,5.960866138E-1,1.435370353E-1,-3.906688748E-1,-6.866263367E-1,1.068197337E2,4.727429817E1,-1.558290026E1,-1.049292068E2
4.857721504E1,5.967654309E-1,1.417948110E-1,-3.902715143E-1,-6.866247352E-1,1.067228235E2,4.710548596E1,-1.572862941E1,-1.049015954E2
4.858718404E1,5.975421499E-1,1.399911367E-1,-3.897473761E-1,-6.866168590E-1,1.066118617E2,4.691754550E1,-1.587505165E1,-1.048609003E2
4.859715404E1,5.983812910E-1,1.381265811E-1,-3.892729501E-1,-6.865329894E-1,1.064918922E2,4.672971808E1,-1.603415858E1,-1.048131783E2
4.860712404E1,5.992365243E-1,1.361770260E-1,-3.889419393E-1,-6.863639911E-1,1.063695254E2,4.655100331E1,-1.621260828E1,-1.047663966E2
4.861709304E1,6.001087007E-1,1.341519753E-1,-3.887504029E-1,-6.861092660E-1,1.062446337E2,4.638159644E1,-1.640941988E1,-1.047199980E2
4.862706304E1,6.008636824E-1,1.319860277E-1,-3.886790694E-1,-6.859089368E-1,1.061364412E2,4.621741773E1,-1.662015632E1,-1.046955826E2
4.863703304E1,6.016006201E-1,1.298032740E-1,-3.886691754E-1,-6.856851792E-1,1.060307603E2,4.605887151E1,-1.683633702E1,-1.046736928E2
4.864700204E1,6.021944297E-1,1.276400870E-1,-3.886629798E-1,-6.855735295E-1,1.059455514E2,4.590450086E1,-1.704292282E1,-1.046706127E2
4.865697204E1,6.027768227E-1,1.256529684E-1,-3.885771056E-1,-6.854774268E-1,1.058619343E2,4.575355724E1,-1.722866870E1,-1.046609965E2
4.866694204E1,6.032669089E-1,1.238472289E-1,-3.883997095E-1,-6.854754011E-1,1.057915344E2,4.560658300E1,-1.738727932E1,-1.046564819E2
4.867691104E1,6.037684538E-1,1.223180991E-1,-3.880863056E-1,-6.854859405E-1,1.057194545E2,4.546326392E1,-1.751370172E1,-1.046384479E2
4.868688104E1,6.042541725E-1,1.210240433E-1,-3.876162207E-1,-6.855536942E-1,1.056496165E2,4.531914845E1,-1.760784966E1,-1.046124641E2
4.869685104E1,6.047393828E-1,1.198811156E-1,-3.870434345E-1,-6.856501104E-1,1.055798192E2,4.517411589E1,-1.768164258E1,-1.045798734E2
4.870682004E1,6.052011569E-1,1.187670585E-1,-3.864765910E-1,-6.857563073E-1,1.055133633E2,4.503203169E1,-1.775224649E1,-1.045493376E2
4.871679004E1,6.055996079E-1,1.176131831E-1,-3.860214682E-1,-6.858598252E-1,1.054559969E2,4.490028916E1,-1.783137156E1,-1.045298624E2
4.872676004E1,6.058810040E-1,1.163843602E-1,-3.857467445E-1,-6.859754524E-1,1.054154701E2,4.478485853E1,-1.792426663E1,-1.045309872E2
4.873672904E1,6.060244481E-1,1.150843195E-1,-3.856830396E-1,-6.861038554E-1,1.053948071E2,4.468967865E1,-1.803193947E1,-1.045558634E2
4.874669904E1,6.060203098E-1,1.137394768E-1,-3.858168769E-1,-6.862566035E-1,1.053954032E2,4.461534952E1,-1.815066324E1,-1.046049226E2
4.875666904E1,6.058991719E-1,1.123673124E-1,-3.861285001E-1,-6.864142406E-1,1.054128532E2,4.456043703E1,-1.827926416E1,-1.046729523E2
4.876663804E1,6.056991535E-1,1.110419942E-1,-3.865641827E-1,-6.865613226E-1,1.054416615E2,4.452348977E1,-1.840965443E1,-1.047515275E2
4.877660804E1,6.054779273E-1,1.098883612E-1,-3.870480179E-1,-6.866695109E-1,1.054735180E2,4.450353802E1,-1.852896878E1,-1.048273822E2
4.878657804E1,6.053017087E-1,1.090493755E-1,-3.874484657E-1,-6.867327760E-1,1.054988885E2,4.449461813E1,-1.861883629E1,-1.048850495E2
4.879654704E1,6.052435724E-1,1.086122600E-1,-3.875948944E-1,-6.867705132E-1,1.055072576E2,4.448273851E1,-1.866263714E1,-1.049096729E2
4.880651704E1,6.053559438E-1,1.085739591E-1,-3.873771532E-1,-6.868005139E-1,1.054910807E2,4.445488487E1,-1.865475013E1,-1.048929984E2
4.881648704E1,6.056324772E-1,1.088514539E-1,-3.868132705E-1,-6.868304724E-1,1.054512636E2,4.440769943E1,-1.860296575E1,-1.048388981E2
4.882645604E1,6.060629546E-1,1.093665411E-1,-3.859853694E-1,-6.868347819E-1,1.053892597E2,4.434514828E1,-1.851962014E1,-1.047522527E2
4.883642604E1,6.066298771E-1,1.100558739E-1,-3.849962883E-1,-6.867791849E-1,1.053075639E2,4.427448987E1,-1.841710720E1,-1.046384951E2
4.884639604E1,6.073269833E-1,1.108848392E-1,-3.839211011E-1,-6.866316736E-1,1.052070472E2,4.420169290E1,-1.830390738E1,-1.045003209E2
4.885636504E1,6.081512967E-1,1.117633902E-1,-3.827963282E-1,-6.863876381E-1,1.050881012E2,4.412486583E1,-1.819006245E1,-1.043414841E2
4.886633504E1,6.090763120E-1,1.125278919E-1,-3.816817547E-1,-6.860630468E-1,1.049545115E2,4.404006035E1,-1.809202801E1,-1.041718871E2
4.887630504E1,6.100399259E-1,1.130456133E-1,-3.806956133E-1,-6.856695954E-1,1.048152202E2,4.395203246E1,-1.802639944E1,-1.040060219E2
4.888627404E1,6.109894760E-1,1.133270278E-1,-3.799356214E-1,-6.851990021E-1,1.046778341E2,4.387253402E1,-1.799718091E1,-1.038518105E2
4.889624404E1,6.118903938E-1,1.134896408E-1,-3.793914529E-1,-6.846695666E-1,1.045473668E2,4.380878986E1,-1.799211842E1,-1.037101716E2
4.890621404E1,6.127126077E-1,1.135905720E-1,-3.789772863E-1,-6.841466796E-1,1.044281967E2,4.375610814E1,-1.799795791E1,-1.035829489E2
4.891618304E1,6.134146004E-1,1.136106761E-1,-3.786411652E-1,-6.837002654E-1,1.043263751E2,4.370855620E1,-1.800962399E1,-1.034766265E2
4.892615304E1,6.139458245E-1,1.134803159E-1,-3.784003381E-1,-6.833784268E-1,1.042492762E2,4.366424265E1,-1.803118652E1,-1.034012014E2
4.893612304E1,6.142793009E-1,1.131861835E-1,-3.782992594E-1,-6.831834450E-1,1.042008567E2,4.362742023E1,-1.806579678E1,-1.033613995E2
4.894609204E1,6.144224158E-1,1.127831964E-1,-3.783349367E-1,-6.831016116E-1,1.041800721E2,4.360132143E1,-1.810926721E1,-1.033542630E2
4.895606204E1,6.144111521E-1,1.123490312E-1,-3.784355096E-1,-6.831275425E-1,1.041817080E2,4.358297256E1,-1.815161395E1,-1.033713810E2
4.896603204E1,6.142838343E-1,1.119277945E-1,-3.785234490E-1,-6.832623623E-1,1.042001983E2,4.356650161E1,-1.818520306E1,-1.034050975E2
4.897600104E1,6.140696177E-1,1.115393692E-1,-3.785772284E-1,-6.834887172E-1,1.042313038E2,4.355042813E1,-1.820837339E1,-1.034503288E2
4.898597104E1,6.137970119E-1,1.111842398E-1,-3.785905468E-1,-6.837839138E-1,1.042708781E2,4.353354164E1,-1.822223192E1,-1.035027443E2
4.899594104E1,6.134816376E-1,1.108182050E-1,-3.785683249E-1,-6.841385690E-1,1.043166479E2,4.351309692E1,-1.823163692E1,-1.035616028E2
4.900591004E1,6.131385622E-1,1.104050921E-1,-3.785232172E-1,-6.845377839E-1,1.043664219E2,4.348769970E1,-1.824141167E1,-1.036259654E2
4.901588004E1,6.127577365E-1,1.098947781E-1,-3.785058106E-1,-6.849704503E-1,1.044216530E2,4.345950694E1,-1.825914451E1,-1.036993275E2
4.902585004E1,6.123190115E-1,1.092961664E-1,-3.785492640E-1,-6.854343791E-1,1.044852557E2,4.343300457E1,-1.828567802E1,-1.037845405E2
4.903581904E1,6.118284933E-1,1.086501817E-1,-3.786252969E-1,-6.859329052E-1,1.045563346E2,4.340786860E1,-1.831578557E1,-1.038791284E2
4.904578904E1,6.112917347E-1,1.080144597E-1,-3.786721431E-1,-6.864857638E-1,1.046340750E2,4.338136676E1,-1.834014012E1,-1.039799104E2
4.905575904E1,6.107419633E-1,1.074582688E-1,-3.786296380E-1,-6.870856057E-1,1.047136578E2,4.335111071E1,-1.835018661E1,-1.040792648E2
4.906572804E1,6.102311830E-1,1.070448819E-1,-3.784469841E-1,-6.877042819E-1,1.047875582E2,4.331487587E1,-1.833967712E1,-1.041670591E2
4.907569804E1,6.097905219E-1,1.067635412E-1,-3.781075861E-1,-6.883253315E-1,1.048512842E2,4.326954863E1,-1.830991476E1,-1.042390023E2
4.908566804E1,6.094188052E-1,1.065641445E-1,-3.776221808E-1,-6.889515310E-1,1.049050187E2,4.321294433E1,-1.826576199E1,-1.042970122E2
4.909563704E1,6.090959498E-1,1.064146496E-1,-3.770245807E-1,-6.895872846E-1,1.049516742E2,4.314690911E1,-1.821139914E1,-1.043454112E2
4.910560704E1,6.087803647E-1,1.062861333E-1,-3.763602304E-1,-6.902483895E-1,1.049972649E2,4.307512304E1,-1.815048112E1,-1.043915460E2
4.911557704E1,6.084385617E-1,1.061443408E-1,-3.756767034E-1,-6.909436360E-1,1.050466275E2,4.300098096E1,-1.808773029E1,-1.044418179E2
4.912554604E1,6.080313283E-1,1.059507392E-1,-3.750056623E-1,-6.916957149E-1,1.051054182E2,4.292601506E1,-1.802663260E1,-1.045034179E2
4.913551604E1,6.075519632E-1,1.057111765E-1,-3.743241056E-1,-6.925222857E-1,1.051745926E2,4.284834454E1,-1.796451994E1,-1.045770304E2
4.914548604E1,6.070144170E-1,1.054455039E-1,-3.736098219E-1,-6.934192602E-1,1.052521249E2,4.276666063E1,-1.789883145E1,-1.046597275E2
4.915545504E1,6.064432587E-1,1.051673874E-1,-3.728435817E-1,-6.943731119E-1,1.053344613E2,4.267937237E1,-1.782833552E1,-1.047473391E2
4.916542504E1,6.058584923E-1,1.048546683E-1,-3.720244472E-1,-6.953694845E-1,1.054187127E2,4.258452421E1,-1.775592997E1,-1.048376151E2
4.917539504E1,6.052877555E-1,1.044739031E-1,-3.711596886E-1,-6.963852077E-1,1.055008972E2,4.248015492E1,-1.768650489E1,-1.049276852E2
4.918536404E1,6.047381658E-1,1.040412973E-1,-3.702562393E-1,-6.974077693E-1,1.055799943E2,4.236793706E1,-1.761970792E1,-1.050160298E2
4.919533404E1,6.042173994E-1,1.035696741E-1,-3.693159432E-1,-6.984270487E-1,1.056549049E2,4.224876124E1,-1.755508115E1,-1.051010637E2
4.920530404E1,6.037079493E-1,1.030650499E-1,-3.683491787E-1,-6.994521232E-1,1.057281518E2,4.212447183E1,-1.749199316E1,-1.051852763E2
4.921527304E1,6.031994213E-1,1.025451896E-1,-3.673755233E-1,-7.004786361E-1,1.058012308E2,4.199847593E1,-1.742997518E1,-1.052696908E2
4.922524304E1,6.027057868E-1,1.020507122E-1,-3.663816690E-1,-7.014955658E-1,1.058721357E2,4.187178203E1,-1.736539836E1,-1.053508632E2
4.923521304E1,6.022393582E-1,1.016090659E-1,-3.653570686E-1,-7.024938033E-1,1.059391024E2,4.174485097E1,-1.729582695E1,-1.054260413E2
4.924518204E1,6.018204923E-1,1.012468664E-1,-3.642783095E-1,-7.034647087E-1,1.059992153E2,4.161661534E1,-1.721829772E1,-1.054913314E2
4.925515204E1,6.014430831E-1,1.009428718E-1,-3.631381002E-1,-7.044200355E-1,1.060533582E2,4.148504420E1,-1.713363919E1,-1.055482444E2
4.926512204E1,6.010837443E-1,1.006477174E-1,-3.619834873E-1,-7.053625181E-1,1.061048908E2,4.135226342E1,-1.704834586E1,-1.056021031E2
4.927509104E1,6.007099703E-1,1.003367158E-1,-3.608566492E-1,-7.063019871E-1,1.061584751E2,4.122166484E1,-1.696600958E1,-1.056587291E2
4.928506104E1,6.003147698E-1,1.000065795E-1,-3.597720000E-1,-7.072375102E-1,1.062151106E2,4.109464939E1,-1.688765807E1,-1.057193123E2
4.929503104E1,5.999091854E-1,9.965454797E-2,-3.587356301E-1,-7.081572018E-1,1.062732124E2,4.097145431E1,-1.681458191E1,-1.057823732E2
4.930500004E1,5.995207864E-1,9.929439261E-2,-3.577346951E-1,-7.090425965E-1,1.063288316E2,4.085113113E1,-1.674608659E1,-1.058434008E2
4.931497004E1,5.991777479E-1,9.892704068E-2,-3.567739577E-1,-7.098674577E-1,1.063779383E2,4.073370929E1,-1.668392973E1,-1.058982932E2
4.932494004E1,5.988794378E-1,9.851316916E-2,-3.558880204E-1,-7.106211224E-1,1.064206293E2,4.062023586E1,-1.663399763E1,-1.059486580E2
4.933490904E1,5.986277632E-1,9.801899736E-2,-3.550973456E-1,-7.112966257E-1,1.064566370E2,4.051058579E1,-1.660076096E1,-1.059953724E2
4.934487904E1,5.984087997E-1,9.743569552E-2,-3.544227326E-1,-7.118972710E-1,1.064879578E2,4.040660429E1,-1.658580606E1,-1.060408891E2
4.935484904E1,5.982054465E-1,9.676049247E-2,-3.538779529E-1,-7.124310556E-1,1.065170399E2,4.030984370E1,-1.658952016E1,-1.060877958E2
4.936481792E1,5.979939114E-1,9.598126046E-2,-3.534507314E-1,-7.129259017E-1,1.065472863E2,4.021868457E1,-1.661072320E1,-1.061398015E2
4.937478792E1,5.977469256E-1,9.507792705E-2,-3.531426379E-1,-7.134066340E-1,1.065825941E2,4.013250708E1,-1.664981172E1,-1.062014594E2
4.938475792E1,5.974300077E-1,9.406110272E-2,-3.529763159E-1,-7.138891047E-1,1.066278872E2,4.005501949E1,-1.670588468E1,-1.062775173E2
4.939472692E1,5.970410239E-1,9.304125436E-2,-3.529300598E-1,-7.143708116E-1,1.066834615E2,3.999122742E1,-1.676790736E1,-1.063646935E2
4.940469692E1,5.966309298E-1,9.212103060E-2,-3.528954467E-1,-7.148496894E-1,1.067420302E2,3.993561452E1,-1.682151736E1,-1.064518093E2
4.941466692E1,5.962573348E-1,9.128515323E-2,-3.527675521E-1,-7.153316860E-1,1.067953667E2,3.987519181E1,-1.686287463E1,-1.065303173E2
4.942463592E1,5.959229207E-1,9.044254290E-2,-3.525253025E-1,-7.158365420E-1,1.068430940E2,3.980178941E1,-1.689817169E1,-1.066024318E2
4.943460592E1,5.956044907E-1,8.955393982E-2,-3.522407059E-1,-7.163531465E-1,1.068885263E2,3.972078667E1,-1.693507043E1,-1.066732038E2
4.944457592E1,5.952895694E-1,8.873454186E-2,-3.519408522E-1,-7.168641349E-1,1.069334448E2,3.964266610E1,-1.696528386E1,-1.067411560E2
4.945454492E1,5.950012323E-1,8.812795388E-2,-3.515440080E-1,-7.173728157E-1,1.069745601E2,3.956772000E1,-1.697156317E1,-1.067980929E2
4.946451492E1,5.947856670E-1,8.778534215E-2,-3.509451013E-1,-7.178866964E-1,1.070052914E2,3.948742396E1,-1.694384941E1,-1.068351886E2
4.947448492E1,5.946604908E-1,8.768450581E-2,-3.501014689E-1,-7.184144593E-1,1.070231339E2,3.939558502E1,-1.688162886E1,-1.068503091E2
4.948445392E1,5.946202933E-1,8.775207775E-2,-3.490469020E-1,-7.189524111E-1,1.070288632E2,3.929115490E1,-1.679340521E1,-1.068467192E2
4.949442392E1,5.946421306E-1,8.801441027E-2,-3.478344953E-1,-7.194896096E-1,1.070257508E2,3.918186180E1,-1.667982201E1,-1.068273618E2
4.950439392E1,5.947397638E-1,8.856238252E-2,-3.464535748E-1,-7.200077419E-1,1.070118347E2,3.907233064E1,-1.653304150E1,-1.067875444E2
4.951436292E1,5.949415155E-1,8.942181998E-2,-3.448267276E-1,-7.205156588E-1,1.069830740E2,3.895589787E1,-1.634639583E1,-1.067219346E2
4.952433292E1,5.952425177E-1,9.049776581E-2,-3.428949057E-1,-7.210544746E-1,1.069401549E2,3.882070967E1,-1.612319703E1,-1.066337112E2
4.953430292E1,5.956030893E-1,9.167411596E-2,-3.407002034E-1,-7.216482763E-1,1.068887262E2,3.866461960E1,-1.587450547E1,-1.065324215E2
4.954427192E1,5.959674067E-1,9.293086122E-2,-3.383608320E-1,-7.222870540E-1,1.068367458E2,3.849970795E1,-1.560825214E1,-1.064275059E2
4.955424192E1,5.963254916E-1,9.429029729E-2,-3.359084860E-1,-7.229596281E-1,1.067856376E2,3.833100584E1,-1.532449724E1,-1.063199838E2
4.956421192E1,5.966694836E-1,9.572855849E-2,-3.333168342E-1,-7.236859974E-1,1.067365249E2,3.815452939E1,-1.502290272E1,-1.062115681E2
4.957418092E1,5.969841783E-1,9.716517597E-2,-3.306188879E-1,-7.244721784E-1,1.066915814E2,3.796872912E1,-1.471206124E1,-1.061070834E2
4.958415092E1,5.972294361E-1,9.854209244E-2,-3.279317524E-1,-7.253049527E-1,1.066565455E2,3.778235568E1,-1.440384320E1,-1.060147635E2
4.959412092E1,5.973790627E-1,9.984554695E-2,-3.253641453E-1,-7.261593483E-1,1.066351669E2,3.760579151E1,-1.410643283E1,-1.059393500E2
4.960408992E1,5.974403600E-1,1.011574414E-1,-3.229249491E-1,-7.270155879E-1,1.066264079E2,3.744501733E1,-1.381399876E1,-1.058772505E2
4.961405992E1,5.974333900E-1,1.025707938E-1,-3.205510279E-1,-7.278733342E-1,1.066274039E2,3.729937117E1,-1.351492702E1,-1.058223274E2
4.962402992E1,5.973571779E-1,1.041116299E-1,-3.182186740E-1,-7.287400526E-1,1.066382940E2,3.716814081E1,-1.320523298E1,-1.057736862E2
4.963399892E1,5.972049804E-1,1.057341360E-1,-3.159675054E-1,-7.296101795E-1,1.066600394E2,3.705229003E1,-1.289148983E1,-1.057337774E2
4.964396892E1,5.969793946E-1,1.073675793E-1,-3.138477718E-1,-7.304705811E-1,1.066922647E2,3.695198854E1,-1.258358225E1,-1.057045744E2
4.965393892E1,5.966642627E-1,1.088979630E-1,-3.118989543E-1,-7.313358137E-1,1.067372705E2,3.686362935E1,-1.229328982E1,-1.056921015E2
4.966390892E1,5.963328883E-1,1.102791995E-1,-3.101436223E-1,-7.321452176E-1,1.067845818E2,3.678518391E1,-1.202959508E1,-1.056874195E2
4.967387792E1,5.959377247E-1,1.114763386E-1,-3.086023121E-1,-7.329365616E-1,1.068409814E2,3.671683911E1,-1.179469107E1,-1.056985198E2
4.968384792E1,5.955088015E-1,1.125415370E-1,-3.072229511E-1,-7.337013952E-1,1.069021762E2,3.665635447E1,-1.158164960E1,-1.057192258E2
4.969381692E1,5.951426929E-1,1.135912042E-1,-3.059602315E-1,-7.343640490E-1,1.069543900E2,3.660573752E1,-1.138176794E1,-1.057319126E2
4.970378692E1,5.948439034E-1,1.146531889E-1,-3.047831859E-1,-7.349303867E-1,1.069969897E2,3.656373375E1,-1.119055344E1,-1.057349083E2
4.971375692E1,5.945300305E-1,1.156859553E-1,-3.036891380E-1,-7.354751400E-1,1.070417274E2,3.652830112E1,-1.100743277E1,-1.057412037E2
4.972372692E1,5.943771745E-1,1.167730489E-1,-3.026192403E-1,-7.358678960E-1,1.070635100E2,3.649709305E1,-1.082913951E1,-1.057229267E2
4.973369592E1,5.943109460E-1,1.179270507E-1,-3.015371832E-1,-7.361814422E-1,1.070729469E2,3.646832694E1,-1.064843938E1,-1.056900070E2
4.974366592E1,5.943913674E-1,1.192583011E-1,-3.003894823E-1,-7.363712663E-1,1.070614876E2,3.644355505E1,-1.045487387E1,-1.056301072E2
4.975363592E1,5.945955215E-1,1.208138148E-1,-2.991567713E-1,-7.364547224E-1,1.070323938E2,3.642449086E1,-1.024203483E1,-1.055447507E2
4.976360492E1,5.949104058E-1,1.226092864E-1,-2.978201946E-1,-7.364454026E-1,1.069875092E2,3.641070922E1,-1.000665568E1,-1.054350643E2
4.977357492E1,5.953355991E-1,1.246163246E-1,-2.963968060E-1,-7.363390082E-1,1.069268802E2,3.640222724E1,-9.752436735E0,-1.053019680E2
4.978354492E1,5.958226849E-1,1.267214016E-1,-2.949473653E-1,-7.361678551E-1,1.068573966E2,3.639804954E1,-9.491205584E0,-1.051563047E2
4.979351392E1,5.962803470E-1,1.288065116E-1,-2.935497126E-1,-7.359940099E-1,1.067920819E2,3.639877735E1,-9.234421961E0,-1.050151734E2
4.980348392E1,5.967709153E-1,1.308545323E-1,-2.922352999E-1,-7.357581772E-1,1.067220403E2,3.640563921E1,-8.988746556E0,-1.048704795E2
4.981345392E1,5.972961440E-1,1.328546110E-1,-2.910623953E-1,-7.354384565E-1,1.066470146E2,3.642353456E1,-8.759549393E0,-1.047225309E2
4.982342292E1,5.978630507E-1,1.348209090E-1,-2.900563711E-1,-7.350172935E-1,1.065659945E2,3.645578238E1,-8.547922325E0,-1.045698794E2
4.983339292E1,5.985235445E-1,1.367547961E-1,-2.892376896E-1,-7.344448024E-1,1.064715453E2,3.650392848E1,-8.357746420E0,-1.044051715E2
4.984336292E1,5.992249419E-1,1.386045686E-1,-2.886465485E-1,-7.337584936E-1,1.063711833E2,3.656871983E1,-8.193917788E0,-1.042378329E2
4.985333192E1,5.999408430E-1,1.402913170E-1,-2.883260322E-1,-7.329785293E-1,1.062686781E2,3.664892866E1,-8.064979428E0,-1.040745397E2
4.986330192E1,6.006077273E-1,1.417194841E-1,-2.882740862E-1,-7.321776180E-1,1.061731294E2,3.673802625E1,-7.975614261E0,-1.039278733E2
4.987327192E1,6.011780163E-1,1.428642241E-1,-2.884536423E-1,-7.314159823E-1,1.060913730E2,3.683085747E1,-7.922738089E0,-1.038055433E2
4.988324092E1,6.017114268E-1,1.438767284E-1,-2.887810707E-1,-7.306493311E-1,1.060148637E2,3.692924338E1,-7.890416587E0,-1.036934514E2
4.989321092E1,6.021213312E-1,1.448633598E-1,-2.892053472E-1,-7.299484449E-1,1.059560433E2,3.703639747E1,-7.862015261E0,-1.035998262E2
4.990318092E1,6.025016697E-1,1.459488887E-1,-2.896113109E-1,-7.292572313E-1,1.059014451E2,3.714911533E1,-7.823043872E0,-1.035064751E2
4.991314992E1,6.027398626E-1,1.471240430E-1,-2.899914597E-1,-7.286727599E-1,1.058672422E2,3.726698835E1,-7.768349673E0,-1.034295483E2
4.992311992E1,6.027478389E-1,1.483878162E-1,-2.903904217E-1,-7.282509858E-1,1.058660967E2,3.739503827E1,-7.697170786E0,-1.033817174E2
4.993308992E1,6.025301135E-1,1.498308400E-1,-2.908683249E-1,-7.279449101E-1,1.058973612E2,3.754543569E1,-7.606951778E0,-1.033588803E2
4.994305892E1,6.018886964E-1,1.514645309E-1,-2.915162115E-1,-7.278783444E-1,1.059894287E2,3.772942300E1,-7.494159119E0,-1.033886414E2
4.995302892E1,6.007841224E-1,1.532703600E-1,-2.923438439E-1,-7.280808074E-1,1.061478461E2,3.794681366E1,-7.358926384E0,-1.034768689E2
4.996299892E1,5.992700442E-1,1.552338500E-1,-2.933358595E-1,-7.285134816E-1,1.063647274E2,3.819448945E1,-7.203560282E0,-1.036160158E2
4.997296792E1,5.973835513E-1,1.572980920E-1,-2.944521030E-1,-7.291695395E-1,1.066345255E2,3.846403502E1,-7.031080052E0,-1.038024277E2
4.998293792E1,5.951411335E-1,1.591505935E-1,-2.956629187E-1,-7.301106312E-1,1.069546123E2,3.873011491E1,-6.864819550E0,-1.040457215E2
4.999290792E1,5.928781059E-1,1.605527348E-1,-2.969221401E-1,-7.311330242E-1,1.072769711E2,3.896883931E1,-6.736676023E0,-1.043085068E2
5.000287692E1,5.906779350E-1,1.613431937E-1,-2.982272647E-1,-7.322078742E-1,1.075897374E2,3.916820096E1,-6.663557517E0,-1.045862440E2
5.001284692E1,5.888449370E-1,1.616663968E-1,-2.995381792E-1,-7.330773953E-1,1.078498316E2,3.933262666E1,-6.646027353E0,-1.048311459E2
5.002281692E1,5.874118282E-1,1.617123000E-1,-3.007830654E-1,-7.337070165E-1,1.080528840E2,3.946842949E1,-6.665238841E0,-1.050312444E2
5.003278592E1,5.864235795E-1,1.616817436E-1,-3.018617297E-1,-7.340612081E-1,1.081927537E2,3.957956519E1,-6.699904406E0,-1.051721490E2
5.004275592E1,5.857635440E-1,1.616413879E-1,-3.027848932E-1,-7.342169144E-1,1.082861015E2,3.967251124E1,-6.739824003E0,-1.052675124E2
5.005272592E1,5.852947499E-1,1.615470053E-1,-3.036003662E-1,-7.342747767E-1,1.083523691E2,3.974979849E1,-6.785439198E0,-1.053383176E2
5.006269492E1,5.849252906E-1,1.614020623E-1,-3.042932604E-1,-7.343143105E-1,1.084045754E2,3.981082180E1,-6.830813169E0,-1.053971649E2
5.007266492E1,5.846424958E-1,1.613087808E-1,-3.047930483E-1,-7.343526536E-1,1.084445240E2,3.985578512E1,-6.861797069E0,-1.054413811E2
5.008263492E1,5.844617332E-1,1.614139161E-1,-3.050322106E-1,-7.343741853E-1,1.084700539E2,3.988808655E1,-6.862259216E0,-1.054626466E2
5.009260392E1,5.844238485E-1,1.618377290E-1,-3.049518102E-1,-7.343442979E-1,1.084754041E2,3.990995230E1,-6.820139791E0,-1.054501251E2
5.010257392E1,5.845477391E-1,1.625879008E-1,-3.045570628E-1,-7.342439252E-1,1.084579074E2,3.992238170E1,-6.736183842E0,-1.054009191E2
5.011254392E1,5.847997773E-1,1.635632157E-1,-3.039153402E-1,-7.340924494E-1,1.084223071E2,3.992535139E1,-6.621978850E0,-1.053239143E2
5.012251292E1,5.851008164E-1,1.646264121E-1,-3.031176268E-1,-7.339447405E-1,1.083797749E2,3.991895772E1,-6.491474045E0,-1.052359853E2
5.013248292E1,5.854719826E-1,1.657471337E-1,-3.022788254E-1,-7.337424146E-1,1.083273192E2,3.991235861E1,-6.356831421E0,-1.051357119E2
5.014245292E1,5.858563408E-1,1.669086482E-1,-3.014951575E-1,-7.334946965E-1,1.082729807E2,3.991429533E1,-6.223810251E0,-1.050318685E2
5.015242192E1,5.863013114E-1,1.681350741E-1,-3.007880229E-1,-7.331493610E-1,1.082100500E2,3.992828186E1,-6.094497645E0,-1.049168933E2
5.016239192E1,5.868080693E-1,1.694280077E-1,-3.001530438E-1,-7.327064135E-1,1.081383504E2,3.995402258E1,-5.968546089E0,-1.047904681E2
5.017236192E1,5.873912869E-1,1.707543690E-1,-2.995691835E-1,-7.321698946E-1,1.080557926E2,3.998705039E1,-5.847798920E0,-1.046518629E2
5.018233092E1,5.879896562E-1,1.720227363E-1,-2.990369952E-1,-7.316099632E-1,1.079710450E2,4.002131639E1,-5.736534532E0,-1.045134688E2
5.019230092E1,5.885764352E-1,1.731951720E-1,-2.985515531E-1,-7.310596834E-1,1.078878947E2,4.005375316E1,-5.636034670E0,-1.043806751E2
5.020227092E1,5.891334374E-1,1.742699377E-1,-2.980935222E-1,-7.305422992E-1,1.078089232E2,4.008237447E1,-5.544026898E0,-1.042560428E2
5.021223992E1,5.895992549E-1,1.752314338E-1,-2.976886174E-1,-7.301015169E-1,1.077428495E2,4.010887179E1,-5.460557800E0,-1.041489043E2
5.022220992E1,5.900116987E-1,1.760837748E-1,-2.973825418E-1,-7.296878087E-1,1.076843232E2,4.013770017E1,-5.390658156E0,-1.040539454E2
5.023217992E1,5.903129960E-1,1.768020045E-1,-2.972755256E-1,-7.293140189E-1,1.076415550E2,4.017710774E1,-5.340986310E0,-1.039805347E2
5.024214892E1,5.905941734E-1,1.774135026E-1,-2.973953175E-1,-7.288889521E-1,1.076016322E2,4.023117370E1,-5.316101097E0,-1.039149019E2
5.025211892E1,5.909111704E-1,1.779269724E-1,-2.977025312E-1,-7.283812828E-1,1.075566114E2,4.029632084E1,-5.315166020E0,-1.038488498E2
5.026208892E1,5.912980469E-1,1.783277467E-1,-2.981325555E-1,-7.277931973E-1,1.075016485E2,4.036496882E1,-5.336158372E0,-1.037782055E2
5.027205792E1,5.917779888E-1,1.786377842E-1,-2.986088096E-1,-7.271313495E-1,1.074334371E2,4.043106471E1,-5.372701897E0,-1.036986280E2
5.028202792E1,5.922965795E-1,1.788682379E-1,-2.990714187E-1,-7.264620417E-1,1.073596992E2,4.048986531E1,-5.416556129E0,-1.036171436E2
5.029199792E1,5.928142956E-1,1.790290440E-1,-2.994657288E-1,-7.258375256E-1,1.072860509E2,4.053696507E1,-5.460709216E0,-1.035387002E2
5.030196692E1,5.932736593E-1,1.791043024E-1,-2.997887580E-1,-7.253100525E-1,1.072206744E2,4.057124598E1,-5.503194200E0,-1.034719765E2
5.031193692E1,5.936249006E-1,1.790702320E-1,-3.000713263E-1,-7.249142198E-1,1.071706673E2,4.059429324E1,-5.545633349E0,-1.034250688E2
5.032190692E1,5.937803645E-1,1.789086199E-1,-3.003381369E-1,-7.247162719E-1,1.071485284E2,4.060771709E1,-5.586810801E0,-1.034110229E2
5.033187592E1,5.938675980E-1,1.787266245E-1,-3.005591181E-1,-7.245981026E-1,1.071361045E2,4.061560192E1,-5.622556417E0,-1.034073040E2
5.034184592E1,5.938952147E-1,1.785615985E-1,-3.007503594E-1,-7.245366841E-1,1.071321711E2,4.062216490E1,-5.651622441E0,-1.034110676E2
5.035181592E1,5.938920379E-1,1.784257750E-1,-3.009170344E-1,-7.245035304E-1,1.071326235E2,4.062863141E1,-5.674924479E0,-1.034178036E2
5.036178492E1,5.938530889E-1,1.782867747E-1,-3.010508085E-1,-7.245140724E-1,1.071381709E2,4.063187813E1,-5.694103845E0,-1.034296023E2
5.037175554E1,5.937879141E-1,1.781094577E-1,-3.011643153E-1,-7.245639900E-1,1.071474532E2,4.063054880E1,-5.713376836E0,-1.034467189E2
5.038172554E1,5.936976830E-1,1.779028011E-1,-3.012746241E-1,-7.246427572E-1,1.071603031E2,4.062694659E1,-5.733420117E0,-1.034685882E2
5.039169454E1,5.935532721E-1,1.776791120E-1,-3.013891529E-1,-7.247684549E-1,1.071808666E2,4.062287242E1,-5.752334702E0,-1.034987924E2
5.040166454E1,5.934427209E-1,1.775164199E-1,-3.014635473E-1,-7.248678793E-1,1.071966067E2,4.061907861E1,-5.765129775E0,-1.035214876E2
5.041163454E1,5.933564568E-1,1.774632200E-1,-3.014653280E-1,-7.249506874E-1,1.072088878E2,4.061593997E1,-5.765005227E0,-1.035358361E2
5.042160354E1,5.933144048E-1,1.775766425E-1,-3.013673314E-1,-7.249980499E-1,1.072148742E2,4.061479780E1,-5.746409959E0,-1.035365224E2
5.043157354E1,5.933430067E-1,1.778989868E-1,-3.011367407E-1,-7.249915329E-1,1.072108025E2,4.061535041E1,-5.704865006E0,-1.035179417E2
5.044154354E1,5.934501545E-1,1.784476229E-1,-3.007652057E-1,-7.249231602E-1,1.071955484E2,4.061802586E1,-5.638791534E0,-1.034781445E2
5.045151254E1,5.936196586E-1,1.791518599E-1,-3.002856536E-1,-7.248094585E-1,1.071714138E2,4.062111051E1,-5.555448396E0,-1.034225533E2
5.046148254E1,5.938205094E-1,1.799354857E-1,-2.997470274E-1,-7.246737668E-1,1.071428110E2,4.062411491E1,-5.462993026E0,-1.033589077E2
5.047145254E1,5.940265496E-1,1.807431457E-1,-2.992056933E-1,-7.245275752E-1,1.071134638E2,4.062870704E1,-5.368759230E0,-1.032933772E2
5.048142154E1,5.942114425E-1,1.815481664E-1,-2.987143716E-1,-7.243774955E-1,1.070871240E2,4.063823969E1,-5.277535850E0,-1.032309242E2
5.049139154E1,5.943914675E-1,1.823357224E-1,-2.983219845E-1,-7.241936773E-1,1.070614733E2,4.065628085E1,-5.195095340E0,-1.031699902E2
5.050136154E1,5.945878086E-1,1.831185105E-1,-2.980235479E-1,-7.239577182E-1,1.070334930E2,4.068313099E1,-5.121164492E0,-1.031070351E2
5.051133054E1,5.948369334E-1,1.838666961E-1,-2.977699556E-1,-7.236677110E-1,1.069979834E2,4.071164643E1,-5.056171763E0,-1.030382637E2
5.052130054E1,5.951441101E-1,1.845494013E-1,-2.975453445E-1,-7.233338974E-1,1.069541879E2,4.073800382E1,-5.001570175E0,-1.029643360E2
5.053127054E1,5.955054087E-1,1.851896119E-1,-2.973555994E-1,-7.229507667E-1,1.069026601E2,4.076444626E1,-4.955833053E0,-1.028847077E2
5.054123954E1,5.959072684E-1,1.858723118E-1,-2.971728454E-1,-7.225194043E-1,1.068453275E2,4.079455673E1,-4.909505218E0,-1.027974243E2
5.055120954E1,5.963511590E-1,1.866254655E-1,-2.969342205E-1,-7.220570533E-1,1.067819736E2,4.082430854E1,-4.855649575E0,-1.027009085E2
5.056117954E1,5.968564576E-1,1.874065362E-1,-2.966072399E-1,-7.215714795E-1,1.067098236E2,4.084737607E1,-4.796068715E0,-1.025942882E2
5.057114854E1,5.973743528E-1,1.881208462E-1,-2.962657188E-1,-7.210970798E-1,1.066358399E2,4.086421979E1,-4.741266300E0,-1.024887986E2
5.058111854E1,5.978255400E-1,1.887630641E-1,-2.960209035E-1,-7.206558392E-1,1.065713567E2,4.088557665E1,-4.696136495E0,-1.023959953E2
5.059108854E1,5.981650698E-1,1.893955829E-1,-2.959006375E-1,-7.202573882E-1,1.065228136E2,4.091889530E1,-4.655689188E0,-1.023193162E2
5.060105754E1,5.984061814E-1,1.900263421E-1,-2.958760343E-1,-7.199010471E-1,1.064883323E2,4.096187844E1,-4.617752977E0,-1.022565482E2
5.061102754E1,5.985889143E-1,1.906111191E-1,-2.959231228E-1,-7.195750992E-1,1.064621944E2,4.100872472E1,-4.585954525E0,-1.022040794E2
5.062099754E1,5.987749294E-1,1.911517947E-1,-2.960297386E-1,-7.192329721E-1,1.064355826E2,4.105808374E1,-4.562414234E0,-1.021532038E2
5.063096654E1,5.990456492E-1,1.917505012E-1,-2.961502259E-1,-7.187983012E-1,1.063968443E2,4.111270642E1,-4.540004796E0,-1.020877201E2
5.064093654E1,5.994606955E-1,1.924774711E-1,-2.962303259E-1,-7.182248669E-1,1.063374349E2,4.117231329E1,-4.512274404E0,-1.019959719E2
5.065090654E1,5.999904709E-1,1.932915006E-1,-2.962274547E-1,-7.175647735E-1,1.062615697E2,4.122993055E1,-4.477577882E0,-1.018838462E2
5.066087554E1,6.005714336E-1,1.940969585E-1,-2.961112664E-1,-7.169089580E-1,1.061783309E2,4.127588168E1,-4.437537801E0,-1.017646385E2
5.067084554E1,6.010963726E-1,1.948173324E-1,-2.959089615E-1,-7.163569608E-1,1.061030801E2,4.130760860E1,-4.394430170E0,-1.016570268E2
5.068081554E1,6.014997548E-1,1.953972362E-1,-2.956476036E-1,-7.159681614E-1,1.060452293E2,4.132385652E1,-4.351069697E0,-1.015728680E2
5.069078454E1,6.017425997E-1,1.958247844E-1,-2.953368022E-1,-7.157755555E-1,1.060103913E2,4.132479606E1,-4.306984328E0,-1.015182968E2
5.070075454E1,6.018010679E-1,1.961320033E-1,-2.949602939E-1,-7.157975035E-1,1.060020023E2,4.131131436E1,-4.257167556E0,-1.014951594E2
5.071072454E1,6.016944680E-1,1.963454349E-1,-2.945361280E-1,-7.160033171E-1,1.060172968E2,4.128700893E1,-4.202031158E0,-1.014995627E2
5.072069354E1,6.014937067E-1,1.964858261E-1,-2.941005403E-1,-7.163124800E-1,1.060460968E2,4.125656359E1,-4.146604998E0,-1.015205969E2
5.073066354E1,6.012848375E-1,1.965943121E-1,-2.936926010E-1,-7.166252834E-1,1.060760542E2,4.122641480E1,-4.095373696E0,-1.015442869E2
5.074063354E1,6.011275454E-1,1.967201257E-1,-2.933593406E-1,-7.168591984E-1,1.060986102E2,4.120450648E1,-4.051407924E0,-1.015600241E2
5.075060254E1,6.010493209E-1,1.968974322E-1,-2.930786057E-1,-7.169909495E-1,1.061098265E2,4.119115415E1,-4.011806932E0,-1.015622994E2
5.076057254E1,6.010557535E-1,1.971208421E-1,-2.927728830E-1,-7.170491701E-1,1.061089042E2,4.117850659E1,-3.971196816E0,-1.015505071E2
5.077054254E1,6.011120090E-1,1.973480768E-1,-2.924169739E-1,-7.170846261E-1,1.061008380E2,4.116113544E1,-3.928994846E0,-1.015314586E2
5.078051154E1,6.011678220E-1,1.975646748E-1,-2.920392907E-1,-7.171321572E-1,1.060928348E2,4.114090811E1,-3.885872369E0,-1.015129728E2
5.079048154E1,6.012022402E-1,1.978044745E-1,-2.916762114E-1,-7.171849830E-1,1.060878993E2,4.112392771E1,-3.841005222E0,-1.014963961E2
5.080045154E1,6.012086202E-1,1.980705212E-1,-2.913497683E-1,-7.172388730E-1,1.060869844E2,4.111255821E1,-3.795539992E0,-1.014825339E2
5.081042054E1,6.012048954E-1,1.983241926E-1,-2.910717361E-1,-7.172848289E-1,1.060875185E2,4.110495858E1,-3.754278107E0,-1.014707298E2
5.082039054E1,6.011847492E-1,1.985411540E-1,-2.908463874E-1,-7.173331292E-1,1.060904075E2,4.109972869E1,-3.719074892E0,-1.014630165E2
5.083036054E1,6.011451207E-1,1.987135346E-1,-2.906594661E-1,-7.173942527E-1,1.060960901E2,4.109491374E1,-3.689253965E0,-1.014601669E2
5.084032954E1,6.010726492E-1,1.988344012E-1,-2.905159245E-1,-7.174796211E-1,1.061064817E2,4.109051959E1,-3.665022202E0,-1.014644288E2
5.085029954E1,6.009613551E-1,1.989259811E-1,-2.903815235E-1,-7.176018733E-1,1.061224386E2,4.108495151E1,-3.641698013E0,-1.014755346E2
5.086026954E1,6.008151583E-1,1.989904131E-1,-2.902400049E-1,-7.177636645E-1,1.061433972E2,4.107679431E1,-3.618054941E0,-1.014928121E2
5.087023854E1,6.006320407E-1,1.990040107E-1,-2.900945719E-1,-7.179719859E-1,1.061696447E2,4.106458391E1,-3.596042253E0,-1.015176848E2
5.088020854E1,6.004182930E-1,1.989475708E-1,-2.899817501E-1,-7.182119489E-1,1.062002769E2,4.105034948E1,-3.580316374E0,-1.015501993E2
5.089017854E1,6.001830082E-1,1.988098191E-1,-2.899355308E-1,-7.184653569E-1,1.062339885E2,4.103647287E1,-3.574872591E0,-1.015896558E2
5.090014754E1,5.999610155E-1,1.985877842E-1,-2.899597705E-1,-7.187022696E-1,1.062657887E2,4.102297966E1,-3.582066430E0,-1.016313069E2
5.091011754E1,5.997597590E-1,1.982987517E-1,-2.900689203E-1,-7.189061391E-1,1.062946128E2,4.101254533E1,-3.602091531E0,-1.016733441E2
5.092008754E1,5.995815095E-1,1.980041716E-1,-2.902491982E-1,-7.190631467E-1,1.063201373E2,4.100844362E1,-3.629312387E0,-1.017124414E2
5.093005654E1,5.994335529E-1,1.977701038E-1,-2.904574300E-1,-7.191667647E-1,1.063413207E2,4.101146057E1,-3.655686640E0,-1.017444486E2
5.094002654E1,5.993124071E-1,1.975969171E-1,-2.906630276E-1,-7.192323610E-1,1.063586634E2,4.101869810E1,-3.678608104E0,-1.017698321E2
5.094999654E1,5.992302049E-1,1.974814189E-1,-2.908151513E-1,-7.192709833E-1,1.063704300E2,4.102497456E1,-3.694995020E0,-1.017869471E2
5.095996554E1,5.991750453E-1,1.973987268E-1,-2.909182004E-1,-7.192979889E-1,1.063783251E2,4.102889754E1,-3.706460932E0,-1.017986909E2
5.096993554E1,5.991281727E-1,1.973049132E-1,-2.910169030E-1,-7.193227765E-1,1.063850338E2,4.103154068E1,-3.718873032E0,-1.018097823E2
5.097990554E1,5.990762899E-1,1.971957739E-1,-2.911383070E-1,-7.193468424E-1,1.063924592E2,4.103524415E1,-3.733961366E0,-1.018223405E2
5.098987454E1,5.990161727E-1,1.970661091E-1,-2.912675503E-1,-7.193802385E-1,1.064010627E2,4.103820589E1,-3.750797434E0,-1.018370375E2
5.099984454E1,5.989393653E-1,1.968885655E-1,-2.914254535E-1,-7.194288075E-1,1.064120540E2,4.104041293E1,-3.772658367E0,-1.018563359E2
5.100981454E1,5.988487391E-1,1.966582277E-1,-2.916224110E-1,-7.194874021E-1,1.064250218E2,4.104249694E1,-3.800878043E0,-1.018800995E2
5.101978354E1,5.987670480E-1,1.964082179E-1,-2.918376075E-1,-7.195364716E-1,1.064367102E2,4.104484831E1,-3.832491882E0,-1.019035662E2
5.102975354E1,5.987079054E-1,1.961892018E-1,-2.920537155E-1,-7.195577663E-1,1.064451717E2,4.104952354E1,-3.862989017E0,-1.019224069E2
5.103972354E1,5.986813371E-1,1.960204090E-1,-2.922530648E-1,-7.195448852E-1,1.064489727E2,4.105621013E1,-3.890045084E0,-1.019342928E2
5.104969254E1,5.986874747E-1,1.958824254E-1,-2.924389272E-1,-7.195017426E-1,1.064480947E2,4.106376853E1,-3.915406101E0,-1.019401299E2
5.105966254E1,5.987228939E-1,1.957581080E-1,-2.926066137E-1,-7.194380008E-1,1.064430274E2,4.107048551E1,-3.939834837E0,-1.019412325E2
5.106963254E1,5.987754088E-1,1.956467350E-1,-2.927378800E-1,-7.193711559E-1,1.064355140E2,4.107459313E1,-3.961333943E0,-1.019392764E2
5.107960154E1,5.988297941E-1,1.955337972E-1,-2.928362771E-1,-7.193166020E-1,1.064277326E2,4.107541856E1,-3.980488642E0,-1.019371063E2
5.108957154E1,5.988612198E-1,1.953949761E-1,-2.929267559E-1,-7.192914140E-1,1.064232360E2,4.107365270E1,-3.999805733E0,-1.019393575E2
5.109954154E1,5.988586541E-1,1.952590419E-1,-2.930486972E-1,-7.192807456E-1,1.064236031E2,4.107526973E1,-4.019579173E0,-1.019462394E2
5.110951054E1,5.988307845E-1,1.951852428E-1,-2.931710074E-1,-7.192740548E-1,1.064275909E2,4.108165711E1,-4.033302633E0,-1.019537345E2
5.111948054E1,5.988183670E-1,1.951617459E-1,-2.932204667E-1,-7.192706251E-1,1.064293676E2,4.108471925E1,-4.038305125E0,-1.019566351E2
5.112945054E1,5.988324757E-1,1.951243301E-1,-2.932007314E-1,-7.192770841E-1,1.064273489E2,4.107997634E1,-4.040369539E0,-1.019563979E2
5.113941954E1,5.988315168E-1,1.950057183E-1,-2.931617561E-1,-7.193258375E-1,1.064274861E2,4.106740127E1,-4.046364624E0,-1.019620420E2
5.114938954E1,5.988038474E-1,1.948228273E-1,-2.930985095E-1,-7.194242293E-1,1.064314450E2,4.104782697E1,-4.053993164E0,-1.019744252E2
5.115935954E1,5.987425922E-1,1.946742597E-1,-2.930673630E-1,-7.195282214E-1,1.064402091E2,4.103404257E1,-4.059741273E0,-1.019899387E2
5.116932854E1,5.986514708E-1,1.945759311E-1,-2.930607460E-1,-7.196333356E-1,1.064532454E2,4.102648208E1,-4.061996535E0,-1.020072838E2
5.117929854E1,5.985470309E-1,1.945025745E-1,-2.930756870E-1,-7.197338137E-1,1.064681858E2,4.102290769E1,-4.063327111E0,-1.020253221E2
5.118926854E1,5.984479963E-1,1.944492271E-1,-2.931213637E-1,-7.198120277E-1,1.064823515E2,4.102376189E1,-4.065796781E0,-1.020417289E2
5.119923754E1,5.983731488E-1,1.944227905E-1,-2.931969014E-1,-7.198505446E-1,1.064930567E2,4.102938518E1,-4.069794769E0,-1.020535077E2
5.120920754E1,5.983334781E-1,1.944131336E-1,-2.933059827E-1,-7.198418308E-1,1.064987304E2,4.103934110E1,-4.076949752E0,-1.020596553E2
5.121917754E1,5.983129894E-1,1.943936460E-1,-2.934489606E-1,-7.198057584E-1,1.065016606E2,4.105174326E1,-4.088504278E0,-1.020635882E2
5.122914654E1,5.982908887E-1,1.943413312E-1,-2.936241334E-1,-7.197668305E-1,1.065048212E2,4.106481810E1,-4.104994961E0,-1.020693385E2
5.123911654E1,5.982592416E-1,1.942495617E-1,-2.937838436E-1,-7.197528746E-1,1.065093470E2,4.107352107E1,-4.122804758E0,-1.020782713E2
5.124908654E1,5.982102301E-1,1.941278890E-1,-2.938666569E-1,-7.197925295E-1,1.065163559E2,4.107267064E1,-4.136019051E0,-1.020909027E2