"Time (s)","X (m/s^2)","Y (m/s^2)","Z (m/s^2)"
1.851958316E-2,1.019380188E-1,7.184010773E0,6.908284149E0
3.845858318E-2,1.529818726E-1,7.160659332E0,6.747668152E0
5.839858321E-2,2.272274780E-1,7.062613220E0,6.806196442E0
7.833658322E-2,2.624043274E-1,7.061715088E0,6.814129944E0
9.827558324E-2,2.330653381E-1,7.152725830E0,6.780599670E0
1.182145833E-1,1.812730408E-1,7.123087463E0,6.822662201E0
1.381535833E-1,2.278262329E-1,7.031927032E0,6.766229553E0
1.580925833E-1,2.769241333E-1,7.048243103E0,6.823710022E0
1.780315833E-1,2.803669739E-1,7.120842133E0,6.805298309E0
1.979705831E-1,2.586621094E-1,7.134463806E0,6.853348389E0
2.179095831E-1,2.285746765E-1,7.133116608E0,6.830446014E0
2.378485831E-1,2.207908630E-1,7.118447113E0,6.760990448E0
2.577875832E-1,2.794688416E-1,7.112609253E0,6.791377258E0
2.777265832E-1,3.297642517E-1,7.109465790E0,6.841672668E0
2.976655832E-1,3.279679871E-1,7.165748749E0,6.807094574E0
3.176045832E-1,2.038760376E-1,7.173831940E0,6.777755585E0
3.375435832E-1,2.155517578E-2,7.086264038E0,6.742878113E0
3.574825833E-1,-8.352630615E-2,7.058122559E0,6.552773438E0
3.774215833E-1,-1.814227295E-1,7.201973419E0,6.436465302E0
3.973605833E-1,-2.884501648E-1,7.253616028E0,6.392606506E0
4.172998748E-1,-4.355941772E-1,7.315287781E0,6.427334290E0
4.372388748E-1,-4.537065125E-1,7.314539337E0,6.327791290E0
4.571778749E-1,-1.320254517E-1,7.287894745E0,6.536906433E0
4.771168749E-1,3.046165466E-1,7.139852600E0,6.837631073E0
4.970558749E-1,5.734574890E-1,7.009773102E0,6.925947418E0
5.169948749E-1,6.053411865E-1,7.093299408E0,7.021149445E0
5.369338749E-1,5.213658142E-1,7.281907196E0,6.756799164E0
5.568728750E-1,3.849993896E-1,7.383096771E0,6.736291809E0
5.768118750E-1,3.216810608E-1,7.264692993E0,6.960076447E0
5.967508748E-1,3.285667419E-1,7.040309601E0,6.802603912E0
6.166898748E-1,3.564088440E-1,6.943161621E0,6.714886322E0
6.366288748E-1,4.541555786E-1,7.067852325E0,6.882088623E0
6.565678748E-1,6.747967529E-1,7.261100464E0,6.957531738E0
6.765068749E-1,9.148974609E-1,7.321724396E0,6.926695862E0
6.964458749E-1,1.097667389E0,7.227570190E0,7.066954193E0
7.163848749E-1,1.251846771E0,7.041806488E0,7.201224976E0
7.363238749E-1,1.391955414E0,6.867419128E0,7.112758942E0
7.562628749E-1,1.456471252E0,6.773264923E0,7.111411743E0
7.762018749E-1,1.449735260E0,6.776109009E0,7.225474548E0
7.961408750E-1,1.420096893E0,6.806346130E0,7.264094238E0
8.160798750E-1,1.402433624E0,6.806346130E0,7.093898163E0
8.360188748E-1,1.338366852E0,6.707252197E0,7.088659058E0
8.559578748E-1,1.259031830E0,6.546336823E0,7.119045868E0
8.758968748E-1,1.147064667E0,6.435417480E0,7.063960419E0
8.958358748E-1,1.039438477E0,6.389762421E0,7.106771393E0
9.157748749E-1,1.022373962E0,6.288722534E0,7.145840149E0
9.357138749E-1,1.107995911E0,6.122118988E0,7.158114624E0
9.556528749E-1,1.265019379E0,6.036047974E0,7.098239136E0
9.755918749E-1,1.330882416E0,6.219865723E0,7.036717072E0
9.955308749E-1,1.269360352E0,6.459667053E0,7.011120300E0
1.015469875E0,1.138981476E0,6.522686005E0,6.824009399E0
1.035408875E0,9.048683167E-1,6.535259857E0,6.759942627E0
1.055347875E0,7.466473389E-1,6.610852661E0,6.689139862E0
1.075286875E0,8.728349304E-1,6.724466400E0,6.592890015E0
1.095225875E0,1.121617584E0,6.959028625E0,6.694678345E0
1.115164875E0,1.280587006E0,7.189549255E0,6.571484528E0
1.135103875E0,1.298250275E0,7.267387390E0,6.610104218E0
1.155042875E0,1.339264984E0,7.176376648E0,6.767427063E0
1.174981875E0,1.434467010E0,7.061415710E0,6.771917725E0
1.194920875E0,1.378782806E0,7.091054077E0,6.893914032E0
1.214859875E0,1.229393463E0,7.244335327E0,6.685397644E0
1.234798875E0,1.096469879E0,7.365583191E0,6.624324646E0
1.254737875E0,1.096020813E0,7.361242218E0,6.561305695E0
1.274676875E0,1.218915253E0,7.264393616E0,6.384972382E0
1.294615875E0,1.285077667E0,7.224726105E0,6.750063171E0
1.314554875E0,1.369502106E0,7.166646881E0,6.832691345E0
1.334493875E0,1.345402222E0,7.027586060E0,6.634204102E0
1.354432875E0,1.249152374E0,6.850803680E0,6.864724731E0
1.374371875E0,1.247356110E0,6.764283600E0,6.701863403E0
1.394310875E0,1.356479187E0,6.789131927E0,6.461313629E0
1.414249875E0,1.312770081E0,6.779701538E0,6.312073975E0
1.434188375E0,1.101559296E0,6.713838501E0,6.349795532E0
1.454127375E0,8.753796387E-1,6.679559784E0,6.662495270E0
1.474066375E0,8.017327881E-1,6.707252197E0,6.509962463E0
1.494005375E0,1.002615051E0,6.647077332E0,5.983656921E0
1.513944375E0,1.177900543E0,6.558760986E0,5.862109680E0
1.533883375E0,1.263372803E0,6.837182007E0,6.170618134E0
1.553822375E0,1.338965607E0,7.102280731E0,6.291566620E0
1.573761375E0,1.421294403E0,6.855444031E0,6.017486572E0
1.593700375E0,1.402283936E0,6.518943787E0,5.565576324E0
1.613639375E0,1.229543152E0,6.478976898E0,5.601501617E0
1.633578375E0,9.717791748E-1,6.617139587E0,5.784421234E0
1.653517375E0,8.487350464E-1,6.560257874E0,5.713468781E0
1.673456375E0,7.905061340E-1,6.431375885E0,5.397026825E0
1.693395375E0,8.355624390E-1,6.346652069E0,5.140160980E0
1.713334375E0,8.282276917E-1,6.400989075E0,5.107079773E0
1.733273375E0,7.376660156E-1,6.371650085E0,5.246739349E0
1.753212375E0,5.272036743E-1,6.302793274E0,5.411396942E0
1.773151375E0,3.309617615E-1,6.465804291E0,5.308411102E0
1.793090375E0,3.176394653E-1,6.818919983E0,5.431904297E0
1.813029375E0,1.001417542E-1,6.726861420E0,6.102360077E0
1.832968375E0,2.631527710E-1,6.702312469E0,5.691165161E0
1.852907375E0,2.880010986E-1,6.621330872E0,5.666466522E0
1.872846375E0,1.980381775E-1,6.920109558E0,6.098318481E0
1.892785375E0,1.634600830E-1,7.226971436E0,6.032904510E0
1.912724375E0,1.691482544E-1,7.107370148E0,6.107898560E0
1.932663375E0,9.699829102E-2,6.894812164E0,6.137836304E0
1.952602375E0,5.523513794E-2,6.769971771E0,6.205046539E0
1.972541375E0,-3.562591553E-2,6.781198425E0,6.195316772E0
1.992480375E0,-1.511856079E-1,6.969656525E0,6.169420624E0
2.012419375E0,-3.197351074E-1,7.318730621E0,6.241420898E0
2.032358375E0,-3.626957703E-1,7.626640320E0,6.041586456E0
2.052297375E0,-3.704795837E-1,7.823181610E0,5.952371979E0
2.072236375E0,-4.141886902E-1,7.900121613E0,5.957910461E0
2.092175375E0,-4.867877197E-1,8.018226013E0,6.115682373E0
2.112114375E0,-4.519102478E-1,8.326584778E0,6.056405640E0
2.132053375E0,-3.505709839E-1,8.668623505E0,6.048023071E0
2.151992375E0,-4.822970581E-1,8.570128326E0,6.036796417E0
2.171931375E0,-6.908134460E-1,8.069419556E0,5.947731628E0
2.191870375E0,-8.283773804E-1,8.046966248E0,5.905669098E0
2.211809375E0,-6.872209167E-1,8.326435089E0,6.325096893E0
2.231748375E0,-5.358856201E-1,8.270301819E0,6.545738068E0
2.251687375E0,-4.736151123E-1,8.194259949E0,6.302643585E0
2.271626375E0,-2.874023438E-1,8.455317078E0,6.077511749E0
2.291565375E0,-1.278341675E-1,8.741970978E0,6.374045105E0
2.311504375E0,1.047821045E-3,8.795260162E0,6.628665619E0
2.331443375E0,8.202941895E-2,8.527167664E0,6.601721649E0
2.351382375E0,4.939727783E-3,8.426576843E0,6.655908966E0
2.371321375E0,-2.395019531E-2,8.480165405E0,6.456373901E0
2.391260375E0,-3.727249146E-2,8.559799805E0,6.092330933E0
2.411199375E0,-2.386038208E-1,8.668024750E0,5.974974976E0
2.431138708E0,-5.132826233E-1,8.757388916E0,5.979016571E0
2.451077708E0,-5.968089294E-1,8.644224243E0,6.127058716E0
2.471016708E0,-4.110452271E-1,8.718469849E0,6.259233856E0
2.490955708E0,-2.228865051E-1,8.642727356E0,6.014642487E0
2.510894708E0,-2.541714478E-1,8.719966736E0,5.855822754E0
2.530833708E0,-2.894979858E-1,8.996292114E0,5.555547180E0
2.550772708E0,-1.914518738E-1,9.159303131E0,5.794450378E0
2.570711708E0,-1.838177490E-1,9.083410950E0,5.979765015E0
2.590650708E0,-2.191442871E-1,8.892258453E0,5.760171661E0
2.610589708E0,-3.040177917E-1,9.094637604E0,6.174360352E0
2.630528708E0,-3.610491943E-1,9.360933838E0,6.333629150E0
2.650467708E0,-3.369493103E-1,9.293274536E0,6.335126038E0
2.670406708E0,-3.040177917E-1,9.344917145E0,6.330335999E0
2.690345708E0,-2.775228882E-1,9.233548737E0,6.321953430E0
2.710284708E0,-1.688488770E-1,9.306746521E0,6.641389160E0
2.730223708E0,5.089416504E-3,9.387877808E0,6.670129395E0
2.750162708E0,1.895059204E-1,9.517358551E0,6.784790955E0
2.770101708E0,2.255809021E-1,9.686207428E0,6.979386292E0
2.790040708E0,1.288819885E-1,9.595346375E0,7.065756683E0
2.809979708E0,1.339714050E-1,9.713899841E0,6.731950836E0
2.829918708E0,1.017883301E-1,9.700727234E0,6.635401611E0
2.849857708E0,1.049317932E-1,9.796528015E0,6.378535767E0
2.869796708E0,4.460723877E-2,9.771230621E0,6.056705017E0
2.889735708E0,2.844085693E-2,9.696835327E0,6.129304047E0
2.909674708E0,1.594184875E-1,9.652976532E0,5.990692291E0
2.929613708E0,1.161584473E-1,9.704619141E0,6.088439026E0
2.949552708E0,-5.807922363E-2,9.743987274E0,6.162385254E0
2.969491708E0,-2.558180237E-1,9.664203186E0,6.064937897E0
2.989430708E0,-2.676434326E-1,9.573342133E0,5.877976685E0
3.009369708E0,-2.164498901E-1,9.607022095E0,5.882916412E0
3.029308708E0,-1.999841309E-1,9.642198944E0,5.968987427E0
3.049247708E0,-2.056723022E-1,9.768386536E0,6.021079102E0
3.069186708E0,-6.990463257E-2,9.686357117E0,5.923482056E0
3.089125708E0,1.558259583E-1,9.332193604E0,5.970634003E0
3.109064708E0,2.079176331E-1,8.974437561E0,6.018684082E0
3.129003708E0,1.404080200E-1,8.885073395E0,5.882766724E0
3.148942708E0,1.321751404E-1,8.915160828E0,5.584287415E0
3.168881708E0,7.005432129E-2,8.753347321E0,5.619464264E0
3.188820708E0,-1.284329224E-1,8.461304626E0,5.594915314E0
3.208759708E0,-2.567161560E-1,8.247698822E0,5.402415619E0
3.228698708E0,-2.856060791E-1,8.256380768E0,5.508395233E0
3.248637708E0,-3.896397400E-1,8.528664551E0,5.243146820E0
3.268576708E0,-4.423301697E-1,8.571625214E0,4.847818909E0
3.288515708E0,-5.709127808E-1,8.363707581E0,4.740941162E0
3.308454708E0,-5.780978394E-1,8.256081390E0,4.672683105E0
3.328393708E0,-3.540138245E-1,8.160430298E0,4.368815002E0
3.348332708E0,-2.799179077E-2,8.007897491E0,4.604574738E0
3.368271708E0,1.800755310E-1,7.741152191E0,5.033881989E0
3.388210708E0,4.309538269E-1,7.483687592E0,5.187612305E0
3.408149708E0,7.282356262E-1,7.142397308E0,5.169350281E0
3.428088833E0,9.791139221E-1,6.861132202E0,5.148693237E0
3.448027833E0,1.077010345E0,6.724616089E0,5.415438538E0
3.467966833E0,1.184486847E0,6.770420837E0,5.591023407E0
3.487905833E0,1.184786224E0,6.934779053E0,5.625601501E0
3.507844833E0,1.136436768E0,7.008425903E0,5.301076355E0
3.527783833E0,1.030606842E0,7.033872986E0,4.991669769E0
3.547722833E0,8.616082764E-1,7.175927582E0,4.956941986E0
3.567661833E0,8.126600647E-1,7.283254395E0,5.065915375E0
3.587600833E0,8.562194824E-1,7.393724670E0,5.206473083E0
3.607539833E0,1.022523651E0,7.494465179E0,5.212161255E0
3.627478833E0,1.175954590E0,7.428452454E0,5.039121094E0
3.647417833E0,1.177750854E0,7.326963501E0,5.033133545E0
3.667356833E0,1.036893768E0,7.235354004E0,5.137765961E0
3.687295833E0,8.452922058E-1,7.100334778E0,5.160668335E0
3.707234833E0,7.433541870E-1,6.925797729E0,5.223836975E0
3.727173833E0,7.384144592E-1,6.814728699E0,5.384752350E0
3.747112833E0,8.355624390E-1,6.738986206E0,5.185816040E0
3.767051833E0,1.052611084E0,6.690337372E0,5.166655884E0
3.786990833E0,1.173709259E0,6.765930176E0,5.408852234E0
3.806929833E0,1.241518250E0,6.890920258E0,5.534590759E0
3.826868833E0,1.184337158E0,6.989565125E0,5.765560455E0
3.846807833E0,1.212927704E0,6.887477417E0,5.795647888E0
3.866746833E0,1.313069458E0,6.383475494E0,5.779032440E0
3.886685833E0,1.411714325E0,5.859265594E0,5.705834656E0
3.906624833E0,1.457519073E0,5.537584534E0,5.792205048E0
3.926563833E0,1.408121796E0,5.662125549E0,5.766907654E0
3.946502833E0,1.306483154E0,6.575226746E0,5.814957733E0
3.966441833E0,1.281485138E0,7.318281555E0,6.035149841E0
3.986380833E0,1.386716309E0,7.011120300E0,6.270460510E0
4.006319833E0,1.469793549E0,6.516249390E0,6.480174408E0
4.026258833E0,1.666783905E0,6.599626007E0,6.845714264E0
4.046197833E0,2.064057770E0,6.530170441E0,7.182364197E0
4.066136833E0,2.526895294E0,6.114035797E0,7.258256378E0
4.086075833E0,2.895578613E0,5.863756256E0,7.361092529E0
4.106015833E0,3.085234222E0,6.189029846E0,7.674241333E0
4.125954833E0,3.142864380E0,6.803951111E0,7.678881683E0
4.145893833E0,3.078498230E0,7.119794312E0,7.273524628E0
4.165832833E0,2.811603241E0,7.050039368E0,7.184459839E0
4.185771833E0,2.472258911E0,6.835086365E0,7.090904388E0
4.205710833E0,2.278561707E0,6.704408112E0,7.034920807E0
4.225649833E0,2.311193848E0,6.746171265E0,6.935976563E0
4.245588833E0,2.449805603E0,6.796167297E0,6.961573334E0
4.265527833E0,2.460583191E0,6.597829742E0,7.039710846E0
4.285466833E0,2.428699493E0,6.362219696E0,7.082222443E0
4.305405833E0,2.398312683E0,6.218368835E0,7.142247620E0
4.325344833E0,2.486479340E0,6.208788757E0,7.189698944E0
4.345283833E0,2.665057983E0,6.237828369E0,7.023993530E0
4.365222833E0,2.686613159E0,6.216123505E0,6.809489594E0
4.385161833E0,2.475552063E0,6.104605408E0,6.665489044E0
4.405100833E0,2.220332794E0,5.936654663E0,6.778204651E0
4.425039458E0,2.019749908E0,5.776038666E0,6.545289001E0
4.444978458E0,1.821861420E0,5.829028473E0,6.228847046E0
4.464917458E0,1.652413788E0,6.322402496E0,6.393504639E0
4.484856458E0,1.507664795E0,6.803052979E0,6.426436157E0
4.504795458E0,1.412911835E0,6.789730682E0,6.033054199E0
4.524734458E0,1.263372803E0,6.487209778E0,5.680387573E0
4.544673458E0,1.086590424E0,6.328689423E0,5.848188629E0
4.564612458E0,1.057251434E0,6.314019928E0,5.754483490E0
4.584551458E0,1.089135132E0,6.231092377E0,5.700894928E0
4.604490458E0,9.717791748E-1,6.147416382E0,5.853577423E0
4.624429458E0,8.081694031E-1,6.043831787E0,5.641318817E0
4.644368458E0,7.042854309E-1,5.792953491E0,5.141657867E0
4.664307458E0,7.445516968E-1,5.533692627E0,4.819228363E0
4.684246458E0,5.984555054E-1,5.508694611E0,5.069208527E0
4.704185458E0,2.210902405E-1,5.782624969E0,5.386698303E0
4.724124458E0,3.128494263E-2,5.890700226E0,4.865781555E0
4.744063458E0,2.273771667E-1,5.842350769E0,4.411176910E0
4.764002458E0,2.939886475E-1,6.128106537E0,4.781806183E0
4.783941458E0,1.754351807E-1,6.813381500E0,5.195845184E0
4.803880458E0,6.750961304E-2,7.321275330E0,5.515729980E0
4.823819458E0,5.014572144E-2,7.116201782E0,5.368436279E0
4.843758458E0,-1.540296936E-1,6.631360016E0,5.149591370E0
4.863697458E0,-5.438191223E-1,6.699169006E0,5.608986053E0
4.883636458E0,-7.321275330E-1,7.291786652E0,6.029311981E0
4.903575458E0,-3.384461975E-1,7.646997986E0,6.061345367E0
4.923514458E0,7.484436035E-4,7.473808136E0,6.303392029E0
4.943453458E0,5.358856201E-2,7.261399841E0,6.669231262E0
4.963392458E0,3.427871704E-2,7.364385681E0,6.407575378E0
4.983331458E0,-1.407073975E-2,7.659422150E0,6.512207794E0
5.003270458E0,-1.293310547E-1,7.790848846E0,6.707850952E0
5.023209458E0,-3.020718384E-1,7.709268494E0,6.577023010E0
5.043148458E0,-4.029620361E-1,7.614066467E0,6.586303711E0
5.063087458E0,-3.242257690E-1,7.673043823E0,6.643484802E0
5.083026458E0,-2.689906311E-1,7.976313171E0,6.423592072E0
5.102965458E0,-3.721261597E-1,8.247100067E0,6.392905884E0
5.122904458E0,-5.204676819E-1,8.392747192E0,6.465953979E0
5.142843458E0,-6.679110718E-1,8.359965363E0,6.548881531E0
5.162782458E0,-6.773414612E-1,8.222401428E0,6.349496155E0
5.182721458E0,-4.885839844E-1,8.375083923E0,6.252348175E0
5.202660458E0,-2.245330811E-1,8.744964752E0,6.550378418E0
5.222599458E0,-5.403762817E-2,8.943751373E0,6.760242004E0
5.242538458E0,1.826202393E-2,8.769364014E0,6.750212860E0
5.262477458E0,-1.008901978E-1,8.564889221E0,6.711593170E0
5.282416458E0,-1.986369324E-1,8.730894012E0,6.638245697E0
5.302355458E0,-1.812730408E-1,8.948990479E0,6.666686554E0
5.322294458E0,-1.670526123E-1,8.935817871E0,6.592740326E0
5.342233458E0,-2.824626160E-1,8.686735840E0,6.563251648E0
5.362172458E0,-3.743714905E-1,8.437504120E0,6.604416046E0
5.382111458E0,-4.626878357E-1,8.509953461E0,6.688690796E0
5.402050458E0,-4.772076416E-1,8.641230469E0,6.342011719E0
5.421990125E0,-5.560935974E-1,8.574768677E0,6.487509155E0
5.441929125E0,-6.342311096E-1,8.425229645E0,6.432573395E0
5.461868125E0,-6.701564026E-1,8.208330688E0,6.474037170E0
5.481807125E0,-6.147715759E-1,8.185877380E0,6.426735535E0
5.501746125E0,-4.746629333E-1,8.408763885E0,6.481820984E0
5.521685125E0,-3.790118408E-1,8.708740082E0,6.409072266E0
5.541624125E0,-4.607418823E-1,8.959917755E0,6.344706116E0
5.561563125E0,-5.004093933E-1,9.208700409E0,6.429429932E0
5.581502125E0,-4.116439819E-1,9.283245392E0,6.415658569E0
5.601441125E0,-3.516188049E-1,9.253307648E0,6.622528381E0
5.621380125E0,-4.556524658E-1,9.316476288E0,6.715934143E0
5.641319125E0,-4.761598206E-1,9.455088043E0,6.643035736E0
5.661258125E0,-1.441502380E-1,9.555828552E0,6.773115234E0
5.681197125E0,1.907034302E-1,9.432634735E0,7.188651123E0
5.701136125E0,2.448907471E-1,9.507179718E0,7.468718719E0
5.721075125E0,1.743873596E-1,9.436227264E0,7.301366730E0
5.741014125E0,2.839595032E-1,9.211843872E0,7.503895569E0
5.760953125E0,3.647914124E-1,9.147926788E0,7.301217041E0
5.780892125E0,1.392105103E-1,9.085356903E0,7.071295166E0
5.800831125E0,-2.182461548E-1,9.221124573E0,6.937024384E0
5.820770125E0,-3.290158081E-1,9.457333374E0,6.804849243E0
5.840709125E0,-2.540217590E-1,9.290280762E0,6.665039978E0
5.860648125E0,-3.670367432E-1,8.938063202E0,6.781797180E0
5.880587125E0,-5.185217285E-1,8.700357513E0,6.795718231E0
5.900526125E0,-3.951782227E-1,8.502618713E0,6.825955353E0
5.920465125E0,-1.056802368E-1,8.361462250E0,6.890171814E0
5.940404125E0,4.475692749E-2,8.340954895E0,6.980134735E0
5.960343125E0,3.293151855E-3,8.399782562E0,6.870562592E0
5.980282125E0,7.484436035E-3,8.517886963E0,6.638545074E0
6.000221125E0,-3.293151855E-3,8.622369690E0,6.689888306E0
6.020160125E0,-7.559280396E-2,8.551716614E0,6.610702972E0
6.040099125E0,-1.577719116E-1,8.383167114E0,6.535559235E0
6.060038125E0,-1.730401611E-1,8.319848785E0,6.483168182E0
6.079977125E0,-8.622070312E-2,8.270750885E0,6.470893707E0
6.099916125E0,-6.256988525E-2,8.247100067E0,6.532116394E0
6.119855125E0,1.347198486E-3,8.164621582E0,6.301595764E0
6.139794125E0,1.375639343E-1,8.134983215E0,6.094127197E0
6.159733125E0,1.321751404E-1,8.178692322E0,6.311175842E0
6.179672125E0,2.200424194E-2,8.073461151E0,6.026617584E0
6.199611125E0,1.362167358E-2,7.938441925E0,5.441484375E0
6.219550125E0,1.484912109E-1,7.826474762E0,5.399272156E0
6.239489125E0,3.947291565E-1,7.872578888E0,5.804629211E0
6.259428125E0,5.951623535E-1,7.917635193E0,6.194119263E0
6.279368125E0,6.884184265E-1,7.818391571E0,5.920188904E0
6.299307125E0,8.135581970E-1,7.703879700E0,5.581892395E0
6.319246125E0,9.370513916E-1,7.715106354E0,5.707630920E0
6.339185125E0,1.037492523E0,7.667804718E0,5.779331818E0
6.359124125E0,1.076112213E0,7.445067902E0,5.692063293E0
6.379063125E0,1.078806610E0,7.310647430E0,5.526657257E0
6.399002125E0,9.355545044E-1,7.446714478E0,5.794151001E0
6.418941125E0,7.340734863E-1,7.428153076E0,5.705535278E0
6.438880375E0,5.430706787E-1,7.033872986E0,5.246589661E0
6.458819375E0,5.557942200E-1,6.712940369E0,4.932393036E0
6.478758375E0,6.801855469E-1,6.871161346E0,5.197491760E0
6.498697375E0,8.493338013E-1,7.142397308E0,5.294040985E0
6.518636375E0,9.894424438E-1,7.073540497E0,4.954846344E0
6.538575375E0,1.098266144E0,6.900200958E0,4.963378601E0
6.558514375E0,1.049168243E0,6.895859985E0,5.307363281E0
6.578453375E0,8.866062927E-1,6.938970337E0,5.461542664E0
6.598392375E0,8.807684326E-1,6.687044220E0,5.504952393E0
6.618331375E0,1.039139099E0,6.283932495E0,5.502108307E0
6.638270375E0,1.182540894E0,6.034551086E0,5.124593353E0
6.658209375E0,1.207389221E0,6.009553070E0,5.006189575E0
6.678148375E0,1.065334625E0,6.219716034E0,5.235662384E0
6.698087375E0,8.931925964E-1,6.412215729E0,5.133424988E0
6.718026375E0,9.196875000E-1,6.463558960E0,5.035678253E0
6.737965375E0,1.047521667E0,6.422244873E0,5.576204224E0
6.757904375E0,1.265318756E0,6.311325531E0,5.892346802E0
6.777843375E0,1.489402771E0,6.121520233E0,5.968688049E0
6.797782375E0,1.599573669E0,5.965095520E0,6.122418365E0
6.817721375E0,1.760788422E0,5.908513184E0,6.197113037E0
6.837660375E0,2.011367340E0,5.997128906E0,6.313570862E0
6.857599375E0,2.235151978E0,6.099515991E0,6.524482269E0
6.877538375E0,2.276615753E0,6.168672180E0,6.766977997E0
6.897477375E0,2.146087189E0,6.121520233E0,6.870263214E0
6.917416375E0,2.077080688E0,5.984854431E0,6.832391968E0
6.937355375E0,2.069596252E0,5.960604858E0,7.039261780E0
6.957295375E0,2.090552673E0,6.160588989E0,7.239395599E0
6.977234375E0,2.177521820E0,6.458918610E0,7.322023773E0
6.997173375E0,2.278262329E0,6.623276825E0,7.401957550E0
7.017112375E0,2.329156494E0,6.547534332E0,7.302115173E0
7.037051375E0,2.193837891E0,6.452481995E0,7.306156769E0
7.056990375E0,2.089654541E0,6.382577362E0,7.455396423E0
7.076929375E0,2.092498627E0,6.339017944E0,7.327711945E0
7.096868375E0,2.241588593E0,6.289171600E0,7.267686768E0
7.116807375E0,2.393971710E0,6.212381287E0,7.309898987E0
7.136746375E0,2.499502258E0,6.103707275E0,7.337292023E0
7.156685375E0,2.503693542E0,6.118376770E0,7.441475372E0
7.176624375E0,2.417622528E0,6.243217163E0,7.373666382E0
7.196563375E0,2.342778168E0,6.233337708E0,7.260651398E0
7.216502375E0,2.216291199E0,6.153852997E0,7.294181671E0
7.236441375E0,2.146087189E0,6.174510040E0,7.179370422E0
7.256380375E0,2.211351471E0,6.274202728E0,7.229516144E0
7.276319375E0,2.367177429E0,6.291117554E0,7.347321167E0
7.296258375E0,2.470013580E0,6.300547943E0,7.464377747E0
7.316197375E0,2.515818329E0,6.322552185E0,7.484136658E0
7.336136375E0,2.487227783E0,6.364764404E0,7.343878326E0
7.356075375E0,2.429747314E0,6.338568878E0,7.208559723E0
7.376014375E0,2.302212524E0,6.345604248E0,7.164102173E0
7.395953375E0,2.155367889E0,6.396049347E0,7.130272522E0
7.415892375E0,2.080673218E0,6.399043121E0,7.004234619E0
7.435831708E0,2.082918549E0,6.345005493E0,7.022346954E0
7.455770708E0,2.120490417E0,6.245312805E0,7.057673492E0
7.475709708E0,2.173031158E0,6.283932495E0,7.140451355E0
7.495648708E0,2.177521820E0,6.458469543E0,7.172634430E0
7.515587708E0,2.166744232E0,6.468049622E0,7.139253845E0
7.535526708E0,2.134860535E0,6.364614716E0,7.201075287E0
7.555466708E0,2.073039093E0,6.372697906E0,7.223827972E0
7.575405708E0,2.089504852E0,6.457122345E0,7.211703186E0
7.595344708E0,2.187850342E0,6.375392303E0,7.192243652E0
7.615283708E0,2.256557465E0,6.188730469E0,7.218588867E0
7.635222708E0,2.206411743E0,6.091133423E0,7.159611511E0
7.655161708E0,2.219434662E0,6.046226807E0,7.088659058E0
7.675100708E0,2.229014740E0,6.052813110E0,6.972949677E0
7.695039708E0,2.212548981E0,6.151457977E0,6.731950836E0
7.714978708E0,2.179018707E0,6.347699890E0,6.859335938E0
7.734917708E0,2.050136719E0,6.417604523E0,6.777456207E0
7.754856708E0,1.952240295E0,6.232589264E0,6.579418030E0
7.774795708E0,1.930535431E0,6.100713501E0,6.726861420E0
7.794734708E0,1.941163330E0,6.161786499E0,6.874005432E0
7.814673708E0,1.999990997E0,6.189927979E0,6.938371582E0
7.834612708E0,2.100881195E0,6.110592957E0,6.892566833E0
7.854551708E0,2.190245361E0,6.102809143E0,6.757248230E0
7.874490708E0,2.045047302E0,6.222111053E0,6.512058105E0
7.894429708E0,1.815724182E0,6.415508881E0,6.210135956E0
7.914368708E0,1.767823792E0,6.557413788E0,6.089786224E0
7.934307708E0,1.855242004E0,6.208938446E0,5.810467072E0
7.954246708E0,1.769919434E0,5.907315674E0,5.732179871E0
7.974185708E0,1.510059814E0,6.203399963E0,6.054459686E0
7.994124708E0,1.471589813E0,6.388714600E0,6.020180969E0
8.014063708E0,1.496288452E0,6.026318207E0,5.747148743E0
8.034002708E0,1.499431915E0,5.675597534E0,5.598507843E0
8.053941708E0,1.428329773E0,5.631589050E0,5.502856750E0
8.073880708E0,1.206640778E0,5.845194855E0,5.650599518E0
8.093819708E0,1.060394897E0,6.048771515E0,5.516927490E0
8.113759708E0,1.037193146E0,6.059549103E0,5.343587952E0
8.133698708E0,1.043330383E0,6.162684631E0,5.307363281E0
8.153637708E0,1.004411316E0,6.438411255E0,5.110522614E0
8.173576708E0,7.659571838E-1,6.523733826E0,5.047952728E0
8.193515708E0,3.933819580E-1,6.640491028E0,5.117258606E0
8.213454708E0,1.402583313E-1,7.083270264E0,5.226231995E0
8.233393708E0,1.645079041E-1,7.273225250E0,5.182073822E0
8.253332708E0,1.140628052E-1,6.970554657E0,5.150040436E0
8.273271708E0,-9.744735718E-2,7.066505127E0,5.211861877E0
8.293210708E0,-2.395019531E-2,7.698790283E0,5.331313477E0
8.313149708E0,3.165916443E-1,8.030051422E0,5.708379364E0
8.333088708E0,4.656816101E-1,7.626640320E0,6.083648987E0
8.353027708E0,2.978805542E-1,7.368127899E0,6.256988525E0
8.372966708E0,5.358856201E-2,7.696994019E0,6.453978882E0
8.392905708E0,1.631607056E-2,8.152347107E0,6.115981750E0
8.412844708E0,1.978884888E-1,8.152047729E0,5.997128906E0
8.432783375E0,2.359094238E-1,7.836503906E0,6.100713501E0
8.452722375E0,-6.212081909E-2,8.071814575E0,6.039341125E0
8.472661375E0,-3.585044861E-1,8.645122375E0,6.209537201E0
8.492600375E0,-3.387455750E-1,8.863967285E0,6.138584747E0
8.512539375E0,-1.508862305E-1,8.554710388E0,6.050567780E0
8.532478375E0,-2.158511353E-1,8.515342255E0,5.886808319E0
8.552417375E0,-3.679348755E-1,8.809779968E0,5.892346802E0
8.572356375E0,-3.730242920E-1,8.865913239E0,5.799689484E0
8.592295375E0,-2.251318359E-1,8.672515411E0,5.901028748E0
8.612235375E0,-4.640350342E-2,8.511300659E0,6.408623199E0
8.632174375E0,3.382965088E-2,8.375682678E0,6.546336823E0
8.652113375E0,1.110690308E-1,8.409961395E0,6.468049622E0
8.672052375E0,2.573149109E-1,8.527766418E0,6.392307129E0
8.691991375E0,2.374063110E-1,8.804091797E0,6.163283386E0
8.711930375E0,1.372645569E-1,9.161847839E0,6.101611633E0
8.731869375E0,1.053808594E-1,9.200018463E0,6.075116730E0
8.751808375E0,2.918930054E-2,8.940607910E0,6.087391205E0
8.771747375E0,-8.098159790E-2,8.648415527E0,5.956712952E0
8.791686375E0,-1.366658020E-1,8.730145569E0,5.982459412E0
8.811625375E0,-4.460723877E-2,9.007668457E0,5.807922363E0
8.831564375E0,9.654922485E-2,9.100774841E0,5.773793335E0
8.851503375E0,2.529739380E-2,9.048982544E0,5.831423492E0
8.871442375E0,-1.917512512E-1,8.946894836E0,5.711073761E0
8.891381375E0,-2.026785278E-1,8.949140167E0,5.716612244E0
8.911320375E0,-1.080752563E-1,8.838071136E0,5.769452362E0
8.931259375E0,-9.460327148E-2,8.889414368E0,5.889203339E0
8.951198375E0,-1.365161133E-1,9.069789276E0,5.788462830E0
8.971137375E0,-1.923500061E-1,9.125922546E0,6.029012604E0
8.991076375E0,-2.547702026E-1,9.273964691E0,5.919590149E0
9.011015375E0,-3.248245239E-1,9.389524384E0,5.904920654E0
9.030954375E0,-2.637515259E-1,9.483079834E0,6.001918945E0
9.050893375E0,-2.267784119E-1,9.509724426E0,5.904022522E0
9.070832375E0,-2.772235107E-1,9.514364777E0,5.993985443E0
9.090771375E0,-2.763253784E-1,9.596992950E0,6.180048523E0
9.110711375E0,-1.351689148E-1,9.587113495E0,6.250402222E0
9.130650375E0,-6.825805664E-2,9.494456177E0,6.373446350E0
9.150589375E0,-1.287322998E-2,9.490115204E0,6.397845612E0
9.170528375E0,1.005908203E-1,9.543404388E0,6.401288452E0
9.190467375E0,1.546284485E-1,9.527986450E0,6.243965607E0
9.210406375E0,1.749861145E-1,9.394613800E0,6.299051056E0
9.230345375E0,1.624122620E-1,9.813592529E0,6.314468994E0
9.250284375E0,2.288740540E-1,9.657467194E0,6.309379578E0
9.270223375E0,2.508782959E-1,9.352850647E0,6.312672729E0
9.290162375E0,2.710862732E-1,9.273365936E0,6.275549927E0
9.310101375E0,2.877017212E-1,9.280550995E0,6.285579071E0
9.330040375E0,3.017724609E-1,9.246122589E0,6.272107086E0
9.349979375E0,2.881507874E-1,9.309440918E0,6.208639069E0
9.369918375E0,3.887416077E-1,9.476044464E0,6.373895416E0
9.389857375E0,3.842509460E-1,9.551786957E0,6.437213745E0
9.409796375E0,3.243754578E-1,9.486522675E0,6.360273743E0
9.429735208E0,2.649490356E-1,9.288185120E0,6.359076233E0
9.449674208E0,2.065704346E-1,9.064999237E0,6.167175293E0
9.469613208E0,1.526824951E-1,8.985963593E0,6.206693115E0
9.489552208E0,1.591191101E-1,8.940158844E0,6.179000702E0
9.509491208E0,1.992356873E-1,8.704548798E0,6.138135681E0
9.529430208E0,1.814227295E-1,8.457712097E0,6.064937897E0
9.549370208E0,1.947450256E-1,8.320148163E0,5.583239594E0
9.569309208E0,1.932481384E-1,8.382867737E0,5.730982361E0
9.589248208E0,1.634600830E-1,8.357720032E0,5.803880768E0
9.609187208E0,6.750961304E-2,8.035140839E0,5.694158936E0
9.629126208E0,1.152603149E-1,7.785609741E0,5.660628662E0
9.649065208E0,2.673440552E-1,7.672295380E0,5.789211273E0
9.669004208E0,3.785627747E-1,7.595056000E0,5.897136841E0
9.688943208E0,4.340972900E-1,7.578590240E0,5.824986877E0
9.708882208E0,4.264631653E-1,7.611970825E0,5.763464813E0
9.728821208E0,3.640429688E-1,7.617808685E0,5.775888977E0
9.748760208E0,3.528163147E-1,7.593110046E0,5.843099213E0
9.768699208E0,4.834945679E-1,7.590715027E0,5.727689209E0
9.788638208E0,6.912625122E-1,7.424560547E0,5.677543488E0
9.808577208E0,8.900491333E-1,7.311695251E0,5.632038116E0
9.828516208E0,9.680369568E-1,7.267237701E0,5.862409058E0
9.848455208E0,8.825646973E-1,7.306456146E0,5.935008087E0
9.868394208E0,8.023315430E-1,7.273225250E0,5.738616486E0
9.888333208E0,8.372090149E-1,7.074588318E0,5.512586517E0
9.908272208E0,8.412506104E-1,6.837631073E0,5.703289948E0
9.928211208E0,7.840695190E-1,6.763984222E0,5.876479797E0
9.948151208E0,7.954458618E-1,6.883884888E0,5.878575439E0
9.968090208E0,8.828640747E-1,6.920558624E0,5.576503601E0
9.988029208E0,1.040037231E0,6.903943176E0,5.483696594E0
1.000796821E1,1.075513458E0,7.063211975E0,5.550457764E0
1.002790721E1,1.049617310E0,7.178472290E0,5.705385590E0
1.004784621E1,1.040186920E0,7.005432129E0,5.645959167E0
1.006778521E1,9.515711975E-1,6.770869904E0,5.243595886E0
1.008772421E1,8.777746582E-1,6.718628540E0,5.310357056E0
1.010766321E1,8.774752808E-1,6.582411804E0,5.332960052E0
1.012760221E1,8.918453979E-1,6.363117828E0,5.320236511E0
1.014754121E1,7.719447327E-1,6.150110779E0,5.680088196E0
1.016748021E1,7.116201782E-1,6.166875916E0,5.486091614E0
1.018741921E1,7.699987793E-1,6.334676971E0,5.516478424E0
1.020735821E1,9.056167603E-1,6.445596313E0,5.707181854E0
1.022729721E1,1.138083344E0,6.502627716E0,5.984704742E0
1.024723621E1,1.309776306E0,6.470294952E0,6.024372253E0
1.026717521E1,1.477128296E0,6.427034912E0,6.155499573E0
1.028711421E1,1.661395111E0,6.454877014E0,6.293063507E0
1.030705321E1,1.846110992E0,6.656358032E0,6.187083893E0
1.032699221E1,1.967957611E0,6.872658234E0,6.168073425E0
1.034693221E1,2.045496368E0,6.762337646E0,6.115832062E0
1.036687121E1,2.025737457E0,6.433471527E0,6.025420074E0
1.038681021E1,2.014061737E0,6.118077393E0,6.217919769E0
1.040674921E1,2.036964111E0,5.862558746E0,6.298152924E0
1.042668883E1,2.203417969E0,5.786666565E0,6.612199860E0
1.044662783E1,2.425855408E0,6.043083344E0,6.880741425E0
1.046656683E1,2.624492340E0,6.319259033E0,7.150330811E0
1.048650583E1,2.722538452E0,6.245911560E0,6.922055511E0
1.050644483E1,2.647694092E0,5.946384430E0,6.756050720E0
1.052638383E1,2.453847198E0,5.818400574E0,6.862928467E0
1.054632283E1,2.355801086E0,6.133794708E0,7.202572174E0
1.056626183E1,2.453248444E0,6.328539734E0,7.383096771E0
1.058620083E1,2.636168060E0,6.179898834E0,7.395071869E0
1.060613983E1,2.796334991E0,6.070027313E0,7.373067627E0
1.062607883E1,2.924917603E0,6.216273193E0,7.285799103E0
1.064601783E1,2.907853088E0,6.489604797E0,7.345075836E0
1.066595683E1,2.839445343E0,6.569837952E0,7.314389648E0
1.068589683E1,2.712060242E0,6.504873047E0,7.197482758E0
1.070583583E1,2.628533936E0,6.394851837E0,7.184908905E0
1.072577483E1,2.598296814E0,6.360872498E0,7.271878052E0
1.074571383E1,2.636018372E0,6.422993317E0,6.944957886E0
1.076565283E1,2.666854248E0,6.549031219E0,6.836134186E0
1.078559183E1,2.614163818E0,6.638844452E0,6.946604462E0
1.080553083E1,2.426603851E0,6.647227020E0,6.889423370E0
1.082546983E1,2.321522369E0,6.572981415E0,6.748865662E0
1.084540883E1,2.305655365E0,6.539451141E0,6.722370758E0
1.086534783E1,2.217039642E0,6.514902191E0,6.890770569E0
1.088528683E1,2.185305634E0,6.445746002E0,6.960226135E0
1.090522583E1,2.323019257E0,6.420149231E0,7.048991547E0
1.092516483E1,2.496358795E0,6.414910126E0,7.115004272E0
1.094510383E1,2.556683350E0,6.488856354E0,7.059170380E0
1.096504283E1,2.499651947E0,6.595135345E0,6.954088898E0
1.098498183E1,2.411185913E0,6.624773712E0,6.790778503E0
1.100492083E1,2.306703186E0,6.608307953E0,6.849755859E0
1.102486083E1,2.239942017E0,6.530020752E0,6.844666443E0
1.104479983E1,2.297422485E0,6.443350983E0,6.758146362E0
1.106473883E1,2.416425018E0,6.467450867E0,6.845564575E0
1.108467783E1,2.538571014E0,6.540798340E0,6.997798004E0
1.110461683E1,2.666405182E0,6.620133362E0,7.022496643E0
1.112455583E1,2.747087402E0,6.682104492E0,7.136110382E0
1.114449483E1,2.789149933E0,6.529421997E0,7.192093964E0
1.116443383E1,2.750530243E0,6.290219421E0,7.145690460E0
1.118437283E1,2.719844055E0,6.306685181E0,7.248376923E0
1.120431183E1,2.769391022E0,6.355184326E0,7.402556305E0
1.122425083E1,2.822380829E0,6.153403931E0,7.489375763E0
1.124418983E1,2.845133514E0,5.860463104E0,7.398215332E0
1.126412883E1,2.788401489E0,5.761069794E0,7.052284698E0
1.128406783E1,2.599045258E0,6.017785950E0,6.726262665E0
1.130400683E1,2.347268829E0,6.375242615E0,6.546037445E0
1.132394583E1,2.151925049E0,6.471043396E0,6.542594604E0
1.134388483E1,1.963167572E0,6.274502106E0,6.212231598E0
1.136382483E1,1.826501770E0,6.180497589E0,6.108946381E0
1.138376383E1,1.783990173E0,6.343807983E0,6.240522766E0
1.140370283E1,1.714983673E0,6.410269775E0,6.072422333E0
1.142364183E1,1.530267792E0,6.143075409E0,5.718558197E0
1.144358025E1,1.341360626E0,5.767805786E0,5.447471924E0
1.146351925E1,1.283131714E0,5.623954926E0,5.337600403E0
1.148345825E1,1.460961914E0,5.864055634E0,5.397625580E0
1.150339725E1,1.808239746E0,6.108347626E0,5.348527679E0
1.152333625E1,2.141446838E0,6.032305756E0,5.631139984E0
1.154327525E1,2.176923065E0,6.003266144E0,5.954617310E0
1.156321425E1,2.012864227E0,6.238127747E0,6.065686340E0
1.158315325E1,1.886676636E0,6.329587555E0,5.936504974E0
1.160309225E1,1.819616089E0,6.027066650E0,5.921236725E0
1.162303125E1,1.609004059E0,5.831872559E0,5.808221741E0
1.164297025E1,1.444047089E0,5.979166260E0,5.440436554E0
1.166290925E1,1.395547943E0,6.236780548E0,5.390889587E0
1.168284925E1,1.267264709E0,6.297554169E0,5.522316284E0
1.170278825E1,1.091230774E0,6.230643311E0,5.463189240E0
1.172272725E1,9.752220154E-1,6.073170776E0,5.240901489E0
1.174266625E1,9.827064514E-1,6.208489380E0,5.420677643E0
1.176260525E1,1.155147858E0,6.674170990E0,5.622757416E0
1.178254425E1,1.288670197E0,6.918163605E0,5.952521667E0
1.180248325E1,1.394350433E0,6.798412628E0,6.349047089E0
1.182242225E1,1.642234955E0,6.767726440E0,6.584806824E0
1.184236125E1,1.911974030E0,6.903643799E0,6.775360565E0
1.186230025E1,2.052082672E0,7.074738007E0,6.961573334E0
1.188223925E1,1.981579285E0,7.166646881E0,6.809639282E0
1.190217825E1,1.903591461E0,7.102580109E0,6.489006042E0
1.192211725E1,1.759441223E0,7.153174896E0,6.466103668E0
1.194205625E1,1.447040863E0,7.549400940E0,6.116580505E0
1.196199525E1,1.112636261E0,7.964338074E0,5.666616211E0
1.198193425E1,9.818083191E-1,8.121960297E0,5.679339752E0
1.200187425E1,1.016835480E0,7.929310913E0,6.302344208E0
1.202181325E1,1.140328674E0,7.542964325E0,6.327192535E0
1.204175225E1,1.302591248E0,7.666457520E0,5.598058777E0
1.206169125E1,1.551224213E0,8.328231354E0,5.819298706E0
1.208163025E1,1.585053864E0,8.759783936E0,6.077960815E0
1.210156925E1,1.557062073E0,8.574319611E0,5.876030731E0
1.212150825E1,1.478325806E0,8.467142487E0,5.968987427E0
1.214144725E1,1.494192810E0,8.763526154E0,6.212530975E0
1.216138625E1,1.723815308E0,9.035061493E0,6.297404480E0
1.218132525E1,1.840572510E0,8.992400208E0,6.207591248E0
1.220126425E1,1.739832001E0,8.677155762E0,5.971681824E0
1.222120325E1,1.579665070E0,8.692274323E0,6.077811127E0
1.224114225E1,1.729653168E0,8.893905029E0,6.126310272E0
1.226108125E1,1.897154846E0,8.917406158E0,6.202202454E0
1.228102025E1,1.915716248E0,8.917855225E0,6.033353577E0
1.230095925E1,1.775308228E0,8.964258728E0,6.007307739E0
1.232089925E1,1.551822968E0,8.955876160E0,6.068680115E0
1.234083825E1,1.477277985E0,8.901090088E0,6.000871124E0
1.236077725E1,1.598376160E0,8.909472656E0,6.014193420E0
1.238071625E1,1.522783356E0,9.006021881E0,5.849835205E0
1.240065525E1,1.285526733E0,9.072932739E0,5.621260529E0
1.242059425E1,1.147663422E0,9.116791534E0,5.632038116E0
1.244053396E1,1.101409607E0,9.151669006E0,5.674549713E0
1.246047296E1,1.267713776E0,9.099128265E0,5.722599792E0
1.248041196E1,1.431173859E0,9.092392273E0,5.782774658E0
1.250035096E1,1.343156891E0,9.082063751E0,5.833070068E0
1.252028996E1,1.252894592E0,9.106463013E0,5.593568115E0
1.254022896E1,1.281485138E0,9.200467529E0,5.616320801E0
1.256016796E1,1.219663696E0,9.364526367E0,5.776487732E0
1.258010696E1,1.150507507E0,9.370813293E0,5.717660065E0
1.260004596E1,1.233135681E0,9.308542786E0,5.914650421E0
1.261998596E1,1.461261292E0,9.242380371E0,6.188580780E0
1.263992496E1,1.616338806E0,9.229207764E0,6.358776855E0
1.265986396E1,1.556463318E0,9.193282471E0,6.248605957E0
1.267980296E1,1.422641602E0,9.268575897E0,6.096372528E0
1.269974196E1,1.330583038E0,9.363029480E0,5.934559021E0
1.271968096E1,1.359922028E0,9.298663330E0,5.880820770E0
1.273961996E1,1.521436157E0,9.178463287E0,6.137686615E0
1.275955896E1,1.607656860E0,8.987310791E0,6.105653229E0
1.277949796E1,1.617985382E0,8.925339661E0,6.242618408E0
1.279943696E1,1.599723358E0,9.007518768E0,6.124813385E0
1.281937596E1,1.559756470E0,9.045090637E0,6.091582489E0
1.283931496E1,1.364712067E0,8.916957092E0,5.927523651E0
1.285925396E1,1.218316498E0,8.924890594E0,5.580245819E0
1.287919296E1,1.385219421E0,9.032367096E0,5.466482391E0
1.289913196E1,1.558858337E0,9.133406982E0,5.877527618E0
1.291907196E1,1.597927094E0,9.122479706E0,5.846242676E0
1.293901096E1,1.626667328E0,9.041647797E0,5.882617035E0
1.295894996E1,1.594933319E0,8.974437561E0,5.934858398E0
1.297888896E1,1.523232422E0,8.967851257E0,5.924679565E0
1.299882796E1,1.504521332E0,8.909322968E0,5.900729370E0
1.301876696E1,1.512754211E0,8.889414368E0,6.018085327E0
1.303870596E1,1.567091217E0,8.937614136E0,6.035598907E0
1.305864496E1,1.651066589E0,8.828940125E0,5.989644470E0
1.307858396E1,1.608405304E0,8.852890320E0,5.960155792E0
1.309852296E1,1.597627716E0,8.838819580E0,5.802533569E0
1.311846196E1,1.599573669E0,8.740025024E0,5.916746063E0
1.313840096E1,1.566492462E0,8.698112183E0,5.716911621E0
1.315833996E1,1.539698181E0,8.650810547E0,5.554199982E0
1.317827896E1,1.525627441E0,8.579109650E0,5.549409943E0
1.319821896E1,1.470541992E0,8.614585876E0,5.646707611E0
1.321815796E1,1.460662537E0,8.492888947E0,5.689668274E0
1.323809696E1,1.506616974E0,8.346643066E0,5.617368622E0
1.325803596E1,1.511556702E0,8.386909332E0,5.568420410E0
1.327797496E1,1.511556702E0,8.425529022E0,5.512436829E0
1.329791396E1,1.412013702E0,8.391100616E0,5.450166321E0
1.331785296E1,1.170565796E0,8.237070923E0,5.466183014E0
1.333779196E1,9.803114319E-1,7.942483521E0,5.183870087E0
1.335773096E1,9.469308472E-1,7.821684723E0,5.133574677E0
1.337766996E1,1.018931122E0,7.976313171E0,5.328918457E0
1.339760896E1,1.153201904E0,7.967182159E0,5.227878571E0
1.341754796E1,1.256936188E0,7.742349701E0,5.095703430E0
1.343748687E1,1.418300629E0,7.542964325E0,5.114564209E0
1.345742587E1,1.597777405E0,7.383695526E0,5.103187866E0
1.347736487E1,1.690434723E0,7.266788635E0,5.200036469E0
1.349730487E1,1.729204102E0,7.351063385E0,5.149441681E0
1.351724387E1,1.623074799E0,7.450606384E0,5.249134369E0
1.353718287E1,1.293310547E0,7.280260620E0,4.974754944E0
1.355712187E1,1.066382446E0,6.966363373E0,4.676275635E0
1.357706087E1,9.819580078E-1,6.756200409E0,4.655618591E0
1.359699987E1,1.073866882E0,6.742429047E0,5.109325104E0
1.361693887E1,1.190474396E0,6.802454224E0,5.190606079E0
1.363687787E1,1.353036346E0,6.705755310E0,5.148244171E0
1.365681687E1,1.472937012E0,6.690487061E0,5.106630707E0
1.367675587E1,1.577419739E0,6.732848969E0,4.890330505E0
1.369669487E1,1.585652618E0,6.688241730E0,5.092110901E0
1.371663387E1,1.502425690E0,6.519093475E0,5.264402618E0
1.373657287E1,1.359922028E0,6.332880707E0,5.419929199E0
1.375651187E1,1.321302338E0,6.274651794E0,5.518424377E0
1.377645187E1,1.439107361E0,6.317612457E0,5.615572357E0
1.379639087E1,1.682052155E0,6.418352966E0,5.786816254E0
1.381632987E1,1.902992706E0,6.421496429E0,5.755830688E0
1.383626887E1,2.071242828E0,6.504423981E0,5.812862091E0
1.385620787E1,2.192790070E0,6.609056396E0,5.854325867E0
1.387614687E1,2.217937775E0,6.645281067E0,5.902525635E0
1.389608587E1,2.260898438E0,6.683900757E0,6.030060425E0
1.391602487E1,2.323019257E0,6.593937836E0,6.099216614E0
1.393596387E1,2.363584900E0,6.253545685E0,6.226901093E0
1.395590287E1,2.443069611E0,6.037844238E0,6.419999542E0
1.397584187E1,2.606380005E0,6.216123505E0,6.556815033E0
1.399578087E1,2.785407715E0,6.526727600E0,6.552324371E0
1.401571987E1,2.947670288E0,6.532116394E0,6.723119202E0
1.403565987E1,3.015030212E0,6.306984558E0,7.033573608E0
1.405559887E1,2.990630951E0,6.133195953E0,6.962770844E0
1.407553787E1,2.908002777E0,6.089786224E0,6.756050720E0
1.409547687E1,2.805316315E0,6.248605957E0,6.756350098E0
1.411541587E1,2.765798492E0,6.412365417E0,6.912176056E0
1.413535487E1,2.775228882E0,6.397546234E0,6.859934692E0
1.415529387E1,2.819836121E0,6.488257599E0,6.801556091E0
1.417523287E1,2.859054565E0,6.664890289E0,6.715784454E0
1.419517187E1,2.825823669E0,6.692283325E0,6.621031494E0
1.421511087E1,2.732268219E0,6.688541107E0,6.592141571E0
1.423504987E1,2.630629578E0,6.616840210E0,6.547833710E0
1.425498887E1,2.679128723E0,6.540798340E0,6.429729309E0
1.427492787E1,2.858156433E0,6.622229004E0,6.717431030E0
1.429486787E1,3.045866089E0,6.622678070E0,6.832242279E0
1.431480687E1,3.145109711E0,6.420149231E0,6.832092590E0
1.433474587E1,3.198548584E0,6.266867981E0,6.936874695E0
1.435468487E1,3.229085083E0,6.246510315E0,6.891069946E0
1.437462387E1,3.235072632E0,6.365213470E0,6.968459015E0
1.439456287E1,3.167113953E0,6.505771179E0,6.853947144E0
1.441450187E1,3.077450409E0,6.456523590E0,6.806346130E0
1.443444046E1,3.058739319E0,6.354735260E0,6.794969788E0
1.445437946E1,3.104244690E0,6.383924561E0,6.864125977E0
1.447431846E1,3.140169983E0,6.492299194E0,6.888076172E0
1.449425746E1,3.119063873E0,6.377038879E0,6.817423096E0
1.451419646E1,3.069067841E0,6.249354401E0,6.678362274E0
1.453413546E1,3.041375427E0,6.327791290E0,6.881340179E0
1.455407546E1,3.010090485E0,6.388415222E0,6.931036835E0
1.457401446E1,3.050356750E0,6.289171600E0,6.872658234E0
1.459395346E1,3.052901459E0,6.263125763E0,6.801705780E0
1.461389246E1,3.002606049E0,6.362968140E0,6.795718231E0
1.463383146E1,2.964136047E0,6.452032928E0,6.910379791E0
1.465377046E1,2.968926086E0,6.418352966E0,6.816075897E0
1.467370946E1,2.978356476E0,6.283184052E0,6.786437531E0
1.469364846E1,2.945125580E0,6.331533508E0,6.853348389E0
1.471358746E1,2.927911377E0,6.423143005E0,6.951095123E0
1.473352646E1,2.961591339E0,6.399192810E0,6.914421387E0
1.475346546E1,2.949167175E0,6.315816193E0,6.954987030E0
1.477340446E1,2.864293671E0,6.238726501E0,6.972350922E0
1.479334446E1,2.818937988E0,6.143225098E0,7.040758667E0
1.481328346E1,2.748883667E0,6.011049957E0,7.127278748E0
1.483322246E1,2.686912537E0,5.926475830E0,6.954388275E0
1.485316146E1,2.784060516E0,5.884862366E0,7.116351471E0
1.487310046E1,2.842588806E0,5.920039215E0,7.011269989E0
1.489303946E1,2.723286896E0,6.071374512E0,6.716083832E0
1.491297846E1,2.530787201E0,6.376290436E0,6.663094025E0
1.493291746E1,2.437231750E0,6.556815033E0,6.665788422E0
1.495285646E1,2.414479065E0,6.537505188E0,6.557114410E0
1.497279546E1,2.477198639E0,6.331683197E0,6.510710907E0
1.499273446E1,2.576292572E0,6.129603424E0,6.491700439E0
1.501267346E1,2.628833313E0,6.031707001E0,6.418652344E0
1.503261246E1,2.616109772E0,6.022126923E0,6.424190826E0
1.505255246E1,2.599045258E0,5.879024506E0,6.402036896E0
1.507249146E1,2.627785492E0,5.320835266E0,5.979615326E0
1.509243046E1,2.628084869E0,4.833897858E0,5.520370331E0
1.511236946E1,2.430495758E0,4.893923035E0,5.488486633E0
1.513230846E1,2.145189056E0,5.384303284E0,5.630990295E0
1.515224746E1,2.163750458E0,5.461692352E0,5.456303558E0
1.517218646E1,2.203268280E0,5.261259155E0,5.370980988E0
1.519212546E1,1.989213409E0,5.361550598E0,5.422324219E0
1.521206446E1,1.854942627E0,5.720653839E0,5.201084290E0
1.523200346E1,1.839824066E0,6.017636261E0,5.233866119E0
1.525194246E1,1.737137604E0,6.157595215E0,5.311404877E0
1.527188146E1,1.614093475E0,6.181545410E0,5.063670044E0
1.529182146E1,1.505120087E0,6.389163666E0,4.789739685E0
1.531176046E1,1.322499847E0,6.971153412E0,5.038222961E0
1.533169946E1,1.190773773E0,7.599396973E0,5.594466248E0
1.535163846E1,1.151854706E0,7.649692383E0,5.696404266E0
1.537157746E1,1.169218597E0,7.231611786E0,5.294789429E0
1.539151646E1,1.200653229E0,6.864275665E0,4.881648560E0
1.541145546E1,1.135239258E0,7.177125092E0,5.160967712E0
1.543139446E1,8.113128662E-1,7.801027679E0,5.226681061E0
1.545133346E1,5.291496277E-1,8.019573212E0,5.032983856E0
1.547127246E1,2.945874023E-1,7.877518616E0,5.291496277E0
1.549121146E1,3.293151855E-3,7.935597839E0,5.598058777E0
1.551115046E1,-1.986369324E-1,8.172854462E0,5.448070679E0
1.553109046E1,-2.694396973E-1,8.353977814E0,5.400319977E0
1.555102946E1,-1.784289551E-1,8.452922058E0,5.294190674E0
1.557096846E1,-7.873626709E-2,8.493338013E0,5.306465149E0
1.559090746E1,-1.758842468E-1,8.622220001E0,5.463338928E0
1.561084646E1,-2.580633545E-1,8.850794678E0,5.628744965E0
1.563078546E1,-1.469943237E-1,8.872050476E0,5.416037292E0
1.565072446E1,-8.517288208E-2,8.719068604E0,5.251230011E0
1.567066346E1,-1.410067749E-1,8.943751373E0,4.989424438E0
1.569060246E1,-5.748046875E-2,9.596992950E0,5.141208801E0
1.571054146E1,2.543211365E-1,9.968220978E0,5.812562714E0
1.573048046E1,4.519102478E-1,9.608668671E0,5.886508942E0
1.575041946E1,2.987786865E-1,9.054071960E0,5.860762482E0
1.577035946E1,1.866618347E-1,9.091643829E0,5.744903412E0
1.579029846E1,3.617976379E-1,9.647288361E0,5.621559906E0
1.581023746E1,5.278024292E-1,9.715097351E0,5.834866333E0
1.583017646E1,5.451663208E-1,9.187145233E0,6.050567780E0
1.585011546E1,4.089495850E-1,8.782386932E0,6.039191437E0
1.587005446E1,3.278182983E-1,8.781189423E0,5.872438202E0
1.588999346E1,4.989125061E-1,9.043743439E0,5.844745789E0
1.590993246E1,7.619155884E-1,9.202862549E0,5.992488556E0
1.592987146E1,7.729925537E-1,9.120833130E0,6.011648712E0
1.594981046E1,6.230044556E-1,9.048084412E0,5.988446960E0
1.596974946E1,5.739065552E-1,9.124425659E0,6.041287079E0
1.598968846E1,5.827381897E-1,9.032067719E0,6.240971832E0
1.600962846E1,5.816903687E-1,8.893755341E0,6.078260193E0
1.602956746E1,6.200106812E-1,8.882229309E0,6.084397430E0
1.604950646E1,5.040019226E-1,9.175918579E0,6.139333191E0
1.606944546E1,4.150868225E-1,9.262738037E0,6.001469879E0
1.608938446E1,4.258644104E-1,9.101223907E0,6.055357819E0
1.610932346E1,5.858816528E-1,9.289981384E0,6.098617859E0
1.612926246E1,6.668632507E-1,9.478140106E0,6.141877899E0
1.614920146E1,6.369255066E-1,9.364975433E0,6.353837128E0
1.616914046E1,6.686595154E-1,9.227411499E0,6.338119812E0
1.618907946E1,8.107141113E-1,9.283095703E0,6.422544250E0
1.620901846E1,9.404942322E-1,9.344168701E0,6.453978882E0
1.622895846E1,9.217831421E-1,9.286538544E0,6.446494446E0
1.624889746E1,8.592132568E-1,9.325756989E0,6.445895691E0
1.626883646E1,8.454418945E-1,9.443861389E0,6.530320129E0
1.628877546E1,8.644523621E-1,9.303453369E0,6.707850952E0
1.630871446E1,8.222401428E-1,9.191186829E0,6.851252747E0
1.632865346E1,7.599696350E-1,9.308991852E0,6.593488770E0
1.634859246E1,8.921447754E-1,9.433383179E0,6.556365967E0
1.636853146E1,9.389973450E-1,9.446855164E0,6.536607056E0
1.638847046E1,8.466394043E-1,9.364077301E0,6.423741760E0
1.640840946E1,8.526269531E-1,9.245224457E0,6.330635376E0
1.642834846E1,8.490344238E-1,9.130263519E0,6.164181519E0
1.644828908E1,8.720864868E-1,9.038204956E0,6.137237549E0
1.646822808E1,9.099577332E-1,8.952583008E0,6.087840271E0
1.648816708E1,8.491841125E-1,8.822653198E0,6.153254242E0
1.650810608E1,7.650590515E-1,8.806037750E0,5.928421783E0
1.652804508E1,8.158035278E-1,8.859925690E0,5.677693176E0
1.654798408E1,9.277706909E-1,8.762927399E0,5.853727112E0
1.656792308E1,8.165519714E-1,8.602910156E0,6.037844238E0
1.658786208E1,6.203100586E-1,8.544980621E0,6.052962799E0
1.660780108E1,5.596861267E-1,8.658594360E0,5.729186096E0
1.662774008E1,7.747888184E-1,8.790769501E0,5.772446136E0
1.664767908E1,1.010698242E0,8.855734406E0,5.760321350E0
1.666761908E1,1.098565521E0,8.798553314E0,5.615722046E0
1.668755808E1,1.109792175E0,8.620124359E0,5.674400024E0
1.670749708E1,1.156794434E0,8.506510620E0,5.788013763E0
1.672743608E1,1.234632568E0,8.342601471E0,5.614075470E0
1.674737508E1,1.300944672E0,8.315058746E0,5.648354187E0
1.676731408E1,1.300345917E0,8.253686371E0,5.748945007E0
1.678725308E1,1.366807709E0,7.993527374E0,5.690117340E0
1.680719208E1,1.347348175E0,7.739954681E0,5.552254028E0
1.682713108E1,1.186432800E0,7.681276703E0,5.490432587E0
1.684707008E1,1.026265869E0,7.729775848E0,5.272785187E0
1.686700908E1,9.303153992E-1,7.596103821E0,5.137466583E0
1.688694908E1,8.562194824E-1,7.540569305E0,5.189857635E0
1.690688808E1,8.774752808E-1,7.419471130E0,5.119953003E0
1.692682708E1,9.666897583E-1,7.192992096E0,4.962929535E0
1.694676608E1,1.071322174E0,7.143145752E0,4.962779846E0
1.696670508E1,1.244961090E0,7.392227783E0,5.154680786E0
1.698664408E1,1.453477478E0,7.659272461E0,5.387147369E0
1.700658308E1,1.648821259E0,7.652835846E0,5.358257446E0
1.702652208E1,1.828447723E0,7.475005646E0,5.367987213E0
1.704646108E1,1.900148621E0,7.480394440E0,5.246889038E0
1.706640008E1,1.877994690E0,7.719746704E0,5.432802429E0
1.708633908E1,1.883383484E0,7.839946747E0,5.702092438E0
1.710627908E1,1.893262939E0,7.808661804E0,5.597609711E0
1.712621808E1,1.905537415E0,7.581134949E0,5.132975922E0
1.714615708E1,1.804198151E0,7.373816071E0,5.081932068E0
1.716609608E1,1.642833710E0,7.271578674E0,5.280718689E0
1.718603508E1,1.495090942E0,7.134763184E0,5.305117950E0
1.720597408E1,1.474134521E0,6.866520996E0,5.129982147E0
1.722591308E1,1.548380127E0,6.558611298E0,5.040617981E0
1.724585208E1,1.599124603E0,6.411467285E0,5.104085999E0
1.726579108E1,1.602717133E0,6.565197601E0,5.281018066E0
1.728573008E1,1.612297211E0,7.000043335E0,5.372028809E0
1.730567008E1,1.702709198E0,7.145690460E0,5.322481842E0
1.732560908E1,1.828298035E0,6.806944885E0,5.174589386E0
1.734554808E1,1.911524963E0,6.394402771E0,5.098697205E0
1.736548708E1,1.906435547E0,6.166726227E0,5.107678528E0
1.738542608E1,1.875150604E0,6.223009186E0,5.153183899E0
1.740536508E1,1.861528931E0,6.576124878E0,5.228177948E0
1.742530408E1,1.928739166E0,6.775809631E0,5.531447296E0
1.744524283E1,2.078577576E0,6.529421997E0,5.762866058E0
1.746518183E1,2.455793152E0,6.267915802E0,6.043233032E0
1.748512083E1,2.809956665E0,6.220015411E0,6.497388611E0
1.750505983E1,2.984344025E0,6.380481720E0,6.872358856E0
1.752499983E1,2.987188110E0,6.550079041E0,6.925049286E0
1.754493883E1,2.856958923E0,6.364764404E0,6.754404144E0
1.756487783E1,2.562970276E0,6.142626343E0,6.751110992E0
1.758481683E1,2.239792328E0,6.241121521E0,6.884333954E0
1.760475583E1,2.132465515E0,6.485563202E0,7.077133026E0
1.762469483E1,2.184407501E0,6.385421448E0,7.008874969E0
1.764463383E1,2.256856842E0,6.031707001E0,6.930587769E0
1.766457283E1,2.214345245E0,5.784720612E0,6.982080688E0
1.768451183E1,2.137554932E0,5.757477264E0,6.977440338E0
1.770445083E1,2.084714813E0,5.858367462E0,6.957382050E0
1.772439083E1,2.014660492E0,5.878276062E0,7.108567657E0
1.774432983E1,2.076032867E0,5.858816528E0,7.074738007E0
1.776426883E1,2.286046143E0,5.943390656E0,7.305108948E0
1.778420783E1,2.443219299E0,6.156846771E0,7.261250153E0
1.780414683E1,2.632425842E0,6.364315338E0,7.173083496E0
1.782408583E1,2.880909119E0,6.445596313E0,7.412735138E0
1.784402483E1,3.062182159E0,6.288273468E0,7.330705719E0
1.786396383E1,2.982248383E0,6.084696808E0,7.179819489E0
1.788390283E1,2.808609467E0,6.106701050E0,7.159761200E0
1.790384183E1,2.715952148E0,6.242768097E0,7.134912872E0
1.792378183E1,2.787653046E0,6.213878174E0,7.179071045E0
1.794372083E1,2.862048340E0,6.061644745E0,7.158713379E0
1.796365983E1,2.837948456E0,6.023773499E0,7.157964935E0
1.798359883E1,2.745141449E0,6.100114746E0,7.147486725E0
1.800353783E1,2.652633820E0,6.195466461E0,7.190297699E0
1.802347683E1,2.681374054E0,6.258036346E0,7.185956726E0
1.804341583E1,2.717299347E0,6.277046814E0,7.014413452E0
1.806335483E1,2.743195496E0,6.336622925E0,7.121440887E0
1.808329383E1,2.743045807E0,6.392007751E0,7.136559448E0
1.810323283E1,2.735261993E0,6.248755646E0,7.028184814E0
1.812317283E1,2.690804443E0,6.160139923E0,7.018005981E0
1.814311183E1,2.665057983E0,6.255940704E0,7.053033142E0
1.816305083E1,2.648741913E0,6.450985107E0,7.127877502E0
1.818298983E1,2.667602692E0,6.489155731E0,7.034471741E0
1.820292883E1,2.650238800E0,6.366710358E0,7.025939484E0
1.822286783E1,2.615211639E0,6.275100861E0,7.033423920E0
1.824280683E1,2.551144867E0,6.360124054E0,7.004683685E0
1.826274583E1,2.545007629E0,6.515800323E0,7.090904388E0
1.828268483E1,2.606978760E0,6.508764954E0,7.166796570E0
1.830262383E1,2.677033081E0,6.374045105E0,7.120991821E0
1.832256283E1,2.681224365E0,6.270011444E0,7.176376648E0
1.834250283E1,2.657872925E0,6.228547668E0,7.127278748E0
1.836244183E1,2.671494598E0,6.240822144E0,7.163353729E0
1.838238083E1,2.682870941E0,6.233786774E0,7.114106140E0
1.840231983E1,2.700234833E0,6.097869415E0,6.774761810E0
1.842225883E1,2.717598724E0,6.169420624E0,6.898404694E0
1.844219796E1,2.571053467E0,6.474186859E0,6.859635315E0
1.846213696E1,2.341580658E0,6.479575653E0,6.708599396E0
1.848207596E1,2.223476257E0,6.240522766E0,6.434818726E0
1.850201496E1,2.139351196E0,6.056106262E0,6.234984283E0
1.852195496E1,2.094294891E0,6.073170776E0,6.265071716E0
1.854189396E1,2.103276215E0,6.145620117E0,6.362369385E0
1.856183296E1,2.045496368E0,6.190826111E0,6.159690857E0
1.858177196E1,2.065105591E0,6.331383820E0,6.167774048E0
1.860171096E1,2.173480225E0,6.394253082E0,6.383625183E0
1.862164996E1,2.193987579E0,6.147566071E0,6.454727325E0
1.864158896E1,2.160756683E0,5.774092712E0,6.369704132E0
1.866152796E1,2.242037659E0,5.531596985E0,6.328390045E0
1.868146696E1,2.418670349E0,5.473517761E0,6.122867432E0
1.870140596E1,2.466570740E0,5.550158386E0,6.167474670E0
1.872134596E1,2.237846375E0,5.719156952E0,6.263724518E0
1.874128496E1,1.984423370E0,5.681435394E0,6.086792450E0
1.876122396E1,1.786983948E0,5.520819397E0,5.693410492E0
1.878116296E1,1.664688263E0,5.611680450E0,5.514682159E0
1.880110196E1,1.584904175E0,5.879024506E0,5.580395508E0
1.882104096E1,1.549278259E0,5.891748047E0,5.551056519E0
1.884097996E1,1.517244873E0,5.800587616E0,5.258564758E0
1.886091896E1,1.389859772E0,5.914051666E0,4.896916809E0
1.888085796E1,1.243913269E0,6.327342224E0,4.897814941E0
1.890079696E1,1.145418091E0,6.846911774E0,4.872068481E0
1.892073696E1,9.642947388E-1,7.232060852E0,4.870870972E0
1.894067596E1,8.087681580E-1,7.458090820E0,4.638554077E0
1.896061496E1,6.541397095E-1,7.534881134E0,4.611759796E0
1.898055396E1,5.661227417E-1,7.698939972E0,4.740641785E0
1.900049296E1,4.942721558E-1,7.814948730E0,5.169499969E0
1.902043196E1,4.885839844E-1,7.879614258E0,5.255421295E0
1.904037096E1,7.231462097E-1,7.803572388E0,5.223836975E0
1.906030996E1,1.023721161E0,7.748187561E0,5.711672516E0
1.908024896E1,9.963281250E-1,7.912994843E0,5.664670258E0
1.910018796E1,7.104226685E-1,7.961943054E0,5.478307800E0
1.912012796E1,3.234773254E-1,7.955656128E0,5.452411652E0
1.914006696E1,-9.325607300E-2,8.104596405E0,5.262606354E0
1.916000596E1,-3.917353821E-1,8.399034119E0,5.192102966E0
1.917994496E1,-4.445755005E-1,8.720415802E0,5.198689270E0
1.919988396E1,-3.215313721E-1,8.669970703E0,5.248535614E0
1.921982296E1,-3.617976379E-1,8.534502411E0,5.515729980E0
1.923976196E1,-4.625381470E-1,8.786428528E0,5.614075470E0
1.925970096E1,-3.852987671E-1,9.139544220E0,5.555098114E0
1.927963996E1,-2.168989563E-1,9.089099121E0,5.512287140E0
1.929957996E1,-3.194357300E-1,8.827742615E0,5.738766174E0
1.931951896E1,-5.439688110E-1,8.793912964E0,5.769452362E0
1.933945796E1,-6.378236389E-1,9.098978577E0,5.689219208E0
1.935939696E1,-4.567002869E-1,9.199120331E0,5.804479523E0
1.937933596E1,-3.707789612E-1,8.953032074E0,6.051615601E0
1.939927496E1,-3.926335144E-1,8.714428253E0,6.208788757E0
1.941921396E1,-2.534230042E-1,8.843160553E0,6.161337433E0
1.943915250E1,-5.269042969E-2,9.309740295E0,6.080206146E0
1.945909150E1,2.993774414E-3,9.702074432E0,5.971831512E0
1.947903050E1,-5.044509888E-2,9.770332489E0,6.078559570E0
1.949897050E1,1.347198486E-3,9.545949097E0,6.089037781E0
1.951890950E1,8.277786255E-2,9.283544769E0,5.862708435E0
1.953884850E1,8.187973022E-2,9.298064575E0,5.734874268E0
1.955878750E1,2.050735474E-2,9.606872406E0,5.693709869E0
1.957872650E1,3.083587646E-2,9.697134705E0,5.904321899E0
1.959866550E1,-2.978805542E-2,9.593999176E0,5.956862640E0
1.961860450E1,5.179229736E-2,9.501042480E0,5.851481781E0
1.963854350E1,1.445993042E-1,9.698631592E0,6.227350159E0
1.965848250E1,1.487905884E-1,9.804910583E0,6.131848755E0
1.967842250E1,1.818717957E-1,9.646240540E0,6.091133423E0
1.969836150E1,2.034269714E-1,9.666747894E0,6.197262726E0
1.971830050E1,2.131567383E-1,9.748477936E0,6.417754211E0
1.973823950E1,2.468367004E-1,9.738598480E0,6.537954254E0
1.975817850E1,2.909948730E-1,9.699978790E0,6.459068298E0
1.977811750E1,4.020639038E-1,9.717192993E0,6.577771454E0
1.979805650E1,5.593867493E-1,9.692943420E0,6.744973755E0
1.981799550E1,6.114784241E-1,9.636810150E0,6.804849243E0
1.983793450E1,6.225553894E-1,9.595945129E0,6.710994415E0
1.985787450E1,6.107299805E-1,9.508377228E0,6.714736633E0
1.987781350E1,5.623805237E-1,9.527387695E0,6.813381500E0
1.989775250E1,5.342390442E-1,9.445507965E0,6.781048737E0
1.991769150E1,5.432203674E-1,9.434131622E0,6.688092041E0
1.993763050E1,4.802014160E-1,9.519154816E0,6.616391144E0
1.995756950E1,3.965254211E-1,9.503437500E0,6.473139038E0
1.997750850E1,3.058140564E-1,9.481882324E0,6.340514832E0
1.999744750E1,3.755690002E-1,9.523944855E0,6.306535492E0
2.001738650E1,4.596940613E-1,9.375603333E0,6.308481445E0
2.003732650E1,5.189707947E-1,9.174272003E0,6.068829803E0
2.005726550E1,4.575984192E-1,9.147328033E0,6.125262451E0
2.007720450E1,3.353027344E-1,9.101672974E0,5.986351318E0
2.009714350E1,2.748284912E-1,8.889114990E0,5.661077728E0
2.011708250E1,3.662882996E-1,8.760083313E0,5.481151886E0
2.013702150E1,4.616400146E-1,8.701105957E0,5.548362122E0
2.015696050E1,4.400848389E-1,8.706943817E0,5.637576599E0
2.017689950E1,4.370910645E-1,8.675060120E0,5.477409668E0
2.019683850E1,4.595443726E-1,8.496930542E0,5.342240753E0
2.021677850E1,4.480183411E-1,8.322992249E0,5.279970245E0
2.023671750E1,4.855902100E-1,8.305179291E0,5.173990631E0
2.025665650E1,4.492158508E-1,8.314759369E0,5.331163788E0
2.027659550E1,4.131408691E-1,8.269553375E0,5.480403442E0
2.029653450E1,2.953358459E-1,8.205187225E0,5.438490601E0
2.031647350E1,2.688409424E-1,8.130043488E0,5.112468567E0
2.033641250E1,3.793112183E-1,8.106242981E0,5.086722107E0
2.035635150E1,5.340893555E-1,8.019423523E0,5.334456940E0
2.037629050E1,6.628216553E-1,7.818690948E0,5.302423553E0
2.039623050E1,7.024891663E-1,7.556885376E0,5.202132111E0
2.041616950E1,8.175997925E-1,7.485034790E0,5.279521179E0
2.043610833E1,1.055754547E0,7.635621643E0,5.356760559E0
2.045604733E1,1.309327240E0,7.956404572E0,4.807253265E0
2.047598633E1,1.327289886E0,8.339607697E0,4.785698090E0
2.049592533E1,1.060544586E0,8.228838043E0,5.113965454E0
2.051586433E1,8.613088989E-1,7.781418457E0,5.060676270E0
2.053580333E1,7.934999084E-1,7.556436310E0,4.684209137E0
2.055574233E1,9.478289795E-1,7.661966858E0,4.682412872E0
2.057568233E1,1.086740112E0,7.639064484E0,4.876110077E0
2.059562133E1,1.107696533E0,7.258555756E0,4.805906067E0
2.061556033E1,1.043480072E0,6.716083832E0,4.642445984E0
2.063549933E1,9.190887451E-1,6.429729309E0,4.308939514E0
2.065543833E1,7.914042664E-1,6.529721375E0,4.223467255E0
2.067537733E1,6.947053528E-1,6.879094849E0,4.562512207E0
2.069531633E1,7.179071045E-1,6.986122284E0,4.944218445E0
2.071525533E1,9.478289795E-1,6.702611847E0,5.166655884E0
2.073519433E1,1.286125488E0,6.512058105E0,5.525010681E0
2.075513433E1,1.488504639E0,6.653963013E0,5.823489990E0
2.077507333E1,1.544637909E0,6.828050995E0,5.601202240E0
2.079501233E1,1.511257324E0,6.989565125E0,5.637726288E0
2.081495133E1,1.308728485E0,7.078330536E0,5.719606018E0
2.083489033E1,1.154549103E0,6.888525238E0,5.573958893E0
2.085482933E1,1.138831787E0,6.696773987E0,5.657934265E0
2.087476833E1,1.216220856E0,6.629563751E0,5.725892944E0
2.089470733E1,1.306333466E0,6.652466125E0,5.951623535E0
2.091464633E1,1.369352417E0,6.551725616E0,6.171216888E0
2.093458633E1,1.343905334E0,6.363566895E0,6.216422882E0
2.095452533E1,1.374441833E0,6.239025879E0,6.382277985E0
2.097446433E1,1.594484253E0,6.181246033E0,6.352639618E0
2.099440333E1,1.782942352E0,6.291416931E0,6.425987091E0
2.101434233E1,1.851200409E0,6.600374451E0,6.575376434E0
2.103428133E1,1.889969788E0,6.747219086E0,6.809339905E0
2.105422033E1,1.935774536E0,6.529421997E0,6.814579010E0
2.107415933E1,1.930385742E0,6.358477478E0,6.587800598E0
2.109409933E1,1.978435822E0,6.501280518E0,6.491850128E0
2.111403833E1,1.972897339E0,6.753955078E0,6.613247681E0
2.113397733E1,1.929038544E0,6.832841034E0,6.635401611E0
2.115391633E1,1.913770294E0,6.784192200E0,6.459517365E0
2.117385533E1,1.969304810E0,6.770869904E0,6.583908691E0
2.119379433E1,2.158211975E0,6.649023285E0,6.681805115E0
2.121373333E1,2.401755524E0,6.563101959E0,6.826554108E0
2.123367233E1,2.629432068E0,6.496789856E0,6.926995239E0
2.125361133E1,2.810405731E0,6.388265533E0,6.999893646E0
2.127355133E1,2.912792816E0,6.442602539E0,7.061565399E0
2.129349033E1,2.972368927E0,6.556815033E0,7.170987854E0
2.131342933E1,2.995420990E0,6.494095459E0,7.204368439E0
2.133336833E1,2.913391571E0,6.354435883E0,7.158114624E0
2.135330733E1,2.821333008E0,6.380631409E0,6.796017609E0
2.137324633E1,2.734812927E0,6.474486237E0,6.833589478E0
2.139318533E1,2.642305298E0,6.561455383E0,7.021149445E0
2.141312433E1,2.604284363E0,6.472839661E0,6.864874420E0
2.143306433E1,2.641706543E0,6.418203278E0,6.955136719E0
2.145300325E1,2.730921021E0,6.430477753E0,7.124584351E0
2.147294225E1,2.795586548E0,6.357130280E0,7.155869293E0
2.149288125E1,2.808459778E0,6.293662262E0,7.171436920E0
2.151282025E1,2.745141449E0,6.239924011E0,7.006180573E0
2.153275925E1,2.622247009E0,6.275998993E0,6.931635590E0
2.155269825E1,2.520907745E0,6.337221680E0,6.969656525E0
2.157263725E1,2.525398407E0,6.398594055E0,7.007527771E0
2.159257725E1,2.576292572E0,6.432124329E0,6.938072205E0
2.161251625E1,2.568957825E0,6.540648651E0,6.918912048E0
2.163245525E1,2.551294556E0,6.711892548E0,6.858437805E0
2.165239425E1,2.531385956E0,6.751260681E0,6.795867920E0
2.167233325E1,2.520159302E0,6.756050720E0,6.789880371E0
2.169227225E1,2.613864441E0,6.771618347E0,6.871460724E0
2.171221125E1,2.813698883E0,6.714886322E0,7.141648865E0
2.173215025E1,2.988235931E0,6.618187408E0,7.220385132E0
2.175208925E1,3.022215271E0,6.576274567E0,7.036268005E0
2.177202925E1,2.970872040E0,6.563101959E0,6.982978821E0
2.179196825E1,2.752176819E0,6.459367676E0,7.074139252E0
2.181190725E1,2.453398132E0,6.475384369E0,6.929539948E0
2.183184625E1,2.220632172E0,6.506819000E0,6.817872162E0
2.185178525E1,2.125280457E0,6.341562653E0,6.813381500E0
2.187172425E1,2.098785553E0,6.081403656E0,6.838080139E0
2.189166325E1,2.068249054E0,5.976471863E0,6.768774261E0
2.191160225E1,2.145787811E0,6.012247467E0,6.939569092E0
2.193154225E1,2.255659332E0,6.017486572E0,6.850653992E0
2.195148125E1,2.441123657E0,5.960455170E0,6.968908081E0
2.197142025E1,2.540067902E0,6.010151825E0,7.139253845E0
2.199135925E1,2.425556030E0,6.070177002E0,7.090155945E0
2.201129825E1,2.267784119E0,5.991440735E0,6.925648041E0
2.203123725E1,2.095791779E0,5.936355286E0,6.619684296E0
2.205117625E1,1.968706055E0,6.008355560E0,6.580615540E0
2.207111525E1,1.982327728E0,6.248905334E0,6.687193909E0
2.209105525E1,2.009421387E0,6.325995026E0,6.546935577E0
2.211099425E1,2.023791504E0,6.333030396E0,6.344556427E0
2.213093325E1,2.115251312E0,6.496191101E0,6.371500397E0
2.215087225E1,2.217488708E0,6.548881531E0,6.520889740E0
2.217081125E1,2.251917114E0,6.180497589E0,6.449488220E0
2.219075025E1,2.314187622E0,5.538931732E0,6.308331757E0
2.221068925E1,2.236349487E0,5.103337555E0,6.244714050E0
2.223062825E1,2.027384033E0,5.136119385E0,6.089636536E0
2.225056725E1,1.982477417E0,5.457501068E0,5.826034698E0
2.227050725E1,1.895957336E0,5.476212158E0,5.533992004E0
2.229044625E1,1.553619232E0,5.369484100E0,5.322930908E0
2.231038525E1,1.192270660E0,5.421575775E0,5.047952728E0
2.233032425E1,1.119971008E0,5.480253754E0,4.848267975E0
2.235026325E1,1.202150116E0,5.541476440E0,4.963528290E0
2.237020225E1,1.105600891E0,5.683830414E0,5.253026276E0
2.239014125E1,1.004860382E0,5.866001587E0,5.351970520E0
2.241008025E1,1.176703033E0,5.798791351E0,5.069058838E0
2.243002025E1,1.397044830E0,5.836812286E0,5.132377167E0
2.244995971E1,1.355431366E0,6.464157715E0,5.735922089E0
2.246989871E1,1.233285370E0,7.015311584E0,5.803431702E0
2.248983771E1,1.203796692E0,7.055278473E0,5.226830750E0
2.250977671E1,1.298998718E0,7.222331085E0,5.346581726E0
2.252971571E1,1.180145874E0,7.689659271E0,5.596561890E0
2.254965471E1,9.165440369E-1,8.104895782E0,5.862259369E0
2.256959371E1,5.822891235E-1,8.173303528E0,5.932912445E0
2.258953371E1,3.600013733E-1,7.962392120E0,5.746849365E0
2.260947271E1,3.876937866E-1,7.980654144E0,5.762566681E0
2.262941171E1,3.830534363E-1,8.329428864E0,5.827681274E0
2.264935071E1,3.168910217E-1,8.689729614E0,5.851182404E0
2.266928971E1,2.227368164E-1,8.835227051E0,5.840404816E0
2.268922871E1,7.649093628E-2,8.774603119E0,5.601950684E0
2.270916771E1,-8.666976929E-2,8.999734955E0,5.249433746E0
2.272910671E1,-2.803669739E-1,9.370364227E0,5.244793396E0
2.274904671E1,-3.803590393E-1,9.556277618E0,5.422174530E0
2.276898571E1,-4.373904419E-1,9.092841339E0,5.696553955E0
2.278892471E1,-4.583468628E-1,8.817264404E0,5.984854431E0
2.280886371E1,-4.472698975E-1,8.889564056E0,5.958658905E0
2.282880271E1,-4.836442566E-1,9.099277954E0,5.778733063E0
2.284874171E1,-5.511538696E-1,9.342222748E0,5.771248627E0
2.286868071E1,-7.068301392E-1,9.275461578E0,5.834566956E0
2.288862071E1,-7.015910339E-1,8.953630829E0,5.935606842E0
2.290855971E1,-4.008663940E-1,8.885821838E0,5.841003571E0
2.292849871E1,4.490661621E-4,9.100325775E0,5.753585358E0
2.294843771E1,1.619631958E-1,9.310039673E0,5.779631195E0
2.296837671E1,9.699829102E-2,9.238039398E0,5.776188354E0
2.298831571E1,-1.600172424E-1,9.002429352E0,5.821993103E0
2.300825471E1,-2.622546387E-1,9.153165894E0,5.762716370E0
2.302819371E1,-6.301895142E-2,9.335636444E0,5.699996796E0
2.304813371E1,2.043251038E-1,9.375453644E0,5.905220032E0
2.306807271E1,2.842588806E-1,9.332792358E0,6.151008911E0
2.308801171E1,2.809657288E-1,9.371112671E0,5.812113647E0
2.310795071E1,4.785548401E-1,9.504036255E0,5.889802094E0
2.312788971E1,3.972738647E-1,9.616602173E0,5.869893494E0
2.314782871E1,1.197509766E-2,9.524693298E0,5.832471313E0
2.316776771E1,-7.110214233E-2,9.508975983E0,5.928870850E0
2.318770671E1,3.082090759E-1,9.658964081E0,5.945486298E0
2.320764671E1,5.995033264E-1,9.502539368E0,5.987698517E0
2.322758571E1,6.744973755E-1,9.278305664E0,6.069877625E0
2.324752471E1,5.980064392E-1,9.205556946E0,5.957910461E0
2.326746371E1,3.357518005E-1,9.490713959E0,6.201454010E0
2.328740271E1,3.879931641E-1,9.769134979E0,6.226601715E0
2.330734171E1,5.556445312E-1,9.606722717E0,6.152655487E0
2.332728071E1,4.927752686E-1,9.834249573E0,6.316564636E0
2.334722071E1,3.763174438E-1,9.870474243E0,6.534361725E0
2.336715971E1,4.346960449E-1,9.773176575E0,6.398444366E0
2.338709871E1,5.260061646E-1,9.594298553E0,6.187982025E0
2.340703771E1,5.962101746E-1,9.703271942E0,6.168223114E0
2.342697671E1,6.840774536E-1,9.868977356E0,6.229146423E0
2.344691571E1,7.081773376E-1,9.896071014E0,6.188281403E0
2.346685471E1,7.041357422E-1,9.911638641E0,6.287225647E0
2.348679471E1,6.417155457E-1,9.806407471E0,6.274651794E0
2.350673371E1,4.816983032E-1,9.684111786E0,6.184389496E0
2.352667271E1,2.826123047E-1,9.520352325E0,5.979315948E0
2.354661171E1,3.167413330E-1,9.410780182E0,5.926026764E0
2.356655071E1,3.990701294E-1,9.464518433E0,6.046526184E0
2.358648971E1,4.505630493E-1,9.775870972E0,6.020480347E0
2.360642871E1,5.185217285E-1,9.896220703E0,5.914500732E0
2.362636871E1,4.730163574E-1,9.668544159E0,5.693560181E0
2.364630771E1,3.626957703E-1,9.370364227E0,5.468278656E0
2.366624671E1,2.784210205E-1,9.254654846E0,5.738915863E0
2.368618571E1,2.764750671E-1,8.996890869E0,5.406457214E0
2.370612471E1,3.884422302E-1,8.847351837E0,5.295388184E0
2.372606371E1,5.664221191E-1,8.803193665E0,5.476361847E0
2.374600271E1,8.023315430E-1,8.527616730E0,5.279371490E0
2.376594271E1,8.773255920E-1,8.376880188E0,5.246140594E0
2.378588171E1,8.792715454E-1,8.375383301E0,5.244643707E0
2.380582071E1,9.273216248E-1,8.238118744E0,5.134323120E0
2.382575971E1,9.017248535E-1,8.011939087E0,4.959337006E0
2.384569871E1,8.987310791E-1,7.851173401E0,4.569098511E0
2.386563771E1,1.060694275E0,7.663164368E0,4.724475403E0
2.388557671E1,1.187630310E0,7.561675415E0,5.070705414E0
2.390551671E1,1.405726776E0,7.463629303E0,5.039570160E0
2.392545571E1,1.622625732E0,7.299869843E0,5.171745300E0
2.394539471E1,1.587598572E0,7.191944275E0,5.367089081E0
2.396533371E1,1.517544250E0,7.227420502E0,5.450166321E0
2.398527271E1,1.555116119E0,7.247927856E0,5.435945892E0
2.400521171E1,1.534459076E0,7.143894196E0,5.554499359E0
2.402515171E1,1.564696198E0,7.020850067E0,5.676046600E0
2.404509071E1,1.753154297E0,6.940766602E0,5.166356506E0
2.406502971E1,1.845811615E0,7.041656799E0,5.109325104E0
2.408496871E1,1.745819550E0,7.058122559E0,5.205574951E0
2.410490771E1,1.453926544E0,6.898554382E0,5.156027985E0
2.412484671E1,1.135089569E0,6.798861694E0,4.934488678E0
2.414478671E1,9.852511597E-1,6.789131927E0,4.964576111E0
2.416472571E1,1.002764740E0,6.667135620E0,4.871320038E0
2.418466471E1,9.783654785E-1,6.395450592E0,4.839286652E0
2.420460371E1,9.419911194E-1,6.140979767E0,4.770579529E0
2.422454271E1,9.771679688E-1,6.311175842E0,5.323679352E0
2.424448171E1,1.067879333E0,6.685247955E0,5.701942749E0
2.426442171E1,1.311722260E0,6.400839386E0,5.757477264E0
2.428436071E1,1.540147247E0,5.825735321E0,5.407055969E0
2.430429971E1,1.660646667E0,5.566025391E0,5.525609436E0
2.432423871E1,1.692380676E0,5.798192596E0,5.939199371E0
2.434417771E1,1.785487061E0,6.253395996E0,6.284830627E0
2.436411671E1,1.979184265E0,6.542295227E0,6.490353241E0
2.438405671E1,2.361339569E0,6.468648376E0,6.496191101E0
2.440399571E1,2.706222382E0,6.371350708E0,6.378535767E0
2.442393471E1,2.818339233E0,6.408473511E0,6.237828369E0
2.444387371E1,2.687960358E0,6.570736084E0,6.209686890E0
2.446381271E1,2.432142334E0,6.636000366E0,6.097869415E0
2.448375171E1,2.283202057E0,6.539900208E0,6.256389771E0
2.450369171E1,2.366279297E0,6.384972382E0,6.439309387E0
2.452363071E1,2.540666656E0,6.252198486E0,6.459367676E0
2.454356971E1,2.647394714E0,6.172863464E0,6.581064606E0
2.456350871E1,2.625989227E0,6.111042023E0,6.472240906E0
2.458344771E1,2.439626770E0,6.083349609E0,6.407276001E0
2.460338671E1,2.179168396E0,6.260730743E0,6.536607056E0
2.462332671E1,2.080074463E0,6.394103394E0,6.676266632E0
2.464326571E1,2.141297150E0,6.339317322E0,6.746620331E0
2.466320471E1,2.341131592E0,6.408473511E0,6.837930450E0
2.468314371E1,2.575095062E0,6.321504364E0,7.002138977E0
2.470308271E1,2.650388489E0,6.175108795E0,7.220385132E0
2.472302171E1,2.651436310E0,6.002966766E0,7.250023499E0
2.474296171E1,2.674937439E0,5.825286255E0,7.399113464E0
2.476290071E1,2.757266235E0,5.916596375E0,7.394772491E0
2.478283971E1,2.967129822E0,6.299500122E0,7.574398956E0
2.480277871E1,3.219505005E0,6.618037720E0,7.743098145E0
2.482271771E1,3.259771271E0,6.574178925E0,7.473658447E0
2.484265771E1,3.102897491E0,6.403683472E0,7.190896454E0
2.486259671E1,2.843936005E0,6.387367401E0,7.054979095E0
2.488253571E1,2.671644287E0,6.459667053E0,6.879992981E0
2.490247471E1,2.595602417E0,6.521189117E0,6.800807648E0
2.492241371E1,2.601739655E0,6.527176666E0,6.729106750E0
2.494235371E1,2.670596466E0,6.525230713E0,6.758146362E0
2.496229271E1,2.761607208E0,6.528224487E0,6.855144653E0
2.498223171E1,2.832559662E0,6.518794098E0,6.904691620E0
2.500217071E1,2.892435150E0,6.454727325E0,6.948550415E0
2.502210971E1,2.834804993E0,6.416257324E0,6.959926758E0
2.504204871E1,2.857407990E0,6.410718842E0,6.938820648E0
2.506198871E1,2.838696899E0,6.407126312E0,6.809639282E0
2.508192771E1,2.732118530E0,6.512207794E0,6.862030334E0
2.510186671E1,2.696043549E0,6.621929626E0,6.901997223E0
2.512180571E1,2.741997986E0,6.566993866E0,6.851552124E0
2.514174571E1,2.785407715E0,6.481970673E0,6.814429321E0
2.516168471E1,2.768343201E0,6.493047638E0,6.809339905E0
2.518162371E1,2.728975067E0,6.426585846E0,6.871311035E0
2.520156271E1,2.708318024E0,6.298901367E0,6.827901306E0
2.522150171E1,2.744842072E0,6.258186035E0,6.787335663E0
2.524144171E1,2.776875458E0,6.349945221E0,6.871161346E0
2.526138071E1,2.846181335E0,6.374943237E0,6.830595703E0
2.528131971E1,2.847079468E0,6.205495605E0,6.716383209E0
2.530125871E1,2.843037872E0,6.115981750E0,6.848258972E0
2.532119771E1,2.855611725E0,6.177653503E0,6.862329712E0
2.534113771E1,2.926264801E0,6.329138489E0,6.495742035E0
2.536107671E1,2.990032196E0,6.524482269E0,6.508615265E0
2.538101571E1,3.041225739E0,6.578968964E0,6.682254181E0
2.540095471E1,3.070115662E0,6.429429932E0,6.607858887E0
2.542089371E1,3.056344299E0,6.499933319E0,6.600823517E0
2.544083333E1,2.991080017E0,6.721322937E0,6.431525574E0
2.546077233E1,3.027304688E0,6.874005432E0,6.131848755E0
2.548071133E1,3.108885040E0,6.903045044E0,6.026467896E0
2.550065033E1,2.915038147E0,7.204069061E0,6.229894867E0
2.552058933E1,2.919079742E0,7.439828796E0,6.331234131E0
2.554052933E1,3.089575195E0,7.224426727E0,6.352190552E0
2.556046833E1,3.172203369E0,6.728358307E0,6.316714325E0
2.558040733E1,3.063978424E0,6.280190277E0,5.937852173E0
2.560034633E1,2.965483246E0,6.258036346E0,5.788762207E0
2.562028533E1,2.887046356E0,6.585854645E0,5.875431976E0
2.564022533E1,2.828817444E0,6.619235229E0,5.775589600E0
2.566016433E1,2.721790009E0,6.262976074E0,5.673501892E0
2.568010333E1,2.609972534E0,5.842051392E0,5.418881378E0
2.570004233E1,2.615660706E0,5.719156952E0,5.055736542E0
2.571998233E1,2.694396973E0,5.930068359E0,4.975353699E0
2.573992133E1,2.644251251E0,6.087840271E0,5.135820007E0
2.575986033E1,2.324366455E0,6.063740387E0,5.224286041E0
2.577979933E1,2.042801971E0,5.843398590E0,4.772525482E0
2.579973833E1,2.105222168E0,5.703589325E0,4.196972351E0
2.581967833E1,2.280507660E0,5.861211548E0,3.711831207E0
2.583961733E1,2.063009949E0,6.497987366E0,3.733685760E0
2.585955633E1,1.532962189E0,7.094347229E0,3.915707245E0
2.587949533E1,1.130299530E0,6.980284424E0,3.931274872E0
2.589943533E1,9.235794067E-1,6.390211487E0,3.396287384E0
2.591937433E1,9.785151672E-1,6.170169067E0,3.185076599E0
2.593931333E1,1.047371979E0,6.796316986E0,3.811972961E0
2.595925233E1,9.015751648E-1,7.486980743E0,4.443210297E0
2.597919133E1,9.330097961E-1,7.377258911E0,4.474345551E0
2.599913133E1,1.142274628E0,6.798113251E0,4.425996094E0
2.601907033E1,1.287622375E0,6.907835083E0,4.735552368E0
2.603900933E1,1.268013153E0,7.693551178E0,4.818779297E0
2.605894833E1,1.122964783E0,8.069269867E0,4.638703766E0
2.607888833E1,9.505233765E-1,7.872129822E0,4.738695831E0
2.609882733E1,7.940986633E-1,7.893086243E0,4.807103577E0
2.611876633E1,7.828720093E-1,8.331075439E0,4.907095642E0
2.613870533E1,9.304650879E-1,8.878487091E0,4.908891907E0
2.615864433E1,1.240171051E0,9.275012512E0,4.876559143E0
2.617858433E1,1.493743744E0,9.696985016E0,4.801415405E0
2.619852333E1,1.585652618E0,9.880204010E0,4.717140656E0
2.621846233E1,1.332528992E0,1.008976822E1,4.660558319E0
2.623840133E1,1.052162018E0,1.011192215E1,4.400549011E0
2.625834133E1,1.006506958E0,1.019305344E1,4.400549011E0
2.627828033E1,1.250050507E0,1.007659561E1,4.770729218E0
2.629821933E1,1.534309387E0,9.845326538E0,5.132526855E0
2.631815833E1,1.609902191E0,9.744436340E0,5.394033051E0
2.633809833E1,1.499731293E0,9.755662994E0,5.277575226E0
2.635803733E1,1.479373627E0,9.748178558E0,5.000501404E0
2.637797633E1,1.393452301E0,9.865833893E0,4.774022369E0
2.639791533E1,1.491947479E0,9.973310394E0,4.963677979E0
2.641785533E1,1.712588654E0,9.775571594E0,5.152435455E0
2.643779433E1,1.849404144E0,9.610764313E0,5.065615997E0
2.645773400E1,1.875899048E0,9.841135254E0,4.721781006E0
2.647767300E1,1.888173523E0,1.024379791E1,4.881648560E0
2.649761200E1,1.742376709E0,1.023137375E1,5.066364441E0
2.651755200E1,1.571881256E0,1.006027954E1,4.971761169E0
2.653749100E1,1.432670746E0,9.902208252E0,4.821024628E0
2.655743000E1,1.552122345E0,1.014185989E1,4.970413971E0
2.657736900E1,1.680255890E0,1.034633469E1,4.962929535E0
2.659730900E1,1.738185425E0,1.039378601E1,4.768633575E0
2.661724800E1,1.590143280E0,1.048943710E1,4.962181091E0
2.663718700E1,1.372046814E0,1.053149963E1,5.000052338E0
2.665712600E1,1.430425415E0,1.066292633E1,5.094206543E0
2.667706600E1,1.589843903E0,1.085827011E1,5.009782104E0
2.669700500E1,1.685494995E0,1.101933517E1,5.083728333E0
2.671694400E1,1.656904449E0,1.106304428E1,5.165608063E0
2.673688300E1,1.746268616E0,1.126707001E1,5.213358765E0
2.675682300E1,1.870659943E0,1.128937363E1,5.389692078E0
2.677676200E1,1.909279633E0,1.119551880E1,5.451962585E0
2.679670100E1,1.850451965E0,1.118923187E1,5.575904846E0
2.681664000E1,1.761985931E0,1.093895233E1,5.436095581E0
2.683658000E1,1.819167023E0,1.083087708E1,5.060975647E0
2.685651900E1,1.920655975E0,1.079525116E1,4.941074982E0
2.687645800E1,1.863624573E0,1.057356216E1,5.011129303E0
2.689639700E1,1.750609589E0,1.018137772E1,4.948110352E0
2.691633700E1,1.614542542E0,9.981243896E0,4.974305878E0
2.693627600E1,1.533411255E0,9.876012726E0,4.770729218E0
2.695621500E1,1.553020477E0,9.644294586E0,4.575535126E0
2.697615400E1,1.498982849E0,9.516161041E0,4.762945404E0
2.699609400E1,1.385518799E0,9.491013336E0,4.642296295E0
2.701603300E1,1.486858063E0,9.413773956E0,4.494254150E0
2.703597200E1,1.463356934E0,9.489366760E0,4.608167267E0
2.705591100E1,1.422042847E0,9.541009369E0,4.634362793E0
2.707585100E1,1.460812225E0,9.418563995E0,4.604724426E0
2.709579000E1,1.533261566E0,9.313781891E0,4.620292053E0
2.711572900E1,1.554667053E0,9.251661072E0,4.702321472E0
2.713566800E1,1.514849854E0,9.304201813E0,4.905449066E0
2.715560800E1,1.519340515E0,9.465715942E0,4.581223297E0
2.717554700E1,1.518442383E0,9.773475952E0,4.500241699E0
2.719548600E1,1.457519073E0,1.000040405E1,4.015699310E0
2.721542500E1,1.406774597E0,9.689350891E0,3.814068604E0
2.723536500E1,1.307530975E0,8.990753632E0,3.929328918E0
2.725530400E1,1.252595215E0,8.149353333E0,3.778592377E0
2.727524300E1,1.358125763E0,7.599097595E0,3.804488525E0
2.729518300E1,1.453926544E0,7.604785767E0,4.403842163E0
2.731512200E1,1.261127472E0,8.020171967E0,4.502037964E0
2.733506100E1,1.393452301E0,8.216563568E0,3.396886139E0
2.735500000E1,1.450483704E0,8.172555084E0,3.639980621E0
2.737494000E1,1.465003510E0,7.909102936E0,4.264032898E0
2.739487900E1,1.674867096E0,7.496710510E0,4.239483948E0
2.741481800E1,1.928589478E0,7.056475983E0,4.292922821E0
2.743475700E1,2.071542206E0,6.708749084E0,4.452341309E0
2.745469696E1,2.070045319E0,6.582112427E0,4.683161316E0
2.747463596E1,1.938468933E0,6.573580170E0,4.435875549E0
2.749457496E1,1.939367065E0,6.447691956E0,3.870800629E0
2.751451396E1,2.006128235E0,6.287974091E0,3.301983490E0
2.753445396E1,2.034419403E0,6.266418915E0,3.241209869E0
2.755439296E1,1.751058655E0,6.493347015E0,3.898792419E0
2.757433196E1,1.488804016E0,6.809788971E0,4.163741455E0
2.759427096E1,1.671873322E0,6.879094849E0,4.206402740E0
2.761421096E1,2.026485901E0,6.699618073E0,4.752467194E0
2.763414996E1,2.300116882E0,6.415359192E0,4.956941986E0
2.765408896E1,2.574047241E0,6.461463318E0,5.144052887E0
2.767402896E1,2.892135773E0,6.867419128E0,5.452860718E0
2.769396796E1,3.210673370E0,7.278763733E0,5.791755981E0
2.771390696E1,3.431464233E0,7.304210815E0,5.786516876E0
2.773384596E1,3.470832367E0,6.949598236E0,5.282365265E0
2.775378596E1,3.275638275E0,6.556365967E0,4.879852295E0
2.777372496E1,2.783461761E0,6.347250824E0,4.850363617E0
2.779366396E1,2.407443695E0,6.415359192E0,5.196743317E0
2.781360296E1,2.318827972E0,6.424190826E0,5.608836365E0
2.783354296E1,2.500699768E0,6.127358093E0,5.786516876E0
2.785348196E1,2.780917053E0,5.849835205E0,6.130202179E0
2.787342096E1,3.025508423E0,5.772595825E0,6.396947479E0
2.789335996E1,3.131188660E0,6.001769257E0,6.464307404E0
2.791329996E1,3.211870880E0,6.439758453E0,6.539900208E0
2.793323896E1,3.331472168E0,6.562802582E0,6.592890015E0
2.795317796E1,3.357068939E0,6.416556702E0,6.608906708E0
2.797311796E1,3.306025085E0,6.380631409E0,6.672225037E0
2.799305696E1,3.300636292E0,6.442752228E0,6.825955353E0
2.801299596E1,3.316203918E0,6.428082733E0,6.907086639E0
2.803293496E1,3.406316528E0,6.299799500E0,6.851252747E0
2.805287496E1,3.454067230E0,6.220913544E0,6.843618622E0
2.807281396E1,3.529510345E0,6.305188293E0,6.806495819E0
2.809275296E1,3.647914124E0,6.415059814E0,6.674470367E0
2.811269196E1,3.657494202E0,6.437513123E0,6.452332306E0
2.813263196E1,3.473676453E0,6.546187134E0,6.464307404E0
2.815257096E1,3.331023102E0,6.612798615E0,6.192921753E0
2.817250996E1,3.392994232E0,6.584208069E0,6.198759613E0
2.819244996E1,3.426225128E0,6.507866821E0,6.512806549E0
2.821238896E1,3.363505554E0,6.356980591E0,6.540498962E0
2.823232796E1,3.393443298E0,6.263724518E0,6.573879547E0
2.825226696E1,3.530707855E0,6.189179535E0,6.641089783E0
2.827220696E1,3.690425720E0,6.137087860E0,6.721622314E0
2.829214596E1,3.826043701E0,6.194418640E0,6.688092041E0
2.831208496E1,3.908073120E0,6.302044830E0,6.688690796E0
2.833202496E1,3.877985687E0,6.324198761E0,6.756799164E0
2.835196396E1,3.763773193E0,6.266269226E0,6.778653717E0
2.837190296E1,3.585793304E0,6.252198486E0,6.592890015E0
2.839184196E1,3.532953186E0,6.333479462E0,6.464157715E0
2.841178196E1,3.520978088E0,6.385122070E0,6.470444641E0
2.843172096E1,3.538641357E0,6.416407013E0,6.543941803E0
2.845165921E1,3.558549957E0,6.399791565E0,6.609804840E0
2.847159921E1,3.579356689E0,6.317612457E0,6.709946594E0
2.849153821E1,3.641776886E0,6.158942413E0,6.845714264E0
2.851147721E1,3.680695953E0,6.075565796E0,6.899302826E0
2.853141621E1,3.710184631E0,6.127807159E0,6.902446289E0
2.855135621E1,3.732338562E0,6.152954865E0,6.884333954E0
2.857129521E1,3.727698212E0,6.120921478E0,6.815327454E0
2.859123421E1,3.629801788E0,6.156547394E0,6.770869904E0
2.861117321E1,3.506458282E0,6.269113312E0,6.650520172E0
2.863111321E1,3.423680420E0,6.383026428E0,6.670279083E0
2.865105221E1,3.425177307E0,6.426735535E0,6.722969513E0
2.867099121E1,3.458258514E0,6.268813934E0,6.732848969E0
2.869093121E1,3.502865753E0,6.070775757E0,6.754853210E0
2.871087021E1,3.552712097E0,6.054459686E0,7.044949951E0
2.873080921E1,3.535647583E0,5.979315948E0,6.706503754E0
2.875074821E1,3.475921783E0,6.076014862E0,6.643484802E0
2.877068821E1,3.352578278E0,6.372697906E0,6.693780212E0
2.879062721E1,3.286415863E0,6.269861755E0,6.561455383E0
2.881056621E1,3.386108551E0,5.948330383E0,6.528224487E0
2.883050621E1,3.471431122E0,5.829028473E0,6.547234955E0
2.885044521E1,3.418441315E0,6.099515991E0,6.586453400E0
2.887038421E1,3.413202209E0,6.433770905E0,6.724915466E0
2.889032321E1,3.332819366E0,6.427034912E0,6.591842194E0
2.891026321E1,3.228037262E0,6.216871948E0,6.474486237E0
2.893020221E1,3.317700806E0,6.072122955E0,6.534810791E0
2.895014121E1,3.548969879E0,6.024372253E0,6.452182617E0
2.897008121E1,3.700754242E0,6.101312256E0,6.345304871E0
2.899002021E1,3.737427979E0,6.005960541E0,6.306086426E0
2.900995921E1,3.531456299E0,5.808820496E0,6.046077118E0
2.902989821E1,3.265160065E0,5.716911621E0,5.830525360E0
2.904983821E1,3.027604065E0,5.694009247E0,5.660179596E0
2.906977721E1,2.831212463E0,5.401367798E0,5.435047760E0
2.908971621E1,2.620899811E0,4.937781830E0,5.192102966E0
2.910965621E1,2.205214233E0,4.894372101E0,4.830305328E0
2.912959521E1,1.868564301E0,5.329517212E0,4.953648834E0
2.914953421E1,1.642234955E0,5.523513794E0,5.145998840E0
2.916947321E1,1.543739777E0,5.278772736E0,4.729864197E0
2.918941321E1,1.537153473E0,5.286406860E0,4.350253601E0
2.920935221E1,1.551523590E0,5.776338043E0,4.318369904E0
2.922929121E1,1.406774597E0,6.396648102E0,4.636159058E0
2.924923121E1,1.132694550E0,6.900051270E0,4.830604706E0
2.926917021E1,9.987231445E-1,7.266339569E0,4.417463837E0
2.928910921E1,1.354682922E0,7.414681091E0,4.080664215E0
2.930904821E1,1.557810516E0,7.314539337E0,4.533023529E0
2.932898821E1,1.339115295E0,7.115004272E0,4.736899567E0
2.934892721E1,1.057550812E0,7.137756958E0,4.823719025E0
2.936886621E1,9.632469177E-1,7.497908020E0,4.994813232E0
2.938880621E1,1.200503540E0,7.978259125E0,5.368585968E0
2.940874521E1,1.507365417E0,8.227790222E0,5.421126709E0
2.942868421E1,1.407073975E0,7.895630951E0,5.511688385E0
2.944862433E1,9.756710815E-1,7.576644287E0,5.387147369E0
2.946856333E1,5.852828979E-1,7.682025146E0,4.751569061E0
2.948850233E1,3.999682617E-1,8.039930878E0,4.544399872E0
2.950844133E1,3.061134338E-1,8.372389526E0,4.590953064E0
2.952838133E1,3.231779480E-1,8.645571442E0,4.354145508E0
2.954832033E1,5.929170227E-1,8.928632812E0,4.487518158E0
2.956825933E1,9.321116638E-1,8.967701569E0,4.968318329E0
2.958819933E1,1.072968750E0,8.957822113E0,4.996310120E0
2.960813833E1,1.054257660E0,9.182205505E0,5.138963470E0
2.962807733E1,1.045725403E0,9.514065399E0,5.263055420E0
2.964801633E1,1.169517975E0,9.620045013E0,5.270539856E0
2.966795633E1,1.390308838E0,9.732311554E0,5.306614838E0
2.968789533E1,1.594484253E0,9.999056854E0,5.500611420E0
2.970783433E1,1.704804840E0,1.018047958E1,5.519172821E0
2.972777433E1,1.696122894E0,1.005968079E1,5.391638031E0
2.974771333E1,1.631307678E0,9.998907166E0,5.289550323E0
2.976765233E1,1.645827484E0,1.014605118E1,4.904700623E0
2.978759233E1,1.685644684E0,1.030786469E1,4.924758911E0
2.980753133E1,1.566492462E0,1.027358597E1,4.999453583E0
2.982747033E1,1.498384094E0,1.014769775E1,4.942721558E0
2.984740933E1,1.617087250E0,1.010982651E1,4.763993225E0
2.986734933E1,1.717079315E0,1.039273819E1,4.529880066E0
2.988728833E1,1.747915192E0,1.041833496E1,4.461172943E0
2.990722733E1,1.687291260E0,1.044662613E1,4.881199493E0
2.992716733E1,1.572629700E0,1.030876282E1,4.622537384E0
2.994710633E1,1.652862854E0,1.024155258E1,4.452041931E0
2.996704533E1,1.694476318E0,1.027882507E1,4.260590057E0
2.998698533E1,1.555714874E0,1.023346939E1,4.258344727E0
3.000692433E1,1.536554718E0,1.010533585E1,4.558620300E0
3.002686333E1,1.641636200E0,1.012434631E1,4.696932678E0
3.004680233E1,1.767524414E0,1.018901184E1,4.771028595E0
3.006674233E1,1.850152588E0,1.017164795E1,4.800816650E0
3.008668133E1,1.877096558E0,1.006207581E1,4.752167816E0
3.010662033E1,1.736538849E0,1.007345215E1,4.600084076E0
3.012656033E1,1.630259857E0,1.027433441E1,4.735702057E0
3.014649933E1,1.615290985E0,1.032912048E1,4.855453033E0
3.016643833E1,1.667532349E0,1.021206390E1,4.957241364E0
3.018637833E1,1.840422821E0,1.030202682E1,4.977299652E0
3.020631733E1,1.959874420E0,1.055739578E1,5.034181366E0
3.022625633E1,1.881287842E0,1.068927155E1,4.982688446E0
3.024619533E1,1.740281067E0,1.071217392E1,4.886737976E0
3.026613533E1,1.622625732E0,1.073896820E1,4.885690155E0
3.028607433E1,1.643881531E0,1.070663544E1,4.829107819E0
3.030601333E1,1.700164490E0,1.063358734E1,4.846920776E0
3.032595333E1,1.768422546E0,1.060544586E1,4.853956146E0
3.034589233E1,1.796564026E0,1.039468414E1,4.811743927E0
3.036583133E1,1.744921417E0,1.022388931E1,4.793781281E0
3.038577133E1,1.699116669E0,1.016805542E1,4.827910309E0
3.040571033E1,1.640139313E0,1.005608826E1,4.933440857E0
3.042564933E1,1.577569427E0,9.811347198E0,4.568799133E0
3.044558921E1,1.628164215E0,9.765243073E0,4.631219330E0
3.046552821E1,1.543590088E0,9.779463501E0,4.552632751E0
3.048546721E1,1.379680939E0,9.539213104E0,4.257296906E0
3.050540621E1,1.369502106E0,9.388177185E0,4.106111298E0
3.052534621E1,1.372196503E0,9.364376678E0,4.115092621E0
3.054528521E1,1.350042572E0,9.175020447E0,4.171824646E0
3.056522421E1,1.284179535E0,9.011710052E0,4.131109314E0
3.058516421E1,1.280886383E0,9.072184296E0,4.076772308E0
3.060510321E1,1.355131989E0,9.045839081E0,4.083059235E0
3.062504221E1,1.451232147E0,8.856931915E0,3.966451721E0
3.064498221E1,1.426234131E0,8.706345062E0,3.956871643E0
3.066492121E1,1.425934753E0,8.535699921E0,3.946243744E0
3.068486021E1,1.514101410E0,8.357869720E0,3.992497559E0
3.070479921E1,1.516197052E0,8.236172791E0,4.360133057E0
3.072473921E1,1.420096893E0,8.024363251E0,4.190386047E0
3.074467821E1,1.354233856E0,7.948620758E0,3.949237518E0
3.076461721E1,1.290915527E0,8.161478119E0,3.814667358E0
3.078455721E1,1.190474396E0,8.372090149E0,3.972439270E0
3.080449621E1,1.229543152E0,8.175548859E0,4.091292114E0
3.082443521E1,1.409768372E0,7.728578339E0,3.635489960E0
3.084437521E1,1.744622040E0,7.526947632E0,3.650608521E0
3.086431421E1,1.933379517E0,7.688312073E0,4.006568298E0
3.088425321E1,1.979932709E0,7.737859039E0,4.141138458E0
3.090419321E1,1.923200684E0,7.551496582E0,3.755240936E0
3.092413221E1,1.865271149E0,7.481442261E0,3.679348755E0
3.094407121E1,1.793869629E0,7.548802185E0,3.811224518E0
3.096401121E1,1.779649200E0,7.490273895E0,3.962859192E0
3.098395021E1,1.742077332E0,7.066205750E0,3.741918640E0
3.100388921E1,1.773661652E0,6.715784454E0,3.638334045E0
3.102382921E1,1.856738892E0,6.783743134E0,4.027973785E0
3.104376821E1,1.951491852E0,7.050189056E0,4.365521851E0
3.106370721E1,2.079924774E0,6.979535980E0,4.265978851E0
3.108364621E1,2.192640381E0,6.699169006E0,4.512216797E0
3.110358621E1,2.291135559E0,6.564000092E0,4.733307037E0
3.112352521E1,2.488125916E0,6.736142120E0,4.626429291E0
3.114346421E1,2.576292572E0,7.115153961E0,4.402195587E0
3.116340421E1,2.511477356E0,7.245981903E0,4.619842987E0
3.118334321E1,2.315385132E0,7.072342987E0,4.772974548E0
3.120328221E1,2.205064545E0,7.018305359E0,4.833598480E0
3.122322221E1,2.303260345E0,7.043602753E0,5.123844910E0
3.124316121E1,2.583926697E0,6.877298584E0,5.421575775E0
3.126310021E1,2.847678223E0,6.669979706E0,5.630092163E0
3.128304021E1,2.917582855E0,6.504873047E0,5.698200531E0
3.130297921E1,2.775079193E0,6.425238647E0,5.684728546E0
3.132291821E1,2.705923004E0,6.501130829E0,5.921087036E0
3.134285821E1,2.824775848E0,6.621630249E0,6.153852997E0
3.136279721E1,3.064277802E0,6.678362274E0,6.376589813E0
3.138273621E1,3.325484619E0,6.704557800E0,6.555467834E0
3.140267621E1,3.513793030E0,6.679859161E0,6.487509155E0
3.142261521E1,3.532653809E0,6.768474884E0,6.236780548E0
3.144255421E1,3.452720032E0,7.156168671E0,6.259982300E0
3.146249446E1,3.421435089E0,7.515720978E0,6.387517090E0
3.148243346E1,3.490291901E0,7.505691833E0,6.226002960E0
3.150237246E1,3.677253113E0,7.280859375E0,6.044729919E0
3.152231146E1,3.779789886E0,7.076683960E0,6.248905334E0
3.154225146E1,3.719615021E0,6.911876678E0,6.377787323E0
3.156219046E1,3.690276031E0,6.733896790E0,6.029461670E0
3.158212946E1,3.661984863E0,6.750063171E0,6.136339417E0
3.160206946E1,3.583547974E0,6.846762085E0,6.044131165E0
3.162200846E1,3.631897430E0,6.903344421E0,5.875881042E0
3.164194746E1,3.739373932E0,6.959328003E0,5.922583923E0
3.166188746E1,3.712130585E0,6.942263489E0,5.994434509E0
3.168182646E1,3.672463074E0,6.886279907E0,6.120622101E0
3.170176546E1,3.619772644E0,6.788084106E0,6.021827545E0
3.172170546E1,3.535048828E0,6.745273132E0,5.974825287E0
3.174164446E1,3.419489136E0,6.765780487E0,6.006708984E0
3.176158346E1,3.301983490E0,6.774312744E0,6.029611359E0
3.178152346E1,3.253334656E0,6.718927917E0,5.918093262E0
3.180146246E1,3.363655243E0,6.775360565E0,5.989494781E0
3.182140146E1,3.518732758E0,6.972350922E0,6.146967316E0
3.184134146E1,3.599714355E0,6.903943176E0,6.146218872E0
3.186128046E1,3.624113617E0,6.731801147E0,6.110443268E0
3.188121946E1,3.575015717E0,6.777605896E0,6.135740662E0
3.190115946E1,3.467688904E0,6.928492126E0,6.214327240E0
3.192109846E1,3.464246063E0,6.923851776E0,6.117478638E0
3.194103746E1,3.496728516E0,6.888674927E0,6.029461670E0
3.196097746E1,3.525917816E0,6.962321777E0,6.104306030E0
3.198091646E1,3.503763885E0,6.982978821E0,6.176455994E0
3.200085546E1,3.580254822E0,6.864724731E0,6.185137939E0
3.202079546E1,3.678600311E0,6.781048737E0,6.085894318E0
3.204073446E1,3.643872528E0,6.852599945E0,6.233487396E0
3.206067346E1,3.525319061E0,6.820267181E0,6.168223114E0
3.208061346E1,3.480412445E0,6.726112976E0,6.287225647E0
3.210055246E1,3.456462250E0,6.680906982E0,6.089935913E0
3.212049146E1,3.549269257E0,6.755002899E0,6.136040039E0
3.214043146E1,3.592828674E0,6.940766602E0,6.435567169E0
3.216037046E1,3.522175598E0,6.875202942E0,6.364614716E0
3.218030946E1,3.494483185E0,6.772067413E0,6.230643311E0
3.220024946E1,3.442391510E0,6.793323212E0,6.287525024E0
3.222018846E1,3.409759369E0,6.805597687E0,6.319408722E0
3.224012746E1,3.472179565E0,6.751410370E0,6.445895691E0
3.226006746E1,3.534450073E0,6.546935577E0,6.563700714E0
3.228000646E1,3.561843109E0,6.346053314E0,6.531218262E0
3.229994546E1,3.570824432E0,6.389762421E0,6.379284210E0
3.231988446E1,3.513643341E0,6.590195618E0,6.181994476E0
3.233982446E1,3.386707306E0,6.856042786E0,6.105802917E0
3.235976346E1,3.304977264E0,7.069498901E0,6.133495331E0
3.237970246E1,3.180436249E0,6.992558899E0,6.041137390E0
3.239964246E1,2.984344025E0,6.760391693E0,5.877677307E0
3.241958146E1,2.921025696E0,6.749763794E0,5.949976959E0
3.243952046E1,3.013982391E0,6.818021851E0,5.998476105E0
3.245946046E1,3.097209320E0,6.477480011E0,6.095773773E0
3.247939946E1,3.030747528E0,5.898633728E0,6.176306305E0
3.249933846E1,2.935096436E0,5.266498260E0,5.893694000E0
3.251927846E1,2.820434875E0,4.945116577E0,5.515430603E0
3.253921746E1,2.781216431E0,4.954996033E0,5.304818573E0
3.255915646E1,2.681972809E0,5.003644867E0,5.005740509E0
3.257909646E1,2.340832214E0,4.986280975E0,4.744384003E0
3.259903546E1,1.891017609E0,4.949307861E0,4.465813293E0
3.261897446E1,1.556313629E0,4.906197510E0,4.463567963E0
3.263891446E1,1.468446350E0,4.909041595E0,4.659061432E0
3.265885346E1,1.501976624E0,5.345384216E0,4.836292877E0
3.267879246E1,1.637594604E0,6.069877625E0,4.681365051E0
3.269873246E1,1.717528381E0,6.492149506E0,4.698878632E0
3.271867146E1,1.573827209E0,6.412515106E0,4.805457001E0
3.273861046E1,1.436263275E0,6.336024170E0,4.467459869E0
3.275855046E1,1.471589813E0,6.600673828E0,4.267326050E0
3.277848946E1,1.430275726E0,6.930737457E0,4.443958740E0
3.279842846E1,1.182989960E0,7.263196106E0,4.479434967E0
3.281836846E1,9.382489014E-1,7.655530243E0,4.833448792E0
3.283830746E1,8.788224792E-1,8.002808075E0,5.318739624E0
3.285824646E1,9.548643494E-1,8.027057648E0,5.615871735E0
3.287818646E1,1.051263885E0,7.961194611E0,5.688620453E0
3.289812546E1,1.321751404E0,7.930508423E0,5.859265594E0
3.291806446E1,1.492845612E0,7.935148773E0,5.978717194E0
3.293800446E1,1.502874756E0,8.020321655E0,6.030060425E0
3.295794346E1,1.394649811E0,8.160430298E0,6.055956573E0
3.297788246E1,1.254092102E0,8.390950928E0,6.150709534E0
3.299782246E1,1.192270660E0,8.607999573E0,6.080206146E0
3.301776146E1,1.232237549E0,8.710835724E0,5.712720337E0
3.303770046E1,1.189127197E0,8.769962769E0,5.632936249E0
3.305764046E1,1.048719177E0,8.750952301E0,5.713169403E0
3.307757946E1,9.261241150E-1,8.686137085E0,5.752537537E0
3.309751846E1,9.484277344E-1,8.650511169E0,5.681884460E0
3.311745846E1,1.074765015E0,8.770112457E0,5.716462555E0
3.313739746E1,1.252894592E0,9.070537720E0,5.495971069E0
3.315733646E1,1.320254517E0,9.244176636E0,5.447621613E0
3.317727646E1,1.069974976E0,9.126970367E0,5.647006989E0
3.319721546E1,8.177494812E-1,9.183103638E0,5.673052826E0
3.321715446E1,8.548722839E-1,9.524244232E0,5.459596710E0
3.323709446E1,1.132544861E0,9.815388794E0,5.596861267E0
3.325703346E1,1.166673889E0,9.912836151E0,5.748795319E0
3.327697246E1,1.044078827E0,9.683812408E0,5.415438538E0
3.329691246E1,9.419911194E-1,9.676327972E0,5.379513245E0
3.331685146E1,8.710386658E-1,1.002390518E1,5.466332703E0
3.333679046E1,8.686436462E-1,1.005069946E1,5.379662933E0
3.335673046E1,8.289761353E-1,9.744286652E0,5.530100098E0
3.337666946E1,7.098239136E-1,9.624835052E0,5.411097565E0
3.339660846E1,7.444020081E-1,9.924212494E0,5.278173981E0
3.341654846E1,8.994795227E-1,9.998009033E0,5.177882538E0
3.343648746E1,9.057664490E-1,9.697134705E0,5.270240479E0
3.345642633E1,7.559280396E-1,9.662556610E0,5.361251221E0
3.347636633E1,8.440946960E-1,9.884395294E0,5.216651917E0
3.349630533E1,1.116228790E0,1.004710693E1,5.421126709E0
3.351624433E1,1.290915527E0,1.006162674E1,5.398224335E0
3.353618433E1,1.308429108E0,1.013617172E1,5.668412476E0
3.355612333E1,1.215921478E0,1.010174332E1,5.741460571E0
3.357606233E1,1.273252258E0,1.014694931E1,5.723198547E0
3.359600233E1,1.396296387E0,1.032582733E1,5.637127533E0
3.361594133E1,1.433568878E0,1.041534119E1,5.765859833E0
3.363588033E1,1.530716858E0,1.031998947E1,6.097420349E0
3.365582033E1,1.720073090E0,1.016566040E1,6.326444092E0
3.367575933E1,1.860930176E0,1.009590546E1,6.355783081E0
3.369569833E1,1.861678619E0,1.006102798E1,6.390660553E0
3.371563833E1,1.712139587E0,9.905351715E0,6.485862579E0
3.373557733E1,1.455273743E0,9.929002533E0,6.060147858E0
3.375551633E1,1.400936737E0,1.000025436E1,5.682932281E0
3.377545633E1,1.346450043E0,1.004022125E1,5.923631744E0
3.379539533E1,1.191522217E0,9.760303345E0,5.601202240E0
3.381533433E1,1.144070892E0,9.478439484E0,5.615871735E0
3.383527433E1,1.089584198E0,9.472901001E0,5.558690643E0
3.385521333E1,1.062789917E0,9.596094818E0,5.438191223E0
3.387515233E1,9.461824036E-1,9.571845245E0,5.387446747E0
3.389509233E1,8.833131409E-1,9.435778198E0,5.159470825E0
3.391503133E1,8.503816223E-1,9.454040222E0,5.172942810E0
3.393497033E1,8.162525940E-1,9.632469177E0,5.080435181E0
3.395491033E1,9.017248535E-1,9.843829651E0,5.048850861E0
3.397484933E1,8.828640747E-1,9.645192719E0,4.951104126E0
3.399478833E1,9.240284729E-1,9.211095428E0,4.785997467E0
3.401472833E1,1.078207855E0,8.980874176E0,4.759203186E0
3.403466733E1,1.099912720E0,8.925339661E0,4.681664429E0
3.405460633E1,1.077160034E0,8.717721405E0,4.561913452E0
3.407454633E1,1.027313690E0,8.373287659E0,4.560865631E0
3.409448533E1,9.234297180E-1,8.014184418E0,4.341272278E0
3.411442433E1,8.497828674E-1,7.925419006E0,4.390519867E0
3.413436433E1,8.788224792E-1,8.337512054E0,4.446653137E0
3.415430333E1,1.055455170E0,8.727301483E0,4.363725586E0
3.417424233E1,1.239721985E0,8.791218567E0,4.454287262E0
3.419418233E1,1.271605682E0,8.583750000E0,4.663701782E0
3.421412133E1,1.252595215E0,8.274193726E0,4.828209686E0
3.423406033E1,1.193019104E0,8.004454651E0,4.696184235E0
3.425400033E1,1.323697357E0,7.702532501E0,4.464466095E0
3.427393933E1,1.704056396E0,7.266339569E0,4.529131622E0
3.429387833E1,1.979932709E0,6.956633606E0,4.485871582E0
3.431381833E1,2.110610962E0,7.066654816E0,4.672234039E0
3.433375733E1,1.961371307E0,7.377857666E0,4.728367310E0
3.435369633E1,1.634151764E0,7.287445679E0,4.557572479E0
3.437363633E1,1.511706390E0,6.732250214E0,4.091142426E0
3.439357533E1,1.598675537E0,6.207890625E0,3.903283081E0
3.441351433E1,1.586850128E0,6.114933929E0,4.202510834E0
3.443345433E1,1.468895416E0,6.236930237E0,4.440366211E0
3.445339408E1,1.255289612E0,6.524781647E0,4.107757874E0
3.447333308E1,1.232237549E0,7.204518127E0,4.159400482E0
3.449327308E1,1.417103119E0,7.447013855E0,4.427942047E0
3.451321208E1,1.746418304E0,7.121740265E0,4.858446808E0
3.453315108E1,2.024689636E0,6.968758392E0,4.987628174E0
3.455309108E1,2.241738281E0,7.064708862E0,5.091512146E0
3.457303008E1,2.232158203E0,7.319329376E0,5.262157288E0
3.459296908E1,2.060764618E0,7.499255219E0,5.297334137E0
3.461290908E1,1.935325470E0,7.220385132E0,5.344935150E0
3.463284808E1,1.814227295E0,6.717431030E0,5.555696869E0
3.465278708E1,1.855092316E0,6.461912384E0,5.852230225E0
3.467272708E1,2.069596252E0,6.572232971E0,5.942642212E0
3.469266608E1,2.229912872E0,6.782246246E0,5.882617035E0
3.471260508E1,2.265089722E0,6.791227570E0,5.963149567E0
3.473254508E1,2.240540771E0,6.509363708E0,6.246061249E0
3.475248408E1,2.123184814E0,6.124064941E0,5.651497650E0
3.477242308E1,2.106269989E0,6.201304321E0,5.654641113E0
3.479236308E1,2.066303101E0,6.901248779E0,6.124364319E0
3.481230208E1,2.007774811E0,7.193291473E0,6.217919769E0
3.483224108E1,1.982178040E0,6.804849243E0,5.861061859E0
3.485218108E1,2.111808472E0,6.575526123E0,6.029461670E0
3.487212008E1,2.284399567E0,6.853647766E0,6.592590637E0
3.489205908E1,2.397264862E0,7.010671234E0,6.620283051E0
3.491199908E1,2.481838989E0,6.912774811E0,6.549180908E0
3.493193808E1,2.563569031E0,6.767427063E0,6.427783356E0
3.495187708E1,2.567760315E0,6.804549866E0,6.308780823E0
3.497181708E1,2.490520935E0,7.025041351E0,6.403683472E0
3.499175608E1,2.430944824E0,7.099137268E0,6.425687714E0
3.501169508E1,2.469564514E0,6.957232361E0,6.388415222E0
3.503163508E1,2.558778992E0,6.889722748E0,6.454427948E0
3.505157408E1,2.657423859E0,6.929390259E0,6.624923401E0
3.507151308E1,2.765948181E0,6.955735474E0,6.815926208E0
3.509145308E1,2.877316589E0,6.825057220E0,6.802005157E0
3.511139208E1,2.971021729E0,6.781797180E0,6.759643250E0
3.513133108E1,2.987786865E0,6.952592010E0,6.731801147E0
3.515127108E1,2.888992310E0,6.935228119E0,6.605164490E0
3.517121008E1,2.672991486E0,6.802304535E0,6.471941528E0
3.519115008E1,2.458038483E0,6.786437531E0,6.565047913E0
3.521108908E1,2.440674591E0,6.737938385E0,6.667884064E0
3.523102808E1,2.613864441E0,6.688541107E0,6.700216827E0
3.525096808E1,2.773582306E0,6.762637024E0,6.811734924E0
3.527090708E1,2.827919312E0,6.762187958E0,6.804998932E0
3.529084608E1,2.687810669E0,6.697522430E0,6.759942627E0
3.531078608E1,2.482437744E0,6.752158813E0,6.689888306E0
3.533072508E1,2.393073578E0,6.735992432E0,6.442602539E0
3.535066408E1,2.378553772E0,6.687193909E0,6.533313904E0
3.537060408E1,2.474354553E0,6.719526672E0,6.757547607E0
3.539054308E1,2.536625061E0,6.775210876E0,6.407276001E0
3.541048208E1,2.695295105E0,6.927144928E0,6.695426788E0
3.543042208E1,2.721191254E0,7.017107849E0,6.886878662E0
3.545036058E1,2.587219849E0,6.775659943E0,6.664291534E0
3.547029958E1,2.472258911E0,6.700067139E0,6.561006317E0
3.549023958E1,2.426753540E0,6.838529205E0,6.553521881E0
3.551017858E1,2.446063385E0,6.920259247E0,6.540049896E0
3.553011758E1,2.473606110E0,6.879244537E0,6.516548767E0
3.555005758E1,2.400857391E0,6.854396210E0,6.526877289E0
3.556999658E1,2.339185638E0,6.947801971E0,6.580914917E0
3.558993558E1,2.392025757E0,7.016509094E0,6.600374451E0
3.560987558E1,2.452500000E0,6.898554382E0,6.620881805E0
3.562981458E1,2.487078094E0,6.698420563E0,6.624174957E0
3.564975358E1,2.512225800E0,6.644981689E0,6.671476593E0
3.566969358E1,2.565514984E0,6.806196442E0,6.678511963E0
3.568963258E1,2.571502533E0,6.900949402E0,6.708300018E0
3.570957158E1,2.523452454E0,6.854845276E0,6.636599121E0
3.572951158E1,2.484234009E0,6.767127686E0,6.624324646E0
3.574945058E1,2.431543579E0,6.750811615E0,6.654112701E0
3.576938958E1,2.438279572E0,6.746620331E0,6.706952820E0
3.578932958E1,2.503543854E0,6.774462433E0,6.610253906E0
3.580926858E1,2.536325684E0,6.823260956E0,6.602021027E0
3.582920858E1,2.440973969E0,6.893315277E0,6.722819824E0
3.584914758E1,2.315834198E0,6.865922241E0,6.676566010E0
3.586908658E1,2.361938324E0,6.703060913E0,6.558611298E0
3.588902658E1,2.412533112E0,6.604715424E0,6.528972931E0
3.590896558E1,2.347119141E0,6.580615540E0,6.615193634E0
3.592890458E1,2.142494659E0,6.455176392E0,6.553372192E0
3.594884458E1,1.938319244E0,6.221661987E0,6.423143005E0
3.596878358E1,1.885329437E0,6.078260193E0,6.304140472E0
3.598872258E1,2.017205200E0,6.198759613E0,6.424789581E0
3.600866258E1,2.016905823E0,6.273903351E0,6.445296936E0
3.602860158E1,1.938468933E0,6.079308014E0,6.246061249E0
3.604854058E1,1.826202393E0,5.964197388E0,5.992937622E0
3.606848058E1,1.839674377E0,5.943540344E0,5.867199097E0
3.608841958E1,2.030078430E0,5.902825012E0,5.691614227E0
3.610835858E1,2.173629913E0,5.938151550E0,5.798491974E0
3.612829858E1,2.081122284E0,6.104006653E0,5.966293030E0
3.614823758E1,1.926344147E0,6.405928802E0,5.905669098E0
3.616817658E1,1.967209167E0,6.450685730E0,5.713169403E0
3.618811658E1,1.929786987E0,6.096073151E0,5.346881104E0
3.620805558E1,1.678609314E0,6.067781982E0,5.054089966E0
3.622799558E1,1.342258759E0,6.515351257E0,4.871170349E0
3.624793458E1,1.243314514E0,6.632258148E0,4.621040497E0
3.626787358E1,1.229393463E0,6.198909302E0,4.624633026E0
3.628781358E1,9.970765686E-1,5.925278320E0,4.839436340E0
3.630775258E1,7.891589355E-1,5.968089294E0,4.568350067E0
3.632769158E1,7.704478455E-1,5.988746338E0,4.486021271E0
3.634763158E1,7.737409973E-1,6.150260468E0,4.492008820E0
3.636757058E1,7.752378845E-1,6.614445190E0,4.459376678E0
3.638750958E1,6.779402161E-1,7.287595367E0,4.712949371E0
3.640744958E1,6.179150391E-1,7.580386505E0,4.839885406E0
3.642738858E1,6.679110718E-1,7.221582642E0,5.140759735E0
3.644732758E1,7.691006470E-1,7.103478241E0,4.990621948E0
3.646726758E1,9.735754395E-1,7.619006195E0,4.618645477E0
3.648720658E1,9.822573853E-1,8.122259674E0,4.948709106E0
3.650714558E1,7.649093628E-1,8.175399170E0,5.522915039E0
3.652708558E1,4.218228149E-1,8.000712433E0,5.325325928E0
3.654702458E1,3.100053406E-1,8.265362091E0,4.862488403E0
3.656696458E1,4.474195862E-1,9.118138733E0,4.895270233E0
3.658690358E1,4.754113770E-1,9.659712524E0,4.860542450E0
3.660684258E1,4.652325439E-1,9.455537109E0,4.969815216E0
3.662678258E1,3.986210632E-1,9.129066010E0,5.122647400E0
3.664672158E1,3.679348755E-1,9.180109863E0,5.238057404E0
3.666666058E1,5.295986938E-1,9.781110077E0,5.218897247E0
3.668660058E1,7.592211914E-1,1.028870453E1,5.586532745E0
3.670653958E1,9.134005737E-1,1.007464966E1,5.802832947E0
3.672647858E1,9.006770325E-1,9.570947113E0,5.821244659E0
3.674641858E1,6.489006042E-1,9.321715393E0,5.566175079E0
3.676635758E1,3.981719971E-1,9.420959015E0,5.511089630E0
3.678629658E1,2.805166626E-1,9.480385437E0,5.867498474E0
3.680623658E1,3.198847961E-1,9.111253052E0,6.023324432E0
3.682617558E1,3.008743286E-1,8.768016815E0,5.790708160E0
3.684611458E1,3.339555359E-1,8.846603394E0,5.596861267E0
3.686605458E1,4.541555786E-1,9.165290680E0,5.754932556E0
3.688599358E1,6.294410706E-1,9.311237183E0,5.851182404E0
3.690593358E1,7.104226685E-1,9.137298889E0,6.258635101E0
3.692587258E1,6.363267517E-1,9.222621460E0,6.289920044E0
3.694581158E1,6.773414612E-1,9.533674622E0,6.049070892E0
3.696575158E1,7.137158203E-1,9.994566193E0,6.193071442E0
3.698569058E1,8.740324402E-1,1.010069550E1,6.170618134E0
3.700562958E1,9.102571106E-1,9.977351990E0,6.153852997E0
3.702556958E1,8.581654358E-1,1.002600082E1,6.466403046E0
3.704550858E1,9.253756714E-1,1.007599686E1,6.558012543E0
3.706544758E1,9.629475403E-1,1.018721558E1,6.466552734E0
3.708538758E1,1.055604858E0,1.039004379E1,6.671177216E0
3.710532658E1,1.142124939E0,1.065738785E1,6.601272583E0
3.712526558E1,1.154399414E0,1.070723419E1,6.691684570E0
3.714520558E1,1.095422058E0,1.044243484E1,6.750811615E0
3.716514458E1,9.845027161E-1,1.020667511E1,6.601272583E0
3.718508358E1,9.092092896E-1,1.033226395E1,6.393654327E0
3.720502358E1,8.270301819E-1,1.051832703E1,6.290069733E0
3.722496258E1,7.734416199E-1,1.040710831E1,6.142177277E0
3.724490258E1,8.384065247E-1,1.033226395E1,6.061345367E0
3.726484158E1,1.019529877E0,1.034543655E1,6.123765564E0
3.728478058E1,1.054706726E0,1.017000137E1,5.998775482E0
3.730472058E1,1.091829529E0,9.950857086E0,5.936954041E0
3.732465958E1,1.038240967E0,9.828112335E0,6.077511749E0
3.734459858E1,8.364605713E-1,9.660910034E0,5.810317383E0
3.736453858E1,7.484436035E-1,9.444310455E0,5.579197998E0
3.738447758E1,6.897656250E-1,9.307045898E0,5.495971069E0
3.740441658E1,6.490502930E-1,9.269024963E0,5.430407410E0
3.742435658E1,5.803431702E-1,9.360185394E0,5.270539856E0
3.744429558E1,5.472619629E-1,9.408235474E0,5.310357056E0
3.746423421E1,6.429130554E-1,9.139394531E0,5.264402618E0
3.748417421E1,7.897576904E-1,8.797954559E0,5.172493744E0
3.750411321E1,8.873547363E-1,8.619525604E0,5.007836151E0
3.752405221E1,8.925938416E-1,8.531808014E0,4.660258942E0
3.754399221E1,8.378077698E-1,8.615633698E0,4.820874939E0
3.756393121E1,7.827223206E-1,8.690328369E0,4.857398987E0
3.758387121E1,8.400531006E-1,8.565787354E0,5.061724091E0
3.760381021E1,9.404942322E-1,8.192463684E0,4.771627350E0
3.762374921E1,1.129102020E0,7.785609741E0,4.335284729E0
3.764368921E1,1.117126923E0,8.046966248E0,4.752018127E0
3.766362821E1,1.036744080E0,8.406368866E0,5.040468292E0
3.768356721E1,9.518705750E-1,8.196654968E0,5.040468292E0
3.770350721E1,1.076710968E0,7.858657837E0,4.850064240E0
3.772344621E1,1.221160583E0,7.592960358E0,4.911137238E0
3.774338521E1,1.389560394E0,7.310048676E0,4.774022369E0
3.776332521E1,1.509311371E0,7.138505402E0,4.846022644E0
3.778326421E1,1.506616974E0,7.162455597E0,5.219496002E0
3.780320421E1,1.240919495E0,7.208709412E0,5.063969421E0
3.782314321E1,1.151555328E0,7.112459564E0,4.096830597E0
3.784308221E1,1.299747162E0,6.851552124E0,3.977528687E0
3.786302221E1,1.446442108E0,6.557713165E0,3.821103973E0
3.788296121E1,1.531465302E0,6.357579346E0,4.355043640E0
3.790290021E1,1.410367126E0,6.426136780E0,5.120102692E0
3.792284021E1,1.321452026E0,6.689139862E0,5.259762268E0
3.794277921E1,1.465452576E0,6.974895630E0,5.039270782E0
3.796271821E1,1.691332855E0,6.962770844E0,4.988226929E0
3.798265821E1,1.661095734E0,6.831344147E0,5.307662659E0
3.800259721E1,1.525028687E0,6.770869904E0,5.392386475E0
3.802253621E1,1.500779114E0,6.756948853E0,5.462291107E0
3.804247621E1,1.492396545E0,6.841972046E0,5.691464539E0
3.806241521E1,1.535057831E0,6.956633606E0,6.029910736E0
3.808235521E1,1.520837402E0,6.791077881E0,5.975124664E0
3.810229421E1,1.574126587E0,6.543792114E0,5.640720062E0
3.812223321E1,1.637444916E0,6.371799774E0,5.532195740E0
3.814217321E1,1.640139313E0,6.236032104E0,5.734275513E0
3.816211221E1,1.559606781E0,6.137536926E0,5.939498749E0
3.818205121E1,1.586550751E0,6.163732452E0,5.856421509E0
3.820199121E1,1.877545624E0,6.206842804E0,6.247558136E0
3.822193021E1,2.195783844E0,6.038143616E0,6.370751953E0
3.824186921E1,2.508782959E0,5.746549988E0,6.514453125E0
3.826180921E1,2.738704834E0,5.674849091E0,6.687942352E0
3.828174821E1,2.842139740E0,5.973029022E0,6.532415771E0
3.830168721E1,2.875520325E0,6.373745728E0,6.626719666E0
3.832162721E1,2.834655304E0,6.533164215E0,6.742429047E0
3.834156621E1,2.871179352E0,6.489904175E0,6.696624298E0
3.836150621E1,2.960094452E0,6.394552460E0,6.723119202E0
3.838144521E1,3.120710449E0,6.359076233E0,6.842720490E0
3.840138421E1,3.261866913E0,6.351741486E0,7.027136993E0
3.842132421E1,3.410208435E0,6.252198486E0,7.105723572E0
3.844126321E1,3.495381317E0,6.140830078E0,6.969656525E0
3.846120283E1,3.368744659E0,6.164031830E0,7.106621704E0
3.848114283E1,3.154540100E0,6.224057007E0,7.138804779E0
3.850108183E1,3.060236206E0,6.230792999E0,7.072492676E0
3.852102083E1,2.980601807E0,6.182144165E0,6.956184540E0
3.854096083E1,2.828518066E0,6.134842529E0,7.011569366E0
3.856089983E1,2.784958649E0,6.107449493E0,6.854845276E0
3.858083883E1,2.885699158E0,6.131100311E0,6.875202942E0
3.860077883E1,2.946622467E0,6.272256775E0,7.038663025E0
3.862071783E1,2.925666046E0,6.344855804E0,6.955286407E0
3.864065683E1,2.913391571E0,6.331683197E0,6.991960144E0
3.866059683E1,2.888842621E0,6.245462494E0,6.929689636E0
3.868053583E1,2.830014954E0,6.121071167E0,6.876699829E0
3.870047583E1,2.851719818E0,6.117179260E0,6.920408936E0
3.872041483E1,2.966381378E0,6.128854980E0,7.109914856E0
3.874035383E1,3.049308929E0,6.164181519E0,7.026538239E0
3.876029383E1,3.083737335E0,6.293362885E0,7.229516144E0
3.878023283E1,2.948418732E0,6.333180084E0,7.133266296E0
3.880017183E1,2.836301880E0,6.247408447E0,6.873406677E0
3.882011183E1,2.812501373E0,6.443500671E0,6.836283875E0
3.884005083E1,2.782563629E0,6.600224762E0,6.829697571E0
3.885998983E1,2.770738220E0,6.544989624E0,6.870562592E0
3.887992983E1,2.827021179E0,6.419849854E0,6.833888855E0
3.889986883E1,2.922522583E0,6.374793549E0,6.806046753E0
3.891980883E1,2.977757721E0,6.524332581E0,6.899003448E0
3.893974783E1,2.958447876E0,6.609505463E0,6.873556366E0
3.895968683E1,2.890788574E0,6.481521606E0,6.774312744E0
3.897962683E1,2.848127289E0,6.274352417E0,6.717131653E0
3.899956583E1,2.878364410E0,6.271807709E0,6.875502319E0
3.901950483E1,2.950963440E0,6.361471252E0,6.811285858E0
3.903944483E1,2.976410522E0,6.356082458E0,6.758745117E0
3.905938383E1,2.958597565E0,6.342311096E0,6.736291809E0
3.907932283E1,2.926713867E0,6.401438141E0,6.836134186E0
3.909926283E1,2.887345734E0,6.460116119E0,6.948101349E0
3.911920183E1,2.852917328E0,6.421646118E0,6.853797455E0
3.913914083E1,2.885699158E0,6.359076233E0,6.757547607E0
3.915908083E1,2.897225189E0,6.448141022E0,6.864425354E0
3.917901983E1,2.803969116E0,6.477480011E0,6.951693878E0
3.919895983E1,2.775378571E0,6.383026428E0,6.851402435E0
3.921889883E1,2.767744446E0,6.296356659E0,6.857389984E0
3.923883783E1,2.730172577E0,6.280639343E0,6.837780762E0
3.925877783E1,2.667902069E0,6.246210938E0,6.780749359E0
3.927871683E1,2.705024872E0,6.281986542E0,6.996151428E0
3.929865583E1,2.764900360E0,6.293662262E0,6.835984497E0
3.931859583E1,2.944077759E0,6.274053040E0,6.962621155E0
3.933853483E1,3.060834961E0,6.299949188E0,7.008425903E0
3.935847383E1,2.967429199E0,6.229146423E0,6.766528931E0
3.937841383E1,2.842439117E0,6.253246307E0,6.726262665E0
3.939835283E1,2.754122772E0,6.408772888E0,6.743327179E0
3.941829183E1,2.717449036E0,6.404431915E0,6.655908966E0
3.943823183E1,2.653232574E0,6.379433899E0,6.643784180E0
3.945817058E1,2.568658447E0,6.362668762E0,6.560108185E0
3.947811058E1,2.622696075E0,6.198609924E0,6.452631683E0
3.949804958E1,2.640059967E0,5.863007812E0,6.460864563E0
3.951798858E1,2.468516693E0,5.613177338E0,6.560407562E0
3.953792858E1,2.291135559E0,5.630990295E0,6.330485687E0
3.955786758E1,2.327060852E0,5.965394897E0,6.129304047E0
3.957780658E1,2.462080078E0,6.211483154E0,5.973328400E0
3.959774658E1,2.461780701E0,6.009553070E0,5.695955200E0
3.961768558E1,2.389630737E0,5.910608826E0,5.514382782E0
3.963762458E1,2.364333344E0,6.270460510E0,5.522915039E0
3.965756458E1,2.371967468E0,6.357579346E0,5.695506134E0
3.967750358E1,2.254611511E0,5.860014038E0,5.602549438E0
3.969744258E1,2.072440338E0,5.601052551E0,5.087021484E0
3.971738258E1,2.008972321E0,5.983956299E0,4.572241974E0
3.973732158E1,1.984722748E0,6.681954803E0,4.822671204E0
3.975726158E1,1.718576202E0,6.663842468E0,5.225782928E0
3.977720058E1,1.317709808E0,6.064039764E0,4.959037628E0
3.979713958E1,1.221909027E0,5.806874542E0,4.564308472E0
3.981707958E1,1.449884949E0,6.144272919E0,4.842879181E0
3.983701858E1,1.581611023E0,6.598278809E0,4.992118835E0
3.985695758E1,1.498982849E0,6.825506287E0,4.792134705E0
3.987689758E1,1.262025604E0,6.902446289E0,4.337679749E0
3.989683658E1,1.121168518E0,7.086413727E0,4.485422516E0
3.991677558E1,1.049018555E0,7.466323700E0,5.223537598E0
3.993671558E1,1.087338867E0,7.457192688E0,4.949906616E0
3.995665458E1,1.182690582E0,7.173682251E0,4.598287811E0
3.997659458E1,1.040935364E0,7.350165253E0,5.029091949E0
3.999653358E1,9.036708069E-1,7.827672272E0,5.413492584E0
4.001647258E1,9.059161377E-1,8.083789673E0,5.372926941E0
4.003641258E1,9.044192505E-1,7.907905426E0,5.370681610E0
4.005635158E1,6.915618896E-1,7.815996552E0,5.437293091E0
4.007629058E1,6.265969849E-1,8.235424347E0,5.425467682E0
4.009623058E1,8.252339172E-1,9.149124298E0,5.522016907E0
4.011616958E1,1.115180969E0,9.761351166E0,5.362299042E0
4.013610858E1,1.116079102E0,9.705367584E0,5.152884521E0
4.015604858E1,7.264393616E-1,9.448052673E0,5.135221252E0
4.017598758E1,3.309617615E-1,9.527687073E0,5.006938019E0
4.019592758E1,2.335144043E-1,9.769284668E0,4.843627625E0
4.021586658E1,1.901046753E-1,9.904004517E0,4.778962097E0
4.023580558E1,1.437011719E-1,9.887987823E0,4.936883698E0
4.025574558E1,2.028282166E-1,9.620344391E0,5.119803314E0
4.027568458E1,3.445834351E-1,9.241182861E0,5.327720947E0
4.029562358E1,3.882925415E-1,9.069789276E0,5.627397766E0
4.031556358E1,3.281176758E-1,9.205407257E0,5.598507843E0
4.033550258E1,3.568579102E-1,9.399104462E0,5.531147919E0
4.035544158E1,4.755610657E-1,9.521849213E0,5.429808655E0
4.037538158E1,6.155200195E-1,9.408085785E0,5.369484100E0
4.039532058E1,5.643264771E-1,9.444909210E0,6.014642487E0
4.041526058E1,4.685256958E-1,9.433832245E0,5.842799835E0
4.043519958E1,6.596781921E-1,9.409732361E0,5.542224884E0
4.045513912E1,7.195536804E-1,9.779912567E0,5.613476715E0
4.047507912E1,5.451663208E-1,9.887389069E0,5.412444763E0
4.049501812E1,4.876858521E-1,9.760003967E0,5.337301025E0
4.051495712E1,6.107299805E-1,9.894424438E0,5.327122192E0
4.053489712E1,8.342152405E-1,1.008363098E1,5.387746124E0
4.055483612E1,8.482859802E-1,1.007000931E1,5.767207031E0
4.057477512E1,7.722441101E-1,9.882299652E0,6.036347351E0
4.059471512E1,8.711883545E-1,9.840835876E0,6.008205872E0
4.061465412E1,9.277706909E-1,1.008288254E1,5.910309448E0
4.063459412E1,9.523196411E-1,1.034064651E1,5.960155792E0
4.065453312E1,1.027762756E0,1.031160690E1,6.190826111E0
4.067447212E1,1.172062683E0,1.030546967E1,6.404581604E0
4.069441212E1,1.320254517E0,1.035022659E1,6.522985382E0
4.071435112E1,1.522034912E0,1.031534912E1,6.644083557E0
4.073429012E1,1.660047913E0,1.022927811E1,6.738686829E0
4.075423012E1,1.671124878E0,1.021820114E1,6.835385742E0
4.077416912E1,1.654509430E0,1.019335281E1,6.759343872E0
4.079410912E1,1.701062622E0,1.024140289E1,6.629264374E0
4.081404812E1,1.701811066E0,1.029544052E1,6.455625458E0
4.083398712E1,1.559606781E0,1.019784348E1,6.243217163E0
4.085392712E1,1.479972382E0,1.003857468E1,6.180347900E0
4.087386612E1,1.428778839E0,9.814340973E0,5.945336609E0
4.089380512E1,1.372944946E0,9.802515564E0,5.914500732E0
4.091374512E1,1.318308563E0,9.661808167E0,5.898334351E0
4.093368412E1,1.249751129E0,9.291478271E0,5.881569214E0
4.095362412E1,1.225651245E0,9.060358887E0,5.577252045E0
4.097356312E1,1.346000977E0,8.973240051E0,5.498964844E0
4.099350212E1,1.231938171E0,8.896749115E0,5.829178162E0
4.101344212E1,1.065933380E0,8.756041718E0,5.547613678E0
4.103338112E1,1.098565521E0,8.731043701E0,5.284311218E0
4.105332012E1,1.109193420E0,8.791817322E0,5.206024017E0
4.107326012E1,8.955876160E-1,8.907676392E0,5.051096191E0
4.109319912E1,6.433621216E-1,8.995244293E0,5.037474518E0
4.111313912E1,5.225633240E-1,8.795409851E0,4.987927551E0
4.113307812E1,7.252418518E-1,8.656498718E0,4.806804199E0
4.115301712E1,9.386979675E-1,8.635242920E0,4.754413147E0
4.117295712E1,9.668394470E-1,8.636889496E0,5.005590820E0
4.119289612E1,8.891510010E-1,8.407865753E0,4.949607239E0
4.121283512E1,8.385562134E-1,8.106392670E0,4.559518433E0
4.123277512E1,8.388555908E-1,7.940687256E0,4.558171234E0
4.125271412E1,8.855584717E-1,7.817493439E0,4.726271667E0
4.127265413E1,1.034648438E0,7.433841248E0,4.577780457E0
4.129259312E1,1.133742371E0,7.221133575E0,4.817132721E0
4.131253212E1,1.170715485E0,7.359595642E0,5.066065063E0
4.133247212E1,1.164129181E0,7.560926971E0,4.509073334E0
4.135241112E1,1.339264984E0,7.451953583E0,4.061653748E0
4.137235012E1,1.325044556E0,7.097939758E0,4.163442078E0
4.139229012E1,1.078207855E0,6.721622314E0,4.305945740E0
4.141222912E1,8.898994446E-1,6.638395386E0,4.551285553E0
4.143216912E1,8.925938416E-1,6.852599945E0,4.681664429E0
4.145210812E1,1.104253693E0,6.863227844E0,4.619992676E0
4.147204696E1,1.348845062E0,6.618636475E0,4.481829987E0
4.149198696E1,1.559307404E0,6.420149231E0,4.520150299E0
4.151192596E1,1.640887756E0,6.376140747E0,4.530778198E0
4.153186496E1,1.583706665E0,6.567442932E0,4.646487579E0
4.155180496E1,1.462309113E0,6.994205475E0,4.919370117E0
4.157174396E1,1.384171600E0,7.088060303E0,5.013224945E0
4.159168396E1,1.569037170E0,6.868317261E0,4.992867279E0
4.161162296E1,1.894310760E0,6.737639008E0,5.246739349E0
4.163156196E1,2.156266022E0,6.832841034E0,5.585933990E0
4.165150196E1,2.366428986E0,6.680607605E0,5.701793060E0
4.167144096E1,2.483485565E0,6.375991058E0,5.677842865E0
4.169138096E1,2.454745331E0,6.163732452E0,5.769152985E0
4.171131996E1,2.311343536E0,6.223607941E0,6.232289886E0
4.173125896E1,2.213896179E0,6.259682922E0,6.503675537E0
4.175119896E1,2.274669800E0,6.143973541E0,6.406377869E0
4.177113796E1,2.359243927E0,5.981561279E0,6.341862030E0
4.179107796E1,2.380948792E0,5.998027039E0,6.261179810E0
4.181101696E1,2.292333069E0,6.206842804E0,6.378236389E0
4.183095596E1,2.206411743E0,6.274502106E0,6.415808258E0
4.185089596E1,2.221081238E0,6.221362610E0,6.540648651E0
4.187083496E1,2.307601318E0,6.315067749E0,6.743776245E0
4.189077396E1,2.398911438E0,6.431525574E0,6.802304535E0
4.191071396E1,2.514920197E0,6.433022461E0,6.692283325E0
4.193065296E1,2.568957825E0,6.439908142E0,6.675667877E0
4.195059296E1,2.521656189E0,6.451583862E0,6.865473175E0
4.197053196E1,2.472109222E0,6.309529266E0,7.026837616E0
4.199047096E1,2.476749573E0,6.059549103E0,7.024143219E0
4.201041096E1,2.512674866E0,5.975573730E0,6.847809906E0
4.203034996E1,2.667003937E0,6.219416656E0,6.890022125E0
4.205028996E1,2.844684448E0,6.492748260E0,7.085964661E0
4.207022896E1,3.011886749E0,6.414910126E0,6.807393951E0
4.209016796E1,3.206781464E0,6.464906158E0,6.943610687E0
4.211010796E1,3.209026794E0,6.689289551E0,6.967860260E0
4.213004696E1,3.039429474E0,6.677164764E0,6.920408936E0
4.214998696E1,2.961291962E0,6.562353516E0,6.874454498E0
4.216992596E1,2.941832428E0,6.541696472E0,6.718778229E0
4.218986496E1,2.956651611E0,6.706354065E0,6.683451691E0
4.220980496E1,2.941383362E0,6.817123718E0,6.733597412E0
4.222974396E1,2.897524567E0,6.742279358E0,6.713988190E0
4.224968396E1,2.870281219E0,6.663543091E0,6.737788696E0
4.226962296E1,2.862347717E0,6.684649200E0,6.682852936E0
4.228956196E1,2.928809509E0,6.719526672E0,6.630312195E0
4.230950196E1,2.934497681E0,6.726112976E0,6.623276825E0
4.232944096E1,2.849923553E0,6.719227295E0,6.673422546E0
4.234938096E1,2.731669464E0,6.659202118E0,6.610104218E0
4.236931996E1,2.697989502E0,6.682254181E0,6.532864838E0
4.238925896E1,2.730771332E0,6.761439514E0,6.571334839E0
4.240919896E1,2.744542694E0,6.721023560E0,6.667135620E0
4.242913796E1,2.780318298E0,6.585704956E0,6.715485077E0
4.244907796E1,2.823877716E0,6.469396820E0,6.722370758E0
4.246901696E1,2.836601257E0,6.479276276E0,6.767277374E0
4.248895596E1,2.837649078E0,6.550977173E0,6.775360565E0
4.250889596E1,2.893932037E0,6.533014526E0,6.782994690E0
4.252883496E1,2.922223206E0,6.452032928E0,6.838978271E0
4.254877496E1,2.909799042E0,6.509064331E0,6.899452515E0
4.256871396E1,2.880310364E0,6.607110443E0,6.802603912E0
4.258865296E1,2.805615692E0,6.582262115E0,6.830446014E0
4.260859296E1,2.651585999E0,6.504573669E0,6.834786987E0
4.262853196E1,2.663411407E0,6.539750519E0,6.687343597E0
4.264847196E1,2.786156158E0,6.664890289E0,6.993157654E0
4.266841096E1,2.781515808E0,6.594686279E0,7.029831390E0
4.268834996E1,2.776127014E0,6.389612732E0,6.995852051E0
4.270828996E1,2.838247833E0,6.272556152E0,7.020401001E0
4.272822896E1,2.881208496E0,6.368057556E0,7.059769135E0
4.274816896E1,2.870281219E0,6.511609039E0,7.165149994E0
4.276810796E1,2.775228882E0,6.505920868E0,7.194039917E0
4.278804696E1,2.748284912E0,6.301745453E0,6.979535980E0
4.280798696E1,2.754272461E0,6.075715485E0,6.927743683E0
4.282792596E1,2.793041840E0,6.005810852E0,6.914421387E0
4.284786596E1,2.811154175E0,6.096671906E0,6.737938385E0
4.286780496E1,2.780018921E0,6.360722809E0,6.644832001E0
4.288774496E1,2.756068726E0,6.653513947E0,6.744075623E0
4.290768396E1,2.733615417E0,6.622229004E0,6.713838501E0
4.292762296E1,2.703228607E0,6.368207245E0,6.642287292E0
4.294756296E1,2.626887360E0,6.223757629E0,6.640790405E0
4.296750196E1,2.498604126E0,6.185137939E0,6.679410095E0
4.298744196E1,2.432591400E0,6.061794434E0,6.816075897E0
4.300738096E1,2.540816345E0,5.799689484E0,6.769971771E0
4.302731996E1,2.667902069E0,5.608836365E0,6.622528381E0
4.304725996E1,2.691103821E0,5.598657532E0,6.563401337E0
4.306719896E1,2.633922729E0,5.826633453E0,6.395001526E0
4.308713896E1,2.487377472E0,5.929319916E0,6.056854706E0
4.310707796E1,2.379002838E0,5.863756256E0,5.741460571E0
4.312701696E1,2.363734589E0,5.707181854E0,5.461392975E0
4.314695696E1,2.299069061E0,5.774990845E0,5.403164062E0
4.316689596E1,2.127226410E0,6.099815369E0,5.478158112E0
4.318683596E1,2.042652283E0,6.126909027E0,5.089566193E0
4.320677496E1,2.162852325E0,5.797294464E0,5.137316895E0
4.322671496E1,2.178120575E0,5.433850250E0,4.634811859E0
4.324665396E1,2.086960144E0,5.326373749E0,3.956123199E0
4.326659296E1,1.817670135E0,5.478457489E0,3.901786194E0
4.328653296E1,1.409169617E0,5.639971619E0,4.226011963E0
4.330647196E1,1.122515717E0,5.650599518E0,4.086053009E0
4.332641196E1,1.207688599E0,5.643414459E0,3.960763550E0
4.334635096E1,1.518741760E0,5.811365204E0,4.058659973E0
4.336629096E1,1.780846710E0,6.334976349E0,4.351750488E0
4.338622996E1,1.874851227E0,7.064409485E0,4.598437500E0
4.340616896E1,1.868564301E0,7.361391907E0,4.348307648E0
4.342610896E1,1.793570251E0,7.109765167E0,4.624782715E0
4.344604796E1,1.535207520E0,7.361691284E0,5.130730591E0
4.346598758E1,1.426533508E0,7.991731110E0,4.731959839E0
4.348592658E1,1.404529266E0,8.340056763E0,4.320166168E0
4.350586558E1,1.207389221E0,8.395591278E0,4.343966675E0
4.352580558E1,9.301657104E-1,8.578061829E0,4.436025238E0
4.354574458E1,8.472381592E-1,9.041647797E0,4.490960999E0
4.356568458E1,9.559121704E-1,9.559570770E0,4.292473755E0
4.358562358E1,1.092877350E0,9.823921051E0,4.157454529E0
4.360556358E1,1.079105988E0,9.902357941E0,4.141886902E0
4.362550258E1,8.533753967E-1,9.998308411E0,4.090693359E0
4.364544158E1,7.617658997E-1,1.020652542E1,3.895499268E0
4.366538158E1,8.361611938E-1,1.042686722E1,3.833378448E0
4.368532058E1,8.524772644E-1,1.052551208E1,4.148173828E0
4.370526058E1,8.214916992E-1,1.042641815E1,4.311484222E0
4.372519958E1,9.030720520E-1,1.048270111E1,4.376598816E0
4.374513958E1,1.103505249E0,1.063388672E1,4.013004913E0
4.376507858E1,1.114432526E0,1.081366287E1,4.223167877E0
4.378501758E1,8.096662903E-1,1.057266403E1,4.220922546E0
4.380495758E1,5.216651917E-1,1.009560608E1,4.096680908E0
4.382489658E1,6.927593994E-1,1.034798126E1,4.011957092E0
4.384483658E1,1.130000153E0,1.088057373E1,4.076023865E0
4.386477558E1,1.378034363E0,1.092682755E1,4.478387146E0
4.388471558E1,1.365161133E0,1.052820648E1,4.806953888E0
4.390465458E1,1.195264435E0,1.031998947E1,4.574038239E0
4.392459358E1,1.150657196E0,1.056817337E1,4.388274536E0
4.394453358E1,1.202000427E0,1.075977493E1,4.331243134E0
4.396447258E1,1.150507507E0,1.043824356E1,4.219425659E0
4.398441258E1,9.988728333E-1,1.033211426E1,4.383334808E0
4.400435158E1,1.017284546E0,1.055170761E1,4.669988708E0
4.402429158E1,1.176253967E0,1.054856415E1,4.674179993E0
4.404423058E1,1.366358643E0,1.036205200E1,4.812941437E0
4.406416958E1,1.506317596E0,1.037417679E1,4.891378326E0
4.408410958E1,1.526824951E0,1.047940796E1,5.076094208E0
4.410404858E1,1.510957947E0,1.064226929E1,5.256918182E0
4.412398858E1,1.662742310E0,1.078582077E1,5.181475067E0
4.414392758E1,1.695524139E0,1.097143478E1,5.106481018E0
4.416386758E1,1.604663086E0,1.105346420E1,5.052293701E0
4.418380658E1,1.539847870E0,1.129910339E1,5.305567017E0
4.420374558E1,1.413959656E0,1.135553604E1,5.390141144E0
4.422368558E1,1.354383545E0,1.115854568E1,5.068759460E0
4.424362458E1,1.503323822E0,1.143457169E1,5.415288849E0
4.426356458E1,1.697021027E0,1.170416107E1,5.320835266E0
4.428350358E1,1.799408112E0,1.177840668E1,5.379513245E0
4.430344358E1,1.621577911E0,1.123653351E1,5.248385925E0
4.432338258E1,1.503323822E0,1.084479813E1,5.286257172E0
4.434332158E1,1.574575653E0,1.080992065E1,5.547613678E0
4.436326158E1,1.808239746E0,1.064406555E1,5.668113098E0
4.438320058E1,1.951192474E0,1.023032593E1,5.475314026E0
4.440314058E1,1.923949127E0,1.010817993E1,5.320386200E0
4.442307958E1,1.750609589E0,1.040321640E1,5.265749817E0
4.444301958E1,1.541195068E0,1.008527756E1,5.048252106E0
4.446295883E1,1.452130280E0,9.426198120E0,4.986430664E0
4.448289883E1,1.339264984E0,9.230105896E0,5.136867828E0
4.450283783E1,1.350491638E0,9.366622009E0,4.910239105E0
4.452277683E1,1.592987366E0,9.181157684E0,4.821623383E0
4.454271683E1,1.762734375E0,8.634793854E0,5.114264832E0
4.456265583E1,1.780098267E0,7.915090485E0,5.078788605E0
4.458259583E1,1.770218811E0,7.304061127E0,4.894521790E0
4.460253483E1,1.771715698E0,6.958579559E0,4.931345215E0
4.462247483E1,1.511257324E0,6.754404144E0,4.868925018E0
4.464241383E1,1.014889526E0,6.591243439E0,4.451742554E0
4.466235283E1,2.975811768E-1,6.370602264E0,3.820654907E0
4.468229283E1,-4.670288086E-1,6.259233856E0,3.303630066E0
4.470223183E1,-1.103654938E0,6.108647003E0,2.994672546E0
4.472217183E1,-1.502874756E0,6.037245483E0,2.950514374E0
4.474211083E1,-1.595382385E0,6.026916962E0,3.340154114E0
4.476205083E1,-1.059047699E0,5.820645905E0,3.757336578E0
4.478198983E1,-4.201762390E-1,5.659580841E0,4.094884644E0
4.480192983E1,1.004411316E-1,5.836512909E0,4.161945190E0
4.482186883E1,6.965016174E-1,6.356830902E0,4.198918304E0
4.484180783E1,1.229543152E0,6.686744843E0,4.807253265E0
4.486174783E1,1.314266968E0,6.386918335E0,5.497018890E0
4.488168683E1,1.257235565E0,6.061345367E0,6.112987976E0
4.490162683E1,1.723366241E0,6.604116669E0,6.574328613E0
4.492156583E1,2.628983002E0,7.553592224E0,6.421795807E0
4.494150583E1,3.516038361E0,7.924071808E0,5.728737030E0
4.496144483E1,3.874542847E0,7.788453827E0,5.028792572E0
4.498138483E1,3.797752533E0,7.998766479E0,4.909790039E0
4.500132383E1,3.099454651E0,8.001161499E0,4.796625366E0
4.502126283E1,2.280657349E0,7.529492340E0,4.643643494E0
4.504120283E1,1.645677795E0,7.267836456E0,4.753365326E0
4.506114183E1,1.478625183E0,7.316036224E0,4.866080933E0
4.508108183E1,1.810485077E0,7.475005646E0,5.069956970E0
4.510102083E1,2.312541046E0,7.537575531E0,5.419480133E0
4.512096083E1,2.571951599E0,7.411387939E0,5.531147919E0
4.514089983E1,2.678230591E0,7.304809570E0,5.580096130E0
4.516083983E1,2.733316040E0,7.448211365E0,5.776038666E0
4.518077883E1,2.834056549E0,7.542365570E0,5.811065826E0
4.520071783E1,2.946023712E0,7.190148010E0,5.687422943E0
4.522065783E1,3.012036438E0,6.843019867E0,5.755681000E0
4.524059683E1,3.084785156E0,6.886579285E0,5.957461395E0
4.526053683E1,3.083587646E0,7.115153961E0,6.013894043E0
4.528047583E1,3.219205627E0,7.051985321E0,6.003266144E0
4.530041583E1,3.351081390E0,6.807244263E0,5.995182953E0
4.532035483E1,3.343596954E0,6.718179474E0,5.952671356E0
4.534029483E1,3.110830994E0,7.006180573E0,5.956114197E0
4.536023383E1,2.735711060E0,7.347171478E0,5.968388672E0
4.538017283E1,2.540367279E0,7.319029999E0,5.958509216E0
4.540011283E1,2.611469421E0,7.325167236E0,6.250701599E0
4.542005183E1,2.655926971E0,7.274273071E0,6.271508331E0
4.543999183E1,2.530936890E0,7.034920807E0,6.117328949E0
4.545993096E1,2.396366730E0,6.936425629E0,5.910309448E0
4.547987096E1,2.282303925E0,7.097640381E0,5.594466248E0
4.549980996E1,2.144141235E0,7.423063660E0,5.504802704E0
4.551974996E1,1.975442047E0,7.635172577E0,5.641318817E0
4.553968896E1,1.944306793E0,7.285649414E0,5.759572906E0
4.555962796E1,2.164049835E0,6.920259247E0,6.291716309E0
4.557956796E1,2.382595367E0,6.894662476E0,6.905290375E0
4.559950696E1,2.466870117E0,6.804849243E0,7.145091705E0
4.561944696E1,2.581681366E0,6.617139587E0,7.201674042E0
4.563938596E1,2.646346893E0,6.679410095E0,7.112309875E0
4.565932596E1,2.531086578E0,6.853049011E0,6.813231812E0
4.567926496E1,2.286195831E0,6.997648315E0,6.646029510E0
4.569920496E1,2.003433838E0,7.000193024E0,6.375392303E0
4.571914396E1,1.723815308E0,6.882837067E0,6.117927704E0
4.573908396E1,1.540446625E0,6.965016174E0,6.361770630E0
4.575902296E1,1.386416931E0,7.066954193E0,6.847061462E0
4.577896196E1,1.323697357E0,6.847360840E0,6.916666718E0
4.579890196E1,1.421144714E0,6.540199585E0,6.888974304E0
4.581884096E1,1.478325806E0,6.550827484E0,6.828350372E0
4.583878096E1,1.369502106E0,6.965614929E0,6.982380066E0
4.585871996E1,1.330732727E0,7.248825989E0,7.058122559E0
4.587865996E1,1.390009460E0,6.993906097E0,7.114555206E0
4.589859896E1,1.503024445E0,6.783743134E0,7.266638947E0
4.591853896E1,1.548829193E0,6.862329712E0,6.906936951E0
4.593847796E1,1.649569702E0,6.995702362E0,7.123237152E0
4.595841696E1,1.785936127E0,6.894213409E0,7.308402100E0
4.597835696E1,1.822909241E0,6.815327454E0,7.158414001E0
4.599829596E1,1.834135895E0,7.096442871E0,7.104526062E0
4.601823596E1,1.947749634E0,7.389982452E0,6.991361389E0
4.603817496E1,2.108365631E0,7.398065643E0,6.680008850E0
4.605811496E1,2.191442871E0,7.300917664E0,6.228847046E0
4.607805396E1,2.128423920E0,7.397017822E0,5.986950073E0
4.609799396E1,1.976639557E0,7.451803894E0,5.826034698E0
4.611793296E1,1.826052704E0,7.048991547E0,5.511538696E0
4.613787296E1,1.782493286E0,6.718029785E0,5.217400360E0
4.615781196E1,1.774859161E0,7.094646606E0,5.275329895E0
4.617775096E1,1.873054962E0,7.651039581E0,5.644911346E0
4.619769096E1,2.008074188E0,7.594157867E0,5.873036957E0
4.621762996E1,2.176773376E0,7.209008789E0,5.971981201E0
4.623756996E1,2.344125366E0,6.987319794E0,6.353837128E0
4.625750896E1,2.393971710E0,6.922055511E0,6.546187134E0
4.627744896E1,2.463277588E0,6.942263489E0,6.421945496E0
4.629738796E1,2.455793152E0,6.891818390E0,6.409521332E0
4.631732796E1,2.263143768E0,6.867119751E0,6.636599121E0
4.633726696E1,2.002535706E0,6.960375824E0,7.034172363E0
4.635720696E1,1.841470642E0,6.948700104E0,7.271578674E0
4.637714596E1,1.784139862E0,6.655310211E0,6.918612671E0
4.639708596E1,1.761387177E0,6.390660553E0,6.482419739E0
4.641702496E1,1.639091492E0,6.429579620E0,6.445147247E0
4.643696396E1,1.473984833E0,6.324348450E0,6.269712067E0
4.645690396E1,1.305734711E0,6.026168518E0,6.148763580E0
4.647684221E1,1.080453186E0,5.838907928E0,5.995632019E0
4.649678221E1,9.274713135E-1,5.836363220E0,5.979914703E0
4.651672121E1,8.551716614E-1,6.044879608E0,5.874533844E0
4.653666121E1,8.650511169E-1,6.521638184E0,5.961652679E0
4.655660021E1,9.810598755E-1,6.419101410E0,5.570066986E0
4.657654021E1,1.000369720E0,5.804329834E0,5.172194366E0
4.659647921E1,8.068222046E-1,5.653742981E0,4.785997467E0
4.661641921E1,5.375321960E-1,6.267766113E0,4.516857147E0
4.663635821E1,2.749781799E-1,6.668033752E0,4.633165283E0
4.665629721E1,4.056564331E-2,6.472540283E0,4.737498322E0
4.667623721E1,1.302291870E-2,6.050118713E0,4.168232117E0
4.669617621E1,9.026229858E-2,5.923631744E0,3.779789886E0
4.671611621E1,-9.190887451E-2,6.172264709E0,4.077221375E0
4.673605521E1,-3.709286499E-1,6.560257874E0,4.407734070E0
4.675599521E1,-4.688250732E-1,6.700665894E0,4.447401581E0
4.677593421E1,-6.402186584E-1,6.604865112E0,4.694387970E0
4.679587421E1,-5.306465149E-1,6.558162231E0,5.045108643E0
4.681581321E1,-5.098397827E-1,6.811734924E0,5.337899780E0
4.683575321E1,-5.333409119E-1,7.382498016E0,5.467979279E0
4.685569221E1,-5.197192383E-1,7.805668030E0,5.508844299E0
4.687563221E1,-4.412823486E-1,7.769593048E0,5.725294189E0
4.689557121E1,-4.567002869E-1,7.566315765E0,6.143973541E0
4.691551021E1,-4.463717651E-1,7.704777832E0,5.728587341E0
4.693545021E1,-3.141966248E-1,8.535849609E0,5.134472809E0
4.695538921E1,-2.142045593E-1,9.569300537E0,5.296585693E0
4.697532921E1,-5.722599792E-1,9.976902924E0,5.510939941E0
4.699526821E1,-1.070124664E0,9.570947113E0,5.456153870E0
4.701520821E1,-1.338815918E0,9.018745422E0,5.315745850E0
4.703514721E1,-1.251697083E0,8.852441254E0,5.459896088E0
4.705508721E1,-9.521699524E-1,8.984167328E0,6.240073700E0
4.707502621E1,-8.220904541E-1,9.265881500E0,6.110443268E0
4.709496621E1,-7.072792053E-1,9.298813019E0,5.685327301E0
4.711490521E1,-7.114704895E-1,9.499096527E0,5.757327576E0
4.713484421E1,-9.066645813E-1,9.494605865E0,6.267915802E0
4.715478421E1,-1.062640228E0,8.963360596E0,6.296955414E0
4.717472321E1,-1.081501007E0,8.592282257E0,6.393055573E0
4.719466321E1,-9.967771912E-1,8.565787354E0,6.262676697E0
4.721460221E1,-9.039701843E-1,8.819958801E0,6.243067474E0
4.723454221E1,-8.108638000E-1,9.089997253E0,6.397546234E0
4.725448121E1,-8.138575745E-1,9.127120056E0,6.629264374E0
4.727442121E1,-8.548722839E-1,9.065897369E0,6.624025269E0
4.729436021E1,-8.372090149E-1,9.234746246E0,6.357130280E0
4.731430021E1,-7.749385071E-1,9.532926178E0,6.275100861E0
4.733423921E1,-7.985893250E-1,9.650132446E0,6.354884949E0
4.735417921E1,-7.845185852E-1,9.631121979E0,6.195167084E0
4.737411821E1,-7.228468323E-1,9.791588287E0,6.319857788E0
4.739405821E1,-6.963519287E-1,9.978399811E0,6.355932770E0
4.741399721E1,-6.225553894E-1,1.020996826E1,6.477330322E0
4.743393621E1,-6.559359741E-1,1.040127045E1,6.688092041E0
4.745387621E1,-6.902146912E-1,1.053599030E1,6.840774536E0
4.747381600E1,-7.616162109E-1,1.053973251E1,6.752458191E0
4.749375600E1,-8.499325562E-1,1.066696793E1,6.777156830E0
4.751369500E1,-8.822653198E-1,1.084300186E1,6.951544189E0
4.753363500E1,-9.401948547E-1,1.092218719E1,7.184160461E0
4.755357400E1,-9.906399536E-1,1.073492661E1,6.849306793E0
4.757351400E1,-8.807684326E-1,1.049841843E1,6.922055511E0
4.759345300E1,-7.382647705E-1,1.026714935E1,7.093898163E0
4.761339300E1,-7.219487000E-1,9.941426697E0,6.660848694E0
4.763333200E1,-6.792874146E-1,9.796078949E0,6.633006592E0
4.765327200E1,-6.256988525E-1,9.769584045E0,6.481072540E0
4.767321100E1,-4.788542175E-1,9.564510498E0,6.378386078E0
4.769315000E1,-3.932322693E-1,9.375902710E0,6.595883789E0
4.771309000E1,-3.757186890E-1,9.165590057E0,6.437363434E0
4.773302900E1,-4.245172119E-1,8.947942657E0,6.299350433E0
4.775296900E1,-5.773493958E-1,8.919651489E0,6.058501282E0
4.777290800E1,-7.366181946E-1,9.083710327E0,5.959557037E0
4.779284800E1,-7.270381165E-1,9.115893402E0,5.948480072E0
4.781278700E1,-4.831951904E-1,8.826545105E0,5.569617920E0
4.783272700E1,-1.704954529E-1,8.579708405E0,5.511239319E0
4.785266600E1,6.676116943E-2,8.751700745E0,5.525010681E0
4.787260600E1,1.609153748E-1,9.068741455E0,5.166356506E0
4.789254500E1,3.652404785E-2,8.944200439E0,5.169200592E0
4.791248500E1,-1.336720276E-1,8.376131744E0,5.094505920E0
4.793242400E1,-8.427474976E-2,7.871980133E0,4.950056305E0
4.795236300E1,-8.382568359E-2,7.900271301E0,5.291645966E0
4.797230300E1,-1.359173584E-1,8.350684662E0,5.377567291E0
4.799224200E1,-1.258882141E-1,8.476423187E0,5.455555115E0
4.801218200E1,4.415817261E-2,8.050259399E0,5.018763428E0
4.803212100E1,3.842509460E-1,7.500153351E0,4.738396454E0
4.805206100E1,4.290078735E-1,7.437733154E0,5.277275848E0
4.807200000E1,3.219804382E-1,7.646548920E0,5.331163788E0
4.809194000E1,2.168989563E-1,7.631879425E0,4.932243347E0
4.811187900E1,6.960525513E-2,7.393275604E0,4.451892242E0
4.813181900E1,2.634521484E-2,7.094197540E0,4.327201538E0
4.815175800E1,1.227447510E-2,6.903194733E0,4.569846954E0
4.817169800E1,1.987866211E-1,6.573729858E0,4.645739136E0
4.819163700E1,3.279679871E-1,6.307733002E0,4.707111511E0
4.821157700E1,3.836521912E-1,6.102958832E0,5.122497711E0
4.823151600E1,4.611909485E-1,5.954617310E0,5.304369507E0
4.825145600E1,6.298901367E-1,5.887107697E0,5.525160370E0
4.827139500E1,7.427554321E-1,5.967789917E0,5.527854767E0
4.829133400E1,9.196875000E-1,6.008355560E0,5.310955811E0
4.831127400E1,1.113684082E0,6.156697083E0,5.376669159E0
4.833121300E1,1.289418640E0,6.364315338E0,5.466183014E0
4.835115300E1,1.352886658E0,6.351442108E0,5.267546082E0
4.837109200E1,1.321901093E0,6.261329498E0,5.129982147E0
4.839103200E1,1.297202454E0,6.505920868E0,5.537584534E0
4.841097100E1,1.377585297E0,7.009024658E0,5.922883301E0
4.843091100E1,1.589843903E0,7.087611237E0,5.872887268E0
4.845085000E1,1.725461884E0,6.425088959E0,5.991141357E0
4.847078950E1,1.684896240E0,5.797144775E0,6.068081360E0
4.849072850E1,1.536704407E0,5.561085663E0,6.134842529E0
4.851066850E1,1.362017670E0,5.672753448E0,6.422544250E0
4.853060750E1,1.303040314E0,6.000272369E0,6.921456757E0
4.855054750E1,1.427431641E0,6.291716309E0,7.134014740E0
4.857048650E1,1.647773438E0,6.330785065E0,7.295977936E0
4.859042650E1,1.844015350E0,6.263724518E0,7.382947083E0
4.861036550E1,1.832040253E0,6.239325256E0,7.210655365E0
4.863030450E1,1.650916901E0,6.296356659E0,7.273524628E0
4.865024450E1,1.378483429E0,6.224206696E0,7.100783844E0
4.867018350E1,1.166224823E0,6.154900818E0,6.860234070E0
4.869012350E1,1.067130890E0,6.270909576E0,7.017407227E0
4.871006250E1,1.087039490E0,6.444249115E0,7.069648590E0
4.873000250E1,1.206491089E0,6.497987366E0,7.126679993E0
4.874994150E1,1.370998993E0,6.490652618E0,7.095245361E0
4.876988150E1,1.437011719E0,6.548133087E0,6.994804230E0
4.878982050E1,1.444196777E0,6.551426239E0,6.952592010E0
4.880976050E1,1.365310822E0,6.515800323E0,7.080575867E0
4.882969950E1,1.340312805E0,6.454128571E0,7.108417969E0
4.884963950E1,1.535806274E0,6.386768646E0,7.162904663E0
4.886957850E1,1.809437256E0,6.352040863E0,7.291187897E0
4.888951850E1,2.038910065E0,6.284680939E0,7.299121399E0
4.890945750E1,2.201621704E0,6.241420898E0,7.343429260E0
4.892939750E1,2.286195831E0,6.331533508E0,7.451205139E0
4.894933650E1,2.356250153E0,6.512956238E0,7.348818054E0
4.896927650E1,2.350711670E0,6.531966705E0,7.184759216E0
4.898921550E1,2.204166412E0,6.408473511E0,7.228468323E0
4.900915450E1,2.064955902E0,6.387068024E0,7.221732330E0
4.902909450E1,2.111658783E0,6.470594330E0,7.340734863E0
4.904903350E1,2.261048126E0,6.401438141E0,7.320077820E0
4.906897350E1,2.281854858E0,6.222709808E0,7.336693268E0
4.908891250E1,2.149380341E0,6.180347900E0,7.330705719E0
4.910885250E1,1.982327728E0,6.230942688E0,7.256609802E0
4.912879150E1,1.911375275E0,6.157595215E0,7.192992096E0
4.914873150E1,1.894759827E0,6.025719452E0,7.144942017E0
4.916867050E1,1.910776520E0,5.981860657E0,7.175179138E0
4.918861050E1,2.096390533E0,6.061045990E0,7.352111206E0
4.920854950E1,2.265538788E0,6.120023346E0,7.354356537E0
4.922848950E1,2.427651672E0,6.143674164E0,7.245083771E0
4.924842850E1,2.485431519E0,6.261928253E0,7.554490356E0
4.926836850E1,2.398761749E0,6.293362885E0,7.508086853E0
4.928830750E1,2.359992371E0,6.137836304E0,7.427105255E0
4.930824750E1,2.429747314E0,6.111042023E0,7.350165253E0
4.932818650E1,2.458038483E0,6.176006927E0,7.339088287E0
4.934812550E1,2.425256653E0,6.137237549E0,7.428901520E0
4.936806550E1,2.402653656E0,6.127058716E0,7.371421051E0
4.938800450E1,2.435285797E0,6.230194244E0,7.430099030E0
4.940794450E1,2.469564514E0,6.281238098E0,7.454348602E0
4.942788350E1,2.466421051E0,6.169420624E0,7.525600433E0
4.944782350E1,2.492167511E0,6.083648987E0,7.529043274E0
4.946776221E1,2.506238251E0,6.083948364E0,7.562274170E0
4.948770221E1,2.503843231E0,6.032305756E0,7.631280670E0
4.950764121E1,2.465223541E0,5.891448669E0,7.516469421E0
4.952758121E1,2.402803345E0,5.798342285E0,7.447612610E0
4.954752021E1,2.374212799E0,5.924230499E0,7.300019531E0
4.956746021E1,2.356250153E0,6.023025055E0,7.206613770E0
4.958739921E1,2.342029724E0,5.974226532E0,7.148534546E0
4.960733921E1,2.283351746E0,5.828878784E0,7.188501434E0
4.962727821E1,2.232307892E0,5.702391815E0,7.212002563E0
4.964721821E1,2.179018707E0,5.607339478E0,7.337292023E0
4.966715721E1,2.233056335E0,5.350024567E0,7.181166687E0
4.968709721E1,2.277663574E0,5.063520355E0,6.906487885E0
4.970703621E1,2.250569916E0,5.145250397E0,6.914271698E0
4.972697521E1,2.106569366E0,5.406157837E0,6.697073364E0
4.974691521E1,1.975891113E0,5.262007599E0,6.299649811E0
4.976685421E1,1.825753326E0,4.894372101E0,5.899382172E0
4.978679421E1,1.569336548E0,4.774022369E0,5.219196625E0
4.980673321E1,1.382075958E0,5.025948486E0,5.038073273E0
4.982667321E1,1.094823303E0,5.289250946E0,5.017416229E0
4.984661221E1,8.896000671E-1,5.160368958E0,4.705764313E0
4.986655221E1,7.611671448E-1,5.010231171E0,4.291126556E0
4.988649121E1,7.060816956E-1,5.101092224E0,3.994742889E0
4.990643121E1,4.806504822E-1,5.279670868E0,3.972588959E0
4.992637021E1,1.178050232E-1,5.601950684E0,4.328399048E0
4.994631021E1,-2.022294617E-1,6.111341400E0,4.339176636E0
4.996624921E1,-3.143463135E-1,6.724316711E0,4.417314148E0
4.998618921E1,-3.132984924E-1,6.841672668E0,4.552932129E0
5.000612821E1,-1.570234680E-1,6.576723633E0,4.142186279E0
5.002606821E1,-5.703140259E-2,6.686445465E0,4.082759857E0
5.004600721E1,-1.812730408E-1,7.433242493E0,4.710105286E0
5.006594721E1,-4.224215698E-1,8.200247498E0,5.280419312E0
5.008588621E1,-4.834945679E-1,8.384664001E0,5.176685028E0
5.010582621E1,-4.228706360E-1,8.092621307E0,4.839136963E0
5.012576521E1,-5.381309509E-1,7.953261108E0,4.824018402E0
5.014570421E1,-6.852749634E-1,8.152945862E0,5.013973389E0
5.016564421E1,-6.051914978E-1,8.539142761E0,5.325774994E0
5.018558321E1,-2.829116821E-1,8.974886627E0,5.686674500E0
5.020552321E1,-3.218307495E-2,9.350455627E0,5.910159760E0
5.022546221E1,1.043330383E-1,9.474397888E0,6.105952606E0
5.024540221E1,9.774673462E-2,9.271719360E0,6.204747162E0
5.026534121E1,-4.909790039E-2,9.088200989E0,6.142776031E0
5.028528121E1,-2.936892700E-1,9.241931305E0,5.922434235E0
5.030522021E1,-4.614903259E-1,9.616153107E0,5.845045166E0
5.032516021E1,-5.161267090E-1,9.780960388E0,5.733078003E0
5.034509921E1,-5.189707947E-1,9.617051239E0,5.862858124E0
5.036503921E1,-6.655160522E-1,9.465117188E0,6.066883850E0
5.038497821E1,-8.689430237E-1,9.326655121E0,5.819747772E0
5.040491821E1,-8.845106506E-1,9.431736603E0,5.685027924E0
5.042485721E1,-4.632865906E-1,9.682315521E0,6.015989685E0
5.044479721E1,-2.859054565E-2,9.546398163E0,6.157595215E0
5.046473683E1,3.293151855E-3,9.364226990E0,6.134842529E0
5.048467683E1,-2.321672058E-1,9.459728394E0,6.108048248E0
5.050461583E1,-2.712359619E-1,9.745035095E0,5.927523651E0
5.052455583E1,-2.366578674E-1,9.919721832E0,6.020929413E0
5.054449483E1,-1.541793823E-1,9.777367859E0,6.072871399E0
5.056443483E1,-1.516346741E-1,9.879605255E0,6.167624359E0
5.058437383E1,-1.143621826E-1,1.027927414E1,6.313421173E0
5.060431283E1,-9.834548950E-2,1.054646851E1,6.479875031E0
5.062425283E1,-3.996688843E-2,1.053628967E1,6.552324371E0
5.064419183E1,-6.586303711E-3,1.054018158E1,6.454877014E0
5.066413183E1,2.903961182E-2,1.087698120E1,6.557413788E0
5.068407083E1,6.765930176E-2,1.117456238E1,6.773115234E0
5.070401083E1,1.847158813E-1,1.110959747E1,7.021897888E0
5.072394983E1,3.308120728E-1,1.087653214E1,7.038064270E0
5.074388983E1,4.010160828E-1,1.080632812E1,6.971153412E0
5.076382883E1,3.478765869E-1,1.084015778E1,6.891668701E0
5.078376883E1,2.417472839E-1,1.071127579E1,6.917115784E0
5.080370783E1,2.384541321E-1,1.034648438E1,6.561305695E0
5.082364783E1,3.216810608E-1,1.029080017E1,6.683451691E0
5.084358683E1,3.044668579E-1,1.036579422E1,6.399043121E0
5.086352683E1,2.210902405E-1,1.003528152E1,5.918093262E0
5.088346583E1,1.722917175E-1,9.886640625E0,6.158792725E0
5.090340583E1,5.059478760E-2,9.697434082E0,5.873486023E0
5.092334483E1,-7.753875732E-2,9.312285004E0,5.669310608E0
5.094328483E1,-1.454974365E-1,9.098978577E0,5.652096405E0
5.096322383E1,-2.441423035E-1,9.115144958E0,5.614524536E0
5.098316383E1,-2.215393066E-1,9.179361420E0,5.499114532E0
5.100310283E1,-8.801696777E-2,9.156459045E0,5.374723206E0
5.102304283E1,5.538482666E-3,9.086554413E0,5.535339203E0
5.104298183E1,1.276844788E-1,8.990903320E0,5.825435944E0
5.106292183E1,2.466870117E-1,8.814270630E0,5.841602325E0
5.108286083E1,3.176394653E-1,8.613238678E0,5.656138000E0
5.110279983E1,2.484832764E-1,8.536747742E0,5.718558197E0
5.112273983E1,2.706372070E-1,8.596623230E0,5.814209290E0
5.114267883E1,3.692820740E-1,8.540489960E0,5.614973602E0
5.116261883E1,4.887336731E-1,8.321495361E0,5.473068695E0
5.118255783E1,5.769003296E-1,8.124954071E0,5.410049744E0
5.120249783E1,5.501060486E-1,7.922125854E0,5.497617645E0
5.122243683E1,4.837939453E-1,7.727979584E0,5.561085663E0
5.124237683E1,4.748126221E-1,7.500452728E0,5.388644257E0
5.126231583E1,6.517446899E-1,7.285799103E0,5.085524597E0
5.128225583E1,7.307803345E-1,7.248975677E0,5.369933167E0
5.130219483E1,6.581813049E-1,7.343429260E0,5.546416168E0
5.132213483E1,5.587879944E-1,7.417076111E0,5.179678802E0
5.134207383E1,6.460565186E-1,7.541317749E0,4.697381744E0
5.136201383E1,8.803193665E-1,7.551496582E0,4.467010803E0
5.138195283E1,9.303153992E-1,7.387587433E0,4.839586029E0
5.140189283E1,7.387138367E-1,7.159611511E0,5.079686737E0
5.142183183E1,6.547384644E-1,7.039561157E0,5.279970245E0
5.144177183E1,6.394702148E-1,6.950795746E0,5.077740784E0
5.146171083E1,7.661068726E-1,6.666237488E0,4.463567963E0
5.148165058E1,9.433383179E-1,6.364315338E0,4.303850098E0
5.150158958E1,9.548643494E-1,6.227799225E0,4.454586639E0
5.152152958E1,8.032296753E-1,6.191574554E0,4.533173218E0
5.154146858E1,7.803273010E-1,6.074218597E0,4.428690491E0
5.156140858E1,7.955955505E-1,6.066734161E0,5.099745026E0
5.158134758E1,8.702902222E-1,6.207441559E0,5.636977844E0
5.160128758E1,1.148262177E0,6.240223389E0,5.809419250E0
5.162122658E1,1.539698181E0,6.244264984E0,5.965544586E0
5.164116658E1,1.974094849E0,6.256539459E0,5.813610535E0
5.166110558E1,2.217039642E0,6.187832336E0,5.866899719E0
5.168104558E1,2.200124817E0,6.107150116E0,6.145021362E0
5.170098458E1,2.008373566E0,5.991740112E0,6.537505188E0
5.172092358E1,1.989961853E0,5.899232483E0,6.612349548E0
5.174086358E1,2.045346680E0,5.899232483E0,6.344855804E0
5.176080258E1,2.070943451E0,6.008804626E0,6.037993927E0
5.178074258E1,1.993853760E0,6.041436768E0,5.916895752E0
5.180068158E1,1.849254456E0,6.022725677E0,5.733976135E0
5.182062158E1,1.663041687E0,6.122717743E0,6.079906769E0
5.184056058E1,1.671274567E0,6.565946045E0,6.797514496E0
5.186050058E1,1.862277374E0,6.671775970E0,6.954388275E0
5.188043958E1,2.191592560E0,6.309978333E0,6.804250488E0
5.190037958E1,2.305206299E0,6.073619843E0,6.915918274E0
5.192031858E1,2.149829407E0,5.946534119E0,7.414980469E0
5.194025858E1,2.063309326E0,5.726491699E0,7.380851440E0
5.196019758E1,2.247127075E0,5.646857300E0,7.294331360E0
5.198013758E1,2.616109772E0,5.924080811E0,7.625592499E0
5.200007658E1,2.914738770E0,6.243815918E0,7.728428650E0
5.202001658E1,3.068918152E0,6.254443817E0,7.604336700E0
5.203995558E1,3.004552002E0,6.176455994E0,7.404202881E0
5.205989558E1,2.712359619E0,6.202352142E0,7.197482758E0
5.207983458E1,2.404749298E0,6.306236115E0,7.166946259E0
5.209977458E1,2.243534546E0,6.286028137E0,7.070696411E0
5.211971358E1,2.355352020E0,6.197113037E0,7.126979370E0
5.213965358E1,2.642454987E0,6.168073425E0,7.335944824E0
5.215959258E1,2.868784332E0,6.157744904E0,7.420219574E0
5.217953258E1,3.044518890E0,6.186036072E0,7.401508484E0
5.219947158E1,3.066074066E0,6.168971558E0,7.410938873E0
5.221941158E1,2.923420715E0,6.060147858E0,7.353757782E0
5.223935058E1,2.631976776E0,5.976920929E0,7.268285522E0
5.225929058E1,2.508782959E0,5.957611084E0,7.154222717E0
5.227922958E1,2.521207123E0,5.915548553E0,7.103478241E0
5.229916958E1,2.617007904E0,5.942791901E0,7.260501709E0
5.231910858E1,2.653531952E0,6.027964783E0,7.341333618E0
5.233904858E1,2.683020630E0,6.025270386E0,7.422165527E0
5.235898758E1,2.746937714E0,5.910309448E0,7.450157318E0
5.237892758E1,2.739004211E0,5.836363220E0,7.443271637E0
5.239886658E1,2.664159851E0,5.818999329E0,7.368277588E0
5.241880658E1,2.582579498E0,5.867348785E0,7.333998871E0
5.243874558E1,2.620151367E0,5.894143066E0,7.187154236E0
5.245868558E1,2.706821136E0,5.966143341E0,7.481292572E0
5.247862437E1,2.729873199E0,5.994284821E0,7.242988129E0
5.249856337E1,2.822380829E0,6.054010620E0,7.276817780E0
5.251850337E1,2.816842346E0,6.138435059E0,7.357649689E0
5.253844237E1,2.603835297E0,5.991291046E0,7.243437195E0
5.255838237E1,2.457589417E0,5.857169952E0,7.267387390E0
5.257832137E1,2.484832764E0,5.830225983E0,7.340136108E0
5.259826137E1,2.635718994E0,5.864355011E0,7.528594208E0
5.261820038E1,2.750230865E0,5.878575439E0,7.701334991E0
5.263814037E1,2.795586548E0,5.916296997E0,7.785310364E0
5.265807937E1,2.813249817E0,5.911057892E0,7.713609467E0
5.267801937E1,2.751578064E0,5.877976685E0,7.661667480E0
5.269795837E1,2.632425842E0,5.877527618E0,7.532037048E0
5.271789837E1,2.565814362E0,5.923781433E0,7.448510742E0
5.273783737E1,2.555485840E0,5.843398590E0,7.450007629E0
5.275777737E1,2.589315491E0,5.683980103E0,7.417674866E0
5.277771637E1,2.624043274E0,5.609435120E0,7.272776184E0
5.279765637E1,2.554138641E0,5.610932007E0,7.082222443E0
5.281759537E1,2.414479065E0,5.580694885E0,6.947352905E0
5.283753537E1,2.266736298E0,5.389542389E0,6.797215118E0
5.285747437E1,2.130818939E0,5.157375183E0,6.572083282E0
5.287741437E1,2.045496368E0,5.100194092E0,6.453978882E0
5.289735337E1,1.981728973E0,5.079686737E0,6.167474670E0
5.291729337E1,1.948348389E0,4.822222137E0,5.831423492E0
5.293723237E1,1.835782471E0,4.577181702E0,5.630092163E0
5.295717237E1,1.728755035E0,4.722679138E0,5.680088196E0
5.297711137E1,1.690434723E0,5.194348297E0,5.550906830E0
5.299705137E1,1.667382660E0,5.274731140E0,5.558091888E0
5.301699037E1,1.537153473E0,4.977449341E0,5.029391327E0
5.303693037E1,1.463356934E0,4.773273926E0,4.384232941E0
5.305686937E1,1.325044556E0,5.090614014E0,4.501588898E0
5.307680937E1,1.077908478E0,5.743855591E0,4.746779022E0
5.309674837E1,9.662406921E-1,5.975274353E0,4.798421631E0
5.311668837E1,8.954379272E-1,5.710624695E0,4.566703491E0
5.313662737E1,9.090596008E-1,5.588628387E0,4.403692474E0
5.315656737E1,9.491761780E-1,6.105054474E0,4.693938904E0
5.317650637E1,8.789721680E-1,6.875502319E0,5.017715607E0
5.319644637E1,6.327342224E-1,7.359146576E0,5.178032227E0
5.321638537E1,4.722679138E-1,7.437134399E0,4.670587463E0
5.323632537E1,5.336402893E-1,7.346273346E0,4.458777924E0
5.325626437E1,5.306465149E-1,7.472161560E0,5.029091949E0
5.327620437E1,4.749623108E-1,7.796986084E0,5.322481842E0
5.329614337E1,4.552033997E-1,8.062982941E0,5.281467133E0
5.331608337E1,5.414241028E-1,8.404273224E0,5.309159546E0
5.333602237E1,5.977070618E-1,8.817414093E0,5.492528229E0
5.335596237E1,5.644761658E-1,9.103020172E0,5.627996521E0
5.337590137E1,4.679269409E-1,9.218879242E0,5.520969086E0
5.339584137E1,3.436853027E-1,9.353299713E0,5.525609436E0
5.341578037E1,2.692900085E-1,9.534273376E0,5.627697144E0
5.343572037E1,2.237846375E-1,9.639803925E0,5.575904846E0
5.345565937E1,2.321672058E-1,9.573791199E0,5.659281464E0
5.347559821E1,1.889071655E-1,9.487420807E0,5.868695984E0
5.349553821E1,1.939965820E-1,9.499994659E0,5.826334076E0
5.351547721E1,3.177891541E-1,9.512119446E0,5.701643372E0
5.353541721E1,4.496649170E-1,9.638157349E0,5.826334076E0
5.355535621E1,3.852987671E-1,9.874066772E0,5.761069794E0
5.357529621E1,4.614903259E-1,9.934541016E0,6.204447784E0
5.359523521E1,4.812492371E-1,9.736502838E0,6.246660004E0
5.361517521E1,4.315525818E-1,9.576335907E0,5.851781158E0
5.363511421E1,3.622467041E-1,9.974208527E0,5.637127533E0
5.365505421E1,2.995271301E-1,1.039198975E1,5.793402557E0
5.367499321E1,3.016227722E-1,1.038360718E1,5.859265594E0
5.369493321E1,3.899391174E-1,1.012569351E1,5.744454346E0
5.371487221E1,4.683760071E-1,1.003902374E1,5.616620178E0
5.373481221E1,4.538562012E-1,1.014066238E1,5.350623322E0
5.375475121E1,2.980302429E-1,1.030861313E1,5.416186981E0
5.377469121E1,2.127076721E-1,1.033570679E1,5.265600128E0
5.379463021E1,3.483256531E-1,1.029409332E1,5.332960052E0
5.381457021E1,4.743635559E-1,1.030397278E1,5.403613129E0
5.383450921E1,5.077441406E-1,1.025143204E1,5.324577484E0
5.385444921E1,4.849914551E-1,1.033136581E1,5.184169464E0
5.387438821E1,4.641847229E-1,1.048928741E1,5.222489777E0
5.389432821E1,4.436773682E-1,1.058942917E1,5.462740173E0
5.391426721E1,4.617897034E-1,1.056143738E1,5.658083954E0
5.393420721E1,5.444178772E-1,1.058448944E1,5.646108856E0
5.395414621E1,4.534071350E-1,1.077204941E1,5.777385864E0
5.397408621E1,2.812651062E-1,1.094014984E1,5.782026215E0
5.399402521E1,2.631527710E-1,1.088566315E1,5.664969635E0
5.401396521E1,4.825964355E-1,1.070723419E1,5.418582001E0
5.403390421E1,7.800279236E-1,1.065154999E1,5.633385315E0
5.405384421E1,8.211923218E-1,1.068208649E1,5.576952667E0
5.407378321E1,8.791218567E-1,1.055859329E1,5.520819397E0
5.409372321E1,9.181906128E-1,1.035681290E1,5.729784851E0
5.411366221E1,8.286767578E-1,1.002285736E1,5.506149902E0
5.413360221E1,7.274871826E-1,9.771829376E0,5.316344604E0
5.415354121E1,7.203021240E-1,9.795180817E0,5.359454956E0
5.417348121E1,6.649172974E-1,9.943522339E0,5.422174530E0
5.419342021E1,5.715115356E-1,9.883646851E0,5.419031067E0
5.421336021E1,5.706134033E-1,9.757459259E0,5.344037018E0
5.423329921E1,6.011499023E-1,9.984387360E0,5.325774994E0
5.425323921E1,6.206094360E-1,1.007120682E1,5.341941376E0
5.427317821E1,5.381309509E-1,9.786947937E0,5.219795380E0
5.429311821E1,4.346960449E-1,9.616003418E0,5.098846893E0
5.431305721E1,3.802093506E-1,9.535620575E0,5.076692963E0
5.433299721E1,3.373983765E-1,9.206904144E0,5.143304443E0
5.435293621E1,5.186714172E-1,8.729995880E0,4.731211395E0
5.437287621E1,7.402107239E-1,8.389903107E0,4.663103027E0
5.439281521E1,8.165519714E-1,8.186027069E0,5.088967438E0
5.441275421E1,7.334747314E-1,7.805069275E0,5.093458099E0
5.443269421E1,6.929090881E-1,7.337741089E0,5.004542999E0
5.445263321E1,6.168672180E-1,7.323071594E0,5.248834991E0
5.447257383E1,6.041436768E-1,7.675588531E0,4.820725250E0
5.449251283E1,7.382647705E-1,7.803871765E0,4.725223846E0
5.451245283E1,8.979826355E-1,7.378755798E0,4.979095917E0
5.453239183E1,9.171427917E-1,6.897356873E0,5.414241028E0
5.455233183E1,7.677534485E-1,6.719376984E0,5.749394073E0
5.457227083E1,6.887178040E-1,6.725663910E0,5.667664032E0
5.459221083E1,7.300318909E-1,6.354585571E0,5.521418152E0
5.461214983E1,9.325607300E-1,5.775140533E0,5.442232819E0
5.463208983E1,1.131796417E0,5.418731689E0,5.212610321E0
5.465202883E1,1.060843964E0,5.519921265E0,5.187911682E0
5.467196883E1,7.731422424E-1,5.991590424E0,5.631439362E0
5.469190783E1,3.055146790E-1,6.345005493E0,5.734874268E0
5.471184783E1,1.245410156E-1,6.468049622E0,4.524491272E0
5.473178683E1,2.712359619E-1,6.403982849E0,4.391118622E0
5.475172683E1,4.269122314E-1,6.524033203E0,5.216951294E0
5.477166583E1,6.177653503E-1,6.806046753E0,5.441783752E0
5.479160583E1,8.605604553E-1,6.930138702E0,5.536087646E0
5.481154483E1,1.165326691E0,6.739135895E0,5.853577423E0
5.483148483E1,1.471140747E0,6.162834320E0,5.978717194E0
5.485142383E1,1.671723633E0,5.610333252E0,6.035449219E0
5.487136383E1,1.632056122E0,5.362448730E0,5.733078003E0
5.489130283E1,1.394350433E0,5.520669708E0,5.656437378E0
5.491124283E1,1.196312256E0,5.942941589E0,6.074667664E0
5.493118183E1,1.196461945E0,6.130950623E0,6.274352417E0
5.495112183E1,1.337468719E0,6.119574280E0,6.232289886E0
5.497106083E1,1.474733276E0,6.211333466E0,6.336922302E0
5.499100083E1,1.524878998E0,6.325545959E0,6.613547058E0
5.501093983E1,1.532363434E0,6.301296387E0,6.712341614E0
5.503087983E1,1.506467285E0,6.254144440E0,6.864874420E0
5.505081883E1,1.504521332E0,6.316714325E0,6.944808197E0
5.507075883E1,1.651515656E0,6.365363159E0,7.032525787E0
5.509069783E1,1.830842743E0,6.311026154E0,7.416177979E0
5.511063783E1,1.954785004E0,6.182144165E0,7.191195831E0
5.513057683E1,1.974394226E0,6.154751129E0,7.301965485E0
5.515051683E1,1.936672668E0,6.167175293E0,7.532037048E0
5.517045583E1,1.939516754E0,6.210435333E0,7.537425842E0
5.519039583E1,1.890718231E0,6.291267242E0,7.485034790E0
5.521033483E1,1.828447723E0,6.347699890E0,7.185956726E0
5.523027483E1,1.686542816E0,6.489604797E0,7.144642639E0
5.525021383E1,1.474284210E0,6.588848419E0,7.223079529E0
5.527015383E1,1.399589539E0,6.486311646E0,7.374265137E0
5.529009283E1,1.490600281E0,6.299500122E0,7.677235107E0
5.531003283E1,1.652563477E0,6.117029572E0,7.696544952E0
5.532997183E1,1.716779938E0,6.056854706E0,7.775580597E0
5.534991183E1,1.723066864E0,5.982010345E0,7.722291412E0
5.536985083E1,1.580413513E0,5.907465363E0,7.814050598E0
5.538979083E1,1.314716034E0,5.847739563E0,7.727380829E0
5.540972983E1,1.062041473E0,5.879623260E0,7.560328217E0
5.542966983E1,8.909472656E-1,6.003415833E0,7.330556030E0
5.544960883E1,7.592211914E-1,6.197562103E0,7.274273071E0
5.546954825E1,7.303312683E-1,6.254443817E0,7.321275330E0
5.548948725E1,7.800279236E-1,6.252198486E0,7.292385406E0
5.550942725E1,8.982820129E-1,6.227649536E0,7.310946808E0
5.552936625E1,1.032403107E0,6.266119537E0,7.361840973E0
5.554930625E1,1.127455444E0,6.385870514E0,7.328460388E0
5.556924525E1,1.263223114E0,6.446793823E0,7.443121948E0
5.558918525E1,1.302291870E0,6.311475220E0,7.493117981E0
5.560912425E1,1.363065491E0,6.131100311E0,7.692203979E0
5.562906425E1,1.514700165E0,6.047873383E0,7.692353668E0
5.564900325E1,1.577569427E0,6.109844513E0,7.490722961E0
5.566894325E1,1.453028412E0,6.254593506E0,7.679181061E0
5.568888225E1,1.342558136E0,6.272256775E0,7.681576080E0
5.570882225E1,1.412163391E0,6.066285095E0,7.646249542E0
5.572876125E1,1.469045105E0,5.996829529E0,7.589816895E0
5.574870025E1,1.434766388E0,6.192772064E0,7.439978485E0
5.576864025E1,1.300345917E0,6.379583588E0,7.476352844E0
5.578857925E1,1.232387238E0,6.276148682E0,7.398215332E0
5.580851925E1,1.259331207E0,6.123316498E0,7.475903778E0
5.582845825E1,1.329535217E0,6.144721985E0,7.614066467E0
5.584839825E1,1.435365143E0,6.286477203E0,7.532186737E0
5.586833725E1,1.175206146E0,6.269412689E0,7.462581482E0
5.588827725E1,9.744735718E-1,6.312822418E0,7.189100189E0
5.590821625E1,1.644330597E0,6.320306854E0,7.470964050E0
5.592815625E1,1.753453674E0,6.376739502E0,7.522606659E0
5.594809525E1,1.745370483E0,6.238427124E0,7.565717010E0
5.596803525E1,1.527723083E0,6.181246033E0,7.262148285E0
5.598797425E1,1.206191711E0,6.190077667E0,7.399412842E0
5.600791425E1,1.079105988E0,6.168372803E0,7.440427551E0
5.602785325E1,1.203796692E0,6.106102295E0,7.338938599E0
5.604779325E1,1.322050781E0,6.078260193E0,7.542066193E0
5.606773225E1,1.329535217E0,6.113886108E0,7.667056274E0
5.608767225E1,1.338516541E0,6.186784515E0,7.575297089E0
5.610761125E1,1.335971832E0,6.170169067E0,7.508685608E0
5.612755125E1,1.221459961E0,6.109545135E0,7.339387665E0
5.614749025E1,1.271755371E0,6.100414124E0,7.429500275E0
5.616743025E1,1.510957947E0,6.135890350E0,7.453899536E0
5.618736925E1,1.669927368E0,6.218518524E0,7.568561096E0
5.620730925E1,1.554966431E0,6.272406464E0,7.812853088E0
5.622724825E1,1.351389771E0,6.190676422E0,7.679480438E0
5.624718825E1,1.177900543E0,6.083948364E0,7.521259460E0
5.626712725E1,1.065184937E0,6.079457703E0,7.337890778E0
5.628706725E1,1.191671906E0,6.215973816E0,7.389234009E0
5.630700625E1,1.287472687E0,6.221512299E0,7.525750122E0
5.632694625E1,1.310375061E0,6.153703308E0,7.585176544E0
5.634688525E1,1.325792999E0,6.201903076E0,7.493567047E0
5.636682525E1,1.348695374E0,6.251150665E0,7.507637787E0
5.638676425E1,1.386865997E0,6.220763855E0,7.590265961E0
5.640670425E1,1.391356659E0,6.121669922E0,7.603887634E0
5.642664325E1,1.312021637E0,6.050567780E0,7.603737946E0
5.644658325E1,1.234333191E0,6.039341125E0,7.607031097E0
5.646652225E1,1.245709534E0,6.111042023E0,7.412136383E0
5.648646233E1,1.278191986E0,6.150260468E0,7.455246735E0
5.650640133E1,1.288221130E0,6.118526459E0,7.534282379E0
5.652634133E1,1.393601990E0,6.119125214E0,7.439828796E0
5.654628033E1,1.435514832E0,6.123915253E0,7.828570404E0
5.656622033E1,1.308279419E0,6.053112488E0,7.827522583E0
5.658615933E1,1.378034363E0,6.088439026E0,7.639962616E0
5.660609933E1,1.390757904E0,6.192023621E0,7.472910004E0