"Time (s)","X (m/s^2)","Y (m/s^2)","Z (m/s^2)"
1.851958316E-2,-6.118846228E-2,1.816104251E-1,2.258545518E-2
2.848958317E-2,-6.112929577E-2,2.045402813E-1,-8.241065741E-3
3.845858318E-2,-2.159093516E-2,1.615597379E-1,-1.138388568E-1
6.842858319E-2,3.469275473E-2,1.284013474E-1,-1.370458710E-1
8.842858319E-2,8.724197416E-2,6.450531363E-2,-5.594966769E-2
1.084285832E-1,5.555752052E-2,1.431024170E-1,-9.607910872E-2
1.284285832E-1,1.051219739E-2,1.288387191E-1,-4.705020547E-2
1.484285832E-1,4.404766023E-2,3.119138718E-2,-9.898459017E-2
1.684285832E-1,8.537698645E-2,3.373024821E-2,-4.016043127E-2
1.884285832E-1,9.201257123E-2,1.081015688E-1,-5.513807416E-2
2.084285832E-1,6.897580236E-2,1.234639585E-1,-1.037646890E-2
2.284285832E-1,4.839237900E-2,1.196533281E-1,-2.083479881E-2
2.484285832E-1,3.975271588E-2,9.512542784E-2,-8.314740658E-2
2.684285832E-1,8.417805143E-2,9.019914865E-2,-6.038185716E-2
2.884285832E-1,1.337868340E-1,8.499688089E-2,-7.542908192E-3
3.084285832E-1,1.405975794E-1,1.378486937E-1,-3.409511447E-2
3.284285832E-1,2.534641905E-2,1.398490262E-1,-5.149876714E-2
3.484285832E-1,-1.507187991E-1,5.778276980E-2,-7.373806715E-2
3.684285832E-1,-2.461436409E-1,7.121908665E-4,-2.410859638E-1
3.884285832E-1,-3.485070264E-1,1.316255021E-1,-3.621876472E-1
4.084285832E-1,-4.509248458E-1,1.758450705E-1,-4.018335235E-1
4.284285832E-1,-6.026044703E-1,2.311445278E-1,-3.526631176E-1
4.484285832E-1,-6.510593963E-1,2.351890469E-1,-4.483563101E-1
4.684285832E-1,-3.989945907E-1,2.058465493E-1,-2.566272783E-1
4.884285832E-1,-1.458074486E-2,6.540812373E-2,4.560828209E-2
5.084285832E-1,2.209061994E-1,-7.586294532E-2,1.437900496E-1
5.284285832E-1,2.278625222E-1,-4.929787517E-3,2.531739128E-1
5.484285832E-1,1.402680157E-1,1.839323545E-1,3.173868656E-3
5.684285832E-1,-9.089021645E-3,3.053357542E-1,-6.189979434E-2
5.884285832E-1,-1.015656243E-1,1.963465780E-1,1.780944943E-1
6.084285832E-1,-1.269753942E-1,-2.361398041E-2,4.428798079E-2
6.284285832E-1,-1.379533223E-1,-1.340667146E-1,-7.965661883E-2
6.484285832E-1,-9.931492131E-2,7.121323943E-3,6.988942981E-2
6.684285832E-1,4.300502859E-2,2.196752143E-1,1.451875341E-1
6.884285832E-1,2.271193045E-1,3.108830076E-1,9.759353757E-2
7.084285832E-1,3.393311005E-1,2.538451731E-1,1.959939909E-1
7.284285832E-1,4.401045732E-1,1.081267118E-1,3.254121691E-1
7.484285832E-1,5.184040533E-1,-5.812366247E-2,2.238799471E-1
7.684285832E-1,5.497377471E-1,-1.181260353E-1,1.875804323E-1
7.884285832E-1,5.216778363E-1,-7.939583302E-2,2.731848389E-1
8.084285832E-1,4.779218059E-1,-2.003080666E-2,2.868275625E-1
8.284285832E-1,4.676902749E-1,1.292877853E-2,8.859174907E-2
8.484285832E-1,4.032682110E-1,-6.401063919E-2,5.168587804E-2
8.684285832E-1,3.247115996E-1,-1.920564759E-1,5.983689666E-2
8.884285832E-1,2.121307712E-1,-2.877058142E-1,-9.424542189E-3
9.084285832E-1,1.026693593E-1,-3.217377788E-1,1.047411740E-2
9.284285832E-1,6.791263238E-2,-4.048278826E-1,4.364186347E-2
9.484285832E-1,1.342730483E-1,-5.694685185E-1,4.861725926E-2
9.684285832E-1,2.594583540E-1,-6.580550051E-1,5.371252298E-3
9.884285832E-1,3.084676690E-1,-4.943996251E-1,-4.961245537E-2
1.008428583E0,2.408818960E-1,-2.688672549E-1,-6.785518348E-2
1.028428583E0,1.176785772E-1,-2.141390705E-1,-2.228139997E-1
1.048428583E0,-1.203028806E-1,-2.168182647E-1,-2.770282137E-1
1.068428583E0,-3.095924541E-1,-1.733453858E-1,-3.164279222E-1
1.088428583E0,-2.243532792E-1,-8.047230542E-2,-3.958553302E-1
1.108428583E0,-6.014226750E-3,1.221787405E-1,-2.697648025E-1
1.128428583E0,1.190517958E-1,3.326475137E-1,-3.468381214E-1
1.148428583E0,1.082462874E-1,3.916429961E-1,-2.913305032E-1
1.168428583E0,1.054390392E-1,2.769136083E-1,-1.048592877E-1
1.188428583E0,1.844591886E-1,1.440999520E-1,-7.593311191E-2
1.208428583E0,1.280952457E-1,1.438473523E-1,8.889638901E-2
1.228428583E0,-3.333643824E-2,2.691946989E-1,-8.956764936E-2
1.248428583E0,-1.738375752E-1,3.762425995E-1,-1.426299620E-1
1.268428583E0,-2.065300888E-1,3.560305291E-1,-1.612486660E-1
1.288428583E0,-9.617865756E-2,2.423746902E-1,-3.499096638E-1
1.308428583E0,-5.368518725E-2,2.044987661E-1,9.662523866E-3
1.328428583E0,3.246608019E-2,1.461681122E-1,1.376738620E-1
1.348428583E0,2.717230350E-2,-2.958691120E-4,-7.299722493E-2
1.368428583E0,-4.942417502E-2,-1.953888041E-1,1.490917200E-1
1.388428583E0,-4.801850438E-2,-2.912293464E-1,3.682927251E-2
1.408428583E0,9.191296756E-2,-2.871976912E-1,-2.135900170E-1
1.428428583E0,9.354156330E-2,-2.936945325E-1,-3.739762187E-1
1.448428583E0,-7.363442525E-2,-3.512375665E-1,-3.500383025E-1
1.468428583E0,-2.648207624E-1,-3.906366903E-1,-4.243032038E-2
1.488428583E0,-3.335443304E-1,-3.899718618E-1,-1.391128618E-1
1.508428583E0,-1.179506920E-1,-4.501262623E-1,-6.590314901E-1
1.528428583E0,8.584633514E-2,-5.475098848E-1,-8.150819814E-1
1.548428583E0,1.894241325E-1,-3.072168034E-1,-5.184667647E-1
1.568428583E0,2.683644674E-1,-3.336304307E-2,-3.743580419E-1
1.588428583E0,3.815186884E-1,-2.627311867E-1,-5.963300425E-1
1.608428583E0,4.170539720E-1,-6.284955758E-1,-1.046686100E0
1.628428583E0,3.125681752E-1,-6.941241395E-1,-1.037765588E0
1.648428583E0,1.144716717E-1,-5.685738945E-1,-8.288229382E-1
1.668428583E0,4.428037941E-2,-6.528404582E-1,-8.811917710E-1
1.688428583E0,5.277039036E-2,-8.049464178E-1,-1.152874460E0
1.708428583E0,1.595112390E-1,-9.202207661E-1,-1.406436043E0
1.728428583E0,2.281499859E-1,-8.868226397E-1,-1.440127700E0
1.748428583E0,2.225470377E-1,-9.291933185E-1,-1.292196068E0
1.768428583E0,9.108449019E-2,-1.008909579E0,-1.121953214E0
1.788428583E0,-2.817652624E-2,-8.816683191E-1,-1.187618616E0
1.808428583E0,2.650623254E-2,-5.257547343E-1,-1.101818912E0
1.828428583E0,-1.638044109E-1,-6.317629999E-1,-3.854794461E-1
1.848428583E0,2.453350989E-2,-6.730414188E-1,-7.361872548E-1
1.868428583E0,1.181309689E-1,-7.918749672E-1,-7.904880077E-1
1.888428583E0,8.503096833E-2,-5.222697937E-1,-3.439016497E-1
1.908428583E0,7.571770596E-2,-2.248371363E-1,-3.440776509E-1
1.928428583E0,1.422181170E-1,-3.383947420E-1,-2.657319778E-1
1.948428583E0,1.170998490E-1,-5.813167316E-1,-2.115639567E-1
1.968428583E0,1.091154760E-1,-7.299459368E-1,-1.044353646E-1
1.988428583E0,7.639612916E-2,-7.499925309E-1,-1.019029355E-1
2.008428583E0,5.820409823E-3,-5.909815943E-1,-1.133628935E-1
2.028428583E0,-1.082955502E-1,-2.562828773E-1,-3.360979557E-3
2.048428583E0,-1.270231587E-1,4.314660430E-2,-1.896041536E-1
2.068428583E0,-1.033287608E-1,2.286214542E-1,-2.539059842E-1
2.088428583E0,-1.368137731E-1,2.975753295E-1,-2.491568756E-1
2.108428583E0,-1.943763770E-1,3.775055981E-1,-5.749625623E-2
2.128428583E0,-1.675912870E-1,6.467505831E-1,-7.189268589E-2
2.148428583E0,-6.297310559E-2,9.717955470E-1,-4.441837370E-2
2.168428583E0,-1.725522293E-1,8.752457374E-1,-3.106625676E-3
2.188428583E0,-3.742468717E-1,3.337064445E-1,-3.993823707E-2
2.208428583E0,-5.202762952E-1,2.500351274E-1,-7.749665737E-2
2.228428583E0,-4.001244555E-1,5.125066978E-1,3.627893257E-1
2.248428583E0,-2.607856902E-1,4.667189062E-1,6.263163185E-1
2.268428583E0,-1.997779434E-1,3.481707019E-1,4.332324868E-1
2.288428583E0,-3.431579204E-2,5.917826629E-1,1.909981298E-1
2.308428583E0,1.210516349E-1,8.929744953E-1,4.726070523E-1
2.328428583E0,2.466784419E-1,9.271532249E-1,7.752694595E-1
2.348428583E0,3.201124721E-1,6.598167711E-1,7.695508826E-1
2.368428583E0,2.464100547E-1,5.230679387E-1,8.427808267E-1
2.388428583E0,2.098100844E-1,5.484191269E-1,7.108904457E-1
2.408428583E0,2.065063893E-1,5.930251962E-1,3.613351232E-1
2.428428583E0,3.205874853E-2,6.941299868E-1,2.667213267E-1
2.448428583E0,-2.438654744E-1,7.657408369E-1,2.922625494E-1
2.468428583E0,-3.617886478E-1,6.474826545E-1,4.274683017E-1
2.488428583E0,-2.018200469E-1,7.065845561E-1,6.088658881E-1
2.508428583E0,-8.374528438E-3,6.277781224E-1,3.812864077E-1
2.528428583E0,-3.541203534E-2,6.842522854E-1,2.248517543E-1
2.548428583E0,-6.251662077E-2,9.466197753E-1,-5.925451398E-2
2.568428583E0,1.986363111E-2,1.137529612E0,1.272617251E-1
2.588428583E0,3.976102989E-2,1.072951793E0,3.525520205E-1
2.608428583E0,1.415545128E-2,8.758649576E-1,1.072776961E-1
2.628428583E0,-6.184835711E-2,1.045908421E0,5.175423199E-1
2.648428583E0,-1.318876036E-1,1.324652207E0,6.962273830E-1
2.668428583E0,-1.158330863E-1,1.233482421E0,7.100706661E-1
2.688428583E0,-8.635643162E-2,1.312853111E0,7.252769351E-1
2.708428583E0,-7.687626779E-2,1.195188421E0,6.928213799E-1
2.728428583E0,5.036535747E-3,1.258368171E0,1.019730436E0
2.748428583E0,1.512569074E-1,1.327203932E0,1.069103740E0
2.768428583E0,3.186913063E-1,1.452654190E0,1.183083515E0
2.788428583E0,3.495258306E-1,1.607823506E0,1.385258598E0
2.808428583E0,2.411135554E-1,1.507506920E0,1.518157039E0
2.828428583E0,2.295795936E-1,1.629423705E0,1.206703928E0
2.848428583E0,1.848317293E-1,1.582198668E0,1.131742623E0
2.868428583E0,1.808115675E-1,1.661726063E0,9.132122934E-1
2.888428583E0,1.195613989E-1,1.640026461E0,5.895051724E-1
2.908428583E0,8.851814725E-2,1.558856583E0,6.598623794E-1
2.928428583E0,1.936189798E-1,1.511602895E0,5.358961451E-1
2.948428583E0,1.623326667E-1,1.553587072E0,6.053756851E-1
2.968428583E0,-2.163531233E-2,1.598038191E0,6.991907519E-1
2.988428583E0,-2.319546595E-1,1.521305764E0,6.218081152E-1
3.008428583E0,-2.703013028E-1,1.424623223E0,4.298399323E-1
3.028428583E0,-2.292619254E-1,1.442398759E0,4.324501294E-1
3.048428583E0,-2.378980801E-1,1.484426206E0,5.148502618E-1
3.068428583E0,-2.724912129E-1,1.601540673E0,5.766459757E-1
3.088428583E0,-1.668860032E-1,1.543435721E0,4.843880224E-1
3.108428583E0,2.923212226E-2,1.202438384E0,5.006853819E-1
3.128428583E0,8.400088993E-2,8.398051786E-1,5.522543156E-1
3.148428583E0,1.525277266E-2,7.445078427E-1,4.114100933E-1
3.168428583E0,1.409361698E-3,7.835029238E-1,1.090768844E-1
3.188428583E0,-4.481729999E-2,6.523954850E-1,1.008188617E-1
3.208428583E0,-2.323549380E-1,3.628559840E-1,9.746022105E-2
3.228428583E0,-3.733043736E-1,1.471188694E-1,-1.218372631E-1
3.248428583E0,-4.106088786E-1,1.448875719E-1,-2.871216774E-2
3.268428583E0,-5.096998150E-1,4.038128060E-1,-2.530382574E-1
3.288428583E0,-5.653616535E-1,4.718393129E-1,-6.644594604E-1
3.308428583E0,-7.077522451E-1,2.708728498E-1,-7.924778152E-1
3.328428583E0,-7.546474993E-1,1.590249699E-1,-8.425311506E-1
3.348428583E0,-4.648733056E-1,5.899723649E-2,-1.203069298E0
3.368428583E0,-2.354198657E-1,-1.475299287E-1,-7.930438256E-1
3.388428583E0,-1.191082214E-1,-3.725535911E-1,-5.293437552E-1
3.408428583E0,9.988422085E-2,-6.341691291E-1,-5.193871164E-1
3.428428583E0,3.245860306E-1,-9.151237482E-1,-6.151411200E-1
3.448428583E0,4.435782579E-1,-1.122244406E0,-5.213599670E-1
3.468428583E0,4.484635334E-1,-1.143391446E0,-2.944137400E-1
3.488428583E0,4.809680591E-1,-1.022140658E0,-2.372367418E-1
3.508428583E0,3.975868370E-1,-8.517101097E-1,-2.999492991E-1
3.528428583E0,3.050228550E-1,-7.950587761E-1,-7.475735378E-1
3.548428583E0,1.268521276E-1,-7.283239192E-1,-9.112026054E-1
3.568428583E0,-3.241586722E-2,-5.557749242E-1,-9.108377391E-1
3.588428583E0,-8.791866146E-2,-4.590865356E-1,-7.822779322E-1
3.608428583E0,-2.720979877E-2,-3.002001446E-1,-6.884874237E-1
3.628428583E0,1.258054760E-1,-2.318192965E-1,-8.329592586E-1
3.648428583E0,1.676872545E-1,-3.152555555E-1,-9.944722188E-1
3.668428583E0,6.999380261E-2,-3.666788936E-1,-9.566144210E-1
3.688428583E0,-1.238449777E-1,-4.484422642E-1,-9.229520005E-1
3.708428583E0,-2.944980130E-1,-5.600024611E-1,-9.407322139E-1
3.728428583E0,-3.840104793E-1,-6.866730326E-1,-8.517720902E-1
3.748428583E0,-3.686189997E-1,-7.324590701E-1,-8.712099892E-1
3.768428583E0,-2.481414335E-1,-7.507713801E-1,-1.142598563E0
3.788428583E0,-7.504016899E-2,-6.903380674E-1,-1.021928989E0
3.808428583E0,-1.488131002E-2,-5.330216539E-1,-9.112254095E-1
3.828428583E0,-4.337128356E-2,-3.664151841E-1,-8.044856572E-1
3.848428583E0,-1.433481462E-1,-2.606314516E-1,-6.476510543E-1
3.868428583E0,-8.881511271E-2,-5.161699784E-1,-7.290694392E-1
3.888428583E0,-3.208761916E-2,-1.033138686E0,-7.932057935E-1
3.908428583E0,6.179922223E-3,-1.455827474E0,-8.588051212E-1
3.928428583E0,-2.484496549E-2,-1.613604648E0,-8.002043259E-1
3.948428583E0,-1.287479411E-1,-1.086754146E0,-8.389988476E-1
3.968428583E0,-2.587417777E-1,-5.090293586E-2,-7.589954889E-1
3.988428583E0,-3.013286573E-1,2.954141986E-1,-5.218195581E-1
4.008428583E0,-2.852477910E-1,-2.407152504E-1,-3.071986771E-1
4.028428583E0,-2.473459929E-1,-4.404046816E-1,-8.150258482E-2
4.048428583E0,-8.700232968E-2,-2.918754637E-1,3.304705954E-1
4.068428583E0,2.781013240E-1,-4.960274899E-1,5.301518404E-1
4.088428583E0,5.751682381E-1,-8.743616384E-1,5.797467542E-1
4.108428583E0,7.934114693E-1,-8.651733238E-1,7.513321280E-1
4.128428583E0,8.786398999E-1,-2.925122255E-1,1.034512197E0
4.148428583E0,8.692022015E-1,2.474483192E-1,7.235876745E-1
4.168428583E0,7.437351331E-1,3.966482127E-1,4.117954248E-1
4.188428583E0,4.205884677E-1,2.525248718E-1,3.468065464E-1
4.208428583E0,1.419658644E-1,6.324348450E-2,2.501415467E-1
4.228428583E0,7.723908752E-2,1.148743987E-2,1.549588162E-1
4.248428583E0,1.888099556E-1,9.627089739E-2,1.127904510E-1
4.268428583E0,3.037837569E-1,5.698579431E-2,1.484701610E-1
4.288428583E0,2.807553752E-1,-1.816472626E-1,1.914366710E-1
4.308428583E0,2.587457246E-1,-3.775009203E-1,2.309831446E-1
4.328428583E0,3.054738946E-1,-4.508618420E-1,2.824368882E-1
4.348428583E0,4.760314742E-1,-4.270537341E-1,2.447270250E-1
4.368428583E0,6.553981765E-1,-4.376933277E-1,4.302732110E-2
4.388428583E0,6.186355622E-1,-5.199461102E-1,-1.722180426E-1
4.408428583E0,4.597677362E-1,-6.706458145E-1,-1.982404912E-1
4.428428583E0,2.828706054E-1,-8.860128003E-1,-1.298333305E-1
4.448428583E0,1.683645813E-1,-9.993908966E-1,-5.395038772E-1
4.468428583E0,3.873371065E-2,-7.792742175E-1,-6.026374340E-1
4.488428583E0,-2.319429651E-2,-2.547281027E-1,-4.111189020E-1
4.508428583E0,-8.059831291E-2,-7.417193055E-3,-4.903223616E-1
4.528428583E0,-8.586636186E-2,-2.365976411E-1,-1.017697359E0
4.548428583E0,-2.107126021E-1,-5.738971996E-1,-1.017096266E0
4.568428583E0,-2.694687872E-1,-6.931254351E-1,-9.157394600E-1
4.588428583E0,-1.700570579E-1,-7.614589208E-1,-1.034524477E0
4.608428583E0,-9.916804656E-2,-9.233367473E-1,-8.934948975E-1
4.628428583E0,-1.957201219E-1,-1.026283996E0,-7.934186321E-1
4.648428583E0,-2.597470602E-1,-1.232673166E0,-1.174728429E0
4.668428583E0,-1.721873447E-1,-1.563491086E0,-1.636945564E0
4.688428583E0,-4.719528951E-2,-1.760497815E0,-1.741918287E0
4.708428583E0,-2.127111804E-1,-1.666798523E0,-1.278874941E0
4.728428583E0,-4.657773217E-1,-1.397689193E0,-1.331920297E0
4.748428583E0,-3.471910374E-1,-1.438690454E0,-1.986293310E0
4.768428583E0,-5.708757240E-2,-1.387898031E0,-2.038997188E0
4.788428583E0,-2.349979525E-2,-8.891545093E-1,-1.558348460E0
4.808428583E0,-8.916355195E-2,-2.242027134E-1,-1.148262177E0
4.828428583E0,-7.062670888E-2,1.026888013E-2,-1.043831490E0
4.848428583E0,-7.073101316E-2,-4.964923435E-1,-1.287289084E0
4.868428583E0,-2.962972378E-1,-8.104047936E-1,-1.141594597E0
4.888428583E0,-6.226040675E-1,-4.262298614E-1,-6.696500337E-1
4.908428583E0,-5.188387572E-1,1.275727969E-1,-3.620174932E-1
4.928428583E0,-4.961979180E-2,2.249944264E-1,-3.741650838E-1
4.948428583E0,1.626914848E-1,-4.737063289E-2,1.583402610E-1
4.968428583E0,1.775185801E-1,-1.390690076E-1,1.395069641E-1
4.988428583E0,1.715468919E-1,7.146233082E-2,-4.911076427E-2
5.008428583E0,1.411976865E-1,3.167044955E-1,2.674142218E-1
5.028428583E0,1.653057201E-2,3.329503995E-1,2.604191977E-1
5.048428583E0,-1.062158235E-1,2.030814010E-1,1.456108725E-1
5.068428583E0,-1.282977420E-1,1.623374176E-1,3.213395834E-1
5.088428583E0,-1.944699872E-2,2.993417734E-1,1.731758165E-1
5.108428583E0,1.655255388E-2,6.085214871E-1,6.040056825E-2
5.128428583E0,-1.406403007E-1,8.067824435E-1,1.528111339E-1
5.148428583E0,-2.811517068E-1,8.593459886E-1,2.577587146E-1
5.168428583E0,-3.791314164E-1,7.082393181E-1,2.833817983E-1
5.188428583E0,-2.989019166E-1,6.308572662E-1,1.040915483E-1
5.208428583E0,-8.658030689E-2,9.150097275E-1,1.825728768E-1
5.228428583E0,1.311970291E-1,1.213440505E0,5.608532310E-1
5.248428583E0,2.380141839E-1,1.237893561E0,6.484439367E-1
5.268428583E0,2.180237596E-1,9.230233365E-1,6.588572431E-1
5.288428583E0,6.984703749E-2,8.823851877E-1,6.028800935E-1
5.308428583E0,4.973438809E-2,1.118191701E0,6.245101136E-1
5.328428583E0,1.081194394E-1,1.230093375E0,6.025380313E-1
5.348428583E0,6.851326933E-2,1.111686088E0,5.839327759E-1
5.368428583E0,-2.361858509E-2,8.032764530E-1,5.668080354E-1
5.388428583E0,-9.284494065E-2,6.527638596E-1,7.238344270E-1
5.408428583E0,-1.108811159E-1,8.213542897E-1,5.251817071E-1
5.428428583E0,-1.150503268E-1,8.528731209E-1,4.480926007E-1
5.448428583E0,-1.913636174E-1,7.433845925E-1,5.051848143E-1
5.468428583E0,-2.418757765E-1,5.544236326E-1,4.714218217E-1
5.488428583E0,-2.174001723E-1,3.807081181E-1,5.064191616E-1
5.508428583E0,-1.396482474E-1,4.642227298E-1,4.668288338E-1
5.528428583E0,1.799900886E-2,7.614226681E-1,5.405107677E-1
5.548428583E0,3.689962182E-2,1.034439692E0,4.094273025E-1
5.568428583E0,-6.717416558E-2,1.301566815E0,4.341189247E-1
5.588428583E0,-7.485894185E-2,1.485538346E0,4.859620929E-1
5.608428583E0,2.482910492E-3,1.471618465E0,5.307652134E-1
5.628428583E0,-4.696560357E-2,1.475945989E0,7.630604732E-1
5.648428583E0,-1.959536086E-1,1.567178341E0,7.424139547E-1
5.668428583E0,-9.093642773E-2,1.730489320E0,7.165283310E-1
5.688428583E0,2.471265396E-1,1.719729273E0,9.759926784E-1
5.708428583E0,4.309192552E-1,1.615557618E0,1.439934742E0
5.728428583E0,3.609923667E-1,1.740715515E0,1.388565783E0
5.748428583E0,3.302574643E-1,1.567491751E0,1.381652035E0
5.768428583E0,4.681143442E-1,1.397691532E0,1.497021108E0
5.788428583E0,4.447720766E-1,1.366979032E0,1.204928128E0
5.808428583E0,1.158390705E-1,1.337466965E0,1.021265915E0
5.828428583E0,-1.365679342E-1,1.595449044E0,8.670081800E-1
5.848428583E0,-1.051499126E-1,1.698112702E0,7.139093632E-1
5.868428583E0,-1.237774972E-1,1.403621194E0,6.765210968E-1
5.888428583E0,-2.778004665E-1,1.090982852E0,7.424923074E-1
5.908428583E0,-3.639341374E-1,8.899479765E-1,7.841952342E-1
5.928428583E0,-1.428438239E-1,7.033533847E-1,7.969749087E-1
5.948428583E0,9.171211571E-2,6.151434588E-1,8.997251058E-1
5.968428583E0,8.929750800E-2,6.400210226E-1,9.344938195E-1
5.988428583E0,4.345341410E-2,7.161821759E-1,6.448174936E-1
6.008428583E0,2.911700977E-2,8.620491564E-1,6.197843939E-1
6.028428583E0,-2.026144734E-2,9.126913065E-1,6.393947858E-1
6.048428583E0,-1.405975064E-1,7.538388294E-1,5.204934096E-1
6.068428583E0,-2.147030527E-1,6.345445204E-1,4.540608537E-1
6.088428583E0,-2.045687499E-1,5.861763525E-1,3.952138907E-1
6.108428583E0,-1.830907026E-1,5.498704058E-1,4.446480060E-1
6.128428583E0,-2.044400015E-1,4.862363273E-1,4.449397820E-1
6.148428583E0,-1.391487125E-1,4.135981214E-1,1.428533256E-1
6.168428583E0,-1.045770682E-1,3.978387058E-1,1.384550500E-1
6.188428583E0,-2.226936932E-1,4.022206092E-1,2.887600672E-1
6.208428583E0,-3.437445058E-1,2.720826387E-1,-2.991225028E-1
6.228428583E0,-3.543614414E-1,1.214367288E-1,-5.926825494E-1
6.248428583E0,-2.139971294E-1,7.831585228E-2,-4.791933560E-1
6.268428583E0,-5.219714396E-2,1.588366896E-1,2.099969029E-2
6.288428583E0,3.074071303E-2,1.623122746E-1,1.342017853E-1
6.308428583E0,5.045262717E-2,3.070372939E-2,-2.527763021E-1
6.328428583E0,1.258410709E-1,-6.935967207E-3,-4.379038274E-1
6.348428583E0,1.694632000E-1,1.185581446E-2,-2.525997162E-1
6.368428583E0,2.010466430E-1,-8.366079211E-2,-2.671739012E-1
6.388428583E0,1.954328775E-1,-3.194269592E-1,-4.711154276E-1
6.408428583E0,1.116794070E-1,-3.049691337E-1,-4.564313149E-1
6.428428583E0,-8.507040963E-2,-1.194194394E-1,-2.533873361E-1
6.448428583E0,-3.003713219E-1,-3.132172161E-1,-6.291650820E-1
6.468428583E0,-4.089812330E-1,-7.368497443E-1,-1.150846646E0
6.488428583E0,-3.717084492E-1,-8.057042170E-1,-1.202295127E0
6.508428583E0,-2.618500113E-1,-4.715913910E-1,-9.334331346E-1
6.528428583E0,-1.386453038E-1,-2.870515108E-1,-1.155042608E0
6.548428583E0,-4.355013527E-2,-4.006243193E-1,-1.458938777E0
6.568428583E0,-3.319223128E-2,-4.795178765E-1,-1.296991369E0
6.588428583E0,-1.993693692E-1,-3.660134804E-1,-1.041858054E0
6.608428583E0,-3.459854512E-1,-5.264581543E-1,-1.002765325E0
6.628428583E0,-2.378878292E-1,-9.019949949E-1,-1.019126419E0
6.648428583E0,-1.195426695E-1,-1.144749754E0,-1.410938399E0
6.668428583E0,-9.396826386E-2,-1.148322403E0,-1.589921086E0
6.688428583E0,-2.496386862E-1,-9.066774452E-1,-1.403814737E0
6.708428583E0,-4.398309235E-1,-6.645115006E-1,-1.507533817E0
6.728428583E0,-4.552791211E-1,-5.613759720E-1,-1.687736818E0
6.748428583E0,-3.794150063E-1,-5.542458773E-1,-1.202042527E0
6.768428583E0,-2.329505865E-1,-6.257356900E-1,-8.898842418E-1
6.788428583E0,-6.803293884E-2,-7.737480140E-1,-8.333697331E-1
6.808428583E0,-6.361332089E-3,-9.009150141E-1,-6.994538766E-1
6.828428583E0,8.756278530E-2,-9.211697692E-1,-6.510874629E-1
6.848428583E0,2.781711982E-1,-8.008837724E-1,-5.635698473E-1
6.868428583E0,4.536644125E-1,-6.565306360E-1,-3.728102839E-1
6.888428583E0,4.633990033E-1,-5.573577654E-1,-1.465932047E-1
6.908428583E0,3.075210048E-1,-5.744754893E-1,-5.216067195E-2
6.928428583E0,2.036800097E-1,-6.735501266E-1,-1.213572067E-1
6.948428583E0,1.710616095E-1,-6.794604921E-1,5.066495419E-2
6.968428583E0,1.508205955E-1,-4.667814714E-1,2.411304027E-1
6.988428583E0,1.942890890E-1,-1.303356063E-1,3.021449286E-1
7.008428583E0,2.608551076E-1,8.017526686E-2,3.634430444E-1
7.028428583E0,3.007490520E-1,4.998141468E-2,2.524880344E-1
7.048428583E0,1.420961112E-1,-1.743288875E-2,2.222754711E-1
7.068428583E0,1.838642344E-2,-4.634503126E-2,3.499266207E-1
7.088428583E0,-1.163508207E-2,-5.969480932E-2,2.080334079E-1
7.108428583E0,1.023884006E-1,-7.146233082E-2,1.065514719E-1
7.128428583E0,2.255991746E-1,-1.185926431E-1,1.321119905E-1
7.148428583E0,3.162694627E-1,-2.059921449E-1,1.412605441E-1
7.168428583E0,3.176524754E-1,-1.740488058E-1,2.243705285E-1
7.188428583E0,2.193954250E-1,-2.826076269E-2,1.720952511E-1
7.208428583E0,1.510971688E-1,-1.925254226E-2,4.116673708E-2
7.228428583E0,1.443472892E-2,-9.936115086E-2,6.604897857E-2
7.248428583E0,-7.003239423E-2,-9.066400230E-2,-3.274908543E-2
7.268428583E0,-2.306024909E-2,7.802524567E-3,1.233762503E-4
7.288428583E0,1.230686867E-1,4.133572161E-2,1.130740410E-1
7.308428583E0,2.187750354E-1,5.200513601E-2,2.365561259E-1
7.328428583E0,2.606440231E-1,7.782585561E-2,2.701782006E-1
7.348428583E0,2.512000389E-1,1.065982497E-1,1.354922658E-1
7.368428583E0,2.018710274E-1,8.992432952E-2,-7.321298718E-3
7.388428583E0,9.533768177E-2,9.275789022E-2,-6.525024891E-2
7.408428583E0,-3.338950172E-2,1.388859898E-1,-8.966471314E-2
7.428428583E0,-9.948204204E-2,1.478298908E-1,-2.230689383E-1
7.448428583E0,-9.577139899E-2,8.522199869E-2,-2.072533894E-1
7.468428583E0,-5.396950811E-2,-6.938306093E-3,-1.879108000E-1
7.488428583E0,2.676416785E-3,1.890814126E-2,-9.910796642E-2
7.508428583E0,2.226824373E-2,1.860812062E-1,-5.801315010E-2
7.528428583E0,1.868287727E-2,2.021803451E-1,-9.134169459E-2
7.548428583E0,-1.025513917E-2,9.835484505E-2,-3.298531294E-2
7.568428583E0,-6.010659948E-2,7.785684586E-2,1.245690823E-2
7.588428583E0,-5.205571443E-2,1.582133764E-1,3.994817734E-3
7.608428583E0,4.734475896E-2,7.359188676E-2,-1.516533852E-2
7.628428583E0,1.215412478E-1,-1.236013681E-1,2.324268222E-2
7.648428583E0,7.895378351E-2,-2.436031902E-1,-1.466715574E-2
7.668428583E0,1.039481454E-1,-3.002761585E-1,-8.029513478E-2
7.688428583E0,1.321980907E-1,-3.234252852E-1,-1.761520493E-1
7.708428583E0,1.289746669E-1,-2.470249808E-1,-4.056991178E-1
7.728428583E0,1.182638834E-1,-8.124998510E-2,-2.856920332E-1
7.748428583E0,2.298014224E-2,-3.026284933E-2,-3.127874458E-1
7.768428583E0,-4.875730008E-2,-2.453602785E-1,-5.010882550E-1
7.788428583E0,-5.873659685E-2,-4.206206274E-1,-3.302665275E-1
7.808428583E0,-1.927329987E-2,-4.114638877E-1,-1.571029902E-1
7.828428583E0,5.079373911E-2,-4.198873866E-1,-5.098421216E-2
7.848428583E0,1.723047276E-1,-5.424514586E-1,-4.400731444E-2
7.868428583E0,3.091017996E-1,-6.149060619E-1,-1.366985464E-1
7.888428583E0,2.446320078E-1,-5.651503497E-1,-3.301934373E-1
7.908428583E0,8.625520170E-2,-4.311567253E-1,-6.102598643E-1
7.928428583E0,8.737260461E-2,-3.330158883E-1,-6.769824421E-1
7.948428583E0,2.490717986E-1,-7.062530190E-1,-9.091087174E-1
7.968428583E0,2.415780070E-1,-1.100416165E0,-9.586855048E-1
7.988428583E0,5.348594338E-2,-8.893796271E-1,-6.002120090E-1
8.008428583E0,5.429227442E-2,-7.329011196E-1,-5.502323484E-1
8.028428583E0,1.577581707E-1,-1.131850212E0,-7.768049383E-1
8.048428583E0,2.312304819E-1,-1.558404593E0,-8.784991282E-1
8.068428583E0,2.399058495E-1,-1.668428727E0,-9.550280714E-1
8.088428583E0,1.079525379E-1,-1.508915514E0,-7.752408081E-1
8.108428583E0,2.623989187E-2,-1.327353621E0,-8.593723011E-1
8.128428583E0,7.576281175E-2,-1.342159356E0,-1.017457039E0
8.148428583E0,1.567852671E-1,-1.286794410E0,-1.033143949E0
8.168428583E0,2.007078700E-1,-1.041807768E0,-1.186671951E0
8.188428583E0,6.318428144E-2,-9.557455248E-1,-1.256866606E0
8.208428583E0,-2.151952238E-1,-8.845492423E-1,-1.171425337E0
8.228428583E0,-4.169577122E-1,-4.715106994E-1,-1.045971571E0
8.248428583E0,-3.453760617E-1,-2.793255848E-1,-1.052418126E0
8.268428583E0,-3.276336725E-1,-5.859828097E-1,-1.066169023E0
8.288428583E0,-4.849178167E-1,-5.504691607E-1,-9.992224967E-1
8.308428583E0,-4.167468836E-1,5.471882880E-2,-8.650575489E-1
8.328428583E0,-6.189858835E-2,4.236401296E-1,-5.077821475E-1
8.348428583E0,1.419017278E-1,3.792094767E-2,-1.062240279E-1
8.368428583E0,1.457571991E-2,-2.573166651E-1,8.367599487E-2
8.388428583E0,-1.742308552E-1,2.561957538E-2,3.231007648E-1
8.408428583E0,-1.866905226E-1,4.757458377E-1,7.027768493E-3
8.428428583E0,2.797041189E-2,4.902282214E-1,-1.053504539E-1
8.448428583E0,1.276312965E-1,1.482304251E-1,2.786666036E-2
8.468428583E0,-1.111509466E-1,3.110490686E-1,-1.756094277E-2
8.488428583E0,-3.700214909E-1,8.641617554E-1,1.861127812E-1
8.508428583E0,-3.469217366E-1,1.099289991E0,1.497670734E-1
8.528428583E0,-1.287598457E-1,7.790385747E-1,1.313565302E-1
8.548428583E0,-1.666076392E-1,6.672146684E-1,-6.258859634E-3
8.568428583E0,-3.115811652E-1,9.183882487E-1,4.660932541E-2
8.588428583E0,-3.401275644E-1,9.645490927E-1,-8.905309439E-3
8.608428583E0,-2.162759355E-1,7.491873693E-1,9.570430219E-2
8.628428583E0,-5.643696003E-2,5.673202515E-1,6.468850690E-1
8.648428583E0,1.493805884E-2,3.994273943E-1,8.455389583E-1
8.668428583E0,8.015384230E-2,3.920259887E-1,8.009147626E-1
8.688428583E0,2.129155406E-1,5.026716810E-1,7.451258934E-1
8.708428583E0,2.084740139E-1,7.494639426E-1,5.482214910E-1
8.728428583E0,1.218202148E-1,1.095178229E0,4.940417755E-1
8.748428583E0,1.073960657E-1,1.146677581E0,4.891669518E-1
8.768428583E0,4.794317580E-2,8.887849653E-1,5.218487942E-1
8.788428583E0,-3.908616527E-2,5.607035422E-1,4.072299188E-1
8.808428583E0,-8.385999944E-2,6.129606932E-1,4.575077873E-1
8.828428583E0,-6.659777630E-3,8.794294202E-1,3.007293177E-1
8.848428583E0,1.468663063E-1,9.844652939E-1,2.588164759E-1
8.868428583E0,1.015790363E-1,9.297394484E-1,3.333433324E-1
8.888428583E0,-1.032057591E-1,8.259069318E-1,2.297809571E-1
8.908428583E0,-1.221305832E-1,8.300362355E-1,2.079141247E-1
8.928428583E0,-2.701267451E-2,7.289045477E-1,2.436558151E-1
8.948428583E0,-8.462300627E-3,7.781556451E-1,3.622209764E-1
8.968428583E0,-4.832554716E-2,9.659027231E-1,2.483300793E-1
8.988428583E0,-9.606619916E-2,1.034184753E0,4.711312151E-1
9.008428583E0,-1.491299187E-1,1.174595697E0,3.737335593E-1
9.028428583E0,-2.260636994E-1,1.294591087E0,3.446559405E-1
9.048428583E0,-1.868115965E-1,1.396289955E0,4.463594860E-1
9.068428583E0,-1.517629291E-1,1.422105412E0,3.618683892E-1
9.088428583E0,-2.082751903E-1,1.413571985E0,4.349644321E-1
9.108428583E0,-2.484508609E-1,1.494928975E0,6.359934604E-1
9.128428583E0,-1.294799120E-1,1.490749969E0,7.184871483E-1
9.148428583E0,-8.258121338E-2,1.392999727E0,8.379340696E-1
9.168428583E0,-5.976133053E-2,1.381035154E0,8.826506513E-1
9.188428583E0,3.984012262E-2,1.436101892E0,8.750030780E-1
9.208428583E0,8.753288227E-2,1.427942103E0,7.219948930E-1
9.228428583E0,7.827733375E-2,1.327745385E0,7.574307740E-1
9.248428583E0,5.572888048E-2,1.711987560E0,7.790672261E-1
9.268428583E0,9.322970571E-2,1.593517123E0,7.548685241E-1
9.288428583E0,1.016625875E-1,1.286295058E0,7.564309001E-1
9.308428583E0,9.209161827E-2,1.201725023E0,7.076008022E-1
9.328428583E0,9.536865374E-2,1.223709970E0,6.941732562E-1
9.348428583E0,9.562240463E-2,1.195005403E0,6.917782366E-1
9.368428583E0,5.678145239E-2,1.259186781E0,5.931398016E-1
9.388428583E0,1.332226691E-1,1.418118196E0,7.424665797E-1
9.408428583E0,1.193828943E-1,1.518137743E0,8.247316414E-1
9.428428583E0,5.520716267E-2,1.467648790E0,7.211786216E-1
9.448428583E0,-6.929389089E-3,1.279528075E0,7.187613827E-1
9.468428583E0,-7.104337782E-2,1.065903559E0,5.061747479E-1
9.488428583E0,-1.259871417E-1,9.952580845E-1,5.172581452E-1
9.508428583E0,-1.240105453E-1,9.706202567E-1,4.859995151E-1
9.528428583E0,-7.863660861E-2,7.551468515E-1,4.135478354E-1
9.548428583E0,-9.709106075E-2,5.271715146E-1,3.472164363E-1
9.568428583E0,-8.558112737E-2,3.989245337E-1,-1.726372880E-1
9.588428583E0,-8.717968304E-2,4.834267402E-1,-9.988564610E-2
9.608428583E0,-1.181655954E-1,5.029242808E-1,-5.012584090E-2
9.628428583E0,-2.236689905E-1,2.219784325E-1,-1.897748923E-1
9.648428583E0,-2.084907333E-1,-2.301347136E-2,-2.735070205E-1
9.668428583E0,-9.161761008E-2,-1.031027842E-1,-1.899152255E-1
9.688428583E0,1.479747556E-3,-1.465937895E-1,-1.082547659E-1
9.708428583E0,2.648722909E-2,-1.517182893E-1,-1.996753979E-1
9.728428583E0,-9.676155187E-3,-9.183812320E-2,-3.047826076E-1
9.748428583E0,-9.105909135E-2,-5.068074167E-2,-3.199578863E-1
9.768428583E0,-1.423322291E-1,-6.107884526E-2,-2.663272244E-1
9.788428583E0,-6.429152481E-2,-3.748766899E-2,-4.004044640E-1
9.808428583E0,8.415517420E-2,-1.854409361E-1,-4.638210261E-1
9.828428583E0,2.385213020E-1,-2.933162177E-1,-5.349103045E-1
9.848428583E0,2.860520755E-1,-3.234276241E-1,-3.239585513E-1
9.868428583E0,1.685481108E-1,-2.739870769E-1,-2.365748370E-1
9.888428583E0,4.829325043E-2,-3.492658854E-1,-5.812337011E-1
9.908428583E0,4.590627082E-2,-5.794391906E-1,-6.781852144E-1
9.928428583E0,-2.251346134E-2,-7.700724542E-1,-4.284541422E-1
9.948428583E0,-8.905294821E-2,-6.988761717E-1,-3.494354546E-1
9.968428583E0,-8.743597381E-2,-5.842859477E-1,-4.802517021E-1
9.988428583E0,2.616702095E-3,-5.785925138E-1,-7.753331941E-1
1.000842858E1,9.142406724E-2,-5.048790050E-1,-7.739526665E-1
1.002842858E1,1.973639935E-2,-3.100667363E-1,-6.925360358E-1
1.004842858E1,-2.935667709E-3,-2.790396559E-1,-6.048815954E-1
1.006842858E1,-7.734134071E-2,-5.099964881E-1,-8.339597172E-1
1.008842858E1,-1.937198626E-1,-6.332891232E-1,-1.241976671E0
1.010842858E1,-2.941316119E-1,-6.752066427E-1,-8.948578835E-1
1.012842858E1,-2.892591271E-1,-7.637697405E-1,-1.254223664E0
1.014842858E1,-3.455727839E-1,-9.984185046E-1,-9.688964975E-1
1.016842858E1,-5.004609950E-1,-1.069605432E0,-9.005127257E-1
1.018842858E1,-5.594468294E-1,-9.281127530E-1,-1.115037128E0
1.020842858E1,-5.150699709E-1,-7.580020469E-1,-1.000064496E0
1.022842858E1,-3.989360820E-1,-6.271197259E-1,-7.738556027E-1
1.024842858E1,-2.622644328E-1,-5.556527174E-1,-6.213216269E-1
1.026842858E1,-1.888006000E-1,-5.843239546E-1,-5.850571954E-1
1.028842858E1,-8.083380952E-2,-5.757683086E-1,-4.241915220E-1
1.030842858E1,3.201993763E-2,-4.436867237E-1,-4.373477572E-1
1.032842858E1,1.210106130E-1,-1.490390950E-1,-5.624793416E-1
1.034842858E1,2.001765043E-1,-1.616404295E-2,-5.974649870E-1
1.036842858E1,1.852187419E-1,-2.177912414E-1,-7.205681723E-1
1.038842858E1,1.130105987E-1,-5.114062518E-1,-7.317907333E-1
1.040842858E1,6.359212473E-2,-7.645374799E-1,-6.052195644E-1
1.042842858E1,8.017058909E-2,-9.196220112E-1,-4.755727601E-1
1.044842858E1,2.530601844E-1,-7.754723579E-1,-1.323289222E-1
1.046842858E1,3.878029834E-1,-4.253288054E-1,5.069477499E-2
1.048842858E1,5.004463769E-1,-2.525318885E-1,1.612404799E-1
1.050842858E1,5.256888069E-1,-4.414162499E-1,-1.483274889E-1
1.052842858E1,3.206468345E-1,-7.019021058E-1,-2.226455998E-1
1.054842858E1,1.218077347E-1,-5.951869118E-1,3.575572371E-2
1.056842858E1,6.795370907E-2,-2.452714008E-1,3.896865177E-1
1.058842858E1,1.895208308E-1,-1.890819973E-1,3.819576681E-1
1.060842858E1,3.216355987E-1,-3.768203044E-1,4.656517893E-1
1.062842858E1,4.227608545E-1,-3.573555082E-1,3.468837297E-1
1.064842858E1,4.835507011E-1,-9.693631053E-2,3.442203230E-1
1.066842858E1,4.365665692E-1,1.279563743E-1,3.350641680E-1
1.068842858E1,3.183253437E-1,1.226927108E-1,2.837969506E-1
1.070842858E1,2.002031091E-1,1.549395204E-2,1.646277720E-1
1.072842858E1,1.207125512E-1,-2.790642142E-2,2.464004982E-1
1.074842858E1,1.283168551E-1,-3.572414875E-2,1.699633563E-1
1.076842858E1,1.675586888E-1,7.777264595E-2,-1.581367779E-1
1.078842858E1,1.966076562E-1,2.045584077E-1,-1.265547967E-1
1.080842858E1,6.109989524E-2,2.636790204E-1,-9.382500708E-2
1.082842858E1,-8.520182580E-2,1.967886275E-1,-1.759117287E-1
1.084842858E1,-1.364209498E-1,1.563989854E-1,-3.267108357E-1
1.086842858E1,-1.750273374E-1,1.324043512E-1,-2.270620018E-1
1.088842858E1,-2.598860778E-1,8.993602395E-2,-8.831868410E-2
1.090842858E1,-2.369663081E-1,3.257776201E-2,-2.826427102E-2
1.092842858E1,-6.273273021E-2,2.275736332E-3,9.684743285E-2
1.094842858E1,7.651432514E-2,2.650776744E-2,8.336960077E-2
1.096842858E1,6.894510448E-2,1.301724690E-1,3.820570707E-3
1.098842858E1,1.148977876E-4,2.024206656E-1,-1.562270772E-1
1.100842858E1,-1.019479591E-1,2.263194054E-1,-1.989304626E-1
1.102842858E1,-1.902803841E-1,1.924698740E-1,-1.487397176E-1
1.104842858E1,-1.976218557E-1,9.589024365E-2,-2.231648326E-1
1.106842858E1,-1.231096172E-1,5.589061081E-2,-2.624698162E-1
1.108842858E1,5.709806085E-4,1.214004761E-1,-1.105369341E-1
1.110842858E1,1.271880502E-1,1.913507169E-1,-1.661486328E-2
1.112842858E1,2.115163019E-1,2.851821560E-1,2.231063604E-2
1.114842858E1,2.696800178E-1,2.704612058E-1,1.700259215E-1
1.116842858E1,2.776339853E-1,2.266146898E-2,1.251456177E-1
1.118842858E1,2.378600550E-1,-1.139329970E-1,1.560721260E-1
1.120842858E1,2.572538075E-1,-4.208767354E-2,3.165501291E-1
1.122842858E1,3.078070799E-1,-1.297140473E-1,4.605565256E-1
1.124842858E1,3.740381992E-1,-4.071632606E-1,5.164067906E-1
1.126842858E1,4.099327943E-1,-6.917957783E-1,3.211460406E-1
1.128842858E1,3.411075577E-1,-6.675362653E-1,-5.611806750E-2
1.130842858E1,1.696806434E-1,-3.513129956E-1,-2.998405409E-1
1.132842858E1,1.945953369E-3,-9.131128907E-2,-3.613590968E-1
1.134842858E1,-1.320079100E-1,-2.325092679E-1,-4.726158231E-1
1.136842858E1,-2.804644762E-1,-4.535603321E-1,-7.649140406E-1
1.138842858E1,-3.077566476E-1,-4.578130120E-1,-6.889084232E-1
1.140842858E1,-3.252724206E-1,-3.157315189E-1,-6.003049797E-1
1.142842858E1,-3.955170688E-1,-4.514453942E-1,-8.679180068E-1
1.144842858E1,-5.836332522E-1,-8.467534250E-1,-1.169369456E0
1.146842858E1,-6.924269852E-1,-1.180390872E0,-1.377857777E0
1.148842858E1,-6.463887866E-1,-1.168682992E0,-1.348841554E0
1.150842858E1,-3.601092544E-1,-8.542975026E-1,-1.388657584E0
1.152842858E1,-2.493398935E-3,-7.672839171E-1,-1.270404664E0
1.154842858E1,2.376349372E-1,-9.085894847E-1,-9.155640435E-1
1.156842858E1,2.027976649E-1,-8.174506885E-1,-6.713585901E-1
1.158842858E1,6.238935247E-2,-5.916896921E-1,-6.563008404E-1
1.160842858E1,5.596954823E-3,-7.373087507E-1,-7.193899584E-1
1.162842858E1,-6.242107362E-2,-1.114751784E0,-7.292939723E-1
1.164842858E1,-2.320093310E-1,-1.181119435E0,-9.597321564E-1
1.166842858E1,-2.525656562E-1,-9.599970353E-1,-1.222713604E0
1.168842858E1,-2.586645944E-1,-8.030314547E-1,-1.153189040E0
1.170842858E1,-3.623108773E-1,-8.158625847E-1,-1.028617619E0
1.172842858E1,-4.757100235E-1,-9.640731293E-1,-1.266154908E0
1.174842858E1,-4.817863038E-1,-1.051238742E0,-1.281386905E0
1.176842858E1,-3.981741898E-1,-7.177661866E-1,-1.106662745E0
1.178842858E1,-1.953427573E-1,-3.077471459E-1,-8.184797984E-1
1.180842858E1,-1.562579213E-1,-2.317736882E-1,-4.544643116E-1
1.182842858E1,-1.086456522E-2,-3.997162467E-1,-8.031267643E-2
1.184842858E1,2.298509775E-1,-3.354103231E-1,1.515370256E-1
1.186842858E1,4.658826081E-1,-2.223269266E-1,3.627349466E-1
1.188842858E1,4.921250582E-1,-9.542422056E-2,4.859316874E-1
1.190842858E1,4.277739649E-1,-1.420469946E-1,2.648244900E-1
1.192842858E1,3.850126921E-1,-2.483312488E-1,1.446741486E-1
1.194842858E1,1.949733594E-1,-9.189250231E-2,4.435580850E-2
1.196842858E1,-1.248639281E-1,2.967912179E-1,-3.010982770E-1
1.198842858E1,-3.491354924E-1,5.860582387E-1,-5.532582825E-1
1.200842858E1,-4.302622475E-1,5.548235822E-1,-2.661325121E-1
1.202842858E1,-3.843890865E-1,1.691242808E-1,4.272694963E-1
1.204842858E1,-2.995391169E-1,-1.208800739E-1,-1.931920052E-2
1.206842858E1,-8.285387635E-2,2.734503025E-1,-3.517123604E-1
1.208842858E1,4.728350937E-2,8.883797532E-1,1.363067830E-1
1.210842858E1,4.544470623E-2,1.001466658E0,1.371745098E-1
1.212842858E1,-3.791422337E-2,7.049151760E-1,8.113421023E-2
1.214842858E1,-1.086586623E-1,7.594305217E-1,3.842427599E-1
1.216842858E1,6.285172105E-3,1.050232437E0,5.539429915E-1
1.218842858E1,2.302566281E-1,1.211685755E0,6.538181126E-1
1.220842858E1,2.663402344E-1,9.540773141E-1,4.280910301E-1
1.222842858E1,1.399664091E-1,7.323643452E-1,3.689136994E-1
1.224842858E1,9.602151364E-2,8.724151003E-1,5.369369495E-1
1.226842858E1,3.257232410E-1,9.794308412E-1,6.092401099E-1
1.228842858E1,4.632352813E-1,9.707407093E-1,6.200077575E-1
1.230842858E1,4.524954079E-1,9.674738699E-1,4.160422575E-1
1.232842858E1,2.994996482E-1,9.809125257E-1,5.457598132E-1
1.234842858E1,1.217244118E-1,9.077562565E-1,5.458826047E-1
1.236842858E1,2.197484507E-1,8.699803197E-1,5.131422901E-1
1.238842858E1,3.250908646E-1,9.031544977E-1,5.087954700E-1
1.240842858E1,1.790111916E-1,9.677878654E-1,3.169407231E-1
1.242842858E1,7.818385139E-3,1.007484028E0,1.656212139E-1
1.244842858E1,-5.821407504E-2,1.048201699E0,2.072358477E-1
1.246842858E1,-9.325066432E-3,1.015749067E0,2.952206558E-1
1.248842858E1,2.142489982E-1,9.729918873E-1,3.515386981E-1
1.250842858E1,2.818964593E-1,9.732959425E-1,4.130689484E-1
1.252842858E1,1.566852066E-1,9.891278636E-1,3.843649668E-1
1.254842858E1,1.584583747E-1,1.009252810E0,1.169905061E-1
1.256842858E1,1.760954775E-1,1.153086129E0,3.323966682E-1
1.258842858E1,9.676191732E-2,1.268866262E0,3.690090090E-1
1.260842858E1,5.194673695E-2,1.229722661E0,3.475479734E-1
1.262842858E1,1.964418876E-1,1.170488028E0,6.290440446E-1
1.264842858E1,4.037643472E-1,1.138841727E0,8.778003860E-1
1.266842858E1,4.534588098E-1,1.125235841E0,9.148536068E-1
1.268842858E1,3.317805178E-1,1.118702163E0,7.389839780E-1
1.270842858E1,2.063449513E-1,1.243883448E0,6.177290976E-1
1.272842858E1,1.505474574E-1,1.263517229E0,4.233004063E-1
1.274842858E1,2.209010831E-1,1.193209723E0,5.553995329E-1
1.276842858E1,3.647194185E-1,1.051630506E0,6.741050273E-1
1.278842858E1,3.865338452E-1,8.842177051E-1,6.862397540E-1
1.280842858E1,3.633348709E-1,9.100202984E-1,7.298143744E-1
1.282842858E1,3.466470636E-1,1.002408060E0,6.162462437E-1
1.284842858E1,2.332096182E-1,9.483716011E-1,5.761840457E-1
1.286842858E1,1.326923266E-2,8.233364958E-1,3.865664434E-1
1.288842858E1,-3.319537416E-2,8.994537950E-1,-3.387233555E-2
1.290842858E1,1.624536310E-1,9.986073697E-1,2.619891751E-1
1.292842858E1,2.620608035E-1,1.060004888E0,5.173288965E-1
1.294842858E1,2.584659353E-1,9.973964113E-1,4.605179340E-1
1.296842858E1,2.900547870E-1,9.128053272E-1,5.562625819E-1
1.298842858E1,2.075783484E-1,8.547407216E-1,5.467246038E-1
1.300842858E1,1.625471865E-1,8.368418097E-1,5.614823914E-1
1.302842858E1,1.645321700E-1,7.888303220E-1,5.557451034E-1
1.304842858E1,1.831333324E-1,8.224781245E-1,6.742032605E-1
1.306842858E1,2.527147602E-1,8.084594250E-1,5.892800546E-1
1.308842858E1,2.728476007E-1,7.287601215E-1,6.395298564E-1
1.310842858E1,2.379971722E-1,7.823831820E-1,4.702821994E-1
1.312842858E1,2.301860230E-1,7.328309530E-1,4.394077313E-1
1.314842858E1,2.248406446E-1,6.416547346E-1,4.795810264E-1
1.316842858E1,1.652643876E-1,5.942993045E-1,1.395285988E-1
1.318842858E1,1.553020477E-1,5.400687182E-1,9.952487290E-2
1.320842858E1,9.339216694E-2,5.859576666E-1,1.788873768E-1
1.322842858E1,7.654853135E-2,4.884518373E-1,2.036269462E-1
1.324842858E1,1.132548662E-1,3.487209249E-1,1.230201548E-1
1.326842858E1,1.244743574E-1,3.956331360E-1,4.766474783E-2
1.328842858E1,1.266737875E-1,4.550502026E-1,-2.503777742E-2
1.330842858E1,4.087174505E-2,4.243347788E-1,-1.071297616E-1
1.332842858E1,-1.810343282E-1,2.903470016E-1,-8.003434896E-2
1.334842858E1,-3.771316686E-1,2.214925289E-3,-3.644142669E-1
1.336842858E1,-4.338648632E-1,-1.364406842E-1,-4.580673659E-1
1.338842858E1,-3.712077083E-1,2.770352304E-2,-2.702822810E-1
1.340842858E1,-2.629241449E-1,5.245654106E-2,-3.698632872E-1
1.342842858E1,-1.899408071E-1,-1.491642255E-1,-5.320510161E-1
1.344842858E1,-6.868841171E-2,-3.134189451E-1,-5.401704597E-1
1.346842858E1,7.576398119E-2,-4.531913728E-1,-5.994641501E-1
1.348842858E1,1.398656908E-1,-5.448727906E-1,-5.120172858E-1
1.350842858E1,1.555074312E-1,-4.356754535E-1,-6.158533108E-1
1.352842858E1,5.701356858E-2,-3.003550959E-1,-5.369650161E-1
1.354842858E1,-2.692775832E-1,-4.388510764E-1,-8.404571432E-1
1.356842858E1,-4.802462934E-1,-7.123089802E-1,-1.179606176E0
1.358842858E1,-5.750195727E-1,-8.928066802E-1,-1.304307405E0
1.360842858E1,-5.093623576E-1,-8.794282508E-1,-9.036439097E-1
1.362842858E1,-4.336580180E-1,-7.550334156E-1,-8.431860387E-1
1.364842858E1,-3.120944045E-1,-7.970883447E-1,-9.507104874E-1
1.366842858E1,-2.137493536E-1,-7.678967053E-1,-1.028202467E0
1.368842858E1,-1.542976423E-1,-6.688477957E-1,-1.310447567E0
1.370842858E1,-1.874170026E-1,-6.524346614E-1,-1.185525312E0
1.372842858E1,-3.095955969E-1,-7.636773545E-1,-1.040669315E0
1.374842858E1,-5.077286455E-1,-9.061465180E-1,-9.315269423E-1
1.376842858E1,-6.086530495E-1,-9.338161272E-1,-8.602318418E-1
1.378842858E1,-5.732722785E-1,-8.457132053E-1,-8.029057395E-1
1.380842858E1,-4.008801350E-1,-7.126510423E-1,-6.382247579E-1
1.382842858E1,-2.510773936E-1,-6.626228499E-1,-6.865677828E-1
1.384842858E1,-1.460185696E-1,-5.456586564E-1,-6.542724413E-1
1.386842858E1,-8.895632297E-2,-3.955623847E-1,-6.235950243E-1
1.388842858E1,-1.229176824E-1,-3.168337190E-1,-6.082595319E-1
1.390842858E1,-1.426340550E-1,-2.411327416E-1,-5.043013000E-1
1.392842858E1,-1.384550500E-1,-2.701939881E-1,-4.629848742E-1
1.394842858E1,-1.510850358E-1,-5.499622071E-1,-3.639704633E-1
1.396842858E1,-1.212636513E-1,-7.449516463E-1,-1.950607753E-1
1.398842858E1,-1.209555030E-2,-5.566373885E-1,-7.291010141E-2
1.400842858E1,1.193188673E-1,-1.967547137E-1,-8.997169197E-2
1.402842858E1,2.446831709E-1,-1.425229579E-1,4.018732846E-2
1.404842858E1,2.799129376E-1,-3.232750118E-1,3.400676304E-1
1.406842858E1,2.353796661E-1,-4.853867269E-1,2.900680894E-1
1.408842858E1,1.408652723E-1,-5.170558316E-1,6.245527983E-2
1.410842858E1,2.793361098E-2,-3.463884705E-1,3.065695167E-2
1.412842858E1,-3.109169215E-2,-1.526579368E-1,1.728121197E-1
1.414842858E1,-2.886010230E-2,-1.446010584E-1,1.178699273E-1
1.416842858E1,-1.562668383E-2,-4.746477306E-2,4.121351480E-2
1.418842858E1,2.084941685E-2,1.380574393E-1,-3.675559759E-2
1.420842858E1,-1.560884982E-2,1.899970865E-1,-1.523363400E-1
1.422842858E1,-1.066108212E-1,1.968266344E-1,-1.946941549E-1
1.424842858E1,-2.317728111E-1,1.431912947E-1,-2.257861394E-1
1.426842858E1,-2.100866577E-1,7.988524497E-2,-3.769009960E-1
1.428842858E1,-5.642270744E-2,1.793118846E-1,-1.066444427E-1
1.430842858E1,1.087590882E-1,2.129327899E-1,9.229245186E-3
1.432842858E1,1.965810513E-1,3.675033510E-2,2.009103298E-3
1.434842858E1,2.244158444E-1,-1.075080764E-1,8.413792491E-2
1.436842858E1,2.569652474E-1,-1.182131588E-1,3.714209855E-2
1.438842858E1,2.724285015E-1,-7.601380348E-6,1.108737338E-1
1.440842858E1,2.113072640E-1,1.521147305E-1,-5.028605461E-5
1.442842858E1,1.239016226E-1,1.212694985E-1,-8.124589205E-2
1.444842858E1,1.126588887E-1,2.325086832E-2,-8.826781332E-2
1.446842858E1,1.535309261E-1,5.137363672E-2,-3.184159756E-2
1.448842858E1,1.969277912E-1,1.639202589E-1,-8.102486730E-3
1.450842858E1,1.834879661E-1,6.419716537E-2,-7.118926585E-2
1.452842858E1,1.472439998E-1,-7.217627585E-2,-2.300353110E-1
1.454842858E1,1.336623797E-1,-3.641061187E-3,-4.055862665E-2
1.456842858E1,9.722048521E-2,6.940995812E-2,1.802111864E-2
1.458842858E1,1.426033571E-1,-3.057801425E-2,-3.307536006E-2
1.460842858E1,1.690848121E-1,-6.660738766E-2,-1.178810370E-1
1.462842858E1,1.378074709E-1,3.201233625E-2,-1.359097570E-1
1.464842858E1,1.010559663E-1,1.244316727E-1,-1.684115052E-2
1.466842858E1,1.098376071E-1,9.561659396E-2,-1.083646935E-1
1.468842858E1,1.284843779E-1,-4.269929230E-2,-1.433059001E-1
1.470842858E1,1.079132885E-1,-9.401153326E-3,-8.430749416E-2
1.472842858E1,9.050291151E-2,7.701777041E-2,1.695634067E-2
1.474842858E1,1.383079925E-1,6.496198118E-2,-2.150898278E-2
1.476842858E1,1.301318309E-1,-2.424080193E-2,1.962091684E-2
1.478842858E1,6.670825213E-2,-1.058141381E-1,4.684204459E-2
1.480842858E1,2.998803020E-2,-2.064640152E-1,8.971675336E-2
1.482842858E1,-2.682030112E-2,-3.507721281E-1,2.196611810E-1
1.484842858E1,-7.744812548E-2,-4.559348863E-1,4.141816735E-2
1.486842858E1,1.850117505E-2,-5.233801800E-1,2.065248263E-1
1.488842858E1,1.172217634E-1,-5.147081745E-1,1.509534734E-1
1.490842858E1,3.245146215E-2,-3.984941787E-1,-1.493197614E-1
1.492842858E1,-1.290983355E-1,-1.226728302E-1,-2.019137120E-1
1.494842858E1,-2.007483619E-1,4.293201149E-2,-1.739189976E-1
1.496842858E1,-2.106053057E-1,-1.075010598E-2,-2.533025515E-1
1.498842858E1,-1.298002937E-1,-2.418110186E-1,-2.791285336E-1
1.500842858E1,-1.660199940E-2,-4.874373454E-1,-2.631188571E-1
1.502842858E1,6.540636957E-2,-6.237312645E-1,-3.034897882E-1
1.504842858E1,9.507952720E-2,-6.745768976E-1,-2.904475737E-1
1.506842858E1,1.170197421E-1,-8.327943671E-1,-2.751804936E-1
1.508842858E1,1.953715548E-1,-1.408643952E0,-6.490526319E-1
1.510842858E1,2.886707510E-1,-1.955541049E0,-1.115539404E0
1.512842858E1,1.944781002E-1,-1.969435787E0,-1.181984239E0
1.514842858E1,-9.417086989E-3,-1.506900564E0,-1.030853595E0
1.516842858E1,7.302251413E-2,-1.433410419E0,-1.184019070E0
1.518842858E1,2.019960116E-1,-1.670229669E0,-1.257430862E0
1.520842858E1,8.587264761E-2,-1.644841644E0,-1.196219870E0
1.522842858E1,1.083620623E-2,-1.347078034E0,-1.357000759E0
1.524842858E1,8.474164993E-2,-1.108715118E0,-1.312401706E0
1.526842858E1,6.335706666E-2,-1.024081934E0,-1.154630379E0
1.528842858E1,3.913877651E-2,-1.077595067E0,-1.324456326E0
1.530842858E1,1.881575525E-2,-9.770375758E-1,-1.537315441E0
1.532842858E1,-6.305023402E-2,-4.773947525E-1,-1.285567079E0
1.534842858E1,-9.564085990E-2,9.475763798E-2,-6.520160007E-1
1.536842858E1,-5.441513903E-2,1.157690227E-1,-4.432628006E-1
1.538842858E1,6.541345932E-2,-3.520485753E-1,-7.489183974E-1
1.540842858E1,2.118900852E-1,-8.095429140E-1,-1.141375326E0
1.542842858E1,2.737773811E-1,-5.916686422E-1,-8.383117998E-1
1.544842858E1,7.975214772E-2,-5.120991468E-3,-6.972407055E-1
1.546842858E1,-9.617566086E-2,2.062441599E-1,-8.548465562E-1
1.548842858E1,-2.159115443E-1,3.063531697E-2,-5.933263278E-1
1.550842858E1,-4.188895958E-1,3.746720374E-2,-2.230022800E-1
1.552842858E1,-5.506416535E-1,2.307907712E-1,-3.168652940E-1
1.554842858E1,-5.821292753E-1,3.862267202E-1,-3.219851160E-1
1.556842858E1,-4.640864897E-1,4.382213312E-1,-3.679839921E-1
1.558842858E1,-3.311186130E-1,4.499297959E-1,-3.143322802E-1
1.560842858E1,-4.131388226E-1,5.375859904E-1,-1.248485792E-1
1.562842858E1,-5.260225002E-1,7.323386174E-1,1.126442707E-1
1.564842858E1,-4.279856706E-1,7.479705638E-1,-3.294730604E-2
1.566842858E1,-3.838230029E-1,5.587342000E-1,-1.631893569E-1
1.568842858E1,-4.438377281E-1,7.174855202E-1,-3.749199593E-1
1.570842858E1,-4.251759373E-1,1.342311968E0,-2.582943195E-1
1.572842858E1,-1.644854654E-1,1.743849038E0,4.511571264E-1
1.574842858E1,1.621878751E-2,1.416861629E0,5.661215723E-1
1.576842858E1,-1.267796221E-1,8.353460920E-1,5.567379606E-1
1.578842858E1,-2.609022508E-1,8.241942823E-1,4.492339772E-1
1.580842858E1,-1.179194093E-1,1.382221554E0,3.201818347E-1
1.582842858E1,5.417671882E-2,1.497742655E0,4.929477614E-1
1.584842858E1,8.305056207E-2,1.005563802E0,7.014670730E-1
1.586842858E1,-4.969172169E-2,5.956488419E-1,6.873454624E-1
1.588842858E1,-1.287976059E-1,5.756613046E-1,5.050450659E-1
1.590842858E1,2.576710794E-2,8.547149938E-1,4.324086142E-1
1.592842858E1,2.766360483E-1,1.037574969E0,5.493143356E-1
1.594842858E1,2.946986091E-1,9.874432808E-1,5.696427655E-1
1.596842858E1,1.486331156E-1,9.077428079E-1,5.250583309E-1
1.598842858E1,8.577858053E-2,1.000395448E0,5.592031467E-1
1.600842858E1,8.111981146E-2,9.158207363E-1,7.357153845E-1
1.602842858E1,7.937909536E-2,7.849337375E-1,6.121081692E-1
1.604842858E1,1.221034941E-1,7.660448921E-1,5.837871802E-1
1.606842858E1,3.404979855E-3,1.050518366E0,6.466389012E-1
1.608842858E1,-8.414223723E-2,1.163523409E0,5.018548250E-1
1.610842858E1,-9.036930263E-2,1.006079527E0,5.395231730E-1
1.612842858E1,5.764788184E-2,1.175181003E0,6.009815025E-1
1.614842858E1,1.336340938E-1,1.375691383E0,6.072906482E-1
1.616842858E1,9.286496736E-2,1.291703147E0,8.337731910E-1
1.618842858E1,1.051425488E-1,1.140650271E0,8.066286618E-1
1.620842858E1,2.313785991E-1,1.184354700E0,8.885662794E-1
1.622842858E1,3.556928890E-1,1.263719543E0,9.196231806E-1
1.624842858E1,3.499229662E-1,1.213728188E0,9.085468000E-1
1.626842858E1,2.791799160E-1,1.240179237E0,8.951274401E-1
1.628842858E1,2.598467553E-1,1.372277779E0,9.633480746E-1
1.630842858E1,2.836917738E-1,1.266651921E0,1.137322036E0
1.632842858E1,2.348198317E-1,1.123508574E0,1.293218161E0
1.634842858E1,1.547233561E-1,1.247789973E0,1.037023576E0
1.636842858E1,2.723829664E-1,1.374328982E0,9.792928469E-1
1.638842858E1,3.134524204E-1,1.402734756E0,9.658933675E-1
1.640842858E1,2.111874691E-1,1.332133135E0,8.467879236E-1
1.642842858E1,1.660031833E-1,1.161448817E0,6.804229438E-1
1.644842858E1,1.651894701E-1,1.054934183E0,5.552165151E-1
1.646842858E1,1.879988737E-1,9.754208207E-1,4.933313388E-1
1.648842858E1,2.033958350E-1,8.912349486E-1,5.160068411E-1
1.650842858E1,8.453867845E-2,7.646819061E-1,5.167932916E-1
1.652842858E1,1.899109863E-2,8.117210019E-1,1.900549740E-1
1.654842858E1,1.127615804E-1,8.080384254E-1,1.344526309E-1
1.656842858E1,9.552186906E-2,6.730864424E-1,3.504400063E-1
1.658842858E1,-8.706862248E-2,5.260786700E-1,5.194631302E-1
1.660842858E1,-2.816165239E-1,5.489968318E-1,3.246134394E-1
1.662842858E1,-2.566486207E-1,6.774332625E-1,1.772723758E-1
1.664842858E1,-2.685611531E-2,7.821147949E-1,2.486768192E-1
1.666842858E1,1.204550544E-1,8.193405086E-1,1.520568430E-1
1.668842858E1,1.103215373E-1,6.892575020E-1,8.002967119E-2
1.670842858E1,9.341540962E-2,5.417550552E-1,1.903490889E-1
1.672842858E1,1.221858303E-1,4.101950419E-1,1.742066807E-1
1.674842858E1,1.862667091E-1,3.101357335E-1,3.468802214E-2
1.676842858E1,1.744399115E-1,3.269482327E-1,1.219378352E-1
1.678842858E1,1.714490607E-1,1.984644395E-1,1.424878746E-1
1.680842858E1,1.865542459E-1,-9.038509011E-2,5.025214076E-2
1.682842858E1,7.391509160E-2,-2.565068257E-1,-1.136388820E-1
1.684842858E1,-1.243927887E-1,-2.232911325E-1,-2.123708725E-1
1.686842858E1,-2.769310038E-1,-2.631504321E-1,-4.467711300E-1
1.688842858E1,-3.878271031E-1,-3.741984129E-1,-4.866608351E-1
1.690842858E1,-4.708898713E-1,-3.839357811E-1,-4.559956974E-1
1.692842858E1,-4.660112469E-1,-5.702011746E-1,-6.591975510E-1
1.694842858E1,-3.996587978E-1,-7.161383218E-1,-7.549761128E-1
1.696842858E1,-3.171395284E-1,-5.931187516E-1,-7.406451720E-1
1.698842858E1,-1.996650191E-1,-2.517009991E-1,-4.793477225E-1
1.700842858E1,-4.477534622E-2,-3.170828104E-2,-4.293060815E-1
1.702842858E1,9.597941369E-2,-1.451062578E-1,-4.500350457E-1
1.704842858E1,1.867569982E-1,-2.490832007E-1,-5.267920303E-1
1.706842858E1,1.605241960E-1,-8.777313888E-2,-6.054207087E-1
1.708842858E1,1.028982778E-1,1.571012360E-1,-3.422913265E-1
1.710842858E1,9.343251273E-2,2.189817345E-1,-1.524433440E-1
1.712842858E1,8.533733502E-2,1.195989490E-1,-5.327789944E-1
1.714842858E1,6.232459456E-2,-1.223372000E-1,-8.602078682E-1
1.716842858E1,-8.291468740E-2,-2.610132748E-1,-7.962223721E-1
1.718842858E1,-2.609726366E-1,-3.341835773E-1,-6.046289957E-1
1.720842858E1,-3.717830743E-1,-5.103905904E-1,-7.778147525E-1
1.722842858E1,-3.585132569E-1,-7.829275578E-1,-9.713113976E-1
1.724842858E1,-3.141934088E-1,-1.005767285E0,-1.013024265E0
1.726842858E1,-2.816210555E-1,-1.000829896E0,-9.214901966E-1
1.728842858E1,-3.385071547E-1,-6.342252624E-1,-8.540981126E-1
1.730842858E1,-3.437582467E-1,-2.034410048E-1,-8.367687196E-1
1.732842858E1,-2.426322600E-1,-2.410918111E-1,-1.000425269E0
1.734842858E1,-1.808942874E-1,-6.308958578E-1,-1.173651956E0
1.736842858E1,-1.643928601E-1,-9.209218472E-1,-1.262572904E0
1.738842858E1,-1.976117693E-1,-9.809534562E-1,-1.270264331E0
1.740842858E1,-2.662392238E-1,-7.020213890E-1,-1.302528098E0
1.742842858E1,-2.638844039E-1,-2.973613214E-1,-1.182140359E0
1.744842858E1,-2.425470369E-1,-2.426588649E-1,-8.845416409E-1
1.746842858E1,-3.757713139E-2,-4.874741828E-1,-7.645023966E-1
1.748842858E1,2.968492515E-1,-6.020141208E-1,-4.260129297E-1
1.750842858E1,5.379205973E-1,-4.769930488E-1,-1.454377949E-2
1.752842858E1,6.018325648E-1,-2.126848680E-1,2.146150339E-1
1.754842858E1,5.187696505E-1,-1.551009035E-1,6.431235552E-2
1.756842858E1,3.219678667E-1,-3.666514117E-1,-8.481678665E-2
1.758842858E1,1.328268126E-2,-4.316215789E-1,-1.031279272E-1
1.760842858E1,-2.182101944E-1,-1.641564864E-1,6.654072940E-2
1.762842858E1,-2.556467003E-1,1.449817121E-2,1.205988228E-1
1.764842858E1,-1.449840510E-1,-2.471805167E-1,-4.275016308E-2
1.766842858E1,-1.177162917E-1,-5.239467752E-1,-9.158669293E-2
1.768842858E1,-1.905575421E-1,-6.457337523E-1,-4.911719620E-2
1.770842858E1,-2.523607112E-1,-5.717512715E-1,-1.366114229E-1
1.772842858E1,-3.173346792E-1,-4.523575598E-1,-8.094066739E-2
1.774842858E1,-3.618661965E-1,-4.470325005E-1,-2.181713104E-2
1.776842858E1,-2.575622481E-1,-4.326062500E-1,-2.865135670E-4
1.778842858E1,-9.493393153E-2,-2.394931823E-1,2.430623227E-1
1.780842858E1,2.250885665E-2,-3.770869374E-3,3.907284915E-2
1.782842858E1,2.171886858E-1,1.744803303E-1,1.798515826E-1
1.784842858E1,4.237699378E-1,1.554581684E-1,2.856721526E-1
1.786842858E1,4.548806334E-1,-6.880652547E-2,1.605926085E-1
1.788842858E1,2.990766022E-1,-1.819191581E-1,3.091189027E-2
1.790842858E1,1.480716732E-1,-7.567057192E-2,6.127998948E-2
1.792842858E1,1.430740580E-1,2.120375812E-2,2.735444427E-2
1.794842858E1,2.307887247E-1,-7.930052340E-2,5.678991258E-2
1.796842858E1,2.563126981E-1,-1.960893005E-1,1.962793350E-2
1.798842858E1,1.824486235E-1,-1.726255935E-1,4.276945889E-2
1.800842858E1,9.190945923E-2,-7.018296003E-2,4.412952125E-2
1.802842858E1,3.924885035E-2,1.228383064E-2,1.067023301E-1
1.804842858E1,8.879230857E-2,6.237809658E-3,-1.369300961E-2
1.806842858E1,1.324321255E-1,5.648819625E-2,-8.919401228E-2
1.808842858E1,1.363512218E-1,1.333849293E-1,8.928581357E-2
1.810842858E1,1.378662354E-1,7.543142080E-2,-1.782816052E-2
1.812842858E1,9.974560529E-2,-7.333987176E-2,-6.500817418E-2
1.814842858E1,7.240022421E-2,-8.925891638E-2,-7.145180583E-2
1.816842858E1,5.340554416E-2,7.867721021E-2,4.035748243E-2
1.818842858E1,5.287490934E-2,2.253984690E-1,-2.806663513E-4
1.820842858E1,6.525814265E-2,1.526322091E-1,-5.342951775E-2
1.822842858E1,5.983689666E-2,3.367937744E-2,-3.839047909E-2
1.824842858E1,1.756795943E-3,-6.507366300E-3,-6.238218963E-2
1.826842858E1,-5.439401597E-2,1.340515119E-1,-4.432891130E-2
1.828842858E1,-3.010789812E-2,2.491241312E-1,7.616700053E-2
1.830842858E1,4.978524059E-2,1.482924056E-1,8.178032756E-2
1.832842858E1,1.064757505E-1,6.881588101E-3,6.091921628E-2
1.834842858E1,9.980027676E-2,-5.809735000E-2,1.361880845E-1
1.836842858E1,8.701914042E-2,-9.171767056E-2,6.136126578E-2
1.838842858E1,1.302879515E-1,-8.023900151E-2,1.912372810E-1
1.840842858E1,1.599956077E-1,-1.729775959E-1,-1.025262487E-1
1.842842858E1,1.979203561E-1,-2.955650568E-1,-2.329407924E-1
1.844842858E1,2.012409899E-1,-9.621710300E-2,-8.932674408E-2
1.846842858E1,3.342136905E-2,9.898985267E-2,-1.819466400E-1
1.848842858E1,-1.186205636E-1,-6.475732863E-2,-3.950554311E-1
1.850842858E1,-1.802091399E-1,-3.531706560E-1,-6.188201880E-1
1.852842858E1,-1.818745731E-1,-4.843073308E-1,-7.541458082E-1
1.854842858E1,-1.784467891E-1,-4.425757527E-1,-5.947670817E-1
1.856842858E1,-1.576970673E-1,-4.231624120E-1,-6.422447187E-1
1.858842858E1,-1.953376409E-1,-3.614497286E-1,-7.573424810E-1
1.860842858E1,-8.722861692E-2,-2.396422863E-1,-6.095125902E-1
1.862842858E1,2.135856315E-2,-3.375112277E-1,-4.052547294E-1
1.864842858E1,2.230771244E-2,-7.271755260E-1,-3.888638145E-1
1.866842858E1,3.882039562E-2,-1.115499058E0,-4.173456019E-1
1.868842858E1,2.396725456E-1,-1.316287766E0,-5.078330183E-1
1.870842858E1,4.304508202E-1,-1.378634287E0,-6.265443599E-1
1.872842858E1,4.211066772E-1,-1.295896186E0,-4.481750464E-1
1.874842858E1,2.274919184E-1,-1.242077828E0,-3.900016826E-1
1.876842858E1,8.811169267E-2,-1.457600350E0,-6.342889971E-1
1.878842858E1,2.329282209E-2,-1.626242820E0,-9.513449103E-1
1.880842858E1,8.021210432E-3,-1.488381262E0,-9.412157786E-1
1.882842858E1,4.362958431E-2,-1.366411852E0,-7.665518457E-1
1.884842858E1,8.771788269E-2,-1.546942881E0,-8.822138643E-1
1.886842858E1,1.076582037E-1,-1.647476399E0,-1.160520279E0
1.888842858E1,5.697366133E-2,-1.472862167E0,-1.294695168E0
1.890842858E1,3.243180089E-2,-1.025217463E0,-1.206372390E0
1.892842858E1,6.405697837E-3,-6.295773107E-1,-1.142445366E0
1.894842858E1,-1.220432313E-1,-3.677974659E-1,-1.171935799E0
1.896842858E1,-1.737630232E-1,-2.887384325E-1,-1.339776616E0
1.898842858E1,-2.403532346E-1,-2.119890493E-1,-1.197327917E0
1.900842858E1,-2.502803450E-1,-8.981030881E-2,-9.526763213E-1
1.902842858E1,-2.322896319E-1,-1.539279521E-2,-5.150584227E-1
1.904842858E1,-8.598155200E-2,-2.506525934E-2,-6.277751988E-1
1.906842858E1,2.419359297E-1,-1.387614441E-1,-3.265857053E-1
1.908842858E1,4.974283731E-1,-8.767549038E-2,-4.181694746E-2
1.910842858E1,4.143583325E-1,2.373794138E-2,-1.781599832E-1
1.912842858E1,1.727097934E-1,2.563594759E-2,-3.044867384E-1
1.914842858E1,-1.300755149E-1,6.203895807E-2,-3.512860984E-1
1.916842858E1,-4.217365685E-1,2.463040191E-1,-5.149683756E-1
1.918842858E1,-5.625805715E-1,5.988893688E-1,-5.184579939E-1
1.920842858E1,-4.322922546E-1,7.489850557E-1,-4.799049622E-1
1.922842858E1,-3.423159214E-1,5.573758918E-1,-2.957907593E-1
1.924842858E1,-4.075263361E-1,5.730201173E-1,-5.447558463E-2
1.926842858E1,-4.271972467E-1,9.164744550E-1,7.975602150E-4
1.928842858E1,-2.772786938E-1,1.091452968E0,-5.917733073E-2
1.930842858E1,-1.914988342E-1,8.666971081E-1,8.639436543E-2
1.932842858E1,-3.640618991E-1,6.263256741E-1,2.533820736E-1
1.934842858E1,-5.748970735E-1,7.703338248E-1,2.530382574E-1
1.936842858E1,-5.294974639E-1,1.046029458E0,2.915094280E-1
1.938842858E1,-3.339854663E-1,9.509186482E-1,4.439410776E-1
1.940842858E1,-3.152524857E-1,6.619299549E-1,7.123616052E-1
1.942842858E1,-3.052288780E-1,5.622168016E-1,7.360024828E-1
1.944842858E1,-1.015257718E-1,8.756065106E-1,7.057074738E-1
1.946842858E1,2.688634724E-2,1.356807216E0,5.744357282E-1
1.948842858E1,1.594712952E-2,1.623354295E0,5.280608761E-1
1.950842858E1,-2.258842904E-2,1.553588242E0,6.849709082E-1
1.952842858E1,5.724191606E-2,1.248206879E0,5.488863194E-1
1.954842858E1,9.908775698E-2,1.084859648E0,3.486454958E-1
1.956842858E1,2.913123951E-2,1.258052421E0,2.858651108E-1
1.958842858E1,-2.529498639E-3,1.516462516E0,2.951423031E-1
1.960842858E1,-3.270268229E-2,1.489919665E0,6.042267072E-1
1.962842858E1,-8.588808792E-2,1.363327446E0,3.834703428E-1
1.964842858E1,3.253919779E-2,1.367652631E0,6.053563893E-1
1.966842858E1,5.403432998E-2,1.604086550E0,8.277961671E-1
1.968842858E1,5.209086168E-2,1.560875627E0,6.765345454E-1
1.970842858E1,6.099335714E-2,1.482176782E0,7.799928403E-1
1.972842858E1,5.137005530E-2,1.571732152E0,9.751290447E-1
1.974842858E1,7.087857770E-2,1.572984626E0,1.101483282E0
1.976842858E1,9.104960790E-2,1.543535124E0,1.009330578E0
1.978842858E1,1.722638153E-1,1.566092513E0,1.098884194E0
1.980842858E1,2.973224192E-1,1.573481054E0,1.258539494E0
1.982842858E1,3.308883789E-1,1.512823209E0,1.321394139E0
1.984842858E1,3.270516918E-1,1.488447336E0,1.196544390E0
1.986842858E1,3.134484735E-1,1.409216394E0,1.206288190E0
1.988842858E1,2.546983184E-1,1.426692553E0,1.280864164E0
1.990842858E1,2.044477126E-1,1.343485504E0,1.268387375E0
1.992842858E1,2.198282286E-1,1.324728806E0,1.166464559E0
1.994842858E1,1.540284876E-1,1.403672065E0,1.109980456E0
1.996842858E1,6.281042509E-2,1.387631983E0,9.801839626E-1
1.998842858E1,-3.122106180E-2,1.350624955E0,8.665345556E-1
2.000842858E1,2.298536818E-2,1.399064459E0,8.228043991E-1
2.002842858E1,9.770021271E-2,1.247808684E0,8.554032111E-1
2.004842858E1,1.476819197E-1,1.030264195E0,6.296965939E-1
2.006842858E1,8.366594497E-2,9.854949886E-1,6.816233772E-1
2.008842858E1,-3.436163787E-2,9.449468869E-1,5.880433685E-1
2.010842858E1,-1.017900112E-1,7.318977374E-1,2.575955772E-1
2.012842858E1,-2.433859661E-2,6.015264630E-1,7.116763115E-2
2.014842858E1,6.297524348E-2,5.306652260E-1,1.290217370E-1
2.016842858E1,4.413090996E-2,5.476952416E-1,2.187098390E-1
2.018842858E1,2.520339981E-2,5.262616879E-1,6.807679296E-2
2.020842858E1,4.548633110E-2,3.548540694E-1,-1.021578741E-1
2.022842858E1,3.339765128E-2,1.860864687E-1,-1.534344471E-1
2.024842858E1,5.297043823E-2,1.720233303E-1,-2.968514442E-1
2.026842858E1,4.782291502E-4,1.955314761E-1,-1.604113448E-1
2.028842858E1,-5.622565627E-2,1.642108655E-1,-2.282109797E-2
2.030842858E1,-1.930587252E-1,1.004604274E-1,-4.913590729E-2
2.032842858E1,-2.652682571E-1,2.883905232E-2,-3.746153194E-1
2.034842858E1,-2.033928749E-1,9.979442954E-3,-4.214825070E-1
2.036842858E1,-1.079685447E-1,-6.885798097E-2,-1.845433885E-1
2.038842858E1,-3.830986060E-2,-2.570412612E-1,-1.962962919E-1
2.040842858E1,-6.027558401E-2,-5.204425389E-1,-2.951639378E-1
2.042842858E1,-2.102256753E-2,-5.977743047E-1,-2.281782353E-1
2.044842858E1,1.451749626E-1,-4.654500604E-1,-1.085494655E-1
2.046842858E1,3.492193269E-1,-1.505447531E-1,-6.377499640E-1
2.048842858E1,3.520965225E-1,2.525424135E-1,-7.262399715E-1
2.050842858E1,8.236482985E-2,2.033392632E-1,-4.110194993E-1
2.052842858E1,-1.419353127E-1,-2.245348352E-1,-4.602618259E-1
2.054842858E1,-2.207846504E-1,-4.618417436E-1,-8.667140651E-1
2.056842858E1,-9.756466694E-2,-3.199760127E-1,-9.398773509E-1
2.058842858E1,2.725986555E-2,-2.957007122E-1,-7.934005058E-1
2.060842858E1,2.832069665E-2,-6.107346582E-1,-8.989842635E-1
2.062842858E1,-4.100184560E-2,-1.113949546E0,-1.117709890E0
2.064842858E1,-1.593287328E-1,-1.387834881E0,-1.491697218E0
2.066842858E1,-2.841165740E-1,-1.248883987E0,-1.687438610E0
2.068842858E1,-4.242497018E-1,-8.405746722E-1,-1.442941965E0
2.070842858E1,-4.614320000E-1,-6.537649029E-1,-1.103508757E0
2.072842858E1,-3.090082441E-1,-8.692640358E-1,-9.368151641E-1
2.074842858E1,-3.726664424E-2,-1.014840410E0,-6.552495110E-1
2.076842858E1,1.133441824E-1,-8.361775661E-1,-3.865845698E-1
2.078842858E1,1.292211270E-1,-6.127040005E-1,-6.308946884E-1
2.080842858E1,6.808234781E-2,-3.937304521E-1,-6.714410359E-1
2.082842858E1,-1.405666257E-1,-2.601116341E-1,-6.281693012E-1
2.084842858E1,-3.341370919E-1,-3.747375262E-1,-8.252005881E-1
2.086842858E1,-3.856573476E-1,-5.367960316E-1,-7.845659477E-1
2.088842858E1,-3.447088578E-1,-5.629114509E-1,-7.658507645E-1
2.090842858E1,-2.832243620E-1,-4.903977907E-1,-6.031683612E-1
2.092842858E1,-2.611139931E-1,-5.380952829E-1,-4.046080273E-1
2.094842858E1,-3.245057045E-1,-6.870525169E-1,-3.889825130E-1
2.096842858E1,-3.474726905E-1,-7.707834756E-1,-2.601899868E-1
2.098842858E1,-1.794491480E-1,-8.041623062E-1,-3.091832221E-1
2.100842858E1,-3.614865661E-2,-6.632906020E-1,-2.814428616E-1
2.102842858E1,-6.910239458E-3,-3.222020477E-1,-1.537092662E-1
2.104842858E1,-4.429265857E-3,-1.227424121E-1,4.953234851E-2
2.106842858E1,1.193489805E-2,-2.948476034E-1,5.824879289E-2
2.108842858E1,-2.074299753E-2,-4.463507152E-1,-1.859870660E-1
2.110842858E1,3.272978961E-3,-3.054942137E-1,-3.093089372E-1
2.112842858E1,-2.415046245E-2,-2.027931333E-2,-2.135952795E-1
2.114842858E1,-1.073146798E-1,1.048312211E-1,-1.939264154E-1
2.116842858E1,-1.585519302E-1,8.237265050E-2,-3.975884449E-1
2.118842858E1,-1.696983312E-1,1.013351709E-1,-2.997440618E-1
2.120842858E1,-3.875958458E-2,2.476237357E-2,-2.168287897E-1
2.122842858E1,1.351240374E-1,-3.790048242E-2,-7.626932681E-2
2.124842858E1,2.904835340E-1,-7.317147195E-2,1.308431447E-2
2.126842858E1,4.284715377E-1,-1.434526652E-1,8.745680451E-2
2.128842858E1,4.846045156E-1,-8.249017954E-2,1.344643253E-1
2.130842858E1,4.948305649E-1,6.350660920E-2,2.374542582E-1
2.132842858E1,4.857325897E-1,3.686435580E-2,2.725410604E-1
2.134842858E1,3.940906405E-1,-1.050551695E-1,2.326127636E-1
2.136842858E1,2.827777809E-1,-8.645225286E-2,-1.199895430E-1
2.138842858E1,1.879260027E-1,2.557689071E-2,-1.306408310E-1
2.140842858E1,9.498597175E-2,1.264980787E-1,8.293281376E-2
2.142842858E1,3.997799814E-2,4.799862385E-2,-8.913729429E-2
2.144842858E1,4.570680767E-2,3.059263229E-3,-2.168790758E-2
2.146842858E1,1.247140932E-1,1.944140732E-2,1.599207634E-1
2.148842858E1,1.810005605E-1,-3.806420445E-2,1.947035104E-1
2.150842858E1,2.056421891E-1,-9.671177745E-2,2.119644910E-1
2.152842858E1,1.473141664E-1,-1.511879468E-1,5.246823549E-2
2.154842858E1,3.829078406E-2,-1.312957191E-1,-3.690294743E-2
2.156842858E1,-5.794532239E-2,-7.329543293E-2,-8.252760172E-3
2.158842858E1,-6.132998317E-2,8.250421286E-4,3.505522728E-2
2.160842858E1,-1.572140872E-2,2.993072748E-2,-4.132753551E-2
2.162842858E1,-1.003265262E-2,1.280113381E-1,-6.045319319E-2
2.164842858E1,-1.716303974E-2,2.995359010E-1,-1.121817559E-1
2.166842858E1,-2.151746124E-2,3.545400739E-1,-1.878055501E-1
2.168842858E1,-3.200385779E-2,3.536992443E-1,-1.934007508E-1
2.170842858E1,5.209869146E-2,3.861629856E-1,-1.356963336E-1
2.172842858E1,2.381100234E-1,3.488600886E-1,1.304724312E-1
2.174842858E1,4.185279089E-1,2.641456282E-1,2.116428941E-1
2.176842858E1,4.711329693E-1,2.251043540E-1,1.782816052E-2
2.178842858E1,4.591613799E-1,2.391645688E-1,-8.528514862E-2
2.180842858E1,2.801129124E-1,1.474849051E-1,-2.951089740E-3
2.182842858E1,2.935696945E-2,1.676010811E-1,-1.666620183E-1
2.184842858E1,-1.707777272E-1,2.207686436E-1,-3.121185243E-1
2.186842858E1,-2.354982184E-1,7.215464115E-2,-3.328685385E-1
2.188842858E1,-2.552660465E-1,-1.820711857E-1,-3.134610450E-1
2.190842858E1,-2.681233428E-1,-2.965655154E-1,-4.003863376E-1
2.192842858E1,-1.896781209E-1,-2.664991325E-1,-2.350159693E-1
2.194842858E1,-8.315193817E-2,-2.685269469E-1,-3.028226209E-1
2.196842858E1,9.220182002E-2,-3.346151018E-1,-1.948736644E-1
2.198842858E1,2.090638335E-1,-2.965503126E-1,-1.317845464E-2
2.200842858E1,1.162518565E-1,-2.494240934E-1,-2.310468793E-2
2.202842858E1,-2.429254979E-2,-3.639611077E-1,-1.657697332E-1
2.204842858E1,-1.744291672E-1,-4.516219801E-1,-4.475786304E-1
2.206842858E1,-2.823636518E-1,-4.206077635E-1,-4.897955275E-1
2.208842858E1,-2.645207271E-1,-2.125860500E-1,-3.630606365E-1
2.210842858E1,-2.295238258E-1,-1.590647310E-1,-4.547309446E-1
2.212842858E1,-2.014503202E-1,-1.971113938E-1,-6.208795774E-1
2.214842858E1,-9.668093339E-2,-7.687626779E-2,-5.817617047E-1
2.216842858E1,1.893386900E-2,-6.062217772E-2,-3.984210885E-1
2.218842858E1,7.580052629E-2,-4.443141299E-1,-4.014680725E-1
2.220842858E1,1.878964743E-1,-1.140704650E0,-5.072073662E-1
2.222842858E1,1.905898480E-1,-1.672622350E0,-5.281784052E-1
2.224842858E1,6.877538905E-2,-1.724629825E0,-6.454372984E-1
2.226842858E1,9.245734334E-2,-1.469366702E0,-8.635916519E-1
2.228842858E1,1.327313568E-1,-1.476650578E0,-1.122161960E0
2.230842858E1,-8.529158056E-2,-1.640238131E0,-1.324286757E0
2.232842858E1,-3.388458547E-1,-1.633396304E0,-1.574016659E0
2.234842858E1,-3.258216204E-1,-1.602386765E0,-1.788712385E0
2.236842858E1,-1.647084635E-1,-1.573762890E0,-1.664160844E0
2.238842858E1,-1.826031362E-1,-1.471620219E0,-1.368112223E0
2.240842858E1,-2.279526789E-1,-1.330037493E0,-1.200219950E0
2.242842858E1,-3.453826033E-2,-1.431870262E0,-1.420825456E0
2.244842858E1,2.565923412E-1,-1.479991677E0,-1.345120386E0
2.246842858E1,2.964836544E-1,-9.486429119E-1,-6.931552559E-1
2.248842858E1,2.227808167E-1,-4.428073025E-1,-4.867818725E-1
2.250842858E1,2.695095715E-1,-4.559208530E-1,-9.970169270E-1
2.252842858E1,4.437056541E-1,-3.810905260E-1,-8.313857728E-1
2.254842858E1,4.231542990E-1,1.371172071E-2,-5.163477337E-1
2.256842858E1,2.476137223E-1,3.808753484E-1,-1.766970098E-1
2.258842858E1,1.629381459E-2,4.057342011E-1,-1.089570165E-2
2.260842858E1,-1.427429229E-1,1.364634883E-1,-1.287375623E-1
2.262842858E1,-4.098375577E-2,7.558344841E-2,-5.530998230E-2
2.264842858E1,3.610805500E-2,3.782119417E-1,6.453688860E-2
2.266842858E1,5.280719128E-2,6.959554875E-1,1.493852502E-1
2.268842858E1,2.794250971E-2,8.300157702E-1,1.936270380E-1
2.270842858E1,-4.969618019E-2,6.863163525E-1,2.505882740E-2
2.272842858E1,-1.451960856E-1,9.073791111E-1,-3.049229407E-1
2.274842858E1,-2.811854013E-1,1.248464157E0,-3.067653984E-1
2.276842858E1,-3.491925759E-1,1.433047307E0,-8.568392873E-2
2.278842858E1,-3.794309035E-1,9.783917910E-1,2.067470205E-1
2.280842858E1,-3.982500939E-1,6.599635363E-1,5.370726049E-1
2.282842858E1,-3.668854099E-1,6.908403432E-1,5.570554644E-1
2.284842858E1,-3.940943316E-1,8.738312960E-1,4.134455091E-1
2.286842858E1,-4.433779542E-1,1.113889904E0,4.213474363E-1
2.288842858E1,-6.047687807E-1,1.047208257E0,5.147935438E-1
2.290842858E1,-6.110153977E-1,7.212435257E-1,6.301117462E-1
2.292842858E1,-3.623608344E-1,6.218736041E-1,5.612110806E-1
2.294842858E1,1.776543086E-2,8.137014538E-1,4.703938812E-1
2.296842858E1,1.762022623E-1,1.034992839E0,4.901311576E-1
2.298842858E1,-6.445144844E-3,8.358103609E-1,4.803943741E-1
2.300842858E1,-2.962298852E-1,7.851342970E-1,5.193923789E-1
2.302842858E1,-2.515154962E-1,9.769428509E-1,4.038426268E-1
2.304842858E1,-2.815361246E-2,1.103833278E0,4.612459123E-1
2.306842858E1,1.555209163E-1,1.094597016E0,7.844811630E-1
2.308842858E1,9.120147105E-2,1.071273057E0,7.426180226E-1
2.310842858E1,2.015196097E-1,1.139673786E0,5.424286544E-1
2.312842858E1,3.078465120E-1,1.303525633E0,6.721842170E-1
2.314842858E1,2.745792171E-2,1.330515211E0,5.441921747E-1
2.316842858E1,-2.844049331E-1,1.211458883E0,6.183161581E-1
2.318842858E1,-1.681473573E-1,1.335139189E0,6.712363833E-1
2.320842858E1,2.316163981E-1,1.370228330E0,6.155755681E-1
2.322842858E1,3.942249438E-1,1.151319101E0,7.306581277E-1
2.324842858E1,4.074605184E-1,9.830145997E-1,6.657937950E-1
2.326842858E1,2.264520824E-1,1.058006310E0,7.166943920E-1
2.328842858E1,4.404011367E-2,1.437647311E0,8.824348891E-1
2.330842858E1,1.864706856E-1,1.513252979E0,8.728431165E-1
2.332842858E1,2.728323066E-1,1.385474360E0,8.321388942E-1
2.334842858E1,1.118102384E-1,1.668666124E0,1.134876730E0
2.336842858E1,4.112255406E-2,1.640656207E0,1.156948800E0
2.338842858E1,1.159660008E-1,1.439598527E0,1.009536400E0
2.340842858E1,1.854065837E-1,1.368865344E0,8.330604154E-1
2.342842858E1,2.417204598E-1,1.551309582E0,9.206663239E-1
2.344842858E1,2.696309012E-1,1.643840016E0,9.225578982E-1
2.346842858E1,2.710358044E-1,1.663167402E0,9.040760189E-1
2.348842858E1,2.101797381E-1,1.621779056E0,1.008085122E0
2.350842858E1,9.505489580E-2,1.490986197E0,9.611290562E-1
2.352842858E1,-1.023037621E-1,1.360243624E0,8.148884386E-1
2.354842858E1,-2.224065949E-1,1.208874999E0,6.728104538E-1
2.356842858E1,-1.526879403E-1,1.141166580E0,6.946977514E-1
2.358842858E1,-1.228969613E-1,1.307473088E0,8.305806112E-1
2.360842858E1,-9.951946422E-2,1.605799200E0,6.739149928E-1
2.362842858E1,-6.511598222E-2,1.568990977E0,6.582660896E-1
2.364842858E1,-1.875979009E-1,1.249430117E0,2.183654380E-1
2.366842858E1,-3.255568877E-1,1.084828658E0,3.757800847E-1
2.368842858E1,-4.014971624E-1,9.117686158E-1,3.371586406E-1
2.370842858E1,-3.961460099E-1,6.747236627E-1,-1.635349274E-2
2.372842858E1,-2.768065312E-1,6.298094451E-1,7.243881583E-2
2.374842858E1,-1.325786714E-1,5.197513980E-1,8.593711317E-2
2.376842858E1,3.629030541E-2,2.613529980E-1,-1.600663590E-1
2.378842858E1,1.298491180E-2,2.402655995E-1,-1.360471666E-1
2.380842858E1,-1.899533786E-2,2.275251013E-1,-2.335465640E-1
2.382842858E1,-5.370419070E-2,3.417931437E-2,-4.003465766E-1
2.384842858E1,-1.363627701E-1,-1.525275439E-1,-6.949170220E-1
2.386842858E1,-9.415873691E-2,-2.713698632E-1,-9.502228296E-1
2.388842858E1,-4.061826825E-2,-3.907875484E-1,-6.310695201E-1
2.390842858E1,4.319082387E-2,-4.478967190E-1,-5.173142785E-1
2.392842858E1,2.409355442E-1,-5.449160600E-1,-5.505633008E-1
2.394842858E1,2.833484691E-1,-6.415728736E-1,-3.886480522E-1
2.396842858E1,1.476815178E-1,-6.672444892E-1,-2.952036989E-1
2.398842858E1,8.673862025E-2,-5.535535669E-1,-3.141089165E-1
2.400842858E1,9.104173243E-2,-5.450751042E-1,-3.720302653E-1
2.402842858E1,1.062249050E-2,-6.217028654E-1,-2.182063937E-1
2.404842858E1,1.312479182E-1,-6.673713738E-1,-4.363051987E-1
2.406842858E1,2.557550199E-1,-6.176448977E-1,-9.645496774E-1
2.408842858E1,2.785049281E-1,-4.719661975E-1,-9.319865334E-1
2.410842858E1,1.038319319E-1,-5.127212906E-1,-9.169317073E-1
2.412842858E1,-2.369996372E-1,-6.192318320E-1,-1.174233754E0
2.414842858E1,-4.931765337E-1,-5.996506763E-1,-1.312551395E0
2.416842858E1,-5.575494079E-1,-5.964738840E-1,-1.413491879E0
2.418842858E1,-5.430937752E-1,-7.562168920E-1,-1.489694547E0
2.420842858E1,-6.095979595E-1,-9.848120338E-1,-1.617178466E0
2.422842858E1,-6.591697767E-1,-1.071375968E0,-1.494568201E0
2.424842858E1,-6.597419268E-1,-6.491532040E-1,-9.420016444E-1
2.426842858E1,-5.560224076E-1,-4.331377620E-1,-7.337115437E-1
2.428842858E1,-3.804870933E-1,-9.382611805E-1,-9.735070270E-1
2.430842858E1,-2.432668291E-1,-1.370399069E0,-1.171730561E0
2.432842858E1,-2.229489242E-1,-1.374338338E0,-9.116171730E-1
2.434842858E1,-2.598714598E-1,-9.739672029E-1,-5.120968080E-1
2.436842858E1,-2.041963188E-1,-5.085621661E-1,-2.530704170E-1
2.438842858E1,1.562799945E-2,-3.536588985E-1,-1.089885914E-1
2.440842858E1,3.381041354E-1,-4.483913934E-1,-1.778249377E-1
2.442842858E1,5.557453957E-1,-4.683760071E-1,-3.718870085E-1
2.444842858E1,5.245278423E-1,-3.112607378E-1,-4.796318972E-1
2.446842858E1,3.227977328E-1,-1.467633587E-1,-5.774862206E-1
2.448842858E1,7.501100600E-2,-1.260835111E-1,-6.358408481E-1
2.450842858E1,1.840557307E-2,-2.254294592E-1,-4.194348121E-1
2.452842858E1,1.457121755E-1,-3.441606814E-1,-3.784195179E-1
2.454842858E1,3.060445829E-1,-4.427125776E-1,-3.074647254E-1
2.456842858E1,3.492806496E-1,-4.738355523E-1,-3.032190621E-1
2.458842858E1,2.597328807E-1,-5.173265576E-1,-4.523464501E-1
2.460842858E1,-2.407664135E-2,-4.559863418E-1,-4.550572193E-1
2.462842858E1,-2.334983245E-1,-2.077375388E-1,-3.013590628E-1
2.464842858E1,-2.846209694E-1,-1.721788663E-1,-2.267520994E-1
2.466842858E1,-2.212299889E-1,-1.344298267E-1,-1.534683609E-1
2.468842858E1,-2.049449086E-2,-8.584180355E-2,-5.662268221E-2
2.470842858E1,1.037138182E-1,-2.089613611E-1,1.934872895E-1
2.472842858E1,7.003590256E-2,-3.379158551E-1,3.294420701E-1
2.474842858E1,3.261255294E-2,-5.092965764E-1,3.734932387E-1
2.476842858E1,2.787952423E-2,-5.932953376E-1,4.654009438E-1
2.478842858E1,1.334375542E-1,-3.130108094E-1,5.095252025E-1
2.480842858E1,3.708538055E-1,8.282873333E-2,7.358147871E-1
2.482842858E1,4.994896263E-1,2.815276462E-1,7.386957103E-1
2.484842858E1,4.857647493E-1,1.103363746E-1,3.702720076E-1
2.486842858E1,2.534250507E-1,1.866021931E-2,1.952402848E-1
2.488842858E1,2.743279696E-2,6.743652284E-2,2.137742043E-2
2.490842858E1,-9.258130431E-2,1.472673887E-1,-1.445928723E-1
2.492842858E1,-1.084471393E-1,2.012307572E-1,-2.158575672E-1
2.494842858E1,-7.022915304E-2,1.934229702E-1,-2.720405388E-1
2.496842858E1,1.664380699E-2,1.867051041E-1,-1.858210051E-1
2.498842858E1,9.829666525E-2,2.189969373E-1,-1.266261327E-1
2.500842858E1,1.661009780E-1,1.665064824E-1,-5.071231663E-2
2.502842858E1,1.688322124E-1,7.951043844E-2,-5.588417888E-2
2.504842858E1,1.426244071E-1,5.463287473E-2,1.744224429E-2
2.506842858E1,1.729220474E-1,3.692516685E-2,-1.039623249E-1
2.508842858E1,9.509853065E-2,6.610628128E-2,-1.363769495E-1
2.510842858E1,2.696238846E-2,2.008869410E-1,-9.152471244E-2
2.512842858E1,3.792357892E-2,2.428863215E-1,-5.413995445E-2
2.514842858E1,1.005604148E-1,1.519533473E-1,-1.229295230E-1
2.516842858E1,1.158622858E-1,1.143089730E-1,-1.676326561E-1
2.518842858E1,8.654493123E-2,9.986108780E-2,-1.007633132E-1
2.520842858E1,3.698130012E-2,-1.007533729E-2,-8.275038064E-2
2.522842858E1,2.433143377E-2,-1.373996276E-1,-1.543501210E-1
2.524842858E1,5.773803860E-2,-1.231663352E-1,-1.002703929E-1
2.526842858E1,1.225137860E-1,-3.685207665E-2,-6.384223938E-2
2.528842858E1,1.244120845E-1,-1.175723040E-1,-6.035495996E-2
2.530842858E1,9.493305445E-2,-3.135551852E-1,-1.349525678E-1
2.532842858E1,6.550811112E-2,-3.674308455E-1,1.303402841E-1
2.534842858E1,8.312226355E-2,-2.815387559E-1,-8.081729114E-2
2.536842858E1,1.341447750E-1,-1.452541924E-1,-2.531639725E-1
2.538842858E1,1.381305295E-1,-4.409794629E-2,-6.943685532E-2
2.540842858E1,1.639339998E-1,-1.456067795E-1,9.316368699E-2
2.542842858E1,1.348572582E-1,-2.913778657E-1,6.143201709E-2
2.544842858E1,8.225833744E-2,-1.804819125E-1,8.966237426E-2
2.546842858E1,4.842371643E-3,2.513718009E-3,-1.571082526E-1
2.548842858E1,1.359474716E-1,2.064827263E-2,-2.948587132E-1
2.550842858E1,6.044939250E-2,9.647613466E-2,-2.385950500E-1
2.552842858E1,-1.062877625E-1,4.283307660E-1,3.422141433E-2
2.554842858E1,1.433386445E-2,4.426400721E-1,6.044266820E-2
2.556842858E1,1.752565482E-1,2.685626149E-2,1.591916156E-1
2.558842858E1,1.715125760E-1,-5.409756213E-1,1.966477096E-2
2.560842858E1,9.767861456E-2,-8.979329342E-1,-2.785221773E-1
2.562842858E1,2.590404242E-2,-7.388319504E-1,-2.562466246E-1
2.564842858E1,1.880552262E-2,-5.281637871E-1,-1.785897535E-1
2.566842858E1,-2.030328691E-2,-7.368099833E-1,-2.526412314E-1
2.568842858E1,-8.547869146E-2,-1.219974768E0,-3.360067391E-1
2.570842858E1,-1.045449999E-1,-1.633892732E0,-6.415430528E-1
2.572842858E1,-1.115180969E-2,-1.626561493E0,-8.456769526E-1
2.574842858E1,1.205570152E-1,-1.461390515E0,-7.646906769E-1
2.576842858E1,8.860285878E-3,-1.461426768E0,-5.170096385E-1
2.578842858E1,-2.636686416E-1,-1.628442543E0,-5.715682536E-1
2.580842858E1,-3.197019245E-1,-1.939731347E0,-1.110285680E0
2.582842858E1,-6.115690559E-2,-2.048001316E0,-1.574404914E0
2.584842858E1,8.438453123E-2,-1.736544111E0,-1.879364693E0
2.586842858E1,-2.098884371E-1,-1.063485736E0,-1.651492851E0
2.588842858E1,-6.058281134E-1,-7.776516151E-1,-1.433984615E0
2.590842858E1,-8.241302553E-1,-1.255549813E0,-1.696657915E0
2.592842858E1,-8.108880660E-1,-1.824107920E0,-2.116674525E0
2.594842858E1,-6.336209527E-1,-1.687659634E0,-2.023841790E0
2.596842858E1,-6.302453551E-1,-9.065213245E-1,-1.197482868E0
2.598842858E1,-6.785212831E-1,-5.370679271E-1,-7.607011217E-1
2.600842858E1,-5.231940924E-1,-1.021089914E0,-8.839405471E-1
2.602842858E1,-2.746390414E-1,-1.428509867E0,-6.915332383E-1
2.604842858E1,-1.561762065E-1,-9.542106307E-1,-3.804327142E-1
2.606842858E1,-2.123796433E-1,-2.758055609E-1,-4.236062157E-1
2.608842858E1,-3.379607324E-1,-2.499076581E-1,-4.362315238E-1
2.610842858E1,-4.731289163E-1,-4.762370038E-1,-2.923216063E-1
2.612842858E1,-5.684606047E-1,-2.889746600E-1,-1.421604306E-1
2.614842858E1,-4.909041595E-1,2.186548752E-1,4.709932208E-3
2.616842858E1,-2.757852419E-1,6.387743962E-1,-2.142156690E-2
2.618842858E1,1.939375252E-2,1.008732993E0,8.213730007E-2
2.620842858E1,2.222982752E-1,1.380437568E0,-1.957793981E-2
2.622842858E1,1.860433455E-1,1.394291376E0,5.385197908E-2
2.624842858E1,-1.246044579E-1,1.552107727E0,-7.008238792E-2
2.626842858E1,-3.133867854E-1,1.612372640E0,-1.973300797E-1
2.628842858E1,-9.561557069E-2,1.490369316E0,2.126193792E-1
2.630842858E1,1.821233721E-1,1.249016134E0,6.050570118E-1
2.632842858E1,2.833223028E-1,1.117559032E0,9.074548325E-1
2.634842858E1,1.852390610E-1,1.120995440E0,8.447443217E-1
2.636842858E1,1.730663274E-1,1.089702896E0,5.902676493E-1
2.638842858E1,1.060981666E-1,1.184205596E0,3.709520388E-1
2.640842858E1,1.898976839E-1,1.307409353E0,5.529361010E-1
2.642842858E1,4.140104963E-1,1.103492970E0,7.462836421E-1
2.644842858E1,5.764980412E-1,9.248885983E-1,7.180287266E-1
2.646842858E1,5.924773121E-1,1.123855314E0,3.616286534E-1
2.648842858E1,6.147183663E-1,1.532321334E0,5.136673701E-1
2.650842858E1,4.904159170E-1,1.517500396E0,7.119458681E-1
2.652842858E1,3.292342016E-1,1.374249460E0,6.594343632E-1
2.654842858E1,1.770669924E-1,1.165009772E0,5.098351049E-1
2.656842858E1,2.830732115E-1,1.378313275E0,6.948962644E-1
2.658842858E1,4.061958387E-1,1.586020408E0,7.275707978E-1
2.660842858E1,4.661412013E-1,1.628315073E0,5.429736149E-1
2.662842858E1,3.309379341E-1,1.721378188E0,7.253587961E-1
2.664842858E1,9.878958553E-2,1.758909711E0,7.967606083E-1
2.666842858E1,1.229875566E-1,1.876023009E0,9.025528193E-1
2.668842858E1,2.749856351E-1,2.064830772E0,8.345251429E-1
2.670842858E1,3.555150971E-1,2.236274643E0,8.801310861E-1
2.672842858E1,3.206877650E-1,2.262785334E0,9.841483748E-1
2.674842858E1,3.825795195E-1,2.499554883E0,1.013900470E0
2.676842858E1,4.913681361E-1,2.545759581E0,1.175137149E0
2.678842858E1,5.300286104E-1,2.441932327E0,1.231210778E0
2.680842858E1,4.618622088E-1,2.450816002E0,1.354425060E0
2.682842858E1,3.658028345E-1,2.201024703E0,1.236981687E0
2.684842858E1,4.123921332E-1,2.085135813E0,8.686527094E-1
2.686842858E1,5.258281168E-1,2.056165198E0,7.136140788E-1
2.688842858E1,4.750871488E-1,1.857945757E0,7.868279430E-1
2.690842858E1,3.600632076E-1,1.465781774E0,7.016126686E-1
2.692842858E1,2.300861818E-1,1.265001837E0,7.244320124E-1
2.694842858E1,1.528367154E-1,1.159503449E0,5.132510483E-1
2.696842858E1,1.841218042E-1,9.424349231E-1,2.962158519E-1
2.698842858E1,1.365484191E-1,8.017099839E-1,4.522754064E-1
2.700842858E1,1.907917231E-2,7.796782601E-1,3.662491232E-1
2.702842858E1,1.268315162E-1,7.133041763E-1,1.656706229E-1
2.704842858E1,1.032090573E-1,7.846366990E-1,2.840083274E-1
2.706842858E1,5.554445565E-2,8.535028660E-1,2.989760301E-1
2.708842858E1,8.193849474E-2,7.356586665E-1,2.567255116E-1
2.710842858E1,1.537681769E-1,6.341036403E-1,2.647145623E-1
2.712842858E1,1.667647831E-1,5.780048686E-1,3.294467479E-1
2.714842858E1,1.137865242E-1,6.311250687E-1,5.253033292E-1
2.716842858E1,1.082641214E-1,7.973579013E-1,2.160285982E-1
2.718842858E1,7.796048775E-2,1.103822168E0,8.643061817E-2
2.720842858E1,3.655240685E-3,1.361454583E0,-3.695393515E-1
2.722842858E1,-6.752963975E-2,1.104506877E0,-6.288054782E-1
2.724842858E1,-1.948701560E-1,4.390639150E-1,-5.525735736E-1
2.726842858E1,-2.861750132E-1,-3.755643225E-1,-7.036375594E-1
2.728842858E1,-2.320257032E-1,-9.374589425E-1,-7.650292307E-1
2.730842858E1,-1.851563229E-1,-9.261644608E-1,-2.555671781E-1
2.732842858E1,-4.155965535E-1,-4.942616308E-1,-4.579188466E-2
2.734842858E1,-3.648422831E-1,-2.397305793E-1,-1.237884790E0
2.736842858E1,-3.630613674E-1,-2.156675327E-1,-1.143027749E0
2.738842858E1,-4.155820817E-1,-4.030152458E-1,-5.742211354E-1
2.740842858E1,-2.953520720E-1,-7.375625199E-1,-6.830465895E-1
2.742842858E1,-1.030399266E-1,-1.111679657E0,-7.221673858E-1
2.744842858E1,-1.197860599E-2,-1.386128079E0,-6.752487427E-1
2.746842858E1,-6.702297851E-2,-1.462641819E0,-5.252986515E-1
2.748842858E1,-2.534478548E-1,-1.398727074E0,-7.971117336E-1
2.750842858E1,-2.950667278E-1,-1.457825468E0,-1.458080406E0
2.752842858E1,-2.819071305E-1,-1.563123296E0,-2.070689682E0
2.754842858E1,-2.725961705E-1,-1.553175429E0,-2.257074358E0
2.756842858E1,-6.160016839E-1,-1.265814015E0,-1.672615333E0
2.758842858E1,-9.639193475E-1,-8.857654631E-1,-1.420214422E0
2.760842858E1,-9.075390324E-1,-7.305037612E-1,-1.445280266E0
2.762842858E1,-6.653295261E-1,-8.293205363E-1,-9.461075592E-1
2.764842858E1,-4.880477947E-1,-1.049038435E0,-7.456006873E-1
2.766842858E1,-3.135747734E-1,-9.682135427E-1,-6.269261831E-1
2.768842858E1,-9.153055966E-2,-4.897464108E-1,-3.734154707E-1
2.770842858E1,1.526064813E-1,-1.964079738E-3,-8.400636256E-2
2.772842858E1,3.235217643E-1,1.197258335E-1,-1.012995028E-1
2.774842858E1,3.590979785E-1,-1.689050102E-1,-6.428674471E-1
2.776842858E1,1.994520342E-1,-5.056063986E-1,-1.139258634E0
2.778842858E1,-2.650937542E-1,-6.703306496E-1,-1.276408001E0
2.780842858E1,-6.393860149E-1,-5.496862185E-1,-1.026012685E0
2.782842858E1,-7.538908696E-1,-4.660406291E-1,-6.765854162E-1
2.784842858E1,-6.241078252E-1,-6.796429253E-1,-5.429589969E-1
2.786842858E1,-3.963263234E-1,-9.171024460E-1,-2.457584739E-1
2.788842858E1,-1.929154319E-1,-9.538785088E-1,-6.898545027E-3
2.790842858E1,-1.099329168E-1,-6.899743706E-1,4.704494298E-2
2.792842858E1,-7.021570444E-2,-2.089736402E-1,9.364432812E-2
2.794842858E1,2.349820554E-2,-2.943839192E-2,1.371008348E-1
2.796842858E1,2.977256030E-2,-1.467551726E-1,1.229803938E-1
2.798842858E1,-4.027386725E-2,-1.554184073E-1,1.764572740E-1
2.800842858E1,-8.101814300E-2,-6.691202760E-2,3.104549915E-1
2.802842858E1,-8.058895737E-2,-5.363709390E-2,3.774330926E-1
2.804842858E1,-1.176576734E-2,-1.566422296E-1,3.080044234E-1
2.806842858E1,3.274703890E-2,-2.209510767E-1,2.895459330E-1
2.808842858E1,9.094729990E-2,-1.236054611E-1,2.344236463E-1
2.810842858E1,2.046382222E-1,1.294047296E-2,9.460502565E-2
2.812842858E1,2.288357547E-1,4.481247604E-2,-1.495343542E-1
2.814842858E1,6.903982937E-2,1.610557079E-1,-1.588209021E-1
2.816842858E1,-7.873568237E-2,2.468834782E-1,-4.152119529E-1
2.818842858E1,-2.975501865E-2,2.250774568E-1,-4.697653055E-1
2.820842858E1,8.490449488E-3,1.685524231E-1,-1.406454170E-1
2.822842858E1,-6.963185996E-2,1.994426787E-2,-1.041301399E-1
2.824842858E1,-6.500437349E-2,-7.456544816E-2,-7.903330564E-2
2.826842858E1,4.040279835E-2,-1.366120076E-1,5.817979574E-4
2.828842858E1,1.932987168E-1,-1.802474391E-1,8.285095274E-2
2.830842858E1,3.124386594E-1,-1.272856987E-1,4.215667069E-2
2.832842858E1,3.879066253E-1,-1.329072118E-3,3.979381084E-2
2.834842858E1,3.653717485E-1,4.505045772E-2,9.411853731E-2
2.836842858E1,2.676954728E-1,-9.421618581E-3,1.119847047E-1
2.838842858E1,1.007700375E-1,-2.731702209E-2,-7.650496960E-2
2.840842858E1,4.869824320E-2,6.967074394E-2,-2.243915784E-1
2.842842858E1,2.701764464E-2,1.207648838E-1,-2.346107572E-1
2.844842858E1,4.738057315E-2,1.837738949E-1,-1.704860973E-1
2.846842858E1,6.223630160E-2,1.722852856E-1,-1.163876581E-1
2.848842858E1,7.229877502E-2,1.120414227E-1,-2.741993308E-2
2.850842858E1,1.279031646E-1,-2.889693975E-2,9.979033649E-2
2.852842858E1,1.611220738E-1,-1.189592636E-1,1.579859197E-1
2.854842858E1,1.854111153E-1,-6.158229053E-2,1.621713567E-1
2.856842858E1,2.102474561E-1,-4.006746054E-2,1.445466793E-1
2.858842858E1,2.244871804E-1,-7.464380085E-2,6.565955400E-2
2.860842858E1,1.408366209E-1,-4.404532135E-2,2.767077863E-2
2.862842858E1,3.291631579E-2,5.330497205E-2,-1.015930331E-1
2.864842858E1,-3.680880725E-2,1.662708396E-1,-8.134003222E-2
2.866842858E1,-3.243333578E-2,2.149553418E-1,-3.338701665E-2
2.868842858E1,1.379065812E-3,5.818681240E-2,-1.464727521E-2
2.870842858E1,4.895142764E-2,-1.538466758E-1,-3.930498362E-3
2.872842858E1,1.006273654E-1,-1.933598202E-1,3.085178089E-1
2.874842858E1,1.092046461E-1,-2.888296491E-1,8.677268028E-3
2.876842858E1,7.440815806E-2,-2.342868215E-1,-7.868831992E-2
2.878842858E1,-9.645274580E-3,5.071173191E-2,-1.267676353E-3
2.880842858E1,-5.912353635E-2,-5.226182878E-2,-1.264618260E-1
2.882842858E1,6.150393784E-2,-4.031304359E-1,-1.594371986E-1
2.884842858E1,1.722314912E-1,-5.878071409E-1,-1.043786466E-1
2.886842858E1,1.508584562E-1,-3.704450852E-1,-4.597665668E-2
2.888842858E1,1.681510118E-1,-6.339024961E-2,1.114093387E-1
2.890842858E1,1.300973323E-1,-9.653869987E-2,2.849991381E-2
2.892842858E1,3.998618424E-2,-3.560673666E-1,-6.770432532E-2
2.894842858E1,1.224944901E-1,-5.491605538E-1,4.047208786E-2
2.896842858E1,3.721776152E-1,-6.530924731E-1,5.036791563E-3
2.898842858E1,5.615791628E-1,-6.215256947E-1,-8.191305935E-2
2.900842858E1,6.422584596E-1,-7.416912389E-1,-9.377647519E-2
2.902842858E1,5.110136113E-1,-9.840524805E-1,-3.207197785E-1
2.904842858E1,3.230764988E-1,-1.119843539E0,-5.342156553E-1
2.906842858E1,1.624268800E-1,-1.191869541E0,-6.952076286E-1
2.908842858E1,6.069789916E-2,-1.524766147E0,-8.862139446E-1
2.910842858E1,-2.506292045E-2,-2.060202116E0,-1.097842805E0
2.912842858E1,-3.153546658E-1,-2.199205635E0,-1.428567170E0
2.914842858E1,-5.406335592E-1,-1.845879443E0,-1.345753055E0
2.916842858E1,-6.615228425E-1,-1.681905974E0,-1.082576895E0
2.918842858E1,-6.408801247E-1,-1.970116988E0,-1.448442441E0
2.920842858E1,-5.416245161E-1,-2.047472727E0,-1.826655552E0
2.922842858E1,-4.159016320E-1,-1.631883629E0,-1.851799749E0
2.924842858E1,-4.593727568E-1,-1.053861803E0,-1.530520976E0
2.926842858E1,-6.605000183E-1,-5.914610660E-1,-1.264103705E0
2.928842858E1,-7.392792624E-1,-2.714985019E-1,-1.609091767E0
2.930842858E1,-3.436386712E-1,-1.448513192E-1,-1.950708325E0
2.932842858E1,-5.442792982E-2,-2.883881843E-1,-1.463475632E0
2.934842858E1,-1.861200902E-1,-5.378590554E-1,-1.204283180E0
2.936842858E1,-3.941286474E-1,-5.846975917E-1,-1.065698907E0
2.938842858E1,-4.522578648E-1,-2.921982300E-1,-8.630408442E-1
2.940842858E1,-1.903033344E-1,1.336819679E-1,-4.157709467E-1
2.942842858E1,1.630031231E-1,3.577390856E-1,-2.818147445E-1
2.944842858E1,1.502399670E-1,-1.835557938E-2,-1.051305985E-1
2.946842858E1,-1.977918635E-1,-4.226303154E-1,-1.153328204E-1
2.948842858E1,-5.379486640E-1,-4.318285704E-1,-6.383756161E-1
2.950842858E1,-6.741405492E-1,-1.493940210E-1,-7.882894546E-1
2.952842858E1,-7.455778100E-1,1.330177242E-1,-6.375687003E-1
2.954842858E1,-6.216132568E-1,4.642800325E-1,-7.532254565E-1
2.956842858E1,-3.400524276E-1,5.855793518E-1,-2.956808317E-1
2.958842858E1,-4.597972646E-2,5.079505473E-1,1.733921635E-1
2.960842858E1,-3.650445968E-2,5.288385558E-1,2.471948424E-1
2.962842858E1,-8.748421334E-2,8.067116922E-1,5.265733445E-1
2.964842858E1,-7.192564957E-2,1.012540700E0,6.335779756E-1
2.966842858E1,5.980122864E-2,1.039642544E0,7.419590414E-1
2.968842858E1,2.632089774E-1,1.201040314E0,8.512323922E-1
2.970842858E1,4.107337166E-1,1.455197729E0,1.133491817E0
2.972842858E1,4.822286457E-1,1.467866891E0,1.044839842E0
2.974842858E1,3.995637806E-1,1.314383327E0,1.021012438E0
2.976842858E1,3.289487113E-1,1.329234670E0,8.046768612E-1
2.978842858E1,3.960877571E-1,1.517998579E0,5.757677239E-1
2.980842858E1,3.387945454E-1,1.573752950E0,7.102957839E-1
2.982842858E1,1.921751744E-1,1.498140850E0,7.749694973E-1
2.984842858E1,2.148543312E-1,1.338924091E0,6.068901139E-1
2.986842858E1,3.142875490E-1,1.471473454E0,5.179530868E-1
2.988842858E1,3.751819146E-1,1.679357173E0,1.747156808E-1
2.990842858E1,3.643435156E-1,1.676574483E0,4.875858647E-1
2.992842858E1,2.285368158E-1,1.642125612E0,5.892610511E-1
2.994842858E1,2.160682131E-1,1.495087434E0,3.599762303E-1
2.996842858E1,2.946812502E-1,1.493427410E0,1.435327721E-1
2.998842858E1,2.590003708E-1,1.514183856E0,6.303766251E-2
3.000842858E1,1.508616722E-1,1.425179878E0,1.868904608E-1
3.002842858E1,1.613353510E-1,1.329213620E0,4.400143799E-1
3.004842858E1,3.069956325E-1,1.397006239E0,5.307821703E-1
3.006842858E1,3.915633278E-1,1.428633243E0,5.895054647E-1
3.008842858E1,4.762048441E-1,1.377491156E0,6.080265203E-1
3.010842858E1,4.179611675E-1,1.278772030E0,4.923250329E-1
3.012842858E1,2.732393642E-1,1.410012785E0,4.503171739E-1
3.014842858E1,1.928126670E-1,1.592635363E0,5.478642261E-1
3.016842858E1,1.974828382E-1,1.532709004E0,7.083930999E-1
3.018842858E1,3.217329548E-1,1.451416335E0,7.779240954E-1
3.020842858E1,4.896133867E-1,1.640731051E0,7.887484610E-1
3.022842858E1,5.081139770E-1,1.896308754E0,8.646812806E-1
3.024842858E1,3.906676805E-1,1.938293517E0,7.740947539E-1
3.026842858E1,2.413572747E-1,1.954948726E0,7.300663894E-1
3.028842858E1,1.809609456E-1,1.968697284E0,7.203114796E-1
3.030842858E1,2.265816531E-1,1.878654256E0,6.729557571E-1
3.032842858E1,3.006895566E-1,1.842488058E0,7.052005202E-1
3.034842858E1,3.722330175E-1,1.739763588E0,7.436985880E-1
3.036842858E1,3.416481328E-1,1.512308654E0,6.876237899E-1
3.038842858E1,2.734552726E-1,1.405296421E0,6.737144333E-1
3.040842858E1,2.400108071E-1,1.345410993E0,8.178956616E-1
3.042842858E1,1.851088142E-1,1.167949752E0,6.564598846E-1
3.044842858E1,1.956396496E-1,9.749758476E-1,4.401842415E-1
3.046842858E1,1.963309367E-1,1.012100405E0,4.993843764E-1
3.048842858E1,5.583067685E-2,9.084368724E-1,2.887700075E-1
3.050842858E1,-3.742408052E-2,7.012752843E-1,1.091470510E-2
3.052842858E1,-2.123065531E-2,6.205340070E-1,-8.352455199E-2
3.054842858E1,-2.279054627E-2,5.567169106E-1,-7.057004571E-2
3.056842858E1,-7.339468941E-2,3.426035678E-1,-7.424589783E-2
3.058842858E1,-1.411396529E-1,2.910627007E-1,-1.683302289E-1
3.060842858E1,-1.014252180E-1,3.921025872E-1,-2.186873272E-1
3.062842858E1,-2.689631492E-2,2.756500250E-1,-2.845342845E-1
3.064842858E1,2.981056720E-3,1.057831478E-1,-3.928375822E-1
3.066842858E1,-4.573589757E-2,-2.290120482E-2,-4.186612254E-1
3.068842858E1,-3.608916119E-2,-1.916594499E-1,-5.029760286E-1
3.070842858E1,5.833328515E-3,-2.971736258E-1,-2.840232378E-1
3.072842858E1,-1.071782935E-1,-4.299276406E-1,-1.566305351E-1
3.074842858E1,-1.988084020E-1,-5.994179571E-1,-4.156727135E-1
3.076842858E1,-3.077800365E-1,-5.311365116E-1,-6.708855504E-1
3.078842858E1,-4.330604325E-1,-2.405661464E-1,-6.844630775E-1
3.080842858E1,-5.560647999E-1,-1.644909471E-1,-4.326489347E-1
3.082842858E1,-5.595029627E-1,-5.451370847E-1,-6.597296476E-1
3.084842858E1,-3.215136842E-1,-8.916723204E-1,-9.883732805E-1
3.086842858E1,-1.024062346E-1,-8.892217523E-1,-7.890820447E-1
3.088842858E1,-4.805300295E-2,-6.674690223E-1,-5.075026506E-1
3.090842858E1,-1.293687692E-1,-7.161020690E-1,-6.709931391E-1
3.092842858E1,-2.144925347E-1,-8.206672418E-1,-1.084639208E0
3.094842858E1,-3.176266015E-1,-7.577985638E-1,-1.110118742E0
3.096842858E1,-4.005423121E-1,-6.504179567E-1,-1.016124458E0
3.098842858E1,-4.497695822E-1,-8.280306405E-1,-1.074239350E0
3.100842858E1,-5.211031280E-1,-1.217361063E0,-1.432826867E0
3.102842858E1,-4.640427817E-1,-1.341908510E0,-1.374883883E0
3.104842858E1,-4.273611514E-1,-1.066741465E0,-9.864311278E-1
3.106842858E1,-3.819177608E-1,-8.720250911E-1,-9.589129615E-1
3.108842858E1,-2.878565262E-1,-1.014693060E0,-1.017360560E0
3.110842858E1,-2.317584854E-1,-1.206998627E0,-7.452527779E-1
3.112842858E1,-1.398273915E-1,-1.160823750E0,-7.088047439E-1
3.114842858E1,1.390467882E-2,-8.527017975E-1,-9.648911548E-1
3.116842858E1,5.189988613E-3,-4.656547129E-1,-1.068540069E0
3.118842858E1,-1.778009641E-1,-4.807393599E-1,-8.175378120E-1
3.120842858E1,-3.956498006E-1,-5.993840432E-1,-8.267050767E-1
3.122842858E1,-4.770839730E-1,-5.159548008E-1,-7.128621268E-1
3.124842858E1,-3.211726454E-1,-5.045731956E-1,-4.319724119E-1
3.126842858E1,-1.012562335E-1,-6.648447919E-1,-2.201921082E-1
3.128842858E1,4.291213095E-2,-8.234312207E-1,-8.116636992E-2
3.130842858E1,-4.367460787E-2,-9.056325477E-1,-1.050627708E-1
3.132842858E1,-2.453687569E-1,-8.830476773E-1,-3.618432462E-2
3.134842858E1,-2.833592865E-1,-7.121616304E-1,2.019172204E-1
3.136842858E1,-1.644280896E-1,-5.883287126E-1,4.011815590E-1
3.138842858E1,4.708441168E-2,-4.912520689E-1,6.079525530E-1
3.140842858E1,2.262395909E-1,-4.679409742E-1,6.638039875E-1
3.142842858E1,3.054988915E-1,-4.618019825E-1,4.933389401E-1
3.144842858E1,2.228341725E-1,-2.089865041E-1,2.786923313E-1
3.146842858E1,1.373060721E-1,2.398083472E-1,4.339984721E-1
3.148842858E1,1.050206709E-1,4.978395420E-1,3.818956876E-1
3.150842858E1,2.163589659E-1,3.709543777E-1,1.643745875E-1
3.152842858E1,3.546795300E-1,1.630209571E-1,1.211157167E-1
3.154842858E1,3.576566398E-1,1.671894372E-2,4.297691810E-1
3.156842858E1,2.280016494E-1,-1.586525023E-1,2.168948632E-1
3.158842858E1,2.396381932E-1,-2.516922283E-1,9.508859038E-2
3.160842858E1,1.698256543E-1,-1.386936164E-1,1.324493748E-1
3.162842858E1,1.123557106E-1,-6.928658187E-2,-9.259709179E-2
3.164842858E1,2.374758929E-1,2.000215530E-2,-1.461546636E-1
3.166842858E1,2.890641224E-1,7.771768212E-2,-1.094435048E-1
3.168842858E1,2.547798505E-1,4.488381207E-2,-2.052021861E-2
3.170842858E1,2.050355405E-1,-3.485876083E-2,-2.644929528E-2
3.172842858E1,1.584124741E-1,-1.021198672E-1,-1.339550328E-1
3.174842858E1,6.175244451E-2,-1.022695559E-1,-1.478503561E-1
3.176842858E1,-4.967852890E-2,-6.463863015E-2,-1.225143707E-1
3.178842858E1,-1.359515646E-1,-8.795498729E-2,-1.640220004E-1
3.180842858E1,-1.139306581E-1,-1.353174341E-1,-2.325724179E-1
3.182842858E1,1.351350009E-2,2.604993045E-2,-9.569787025E-2
3.184842858E1,1.436005998E-1,1.443104517E-1,1.098165572E-2
3.186842858E1,1.860797444E-1,-1.250017762E-2,-2.546228528E-2
3.188842858E1,2.002244514E-1,-1.115028942E-1,-2.374086499E-2
3.190842858E1,1.211154243E-1,1.234288752E-2,1.733056247E-2
3.192842858E1,5.014367491E-2,1.164227414E-1,5.009309649E-2
3.194842858E1,6.649804473E-2,7.771300435E-2,-1.367833310E-1
3.196842858E1,1.153632259E-1,9.192933977E-2,-1.366962075E-1
3.198842858E1,1.025929070E-1,1.795919663E-1,-3.036049783E-2
3.200842858E1,1.120443463E-1,1.531900334E-1,-2.037169933E-3
3.202842858E1,2.180537814E-1,1.350823760E-2,-6.187991381E-2
3.204842858E1,2.690888643E-1,1.427480757E-2,-8.898234308E-2
3.206842858E1,1.902140182E-1,8.349531591E-2,3.117092192E-2
3.208842858E1,1.063605604E-1,7.972093821E-3,-4.825648606E-2
3.210842858E1,6.816508591E-2,-7.886607528E-2,3.865243435E-2
3.212842858E1,9.321455777E-2,-5.969188571E-2,-2.364502913E-1
3.214842858E1,2.002957875E-1,1.004914176E-1,6.905444741E-2
3.216842858E1,1.664129269E-1,1.807450372E-1,1.747990036E-1
3.218842858E1,1.162341687E-1,5.775177956E-2,1.773635924E-2
3.220842858E1,1.046289074E-1,1.942328095E-2,2.816019058E-3
3.222842858E1,4.957678735E-2,4.123456478E-2,2.799939215E-2
3.224842858E1,6.691290468E-2,3.971311927E-2,8.491677403E-2
3.226842858E1,1.486645809E-1,-9.881619036E-2,2.620160723E-1
3.228842858E1,1.915088841E-1,-3.303846413E-1,3.304203093E-1
3.230842858E1,2.361667013E-1,-4.534036267E-1,2.165481234E-1
3.232842858E1,2.291903883E-1,-3.483993280E-1,4.056915164E-2
3.234842858E1,1.856566983E-1,-8.126460314E-2,-1.193463492E-1
3.236842858E1,1.052276623E-1,1.582461208E-1,-1.709398413E-1
3.238842858E1,4.759662777E-2,2.675136244E-1,-1.782079303E-1
3.240842858E1,-8.437005937E-2,6.542040288E-2,-3.352249664E-1
3.242842858E1,-2.060032547E-1,-1.191066134E-1,-4.299902058E-1
3.244842858E1,-1.523503733E-1,-2.815141976E-2,-3.296484768E-1
3.246842858E1,-2.212703347E-2,-1.465972978E-1,-2.854575598E-1
3.248842858E1,3.542067826E-2,-6.380949497E-1,-1.042611176E-1
3.250842858E1,2.165633261E-2,-1.307794100E0,-1.932428759E-1
3.252842858E1,-4.673884124E-2,-1.889388574E0,-5.294273704E-1
3.254842858E1,-3.214536041E-2,-2.091413383E0,-8.419581234E-1
3.256842858E1,1.032969117E-2,-2.033559278E0,-1.083276222E0
3.258842858E1,-4.535977542E-2,-2.081721039E0,-1.361325359E0
3.260842858E1,-3.318163320E-1,-2.148876895E0,-1.688851297E0
3.262842858E1,-6.474145344E-1,-2.199860523E0,-1.884177536E0
3.264842858E1,-7.577162643E-1,-2.288228908E0,-1.756319395E0
3.266842858E1,-6.761230476E-1,-2.191980230E0,-1.519705381E0
3.268842858E1,-5.498677745E-1,-1.615031369E0,-1.467341226E0
3.270842858E1,-3.270422266E-1,-9.801909792E-1,-1.548132790E0
3.272842858E1,-2.556946474E-1,-8.556230664E-1,-1.417032952E0
3.274842858E1,-3.926802921E-1,-1.111066868E0,-1.440468008E0
3.276842858E1,-3.777579054E-1,-1.092454011E0,-1.692543814E0
3.278842858E1,-2.267284182E-1,-7.847858030E-1,-1.694901411E0
3.280842858E1,-3.246762970E-1,-5.350366044E-1,-1.511507000E0
3.282842858E1,-5.893993378E-1,-1.998753726E-2,-1.136629141E0
3.284842858E1,-6.212415200E-1,3.043282789E-1,-6.093085223E-1
3.286842858E1,-5.282015017E-1,3.117682761E-1,-2.785970217E-1
3.288842858E1,-4.035732163E-1,2.115873456E-1,-1.561042857E-1
3.290842858E1,-1.078318660E-1,1.525942022E-1,4.168772399E-2
3.292842858E1,9.650332421E-2,1.255923450E-1,2.063154960E-1
3.294842858E1,1.538395129E-1,1.694979179E-1,2.729006642E-1
3.296842858E1,1.048549023E-1,2.842705750E-1,3.411084348E-1
3.298842858E1,1.550973952E-2,4.709569681E-1,4.640800577E-1
3.300842858E1,-1.426844873E-2,6.594630146E-1,4.664101732E-1
3.302842858E1,7.744132809E-2,7.215779865E-1,1.546442360E-1
3.304842858E1,1.003681145E-1,7.439658058E-1,8.057170808E-2
3.306842858E1,4.230241254E-3,6.957286155E-1,2.227531886E-1
3.308842858E1,-7.832820453E-2,5.818938518E-1,3.098667616E-1
3.310842858E1,-4.607430518E-2,5.039457893E-1,3.106871259E-1
3.312842858E1,8.688969769E-2,5.779066354E-1,3.943175125E-1
3.314842858E1,2.853077249E-1,8.331492931E-1,2.472442514E-1
3.316842858E1,3.852882421E-1,9.966193163E-1,2.075311321E-1
3.318842858E1,1.869463018E-1,8.586478311E-1,4.485884446E-1
3.320842858E1,-6.210985556E-2,8.710708255E-1,5.171365231E-1
3.322842858E1,-3.463466629E-2,1.184495618E0,3.398571306E-1
3.324842858E1,2.448878235E-1,1.463424761E0,4.763913703E-1
3.326842858E1,3.063006909E-1,1.566115317E0,6.986715192E-1
3.328842858E1,1.926169315E-1,1.322941897E0,4.016019738E-1
3.330842858E1,1.037845695E-1,1.264151652E0,3.776997256E-1
3.332842858E1,4.854146473E-2,1.588569210E0,4.826648480E-1
3.334842858E1,3.144471779E-2,1.632800472E0,4.460934377E-1
3.336842858E1,-2.532867640E-3,1.324919425E0,5.984186679E-1
3.338842858E1,-1.170309249E-1,1.157396112E0,5.259716660E-1
3.340842858E1,-9.525815964E-2,1.434012097E0,4.054292688E-1
3.342842858E1,5.045131154E-2,1.528903052E0,3.207379049E-1
3.344842858E1,6.168973312E-2,1.236264526E0,4.002699780E-1
3.346842858E1,-1.101688519E-1,1.176573810E0,5.149818242E-1
3.348842858E1,-5.488942131E-2,1.392748296E0,3.527824008E-1
3.350842858E1,1.903289891E-1,1.579409546E0,5.454341233E-1
3.352842858E1,3.541521842E-1,1.599797033E0,5.148061153E-1
3.354842858E1,3.555346122E-1,1.674522695E0,7.515437973E-1
3.356842858E1,2.482214673E-1,1.666052418E0,8.575608337E-1
3.358842858E1,2.746923242E-1,1.697030382E0,8.302952671E-1
3.360842858E1,3.731777814E-1,1.880314865E0,7.300085020E-1
3.362842858E1,3.945785176E-1,1.992257470E0,8.331475389E-1
3.364842858E1,4.528022406E-1,1.912162895E0,1.154053844E0
3.366842858E1,6.346887273E-1,1.764176883E0,1.379935877E0
3.368842858E1,7.703926624E-1,1.694997305E0,1.414605773E0
3.370842858E1,7.774952021E-1,1.662424221E0,1.438409788E0
3.372842858E1,6.566833945E-1,1.506003016E0,1.533510658E0
3.374842858E1,4.101671214E-1,1.521363067E0,1.182233330E0
3.376842858E1,3.731483991E-1,1.584551588E0,7.394166720E-1
3.378842858E1,3.323263554E-1,1.621275026E0,1.008221946E0
3.380842858E1,1.923243514E-1,1.356617181E0,7.044397974E-1
3.382842858E1,1.592144197E-1,1.044257752E0,7.110945135E-1
3.384842858E1,1.135664497E-1,1.019646821E0,6.974944746E-1
3.386842858E1,9.578718647E-2,1.121618754E0,5.674041590E-1
3.388842858E1,-1.480675802E-2,1.109717916E0,5.545823845E-1
3.390842858E1,-7.336391844E-2,9.635445410E-1,3.294441167E-1
3.392842858E1,-1.002108975E-1,9.551648962E-1,3.507434767E-1
3.394842858E1,-1.271078702E-1,1.123173528E0,2.686140704E-1
3.396842858E1,-6.371053085E-2,1.340315144E0,2.421729612E-1
3.398842858E1,-9.393902779E-2,1.171846921E0,1.636170807E-1
3.400842858E1,-7.961027965E-2,7.297214037E-1,-6.465266347E-3
3.402842858E1,4.206311524E-2,4.946645039E-1,-4.869034946E-2
3.404842858E1,5.658240952E-2,4.459145129E-1,-1.134514788E-1
3.406842858E1,1.234493405E-2,2.615465409E-1,-2.602063590E-1
3.408842858E1,-5.503413990E-2,-6.226641476E-2,-2.689970630E-1
3.410842858E1,-1.758160537E-1,-4.181525177E-1,-5.166628987E-1
3.412842858E1,-2.825662579E-1,-5.202045572E-1,-5.086109903E-1
3.414842858E1,-3.046600353E-1,-1.010673684E-1,-4.683631432E-1
3.416842858E1,-1.866473629E-1,3.261079878E-1,-5.821522987E-1
3.418842858E1,-6.010133699E-2,4.414671206E-1,-5.308219314E-1
3.420842858E1,-7.381641984E-2,2.826175672E-1,-3.692797351E-1
3.422842858E1,-1.401003103E-1,-2.911913395E-3,-2.256756270E-1
3.424842858E1,-2.686225489E-1,-2.389219093E-1,-3.716665685E-1
3.426842858E1,-2.165992865E-1,-5.063770616E-1,-6.433568591E-1
3.428842858E1,8.976236165E-2,-8.995029116E-1,-6.063217646E-1
3.430842858E1,2.999370199E-1,-1.200287193E0,-6.934943944E-1
3.432842858E1,3.990191124E-1,-1.083280900E0,-5.576378471E-1
3.434842858E1,2.346176277E-1,-7.237326854E-1,-5.311072755E-1
3.436842858E1,-1.214702041E-1,-7.517671609E-1,-7.206371695E-1
3.438842858E1,-2.944410758E-1,-1.266491708E0,-1.216001585E0
3.440842858E1,-2.271666670E-1,-1.776177709E0,-1.459782531E0
3.442842858E1,-2.517167866E-1,-1.860033798E0,-1.233466049E0
3.444842858E1,-3.798931624E-1,-1.714638687E0,-1.007319136E0
3.446842858E1,-5.976249084E-1,-1.416113185E0,-1.378850634E0
3.448842858E1,-6.734799600E-1,-7.044684488E-1,-1.393283901E0
3.450842858E1,-5.519811045E-1,-3.657994723E-1,-1.194118381E0
3.452842858E1,-2.852670868E-1,-6.200691533E-1,-8.185031873E-1
3.454842858E1,-4.483834997E-2,-7.434886730E-1,-7.022926998E-1
3.456842858E1,1.481737071E-1,-6.071386206E-1,-6.700488138E-1
3.458842858E1,1.254870951E-1,-3.169734675E-1,-5.624360722E-1
3.460842858E1,-4.857486695E-2,-7.727738678E-2,-5.654865646E-1
3.462842858E1,-1.953079663E-1,-2.696981442E-1,-5.974836981E-1
3.464842858E1,-3.405555806E-1,-7.268931055E-1,-4.527990246E-1
3.466842858E1,-3.289456415E-1,-9.525851047E-1,-1.995327258E-1
3.468842858E1,-1.505244340E-1,-8.108117598E-1,-1.438391662E-1
3.470842858E1,1.101790845E-2,-5.535225767E-1,-2.380284548E-1
3.472842858E1,2.823167279E-2,-4.895195389E-1,-2.224462098E-1
3.474842858E1,1.790227398E-2,-7.365994835E-1,4.404122829E-2
3.476842858E1,-1.050192091E-1,-1.106945751E0,-5.426034862E-1
3.478842858E1,-1.092873842E-1,-1.037613561E0,-6.307046539E-1
3.480842858E1,-1.664322227E-1,-3.196894991E-1,-1.999163032E-1
3.482842858E1,-2.267547306E-1,4.297235727E-2,-9.735555589E-2
3.484842858E1,-2.630770496E-1,-2.857317942E-1,-4.831519210E-1
3.486842858E1,-1.726403578E-1,-5.174996352E-1,-3.958044595E-1
3.488842858E1,-3.053649902E-2,-2.336652625E-1,1.612989521E-1
3.490842858E1,5.096520871E-2,-1.671192706E-2,2.048227018E-1
3.492842858E1,9.944856673E-2,-7.614887416E-2,1.094972992E-1
3.494842858E1,1.568154533E-1,-2.109587699E-1,-1.703761697E-2
3.496842858E1,1.443252160E-1,-1.621935761E-1,-1.560844052E-1
3.498842858E1,5.498093024E-2,7.263177395E-2,-9.060377598E-2
3.500842858E1,-2.350142151E-2,1.900871336E-1,-8.350057840E-2
3.502842858E1,-1.520773083E-2,7.845735490E-2,-1.470299917E-1
3.504842858E1,4.402485609E-2,2.815609753E-2,-9.648607492E-2
3.506842858E1,1.100407979E-1,8.769303203E-2,4.976799130E-2
3.508842858E1,1.778287384E-1,1.572766525E-1,2.282752991E-1
3.510842858E1,2.723314378E-1,4.790506840E-2,2.060675740E-1
3.512842858E1,3.425518200E-1,1.681893110E-2,1.556464487E-1
3.514842858E1,3.640456000E-1,2.025949126E-1,1.120800143E-1
3.516842858E1,2.805415133E-1,2.138578194E-1,-2.490972340E-2
3.518842858E1,7.640118152E-2,1.012410307E-1,-1.824448228E-1
3.520842858E1,-1.312299380E-1,7.748028517E-2,-1.212005013E-1
3.522842858E1,-1.575982493E-1,5.894168794E-2,-2.936471701E-2
3.524842858E1,6.285756826E-5,8.552137613E-3,-5.274188519E-3
3.526842858E1,1.651402804E-1,8.638734877E-2,9.292921364E-2
3.528842858E1,2.345157400E-1,9.340459228E-2,1.054697371E-1
3.530842858E1,1.188104519E-1,2.800465465E-2,4.634620070E-2
3.532842858E1,-7.235841662E-2,6.620042145E-2,1.268845797E-4
3.534842858E1,-1.582317951E-1,5.323889852E-2,-2.551830161E-1
3.536842858E1,-1.623809794E-1,-1.844504178E-2,-1.865928376E-1
3.538842858E1,-7.534897506E-2,1.509283304E-2,7.238268256E-2
3.540842858E1,-1.236539930E-2,6.197814703E-2,-2.721966594E-1
3.542842858E1,1.429594526E-1,2.049858391E-1,-3.459446669E-2
3.544842858E1,1.791730133E-1,3.145696771E-1,2.042262858E-1
3.546842858E1,6.655622452E-2,7.537938058E-2,-2.172591448E-2
3.548842858E1,-3.832118958E-2,-2.662061870E-2,-1.245603114E-1
3.550842858E1,-6.897434056E-2,1.121460879E-1,-1.334603584E-1
3.552842858E1,-4.911368787E-2,1.990696263E-1,-1.527140701E-1
3.554842858E1,-9.996984601E-3,1.495419556E-1,-1.805386305E-1
3.556842858E1,-6.779788077E-2,1.334369695E-1,-1.663345742E-1
3.558842858E1,-1.255742186E-1,2.145477909E-1,-1.242334521E-1
3.560842858E1,-8.015070856E-2,2.963228559E-1,-1.167396605E-1
3.562842858E1,-1.199614763E-2,1.905566651E-1,-8.292287350E-2
3.564842858E1,3.303384483E-2,-1.565708935E-2,-8.720712841E-2
3.566842858E1,5.848648220E-2,-8.898351252E-2,-4.102406502E-2
3.568842858E1,1.141610384E-1,7.759255171E-2,-2.745969415E-2
3.570842858E1,1.251739767E-1,1.780880624E-1,-7.694935799E-4
3.572842858E1,8.682793647E-2,1.255397201E-1,-7.429355264E-2
3.574842858E1,6.565019846E-2,4.330447912E-2,-8.965009511E-2
3.576842858E1,2.093025461E-2,7.037708759E-3,-5.901419342E-2
3.578842858E1,3.098629609E-2,2.431272268E-3,2.295616865E-3
3.580842858E1,1.040427241E-1,1.181196034E-2,-8.081904531E-2
3.582842858E1,1.594825146E-1,4.555624187E-2,-9.083181739E-2
3.584842858E1,8.428966016E-2,1.074297237E-1,2.953720987E-2
3.586842858E1,-1.807695955E-2,6.868197978E-2,1.726039588E-2
3.588842858E1,4.218093663E-2,-9.790636361E-2,-9.960497975E-2
3.590842858E1,1.253067085E-1,-2.402047884E-1,-1.223214126E-1
3.592842858E1,9.985816419E-2,-2.815364170E-1,-2.324735999E-2
3.594842858E1,-5.635897279E-2,-4.311280739E-1,-5.783948779E-2
3.596842858E1,-2.255537125E-1,-6.773987639E-1,-1.701802880E-1
3.598842858E1,-2.514470838E-1,-8.651353168E-1,-2.810130912E-1
3.600842858E1,-8.889799699E-2,-7.921398461E-1,-1.463926452E-1
3.602842858E1,-6.085431218E-2,-7.350359380E-1,-7.997587681E-2
3.604842858E1,-9.107476920E-2,-9.655536443E-1,-2.416829646E-1
3.606842858E1,-1.596466751E-1,-1.128666987E0,-4.774035233E-1
3.608842858E1,-1.063642149E-1,-1.200846187E0,-5.552264553E-1
3.610842858E1,2.477041349E-1,-1.319783816E0,-6.528509831E-1
3.612842858E1,3.393783899E-1,-1.267263540E0,-4.556887186E-1
3.614842858E1,2.277341393E-1,-1.101823005E0,-3.441326147E-1
3.616842858E1,2.239444126E-1,-8.859397101E-1,-3.986502993E-1
3.618842858E1,3.649946031E-1,-1.137078792E0,-6.460471630E-1
3.620842858E1,3.265050137E-1,-1.478418776E0,-9.332431000E-1
3.622842858E1,8.969555721E-2,-1.289820929E0,-1.167476712E0
3.624842858E1,-4.407967374E-2,-9.179906380E-1,-1.318731902E0
3.626842858E1,3.998399153E-2,-1.142834206E0,-1.518487406E0
3.628842858E1,2.999490067E-2,-1.618354926E0,-1.294133250E0
3.630842858E1,-1.463847515E-1,-1.746811822E0,-1.272590938E0
3.632842858E1,-1.916495828E-1,-1.737703030E0,-1.498046125E0
3.634842858E1,-1.177063514E-1,-1.723049907E0,-1.411279877E0
3.636842858E1,-5.044780321E-2,-1.490148291E0,-1.470529713E0
3.638842858E1,-5.814697824E-2,-9.284232402E-1,-1.282842861E0
3.640842858E1,-1.579981258E-1,-3.719834876E-1,-1.034809821E0
3.642842858E1,-1.315380862E-1,-4.463834596E-1,-8.048359054E-1
3.644842858E1,-5.140163027E-2,-8.682115370E-1,-5.059753579E-1
3.646842858E1,1.175838523E-1,-7.332297331E-1,-8.663831127E-1
3.648842858E1,2.599898659E-1,-1.696014136E-1,-8.442122251E-1
3.650842858E1,2.068106820E-1,1.160134363E-1,-2.568155587E-1
3.652842858E1,-7.121462815E-2,-3.307009757E-2,1.053089386E-1
3.654842858E1,-3.207071339E-1,-1.467388004E-1,-3.241164261E-1
3.656842858E1,-2.410158703E-1,3.895672345E-1,-5.372205395E-1
3.658842858E1,-1.428151725E-1,1.230300951E0,-3.821745998E-1
3.660842858E1,-1.175110910E-1,1.378631948E0,-3.946274149E-1
3.662842858E1,-1.567914066E-1,1.014071501E0,-1.766829765E-1
3.664842858E1,-2.292943957E-1,7.871808225E-1,7.399066687E-3
3.666842858E1,-1.920882701E-1,1.089142148E0,2.223813057E-2
3.668842858E1,1.790428396E-2,1.739153724E0,1.890165085E-1
3.670842858E1,2.124514910E-1,1.957554245E0,5.735814500E-1
3.672842858E1,3.273226737E-1,1.492436306E0,6.713205832E-1
3.674842858E1,2.137544334E-1,1.067344898E0,6.574854863E-1
3.676842858E1,-3.046519954E-2,9.850728196E-1,3.146275645E-1
3.678842858E1,-2.137856794E-1,1.173413390E0,5.100420964E-1
3.680842858E1,-2.363290346E-1,1.044367679E0,8.201965410E-1
3.682842858E1,-1.956856965E-1,6.188798296E-1,7.398335785E-1
3.684842858E1,-1.804289221E-1,4.642899728E-1,4.605015618E-1
3.686842858E1,-1.259144900E-1,6.892212492E-1,3.637564552E-1
3.688842858E1,3.540671803E-2,1.003151826E0,5.356833065E-1
3.690842858E1,1.439561470E-1,9.762113643E-1,7.039340132E-1
3.692842858E1,1.349883820E-1,8.803310609E-1,1.079042838E0
3.694842858E1,7.004226141E-2,1.081377631E0,8.884926045E-1
3.696842858E1,8.699399740E-2,1.491969114E0,7.911504972E-1
3.698842858E1,1.732046872E-1,1.853558006E0,1.015186565E0
3.700842858E1,2.615607934E-1,1.758875797E0,8.004504937E-1
3.702842858E1,2.000986632E-1,1.712177010E0,1.142112075E0
3.704842858E1,1.708652893E-1,1.760868528E0,1.280356041E0
3.706842858E1,2.070420125E-1,1.815671557E0,1.368732027E0
3.708842858E1,2.559245161E-1,1.965923365E0,1.312746107E0
3.710842858E1,3.364829949E-1,2.206371397E0,1.518980327E0
3.712842858E1,3.987701672E-1,2.419654436E0,1.428206397E0
3.714842858E1,3.676754053E-1,2.320211424E0,1.589457402E0
3.716842858E1,2.646892731E-1,1.999749507E0,1.523886725E0
3.718842858E1,1.692837636E-1,1.908407813E0,1.332124949E0
3.720842858E1,1.091971178E-1,2.146239801E0,1.163679530E0
3.722842858E1,2.502520591E-2,2.183022296E0,1.098674864E0
3.724842858E1,6.108878553E-3,2.054650769E0,8.951104832E-1
3.726842858E1,1.231732057E-1,2.034723458E0,9.433739859E-1
3.728842858E1,2.295741849E-1,1.986654668E0,9.332530403E-1
3.730842858E1,2.624947400E-1,1.750310796E0,7.663565487E-1
3.732842858E1,2.848121734E-1,1.586234416E0,8.927306664E-1
3.734842858E1,1.338103873E-1,1.452216234E0,8.447051454E-1
3.736842858E1,-1.532394424E-2,1.244165869E0,5.349056268E-1
3.738842858E1,-7.429874204E-2,1.061025227E0,4.064276809E-1
3.740842858E1,-1.188029967E-1,9.469741166E-1,3.536255693E-1
3.742842858E1,-1.598117859E-1,9.836390823E-1,2.021563715E-1
3.744842858E1,-2.372357185E-1,1.086689242E0,1.154825091E-1
3.746842858E1,-2.124434511E-1,1.030207477E0,1.834832883E-1
3.748842858E1,-1.039398862E-1,6.604599649E-1,3.575689316E-2
3.750842858E1,-1.577359512E-3,4.008318955E-1,1.029460788E-2
3.752842858E1,5.689830534E-2,2.724217772E-1,-3.976761532E-1
3.754842858E1,6.961987317E-3,2.921917981E-1,-5.185404396E-1
3.756842858E1,-6.947939381E-2,4.333061618E-1,-4.025059533E-1
3.758842858E1,-9.885880195E-2,4.300463390E-1,-3.682190502E-1
3.760842858E1,-5.559539951E-2,2.351703358E-1,-2.261065668E-1
3.762842858E1,5.585179992E-2,-2.145197242E-1,-8.288469118E-1
3.764842858E1,1.571472097E-1,-3.436648375E-1,-9.021470225E-1
3.766842858E1,3.458547659E-2,1.270845544E-1,-4.563102776E-1
3.768842858E1,-9.310601883E-2,2.612389773E-1,-3.186422628E-1
3.770842858E1,-1.304171750E-1,-4.030017972E-2,-5.407084036E-1
3.772842858E1,-3.891139291E-2,-3.255694592E-1,-5.824124998E-1
3.774842858E1,9.339355566E-2,-5.787299234E-1,-5.921738416E-1
3.776842858E1,1.741039158E-1,-8.116139978E-1,-7.779825675E-1
3.778842858E1,2.219756551E-1,-8.502424586E-1,-5.205548054E-1
3.780842858E1,6.589022666E-2,-7.967182159E-1,-2.009769881E-1
3.782842858E1,-2.197051813E-1,-7.660016227E-1,-9.557829469E-1
3.784842858E1,-1.595402558E-1,-9.604729986E-1,-1.606989693E0
3.786842858E1,-9.695472926E-2,-1.206786958E0,-1.670846550E0
3.788842858E1,3.411250994E-2,-1.457651221E0,-1.710805253E0
3.790842858E1,-2.394902587E-2,-1.482569130E0,-9.070388031E-1
3.792842858E1,-2.201535165E-1,-1.273689630E0,-5.561228335E-1
3.794842858E1,-2.686764894E-1,-8.962115139E-1,-6.212865436E-1
3.796842858E1,-1.081347518E-1,-6.555325162E-1,-9.600367963E-1
3.798842858E1,-3.436934888E-2,-6.907228142E-1,-8.337702674E-1
3.800842858E1,-1.743861902E-1,-7.367181820E-1,-6.317144680E-1
3.802842858E1,-3.005179408E-1,-6.919027823E-1,-7.084930873E-1
3.804842858E1,-3.595470446E-1,-6.304245722E-1,-6.490046847E-1
3.806842858E1,-3.878323656E-1,-4.124813032E-1,-3.748158789E-1
3.808842858E1,-3.855738786E-1,-3.572566903E-1,-2.242483217E-1
3.810842858E1,-4.214538556E-1,-5.492377371E-1,-5.513672930E-1
3.812842858E1,-4.150659187E-1,-7.200606340E-1,-8.111210775E-1
3.814842858E1,-3.726098706E-1,-8.092160547E-1,-8.893895674E-1
3.816842858E1,-4.765982156E-1,-8.715684235E-1,-5.891163325E-1
3.818842858E1,-6.116354218E-1,-8.492800069E-1,-6.988276398E-1
3.820842858E1,-4.995641783E-1,-7.230462223E-1,-5.628617495E-1
3.822842858E1,-2.722571781E-1,-6.773484778E-1,-2.962924504E-1
3.824842858E1,-3.303969204E-2,-8.890820038E-1,-2.633381277E-1
3.826842858E1,1.935385989E-1,-1.053258371E0,-8.460921049E-2
3.828842858E1,2.702162075E-1,-9.076662093E-1,-1.029256135E-1
3.830842858E1,3.099898455E-1,-4.747804624E-1,-2.343786228E-1
3.832842858E1,2.510618985E-1,-9.479973793E-2,-6.949474275E-2
3.834842858E1,2.011819330E-1,1.357138753E-3,-9.863492668E-2
3.836842858E1,2.044575432E-1,-4.758054793E-2,-1.368423879E-1
3.838842858E1,2.889919093E-1,-7.541563332E-2,-9.303563297E-2
3.840842858E1,3.942333126E-1,-5.024453938E-2,1.106117785E-2
3.842842858E1,5.122988293E-1,-5.433642089E-2,2.172696698E-1
3.844842858E1,6.052204415E-1,-1.458693194E-1,1.215250218E-1
3.846842858E1,6.043892598E-1,-1.950590211E-1,8.763806820E-2
3.848842858E1,3.897637010E-1,-1.152024275E-1,1.826067907E-1
3.850842858E1,2.169071424E-1,-4.421196699E-2,1.512364787E-1
3.852842858E1,1.734474197E-1,-7.556064427E-2,2.535937428E-2
3.854842858E1,6.230997652E-2,-1.249070513E-1,2.944014609E-2
3.856842858E1,-6.043360502E-2,-1.566849142E-1,-2.090496540E-2
3.858842858E1,-3.219330758E-2,-1.768116152E-1,-1.874804449E-1
3.860842858E1,6.512804210E-2,-6.902696550E-2,-6.912578344E-3
3.862842858E1,9.050554276E-2,6.642378509E-2,1.836084187E-2
3.864842858E1,4.026392698E-2,9.866825581E-2,-3.481081367E-2
3.866842858E1,2.718955278E-2,5.964627743E-2,-7.837607861E-3
3.868842858E1,-3.439536899E-2,-5.141749084E-2,-9.378056824E-2
3.870842858E1,-6.702546358E-2,-1.333171016E-1,-1.599576008E-1
3.872842858E1,7.411345840E-3,-9.219655752E-2,2.620546639E-2
3.874842858E1,1.000742188E-1,-9.513361394E-2,7.230023682E-2
3.876842858E1,1.688909769E-1,-1.240603745E-2,8.100849509E-2
3.878842858E1,1.142320821E-1,1.249029583E-1,2.386938679E-1
3.880842858E1,-1.423797011E-2,6.469885647E-2,-1.007943034E-2
3.882842858E1,-8.931943506E-2,8.721999228E-2,-1.683331525E-1
3.884842858E1,-8.671771646E-2,3.279258871E-1,-1.751860893E-1
3.886842858E1,-1.233239177E-1,3.540781438E-1,-1.708860469E-1
3.888842858E1,-1.073852849E-1,2.572535151E-1,-1.283247489E-1
3.890842858E1,-2.842565417E-2,1.617965502E-1,-1.982135940E-1
3.892842858E1,4.429148912E-2,2.113201278E-1,-1.561797148E-1
3.894842858E1,7.032446265E-2,3.621104640E-1,-1.065760303E-1
3.896842858E1,1.931335330E-2,3.634728652E-1,-1.779828125E-1
3.898842858E1,-2.769679874E-2,1.639044714E-1,-2.781491250E-1
3.900842858E1,-4.010078967E-2,2.793156445E-2,-2.400819969E-1
3.902842858E1,2.421448946E-2,1.094043285E-1,-1.800977504E-1
3.904842858E1,9.592883527E-2,1.782447678E-1,-2.522044444E-1
3.906842858E1,7.415672779E-2,1.405986392E-1,-2.815083504E-1
3.908842858E1,6.867876381E-2,1.416137159E-1,-2.654285073E-1
3.910842858E1,3.427959412E-2,2.239115220E-1,-1.210666001E-1
3.912842858E1,-1.660492301E-2,2.332308143E-1,-8.936182737E-2
3.914842858E1,-1.309133112E-2,1.533443999E-1,-2.472682250E-1
3.916842858E1,3.052685112E-2,1.447127402E-1,-2.183899963E-1
3.918842858E1,2.482143044E-4,2.225795263E-1,-7.313697338E-2
3.920842858E1,-6.149458230E-2,1.598494273E-1,-8.009048223E-2
3.922842858E1,-6.512453377E-2,4.894645751E-2,-1.413201857E-1
3.924842858E1,-7.787935764E-2,-2.578505158E-2,-8.494951844E-2
3.926842858E1,-1.131813374E-1,-6.301778197E-2,-1.421370417E-1
3.928842858E1,-1.122475371E-1,-1.122758961E-1,-7.494727135E-2
3.930842858E1,-5.904167533E-2,-1.047201240E-1,7.446019828E-2
3.932842858E1,3.350951582E-2,-1.343725240E-1,-4.376582444E-2
3.934842858E1,2.346917412E-1,-1.699452299E-1,2.103284401E-1
3.936842858E1,2.675013453E-1,-2.207265437E-1,8.668497205E-2
3.938842858E1,1.604090059E-1,-3.267716467E-1,-6.195183456E-2
3.940842858E1,5.245420218E-2,-1.970529217E-1,2.338886261E-3
3.942842858E1,4.328372151E-2,-2.387774831E-1,-4.427394748E-2
3.944842858E1,1.444583863E-2,-3.121068299E-1,-2.137800515E-2
3.946842858E1,-4.104920805E-2,-3.724600357E-1,-6.317916512E-2
3.948842858E1,4.865994394E-2,-5.863172704E-1,-1.383188099E-1
3.950842858E1,1.140017018E-1,-9.675703490E-1,-9.395715415E-2
3.952842858E1,-1.334013015E-2,-1.283076165E0,5.900308371E-2
3.954842858E1,-1.613395903E-1,-1.353333970E0,-1.035120893E-1
3.956842858E1,-9.407468319E-2,-1.086162407E0,-2.646671999E-1
3.958842858E1,7.610560477E-2,-8.681384468E-1,-3.717098379E-1
3.960842858E1,1.413763189E-1,-1.122618628E0,-6.076631159E-1
3.962842858E1,1.303585567E-1,-1.300579805E0,-7.494019622E-1
3.964842858E1,1.392258592E-1,-9.986494696E-1,-7.125814605E-1
3.966842858E1,1.947230986E-1,-9.297581595E-1,-4.835039234E-1
3.968842858E1,1.305784120E-1,-1.472165179E0,-4.916783309E-1
3.970842858E1,1.770493045E-2,-1.827968836E0,-9.505309778E-1
3.972842858E1,1.618070751E-2,-1.520684790E0,-1.444255834E0
3.974842858E1,6.141827613E-2,-8.508336121E-1,-1.226822442E0
3.976842858E1,-1.238383265E-1,-8.444554693E-1,-7.842665702E-1
3.978842858E1,-4.647510257E-1,-1.457954106E0,-9.877479208E-1
3.980842858E1,-5.149329999E-1,-1.784655586E0,-1.402338315E0
3.982842858E1,-2.405478738E-1,-1.484058416E0,-1.158618180E0
3.984842858E1,-3.227297589E-2,-1.051172084E0,-9.577604753E-1
3.986842858E1,-2.386760339E-2,-8.340392393E-1,-1.139681972E0
3.988842858E1,-1.732994851E-1,-7.773177391E-1,-1.582835430E0
3.990842858E1,-2.341619834E-1,-6.219373387E-1,-1.487688952E0
3.992842858E1,-2.337051697E-1,-2.751179284E-1,-7.005361962E-1
3.994842858E1,-1.492881864E-1,-3.027752584E-1,-8.619596940E-1
3.996842858E1,2.524038345E-2,-6.404069388E-1,-1.215556027E0
3.998842858E1,-3.528451122E-2,-5.346085882E-1,-7.739187527E-1
4.000842858E1,-1.364993025E-1,-1.213092595E-1,-2.960468674E-1
4.002842858E1,-9.516336165E-2,1.132956505E-1,-2.600572550E-1
4.004842858E1,-5.148626871E-2,-9.627908349E-2,-2.063114029E-1
4.006842858E1,-2.082680275E-1,-2.685608608E-1,-5.842303991E-2
4.008842858E1,-2.578546820E-1,7.282531679E-2,-1.881049275E-2
4.010842858E1,-5.136566989E-2,9.250137287E-1,1.534905803E-1
4.012842858E1,2.740239874E-1,1.525215797E0,7.592024803E-2
4.014842858E1,3.455933954E-1,1.455715792E0,-6.704885244E-2
4.016842858E1,1.971491084E-2,1.141020400E0,-1.627572477E-2
4.018842858E1,-3.285476654E-1,1.166770368E0,-6.783939600E-2
4.020842858E1,-4.049147869E-1,1.371335208E0,-1.806497276E-1
4.022842858E1,-4.019363249E-1,1.484584665E0,-2.287822527E-1
4.024842858E1,-4.279499295E-1,1.458879136E0,-3.206379175E-2
4.026842858E1,-3.657889108E-1,1.185505432E0,1.648844647E-1
4.028842858E1,-2.214734889E-1,8.013211441E-1,3.843409932E-1
4.030842858E1,-1.446759393E-1,6.035227025E-1,6.959706903E-1
4.032842858E1,-2.102074758E-1,7.209663677E-1,6.796411711E-1
4.034842858E1,-1.798651409E-1,9.173170388E-1,6.032853055E-1
4.036842858E1,-8.166733012E-2,1.070089581E0,4.920244861E-1
4.038842858E1,4.570881765E-2,9.646134120E-1,3.961745882E-1
4.040842858E1,6.582137570E-3,1.004092058E0,1.001670726E0
4.042842858E1,-1.104520764E-1,1.004223036E0,8.993766117E-1
4.044842858E1,5.001858104E-2,9.707851481E-1,5.351056015E-1
4.046842858E1,1.216018761E-1,1.341645970E0,6.287411588E-1
4.048842858E1,-5.811935015E-2,1.477859783E0,4.010353786E-1
4.050842858E1,-1.371648619E-1,1.359132069E0,3.281796563E-1
4.052842858E1,-5.389203250E-2,1.477878494E0,3.016794902E-1
4.054842858E1,1.546778575E-1,1.687394171E0,3.311506265E-1
4.056842858E1,1.587377986E-1,1.702826142E0,6.830495131E-1
4.058842858E1,5.587840475E-2,1.518742345E0,9.743379164E-1
4.060842858E1,1.292459777E-1,1.467989683E0,9.456544000E-1
4.062842858E1,1.844557533E-1,1.696383680E0,8.390122962E-1
4.064842858E1,1.803657722E-1,1.986281615E0,8.645757383E-1
4.066842858E1,2.269941010E-1,1.981194538E0,1.065412393E0
4.068842858E1,3.458095231E-1,1.971690474E0,1.279059128E0
4.070842858E1,4.596684066E-1,2.033505483E0,1.381271966E0
4.072842858E1,6.380448098E-1,2.017967677E0,1.487400684E0
4.074842858E1,7.513052309E-1,1.934800975E0,1.574152315E0
4.076842858E1,7.635475463E-1,1.930796801E0,1.655323362E0
4.078842858E1,7.129040075E-1,1.912704347E0,1.583973298E0
4.080842858E1,7.525155314E-1,1.943805102E0,1.459801826E0
4.082842858E1,7.555271398E-1,2.019768620E0,1.298150872E0
4.084842858E1,6.166892434E-1,1.915766534E0,1.076691672E0
4.086842858E1,5.267008138E-1,1.763350087E0,1.028502429E0
4.088842858E1,4.670098051E-1,1.527151226E0,8.061339873E-1
4.090842858E1,4.135067587E-1,1.499756436E0,7.773575002E-1
4.092842858E1,3.571438390E-1,1.384262817E0,7.759547532E-1
4.094842858E1,2.947702740E-1,9.968824410E-1,7.683048409E-1
4.096842858E1,2.662009245E-1,7.468689483E-1,5.094626373E-1
4.098842858E1,3.813646142E-1,6.480246913E-1,3.798491621E-1
4.100842858E1,2.896596614E-1,5.683768433E-1,7.361094868E-1
4.102842858E1,1.223704561E-1,4.270332688E-1,4.954942238E-1
4.104842858E1,1.448385284E-1,3.934585565E-1,2.099127030E-1
4.106842858E1,1.720153635E-1,4.553682911E-1,1.277470440E-1
4.108842858E1,-2.858659878E-2,5.615864718E-1,-3.845012069E-2
4.110842858E1,-2.873699648E-1,6.692834133E-1,-6.712018847E-2
4.112842858E1,-4.435718990E-1,4.936266232E-1,-1.243094659E-1
4.114842858E1,-2.785488553E-1,3.594189906E-1,-3.144755369E-1
4.116842858E1,-1.017489345E-1,3.433180976E-1,-3.956395680E-1
4.118842858E1,-1.027972671E-1,3.757888556E-1,-1.779430515E-1
4.120842858E1,-2.167075331E-1,1.746943384E-1,-2.208107436E-1
4.122842858E1,-3.165502021E-1,-1.017912537E-1,-6.399578726E-1
4.124842858E1,-3.531534067E-1,-2.477102745E-1,-7.169885069E-1
4.126842858E1,-3.715994717E-1,-3.300419945E-1,-5.578214496E-1
4.128842858E1,-2.900369529E-1,-6.687899083E-1,-7.720517367E-1
4.130842858E1,-2.385690299E-1,-8.599780726E-1,-5.906675988E-1
4.132842858E1,-2.544009510E-1,-6.939469689E-1,-3.779388767E-1
4.134842858E1,-3.123714164E-1,-4.405444300E-1,-9.093466991E-1
4.136842858E1,-1.843859522E-1,-4.939733630E-1,-1.461036758E0
4.138842858E1,-2.002862857E-1,-8.021654820E-1,-1.414153199E0
4.140842858E1,-4.762125917E-1,-1.140181324E0,-1.329141115E0
4.142842858E1,-7.106939793E-1,-1.206010448E0,-1.127416268E0
4.144842858E1,-7.783442178E-1,-9.656179637E-1,-1.026624303E0
4.146842858E1,-6.354154631E-1,-8.877464998E-1,-1.122189442E0
4.148842858E1,-4.495016335E-1,-1.100483408E0,-1.292110698E0
4.150842858E1,-2.853597651E-1,-1.265464352E0,-1.295870458E0
4.152842858E1,-2.336591229E-1,-1.270831511E0,-1.312361945E0
4.154842858E1,-3.157372199E-1,-1.053134995E0,-1.272611988E0
4.156842858E1,-4.742520203E-1,-5.706403005E-1,-1.056028197E0
4.158842858E1,-6.081924351E-1,-3.997378814E-1,-9.937114960E-1
4.160842858E1,-4.876354198E-1,-5.549662542E-1,-1.076161914E0
4.162842858E1,-2.214897515E-1,-6.284388578E-1,-8.987445277E-1
4.164842858E1,-2.326607108E-2,-4.809486902E-1,-6.010955232E-1
4.166842858E1,1.461953017E-1,-5.549685931E-1,-5.130627680E-1
4.168842858E1,2.330621222E-1,-8.145925695E-1,-5.862383330E-1
4.170842858E1,1.967611456E-1,-9.907393563E-1,-5.680955923E-1
4.172842858E1,3.962541103E-2,-8.916892773E-1,-1.693488139E-1
4.174842858E1,-7.800083354E-2,-7.971438932E-1,9.050846636E-2
4.176842858E1,-2.868176222E-2,-8.762584752E-1,-2.955533624E-2
4.178842858E1,5.039364338E-2,-1.005484280E0,-1.374271095E-1
4.180842858E1,8.383767039E-2,-9.642561471E-1,-2.694858903E-1
4.182842858E1,-1.713234186E-3,-7.098858941E-1,-2.038374460E-1
4.184842858E1,-1.078641719E-1,-5.751917732E-1,-2.136011267E-1
4.186842858E1,-1.149711701E-1,-5.827808744E-1,-1.314740592E-1
4.188842858E1,-4.937944382E-2,-4.548309320E-1,3.414890885E-2
4.190842858E1,8.733108938E-3,-3.021572077E-1,6.436498046E-2
4.192842858E1,9.709637806E-2,-2.590152812E-1,-4.848218858E-2
4.194842858E1,1.215343773E-1,-2.277893955E-1,-1.020076007E-1
4.196842858E1,6.059235692E-2,-1.841498709E-1,6.429481387E-2
4.198842858E1,-2.500795662E-2,-2.982500982E-1,2.219632298E-1
4.200842858E1,-6.235178411E-2,-5.257798773E-1,2.252037567E-1
4.202842858E1,-5.069126666E-2,-6.026415271E-1,4.404415190E-2
4.204842858E1,5.978778005E-2,-3.584021598E-1,5.175955296E-2
4.206842858E1,1.872062105E-1,-4.234027326E-2,2.688421118E-1
4.208842858E1,3.211752766E-1,-8.520971954E-2,-1.630613029E-2
4.210842858E1,4.723728713E-1,-3.860331774E-2,9.169135809E-2
4.212842858E1,4.703684458E-1,2.100448501E-1,1.290948272E-1
4.214842858E1,2.814168414E-1,2.303972536E-1,8.181774974E-2
4.216842858E1,1.734582371E-1,1.145586491E-1,3.741107047E-2
4.218842858E1,1.486335906E-1,9.269006252E-2,-1.148580265E-1
4.220842858E1,1.541846448E-1,2.410485417E-1,-1.630577946E-1
4.222842858E1,1.320193121E-1,3.775307411E-1,-1.091195691E-1
4.224842858E1,8.647242576E-2,2.999738574E-1,-1.241381425E-1
4.226842858E1,6.293445915E-2,2.205435258E-1,-1.010802323E-1
4.228842858E1,4.088519365E-2,2.440697980E-1,-1.575087869E-1
4.230842858E1,1.042336357E-1,2.763937908E-1,-2.141647983E-1
4.232842858E1,1.213946289E-1,2.930010527E-1,-2.228952760E-1
4.234842858E1,4.489930719E-2,2.942254597E-1,-1.775185436E-1
4.236842858E1,-7.011571705E-2,2.337570637E-1,-2.384868765E-1
4.238842858E1,-1.049060655E-1,2.680486447E-1,-3.357313353E-1
4.240842858E1,-7.898418903E-2,3.469486338E-1,-3.071811354E-1
4.242842858E1,-6.271957397E-2,3.255741370E-1,-2.267807508E-1
4.244842858E1,-4.344949007E-2,1.889369863E-1,-1.753275919E-1
4.246842858E1,1.072408587E-2,8.026005149E-2,-1.616860378E-1
4.248842858E1,1.645640373E-2,8.253929615E-2,-1.245597267E-1
4.250842858E1,1.555388600E-2,1.661252439E-1,-1.213425887E-1
4.252842858E1,6.740933329E-2,1.534566665E-1,-1.080717480E-1
4.254842858E1,9.655594915E-2,7.510982394E-2,-5.820201516E-2
4.256842858E1,9.583030969E-2,1.244275796E-1,4.675433636E-3
4.258842858E1,7.245898873E-2,2.253505218E-1,-8.823273003E-2
4.260842858E1,1.224582374E-2,2.088619584E-1,-8.489163101E-2
4.262842858E1,-1.316769576E-1,1.331282365E-1,-5.605901062E-2
4.264842858E1,-1.329539895E-1,1.515200686E-1,-2.329887396E-1
4.266842858E1,-4.554980993E-3,2.749787647E-1,6.299907088E-2
4.268842858E1,-2.926180601E-2,1.217039466E-1,6.748914778E-2
4.270842858E1,1.096703768E-2,-6.093968153E-2,1.090839010E-1
4.272842858E1,7.357551455E-2,-1.059445310E-1,1.045248270E-1
4.274842858E1,9.152792841E-2,5.983046472E-2,2.249184126E-1
4.276842858E1,3.988005728E-2,1.521258402E-1,2.757149291E-1
4.278842858E1,-1.299339026E-2,5.065735281E-2,1.964395487E-1
4.280842858E1,-3.911787271E-3,-2.062377280E-1,1.383217335E-2
4.282842858E1,2.135286212E-2,-3.765443158E-1,6.132559776E-3
4.284842858E1,7.226164520E-2,-3.752392173E-1,-4.275542557E-2
4.286842858E1,8.167595476E-2,-2.027399236E-1,-2.660775483E-1
4.288842858E1,5.808185488E-2,1.115309608E-1,-2.505450046E-1
4.290842858E1,4.050775588E-2,2.812007868E-1,-1.597032470E-1
4.292842858E1,3.534788042E-2,1.111175627E-1,-2.365479398E-1
4.294842858E1,2.840957433E-2,-1.400384760E-1,-2.763031590E-1
4.296842858E1,-6.181559443E-2,-2.417361742E-1,-2.567062157E-1
4.298842858E1,-1.696549156E-1,-3.430081952E-1,-1.264425302E-1
4.300842858E1,-1.536078170E-1,-5.766781354E-1,-1.502325118E-2
4.302842858E1,4.127549529E-3,-8.792990273E-1,-1.074268001E-1
4.304842858E1,8.621982604E-2,-1.063789791E0,-1.750931185E-1
4.306842858E1,1.138596144E-1,-1.013517185E0,-1.806719470E-1
4.308842858E1,5.366165221E-2,-8.765040582E-1,-3.769927973E-1
4.310842858E1,-6.897375584E-2,-9.348575163E-1,-6.602032721E-1
4.312842858E1,-6.392658547E-2,-1.124165801E0,-8.872208351E-1
4.314842858E1,-5.933082014E-2,-1.315421208E0,-1.056083161E0
4.316842858E1,-1.320310065E-1,-1.160286391E0,-8.535584146E-1
4.318842858E1,-2.682632375E-1,-9.722130382E-1,-1.011334419E0
4.320842858E1,-1.851982766E-1,-1.226291515E0,-1.117764269E0
4.322842858E1,-5.584280983E-2,-1.705967851E0,-1.137859395E0
4.324842858E1,-3.589605689E-3,-2.058967769E0,-1.748503422E0
4.326842858E1,-1.107993279E-1,-2.125887982E0,-2.146149169E0
4.328842858E1,-3.713091575E-1,-2.001362169E0,-1.871625318E0
4.330842858E1,-7.010030964E-1,-1.965614632E0,-1.619785740E0
4.332842858E1,-7.693139242E-1,-2.075377395E0,-1.772322055E0
4.334842858E1,-5.426154730E-1,-2.098231237E0,-1.685203804E0
4.336842858E1,-1.854931225E-1,-1.885573266E0,-1.397673406E0
4.338842858E1,2.581004843E-2,-1.283489563E0,-9.840097958E-1
4.340842858E1,8.524509519E-2,-7.269334513E-1,-7.792531675E-1
4.342842858E1,1.091505593E-1,-8.490560585E-1,-8.896597087E-1
4.344842858E1,1.882744968E-2,-1.077299783E0,-1.821969008E-1
4.346842858E1,-1.530432683E-1,-6.367594457E-1,2.981904566E-2
4.348842858E1,-1.060456878E-1,-1.675098646E-1,-3.881855375E-1
4.350842858E1,-7.915463537E-2,-5.820786238E-2,-5.006824583E-1
4.352842858E1,-2.703827070E-1,-6.705937743E-2,-3.106014642E-1
4.354842858E1,-4.227117379E-1,1.755772680E-1,-1.197097537E-1
4.356842858E1,-3.398219012E-1,6.629421079E-1,-7.710430920E-2
4.358842858E1,-1.621899216E-1,1.015001793E0,-1.821708807E-1
4.360842858E1,-1.265754081E-2,1.110281003E0,-1.576871270E-1
4.362842858E1,-9.501213804E-2,1.139474396E0,-9.133818626E-2
4.364842858E1,-2.715840905E-1,1.220452486E0,-9.167118520E-2
4.366842858E1,-2.374171284E-1,1.424273559E0,-1.952587035E-1
4.368842858E1,-1.415144594E-1,1.578673382E0,8.951210082E-3
4.370842858E1,-1.388633318E-1,1.540712673E0,3.382152325E-1
4.372842858E1,-8.683414914E-2,1.453031335E0,6.188242811E-1
4.374842858E1,5.950521335E-2,1.544816834E0,3.811256093E-1
4.376842858E1,2.672246258E-1,1.682396556E0,3.443092006E-1
4.378842858E1,1.494082005E-1,1.757088888E0,5.575109625E-1
4.380842858E1,-1.893148626E-1,1.280738449E0,4.535264182E-1
4.382842858E1,-3.135776239E-1,1.074211868E0,3.761490440E-1
4.384842858E1,6.149304740E-2,1.563234978E0,2.435298076E-1
4.386842858E1,4.145347723E-1,1.949251783E0,4.973051065E-1
4.388842858E1,5.220217987E-1,1.764883811E0,8.863864374E-1
4.390842858E1,3.965620393E-1,1.384793744E0,9.793758774E-1
4.392842858E1,2.356367974E-1,1.398368640E0,6.125198132E-1
4.394842858E1,2.410978045E-1,1.746148748E0,4.761112887E-1
4.396842858E1,2.230180675E-1,1.695451049E0,3.564331099E-1
4.398842858E1,7.152679637E-2,1.450990657E0,2.641023588E-1
4.400842858E1,-5.317180172E-2,1.530664818E0,4.846797985E-1
4.402842858E1,1.954490304E-2,1.755537622E0,5.882825196E-1
4.404842858E1,1.534002408E-1,1.641707536E0,5.855343282E-1
4.406842858E1,2.740275688E-1,1.516790544E0,6.119891784E-1
4.408842858E1,3.500204685E-1,1.653504294E0,7.603005874E-1
4.410842858E1,2.885451090E-1,1.806354604E0,8.788607785E-1
4.412842858E1,3.096647403E-1,1.985281742E0,9.016985410E-1
4.414842858E1,4.251750237E-1,2.181196210E0,8.021567112E-1
4.416842858E1,3.704554640E-1,2.394962813E0,6.448560852E-1
4.418842858E1,2.945375548E-1,2.396267912E0,6.663258916E-1
4.420842858E1,1.837009509E-1,2.744671918E0,9.454278204E-1
4.422842858E1,5.731937796E-2,2.648495745E0,6.992202803E-1
4.424842858E1,1.121298619E-1,2.598471646E0,6.214736545E-1
4.426842858E1,2.722413906E-1,3.082854406E0,9.075036567E-1
4.428842858E1,4.245217435E-1,3.085548218E0,6.524030864E-1
4.430842858E1,4.215469725E-1,3.045963153E0,8.573681679E-1
4.432842858E1,1.877991182E-1,2.450897863E0,5.252425182E-1
4.434842858E1,1.479972674E-1,2.309861852E0,7.511894560E-1
4.436842858E1,2.887710308E-1,2.280935091E0,9.462546167E-1
4.438842858E1,4.975739323E-1,2.008058985E0,8.677808896E-1
4.440842858E1,5.563277784E-1,1.647564692E0,6.360840923E-1
4.442842858E1,4.573880656E-1,1.807788926E0,5.029786599E-1
4.444842858E1,2.298932236E-1,1.969149274E0,3.454225105E-1
4.446842858E1,6.045904040E-2,1.386488267E0,6.577298999E-2
4.448842858E1,-2.970999509E-2,9.107757586E-1,1.658498400E-1
4.450842858E1,-1.591135553E-1,9.603993237E-1,1.132664144E-1
4.452842858E1,-6.781907693E-2,1.022101482E0,-1.610627246E-1
4.454842858E1,1.263602306E-1,6.674228293E-1,2.692058086E-3
4.456842858E1,1.464862007E-1,2.071785450E-2,1.231511325E-1
4.458842858E1,9.105357304E-2,-6.571685672E-1,2.381570935E-3
4.460842858E1,7.971070558E-2,-1.135945601E0,-8.959805489E-2
4.462842858E1,-3.878750503E-2,-1.400755473E0,-7.077352881E-2
4.464842858E1,-3.940646204E-1,-1.554101043E0,-2.868567985E-1
4.466842858E1,-9.423279190E-1,-1.749227307E0,-8.434778148E-1
4.468842858E1,-1.608678369E0,-1.937117057E0,-1.496240505E0
4.470842858E1,-2.282179233E0,-2.063119876E0,-1.943813288E0
4.472842858E1,-2.763301147E0,-2.161040273E0,-2.254838383E0
4.474842858E1,-3.017787467E0,-2.135576819E0,-2.146652030E0
4.476842858E1,-2.864598895E0,-2.183691217E0,-1.769047029E0
4.478842858E1,-2.258468773E0,-2.366531897E0,-1.494645969E0
4.480842858E1,-1.755106828E0,-2.339779131E0,-1.199868532E0
4.482842858E1,-1.248443399E0,-1.930082272E0,-1.333834675E0
4.484842858E1,-7.229892120E-1,-1.397062957E0,-1.112119367E0
4.486842858E1,-3.760908642E-1,-1.271973472E0,-3.975445908E-1
4.488842858E1,-4.782503463E-1,-1.670584595E0,1.485549456E-1
4.490842858E1,-3.754484014E-1,-1.627695853E0,7.074207079E-1
4.492842858E1,2.540242441E-1,-7.793420452E-1,9.627218378E-1
4.494842858E1,1.180624030E0,3.034003258E-2,5.292332429E-1
4.496842858E1,1.923950150E0,3.593055546E-2,-2.865849030E-1
4.498842858E1,2.100057907E0,2.372800112E-3,-7.371561384E-1
4.500842858E1,1.797546504E0,2.588193995E-1,-7.610519546E-1
4.502842858E1,1.112179009E0,-2.255914271E-2,-9.456479681E-1
4.504842858E1,4.045551100E-1,-4.676766801E-1,-1.044940122E0
4.506842858E1,2.649885044E-2,-5.588283402E-1,-8.840691859E-1
4.508842858E1,1.015895247E-1,-4.424289876E-1,-8.366810113E-1
4.510842858E1,5.707477431E-1,-2.660728705E-1,-5.540242678E-1
4.512842858E1,9.395328037E-1,-2.737303841E-1,-2.664728200E-1
4.514842858E1,1.093229060E0,-3.975510228E-1,-2.991084695E-1
4.516842858E1,1.090330449E0,-3.648791206E-1,-1.877324599E-1
4.518842858E1,1.149581162E0,-1.596827817E-1,-6.282248497E-2
4.520842858E1,1.210569960E0,-2.052647513E-1,-1.544752514E-1
4.522842858E1,1.263884873E0,-6.191517252E-1,-2.296470559E-1
4.524842858E1,1.311528863E0,-7.501732099E-1,-1.538074994E-1
4.526842858E1,1.297120593E0,-5.477203846E-1,-3.004825652E-2
4.528842858E1,1.288562754E0,-3.454675341E-1,-4.473880112E-2
4.530842858E1,1.400488694E0,-4.882027459E-1,-1.090681136E-1
4.532842858E1,1.460055888E0,-6.753446370E-1,-1.195334601E-1
4.534842858E1,1.329419589E0,-5.774821275E-1,-2.701764464E-1
4.536842858E1,1.005415283E0,-1.480017990E-1,-1.924979407E-1
4.538842858E1,6.531797428E-1,4.386464238E-2,-3.070232606E-1
4.540842858E1,6.042750929E-1,8.233464360E-3,-1.605107474E-1
4.542842858E1,6.487930155E-1,7.571793437E-2,3.628255785E-2
4.544842858E1,6.127583796E-1,-1.012883931E-1,-6.746049643E-2
4.546842858E1,4.412276772E-1,-3.083295286E-1,-2.299312305E-1
4.548842858E1,3.034051497E-1,-2.881127805E-1,-5.074254674E-1
4.550842858E1,1.942469890E-1,-3.028156042E-2,-7.512298018E-1
4.552842858E1,1.263583302E-2,3.193339884E-1,-7.412415880E-1
4.554842858E1,-1.484273301E-1,3.427497482E-1,-6.280318916E-1
4.556842858E1,-1.144820505E-1,-1.255777270E-1,-4.043677068E-1
4.558842858E1,7.934218481E-2,-2.841939765E-1,2.936261201E-1
4.560842858E1,1.687284243E-1,-2.686169940E-1,7.433693898E-1
4.562842858E1,2.056328335E-1,-4.274764878E-1,8.636226422E-1
4.564842858E1,2.917534031E-1,-5.326222891E-1,8.999940777E-1
4.566842858E1,2.558533993E-1,-3.772389650E-1,6.585116726E-1
4.568842858E1,8.756424710E-2,-2.137245029E-1,4.294873452E-1
4.570842858E1,-1.715888822E-1,-1.057486492E-1,2.140139401E-1
4.572842858E1,-4.333462152E-1,-1.654229933E-1,-1.069028896E-1
4.574842858E1,-6.412074226E-1,-2.162686265E-1,-2.629878795E-1
4.576842858E1,-7.698642933E-1,-4.674498081E-2,2.054863608E-1
4.578842858E1,-9.108162506E-1,-6.935090125E-2,5.098584938E-1
4.580842858E1,-9.105719832E-1,-3.725664550E-1,4.953872198E-1
4.582842858E1,-7.607669029E-1,-5.819523239E-1,4.334763157E-1
4.584842858E1,-7.876747660E-1,-3.768366766E-1,4.526212692E-1
4.586842858E1,-8.670451637E-1,7.773346961E-2,5.991513240E-1
4.588842858E1,-8.725718057E-1,9.052717745E-2,6.441450638E-1
4.590842858E1,-7.358582027E-1,-1.973593158E-1,8.128916144E-1
4.592842858E1,-6.740946485E-1,-3.131961662E-1,6.663393402E-1
4.594842858E1,-6.042240760E-1,-1.098142183E-1,4.900212300E-1
4.596842858E1,-4.398073885E-1,-9.530844569E-2,7.717172760E-1
4.598842858E1,-3.177781905E-1,-2.308445656E-1,6.869039977E-1
4.600842858E1,-2.790060344E-1,3.596622348E-2,6.092903960E-1
4.602842858E1,-1.518146221E-1,3.416890633E-1,4.977179199E-1
4.604842858E1,3.794433653E-2,3.675565606E-1,1.854690027E-1
4.606842858E1,1.658020391E-1,2.632931042E-1,-2.644350654E-1
4.608842858E1,1.526377639E-1,3.361020488E-1,-5.349909961E-1
4.610842858E1,5.971147388E-2,4.031631804E-1,-7.055039907E-1
4.612842858E1,-6.184921592E-2,2.219953895E-2,-1.009365077E0
4.614842858E1,-4.852618888E-2,-3.447723001E-1,-1.330207647E0
4.616842858E1,-4.094527379E-2,-5.939601660E-3,-1.298246766E0
4.618842858E1,7.230623022E-2,5.782539600E-1,-9.515875697E-1
4.620842858E1,2.007049464E-1,5.516415274E-1,-7.040345854E-1
4.622842858E1,3.596164803E-1,1.639489102E-1,-6.111334383E-1
4.624842858E1,5.218653126E-1,-7.700958431E-2,-2.227040720E-1
4.626842858E1,5.806168199E-1,-1.648236537E-1,1.461453080E-2
4.628842858E1,6.569196220E-1,-1.660919148E-1,-9.136215985E-2
4.630842858E1,6.850606629E-1,-2.179438537E-1,-1.079846245E-1
4.632842858E1,5.321660601E-1,-2.761324203E-1,1.103305274E-1
4.634842858E1,3.129231012E-1,-1.988907015E-1,5.167710721E-1
4.636842858E1,1.805968103E-1,-2.444334948E-1,8.154994726E-1
4.638842858E1,1.772274984E-1,-5.545405769E-1,5.211787033E-1
4.640842858E1,2.281108461E-1,-8.745668757E-1,9.128906965E-2
4.642842858E1,1.878393178E-1,-8.786868238E-1,5.351137877E-2
4.644842858E1,9.893313468E-2,-9.886209100E-1,-8.622421145E-2
4.646842858E1,2.039888889E-2,-1.321208782E0,-2.122539282E-1
4.648842858E1,-1.081538283E-1,-1.535215706E0,-3.505300534E-1
4.650842858E1,-1.635591202E-1,-1.566959070E0,-3.711906052E-1
4.652842858E1,-1.427117499E-1,-1.401034970E0,-4.531334853E-1
4.654842858E1,-4.629796118E-2,-9.458128595E-1,-3.434432280E-1
4.656842858E1,1.563801281E-1,-1.040595641E0,-6.849557054E-1
4.658842858E1,2.783684687E-1,-1.687739741E0,-1.052981797E0
4.660842858E1,2.090322220E-1,-1.920850688E0,-1.419802778E0
4.662842858E1,6.031344473E-2,-1.351791474E0,-1.693898029E0
4.664842858E1,-8.445396692E-2,-9.447837496E-1,-1.558389975E0
4.666842858E1,-2.241969210E-1,-1.139011297E0,-1.404548562E0
4.668842858E1,-1.572681740E-1,-1.589243394E0,-1.908731164E0
4.670842858E1,4.206114637E-2,-1.772641897E0,-2.298375582E0
4.672842858E1,-2.342815773E-2,-1.567011695E0,-2.025876621E0
4.674842858E1,-1.856715357E-1,-1.172274352E0,-1.656270611E0
4.676842858E1,-1.982772921E-1,-1.022622469E0,-1.609478853E0
4.678842858E1,-2.919297332E-1,-1.109631377E0,-1.373215088E0
4.680842858E1,-1.389641597E-1,-1.172394220E0,-1.007875206E0
4.682842858E1,-4.847623173E-2,-9.519255388E-1,-7.046923971E-1
4.684842858E1,-3.402746949E-2,-3.883814192E-1,-5.399704850E-1
4.686842858E1,1.396972910E-2,4.350503862E-2,-4.832934237E-1
4.688842858E1,1.252070866E-1,8.059217334E-3,-2.485861874E-1
4.690842858E1,1.462084579E-1,-2.261322945E-1,2.238928109E-1
4.692842858E1,1.873482978E-1,-1.690874434E-1,-9.455415487E-2
4.694842858E1,3.448290181E-1,5.942367393E-1,-6.669796103E-1
4.696842858E1,5.074956340E-1,1.611097362E0,-5.053011739E-1
4.698842858E1,2.210026784E-1,2.059402801E0,-2.155330467E-1
4.700842858E1,-2.400033519E-1,1.652247727E0,-2.082836688E-1
4.702842858E1,-5.015190487E-1,1.055435289E0,-2.999025214E-1
4.704842858E1,-4.246051394E-1,8.388421422E-1,-1.846439606E-1
4.706842858E1,-1.276045181E-1,9.326039994E-1,6.508676076E-1
4.708842858E1,1.063952051E-2,1.205701130E0,6.112363493E-1
4.710842858E1,1.209283134E-1,1.221134271E0,1.945883203E-1
4.712842858E1,1.303793143E-1,1.402681546E0,2.449696845E-1
4.714842858E1,-5.356700040E-2,1.412065158E0,7.779416370E-1
4.716842858E1,-2.255167289E-1,8.839580888E-1,8.312366688E-1
4.718842858E1,-2.657207219E-1,4.897972816E-1,9.453421587E-1
4.720842858E1,-2.001257797E-1,4.279577136E-1,8.312442702E-1
4.722842858E1,-1.284450553E-1,6.689641553E-1,8.136733872E-1
4.724842858E1,-6.283914953E-2,9.450562298E-1,9.437715966E-1
4.726842858E1,-8.710012436E-2,9.931016314E-1,1.186011801E0
4.728842858E1,-1.711416433E-1,9.202956104E-1,1.188202752E0
4.730842858E1,-1.989466886E-1,1.078125409E0,9.542474681E-1
4.732842858E1,-1.452771427E-1,1.360153577E0,8.419306415E-1
4.734842858E1,-2.030747132E-1,1.496796575E0,9.424629897E-1
4.736842858E1,-2.231340616E-1,1.469701747E0,7.691544414E-1
4.738842858E1,-2.034032537E-1,1.620583885E0,9.035310584E-1
4.740842858E1,-1.910660306E-1,1.798408238E0,9.343932474E-1
4.742842858E1,-1.388302220E-1,2.029333495E0,1.037928725E0
4.744842858E1,-1.836808511E-1,2.233276191E0,1.251481905E0
4.746842858E1,-2.315106366E-1,2.371028405E0,1.410367126E0
4.748842858E1,-3.114248984E-1,2.385071079E0,1.323296823E0
4.750842858E1,-3.922835951E-1,2.510566360E0,1.320859119E0
4.752842858E1,-4.229962049E-1,2.700761082E0,1.464438668E0
4.754842858E1,-4.869182223E-1,2.795823360E0,1.709715332E0
4.756842858E1,-5.339077263E-1,2.633291815E0,1.407875628E0
4.758842858E1,-4.306497717E-1,2.389927776E0,1.387755944E0
4.760842858E1,-2.961168147E-1,2.186974429E0,1.613321643E0
4.762842858E1,-2.627419310E-1,1.862538160E0,1.152848732E0
4.764842858E1,-2.302247608E-1,1.714060398E0,1.085682936E0
4.766842858E1,-1.837104526E-1,1.703500911E0,9.427185130E-1
4.768842858E1,-5.029650651E-2,1.518204401E0,7.912452221E-1
4.770842858E1,3.228328161E-2,1.336273549E0,1.002591662E0
4.772842858E1,5.214923333E-2,1.128362932E0,8.537110269E-1
4.774842858E1,3.322570659E-3,9.070434809E-1,7.260616314E-1
4.776842858E1,-1.479109844E-1,8.648926574E-1,4.903878504E-1
4.778842858E1,-3.311250450E-1,1.014639266E0,3.745036376E-1
4.780842858E1,-3.653022763E-1,1.060407761E0,3.928106850E-1
4.782842858E1,-1.785782418E-1,7.731340563E-1,3.675559759E-2
4.784842858E1,7.461679403E-2,4.970308721E-1,-5.825464010E-2
4.786842858E1,2.938452993E-1,6.406794190E-1,-1.249199152E-2
4.788842858E1,3.667303491E-1,9.780549914E-1,-3.800432897E-1
4.790842858E1,2.336049813E-1,8.877482539E-1,-4.006488776E-1
4.792842858E1,3.608656649E-2,3.468772978E-1,-4.562570679E-1
4.794842858E1,6.434126269E-2,-1.642605668E-1,-6.588478875E-1
4.796842858E1,4.815330097E-2,-1.612667924E-1,-3.394536728E-1
4.798842858E1,-3.692476485E-2,2.935927910E-1,-2.675662494E-1
4.800842858E1,-6.786527907E-2,4.772748846E-1,-2.052138805E-1
4.802842858E1,3.899367877E-2,9.441674531E-2,-6.277763683E-1
4.804842858E1,3.427984263E-1,-4.503297454E-1,-1.005459137E0
4.806842858E1,3.628185252E-1,-5.059478760E-1,-5.113378394E-1
4.808842858E1,2.359049105E-1,-2.791367197E-1,-4.589654982E-1
4.810842858E1,1.018572359E-1,-2.457771850E-1,-8.691301346E-1
4.812842858E1,-6.637360867E-2,-4.426155138E-1,-1.392110950E0
4.814842858E1,-1.544512596E-1,-7.136631954E-1,-1.603208883E0
4.816842858E1,-2.262282254E-1,-8.543466192E-1,-1.424854188E0
4.818842858E1,-1.067171857E-1,-1.154413447E0,-1.368194084E0
4.820842858E1,-4.986750361E-2,-1.373361268E0,-1.374280450E0
4.822842858E1,-6.621028863E-2,-1.543093659E0,-1.020498176E0
4.824842858E1,-9.403408159E-2,-1.649612387E0,-8.748598212E-1
4.826842858E1,-3.139501646E-2,-1.686977264E0,-6.864666259E-1
4.828842858E1,-1.677500390E-2,-1.581039165E0,-6.887891400E-1
4.830842858E1,6.023889273E-2,-1.497369018E0,-9.415502393E-1
4.832842858E1,1.636265094E-1,-1.330282491E0,-9.194764155E-1
4.834842858E1,2.543081995E-1,-1.067356592E0,-8.579134208E-1
4.836842858E1,2.662092568E-1,-1.021936591E0,-1.078330647E0
4.838842858E1,1.826753493E-1,-1.064378605E0,-1.291828278E0
4.840842858E1,9.510839783E-2,-7.932122254E-1,-9.845494938E-1
4.842842858E1,1.011805120E-1,-2.341920966E-1,-6.043202627E-1
4.844842858E1,2.362555790E-1,-5.793128908E-2,-6.906479698E-1
4.846842858E1,3.430185740E-1,-6.346901160E-1,-6.405162817E-1
4.848842858E1,2.746068817E-1,-1.232613525E0,-6.058019471E-1
4.850842858E1,1.214640646E-1,-1.428750772E0,-6.084565830E-1
4.852842858E1,-5.904109061E-2,-1.256139212E0,-4.144032830E-1
4.854842858E1,-1.602080078E-1,-8.693002886E-1,2.340465009E-2
4.856842858E1,-6.800764963E-2,-4.962105078E-1,1.924143255E-1
4.858842858E1,1.036073989E-1,-3.798427302E-1,3.029565221E-1
4.860842858E1,2.697931615E-1,-3.901174575E-1,3.422416252E-1
4.862842858E1,2.713885742E-1,-3.793498099E-1,1.407226002E-1
4.864842858E1,1.002698082E-1,-2.771878427E-1,1.548243302E-1
4.866842858E1,-1.494251575E-1,-3.159361714E-1,-3.500728011E-3
4.868842858E1,-3.573771429E-1,-3.712882537E-1,-3.090791416E-1
4.870842858E1,-4.673327176E-1,-2.428009522E-1,-1.753223294E-1
4.872842858E1,-4.587694703E-1,-3.042306304E-2,-1.404600602E-1
4.874842858E1,-3.616172513E-1,4.887395203E-2,-1.100902069E-1
4.876842858E1,-2.384966706E-1,6.212608159E-2,-1.315623522E-1
4.878842858E1,-1.928731857E-1,1.259110183E-1,-2.393370616E-1
4.880842858E1,-2.177393474E-1,1.476328397E-1,-2.970391399E-1
4.882842858E1,-3.270796488E-1,1.312506956E-1,-1.821770203E-1
4.884842858E1,-4.083902988E-1,9.483189762E-2,-1.520357931E-1
4.886842858E1,-2.867294754E-1,4.559834182E-2,-1.026326680E-1
4.888842858E1,-7.196446046E-2,3.308296144E-2,2.978571653E-2
4.890842858E1,1.119747645E-1,-1.529865503E-2,4.377810359E-2
4.892842858E1,2.274544962E-1,-4.620996058E-2,6.203661919E-2
4.894842858E1,2.784974729E-1,5.055619597E-2,1.663959700E-1
4.896842858E1,3.074919149E-1,2.507438099E-1,8.851164222E-2
4.898842858E1,2.918813109E-1,2.982612079E-1,-9.244272530E-2
4.900842858E1,1.433879073E-1,1.898345339E-1,-7.014553785E-2
4.902842858E1,-1.104553655E-2,1.777705586E-1,-8.708784521E-2
4.904842858E1,1.063111514E-2,2.688655007E-1,2.021557868E-2
4.906842858E1,1.469500311E-1,2.375624317E-1,1.511505246E-3
4.908842858E1,1.721437830E-1,6.501168251E-2,-6.498595476E-3
4.910842858E1,4.457200930E-2,1.960980713E-2,-8.065649271E-3
4.912842858E1,-1.230597697E-1,8.376604199E-2,-8.891276121E-2
4.914842858E1,-1.981064437E-1,2.554999352E-2,-1.548582441E-1
4.916842858E1,-2.317089303E-1,-9.748536408E-2,-2.176976860E-1
4.918842858E1,-2.336171691E-1,-1.383381057E-1,-1.876149309E-1
4.920842858E1,-8.932835206E-2,-5.941589713E-2,-2.943079054E-2
4.922842858E1,6.397497118E-2,1.386667192E-2,6.115018129E-3
4.924842858E1,2.086413722E-1,4.440083206E-2,-1.195147491E-1
4.926842858E1,2.233993059E-1,2.155435717E-1,2.105868870E-1
4.928842858E1,1.060516812E-1,1.141797495E-1,1.048674738E-1
4.930842858E1,1.104245214E-1,-7.639387250E-3,6.253772557E-2
4.932842858E1,1.825296074E-1,3.250876486E-2,2.844085693E-3
4.934842858E1,1.797113957E-1,3.882609665E-2,5.849437594E-2
4.936842858E1,1.366498683E-1,-4.503525496E-3,8.766087234E-2
4.938842858E1,1.681907728E-1,2.639550090E-2,2.267023981E-2
4.940842858E1,1.980976729E-1,1.312267220E-1,1.457769334E-1
4.942842858E1,2.063964799E-1,1.176968497E-1,1.603651518E-1
4.944842858E1,2.269381870E-1,-1.529865503E-2,2.593129045E-1
4.946842858E1,2.520218651E-1,-8.924195945E-2,2.075866807E-1
4.948842858E1,2.815842180E-1,-9.440505087E-2,3.137007809E-1
4.950842858E1,2.773310995E-1,-2.110423851E-1,3.079950678E-1
4.952842858E1,2.533105914E-1,-4.000951463E-1,2.102816623E-1
4.954842858E1,2.224228209E-1,-4.111083770E-1,1.496460360E-1
4.956842858E1,2.290838228E-1,-2.918082207E-1,2.095349729E-2
4.958842858E1,2.438983284E-1,-2.808674955E-1,-7.512151837E-2
4.960842858E1,2.504564193E-1,-4.062440783E-1,-2.370695114E-2
4.962842858E1,2.256550156E-1,-5.956073266E-1,1.688032687E-2
4.964842858E1,2.014653768E-1,-7.474595171E-1,1.281393921E-1
4.966842858E1,2.325946373E-1,-9.276473147E-1,1.699808979E-1
4.968842858E1,3.495901135E-1,-1.304569361E0,-3.058444619E-2
4.970842858E1,4.231853624E-1,-1.512955356E0,-1.614369464E-1
4.972842858E1,4.090830477E-1,-1.373189360E0,-1.241790730E-1
4.974842858E1,3.611357331E-1,-1.297877222E0,-4.671159321E-1
4.976842858E1,3.222998424E-1,-1.686231160E0,-7.370567358E-1
4.978842858E1,2.319967595E-1,-2.064473507E0,-1.241088479E0
4.980842858E1,1.231724748E-1,-2.090277854E0,-1.757882940E0
4.982842858E1,2.508820966E-2,-1.836213995E0,-1.694586246E0
4.984842858E1,-1.266000395E-1,-1.853498949E0,-1.726938890E0
4.986842858E1,-1.722907674E-1,-2.124869397E0,-2.085025300E0
4.988842858E1,-9.057658643E-2,-2.241357628E0,-2.347706786E0
4.990842858E1,-1.141334834E-1,-2.179587641E0,-2.532655971E0
4.992842858E1,-2.818032693E-1,-2.035984703E0,-2.245481084E0
4.994842858E1,-5.508353791E-1,-1.673119948E0,-1.934178246E0
4.996842858E1,-6.526915734E-1,-1.138823601E0,-1.925125002E0
4.998842858E1,-6.308561698E-1,-7.747993433E-1,-1.668012405E0
5.000842858E1,-4.922079059E-1,-9.526476699E-1,-1.679541945E0
5.002842858E1,-2.349797531E-1,-1.185452222E0,-2.042810742E0
5.004842858E1,-1.558849603E-1,-8.103796506E-1,-1.698016223E0
5.006842858E1,-2.947365794E-1,2.872678578E-2,-9.322367942E-1
5.008842858E1,-4.074446944E-1,5.213166976E-1,-6.033215582E-1
5.010842858E1,-3.141668770E-1,4.058271718E-1,-8.424013424E-1
5.012842858E1,-2.743722622E-1,5.956967890E-2,-9.581820595E-1
5.014842858E1,-4.011429673E-1,4.148541033E-2,-8.370862234E-1
5.016842858E1,-4.404951672E-1,3.167927885E-1,-5.251144642E-1
5.018842858E1,-2.285983029E-1,7.177311033E-1,-1.851930141E-1
5.020842858E1,6.779824622E-2,1.109358897E0,2.146284825E-1
5.022842858E1,2.581620263E-1,1.382539642E0,4.046302468E-1
5.024842858E1,3.322982157E-1,1.312258449E0,6.413302141E-1
5.026842858E1,2.571131271E-1,1.042407693E0,6.698944473E-1
5.028842858E1,8.267941006E-2,9.599438256E-1,6.267747402E-1
5.030842858E1,-1.150722721E-1,1.240304952E0,3.986941534E-1
5.032842858E1,-2.180804593E-1,1.556715918E0,4.227887750E-1
5.034842858E1,-2.144887706E-1,1.521340263E0,3.109449881E-1
5.036842858E1,-2.308891872E-1,1.326851930E0,6.379464304E-1
5.038842858E1,-4.201587705E-1,1.182313437E0,6.824934429E-1
5.040842858E1,-5.505145131E-1,1.092948101E0,3.723816830E-1
5.042842858E1,-4.040078837E-1,1.334909393E0,4.774555635E-1
5.044842858E1,9.315261383E-2,1.424544870E0,8.117555004E-1
5.046842858E1,3.540123627E-1,1.198979756E0,8.494753039E-1
5.048842858E1,1.839780906E-1,1.118884011E0,8.528555793E-1
5.050842858E1,-6.594106089E-3,1.313058348E0,7.164090478E-1
5.052842858E1,1.207515813E-2,1.586884042E0,7.006560642E-1
5.054842858E1,2.871982394E-2,1.598932230E0,8.298450315E-1
5.056842858E1,3.517043570E-2,1.457063575E0,8.509640050E-1
5.058842858E1,2.897869114E-2,1.731625434E0,1.039467713E0
5.060842858E1,1.271680783E-2,2.124289938E0,1.164741384E0
5.062842858E1,8.157605873E-3,2.243268498E0,1.361739342E0
5.064842858E1,5.941718991E-2,2.166574078E0,1.318099233E0
5.066842858E1,4.995189994E-2,2.318986432E0,1.312187698E0
5.068842858E1,4.306247748E-2,2.712513401E0,1.456941953E0
5.070842858E1,9.167425498E-2,2.876383374E0,1.724249171E0
5.072842858E1,2.101787879E-1,2.680413356E0,1.838728883E0
5.074842858E1,3.082588138E-1,2.494143870E0,1.867020051E0
5.076842858E1,3.054628946E-1,2.497016607E0,1.701332763E0
5.078842858E1,2.025804042E-1,2.525200186E0,1.764623026E0
5.080842858E1,1.127325179E-1,2.229297745E0,1.554551278E0
5.082842858E1,1.700160177E-1,1.947463705E0,1.314385082E0
5.084842858E1,2.031903419E-1,2.070234184E0,1.468588437E0
5.086842858E1,1.352313795E-1,1.958051843E0,7.734258324E-1
5.088842858E1,8.616560225E-2,1.664181894E0,7.718669647E-1
5.090842858E1,5.349517101E-3,1.592027253E0,7.658431631E-1
5.092842858E1,-1.368627070E-1,1.294934903E0,4.212790239E-1
5.094842858E1,-2.097103528E-1,9.632416552E-1,3.174511850E-1
5.096842858E1,-3.190817542E-1,8.764783305E-1,2.486271179E-1
5.098842858E1,-3.783099922E-1,9.710862797E-1,1.956595302E-1
5.100842858E1,-3.211711836E-1,1.020903388E0,6.234301329E-3
5.102842858E1,-2.063824283E-1,9.742478693E-1,-6.648751974E-2
5.104842858E1,-1.475622163E-1,9.331132919E-1,1.735073537E-1
5.106842858E1,-4.855231863E-2,8.344070292E-1,3.250876486E-1
5.108842858E1,4.930701144E-3,6.359893674E-1,2.555244935E-1
5.110842858E1,-7.819152586E-3,4.999737757E-1,4.425640583E-2
5.112842858E1,-1.080169304E-1,5.146964800E-1,1.696294802E-1
5.114842858E1,-8.380587615E-2,5.686592638E-1,1.444946390E-1
5.116842858E1,-3.887594417E-3,4.474061376E-1,-1.416189784E-1
5.118842858E1,6.291779459E-2,2.403878063E-1,-2.314713871E-1
5.120842858E1,8.334160723E-2,6.991340339E-2,-2.500667024E-1
5.122842858E1,-1.796787243E-2,-1.215905106E-1,-1.909981298E-1
5.124842858E1,-1.196713448E-1,-2.872807217E-1,-2.574575830E-1
5.126842858E1,-6.385276437E-2,-4.903188533E-1,-5.265113640E-1
5.128842858E1,7.156502254E-2,-6.146289039E-1,-6.889826828E-1
5.130842858E1,1.839095503E-2,-5.444991535E-1,-3.381222618E-1
5.132842858E1,-1.121513504E-1,-4.154195291E-1,-4.629796118E-1
5.134842858E1,-1.757127041E-1,-2.931203359E-1,-1.011101115E0
5.136842858E1,-6.839108080E-2,-1.731278694E-1,-1.452697459E0
5.138842858E1,1.004288524E-1,-1.843317193E-1,-1.457466449E0
5.140842858E1,-4.616493702E-2,-3.712870842E-1,-1.079924598E0
5.142842858E1,-2.833984628E-1,-4.998942536E-1,-9.610623980E-1
5.144842858E1,-3.829928445E-1,-5.357961577E-1,-8.918249327E-1
5.146842858E1,-3.700232086E-1,-6.883248711E-1,-1.395669565E0
5.148842858E1,-2.674135640E-1,-9.866948372E-1,-1.907439514E0
5.150842858E1,-1.612366793E-1,-1.205466072E0,-1.880349364E0
5.152842858E1,-3.120119588E-1,-1.241066844E0,-1.710807007E0
5.154842858E1,-4.868931158E-1,-1.255278502E0,-1.865181686E0
5.156842858E1,-5.243106182E-1,-1.345602196E0,-1.682230495E0
5.158842858E1,-6.094998725E-1,-1.189580356E0,-9.788654155E-1
5.160842858E1,-5.024005164E-1,-1.049843012E0,-6.655259925E-1
5.162842858E1,-2.785154530E-1,-9.758991230E-1,-5.742842853E-1
5.164842858E1,6.616943121E-2,-9.135268736E-1,-5.642165494E-1
5.166842858E1,3.713438022E-1,-8.605130929E-1,-7.220188665E-1
5.168842858E1,4.138654853E-1,-8.942521119E-1,-6.307449996E-1
5.170842858E1,2.621360864E-1,-9.251634175E-1,-2.891939306E-1
5.172842858E1,9.229011297E-2,-9.988248861E-1,-9.987746000E-2
5.174842858E1,1.077614070E-1,-9.869421744E-1,-1.838329518E-1
5.176842858E1,1.567569812E-1,-8.677583778E-1,-5.970901805E-1
5.178842858E1,1.104340231E-1,-7.550930572E-1,-8.318728459E-1
5.180842858E1,3.056924343E-3,-7.196583456E-1,-9.926081264E-1
5.182842858E1,-2.164954984E-1,-7.000608176E-1,-1.113996908E0
5.184842858E1,-3.618553792E-1,-3.566719687E-1,-5.128019822E-1
5.186842858E1,-3.436044650E-1,8.610434353E-2,1.448764622E-2
5.188842858E1,-1.324812421E-1,-2.533306181E-2,-1.295649433E-1
5.190842858E1,7.985250056E-2,-3.335380447E-1,-1.708509636E-1
5.192842858E1,1.490586832E-2,-4.382400423E-1,1.027671540E-1
5.194842858E1,-2.076803823E-1,-5.819464767E-1,4.493094063E-1
5.196842858E1,-2.405668773E-1,-7.130387127E-1,1.983205980E-1
5.198842858E1,2.401539177E-2,-6.058522332E-1,3.268482453E-1
5.200842858E1,3.235624024E-1,-1.992935747E-1,6.031625140E-1
5.202842858E1,5.087361208E-1,2.439633787E-2,5.607105589E-1
5.204842858E1,5.559971184E-1,-2.741993308E-2,3.852952588E-1
5.206842858E1,3.756236717E-1,-4.076737225E-2,1.187218666E-1
5.208842858E1,6.719474047E-2,5.847449541E-2,-3.054059207E-2
5.210842858E1,-1.971391681E-1,1.580555016E-1,-7.735047698E-2
5.212842858E1,-2.461721644E-1,1.177120525E-1,-1.611223662E-1
5.214842858E1,-6.634192407E-2,7.025371134E-2,-3.178137124E-2
5.216842858E1,1.953753555E-1,8.128039062E-2,1.464458549E-1
5.218842858E1,3.773453844E-1,1.189475691E-1,1.137517333E-1
5.220842858E1,4.675959885E-1,1.817548513E-1,1.016111594E-1
5.222842858E1,4.351743472E-1,1.351057649E-1,9.154576242E-2
5.224842858E1,1.963006774E-1,1.249316096E-2,7.354627848E-3
5.226842858E1,-1.931773871E-2,-2.371045947E-2,-1.332282239E-1
5.228842858E1,-6.189423949E-2,-4.000840366E-2,-2.398779291E-1
5.230842858E1,-5.965914130E-3,-3.039908946E-2,-2.060102713E-1
5.232842858E1,3.766250074E-2,4.872426331E-2,-7.194706500E-2
5.234842858E1,6.310052007E-2,1.356296754E-1,6.867554784E-3
5.236842858E1,1.183438441E-1,6.024620175E-2,5.687352777E-2
5.238842858E1,1.685799050E-1,-5.787457108E-2,7.234467566E-2
5.240842858E1,1.126887095E-1,-9.452374935E-2,1.619444847E-2
5.242842858E1,8.612363935E-3,-7.782117784E-2,-3.559901834E-2
5.244842858E1,-1.956069052E-2,-2.366251230E-2,-1.359401625E-1
5.246842858E1,8.302432269E-2,2.277022719E-2,-1.128699732E-1
5.248842858E1,1.145361373E-1,8.295737207E-2,4.748757720E-2
5.250842858E1,1.727419531E-1,1.025701028E-1,-2.286448431E-1
5.252842858E1,2.665277839E-1,2.050729626E-1,-3.637260497E-2
5.254842858E1,1.491437602E-1,2.008752465E-1,-1.061766654E-1
5.256842858E1,-1.059024310E-1,-4.545800865E-2,-1.285446042E-1
5.258842858E1,-9.837092489E-2,-9.324087024E-2,-6.167993903E-2
5.260842858E1,3.949238688E-2,-6.038711965E-2,1.356746989E-1
5.262842858E1,1.568620849E-1,-5.593563437E-2,3.307658798E-1
5.264842858E1,1.968699038E-1,-3.452780843E-2,4.222917616E-1
5.266842858E1,2.167665169E-1,-5.845695376E-2,3.776155257E-1
5.268842858E1,1.680229577E-1,-1.151059484E-1,3.415744579E-1
5.270842858E1,6.616709232E-2,-1.503593963E-1,2.363947427E-1
5.272842858E1,1.102463275E-2,-1.254485035E-1,1.640869045E-1
5.274842858E1,1.435199082E-2,-2.238553888E-1,1.876505989E-1
5.276842858E1,5.693433881E-2,-4.114112628E-1,1.815507835E-1
5.278842858E1,1.172884217E-1,-5.341957748E-1,4.687829733E-2
5.280842858E1,9.789116085E-2,-5.665478343E-1,-1.148527640E-1
5.282842858E1,1.190127656E-2,-6.318483692E-1,-2.448936707E-1
5.284842858E1,-9.144285142E-2,-8.665047348E-1,-3.568491393E-1
5.286842858E1,-1.586948946E-1,-1.154283639E0,-5.527384651E-1
5.288842858E1,-1.995530449E-1,-1.286833001E0,-6.391731763E-1
5.290842858E1,-1.953092819E-1,-1.378205101E0,-8.779886663E-1
5.292842858E1,-1.528909484E-1,-1.692941424E0,-1.160544253E0
5.294842858E1,-1.722430395E-1,-2.026186523E0,-1.333456360E0
5.296842858E1,-2.098793739E-1,-2.000679215E0,-1.228017613E0
5.298842858E1,-1.798276091E-1,-1.623805701E0,-1.277447051E0
5.300842858E1,-1.223002164E-1,-1.596883366E0,-1.197638989E0
5.302842858E1,-1.605627877E-1,-1.987945733E0,-1.586910354E0
5.304842858E1,-1.340724157E-1,-2.313215815E0,-2.191658049E0
5.306842858E1,-1.616103163E-1,-2.108624663E0,-2.063255532E0
5.308842858E1,-3.017321151E-1,-1.536635410E0,-1.725780557E0
5.310842858E1,-3.237277324E-1,-1.342947561E0,-1.598567948E0
5.312842858E1,-3.088853795E-1,-1.659298884E0,-1.751139346E0
5.314842858E1,-2.126866952E-1,-1.888055409E0,-1.867073845E0
5.316842858E1,-7.702617578E-2,-1.471768738E0,-1.532665150E0
5.318842858E1,-4.331602737E-2,-7.585581172E-1,-1.135771354E0
5.320842858E1,-2.010391878E-1,-3.245894659E-1,-8.730664802E-1
5.322842858E1,-2.919216567E-1,-2.942231208E-1,-1.272607310E0
5.324842858E1,-1.800736307E-1,-4.498146057E-1,-1.464062693E0
5.326842858E1,-1.171072311E-1,-3.995963788E-1,-8.438397574E-1
5.328842858E1,-1.293069715E-1,-1.236294347E-1,-4.687432122E-1
5.330842858E1,-1.124088837E-1,9.904481649E-2,-4.317829621E-1
5.332842858E1,9.522848502E-3,3.863699770E-1,-3.665485007E-1
5.334842858E1,1.180539684E-1,7.629441136E-1,-1.396625000E-1
5.336842858E1,1.409038274E-1,1.030325006E0,6.138640881E-2
5.338842858E1,7.397140760E-2,1.115589105E0,5.313949585E-3
5.340842858E1,-7.684703171E-3,1.204216522E0,6.491754234E-2
5.342842858E1,-6.100878831E-2,1.346901448E0,2.185022628E-1
5.344842858E1,-8.884760130E-2,1.431884295E0,2.146442699E-1
5.346842858E1,-6.739224846E-2,1.345160147E0,3.335555863E-1
5.348842858E1,-1.074201124E-1,1.230906138E0,5.794929850E-1
5.350842858E1,-1.076884265E-1,1.211079984E0,5.956394863E-1
5.352842858E1,2.027543955E-2,1.199582604E0,4.956871819E-1
5.354842858E1,1.530505043E-1,1.307304688E0,6.500349641E-1
5.356842858E1,1.007087148E-1,1.523441752E0,5.941671574E-1
5.358842858E1,1.547614726E-1,1.575940393E0,1.056337515E0
5.360842858E1,1.772376397E-1,1.369183432E0,1.184799673E0
5.362842858E1,1.342498969E-1,1.164513343E0,8.320617110E-1
5.364842858E1,6.881485775E-2,1.502956032E0,6.418009150E-1
5.366842858E1,3.394491412E-3,1.926868642E0,8.147872818E-1
5.368842858E1,-2.740114890E-3,1.906809184E0,9.535545731E-1
5.370842858E1,7.710628264E-2,1.626249252E0,9.082608712E-1
5.372842858E1,1.497989773E-1,1.496413583E0,8.097756332E-1
5.374842858E1,1.437006237E-1,1.571246833E0,5.875402156E-1
5.376842858E1,-3.688752539E-3,1.717781566E0,6.818736380E-1
5.378842858E1,-9.199369568E-2,1.747136343E0,5.420637882E-1
5.380842858E1,1.280408666E-2,1.680314947E0,6.304391903E-1
5.382842858E1,1.390368479E-1,1.691405945E0,7.044962230E-1
5.384842858E1,1.756848568E-1,1.642998601E0,6.551422146E-1
5.386842858E1,1.547858848E-1,1.707924914E0,5.247279632E-1
5.388842858E1,1.271329767E-1,1.861883272E0,5.182594809E-1
5.390842858E1,9.430996053E-2,1.975015785E0,7.633019632E-1
5.392842858E1,8.361781508E-2,1.954019018E0,9.572725251E-1
5.394842858E1,1.573186062E-1,1.977117274E0,9.380556509E-1
5.396842858E1,6.512204871E-2,2.149811865E0,1.071011102E0
5.398842858E1,-1.228789080E-1,2.348400266E0,1.077380182E0
5.400842858E1,-1.830299829E-1,2.299733305E0,9.581718269E-1
5.402842858E1,3.434033208E-3,2.128909823E0,6.960160062E-1
5.404842858E1,2.834806893E-1,2.075577369E0,8.680136088E-1
5.406842858E1,3.257448026E-1,2.123330995E0,8.396882343E-1
5.408842858E1,3.646658069E-1,2.019446438E0,7.029876414E-1
5.410842858E1,3.990586177E-1,1.841729674E0,9.241419089E-1
5.412842858E1,3.264550931E-1,1.519376768E0,6.886400360E-1
5.414842858E1,2.319315265E-1,1.269831637E0,4.638145941E-1
5.416842858E1,2.112529945E-1,1.294786384E0,4.630550408E-1
5.418842858E1,1.671415996E-1,1.454228845E0,5.179598111E-1
5.420842858E1,6.449807771E-2,1.426713018E0,5.169318706E-1
5.422842858E1,4.258329816E-2,1.283667319E0,4.119924760E-1
5.424842858E1,5.881706916E-2,1.505238200E0,3.871991122E-1
5.426842858E1,7.659092367E-2,1.621383784E0,3.892222488E-1
5.428842858E1,-4.680330679E-3,1.364023265E0,2.400527608E-1
5.430842858E1,-1.190759155E-1,1.209886567E0,8.178383589E-2
5.432842858E1,-1.808930448E-1,1.173749605E0,-1.363979995E-2
5.434842858E1,-2.383064533E-1,8.925640208E-1,1.771881759E-2
5.436842858E1,-8.750709057E-2,4.780174810E-1,-4.619756448E-1
5.438842858E1,1.191355206E-1,1.666251808E-1,-6.438567960E-1
5.440842858E1,1.848799688E-1,3.803379893E-2,-3.382257575E-1
5.442842858E1,9.537634648E-2,-2.728480393E-1,-3.910571051E-1
5.444842858E1,4.297155328E-2,-6.820204031E-1,-5.934649068E-1
5.446842858E1,-4.985065632E-2,-6.772484905E-1,-4.095658815E-1
5.448842858E1,-9.965987049E-2,-2.818428111E-1,-8.808350909E-1
5.450842858E1,-5.839979723E-3,-5.493692994E-2,-1.085487639E0
5.452842858E1,1.185972478E-1,-3.925510687E-1,-9.315374672E-1
5.454842858E1,1.050214018E-1,-8.337515563E-1,-5.665589440E-1
5.456842858E1,-9.011874944E-2,-9.735596520E-1,-2.886092091E-1
5.458842858E1,-2.216849754E-1,-9.097548348E-1,-4.033274871E-1
5.460842858E1,-2.270130314E-1,-1.199055769E0,-6.138898158E-1
5.462842858E1,-4.558357760E-2,-1.734145584E0,-7.527331209E-1
5.464842858E1,1.357522476E-1,-2.073878168E0,-1.015655512E0
5.466842858E1,9.006027728E-2,-1.967330790E0,-1.111751577E0
5.468842858E1,-2.011889496E-1,-1.464961994E0,-7.397967410E-1
5.470842858E1,-6.800492337E-1,-1.073595572E0,-5.808992404E-1
5.472842858E1,-8.899545546E-1,-9.216802311E-1,-1.779214752E0
5.474842858E1,-7.908219568E-1,-9.409298497E-1,-2.062784831E0
5.476842858E1,-6.885529125E-1,-7.925590914E-1,-1.281024377E0
5.478842858E1,-5.697372711E-1,-4.457250631E-1,-1.077191024E0
5.480842858E1,-4.192101328E-1,-2.478044146E-1,-1.041982600E0
5.482842858E1,-1.783215125E-1,-3.599019706E-1,-7.759740490E-1
5.484842858E1,7.701367736E-2,-8.762076044E-1,-6.740225816E-1
5.486842858E1,2.606042621E-1,-1.383673418E0,-6.798844153E-1
5.488842858E1,2.396433096E-1,-1.592466964E0,-1.015050910E0
5.490842858E1,2.147185296E-2,-1.410309239E0,-1.179630150E0
5.492842858E1,-1.832260108E-1,-9.291710991E-1,-8.440607822E-1
5.494842858E1,-2.011063577E-1,-6.624871945E-1,-6.543595648E-1
5.496842858E1,-9.653943077E-2,-6.367810804E-1,-7.322567564E-1
5.498842858E1,2.526947334E-2,-5.065828836E-1,-6.860397792E-1
5.500842858E1,4.646972314E-2,-3.556685865E-1,-4.302007055E-1
5.502842858E1,3.342414647E-2,-3.403810412E-1,-3.380795771E-1
5.504842858E1,-2.748118266E-2,-3.667186546E-1,-2.139075208E-1
5.506842858E1,-6.007882521E-2,-2.845962650E-1,-1.480450684E-1
5.508842858E1,5.023079842E-2,-1.978621763E-1,-9.946640074E-2
5.510842858E1,2.063603733E-1,-2.035292977E-1,2.501930022E-1
5.512842858E1,3.281546594E-1,-2.949358964E-1,2.793624222E-2
5.514842858E1,3.757926562E-1,-2.973315006E-1,5.911067247E-2
5.516842858E1,3.438509251E-1,-2.460999513E-1,2.701249909E-1
5.518842858E1,3.802308391E-1,-1.886136353E-1,2.534803069E-1
5.520842858E1,3.615190181E-1,-8.076817453E-2,1.971786368E-1
5.522842858E1,3.494263914E-1,-6.992100477E-3,-1.152527136E-1
5.524842858E1,2.469331795E-1,1.515814644E-1,-2.107418382E-1
5.526842858E1,6.254196480E-2,2.728778601E-1,-1.435707790E-1
5.528842858E1,-3.986193091E-3,2.059605700E-1,-4.167661428E-2
5.530842858E1,7.743876994E-2,3.488624275E-2,2.552134216E-1
5.532842858E1,2.501431547E-1,-1.309162349E-1,2.684503484E-1
5.534842858E1,3.220362791E-1,-1.753223294E-1,3.311044335E-1
5.536842858E1,3.571569952E-1,-2.350627470E-1,2.608290875E-1
5.538842858E1,2.670101792E-1,-2.954504514E-1,3.325744236E-1
5.540842858E1,3.378316551E-2,-3.471907085E-1,2.467641950E-1
5.542842858E1,-1.650755225E-1,-3.261611974E-1,6.739910066E-2
5.544842858E1,-3.103117347E-1,-1.970979452E-1,-1.788990712E-1
5.546842858E1,-4.116091910E-1,5.361312032E-3,-2.466437423E-1
5.548842858E1,-4.398880801E-1,7.553140819E-2,-2.212410986E-1
5.550842858E1,-3.961259832E-1,1.001645583E-1,-2.491159451E-1
5.552842858E1,-2.987487926E-1,8.011562526E-2,-2.450334191E-1
5.554842858E1,-1.872373469E-1,1.180459285E-1,-1.944298607E-1
5.556842858E1,-1.156126097E-1,2.536451983E-1,-2.350159693E-1
5.558842858E1,-4.947036803E-3,3.263652653E-1,-1.231903088E-1
5.560842858E1,2.716031671E-3,2.170322728E-1,-7.833982587E-2
5.562842858E1,3.826257125E-2,4.290511429E-2,1.022970378E-1
5.564842858E1,1.697753683E-1,-4.683093488E-2,1.430182171E-1
5.566842858E1,2.376926784E-1,1.368833184E-2,-8.450103700E-2
5.568842858E1,1.165320843E-1,1.596178776E-1,8.312343299E-2
5.570842858E1,3.872903287E-3,1.928511125E-1,1.166010815E-1
5.572842858E1,6.460398540E-2,-1.176050484E-2,6.445385814E-2
5.574842858E1,1.243331471E-1,-9.499737382E-2,2.967988193E-2
5.576842858E1,1.018130346E-1,8.604060888E-2,-1.314360523E-1
5.578842858E1,-1.876751572E-2,2.895523649E-1,-9.919918299E-2
5.580842858E1,-9.221658424E-2,1.975832641E-1,-1.724361438E-1
5.582842858E1,-7.107787639E-2,4.448386252E-2,-1.145007616E-1
5.584842858E1,-8.165782839E-3,4.501537442E-2,4.126555502E-2
5.586842858E1,1.453901401E-1,2.382962573E-1,-5.151981711E-2
5.588842858E1,-6.014222364E-1,1.886516422E-1,-3.113987321E-1
5.590842858E1,-1.580195412E-2,2.081550300E-1,-2.112534696E-1
5.592842858E1,3.898826918E-1,2.822936314E-1,-1.082962811E-1
5.594842858E1,3.979173508E-1,2.367771506E-1,-1.352285564E-2
5.596842858E1,3.226461437E-1,1.143142354E-1,-1.301198441E-1
5.598842858E1,5.388589293E-2,1.190803009E-1,-3.761461204E-1
5.600842858E1,-1.768006517E-1,1.105685091E-1,-8.923435807E-2
5.602842858E1,-1.803851411E-1,6.877261162E-2,-2.271491253E-1
5.604842858E1,-3.459154308E-2,5.865342021E-3,-1.812619311E-1
5.606842858E1,2.404535875E-2,1.328311980E-2,1.615878046E-2
5.608842858E1,3.673410907E-2,8.451974809E-2,5.299448490E-2
5.610842858E1,4.961318627E-2,1.163759637E-1,-5.226358294E-2
5.612842858E1,-1.202845350E-2,6.374517560E-2,-1.185552210E-1
5.614842858E1,-1.003515230E-1,1.929581165E-2,-2.796506900E-1
5.616842858E1,4.157940432E-2,3.297127962E-2,-9.797594547E-2
5.618842858E1,2.893132138E-1,8.880341828E-2,-1.344859600E-1
5.620842858E1,3.446288972E-1,1.833452940E-1,1.184850544E-1
5.622842858E1,1.548791479E-1,1.773361105E-1,1.904730499E-1
5.624842858E1,-1.940880910E-2,5.444576383E-2,2.404550493E-2
5.626842858E1,-1.638038993E-1,-3.187901974E-2,-1.562574828E-1
5.628842858E1,-1.871025686E-1,4.177894056E-2,-2.541328561E-1
5.630842858E1,-2.896140531E-2,1.506424016E-1,-1.249286860E-1
5.632842858E1,3.426482990E-2,1.023116559E-1,-2.203640163E-2
5.634842858E1,2.005507261E-2,7.603953123E-2,-4.345709145E-2
5.636842858E1,4.326398715E-2,1.378703284E-1,-1.094283020E-1
5.638842858E1,8.827322200E-2,1.697212815E-1,-4.616493702E-2
5.640842858E1,8.697148561E-2,1.087739986E-1,2.729714155E-2
5.642842858E1,7.361673743E-2,2.288015485E-3,-3.051077127E-3
5.644842858E1,-5.202706307E-3,-2.724802494E-2,3.457867920E-2
5.646842858E1,-4.748436123E-2,1.936013103E-3,-3.433368087E-2
5.648842858E1,-5.420135021E-2,4.212275684E-2,-3.556153768E-1
5.650842858E1,-1.573047191E-3,7.184532344E-2,-4.654442132E-2
5.652842858E1,3.091349825E-2,5.433642089E-2,-1.312138581E-1
5.654842858E1,1.292220041E-1,7.140327394E-2,3.467398882E-3
5.656842858E1,7.637267634E-2,2.833970010E-2,2.537258899E-1
5.658842858E1,1.301853329E-2,-2.317543924E-2,1.286551166E-1
5.660842858E1,9.438619360E-2,5.595551491E-2,6.918425560E-3