"Time (s)","w","x","y","z","Direct (°)","Yaw (°)","Pitch (°)","Roll (°)"
1.851958316E-2,5.960873987E-1,2.430101832E-1,-3.010419050E-1,-7.035621785E-1,1.068196217E2,4.551357297E1,-9.711540584E-1,-9.986204677E1
2.848958317E-2,5.959976892E-1,2.429178948E-1,-3.011298523E-1,-7.036324163E-1,1.068324244E2,4.551473616E1,-9.795523954E-1,-9.987973017E1
3.845858318E-2,5.959266928E-1,2.427830065E-1,-3.012456060E-1,-7.036895042E-1,1.068425557E2,4.551516210E1,-9.942971800E-1,-9.989723373E1
4.842858319E-2,5.958685618E-1,2.426140371E-1,-3.013559912E-1,-7.037497426E-1,1.068508506E2,4.551237162E1,-1.011780876E0,-9.991488997E1
5.839858321E-2,5.958008845E-1,2.424584415E-1,-3.014610949E-1,-7.038156497E-1,1.068605072E2,4.551015305E1,-1.027338749E0,-9.993310385E1
6.836758321E-2,5.957208002E-1,2.423575235E-1,-3.015585147E-1,-7.038764307E-1,1.068719332E2,4.551154690E1,-1.037675398E0,-9.994992817E1
7.833658322E-2,5.956286672E-1,2.423130375E-1,-3.016330093E-1,-7.039377965E-1,1.068850773E2,4.551523442E1,-1.041461039E0,-9.996522175E1
8.830658323E-2,5.955154765E-1,2.423033042E-1,-3.016825713E-1,-7.040156681E-1,1.069012240E2,4.551931408E1,-1.039553466E0,-9.998145393E1
9.827558324E-2,5.953866126E-1,2.422954438E-1,-3.017346016E-1,-7.041050826E-1,1.069196045E2,4.552379479E1,-1.036799518E0,-9.999975088E1
1.082455833E-1,5.952433976E-1,2.422875992E-1,-3.018107663E-1,-7.041962041E-1,1.069400294E2,4.553059639E1,-1.035145620E0,-1.000200307E2
1.182145833E-1,5.950991131E-1,2.422738962E-1,-3.019230086E-1,-7.042747395E-1,1.069606041E2,4.554038400E1,-1.036735405E0,-1.000407973E2
1.281845833E-1,5.949624361E-1,2.422468485E-1,-3.020575729E-1,-7.043417899E-1,1.069800914E2,4.555124385E1,-1.041503326E0,-1.000612666E2
1.381535833E-1,5.948380608E-1,2.421787181E-1,-3.022019891E-1,-7.044083397E-1,1.069978226E2,4.555979050E1,-1.050695770E0,-1.000823672E2
1.481235833E-1,5.947159456E-1,2.420936895E-1,-3.023582459E-1,-7.044735567E-1,1.070152297E2,4.556813512E1,-1.062171912E0,-1.001040995E2
1.580925833E-1,5.946080707E-1,2.420309355E-1,-3.025092976E-1,-7.045214145E-1,1.070306052E2,4.557773658E1,-1.072466906E0,-1.001226195E2
1.680625833E-1,5.945184612E-1,2.419988722E-1,-3.026458428E-1,-7.045494052E-1,1.070433762E2,4.558835781E1,-1.080476718E0,-1.001368589E2
1.780315833E-1,5.944476914E-1,2.419945627E-1,-3.027644967E-1,-7.045596522E-1,1.070534614E2,4.559944299E1,-1.086169717E0,-1.001469225E2
1.880015833E-1,5.943858883E-1,2.420209598E-1,-3.028793337E-1,-7.045534303E-1,1.070622683E2,4.561258040E1,-1.089889252E0,-1.001540114E2
1.979705831E-1,5.943316980E-1,2.420857764E-1,-3.029943156E-1,-7.045274573E-1,1.070699900E2,4.562875714E1,-1.091327086E0,-1.001578661E2
2.079405831E-1,5.942835716E-1,2.421953266E-1,-3.031155616E-1,-7.044780559E-1,1.070768472E2,4.564905483E1,-1.090439539E0,-1.001583183E2
2.179095831E-1,5.942328531E-1,2.423202709E-1,-3.032365019E-1,-7.044259361E-1,1.070840735E2,4.567055060E1,-1.088273637E0,-1.001582974E2
2.278795831E-1,5.941784047E-1,2.424231224E-1,-3.033642780E-1,-7.043815080E-1,1.070918309E2,4.569095981E1,-1.088013485E0,-1.001600328E2
2.378485831E-1,5.941234504E-1,2.424714596E-1,-3.035019349E-1,-7.043518314E-1,1.070996599E2,4.570800791E1,-1.092398777E0,-1.001649087E2
2.478185832E-1,5.940631910E-1,2.424600510E-1,-3.036487192E-1,-7.043433915E-1,1.071082442E2,4.572122310E1,-1.101452289E0,-1.001739315E2
2.577875832E-1,5.940019042E-1,2.424054286E-1,-3.038070228E-1,-7.043455041E-1,1.071169745E2,4.573212874E1,-1.114447536E0,-1.001855228E2
2.677575832E-1,5.939474979E-1,2.423561326E-1,-3.039641304E-1,-7.043405676E-1,1.071247241E2,4.574333957E1,-1.127364760E0,-1.001958777E2
2.777265832E-1,5.939077271E-1,2.423413997E-1,-3.041090128E-1,-7.043166124E-1,1.071303889E2,4.575609412E1,-1.137696090E0,-1.002022446E2
2.876965832E-1,5.939035756E-1,2.423941307E-1,-3.042103707E-1,-7.042582179E-1,1.071309802E2,4.576996748E1,-1.141816414E0,-1.001998606E2
2.976655832E-1,5.939300965E-1,2.425383624E-1,-3.042732486E-1,-7.041591202E-1,1.071272027E2,4.578734597E1,-1.138134037E0,-1.001880479E2
3.076355832E-1,5.939845555E-1,2.427671197E-1,-3.042953072E-1,-7.040247507E-1,1.071194457E2,4.580745782E1,-1.126811535E0,-1.001675383E2
3.176045832E-1,5.940516849E-1,2.430847436E-1,-3.042977464E-1,-7.038574804E-1,1.071098833E2,4.583270866E1,-1.108349840E0,-1.001402254E2
3.275745832E-1,5.941238087E-1,2.434771097E-1,-3.043021086E-1,-7.036590004E-1,1.070996088E2,4.586405987E1,-1.085048458E0,-1.001079310E2
3.375435832E-1,5.941898633E-1,2.439316714E-1,-3.043274731E-1,-7.034347265E-1,1.070901984E2,4.590237129E1,-1.058690423E0,-1.000729047E2
3.475135833E-1,5.942471356E-1,2.444252768E-1,-3.043711135E-1,-7.031962227E-1,1.070820386E2,4.594556541E1,-1.030546626E0,-1.000368532E2
3.574825833E-1,5.942902624E-1,2.449006143E-1,-3.044395548E-1,-7.029646153E-1,1.070758939E2,4.598972421E1,-1.004904532E0,-1.000037201E2
3.674525833E-1,5.943021583E-1,2.453005326E-1,-3.045472531E-1,-7.027684533E-1,1.070741990E2,4.603171864E1,-9.859501998E-1,-9.997920428E1
3.774215833E-1,5.942716598E-1,2.456106122E-1,-3.047066894E-1,-7.026168774E-1,1.070785444E2,4.607159452E1,-9.750365829E-1,-9.996568524E1
3.873915833E-1,5.941922130E-1,2.458417982E-1,-3.049268961E-1,-7.025077592E-1,1.070898636E2,4.611108059E1,-9.717161326E-1,-9.996345381E1
3.973605833E-1,5.940520221E-1,2.459780063E-1,-3.052254749E-1,-7.024488485E-1,1.071098353E2,4.615058868E1,-9.778392874E-1,-9.997504228E1
4.073305833E-1,5.938598219E-1,2.460085917E-1,-3.056149250E-1,-7.024314102E-1,1.071372120E2,4.619048044E1,-9.956517038E-1,-9.999992785E1
4.172998748E-1,5.936296632E-1,2.459275960E-1,-3.060708591E-1,-7.024557237E-1,1.071699891E2,4.622794417E1,-1.024445089E0,-1.000364524E2
4.272698748E-1,5.933799273E-1,2.456703580E-1,-3.066127569E-1,-7.025204349E-1,1.072055465E2,4.625973862E1,-1.071425760E0,-1.000858338E2
4.372388748E-1,5.931005622E-1,2.451381460E-1,-3.072964446E-1,-7.026434352E-1,1.072453128E2,4.628346814E1,-1.147480276E0,-1.001550864E2
4.472088749E-1,5.927600262E-1,2.442642495E-1,-3.081635555E-1,-7.028555076E-1,1.072937727E2,4.629804134E1,-1.258839602E0,-1.002523680E2
4.571778749E-1,5.923422719E-1,2.430922010E-1,-3.091871206E-1,-7.031644387E-1,1.073532006E2,4.630454704E1,-1.399394929E0,-1.003771871E2
4.671478749E-1,5.918374370E-1,2.417363896E-1,-3.103121359E-1,-7.035612092E-1,1.074249860E2,4.630696304E1,-1.556114645E0,-1.005242315E2
4.771168749E-1,5.912649405E-1,2.403327599E-1,-3.114483017E-1,-7.040212578E-1,1.075063526E2,4.630739861E1,-1.713294808E0,-1.006829857E2
4.870868749E-1,5.906520885E-1,2.389988306E-1,-3.125159472E-1,-7.045164359E-1,1.075934079E2,4.630733910E1,-1.857808012E0,-1.008429815E2
4.970558749E-1,5.900228676E-1,2.377747360E-1,-3.134775091E-1,-7.050304272E-1,1.076827381E2,4.630615933E1,-1.985177426E0,-1.009986952E2
5.070258749E-1,5.894062592E-1,2.366798214E-1,-3.143190368E-1,-7.055398140E-1,1.077702283E2,4.630383694E1,-2.094578039E0,-1.011451353E2
5.169948749E-1,5.888411912E-1,2.357797834E-1,-3.150381385E-1,-7.059921814E-1,1.078503627E2,4.630500639E1,-2.183354236E0,-1.012733429E2
5.269648749E-1,5.883732769E-1,2.351203485E-1,-3.155805737E-1,-7.063598705E-1,1.079166885E2,4.630767496E1,-2.246523988E0,-1.013745734E2
5.369338749E-1,5.880321350E-1,2.346453035E-1,-3.159185993E-1,-7.066507734E-1,1.079650269E2,4.630458281E1,-2.287626457E0,-1.014479656E2
5.469038750E-1,5.877962180E-1,2.342304731E-1,-3.161081126E-1,-7.068998402E-1,1.079984468E2,4.629153007E1,-2.318782234E0,-1.015034379E2
5.568728750E-1,5.876208502E-1,2.337684067E-1,-3.162820632E-1,-7.071207265E-1,1.080232847E2,4.627323070E1,-2.355686235E0,-1.015531800E2
5.668428750E-1,5.874630103E-1,2.332186932E-1,-3.165489291E-1,-7.073138855E-1,1.080456367E2,4.625723205E1,-2.407356357E0,-1.016053788E2
5.768118750E-1,5.873085316E-1,2.325762725E-1,-3.169345912E-1,-7.074810083E-1,1.080675097E2,4.624573551E1,-2.475385440E0,-1.016622725E2
5.867818750E-1,5.871686514E-1,2.318643016E-1,-3.174006353E-1,-7.076219843E-1,1.080873130E2,4.623679425E1,-2.555715016E0,-1.017209954E2
5.967508748E-1,5.870722669E-1,2.310551190E-1,-3.178904712E-1,-7.077466915E-1,1.081009571E2,4.622272389E1,-2.647569780E0,-1.017790053E2
6.067208748E-1,5.870342715E-1,2.301006431E-1,-3.183933437E-1,-7.078630800E-1,1.081063353E2,4.619878823E1,-2.754473129E0,-1.018368702E2
6.166898748E-1,5.870762761E-1,2.289547256E-1,-3.189044032E-1,-7.079697695E-1,1.081003895E2,4.616097053E1,-2.880691413E0,-1.018940670E2
6.266598748E-1,5.872116307E-1,2.276163524E-1,-3.194252118E-1,-7.080542529E-1,1.080812285E2,4.610935903E1,-3.027252619E0,-1.019486810E2
6.366288748E-1,5.874327173E-1,2.261133484E-1,-3.199734633E-1,-7.081048449E-1,1.080499262E2,4.604787634E1,-3.193133421E0,-1.020001230E2
6.465988748E-1,5.877351736E-1,2.244836035E-1,-3.205567862E-1,-7.081086276E-1,1.080070931E2,4.598020616E1,-3.375955080E0,-1.020468332E2
6.565678748E-1,5.881169345E-1,2.227877355E-1,-3.211480696E-1,-7.080594053E-1,1.079530126E2,4.590831443E1,-3.569046357E0,-1.020856966E2
6.665378748E-1,5.885784583E-1,2.210708994E-1,-3.216887136E-1,-7.079686052E-1,1.078876079E2,4.582985343E1,-3.764495610E0,-1.021140966E2
6.765068749E-1,5.890969119E-1,2.193504598E-1,-3.221471923E-1,-7.078639493E-1,1.078141030E2,4.574308132E1,-3.957199640E0,-1.021341620E2
6.864768749E-1,5.896503949E-1,2.176154531E-1,-3.225323196E-1,-7.077632921E-1,1.077355938E2,4.564808771E1,-4.147375388E0,-1.021494908E2
6.964458749E-1,5.902006220E-1,2.158283477E-1,-3.229072949E-1,-7.076809793E-1,1.076575075E2,4.554839152E1,-4.340578313E0,-1.021673318E2
7.064158749E-1,5.907399278E-1,2.139993747E-1,-3.232937077E-1,-7.076100093E-1,1.075809334E2,4.544693151E1,-4.537341613E0,-1.021881780E2
7.163848749E-1,5.913079777E-1,2.122212571E-1,-3.236384531E-1,-7.075134140E-1,1.075002374E2,4.534525498E1,-4.728901377E0,-1.022016887E2
7.263548749E-1,5.919630715E-1,2.105842630E-1,-3.238435081E-1,-7.073607950E-1,1.074071244E2,4.524012914E1,-4.904127154E0,-1.021950978E2
7.363238749E-1,5.927503535E-1,2.091183429E-1,-3.238514422E-1,-7.071327173E-1,1.072951490E2,4.512780663E1,-5.058755396E0,-1.021606480E2
7.462938749E-1,5.936840748E-1,2.078488377E-1,-3.236517083E-1,-7.068152672E-1,1.071622410E2,4.500895645E1,-5.190776810E0,-1.020951485E2
7.562628749E-1,5.947800878E-1,2.068104711E-1,-3.232184335E-1,-7.063963855E-1,1.070060867E2,4.488345416E1,-5.296366277E0,-1.019945887E2
7.662328749E-1,5.960365486E-1,2.060004508E-1,-3.225598468E-1,-7.058748815E-1,1.068268788E2,4.475191139E1,-5.376146345E0,-1.018594993E2
7.762018749E-1,5.974191180E-1,2.054068651E-1,-3.217364554E-1,-7.052545800E-1,1.066294433E2,4.461959509E1,-5.433751309E0,-1.016953397E2
7.861718750E-1,5.988936413E-1,2.050074658E-1,-3.208187658E-1,-7.045379413E-1,1.064185969E2,4.449201027E1,-5.474432589E0,-1.015081165E2
7.961408750E-1,6.004334764E-1,2.047833288E-1,-3.198297900E-1,-7.037415766E-1,1.061981012E2,4.437021886E1,-5.499895664E0,-1.013024977E2
8.061108750E-1,6.020143467E-1,2.046912327E-1,-3.187931513E-1,-7.028878237E-1,1.059713975E2,4.425353110E1,-5.513837704E0,-1.010841347E2
8.160798750E-1,6.036159586E-1,2.046862910E-1,-3.177222947E-1,-7.019998423E-1,1.057413741E2,4.414006461E1,-5.519528076E0,-1.008580184E2
8.260498750E-1,6.052078609E-1,2.047324576E-1,-3.166501474E-1,-7.010996541E-1,1.055123983E2,4.403054581E1,-5.520541138E0,-1.006303334E2
8.360188748E-1,6.067752179E-1,2.048270614E-1,-3.155887370E-1,-7.001953513E-1,1.052866126E2,4.392604493E1,-5.517221529E0,-1.004033174E2
8.459888748E-1,6.083234823E-1,2.049840585E-1,-3.145276058E-1,-6.992828299E-1,1.050632434E2,4.382659251E1,-5.508037807E0,-1.001755003E2
8.559578748E-1,6.098565529E-1,2.051910627E-1,-3.134892971E-1,-6.983523750E-1,1.048417369E2,4.373343563E1,-5.495966139E0,-9.994700672E1
8.659278748E-1,6.113980870E-1,2.054355408E-1,-3.124949844E-1,-6.973776317E-1,1.046186749E2,4.364753908E1,-5.485012348E0,-9.971514982E1
8.758968748E-1,6.129606867E-1,2.057053491E-1,-3.115435351E-1,-6.963513085E-1,1.043922217E2,4.356778824E1,-5.476731394E0,-9.947869182E1
8.858668748E-1,6.145490882E-1,2.059678133E-1,-3.106748728E-1,-6.952609142E-1,1.041616729E2,4.349547544E1,-5.477058253E0,-9.923860201E1
8.958358748E-1,6.161502338E-1,2.062135242E-1,-3.099291739E-1,-6.941028163E-1,1.039289081E2,4.343374355E1,-5.489255663E0,-9.899723504E1
9.058058748E-1,6.177471015E-1,2.064268346E-1,-3.093443811E-1,-6.928799597E-1,1.036963962E2,4.338503335E1,-5.516658512E0,-9.875782502E1
9.157748749E-1,6.193386587E-1,2.066189610E-1,-3.089138299E-1,-6.915927027E-1,1.034642882E2,4.334946981E1,-5.557936040E0,-9.851990210E1
9.257448749E-1,6.209034500E-1,2.067774385E-1,-3.086420197E-1,-6.902623322E-1,1.032357215E2,4.332657071E1,-5.613214662E0,-9.828719891E1
9.357138749E-1,6.225617809E-1,2.069588543E-1,-3.085037200E-1,-6.887744431E-1,1.029930968E2,4.331749463E1,-5.683276671E0,-9.803957360E1
9.456838749E-1,6.241337715E-1,2.071295490E-1,-3.085083140E-1,-6.872969458E-1,1.027627264E2,4.332156202E1,-5.761162525E0,-9.780458367E1
9.556528749E-1,6.257408519E-1,2.073927087E-1,-3.085597385E-1,-6.857314222E-1,1.025268306E2,4.333686674E1,-5.838539560E0,-9.755950698E1
9.656228749E-1,6.271287397E-1,2.076814041E-1,-3.086823963E-1,-6.843194264E-1,1.023227952E2,4.336214181E1,-5.907708723E0,-9.734448824E1
9.755918749E-1,6.285563114E-1,2.081427540E-1,-3.087553841E-1,-6.828349564E-1,1.021126201E2,4.339579906E1,-5.962987715E0,-9.711475997E1
9.855618749E-1,6.300018587E-1,2.087766215E-1,-3.088027361E-1,-6.812861493E-1,1.018994807E2,4.344032358E1,-6.005236388E0,-9.687344113E1
9.955308749E-1,6.314123030E-1,2.095650942E-1,-3.088573690E-1,-6.797117538E-1,1.016912066E2,4.349785317E1,-6.035518954E0,-9.662910771E1
1.005500875E0,6.327535238E-1,2.104669736E-1,-3.089193459E-1,-6.781559213E-1,1.014928681E2,4.356548081E1,-6.054865935E0,-9.638876088E1
1.015469875E0,6.341072963E-1,2.114814535E-1,-3.089565985E-1,-6.765570226E-1,1.012923886E2,4.363967154E1,-6.065466511E0,-9.614044686E1
1.025439875E0,6.353581081E-1,2.124910338E-1,-3.090474723E-1,-6.750239113E-1,1.011069005E2,4.371934784E1,-6.075482717E0,-9.590695461E1
1.035408875E0,6.365997609E-1,2.134939023E-1,-3.092369804E-1,-6.734489612E-1,1.009225260E2,4.380794545E1,-6.094342163E0,-9.567472953E1
1.045378875E0,6.377206062E-1,2.143974675E-1,-3.095942381E-1,-6.719356444E-1,1.007558798E2,4.390530075E1,-6.127807859E0,-9.546492432E1
1.055347875E0,6.387542393E-1,2.151897598E-1,-3.101054636E-1,-6.704633470E-1,1.006020223E2,4.400886925E1,-6.177483900E0,-9.527330520E1
1.065317875E0,6.398023550E-1,2.158715851E-1,-3.107386199E-1,-6.689498457E-1,1.004458336E2,4.411496251E1,-6.246610851E0,-9.508485419E1
1.075286875E0,6.406694856E-1,2.163394626E-1,-3.115702141E-1,-6.675805776E-1,1.003164810E2,4.422376748E1,-6.337164335E0,-9.493382928E1
1.085256875E0,6.414412945E-1,2.167033532E-1,-3.125538847E-1,-6.662603539E-1,1.002012453E2,4.433907704E1,-6.442626130E0,-9.480209348E1
1.095225875E0,6.421364936E-1,2.170212827E-1,-3.136279391E-1,-6.649812524E-1,1.000973649E2,4.445962228E1,-6.554815422E0,-9.468392522E1
1.105195875E0,6.426627556E-1,2.172969810E-1,-3.147697236E-1,-6.638422595E-1,1.000186755E2,4.458427125E1,-6.665905448E0,-9.459284034E1
1.115164875E0,6.431796827E-1,2.175920616E-1,-3.158893863E-1,-6.627122643E-1,9.994133772E1,4.470844685E1,-6.773541415E0,-9.450207412E1
1.125134875E0,6.436345486E-1,2.178506536E-1,-3.169715698E-1,-6.616680169E-1,9.987324869E1,4.482665139E1,-6.876987060E0,-9.442222784E1
1.135103875E0,6.441691854E-1,2.181444382E-1,-3.179629269E-1,-6.605745129E-1,9.979317522E1,4.493857544E1,-6.975362228E0,-9.432862209E1
1.145073875E0,6.446858596E-1,2.184539963E-1,-3.188975860E-1,-6.595168417E-1,9.971574722E1,4.504656836E1,-7.066967390E0,-9.423672905E1
1.155042875E0,6.452498655E-1,2.188296459E-1,-3.197632453E-1,-6.584205212E-1,9.963117578E1,4.515299144E1,-7.151335093E0,-9.413421482E1
1.165012875E0,6.458739628E-1,2.192879244E-1,-3.205422719E-1,-6.572765003E-1,9.953753227E1,4.525743175E1,-7.226623044E0,-9.401836063E1
1.174981875E0,6.465266137E-1,2.198090438E-1,-3.212264680E-1,-6.561255894E-1,9.943953510E1,4.535778103E1,-7.291545496E0,-9.389474348E1
1.184951875E0,6.470953281E-1,2.204029667E-1,-3.218427498E-1,-6.550629139E-1,9.935408326E1,4.545826600E1,-7.340763122E0,-9.377971602E1
1.194920875E0,6.476632839E-1,2.211362112E-1,-3.223697382E-1,-6.539945907E-1,9.926869140E1,4.556158875E1,-7.373118225E0,-9.365736865E1
1.204890875E0,6.481195897E-1,2.219022144E-1,-3.228572666E-1,-6.530418793E-1,9.920004685E1,4.566478057E1,-7.393168704E0,-9.354978170E1
1.214859875E0,6.485922589E-1,2.226738547E-1,-3.232833133E-1,-6.520985141E-1,9.912890375E1,4.576261583E1,-7.408778301E0,-9.343923694E1
1.224829875E0,6.490000449E-1,2.233326415E-1,-3.237466020E-1,-6.512370595E-1,9.906749619E1,4.585542343E1,-7.431347232E0,-9.334413880E1
1.234798875E0,6.492428264E-1,2.237937123E-1,-3.243316582E-1,-6.505453297E-1,9.903092294E1,4.594503496E1,-7.467517583E0,-9.328406433E1
1.244768875E0,6.494734676E-1,2.241279789E-1,-3.249747769E-1,-6.498786372E-1,9.899616931E1,4.602996929E1,-7.516576118E0,-9.323240694E1
1.254737875E0,6.495178906E-1,2.242845228E-1,-3.256789981E-1,-6.494276658E-1,9.898947451E1,4.610783362E1,-7.571049091E0,-9.321802307E1
1.264707875E0,6.495188956E-1,2.243473322E-1,-3.263311257E-1,-6.490773477E-1,9.898932305E1,4.617367834E1,-7.624424536E0,-9.321498545E1
1.274676875E0,6.495857253E-1,2.243275442E-1,-3.268611856E-1,-6.487506404E-1,9.897925076E1,4.622098859E1,-7.676715334E0,-9.320637193E1
1.284646875E0,6.495339245E-1,2.241589621E-1,-3.273529076E-1,-6.486126962E-1,9.898705802E1,4.625375525E1,-7.727912388E0,-9.322329176E1
1.294615875E0,6.495976183E-1,2.240692683E-1,-3.277506527E-1,-6.483789820E-1,9.897745823E1,4.628315396E1,-7.772988439E0,-9.321870717E1
1.304585875E0,6.496222095E-1,2.240777188E-1,-3.280997761E-1,-6.481748452E-1,9.897375172E1,4.631623172E1,-7.804808611E0,-9.321481596E1
1.314554875E0,6.496520801E-1,2.242612209E-1,-3.283193243E-1,-6.479702338E-1,9.896924933E1,4.635122794E1,-7.813989514E0,-9.320085875E1
1.324524875E0,6.498423423E-1,2.246618741E-1,-3.283202884E-1,-6.476400440E-1,9.894056757E1,4.638192106E1,-7.799839575E0,-9.315126793E1
1.334493875E0,6.499820957E-1,2.251189040E-1,-3.282041001E-1,-6.474000654E-1,9.891949603E1,4.640666359E1,-7.768426640E0,-9.310619925E1
1.344463875E0,6.502066277E-1,2.256690468E-1,-3.279928179E-1,-6.470900596E-1,9.888563494E1,4.642936134E1,-7.727962940E0,-9.304337061E1
1.354432875E0,6.503527059E-1,2.262690019E-1,-3.277694449E-1,-6.468468751E-1,9.886360067E1,4.645565645E1,-7.678175282E0,-9.298961728E1
1.364402875E0,6.504866381E-1,2.269690822E-1,-3.275079026E-1,-6.465993993E-1,9.884339530E1,4.648663901E1,-7.617716830E0,-9.293229637E1
1.374371875E0,6.506920508E-1,2.277744189E-1,-3.271687943E-1,-6.462810331E-1,9.881240025E1,4.651840461E1,-7.548170892E0,-9.285848724E1
1.384341875E0,6.509113705E-1,2.286095745E-1,-3.267649274E-1,-6.459695804E-1,9.877929882E1,4.654657415E1,-7.471924091E0,-9.278085362E1
1.394310875E0,6.511691696E-1,2.295076290E-1,-3.262601873E-1,-6.456463693E-1,9.874037929E1,4.657030185E1,-7.385210440E0,-9.269388153E1
1.404280875E0,6.513760320E-1,2.304226898E-1,-3.256573926E-1,-6.454160732E-1,9.870914138E1,4.658688443E1,-7.285513981E0,-9.261344581E1
1.414249875E0,6.517234363E-1,2.314236669E-1,-3.248984648E-1,-6.450896580E-1,9.865666407E1,4.659508515E1,-7.175550319E0,-9.250702846E1
1.424219375E0,6.519926309E-1,2.323820335E-1,-3.241010570E-1,-6.448741586E-1,9.861598656E1,4.659712412E1,-7.059999805E0,-9.241445769E1
1.434188375E0,6.522883882E-1,2.333205595E-1,-3.232902359E-1,-6.446432231E-1,9.857128088E1,4.659637041E1,-6.946349893E0,-9.231881459E1
1.444158375E0,6.524864454E-1,2.341605726E-1,-3.226074727E-1,-6.444802321E-1,9.854133482E1,4.660037631E1,-6.844219859E0,-9.224310765E1
1.454127375E0,6.527287401E-1,2.350257499E-1,-3.220406951E-1,-6.442033770E-1,9.850469094E1,4.661701922E1,-6.753708308E0,-9.215929279E1
1.464097375E0,6.529057121E-1,2.358994699E-1,-3.216273873E-1,-6.439110912E-1,9.847791988E1,4.664916641E1,-6.672160255E0,-9.208474944E1
1.474066375E0,6.530523331E-1,2.367676001E-1,-3.213338872E-1,-6.435902352E-1,9.845573601E1,4.669226036E1,-6.599763982E0,-9.201497581E1
1.484036375E0,6.533242454E-1,2.376682519E-1,-3.210487901E-1,-6.431243630E-1,9.841458566E1,4.673804933E1,-6.534267565E0,-9.192439323E1
1.494005375E0,6.536261166E-1,2.385167391E-1,-3.207481276E-1,-6.426533986E-1,9.836888649E1,4.677805787E1,-6.472799826E0,-9.183201756E1
1.503975375E0,6.538933247E-1,2.392580232E-1,-3.204243081E-1,-6.422673365E-1,9.832842171E1,4.680748030E1,-6.413980026E0,-9.175062159E1
1.513944375E0,6.541761755E-1,2.398903155E-1,-3.200620086E-1,-6.419239628E-1,9.828557460E1,4.682438820E1,-6.359773621E0,-9.167280331E1
1.523914375E0,6.543446068E-1,2.403917154E-1,-3.197576872E-1,-6.417163349E-1,9.826005353E1,4.683668556E1,-6.311675556E0,-9.161945002E1
1.533883375E0,6.545030460E-1,2.408837114E-1,-3.195364848E-1,-6.414805984E-1,9.823604199E1,4.685596851E1,-6.270973618E0,-9.156812841E1
1.543853375E0,6.545687200E-1,2.413773801E-1,-3.194578783E-1,-6.412671575E-1,9.822608778E1,4.688913785E1,-6.236894426E0,-9.153066145E1
1.553822375E0,6.545962999E-1,2.419823006E-1,-3.194671637E-1,-6.410061684E-1,9.822190728E1,4.693985985E1,-6.201175494E0,-9.149265361E1
1.563792375E0,6.546150388E-1,2.427950051E-1,-3.194534792E-1,-6.406865010E-1,9.821906680E1,4.700579594E1,-6.149734013E0,-9.144426327E1
1.573761375E0,6.546379416E-1,2.438534468E-1,-3.192755273E-1,-6.403497727E-1,9.821559506E1,4.707711018E1,-6.068463122E0,-9.138121768E1
1.583731375E0,6.546481780E-1,2.451167960E-1,-3.188539350E-1,-6.400670148E-1,9.821404334E1,4.714336108E1,-5.951809061E0,-9.130819326E1
1.593700375E0,6.547840924E-1,2.465738363E-1,-3.181206404E-1,-6.397330103E-1,9.819343855E1,4.719667038E1,-5.803543411E0,-9.120478430E1
1.603670375E0,6.548680331E-1,2.480738268E-1,-3.172050159E-1,-6.395218704E-1,9.818071143E1,4.723761345E1,-5.633085267E0,-9.110632011E1
1.613639375E0,6.549570999E-1,2.496372852E-1,-3.162004247E-1,-6.393196814E-1,9.816720575E1,4.727615047E1,-5.451283384E0,-9.100295039E1
1.623609375E0,6.549735392E-1,2.512365368E-1,-3.152442497E-1,-6.391487318E-1,9.816471283E1,4.732299301E1,-5.267067907E0,-9.090800341E1
1.633578375E0,6.549273871E-1,2.528995698E-1,-3.143851257E-1,-6.389630762E-1,9.817171142E1,4.738481239E1,-5.083754804E0,-9.081820095E1
1.643548375E0,6.549080469E-1,2.546704197E-1,-3.135844120E-1,-6.386731428E-1,9.817464409E1,4.746133911E1,-4.901073741E0,-9.071752918E1
1.653517375E0,6.547402946E-1,2.564465696E-1,-3.129055132E-1,-6.384673055E-1,9.820007870E1,4.755058441E1,-4.719528547E0,-9.063820145E1
1.663487375E0,6.546090756E-1,2.583236690E-1,-3.122330550E-1,-6.381743586E-1,9.821997071E1,4.764920324E1,-4.535117033E0,-9.054671652E1
1.673456375E0,6.545661049E-1,2.602918610E-1,-3.114829069E-1,-6.377851555E-1,9.822648416E1,4.774859048E1,-4.344416496E0,-9.043573067E1
1.683426375E0,6.545337375E-1,2.622567866E-1,-3.106676209E-1,-6.374108901E-1,9.823139018E1,4.784232631E1,-4.149216787E0,-9.032250703E1
1.693395375E0,6.546432060E-1,2.642842607E-1,-3.097090751E-1,-6.369272419E-1,9.821479704E1,4.792847865E1,-3.947259615E0,-9.018332593E1
1.703365375E0,6.547688800E-1,2.663014550E-1,-3.086184793E-1,-6.364870681E-1,9.819574492E1,4.800251480E1,-3.735620074E0,-9.004147328E1
1.713334375E0,6.549946890E-1,2.683456443E-1,-3.073646698E-1,-6.360027303E-1,9.816150550E1,4.806460271E1,-3.514855298E0,-8.988203671E1
1.723304375E0,6.551919567E-1,2.703808155E-1,-3.060377343E-1,-6.355773639E-1,9.813158654E1,4.812034259E1,-3.286630577E0,-8.972655547E1
1.733273375E0,6.553036992E-1,2.723742917E-1,-3.047189027E-1,-6.352445191E-1,9.811463591E1,4.817437087E1,-3.056362654E0,-8.958564075E1
1.743243375E0,6.553621167E-1,2.743134682E-1,-3.034576583E-1,-6.349536195E-1,9.810577347E1,4.822982424E1,-2.831371660E0,-8.945532059E1
1.753212375E0,6.553764486E-1,2.762044511E-1,-3.022541748E-1,-6.346929815E-1,9.810359911E1,4.828711047E1,-2.611900843E0,-8.933383302E1
1.763182375E0,6.553055727E-1,2.780314761E-1,-3.011215191E-1,-6.345069301E-1,9.811435168E1,4.834603191E1,-2.397234117E0,-8.922846864E1
1.773151375E0,6.552994371E-1,2.798228515E-1,-2.999943359E-1,-6.342595946E-1,9.811528248E1,4.840277489E1,-2.189895522E0,-8.911488184E1
1.783121375E0,6.552393699E-1,2.814393860E-1,-2.989305152E-1,-6.341087590E-1,9.812439452E1,4.845049517E1,-1.995197330E0,-8.901998670E1
1.793090375E0,6.552518059E-1,2.829164151E-1,-2.979401558E-1,-6.339045548E-1,9.812250807E1,4.849277950E1,-1.820458089E0,-8.892261262E1
1.803060375E0,6.551396103E-1,2.842559512E-1,-2.972430640E-1,-6.337485279E-1,9.813952641E1,4.854955151E1,-1.672003755E0,-8.885244605E1
1.813029375E0,6.548947279E-1,2.855897225E-1,-2.968025952E-1,-6.336084410E-1,9.817666370E1,4.862903602E1,-1.538278078E0,-8.880216400E1
1.822999375E0,6.547297757E-1,2.870650670E-1,-2.963720289E-1,-6.333135711E-1,9.820167342E1,4.872206457E1,-1.402900058E0,-8.873012258E1
1.832968375E0,6.544873509E-1,2.885470124E-1,-2.959085199E-1,-6.331074690E-1,9.823842078E1,4.881316578E1,-1.259131937E0,-8.866879782E1
1.842938375E0,6.543104744E-1,2.899987598E-1,-2.953733401E-1,-6.328769541E-1,9.826522573E1,4.889544558E1,-1.115314275E0,-8.859913157E1
1.852907375E0,6.541961669E-1,2.913887889E-1,-2.948136461E-1,-6.326175034E-1,9.828254572E1,4.897027655E1,-9.773196261E-1,-8.852368171E1
1.862877375E0,6.540644837E-1,2.927152795E-1,-2.943008425E-1,-6.323798959E-1,9.830249567E1,4.904386256E1,-8.462287638E-1,-8.845464249E1
1.872846375E0,6.538316434E-1,2.940401188E-1,-2.938804325E-1,-6.322015515E-1,9.833776354E1,4.912578119E1,-7.168699026E-1,-8.840048562E1
1.882816375E0,6.536179997E-1,2.954637245E-1,-2.934750103E-1,-6.319470280E-1,9.837011548E1,4.921811397E1,-5.847853893E-1,-8.833634036E1
1.892785375E0,6.533684305E-1,2.969187496E-1,-2.930595372E-1,-6.317160389E-1,9.840789763E1,4.931267944E1,-4.477726193E-1,-8.827497463E1
1.902755375E0,6.531489929E-1,2.983807049E-1,-2.926415593E-1,-6.314476688E-1,9.844110928E1,4.940790578E1,-3.124628462E-1,-8.820806962E1
1.912724375E0,6.529752590E-1,2.998568604E-1,-2.922457961E-1,-6.311113416E-1,9.846739784E1,4.950664959E1,-1.817664621E-1,-8.813286398E1
1.922694375E0,6.527324595E-1,3.013110436E-1,-2.918987264E-1,-6.308305086E-1,9.850412834E1,4.960797887E1,-5.220502827E-2,-8.806899475E1
1.932663375E0,6.525625498E-1,3.027840384E-1,-2.915355845E-1,-6.304688623E-1,9.852982612E1,4.970988448E1,7.456518474E-2,-8.799239994E1
1.942633375E0,6.523526802E-1,3.042137102E-1,-2.912007614E-1,-6.301524863E-1,9.856156073E1,4.981061670E1,1.988658760E-1,-8.792428494E1
1.952602375E0,6.522098511E-1,3.056991212E-1,-2.908042985E-1,-6.297644337E-1,9.858315374E1,4.991133486E1,3.269321464E-1,-8.784173927E1
1.962572375E0,6.520102516E-1,3.071816234E-1,-2.903613905E-1,-6.294540564E-1,9.861332350E1,5.000802034E1,4.627390033E-1,-8.776736474E1
1.972541375E0,6.518559836E-1,3.087038432E-1,-2.897917317E-1,-6.291315593E-1,9.863663664E1,5.009761379E1,6.088198982E-1,-8.768285724E1
1.982511375E0,6.518310168E-1,3.102458653E-1,-2.890628908E-1,-6.287341303E-1,9.864040926E1,5.017560353E1,7.611402350E-1,-8.757705287E1
1.992480375E0,6.518713724E-1,3.117157788E-1,-2.882939637E-1,-6.283179934E-1,9.863431124E1,5.024395595E1,9.082965639E-1,-8.746602804E1
2.002450375E0,6.519003576E-1,3.130720973E-1,-2.875942088E-1,-6.279342160E-1,9.862993121E1,5.030826817E1,1.043518616E0,-8.736438100E1
2.012419375E0,6.520380619E-1,3.144002815E-1,-2.869219982E-1,-6.274348918E-1,9.860912033E1,5.037287318E1,1.166810987E0,-8.724803384E1
2.022389375E0,6.521731109E-1,3.156447172E-1,-2.863278040E-1,-6.269409202E-1,9.858870759E1,5.043685973E1,1.278408689E0,-8.713772324E1
2.032358375E0,6.523950813E-1,3.168327328E-1,-2.857968999E-1,-6.263528623E-1,9.855514983E1,5.050154693E1,1.374840721E0,-8.701816104E1
2.042328375E0,6.526296706E-1,3.179576190E-1,-2.854035566E-1,-6.257174564E-1,9.851967511E1,5.057259437E1,1.454185894E0,-8.690094420E1
2.052297375E0,6.528537470E-1,3.190417058E-1,-2.851464753E-1,-6.250487308E-1,9.848578135E1,5.065187237E1,1.519394971E0,-8.678798714E1
2.062267375E0,6.530943857E-1,3.201144946E-1,-2.849789165E-1,-6.243249206E-1,9.844937273E1,5.073808714E1,1.574379712E0,-8.667310089E1
2.072236375E0,6.532954143E-1,3.211461928E-1,-2.849341711E-1,-6.236047271E-1,9.841894947E1,5.083119891E1,1.618488296E0,-8.656689093E1
2.082206375E0,6.534298931E-1,3.221400589E-1,-2.850252069E-1,-6.229091895E-1,9.839859384E1,5.093254012E1,1.652640865E0,-8.647321600E1
2.092175375E0,6.535499431E-1,3.231396544E-1,-2.852292833E-1,-6.221715196E-1,9.838041960E1,5.104428709E1,1.677482822E0,-8.638104051E1
2.102145375E0,6.535863593E-1,3.241292888E-1,-2.855970725E-1,-6.214494584E-1,9.837490610E1,5.116920698E1,1.692490741E0,-8.630197551E1
2.112114375E0,6.535758858E-1,3.251184489E-1,-2.861064435E-1,-6.207091280E-1,9.837649184E1,5.130632357E1,1.697546047E0,-8.622977220E1
2.122084375E0,6.534802072E-1,3.260955973E-1,-2.867340786E-1,-6.200070510E-1,9.839097714E1,5.145245965E1,1.696950812E0,-8.617099894E1
2.132053375E0,6.532581855E-1,3.270943485E-1,-2.874582905E-1,-6.193793080E-1,9.842458413E1,5.160886127E1,1.697462735E0,-8.612938337E1
2.142023375E0,6.530238609E-1,3.281944524E-1,-2.881777504E-1,-6.187098356E-1,9.846004416E1,5.177453074E1,1.704249378E0,-8.608171558E1
2.151992375E0,6.526457957E-1,3.292963501E-1,-2.889478471E-1,-6.181637889E-1,9.851723632E1,5.194462509E1,1.716664419E0,-8.605515080E1
2.161962375E0,6.522464254E-1,3.304019792E-1,-2.897019898E-1,-6.176422506E-1,9.857762475E1,5.211379795E1,1.732101489E0,-8.603120067E1
2.171931375E0,6.517294824E-1,3.313784334E-1,-2.904837335E-1,-6.172974591E-1,9.865575059E1,5.227302587E1,1.746904018E0,-8.603435919E1
2.181901375E0,6.511577275E-1,3.321577287E-1,-2.912653468E-1,-6.171137739E-1,9.874210692E1,5.241354600E1,1.755751924E0,-8.606053771E1
2.191870375E0,6.506516848E-1,3.327334823E-1,-2.920048699E-1,-6.169878668E-1,9.881849170E1,5.253129583E1,1.753416912E0,-8.609225443E1
2.201840375E0,6.501095380E-1,3.330935889E-1,-2.927810423E-1,-6.169971088E-1,9.890027784E1,5.263174693E1,1.739541711E0,-8.614574939E1
2.211809375E0,6.495928216E-1,3.333800465E-1,-2.935409645E-1,-6.170256804E-1,9.897818120E1,5.272391791E1,1.721647357E0,-8.620103201E1
2.221779375E0,6.490470015E-1,3.336296165E-1,-2.942746384E-1,-6.171157245E-1,9.906042330E1,5.281033006E1,1.706521855E0,-8.626337801E1
2.231748375E0,6.483959789E-1,3.338144449E-1,-2.950253014E-1,-6.173416540E-1,9.915845111E1,5.289197031E1,1.694407814E0,-8.634626078E1
2.241718375E0,6.477772368E-1,3.339775624E-1,-2.957470992E-1,-6.175575565E-1,9.925155213E1,5.296917358E1,1.681543486E0,-8.642589348E1
2.251687375E0,6.471429741E-1,3.340341064E-1,-2.964811036E-1,-6.178400616E-1,9.934692178E1,5.303739309E1,1.663414364E0,-8.651594151E1
2.261657375E0,6.467121095E-1,3.340253964E-1,-2.971199511E-1,-6.179887952E-1,9.941166948E1,5.309154105E1,1.635774002E0,-8.658065117E1
2.271626375E0,6.463120569E-1,3.338624620E-1,-2.977493247E-1,-6.181924435E-1,9.947175917E1,5.313038589E1,1.599020240E0,-8.665261710E1
2.281596375E0,6.460128090E-1,3.336407775E-1,-2.983433766E-1,-6.183384455E-1,9.951669010E1,5.316082288E1,1.555115524E0,-8.671407894E1
2.291565375E0,6.457808156E-1,3.334816889E-1,-2.989333324E-1,-6.183817895E-1,9.955151277E1,5.319699468E1,1.509757192E0,-8.676076167E1
2.301535375E0,6.455850580E-1,3.334918490E-1,-2.995305928E-1,-6.182917915E-1,9.958088941E1,5.324990243E1,1.469545488E0,-8.678908090E1
2.311504375E0,6.452868138E-1,3.336268124E-1,-3.001718479E-1,-6.182191435E-1,9.962563363E1,5.331834087E1,1.439140201E0,-8.682296056E1
2.321474375E0,6.449742040E-1,3.339220906E-1,-3.007850028E-1,-6.180878627E-1,9.967251720E1,5.339948557E1,1.420464735E0,-8.684665568E1
2.331443375E0,6.447258655E-1,3.343816572E-1,-3.013476659E-1,-6.178245384E-1,9.970975016E1,5.349185356E1,1.409911618E0,-8.684820346E1
2.341413375E0,6.444335824E-1,3.348976268E-1,-3.019487142E-1,-6.175563527E-1,9.975355860E1,5.359289003E1,1.401854217E0,-8.685180692E1
2.351382375E0,6.442163734E-1,3.355120264E-1,-3.025600714E-1,-6.171501256E-1,9.978610553E1,5.370428540E1,1.392096368E0,-8.683666639E1
2.361352375E0,6.440791920E-1,3.362503694E-1,-3.031518829E-1,-6.166009034E-1,9.980665699E1,5.382585366E1,1.384224415E0,-8.680003986E1
2.371321375E0,6.440190247E-1,3.371121526E-1,-3.036653935E-1,-6.159401067E-1,9.981566980E1,5.395240675E1,1.383782295E0,-8.674230923E1
2.381291375E0,6.440513869E-1,3.380711607E-1,-3.040511228E-1,-6.151898994E-1,9.981082215E1,5.407717888E1,1.392816059E0,-8.666316723E1
2.391260375E0,6.440373072E-1,3.390052494E-1,-3.043808495E-1,-6.145271850E-1,9.981293122E1,5.419472133E1,1.409081805E0,-8.659260292E1
2.401230375E0,6.441439256E-1,3.399559454E-1,-3.045674441E-1,-6.137973833E-1,9.979695949E1,5.430156602E1,1.430113714E0,-8.650267781E1
2.411199375E0,6.442813072E-1,3.408400888E-1,-3.046868593E-1,-6.131031575E-1,9.977637657E1,5.439635150E1,1.451581897E0,-8.641317914E1
2.421169708E0,6.443578037E-1,3.415537297E-1,-3.048443515E-1,-6.125471985E-1,9.976491428E1,5.447824636E1,1.465664812E0,-8.634591738E1
2.431138708E0,6.445142541E-1,3.421329157E-1,-3.050108698E-1,-6.119761916E-1,9.974146865E1,5.454827876E1,1.466169420E0,-8.627726512E1
2.441108708E0,6.446061580E-1,3.424968234E-1,-3.052931997E-1,-6.115348904E-1,9.972769407E1,5.460784903E1,1.450297400E0,-8.623506046E1
2.451077708E0,6.447382317E-1,3.427256716E-1,-3.056361156E-1,-6.110959033E-1,9.970789636E1,5.465989173E1,1.419128378E0,-8.619752112E1
2.461047708E0,6.449476778E-1,3.429415807E-1,-3.059775565E-1,-6.105828313E-1,9.967649471E1,5.471067784E1,1.381503796E0,-8.614956503E1
2.471016708E0,6.451301829E-1,3.431542023E-1,-3.063131389E-1,-6.101020951E-1,9.964912633E1,5.476059542E1,1.346259160E0,-8.610580944E1
2.480986708E0,6.453646801E-1,3.434293369E-1,-3.065352106E-1,-6.095874900E-1,9.961395313E1,5.480661410E1,1.320581737E0,-8.604937383E1
2.490955708E0,6.456342921E-1,3.437546566E-1,-3.066316123E-1,-6.090698859E-1,9.957350163E1,5.484648056E1,1.306310896E0,-8.598371178E1
2.500925708E0,6.458937692E-1,3.440734383E-1,-3.066414497E-1,-6.086096212E-1,9.953455933E1,5.487815070E1,1.300565818E0,-8.592001344E1
2.510894708E0,6.462274287E-1,3.444126097E-1,-3.065394385E-1,-6.081147079E-1,9.948446729E1,5.490210462E1,1.300517361E0,-8.584362454E1
2.520864708E0,6.464936861E-1,3.446957088E-1,-3.064261491E-1,-6.077284162E-1,9.944448096E1,5.491965152E1,1.304027760E0,-8.578166024E1
2.530833708E0,6.468227582E-1,3.449264101E-1,-3.062355294E-1,-6.073433732E-1,9.939504484E1,5.492552372E1,1.307449559E0,-8.571445745E1
2.540803708E0,6.471540864E-1,3.450253051E-1,-3.060401604E-1,-6.070326969E-1,9.934525149E1,5.491836823E1,1.304909714E0,-8.565734519E1
2.550772708E0,6.473260811E-1,3.449932142E-1,-3.059363276E-1,-6.069197078E-1,9.931939618E1,5.490644235E1,1.299879639E0,-8.563428125E1
2.560742708E0,6.474701588E-1,3.450143021E-1,-3.058402605E-1,-6.068026041E-1,9.929773372E1,5.490026810E1,1.298792829E0,-8.561118887E1
2.570711708E0,6.474043307E-1,3.450171220E-1,-3.058476401E-1,-6.068674207E-1,9.930763159E1,5.490109902E1,1.303312250E0,-8.562074270E1
2.580681708E0,6.472715734E-1,3.449959314E-1,-3.058709381E-1,-6.070093660E-1,9.932759066E1,5.490093489E1,1.310376827E0,-8.564217622E1
2.590650708E0,6.472034009E-1,3.449642422E-1,-3.058379319E-1,-6.071166508E-1,9.933783874E1,5.489493136E1,1.317252702E0,-8.565481658E1
2.600620708E0,6.470270071E-1,3.448331681E-1,-3.058819727E-1,-6.073567706E-1,9.936435165E1,5.488598193E1,1.320539639E0,-8.569142856E1
2.610589708E0,6.468805283E-1,3.447343430E-1,-3.059572377E-1,-6.075309820E-1,9.938636422E1,5.488289315E1,1.320098600E0,-8.572105033E1
2.620559708E0,6.466856966E-1,3.446751952E-1,-3.061370942E-1,-6.076814752E-1,9.941563764E1,5.489268355E1,1.315426239E0,-8.575473293E1
2.630528708E0,6.464363427E-1,3.446489390E-1,-3.063986983E-1,-6.078296767E-1,9.945309375E1,5.491270051E1,1.308818090E0,-8.579386502E1
2.640498708E0,6.462629954E-1,3.447104602E-1,-3.066608649E-1,-6.078470807E-1,9.947912660E1,5.494128696E1,1.300459749E0,-8.581478328E1
2.650467708E0,6.459907820E-1,3.447564385E-1,-3.070300752E-1,-6.079238169E-1,9.951999678E1,5.497762472E1,1.288925887E0,-8.585156300E1
2.660437708E0,6.457624739E-1,3.448077667E-1,-3.074058210E-1,-6.079475443E-1,9.955426552E1,5.501512618E1,1.273663062E0,-8.588143536E1
2.670406708E0,6.454315408E-1,3.447812959E-1,-3.078656036E-1,-6.080813144E-1,9.960392275E1,5.505243211E1,1.254750980E0,-8.593266561E1
2.680376708E0,6.451180512E-1,3.446789225E-1,-3.083561494E-1,-6.082234349E-1,9.965094576E1,5.508522988E1,1.228020496E0,-8.598730275E1
2.690345708E0,6.448523680E-1,3.444648692E-1,-3.088770739E-1,-6.083620032E-1,9.969078514E1,5.511011536E1,1.189457047E0,-8.604367029E1
2.700315708E0,6.445033355E-1,3.440815660E-1,-3.095299484E-1,-6.086168797E-1,9.974310505E1,5.513039348E1,1.136910525E0,-8.612576088E1
2.710284708E0,6.441429812E-1,3.436208680E-1,-3.102700378E-1,-6.088817292E-1,9.979710096E1,5.515106493E1,1.073350374E0,-8.621557434E1
2.720254708E0,6.438663754E-1,3.431691157E-1,-3.110133620E-1,-6.090499333E-1,9.983853338E1,5.517311246E1,1.003424257E0,-8.629222946E1
2.730223708E0,6.436698815E-1,3.427566113E-1,-3.117125071E-1,-6.091323778E-1,9.986795828E1,5.519521306E1,9.332975202E-1,-8.635383973E1
2.740193708E0,6.434924209E-1,3.423707925E-1,-3.123812578E-1,-6.091944404E-1,9.989452749E1,5.521730914E1,8.658193392E-1,-8.641051809E1
2.750162708E0,6.434149747E-1,3.420891488E-1,-3.129747881E-1,-6.091296831E-1,9.990612103E1,5.524283359E1,8.026243155E-1,-8.644413571E1
2.760132708E0,6.433052770E-1,3.419116711E-1,-3.135658529E-1,-6.090412063E-1,9.992254086E1,5.527807026E1,7.471270529E-1,-8.647432805E1
2.770101708E0,6.432406554E-1,3.418989019E-1,-3.141389644E-1,-6.088213367E-1,9.993221268E1,5.532743053E1,6.976957021E-1,-8.648492694E1
2.780071708E0,6.431472461E-1,3.420090632E-1,-3.147674688E-1,-6.085334013E-1,9.994619187E1,5.539335909E1,6.511356092E-1,-8.649009843E1
2.790040708E0,6.430320509E-1,3.422613569E-1,-3.154275701E-1,-6.081714099E-1,9.996342947E1,5.547558731E1,6.100436669E-1,-8.648731976E1
2.800010708E0,6.430180989E-1,3.426589650E-1,-3.159945347E-1,-6.076677143E-1,9.996551707E1,5.556345222E1,5.767015006E-1,-8.645812978E1
2.809979708E0,6.429908997E-1,3.430787779E-1,-3.165249647E-1,-6.071834193E-1,9.996958673E1,5.565021415E1,5.487958037E-1,-8.642911652E1
2.819949708E0,6.429792014E-1,3.435179006E-1,-3.170306057E-1,-6.066834549E-1,9.997133705E1,5.573664862E1,5.228359586E-1,-8.639623067E1
2.829918708E0,6.430227983E-1,3.439688667E-1,-3.175004640E-1,-6.061356974E-1,9.996481391E1,5.582109352E1,4.963907185E-1,-8.635419706E1
2.839888708E0,6.430565145E-1,3.444128666E-1,-3.179426437E-1,-6.056159438E-1,9.995976897E1,5.590245067E1,4.729058200E-1,-8.631415375E1
2.849857708E0,6.432178105E-1,3.449041171E-1,-3.182283704E-1,-6.050147190E-1,9.993563167E1,5.597452709E1,4.562983074E-1,-8.625145122E1
2.859827708E0,6.434847897E-1,3.453627183E-1,-3.183728063E-1,-6.043927790E-1,9.989566991E1,5.603105889E1,4.430927014E-1,-8.617563282E1
2.869796708E0,6.438324801E-1,3.457164304E-1,-3.184433022E-1,-6.037827666E-1,9.984360964E1,5.607111699E1,4.255375782E-1,-8.609614865E1
2.879766708E0,6.441535153E-1,3.458941637E-1,-3.185673825E-1,-6.032729135E-1,9.979552283E1,5.609914496E1,3.967513000E-1,-8.603455148E1
2.889735708E0,6.443767066E-1,3.458960945E-1,-3.188112521E-1,-6.029046528E-1,9.976208172E1,5.612096920E1,3.561322477E-1,-8.600140153E1
2.899705708E0,6.446886499E-1,3.458682605E-1,-3.190264710E-1,-6.024730124E-1,9.971532896E1,5.613743586E1,3.098052807E-1,-8.595742057E1
2.909674708E0,6.450872906E-1,3.458389526E-1,-3.191583222E-1,-6.019931969E-1,9.965555894E1,5.614640429E1,2.644461014E-1,-8.590071073E1
2.919644708E0,6.454522177E-1,3.457611061E-1,-3.192582115E-1,-6.015935407E-1,9.960082065E1,5.614789205E1,2.225061283E-1,-8.585278523E1
2.929613708E0,6.458807919E-1,3.457509618E-1,-3.192555852E-1,-6.011406057E-1,9.953650723E1,5.614677446E1,1.883765320E-1,-8.579000967E1
2.939583708E0,6.462615729E-1,3.457940991E-1,-3.192304868E-1,-6.007197852E-1,9.947934020E1,5.614873353E1,1.626011087E-1,-8.573005837E1
2.949552708E0,6.466624790E-1,3.459103309E-1,-3.191872533E-1,-6.002441949E-1,9.941912566E1,5.615605731E1,1.402885799E-1,-8.566125463E1
2.959522708E0,6.470796459E-1,3.460773273E-1,-3.191646521E-1,-5.997102813E-1,9.935644031E1,5.617004716E1,1.170188306E-1,-8.558597070E1
2.969491708E0,6.474568443E-1,3.462374089E-1,-3.192155576E-1,-5.991833772E-1,9.929973573E1,5.618984780E1,8.954215458E-2,-8.551710281E1
2.979461708E0,6.478311426E-1,3.463627668E-1,-3.193105013E-1,-5.986554958E-1,9.924344357E1,5.621020796E1,5.645778128E-2,-8.545139072E1
2.989430708E0,6.481559051E-1,3.463826167E-1,-3.194827989E-1,-5.982004152E-1,9.919458222E1,5.622729581E1,1.507594076E-2,-8.540143196E1
2.999400708E0,6.483260256E-1,3.462515518E-1,-3.197766770E-1,-5.979348742E-1,9.916898008E1,5.624067380E1,-3.250550328E-2,-8.538651405E1
3.009369708E0,6.485185103E-1,3.460723316E-1,-3.200744564E-1,-5.976706556E-1,9.914000639E1,5.624980074E1,-8.444625344E-2,-8.537209769E1
3.019339708E0,6.485437931E-1,3.457421479E-1,-3.205027579E-1,-5.976045746E-1,9.913620023E1,5.625605004E1,-1.424357464E-1,-8.539454860E1
3.029308708E0,6.485710806E-1,3.453667446E-1,-3.209721065E-1,-5.975401980E-1,9.913209218E1,5.626165793E1,-2.065761442E-1,-8.542030021E1
3.039278708E0,6.485747184E-1,3.449273966E-1,-3.214857172E-1,-5.975139695E-1,9.913154451E1,5.626514219E1,-2.760029266E-1,-8.545460659E1
3.049247708E0,6.484418267E-1,3.443701626E-1,-3.220864468E-1,-5.976559648E-1,9.915154990E1,5.626522302E1,-3.482965594E-1,-8.551852393E1
3.059217708E0,6.483517220E-1,3.437695154E-1,-3.226714576E-1,-5.977840017E-1,9.916511250E1,5.625990093E1,-4.245287844E-1,-8.557943168E1
3.069186708E0,6.481634257E-1,3.430514621E-1,-3.233097690E-1,-5.980557488E-1,9.919345052E1,5.624833314E1,-5.034837891E-1,-8.566412152E1
3.079156708E0,6.480055410E-1,3.422940319E-1,-3.238989911E-1,-5.983419285E-1,9.921720709E1,5.622884718E1,-5.820743780E-1,-8.574723667E1
3.089125708E0,6.478065025E-1,3.414949039E-1,-3.244467974E-1,-5.987172251E-1,9.924715002E1,5.620194583E1,-6.554624090E-1,-8.583961282E1
3.099095708E0,6.475181180E-1,3.407217496E-1,-3.249001836E-1,-5.992235089E-1,9.929052217E1,5.616934941E1,-7.116631686E-1,-8.594307350E1
3.109064708E0,6.473184657E-1,3.401144241E-1,-3.251261223E-1,-5.996616280E-1,9.932054108E1,5.613227065E1,-7.456194355E-1,-8.602025900E1
3.119034708E0,6.471440726E-1,3.396248634E-1,-3.251880611E-1,-6.000935383E-1,9.934675667E1,5.609175841E1,-7.605481986E-1,-8.608439853E1
3.129003708E0,6.470430123E-1,3.392409372E-1,-3.251128395E-1,-6.004603766E-1,9.936194619E1,5.604897924E1,-7.633456117E-1,-8.612936571E1
3.138973708E0,6.470552586E-1,3.389724743E-1,-3.249046637E-1,-6.007112952E-1,9.936010565E1,5.600517191E1,-7.570914579E-1,-8.614844693E1
3.148942708E0,6.472120502E-1,3.387996755E-1,-3.245663898E-1,-6.008228105E-1,9.933653857E1,5.595870748E1,-7.454053456E-1,-8.613861289E1
3.158912708E0,6.472946132E-1,3.385467220E-1,-3.242595489E-1,-6.010420189E-1,9.932412700E1,5.590755468E1,-7.346269602E-1,-8.614601588E1
3.168881708E0,6.474791005E-1,3.383136473E-1,-3.239189628E-1,-6.011582073E-1,9.929638920E1,5.585521716E1,-7.277599618E-1,-8.613670908E1
3.178851708E0,6.476715720E-1,3.381289091E-1,-3.235894673E-1,-6.012323567E-1,9.926744489E1,5.580842364E1,-7.203023318E-1,-8.612245058E1
3.188820708E0,6.478742588E-1,3.380037870E-1,-3.232709517E-1,-6.012555770E-1,9.923695765E1,5.576821708E1,-7.118915952E-1,-8.610199836E1
3.198790708E0,6.480366164E-1,3.378832628E-1,-3.230085296E-1,-6.012894552E-1,9.921253158E1,5.573346605E1,-7.054104124E-1,-8.608720259E1
3.208759708E0,6.482028436E-1,3.377705687E-1,-3.228060496E-1,-6.012823745E-1,9.918751875E1,5.570477744E1,-7.045621484E-1,-8.607120457E1
3.218729708E0,6.484958195E-1,3.377637119E-1,-3.226127931E-1,-6.010739452E-1,9.914342224E1,5.568678724E1,-7.095783293E-1,-8.602808380E1
3.228698708E0,6.488441395E-1,3.378854597E-1,-3.224625962E-1,-6.007101151E-1,9.909097694E1,5.568469469E1,-7.169897225E-1,-8.596671580E1
3.238668708E0,6.491360854E-1,3.380954656E-1,-3.223749426E-1,-6.003233388E-1,9.904700391E1,5.569650464E1,-7.217865836E-1,-8.590684741E1
3.248637708E0,6.495032767E-1,3.384097717E-1,-3.222485271E-1,-5.998167258E-1,9.899167695E1,5.571467670E1,-7.239666815E-1,-8.582762251E1
3.258607708E0,6.497941848E-1,3.386409578E-1,-3.221754761E-1,-5.994104196E-1,9.894782783E1,5.572981416E1,-7.291465501E-1,-8.576621868E1
3.268576708E0,6.501251086E-1,3.387363835E-1,-3.221123349E-1,-5.990313640E-1,9.889792961E1,5.573299670E1,-7.448201433E-1,-8.570932316E1
3.278546708E0,6.505087530E-1,3.386644698E-1,-3.220662795E-1,-5.986803413E-1,9.884005869E1,5.572186496E1,-7.741094157E-1,-8.565756657E1
3.288515708E0,6.508450954E-1,3.383509130E-1,-3.221357639E-1,-5.984545080E-1,9.878930243E1,5.569817035E1,-8.219765789E-1,-8.563158688E1
3.298485708E0,6.511337354E-1,3.377787090E-1,-3.223611837E-1,-5.983425475E-1,9.874572940E1,5.566392296E1,-8.930331036E-1,-8.563280395E1
3.308454708E0,6.512940014E-1,3.368877865E-1,-3.227994911E-1,-5.984340668E-1,9.872152954E1,5.561865284E1,-9.892314596E-1,-8.567777446E1
3.318424708E0,6.514065994E-1,3.356885934E-1,-3.233665236E-1,-5.986791270E-1,9.870452485E1,5.555600679E1,-1.108551526E0,-8.575343814E1
3.328393708E0,6.516149023E-1,3.342028304E-1,-3.239623560E-1,-5.989615820E-1,9.867306095E1,5.546921194E1,-1.251902719E0,-8.583642495E1
3.338363708E0,6.517211861E-1,3.322872439E-1,-3.247075244E-1,-5.995078157E-1,9.865700405E1,5.535600918E1,-1.422224218E0,-8.596691616E1
3.348332708E0,6.518352249E-1,3.300413470E-1,-3.255417126E-1,-6.001717234E-1,9.863977340E1,5.522061701E1,-1.618026867E0,-8.612040528E1
3.358302708E0,6.518974653E-1,3.275483565E-1,-3.264536906E-1,-6.009740835E-1,9.863036828E1,5.507021858E1,-1.829909718E0,-8.629903070E1
3.368271708E0,6.518135535E-1,3.248793287E-1,-3.274272350E-1,-6.019834557E-1,9.864304800E1,5.491044899E1,-2.045840005E0,-8.651119982E1
3.378241708E0,6.517295759E-1,3.221652170E-1,-3.283769953E-1,-6.030147259E-1,9.865573646E1,5.474570837E1,-2.262927018E0,-8.672501648E1
3.388210708E0,6.515707297E-1,3.194065148E-1,-3.293582806E-1,-6.041177458E-1,9.867973377E1,5.458122212E1,-2.480659065E0,-8.695159672E1
3.398180708E0,6.514360706E-1,3.166974928E-1,-3.303271014E-1,-6.051593209E-1,9.870007371E1,5.442146863E1,-2.697857499E0,-8.716917367E1
3.408149708E0,6.512563775E-1,3.140054537E-1,-3.313075991E-1,-6.062185344E-1,9.872721108E1,5.426576105E1,-2.913056261E0,-8.739056095E1
3.418119833E0,6.510006199E-1,3.113354522E-1,-3.322581356E-1,-6.073490920E-1,9.876582626E1,5.411089579E1,-3.119686205E0,-8.762012202E1
3.428088833E0,6.507990091E-1,3.087730107E-1,-3.331140512E-1,-6.084035021E-1,9.879625829E1,5.395826815E1,-3.317182982E0,-8.783233931E1
3.438058833E0,6.505359443E-1,3.062665179E-1,-3.339739931E-1,-6.094794953E-1,9.883595606E1,5.381239818E1,-3.508570792E0,-8.804835390E1
3.448027833E0,6.502781109E-1,3.038796918E-1,-3.348260417E-1,-6.104810520E-1,9.887485294E1,5.367760214E1,-3.694384536E0,-8.825380498E1
3.457997833E0,6.501415723E-1,3.016966510E-1,-3.356406586E-1,-6.112614259E-1,9.889544667E1,5.355808205E1,-3.875969284E0,-8.842574539E1
3.467966833E0,6.499609058E-1,2.996452533E-1,-3.365265696E-1,-6.119749128E-1,9.892269119E1,5.345774378E1,-4.054623100E0,-8.859413226E1
3.477936833E0,6.499161959E-1,2.978731126E-1,-3.373462757E-1,-6.124362021E-1,9.892943259E1,5.337623792E1,-4.222915082E0,-8.872223739E1
3.487905833E0,6.499813181E-1,2.964187237E-1,-3.380508722E-1,-6.126841467E-1,9.891961330E1,5.331225887E1,-4.371978759E0,-8.881160965E1
3.497875833E0,6.501463441E-1,2.952959883E-1,-3.385925712E-1,-6.127520242E-1,9.889472700E1,5.326241065E1,-4.495627456E0,-8.886311408E1
3.507844833E0,6.505104323E-1,2.944895426E-1,-3.388847410E-1,-6.125921797E-1,9.883980532E1,5.321673274E1,-4.593861804E0,-8.886319757E1
3.517814833E0,6.509451823E-1,2.937959319E-1,-3.389917519E-1,-6.124043259E-1,9.877419495E1,5.316369807E1,-4.674003202E0,-8.884494765E1
3.527783833E0,6.515774864E-1,2.931948151E-1,-3.389080245E-1,-6.120660382E-1,9.867871311E1,5.310036914E1,-4.746107272E0,-8.879065979E1
3.537753833E0,6.522470839E-1,2.925342765E-1,-3.387872870E-1,-6.117357228E-1,9.857752519E1,5.302824271E1,-4.820748985E0,-8.873461843E1
3.547722833E0,6.527995527E-1,2.916854759E-1,-3.387643644E-1,-6.115645144E-1,9.849397956E1,5.294911961E1,-4.906012571E0,-8.870857739E1
3.557692833E0,6.533254229E-1,2.906992844E-1,-3.388290993E-1,-6.114365948E-1,9.841440744E1,5.286613391E1,-5.005016755E0,-8.869543012E1
3.567661833E0,6.537611028E-1,2.895418792E-1,-3.390183913E-1,-6.114151341E-1,9.834844634E1,5.278008164E1,-5.118362001E0,-8.870694740E1
3.577631833E0,6.540783079E-1,2.882108212E-1,-3.393541516E-1,-6.115184703E-1,9.830040146E1,5.269300722E1,-5.246218602E0,-8.874744826E1
3.587600833E0,6.544334517E-1,2.867957644E-1,-3.397643853E-1,-6.115760284E-1,9.824658958E1,5.260542390E1,-5.388674974E0,-8.878733723E1
3.597570833E0,6.546788926E-1,2.852510956E-1,-3.402862344E-1,-6.117456497E-1,9.820938726E1,5.251762770E1,-5.540779990E0,-8.885179011E1
3.607539833E0,6.549763479E-1,2.837178960E-1,-3.407590193E-1,-6.118770807E-1,9.816428690E1,5.242631502E1,-5.691794282E0,-8.890710315E1
3.617509833E0,6.553678855E-1,2.822406226E-1,-3.410563917E-1,-6.119753737E-1,9.810489826E1,5.232343147E1,-5.830517759E0,-8.894405390E1
3.627478833E0,6.557599921E-1,2.807906420E-1,-3.411512247E-1,-6.121692769E-1,9.804539654E1,5.220446871E1,-5.949038029E0,-8.897863511E1
3.637448833E0,6.562122818E-1,2.794224604E-1,-3.410058286E-1,-6.123915897E-1,9.797672875E1,5.207027769E1,-6.045171106E0,-8.899839938E1
3.647417833E0,6.567235205E-1,2.781304567E-1,-3.406586993E-1,-6.126250015E-1,9.789906808E1,5.192386714E1,-6.122688944E0,-8.900393861E1
3.657387833E0,6.571004832E-1,2.768204141E-1,-3.402287935E-1,-6.130527907E-1,9.784177548E1,5.176923046E1,-6.183782285E0,-8.903052426E1
3.667356833E0,6.575604594E-1,2.756108865E-1,-3.396439191E-1,-6.134288394E-1,9.777183224E1,5.160860256E1,-6.231015168E0,-8.903776711E1
3.677326833E0,6.579307735E-1,2.743748406E-1,-3.390220897E-1,-6.139295321E-1,9.771549580E1,5.144297506E1,-6.269921442E0,-8.905989180E1
3.687295833E0,6.583125949E-1,2.731108724E-1,-3.383875531E-1,-6.144337217E-1,9.765738337E1,5.127383554E1,-6.310272576E0,-8.908166767E1
3.697265833E0,6.586396584E-1,2.717467528E-1,-3.378198298E-1,-6.150002557E-1,9.760758449E1,5.110272506E1,-6.358806955E0,-8.911763091E1
3.707234833E0,6.589321694E-1,2.702670454E-1,-3.373424483E-1,-6.156006678E-1,9.756303055E1,5.093038250E1,-6.420151028E0,-8.916556569E1
3.717204833E0,6.592887423E-1,2.687308981E-1,-3.369146367E-1,-6.161254699E-1,9.750869845E1,5.075751196E1,-6.494287512E0,-8.920673147E1
3.727173833E0,6.596858275E-1,2.671516715E-1,-3.365033941E-1,-6.166116983E-1,9.744816677E1,5.058238381E1,-6.575671872E0,-8.924380087E1
3.737143833E0,6.600953711E-1,2.655310541E-1,-3.360555285E-1,-6.171174157E-1,9.738570653E1,5.040046357E1,-6.657252871E0,-8.928090898E1
3.747112833E0,6.606824385E-1,2.639026052E-1,-3.354825631E-1,-6.174993886E-1,9.729611957E1,5.020535113E1,-6.740658207E0,-8.929080517E1
3.757082833E0,6.612906096E-1,2.621386016E-1,-3.348685152E-1,-6.179329190E-1,9.720324711E1,4.999496798E1,-6.829930696E0,-8.930498218E1
3.767051833E0,6.619534294E-1,2.602624030E-1,-3.342189374E-1,-6.183678561E-1,9.710195376E1,4.977160532E1,-6.926670084E0,-8.931674143E1
3.777021833E0,6.626212330E-1,2.583243355E-1,-3.335597475E-1,-6.188211586E-1,9.699981872E1,4.954228580E1,-7.026847423E0,-8.933052383E1
3.786990833E0,6.632341127E-1,2.563644385E-1,-3.329023252E-1,-6.193333468E-1,9.690601292E1,4.931189686E1,-7.124989239E0,-8.935302005E1
3.796960833E0,6.637755983E-1,2.543865264E-1,-3.322670905E-1,-6.199096800E-1,9.682307787E1,4.908278791E1,-7.221657185E0,-8.938657582E1
3.806929833E0,6.641746144E-1,2.523681876E-1,-3.317398861E-1,-6.205892860E-1,9.676192964E1,4.886150239E1,-7.321247632E0,-8.944339882E1
3.816899833E0,6.644230503E-1,2.502985903E-1,-3.313760930E-1,-6.213554091E-1,9.672384280E1,4.865232708E1,-7.429089737E0,-8.952534363E1
3.826868833E0,6.646317813E-1,2.482684846E-1,-3.311437980E-1,-6.220700313E-1,9.669183429E1,4.845914458E1,-7.544525247E0,-8.961014356E1
3.836838833E0,6.647258899E-1,2.462507675E-1,-3.310672382E-1,-6.228118632E-1,9.667740030E1,4.828253339E1,-7.666232976E0,-8.971095166E1
3.846807833E0,6.648278023E-1,2.443088225E-1,-3.310712290E-1,-6.234653066E-1,9.666176757E1,4.811992296E1,-7.791845520E0,-8.980536184E1
3.856777833E0,6.648660598E-1,2.423986693E-1,-3.311571822E-1,-6.241240737E-1,9.665589863E1,4.796836491E1,-7.919211029E0,-8.990697417E1
3.866746833E0,6.648321750E-1,2.405148475E-1,-3.312998757E-1,-6.248130048E-1,9.666109678E1,4.782519314E1,-8.045764521E0,-9.001746360E1
3.876716833E0,6.648311582E-1,2.387156933E-1,-3.314540383E-1,-6.254219477E-1,9.666125276E1,4.769017155E1,-8.170880292E0,-9.011743297E1
3.886685833E0,6.647432979E-1,2.369173505E-1,-3.316437202E-1,-6.260982624E-1,9.667473016E1,4.755960309E1,-8.293781146E0,-9.023005322E1
3.896655833E0,6.646745695E-1,2.351692994E-1,-3.318110959E-1,-6.267412837E-1,9.668527180E1,4.743132258E1,-8.413271859E0,-9.033630786E1
3.906624833E0,6.646523581E-1,2.335324844E-1,-3.319091716E-1,-6.273246382E-1,9.668867843E1,4.730572064E1,-8.523037594E0,-9.042871581E1
3.916594833E0,6.646196706E-1,2.319816859E-1,-3.319336642E-1,-6.279214192E-1,9.669369165E1,4.718078182E1,-8.620363397E0,-9.051753522E1
3.926563833E0,6.647293552E-1,2.305439252E-1,-3.318472262E-1,-6.283802113E-1,9.667686878E1,4.705377362E1,-8.710310799E0,-9.057782951E1
3.936533833E0,6.648827038E-1,2.290518688E-1,-3.317827995E-1,-6.287975310E-1,9.665334524E1,4.692409528E1,-8.808868131E0,-9.063386538E1
3.946502833E0,6.651349330E-1,2.274255167E-1,-3.318320165E-1,-6.290951496E-1,9.661464417E1,4.679311244E1,-8.933125772E0,-9.068129832E1
3.956472833E0,6.654582098E-1,2.255925134E-1,-3.320770951E-1,-6.292838727E-1,9.656502478E1,4.666279165E1,-9.093346226E0,-9.072804681E1
3.966441833E0,6.657471476E-1,2.235663247E-1,-3.325682534E-1,-6.294420287E-1,9.652065986E1,4.654002467E1,-9.286346497E0,-9.078946900E1
3.976411833E0,6.660092140E-1,2.214382671E-1,-3.333025569E-1,-6.295286853E-1,9.648040762E1,4.643205501E1,-9.506626076E0,-9.085946430E1
3.986380833E0,6.660801906E-1,2.191615260E-1,-3.342845047E-1,-6.297296402E-1,9.646950375E1,4.633742726E1,-9.746863700E0,-9.096573083E1
3.996350833E0,6.660297040E-1,2.167686913E-1,-3.354016807E-1,-6.300170764E-1,9.647725992E1,4.624794219E1,-9.999466622E0,-9.109568147E1
4.006319833E0,6.659366885E-1,2.142573503E-1,-3.366035192E-1,-6.303333859E-1,9.649154847E1,4.615806996E1,-1.026529015E1,-9.123710038E1
4.016289833E0,6.658013300E-1,2.115784229E-1,-3.379078693E-1,-6.306832719E-1,9.651233871E1,4.606570589E1,-1.054927533E1,-9.139224723E1
4.026258833E0,6.654822770E-1,2.086486005E-1,-3.394108101E-1,-6.311888668E-1,9.656132998E1,4.597511006E1,-1.085653165E1,-9.158694275E1
4.036228833E0,6.651602237E-1,2.056188374E-1,-3.410439109E-1,-6.316422497E-1,9.661076301E1,4.589020322E1,-1.118295974E1,-9.178547340E1
4.046197833E0,6.648338938E-1,2.025645923E-1,-3.427327246E-1,-6.320583523E-1,9.666083311E1,4.581017611E1,-1.151680725E1,-9.198421009E1
4.056167833E0,6.644309502E-1,1.995076287E-1,-3.443996852E-1,-6.325480342E-1,9.672263151E1,4.573047343E1,-1.184491302E1,-9.219331602E1
4.066136833E0,6.641056398E-1,1.965686130E-1,-3.459078996E-1,-6.329867196E-1,9.677250190E1,4.564561611E1,-1.215682043E1,-9.238312541E1
4.076106833E0,6.637547462E-1,1.937174314E-1,-3.472208898E-1,-6.335147143E-1,9.682627261E1,4.555091583E1,-1.244447212E1,-9.257117789E1
4.086075833E0,6.635778822E-1,1.911125243E-1,-3.482263240E-1,-6.339391488E-1,9.685336665E1,4.544503556E1,-1.269982068E1,-9.271921714E1
4.096045833E0,6.635196958E-1,1.887703291E-1,-3.489010213E-1,-6.343307168E-1,9.686227906E1,4.532734353E1,-1.291585014E1,-9.283536667E1
4.106015833E0,6.636477116E-1,1.868149999E-1,-3.492436435E-1,-6.345870803E-1,9.684267007E1,4.520596243E1,-1.308808268E1,-9.290383302E1
4.115984833E0,6.639972473E-1,1.853529310E-1,-3.493093873E-1,-6.346140845E-1,9.678911429E1,4.509349145E1,-1.321617929E1,-9.291480370E1
4.125954833E0,6.644396417E-1,1.843449943E-1,-3.491413004E-1,-6.345370190E-1,9.672129883E1,4.499266692E1,-1.329820183E1,-9.289041521E1
4.135923833E0,6.649366861E-1,1.837426421E-1,-3.487384503E-1,-6.344125528E-1,9.664506339E1,4.490016649E1,-1.333479545E1,-9.283907872E1
4.145893833E0,6.654922935E-1,1.834903511E-1,-3.481368041E-1,-6.342333167E-1,9.655979221E1,4.481507668E1,-1.333318387E1,-9.276281460E1
4.155862833E0,6.658649941E-1,1.834051196E-1,-3.474706415E-1,-6.342321827E-1,9.650256071E1,4.473967019E1,-1.330261862E1,-9.270766898E1
4.165832833E0,6.661392832E-1,1.834804097E-1,-3.467814404E-1,-6.342995360E-1,9.646042489E1,4.467611058E1,-1.325270840E1,-9.266079011E1
4.175801833E0,6.662740056E-1,1.836376543E-1,-3.461027550E-1,-6.344834438E-1,9.643972399E1,4.462210880E1,-1.318926382E1,-9.263218324E1
4.185771833E0,6.662979581E-1,1.837968114E-1,-3.454607215E-1,-6.347618527E-1,9.643604319E1,4.457343365E1,-1.312199218E1,-9.262078519E1
4.195740833E0,6.662927109E-1,1.839280619E-1,-3.448797641E-1,-6.350452692E-1,9.643684955E1,4.452884371E1,-1.306030385E1,-9.261527980E1
4.205710833E0,6.661762012E-1,1.839378821E-1,-3.443960447E-1,-6.354270511E-1,9.645475255E1,4.448566326E1,-1.300868129E1,-9.263258559E1
4.215679833E0,6.661302980E-1,1.839110557E-1,-3.439488456E-1,-6.357249925E-1,9.646180540E1,4.444203597E1,-1.296735070E1,-9.264049384E1
4.225649833E0,6.661114899E-1,1.838229846E-1,-3.435303116E-1,-6.359964287E-1,9.646469507E1,4.439595969E1,-1.293452558E1,-9.264690849E1
4.235618833E0,6.659761867E-1,1.836202371E-1,-3.431638237E-1,-6.363944754E-1,9.648548116E1,4.434759686E1,-1.290693278E1,-9.267660346E1
4.245588833E0,6.659017014E-1,1.834446270E-1,-3.427693976E-1,-6.367355817E-1,9.649692261E1,4.429781856E1,-1.287883397E1,-9.269556918E1
4.255557833E0,6.656931640E-1,1.832314746E-1,-3.423853714E-1,-6.372214453E-1,9.652894992E1,4.424807531E1,-1.284587224E1,-9.273708628E1
4.265527833E0,6.654720959E-1,1.830701312E-1,-3.419676592E-1,-6.377227900E-1,9.656289300E1,4.419936681E1,-1.280560435E1,-9.277821698E1
4.275496833E0,6.652417094E-1,1.829727351E-1,-3.415315605E-1,-6.382246865E-1,9.659825730E1,4.415403358E1,-1.275876540E1,-9.281796922E1
4.285466833E0,6.648974776E-1,1.828879778E-1,-3.411072260E-1,-6.388341905E-1,9.665107872E1,4.411243331E1,-1.270506736E1,-9.287485066E1
4.295435833E0,6.645885992E-1,1.829200937E-1,-3.406560440E-1,-6.393869306E-1,9.669845683E1,4.407685879E1,-1.264318875E1,-9.292106125E1
4.305405833E0,6.642323846E-1,1.830478144E-1,-3.401969647E-1,-6.399647534E-1,9.675307410E1,4.404863077E1,-1.257112479E1,-9.297039903E1
4.315374833E0,6.638611577E-1,1.833077551E-1,-3.397267956E-1,-6.405249667E-1,9.680996854E1,4.402981243E1,-1.248807781E1,-9.301617933E1
4.325344833E0,6.635559132E-1,1.837549490E-1,-3.392476965E-1,-6.409669356E-1,9.685673172E1,4.402374440E1,-1.239546000E1,-9.304342776E1
4.335313833E0,6.631571664E-1,1.843106815E-1,-3.388020094E-1,-6.414556237E-1,9.691779386E1,4.403055701E1,-1.229257185E1,-9.308034343E1
4.345283833E0,6.628032211E-1,1.850678128E-1,-3.383241010E-1,-6.418555934E-1,9.697197118E1,4.404934229E1,-1.217574370E1,-9.310124885E1
4.355252833E0,6.624287161E-1,1.860057119E-1,-3.377788420E-1,-6.422581682E-1,9.702927085E1,4.407612551E1,-1.203923358E1,-9.311706437E1
4.365222833E0,6.620181887E-1,1.871187469E-1,-3.371396640E-1,-6.426938152E-1,9.709205288E1,4.410819986E1,-1.188014332E1,-9.313028696E1
4.375191833E0,6.616909467E-1,1.884499920E-1,-3.363764741E-1,-6.430416248E-1,9.714207630E1,4.414454276E1,-1.170028447E1,-9.312040236E1
4.385161833E0,6.613423284E-1,1.898887432E-1,-3.355511282E-1,-6.434081977E-1,9.719534619E1,4.418382754E1,-1.150634088E1,-9.310851187E1
4.395130833E0,6.610392287E-1,1.914542563E-1,-3.347002149E-1,-6.436989062E-1,9.724164297E1,4.423017313E1,-1.130444111E1,-9.308334501E1
4.405100833E0,6.606887170E-1,1.931332181E-1,-3.338829032E-1,-6.439815614E-1,9.729516112E1,4.428933632E1,-1.109503149E1,-9.305977394E1
4.415069833E0,6.602673803E-1,1.949503110E-1,-3.330770818E-1,-6.442834540E-1,9.735946416E1,4.436147299E1,-1.087303851E1,-9.304011503E1
4.425039458E0,6.599516365E-1,1.969500262E-1,-3.321983464E-1,-6.444522739E-1,9.740763116E1,4.444006317E1,-1.063897256E1,-9.299490076E1
4.435008458E0,6.596178196E-1,1.989813041E-1,-3.312746876E-1,-6.446455732E-1,9.745853589E1,4.451747462E1,-1.039798419E1,-9.295013736E1
4.444978458E0,6.594077452E-1,2.010275968E-1,-3.302944573E-1,-6.447286169E-1,9.749056058E1,4.458971548E1,-1.015903134E1,-9.288479339E1
4.454947458E0,6.591930663E-1,2.030136827E-1,-3.293780584E-1,-6.447946018E-1,9.752327911E1,4.466362278E1,-9.929903001E0,-9.282224614E1
4.464917458E0,6.590147667E-1,2.050214427E-1,-3.285821046E-1,-6.447475843E-1,9.755044696E1,4.475047427E1,-9.712635760E0,-9.275237877E1
4.474886458E0,6.587472554E-1,2.070712336E-1,-3.279428844E-1,-6.446914922E-1,9.759119758E1,4.485660779E1,-9.501232672E0,-9.269343170E1
4.484856458E0,6.585610098E-1,2.093309369E-1,-3.273795918E-1,-6.444381461E-1,9.761956131E1,4.498603631E1,-9.288003272E0,-9.261090195E1
4.494825458E0,6.582695762E-1,2.117552183E-1,-3.269379824E-1,-6.441680994E-1,9.766393203E1,4.514144116E1,-9.068474288E0,-9.253529867E1
4.504795458E0,6.579640780E-1,2.143364705E-1,-3.265185686E-1,-6.438390346E-1,9.771042794E1,4.531207029E1,-8.840167743E0,-9.245269443E1
4.514764458E0,6.575494900E-1,2.169103627E-1,-3.260875486E-1,-6.436191440E-1,9.777350066E1,4.548258889E1,-8.605026103E0,-9.238568057E1
4.524734458E0,6.569456561E-1,2.193431157E-1,-3.256915842E-1,-6.436115957E-1,9.786530986E1,4.564717891E1,-8.370855413E0,-9.235318134E1
4.534703458E0,6.563453328E-1,2.217099352E-1,-3.253389626E-1,-6.435916017E-1,9.795652180E1,4.581074781E1,-8.145541963E0,-9.232225898E1
4.544673458E0,6.556484485E-1,2.239906329E-1,-3.250825359E-1,-6.436417847E-1,9.806232588E1,4.597737834E1,-7.928675404E0,-9.230918489E1
4.554642458E0,6.548104984E-1,2.261948972E-1,-3.249261869E-1,-6.438028565E-1,9.818943500E1,4.614847034E1,-7.717006052E0,-9.232025052E1
4.564612458E0,6.540022614E-1,2.284317675E-1,-3.247599492E-1,-6.439185364E-1,9.831192127E1,4.632117182E1,-7.504530277E0,-9.232383852E1
4.574581458E0,6.530373512E-1,2.306024619E-1,-3.246038320E-1,-6.442026908E-1,9.845800295E1,4.649080257E1,-7.287453361E0,-9.235329449E1
4.584551458E0,6.520810336E-1,2.327973064E-1,-3.243866440E-1,-6.444914023E-1,9.860262548E1,4.665674267E1,-7.064177787E0,-9.237884766E1
4.594520458E0,6.511095079E-1,2.350137407E-1,-3.240973322E-1,-6.448147095E-1,9.874938733E1,4.681795590E1,-6.832377900E0,-9.240415286E1
4.604490458E0,6.501529277E-1,2.372952787E-1,-3.237009385E-1,-6.451433016E-1,9.889373408E1,4.697456395E1,-6.588127474E0,-9.242223797E1
4.614459458E0,6.492274577E-1,2.396689312E-1,-3.231771111E-1,-6.454603397E-1,9.903323843E1,4.712685689E1,-6.328996714E0,-9.242911213E1
4.624429458E0,6.483519191E-1,2.421523105E-1,-3.224969848E-1,-6.457536617E-1,9.916508284E1,4.727360285E1,-6.052609360E0,-9.242087429E1
4.634398458E0,6.474719914E-1,2.446649344E-1,-3.216921933E-1,-6.460907381E-1,9.929745817E1,4.741157147E1,-5.763464368E0,-9.241004320E1
4.644368458E0,6.467357441E-1,2.472275892E-1,-3.206917957E-1,-6.463498830E-1,9.940811862E1,4.753514077E1,-5.463674216E0,-9.237335062E1
4.654337458E0,6.460005154E-1,2.497324423E-1,-3.195119132E-1,-6.467063801E-1,9.951853562E1,4.763786745E1,-5.152250559E0,-9.233825121E1
4.664307458E0,6.453991503E-1,2.522281705E-1,-3.180725956E-1,-6.470476991E-1,9.960878202E1,4.771580102E1,-4.827737776E0,-9.228229818E1
4.674276458E0,6.447905246E-1,2.546370605E-1,-3.164587217E-1,-6.475022360E-1,9.970005692E1,4.777116173E1,-4.493329866E0,-9.223109909E1
4.684246458E0,6.441532799E-1,2.569739399E-1,-3.147762564E-1,-6.480330178E-1,9.979555810E1,4.781501052E1,-4.156047527E0,-9.218705962E1
4.694215458E0,6.435239784E-1,2.592987891E-1,-3.131061164E-1,-6.485411050E-1,9.988980312E1,4.785962189E1,-3.821639221E0,-9.214136083E1
4.704185458E0,6.427965550E-1,2.615909401E-1,-3.115425579E-1,-6.490947990E-1,9.999866187E1,4.791226034E1,-3.492755154E0,-9.211091390E1
4.714154458E0,6.421701060E-1,2.638849220E-1,-3.100346569E-1,-6.495081535E-1,1.000923403E2,4.797038022E1,-3.175763917E0,-9.206423910E1
4.724124458E0,6.416223978E-1,2.660744916E-1,-3.086166275E-1,-6.498314719E-1,1.001741915E2,4.802824019E1,-2.878807080E0,-9.201118630E1
4.734093458E0,6.410745764E-1,2.680278347E-1,-3.072984795E-1,-6.501939315E-1,1.002560106E2,4.807569222E1,-2.605698437E0,-9.197162628E1
4.744063458E0,6.406848441E-1,2.698180577E-1,-3.059405568E-1,-6.504779594E-1,1.003141888E2,4.810568494E1,-2.349874879E0,-9.191807916E1
4.754032458E0,6.403307102E-1,2.714506659E-1,-3.045286716E-1,-6.508098398E-1,1.003670317E2,4.811769046E1,-2.101656026E0,-9.186841701E1
4.764002458E0,6.400688917E-1,2.730613551E-1,-3.030611552E-1,-6.510786548E-1,1.004060865E2,4.812304709E1,-1.856203505E0,-9.180600354E1
4.773971458E0,6.398398361E-1,2.746873160E-1,-3.016248973E-1,-6.512867212E-1,1.004402450E2,4.813300568E1,-1.614972020E0,-9.173724402E1
4.783941458E0,6.395024176E-1,2.762813322E-1,-3.003683088E-1,-6.515244202E-1,1.004905479E2,4.815714875E1,-1.384655762E0,-9.168582636E1
4.793910458E0,6.391138823E-1,2.778867280E-1,-2.993381331E-1,-6.516971637E-1,1.005484488E2,4.820323867E1,-1.170423772E0,-9.164065926E1
4.803880458E0,6.385394569E-1,2.794911236E-1,-2.985989281E-1,-6.519131722E-1,1.006340070E2,4.827607080E1,-9.698636069E-1,-9.162216068E1
4.813849458E0,6.378667346E-1,2.811642863E-1,-2.980672285E-1,-6.520955581E-1,1.007341388E2,4.837394255E1,-7.770906796E-1,-9.161297279E1
4.823819458E0,6.371177799E-1,2.829110440E-1,-2.976050646E-1,-6.522833697E-1,1.008455324E2,4.848476242E1,-5.811391619E-1,-9.160943121E1
4.833788458E0,6.362951050E-1,2.846494843E-1,-2.970301302E-1,-6.525920216E-1,1.009677874E2,4.858490867E1,-3.711458060E-1,-9.161636107E1
4.843758458E0,6.355907660E-1,2.862981764E-1,-2.962275782E-1,-6.529218438E-1,1.010723715E2,4.865682736E1,-1.546048355E-1,-9.161111336E1
4.853727458E0,6.349133792E-1,2.877180238E-1,-2.953572836E-1,-6.533509013E-1,1.011728795E2,4.870278855E1,5.208635678E-2,-9.161633710E1
4.863697458E0,6.342765574E-1,2.888924427E-1,-2.945738188E-1,-6.538048058E-1,1.012673026E2,4.873517634E1,2.335382102E-1,-9.163138270E1
4.873667458E0,6.337588967E-1,2.898335043E-1,-2.939680776E-1,-6.541628143E-1,1.013440104E2,4.876317501E1,3.774004453E-1,-9.164421681E1
4.883636458E0,6.332832102E-1,2.905286891E-1,-2.936476204E-1,-6.544589551E-1,1.014144613E2,4.879529073E1,4.786538882E-1,-9.166707906E1
4.893605458E0,6.328712715E-1,2.910335421E-1,-2.936017465E-1,-6.546536690E-1,1.014754423E2,4.883541631E1,5.402001202E-1,-9.169323003E1
4.903575458E0,6.325201027E-1,2.913997621E-1,-2.937299934E-1,-6.547725244E-1,1.015274063E2,4.887904622E1,5.741628572E-1,-9.171971866E1
4.913545458E0,6.321136200E-1,2.916003586E-1,-2.939466507E-1,-6.549784723E-1,1.015875314E2,4.891601724E1,5.940849154E-1,-9.176524862E1
4.923514458E0,6.316794179E-1,2.917170166E-1,-2.941702864E-1,-6.552450143E-1,1.016517282E2,4.894620635E1,6.101892930E-1,-9.182037413E1
4.933484458E0,6.312764032E-1,2.919517833E-1,-2.943167379E-1,-6.554631730E-1,1.017112877E2,4.897985673E1,6.381083238E-1,-9.186305081E1
4.943453458E0,6.308491645E-1,2.923797146E-1,-2.943554986E-1,-6.556662747E-1,1.017743996E2,4.902078080E1,6.886657744E-1,-9.189621977E1
4.953423458E0,6.304917487E-1,2.929750883E-1,-2.942225602E-1,-6.558039368E-1,1.018271756E2,4.906101406E1,7.596863522E-1,-9.190797919E1
4.963392458E0,6.302363599E-1,2.936647523E-1,-2.939420999E-1,-6.558667145E-1,1.018648742E2,4.909635431E1,8.425003080E-1,-9.189854476E1
4.973362458E0,6.299425384E-1,2.943188221E-1,-2.936189671E-1,-6.560005466E-1,1.019082335E2,4.912471082E1,9.294047409E-1,-9.189695059E1
4.983331458E0,6.297156158E-1,2.949784160E-1,-2.932618191E-1,-6.560818940E-1,1.019417114E2,4.915059161E1,1.015156802E0,-9.188520265E1
4.993301458E0,6.293902869E-1,2.956563340E-1,-2.929702191E-1,-6.562192479E-1,1.019896934E2,4.918395128E1,1.102755947E0,-9.188632277E1
5.003270458E0,6.290487302E-1,2.964245345E-1,-2.927234172E-1,-6.563101995E-1,1.020400512E2,4.922936498E1,1.192887073E0,-9.188349569E1
5.013240458E0,6.286346743E-1,2.972066518E-1,-2.925506591E-1,-6.564304076E-1,1.021010741E2,4.928265095E1,1.282156827E0,-9.189006015E1
5.023209458E0,6.282477662E-1,2.979920184E-1,-2.924255650E-1,-6.565004556E-1,1.021580722E2,4.934059101E1,1.365623847E0,-9.189227901E1
5.033179458E0,6.279842575E-1,2.987740647E-1,-2.923233895E-1,-6.564427210E-1,1.021968784E2,4.940052262E1,1.438684718E0,-9.187679175E1
5.043148458E0,6.276932770E-1,2.994744789E-1,-2.923457517E-1,-6.563917220E-1,1.022397180E2,4.946442490E1,1.497779813E0,-9.187066237E1
5.053118458E0,6.274034318E-1,3.001649012E-1,-2.924770243E-1,-6.562950806E-1,1.022823776E2,4.953730143E1,1.546676475E0,-9.186495967E1
5.063087458E0,6.271620660E-1,3.009508441E-1,-2.926402284E-1,-6.560929773E-1,1.023178922E2,4.962168403E1,1.595192816E0,-9.184553418E1
5.073057458E0,6.268964184E-1,3.017979747E-1,-2.928203430E-1,-6.558773079E-1,1.023569694E2,4.971307341E1,1.647414059E0,-9.182522280E1
5.083026458E0,6.267239126E-1,3.027278547E-1,-2.929473374E-1,-6.555568641E-1,1.023823396E2,4.980729556E1,1.702877469E0,-9.178560554E1
5.092996458E0,6.265829341E-1,3.036821232E-1,-2.930686564E-1,-6.551960423E-1,1.024030697E2,4.990334176E1,1.758053834E0,-9.173956477E1
5.102965458E0,6.264217500E-1,3.046102047E-1,-2.932775283E-1,-6.548256703E-1,1.024267673E2,5.000499411E1,1.805248533E0,-9.169800512E1
5.112935458E0,6.261997441E-1,3.054696619E-1,-2.936360307E-1,-6.544769235E-1,1.024594005E2,5.011395799E1,1.839285497E0,-9.166979739E1
5.122904458E0,6.258750264E-1,3.062398469E-1,-2.941833984E-1,-6.541818297E-1,1.025071182E2,5.023181544E1,1.858370783E0,-9.166242569E1
5.132874458E0,6.254304667E-1,3.069142596E-1,-2.949213686E-1,-6.539585305E-1,1.025724209E2,5.035809650E1,1.863173312E0,-9.167879080E1
5.142843458E0,6.249571839E-1,3.075670755E-1,-2.957858815E-1,-6.537137995E-1,1.026419101E2,5.049387464E1,1.857548597E0,-9.170065288E1
5.152813458E0,6.243992545E-1,3.081478854E-1,-2.967745359E-1,-6.535253926E-1,1.027237842E2,5.063432740E1,1.842568120E0,-9.173958494E1
5.162782458E0,6.239253237E-1,3.086493986E-1,-2.978030376E-1,-6.532733017E-1,1.027932951E2,5.077150181E1,1.813777958E0,-9.177191414E1
5.172752458E0,6.234138388E-1,3.089511418E-1,-2.989297776E-1,-6.531042837E-1,1.028682762E2,5.089966060E1,1.767322641E0,-9.182366461E1
5.182721458E0,6.228771303E-1,3.090595194E-1,-3.001325041E-1,-6.530135942E-1,1.029469129E2,5.101743928E1,1.704731591E0,-9.189266145E1
5.192691458E0,6.224194985E-1,3.090472567E-1,-3.013384499E-1,-6.529003048E-1,1.030139297E2,5.112498046E1,1.629496334E0,-9.195881802E1
5.202660458E0,6.218686589E-1,3.089299159E-1,-3.025983496E-1,-6.528980934E-1,1.030945548E2,5.122805144E1,1.549847688E0,-9.204568891E1
5.212630458E0,6.213021513E-1,3.088616510E-1,-3.038237984E-1,-6.529006762E-1,1.031774261E2,5.133257950E1,1.477203152E0,-9.213124947E1
5.222599458E0,6.205887763E-1,3.088359585E-1,-3.050318363E-1,-6.530278727E-1,1.032817144E2,5.143933195E1,1.418691629E0,-9.223462081E1
5.232569458E0,6.197773744E-1,3.088728886E-1,-3.061657458E-1,-6.532504832E-1,1.034002420E2,5.154500211E1,1.377152048E0,-9.234744261E1
5.242538458E0,6.189924223E-1,3.090163028E-1,-3.071392231E-1,-6.534699089E-1,1.035148138E2,5.164572804E1,1.354140329E0,-9.244880938E1
5.252508458E0,6.181381109E-1,3.092034627E-1,-3.079768216E-1,-6.537957830E-1,1.036394068E2,5.173796039E1,1.350438647E0,-9.255679490E1
5.262477458E0,6.173654077E-1,3.094735842E-1,-3.086292525E-1,-6.540902881E-1,1.037520064E2,5.182081566E1,1.362237120E0,-9.264716391E1
5.272447458E0,6.166222008E-1,3.097814357E-1,-3.091531690E-1,-6.543980339E-1,1.038602258E2,5.189533172E1,1.385507438E0,-9.273053954E1
5.282416458E0,6.158825986E-1,3.100720847E-1,-3.095882887E-1,-6.547510651E-1,1.039678410E2,5.196019343E1,1.415348315E0,-9.281451013E1
5.292386458E0,6.152058730E-1,3.103908390E-1,-3.099290905E-1,-6.550750216E-1,1.040662382E2,5.201899273E1,1.450779745E0,-9.288748523E1
5.302355458E0,6.144751573E-1,3.107025202E-1,-3.102563977E-1,-6.554579415E-1,1.041724116E2,5.207584138E1,1.490727687E0,-9.296843683E1
5.312325458E0,6.138086523E-1,3.110652875E-1,-3.105104916E-1,-6.557899691E-1,1.042691885E2,5.213059650E1,1.535649877E0,-9.303658092E1
5.322294458E0,6.130906676E-1,3.114301999E-1,-3.107390069E-1,-6.561801356E-1,1.043733691E2,5.218310437E1,1.586508075E0,-9.311171673E1
5.332264458E0,6.123890148E-1,3.118252522E-1,-3.109237266E-1,-6.565601237E-1,1.044751091E2,5.223427153E1,1.641834892E0,-9.318225672E1
5.342233458E0,6.116841667E-1,3.122215501E-1,-3.110688472E-1,-6.569599129E-1,1.045772419E2,5.228187411E1,1.700920775E0,-9.325301442E1
5.352203458E0,6.110975247E-1,3.126759243E-1,-3.110950313E-1,-6.572773208E-1,1.046621930E2,5.232386188E1,1.765607114E0,-9.330289914E1
5.362172458E0,6.105727174E-1,3.131615940E-1,-3.110097567E-1,-6.575740294E-1,1.047381486E2,5.235844900E1,1.837545290E0,-9.334174134E1
5.372142458E0,6.100942664E-1,3.136861286E-1,-3.108629842E-1,-6.578376158E-1,1.048073613E2,5.239091030E1,1.913898654E0,-9.337122573E1
5.382111458E0,6.097545154E-1,3.143319650E-1,-3.106126960E-1,-6.579624179E-1,1.048564901E2,5.242491304E1,1.996718104E0,-9.337238838E1
5.392081458E0,6.094038430E-1,3.149727781E-1,-3.103456412E-1,-6.581068235E-1,1.049071812E2,5.245693728E1,2.081429959E0,-9.337534808E1
5.402050458E0,6.091242909E-1,3.155508542E-1,-3.100542901E-1,-6.582260490E-1,1.049475792E2,5.248128048E1,2.159667576E0,-9.337278328E1
5.412020458E0,6.088662705E-1,3.160694145E-1,-3.097833425E-1,-6.583436361E-1,1.049848560E2,5.250224956E1,2.231164090E0,-9.337143577E1
5.421990125E0,6.086076285E-1,3.165448211E-1,-3.095560544E-1,-6.584612548E-1,1.050222132E2,5.252339340E1,2.296379167E0,-9.337320902E1
5.431959125E0,6.083635614E-1,3.169772873E-1,-3.093777337E-1,-6.585624441E-1,1.050574568E2,5.254524352E1,2.353822302E0,-9.337597795E1
5.441929125E0,6.081159302E-1,3.173504147E-1,-3.092268888E-1,-6.586824546E-1,1.050932065E2,5.256430806E1,2.405680267E0,-9.338354588E1
5.451898125E0,6.080169641E-1,3.177406178E-1,-3.090191394E-1,-6.586832185E-1,1.051074915E2,5.258000722E1,2.453184588E0,-9.336902330E1
5.461868125E0,6.079901350E-1,3.180920428E-1,-3.088097493E-1,-6.586365435E-1,1.051113638E2,5.259225772E1,2.493584660E0,-9.334719759E1
5.471837125E0,6.079617043E-1,3.183442202E-1,-3.086544675E-1,-6.586137236E-1,1.051154672E2,5.260058035E1,2.523638029E0,-9.333280435E1
5.481807125E0,6.080259704E-1,3.185243173E-1,-3.085247358E-1,-6.585281313E-1,1.051061915E2,5.260499783E1,2.540888915E0,-9.331069586E1
5.491776125E0,6.080961501E-1,3.185685304E-1,-3.084911438E-1,-6.584576144E-1,1.050960617E2,5.260604962E1,2.541511304E0,-9.329764602E1
5.501746125E0,6.081524135E-1,3.185161073E-1,-3.085438198E-1,-6.584063243E-1,1.050879400E2,5.260630953E1,2.530012596E0,-9.329359094E1
5.511715125E0,6.083319354E-1,3.185170091E-1,-3.085596081E-1,-6.582326187E-1,1.050620230E2,5.260826158E1,2.516279319E0,-9.326839919E1
5.521685125E0,6.085493605E-1,3.185596133E-1,-3.085532080E-1,-6.580140978E-1,1.050306279E2,5.261201493E1,2.504262915E0,-9.323487048E1
5.531654125E0,6.088731826E-1,3.186594750E-1,-3.085027003E-1,-6.576896856E-1,1.049838575E2,5.261710803E1,2.492009433E0,-9.318222604E1
5.541624125E0,6.092179570E-1,3.187219548E-1,-3.084962759E-1,-6.573430567E-1,1.049340448E2,5.262293684E1,2.472299997E0,-9.312936107E1
5.551593125E0,6.094907446E-1,3.186732014E-1,-3.086363193E-1,-6.570479313E-1,1.048946208E2,5.263203385E1,2.438394988E0,-9.309465196E1
5.561563125E0,6.098156098E-1,3.185663259E-1,-3.088911724E-1,-6.566784747E-1,1.048476569E2,5.264655307E1,2.387517357E0,-9.305686462E1
5.571532125E0,6.100011087E-1,3.183258057E-1,-3.093195411E-1,-6.564212420E-1,1.048208337E2,5.266467052E1,2.323471575E0,-9.304834526E1
5.581502125E0,6.102603012E-1,3.180455426E-1,-3.097793076E-1,-6.560992506E-1,1.047833464E2,5.268225822E1,2.249256957E0,-9.303234185E1
5.591471125E0,6.105479087E-1,3.177200613E-1,-3.102531458E-1,-6.557652816E-1,1.047417382E2,5.269713352E1,2.169206526E0,-9.301560513E1
5.601441125E0,6.107889176E-1,3.173371298E-1,-3.107468813E-1,-6.554924940E-1,1.047068625E2,5.270859551E1,2.087329293E0,-9.300957866E1
5.611410125E0,6.110945533E-1,3.169690980E-1,-3.111901875E-1,-6.551753100E-1,1.046626231E2,5.271689460E1,2.006185999E0,-9.299334987E1
5.621380125E0,6.114114081E-1,3.165497837E-1,-3.116159923E-1,-6.548799501E-1,1.046167459E2,5.271900648E1,1.922810081E0,-9.297922277E1
5.631349125E0,6.118280389E-1,3.160443612E-1,-3.120323586E-1,-6.545367391E-1,1.045564005E2,5.271271005E1,1.828332073E0,-9.295727831E1
5.641319125E0,6.123339525E-1,3.153955348E-1,-3.124943058E-1,-6.541560859E-1,1.044830901E2,5.269790536E1,1.715352132E0,-9.293303008E1
5.651288125E0,6.128236923E-1,3.145576021E-1,-3.130448813E-1,-6.538375466E-1,1.044120889E2,5.267432725E1,1.584802898E0,-9.292454549E1
5.661258125E0,6.133967103E-1,3.136308056E-1,-3.135952644E-1,-6.534817535E-1,1.043289709E2,5.264296799E1,1.443284947E0,-9.291055268E1
5.671227125E0,6.138810013E-1,3.126069500E-1,-3.141604779E-1,-6.532458760E-1,1.042586864E2,5.260426278E1,1.300961139E0,-9.291572699E1
5.681197125E0,6.143607247E-1,3.116137608E-1,-3.146740781E-1,-6.530221526E-1,1.041890318E2,5.256363803E1,1.165166406E0,-9.291910454E1
5.691166125E0,6.148359172E-1,3.107726867E-1,-3.150970976E-1,-6.527717714E-1,1.041200026E2,5.252828158E1,1.046350621E0,-9.291203971E1
5.701136125E0,6.152537519E-1,3.101289308E-1,-3.154026672E-1,-6.525366012E-1,1.040592787E2,5.249962283E1,9.531941087E-1,-9.289883973E1
5.711105125E0,6.156940969E-1,3.096864749E-1,-3.155345852E-1,-6.522676252E-1,1.039952561E2,5.247286210E1,8.853329543E-1,-9.286806234E1
5.721075125E0,6.160659704E-1,3.093008496E-1,-3.155931087E-1,-6.520710826E-1,1.039411670E2,5.244431402E1,8.319599566E-1,-9.284284459E1
5.731044125E0,6.163629792E-1,3.089176627E-1,-3.156452322E-1,-6.519467073E-1,1.038979527E2,5.241533173E1,7.844973910E-1,-9.282797719E1
5.741014125E0,6.166750173E-1,3.086305597E-1,-3.156560205E-1,-6.517824360E-1,1.038525378E2,5.239107796E1,7.451865515E-1,-9.280415914E1
5.750983125E0,6.168643489E-1,3.084360730E-1,-3.156173507E-1,-6.517141502E-1,1.038249751E2,5.237039259E1,7.241304049E-1,-9.279113188E1
5.760953125E0,6.170788250E-1,3.084255004E-1,-3.153645477E-1,-6.516385058E-1,1.037937456E2,5.234629806E1,7.307871144E-1,-9.276152206E1
5.770922125E0,6.173983719E-1,3.086099182E-1,-3.148502043E-1,-6.514971558E-1,1.037472046E2,5.231550287E1,7.644034314E-1,-9.270321992E1
5.780892125E0,6.178023072E-1,3.089281360E-1,-3.141509791E-1,-6.513008358E-1,1.036883514E2,5.227970755E1,8.161433533E-1,-9.262345220E1
5.790861125E0,6.182832423E-1,3.092948156E-1,-3.133511563E-1,-6.510556702E-1,1.036182483E2,5.223916153E1,8.741812446E-1,-9.252928458E1
5.800831125E0,6.188563894E-1,3.096516782E-1,-3.125478743E-1,-6.507276492E-1,1.035346600E2,5.219766231E1,9.255572724E-1,-9.242266073E1
5.810800125E0,6.194225585E-1,3.099023597E-1,-3.118766937E-1,-6.503916019E-1,1.034520422E2,5.215895475E1,9.596841543E-1,-9.232445706E1
5.820770125E0,6.200393131E-1,3.101003247E-1,-3.113128097E-1,-6.499795124E-1,1.033619892E2,5.212552172E1,9.778202417E-1,-9.222270047E1
5.830739125E0,6.206093097E-1,3.102409434E-1,-3.108438249E-1,-6.495928545E-1,1.032787137E2,5.209568866E1,9.875678301E-1,-9.213161055E1
5.840709125E0,6.210859024E-1,3.103217849E-1,-3.104574609E-1,-6.492833320E-1,1.032090475E2,5.206802625E1,9.931013483E-1,-9.205797720E1
5.850678125E0,6.215523270E-1,3.103951612E-1,-3.101150191E-1,-6.489654328E-1,1.031408351E2,5.204373363E1,9.950506302E-1,-9.198627793E1
5.860648125E0,6.218569631E-1,3.103892256E-1,-3.098989673E-1,-6.487797351E-1,1.030962661E2,5.202376067E1,9.925739981E-1,-9.194327903E1
5.870618125E0,6.220590165E-1,3.102859064E-1,-3.098025104E-1,-6.486815317E-1,1.030666977E2,5.200589862E1,9.810997562E-1,-9.192180658E1
5.880587125E0,6.222496625E-1,3.100798007E-1,-3.098341281E-1,-6.485821757E-1,1.030387930E2,5.199052037E1,9.532223088E-1,-9.190925714E1
5.890557125E0,6.223101722E-1,3.096796692E-1,-3.100962288E-1,-6.485899439E-1,1.030299351E2,5.197871772E1,9.029136318E-1,-9.192901778E1
5.900526125E0,6.224051132E-1,3.091615412E-1,-3.104990852E-1,-6.485532498E-1,1.030160358E2,5.196929248E1,8.309902820E-1,-9.195219183E1
5.910496125E0,6.224621537E-1,3.085198860E-1,-3.110340667E-1,-6.485476285E-1,1.030076845E2,5.196094964E1,7.429070515E-1,-9.198944317E1
5.920465125E0,6.224893384E-1,3.078170336E-1,-3.116449546E-1,-6.485622535E-1,1.030037042E2,5.195417915E1,6.466364025E-1,-9.203519674E1
5.930435125E0,6.225467569E-1,3.071499756E-1,-3.122333245E-1,-6.485405755E-1,1.029952968E2,5.194867676E1,5.522686360E-1,-9.207402908E1
5.940404125E0,6.226430480E-1,3.065799923E-1,-3.127345662E-1,-6.484763160E-1,1.029811964E2,5.194394126E1,4.684395233E-1,-9.210036666E1
5.950374125E0,6.228882979E-1,3.061898199E-1,-3.130808217E-1,-6.482579558E-1,1.029452771E2,5.194109616E1,3.982783875E-1,-9.209272598E1
5.960343125E0,6.232836524E-1,3.059510497E-1,-3.132783722E-1,-6.478952229E-1,1.028873546E2,5.193813050E1,3.395293886E-1,-9.205298847E1
5.970313125E0,6.237018400E-1,3.057269428E-1,-3.133966906E-1,-6.475410985E-1,1.028260615E2,5.192919160E1,2.870149867E-1,-9.200887862E1
5.980282125E0,6.242608495E-1,3.055248256E-1,-3.134260900E-1,-6.470834101E-1,1.027440874E2,5.191407816E1,2.338142757E-1,-9.194304274E1
5.990252125E0,6.247201790E-1,3.052263175E-1,-3.135409642E-1,-6.467252330E-1,1.026766954E2,5.189818465E1,1.744308603E-1,-9.189816014E1
6.000221125E0,6.251073242E-1,3.048710071E-1,-3.137420593E-1,-6.464212015E-1,1.026198696E2,5.188511374E1,1.091626811E-1,-9.186754053E1
6.010191125E0,6.255899385E-1,3.045684135E-1,-3.139372206E-1,-6.460020603E-1,1.025489990E2,5.187616552E1,4.077810323E-2,-9.181947492E1
6.020160125E0,6.260861808E-1,3.042772156E-1,-3.141390250E-1,-6.455603560E-1,1.024760906E2,5.186880991E1,-2.850977851E-2,-9.176860069E1
6.030130125E0,6.266535946E-1,3.040067781E-1,-3.143315330E-1,-6.450434341E-1,1.023926798E2,5.186240885E1,-1.007728927E-1,-9.170598921E1
6.040099125E0,6.272300568E-1,3.037227379E-1,-3.145506670E-1,-6.445097088E-1,1.023078889E2,5.185718784E1,-1.768585239E-1,-9.164289010E1
6.050069125E0,6.278442457E-1,3.034500468E-1,-3.147866061E-1,-6.439248541E-1,1.022174933E2,5.185446582E1,-2.564489812E-1,-9.157353538E1
6.060038125E0,6.285734783E-1,3.032142194E-1,-3.150100423E-1,-6.432146718E-1,1.021100908E2,5.185377373E1,-3.409260359E-1,-9.148489137E1
6.070008125E0,6.292451338E-1,3.029000917E-1,-3.153264038E-1,-6.425506028E-1,1.020110964E2,5.185459215E1,-4.341879778E-1,-9.140989031E1
6.079977125E0,6.299350152E-1,3.025440286E-1,-3.157280277E-1,-6.418447900E-1,1.019093435E2,5.185941282E1,-5.387981381E-1,-9.133504804E1
6.089947125E0,6.305981533E-1,3.021735130E-1,-3.162308001E-1,-6.411202860E-1,1.018114660E2,5.187214296E1,-6.514658494E-1,-9.126494759E1
6.099916125E0,6.311125487E-1,3.017451265E-1,-3.169065886E-1,-6.404818103E-1,1.017354957E2,5.189560033E1,-7.725378172E-1,-9.122022925E1
6.109886125E0,6.316442259E-1,3.013330719E-1,-3.176922750E-1,-6.397620738E-1,1.016569300E2,5.193051119E1,-9.038234191E-1,-9.117179934E1
6.119855125E0,6.320677560E-1,3.008482646E-1,-3.186176854E-1,-6.391114565E-1,1.015943138E2,5.197185437E1,-1.044261120E0,-9.114396804E1
6.129825125E0,6.326232455E-1,3.003754797E-1,-3.195292190E-1,-6.383286269E-1,1.015121458E2,5.201286297E1,-1.192221452E0,-9.109606964E1
6.139794125E0,6.331876047E-1,2.998581936E-1,-3.204462258E-1,-6.375521848E-1,1.014286165E2,5.205042485E1,-1.343976463E0,-9.104984253E1
6.149764125E0,6.337608387E-1,2.993394127E-1,-3.213631680E-1,-6.367644233E-1,1.013437227E2,5.208782679E1,-1.496587242E0,-9.100229172E1
6.159733125E0,6.344702424E-1,2.989750604E-1,-3.222059713E-1,-6.358025600E-1,1.012385912E2,5.213181414E1,-1.643582029E0,-9.092420953E1
6.169703125E0,6.351384721E-1,2.987385969E-1,-3.230232606E-1,-6.348309573E-1,1.011394891E2,5.218472182E1,-1.778287063E0,-9.084318537E1
6.179672125E0,6.358964578E-1,2.986290216E-1,-3.237221752E-1,-6.337667326E-1,1.010269904E2,5.223772709E1,-1.901726245E0,-9.074026793E1
6.189642125E0,6.368119431E-1,2.985226417E-1,-3.242907797E-1,-6.326058684E-1,1.008909944E2,5.227867905E1,-2.024688876E0,-9.061399791E1
6.199611125E0,6.376467933E-1,2.981247320E-1,-3.249434249E-1,-6.316170136E-1,1.007668605E2,5.230168512E1,-2.166122257E0,-9.051928093E1
6.209581125E0,6.384430566E-1,2.973777937E-1,-3.257612121E-1,-6.307427786E-1,1.006483602E2,5.230906640E1,-2.339588515E0,-9.045380124E1
6.219550125E0,6.393054196E-1,2.963530154E-1,-3.266852172E-1,-6.298732506E-1,1.005199083E2,5.230155042E1,-2.543254251E0,-9.039728726E1
6.229520125E0,6.401376549E-1,2.950694358E-1,-3.276808496E-1,-6.291130021E-1,1.003958303E2,5.227795772E1,-2.766034780E0,-9.036229415E1
6.239489125E0,6.410138793E-1,2.936952865E-1,-3.286581441E-1,-6.283534402E-1,1.002650729E2,5.224469351E1,-2.995640719E0,-9.032637154E1
6.249459125E0,6.417810580E-1,2.922690503E-1,-3.297018976E-1,-6.276882569E-1,1.001504858E2,5.221339953E1,-3.226607531E0,-9.030941815E1
6.259428125E0,6.425725067E-1,2.909715912E-1,-3.307376670E-1,-6.269360048E-1,1.000321732E2,5.219266448E1,-3.451564156E0,-9.027967160E1
6.269398125E0,6.433978934E-1,2.898353556E-1,-3.316737050E-1,-6.261207333E-1,9.990867793E1,5.217676570E1,-3.660967946E0,-9.023362759E1
6.279368125E0,6.441974349E-1,2.887904720E-1,-3.324793210E-1,-6.253537291E-1,9.978894292E1,5.215693570E1,-3.851586843E0,-9.018488571E1
6.289337125E0,6.449392866E-1,2.877241173E-1,-3.331839293E-1,-6.247053591E-1,9.967775291E1,5.212617398E1,-4.030139455E0,-9.014569878E1
6.299307125E0,6.456807709E-1,2.865894451E-1,-3.338068966E-1,-6.241280790E-1,9.956652692E1,5.208198397E1,-4.205179251E0,-9.011063850E1
6.309276125E0,6.462906937E-1,2.853000544E-1,-3.344559924E-1,-6.237398486E-1,9.947496727E1,5.202738818E1,-4.381987021E0,-9.010483803E1
6.319246125E0,6.468809656E-1,2.839646948E-1,-3.350995537E-1,-6.233918368E-1,9.938629852E1,5.196850635E1,-4.559625158E0,-9.010450519E1
6.329215125E0,6.474335358E-1,2.826358099E-1,-3.357225210E-1,-6.230869215E-1,9.930324042E1,5.190858762E1,-4.732434699E0,-9.010888060E1
6.339185125E0,6.479412605E-1,2.813689810E-1,-3.362756773E-1,-6.228340167E-1,9.922687805E1,5.184792315E1,-4.892208222E0,-9.011541817E1
6.349154125E0,6.484615962E-1,2.802436391E-1,-3.367224128E-1,-6.225583855E-1,9.914857401E1,5.178967220E1,-5.035160155E0,-9.011054074E1
6.359124125E0,6.489602172E-1,2.792557986E-1,-3.370503179E-1,-6.223052278E-1,9.907349499E1,5.173245537E1,-5.157843162E0,-9.009972189E1
6.369093125E0,6.495203922E-1,2.783892383E-1,-3.371565490E-1,-6.220515446E-1,9.898909748E1,5.166491694E1,-5.257685738E0,-9.007165338E1
6.379063125E0,6.502953911E-1,2.776640597E-1,-3.369324121E-1,-6.216872246E-1,9.887224640E1,5.157789628E1,-5.334537821E0,-9.000212405E1
6.389032125E0,6.511202827E-1,2.769866544E-1,-3.365132406E-1,-6.213530067E-1,9.874776054E1,5.147670748E1,-5.394239054E0,-8.992181397E1
6.399002125E0,6.520426506E-1,2.764243180E-1,-3.359574633E-1,-6.209369067E-1,9.860842680E1,5.137227093E1,-5.441711927E0,-8.981928330E1
6.408971125E0,6.529706966E-1,2.759771953E-1,-3.353391137E-1,-6.204945610E-1,9.846808813E1,5.127193069E1,-5.477136122E0,-8.970827133E1
6.418941125E0,6.538518792E-1,2.756019698E-1,-3.346681280E-1,-6.200956226E-1,9.833469884E1,5.117321069E1,-5.500107417E0,-8.959952761E1
6.428910375E0,6.548282900E-1,2.753013205E-1,-3.338848446E-1,-6.196208437E-1,9.818673745E1,5.107010274E1,-5.515188078E0,-8.947146506E1
6.438880375E0,6.557577294E-1,2.748901569E-1,-3.330645616E-1,-6.192618197E-1,9.804573998E1,5.095443170E1,-5.529679721E0,-8.935725416E1
6.448849375E0,6.567775488E-1,2.742881814E-1,-3.321767303E-1,-6.189246949E-1,9.789085813E1,5.081572026E1,-5.555216415E0,-8.924115902E1
6.458819375E0,6.578075229E-1,2.733495052E-1,-3.313414035E-1,-6.186939936E-1,9.773424878E1,5.065283461E1,-5.605494666E0,-8.914439098E1
6.468788375E0,6.587653114E-1,2.720401001E-1,-3.306605501E-1,-6.186163157E-1,9.758844747E1,5.047260338E1,-5.686109561E0,-8.908129156E1
6.478758375E0,6.597087225E-1,2.705009815E-1,-3.301312278E-1,-6.185684408E-1,9.744467581E1,5.028656289E1,-5.792966115E0,-8.903400404E1
6.488727375E0,6.605525050E-1,2.688142672E-1,-3.297458766E-1,-6.186088991E-1,9.731595283E1,5.010163479E1,-5.914665207E0,-8.901026199E1
6.498697375E0,6.613703211E-1,2.671005053E-1,-3.294035045E-1,-6.186598982E-1,9.719106962E1,4.991855319E1,-6.040225590E0,-8.899129836E1
6.508666375E0,6.622749071E-1,2.654332312E-1,-3.289964371E-1,-6.186262347E-1,9.705279645E1,4.973309341E1,-6.163398233E0,-8.895536933E1
6.518636375E0,6.631263683E-1,2.637272506E-1,-3.285410852E-1,-6.186857355E-1,9.692250894E1,4.954035634E1,-6.280725749E0,-8.892910176E1
6.528605375E0,6.639841725E-1,2.619541564E-1,-3.280361422E-1,-6.187869406E-1,9.679111800E1,4.933743561E1,-6.397985459E0,-8.890506612E1
6.538575375E0,6.647205623E-1,2.600534995E-1,-3.275659968E-1,-6.190469867E-1,9.667821747E1,4.912774965E1,-6.517636035E0,-8.890638361E1
6.548544375E0,6.653781480E-1,2.581175683E-1,-3.271094200E-1,-6.193922431E-1,9.657731517E1,4.891702015E1,-6.635400022E0,-8.892097114E1
6.558514375E0,6.660789526E-1,2.562769022E-1,-3.266154036E-1,-6.196639349E-1,9.646969396E1,4.871085232E1,-6.747391421E0,-8.892230364E1
6.568483375E0,6.667288333E-1,2.545300628E-1,-3.261574149E-1,-6.199262806E-1,9.636981231E1,4.851643035E1,-6.853861014E0,-8.892509377E1
6.578453375E0,6.673653218E-1,2.529012241E-1,-3.257774505E-1,-6.201077781E-1,9.627191339E1,4.833929977E1,-6.959811140E0,-8.892223779E1
6.588422375E0,6.679436688E-1,2.513463083E-1,-3.255322744E-1,-6.202460118E-1,9.618289225E1,4.818117948E1,-7.069969783E0,-8.892334242E1
6.598392375E0,6.683986229E-1,2.498372114E-1,-3.254361242E-1,-6.204160111E-1,9.611282050E1,4.804148426E1,-7.182840647E0,-8.894021089E1
6.608361375E0,6.688557898E-1,2.484720434E-1,-3.253976758E-1,-6.204917490E-1,9.604236916E1,4.791924836E1,-7.292717446E0,-8.894792081E1
6.618331375E0,6.691966472E-1,2.471978757E-1,-3.254319675E-1,-6.206151813E-1,9.598981622E1,4.781228275E1,-7.396005179E0,-8.896796047E1
6.628301375E0,6.695581644E-1,2.460675262E-1,-3.253993590E-1,-6.206915699E-1,9.593405425E1,4.771126942E1,-7.485975969E0,-8.897625648E1
6.638270375E0,6.699233589E-1,2.450005286E-1,-3.252355421E-1,-6.208052478E-1,9.587770023E1,4.760370635E1,-7.560357582E0,-8.898007468E1
6.648240375E0,6.702798686E-1,2.439102792E-1,-3.249213742E-1,-6.210144332E-1,9.582266226E1,4.748069402E1,-7.621764409E0,-8.898634818E1
6.658209375E0,6.706799660E-1,2.428077783E-1,-3.244311037E-1,-6.212706465E-1,9.576086677E1,4.734037892E1,-7.670745955E0,-8.898622375E1
6.668179375E0,6.712268187E-1,2.417523053E-1,-3.237521917E-1,-6.214457693E-1,9.567635598E1,4.718574543E1,-7.709495251E0,-8.896040572E1
6.678148375E0,6.717654054E-1,2.406783061E-1,-3.230198191E-1,-6.216617798E-1,9.559306743E1,4.702484785E1,-7.743936674E0,-8.893659169E1
6.688118375E0,6.722965505E-1,2.395855542E-1,-3.223029960E-1,-6.218818601E-1,9.551087585E1,4.686391199E1,-7.780511009E0,-8.891464770E1
6.698087375E0,6.728742521E-1,2.384368998E-1,-3.216454051E-1,-6.220387781E-1,9.542141912E1,4.670329120E1,-7.829162489E0,-8.888811333E1
6.708057375E0,6.733847215E-1,2.370394262E-1,-3.211187486E-1,-6.222925153E-1,9.534232034E1,4.653431011E1,-7.900731772E0,-8.888528518E1
6.718026375E0,6.738605832E-1,2.353494746E-1,-3.207650838E-1,-6.226011751E-1,9.526853934E1,4.635688270E1,-8.004112228E0,-8.890320284E1
6.727996375E0,6.741543915E-1,2.333440696E-1,-3.206894461E-1,-6.230768839E-1,9.522296354E1,4.618002198E1,-8.140777937E0,-8.896582233E1
6.737965375E0,6.743520734E-1,2.311799949E-1,-3.208560552E-1,-6.235836445E-1,9.519228965E1,4.601300186E1,-8.303680498E0,-8.905094940E1
6.747935375E0,6.743723091E-1,2.289212346E-1,-3.212548329E-1,-6.241894580E-1,9.518914929E1,4.586119360E1,-8.482671335E0,-8.916777269E1
6.757904375E0,6.743233661E-1,2.266829261E-1,-3.217733813E-1,-6.247917891E-1,9.519674457E1,4.572312819E1,-8.667457500E0,-8.929323329E1
6.767874375E0,6.742505732E-1,2.244837299E-1,-3.223071870E-1,-6.253888888E-1,9.520804016E1,4.559048500E1,-8.850242409E0,-8.941933798E1
6.777843375E0,6.741670303E-1,2.223126246E-1,-3.228237335E-1,-6.259878877E-1,9.522100263E1,4.545926571E1,-9.029571786E0,-8.954469548E1
6.787813375E0,6.739272305E-1,2.200879243E-1,-3.233783649E-1,-6.267454194E-1,9.525820239E1,4.532928218E1,-9.206244683E0,-8.969624417E1
6.797782375E0,6.736654564E-1,2.178681815E-1,-3.239449819E-1,-6.275092467E-1,9.529879842E1,4.520167505E1,-9.382956917E0,-8.984996375E1
6.807752375E0,6.733295592E-1,2.156194047E-1,-3.245697141E-1,-6.283233421E-1,9.535087030E1,4.507846223E1,-9.562731071E0,-9.001577169E1
6.817721375E0,6.730101322E-1,2.133810172E-1,-3.252113683E-1,-6.290972807E-1,9.540036894E1,4.495815814E1,-9.745160411E0,-9.017740660E1
6.827691375E0,6.727578504E-1,2.111713423E-1,-3.258238463E-1,-6.297953919E-1,9.543944896E1,4.483745748E1,-9.928065692E0,-9.032613325E1
6.837660375E0,6.725323134E-1,2.089860914E-1,-3.263935663E-1,-6.304699614E-1,9.547437578E1,4.471515326E1,-1.010784563E1,-9.046852319E1
6.847630375E0,6.723440553E-1,2.068806034E-1,-3.268744197E-1,-6.311156814E-1,9.550352216E1,4.459129378E1,-1.027733283E1,-9.060023337E1
6.857599375E0,6.721209193E-1,2.048671694E-1,-3.272550005E-1,-6.318125479E-1,9.553805966E1,4.446657742E1,-1.043002619E1,-9.073208691E1
6.867569375E0,6.719201133E-1,2.030237822E-1,-3.274973554E-1,-6.324951767E-1,9.556913281E1,4.434301414E1,-1.056092709E1,-9.085150802E1
6.877538375E0,6.718177965E-1,2.014048743E-1,-3.276001147E-1,-6.330680209E-1,9.558496258E1,4.422377493E1,-1.067099752E1,-9.094421318E1
6.887508375E0,6.716772697E-1,1.999133500E-1,-3.276630294E-1,-6.336569902E-1,9.560670072E1,4.411178366E1,-1.076694797E1,-9.103635964E1
6.897477375E0,6.715734976E-1,1.985568116E-1,-3.276951453E-1,-6.341766674E-1,9.562275087E1,4.400750702E1,-1.085373983E1,-9.111600481E1
6.907447375E0,6.714537202E-1,1.972502435E-1,-3.277006823E-1,-6.347082195E-1,9.564127398E1,4.390514500E1,-1.093405060E1,-9.119546407E1
6.917416375E0,6.712529787E-1,1.958968449E-1,-3.276981324E-1,-6.353406290E-1,9.567231179E1,4.379948638E1,-1.101198033E1,-9.128937186E1
6.927386375E0,6.710686429E-1,1.944807635E-1,-3.276875009E-1,-6.359757675E-1,9.570080632E1,4.368807854E1,-1.109471831E1,-9.138323772E1
6.937355375E0,6.708157961E-1,1.929653894E-1,-3.277169457E-1,-6.366883522E-1,9.573988081E1,4.357355378E1,-1.118384621E1,-9.149188280E1
6.947325375E0,6.705987991E-1,1.914271453E-1,-3.277702299E-1,-6.373534545E-1,9.577340553E1,4.345919943E1,-1.127925843E1,-9.159550873E1
6.957295375E0,6.704521807E-1,1.899112970E-1,-3.278295252E-1,-6.379306451E-1,9.579605215E1,4.334649998E1,-1.137838801E1,-9.168668248E1
6.967264375E0,6.703178626E-1,1.883885630E-1,-3.278986566E-1,-6.384874431E-1,9.581679533E1,4.323421360E1,-1.147996056E1,-9.177573204E1
6.977234375E0,6.703109400E-1,1.869009689E-1,-3.279725189E-1,-6.388938336E-1,9.581786432E1,4.312364852E1,-1.158768574E1,-9.184283753E1
6.987203375E0,6.702914879E-1,1.853872912E-1,-3.280837181E-1,-6.392980864E-1,9.582086807E1,4.301483121E1,-1.170003925E1,-9.191262399E1
6.997173375E0,6.703573411E-1,1.839419493E-1,-3.281624484E-1,-6.396059915E-1,9.581069890E1,4.290739192E1,-1.181026772E1,-9.196556866E1
7.007142375E0,6.705434998E-1,1.826304816E-1,-3.281091590E-1,-6.398139902E-1,9.578194752E1,4.279670695E1,-1.190700714E1,-9.199335178E1
7.017112375E0,6.707268741E-1,1.813804799E-1,-3.279230069E-1,-6.400727362E-1,9.575361979E1,4.267863923E1,-1.198760892E1,-9.201844922E1
7.027081375E0,6.710083466E-1,1.802028073E-1,-3.275881976E-1,-6.402818531E-1,9.571012550E1,4.255114682E1,-1.205600219E1,-9.202462226E1
7.037051375E0,6.712745948E-1,1.790098882E-1,-3.271793679E-1,-6.405462337E-1,9.566896997E1,4.241583744E1,-1.211802600E1,-9.203341161E1
7.047020375E0,6.715304986E-1,1.778071647E-1,-3.267542959E-1,-6.408299781E-1,9.562940081E1,4.227844633E1,-1.217877064E1,-9.204391866E1
7.056990375E0,6.718536740E-1,1.766668185E-1,-3.263272430E-1,-6.410241131E-1,9.557941208E1,4.214483061E1,-1.223916883E1,-9.204085984E1
7.066959375E0,6.721523451E-1,1.755393955E-1,-3.259486747E-1,-6.412133340E-1,9.553319609E1,4.201709750E1,-1.230161522E1,-9.204083861E1
7.076929375E0,6.723276667E-1,1.743511863E-1,-3.256440425E-1,-6.415084555E-1,9.550605914E1,4.189327088E1,-1.236762818E1,-9.206249040E1
7.086898375E0,6.725213855E-1,1.731291226E-1,-3.253889856E-1,-6.417657080E-1,9.547606784E1,4.177116318E1,-1.244166130E1,-9.208234338E1
7.096868375E0,6.726711267E-1,1.718568041E-1,-3.252013795E-1,-6.420458647E-1,9.545288020E1,4.165207446E1,-1.252275050E1,-9.211090667E1
7.106837375E0,6.727208257E-1,1.705684592E-1,-3.250695441E-1,-6.424039785E-1,9.544518329E1,4.153845204E1,-1.260417718E1,-9.215555123E1
7.116807375E0,6.727739320E-1,1.693519063E-1,-3.249406854E-1,-6.427353357E-1,9.543695817E1,4.143074622E1,-1.268121399E1,-9.219641041E1
7.126776375E0,6.727567572E-1,1.681982206E-1,-3.248233064E-1,-6.431154792E-1,9.543961827E1,4.133014672E1,-1.275087853E1,-9.224551865E1
7.136746375E0,6.727706749E-1,1.671668082E-1,-3.246881362E-1,-6.434381463E-1,9.543746265E1,4.123703480E1,-1.281232806E1,-9.228456250E1
7.146715375E0,6.726966229E-1,1.662243362E-1,-3.245532505E-1,-6.438275410E-1,9.544893165E1,4.115227067E1,-1.286250302E1,-9.233368312E1
7.156685375E0,6.726912399E-1,1.654669099E-1,-3.243864385E-1,-6.441123576E-1,9.544976531E1,4.107795205E1,-1.290089064E1,-9.236446413E1
7.166654375E0,6.727193124E-1,1.648886130E-1,-3.242254376E-1,-6.443123839E-1,9.544541767E1,4.101761495E1,-1.292914214E1,-9.238276994E1
7.176624375E0,6.726808981E-1,1.644093611E-1,-3.241099974E-1,-6.445328725E-1,9.545136692E1,4.097023934E1,-1.295059156E1,-9.240761071E1
7.186593375E0,6.726155034E-1,1.640224373E-1,-3.240376892E-1,-6.447361718E-1,9.546149405E1,4.093447781E1,-1.296778374E1,-9.243310947E1
7.196563375E0,6.725541850E-1,1.637249332E-1,-3.240130227E-1,-6.448879373E-1,9.547098916E1,4.091001976E1,-1.298313035E1,-9.245441614E1
7.206532375E0,6.723615646E-1,1.634485289E-1,-3.240697998E-1,-6.451303752E-1,9.550081162E1,4.089680572E1,-1.299658236E1,-9.249569542E1
7.216502375E0,6.721917208E-1,1.632558335E-1,-3.241581817E-1,-6.453117673E-1,9.552710188E1,4.089268289E1,-1.300823352E1,-9.253011320E1
7.226471375E0,6.719798209E-1,1.630747074E-1,-3.242911761E-1,-6.455115289E-1,9.555989433E1,4.089426497E1,-1.302058134E1,-9.257075015E1
7.236441375E0,6.717608667E-1,1.628465349E-1,-3.244695310E-1,-6.457073023E-1,9.559376953E1,4.089653007E1,-1.303989620E1,-9.261433975E1
7.246411375E0,6.715953389E-1,1.625424191E-1,-3.246944108E-1,-6.458430744E-1,9.561937291E1,4.089642554E1,-1.307184757E1,-9.265252046E1
7.256380375E0,6.713645678E-1,1.621234320E-1,-3.249911720E-1,-6.460389480E-1,9.565505930E1,4.089515240E1,-1.311457211E1,-9.270549707E1
7.266350375E0,6.712231269E-1,1.617263455E-1,-3.252884970E-1,-6.461358818E-1,9.567692670E1,4.089428305E1,-1.316098890E1,-9.274354484E1
7.276319375E0,6.710843650E-1,1.613378990E-1,-3.255643270E-1,-6.462382288E-1,9.569837625E1,4.089207796E1,-1.320505845E1,-9.278078162E1
7.286289375E0,6.708910321E-1,1.609670911E-1,-3.258143843E-1,-6.464053463E-1,9.572825522E1,4.088973205E1,-1.324243800E1,-9.282586735E1
7.296258375E0,6.707495307E-1,1.606997325E-1,-3.259959740E-1,-6.465271231E-1,9.575011935E1,4.088821845E1,-1.326939197E1,-9.285869349E1
7.306228375E0,6.705545198E-1,1.604970325E-1,-3.261225989E-1,-6.467158119E-1,9.578024531E1,4.088744115E1,-1.328376821E1,-9.289736561E1
7.316197375E0,6.703985001E-1,1.604268369E-1,-3.261609315E-1,-6.468756248E-1,9.580434263E1,4.088806062E1,-1.328312944E1,-9.292467825E1
7.326167375E0,6.702823987E-1,1.604864010E-1,-3.261087010E-1,-6.470074891E-1,9.582227158E1,4.088962416E1,-1.326752096E1,-9.294058758E1
7.336136375E0,6.701197501E-1,1.606073519E-1,-3.259928077E-1,-6.472043610E-1,9.584738432E1,4.089072165E1,-1.323919831E1,-9.296137060E1
7.346106375E0,6.700003955E-1,1.607972814E-1,-3.258086102E-1,-6.473735332E-1,9.586580935E1,4.089008842E1,-1.320241977E1,-9.297258538E1
7.356075375E0,6.698383013E-1,1.609999182E-1,-3.255757963E-1,-6.476079513E-1,9.589082790E1,4.088656721E1,-1.315796964E1,-9.298994692E1
7.366045375E0,6.696987518E-1,1.612441802E-1,-3.252864792E-1,-6.478369365E-1,9.591236284E1,4.088063860E1,-1.310686630E1,-9.300208731E1
7.376014375E0,6.696045766E-1,1.615263270E-1,-3.249629863E-1,-6.480263635E-1,9.592689366E1,4.087374349E1,-1.305267622E1,-9.300556382E1
7.385984375E0,6.694504528E-1,1.617895868E-1,-3.246810977E-1,-6.482611564E-1,9.595067070E1,4.087019388E1,-1.300005599E1,-9.301920209E1
7.395953375E0,6.694150857E-1,1.620945034E-1,-3.244084234E-1,-6.483579736E-1,9.595612625E1,4.086889057E1,-1.295215100E1,-9.301256146E1
7.405923375E0,6.693746267E-1,1.623583322E-1,-3.241687869E-1,-6.484534764E-1,9.596236695E1,4.086757613E1,-1.290981373E1,-9.300833337E1
7.415892375E0,6.692736165E-1,1.625309709E-1,-3.239756227E-1,-6.486111319E-1,9.597794619E1,4.086447958E1,-1.287459471E1,-9.301724252E1
7.425862708E0,6.692512932E-1,1.626880839E-1,-3.237918729E-1,-6.486865603E-1,9.598138895E1,4.085985671E1,-1.284586990E1,-9.301440463E1
7.435831708E0,6.691455428E-1,1.627679837E-1,-3.236640099E-1,-6.488394309E-1,9.599769681E1,4.085573959E1,-1.282277421E1,-9.302772816E1
7.445801708E0,6.690899221E-1,1.628545218E-1,-3.235504136E-1,-6.489317193E-1,9.600627328E1,4.085269867E1,-1.280336174E1,-9.303293704E1
7.455770708E0,6.689819959E-1,1.629103505E-1,-3.234770939E-1,-6.490653551E-1,9.602291340E1,4.085182084E1,-1.278667905E1,-9.304756581E1
7.465740708E0,6.688255007E-1,1.629470446E-1,-3.234479441E-1,-6.492319656E-1,9.604703804E1,4.085431378E1,-1.277245137E1,-9.307062737E1
7.475709708E0,6.687326479E-1,1.630403894E-1,-3.234262912E-1,-6.493150403E-1,9.606134968E1,4.086091724E1,-1.275850932E1,-9.308150248E1
7.485679708E0,6.686133914E-1,1.631596755E-1,-3.234346257E-1,-6.494036982E-1,9.607972862E1,4.087271023E1,-1.274383285E1,-9.309550532E1
7.495648708E0,6.685567401E-1,1.633604999E-1,-3.234361904E-1,-6.494107848E-1,9.608845838E1,4.088922864E1,-1.272634562E1,-9.309649342E1
7.505618708E0,6.685197905E-1,1.636118796E-1,-3.234412322E-1,-6.493829125E-1,9.609415186E1,4.090967751E1,-1.270669606E1,-9.309237914E1
7.515587708E0,6.685170523E-1,1.638978828E-1,-3.234396781E-1,-6.493144226E-1,9.609457378E1,4.093168181E1,-1.268597253E1,-9.308154558E1
7.525557708E0,6.684188567E-1,1.641565327E-1,-3.234664466E-1,-6.493369224E-1,9.610970322E1,4.095564389E1,-1.266418408E1,-9.308675497E1
7.535526708E0,6.683821178E-1,1.644799571E-1,-3.234844538E-1,-6.492838885E-1,9.611536328E1,4.098287562E1,-1.264056193E1,-9.307973950E1
7.545496708E0,6.682748495E-1,1.647947150E-1,-3.235336761E-1,-6.492900044E-1,9.613188782E1,4.101340070E1,-1.261623219E1,-9.308412520E1
7.555466708E0,6.682163444E-1,1.651339287E-1,-3.235944360E-1,-6.492337858E-1,9.614089955E1,4.104616536E1,-1.259400519E1,-9.307989673E1
7.565435708E0,6.681352051E-1,1.654346254E-1,-3.237126790E-1,-6.491816567E-1,9.615339663E1,4.108163691E1,-1.257828917E1,-9.308074962E1
7.575405708E0,6.680479071E-1,1.657056138E-1,-3.238852019E-1,-6.491164674E-1,9.616684092E1,4.111996565E1,-1.256911679E1,-9.308382404E1
7.585374708E0,6.679695608E-1,1.659729776E-1,-3.240983121E-1,-6.490223489E-1,9.617890541E1,4.116165824E1,-1.256430871E1,-9.308563752E1
7.595344708E0,6.678679375E-1,1.662459311E-1,-3.243382436E-1,-6.489372616E-1,9.619455260E1,4.120663334E1,-1.256011735E1,-9.309089420E1
7.605313708E0,6.676680172E-1,1.664902195E-1,-3.246060394E-1,-6.489463410E-1,9.622532922E1,4.125343997E1,-1.255470726E1,-9.311264710E1
7.615283708E0,6.674762411E-1,1.667953048E-1,-3.248506755E-1,-6.489428928E-1,9.625484512E1,4.130267628E1,-1.254339360E1,-9.313066314E1
7.625252708E0,6.672394667E-1,1.671677565E-1,-3.250691648E-1,-6.489811556E-1,9.629127723E1,4.135534733E1,-1.252235427E1,-9.315293925E1
7.635222708E0,6.670612066E-1,1.676348331E-1,-3.252490001E-1,-6.489538234E-1,9.631869899E1,4.141086768E1,-1.249459119E1,-9.316217732E1
7.645191708E0,6.669234766E-1,1.681369601E-1,-3.254127512E-1,-6.488833479E-1,9.633988197E1,4.146700417E1,-1.246529757E1,-9.316359189E1
7.655161708E0,6.668514319E-1,1.686961645E-1,-3.255630047E-1,-6.487368191E-1,9.635096112E1,4.152534365E1,-1.243462351E1,-9.315236726E1
7.665130708E0,6.667636281E-1,1.693081473E-1,-3.257241637E-1,-6.485867460E-1,9.636446242E1,4.158902899E1,-1.240027469E1,-9.314140658E1
7.675100708E0,6.666246575E-1,1.699981017E-1,-3.259006220E-1,-6.484604444E-1,9.638582857E1,4.166093264E1,-1.235878366E1,-9.313516953E1
7.685069708E0,6.664844006E-1,1.707744467E-1,-3.260447221E-1,-6.483281797E-1,9.640738885E1,4.173654146E1,-1.230828527E1,-9.312545274E1
7.695039708E0,6.664566127E-1,1.716678334E-1,-3.261197435E-1,-6.480831090E-1,9.641165998E1,4.181318889E1,-1.225009384E1,-9.309319612E1
7.705008708E0,6.664018528E-1,1.726120019E-1,-3.262082571E-1,-6.478440211E-1,9.642007642E1,4.189546205E1,-1.218801083E1,-9.306287234E1
7.714978708E0,6.664365403E-1,1.737087472E-1,-3.263105897E-1,-6.474634766E-1,9.641474512E1,4.198965546E1,-1.212179330E1,-9.301209270E1
7.724947708E0,6.664359930E-1,1.749249208E-1,-3.264654952E-1,-6.470584025E-1,9.641482923E1,4.209861551E1,-1.204989612E1,-9.296162064E1
7.734917708E0,6.664051244E-1,1.762535001E-1,-3.266408418E-1,-6.466409973E-1,9.641957359E1,4.221874380E1,-1.197030913E1,-9.291083965E1
7.744886708E0,6.663961129E-1,1.776481815E-1,-3.268216940E-1,-6.461771211E-1,9.642095859E1,4.234434220E1,-1.188810478E1,-9.285349678E1
7.754856708E0,6.662605469E-1,1.789774984E-1,-3.270868767E-1,-6.458157758E-1,9.644179215E1,4.247455116E1,-1.181060206E1,-9.281829017E1
7.764825708E0,6.661453819E-1,1.802976325E-1,-3.274413633E-1,-6.453876679E-1,9.645948785E1,4.261217214E1,-1.174307200E1,-9.278001073E1
7.774795708E0,6.659478937E-1,1.815935006E-1,-3.279201726E-1,-6.449849007E-1,9.648982728E1,4.276067509E1,-1.168350430E1,-9.275528636E1
7.784764708E0,6.656630653E-1,1.828906647E-1,-3.284755732E-1,-6.446296871E-1,9.653357185E1,4.291765936E1,-1.162554329E1,-9.274375673E1
7.794734708E0,6.653570093E-1,1.842405228E-1,-3.290570522E-1,-6.442646809E-1,9.658055999E1,4.308154168E1,-1.156511777E1,-9.273284429E1
7.804703708E0,6.649977470E-1,1.856395137E-1,-3.296808150E-1,-6.439149490E-1,9.663569491E1,4.325397645E1,-1.150198493E1,-9.272759115E1
7.814673708E0,6.646745524E-1,1.871512369E-1,-3.303094774E-1,-6.434887726E-1,9.668527443E1,4.343529595E1,-1.143389235E1,-9.271127835E1
7.824642708E0,6.642916081E-1,1.887314803E-1,-3.309555570E-1,-6.430905672E-1,9.674399514E1,4.362447377E1,-1.135919323E1,-9.270060861E1
7.834612708E0,6.638300014E-1,1.903972660E-1,-3.315771650E-1,-6.427560200E-1,9.681474245E1,4.381917714E1,-1.127181655E1,-9.269763821E1
7.844582708E0,6.634265013E-1,1.922561844E-1,-3.320720217E-1,-6.423637033E-1,9.687655240E1,4.401654809E1,-1.116376694E1,-9.267607671E1
7.854551708E0,6.629332955E-1,1.942495722E-1,-3.324452637E-1,-6.420800583E-1,9.695206373E1,4.421437339E1,-1.103044173E1,-9.266126214E1
7.864521708E0,6.624532291E-1,1.964690674E-1,-3.326342923E-1,-6.418021558E-1,9.702552111E1,4.441275135E1,-1.086647119E1,-9.263279712E1
7.874490708E0,6.620842624E-1,1.989559370E-1,-3.326149943E-1,-6.414266405E-1,9.708195026E1,4.461162684E1,-1.067320292E1,-9.257336018E1
7.884460708E0,6.616668486E-1,2.015357245E-1,-3.325166868E-1,-6.411029442E-1,9.714575926E1,4.481138287E1,-1.046414867E1,-9.251555540E1
7.894429708E0,6.612937785E-1,2.041710247E-1,-3.324251175E-1,-6.407013552E-1,9.720276302E1,4.501601736E1,-1.025538436E1,-9.244678134E1
7.904399708E0,6.608595145E-1,2.067871955E-1,-3.324426190E-1,-6.403011959E-1,9.726908552E1,4.523039690E1,-1.005442470E1,-9.238688965E1
7.914368708E0,6.603236042E-1,2.093620623E-1,-3.325959176E-1,-6.399376082E-1,9.735088529E1,4.545562494E1,-9.862514206E0,-9.234316730E1
7.924338708E0,6.597519256E-1,2.119686395E-1,-3.327856153E-1,-6.395705078E-1,9.743808805E1,4.568747012E1,-9.670050967E0,-9.230185115E1
7.934307708E0,6.591121997E-1,2.145970012E-1,-3.329326235E-1,-6.392770182E-1,9.753560161E1,4.591809513E1,-9.468540858E0,-9.226822638E1
7.944277708E0,6.583679917E-1,2.171998694E-1,-3.329932675E-1,-6.391331921E-1,9.764894996E1,4.613997676E1,-9.254781100E0,-9.225015920E1
7.954246708E0,6.576737126E-1,2.197957939E-1,-3.329646762E-1,-6.389755148E-1,9.775460543E1,4.635274009E1,-9.037215510E0,-9.222317037E1
7.964216708E0,6.568772320E-1,2.222893964E-1,-3.330074289E-1,-6.389097552E-1,9.787570928E1,4.656516145E1,-8.826580069E0,-9.221543805E1
7.974185708E0,6.560443154E-1,2.247349884E-1,-3.331823594E-1,-6.388188971E-1,9.800223402E1,4.678657292E1,-8.628947384E0,-9.221431593E1
7.984155708E0,6.552385836E-1,2.272125013E-1,-3.334612925E-1,-6.386238942E-1,9.812451379E1,4.702019110E1,-8.440759367E0,-9.220590232E1
7.994124708E0,6.543838132E-1,2.297041545E-1,-3.337761558E-1,-6.384444652E-1,9.825411218E1,4.725895521E1,-8.252090769E0,-9.220262841E1
8.004094708E0,6.535017699E-1,2.321898017E-1,-3.340742657E-1,-6.382928149E-1,9.838771278E1,4.749611345E1,-8.060928935E0,-9.220220907E1
8.014063708E0,6.525371089E-1,2.346209795E-1,-3.343486628E-1,-6.382471317E-1,9.853367347E1,4.772752539E1,-7.866043001E0,-9.221564263E1
8.024033708E0,6.514068193E-1,2.369273867E-1,-3.346133819E-1,-6.384109097E-1,9.870449163E1,4.794935728E1,-7.667544750E0,-9.225928133E1
8.034002708E0,6.502508834E-1,2.391913258E-1,-3.347682083E-1,-6.386638073E-1,9.887895984E1,4.815771208E1,-7.460402149E0,-9.230753879E1
8.043972708E0,6.490677232E-1,2.413867920E-1,-3.347787081E-1,-6.390357249E-1,9.905730195E1,4.834722449E1,-7.243044393E0,-9.236215913E1
8.053941708E0,6.480383862E-1,2.436006711E-1,-3.345598501E-1,-6.393548875E-1,9.921226529E1,4.851569646E1,-7.014509552E0,-9.239120068E1
8.063911708E0,6.470098536E-1,2.457471996E-1,-3.342097046E-1,-6.397582137E-1,9.936692963E1,4.866646184E1,-6.778789154E0,-9.242255026E1
8.073880708E0,6.461175792E-1,2.479082766E-1,-3.337443217E-1,-6.400689460E-1,9.950096096E1,4.880681791E1,-6.541299775E0,-9.243140186E1
8.083850708E0,6.453115572E-1,2.500501636E-1,-3.332503343E-1,-6.403063226E-1,9.962192204E1,4.894253880E1,-6.308581621E0,-9.242734016E1
8.093819708E0,6.445870707E-1,2.521537313E-1,-3.327334269E-1,-6.404799499E-1,9.973055499E1,4.907266522E1,-6.082047596E0,-9.241224074E1
8.103789708E0,6.438961925E-1,2.541863184E-1,-3.321843668E-1,-6.406563837E-1,9.983406772E1,4.919396771E1,-5.859668514E0,-9.239523018E1
8.113759708E0,6.433387032E-1,2.562268422E-1,-3.315677320E-1,-6.407231150E-1,9.991753776E1,4.930912966E1,-5.640121640E0,-9.235698987E1
8.123728708E0,6.427528601E-1,2.581947603E-1,-3.309668892E-1,-6.408316872E-1,1.000051980E2,4.942020793E1,-5.424905691E0,-9.232630159E1
8.133698708E0,6.422634416E-1,2.601952473E-1,-3.303296842E-1,-6.408418961E-1,1.000783871E2,4.953041331E1,-5.211319533E0,-9.227847493E1
8.143667708E0,6.418524568E-1,2.623025686E-1,-3.295853919E-1,-6.407778859E-1,1.001398167E2,4.963959670E1,-4.987305121E0,-9.221169456E1
8.153637708E0,6.415316464E-1,2.645349291E-1,-3.286379202E-1,-6.406679555E-1,1.001877489E2,4.974047760E1,-4.744074778E0,-9.212292402E1
8.163606708E0,6.413016692E-1,2.668601391E-1,-3.274905882E-1,-6.405215613E-1,1.002220994E2,4.983091226E1,-4.484027295E0,-9.201398754E1
8.173576708E0,6.410311382E-1,2.691789376E-1,-3.262636038E-1,-6.404480898E-1,1.002624962E2,4.991440973E1,-4.215039926E0,-9.191022574E1
8.183545708E0,6.407536821E-1,2.714406007E-1,-3.250451595E-1,-6.403907313E-1,1.003039147E2,4.999468679E1,-3.950331248E0,-9.180994988E1
8.193515708E0,6.404744772E-1,2.735594782E-1,-3.239304728E-1,-6.403333515E-1,1.003455817E2,5.007314928E1,-3.703879989E0,-9.171787703E1
8.203484708E0,6.401356995E-1,2.754652296E-1,-3.230298816E-1,-6.403100877E-1,1.003961220E2,5.015398392E1,-3.485709573E0,-9.164712519E1
8.213454708E0,6.398028194E-1,2.772285378E-1,-3.223393793E-1,-6.402295916E-1,1.004457644E2,5.024239853E1,-3.295605772E0,-9.158379525E1
8.223423708E0,6.393936078E-1,2.788727786E-1,-3.218489506E-1,-6.401711417E-1,1.005067656E2,5.033960461E1,-3.125528574E0,-9.153866924E1
8.233393708E0,6.389477405E-1,2.804679960E-1,-3.214521367E-1,-6.401188333E-1,1.005732003E2,5.044157822E1,-2.964461946E0,-9.150145044E1
8.243362708E0,6.385400078E-1,2.820625851E-1,-3.210212221E-1,-6.400412028E-1,1.006339250E2,5.054049906E1,-2.803250553E0,-9.145805885E1
8.253332708E0,6.380819227E-1,2.835755779E-1,-3.205417543E-1,-6.400698116E-1,1.007021169E2,5.062830988E1,-2.639258621E0,-9.142676485E1
8.263301708E0,6.377483114E-1,2.849850950E-1,-3.199639631E-1,-6.400653209E-1,1.007517581E2,5.069806222E1,-2.481385033E0,-9.138346911E1
8.273271708E0,6.373568347E-1,2.861103935E-1,-3.194923201E-1,-6.401889122E-1,1.008099870E2,5.075326572E1,-2.345876160E0,-9.136688388E1
8.283240708E0,6.370171900E-1,2.869516182E-1,-3.191614516E-1,-6.403153781E-1,1.008604865E2,5.079670189E1,-2.243335874E0,-9.136112266E1
8.293210708E0,6.368273477E-1,2.875860613E-1,-3.189106712E-1,-6.403446409E-1,1.008887048E2,5.082924760E1,-2.170521568E0,-9.134699970E1
8.303179708E0,6.366071008E-1,2.880154969E-1,-3.187850302E-1,-6.404331367E-1,1.009214354E2,5.085552879E1,-2.118839173E0,-9.135076499E1
8.313149708E0,6.364459408E-1,2.884557431E-1,-3.186848247E-1,-6.404450969E-1,1.009453802E2,5.088497044E1,-2.072908913E0,-9.134515569E1
8.323118708E0,6.362354162E-1,2.890157838E-1,-3.185927404E-1,-6.404476690E-1,1.009766534E2,5.092569718E1,-2.017285457E0,-9.133875618E1
8.333088708E0,6.359406003E-1,2.897426076E-1,-3.184465317E-1,-6.404845462E-1,1.010204360E2,5.097617831E1,-1.941256295E0,-9.133343059E1
8.343057708E0,6.357216413E-1,2.906892824E-1,-3.181256533E-1,-6.404325852E-1,1.010529443E2,5.102976277E1,-1.842087161E0,-9.130229611E1
8.353027708E0,6.354859365E-1,2.917310959E-1,-3.177158739E-1,-6.403962742E-1,1.010879304E2,5.108366337E1,-1.728355857E0,-9.126700375E1
8.362997708E0,6.353201404E-1,2.929171727E-1,-3.172536271E-1,-6.402484135E-1,1.011125345E2,5.114542055E1,-1.606539366E0,-9.121155799E1
8.372966708E0,6.351693653E-1,2.942497191E-1,-3.167543660E-1,-6.400341126E-1,1.011349058E2,5.121683093E1,-1.474132285E0,-9.114373371E1
8.382936708E0,6.351385667E-1,2.957368700E-1,-3.161608548E-1,-6.396726927E-1,1.011394751E2,5.129335081E1,-1.332952098E0,-9.104757559E1
8.392905708E0,6.351223046E-1,2.972527440E-1,-3.155918519E-1,-6.392668962E-1,1.011418877E2,5.137499200E1,-1.193624489E0,-9.094681862E1
8.402875708E0,6.351881659E-1,2.987921826E-1,-3.150630104E-1,-6.387445002E-1,1.011321164E2,5.146268442E1,-1.062603392E0,-9.083201960E1
8.412844708E0,6.351509040E-1,3.002811083E-1,-3.146241734E-1,-6.382995179E-1,1.011376447E2,5.155459353E1,-9.356291235E-1,-9.073518232E1
8.422814375E0,6.349917208E-1,3.017571304E-1,-3.142247925E-1,-6.379583337E-1,1.011612592E2,5.164938675E1,-8.046500571E-1,-9.065646600E1
8.432783375E0,6.348382573E-1,3.033062487E-1,-3.137941252E-1,-6.375885020E-1,1.011840213E2,5.174816506E1,-6.673893188E-1,-9.057138457E1
8.442753375E0,6.345607900E-1,3.048183361E-1,-3.133988450E-1,-6.373378692E-1,1.012251666E2,5.184725722E1,-5.269395093E-1,-9.050633884E1
8.452722375E0,6.343622712E-1,3.063302097E-1,-3.129528230E-1,-6.370297829E-1,1.012545973E2,5.194200690E1,-3.877804069E-1,-9.042932120E1
8.462692375E0,6.342383314E-1,3.078108504E-1,-3.125186886E-1,-6.366524281E-1,1.012729684E2,5.203534229E1,-2.570075302E-1,-9.034312069E1
8.472661375E0,6.341966481E-1,3.092919315E-1,-3.121676910E-1,-6.361480568E-1,1.012791464E2,5.213656351E1,-1.398295813E-1,-9.024442728E1
8.482631375E0,6.341611662E-1,3.107140307E-1,-3.120130739E-1,-6.355660874E-1,1.012844051E2,5.225056749E1,-4.437833469E-2,-9.014855782E1
8.492600375E0,6.341020176E-1,3.120781980E-1,-3.121098007E-1,-6.349089081E-1,1.012931709E2,5.238233539E1,2.655929485E-2,-9.005979954E1
8.502570375E0,6.340072770E-1,3.134577900E-1,-3.124070632E-1,-6.341773176E-1,1.013072102E2,5.253384398E1,8.244509824E-2,-8.997468020E1
8.512539375E0,6.339056012E-1,3.149113937E-1,-3.127834334E-1,-6.333728362E-1,1.013222757E2,5.269942832E1,1.353501957E-1,-8.988479223E1
8.522509375E0,6.337388387E-1,3.163408272E-1,-3.132243085E-1,-6.326090806E-1,1.013469817E2,5.286887664E1,1.853716910E-1,-8.980561884E1
8.532478375E0,6.335987539E-1,3.177260498E-1,-3.137121341E-1,-6.318129153E-1,1.013677321E2,5.303877682E1,2.264111150E-1,-8.972530516E1
8.542448375E0,6.334436992E-1,3.190019439E-1,-3.143069700E-1,-6.310293596E-1,1.013906962E2,5.320858778E1,2.525402853E-1,-8.965472152E1
8.552417375E0,6.332651718E-1,3.201304374E-1,-3.150247191E-1,-6.302785490E-1,1.014171321E2,5.337621673E1,2.609447553E-1,-8.959796210E1
8.562387375E0,6.331545173E-1,3.211407046E-1,-3.158118043E-1,-6.294814448E-1,1.014335151E2,5.353947363E1,2.514655933E-1,-8.953978919E1
8.572356375E0,6.330569238E-1,3.219800991E-1,-3.166487164E-1,-6.287299479E-1,1.014479627E2,5.369173269E1,2.271060091E-1,-8.949209172E1
8.582326375E0,6.330193457E-1,3.226603893E-1,-3.174898010E-1,-6.279944684E-1,1.014535253E2,5.382991872E1,1.892773519E-1,-8.944729342E1
8.592295375E0,6.329503064E-1,3.231331205E-1,-3.184069886E-1,-6.273562836E-1,1.014637445E2,5.395605408E1,1.356527671E-1,-8.942232304E1
8.602265375E0,6.327486851E-1,3.234376674E-1,-3.194629841E-1,-6.268657694E-1,1.014935841E2,5.407941366E1,7.015515372E-2,-8.942901380E1
8.612235375E0,6.325774681E-1,3.237626178E-1,-3.205181744E-1,-6.263319539E-1,1.015189190E2,5.420465977E1,3.471859593E-3,-8.942973910E1
8.622204375E0,6.322748175E-1,3.240669812E-1,-3.215905799E-1,-6.259301620E-1,1.015636909E2,5.432967874E1,-5.618736496E-2,-8.945099102E1
8.632174375E0,6.320248159E-1,3.244400697E-1,-3.225417033E-1,-6.254999978E-1,1.016006635E2,5.445008837E1,-1.050917285E-1,-8.945950832E1
8.642143375E0,6.318301011E-1,3.248540562E-1,-3.233698686E-1,-6.250539962E-1,1.016294530E2,5.456314399E1,-1.447855302E-1,-8.945689148E1
8.652113375E0,6.315833247E-1,3.252253699E-1,-3.241346233E-1,-6.247140042E-1,1.016659316E2,5.466660594E1,-1.770648556E-1,-8.946494339E1
8.662082375E0,6.313929405E-1,3.255996938E-1,-3.247614135E-1,-6.243858979E-1,1.016940678E2,5.475785073E1,-2.007885041E-1,-8.946458562E1
8.672052375E0,6.311707077E-1,3.259923118E-1,-3.252604963E-1,-6.241460326E-1,1.017269037E2,5.483920348E1,-2.094841039E-1,-8.946744295E1
8.682021375E0,6.310408615E-1,3.265101692E-1,-3.255545980E-1,-6.238532302E-1,1.017460855E2,5.491338576E1,-1.998286318E-1,-8.944750202E1
8.691991375E0,6.309957065E-1,3.271183108E-1,-3.256846163E-1,-6.235123201E-1,1.017527556E2,5.498093302E1,-1.768491589E-1,-8.940847455E1
8.701960375E0,6.308609893E-1,3.276995604E-1,-3.257934792E-1,-6.232865131E-1,1.017726533E2,5.504414872E1,-1.466407162E-1,-8.938433942E1
8.711930375E0,6.307351395E-1,3.283265513E-1,-3.258631335E-1,-6.230475398E-1,1.017912387E2,5.510803682E1,-1.111858453E-1,-8.935540991E1
8.721899375E0,6.305112749E-1,3.289672330E-1,-3.259666809E-1,-6.228817990E-1,1.018242929E2,5.517631123E1,-7.081366872E-2,-8.933948051E1
8.731869375E0,6.301940833E-1,3.296122434E-1,-3.261271811E-1,-6.227777750E-1,1.018711138E2,5.525020979E1,-2.844625134E-2,-8.933662542E1
8.741838375E0,6.298897386E-1,3.303103113E-1,-3.262776136E-1,-6.226370490E-1,1.019160238E2,5.532811232E1,1.656039975E-2,-8.932778767E1
8.751808375E0,6.295188858E-1,3.310267130E-1,-3.264177201E-1,-6.225581948E-1,1.019707286E2,5.540680393E1,6.844251456E-2,-8.932701459E1
8.761777375E0,6.292012800E-1,3.317942748E-1,-3.264691980E-1,-6.224437112E-1,1.020175620E2,5.548220028E1,1.270159664E-1,-8.931453087E1
8.771747375E0,6.288253275E-1,3.324931178E-1,-3.265433703E-1,-6.224118508E-1,1.020729792E2,5.555336365E1,1.843683990E-1,-8.931553453E1
8.781716375E0,6.285032041E-1,3.331298704E-1,-3.266277503E-1,-6.223523766E-1,1.021204444E2,5.561976716E1,2.334899971E-1,-8.931336446E1
8.791686375E0,6.282784115E-1,3.337326105E-1,-3.267027315E-1,-6.222171508E-1,1.021535585E2,5.568223341E1,2.743195836E-1,-8.929968924E1
8.801655375E0,6.280532114E-1,3.342391462E-1,-3.268206857E-1,-6.221106552E-1,1.021867248E2,5.573974311E1,3.062993099E-1,-8.929333494E1
8.811625375E0,6.279060066E-1,3.346696097E-1,-3.269309241E-1,-6.219699128E-1,1.022084002E2,5.578955813E1,3.291702983E-1,-8.928152632E1
8.821594375E0,6.279134636E-1,3.350790894E-1,-3.269802972E-1,-6.217158967E-1,1.022073022E2,5.583196096E1,3.447697590E-1,-8.924902023E1
8.831564375E0,6.280081890E-1,3.354735684E-1,-3.269587335E-1,-6.214186978E-1,1.021933545E2,5.586657413E1,3.594515511E-1,-8.920506144E1
8.841533375E0,6.280838008E-1,3.358328249E-1,-3.268733051E-1,-6.211930433E-1,1.021822202E2,5.589213566E1,3.796660039E-1,-8.916652261E1
8.851503375E0,6.282414412E-1,3.362422301E-1,-3.266692393E-1,-6.209196676E-1,1.021590038E2,5.591163399E1,4.070624467E-1,-8.911231894E1
8.861473375E0,6.283664217E-1,3.365995919E-1,-3.264323753E-1,-6.207240489E-1,1.021405947E2,5.592334633E1,4.373220723E-1,-8.906674846E1
8.871442375E0,6.285980532E-1,3.368923594E-1,-3.261408722E-1,-6.204838195E-1,1.021064700E2,5.592417987E1,4.612062767E-1,-8.901076893E1
8.881412375E0,6.288208800E-1,3.370175639E-1,-3.258837060E-1,-6.203252245E-1,1.020736346E2,5.591258415E1,4.741872555E-1,-8.896899469E1
8.891381375E0,6.291071151E-1,3.370316706E-1,-3.256095532E-1,-6.201712463E-1,1.020314444E2,5.588915855E1,4.783181126E-1,-8.892663029E1
8.901351375E0,6.294834318E-1,3.369795639E-1,-3.252682191E-1,-6.199968973E-1,1.019759573E2,5.585354162E1,4.784630498E-1,-8.887638374E1
8.911320375E0,6.297932035E-1,3.368201869E-1,-3.249229297E-1,-6.199499533E-1,1.019302658E2,5.580757162E1,4.787010716E-1,-8.884397972E1
8.921290375E0,6.300745281E-1,3.366297332E-1,-3.245615969E-1,-6.199565759E-1,1.018887574E2,5.575725566E1,4.810405876E-1,-8.881802128E1
8.931259375E0,6.304899324E-1,3.365393973E-1,-3.241101771E-1,-6.198195937E-1,1.018274438E2,5.570819054E1,4.865053244E-1,-8.876499099E1
8.941229375E0,6.309004480E-1,3.364665011E-1,-3.236489464E-1,-6.196823583E-1,1.017668255E2,5.565988476E1,4.941351964E-1,-8.871124587E1
8.951198375E0,6.314943577E-1,3.364925399E-1,-3.230879376E-1,-6.193560811E-1,1.016790804E2,5.561190446E1,5.019737411E-1,-8.862331478E1
8.961168375E0,6.321192420E-1,3.365619953E-1,-3.225433608E-1,-6.189645217E-1,1.015867000E2,5.556952184E1,5.081136221E-1,-8.852742730E1
8.971137375E0,6.327234638E-1,3.367108382E-1,-3.220492088E-1,-6.185234082E-1,1.014973164E2,5.553914246E1,5.151469170E-1,-8.842833392E1
8.981107375E0,6.332609744E-1,3.369240657E-1,-3.216064495E-1,-6.180874715E-1,1.014177536E2,5.551942968E1,5.257225385E-1,-8.833385837E1
8.991076375E0,6.336968730E-1,3.371263080E-1,-3.212384437E-1,-6.177216211E-1,1.013531983E2,5.550542100E1,5.365727651E-1,-8.825489854E1
9.001046375E0,6.341623790E-1,3.373397956E-1,-3.209211484E-1,-6.172920242E-1,1.012842253E2,5.549708003E1,5.410001031E-1,-8.817070635E1
9.011015375E0,6.345536934E-1,3.374924048E-1,-3.207556844E-1,-6.168925333E-1,1.012262188E2,5.549668580E1,5.339860963E-1,-8.810200400E1
9.020985375E0,6.347556229E-1,3.375369164E-1,-3.207972788E-1,-6.166387632E-1,1.011962763E2,5.550468243E1,5.168688201E-1,-8.806917645E1
9.030954375E0,6.349550578E-1,3.375991364E-1,-3.209219379E-1,-6.163344669E-1,1.011666975E2,5.552178908E1,4.930908240E-1,-8.803533616E1
9.040924375E0,6.350558731E-1,3.376311331E-1,-3.211478800E-1,-6.160953256E-1,1.011517428E2,5.554511193E1,4.659476614E-1,-8.801818408E1
9.050893375E0,6.351193554E-1,3.376202645E-1,-3.214171088E-1,-6.158953718E-1,1.011423252E2,5.556829446E1,4.355130078E-1,-8.800978234E1
9.060863375E0,6.352856992E-1,3.375953906E-1,-3.216694070E-1,-6.156057064E-1,1.011176451E2,5.558868851E1,3.980570055E-1,-8.798749274E1
9.070832375E0,6.353955352E-1,3.374493195E-1,-3.220152542E-1,-6.153915991E-1,1.011013465E2,5.560612621E1,3.502422910E-1,-8.798280833E1
9.080802375E0,6.354583649E-1,3.372110304E-1,-3.224625916E-1,-6.152230650E-1,1.010920223E2,5.562405827E1,2.920324053E-1,-8.799209593E1
9.090771375E0,6.354218315E-1,3.368662587E-1,-3.230502978E-1,-6.151413344E-1,1.010974441E2,5.564467265E1,2.231272826E-1,-8.802407597E1
9.100741375E0,6.353119349E-1,3.364679789E-1,-3.237176431E-1,-6.151217558E-1,1.011137521E2,5.566751445E1,1.497818479E-1,-8.807081054E1
9.110711375E0,6.352607331E-1,3.360883326E-1,-3.243315416E-1,-6.150589926E-1,1.011213495E2,5.568738861E1,7.781438002E-2,-8.810757733E1
9.120680375E0,6.350906949E-1,3.356275131E-1,-3.249615807E-1,-6.151536722E-1,1.011465771E2,5.570123286E1,9.444757379E-3,-8.816783518E1
9.130650375E0,6.350046370E-1,3.351954855E-1,-3.255117880E-1,-6.151872152E-1,1.011593432E2,5.571065835E1,-5.655295421E-2,-8.821359812E1
9.140619375E0,6.349846034E-1,3.347865461E-1,-3.260121860E-1,-6.151654391E-1,1.011623149E2,5.571780304E1,-1.218803628E-1,-8.824790016E1
9.150589375E0,6.349543788E-1,3.343490082E-1,-3.265065801E-1,-6.151723986E-1,1.011667982E2,5.572181964E1,-1.873004014E-1,-8.828586094E1
9.160558375E0,6.349827674E-1,3.339183513E-1,-3.269479844E-1,-6.151426613E-1,1.011625873E2,5.572174178E1,-2.519776341E-1,-8.831472674E1
9.170528375E0,6.349953133E-1,3.334745019E-1,-3.273636797E-1,-6.151493344E-1,1.011607263E2,5.571817258E1,-3.137285623E-1,-8.834684077E1
9.180497375E0,6.351216452E-1,3.330815020E-1,-3.276647152E-1,-6.150716399E-1,1.011419855E2,5.570895766E1,-3.710463223E-1,-8.835847924E1
9.190467375E0,6.352848753E-1,3.326704375E-1,-3.278996480E-1,-6.150002056E-1,1.011177673E2,5.569209649E1,-4.259750749E-1,-8.836605093E1
9.200436375E0,6.354494179E-1,3.322001103E-1,-3.281186114E-1,-6.149677512E-1,1.010933501E2,5.566833485E1,-4.824849677E-1,-8.837792968E1
9.210406375E0,6.356620639E-1,3.317174566E-1,-3.283149616E-1,-6.149036307E-1,1.010617883E2,5.564138799E1,-5.412351750E-1,-8.838365030E1
9.220375375E0,6.358513830E-1,3.312223485E-1,-3.285139459E-1,-6.148685692E-1,1.010336828E2,5.561357053E1,-5.990767172E-1,-8.839367473E1
9.230345375E0,6.361081343E-1,3.307486500E-1,-3.286245914E-1,-6.147988655E-1,1.009955575E2,5.557971373E1,-6.528285940E-1,-8.839216756E1
9.240314375E0,6.363872123E-1,3.302804194E-1,-3.287128260E-1,-6.147145060E-1,1.009541050E2,5.554433132E1,-7.059561976E-1,-8.838690796E1
9.250284375E0,6.366928395E-1,3.298190487E-1,-3.288198261E-1,-6.145886772E-1,1.009086948E2,5.551128144E1,-7.625348969E-1,-8.837722015E1
9.260253375E0,6.369037845E-1,3.293077543E-1,-3.290022486E-1,-6.145466568E-1,1.008773439E2,5.548054395E1,-8.213972542E-1,-8.838503369E1
9.270223375E0,6.371704871E-1,3.288235849E-1,-3.291720447E-1,-6.144385106E-1,1.008376961E2,5.545114116E1,-8.820275392E-1,-8.838258288E1
9.280192375E0,6.373375098E-1,3.282653652E-1,-3.294158911E-1,-6.144330790E-1,1.008128608E2,5.542174419E1,-9.456530144E-1,-8.840020143E1
9.290162375E0,6.375685668E-1,3.277175921E-1,-3.296348766E-1,-6.143683335E-1,1.007784967E2,5.539103611E1,-1.011383181E0,-8.840759545E1
9.300131375E0,6.378129684E-1,3.271732735E-1,-3.298371735E-1,-6.142961438E-1,1.007421386E2,5.535914928E1,-1.076438616E0,-8.841268894E1
9.310101375E0,6.379312325E-1,3.265815404E-1,-3.300826702E-1,-6.143563295E-1,1.007245418E2,5.532699466E1,-1.138267929E0,-8.843970985E1
9.320071375E0,6.381772608E-1,3.261055561E-1,-3.302021765E-1,-6.142894254E-1,1.006879274E2,5.529392767E1,-1.192333970E0,-8.843930227E1
9.330040375E0,6.384615294E-1,3.256765498E-1,-3.302371941E-1,-6.142027412E-1,1.006456099E2,5.525746991E1,-1.239096547E0,-8.842971652E1
9.340010375E0,6.386637157E-1,3.251578022E-1,-3.302971732E-1,-6.142352285E-1,1.006155037E2,5.521516975E1,-1.286449094E0,-8.843880691E1
9.349979375E0,6.388815425E-1,3.245725781E-1,-3.303657612E-1,-6.142813253E-1,1.005830612E2,5.516757307E1,-1.339206086E0,-8.845046340E1
9.359949375E0,6.389640015E-1,3.238845486E-1,-3.305211810E-1,-6.144750124E-1,1.005707780E2,5.511867061E1,-1.394966249E0,-8.848949519E1
9.369918375E0,6.390231533E-1,3.231982342E-1,-3.307035876E-1,-6.146767496E-1,1.005619660E2,5.507247849E1,-1.451435470E0,-8.853172199E1
9.379888375E0,6.391037512E-1,3.226056663E-1,-3.308502419E-1,-6.148252620E-1,1.005499582E2,5.503162647E1,-1.501495153E0,-8.856375177E1
9.389857375E0,6.391991862E-1,3.221272324E-1,-3.309246139E-1,-6.149367680E-1,1.005357386E2,5.499463300E1,-1.540165934E0,-8.858509358E1
9.399827375E0,6.392802280E-1,3.217170096E-1,-3.309298056E-1,-6.150645217E-1,1.005236623E2,5.495761698E1,-1.567826847E0,-8.860348791E1
9.409796375E0,6.392605783E-1,3.213064097E-1,-3.309180519E-1,-6.153058638E-1,1.005265905E2,5.491919468E1,-1.586281282E0,-8.863663327E1
9.419766375E0,6.391740746E-1,3.209155254E-1,-3.308829159E-1,-6.156186961E-1,1.005394803E2,5.488056664E1,-1.596488109E0,-8.867811578E1
9.429735208E0,6.391230861E-1,3.205928010E-1,-3.307784398E-1,-6.158957603E-1,1.005470774E2,5.484179275E1,-1.599492270E0,-8.870931210E1
9.439705208E0,6.389713232E-1,3.202117560E-1,-3.306800223E-1,-6.163041132E-1,1.005696873E2,5.479843524E1,-1.598442061E0,-8.875954397E1
9.449674208E0,6.388609604E-1,3.197871097E-1,-3.305296591E-1,-6.167195350E-1,1.005861269E2,5.474635155E1,-1.598018917E0,-8.880687708E1
9.459644208E0,6.387445297E-1,3.192742563E-1,-3.303618409E-1,-6.171957311E-1,1.006034684E2,5.468471015E1,-1.600148028E0,-8.886153173E1
9.469613208E0,6.385581135E-1,3.186468372E-1,-3.302347471E-1,-6.177806036E-1,1.006312290E2,5.461652413E1,-1.606811962E0,-8.893471937E1
9.479583208E0,6.384280338E-1,3.180125983E-1,-3.300820201E-1,-6.183230480E-1,1.006505969E2,5.454535122E1,-1.615851577E0,-8.900003028E1
9.489552208E0,6.382319799E-1,3.173218832E-1,-3.299415150E-1,-6.189549847E-1,1.006797826E2,5.447034017E1,-1.624124840E0,-8.907903923E1
9.499522208E0,6.381568498E-1,3.166675685E-1,-3.297030330E-1,-6.194944044E-1,1.006909653E2,5.438957183E1,-1.630681795E0,-8.913759247E1
9.509491208E0,6.381037356E-1,3.159936497E-1,-3.294235480E-1,-6.200417326E-1,1.006988705E2,5.430331639E1,-1.636262885E0,-8.919425235E1
9.519461208E0,6.380304692E-1,3.152964400E-1,-3.291155974E-1,-6.206353440E-1,1.007097743E2,5.421245032E1,-1.639073591E0,-8.925543740E1
9.529430208E0,6.380385449E-1,3.146716341E-1,-3.286949508E-1,-6.211669165E-1,1.007085725E2,5.411777310E1,-1.633889068E0,-8.929939541E1
9.539400208E0,6.380522275E-1,3.140246378E-1,-3.281877557E-1,-6.217480945E-1,1.007065363E2,5.401324511E1,-1.622456103E0,-8.934401788E1
9.549370208E0,6.381167122E-1,3.132720900E-1,-3.276173139E-1,-6.223620898E-1,1.006969392E2,5.389343098E1,-1.614741266E0,-8.938870626E1
9.559339208E0,6.382428459E-1,3.123669535E-1,-3.270497552E-1,-6.229857486E-1,1.006781652E2,5.376012903E1,-1.620197489E0,-8.943514773E1
9.569309208E0,6.382590974E-1,3.112793238E-1,-3.266161787E-1,-6.237405315E-1,1.006757461E2,5.362290753E1,-1.639824702E0,-8.951053098E1
9.579278208E0,6.382901834E-1,3.101706740E-1,-3.262272667E-1,-6.244642113E-1,1.006711188E2,5.348798226E1,-1.666072508E0,-8.958497435E1
9.589248208E0,6.382217435E-1,3.090230377E-1,-3.259013649E-1,-6.252728342E-1,1.006813063E2,5.335560816E1,-1.693179342E0,-8.967645866E1
9.599217208E0,6.381439957E-1,3.078754488E-1,-3.255785345E-1,-6.260860444E-1,1.006928785E2,5.322369331E1,-1.720216416E0,-8.976900675E1
9.609187208E0,6.381028116E-1,3.066924408E-1,-3.252588388E-1,-6.268740707E-1,1.006990080E2,5.308899483E1,-1.752497445E0,-8.985834570E1
9.619156208E0,6.380257359E-1,3.053696507E-1,-3.250184444E-1,-6.277225180E-1,1.007104787E2,5.294931891E1,-1.797402823E0,-8.996245838E1
9.629126208E0,6.380211399E-1,3.039479835E-1,-3.248279525E-1,-6.285152600E-1,1.007111627E2,5.280549819E1,-1.857987096E0,-9.006244293E1
9.639095208E0,6.379853082E-1,3.024093463E-1,-3.247354223E-1,-6.293410080E-1,1.007164949E2,5.266055805E1,-1.932130698E0,-9.017464532E1
9.649065208E0,6.378718193E-1,3.007695007E-1,-3.247500433E-1,-6.302337922E-1,1.007333823E2,5.251692231E1,-2.016517013E0,-9.030468551E1
9.659034208E0,6.378035970E-1,2.991590499E-1,-3.247977312E-1,-6.310443047E-1,1.007435329E2,5.237918786E1,-2.106042159E0,-9.042548106E1
9.669004208E0,6.376643560E-1,2.975728124E-1,-3.249054994E-1,-6.318789687E-1,1.007642479E2,5.224959296E1,-2.195040227E0,-9.055442148E1
9.678973208E0,6.375835641E-1,2.960916365E-1,-3.249981474E-1,-6.326081477E-1,1.007762659E2,5.212807342E1,-2.281375350E0,-9.066710743E1
9.688943208E0,6.375442785E-1,2.947023552E-1,-3.250592550E-1,-6.332648847E-1,1.007821094E2,5.201193275E1,-2.362976534E0,-9.076705577E1
9.698912208E0,6.375114028E-1,2.933753498E-1,-3.250813097E-1,-6.339024834E-1,1.007869992E2,5.189789794E1,-2.438290757E0,-9.086141965E1
9.708882208E0,6.374670743E-1,2.920747995E-1,-3.250816719E-1,-6.345471515E-1,1.007935923E2,5.178444389E1,-2.509627621E0,-9.095529957E1
9.718851208E0,6.374924514E-1,2.908017697E-1,-3.250779050E-1,-6.351078686E-1,1.007898179E2,5.167305134E1,-2.584253254E0,-9.103674925E1
9.728821208E0,6.374144520E-1,2.894405424E-1,-3.252038082E-1,-6.357432179E-1,1.008014185E2,5.156638646E1,-2.668627078E0,-9.113885537E1
9.738790208E0,6.373200845E-1,2.880326414E-1,-3.254667900E-1,-6.363425047E-1,1.008154520E2,5.146859517E1,-2.767213881E0,-9.124606282E1
9.748760208E0,6.372471149E-1,2.866111718E-1,-3.258589493E-1,-6.368564989E-1,1.008263025E2,5.138176738E1,-2.880037728E0,-9.135060256E1
9.758730208E0,6.370697615E-1,2.851071325E-1,-3.264246733E-1,-6.374189901E-1,1.008526712E2,5.130444673E1,-3.006266470E0,-9.147538649E1
9.768699208E0,6.369448460E-1,2.836148456E-1,-3.270537084E-1,-6.378868967E-1,1.008712405E2,5.123424272E1,-3.141494834E0,-9.159127253E1
9.778669208E0,6.367321735E-1,2.820775828E-1,-3.277934264E-1,-6.384010035E-1,1.009028495E2,5.117110923E1,-3.283471026E0,-9.172246098E1
9.788638208E0,6.365602957E-1,2.805608968E-1,-3.285801290E-1,-6.388362991E-1,1.009283900E2,5.111443668E1,-3.431613793E0,-9.184588441E1
9.798608208E0,6.363271532E-1,2.790223235E-1,-3.293839563E-1,-6.393282232E-1,1.009630268E2,5.105816934E1,-3.578626759E0,-9.197916493E1
9.808577208E0,6.360321776E-1,2.774515236E-1,-3.301725950E-1,-6.398982491E-1,1.010068375E2,5.099848018E1,-3.722219631E0,-9.212304064E1
9.818547208E0,6.358097111E-1,2.759388153E-1,-3.308774747E-1,-6.404090844E-1,1.010398697E2,5.093619119E1,-3.860230619E0,-9.225210661E1
9.828516208E0,6.356224681E-1,2.745208636E-1,-3.315020962E-1,-6.408811558E-1,1.010676659E2,5.087477906E1,-3.988133341E0,-9.236955290E1
9.838486208E0,6.353809227E-1,2.731937147E-1,-3.320807171E-1,-6.413882263E-1,1.011035150E2,5.081736717E1,-4.102963850E0,-9.248880618E1
9.848455208E0,6.352144509E-1,2.720169588E-1,-3.325721231E-1,-6.417983912E-1,1.011282166E2,5.076453300E1,-4.206373927E0,-9.258723223E1
9.858425208E0,6.350588997E-1,2.709211118E-1,-3.330260314E-1,-6.421803553E-1,1.011512938E2,5.071522767E1,-4.302478247E0,-9.267872831E1
9.868394208E0,6.349770947E-1,2.698982894E-1,-3.334284943E-1,-6.424830941E-1,1.011634287E2,5.066715895E1,-4.394811427E0,-9.275466644E1
9.878364208E0,6.349265981E-1,2.689060051E-1,-3.337978904E-1,-6.427572218E-1,1.011709188E2,5.061860223E1,-4.484635846E0,-9.282391071E1
9.888333208E0,6.349468602E-1,2.679180356E-1,-3.341089815E-1,-6.429880706E-1,1.011679134E2,5.056479145E1,-4.574005970E0,-9.288233889E1
9.898303208E0,6.349354592E-1,2.668454773E-1,-3.344259311E-1,-6.432805069E-1,1.011696045E2,5.050474338E1,-4.667017437E0,-9.295041404E1
9.908272208E0,6.348343993E-1,2.656848795E-1,-3.347906278E-1,-6.436707785E-1,1.011845935E2,5.044241383E1,-4.763673188E0,-9.303676104E1
9.918242208E0,6.346454536E-1,2.644570312E-1,-3.352310044E-1,-6.441333414E-1,1.012126132E2,5.038222728E1,-4.865357027E0,-9.313980644E1
9.928211208E0,6.345441754E-1,2.632703603E-1,-3.356713810E-1,-6.444897767E-1,1.012276300E2,5.032530476E1,-4.970713344E0,-9.322725373E1
9.938181208E0,6.343948248E-1,2.620693227E-1,-3.361704208E-1,-6.448661303E-1,1.012497716E2,5.027318896E1,-5.079061412E0,-9.332234157E1
9.948151208E0,6.344146878E-1,2.609874789E-1,-3.366362462E-1,-6.450423344E-1,1.012468271E2,5.022721065E1,-5.188806136E0,-9.338523497E1
9.958120208E0,6.345516591E-1,2.599946836E-1,-3.370548329E-1,-6.450899662E-1,1.012265204E2,5.018371545E1,-5.296944314E0,-9.342541699E1
9.968090208E0,6.346970825E-1,2.589808543E-1,-3.374297159E-1,-6.451587331E-1,1.012049575E2,5.013444727E1,-5.403192919E0,-9.346540058E1
9.978059208E0,6.349463660E-1,2.579291956E-1,-3.377209612E-1,-6.451822240E-1,1.011679867E2,5.007372717E1,-5.511568529E0,-9.349220336E1
9.988029208E0,6.351255000E-1,2.567161303E-1,-3.380260148E-1,-6.453300653E-1,1.011414136E2,5.000151822E1,-5.626581462E0,-9.353867848E1
9.997998208E0,6.353283393E-1,2.554184156E-1,-3.383095920E-1,-6.454967696E-1,1.011113179E2,4.992034609E1,-5.746761196E0,-9.358638111E1
1.000796821E1,6.355678644E-1,2.540508084E-1,-3.385539436E-1,-6.456724752E-1,1.010757707E2,4.982969075E1,-5.870523437E0,-9.363244693E1
1.001793721E1,6.357279852E-1,2.526069601E-1,-3.387954266E-1,-6.459546434E-1,1.010520026E2,4.973317928E1,-5.993647060E0,-9.369422331E1
1.002790721E1,6.359669612E-1,2.512173627E-1,-3.389611638E-1,-6.461742252E-1,1.010165218E2,4.963367713E1,-6.112202293E0,-9.374077627E1
1.003787621E1,6.361757425E-1,2.498826484E-1,-3.390656538E-1,-6.464313351E-1,1.009855165E2,4.953323118E1,-6.220021140E0,-9.378811423E1
1.004784621E1,6.364268185E-1,2.486698517E-1,-3.390401338E-1,-6.466652850E-1,1.009482211E2,4.943032095E1,-6.311634702E0,-9.382173508E1
1.005781521E1,6.368071974E-1,2.475972724E-1,-3.388141688E-1,-6.468208454E-1,1.008916997E2,4.931914846E1,-6.385443234E0,-9.382783555E1
1.006778521E1,6.372012359E-1,2.465052212E-1,-3.384178040E-1,-6.470574081E-1,1.008331242E2,4.919025570E1,-6.446442987E0,-9.383264604E1
1.007775421E1,6.377080040E-1,2.452954486E-1,-3.378776816E-1,-6.473000110E-1,1.007577547E2,4.903752931E1,-6.509912790E0,-9.382720332E1
1.008772421E1,6.380776661E-1,2.437893784E-1,-3.374538898E-1,-6.477255756E-1,1.007027504E2,4.887273469E1,-6.593609285E0,-9.385847498E1
1.009769321E1,6.382888676E-1,2.422496960E-1,-3.373078668E-1,-6.481711063E-1,1.006713146E2,4.873268805E1,-6.693681196E0,-9.391463493E1
1.010766321E1,6.385992801E-1,2.407913308E-1,-3.371615329E-1,-6.484848043E-1,1.006250991E2,4.859868895E1,-6.795338766E0,-9.395109263E1
1.011763221E1,6.389887371E-1,2.392881529E-1,-3.368458214E-1,-6.488215376E-1,1.005670931E2,4.844465394E1,-6.890414912E0,-9.397780441E1
1.012760221E1,6.394174347E-1,2.377218601E-1,-3.364184418E-1,-6.491966646E-1,1.005032144E2,4.827483669E1,-6.982556281E0,-9.400163462E1
1.013757221E1,6.399586651E-1,2.362154791E-1,-3.359685347E-1,-6.494461091E-1,1.004225253E2,4.810703204E1,-7.076444772E0,-9.400492520E1
1.014754121E1,6.405897233E-1,2.348393212E-1,-3.355459494E-1,-6.495415783E-1,1.003283845E2,4.795171813E1,-7.170289930E0,-9.398724968E1
1.015751121E1,6.412120238E-1,2.335155519E-1,-3.351850248E-1,-6.495910985E-1,1.002354869E2,4.780654721E1,-7.265659461E0,-9.396750891E1
1.016748021E1,6.419538630E-1,2.322135989E-1,-3.348404269E-1,-6.495027884E-1,1.001246622E2,4.766378946E1,-7.368908669E0,-9.392839973E1
1.017745021E1,6.426695030E-1,2.307670137E-1,-3.346055215E-1,-6.494317423E-1,1.000176663E2,4.751997797E1,-7.489626128E0,-9.390057187E1
1.018741921E1,6.433392714E-1,2.291461724E-1,-3.345468952E-1,-6.493728503E-1,9.991745271E1,4.737920896E1,-7.634412717E0,-9.388847195E1
1.019738921E1,6.438466852E-1,2.273019843E-1,-3.347321833E-1,-6.494226178E-1,9.984148226E1,4.724495822E1,-7.805016364E0,-9.391191434E1
1.020735821E1,6.442020487E-1,2.252419781E-1,-3.351544051E-1,-6.495701506E-1,9.978825169E1,4.711730032E1,-8.001173188E0,-9.396881357E1
1.021732821E1,6.444745719E-1,2.230207180E-1,-3.358005532E-1,-6.497324986E-1,9.974741580E1,4.699901652E1,-8.222766991E0,-9.404580723E1
1.022729721E1,6.446579498E-1,2.206892228E-1,-3.366330536E-1,-6.499157982E-1,9.971993086E1,4.689088276E1,-8.462815897E0,-9.414098860E1
1.023726721E1,6.447865127E-1,2.183077415E-1,-3.375300386E-1,-6.501273604E-1,9.970065837E1,4.678601802E1,-8.708876594E0,-9.424594116E1
1.024723621E1,6.450431353E-1,2.160074666E-1,-3.383277362E-1,-6.502265415E-1,9.966218063E1,4.667758610E1,-8.949530573E0,-9.432643676E1
1.025720621E1,6.452670240E-1,2.137100998E-1,-3.390591790E-1,-6.503824802E-1,9.962860207E1,4.656393654E1,-9.182565502E0,-9.441054373E1
1.026717521E1,6.455871606E-1,2.115029958E-1,-3.396917189E-1,-6.504562480E-1,9.958057392E1,4.644751962E1,-9.407455366E0,-9.447458254E1
1.027714521E1,6.459005544E-1,2.093485753E-1,-3.402555594E-1,-6.505472954E-1,9.953354087E1,4.632916022E1,-9.622748510E0,-9.453591552E1
1.028711421E1,6.461932736E-1,2.072647245E-1,-3.407383357E-1,-6.506710713E-1,9.948959582E1,4.620917945E1,-9.825225166E0,-9.459581661E1
1.029708421E1,6.465595684E-1,2.052962191E-1,-3.410880650E-1,-6.507480771E-1,9.943458499E1,4.608505282E1,-1.001321211E1,-9.463799712E1
1.030705321E1,6.469328770E-1,2.033757031E-1,-3.413370791E-1,-6.508495106E-1,9.937849777E1,4.595521695E1,-1.018985100E1,-9.467582393E1
1.031702321E1,6.473688365E-1,2.015275058E-1,-3.414905938E-1,-6.509105468E-1,9.931296817E1,4.582139687E1,-1.035741041E1,-9.469984624E1
1.032699221E1,6.477749760E-1,1.997208759E-1,-3.416033419E-1,-6.510041003E-1,9.925189218E1,4.568739243E1,-1.051692540E1,-9.472551354E1
1.033696221E1,6.480587461E-1,1.979163112E-1,-3.416842691E-1,-6.512303070E-1,9.920920190E1,4.555207734E1,-1.066607400E1,-9.476875700E1
1.034693221E1,6.483455352E-1,1.961779749E-1,-3.416516790E-1,-6.514878024E-1,9.916604370E1,4.541118962E1,-1.080118124E1,-9.480755692E1
1.035690121E1,6.484865574E-1,1.944032765E-1,-3.415419497E-1,-6.519368360E-1,9.914481652E1,4.526203217E1,-1.092322180E1,-9.486929665E1
1.036687121E1,6.485651705E-1,1.925526453E-1,-3.413904370E-1,-6.524869696E-1,9.913298194E1,4.510399761E1,-1.104335408E1,-9.494324952E1
1.037684021E1,6.485587895E-1,1.905560700E-1,-3.412866241E-1,-6.531333926E-1,9.913394258E1,4.494058857E1,-1.117298535E1,-9.503609914E1
1.038681021E1,6.484500251E-1,1.884249779E-1,-3.412675105E-1,-6.538693021E-1,9.915031581E1,4.477655789E1,-1.131361939E1,-9.514988053E1
1.039677921E1,6.483627560E-1,1.862398745E-1,-3.412612306E-1,-6.545848122E-1,9.916345174E1,4.460975590E1,-1.146109837E1,-9.526197298E1
1.040674921E1,6.482080477E-1,1.839528179E-1,-3.412755605E-1,-6.553766965E-1,9.918673559E1,4.443842302E1,-1.161406311E1,-9.538788060E1
1.041671821E1,6.480412545E-1,1.815864462E-1,-3.413333808E-1,-6.561710563E-1,9.921183372E1,4.426586273E1,-1.177639080E1,-9.551819897E1
1.042668883E1,6.479026365E-1,1.791877321E-1,-3.414972161E-1,-6.568816913E-1,9.923268865E1,4.410116052E1,-1.195267030E1,-9.564476066E1
1.043665783E1,6.477375842E-1,1.768011615E-1,-3.417895098E-1,-6.575387660E-1,9.925751639E1,4.395060637E1,-1.213832704E1,-9.577394239E1
1.044662783E1,6.477160494E-1,1.745755551E-1,-3.421208683E-1,-6.579821907E-1,9.926075538E1,4.381454753E1,-1.232514425E1,-9.587353563E1
1.045659683E1,6.477169349E-1,1.724938853E-1,-3.425019127E-1,-6.583319670E-1,9.926062221E1,4.369422985E1,-1.250777534E1,-9.596279062E1
1.046656683E1,6.476894070E-1,1.706331389E-1,-3.429363255E-1,-6.586179393E-1,9.926476250E1,4.359644793E1,-1.267780903E1,-9.604640369E1
1.047653583E1,6.477327409E-1,1.690889310E-1,-3.433023182E-1,-6.587827266E-1,9.925824486E1,4.351511659E1,-1.282362518E1,-9.610524237E1
1.048650583E1,6.477757044E-1,1.677815568E-1,-3.435470439E-1,-6.589472942E-1,9.925178263E1,4.344004521E1,-1.294199163E1,-9.615365900E1
1.049647583E1,6.478824617E-1,1.666748649E-1,-3.436595338E-1,-6.590644210E-1,9.923572367E1,4.336642279E1,-1.303834060E1,-9.618346655E1
1.050644483E1,6.479012921E-1,1.656332477E-1,-3.437226276E-1,-6.592755438E-1,9.923289091E1,4.329426647E1,-1.312055860E1,-9.622361212E1
1.051641483E1,6.478863958E-1,1.646292781E-1,-3.437521620E-1,-6.595261252E-1,9.923513184E1,4.322225686E1,-1.319524542E1,-9.626704923E1
1.052638383E1,6.479386125E-1,1.636518506E-1,-3.437810748E-1,-6.597031874E-1,9.922727642E1,4.315124905E1,-1.327203800E1,-9.629905317E1
1.053635383E1,6.479577998E-1,1.626017092E-1,-3.438988436E-1,-6.598825960E-1,9.922438978E1,4.308395371E1,-1.335994575E1,-9.633900141E1
1.054632283E1,6.481394363E-1,1.615726622E-1,-3.441237287E-1,-6.598397913E-1,9.919706043E1,4.302620462E1,-1.346528528E1,-9.635343869E1
1.055629283E1,6.482988798E-1,1.605049983E-1,-3.445221007E-1,-6.597357287E-1,9.917306570E1,4.298274293E1,-1.358719120E1,-9.637295938E1
1.056626183E1,6.485860598E-1,1.595091315E-1,-3.449774342E-1,-6.594568937E-1,9.912983704E1,4.294822462E1,-1.371640531E1,-9.637007111E1
1.057623183E1,6.489089564E-1,1.585304711E-1,-3.454502480E-1,-6.591277595E-1,9.908121543E1,4.291614722E1,-1.384805323E1,-9.636090431E1
1.058620083E1,6.493288381E-1,1.576313945E-1,-3.458921999E-1,-6.586979311E-1,9.901796352E1,4.288546245E1,-1.397701412E1,-9.633346765E1
1.059617083E1,6.497228097E-1,1.568082560E-1,-3.462918047E-1,-6.582958673E-1,9.895858765E1,4.285670277E1,-1.409526827E1,-9.630668499E1
1.060613983E1,6.502401972E-1,1.561656536E-1,-3.465617026E-1,-6.577955914E-1,9.888057168E1,4.282676416E1,-1.419640410E1,-9.625344456E1
1.061610983E1,6.507683427E-1,1.556143307E-1,-3.467151593E-1,-6.573229112E-1,9.880088661E1,4.279207832E1,-1.428142025E1,-9.619452246E1
1.062607883E1,6.513315620E-1,1.551430024E-1,-3.467664941E-1,-6.568492960E-1,9.871585733E1,4.275280380E1,-1.435379903E1,-9.612671338E1
1.063604883E1,6.520242206E-1,1.548252047E-1,-3.467186680E-1,-6.562619203E-1,9.861121228E1,4.271313966E1,-1.441397734E1,-9.603265306E1
1.064601783E1,6.527023568E-1,1.545849466E-1,-3.466363341E-1,-6.556876339E-1,9.850868155E1,4.267607517E1,-1.446460232E1,-9.593758614E1
1.065598783E1,6.533156093E-1,1.543962867E-1,-3.465560128E-1,-6.551636485E-1,9.841589282E1,4.264406910E1,-1.450776656E1,-9.585038636E1
1.066595683E1,6.539483725E-1,1.543143743E-1,-3.464629736E-1,-6.546005962E-1,9.832008399E1,4.261841732E1,-1.454316055E1,-9.575589931E1
1.067592683E1,6.545049391E-1,1.542772746E-1,-3.463613259E-1,-6.541068283E-1,9.823575506E1,4.259652298E1,-1.457000753E1,-9.567132982E1
1.068589683E1,6.551055160E-1,1.543174721E-1,-3.462094392E-1,-6.535762995E-1,9.814469757E1,4.257478842E1,-1.458943664E1,-9.557677022E1
1.069586583E1,6.557633522E-1,1.543959601E-1,-3.460206951E-1,-6.529977837E-1,9.804488653E1,4.255138948E1,-1.460625148E1,-9.547172621E1
1.070583583E1,6.564520187E-1,1.544920865E-1,-3.458157034E-1,-6.523913035E-1,9.794031677E1,4.252721546E1,-1.462219732E1,-9.536107611E1
1.071580483E1,6.571611518E-1,1.546230262E-1,-3.456024508E-1,-6.517591306E-1,9.783255244E1,4.250451228E1,-1.463610262E1,-9.524581498E1
1.072577483E1,6.578240468E-1,1.548147733E-1,-3.453749211E-1,-6.511652721E-1,9.773173477E1,4.248578561E1,-1.464159673E1,-9.513523033E1
1.073574383E1,6.585004639E-1,1.551096643E-1,-3.450899768E-1,-6.505621906E-1,9.762878066E1,4.246908245E1,-1.463537914E1,-9.501834863E1
1.074571383E1,6.592540140E-1,1.554872263E-1,-3.447268290E-1,-6.499010264E-1,9.751399111E1,4.244983478E1,-1.462090824E1,-9.488603268E1
1.075568283E1,6.599482055E-1,1.558243800E-1,-3.443484135E-1,-6.493160795E-1,9.740815447E1,4.242716690E1,-1.460451912E1,-9.476436500E1
1.076565283E1,6.606495356E-1,1.561534310E-1,-3.439660468E-1,-6.487261856E-1,9.730114220E1,4.240346047E1,-1.458881126E1,-9.464178206E1
1.077562183E1,6.612263278E-1,1.564356463E-1,-3.436161015E-1,-6.482557721E-1,9.721306659E1,4.238150194E1,-1.457194011E1,-9.454037484E1
1.078559183E1,6.618315789E-1,1.567984885E-1,-3.432582326E-1,-6.477397880E-1,9.712058110E1,4.236445957E1,-1.455025216E1,-9.443132608E1
1.079556083E1,6.623348268E-1,1.571822250E-1,-3.429378849E-1,-6.473019520E-1,9.704363204E1,4.235438595E1,-1.452430589E1,-9.433738961E1
1.080553083E1,6.627436532E-1,1.575642862E-1,-3.426766588E-1,-6.469290348E-1,9.698108684E1,4.235149399E1,-1.449809049E1,-9.425832882E1
1.081549983E1,6.631892586E-1,1.579813925E-1,-3.424436499E-1,-6.464937974E-1,9.691288049E1,4.235337464E1,-1.447407533E1,-9.417211919E1
1.082546983E1,6.635758717E-1,1.583501142E-1,-3.422597421E-1,-6.461042341E-1,9.685367462E1,4.235731537E1,-1.445439112E1,-9.409706400E1
1.083543883E1,6.638258117E-1,1.586003084E-1,-3.421305094E-1,-6.458544627E-1,9.681538439E1,4.235979621E1,-1.443992114E1,-9.404802411E1
1.084540883E1,6.640606223E-1,1.587946792E-1,-3.420324020E-1,-6.456172918E-1,9.677940160E1,4.236127221E1,-1.443132027E1,-9.400357276E1
1.085537883E1,6.641992229E-1,1.588922491E-1,-3.419917303E-1,-6.454722006E-1,9.675815750E1,4.236248164E1,-1.442900736E1,-9.397801255E1
1.086534783E1,6.643486460E-1,1.589676498E-1,-3.419900023E-1,-6.453006926E-1,9.673525065E1,4.236552800E1,-1.443238537E1,-9.395167564E1
1.087531783E1,6.644731524E-1,1.590032007E-1,-3.420280398E-1,-6.451436488E-1,9.671616046E1,4.236974965E1,-1.444065463E1,-9.393087107E1
1.088528683E1,6.645017813E-1,1.589173054E-1,-3.421389703E-1,-6.450764134E-1,9.671177048E1,4.237327798E1,-1.445835810E1,-9.392989764E1
1.089525683E1,6.645603226E-1,1.587753654E-1,-3.423032482E-1,-6.449640084E-1,9.670279324E1,4.237711715E1,-1.448659701E1,-9.392653406E1
1.090522583E1,6.645340677E-1,1.585403019E-1,-3.425434537E-1,-6.449212267E-1,9.670681947E1,4.238253270E1,-1.452317485E1,-9.394015563E1
1.091519583E1,6.645463397E-1,1.583441715E-1,-3.427791599E-1,-6.448315731E-1,9.670493755E1,4.238984225E1,-1.455887060E1,-9.394624072E1
1.092516483E1,6.645903476E-1,1.582287945E-1,-3.429575043E-1,-6.447196245E-1,9.669818869E1,4.239729246E1,-1.458559631E1,-9.394410146E1
1.093513483E1,6.645365373E-1,1.581380734E-1,-3.430852303E-1,-6.447294335E-1,9.670644076E1,4.240347603E1,-1.460020383E1,-9.395626568E1
1.094510383E1,6.645671971E-1,1.581539312E-1,-3.431176307E-1,-6.446767730E-1,9.670173899E1,4.240724408E1,-1.460377476E1,-9.395090885E1
1.095507383E1,6.645528297E-1,1.581894399E-1,-3.431012145E-1,-6.446916463E-1,9.670394231E1,4.240862691E1,-1.459890980E1,-9.395176022E1
1.096504283E1,6.645461138E-1,1.582581392E-1,-3.430262353E-1,-6.447214586E-1,9.670497219E1,4.240682121E1,-1.458693375E1,-9.395000214E1
1.097501283E1,6.646071649E-1,1.583688695E-1,-3.428715879E-1,-6.447136812E-1,9.669560958E1,4.239947986E1,-1.456893689E1,-9.393589972E1
1.098498183E1,6.646465076E-1,1.584440174E-1,-3.426787661E-1,-6.447571991E-1,9.668957573E1,4.238617479E1,-1.454880853E1,-9.392651246E1
1.099495183E1,6.646343568E-1,1.584553443E-1,-3.424833839E-1,-6.448707552E-1,9.669143928E1,4.236865409E1,-1.452994799E1,-9.392766896E1
1.100492083E1,6.646892360E-1,1.584700220E-1,-3.422803941E-1,-6.449183772E-1,9.668302232E1,4.234952856E1,-1.451418754E1,-9.391818419E1
1.101489083E1,6.646543470E-1,1.584021972E-1,-3.421324270E-1,-6.450493610E-1,9.668837340E1,4.233088546E1,-1.450385469E1,-9.392603320E1
1.102486083E1,6.646149528E-1,1.582923519E-1,-3.420319174E-1,-6.451702672E-1,9.669441519E1,4.231364313E1,-1.450047411E1,-9.393632194E1
1.103482983E1,6.645846986E-1,1.581353128E-1,-3.419637237E-1,-6.452761328E-1,9.669905502E1,4.229573085E1,-1.450389569E1,-9.394705697E1
1.104479983E1,6.645073038E-1,1.578807774E-1,-3.419440096E-1,-6.454285490E-1,9.671092363E1,4.227581791E1,-1.451580525E1,-9.396901210E1
1.105476883E1,6.644381356E-1,1.575695651E-1,-3.419730066E-1,-6.455603475E-1,9.672152977E1,4.225609755E1,-1.453660539E1,-9.399193124E1
1.106473883E1,6.643278017E-1,1.571931832E-1,-3.420621156E-1,-6.457185601E-1,9.673844636E1,4.223786697E1,-1.456496823E1,-9.402392595E1
1.107470783E1,6.640987185E-1,1.567569739E-1,-3.422124007E-1,-6.459805180E-1,9.677356274E1,4.222296501E1,-1.459599600E1,-9.407686956E1
1.108467783E1,6.639341054E-1,1.563943108E-1,-3.423725482E-1,-6.461528018E-1,9.679879052E1,4.221351773E1,-1.462646863E1,-9.411688431E1
1.109464683E1,6.637151788E-1,1.560511511E-1,-3.425509979E-1,-6.463659963E-1,9.683233448E1,4.220824978E1,-1.465394004E1,-9.416463973E1
1.110461683E1,6.635334739E-1,1.557645842E-1,-3.427197223E-1,-6.465322755E-1,9.686016873E1,4.220573737E1,-1.467870080E1,-9.420437854E1
1.111458583E1,6.632714002E-1,1.554721904E-1,-3.429258836E-1,-6.467621490E-1,9.690030361E1,4.220775794E1,-1.470242043E1,-9.425694496E1
1.112455583E1,6.629182853E-1,1.551988997E-1,-3.431786910E-1,-6.470555840E-1,9.695436115E1,4.221727572E1,-1.472347506E1,-9.432307399E1
1.113452483E1,6.626520608E-1,1.550781595E-1,-3.434245651E-1,-6.472267252E-1,9.699510192E1,4.223620597E1,-1.473806683E1,-9.436974701E1
1.114449483E1,6.623255966E-1,1.550459277E-1,-3.436631479E-1,-6.474420060E-1,9.704504379E1,4.226218958E1,-1.474202283E1,-9.442243078E1
1.115446383E1,6.619389737E-1,1.550757888E-1,-3.438715430E-1,-6.477196372E-1,9.710416375E1,4.229102492E1,-1.473523211E1,-9.448205496E1
1.116443383E1,6.615935216E-1,1.551917453E-1,-3.440308475E-1,-6.479602279E-1,9.715696533E1,4.232095640E1,-1.472032188E1,-9.453181966E1
1.117440283E1,6.611877107E-1,1.553127173E-1,-3.441705538E-1,-6.482711241E-1,9.721896524E1,4.235041322E1,-1.469971786E1,-9.459071195E1
1.118437283E1,6.608404529E-1,1.555041377E-1,-3.443001238E-1,-6.485104859E-1,9.727199591E1,4.238320032E1,-1.467659332E1,-9.463771496E1
1.119434283E1,6.604947665E-1,1.557441956E-1,-3.444750859E-1,-6.487121145E-1,9.732476517E1,4.242396021E1,-1.465402365E1,-9.468263951E1
1.120431183E1,6.601425459E-1,1.560502239E-1,-3.447010773E-1,-6.488770344E-1,9.737850988E1,4.247467933E1,-1.463076184E1,-9.472607941E1
1.121428183E1,6.597446398E-1,1.564365524E-1,-3.449808797E-1,-6.490399297E-1,9.743919904E1,4.253736742E1,-1.460367541E1,-9.477354866E1
1.122425083E1,6.592489392E-1,1.569260459E-1,-3.452980768E-1,-6.492567025E-1,9.751476449E1,4.261304891E1,-1.456654130E1,-9.483219564E1
1.123422083E1,6.587733683E-1,1.576106056E-1,-3.455751397E-1,-6.494261186E-1,9.758722029E1,4.269919917E1,-1.451293173E1,-9.487989686E1
1.124418983E1,6.583554988E-1,1.585346015E-1,-3.457655065E-1,-6.495236721E-1,9.765085189E1,4.279405861E1,-1.443782670E1,-9.490892055E1
1.125415983E1,6.579267076E-1,1.596886244E-1,-3.458193280E-1,-6.496467301E-1,9.771611448E1,4.289328045E1,-1.433347746E1,-9.493002008E1
1.126412883E1,6.576556843E-1,1.611278339E-1,-3.456524054E-1,-6.496545885E-1,9.775734784E1,4.299020314E1,-1.419871628E1,-9.491458324E1
1.127409883E1,6.574079096E-1,1.627234398E-1,-3.453051891E-1,-6.496924719E-1,9.779503285E1,4.308132221E1,-1.403841168E1,-9.488850964E1
1.128406783E1,6.572340475E-1,1.644609647E-1,-3.448265484E-1,-6.496850182E-1,9.782146973E1,4.316949887E1,-1.386103573E1,-9.484446722E1
1.129403783E1,6.571628332E-1,1.663048577E-1,-3.442912308E-1,-6.495716293E-1,9.783229682E1,4.325889147E1,-1.367752153E1,-9.477956096E1
1.130400683E1,6.570858964E-1,1.681412064E-1,-3.438163938E-1,-6.494281381E-1,9.784399291E1,4.335385872E1,-1.349983393E1,-9.471529197E1
1.131397683E1,6.570526607E-1,1.700115255E-1,-3.434661851E-1,-6.491601081E-1,9.784904515E1,4.346292599E1,-1.333365544E1,-9.464245646E1
1.132394583E1,6.569060413E-1,1.718858538E-1,-3.432815240E-1,-6.489124859E-1,9.787133080E1,4.359008420E1,-1.317521279E1,-9.458650178E1
1.133391583E1,6.567602742E-1,1.738582578E-1,-3.431591559E-1,-6.485992739E-1,9.789348318E1,4.373086950E1,-1.301569315E1,-9.452566595E1
1.134388483E1,6.565602281E-1,1.758353876E-1,-3.430782972E-1,-6.483114280E-1,9.792387830E1,4.387699289E1,-1.285655597E1,-9.447221840E1
1.135385483E1,6.562498334E-1,1.776872042E-1,-3.430686771E-1,-6.481260072E-1,9.797102598E1,4.402212241E1,-1.270610379E1,-9.444044773E1
1.136382483E1,6.559686157E-1,1.794462451E-1,-3.431378823E-1,-6.478892401E-1,9.801372721E1,4.416737639E1,-1.257120681E1,-9.440755823E1
1.137379383E1,6.556478822E-1,1.810940341E-1,-3.433415622E-1,-6.476475661E-1,9.806241183E1,4.431760832E1,-1.245378829E1,-9.438515514E1
1.138376383E1,6.552610739E-1,1.826819166E-1,-3.436868713E-1,-6.474098424E-1,9.812110215E1,4.447775083E1,-1.234918924E1,-9.437508262E1
1.139373283E1,6.549296176E-1,1.843274191E-1,-3.440746170E-1,-6.470727654E-1,9.817137320E1,4.464567718E1,-1.224795596E1,-9.435344182E1
1.140370283E1,6.545547276E-1,1.859627116E-1,-3.444832360E-1,-6.467668152E-1,9.822820867E1,4.481549365E1,-1.214680469E1,-9.433831794E1
1.141367183E1,6.542476289E-1,1.875905019E-1,-3.448402672E-1,-6.464170131E-1,9.827474843E1,4.497897715E1,-1.204609020E1,-9.431244585E1
1.142364183E1,6.539795222E-1,1.891454888E-1,-3.450898819E-1,-6.461020602E-1,9.831536571E1,4.512618701E1,-1.194360685E1,-9.428321649E1
1.143361025E1,6.537458509E-1,1.905690776E-1,-3.452106801E-1,-6.458555947E-1,9.835075600E1,4.525060518E1,-1.184120065E1,-9.425400660E1
1.144358025E1,6.535140040E-1,1.917805256E-1,-3.452408783E-1,-6.457155378E-1,9.838586064E1,4.535005756E1,-1.174569374E1,-9.423373995E1
1.145354925E1,6.534277650E-1,1.928109949E-1,-3.451834111E-1,-6.455266422E-1,9.839891598E1,4.542533956E1,-1.166421002E1,-9.419921845E1
1.146351925E1,6.533426498E-1,1.935303205E-1,-3.451645662E-1,-6.454074295E-1,9.841179994E1,4.548027529E1,-1.160770505E1,-9.417878773E1
1.147348825E1,6.532965214E-1,1.939744060E-1,-3.452371167E-1,-6.452821045E-1,9.841878191E1,4.552215928E1,-1.158070279E1,-9.416528565E1
1.148345825E1,6.533260472E-1,1.942439193E-1,-3.453786195E-1,-6.450953709E-1,9.841431294E1,4.555614546E1,-1.157660884E1,-9.414842640E1
1.149342725E1,6.533240278E-1,1.943765923E-1,-3.455743547E-1,-6.449526581E-1,9.841461860E1,4.558511599E1,-1.158471908E1,-9.414281600E1
1.150339725E1,6.534477321E-1,1.945338685E-1,-3.457364251E-1,-6.446929037E-1,9.839589337E1,4.561117615E1,-1.159615343E1,-9.411683805E1
1.151336625E1,6.535428572E-1,1.947167384E-1,-3.459014775E-1,-6.444527935E-1,9.838149240E1,4.563987530E1,-1.160429712E1,-9.409404283E1
1.152333625E1,6.535770659E-1,1.950316492E-1,-3.460378331E-1,-6.442495759E-1,9.837631316E1,4.567684540E1,-1.159700224E1,-9.407428771E1
1.153330625E1,6.535183323E-1,1.955600073E-1,-3.461152094E-1,-6.441075219E-1,9.838520536E1,4.572593429E1,-1.156397247E1,-9.405862439E1
1.154327525E1,6.533417828E-1,1.963162324E-1,-3.461286279E-1,-6.440493135E-1,9.841193117E1,4.578810110E1,-1.150222102E1,-9.405002936E1
1.155324525E1,6.531616613E-1,1.973470758E-1,-3.460754228E-1,-6.439455338E-1,9.843919215E1,4.586530232E1,-1.141563666E1,-9.402880555E1
1.156321425E1,6.529776544E-1,1.986276920E-1,-3.459826734E-1,-6.437882355E-1,9.846703541E1,4.595825258E1,-1.130838005E1,-9.399603920E1
1.157318425E1,6.527265313E-1,2.000868054E-1,-3.459086319E-1,-6.436308713E-1,9.850502503E1,4.606779897E1,-1.118651048E1,-9.396462542E1
1.158315325E1,6.525030233E-1,2.017146747E-1,-3.458350119E-1,-6.433887410E-1,9.853882796E1,4.619031608E1,-1.105521476E1,-9.392040660E1
1.159312325E1,6.521685871E-1,2.034114542E-1,-3.457729823E-1,-6.432269402E-1,9.858939142E1,4.632080077E1,-1.091340044E1,-9.388915146E1
1.160309225E1,6.517482954E-1,2.051890502E-1,-3.456823139E-1,-6.431371707E-1,9.865290818E1,4.645602541E1,-1.075829727E1,-9.386630348E1
1.161306225E1,6.512896626E-1,2.070430426E-1,-3.455241841E-1,-6.430926544E-1,9.872218475E1,4.659138523E1,-1.058983363E1,-9.384469682E1
1.162303125E1,6.507248893E-1,2.088866564E-1,-3.452934881E-1,-6.431919580E-1,9.880744453E1,4.672035688E1,-1.040900329E1,-9.383875179E1
1.163300125E1,6.502905706E-1,2.107609057E-1,-3.449159156E-1,-6.432223413E-1,9.887297353E1,4.683644056E1,-1.022178211E1,-9.381061511E1
1.164297025E1,6.499635947E-1,2.125515409E-1,-3.444280816E-1,-6.432250393E-1,9.892228575E1,4.693449693E1,-1.003760392E1,-9.376960849E1
1.165294025E1,6.497315098E-1,2.142108096E-1,-3.438412394E-1,-6.432231249E-1,9.895727616E1,4.701201854E1,-9.859823213E0,-9.372018846E1
1.166290925E1,6.496680188E-1,2.158320725E-1,-3.431228885E-1,-6.431288181E-1,9.896684682E1,4.707256217E1,-9.684126153E0,-9.364660542E1
1.167287925E1,6.496808598E-1,2.174077324E-1,-3.422911626E-1,-6.430283117E-1,9.896491122E1,4.711831247E1,-9.506609453E0,-9.356327762E1
1.168284925E1,6.498165819E-1,2.189974167E-1,-3.413429112E-1,-6.428558375E-1,9.894445128E1,4.715330909E1,-9.326081682E0,-9.346018892E1
1.169281825E1,6.499767998E-1,2.206021632E-1,-3.403443628E-1,-6.426746305E-1,9.892029460E1,4.718497725E1,-9.141954460E0,-9.335214867E1
1.170278825E1,6.500872453E-1,2.221510757E-1,-3.393380910E-1,-6.425613190E-1,9.890363976E1,4.721242395E1,-8.957822710E0,-9.325403562E1
1.171275725E1,6.501765229E-1,2.235583010E-1,-3.383662426E-1,-6.424955594E-1,9.889017547E1,4.723243930E1,-8.784885750E0,-9.316619802E1
1.172272725E1,6.501984771E-1,2.246995903E-1,-3.375328361E-1,-6.425135603E-1,9.888686427E1,4.724516457E1,-8.637450948E0,-9.310224630E1
1.173269625E1,6.501482950E-1,2.255219543E-1,-3.369048955E-1,-6.426058050E-1,9.889443277E1,4.725251092E1,-8.524531655E0,-9.306593523E1
1.174266625E1,6.500321001E-1,2.260297922E-1,-3.365035626E-1,-6.427552116E-1,9.891195575E1,4.725659870E1,-8.448048258E0,-9.305624943E1
1.175263525E1,6.497773395E-1,2.261965673E-1,-3.363757734E-1,-6.430209304E-1,9.895036734E1,4.726026191E1,-8.409117843E0,-9.308560000E1
1.176260525E1,6.494793165E-1,2.260771758E-1,-3.365234876E-1,-6.432866689E-1,9.899528787E1,4.726722617E1,-8.410552300E0,-9.313679638E1
1.177257425E1,6.490750891E-1,2.257042974E-1,-3.369579004E-1,-6.435980890E-1,9.905619240E1,4.728179434E1,-8.447102258E0,-9.321753819E1
1.178254425E1,6.485998901E-1,2.252088717E-1,-3.376124304E-1,-6.439074822E-1,9.912775484E1,4.730799732E1,-8.506604566E0,-9.331550859E1
1.179251325E1,6.482133149E-1,2.247375804E-1,-3.383913937E-1,-6.440526403E-1,9.918594293E1,4.734721527E1,-8.581376577E0,-9.339899240E1
1.180248325E1,6.478444715E-1,2.243038261E-1,-3.393048213E-1,-6.440945084E-1,9.924143855E1,4.740212348E1,-8.666786516E0,-9.347790814E1
1.181245225E1,6.475430485E-1,2.239798064E-1,-3.403147388E-1,-6.439773290E-1,9.928677324E1,4.747445266E1,-8.757980634E0,-9.354095424E1
1.182242225E1,6.473252082E-1,2.238129365E-1,-3.413597383E-1,-6.437012924E-1,9.931952742E1,4.756202243E1,-8.847448883E0,-9.358328200E1
1.183239125E1,6.471330579E-1,2.238476708E-1,-3.424115077E-1,-6.433237016E-1,9.934841228E1,4.766618517E1,-8.925993936E0,-9.361115492E1
1.184236125E1,6.470730079E-1,2.242268185E-1,-3.433978335E-1,-6.427260080E-1,9.935743799E1,4.779042515E1,-8.984897829E0,-9.360101946E1
1.185233125E1,6.469992937E-1,2.248888876E-1,-3.443630964E-1,-6.420521213E-1,9.936851665E1,4.793540748E1,-9.022631598E0,-9.357792083E1
1.186230025E1,6.468831536E-1,2.258771153E-1,-3.453148039E-1,-6.413107416E-1,9.938596973E1,4.810558405E1,-9.035234252E0,-9.354374004E1
1.187227025E1,6.468307154E-1,2.272545059E-1,-3.461841353E-1,-6.404076265E-1,9.939384921E1,4.829849053E1,-9.019698479E0,-9.347890941E1
1.188223925E1,6.467902547E-1,2.289680650E-1,-3.469608648E-1,-6.394170067E-1,9.939992860E1,4.850952863E1,-8.975358067E0,-9.339370716E1
1.189220925E1,6.467596877E-1,2.309291526E-1,-3.476159586E-1,-6.383859789E-1,9.940452124E1,4.872899609E1,-8.905435533E0,-9.329285071E1
1.190217825E1,6.468413525E-1,2.330931246E-1,-3.481085446E-1,-6.372474397E-1,9.939225089E1,4.894862969E1,-8.816244339E0,-9.316316857E1
1.191214825E1,6.469664151E-1,2.353898170E-1,-3.484783990E-1,-6.360730892E-1,9.937345775E1,4.916735284E1,-8.711393591E0,-9.301858219E1
1.192211725E1,6.471376182E-1,2.378485588E-1,-3.487201323E-1,-6.348505751E-1,9.934772683E1,4.938713113E1,-8.588868453E0,-9.285685747E1
1.193208725E1,6.474747271E-1,2.405005281E-1,-3.488179920E-1,-6.334523771E-1,9.929704681E1,4.960813966E1,-8.453714728E0,-9.265808462E1
1.194205625E1,6.478765064E-1,2.432014983E-1,-3.488642376E-1,-6.319831867E-1,9.923661953E1,4.982852923E1,-8.316628151E0,-9.244536422E1
1.195202625E1,6.483363450E-1,2.457940511E-1,-3.489904516E-1,-6.304370553E-1,9.916742691E1,5.004801672E1,-8.198963724E0,-9.222867536E1
1.196199525E1,6.488161882E-1,2.480514837E-1,-3.493854887E-1,-6.288384661E-1,9.909518622E1,5.026605544E1,-8.129172656E0,-9.202706004E1
1.197196525E1,6.492824937E-1,2.498272358E-1,-3.501736980E-1,-6.272137124E-1,9.902494641E1,5.048228660E1,-8.124998260E0,-9.185453933E1
1.198193425E1,6.498302506E-1,2.511678691E-1,-3.512925862E-1,-6.254828934E-1,9.894239056E1,5.069353153E1,-8.184356413E0,-9.169458912E1
1.199190425E1,6.502959022E-1,2.521287329E-1,-3.527107434E-1,-6.238120106E-1,9.887216931E1,5.090257701E1,-8.289267239E0,-9.156887525E1
1.200187425E1,6.507227957E-1,2.530363443E-1,-3.542547300E-1,-6.221222288E-1,9.880776047E1,5.111955955E1,-8.407017245E0,-9.145187141E1
1.201184325E1,6.511349537E-1,2.541417613E-1,-3.557767053E-1,-6.203692953E-1,9.874554545E1,5.135104189E1,-8.510682560E0,-9.132507733E1
1.202181325E1,6.515598190E-1,2.554738598E-1,-3.572026544E-1,-6.185541741E-1,9.868138193E1,5.159224354E1,-8.593834775E0,-9.118253786E1
1.203178225E1,6.520461857E-1,2.568656594E-1,-3.585121306E-1,-6.167049469E-1,9.860789250E1,5.182703152E1,-8.668206991E0,-9.102659617E1
1.204175225E1,6.524582212E-1,2.580264363E-1,-3.598017294E-1,-6.150312033E-1,9.854560271E1,5.204162957E1,-8.749952886E0,-9.089517746E1
1.205172125E1,6.528682758E-1,2.589716637E-1,-3.610679050E-1,-6.134546926E-1,9.848358342E1,5.223628453E1,-8.842846127E0,-9.077663922E1
1.206169125E1,6.531869442E-1,2.598062661E-1,-3.623340279E-1,-6.120143280E-1,9.843536599E1,5.242267289E1,-8.936132765E0,-9.067832155E1
1.207166025E1,6.532961954E-1,2.606507256E-1,-3.636037808E-1,-6.107844763E-1,9.841883125E1,5.261223284E1,-9.014191507E0,-9.061092534E1
1.208163025E1,6.533443798E-1,2.616883652E-1,-3.647596318E-1,-6.095989171E-1,9.841153808E1,5.280775313E1,-9.066309038E0,-9.054081020E1
1.209159925E1,6.532001612E-1,2.627810802E-1,-3.658486905E-1,-6.086299531E-1,9.843336576E1,5.300342114E1,-9.095004385E0,-9.049620188E1
1.210156925E1,6.528932136E-1,2.638276760E-1,-3.668912718E-1,-6.078784248E-1,9.847981074E1,5.319246489E1,-9.110054412E0,-9.047877908E1
1.211153825E1,6.525200058E-1,2.647525043E-1,-3.679002674E-1,-6.072669135E-1,9.853625985E1,5.336890537E1,-9.124118187E0,-9.047860369E1
1.212150825E1,6.520226230E-1,2.654720353E-1,-3.689508619E-1,-6.068495412E-1,9.861145374E1,5.353343426E1,-9.144531112E0,-9.050966768E1
1.213147725E1,6.516077979E-1,2.661594135E-1,-3.699478403E-1,-6.063867846E-1,9.867413418E1,5.368954436E1,-9.168049407E0,-9.053004236E1
1.214144725E1,6.512567436E-1,2.668571494E-1,-3.708666890E-1,-6.058958291E-1,9.872715579E1,5.383860161E1,-9.188531538E0,-9.054000060E1
1.215141625E1,6.509538211E-1,2.675845197E-1,-3.716965183E-1,-6.053918924E-1,9.877289090E1,5.398129232E1,-9.202690426E0,-9.054069415E1
1.216138625E1,6.507182123E-1,2.684126262E-1,-3.723970358E-1,-6.048477845E-1,9.880845218E1,5.411950984E1,-9.204197335E0,-9.052476292E1
1.217135625E1,6.503813509E-1,2.693006972E-1,-3.730022277E-1,-6.044424398E-1,9.885927945E1,5.425461244E1,-9.185643899E0,-9.052019991E1
1.218132525E1,6.500675835E-1,2.703296862E-1,-3.734197607E-1,-6.040628074E-1,9.890660486E1,5.438340458E1,-9.143282986E0,-9.050306006E1
1.219129525E1,6.497546958E-1,2.714049102E-1,-3.736347360E-1,-6.037841219E-1,9.895378092E1,5.449674155E1,-9.079333462E0,-9.048254407E1
1.220126425E1,6.493267104E-1,2.723546473E-1,-3.737272062E-1,-6.037597030E-1,9.901828413E1,5.458891809E1,-9.001979754E0,-9.048703751E1
1.221123425E1,6.489410456E-1,2.732355112E-1,-3.737162111E-1,-6.037831578E-1,9.907638249E1,5.466507867E1,-8.921991526E0,-9.048926239E1
1.222120325E1,6.484871451E-1,2.739754518E-1,-3.737429638E-1,-6.039189338E-1,9.914472804E1,5.473363055E1,-8.848197791E0,-9.051050044E1
1.223117325E1,6.480697688E-1,2.746722393E-1,-3.738111416E-1,-6.040084076E-1,9.920754337E1,5.480221930E1,-8.783585569E0,-9.052885325E1
1.224114225E1,6.476424169E-1,2.753371321E-1,-3.739320346E-1,-6.040891439E-1,9.927182970E1,5.487325646E1,-8.725001783E0,-9.055055880E1
1.225111225E1,6.470882728E-1,2.759562588E-1,-3.741105792E-1,-6.042899288E-1,9.935514369E1,5.494702464E1,-8.664594618E0,-9.059407728E1
1.226108125E1,6.465621129E-1,2.766909047E-1,-3.742213148E-1,-6.044483997E-1,9.943420278E1,5.502375749E1,-8.593542134E0,-9.062577033E1
1.227105125E1,6.459996763E-1,2.775126471E-1,-3.742638357E-1,-6.046466874E-1,9.951866159E1,5.510157422E1,-8.508401215E0,-9.065709901E1
1.228102025E1,6.454015836E-1,2.783860562E-1,-3.742247234E-1,-6.049081954E-1,9.960841699E1,5.517619747E1,-8.409928030E0,-9.069018235E1
1.229099025E1,6.448753275E-1,2.793064644E-1,-3.740750125E-1,-6.051375691E-1,9.968734281E1,5.524359443E1,-8.304031267E0,-9.070916517E1
1.230095925E1,6.443863279E-1,2.802653263E-1,-3.738636250E-1,-6.053459550E-1,9.976063995E1,5.530805664E1,-8.193129958E0,-9.071986607E1
1.231092925E1,6.438442523E-1,2.812056383E-1,-3.736674577E-1,-6.056075855E-1,9.984184663E1,5.537283593E1,-8.080643211E0,-9.073936266E1
1.232089925E1,6.434024308E-1,2.822312186E-1,-3.734320465E-1,-6.057453596E-1,9.990799874E1,5.544033472E1,-7.967633300E0,-9.073811755E1
1.233086825E1,6.429984006E-1,2.832737789E-1,-3.732364272E-1,-6.058081690E-1,9.996846443E1,5.551285534E1,-7.860503568E0,-9.072983161E1
1.234083825E1,6.425704204E-1,2.842851346E-1,-3.731114618E-1,-6.058655940E-1,1.000324852E2,5.558974420E1,-7.759985361E0,-9.072691624E1
1.235080725E1,6.421700016E-1,2.853022092E-1,-3.730125985E-1,-6.058728670E-1,1.000923559E2,5.566947127E1,-7.663870564E0,-9.071924061E1
1.236077725E1,6.417292918E-1,2.863299417E-1,-3.729156370E-1,-6.059146148E-1,1.001582207E2,5.575063299E1,-7.564301567E0,-9.071656067E1
1.237074625E1,6.414480893E-1,2.875074956E-1,-3.726789693E-1,-6.058003955E-1,1.002002304E2,5.583012319E1,-7.455961724E0,-9.067999144E1
1.238071625E1,6.412714769E-1,2.887614329E-1,-3.723327066E-1,-6.056038397E-1,1.002266084E2,5.590506393E1,-7.341477376E0,-9.062249508E1
1.239068525E1,6.411044700E-1,2.899801353E-1,-3.719530214E-1,-6.054317331E-1,1.002515471E2,5.597393314E1,-7.226676279E0,-9.056561506E1
1.240065525E1,6.410096976E-1,2.911508931E-1,-3.715396425E-1,-6.052239754E-1,1.002656973E2,5.603519306E1,-7.117122620E0,-9.050093747E1
1.241062425E1,6.408851154E-1,2.921805485E-1,-3.711748536E-1,-6.050835382E-1,1.002842959E2,5.608938619E1,-7.017563727E0,-9.044992232E1
1.242059425E1,6.407632399E-1,2.930811450E-1,-3.708640180E-1,-6.049676212E-1,1.003024881E2,5.613777393E1,-6.930359252E0,-9.040702051E1
1.243056396E1,6.406814974E-1,2.938739694E-1,-3.706083973E-1,-6.048262383E-1,1.003146883E2,5.618201900E1,-6.857390226E0,-9.036533977E1
1.244053396E1,6.404872334E-1,2.944706081E-1,-3.705016736E-1,-6.048071550E-1,1.003436783E2,5.622436914E1,-6.800193536E0,-9.035350421E1
1.245050296E1,6.402890694E-1,2.949557789E-1,-3.704775893E-1,-6.047952590E-1,1.003732439E2,5.626505511E1,-6.756484519E0,-9.034975238E1
1.246047296E1,6.400495002E-1,2.953312072E-1,-3.705135985E-1,-6.048435659E-1,1.004089786E2,5.630229238E1,-6.721056584E0,-9.035954813E1
1.247044296E1,6.397441923E-1,2.956088206E-1,-3.705670065E-1,-6.049982409E-1,1.004545056E2,5.633317289E1,-6.687297488E0,-9.038568100E1
1.248041196E1,6.395058954E-1,2.959059111E-1,-3.705433226E-1,-6.051195382E-1,1.004900296E2,5.635796502E1,-6.650484207E0,-9.040056150E1
1.249038196E1,6.391936649E-1,2.961534106E-1,-3.705135959E-1,-6.053465477E-1,1.005365613E2,5.637835376E1,-6.609911877E0,-9.042968704E1
1.250035096E1,6.390006666E-1,2.964628080E-1,-3.704125725E-1,-6.054604785E-1,1.005653159E2,5.639654194E1,-6.568715498E0,-9.043692988E1
1.251032096E1,6.388931711E-1,2.968001250E-1,-3.702662229E-1,-6.054982632E-1,1.005813290E2,5.641231228E1,-6.528487374E0,-9.042966926E1
1.252028996E1,6.388269031E-1,2.970687058E-1,-3.701010283E-1,-6.055375572E-1,1.005911997E2,5.642012419E1,-6.493383211E0,-9.042102158E1
1.253025996E1,6.388693476E-1,2.972673307E-1,-3.698891271E-1,-6.055247841E-1,1.005848777E2,5.641681307E1,-6.466148867E0,-9.040113082E1
1.254022896E1,6.388040200E-1,2.972824140E-1,-3.697657686E-1,-6.056615085E-1,1.005946080E2,5.640674466E1,-6.448533829E0,-9.040969195E1
1.255019896E1,6.387819113E-1,2.972587565E-1,-3.696797179E-1,-6.057489447E-1,1.005979009E2,5.639663474E1,-6.439907257E0,-9.041456213E1
1.256016796E1,6.387494372E-1,2.971990792E-1,-3.696221426E-1,-6.058475894E-1,1.006027375E2,5.638619139E1,-6.435069774E0,-9.042343240E1
1.257013796E1,6.387057111E-1,2.970672043E-1,-3.695611535E-1,-6.059955025E-1,1.006092496E2,5.636925981E1,-6.432860253E0,-9.043890264E1
1.258010696E1,6.387262854E-1,2.968493762E-1,-3.695132457E-1,-6.061098824E-1,1.006061855E2,5.634578743E1,-6.441515225E0,-9.045081522E1
1.259007696E1,6.386454490E-1,2.963976094E-1,-3.696200827E-1,-6.063509611E-1,1.006182239E2,5.631750024E1,-6.469276413E0,-9.049365788E1
1.260004596E1,6.385624290E-1,2.958050853E-1,-3.698340017E-1,-6.065972581E-1,1.006305864E2,5.628735248E1,-6.514524994E0,-9.054640487E1
1.261001596E1,6.385446641E-1,2.952010683E-1,-3.700876098E-1,-6.067553720E-1,1.006332317E2,5.625967149E1,-6.569323072E0,-9.059024175E1
1.261998596E1,6.385090302E-1,2.945810223E-1,-3.703894471E-1,-6.069101128E-1,1.006385375E2,5.623539660E1,-6.628174205E0,-9.063776403E1
1.262995496E1,6.385751296E-1,2.940922506E-1,-3.706177092E-1,-6.069383380E-1,1.006286952E2,5.621481141E1,-6.681080587E0,-9.066130205E1
1.263992496E1,6.385741366E-1,2.936824041E-1,-3.708155570E-1,-6.070168813E-1,1.006288431E2,5.619853927E1,-6.721654746E0,-9.068928670E1
1.264989396E1,6.386292818E-1,2.933979603E-1,-3.709057881E-1,-6.070413936E-1,1.006206315E2,5.618242253E1,-6.749756715E0,-9.070048406E1
1.265986396E1,6.388400805E-1,2.932530067E-1,-3.708453179E-1,-6.069264368E-1,1.005892370E2,5.616289898E1,-6.768365076E0,-9.067922972E1
1.266983296E1,6.390221641E-1,2.930906834E-1,-3.707485646E-1,-6.068723110E-1,1.005621133E2,5.613860124E1,-6.782221929E0,-9.066338656E1
1.267980296E1,6.392933343E-1,2.929437700E-1,-3.706067299E-1,-6.067442715E-1,1.005217092E2,5.611075961E1,-6.797977398E0,-9.063333920E1
1.268977196E1,6.395917880E-1,2.927427691E-1,-3.704878784E-1,-6.065993167E-1,1.004772262E2,5.608030011E1,-6.820941179E0,-9.060290451E1
1.269974196E1,6.398210129E-1,2.924114105E-1,-3.704463638E-1,-6.065428096E-1,1.004430516E2,5.604648093E1,-6.852782061E0,-9.059148196E1
1.270971096E1,6.401113467E-1,2.920008370E-1,-3.704155755E-1,-6.064529262E-1,1.003997543E2,5.600650335E1,-6.894693987E0,-9.057631586E1
1.271968096E1,6.403266802E-1,2.914312197E-1,-3.704751738E-1,-6.064634155E-1,1.003676329E2,5.596202240E1,-6.947829350E0,-9.058294693E1
1.272964996E1,6.405524517E-1,2.908181148E-1,-3.705786390E-1,-6.064560490E-1,1.003339465E2,5.591795560E1,-7.008310225E0,-9.059084338E1
1.273961996E1,6.407663496E-1,2.902268630E-1,-3.707027352E-1,-6.064372910E-1,1.003020240E2,5.587782860E1,-7.068673002E0,-9.059891575E1
1.274958896E1,6.409732985E-1,2.897003804E-1,-3.708057262E-1,-6.064073588E-1,1.002711315E2,5.584129714E1,-7.123025380E0,-9.060361364E1
1.275955896E1,6.410673953E-1,2.891573024E-1,-3.709294009E-1,-6.064915432E-1,1.002570828E2,5.580609931E1,-7.171433651E0,-9.062606649E1
1.276952896E1,6.412158115E-1,2.887140282E-1,-3.710406844E-1,-6.064777441E-1,1.002349213E2,5.577789862E1,-7.217545633E0,-9.063373451E1
1.277949796E1,6.413168783E-1,2.883545683E-1,-3.711891993E-1,-6.064510243E-1,1.002198279E2,5.576074055E1,-7.258951438E0,-9.064278315E1
1.278946796E1,6.413730535E-1,2.881030780E-1,-3.713622543E-1,-6.064053016E-1,1.002114380E2,5.575545389E1,-7.293323084E0,-9.065127169E1
1.279943696E1,6.414684331E-1,2.880060059E-1,-3.715166040E-1,-6.062558897E-1,1.001971916E2,5.576127829E1,-7.320625936E0,-9.064362545E1
1.280940696E1,6.414686517E-1,2.879789582E-1,-3.717387916E-1,-6.061322650E-1,1.001971589E2,5.578020936E1,-7.343110069E0,-9.064542135E1
1.281937596E1,6.415358298E-1,2.881261218E-1,-3.719684630E-1,-6.058503909E-1,1.001871239E2,5.581425347E1,-7.362097000E0,-9.062571058E1
1.282934596E1,6.416130613E-1,2.884100467E-1,-3.722187072E-1,-6.054795645E-1,1.001755863E2,5.586185387E1,-7.376450319E0,-9.059534425E1
1.283931496E1,6.416001301E-1,2.887189567E-1,-3.725574678E-1,-6.051376192E-1,1.001775182E2,5.592068520E1,-7.390804245E0,-9.057668206E1
1.284928496E1,6.416821202E-1,2.891012603E-1,-3.728938102E-1,-6.046607974E-1,1.001652687E2,5.598490859E1,-7.408469483E0,-9.053901686E1
1.285925396E1,6.416504034E-1,2.893324647E-1,-3.733438674E-1,-6.043060276E-1,1.001700074E2,5.604791785E1,-7.436180567E0,-9.052829658E1
1.286922396E1,6.415996955E-1,2.893508987E-1,-3.738982513E-1,-6.040081811E-1,1.001775831E2,5.610290898E1,-7.483772590E0,-9.053463784E1
1.287919296E1,6.414305233E-1,2.891150502E-1,-3.746364059E-1,-6.038435502E-1,1.002028542E2,5.615469180E1,-7.553155362E0,-9.057560911E1
1.288916296E1,6.410627789E-1,2.887056489E-1,-3.755210129E-1,-6.038803576E-1,1.002577721E2,5.620723711E1,-7.630137340E0,-9.065757813E1
1.289913196E1,6.406259229E-1,2.883266829E-1,-3.763816753E-1,-6.039893112E-1,1.003229823E2,5.626074958E1,-7.697748699E0,-9.074773729E1
1.290910196E1,6.401112716E-1,2.879809444E-1,-3.771891747E-1,-6.041960375E-1,1.003997655E2,5.631269734E1,-7.752386012E0,-9.084710162E1
1.291907196E1,6.395567508E-1,2.876345710E-1,-3.779472384E-1,-6.044744122E-1,1.004824491E2,5.636027738E1,-7.799211572E0,-9.095233448E1
1.292904096E1,6.389653726E-1,2.872515510E-1,-3.786675597E-1,-6.048311168E-1,1.005705737E2,5.640153159E1,-7.841524115E0,-9.106538843E1
1.293901096E1,6.382879318E-1,2.868120173E-1,-3.793564762E-1,-6.053231114E-1,1.006714539E2,5.643574293E1,-7.877145578E0,-9.119479303E1
1.294897996E1,6.377213478E-1,2.864620035E-1,-3.798945914E-1,-6.057484192E-1,1.007557695E2,5.646228365E1,-7.902396168E0,-9.130174776E1
1.295894996E1,6.371304134E-1,2.861142604E-1,-3.803388929E-1,-6.062554814E-1,1.008436541E2,5.648020350E1,-7.916759630E0,-9.141200377E1
1.296891896E1,6.365324550E-1,2.857681452E-1,-3.807003074E-1,-6.068197223E-1,1.009325266E2,5.649035798E1,-7.922685225E0,-9.152307277E1
1.297888896E1,6.360162167E-1,2.854509059E-1,-3.809812583E-1,-6.073337690E-1,1.010092077E2,5.649460844E1,-7.925916535E0,-9.162008984E1
1.298885796E1,6.354541819E-1,2.850848079E-1,-3.812482270E-1,-6.079263181E-1,1.010926431E2,5.649376846E1,-7.926950703E0,-9.172699632E1
1.299882796E1,6.349829801E-1,2.847323390E-1,-3.814415915E-1,-6.084624260E-1,1.011625557E2,5.648631464E1,-7.927502130E0,-9.181955342E1
1.300879696E1,6.345244237E-1,2.843373440E-1,-3.816128288E-1,-6.090179202E-1,1.012305584E2,5.647308203E1,-7.929368759E0,-9.191297537E1
1.301876696E1,6.340560721E-1,2.838986849E-1,-3.817994920E-1,-6.095929033E-1,1.012999796E2,5.645779437E1,-7.934406297E0,-9.201061190E1
1.302873596E1,6.336921802E-1,2.835048015E-1,-3.819558779E-1,-6.100564304E-1,1.013538935E2,5.644261191E1,-7.942373779E0,-9.208993189E1
1.303870596E1,6.333299056E-1,2.830993172E-1,-3.821182591E-1,-6.105190987E-1,1.014075471E2,5.642707199E1,-7.951728950E0,-9.216973072E1
1.304867496E1,6.331263574E-1,2.827662570E-1,-3.821903039E-1,-6.108394780E-1,1.014376840E2,5.640768076E1,-7.961052619E0,-9.222146490E1
1.305864496E1,6.329676857E-1,2.824374958E-1,-3.822296006E-1,-6.111313337E-1,1.014611721E2,5.638514998E1,-7.970612426E0,-9.226629352E1
1.306861496E1,6.327523878E-1,2.820921709E-1,-3.822761465E-1,-6.114846204E-1,1.014930362E2,5.636237468E1,-7.977385908E0,-9.232047147E1
1.307858396E1,6.326352057E-1,2.818096026E-1,-3.822577020E-1,-6.117475463E-1,1.015103761E2,5.633780784E1,-7.982272028E0,-9.235611286E1
1.308855396E1,6.324993381E-1,2.814932115E-1,-3.822320714E-1,-6.120498097E-1,1.015304783E2,5.630986914E1,-7.986937435E0,-9.239671051E1
1.309852296E1,6.323522390E-1,2.811260334E-1,-3.822038699E-1,-6.123880026E-1,1.015522391E2,5.627753111E1,-7.993370857E0,-9.244221194E1
1.310849296E1,6.322865202E-1,2.807733117E-1,-3.821502117E-1,-6.126509686E-1,1.015619599E2,5.624333836E1,-8.002989659E0,-9.247483195E1
1.311846196E1,6.321821495E-1,2.804075297E-1,-3.821263460E-1,-6.129411227E-1,1.015773966E2,5.621126983E1,-8.013145542E0,-9.251397141E1
1.312843196E1,6.321301666E-1,2.801043042E-1,-3.820459931E-1,-6.131833564E-1,1.015850844E2,5.617853014E1,-8.018625118E0,-9.254129700E1
1.313840096E1,6.320617307E-1,2.798026382E-1,-3.819064238E-1,-6.134786267E-1,1.015952048E2,5.614027559E1,-8.017236111E0,-9.257089288E1
1.314837096E1,6.320093507E-1,2.794647627E-1,-3.817124482E-1,-6.138071528E-1,1.016029503E2,5.609358271E1,-8.014096484E0,-9.260042076E1
1.315833996E1,6.319774323E-1,2.790591730E-1,-3.814950653E-1,-6.141597244E-1,1.016076699E2,5.603883825E1,-8.014212297E0,-9.263135538E1
1.316830996E1,6.319679216E-1,2.785721398E-1,-3.812640005E-1,-6.145338896E-1,1.016090762E2,5.597583318E1,-8.019446461E0,-9.266423077E1
1.317827896E1,6.319240481E-1,2.779792601E-1,-3.810408750E-1,-6.149855761E-1,1.016155632E2,5.590508497E1,-8.028827036E0,-9.270892726E1
1.318824896E1,6.319411834E-1,2.773496705E-1,-3.807829785E-1,-6.154119942E-1,1.016130296E2,5.582749091E1,-8.041843565E0,-9.274703820E1
1.319821896E1,6.319653178E-1,2.766823384E-1,-3.805246394E-1,-6.158472605E-1,1.016094612E2,5.574670860E1,-8.057604196E0,-9.278645370E1
1.320818796E1,6.319623958E-1,2.759986585E-1,-3.802888436E-1,-6.163023338E-1,1.016098932E2,5.566701417E1,-8.074422654E0,-9.283075725E1
1.321815796E1,6.320513131E-1,2.753930241E-1,-3.800187507E-1,-6.166487092E-1,1.015967453E2,5.558980921E1,-8.090738275E0,-9.285656451E1
1.322812696E1,6.320942292E-1,2.747970361E-1,-3.797616444E-1,-6.170289475E-1,1.015903989E2,5.551504868E1,-8.104259715E0,-9.288838564E1
1.323809696E1,6.321848693E-1,2.742771705E-1,-3.794652098E-1,-6.173494920E-1,1.015769944E2,5.544241937E1,-8.113505063E0,-9.290822652E1
1.324806596E1,6.322411965E-1,2.737991304E-1,-3.791678744E-1,-6.176867320E-1,1.015686636E2,5.537345390E1,-8.117691572E0,-9.293038608E1
1.325803596E1,6.322233546E-1,2.733474532E-1,-3.789050361E-1,-6.180661096E-1,1.015713025E2,5.531060925E1,-8.117964229E0,-9.296163247E1
1.326800496E1,6.321876812E-1,2.729727572E-1,-3.786635030E-1,-6.184161142E-1,1.015765785E2,5.525636080E1,-8.114472505E0,-9.299055987E1
1.327797496E1,6.320514409E-1,2.726438116E-1,-3.784584059E-1,-6.188260562E-1,1.015967264E2,5.521022075E1,-8.104105561E0,-9.303127153E1
1.328794396E1,6.318055628E-1,2.723440052E-1,-3.782813628E-1,-6.193171447E-1,1.016330807E2,5.517005181E1,-8.086381716E0,-9.308608567E1
1.329791396E1,6.315304690E-1,2.720941165E-1,-3.781239443E-1,-6.198033942E-1,1.016737435E2,5.513613992E1,-8.065430261E0,-9.314196129E1
1.330788296E1,6.311016195E-1,2.718017175E-1,-3.780877665E-1,-6.203904629E-1,1.017371103E2,5.511171362E1,-8.046527888E0,-9.322303409E1
1.331785296E1,6.306688280E-1,2.715576346E-1,-3.781061531E-1,-6.209260084E-1,1.018010306E2,5.509662657E1,-8.029626649E0,-9.330156888E1
1.332782196E1,6.302218050E-1,2.712947752E-1,-3.781386378E-1,-6.214746896E-1,1.018670224E2,5.508148217E1,-8.014097920E0,-9.338331049E1
1.333779196E1,6.298303747E-1,2.709633482E-1,-3.781409822E-1,-6.220143925E-1,1.019247820E2,5.505735146E1,-8.004052873E0,-9.346123205E1
1.334776196E1,6.295391433E-1,2.704856348E-1,-3.781346812E-1,-6.225209100E-1,1.019677409E2,5.501963514E1,-8.009381263E0,-9.353380802E1
1.335773096E1,6.291792626E-1,2.697248999E-1,-3.782429828E-1,-6.231486761E-1,1.020208081E2,5.497044761E1,-8.036727707E0,-9.363422042E1
1.336770096E1,6.289133675E-1,2.688089383E-1,-3.784058225E-1,-6.237136453E-1,1.020600036E2,5.491328325E1,-8.085423330E0,-9.373065136E1
1.337766996E1,6.287028297E-1,2.677852019E-1,-3.786075267E-1,-6.242436562E-1,1.020910313E2,5.485084232E1,-8.148361004E0,-9.382568511E1
1.338763996E1,6.284813503E-1,2.666543598E-1,-3.788332653E-1,-6.248135214E-1,1.021236640E2,5.478227072E1,-8.219210546E0,-9.392880992E1
1.339760896E1,6.283177329E-1,2.654639642E-1,-3.790303439E-1,-6.253653113E-1,1.021477666E2,5.470580135E1,-8.295533595E0,-9.402698631E1
1.340757896E1,6.281576790E-1,2.641626118E-1,-3.792153528E-1,-6.259646196E-1,1.021713403E2,5.461930744E1,-8.377884730E0,-9.413120986E1
1.341754796E1,6.280849193E-1,2.627690051E-1,-3.793531519E-1,-6.265405284E-1,1.021820555E2,5.452025295E1,-8.468237937E0,-9.422811059E1
1.342751787E1,6.280692133E-1,2.612878701E-1,-3.794606791E-1,-6.271103812E-1,1.021843684E2,5.441093334E1,-8.565646060E0,-9.432168883E1
1.343748687E1,6.280193173E-1,2.596762009E-1,-3.795798440E-1,-6.277573294E-1,1.021917159E2,5.429276115E1,-8.669794066E0,-9.442777693E1
1.344745687E1,6.280782949E-1,2.580552120E-1,-3.796331387E-1,-6.283342635E-1,1.021830310E2,5.416677875E1,-8.776981565E0,-9.451803977E1
1.345742587E1,6.281386109E-1,2.564001791E-1,-3.796450346E-1,-6.289439138E-1,1.021741485E2,5.403425909E1,-8.882970958E0,-9.460957619E1
1.346739587E1,6.282365390E-1,2.548029347E-1,-3.796032302E-1,-6.295202509E-1,1.021597258E2,5.390106436E1,-8.983732008E0,-9.469158201E1
1.347736487E1,6.284282400E-1,2.533292069E-1,-3.794778644E-1,-6.299991064E-1,1.021314882E2,5.376897322E1,-9.076604506E0,-9.475194073E1
1.348733487E1,6.286323842E-1,2.519214600E-1,-3.792923761E-1,-6.304715033E-1,1.021014115E2,5.363631301E1,-9.161180487E0,-9.480603117E1
1.349730487E1,6.289403790E-1,2.506627286E-1,-3.789796202E-1,-6.308537896E-1,1.020560224E2,5.350224609E1,-9.232906928E0,-9.483555741E1
1.350727387E1,6.293148778E-1,2.496071976E-1,-3.785182439E-1,-6.311758940E-1,1.020008129E2,5.336926209E1,-9.283651657E0,-9.484289995E1
1.351724387E1,6.296843103E-1,2.488133196E-1,-3.778413234E-1,-6.315264139E-1,1.019463293E2,5.323601055E1,-9.298450889E0,-9.483501834E1
1.352721287E1,6.301749166E-1,2.483349213E-1,-3.768629580E-1,-6.318097923E-1,1.018739425E2,5.309722302E1,-9.275295357E0,-9.479037730E1
1.353718287E1,6.305628619E-1,2.479166454E-1,-3.757344446E-1,-6.322589678E-1,1.018166766E2,5.294949829E1,-9.227405271E0,-9.475692625E1
1.354715187E1,6.309435490E-1,2.474660429E-1,-3.745410249E-1,-6.327637016E-1,1.017604595E2,5.279303440E1,-9.175172683E0,-9.472629979E1
1.355712187E1,6.312602095E-1,2.468277289E-1,-3.733502922E-1,-6.334005715E-1,1.017136804E2,5.262257743E1,-9.130328689E0,-9.471590171E1
1.356709087E1,6.314063458E-1,2.458022434E-1,-3.722610174E-1,-6.342941978E-1,1.016920869E2,5.243283802E1,-9.106730893E0,-9.475293178E1
1.357706087E1,6.314985126E-1,2.443908086E-1,-3.713200258E-1,-6.352984392E-1,1.016784664E2,5.222750934E1,-9.117165821E0,-9.482007071E1
1.358702987E1,6.314569150E-1,2.425756808E-1,-3.706218527E-1,-6.364421769E-1,1.016846139E2,5.201527185E1,-9.165842928E0,-9.492983243E1
1.359699987E1,6.314036040E-1,2.405113862E-1,-3.701285502E-1,-6.375645849E-1,1.016924920E2,5.180377151E1,-9.248569131E0,-9.505505422E1
1.360696887E1,6.314374854E-1,2.383518817E-1,-3.697422164E-1,-6.385654928E-1,1.016874852E2,5.159484773E1,-9.353870990E0,-9.517218251E1
1.361693887E1,6.316485266E-1,2.361989417E-1,-3.693376435E-1,-6.393903370E-1,1.016562943E2,5.138344053E1,-9.470310739E0,-9.526201907E1
1.362690887E1,6.319127676E-1,2.340076322E-1,-3.688987368E-1,-6.401877751E-1,1.016172311E2,5.116553056E1,-9.590542563E0,-9.534515616E1
1.363687787E1,6.324229696E-1,2.319228120E-1,-3.683349647E-1,-6.407670690E-1,1.015417761E2,5.094174977E1,-9.710498088E0,-9.538517979E1
1.364684787E1,6.330442228E-1,2.299383013E-1,-3.676870676E-1,-6.412406225E-1,1.014498428E2,5.071674974E1,-9.824612767E0,-9.540224596E1
1.365681687E1,6.337716273E-1,2.280656220E-1,-3.669328181E-1,-6.416229444E-1,1.013421244E2,5.048923200E1,-9.929654949E0,-9.539654063E1
1.366678687E1,6.346183394E-1,2.262545245E-1,-3.661059022E-1,-6.418995302E-1,1.012166337E2,5.025835249E1,-1.003267044E1,-9.536889670E1
1.367675587E1,6.353718750E-1,2.243117444E-1,-3.653391035E-1,-6.422727484E-1,1.011048576E2,5.002412714E1,-1.014347747E1,-9.536120919E1
1.368672587E1,6.361067695E-1,2.222850922E-1,-3.646557134E-1,-6.426382238E-1,1.009957602E2,4.979184475E1,-1.026622171E1,-9.535985956E1
1.369669487E1,6.367496555E-1,2.202009410E-1,-3.641160125E-1,-6.430248168E-1,1.009002515E2,4.957023115E1,-1.039959259E1,-9.537427861E1
1.370666487E1,6.372370492E-1,2.180820188E-1,-3.637287567E-1,-6.434831983E-1,1.008277992E2,4.936265340E1,-1.053864367E1,-9.541273760E1
1.371663387E1,6.376977758E-1,2.160174501E-1,-3.634124920E-1,-6.439015707E-1,1.007592763E2,4.916673032E1,-1.067901565E1,-9.545138360E1
1.372660387E1,6.380669727E-1,2.139432931E-1,-3.632110143E-1,-6.443420148E-1,1.007043418E2,4.898251778E1,-1.082445745E1,-9.550336108E1
1.373657287E1,6.384797256E-1,2.118962312E-1,-3.631213153E-1,-6.446600038E-1,1.006429007E2,4.881106025E1,-1.098133152E1,-9.554670252E1
1.374654287E1,6.389328892E-1,2.098473938E-1,-3.631549010E-1,-6.448622238E-1,1.005754126E2,4.865126671E1,-1.115231688E1,-9.558341515E1
1.375651187E1,6.393658720E-1,2.077542707E-1,-3.633115872E-1,-6.450226686E-1,1.005108992E2,4.850055340E1,-1.133619795E1,-9.562465952E1
1.376648187E1,6.399263709E-1,2.056724956E-1,-3.635232645E-1,-6.450147149E-1,1.004273412E2,4.835478559E1,-1.153302205E1,-9.564545713E1
1.377645187E1,6.405407083E-1,2.035463504E-1,-3.638028298E-1,-6.449217340E-1,1.003356988E2,4.821177232E1,-1.174276460E1,-9.565953762E1
1.378642087E1,6.411661903E-1,2.014017555E-1,-3.641614521E-1,-6.447710784E-1,1.002423311E2,4.807510240E1,-1.196182749E1,-9.567195436E1
1.379639087E1,6.419006514E-1,1.993547410E-1,-3.645413901E-1,-6.444617104E-1,1.001326145E2,4.794671544E1,-1.218364096E1,-9.566229720E1
1.380635987E1,6.425278154E-1,1.973021526E-1,-3.649602824E-1,-6.442312326E-1,1.000388568E2,4.782319049E1,-1.240249446E1,-9.566803814E1
1.381632987E1,6.432408193E-1,1.953392737E-1,-3.653335507E-1,-6.439061482E-1,9.993218814E1,4.770098301E1,-1.261710534E1,-9.565551966E1
1.382629887E1,6.438818281E-1,1.933531140E-1,-3.656887538E-1,-6.436634271E-1,9.983621907E1,4.757627081E1,-1.282723677E1,-9.565397576E1
1.383626887E1,6.444216575E-1,1.913156353E-1,-3.660498416E-1,-6.435266059E-1,9.975534564E1,4.744972723E1,-1.303507453E1,-9.566911755E1
1.384623787E1,6.449815413E-1,1.892976389E-1,-3.664017731E-1,-6.433623124E-1,9.967141697E1,4.732362081E1,-1.324237365E1,-9.567940452E1
1.385620787E1,6.454407511E-1,1.872434647E-1,-3.667473140E-1,-6.433060265E-1,9.960254096E1,4.719572391E1,-1.344534031E1,-9.570561528E1
1.386617687E1,6.459599597E-1,1.852566834E-1,-3.670028714E-1,-6.432142713E-1,9.952462368E1,4.706335389E1,-1.363989519E1,-9.571853258E1
1.387614687E1,6.464986807E-1,1.833212158E-1,-3.671731025E-1,-6.431303148E-1,9.944373077E1,4.692627896E1,-1.382487126E1,-9.572507594E1
1.388611587E1,6.469730390E-1,1.813841888E-1,-3.672986580E-1,-6.431307828E-1,9.937246230E1,4.678575223E1,-1.400208162E1,-9.574049630E1
1.389608587E1,6.474570345E-1,1.794799204E-1,-3.673928457E-1,-6.431243954E-1,9.929970714E1,4.664455892E1,-1.417511653E1,-9.575210557E1
1.390605587E1,6.478731966E-1,1.775727544E-1,-3.674745052E-1,-6.431878645E-1,9.923711744E1,4.650304798E1,-1.434313614E1,-9.577324935E1
1.391602487E1,6.483274329E-1,1.757304946E-1,-3.674923122E-1,-6.432261562E-1,9.916876827E1,4.635962829E1,-1.450365679E1,-9.578484052E1
1.392599487E1,6.487318733E-1,1.738868545E-1,-3.674758012E-1,-6.433287425E-1,9.910788270E1,4.621359217E1,-1.465828870E1,-9.580318646E1
1.393596387E1,6.489551829E-1,1.719709325E-1,-3.674903103E-1,-6.436101835E-1,9.907425322E1,4.606825899E1,-1.480943697E1,-9.585165210E1
1.394593387E1,6.491635520E-1,1.700893602E-1,-3.675285480E-1,-6.438781581E-1,9.904286614E1,4.592824485E1,-1.495964350E1,-9.590023543E1
1.395590287E1,6.491717859E-1,1.681297741E-1,-3.676525967E-1,-6.443136462E-1,9.904162570E1,4.579440516E1,-1.511057915E1,-9.598225639E1
1.396587287E1,6.491195110E-1,1.661833905E-1,-3.678159157E-1,-6.447777801E-1,9.904950074E1,4.566671810E1,-1.526063321E1,-9.607233631E1
1.397584187E1,6.490917937E-1,1.643170543E-1,-3.679654844E-1,-6.451984746E-1,9.905367608E1,4.554349157E1,-1.540572965E1,-9.615460044E1
1.398581187E1,6.490218362E-1,1.624808215E-1,-3.681079196E-1,-6.456525585E-1,9.906421390E1,4.542279108E1,-1.554575603E1,-9.624145446E1
1.399578087E1,6.490676544E-1,1.607345511E-1,-3.682002634E-1,-6.459907824E-1,9.905731231E1,4.530202358E1,-1.568257676E1,-9.630609009E1
1.400575087E1,6.491396389E-1,1.590100706E-1,-3.682828712E-1,-6.462982038E-1,9.904646859E1,4.518163941E1,-1.581893202E1,-9.636523838E1
1.401571987E1,6.491453050E-1,1.572834512E-1,-3.684010404E-1,-6.466474142E-1,9.904561503E1,4.506597073E1,-1.595472825E1,-9.643414294E1
1.402568987E1,6.491940438E-1,1.557016589E-1,-3.685222758E-1,-6.469121636E-1,9.903827248E1,4.496068634E1,-1.608328424E1,-9.649013341E1
1.403565987E1,6.491117822E-1,1.542385522E-1,-3.686669449E-1,-6.472626478E-1,9.905066503E1,4.486898254E1,-1.619733311E1,-9.656117771E1
1.404562887E1,6.489680596E-1,1.529715547E-1,-3.687766742E-1,-6.476450058E-1,9.907231379E1,4.478950889E1,-1.629040899E1,-9.663352426E1
1.405559887E1,6.488560017E-1,1.519349002E-1,-3.687954401E-1,-6.479905573E-1,9.908919053E1,4.471744630E1,-1.636082688E1,-9.669141982E1
1.406556787E1,6.487659028E-1,1.510732290E-1,-3.687050140E-1,-6.483334530E-1,9.910275854E1,4.464703876E1,-1.641035490E1,-9.673857499E1
1.407553787E1,6.486367255E-1,1.502695097E-1,-3.685201790E-1,-6.487543708E-1,9.912220899E1,4.457228836E1,-1.644503757E1,-9.678907814E1
1.408550687E1,6.486610264E-1,1.495741077E-1,-3.682239499E-1,-6.490589839E-1,9.911855017E1,4.449160088E1,-1.647160989E1,-9.681132286E1
1.409547687E1,6.487105225E-1,1.488697707E-1,-3.679032335E-1,-6.493532375E-1,9.911109759E1,4.440738174E1,-1.649832191E1,-9.682983730E1
1.410544587E1,6.488827574E-1,1.482118795E-1,-3.675896820E-1,-6.495092422E-1,9.908516112E1,4.432499173E1,-1.652987445E1,-9.682758821E1
1.411541587E1,6.491119648E-1,1.475871894E-1,-3.673378019E-1,-6.495649475E-1,9.905063752E1,4.425007398E1,-1.656792230E1,-9.681536639E1
1.412538487E1,6.492931901E-1,1.469502452E-1,-3.671672968E-1,-6.496246336E-1,9.902333478E1,4.418322632E1,-1.661106611E1,-9.681115881E1
1.413535487E1,6.495578632E-1,1.463801985E-1,-3.670205520E-1,-6.495716220E-1,9.898345012E1,4.412203568E1,-1.665650504E1,-9.679150663E1
1.414532387E1,6.498455323E-1,1.458664389E-1,-3.668932159E-1,-6.494715064E-1,9.894008664E1,4.406643091E1,-1.670090463E1,-9.676616143E1
1.415529387E1,6.501555714E-1,1.454105259E-1,-3.667708319E-1,-6.493324149E-1,9.889333537E1,4.401508725E1,-1.674284367E1,-9.673506984E1
1.416526387E1,6.505648221E-1,1.450771549E-1,-3.666175333E-1,-6.490837437E-1,9.883159883E1,4.396772310E1,-1.677909536E1,-9.668389794E1
1.417523287E1,6.508837373E-1,1.447770377E-1,-3.664609472E-1,-6.489193388E-1,9.878346988E1,4.392416325E1,-1.680705681E1,-9.664533492E1
1.418520287E1,6.512721974E-1,1.445817082E-1,-3.662565982E-1,-6.486884236E-1,9.872482216E1,4.388218763E1,-1.682733685E1,-9.659189127E1
1.419517187E1,6.516692215E-1,1.444226776E-1,-3.660369816E-1,-6.484490287E-1,9.866485487E1,4.384118034E1,-1.684410173E1,-9.653567109E1
1.420514187E1,6.520012091E-1,1.442064221E-1,-3.658269638E-1,-6.482820039E-1,9.861469012E1,4.379818053E1,-1.686193067E1,-9.649166257E1
1.421511087E1,6.523401924E-1,1.439581139E-1,-3.656363968E-1,-6.481036001E-1,9.856344878E1,4.375460399E1,-1.688424559E1,-9.644775938E1
1.422508087E1,6.526042217E-1,1.436274614E-1,-3.654940353E-1,-6.479915524E-1,9.852352398E1,4.371120146E1,-1.691227283E1,-9.641867115E1
1.423504987E1,6.528980876E-1,1.432600568E-1,-3.653605246E-1,-6.478521125E-1,9.847907336E1,4.366537986E1,-1.694560683E1,-9.638626903E1
1.424501988E1,6.531925927E-1,1.427667911E-1,-3.652201124E-1,-6.477433064E-1,9.843451116E1,4.360962270E1,-1.698765655E1,-9.635834136E1
1.425498887E1,6.534428519E-1,1.420720003E-1,-3.650879820E-1,-6.477181113E-1,9.839663213E1,4.354076072E1,-1.704262413E1,-9.634464329E1
1.426495887E1,6.536811179E-1,1.412189692E-1,-3.650013492E-1,-6.477130860E-1,9.836055835E1,4.346501871E1,-1.711258341E1,-9.633861758E1
1.427492787E1,6.538181242E-1,1.402304991E-1,-3.650105794E-1,-6.477844538E-1,9.833981098E1,4.339082516E1,-1.719488634E1,-9.635341133E1
1.428489787E1,6.538841205E-1,1.392198388E-1,-3.650906373E-1,-6.478906694E-1,9.832981575E1,4.332343915E1,-1.728083345E1,-9.638005808E1
1.429486787E1,6.539491877E-1,1.382758864E-1,-3.651615599E-1,-6.479871933E-1,9.831996051E1,4.326009407E1,-1.736106073E1,-9.640422478E1
1.430483687E1,6.539384116E-1,1.373668210E-1,-3.651942237E-1,-6.481729631E-1,9.832159273E1,4.319709020E1,-1.743082586E1,-9.643866512E1
1.431480687E1,6.539299786E-1,1.365363595E-1,-3.651764377E-1,-6.483669265E-1,9.832287004E1,4.313484203E1,-1.749053951E1,-9.646962178E1
1.432477587E1,6.538166327E-1,1.357202174E-1,-3.651558806E-1,-6.486640327E-1,9.834003685E1,4.307554059E1,-1.754269103E1,-9.651628473E1
1.433474587E1,6.536550700E-1,1.349752929E-1,-3.651160308E-1,-6.490046352E-1,9.836450251E1,4.302056570E1,-1.758502237E1,-9.656777358E1
1.434471487E1,6.535950399E-1,1.343976071E-1,-3.649961019E-1,-6.492523874E-1,9.837359180E1,4.296782501E1,-1.761403360E1,-9.659716359E1
1.435468487E1,6.534644242E-1,1.338786740E-1,-3.648201599E-1,-6.495897755E-1,9.839336647E1,4.291529168E1,-1.762955614E1,-9.663523565E1
1.436465387E1,6.534264471E-1,1.334951061E-1,-3.645795751E-1,-6.498420272E-1,9.839911549E1,4.286434495E1,-1.763489821E1,-9.665386914E1
1.437462387E1,6.534482205E-1,1.332512444E-1,-3.643129963E-1,-6.500197769E-1,9.839581943E1,4.281978293E1,-1.763111409E1,-9.665817552E1
1.438459287E1,6.534111886E-1,1.330875250E-1,-3.640340053E-1,-6.502466383E-1,9.840142526E1,4.278103485E1,-1.761673897E1,-9.666875378E1
1.439456287E1,6.534657431E-1,1.330521954E-1,-3.637043432E-1,-6.503835148E-1,9.839316681E1,4.274476118E1,-1.759380029E1,-9.666041295E1
1.440453187E1,6.534659550E-1,1.330109653E-1,-3.633766198E-1,-6.505749867E-1,9.839313473E1,4.270937785E1,-1.756822863E1,-9.666077472E1
1.441450187E1,6.535056117E-1,1.329849185E-1,-3.630630472E-1,-6.507155499E-1,9.838713117E1,4.267569794E1,-1.754512106E1,-9.665449066E1
1.442447187E1,6.535479572E-1,1.329425504E-1,-3.627915478E-1,-6.508331096E-1,9.838072027E1,4.264493806E1,-1.752707981E1,-9.664849488E1
1.443444046E1,6.535156864E-1,1.328349179E-1,-3.625617105E-1,-6.510154232E-1,9.838560594E1,4.261506306E1,-1.751313136E1,-9.665652760E1
1.444441046E1,6.535207377E-1,1.327208685E-1,-3.623627774E-1,-6.511444832E-1,9.838484121E1,4.258701926E1,-1.750459331E1,-9.665909654E1
1.445437946E1,6.534668586E-1,1.325837016E-1,-3.622006174E-1,-6.513167106E-1,9.839299794E1,4.256212320E1,-1.749750318E1,-9.667175780E1
1.446434946E1,6.534400476E-1,1.325058037E-1,-3.620424508E-1,-6.514473714E-1,9.839705665E1,4.254138718E1,-1.748793456E1,-9.667813922E1
1.447431846E1,6.533595700E-1,1.324672709E-1,-3.618911963E-1,-6.516198135E-1,9.840923881E1,4.252529356E1,-1.747283292E1,-9.669151870E1
1.448428846E1,6.533047779E-1,1.325254020E-1,-3.617254643E-1,-6.517550217E-1,9.841753223E1,4.251429610E1,-1.745074149E1,-9.669751180E1
1.449425746E1,6.531729523E-1,1.326088000E-1,-3.615498068E-1,-6.519676850E-1,9.843748345E1,4.250572671E1,-1.742131738E1,-9.671458996E1
1.450422746E1,6.531034629E-1,1.327514460E-1,-3.613175566E-1,-6.521368939E-1,9.844799916E1,4.249461613E1,-1.738621884E1,-9.671967748E1
1.451419646E1,6.529832853E-1,1.328414822E-1,-3.610718299E-1,-6.523749140E-1,9.846618345E1,4.247937403E1,-1.735089390E1,-9.673445298E1
1.452416646E1,6.528397458E-1,1.328804892E-1,-3.608405069E-1,-6.526385720E-1,9.848789941E1,4.246230641E1,-1.731928303E1,-9.675469186E1
1.453413546E1,6.527487534E-1,1.329408856E-1,-3.606103009E-1,-6.528444568E-1,9.850166374E1,4.244584221E1,-1.728929047E1,-9.676599696E1
1.454410546E1,6.526255009E-1,1.329854664E-1,-3.604130641E-1,-6.530675130E-1,9.852030574E1,4.243212743E1,-1.726145702E1,-9.678298443E1
1.455407546E1,6.525475058E-1,1.330574848E-1,-3.602428436E-1,-6.532246598E-1,9.853210119E1,4.242216011E1,-1.723660391E1,-9.679204830E1
1.456404446E1,6.524470560E-1,1.331350983E-1,-3.601102285E-1,-6.533824294E-1,9.854729100E1,4.241676180E1,-1.721327956E1,-9.680454918E1
1.457401446E1,6.523041874E-1,1.332192128E-1,-3.599992242E-1,-6.535691307E-1,9.856889230E1,4.241481077E1,-1.718884576E1,-9.682346662E1
1.458398346E1,6.521914427E-1,1.333567696E-1,-3.598632269E-1,-6.537284898E-1,9.858593649E1,4.241367899E1,-1.716000762E1,-9.683573859E1
1.459395346E1,6.520431754E-1,1.335118700E-1,-3.596941337E-1,-6.539377014E-1,9.860834748E1,4.241126479E1,-1.712487883E1,-9.685278593E1
1.460392246E1,6.519461818E-1,1.336997080E-1,-3.594754864E-1,-6.541161228E-1,9.862300629E1,4.240532354E1,-1.708601800E1,-9.686054372E1
1.461389246E1,6.519087680E-1,1.339090198E-1,-3.592445955E-1,-6.542374931E-1,9.862866025E1,4.239856384E1,-1.704800279E1,-9.685827573E1
1.462386146E1,6.518092951E-1,1.340639200E-1,-3.590725836E-1,-6.543993434E-1,9.864369146E1,4.239487409E1,-1.701553676E1,-9.686773032E1
1.463383146E1,6.517338056E-1,1.342273338E-1,-3.589498415E-1,-6.545083817E-1,9.865509741E1,4.239618059E1,-1.698813492E1,-9.687330924E1
1.464380046E1,6.516179531E-1,1.343753641E-1,-3.588541997E-1,-6.546456448E-1,9.867260006E1,4.239982490E1,-1.696186758E1,-9.688574456E1
1.465377046E1,6.514809947E-1,1.345061669E-1,-3.587665132E-1,-6.548031709E-1,9.869328838E1,4.240341445E1,-1.693634024E1,-9.690210083E1
1.466373946E1,6.513540194E-1,1.346269281E-1,-3.586804388E-1,-6.549518097E-1,9.871246582E1,4.240622834E1,-1.691229995E1,-9.691725267E1
1.467370946E1,6.511700495E-1,1.347010750E-1,-3.586037210E-1,-6.551614891E-1,9.874024642E1,4.240768210E1,-1.688921548E1,-9.694290285E1
1.468367946E1,6.510143253E-1,1.347929235E-1,-3.585097651E-1,-6.553487392E-1,9.876375724E1,4.240816495E1,-1.686497519E1,-9.696348131E1
1.469364846E1,6.508604799E-1,1.348927378E-1,-3.584055255E-1,-6.555379879E-1,9.878698034E1,4.240817122E1,-1.683935919E1,-9.698344315E1
1.470361846E1,6.506411761E-1,1.349686232E-1,-3.583320003E-1,-6.557803040E-1,9.882007748E1,4.241073393E1,-1.681435153E1,-9.701448367E1
1.471358746E1,6.504872388E-1,1.350964229E-1,-3.582808235E-1,-6.559345784E-1,9.884330466E1,4.241798905E1,-1.679123692E1,-9.703360787E1
1.472355746E1,6.503073615E-1,1.352297018E-1,-3.582590652E-1,-6.560972598E-1,9.887044076E1,4.242903817E1,-1.676873348E1,-9.705663085E1
1.473352646E1,6.502022041E-1,1.354270439E-1,-3.582202374E-1,-6.561819338E-1,9.888630214E1,4.244161077E1,-1.674433667E1,-9.706576593E1
1.474349646E1,6.500886648E-1,1.356503379E-1,-3.581676803E-1,-6.562770971E-1,9.890342570E1,4.245488197E1,-1.671630480E1,-9.707523920E1
1.475346546E1,6.498744429E-1,1.358670781E-1,-3.581256388E-1,-6.564673796E-1,9.893572785E1,4.247064892E1,-1.668374617E1,-9.710050839E1
1.476343546E1,6.496951354E-1,1.361537715E-1,-3.580621551E-1,-6.566201346E-1,9.896275934E1,4.248870729E1,-1.664613152E1,-9.711780124E1
1.477340446E1,6.494569612E-1,1.364521185E-1,-3.580081755E-1,-6.568230740E-1,9.899865684E1,4.250966169E1,-1.660500048E1,-9.714373329E1
1.478337446E1,6.492277407E-1,1.367688520E-1,-3.579785463E-1,-6.569999481E-1,9.903319579E1,4.253416983E1,-1.656512195E1,-9.716768862E1
1.479334446E1,6.490383976E-1,1.371038141E-1,-3.579981656E-1,-6.571065148E-1,9.906171930E1,4.256408154E1,-1.653048709E1,-9.718495827E1
1.480331346E1,6.487578185E-1,1.374403040E-1,-3.581022789E-1,-6.572566073E-1,9.910397590E1,4.260415901E1,-1.649766150E1,-9.721647609E1
1.481328346E1,6.485424573E-1,1.379117903E-1,-3.582002387E-1,-6.573170367E-1,9.913640134E1,4.265219116E1,-1.645801019E1,-9.723301001E1
1.482325246E1,6.482965512E-1,1.384335999E-1,-3.582869453E-1,-6.574027005E-1,9.917341617E1,4.270333701E1,-1.641180697E1,-9.725232314E1
1.483322246E1,6.480593322E-1,1.389557677E-1,-3.583743895E-1,-6.574786656E-1,9.920911371E1,4.275439754E1,-1.636616068E1,-9.727018678E1
1.484319146E1,6.478853145E-1,1.394833620E-1,-3.585129262E-1,-6.574628539E-1,9.923529451E1,4.280969512E1,-1.632827085E1,-9.727822232E1
1.485316146E1,6.476209227E-1,1.400059934E-1,-3.587637315E-1,-6.574755447E-1,9.927506225E1,4.287739683E1,-1.629510835E1,-9.730064269E1
1.486313046E1,6.474199609E-1,1.407165155E-1,-3.590315221E-1,-6.573756623E-1,9.930528150E1,4.295924731E1,-1.625310988E1,-9.730639843E1
1.487310046E1,6.472415042E-1,1.416335361E-1,-3.592065685E-1,-6.572588381E-1,9.933211092E1,4.304654690E1,-1.618901640E1,-9.730065679E1
1.488306946E1,6.470622916E-1,1.427136861E-1,-3.592568391E-1,-6.571740429E-1,9.935904863E1,4.313342494E1,-1.610196758E1,-9.728837127E1
1.489303946E1,6.469737578E-1,1.439279579E-1,-3.592080541E-1,-6.570230140E-1,9.937235427E1,4.321867270E1,-1.600185086E1,-9.725662315E1
1.490300846E1,6.469364338E-1,1.451874111E-1,-3.591541272E-1,-6.568121773E-1,9.937796327E1,4.330585234E1,-1.590112256E1,-9.721503427E1
1.491297846E1,6.468405744E-1,1.464008399E-1,-3.591713021E-1,-6.566277602E-1,9.939236780E1,4.339781700E1,-1.580662065E1,-9.718404284E1
1.492294746E1,6.468315613E-1,1.476620844E-1,-3.592469978E-1,-6.563126641E-1,9.939372211E1,4.349755895E1,-1.571899579E1,-9.713781574E1
1.493291746E1,6.468611984E-1,1.489594803E-1,-3.593939744E-1,-6.559096902E-1,9.938926882E1,4.360637727E1,-1.563737800E1,-9.708420206E1
1.494288746E1,6.468009735E-1,1.502246233E-1,-3.596599421E-1,-6.555347067E-1,9.939831808E1,4.372624050E1,-1.556324453E1,-9.704560777E1
1.495285646E1,6.467155922E-1,1.514758895E-1,-3.600363872E-1,-6.551242725E-1,9.941114624E1,4.385648400E1,-1.549838577E1,-9.701138763E1
1.496282646E1,6.464692739E-1,1.526085333E-1,-3.605440565E-1,-6.548252949E-1,9.944814766E1,4.399382709E1,-1.544406194E1,-9.700644442E1
1.497279546E1,6.461186302E-1,1.536845108E-1,-3.611379373E-1,-6.545924576E-1,9.950080316E1,4.413734955E1,-1.539514692E1,-9.701960095E1
1.498276546E1,6.457421927E-1,1.547772626E-1,-3.617432398E-1,-6.543721801E-1,9.955730928E1,4.428368700E1,-1.534448583E1,-9.703575290E1
1.499273446E1,6.452549303E-1,1.558577814E-1,-3.623378475E-1,-6.542673635E-1,9.963041608E1,4.442997837E1,-1.528706258E1,-9.706892983E1
1.500270446E1,6.447921583E-1,1.570202125E-1,-3.628501214E-1,-6.541617431E-1,9.969981200E1,4.457371749E1,-1.521801540E1,-9.709451390E1
1.501267346E1,6.442870731E-1,1.582291844E-1,-3.632596728E-1,-6.541408357E-1,9.977551264E1,4.471141985E1,-1.513407688E1,-9.712398296E1
1.502264346E1,6.437363972E-1,1.594731381E-1,-3.635650794E-1,-6.542112061E-1,9.985799829E1,4.484212024E1,-1.503576374E1,-9.715822605E1
1.503261246E1,6.432723992E-1,1.608217529E-1,-3.637603879E-1,-6.542287846E-1,9.992746172E1,4.496813131E1,-1.492566206E1,-9.717425648E1
1.504258246E1,6.427435175E-1,1.622360958E-1,-3.638985664E-1,-6.543226266E-1,1.000065955E2,4.509436824E1,-1.480187473E1,-9.719680259E1
1.505255246E1,6.422789433E-1,1.638252849E-1,-3.639300501E-1,-6.543653951E-1,1.000760695E2,4.522183187E1,-1.466020249E1,-9.720151798E1
1.506252146E1,6.417852174E-1,1.655527261E-1,-3.638419948E-1,-6.544639522E-1,1.001498643E2,4.534812017E1,-1.449646341E1,-9.720388372E1
1.507249146E1,6.411682876E-1,1.673732382E-1,-3.636188061E-1,-6.547296301E-1,1.002420179E2,4.546986447E1,-1.430675517E1,-9.721983581E1
1.508246046E1,6.406182330E-1,1.693607782E-1,-3.631546218E-1,-6.550144967E-1,1.003241299E2,4.557907608E1,-1.408844526E1,-9.721709965E1
1.509243046E1,6.399603346E-1,1.713717834E-1,-3.624533299E-1,-6.555226896E-1,1.004222764E2,4.566831616E1,-1.384141295E1,-9.722801972E1
1.510239946E1,6.394038888E-1,1.734703383E-1,-3.614797166E-1,-6.560511498E-1,1.005052333E2,4.573574668E1,-1.357112460E1,-9.721827147E1
1.511236946E1,6.389470762E-1,1.755964150E-1,-3.603314889E-1,-6.565620789E-1,1.005732993E2,4.578679007E1,-1.329033712E1,-9.719101435E1
1.512233846E1,6.384792041E-1,1.776622217E-1,-3.591931236E-1,-6.570849949E-1,1.006429783E2,4.583480429E1,-1.301442271E1,-9.716721917E1
1.513230846E1,6.381251877E-1,1.797525473E-1,-3.581552891E-1,-6.574267887E-1,1.006956778E2,4.589326498E1,-1.275294353E1,-9.712474865E1
1.514227746E1,6.377489283E-1,1.818292858E-1,-3.572832761E-1,-6.576953208E-1,1.007516664E2,4.596764910E1,-1.250574539E1,-9.708580593E1
1.515224746E1,6.373230311E-1,1.838995285E-1,-3.565551998E-1,-6.579276796E-1,1.008150139E2,4.605662107E1,-1.226869384E1,-9.705404495E1
1.516221646E1,6.368732182E-1,1.860207162E-1,-3.559169490E-1,-6.581123889E-1,1.008818871E2,4.615877251E1,-1.203463100E1,-9.702282567E1
1.517218646E1,6.362751544E-1,1.882041811E-1,-3.553723221E-1,-6.583644270E-1,1.009707509E2,4.627688460E1,-1.179527240E1,-9.701004984E1
1.518215646E1,6.356238822E-1,1.905051514E-1,-3.549210506E-1,-6.585750118E-1,1.010674560E2,4.641379612E1,-1.155267392E1,-9.699879882E1
1.519212546E1,6.348854747E-1,1.929241487E-1,-3.545893338E-1,-6.587617170E-1,1.011770183E2,4.657251978E1,-1.130695329E1,-9.699395074E1
1.520209546E1,6.341594531E-1,1.955073238E-1,-3.543527688E-1,-6.588267918E-1,1.012846590E2,4.675296765E1,-1.105909757E1,-9.697829934E1
1.521206446E1,6.335212115E-1,1.982701761E-1,-3.541994807E-1,-6.586976235E-1,1.013792168E2,4.695439173E1,-1.081191486E1,-9.693968948E1
1.522203446E1,6.327883239E-1,2.010721987E-1,-3.542156914E-1,-6.585439943E-1,1.014877181E2,4.717673537E1,-1.057120463E1,-9.691174538E1
1.523200346E1,6.321183312E-1,2.039857260E-1,-3.543458831E-1,-6.582213444E-1,1.015868347E2,4.741833273E1,-1.033723272E1,-9.686748944E1
1.524197346E1,6.314585987E-1,2.070524256E-1,-3.545545837E-1,-6.577845845E-1,1.016843651E2,4.767958382E1,-1.010084780E1,-9.681232143E1
1.525194246E1,6.306663367E-1,2.102598956E-1,-3.548335853E-1,-6.573765042E-1,1.018013984E2,4.796030232E1,-9.853140259E0,-9.676743985E1
1.526191246E1,6.298718621E-1,2.136744436E-1,-3.551105112E-1,-6.568876074E-1,1.019186612E2,4.825724621E1,-9.591824266E0,-9.670994234E1
1.527188146E1,6.290136126E-1,2.171904232E-1,-3.553726172E-1,-6.564148593E-1,1.020452278E2,4.856177451E1,-9.319192724E0,-9.665378681E1
1.528185146E1,6.282064228E-1,2.208028771E-1,-3.555270801E-1,-6.558988910E-1,1.021641614E2,4.886346159E1,-9.035132605E0,-9.658216838E1
1.529182146E1,6.275144044E-1,2.244786723E-1,-3.555021292E-1,-6.553268411E-1,1.022660461E2,4.915234581E1,-8.740042494E0,-9.648724442E1
1.530179046E1,6.267824243E-1,2.280284116E-1,-3.553560851E-1,-6.548808168E-1,1.023737349E2,4.942088101E1,-8.441471065E0,-9.640188545E1
1.531176046E1,6.261437112E-1,2.314979033E-1,-3.551403722E-1,-6.543914273E-1,1.024676357E2,4.967647486E1,-8.149548407E0,-9.630462886E1
1.532172946E1,6.253821269E-1,2.348388102E-1,-3.550497460E-1,-6.539783790E-1,1.025795199E2,4.993599484E1,-7.869920413E0,-9.622990050E1
1.533169946E1,6.245833032E-1,2.381840583E-1,-3.550742649E-1,-6.535183606E-1,1.026967809E2,5.020809052E1,-7.598567264E0,-9.615796246E1
1.534166846E1,6.236552678E-1,2.415573708E-1,-3.552122063E-1,-6.530914592E-1,1.028328888E2,5.049512223E1,-7.327566232E0,-9.610070268E1
1.535163846E1,6.226848300E-1,2.450417298E-1,-3.553881746E-1,-6.526235093E-1,1.029750777E2,5.079568675E1,-7.050820151E0,-9.604054445E1
1.536160746E1,6.216069586E-1,2.485808218E-1,-3.555401351E-1,-6.522296970E-1,1.031328434E2,5.109977754E1,-6.762200396E0,-9.598975635E1
1.537157746E1,6.205818695E-1,2.522107191E-1,-3.555149734E-1,-6.518259236E-1,1.032827237E2,5.139441791E1,-6.456988997E0,-9.592292011E1
1.538154646E1,6.196194884E-1,2.558537557E-1,-3.552340331E-1,-6.514747561E-1,1.034232944E2,5.166586696E1,-6.134070813E0,-9.584306343E1
1.539151646E1,6.187273818E-1,2.594247897E-1,-3.546705560E-1,-6.512172652E-1,1.035534788E2,5.190476676E1,-5.797043754E0,-9.575431659E1
1.540148546E1,6.179918140E-1,2.629266186E-1,-3.538244844E-1,-6.509715701E-1,1.036607321E2,5.211101115E1,-5.451651476E0,-9.564453199E1
1.541145546E1,6.173113794E-1,2.663455446E-1,-3.528231859E-1,-6.507706298E-1,1.037598762E2,5.229648233E1,-5.102848730E0,-9.552932067E1
1.542142546E1,6.167561540E-1,2.698009302E-1,-3.517133145E-1,-6.504744046E-1,1.038407266E2,5.247523502E1,-4.752144265E0,-9.539154646E1
1.543139446E1,6.163685018E-1,2.733302020E-1,-3.504948280E-1,-6.500260319E-1,1.038971490E2,5.265044105E1,-4.400311620E0,-9.522282228E1
1.544136446E1,6.160740981E-1,2.768726999E-1,-3.491927723E-1,-6.495064113E-1,1.039399846E2,5.282010129E1,-4.048223473E0,-9.503748241E1
1.545133346E1,6.159638393E-1,2.804028330E-1,-3.478157531E-1,-6.488351833E-1,1.039560240E2,5.298278480E1,-3.704656289E0,-9.482436068E1
1.546130346E1,6.157738334E-1,2.837026388E-1,-3.465759166E-1,-6.482442081E-1,1.039836601E2,5.314148254E1,-3.382850160E0,-9.463522081E1
1.547127246E1,6.155537623E-1,2.868097124E-1,-3.454913017E-1,-6.476646691E-1,1.040156627E2,5.330049800E1,-3.085373617E0,-9.446098708E1
1.548124246E1,6.153558421E-1,2.898064271E-1,-3.445207968E-1,-6.470354154E-1,1.040444381E2,5.346243083E1,-2.807225414E0,-9.428907391E1
1.549121146E1,6.151299363E-1,2.926904095E-1,-3.436789135E-1,-6.463995024E-1,1.040772754E2,5.362840970E1,-2.546174672E0,-9.412691970E1
1.550118146E1,6.150165389E-1,2.954992757E-1,-3.429275721E-1,-6.456280689E-1,1.040937559E2,5.379754418E1,-2.306606442E0,-9.395228451E1
1.551115046E1,6.149197407E-1,2.981207860E-1,-3.423713417E-1,-6.448097746E-1,1.041078225E2,5.397021107E1,-2.097459579E0,-9.378655774E1
1.552112046E1,6.148211750E-1,3.005172400E-1,-3.420534439E-1,-6.439593619E-1,1.041221446E2,5.414700265E1,-1.923300380E0,-9.363522929E1
1.553109046E1,6.148169380E-1,3.027340061E-1,-3.419419549E-1,-6.429836004E-1,1.041227602E2,5.432838866E1,-1.785476994E0,-9.348193964E1
1.554105946E1,6.147615820E-1,3.047242080E-1,-3.420673141E-1,-6.420289493E-1,1.041308031E2,5.451319702E1,-1.678786536E0,-9.335070659E1
1.555102946E1,6.147943209E-1,3.065739792E-1,-3.423213450E-1,-6.409808928E-1,1.041260464E2,5.469829588E1,-1.598662953E0,-9.321613367E1
1.556099846E1,6.148472336E-1,3.082430510E-1,-3.427036446E-1,-6.399244636E-1,1.041183583E2,5.488010564E1,-1.542373087E0,-9.309075822E1
1.557096846E1,6.148340430E-1,3.097152391E-1,-3.432192283E-1,-6.389492264E-1,1.041202749E2,5.505767304E1,-1.504823580E0,-9.298813092E1
1.558093746E1,6.148873759E-1,3.110778296E-1,-3.437913889E-1,-6.379276118E-1,1.041125254E2,5.523112870E1,-1.483879972E0,-9.288349158E1
1.559090746E1,6.148908721E-1,3.122868462E-1,-3.444971879E-1,-6.369519564E-1,1.041120174E2,5.540396925E1,-1.480281812E0,-9.279648520E1
1.560087646E1,6.149924282E-1,3.134292273E-1,-3.452815922E-1,-6.358671986E-1,1.040972598E2,5.557840647E1,-1.495154091E0,-9.270014515E1
1.561084646E1,6.151351375E-1,3.145161813E-1,-3.461588498E-1,-6.347144823E-1,1.040765195E2,5.575682046E1,-1.524992224E0,-9.260171674E1
1.562081546E1,6.152560100E-1,3.155374719E-1,-3.471217907E-1,-6.335634564E-1,1.040589504E2,5.593769764E1,-1.565029043E0,-9.251085844E1
1.563078546E1,6.154692507E-1,3.165510101E-1,-3.480607896E-1,-6.323343081E-1,1.040279504E2,5.611563402E1,-1.610756350E0,-9.240727881E1
1.564075546E1,6.156643089E-1,3.174621143E-1,-3.489812610E-1,-6.311793133E-1,1.039995879E2,5.628290758E1,-1.659493440E0,-9.231351161E1
1.565072446E1,6.158684143E-1,3.182563454E-1,-3.498538114E-1,-6.300961933E-1,1.039699041E2,5.643538570E1,-1.711312710E0,-9.222679597E1
1.566069446E1,6.161953651E-1,3.189669478E-1,-3.506210039E-1,-6.289899472E-1,1.039223418E2,5.657038636E1,-1.767744525E0,-9.212871612E1
1.567066346E1,6.164862699E-1,3.194176649E-1,-3.514145460E-1,-6.280326164E-1,1.038800103E2,5.668491029E1,-1.838080930E0,-9.205465126E1
1.568063346E1,6.168574661E-1,3.195833099E-1,-3.522417122E-1,-6.271196646E-1,1.038259772E2,5.677718439E1,-1.933062427E0,-9.199007398E1
1.569060246E1,6.171476241E-1,3.194122885E-1,-3.532181177E-1,-6.263717918E-1,1.037837265E2,5.685384274E1,-2.053562237E0,-9.196169243E1
1.570057246E1,6.173051852E-1,3.190423999E-1,-3.543297487E-1,-6.257768308E-1,1.037607785E2,5.692596618E1,-2.186966512E0,-9.196662965E1
1.571054146E1,6.174448720E-1,3.187325218E-1,-3.554183742E-1,-6.251794292E-1,1.037404307E2,5.700138830E1,-2.313801161E0,-9.196970674E1
1.572051146E1,6.174280709E-1,3.184933503E-1,-3.564305189E-1,-6.247414658E-1,1.037428782E2,5.707624976E1,-2.417935485E0,-9.198971728E1
1.573048046E1,6.174797001E-1,3.184427517E-1,-3.571766669E-1,-6.242899473E-1,1.037353570E2,5.714249516E1,-2.493007731E0,-9.198621336E1
1.574045046E1,6.175654779E-1,3.185103921E-1,-3.576751008E-1,-6.238851179E-1,1.037228602E2,5.719563136E1,-2.541775517E0,-9.196918748E1
1.575041946E1,6.176531779E-1,3.186047088E-1,-3.579852252E-1,-6.235721008E-1,1.037100822E2,5.723323994E1,-2.572035280E0,-9.194989108E1
1.576038946E1,6.178415139E-1,3.187046469E-1,-3.581093819E-1,-6.232630563E-1,1.036826377E2,5.725345346E1,-2.592717831E0,-9.191590156E1
1.577035946E1,6.180619132E-1,3.186924520E-1,-3.581395314E-1,-6.230333846E-1,1.036505143E2,5.725473991E1,-2.613177102E0,-9.188555841E1
1.578032846E1,6.184086921E-1,3.186064395E-1,-3.580673668E-1,-6.227747770E-1,1.035999567E2,5.723948589E1,-2.637903349E0,-9.184268615E1
1.579029846E1,6.187869987E-1,3.184013226E-1,-3.579602598E-1,-6.225654792E-1,1.035447826E2,5.721029447E1,-2.668138097E0,-9.180401344E1
1.580026746E1,6.191778920E-1,3.180982381E-1,-3.578180208E-1,-6.224134743E-1,1.034877508E2,5.716906398E1,-2.701279456E0,-9.177065675E1
1.581023746E1,6.194375757E-1,3.176930620E-1,-3.576854452E-1,-6.224381975E-1,1.034498502E2,5.712003209E1,-2.730548064E0,-9.176334470E1
1.582020646E1,6.197406001E-1,3.173614440E-1,-3.574335401E-1,-6.224505157E-1,1.034056116E2,5.706609080E1,-2.748304147E0,-9.174445454E1
1.583017646E1,6.199710087E-1,3.170471273E-1,-3.570958029E-1,-6.225749837E-1,1.033719652E2,5.700572081E1,-2.751648669E0,-9.173454784E1
1.584014546E1,6.201822871E-1,3.167611859E-1,-3.566627612E-1,-6.227583683E-1,1.033411055E2,5.693889117E1,-2.743252362E0,-9.172527174E1
1.585011546E1,6.205416554E-1,3.165618695E-1,-3.560790734E-1,-6.228358100E-1,1.032886004E2,5.686511557E1,-2.727831577E0,-9.168857294E1
1.586008446E1,6.209045525E-1,3.163359874E-1,-3.554556122E-1,-6.229450418E-1,1.032355604E2,5.678525999E1,-2.710421979E0,-9.165325311E1
1.587005446E1,6.214193316E-1,3.161251808E-1,-3.547734536E-1,-6.229275113E-1,1.031602883E2,5.670087057E1,-2.698483985E0,-9.159512820E1
1.588002446E1,6.219339631E-1,3.158035898E-1,-3.541628828E-1,-6.229245425E-1,1.030849987E2,5.661350963E1,-2.698955280E0,-9.154502885E1
1.588999346E1,6.223660642E-1,3.153464677E-1,-3.536987590E-1,-6.229882569E-1,1.030217527E2,5.652822911E1,-2.713735717E0,-9.151645463E1
1.589996346E1,6.227592726E-1,3.148266377E-1,-3.533368348E-1,-6.230635529E-1,1.029641753E2,5.644717182E1,-2.738266416E0,-9.149788605E1
1.590993246E1,6.229857486E-1,3.142219713E-1,-3.531026946E-1,-6.232751513E-1,1.029310020E2,5.637111326E1,-2.766306421E0,-9.150920454E1
1.591990246E1,6.233017618E-1,3.137361143E-1,-3.528257358E-1,-6.233607132E-1,1.028847009E2,5.630130926E1,-2.790965148E0,-9.149903934E1
1.592987146E1,6.236378228E-1,3.133371154E-1,-3.525252656E-1,-6.233952916E-1,1.028354461E2,5.623692301E1,-2.810362539E0,-9.147968825E1
1.593984146E1,6.239006682E-1,3.129453657E-1,-3.522467118E-1,-6.234865640E-1,1.027969103E2,5.617544143E1,-2.825796218E0,-9.147023809E1
1.594981046E1,6.242662928E-1,3.126489166E-1,-3.519146671E-1,-6.234566813E-1,1.027432889E2,5.611707418E1,-2.839068446E0,-9.143914407E1
1.595978046E1,6.245941494E-1,3.123712940E-1,-3.516168167E-1,-6.234356537E-1,1.026951894E2,5.606370163E1,-2.851573883E0,-9.141210075E1
1.596974946E1,6.249232435E-1,3.121335225E-1,-3.513538835E-1,-6.233731805E-1,1.026468921E2,5.601713360E1,-2.865243004E0,-9.138196472E1
1.597971946E1,6.252682942E-1,3.119355127E-1,-3.511304671E-1,-6.232521825E-1,1.025962355E2,5.597775563E1,-2.881617789E0,-9.134666019E1
1.598968846E1,6.255171370E-1,3.117494488E-1,-3.509910729E-1,-6.231740345E-1,1.025596920E2,5.594758593E1,-2.897739566E0,-9.132426755E1
1.599965846E1,6.257950652E-1,3.116763293E-1,-3.508524888E-1,-6.230096498E-1,1.025188661E2,5.592737877E1,-2.910088463E0,-9.128960806E1
1.600962846E1,6.260398904E-1,3.116488746E-1,-3.507242531E-1,-6.228494556E-1,1.024828932E2,5.591225453E1,-2.918423829E0,-9.125638695E1
1.601959746E1,6.262748258E-1,3.116360949E-1,-3.505523875E-1,-6.227164312E-1,1.024483649E2,5.589435561E1,-2.921197964E0,-9.122354171E1
1.602956746E1,6.266379418E-1,3.117278051E-1,-3.502709321E-1,-6.224636557E-1,1.023949815E2,5.587505228E1,-2.918055026E0,-9.116477815E1
1.603953646E1,6.268917969E-1,3.117743300E-1,-3.500472641E-1,-6.223104473E-1,1.023576492E2,5.585748671E1,-2.914326981E0,-9.112491171E1
1.604950646E1,6.272328230E-1,3.118793428E-1,-3.498186345E-1,-6.220427567E-1,1.023074819E2,5.584440672E1,-2.913650923E0,-9.106832101E1
1.605947546E1,6.275731617E-1,3.119769891E-1,-3.496082454E-1,-6.217688413E-1,1.022573982E2,5.583240457E1,-2.914997663E0,-9.101233690E1
1.606944546E1,6.278692809E-1,3.120068054E-1,-3.494405246E-1,-6.215490923E-1,1.022138074E2,5.581853120E1,-2.920533122E0,-9.096753335E1
1.607941446E1,6.281795739E-1,3.119692749E-1,-3.493265793E-1,-6.213183725E-1,1.021681157E2,5.580371063E1,-2.935696804E0,-9.092550207E1
1.608938446E1,6.282953256E-1,3.117508911E-1,-3.493920544E-1,-6.212742705E-1,1.021510671E2,5.579023507E1,-2.962203432E0,-9.092448514E1
1.609935446E1,6.284228613E-1,3.115068226E-1,-3.495203033E-1,-6.211954565E-1,1.021322806E2,5.578033888E1,-2.996781084E0,-9.092356301E1
1.610932346E1,6.285122614E-1,3.112277170E-1,-3.496899536E-1,-6.211495520E-1,1.021191101E2,5.577134395E1,-3.034136983E0,-9.093066334E1
1.611929346E1,6.284544013E-1,3.108173002E-1,-3.499224686E-1,-6.212826020E-1,1.021276342E2,5.575707173E1,-3.073092454E0,-9.096833971E1
1.612926246E1,6.284016980E-1,3.103666740E-1,-3.501402334E-1,-6.214383965E-1,1.021353982E2,5.573789383E1,-3.113259685E0,-9.100809637E1
1.613923246E1,6.282661429E-1,3.098906240E-1,-3.503883111E-1,-6.216730811E-1,1.021553655E2,5.571960197E1,-3.151304162E0,-9.106156779E1
1.614920146E1,6.280839368E-1,3.094313037E-1,-3.506411540E-1,-6.219434584E-1,1.021822002E2,5.570342483E1,-3.185372460E0,-9.112054666E1
1.615917146E1,6.279930079E-1,3.090088039E-1,-3.508398540E-1,-6.221332637E-1,1.021955899E2,5.568518592E1,-3.219461477E0,-9.116369158E1
1.616914046E1,6.278624223E-1,3.085322811E-1,-3.510595339E-1,-6.223776458E-1,1.022148172E2,5.566433082E1,-3.255406061E0,-9.121634972E1
1.617911046E1,6.278414627E-1,3.081121139E-1,-3.512279580E-1,-6.225117276E-1,1.022179030E2,5.564332267E1,-3.291971849E0,-9.124913741E1
1.618907946E1,6.277276739E-1,3.076673790E-1,-3.514314021E-1,-6.227316421E-1,1.022346546E2,5.562377294E1,-3.326054791E0,-9.129703434E1
1.619904946E1,6.275997266E-1,3.072602668E-1,-3.516061588E-1,-6.229628492E-1,1.022534882E2,5.560490609E1,-3.354429276E0,-9.134424797E1
1.620901846E1,6.275064188E-1,3.069396716E-1,-3.517145868E-1,-6.231537692E-1,1.022672214E2,5.558730808E1,-3.374672357E0,-9.138034946E1
1.621898846E1,6.274563261E-1,3.067115913E-1,-3.517374963E-1,-6.233036656E-1,1.022745936E2,5.556964453E1,-3.385337666E0,-9.140366893E1
1.622895846E1,6.273678696E-1,3.065071685E-1,-3.517122608E-1,-6.235072673E-1,1.022876108E2,5.554963690E1,-3.387411578E0,-9.143078313E1
1.623892746E1,6.273490976E-1,3.063455564E-1,-3.516042174E-1,-6.236665569E-1,1.022903731E2,5.552537339E1,-3.384838559E0,-9.144486552E1
1.624889746E1,6.273602036E-1,3.061697013E-1,-3.514675536E-1,-6.238188120E-1,1.022887389E2,5.549707913E1,-3.382683520E0,-9.145563902E1
1.625886646E1,6.273150650E-1,3.059125766E-1,-3.513926455E-1,-6.240325380E-1,1.022953810E2,5.546766825E1,-3.386375457E0,-9.148022362E1
1.626883646E1,6.273004109E-1,3.056283119E-1,-3.513499771E-1,-6.242104690E-1,1.022975372E2,5.543883306E1,-3.396832422E0,-9.150230091E1
1.627880546E1,6.272364832E-1,3.052940874E-1,-3.513749701E-1,-6.244241023E-1,1.023069434E2,5.541217056E1,-3.412515719E0,-9.153497473E1
1.628877546E1,6.272293651E-1,3.049963094E-1,-3.514022497E-1,-6.245614541E-1,1.023079907E2,5.538874964E1,-3.430728987E0,-9.155690614E1
1.629874446E1,6.272909017E-1,3.047566624E-1,-3.514233231E-1,-6.246047790E-1,1.022989364E2,5.536961508E1,-3.450395571E0,-9.156485445E1
1.630871446E1,6.273021494E-1,3.045211985E-1,-3.514937400E-1,-6.246686370E-1,1.022972814E2,5.535565980E1,-3.470571953E0,-9.157973434E1
1.631868346E1,6.274633937E-1,3.043770273E-1,-3.515022826E-1,-6.245722144E-1,1.022735534E2,5.534337269E1,-3.491402406E0,-9.156662485E1
1.632865346E1,6.276738433E-1,3.042024787E-1,-3.515145236E-1,-6.244389779E-1,1.022425787E2,5.532862427E1,-3.517946297E0,-9.154854481E1
1.633862346E1,6.279343191E-1,3.039755417E-1,-3.515423590E-1,-6.242718995E-1,1.022042315E2,5.531060691E1,-3.552565642E0,-9.152688815E1
1.634859246E1,6.282854828E-1,3.037562147E-1,-3.515566836E-1,-6.240171678E-1,1.021525169E2,5.529167707E1,-3.592377045E0,-9.149158919E1
1.635856246E1,6.285255781E-1,3.034796655E-1,-3.516313916E-1,-6.238678568E-1,1.021171481E2,5.527380399E1,-3.632477506E0,-9.147628793E1
1.636853146E1,6.288788635E-1,3.032857453E-1,-3.516534370E-1,-6.235936389E-1,1.020650891E2,5.525779067E1,-3.671774803E0,-9.143884108E1
1.637850146E1,6.292355023E-1,3.030885270E-1,-3.516798341E-1,-6.233148875E-1,1.020125164E2,5.524187740E1,-3.711907106E0,-9.140111319E1
1.638847046E1,6.296111226E-1,3.028845916E-1,-3.517205348E-1,-6.230115912E-1,1.019571246E2,5.522664307E1,-3.755165952E0,-9.136104890E1
1.639844046E1,6.300351179E-1,3.026966825E-1,-3.517439869E-1,-6.226610157E-1,1.018945730E2,5.521100188E1,-3.799619898E0,-9.131284740E1
1.640840946E1,6.304275590E-1,3.024832903E-1,-3.517718486E-1,-6.223516881E-1,1.018366518E2,5.519364519E1,-3.843496132E0,-9.127092448E1
1.641837946E1,6.308740697E-1,3.022936295E-1,-3.517690247E-1,-6.219928429E-1,1.017707214E2,5.517526000E1,-3.887347028E0,-9.121946368E1
1.642834846E1,6.313962273E-1,3.021244652E-1,-3.517301943E-1,-6.215669487E-1,1.016935821E2,5.515498081E1,-3.932492724E0,-9.115554424E1
1.643831908E1,6.318208897E-1,3.018797817E-1,-3.517400356E-1,-6.212487492E-1,1.016308148E2,5.513303095E1,-3.978867220E0,-9.111096905E1
1.644828908E1,6.323077036E-1,3.016822763E-1,-3.517184195E-1,-6.208614862E-1,1.015588266E2,5.511198513E1,-4.024482085E0,-9.105401655E1
1.645825808E1,6.327076094E-1,3.014512062E-1,-3.517342457E-1,-6.205572538E-1,1.014996625E2,5.509183621E1,-4.068806746E0,-9.101195811E1
1.646822808E1,6.330771134E-1,3.012156844E-1,-3.517677577E-1,-6.202756681E-1,1.014449740E2,5.507305961E1,-4.112710424E0,-9.097457481E1
1.647819708E1,6.334667531E-1,3.010331648E-1,-3.518155759E-1,-6.199392177E-1,1.013872821E2,5.506015384E1,-4.156581291E0,-9.093054640E1
1.648816708E1,6.337945509E-1,3.008776824E-1,-3.519365822E-1,-6.196110827E-1,1.013387284E2,5.505670593E1,-4.201062011E0,-9.089364450E1
1.649813608E1,6.341611047E-1,3.008062014E-1,-3.520990583E-1,-6.191781898E-1,1.012844142E2,5.506429862E1,-4.247775784E0,-9.084521646E1
1.650810608E1,6.344714142E-1,3.007113868E-1,-3.523387737E-1,-6.187697625E-1,1.012384175E2,5.507731536E1,-4.298667360E0,-9.080657140E1
1.651807508E1,6.347719297E-1,3.005552538E-1,-3.526619768E-1,-6.183531745E-1,1.011938581E2,5.509285698E1,-4.359903537E0,-9.077359141E1
1.652804508E1,6.350955846E-1,3.003139894E-1,-3.530888138E-1,-6.178943125E-1,1.011458517E2,5.511061005E1,-4.437160940E0,-9.074309294E1
1.653801408E1,6.352516498E-1,2.999210781E-1,-3.536714281E-1,-6.175915763E-1,1.011226973E2,5.513049857E1,-4.524378016E0,-9.074752031E1
1.654798408E1,6.354358414E-1,2.995870774E-1,-3.542329795E-1,-6.172422533E-1,1.010953650E2,5.515345009E1,-4.608629836E0,-9.074371847E1
1.655795408E1,6.356054238E-1,2.993198190E-1,-3.547605791E-1,-6.168941368E-1,1.010701958E2,5.517910181E1,-4.685036039E0,-9.073741073E1
1.656792308E1,6.356441970E-1,2.990310947E-1,-3.553311815E-1,-6.166657029E-1,1.010644405E2,5.520753641E1,-4.756655405E0,-9.075167679E1
1.657789308E1,6.357158110E-1,2.988156689E-1,-3.558845407E-1,-6.163771168E-1,1.010538099E2,5.524061207E1,-4.825226576E0,-9.075609022E1
1.658786208E1,6.357762773E-1,2.986303124E-1,-3.564390615E-1,-6.160841686E-1,1.010448334E2,5.527649329E1,-4.891446657E0,-9.076006948E1
1.659783208E1,6.359299493E-1,2.984502242E-1,-3.569645010E-1,-6.157085513E-1,1.010220175E2,5.530969337E1,-4.961833302E0,-9.075004635E1
1.660780108E1,6.361624939E-1,2.981841037E-1,-3.575067676E-1,-6.152823841E-1,1.009874842E2,5.533666600E1,-5.044529271E0,-9.073435980E1
1.661777108E1,6.363508646E-1,2.977373155E-1,-3.581848999E-1,-6.149094944E-1,1.009595045E2,5.536103277E1,-5.146321926E0,-9.073753773E1
1.662774008E1,6.364866209E-1,2.971585313E-1,-3.589949017E-1,-6.145764909E-1,1.009393365E2,5.538674128E1,-5.263578366E0,-9.075741190E1
1.663771008E1,6.365234658E-1,2.964808863E-1,-3.598729549E-1,-6.143520925E-1,1.009338622E2,5.541094336E1,-5.385010513E0,-9.079847561E1
1.664767908E1,6.364931201E-1,2.957570300E-1,-3.607202594E-1,-6.142355143E-1,1.009383709E2,5.542875227E1,-5.500991850E0,-9.085243568E1
1.665764908E1,6.364508969E-1,2.950231954E-1,-3.614651786E-1,-6.141942868E-1,1.009446439E2,5.543624399E1,-5.607118768E0,-9.090870760E1
1.666761908E1,6.364326723E-1,2.942615281E-1,-3.620915966E-1,-6.142094768E-1,1.009473515E2,5.543013639E1,-5.705623151E0,-9.096321571E1
1.667758808E1,6.362987072E-1,2.933339129E-1,-3.627198428E-1,-6.144212449E-1,1.009672523E2,5.541071589E1,-5.804541679E0,-9.104581402E1
1.668755808E1,6.362716055E-1,2.923822449E-1,-3.632665638E-1,-6.145798448E-1,1.009712780E2,5.538111067E1,-5.905494772E0,-9.111419595E1
1.669752708E1,6.361985321E-1,2.913548365E-1,-3.637979460E-1,-6.148291764E-1,1.009821317E2,5.534400620E1,-6.005765026E0,-9.119425177E1
1.670749708E1,6.362135568E-1,2.903564461E-1,-3.642492281E-1,-6.150186482E-1,1.009799001E2,5.530146257E1,-6.103875943E0,-9.125920248E1
1.671746608E1,6.362060757E-1,2.893579056E-1,-3.646479347E-1,-6.152607186E-1,1.009810113E2,5.525420113E1,-6.195504742E0,-9.132726202E1
1.672743608E1,6.362603003E-1,2.883515232E-1,-3.649765958E-1,-6.154820501E-1,1.009729572E2,5.519939495E1,-6.285909287E0,-9.138655691E1
1.673740508E1,6.363740526E-1,2.873155378E-1,-3.652783831E-1,-6.156699849E-1,1.009560599E2,5.513930854E1,-6.380128525E0,-9.143891594E1
1.674737508E1,6.364941303E-1,2.862231626E-1,-3.655982065E-1,-6.158648285E-1,1.009382208E2,5.507625674E1,-6.479785618E0,-9.149384789E1
1.675734408E1,6.365693802E-1,2.850783304E-1,-3.659640807E-1,-6.161006223E-1,1.009270402E2,5.501358807E1,-6.583390853E0,-9.155856406E1
1.676731408E1,6.367473644E-1,2.840407856E-1,-3.663108808E-1,-6.161897649E-1,1.009005919E2,5.495772300E1,-6.687203932E0,-9.160088300E1
1.677728408E1,6.368396943E-1,2.830198546E-1,-3.667092185E-1,-6.163273882E-1,1.008868698E2,5.490887721E1,-6.788473035E0,-9.165450883E1
1.678725308E1,6.370288803E-1,2.821493299E-1,-3.670547621E-1,-6.163252499E-1,1.008587486E2,5.486719264E1,-6.883876018E0,-9.168381280E1
1.679722308E1,6.372757318E-1,2.814179635E-1,-3.673362951E-1,-6.162367020E-1,1.008220473E2,5.483082791E1,-6.969955342E0,-9.169539423E1
1.680719208E1,6.375986879E-1,2.808455751E-1,-3.675325230E-1,-6.160466770E-1,1.007740163E2,5.479923207E1,-7.044982252E0,-9.168527540E1
1.681716208E1,6.380249631E-1,2.804014395E-1,-3.676474495E-1,-6.157390873E-1,1.007105937E2,5.476997432E1,-7.113093621E0,-9.165151309E1
1.682713108E1,6.384617783E-1,2.800136174E-1,-3.677340481E-1,-6.154110110E-1,1.006455728E2,5.474265590E1,-7.176213400E0,-9.161243016E1
1.683710108E1,6.389694042E-1,2.796875983E-1,-3.677389503E-1,-6.150294042E-1,1.005699732E2,5.471221628E1,-7.233638328E0,-9.155879280E1
1.684707008E1,6.396411868E-1,2.794192757E-1,-3.676236524E-1,-6.145215729E-1,1.004698622E2,5.467396777E1,-7.289111873E0,-9.147702748E1
1.685704008E1,6.402203793E-1,2.789896360E-1,-3.675542312E-1,-6.141550533E-1,1.003834908E2,5.462712564E1,-7.350894161E0,-9.141928463E1
1.686700908E1,6.409007137E-1,2.784721465E-1,-3.674879869E-1,-6.137198450E-1,1.002819674E2,5.457244386E1,-7.425611236E0,-9.135212450E1
1.687697908E1,6.415265641E-1,2.777543751E-1,-3.675091552E-1,-6.133784858E-1,1.001885081E2,5.450959693E1,-7.515630385E0,-9.130577268E1
1.688694908E1,6.421612957E-1,2.769105320E-1,-3.675679290E-1,-6.130604457E-1,1.000936574E2,5.443964018E1,-7.616972411E0,-9.126596927E1
1.689691808E1,6.428715715E-1,2.760044590E-1,-3.676323293E-1,-6.126860802E-1,9.998743969E1,5.436441733E1,-7.728122071E0,-9.121869864E1
1.690688808E1,6.434921496E-1,2.749507667E-1,-3.677542391E-1,-6.124352143E-1,9.989456811E1,5.428293052E1,-7.846226504E0,-9.119385540E1
1.691685708E1,6.442092203E-1,2.738314834E-1,-3.678305565E-1,-6.121369147E-1,9.978717723E1,5.419085576E1,-7.971178756E0,-9.115843790E1
1.692682708E1,6.449633038E-1,2.725853328E-1,-3.678743840E-1,-6.118725776E-1,9.967415166E1,5.408475198E1,-8.103168207E0,-9.112509026E1
1.693679608E1,6.456198068E-1,2.711181905E-1,-3.679544314E-1,-6.117839612E-1,9.957567526E1,5.396440358E1,-8.243816567E0,-9.111975037E1
1.694676608E1,6.463326694E-1,2.695375888E-1,-3.679971367E-1,-6.117038071E-1,9.946866374E1,5.383062899E1,-8.391878734E0,-9.111245348E1
1.695673508E1,6.469443861E-1,2.677455680E-1,-3.681094369E-1,-6.117766395E-1,9.937676823E1,5.368681416E1,-8.551116254E0,-9.113282300E1
1.696670508E1,6.475716998E-1,2.658490863E-1,-3.682654224E-1,-6.118461818E-1,9.928246468E1,5.353853599E1,-8.721922955E0,-9.115652216E1
1.697667408E1,6.481811761E-1,2.639034244E-1,-3.684961711E-1,-6.119041429E-1,9.919077939E1,5.339368684E1,-8.901564649E0,-9.118503629E1
1.698664408E1,6.486363081E-1,2.618949638E-1,-3.688562264E-1,-6.120678110E-1,9.912227183E1,5.325762409E1,-9.085729353E0,-9.123970796E1
1.699661408E1,6.490480143E-1,2.599427903E-1,-3.692743389E-1,-6.122114316E-1,9.906027074E1,5.313249736E1,-9.269220614E0,-9.129661220E1
1.700658308E1,6.493489771E-1,2.580193978E-1,-3.697559299E-1,-6.124152196E-1,9.901492900E1,5.301719194E1,-9.449094522E0,-9.136763902E1
1.701655308E1,6.495495934E-1,2.561545209E-1,-3.702624560E-1,-6.126792301E-1,9.898469650E1,5.291041666E1,-9.620792206E0,-9.144951034E1
1.702652208E1,6.497819306E-1,2.544414306E-1,-3.706681089E-1,-6.129014888E-1,9.894967522E1,5.280648296E1,-9.776877796E0,-9.151683125E1
1.703649208E1,6.498755888E-1,2.527770832E-1,-3.710087924E-1,-6.132846801E-1,9.893555509E1,5.270196476E1,-9.914039950E0,-9.160154496E1
1.704646108E1,6.500173536E-1,2.512381911E-1,-3.712020620E-1,-6.136496889E-1,9.891417945E1,5.259334362E1,-1.003391532E1,-9.167097180E1
1.705643108E1,6.500790105E-1,2.497145140E-1,-3.713626679E-1,-6.141089671E-1,9.890488161E1,5.248387075E1,-1.014420886E1,-9.175110545E1
1.706640008E1,6.500374511E-1,2.482200553E-1,-3.715836596E-1,-6.146248471E-1,9.891114883E1,5.238389245E1,-1.025108400E1,-9.184467422E1
1.707637008E1,6.498925871E-1,2.468129617E-1,-3.719238900E-1,-6.151387489E-1,9.893299222E1,5.230384259E1,-1.035652198E1,-9.194843437E1
1.708633908E1,6.496872226E-1,2.455706728E-1,-3.723650516E-1,-6.155856991E-1,9.896395210E1,5.224779337E1,-1.045726184E1,-9.205148678E1
1.709630908E1,6.493756995E-1,2.445205103E-1,-3.728654928E-1,-6.160293948E-1,9.901090237E1,5.221439655E1,-1.054431350E1,-9.215930302E1
1.710627908E1,6.491214697E-1,2.437306731E-1,-3.732674525E-1,-6.163669068E-1,9.904920568E1,5.219212135E1,-1.061080970E1,-9.224329173E1
1.711624808E1,6.489351385E-1,2.431250071E-1,-3.734722177E-1,-6.166781612E-1,9.907727218E1,5.216503347E1,-1.065289593E1,-9.230623020E1
1.712621808E1,6.488590358E-1,2.426327687E-1,-3.734453755E-1,-6.169682857E-1,9.908873361E1,5.212356307E1,-1.067473843E1,-9.234582630E1
1.713618708E1,6.488559617E-1,2.421534906E-1,-3.732310429E-1,-6.172894842E-1,9.908919656E1,5.206424226E1,-1.068379926E1,-9.237348738E1
1.714615708E1,6.487776844E-1,2.415629764E-1,-3.729433854E-1,-6.177768387E-1,9.910098442E1,5.198970442E1,-1.068740847E1,-9.241871653E1
1.715612608E1,6.487063114E-1,2.408797865E-1,-3.726182962E-1,-6.183143559E-1,9.911173167E1,5.190404604E1,-1.069383123E1,-9.246803067E1
1.716609608E1,6.486402646E-1,2.400918828E-1,-3.723261027E-1,-6.188658500E-1,9.912167613E1,5.181314446E1,-1.071023082E1,-9.252240232E1
1.717606508E1,6.485225538E-1,2.391969840E-1,-3.721043628E-1,-6.194689240E-1,9.913939768E1,5.172109254E1,-1.073611513E1,-9.259053539E1
1.718603508E1,6.484898320E-1,2.382684257E-1,-3.718711011E-1,-6.200007488E-1,9.914432358E1,5.162437597E1,-1.076936349E1,-9.264752869E1
1.719600508E1,6.484272782E-1,2.371937127E-1,-3.716439401E-1,-6.206141619E-1,9.915373985E1,5.151695495E1,-1.081022338E1,-9.271704145E1
1.720597408E1,6.484489851E-1,2.360120151E-1,-3.713566514E-1,-6.212137838E-1,9.915047236E1,5.139434267E1,-1.085848274E1,-9.277952822E1
1.721594408E1,6.484592610E-1,2.346461728E-1,-3.710470301E-1,-6.219050843E-1,9.914892553E1,5.125510747E1,-1.091558104E1,-9.285361547E1
1.722591308E1,6.484421073E-1,2.330955428E-1,-3.707143282E-1,-6.227039778E-1,9.915150767E1,5.109937770E1,-1.098047775E1,-9.294161058E1
1.723588308E1,6.485179097E-1,2.314675365E-1,-3.703115729E-1,-6.234714495E-1,9.914009680E1,5.092987169E1,-1.105087681E1,-9.301923933E1
1.724585208E1,6.486064089E-1,2.297165035E-1,-3.698670922E-1,-6.242902877E-1,9.912677341E1,5.074662495E1,-1.112655623E1,-9.310103793E1
1.725582208E1,6.486624997E-1,2.278504992E-1,-3.694065905E-1,-6.251878115E-1,9.911832834E1,5.055333237E1,-1.120626982E1,-9.319326403E1
1.726579108E1,6.488370061E-1,2.259794952E-1,-3.688933472E-1,-6.259884146E-1,9.909205119E1,5.035344441E1,-1.129042221E1,-9.326708579E1
1.727576108E1,6.490698991E-1,2.240561870E-1,-3.683927902E-1,-6.267327384E-1,9.905697419E1,5.015022245E1,-1.138371114E1,-9.333411647E1
1.728573008E1,6.495115730E-1,2.221897929E-1,-3.678959684E-1,-6.272311921E-1,9.899042662E1,4.994960462E1,-1.148881538E1,-9.336572151E1
1.729570008E1,6.500326161E-1,2.203349259E-1,-3.674546751E-1,-6.276042523E-1,9.891187794E1,4.975448117E1,-1.160414429E1,-9.338393845E1
1.730567008E1,6.506288702E-1,2.185161313E-1,-3.670361464E-1,-6.278672038E-1,9.882193443E1,4.956361414E1,-1.172475769E1,-9.338807480E1
1.731563908E1,6.512986679E-1,2.167510160E-1,-3.665504935E-1,-6.280682443E-1,9.872082485E1,4.936965040E1,-1.184113897E1,-9.337734106E1
1.732560908E1,6.519412993E-1,2.149935925E-1,-3.659553642E-1,-6.283525064E-1,9.862374414E1,4.916611486E1,-1.194539032E1,-9.336939348E1
1.733557808E1,6.525988178E-1,2.132706399E-1,-3.652359912E-1,-6.286756607E-1,9.852434123E1,4.895317082E1,-1.203733532E1,-9.335648391E1
1.734554808E1,6.532563152E-1,2.115615114E-1,-3.644386045E-1,-6.290328908E-1,9.842486719E1,4.873385732E1,-1.212149322E1,-9.334197942E1
1.735551708E1,6.538783356E-1,2.098414195E-1,-3.635939764E-1,-6.294513919E-1,9.833069192E1,4.850967967E1,-1.219986544E1,-9.333260312E1
1.736548708E1,6.544296532E-1,2.080711202E-1,-3.627349446E-1,-6.299616691E-1,9.824716524E1,4.828122755E1,-1.227566249E1,-9.333575785E1
1.737545608E1,6.549174042E-1,2.062396710E-1,-3.618802908E-1,-6.305482413E-1,9.817322520E1,4.804939002E1,-1.235189682E1,-9.335083899E1
1.738542608E1,6.554001265E-1,2.043554382E-1,-3.610246413E-1,-6.311502945E-1,9.810000673E1,4.781355752E1,-1.243155590E1,-9.336844466E1
1.739539508E1,6.559294752E-1,2.024069314E-1,-3.601870727E-1,-6.317065644E-1,9.801966938E1,4.757398291E1,-1.252062614E1,-9.338117834E1
1.740536508E1,6.563773842E-1,2.002675153E-1,-3.594691433E-1,-6.323317984E-1,9.795165357E1,4.733232718E1,-1.262821476E1,-9.341478949E1
1.741533508E1,6.568555797E-1,1.979975914E-1,-3.588359501E-1,-6.329094658E-1,9.787899992E1,4.708845595E1,-1.275471471E1,-9.344898287E1
1.742530408E1,6.572777700E-1,1.955797742E-1,-3.583079555E-1,-6.335217278E-1,9.781482195E1,4.684422435E1,-1.289750301E1,-9.349766846E1
1.743527383E1,6.576265101E-1,1.930584654E-1,-3.578489342E-1,-6.341922670E-1,9.776178562E1,4.659992504E1,-1.304930910E1,-9.356124586E1
1.744524283E1,6.580183941E-1,1.905113786E-1,-3.574070508E-1,-6.348049953E-1,9.770216240E1,4.635495954E1,-1.320793365E1,-9.361797548E1
1.745521283E1,6.583111646E-1,1.878346955E-1,-3.570348309E-1,-6.355082391E-1,9.765760112E1,4.610846293E1,-1.337591930E1,-9.369453677E1
1.746518183E1,6.585978633E-1,1.850996916E-1,-3.567179393E-1,-6.361912552E-1,9.761394931E1,4.586325726E1,-1.355329498E1,-9.377316463E1
1.747515183E1,6.587656802E-1,1.823120622E-1,-3.564704899E-1,-6.369606999E-1,9.758839130E1,4.562290271E1,-1.373371564E1,-9.387100721E1
1.748512083E1,6.587327325E-1,1.795471183E-1,-3.562941317E-1,-6.378781413E-1,9.759340952E1,4.539471462E1,-1.390701261E1,-9.399741750E1
1.749509083E1,6.586452185E-1,1.769806755E-1,-3.561054350E-1,-6.387904691E-1,9.760673775E1,4.518188897E1,-1.406291149E1,-9.412215096E1
1.750505983E1,6.584095215E-1,1.746271112E-1,-3.558776312E-1,-6.398073158E-1,9.764262725E1,4.498435237E1,-1.419194160E1,-9.425935706E1
1.751502983E1,6.581650151E-1,1.726106374E-1,-3.554958651E-1,-6.408174618E-1,9.767984777E1,4.479815552E1,-1.428386159E1,-9.438229276E1
1.752499983E1,6.579005002E-1,1.709309801E-1,-3.549347009E-1,-6.418496395E-1,9.772010223E1,4.462083464E1,-1.433550586E1,-9.449306688E1
1.753496883E1,6.575794933E-1,1.695126965E-1,-3.541823796E-1,-6.429692448E-1,9.776893717E1,4.444599003E1,-1.434873996E1,-9.460071671E1
1.754493883E1,6.571898727E-1,1.682786052E-1,-3.532604489E-1,-6.441977563E-1,9.782818597E1,4.426998704E1,-1.433015522E1,-9.471058282E1
1.755490783E1,6.568033170E-1,1.672023432E-1,-3.521809838E-1,-6.454622309E-1,9.788694231E1,4.409079102E1,-1.428715006E1,-9.481282064E1
1.756487783E1,6.564008244E-1,1.661894596E-1,-3.509924111E-1,-6.467792258E-1,9.794809316E1,4.390620881E1,-1.422956752E1,-9.491434892E1
1.757484683E1,6.559524129E-1,1.651453979E-1,-3.497819958E-1,-6.481557952E-1,9.801618709E1,4.371800994E1,-1.417006163E1,-9.502389874E1
1.758481683E1,6.555605615E-1,1.640680928E-1,-3.485980381E-1,-6.494623175E-1,9.807566326E1,4.352904438E1,-1.411932751E1,-9.512580387E1
1.759478583E1,6.551735229E-1,1.629342162E-1,-3.475123353E-1,-6.507190142E-1,9.813438263E1,4.334531780E1,-1.408215780E1,-9.522913901E1
1.760475583E1,6.548930557E-1,1.618473965E-1,-3.465208096E-1,-6.518004401E-1,9.817691727E1,4.317259452E1,-1.405680348E1,-9.531402205E1
1.761472583E1,6.546212523E-1,1.608073492E-1,-3.456123237E-1,-6.528125107E-1,9.821812493E1,4.301134023E1,-1.403628012E1,-9.539558886E1
1.762469483E1,6.543323113E-1,1.597990596E-1,-3.447708724E-1,-6.537940088E-1,9.826191674E1,4.285928455E1,-1.401867305E1,-9.547840216E1
1.763466483E1,6.540906716E-1,1.588574674E-1,-3.439465117E-1,-6.546988712E-1,9.829852845E1,4.271319709E1,-1.400088013E1,-9.555109422E1
1.764463383E1,6.537633614E-1,1.579081623E-1,-3.431538032E-1,-6.556705224E-1,9.834810430E1,4.257101680E1,-1.398166090E1,-9.563707682E1
1.765460383E1,6.534291800E-1,1.569797305E-1,-3.423844757E-1,-6.566280557E-1,9.839870178E1,4.243283380E1,-1.396289187E1,-9.572314124E1
1.766457283E1,6.530941217E-1,1.560693902E-1,-3.416618364E-1,-6.575543501E-1,9.844941269E1,4.230058329E1,-1.394713083E1,-9.580854760E1
1.767454283E1,6.526694941E-1,1.551266916E-1,-3.410059893E-1,-6.585386035E-1,9.851365205E1,4.217383033E1,-1.393462271E1,-9.590883642E1
1.768451183E1,6.523657780E-1,1.542360128E-1,-3.403845235E-1,-6.593698295E-1,9.855958042E1,4.205240753E1,-1.392864266E1,-9.598845224E1
1.769448183E1,6.520472657E-1,1.532981822E-1,-3.398564024E-1,-6.601754751E-1,9.860772927E1,4.193674832E1,-1.393361277E1,-9.607214317E1
1.770445083E1,6.517086507E-1,1.522869950E-1,-3.394482102E-1,-6.609535132E-1,9.865889794E1,4.182756895E1,-1.395344545E1,-9.616180150E1
1.771442083E1,6.514405987E-1,1.512666303E-1,-3.391599152E-1,-6.615996224E-1,9.869938979E1,4.172819800E1,-1.398862078E1,-9.624101467E1
1.772439083E1,6.510774661E-1,1.501915380E-1,-3.390369834E-1,-6.622648636E-1,9.875422492E1,4.164232899E1,-1.403682805E1,-9.633707705E1
1.773435983E1,6.507606489E-1,1.491246538E-1,-3.390396597E-1,-6.628155959E-1,9.880204777E1,4.156854077E1,-1.409811157E1,-9.642575952E1
1.774432983E1,6.504292508E-1,1.480019776E-1,-3.392017249E-1,-6.633094278E-1,9.885205326E1,4.150637137E1,-1.417658796E1,-9.651895873E1
1.775429883E1,6.499748571E-1,1.467358968E-1,-3.395621120E-1,-6.638514870E-1,9.892058753E1,4.145494038E1,-1.427593456E1,-9.663658181E1
1.776426883E1,6.495715480E-1,1.454637996E-1,-3.400558413E-1,-6.642734251E-1,9.898138757E1,4.141537844E1,-1.439028937E1,-9.674670078E1
1.777423783E1,6.491082112E-1,1.442124807E-1,-3.406493321E-1,-6.646948679E-1,9.905120296E1,4.138828544E1,-1.450840156E1,-9.686522748E1
1.778420783E1,6.487927078E-1,1.431011947E-1,-3.412098431E-1,-6.649555804E-1,9.909872211E1,4.136611443E1,-1.462177065E1,-9.695572140E1
1.779417683E1,6.485464912E-1,1.420330882E-1,-3.417339602E-1,-6.651555197E-1,9.913579405E1,4.134262959E1,-1.473285353E1,-9.703374959E1
1.780414683E1,6.482316885E-1,1.409085892E-1,-3.422927642E-1,-6.654143514E-1,9.918317787E1,4.131975650E1,-1.484736017E1,-9.712428268E1
1.781411583E1,6.479601179E-1,1.398181976E-1,-3.428962333E-1,-6.655980037E-1,9.922404103E1,4.130319952E1,-1.496569952E1,-9.720687806E1
1.782408583E1,6.476029286E-1,1.387918797E-1,-3.435536399E-1,-6.658214189E-1,9.927776835E1,4.129829618E1,-1.507905027E1,-9.730030110E1
1.783405583E1,6.472437472E-1,1.379448229E-1,-3.441637049E-1,-6.660315690E-1,9.933177374E1,4.130213691E1,-1.517478110E1,-9.738735051E1
1.784402483E1,6.468828682E-1,1.372793452E-1,-3.446596258E-1,-6.662632258E-1,9.938601263E1,4.130830096E1,-1.524698562E1,-9.746777965E1
1.785399483E1,6.464481577E-1,1.367297819E-1,-3.450287585E-1,-6.666070677E-1,9.945131923E1,4.131196222E1,-1.529544295E1,-9.755493686E1
1.786396383E1,6.460845384E-1,1.363184076E-1,-3.452398088E-1,-6.669344407E-1,9.950592158E1,4.130906408E1,-1.532401565E1,-9.762576673E1
1.787393383E1,6.457158647E-1,1.359357669E-1,-3.453497173E-1,-6.673125553E-1,9.956126043E1,4.129850515E1,-1.534154004E1,-9.769599798E1
1.788390283E1,6.453842046E-1,1.355639579E-1,-3.453783244E-1,-6.676941173E-1,9.961102415E1,4.128015958E1,-1.535345987E1,-9.775989648E1
1.789387283E1,6.451522916E-1,1.352318724E-1,-3.453596218E-1,-6.679952354E-1,9.964581055E1,4.125832706E1,-1.536401805E1,-9.780698298E1
1.790384183E1,6.449880150E-1,1.348955932E-1,-3.453239972E-1,-6.682402654E-1,9.967044624E1,4.123335021E1,-1.537731265E1,-9.784381014E1
1.791381183E1,6.448834473E-1,1.345535083E-1,-3.452971707E-1,-6.684239005E-1,9.968612537E1,4.120776375E1,-1.539519698E1,-9.787171729E1
1.792378183E1,6.447127421E-1,1.341938166E-1,-3.453213314E-1,-6.686483851E-1,9.971171745E1,4.118708507E1,-1.541503919E1,-9.791049483E1
1.793375083E1,6.444719071E-1,1.338599292E-1,-3.453750264E-1,-6.689196502E-1,9.974781517E1,4.117243366E1,-1.543148891E1,-9.795912726E1
1.794372083E1,6.442692914E-1,1.336121584E-1,-3.454193965E-1,-6.691415691E-1,9.977817694E1,4.116244938E1,-1.544274635E1,-9.799888596E1
1.795368983E1,6.440388693E-1,1.334202217E-1,-3.454538727E-1,-6.693837923E-1,9.981269723E1,4.115603729E1,-1.544735042E1,-9.804085130E1
1.796365983E1,6.437472486E-1,1.332568184E-1,-3.454860729E-1,-6.696801334E-1,9.985637333E1,4.115256385E1,-1.544614698E1,-9.809112378E1
1.797362883E1,6.435586204E-1,1.332138497E-1,-3.454738713E-1,-6.698762638E-1,9.988461678E1,4.115161705E1,-1.543778084E1,-9.812133111E1
1.798359883E1,6.434197229E-1,1.332276211E-1,-3.454370455E-1,-6.700259509E-1,9.990541027E1,4.115147091E1,-1.542579235E1,-9.814188748E1
1.799356783E1,6.432930386E-1,1.332692622E-1,-3.454203132E-1,-6.701478304E-1,9.992437261E1,4.115508632E1,-1.541406356E1,-9.815965173E1
1.800353783E1,6.432239731E-1,1.333453162E-1,-3.454665273E-1,-6.701751705E-1,9.993470937E1,4.116634149E1,-1.540826961E1,-9.816765709E1
1.801350683E1,6.430923867E-1,1.333976731E-1,-3.456249046E-1,-6.702094820E-1,9.995440120E1,4.118799971E1,-1.541025787E1,-9.818640086E1
1.802347683E1,6.430396755E-1,1.335272325E-1,-3.458328571E-1,-6.701269862E-1,9.996228861E1,4.121870130E1,-1.541497531E1,-9.819057712E1
1.803344683E1,6.429351974E-1,1.336496481E-1,-3.460647280E-1,-6.700831073E-1,9.997792076E1,4.125215500E1,-1.541934689E1,-9.820295566E1
1.804341583E1,6.428002603E-1,1.337424449E-1,-3.462941860E-1,-6.700754195E-1,9.999810759E1,4.128377469E1,-1.542405959E1,-9.822098748E1
1.805338583E1,6.427581425E-1,1.338610356E-1,-3.464965857E-1,-6.699875565E-1,1.000044079E2,4.131296330E1,-1.542974246E1,-9.822391328E1
1.806335483E1,6.427238389E-1,1.339746108E-1,-3.466929584E-1,-6.698960939E-1,1.000095391E2,4.134105836E1,-1.543574425E1,-9.822578426E1
1.807332483E1,6.427314859E-1,1.341439779E-1,-3.468750960E-1,-6.697606576E-1,1.000083952E2,4.137104868E1,-1.543864806E1,-9.821927890E1
1.808329383E1,6.428358402E-1,1.344187332E-1,-3.470049926E-1,-6.695380393E-1,9.999278508E1,4.140180369E1,-1.543455905E1,-9.819413156E1
1.809326383E1,6.429216235E-1,1.347127812E-1,-3.470991170E-1,-6.693478160E-1,9.997995158E1,4.143077808E1,-1.542493377E1,-9.817100745E1
1.810323283E1,6.430474621E-1,1.350209906E-1,-3.471526119E-1,-6.691370937E-1,9.996112349E1,4.145608390E1,-1.541307421E1,-9.814112827E1
1.811320283E1,6.431941898E-1,1.353181154E-1,-3.471693126E-1,-6.689273986E-1,9.993916668E1,4.147661647E1,-1.540014633E1,-9.810832197E1
1.812317283E1,6.433347956E-1,1.355906053E-1,-3.471470907E-1,-6.687483548E-1,9.991812264E1,4.149165875E1,-1.538546994E1,-9.807714493E1
1.813314183E1,6.434996227E-1,1.358548660E-1,-3.470909932E-1,-6.685652360E-1,9.989344934E1,4.150237003E1,-1.536993365E1,-9.804247083E1
1.814311183E1,6.436671881E-1,1.360827224E-1,-3.470406594E-1,-6.683836779E-1,9.986836158E1,4.151097444E1,-1.535782783E1,-9.800867753E1
1.815308083E1,6.438719559E-1,1.363241712E-1,-3.470052665E-1,-6.681557293E-1,9.983769761E1,4.152138937E1,-1.534807987E1,-9.796879389E1
1.816305083E1,6.441335535E-1,1.366110858E-1,-3.469779343E-1,-6.678590656E-1,9.979851334E1,4.153489559E1,-1.533881066E1,-9.791861089E1
1.817301983E1,6.443499051E-1,1.368830595E-1,-3.469778500E-1,-6.675946665E-1,9.976609785E1,4.155080234E1,-1.533044164E1,-9.787592871E1
1.818298983E1,6.446115725E-1,1.371708803E-1,-3.469795359E-1,-6.672820857E-1,9.972688249E1,4.156724896E1,-1.532362256E1,-9.782576413E1
1.819295883E1,6.447748823E-1,1.374051219E-1,-3.470236742E-1,-6.670530268E-1,9.970240196E1,4.158570328E1,-1.531890481E1,-9.779260715E1
1.820292883E1,6.449013262E-1,1.376208611E-1,-3.470860621E-1,-6.668539218E-1,9.968344470E1,4.160526222E1,-1.531505584E1,-9.776580675E1
1.821289783E1,6.450709751E-1,1.378826246E-1,-3.471252270E-1,-6.666152363E-1,9.965800570E1,4.162513053E1,-1.530822428E1,-9.773065067E1
1.822286783E1,6.451806630E-1,1.381284145E-1,-3.471491770E-1,-6.664457843E-1,9.964155538E1,4.164341576E1,-1.529789859E1,-9.770517835E1
1.823283783E1,6.453554907E-1,1.384057197E-1,-3.471337723E-1,-6.662269552E-1,9.961533165E1,4.165900070E1,-1.528557075E1,-9.766848273E1
1.824280683E1,6.455343297E-1,1.386359469E-1,-3.471163446E-1,-6.660149045E-1,9.958850100E1,4.167090519E1,-1.527688057E1,-9.763285284E1
1.825277683E1,6.457357653E-1,1.388347852E-1,-3.471119718E-1,-6.657803415E-1,9.955827388E1,4.168141053E1,-1.527298839E1,-9.759491004E1
1.826274583E1,6.460127517E-1,1.390535695E-1,-3.471237729E-1,-6.654598595E-1,9.951669870E1,4.169363842E1,-1.527330565E1,-9.754477728E1
1.827271583E1,6.462648663E-1,1.392760838E-1,-3.471876886E-1,-6.651350838E-1,9.947884566E1,4.171167428E1,-1.527639183E1,-9.749842698E1
1.828268483E1,6.465651474E-1,1.395721232E-1,-3.472578210E-1,-6.647443555E-1,9.943374695E1,4.173483527E1,-1.527725039E1,-9.744204032E1
1.829265483E1,6.468864065E-1,1.399346493E-1,-3.473018855E-1,-6.643325650E-1,9.938548093E1,4.175994952E1,-1.527210700E1,-9.737996189E1
1.830262383E1,6.471405197E-1,1.403045195E-1,-3.473410926E-1,-6.639863187E-1,9.934729070E1,4.178631442E1,-1.526218733E1,-9.732779151E1
1.831259383E1,6.473882174E-1,1.407136917E-1,-3.473675925E-1,-6.636443807E-1,9.931005425E1,4.181444805E1,-1.524788922E1,-9.727513410E1
1.832256283E1,6.475471703E-1,1.411369830E-1,-3.473889082E-1,-6.633882372E-1,9.928615341E1,4.184468473E1,-1.522701648E1,-9.723548701E1
1.833253283E1,6.477383754E-1,1.416429454E-1,-3.473725236E-1,-6.631022017E-1,9.925739738E1,4.187674421E1,-1.519859594E1,-9.718773015E1
1.834250283E1,6.479841120E-1,1.422356460E-1,-3.473137815E-1,-6.627659337E-1,9.922043115E1,4.191010515E1,-1.516322555E1,-9.712828804E1
1.835247183E1,6.481440678E-1,1.428013410E-1,-3.472618987E-1,-6.625150249E-1,9.919636349E1,4.194369756E1,-1.512557337E1,-9.708292548E1
1.836244183E1,6.483116700E-1,1.433956853E-1,-3.472383070E-1,-6.622350592E-1,9.917114070E1,4.198205756E1,-1.508869419E1,-9.703537418E1
1.837241083E1,6.483694310E-1,1.440329351E-1,-3.472875451E-1,-6.620142743E-1,9.916244705E1,4.203259818E1,-1.504855602E1,-9.700317480E1
1.838238083E1,6.484568613E-1,1.448202909E-1,-3.473286277E-1,-6.617352444E-1,9.914928676E1,4.209288549E1,-1.499827016E1,-9.696078170E1
1.839234983E1,6.484498774E-1,1.456450415E-1,-3.473456761E-1,-6.615522302E-1,9.915033804E1,4.215524915E1,-1.493771872E1,-9.693128435E1
1.840231983E1,6.484819222E-1,1.465251520E-1,-3.472972915E-1,-6.613516824E-1,9.914551428E1,4.221467506E1,-1.486976016E1,-9.689338824E1
1.841228883E1,6.484319288E-1,1.473871183E-1,-3.472342188E-1,-6.612422764E-1,9.915303981E1,4.227278569E1,-1.479718883E1,-9.686856091E1
1.842225883E1,6.484119143E-1,1.483572650E-1,-3.471419066E-1,-6.610935349E-1,9.915605248E1,4.233555441E1,-1.471586921E1,-9.683486034E1
1.843222896E1,6.484087191E-1,1.495005299E-1,-3.470053614E-1,-6.609107783E-1,9.915653344E1,4.240655377E1,-1.461896043E1,-9.679170076E1
1.844219796E1,6.484237411E-1,1.508106225E-1,-3.468120338E-1,-6.606998576E-1,9.915427227E1,4.248413247E1,-1.450598889E1,-9.673899219E1
1.845216796E1,6.484055772E-1,1.522475877E-1,-3.466049979E-1,-6.604967507E-1,9.915700637E1,4.257042743E1,-1.438067316E1,-9.668611527E1
1.846213696E1,6.483011359E-1,1.537369309E-1,-3.464404566E-1,-6.603406401E-1,9.917272614E1,4.266626915E1,-1.425027804E1,-9.664409700E1
1.847210696E1,6.482121264E-1,1.553051519E-1,-3.462974313E-1,-6.601360546E-1,9.918612179E1,4.276991693E1,-1.411703310E1,-9.659625455E1
1.848207596E1,6.480785624E-1,1.568637740E-1,-3.461708327E-1,-6.599649812E-1,9.920622024E1,4.287529271E1,-1.398350800E1,-9.655512564E1
1.849204596E1,6.478013876E-1,1.583340773E-1,-3.460948735E-1,-6.599257175E-1,9.924791940E1,4.298139520E1,-1.385254803E1,-9.653899524E1
1.850201496E1,6.474915832E-1,1.597232901E-1,-3.460477428E-1,-6.599197577E-1,9.929451221E1,4.308483586E1,-1.372823508E1,-9.653069100E1
1.851198496E1,6.471184374E-1,1.609746828E-1,-3.460445291E-1,-6.599833770E-1,9.935060984E1,4.318329150E1,-1.361416268E1,-9.653721677E1
1.852195496E1,6.466821471E-1,1.620775709E-1,-3.461196032E-1,-6.601017115E-1,9.941617090E1,4.327925131E1,-1.351402479E1,-9.655914434E1
1.853192396E1,6.462512627E-1,1.631105586E-1,-3.462650414E-1,-6.601929766E-1,9.948088840E1,4.337672641E1,-1.342542501E1,-9.658293625E1
1.854189396E1,6.457934702E-1,1.641048870E-1,-3.464525106E-1,-6.602961455E-1,9.954961352E1,4.347577619E1,-1.334169596E1,-9.661218495E1
1.855186296E1,6.453855592E-1,1.651131977E-1,-3.466247753E-1,-6.603531419E-1,9.961082094E1,4.357361856E1,-1.325864240E1,-9.663298173E1
1.856183296E1,6.448778161E-1,1.660099984E-1,-3.468236242E-1,-6.605200012E-1,9.968696968E1,4.366718883E1,-1.318005066E1,-9.667328805E1
1.857180196E1,6.443755363E-1,1.668185013E-1,-3.470744822E-1,-6.606748224E-1,9.976225708E1,4.375911134E1,-1.311269138E1,-9.671630029E1
1.858177196E1,6.439340013E-1,1.675859112E-1,-3.473982122E-1,-6.607409133E-1,9.982840494E1,4.385413006E1,-1.305823648E1,-9.675178523E1
1.859174096E1,6.434008062E-1,1.683085189E-1,-3.478225466E-1,-6.608533986E-1,9.990824193E1,4.395689467E1,-1.301017582E1,-9.680301524E1
1.860171096E1,6.429004533E-1,1.691541954E-1,-3.482762574E-1,-6.608854157E-1,9.998311884E1,4.407118056E1,-1.295765328E1,-9.684398449E1
1.861167996E1,6.423702966E-1,1.701603250E-1,-3.487578695E-1,-6.608887368E-1,1.000624110E2,4.420053854E1,-1.289407463E1,-9.688250068E1
1.862164996E1,6.417039233E-1,1.712971308E-1,-3.492832932E-1,-6.609648013E-1,1.001620111E2,4.434579251E1,-1.281655052E1,-9.693568715E1
1.863161996E1,6.410417147E-1,1.726235659E-1,-3.498153655E-1,-6.609808988E-1,1.002609171E2,4.450572151E1,-1.272610918E1,-9.697973466E1
1.864158896E1,6.402964432E-1,1.740470757E-1,-3.503961070E-1,-6.610224865E-1,1.003721439E2,4.467874832E1,-1.262779815E1,-9.703164327E1
1.865155896E1,6.395974917E-1,1.756069622E-1,-3.509971315E-1,-6.609676837E-1,1.004763760E2,4.486323693E1,-1.252424480E1,-9.707008675E1
1.866152796E1,6.389201563E-1,1.773152108E-1,-3.515868555E-1,-6.608532485E-1,1.005773094E2,4.505737833E1,-1.241043447E1,-9.709807081E1
1.867149796E1,6.382288946E-1,1.791687818E-1,-3.521241910E-1,-6.607352906E-1,1.006802419E2,4.525744262E1,-1.228094242E1,-9.712080587E1
1.868146696E1,6.375870574E-1,1.812050331E-1,-3.525581665E-1,-6.605681613E-1,1.007757463E2,4.546041903E1,-1.213269561E1,-9.712683982E1
1.869143696E1,6.368867374E-1,1.833598539E-1,-3.529227157E-1,-6.604544570E-1,1.008798777E2,4.566629692E1,-1.196662778E1,-9.713503737E1
1.870140596E1,6.361721903E-1,1.856790001E-1,-3.532049995E-1,-6.603441903E-1,1.009860441E2,4.587668580E1,-1.178116754E1,-9.713649245E1
1.871137596E1,6.355556412E-1,1.882743977E-1,-3.533678602E-1,-6.601159480E-1,1.010775849E2,4.609503704E1,-1.157228204E1,-9.710912603E1
1.872134596E1,6.348765066E-1,1.910907134E-1,-3.534655355E-1,-6.599077228E-1,1.011783484E2,4.632462837E1,-1.133875876E1,-9.707898788E1
1.873131496E1,6.342719891E-1,1.942136789E-1,-3.534960393E-1,-6.595609016E-1,1.012679797E2,4.657022436E1,-1.108317346E1,-9.702139422E1
1.874128496E1,6.336072200E-1,1.975119912E-1,-3.535468420E-1,-6.591930729E-1,1.013664781E2,4.683224516E1,-1.081407371E1,-9.696219308E1
1.875125396E1,6.328766808E-1,2.009078207E-1,-3.536400129E-1,-6.588185218E-1,1.014746417E2,4.710707044E1,-1.053857367E1,-9.690562643E1
1.876122396E1,6.321750161E-1,2.043803891E-1,-3.537537198E-1,-6.583629183E-1,1.015784516E2,4.739000156E1,-1.026234643E1,-9.683853195E1
1.877119296E1,6.313423972E-1,2.077759974E-1,-3.539202789E-1,-6.580094406E-1,1.017015365E2,4.767419579E1,-9.988622662E0,-9.679195797E1
1.878116296E1,6.305674155E-1,2.111675490E-1,-3.540892930E-1,-6.575818042E-1,1.018160043E2,4.795827710E1,-9.720059307E0,-9.673454825E1
1.879113196E1,6.297889987E-1,2.145090249E-1,-3.543080457E-1,-6.571282685E-1,1.019308861E2,4.824398417E1,-9.459983851E0,-9.667774158E1
1.880110196E1,6.289196673E-1,2.177765542E-1,-3.546321866E-1,-6.567110252E-1,1.020590751E2,4.853569279E1,-9.209089418E0,-9.663570346E1
1.881107096E1,6.280927988E-1,2.210913512E-1,-3.550290097E-1,-6.561800909E-1,1.021808951E2,4.883827854E1,-8.964985588E0,-9.658264562E1
1.882104096E1,6.272976761E-1,2.244919802E-1,-3.554815720E-1,-6.555407877E-1,1.022979396E2,4.915327739E1,-8.723035599E0,-9.651796750E1
1.883101096E1,6.264407661E-1,2.279432065E-1,-3.559523207E-1,-6.549136228E-1,1.024239717E2,4.947519448E1,-8.476274960E0,-9.645692251E1
1.884097996E1,6.256939279E-1,2.315308042E-1,-3.562944109E-1,-6.541827082E-1,1.025337239E2,4.979504247E1,-8.217752685E0,-9.636953807E1
1.885094996E1,6.249937595E-1,2.351953093E-1,-3.564827599E-1,-6.534417917E-1,1.026365412E2,5.010646866E1,-7.945211970E0,-9.626806567E1
1.886091896E1,6.243888192E-1,2.388928155E-1,-3.565342159E-1,-6.526501540E-1,1.027253151E2,5.040744978E1,-7.666404106E0,-9.614788163E1
1.887088896E1,6.239532157E-1,2.426073015E-1,-3.564768962E-1,-6.517272803E-1,1.027892051E2,5.069910358E1,-7.389982811E0,-9.599931561E1
1.888085796E1,6.235392454E-1,2.462355130E-1,-3.563970701E-1,-6.508056169E-1,1.028498958E2,5.098281821E1,-7.120251290E0,-9.584972245E1
1.889082796E1,6.232158460E-1,2.498183902E-1,-3.562479809E-1,-6.498308091E-1,1.028972904E2,5.125684444E1,-6.855133205E0,-9.568699143E1
1.890079696E1,6.230267410E-1,2.533782395E-1,-3.560292387E-1,-6.487529798E-1,1.029249968E2,5.152273448E1,-6.596224778E0,-9.550366202E1
1.891076696E1,6.228162531E-1,2.568310041E-1,-3.558341304E-1,-6.477036141E-1,1.029558297E2,5.178378312E1,-6.346319479E0,-9.532728449E1
1.892073696E1,6.227305211E-1,2.602624109E-1,-3.556106889E-1,-6.465377533E-1,1.029683862E2,5.204095014E1,-6.105545521E0,-9.513182000E1
1.893070596E1,6.227232060E-1,2.636525664E-1,-3.553150814E-1,-6.453326722E-1,1.029694575E2,5.228875411E1,-5.868097282E0,-9.492525176E1
1.894067596E1,6.228048873E-1,2.669777183E-1,-3.549056064E-1,-6.441110030E-1,1.029574945E2,5.252122009E1,-5.632494913E0,-9.470757030E1
1.895064496E1,6.228556097E-1,2.701357448E-1,-3.544459054E-1,-6.429973370E-1,1.029500652E2,5.273669853E1,-5.402060259E0,-9.450255930E1
1.896061496E1,6.228266212E-1,2.730668526E-1,-3.539580925E-1,-6.420553464E-1,1.029543111E2,5.293241117E1,-5.178621270E0,-9.432135428E1
1.897058396E1,6.229345711E-1,2.758752499E-1,-3.533127136E-1,-6.411047967E-1,1.029384989E2,5.310333039E1,-4.959497871E0,-9.412656471E1
1.898055396E1,6.231444697E-1,2.785196697E-1,-3.524999538E-1,-6.402043641E-1,1.029077486E2,5.324526486E1,-4.743651053E0,-9.392612630E1
1.899052296E1,6.233043182E-1,2.808769429E-1,-3.516179046E-1,-6.395034344E-1,1.028843263E2,5.335784598E1,-4.536052618E0,-9.375007608E1
1.900049296E1,6.235165658E-1,2.830253126E-1,-3.506745554E-1,-6.388669366E-1,1.028532201E2,5.344774433E1,-4.339821006E0,-9.357908575E1
1.901046296E1,6.236902582E-1,2.849690594E-1,-3.498016336E-1,-6.383118152E-1,1.028277593E2,5.352807655E1,-4.159746347E0,-9.342625204E1
1.902043196E1,6.238480139E-1,2.867394984E-1,-3.490212241E-1,-6.377918496E-1,1.028046308E2,5.360327742E1,-3.997455090E0,-9.328645304E1
1.903040196E1,6.241118018E-1,2.883764188E-1,-3.482488620E-1,-6.372176923E-1,1.027659486E2,5.366810216E1,-3.851763891E0,-9.313971958E1
1.904037096E1,6.244309673E-1,2.898484870E-1,-3.474759257E-1,-6.366587954E-1,1.027191317E2,5.371917606E1,-3.719979158E0,-9.299552614E1
1.905034096E1,6.248339439E-1,2.913227996E-1,-3.466154398E-1,-6.360592460E-1,1.026599992E2,5.376238483E1,-3.586597639E0,-9.283869174E1
1.906030996E1,6.252444473E-1,2.929742369E-1,-3.456000406E-1,-6.354494723E-1,1.025997370E2,5.380670525E1,-3.429961063E0,-9.266832568E1
1.907027996E1,6.255799589E-1,2.948326337E-1,-3.443824023E-1,-6.349207595E-1,1.025504649E2,5.385074309E1,-3.238175323E0,-9.249411043E1
1.908024896E1,6.260194047E-1,2.970053275E-1,-3.428603716E-1,-6.342982278E-1,1.024859036E2,5.389394699E1,-3.009101311E0,-9.228268740E1
1.909021896E1,6.264878389E-1,2.994287304E-1,-3.410896969E-1,-6.336508381E-1,1.024170512E2,5.393685579E1,-2.746124279E0,-9.204888585E1
1.910018796E1,6.270879524E-1,3.020816440E-1,-3.390778368E-1,-6.328773324E-1,1.023287955E2,5.397861031E1,-2.458858370E0,-9.177895153E1
1.911015796E1,6.277024013E-1,3.048364964E-1,-3.369801803E-1,-6.320669850E-1,1.022383749E2,5.402334225E1,-2.160125200E0,-9.149829575E1
1.912012796E1,6.282016215E-1,3.075828720E-1,-3.349446113E-1,-6.313220487E-1,1.021648686E2,5.407548274E1,-1.860021532E0,-9.123322560E1
1.913009696E1,6.287808715E-1,3.103845363E-1,-3.329140236E-1,-6.304476022E-1,1.020795308E2,5.413497727E1,-1.564229650E0,-9.095104130E1
1.914006696E1,6.293239847E-1,3.131219564E-1,-3.309761292E-1,-6.295719503E-1,1.019994701E2,5.419951415E1,-1.278766418E0,-9.067696648E1
1.915003596E1,6.299287867E-1,3.157529609E-1,-3.291565780E-1,-6.286061184E-1,1.019102625E2,5.426735822E1,-1.015444464E0,-9.039995682E1
1.916000596E1,6.305615794E-1,3.182013302E-1,-3.275610501E-1,-6.275698117E-1,1.018168660E2,5.434113090E1,-7.854195848E-1,-9.013065938E1
1.916997496E1,6.310710575E-1,3.203617553E-1,-3.263097747E-1,-6.266095310E-1,1.017416250E2,5.442192139E1,-5.939301333E-1,-8.989887587E1
1.917994496E1,6.315523083E-1,3.223023513E-1,-3.253518747E-1,-6.256268170E-1,1.016705158E2,5.451063616E1,-4.395469700E-1,-8.968632416E1
1.918991396E1,6.319230214E-1,3.240153412E-1,-3.246687009E-1,-6.247219347E-1,1.016157150E2,5.460448630E1,-3.146855403E-1,-8.950578289E1
1.919988396E1,6.322046671E-1,3.255579651E-1,-3.241691693E-1,-6.238939816E-1,1.015740664E2,5.470007453E1,-2.094287651E-1,-8.935017322E1
1.920985396E1,6.325089351E-1,3.270114618E-1,-3.237546346E-1,-6.230400344E-1,1.015290585E2,5.479566636E1,-1.187704206E-1,-8.919736677E1
1.921982296E1,6.326257075E-1,3.283149930E-1,-3.235327179E-1,-6.223507392E-1,1.015117815E2,5.489533528E1,-3.988198702E-2,-8.908252464E1
1.922979296E1,6.327662100E-1,3.295868802E-1,-3.233946231E-1,-6.216071996E-1,1.014909907E2,5.499997216E1,2.754639883E-2,-8.896628147E1
1.923976196E1,6.328004022E-1,3.307411237E-1,-3.234362543E-1,-6.209370957E-1,1.014859307E2,5.511024781E1,8.008129926E-2,-8.887393676E1
1.924973196E1,6.327804115E-1,3.318085799E-1,-3.236382612E-1,-6.202823997E-1,1.014888891E2,5.522718549E1,1.172352791E-1,-8.879577832E1
1.925970096E1,6.328223891E-1,3.328553242E-1,-3.239115562E-1,-6.195356425E-1,1.014826768E2,5.534880372E1,1.417788166E-1,-8.870994225E1
1.926967096E1,6.328567137E-1,3.338637188E-1,-3.242390902E-1,-6.187861701E-1,1.014775968E2,5.547190487E1,1.596682847E-1,-8.862789442E1
1.927963996E1,6.327720499E-1,3.347846215E-1,-3.246104520E-1,-6.181802999E-1,1.014901265E2,5.559094902E1,1.779422557E-1,-8.856960771E1
1.928960996E1,6.327600980E-1,3.357352710E-1,-3.248765399E-1,-6.175368684E-1,1.014918952E2,5.570336032E1,2.016811793E-1,-8.849827409E1
1.929957996E1,6.328098240E-1,3.367191675E-1,-3.250277423E-1,-6.168703654E-1,1.014845363E2,5.580862009E1,2.327736171E-1,-8.841522229E1
1.930954896E1,6.327715251E-1,3.376116626E-1,-3.251812056E-1,-6.163406091E-1,1.014902042E2,5.590566470E1,2.656666249E-1,-8.835176366E1
1.931951896E1,6.328061665E-1,3.384811323E-1,-3.252566682E-1,-6.157881515E-1,1.014850776E2,5.599364603E1,2.988842661E-1,-8.827934902E1
1.932948796E1,6.328634585E-1,3.392499725E-1,-3.252910205E-1,-6.152878118E-1,1.014765986E2,5.606861985E1,3.290598265E-1,-8.821128846E1
1.933945796E1,6.330560091E-1,3.399391459E-1,-3.252518358E-1,-6.147297638E-1,1.014480981E2,5.612963422E1,3.515784752E-1,-8.812966327E1
1.934942696E1,6.331865609E-1,3.404401935E-1,-3.252789303E-1,-6.143035097E-1,1.014287711E2,5.617905189E1,3.634133525E-1,-8.807161520E1
1.935939696E1,6.332276956E-1,3.407652287E-1,-3.253873333E-1,-6.140235710E-1,1.014226809E2,5.621930488E1,3.659633922E-1,-8.804027592E1
1.936936596E1,6.332671318E-1,3.409670937E-1,-3.255047729E-1,-6.138085509E-1,1.014168419E2,5.624882980E1,3.617729701E-1,-8.801876997E1
1.937933596E1,6.331650963E-1,3.409991707E-1,-3.256760965E-1,-6.138051350E-1,1.014319489E2,5.626724620E1,3.552710620E-1,-8.803108258E1
1.938930596E1,6.330211786E-1,3.409494539E-1,-3.258300425E-1,-6.138994037E-1,1.014532540E2,5.627641547E1,3.496609993E-1,-8.805585379E1
1.939927496E1,6.329950351E-1,3.409023278E-1,-3.259118976E-1,-6.139090257E-1,1.014571238E2,5.627936908E1,3.417602205E-1,-8.806332675E1
1.940924496E1,6.329622745E-1,3.407679716E-1,-3.260190691E-1,-6.139605838E-1,1.014619730E2,5.627643335E1,3.277716037E-1,-8.807859937E1
1.941921396E1,6.330543344E-1,3.406168106E-1,-3.260836605E-1,-6.139151383E-1,1.014483460E2,5.626811897E1,3.072376820E-1,-8.807703429E1
1.942918396E1,6.332193676E-1,3.404417299E-1,-3.261330171E-1,-6.138158542E-1,1.014239139E2,5.625621314E1,2.812991605E-1,-8.806675367E1
1.943915250E1,6.333555401E-1,3.402225591E-1,-3.262096052E-1,-6.137561360E-1,1.014037512E2,5.624262607E1,2.529069787E-1,-8.806408115E1
1.944912250E1,6.335868163E-1,3.400516075E-1,-3.262246555E-1,-6.136041802E-1,1.013695002E2,5.622802712E1,2.252242069E-1,-8.804382665E1
1.945909150E1,6.337312266E-1,3.398490728E-1,-3.262723849E-1,-6.135418720E-1,1.013481094E2,5.621339927E1,1.996919693E-1,-8.803863374E1
1.946906150E1,6.338917962E-1,3.396698769E-1,-3.263438956E-1,-6.134372734E-1,1.013243211E2,5.620310654E1,1.718239983E-1,-8.802927264E1
1.947903050E1,6.340333760E-1,3.395197518E-1,-3.264920819E-1,-6.132951035E-1,1.013033428E2,5.620244300E1,1.396785846E-1,-8.802037058E1
1.948900050E1,6.340141867E-1,3.393593870E-1,-3.267863894E-1,-6.132469422E-1,1.013061863E2,5.621399051E1,1.058711417E-1,-8.803564492E1
1.949897050E1,6.339975822E-1,3.392753804E-1,-3.270932685E-1,-6.131470528E-1,1.013086468E2,5.623382914E1,7.441099331E-2,-8.804460833E1
1.950893950E1,6.338853346E-1,3.391914180E-1,-3.274489938E-1,-6.131197101E-1,1.013252785E2,5.625808905E1,4.581701468E-2,-8.806746154E1
1.951890950E1,6.337148078E-1,3.390904447E-1,-3.278354699E-1,-6.131452517E-1,1.013505416E2,5.628355566E1,1.804865960E-2,-8.810008979E1
1.952887850E1,6.336295625E-1,3.390341194E-1,-3.281735890E-1,-6.130835731E-1,1.013631687E2,5.630884777E1,-9.653002905E-3,-8.811684955E1
1.953884850E1,6.335065009E-1,3.389360407E-1,-3.285345376E-1,-6.130716804E-1,1.013813955E2,5.633232475E1,-3.858038360E-2,-8.814235433E1
1.954881750E1,6.335140044E-1,3.388742886E-1,-3.288447453E-1,-6.129317516E-1,1.013802842E2,5.635461597E1,-7.115451661E-2,-8.814606474E1
1.955878750E1,6.334481473E-1,3.387199597E-1,-3.292395220E-1,-6.128732755E-1,1.013900375E2,5.637594036E1,-1.104381491E-1,-8.816763061E1
1.956875650E1,6.333926326E-1,3.385119127E-1,-3.296690508E-1,-6.128146564E-1,1.013982585E2,5.639542474E1,-1.564046667E-1,-8.819183788E1
1.957872650E1,6.333820755E-1,3.383143720E-1,-3.300972190E-1,-6.127042521E-1,1.013998219E2,5.641579334E1,-2.052347654E-1,-8.820870819E1
1.958869650E1,6.332934328E-1,3.381145495E-1,-3.305598270E-1,-6.126566762E-1,1.014129476E2,5.643911362E1,-2.513266235E-1,-8.823705781E1
1.959866550E1,6.333120347E-1,3.380033892E-1,-3.309482293E-1,-6.124890431E-1,1.014101933E2,5.646396993E1,-2.945158249E-1,-8.824296218E1
1.960863550E1,6.333390054E-1,3.378618802E-1,-3.313277838E-1,-6.123339459E-1,1.014061996E2,5.648521230E1,-3.390223392E-1,-8.824999422E1
1.961860450E1,6.332957555E-1,3.375993889E-1,-3.317574294E-1,-6.122907948E-1,1.014126037E2,5.649978936E1,-3.886486993E-1,-8.827658808E1
1.962857450E1,6.332494137E-1,3.372957644E-1,-3.322178403E-1,-6.122565518E-1,1.014194653E2,5.651338074E1,-4.429249590E-1,-8.830681657E1
1.963854350E1,6.330682264E-1,3.369354939E-1,-3.327770017E-1,-6.123385255E-1,1.014462895E2,5.653078954E1,-4.987044885E-1,-8.836094064E1
1.964851350E1,6.328904154E-1,3.366000356E-1,-3.333351218E-1,-6.124034672E-1,1.014726089E2,5.655049277E1,-5.534371140E-1,-8.841266561E1
1.965848250E1,6.326566361E-1,3.362088992E-1,-3.338934126E-1,-6.125555659E-1,1.015072051E2,5.656515132E1,-6.065731790E-1,-8.847671392E1
1.966845250E1,6.324575442E-1,3.357635019E-1,-3.343887961E-1,-6.127351859E-1,1.015366614E2,5.656912845E1,-6.592145277E-1,-8.853988032E1
1.967842250E1,6.323691932E-1,3.352787104E-1,-3.347943515E-1,-6.128704042E-1,1.015497312E2,5.656129006E1,-7.140654392E-1,-8.858997294E1
1.968839150E1,6.323635416E-1,3.347599701E-1,-3.351313967E-1,-6.129756910E-1,1.015505672E2,5.654408170E1,-7.706689969E-1,-8.863063475E1
1.969836150E1,6.324144497E-1,3.342024577E-1,-3.353938812E-1,-6.130837608E-1,1.015430365E2,5.651650632E1,-8.266735257E-1,-8.866598130E1
1.970833050E1,6.324825742E-1,3.335881618E-1,-3.356097629E-1,-6.132299109E-1,1.015329584E2,5.647948467E1,-8.825145763E-1,-8.870311335E1
1.971830050E1,6.326396041E-1,3.329875063E-1,-3.357446957E-1,-6.133204515E-1,1.015097253E2,5.643631099E1,-9.370963335E-1,-8.872620882E1
1.972826950E1,6.327175382E-1,3.323391106E-1,-3.359199088E-1,-6.134958200E-1,1.014981932E2,5.639254294E1,-9.916976616E-1,-8.876434273E1
1.973823950E1,6.328313380E-1,3.316928035E-1,-3.360730135E-1,-6.136442579E-1,1.014813524E2,5.634697452E1,-1.046984003E0,-8.879699734E1
1.974820850E1,6.329210555E-1,3.309885565E-1,-3.362282978E-1,-6.138469552E-1,1.014680739E2,5.629637065E1,-1.103545008E0,-8.883746582E1
1.975817850E1,6.331083100E-1,3.302587293E-1,-3.363430339E-1,-6.139839786E-1,1.014403557E2,5.623967830E1,-1.165247430E0,-8.886557425E1
1.976814850E1,6.332407703E-1,3.294295510E-1,-3.365137520E-1,-6.141992298E-1,1.014207451E2,5.617913266E1,-1.232968673E0,-8.890902175E1
1.977811750E1,6.334071430E-1,3.285878270E-1,-3.367007246E-1,-6.143761853E-1,1.013961098E2,5.611898667E1,-1.305552425E0,-8.894834489E1
1.978808750E1,6.336052240E-1,3.277785624E-1,-3.368795567E-1,-6.145060911E-1,1.013667737E2,5.606111368E1,-1.378293957E0,-8.898042475E1
1.979805650E1,6.338050303E-1,3.270124714E-1,-3.370625461E-1,-6.146079719E-1,1.013371759E2,5.600764823E1,-1.449447378E0,-8.900888859E1
1.980802650E1,6.339485015E-1,3.262839762E-1,-3.372695161E-1,-6.147336505E-1,1.013159193E2,5.595995791E1,-1.516654818E0,-8.904257296E1
1.981799550E1,6.341640576E-1,3.256818022E-1,-3.374103086E-1,-6.147532738E-1,1.012839766E2,5.591767474E1,-1.576925792E0,-8.905620243E1
1.982796550E1,6.343080451E-1,3.251012728E-1,-3.375400775E-1,-6.148408412E-1,1.012626353E2,5.587650049E1,-1.629579495E0,-8.907856539E1
1.983793450E1,6.345320608E-1,3.246091899E-1,-3.376065615E-1,-6.148330387E-1,1.012294261E2,5.583748120E1,-1.678058851E0,-8.908258914E1
1.984790450E1,6.348156360E-1,3.242005294E-1,-3.376306319E-1,-6.147427490E-1,1.011873762E2,5.580208642E1,-1.722946611E0,-8.907170227E1
1.985787450E1,6.350594213E-1,3.238120046E-1,-3.376725832E-1,-6.146727773E-1,1.011512165E2,5.577023219E1,-1.765416891E0,-8.906506611E1
1.986784350E1,6.352705770E-1,3.234583965E-1,-3.377356731E-1,-6.146060167E-1,1.011198889E2,5.574354507E1,-1.805581047E0,-8.906052141E1
1.987781350E1,6.354722062E-1,3.231856103E-1,-3.378005489E-1,-6.145054556E-1,1.010899682E2,5.572438521E1,-1.841062824E0,-8.905135546E1
1.988778250E1,6.355787502E-1,3.229692481E-1,-3.379103217E-1,-6.144487293E-1,1.010741550E2,5.571462938E1,-1.870532489E0,-8.905185121E1
1.989775250E1,6.357224051E-1,3.228752297E-1,-3.380029493E-1,-6.142984995E-1,1.010528310E2,5.571434074E1,-1.895034263E0,-8.903784962E1
1.990772150E1,6.357727541E-1,3.227882511E-1,-3.381647385E-1,-6.142030533E-1,1.010453564E2,5.572119699E1,-1.918437538E0,-8.903693531E1
1.991769150E1,6.358957932E-1,3.228091112E-1,-3.383041208E-1,-6.139878811E-1,1.010270890E2,5.573565483E1,-1.939865393E0,-8.901743033E1
1.992766050E1,6.360386164E-1,3.229384822E-1,-3.384265350E-1,-6.137043718E-1,1.010058813E2,5.575836734E1,-1.955722755E0,-8.898700668E1
1.993763050E1,6.361682417E-1,3.231540476E-1,-3.385346575E-1,-6.133968868E-1,1.009866306E2,5.578761987E1,-1.964863841E0,-8.895212543E1
1.994760050E1,6.363551155E-1,3.234710426E-1,-3.385918000E-1,-6.130044206E-1,1.009588731E2,5.582131487E1,-1.968548289E0,-8.890136295E1
1.995756950E1,6.364287316E-1,3.237610458E-1,-3.387083874E-1,-6.127102923E-1,1.009479369E2,5.585821843E1,-1.970449272E0,-8.886907276E1
1.996753950E1,6.365443443E-1,3.240695785E-1,-3.388196373E-1,-6.123655693E-1,1.009307601E2,5.589625670E1,-1.974192627E0,-8.882928266E1
1.997750850E1,6.365670707E-1,3.242850372E-1,-3.390377012E-1,-6.121069891E-1,1.009273834E2,5.593579305E1,-1.985478224E0,-8.880991476E1
1.998747850E1,6.365032696E-1,3.243970180E-1,-3.393789675E-1,-6.119249898E-1,1.009368629E2,5.597738232E1,-2.006814587E0,-8.881090276E1
1.999744750E1,6.363819841E-1,3.244310437E-1,-3.398293777E-1,-6.117830261E-1,1.009548817E2,5.602200646E1,-2.037854714E0,-8.882604172E1
2.000741750E1,6.361163233E-1,3.243828593E-1,-3.404232795E-1,-6.117545861E-1,1.009943413E2,5.607262582E1,-2.075260302E0,-8.886835830E1
2.001738650E1,6.358167633E-1,3.243633388E-1,-3.410455421E-1,-6.117298683E-1,1.010388227E2,5.612857861E1,-2.111223326E0,-8.891349898E1
2.002735650E1,6.355230314E-1,3.243775633E-1,-3.416246188E-1,-6.117043800E-1,1.010824249E2,5.618366738E1,-2.141887009E0,-8.895524051E1
2.003732650E1,6.351634713E-1,3.243603845E-1,-3.421669051E-1,-6.117838321E-1,1.011357802E2,5.623269941E1,-2.165548910E0,-8.900890216E1
2.004729550E1,6.348467523E-1,3.243566177E-1,-3.426235399E-1,-6.118590497E-1,1.011827614E2,5.627502430E1,-2.183831350E0,-8.905531018E1
2.005726550E1,6.344827773E-1,3.243525584E-1,-3.430527766E-1,-6.119981291E-1,1.012367328E2,5.631492299E1,-2.195873389E0,-8.910857974E1
2.006723450E1,6.341185344E-1,3.243994435E-1,-3.434347778E-1,-6.121366335E-1,1.012907231E2,5.635512017E1,-2.200879589E0,-8.915809822E1
2.007720450E1,6.338530547E-1,3.245398537E-1,-3.437293652E-1,-6.121717385E-1,1.013300610E2,5.639555087E1,-2.200673964E0,-8.918624379E1
2.008717350E1,6.335041914E-1,3.246042508E-1,-3.440508647E-1,-6.123181284E-1,1.013817376E2,5.643175440E1,-2.200308818E0,-8.923216171E1
2.009714350E1,6.332682678E-1,3.246562205E-1,-3.443118353E-1,-6.123880776E-1,1.014166737E2,5.646103406E1,-2.203699022E0,-8.926258749E1
2.010711250E1,6.330915296E-1,3.246006209E-1,-3.445525860E-1,-6.124647592E-1,1.014428398E2,5.647858536E1,-2.215249479E0,-8.929237353E1
2.011708250E1,6.328064971E-1,3.243478781E-1,-3.448630278E-1,-6.127184345E-1,1.014850287E2,5.648495958E1,-2.234831660E0,-8.935255430E1
2.012705250E1,6.325146848E-1,3.239760533E-1,-3.451627394E-1,-6.130476732E-1,1.015282079E2,5.647962305E1,-2.258925310E0,-8.942254626E1
2.013702150E1,6.323126842E-1,3.235657953E-1,-3.453815243E-1,-6.133494776E-1,1.015580899E2,5.646319057E1,-2.284438729E0,-8.948231289E1
2.014699150E1,6.320405262E-1,3.230652020E-1,-3.456091324E-1,-6.137653563E-1,1.015983404E2,5.643960727E1,-2.309960660E0,-8.955887047E1
2.015696050E1,6.318844057E-1,3.226213891E-1,-3.457475493E-1,-6.140816348E-1,1.016214244E2,5.641270772E1,-2.333341123E0,-8.961437726E1
2.016693050E1,6.316905216E-1,3.221699437E-1,-3.458726938E-1,-6.144473937E-1,1.016500869E2,5.638400657E1,-2.352999182E0,-8.967583417E1
2.017689950E1,6.314908529E-1,3.217247294E-1,-3.459728097E-1,-6.148294740E-1,1.016795984E2,5.635360548E1,-2.369605956E0,-8.973764278E1
2.018686950E1,6.313525329E-1,3.213008045E-1,-3.460341874E-1,-6.151586350E-1,1.017000388E2,5.632143442E1,-2.386325258E0,-8.978894569E1
2.019683850E1,6.311642688E-1,3.208209376E-1,-3.461365449E-1,-6.155445677E-1,1.017278550E2,5.628817792E1,-2.405918937E0,-8.985154425E1
2.020680850E1,6.309421437E-1,3.202827975E-1,-3.462693589E-1,-6.159777642E-1,1.017606671E2,5.625263842E1,-2.428790701E0,-8.992327790E1
2.021677850E1,6.307528445E-1,3.197371578E-1,-3.463837941E-1,-6.163906104E-1,1.017886242E2,5.621470356E1,-2.452960681E0,-8.999072304E1
2.022674750E1,6.304745073E-1,3.190561477E-1,-3.465482946E-1,-6.169355685E-1,1.018297210E2,5.616955029E1,-2.482001948E0,-9.008088772E1
2.023671750E1,6.302209124E-1,3.182743829E-1,-3.467274859E-1,-6.174975098E-1,1.018671541E2,5.611678614E1,-2.519680493E0,-9.017470632E1
2.024668650E1,6.299215196E-1,3.173825885E-1,-3.469673950E-1,-6.181267438E-1,1.019113347E2,5.606007001E1,-2.565366035E0,-9.028298728E1
2.025665650E1,6.297245582E-1,3.164974797E-1,-3.471929056E-1,-6.186545580E-1,1.019403923E2,5.600253674E1,-2.617412659E0,-9.037583979E1
2.026662550E1,6.295449247E-1,3.155970123E-1,-3.474662279E-1,-6.191437180E-1,1.019668882E2,5.594820051E1,-2.676192319E0,-9.046709969E1
2.027659550E1,6.293265727E-1,3.146912330E-1,-3.478472368E-1,-6.196125908E-1,1.019990885E2,5.590370272E1,-2.742404732E0,-9.056415496E1
2.028656450E1,6.292417542E-1,3.139121485E-1,-3.482583371E-1,-6.198631307E-1,1.020115947E2,5.587311045E1,-2.815056484E0,-9.063265353E1
2.029653450E1,6.292554628E-1,3.132397469E-1,-3.486869614E-1,-6.199482144E-1,1.020095735E2,5.585348399E1,-2.891312427E0,-9.067907738E1
2.030650350E1,6.292596050E-1,3.125371511E-1,-3.492009501E-1,-6.200092312E-1,1.020089627E2,5.583929899E1,-2.976379791E0,-9.072897466E1
2.031647350E1,6.293504101E-1,3.117397867E-1,-3.498065463E-1,-6.199770945E-1,1.019955736E2,5.582519126E1,-3.081634013E0,-9.077305508E1
2.032644350E1,6.293825948E-1,3.107252738E-1,-3.506013055E-1,-6.200049269E-1,1.019908277E2,5.580996190E1,-3.211523733E0,-9.084100736E1
2.033641250E1,6.294765240E-1,3.095721585E-1,-3.515190729E-1,-6.199668001E-1,1.019769760E2,5.579413196E1,-3.365029538E0,-9.090968637E1
2.034638250E1,6.295361404E-1,3.082903384E-1,-3.525882620E-1,-6.199377824E-1,1.019681838E2,5.578164410E1,-3.536963009E0,-9.099216356E1
2.035635150E1,6.295531035E-1,3.069618276E-1,-3.537671937E-1,-6.199080909E-1,1.019656820E2,5.577595047E1,-3.718483376E0,-9.108377749E1
2.036632150E1,6.295202279E-1,3.056570850E-1,-3.549834700E-1,-6.198909803E-1,1.019705306E2,5.577651044E1,-3.898571126E0,-9.118059772E1
2.037629050E1,6.294720719E-1,3.043895949E-1,-3.561808699E-1,-6.198765904E-1,1.019776326E2,5.577907592E1,-4.073944802E0,-9.127664975E1
2.038626050E1,6.293098032E-1,3.030615556E-1,-3.574416850E-1,-6.199663665E-1,1.020015612E2,5.578329422E1,-4.249924146E0,-9.139314437E1
2.039623050E1,6.292134111E-1,3.017217100E-1,-3.587362649E-1,-6.199699513E-1,1.020157735E2,5.578997887E1,-4.434912166E0,-9.150059373E1
2.040619950E1,6.290213018E-1,3.002721745E-1,-3.601677616E-1,-6.200387389E-1,1.020440944E2,5.580114178E1,-4.631425717E0,-9.162916951E1
2.041616950E1,6.289076591E-1,2.988313897E-1,-3.616383020E-1,-6.199940780E-1,1.020608450E2,5.581711704E1,-4.837315052E0,-9.174540346E1
2.042613850E1,6.287834490E-1,2.974177291E-1,-3.631252560E-1,-6.199306503E-1,1.020791509E2,5.583770748E1,-5.042667282E0,-9.186092840E1
2.043610833E1,6.287197776E-1,2.961685123E-1,-3.644842232E-1,-6.197958100E-1,1.020885338E2,5.586053986E1,-5.232005792E0,-9.195608002E1
2.044607733E1,6.288421777E-1,2.951659389E-1,-3.655375414E-1,-6.195294364E-1,1.020704959E2,5.587481297E1,-5.393931733E0,-9.200713375E1
2.045604733E1,6.289928207E-1,2.942322519E-1,-3.662851080E-1,-6.193792991E-1,1.020482926E2,5.586580747E1,-5.526071121E0,-9.204917186E1
2.046601633E1,6.291937884E-1,2.932983567E-1,-3.667252106E-1,-6.193575398E-1,1.020186666E2,5.582720967E1,-5.633763342E0,-9.208361386E1
2.047598633E1,6.292758022E-1,2.923019157E-1,-3.669743459E-1,-6.195976965E-1,1.020065745E2,5.576570541E1,-5.718265675E0,-9.213927445E1
2.048595633E1,6.292220936E-1,2.913144097E-1,-3.670862511E-1,-6.200508729E-1,1.020144934E2,5.569264157E1,-5.779368752E0,-9.221372310E1
2.049592533E1,6.291121664E-1,2.904158363E-1,-3.670667818E-1,-6.205952498E-1,1.020306998E2,5.561495570E1,-5.819274901E0,-9.229008583E1
2.050589533E1,6.289210967E-1,2.895470554E-1,-3.669837605E-1,-6.212436972E-1,1.020588644E2,5.553423837E1,-5.845659370E0,-9.237600378E1
2.051586433E1,6.287364441E-1,2.886640341E-1,-3.668692501E-1,-6.219087396E-1,1.020860779E2,5.544935500E1,-5.870637418E0,-9.246174427E1
2.052583433E1,6.286578583E-1,2.877152638E-1,-3.666733963E-1,-6.225429894E-1,1.020976579E2,5.535062158E1,-5.900083318E0,-9.253632300E1
2.053580333E1,6.286723241E-1,2.865889788E-1,-3.663921451E-1,-6.232130727E-1,1.020955264E2,5.522828130E1,-5.938978164E0,-9.260899410E1
2.054577333E1,6.288859547E-1,2.852874051E-1,-3.660019022E-1,-6.238237501E-1,1.020640439E2,5.507972234E1,-5.993105707E0,-9.266412358E1
2.055574233E1,6.291608047E-1,2.837594949E-1,-3.655869691E-1,-6.244864989E-1,1.020235293E2,5.490955470E1,-6.062775434E0,-9.272488809E1
2.056571233E1,6.295035424E-1,2.821244211E-1,-3.651129725E-1,-6.251589945E-1,1.019729914E2,5.472454000E1,-6.138637484E0,-9.278227773E1
2.057568233E1,6.300243523E-1,2.805668053E-1,-3.644760862E-1,-6.257066072E-1,1.018961615E2,5.452957377E1,-6.208832708E0,-9.280807380E1
2.058565133E1,6.305967164E-1,2.790964098E-1,-3.637013613E-1,-6.262382377E-1,1.018116782E2,5.432857026E1,-6.265516816E0,-9.282008509E1
2.059562133E1,6.312801519E-1,2.777749612E-1,-3.627551408E-1,-6.266857707E-1,1.017107338E2,5.412308728E1,-6.306381128E0,-9.280568670E1
2.060559033E1,6.320881865E-1,2.766056153E-1,-3.616797455E-1,-6.270100533E-1,1.015912925E2,5.391735654E1,-6.335952279E0,-9.276284832E1
2.061556033E1,6.328924118E-1,2.755125131E-1,-3.605386855E-1,-6.273371338E-1,1.014723134E2,5.371187958E1,-6.354858260E0,-9.271518153E1
2.062552933E1,6.336690435E-1,2.744530783E-1,-3.592811816E-1,-6.277389279E-1,1.013573207E2,5.349840967E1,-6.359183602E0,-9.266892953E1
2.063549933E1,6.345830460E-1,2.734288177E-1,-3.578356790E-1,-6.280881508E-1,1.012218667E2,5.326928545E1,-6.354407066E0,-9.259987893E1
2.064546833E1,6.353707551E-1,2.721540810E-1,-3.564164734E-1,-6.286521754E-1,1.011050238E2,5.302274337E1,-6.357554088E0,-9.256471097E1
2.065543833E1,6.361436473E-1,2.705958277E-1,-3.550891849E-1,-6.292939843E-1,1.009902833E2,5.276161717E1,-6.384887272E0,-9.254903353E1
2.066540833E1,6.368079505E-1,2.686899367E-1,-3.539633688E-1,-6.300725364E-1,1.008915878E2,5.249160469E1,-6.443597350E0,-9.257036187E1
2.067537733E1,6.373465029E-1,2.664440865E-1,-3.531027433E-1,-6.309640265E-1,1.008115234E2,5.221962589E1,-6.538125680E0,-9.263038560E1
2.068534733E1,6.377609944E-1,2.639127811E-1,-3.525432518E-1,-6.319210777E-1,1.007498712E2,5.195380408E1,-6.668954350E0,-9.272507936E1
2.069531633E1,6.380240687E-1,2.611491753E-1,-3.522888482E-1,-6.329446625E-1,1.007107268E2,5.169935882E1,-6.831598880E0,-9.285487654E1
2.070528633E1,6.382604919E-1,2.582352792E-1,-3.522487560E-1,-6.339234172E-1,1.006755386E2,5.145385614E1,-7.021982825E0,-9.299611351E1
2.071525533E1,6.385587678E-1,2.552582313E-1,-3.523141731E-1,-6.347918504E-1,1.006311316E2,5.121363240E1,-7.231284024E0,-9.313026576E1
2.072522533E1,6.388553249E-1,2.522542199E-1,-3.524285544E-1,-6.356303079E-1,1.005869664E2,5.097675250E1,-7.447683955E0,-9.326441345E1
2.073519433E1,6.392504529E-1,2.493541216E-1,-3.525037181E-1,-6.363352127E-1,1.005280993E2,5.074469792E1,-7.662103817E0,-9.337601734E1
2.074516433E1,6.396841632E-1,2.466300443E-1,-3.525247072E-1,-6.369490201E-1,1.004634552E2,5.052217826E1,-7.864303717E0,-9.346993014E1
2.075513433E1,6.402626766E-1,2.442558439E-1,-3.523811814E-1,-6.373619692E-1,1.003771812E2,5.031166307E1,-8.040570600E0,-9.352070614E1
2.076510333E1,6.410742641E-1,2.423149288E-1,-3.519693750E-1,-6.375146173E-1,1.002560572E2,5.010891931E1,-8.182024233E0,-9.351087552E1
2.077507333E1,6.419156240E-1,2.406003265E-1,-3.513532988E-1,-6.376572177E-1,1.001303770E2,4.990480208E1,-8.293113943E0,-9.348268836E1
2.078504233E1,6.428843474E-1,2.390683202E-1,-3.505532357E-1,-6.376977427E-1,9.998552837E1,4.969684297E1,-8.384981891E0,-9.342434106E1
2.079501233E1,6.439114307E-1,2.376428980E-1,-3.496611291E-1,-6.376840383E-1,9.983178546E1,4.948824104E1,-8.465822676E0,-9.335053251E1
2.080498133E1,6.448244388E-1,2.362445709E-1,-3.487866031E-1,-6.377600481E-1,9.969497246E1,4.928452971E1,-8.538708849E0,-9.329152534E1
2.081495133E1,6.457875051E-1,2.349572745E-1,-3.478940224E-1,-6.377486576E-1,9.955050879E1,4.908763704E1,-8.606287879E0,-9.321823873E1
2.082492033E1,6.466852890E-1,2.336737027E-1,-3.470412547E-1,-6.377751541E-1,9.941569888E1,4.889544140E1,-8.672733270E0,-9.315392919E1
2.083489033E1,6.476422615E-1,2.324122950E-1,-3.462082170E-1,-6.377176797E-1,9.927185307E1,4.870639060E1,-8.743501569E0,-9.307896072E1
2.084486033E1,6.486299390E-1,2.310958329E-1,-3.454245859E-1,-6.376172776E-1,9.912323077E1,4.851732658E1,-8.824248944E0,-9.300182252E1
2.085482933E1,6.495543415E-1,2.296901828E-1,-3.447101652E-1,-6.375707097E-1,9.898398088E1,4.832822864E1,-8.912649688E0,-9.293838255E1
2.086479933E1,6.505326904E-1,2.282792644E-1,-3.440013079E-1,-6.374628618E-1,9.883644701E1,4.813872879E1,-9.005489020E0,-9.286644472E1
2.087476833E1,6.514678368E-1,2.268164632E-1,-3.433238078E-1,-6.373951819E-1,9.869527578E1,4.794842441E1,-9.101585739E0,-9.280307858E1
2.088473833E1,6.523219716E-1,2.252649007E-1,-3.427271454E-1,-6.373930877E-1,9.856620357E1,4.775941625E1,-9.205289189E0,-9.275601110E1
2.089470733E1,6.531991022E-1,2.236966006E-1,-3.422001149E-1,-6.373303185E-1,9.843352602E1,4.757540554E1,-9.317914136E0,-9.270562751E1
2.090467733E1,6.539046299E-1,2.220611607E-1,-3.418022644E-1,-6.373921163E-1,9.832670942E1,4.739990641E1,-9.435203621E0,-9.268405778E1
2.091464633E1,6.546074424E-1,2.204857167E-1,-3.414348229E-1,-6.374147354E-1,9.822021828E1,4.723214108E1,-9.551256342E0,-9.265911709E1
2.092461633E1,6.551981450E-1,2.189166686E-1,-3.411104661E-1,-6.375223218E-1,9.813064787E1,4.707012991E1,-9.663497429E0,-9.265019890E1
2.093458633E1,6.557254475E-1,2.173191239E-1,-3.408432656E-1,-6.376696217E-1,9.805063972E1,4.691194356E1,-9.778725679E0,-9.265176677E1
2.094455533E1,6.562557194E-1,2.156918025E-1,-3.406532992E-1,-6.377779589E-1,9.797013206E1,4.675868493E1,-9.903216164E0,-9.265378286E1
2.095452533E1,6.567225168E-1,2.139916197E-1,-3.405914909E-1,-6.379033247E-1,9.789922058E1,4.661245561E1,-1.004003550E1,-9.266862353E1
2.096449433E1,6.572607163E-1,2.123344583E-1,-3.405667401E-1,-6.379159845E-1,9.781741492E1,4.647243777E1,-1.018221257E1,-9.266972313E1
2.097446433E1,6.577339800E-1,2.106536156E-1,-3.405633947E-1,-6.379870896E-1,9.774543731E1,4.633334988E1,-1.032384459E1,-9.268123156E1
2.098443333E1,6.582613977E-1,2.090135764E-1,-3.405090463E-1,-6.380116269E-1,9.766517698E1,4.619217354E1,-1.046190512E1,-9.268175174E1
2.099440333E1,6.588271533E-1,2.074210630E-1,-3.404116819E-1,-6.379993438E-1,9.757902787E1,4.605032327E1,-1.059560282E1,-9.267334933E1
2.100437333E1,6.594525190E-1,2.058984501E-1,-3.402725709E-1,-6.379207070E-1,9.748373572E1,4.590940481E1,-1.072488891E1,-9.265171560E1
2.101434233E1,6.600260711E-1,2.043832288E-1,-3.401459196E-1,-6.378823356E-1,9.739627769E1,4.577086305E1,-1.085157496E1,-9.263705034E1
2.102431233E1,6.606493387E-1,2.029496828E-1,-3.400188943E-1,-6.377625542E-1,9.730117226E1,4.563814321E1,-1.097607608E1,-9.261020625E1
2.103428133E1,6.613193511E-1,2.016318772E-1,-3.399123892E-1,-6.375428387E-1,9.719885642E1,4.551588876E1,-1.109774600E1,-9.257006901E1
2.104425133E1,6.619654465E-1,2.004473348E-1,-3.398289437E-1,-6.372902263E-1,9.710011655E1,4.540656085E1,-1.121106453E1,-9.252678149E1
2.105422033E1,6.626584843E-1,1.994511308E-1,-3.396976774E-1,-6.369524865E-1,9.699411908E1,4.530694534E1,-1.131046848E1,-9.246688058E1
2.106419033E1,6.633273613E-1,1.985738968E-1,-3.395188378E-1,-6.366255890E-1,9.689173457E1,4.521247417E1,-1.139605362E1,-9.240469744E1
2.107415933E1,6.640676457E-1,1.978088999E-1,-3.392581911E-1,-6.362308245E-1,9.677832517E1,4.511819039E1,-1.147126970E1,-9.232582824E1
2.108412933E1,6.647662113E-1,1.970317858E-1,-3.389783044E-1,-6.358916029E-1,9.667121548E1,4.502161364E1,-1.154286121E1,-9.225368952E1
2.109409933E1,6.654535842E-1,1.962095693E-1,-3.387038178E-1,-6.355730992E-1,9.656573490E1,4.492206389E1,-1.161721835E1,-9.218509946E1
2.110406833E1,6.662078745E-1,1.953792237E-1,-3.384337513E-1,-6.351822833E-1,9.644988584E1,4.482132838E1,-1.169674222E1,-9.210615362E1
2.111403833E1,6.669473779E-1,1.945016578E-1,-3.382291547E-1,-6.347845909E-1,9.633620620E1,4.472311330E1,-1.178435660E1,-9.203144648E1
2.112400733E1,6.675914449E-1,1.935392029E-1,-3.381346088E-1,-6.344519891E-1,9.623711513E1,4.462968222E1,-1.188153816E1,-9.197521182E1
2.113397733E1,6.682908350E-1,1.925571023E-1,-3.381056487E-1,-6.340298410E-1,9.612942541E1,4.454000022E1,-1.198946967E1,-9.191093634E1
2.114394633E1,6.689149692E-1,1.914688654E-1,-3.381532377E-1,-6.336756151E-1,9.603324650E1,4.445003788E1,-1.210671890E1,-9.186288874E1
2.115391633E1,6.695997462E-1,1.902909242E-1,-3.382201037E-1,-6.332715362E-1,9.592763893E1,4.435388676E1,-1.223562808E1,-9.180903946E1
2.116388533E1,6.703182025E-1,1.889785135E-1,-3.383402222E-1,-6.328401000E-1,9.581674286E1,4.425153324E1,-1.238061389E1,-9.175546130E1
2.117385533E1,6.709828135E-1,1.875166922E-1,-3.385586693E-1,-6.324536581E-1,9.571407159E1,4.414726848E1,-1.254127469E1,-9.171648927E1
2.118382533E1,6.716082108E-1,1.859586971E-1,-3.388418909E-1,-6.320980849E-1,9.561738211E1,4.404198607E1,-1.271195328E1,-9.168733968E1
2.119379433E1,6.720980678E-1,1.842713849E-1,-3.392235359E-1,-6.318668410E-1,9.554159614E1,4.393770807E1,-1.289194115E1,-9.168460461E1
2.120376433E1,6.724985999E-1,1.824966865E-1,-3.396990577E-1,-6.317001397E-1,9.547959585E1,4.383673170E1,-1.308097673E1,-9.169909346E1
2.121373333E1,6.728921039E-1,1.807022159E-1,-3.402425676E-1,-6.315043886E-1,9.541865376E1,4.374077261E1,-1.327732555E1,-9.171486163E1
2.122370333E1,6.731641855E-1,1.788732323E-1,-3.408410740E-1,-6.314124426E-1,9.537649916E1,4.364928138E1,-1.347366691E1,-9.175062581E1
2.123367233E1,6.734186155E-1,1.771022692E-1,-3.414262355E-1,-6.313242398E-1,9.533706661E1,4.356153908E1,-1.366399987E1,-9.178599354E1
2.124364233E1,6.735925727E-1,1.753833468E-1,-3.419985107E-1,-6.313086705E-1,9.531009893E1,4.347812603E1,-1.384483166E1,-9.183123492E1
2.125361133E1,6.737016948E-1,1.737321071E-1,-3.425397711E-1,-6.313553231E-1,9.529317934E1,4.339834339E1,-1.401440694E1,-9.188332439E1
2.126358133E1,6.738774999E-1,1.722327961E-1,-3.430149557E-1,-6.313206257E-1,9.526591565E1,4.332327579E1,-1.417189907E1,-9.191796669E1
2.127355133E1,6.739569717E-1,1.707806317E-1,-3.434773857E-1,-6.313788898E-1,9.525358929E1,4.325242930E1,-1.431918030E1,-9.196549061E1
2.128352033E1,6.741261557E-1,1.694590119E-1,-3.439099177E-1,-6.313188661E-1,9.522734422E1,4.318753284E1,-1.446047043E1,-9.199296627E1
2.129349033E1,6.742752765E-1,1.682339137E-1,-3.443557629E-1,-6.312442609E-1,9.520420695E1,4.313182004E1,-1.459516937E1,-9.201937902E1
2.130345933E1,6.743387234E-1,1.671174489E-1,-3.447910924E-1,-6.312354364E-1,9.519436138E1,4.308511720E1,-1.471617841E1,-9.205474096E1
2.131342933E1,6.745067444E-1,1.662321228E-1,-3.451320920E-1,-6.311033245E-1,9.516828444E1,4.304569217E1,-1.481913052E1,-9.206383893E1
2.132339833E1,6.746059989E-1,1.655160794E-1,-3.454147393E-1,-6.310308754E-1,9.515287754E1,4.301512224E1,-1.490079474E1,-9.207692920E1
2.133336833E1,6.747267193E-1,1.650319175E-1,-3.455779951E-1,-6.309391520E-1,9.513413602E1,4.299088793E1,-1.495683185E1,-9.207712193E1
2.134333833E1,6.749209544E-1,1.647596173E-1,-3.455839694E-1,-6.307992020E-1,9.510397568E1,4.296692276E1,-1.498838663E1,-9.205695751E1
2.135330733E1,6.750624480E-1,1.645072630E-1,-3.454906774E-1,-6.307648458E-1,9.508200033E1,4.293608632E1,-1.500627126E1,-9.204433034E1
2.136327733E1,6.752198506E-1,1.642183358E-1,-3.453601170E-1,-6.307430717E-1,9.505754961E1,4.289861678E1,-1.502431024E1,-9.203053371E1
2.137324633E1,6.752816353E-1,1.638016194E-1,-3.452942099E-1,-6.308213831E-1,9.504795076E1,4.285905646E1,-1.505122658E1,-9.203711589E1
2.138321633E1,6.753366132E-1,1.633700462E-1,-3.452837891E-1,-6.308801174E-1,9.503940878E1,4.282369725E1,-1.508381331E1,-9.204537384E1
2.139318533E1,6.753834621E-1,1.629600838E-1,-3.453143877E-1,-6.309192481E-1,9.503212936E1,4.279402584E1,-1.511812690E1,-9.205407900E1
2.140315533E1,6.753466705E-1,1.625055300E-1,-3.453848572E-1,-6.310373831E-1,9.503784610E1,4.276618172E1,-1.515403375E1,-9.207791977E1
2.141312433E1,6.753623913E-1,1.620492272E-1,-3.454499952E-1,-6.311023314E-1,9.503540341E1,4.273676739E1,-1.519283980E1,-9.209338841E1
2.142309433E1,6.753337025E-1,1.615123606E-1,-3.455541822E-1,-6.312134595E-1,9.503986104E1,4.270562196E1,-1.523812320E1,-9.211906713E1
2.143306433E1,6.752257156E-1,1.609205346E-1,-3.456970600E-1,-6.314018625E-1,9.505663845E1,4.267535587E1,-1.528592176E1,-9.215956920E1
2.144303325E1,6.751134694E-1,1.603689799E-1,-3.458421927E-1,-6.315826395E-1,9.507407526E1,4.264852716E1,-1.533088301E1,-9.219911596E1
2.145300325E1,6.750848714E-1,1.599560672E-1,-3.459376131E-1,-6.316656912E-1,9.507851739E1,4.262620532E1,-1.536677327E1,-9.221982204E1
2.146297225E1,6.750033739E-1,1.596171012E-1,-3.460163224E-1,-6.317954047E-1,9.509117559E1,4.260899373E1,-1.539272301E1,-9.224607059E1
2.147294225E1,6.749873317E-1,1.594100758E-1,-3.460502927E-1,-6.318462602E-1,9.509366710E1,4.259653908E1,-1.540937163E1,-9.225669143E1
2.148291125E1,6.749777723E-1,1.593162464E-1,-3.460670356E-1,-6.318709925E-1,9.509515176E1,4.259106476E1,-1.541690047E1,-9.226186976E1
2.149288125E1,6.749802537E-1,1.593297861E-1,-3.460466259E-1,-6.318760975E-1,9.509476638E1,4.259013588E1,-1.541425137E1,-9.226092800E1
2.150285025E1,6.749500963E-1,1.594049128E-1,-3.459789170E-1,-6.319264011E-1,9.509944996E1,4.259008879E1,-1.540098318E1,-9.226277235E1
2.151282025E1,6.748698079E-1,1.594954759E-1,-3.458763421E-1,-6.320455489E-1,9.511191829E1,4.258886589E1,-1.538039347E1,-9.227201964E1
2.152279025E1,6.748731849E-1,1.596301667E-1,-3.457045200E-1,-6.321019361E-1,9.511139388E1,4.258297047E1,-1.535556500E1,-9.226609428E1
2.153275925E1,6.749549972E-1,1.597785868E-1,-3.454912780E-1,-6.320937122E-1,9.509868885E1,4.257279737E1,-1.533083139E1,-9.224706268E1
2.154272925E1,6.749804263E-1,1.598648930E-1,-3.453091720E-1,-6.321442318E-1,9.509473958E1,4.256181102E1,-1.530982959E1,-9.223947355E1
2.155269825E1,6.750746640E-1,1.599573632E-1,-3.451477917E-1,-6.321083253E-1,9.508010288E1,4.255200341E1,-1.529449045E1,-9.222066517E1
2.156266825E1,6.751393436E-1,1.600055792E-1,-3.450321829E-1,-6.320901758E-1,9.507005606E1,4.254364378E1,-1.528459451E1,-9.220834679E1
2.157263725E1,6.752144137E-1,1.600592005E-1,-3.449382270E-1,-6.320476431E-1,9.505839425E1,4.253755370E1,-1.527691768E1,-9.219416798E1
2.158260725E1,6.753604446E-1,1.601651050E-1,-3.448331233E-1,-6.319220955E-1,9.503570589E1,4.253315744E1,-1.526890675E1,-9.216660307E1
2.159257725E1,6.754922286E-1,1.602941165E-1,-3.447154493E-1,-6.318127337E-1,9.501522749E1,4.252962862E1,-1.525726148E1,-9.214041088E1
2.160254625E1,6.756484459E-1,1.604553282E-1,-3.445762383E-1,-6.316807929E-1,9.499094797E1,4.252612376E1,-1.524290263E1,-9.210904635E1
2.161251625E1,6.757617195E-1,1.606352426E-1,-3.444373750E-1,-6.315895200E-1,9.497333987E1,4.252488354E1,-1.522463734E1,-9.208379068E1
2.162248525E1,6.758327080E-1,1.608464510E-1,-3.442895976E-1,-6.315403636E-1,9.496230362E1,4.252600503E1,-1.520077845E1,-9.206408309E1
2.163245525E1,6.759473132E-1,1.610958866E-1,-3.441049417E-1,-6.314548397E-1,9.494448444E1,4.252583508E1,-1.517357412E1,-9.203588142E1
2.164242425E1,6.759501344E-1,1.612623771E-1,-3.439329720E-1,-6.315030162E-1,9.494404575E1,4.252248209E1,-1.514648474E1,-9.202879282E1
2.165239425E1,6.759964353E-1,1.614097647E-1,-3.437558288E-1,-6.315122648E-1,9.493684599E1,4.251638534E1,-1.512293379E1,-9.201548533E1
2.166236325E1,6.759815601E-1,1.614489296E-1,-3.435986527E-1,-6.316035944E-1,9.493915912E1,4.250490154E1,-1.510502950E1,-9.201618534E1
2.167233325E1,6.758368489E-1,1.613084226E-1,-3.434661746E-1,-6.318664011E-1,9.496165982E1,4.248418958E1,-1.509400275E1,-9.204470508E1
2.168230325E1,6.756713382E-1,1.610159972E-1,-3.433506606E-1,-6.321807744E-1,9.498738961E1,4.245370303E1,-1.509391466E1,-9.208247614E1
2.169227225E1,6.754178644E-1,1.605158932E-1,-3.432765138E-1,-6.326189357E-1,9.502678362E1,4.241265336E1,-1.510681788E1,-9.214237877E1
2.170224225E1,6.751740159E-1,1.599021719E-1,-3.431960765E-1,-6.330780703E-1,9.506467000E1,4.236209252E1,-1.512780611E1,-9.220506394E1
2.171221125E1,6.749305441E-1,1.592687364E-1,-3.430588569E-1,-6.335714729E-1,9.510248642E1,4.230469831E1,-1.514516843E1,-9.226830699E1
2.172218125E1,6.745952870E-1,1.586591770E-1,-3.428540549E-1,-6.341921485E-1,9.515454040E1,4.224448727E1,-1.514927032E1,-9.234515082E1
2.173215025E1,6.743276848E-1,1.582217665E-1,-3.425228333E-1,-6.347647253E-1,9.519607438E1,4.218443203E1,-1.513404038E1,-9.240433558E1
2.174212025E1,6.740342124E-1,1.578990692E-1,-3.420868031E-1,-6.353914950E-1,9.524160783E1,4.212381143E1,-1.509978979E1,-9.246305890E1
2.175208925E1,6.737814432E-1,1.576783356E-1,-3.414935124E-1,-6.360331953E-1,9.528081276E1,4.205549591E1,-1.504672475E1,-9.251117776E1
2.176205925E1,6.737036744E-1,1.576012490E-1,-3.407147651E-1,-6.365521573E-1,9.529287238E1,4.197764543E1,-1.497744314E1,-9.252569832E1
2.177202925E1,6.736659793E-1,1.576161479E-1,-3.398106520E-1,-6.370713380E-1,9.529871735E1,4.189440358E1,-1.489285562E1,-9.253015967E1
2.178199825E1,6.737351713E-1,1.578233840E-1,-3.387569386E-1,-6.375079082E-1,9.528798830E1,4.181009481E1,-1.478766555E1,-9.251011658E1
2.179196825E1,6.738385377E-1,1.582000820E-1,-3.375903244E-1,-6.379241281E-1,9.527195837E1,4.172778307E1,-1.466241871E1,-9.247806387E1
2.180193725E1,6.739966503E-1,1.587082254E-1,-3.363795930E-1,-6.382704290E-1,9.524743454E1,4.165070246E1,-1.452721890E1,-9.243222136E1
2.181190725E1,6.742744955E-1,1.592992033E-1,-3.351701101E-1,-6.384658929E-1,9.520432814E1,4.157829089E1,-1.439344643E1,-9.236413165E1
2.182187625E1,6.745097395E-1,1.598393942E-1,-3.340372924E-1,-6.386759726E-1,9.516781955E1,4.151010959E1,-1.426763815E1,-9.230484539E1
2.183184625E1,6.748217012E-1,1.603581270E-1,-3.329765932E-1,-6.387703907E-1,9.511938838E1,4.144592667E1,-1.415439170E1,-9.223427861E1
2.184181525E1,6.751513910E-1,1.608079129E-1,-3.320348693E-1,-6.387992020E-1,9.506818463E1,4.138740661E1,-1.405774494E1,-9.216364856E1
2.185178525E1,6.754037268E-1,1.611540281E-1,-3.312518599E-1,-6.388515879E-1,9.502898048E1,4.133708716E1,-1.397806830E1,-9.210943389E1
2.186175525E1,6.755690412E-1,1.614259701E-1,-3.306189722E-1,-6.389361200E-1,9.500328975E1,4.129654924E1,-1.391192766E1,-9.207210391E1
2.187172425E1,6.757115200E-1,1.616926069E-1,-3.300966305E-1,-6.389879383E-1,9.498114357E1,4.126631651E1,-1.385472685E1,-9.203865451E1
2.188169425E1,6.757502253E-1,1.618830422E-1,-3.296987063E-1,-6.391042491E-1,9.497512673E1,4.124349615E1,-1.380791851E1,-9.202479628E1
2.189166325E1,6.757705177E-1,1.620109895E-1,-3.294232029E-1,-6.391925270E-1,9.497197211E1,4.122751632E1,-1.377540419E1,-9.201639792E1
2.190163325E1,6.756861976E-1,1.620311673E-1,-3.293014512E-1,-6.393391401E-1,9.498507983E1,4.121916516E1,-1.375809684E1,-9.202890971E1
2.191160225E1,6.755980488E-1,1.620431317E-1,-3.293004028E-1,-6.394299020E-1,9.499878127E1,4.122145549E1,-1.375195123E1,-9.204247566E1
2.192157225E1,6.755007370E-1,1.620942874E-1,-3.293877416E-1,-6.394747831E-1,9.501390523E1,4.123515135E1,-1.375041370E1,-9.205602917E1
2.193154225E1,6.752998085E-1,1.621220306E-1,-3.295628512E-1,-6.395897320E-1,9.504512723E1,4.125689163E1,-1.375226485E1,-9.208702379E1
2.194151125E1,6.750099554E-1,1.621121999E-1,-3.298235400E-1,-6.397637656E-1,9.509015340E1,4.128513909E1,-1.375916846E1,-9.213366430E1
2.195148125E1,6.747085962E-1,1.621425087E-1,-3.301559048E-1,-6.399025222E-1,9.513694977E1,4.132337437E1,-1.376895665E1,-9.218061580E1
2.196145025E1,6.743137579E-1,1.622496565E-1,-3.305331507E-1,-6.400966572E-1,9.519823557E1,4.137330372E1,-1.377178368E1,-9.223941072E1
2.197142025E1,6.739883527E-1,1.625827694E-1,-3.308724487E-1,-6.401797181E-1,9.524872166E1,4.143610424E1,-1.375932460E1,-9.227834262E1
2.198138925E1,6.737157337E-1,1.631403564E-1,-3.311566185E-1,-6.401778768E-1,9.529100243E1,4.151030443E1,-1.372919425E1,-9.229998091E1
2.199135925E1,6.734973590E-1,1.639090148E-1,-3.313900857E-1,-6.400905183E-1,9.532486013E1,4.159526229E1,-1.368285914E1,-9.230458364E1
2.200132825E1,6.732912069E-1,1.648356028E-1,-3.316034436E-1,-6.399589055E-1,9.535681443E1,4.169040457E1,-1.362436051E1,-9.230082394E1
2.201129825E1,6.730719748E-1,1.658611884E-1,-3.318219487E-1,-6.398112071E-1,9.539078728E1,4.179393626E1,-1.355863941E1,-9.229498818E1
2.202126825E1,6.729464286E-1,1.670024460E-1,-3.320073474E-1,-6.395501825E-1,9.541023817E1,4.190188886E1,-1.348751223E1,-9.226943349E1
2.203123725E1,6.728776673E-1,1.681819572E-1,-3.321753553E-1,-6.392261351E-1,9.542089008E1,4.201034053E1,-1.341568232E1,-9.223305387E1
2.204120725E1,6.727717905E-1,1.693066406E-1,-3.323793091E-1,-6.389346515E-1,9.543728987E1,4.211852832E1,-1.334883279E1,-9.220449749E1
2.205117625E1,6.727576647E-1,1.704124843E-1,-3.326341342E-1,-6.385226726E-1,9.543947772E1,4.222859744E1,-1.329353090E1,-9.216194861E1
2.206114625E1,6.726501915E-1,1.714283024E-1,-3.330277068E-1,-6.381586911E-1,9.545612229E1,4.234610962E1,-1.325147089E1,-9.213769405E1
2.207111525E1,6.724477773E-1,1.724087698E-1,-3.335612385E-1,-6.378292121E-1,9.548746460E1,4.247543995E1,-1.321880099E1,-9.212977825E1
2.208108525E1,6.722732407E-1,1.734620090E-1,-3.341508834E-1,-6.374187505E-1,9.551448404E1,4.261527868E1,-1.318791533E1,-9.211423034E1
2.209105525E1,6.720524886E-1,1.745627582E-1,-3.347671125E-1,-6.370276989E-1,9.554864963E1,4.276207394E1,-1.315343281E1,-9.210378512E1
2.210102425E1,6.717969101E-1,1.757065078E-1,-3.354036037E-1,-6.366479558E-1,9.558819374E1,4.291469839E1,-1.311579687E1,-9.209673808E1
2.211099425E1,6.714743801E-1,1.768290470E-1,-3.360711254E-1,-6.363253019E-1,9.563807921E1,4.306963541E1,-1.307843511E1,-9.210083380E1
2.212096325E1,6.710294055E-1,1.778814485E-1,-3.367942442E-1,-6.361190234E-1,9.570687078E1,4.322619483E1,-1.304346397E1,-9.212691231E1
2.213093325E1,6.706267872E-1,1.789890782E-1,-3.375501795E-1,-6.358322035E-1,9.576908203E1,4.338952674E1,-1.301030780E1,-9.214368565E1
2.214090225E1,6.700193036E-1,1.800714830E-1,-3.384023993E-1,-6.357140027E-1,9.586289064E1,4.356302860E1,-1.297491002E1,-9.219348291E1
2.215087225E1,6.693867927E-1,1.813014809E-1,-3.392704295E-1,-6.355680613E-1,9.596049041E1,4.374994110E1,-1.292923335E1,-9.224046333E1
2.216084125E1,6.686765919E-1,1.827167193E-1,-3.401148943E-1,-6.354589273E-1,9.606998895E1,4.395028655E1,-1.286389329E1,-9.229104955E1
2.217081125E1,6.677773784E-1,1.842774804E-1,-3.409309626E-1,-6.355165526E-1,9.620849459E1,4.416211826E1,-1.277418945E1,-9.236420370E1
2.218078125E1,6.668076031E-1,1.860337395E-1,-3.416452674E-1,-6.356395134E-1,9.635770071E1,4.438062418E1,-1.265750034E1,-9.243880314E1
2.219075025E1,6.656518851E-1,1.879447778E-1,-3.422452542E-1,-6.359658657E-1,9.653528861E1,4.460302763E1,-1.250820789E1,-9.253434896E1
2.220072025E1,6.644582693E-1,1.900872865E-1,-3.426419245E-1,-6.363634962E-1,9.671844259E1,4.482471160E1,-1.232245573E1,-9.262383901E1
2.221068925E1,6.632633811E-1,1.924330747E-1,-3.428257901E-1,-6.368058102E-1,9.690153148E1,4.504203845E1,-1.210375159E1,-9.270252695E1
2.222065925E1,6.619848841E-1,1.948726870E-1,-3.428708609E-1,-6.373698338E-1,9.709714482E1,4.525452547E1,-1.186103643E1,-9.278796523E1
2.223062825E1,6.608487947E-1,1.974451674E-1,-3.427648142E-1,-6.378138719E-1,9.727072226E1,4.546107223E1,-1.160508720E1,-9.284318131E1
2.224059825E1,6.597105855E-1,2.000211669E-1,-3.425677513E-1,-6.382951804E-1,9.744439174E1,4.565921394E1,-1.134089731E1,-9.289658978E1
2.225056725E1,6.586101392E-1,2.026526370E-1,-3.422360661E-1,-6.387793555E-1,9.761207989E1,4.584845036E1,-1.106366608E1,-9.293954785E1
2.226053725E1,6.575924245E-1,2.053912866E-1,-3.416974821E-1,-6.392413218E-1,9.776697029E1,4.602558737E1,-1.076645350E1,-9.296254113E1
2.227050725E1,6.565325505E-1,2.081878933E-1,-3.409578523E-1,-6.398207218E-1,9.792808310E1,4.618890322E1,-1.044514074E1,-9.298698603E1
2.228047625E1,6.555129188E-1,2.110565975E-1,-3.399971360E-1,-6.404372610E-1,9.808289276E1,4.633675515E1,-1.010240273E1,-9.299949558E1
2.229044625E1,6.545055906E-1,2.139090540E-1,-3.388836584E-1,-6.411109547E-1,9.823565631E1,4.646901819E1,-9.748495368E0,-9.300876294E1
2.230041525E1,6.534279102E-1,2.166071003E-1,-3.377138147E-1,-6.419210027E-1,9.839889400E1,4.658465797E1,-9.395819048E0,-9.303446152E1
2.231038525E1,6.524026638E-1,2.191437295E-1,-3.365177082E-1,-6.427305415E-1,9.855400335E1,4.668461270E1,-9.055397837E0,-9.305866739E1
2.232035425E1,6.514902019E-1,2.214921097E-1,-3.353406731E-1,-6.434659866E-1,9.869189767E1,4.677041911E1,-8.736879295E0,-9.307401455E1
2.233032425E1,6.504793335E-1,2.234995062E-1,-3.343684033E-1,-6.443000069E-1,9.884449736E1,4.684918835E1,-8.452996433E0,-9.312077388E1
2.234029425E1,6.495001390E-1,2.253016580E-1,-3.336357278E-1,-6.450394700E-1,9.899214981E1,4.693367476E1,-8.206196643E0,-9.317260515E1
2.235026325E1,6.484646590E-1,2.269483354E-1,-3.331505754E-1,-6.457543812E-1,9.914811297E1,4.702931444E1,-7.988074526E0,-9.324034296E1
2.236023325E1,6.472807940E-1,2.284774388E-1,-3.328908507E-1,-6.465363338E-1,9.932620451E1,4.713775514E1,-7.788098842E0,-9.333580119E1
2.237020225E1,6.460915505E-1,2.300437158E-1,-3.327995027E-1,-6.472171177E-1,9.950486881E1,4.726484510E1,-7.600291430E0,-9.342928091E1
2.238017225E1,6.447540674E-1,2.316408601E-1,-3.329458471E-1,-6.479057080E-1,9.970552242E1,4.741773471E1,-7.421835086E0,-9.354239854E1
2.239014125E1,6.433612553E-1,2.333578964E-1,-3.333298312E-1,-6.484763193E-1,9.991416214E1,4.760284517E1,-7.252881456E0,-9.365628376E1
2.240011125E1,6.418136062E-1,2.351585783E-1,-3.339352707E-1,-6.490477631E-1,1.001456223E2,4.781652960E1,-7.087795705E0,-9.378750572E1
2.241008025E1,6.401683688E-1,2.370175020E-1,-3.346845205E-1,-6.496102480E-1,1.003912490E2,4.804900129E1,-6.925051429E0,-9.392865412E1
2.242005025E1,6.384602709E-1,2.388849445E-1,-3.355077749E-1,-6.501822354E-1,1.006457973E2,4.828942555E1,-6.763955506E0,-9.407715193E1
2.243002025E1,6.365725775E-1,2.406546644E-1,-3.364468751E-1,-6.508949590E-1,1.009265652E2,4.853397942E1,-6.607310321E0,-9.425608582E1
2.243998971E1,6.345931296E-1,2.424061662E-1,-3.375001618E-1,-6.516321706E-1,1.012203716E2,4.878829435E1,-6.455485846E0,-9.444794966E1
2.244995971E1,6.326744372E-1,2.443284366E-1,-3.385936249E-1,-6.522123635E-1,1.015045711E2,4.905965087E1,-6.299809593E0,-9.461958135E1
2.245992871E1,6.308254444E-1,2.465628675E-1,-3.396249003E-1,-6.526261718E-1,1.017779028E2,4.934977358E1,-6.122889419E0,-9.476134306E1
2.246989871E1,6.292291358E-1,2.492623416E-1,-3.404528225E-1,-6.527105043E-1,1.020134551E2,4.965662358E1,-5.915024612E0,-9.483733809E1
2.247986771E1,6.277974047E-1,2.522664109E-1,-3.410969843E-1,-6.525987335E-1,1.022243893E2,4.996988953E1,-5.682862738E0,-9.486922083E1
2.248983771E1,6.263518784E-1,2.552666290E-1,-3.416864554E-1,-6.525125590E-1,1.024370387E2,5.027801512E1,-5.445710636E0,-9.490075947E1
2.249980771E1,6.249515270E-1,2.581950289E-1,-3.422551903E-1,-6.524049805E-1,1.026427405E2,5.057839501E1,-5.214831018E0,-9.492762445E1
2.250977671E1,6.235049300E-1,2.610419774E-1,-3.428084809E-1,-6.523656483E-1,1.028549255E2,5.087118916E1,-4.985056449E0,-9.496369439E1
2.251974671E1,6.221153233E-1,2.639156444E-1,-3.432567864E-1,-6.523003457E-1,1.030584567E2,5.115618449E1,-4.748727887E0,-9.498761306E1
2.252971571E1,6.207878069E-1,2.668560614E-1,-3.435791255E-1,-6.521992525E-1,1.032526257E2,5.143472512E1,-4.501938011E0,-9.499619855E1
2.253968571E1,6.193807357E-1,2.697955038E-1,-3.438509780E-1,-6.521842048E-1,1.034581468E2,5.170909529E1,-4.245870291E0,-9.501378012E1
2.254965471E1,6.180344797E-1,2.728061717E-1,-3.440580112E-1,-6.520999967E-1,1.036545132E2,5.198335632E1,-3.984443505E0,-9.501588642E1
2.255962471E1,6.166320737E-1,2.758218262E-1,-3.442893500E-1,-6.520368726E-1,1.038587888E2,5.226103397E1,-3.721554112E0,-9.502320020E1
2.256959371E1,6.152302207E-1,2.788582142E-1,-3.445126413E-1,-6.519517004E-1,1.040626991E2,5.254016122E1,-3.457319849E0,-9.502666858E1
2.257956371E1,6.138482941E-1,2.818639878E-1,-3.447167296E-1,-6.518537669E-1,1.042634343E2,5.281534650E1,-3.195285427E0,-9.502682500E1
2.258953371E1,6.124515080E-1,2.847271444E-1,-3.449466459E-1,-6.518016286E-1,1.044660504E2,5.308158913E1,-2.943717015E0,-9.503607407E1
2.259950271E1,6.111592422E-1,2.874706461E-1,-3.451628223E-1,-6.516958835E-1,1.046532580E2,5.333663421E1,-2.706055666E0,-9.503634783E1
2.260947271E1,6.099682631E-1,2.901095762E-1,-3.453223587E-1,-6.515578881E-1,1.048255836E2,5.357765718E1,-2.477381538E0,-9.502741100E1
2.261944171E1,6.088531391E-1,2.926543660E-1,-3.454077008E-1,-6.514174575E-1,1.049867528E2,5.380390204E1,-2.253726185E0,-9.501232066E1
2.262941171E1,6.079329865E-1,2.951979916E-1,-3.453805371E-1,-6.511436742E-1,1.051196119E2,5.401940487E1,-2.034647404E0,-9.496839317E1
2.263938071E1,6.070828806E-1,2.976787050E-1,-3.453224245E-1,-6.508381135E-1,1.052422524E2,5.422701400E1,-1.822162296E0,-9.491737103E1
2.264935071E1,6.064991639E-1,3.002090438E-1,-3.451459873E-1,-6.503133681E-1,1.053264042E2,5.442776012E1,-1.616046729E0,-9.482426845E1
2.265932071E1,6.060957092E-1,3.027765547E-1,-3.448662073E-1,-6.496473886E-1,1.053845409E2,5.462234835E1,-1.412361430E0,-9.470202644E1
2.266928971E1,6.058267742E-1,3.053881394E-1,-3.444650984E-1,-6.488881092E-1,1.054232812E2,5.480987858E1,-1.205987249E0,-9.455646752E1
2.267925971E1,6.057542460E-1,3.080692651E-1,-3.439242318E-1,-6.479748225E-1,1.054337272E2,5.499093902E1,-9.984221967E-1,-9.437718926E1
2.268922871E1,6.058108163E-1,3.107339916E-1,-3.432688141E-1,-6.469963321E-1,1.054255796E2,5.516071998E1,-7.921058796E-1,-9.417956099E1
2.269919871E1,6.060684139E-1,3.133513702E-1,-3.424359752E-1,-6.459332239E-1,1.053884732E2,5.531062652E1,-5.885030443E-1,-9.395585666E1
2.270916771E1,6.064108755E-1,3.158197241E-1,-3.415519214E-1,-6.448767104E-1,1.053391282E2,5.544382710E1,-3.960332884E-1,-9.372966267E1
2.271913771E1,6.068031770E-1,3.180643823E-1,-3.407146308E-1,-6.438465585E-1,1.052825819E2,5.556287240E1,-2.248363785E-1,-9.351157476E1
2.272910671E1,6.072202543E-1,3.200535772E-1,-3.399939295E-1,-6.428477704E-1,1.052224410E2,5.567126608E1,-8.084114725E-2,-9.330770735E1
2.273907671E1,6.076472124E-1,3.218504218E-1,-3.394248648E-1,-6.418471936E-1,1.051608503E2,5.577762786E1,3.761091322E-2,-9.311579807E1
2.274904671E1,6.079478406E-1,3.234465684E-1,-3.390586475E-1,-6.409532221E-1,1.051174681E2,5.588576823E1,1.356934467E-1,-9.295569545E1
2.275901571E1,6.080785090E-1,3.248243581E-1,-3.389032007E-1,-6.402142904E-1,1.050986081E2,5.599457185E1,2.151396182E-1,-9.283499331E1
2.276898571E1,6.082566216E-1,3.261172739E-1,-3.388359152E-1,-6.394229412E-1,1.050728963E2,5.610435293E1,2.781924280E-1,-9.271359738E1
2.277895471E1,6.082840908E-1,3.272628681E-1,-3.389346646E-1,-6.387587174E-1,1.050689306E2,5.621667019E1,3.292744144E-1,-9.262389328E1
2.278892471E1,6.083983970E-1,3.284159216E-1,-3.390558790E-1,-6.379934109E-1,1.050524270E2,5.633198944E1,3.719829396E-1,-9.252124835E1
2.279889371E1,6.084720289E-1,3.295486158E-1,-3.392129626E-1,-6.372551233E-1,1.050417950E2,5.644900778E1,4.130997570E-1,-9.242549042E1
2.280886371E1,6.085905682E-1,3.307084181E-1,-3.393308421E-1,-6.364777444E-1,1.050246770E2,5.656500896E1,4.555060158E-1,-9.232111184E1
2.281883371E1,6.086919512E-1,3.318469615E-1,-3.394371901E-1,-6.357311775E-1,1.050100350E2,5.667820021E1,4.987974668E-1,-9.222047727E1
2.282880271E1,6.087927019E-1,3.328993321E-1,-3.395560804E-1,-6.350205619E-1,1.049954829E2,5.678492277E1,5.361424565E-1,-9.212619101E1
2.283877271E1,6.089296910E-1,3.338510738E-1,-3.396879342E-1,-6.343187207E-1,1.049756943E2,5.688388221E1,5.640192781E-1,-9.203431198E1
2.284874171E1,6.091151727E-1,3.347174327E-1,-3.398333947E-1,-6.336056448E-1,1.049488967E2,5.697648617E1,5.822701196E-1,-9.194197977E1
2.285871171E1,6.091888401E-1,3.354106328E-1,-3.400712606E-1,-6.330403765E-1,1.049382522E2,5.706198031E1,5.914010900E-1,-9.187842969E1
2.286868071E1,6.092880024E-1,3.359882310E-1,-3.403555233E-1,-6.324857754E-1,1.049239226E2,5.714133212E1,5.882362932E-1,-9.182013164E1
2.287865071E1,6.093143692E-1,3.363338659E-1,-3.407682788E-1,-6.320542930E-1,1.049201122E2,5.721149974E1,5.668083201E-1,-9.178980000E1
2.288862071E1,6.093542336E-1,3.364736802E-1,-3.412799705E-1,-6.316652842E-1,1.049143510E2,5.727213507E1,5.246473657E-1,-9.177343806E1
2.289858971E1,6.094321446E-1,3.364277810E-1,-3.418642536E-1,-6.312984986E-1,1.049030907E2,5.732262541E1,4.633317019E-1,-9.176607411E1
2.290855971E1,6.095156040E-1,3.361904745E-1,-3.425037253E-1,-6.309975616E-1,1.048910276E2,5.736082997E1,3.866353831E-1,-9.177267917E1
2.291852871E1,6.096620643E-1,3.358504228E-1,-3.430928227E-1,-6.307169900E-1,1.048698560E2,5.738500582E1,3.043439224E-1,-9.177838284E1
2.292849871E1,6.098044758E-1,3.354333310E-1,-3.436151552E-1,-6.305169216E-1,1.048492667E2,5.739594894E1,2.244088541E-1,-9.179056492E1
2.293846771E1,6.099852700E-1,3.350127305E-1,-3.440165789E-1,-6.303467484E-1,1.048231242E2,5.739529018E1,1.523083569E-1,-9.179760452E1
2.294843771E1,6.102657790E-1,3.346377460E-1,-3.442886829E-1,-6.301257507E-1,1.047825540E2,5.738669478E1,8.666100887E-2,-9.178713638E1
2.295840671E1,6.105023170E-1,3.342583434E-1,-3.445339321E-1,-6.299640655E-1,1.047483348E2,5.737519212E1,2.658307862E-2,-9.178314396E1
2.296837671E1,6.108270637E-1,3.339561337E-1,-3.446905666E-1,-6.297236968E-1,1.047013418E2,5.736240069E1,-2.821652259E-2,-9.176080733E1
2.297834671E1,6.112056682E-1,3.336848947E-1,-3.447915745E-1,-6.294448118E-1,1.046465365E2,5.734720302E1,-8.048214078E-2,-9.172853392E1
2.298831571E1,6.115822181E-1,3.333929329E-1,-3.449205965E-1,-6.291629238E-1,1.045920085E2,5.733273634E1,-1.362301276E-1,-9.169806536E1
2.299828571E1,6.120840415E-1,3.331226860E-1,-3.450753610E-1,-6.287332557E-1,1.045193085E2,5.732263074E1,-2.028057861E-1,-9.164835194E1
2.300825471E1,6.125259123E-1,3.327684984E-1,-3.453733248E-1,-6.283266196E-1,1.044552644E2,5.731831140E1,-2.822178205E-1,-9.161334676E1
2.301822471E1,6.130627091E-1,3.324428804E-1,-3.457090580E-1,-6.277905815E-1,1.043774245E2,5.732008537E1,-3.709151202E-1,-9.156277044E1
2.302819371E1,6.135889046E-1,3.320913520E-1,-3.461179904E-1,-6.272370749E-1,1.043010820E2,5.732634996E1,-4.668684124E-1,-9.151558710E1
2.303816371E1,6.139546082E-1,3.316648779E-1,-3.466699357E-1,-6.267998902E-1,1.042480011E2,5.733928575E1,-5.674776185E-1,-9.149659696E1
2.304813371E1,6.142642775E-1,3.312652836E-1,-3.472939619E-1,-6.263620944E-1,1.042030384E2,5.736146707E1,-6.690302602E-1,-9.148337623E1
2.305810271E1,6.144366259E-1,3.309031480E-1,-3.479937359E-1,-6.259961235E-1,1.041780082E2,5.739427531E1,-7.650370139E-1,-9.148664193E1
2.306807271E1,6.145526522E-1,3.306714569E-1,-3.486645550E-1,-6.256312622E-1,1.041611552E2,5.743624909E1,-8.473582417E-1,-9.148789427E1
2.307804171E1,6.147499623E-1,3.305850980E-1,-3.492183646E-1,-6.251739903E-1,1.041324913E2,5.748033678E1,-9.177768769E-1,-9.146666008E1
2.308801171E1,6.149184338E-1,3.304803776E-1,-3.497363349E-1,-6.247738797E-1,1.041080124E2,5.751942734E1,-9.836806826E-1,-9.145085808E1
2.309798071E1,6.151159014E-1,3.303427510E-1,-3.501850474E-1,-6.244009970E-1,1.040793153E2,5.754902270E1,-1.047201468E0,-9.143349063E1
2.310795071E1,6.152328872E-1,3.301546990E-1,-3.505859831E-1,-6.241600994E-1,1.040623115E2,5.756964704E1,-1.102741036E0,-9.143124551E1
2.311792071E1,6.153653775E-1,3.300254129E-1,-3.508413726E-1,-6.239543579E-1,1.040430519E2,5.758187938E1,-1.143108192E0,-9.142236246E1
2.312788971E1,6.156296649E-1,3.300106213E-1,-3.508617697E-1,-6.236899862E-1,1.040046258E2,5.758220188E1,-1.166232280E0,-9.138619863E1
2.313785971E1,6.158079984E-1,3.299124317E-1,-3.508056597E-1,-6.235974637E-1,1.039786912E2,5.756787941E1,-1.179961127E0,-9.136846085E1
2.314782871E1,6.160878456E-1,3.297595012E-1,-3.506711909E-1,-6.234774374E-1,1.039379846E2,5.754113676E1,-1.197184991E0,-9.134049434E1
2.315779871E1,6.164004767E-1,3.295059649E-1,-3.505481030E-1,-6.233716629E-1,1.038924959E2,5.750635080E1,-1.223167181E0,-9.131549135E1
2.316776771E1,6.166564335E-1,3.290910805E-1,-3.505105409E-1,-6.233587248E-1,1.038552429E2,5.746510808E1,-1.260927928E0,-9.131064186E1
2.317773771E1,6.168533114E-1,3.285253789E-1,-3.505710282E-1,-6.234283837E-1,1.038265821E2,5.741956939E1,-1.310910443E0,-9.132548689E1
2.318770671E1,6.170208569E-1,3.278836918E-1,-3.506661550E-1,-6.235469309E-1,1.038021869E2,5.737051466E1,-1.365769854E0,-9.135011371E1
2.319767671E1,6.169925049E-1,3.271353653E-1,-3.508169656E-1,-6.238832078E-1,1.038063153E2,5.731740060E1,-1.416172404E0,-9.141037010E1
2.320764671E1,6.169795435E-1,3.264470757E-1,-3.508753285E-1,-6.242235660E-1,1.038082026E2,5.726104766E1,-1.456265116E0,-9.146380075E1
2.321761571E1,6.168594006E-1,3.258011963E-1,-3.509039251E-1,-6.246635192E-1,1.038256955E2,5.720591002E1,-1.483239767E0,-9.152912480E1
2.322758571E1,6.167223641E-1,3.252762099E-1,-3.508529327E-1,-6.251009784E-1,1.038456456E2,5.715420284E1,-1.495403181E0,-9.158772376E1
2.323755471E1,6.167503318E-1,3.249474895E-1,-3.506482004E-1,-6.253591878E-1,1.038415742E2,5.710542016E1,-1.495990412E0,-9.160828091E1
2.324752471E1,6.167937384E-1,3.246710417E-1,-3.503959160E-1,-6.256012839E-1,1.038352551E2,5.705683345E1,-1.490704863E0,-9.162272516E1
2.325749371E1,6.169047417E-1,3.244428600E-1,-3.501365008E-1,-6.257554686E-1,1.038190941E2,5.701182309E1,-1.487447907E0,-9.162400837E1
2.326746371E1,6.171147911E-1,3.242615495E-1,-3.499528617E-1,-6.257449424E-1,1.037885080E2,5.697802089E1,-1.496284629E0,-9.160776124E1
2.327743371E1,6.172367374E-1,3.240136852E-1,-3.499808038E-1,-6.257373827E-1,1.037707480E2,5.695829643E1,-1.521213683E0,-9.160893764E1
2.328740271E1,6.173732220E-1,3.237715634E-1,-3.501446589E-1,-6.256365542E-1,1.037508681E2,5.695187147E1,-1.559395269E0,-9.160765249E1
2.329737271E1,6.174090261E-1,3.235132889E-1,-3.504425093E-1,-6.255680442E-1,1.037456526E2,5.695676304E1,-1.602977523E0,-9.162178644E1
2.330734171E1,6.174423412E-1,3.233024967E-1,-3.507780140E-1,-6.254560831E-1,1.037407994E2,5.696947145E1,-1.647329925E0,-9.163273974E1
2.331731171E1,6.173954137E-1,3.230669932E-1,-3.511917143E-1,-6.253918272E-1,1.037476355E2,5.698747779E1,-1.693989842E0,-9.165686697E1
2.332728071E1,6.173024219E-1,3.227931006E-1,-3.517023458E-1,-6.253380637E-1,1.037611810E2,5.701130523E1,-1.748009847E0,-9.169036744E1
2.333725071E1,6.172775082E-1,3.225824757E-1,-3.522703338E-1,-6.251516531E-1,1.037648097E2,5.704613937E1,-1.809195537E0,-9.170954877E1
2.334722071E1,6.172608151E-1,3.224288412E-1,-3.529178451E-1,-6.248822534E-1,1.037672411E2,5.709360104E1,-1.875315805E0,-9.172336028E1
2.335718971E1,6.171840163E-1,3.222608755E-1,-3.536174090E-1,-6.246491886E-1,1.037784265E2,5.714485247E1,-1.942357272E0,-9.174671885E1
2.336715971E1,6.171669336E-1,3.221150830E-1,-3.542808491E-1,-6.243651741E-1,1.037809143E2,5.719462107E1,-2.009544111E0,-9.175997175E1
2.337712871E1,6.170704503E-1,3.218704047E-1,-3.549866982E-1,-6.241857642E-1,1.037949652E2,5.723979739E1,-2.079706412E0,-9.179178475E1
2.338709871E1,6.170700956E-1,3.215909698E-1,-3.556312092E-1,-6.239632463E-1,1.037950168E2,5.727597061E1,-2.153503491E0,-9.181255177E1
2.339706771E1,6.171294970E-1,3.212365846E-1,-3.562146625E-1,-6.237542236E-1,1.037863664E2,5.729964140E1,-2.230274166E0,-9.183037464E1
2.340703771E1,6.173009283E-1,3.208541849E-1,-3.567017128E-1,-6.235030505E-1,1.037613985E2,5.731151362E1,-2.308353502E0,-9.183436883E1
2.341700771E1,6.175608233E-1,3.204936160E-1,-3.571104134E-1,-6.231970469E-1,1.037235383E2,5.731774004E1,-2.384963824E0,-9.182416970E1
2.342697671E1,6.178245746E-1,3.201445426E-1,-3.574848592E-1,-6.229004210E-1,1.036851063E2,5.732174598E1,-2.458142581E0,-9.181255751E1
2.343694671E1,6.181513844E-1,3.198418031E-1,-3.577970395E-1,-6.225523692E-1,1.036374718E2,5.732381922E1,-2.528075524E0,-9.178853307E1
2.344691571E1,6.186127380E-1,3.196412315E-1,-3.580116460E-1,-6.220735668E-1,1.035702003E2,5.732537997E1,-2.594116499E0,-9.173786397E1
2.345688571E1,6.189906484E-1,3.194206165E-1,-3.582532924E-1,-6.216717170E-1,1.035150726E2,5.732789675E1,-2.657262136E0,-9.170045575E1
2.346685471E1,6.194843800E-1,3.193311493E-1,-3.584006272E-1,-6.211406433E-1,1.034430181E2,5.733279390E1,-2.713859212E0,-9.163690265E1
2.347682471E1,6.199676757E-1,3.193289076E-1,-3.585035999E-1,-6.205999436E-1,1.033724520E2,5.734121306E1,-2.761022382E0,-9.156838222E1
2.348679471E1,6.204347744E-1,3.194121160E-1,-3.585374754E-1,-6.200704675E-1,1.033042181E2,5.735067212E1,-2.796123633E0,-9.149582425E1
2.349676371E1,6.209488494E-1,3.196153876E-1,-3.584750164E-1,-6.194871032E-1,1.032290847E2,5.736152920E1,-2.819751080E0,-9.140772472E1
2.350673371E1,6.213709340E-1,3.198291235E-1,-3.584331975E-1,-6.189776060E-1,1.031673668E2,5.737549968E1,-2.837633931E0,-9.133188957E1
2.351670271E1,6.218684684E-1,3.201054567E-1,-3.583680200E-1,-6.183725128E-1,1.030945826E2,5.739263673E1,-2.856042936E0,-9.124062483E1
2.352667271E1,6.222769237E-1,3.202886967E-1,-3.583987174E-1,-6.178485751E-1,1.030348023E2,5.741080279E1,-2.881282454E0,-9.116884587E1
2.353664171E1,6.225961186E-1,3.203272150E-1,-3.585619983E-1,-6.174122963E-1,1.029880687E2,5.742887282E1,-2.919376861E0,-9.112047186E1
2.354661171E1,6.229323983E-1,3.202506855E-1,-3.588235524E-1,-6.169606185E-1,1.029388172E2,5.744594959E1,-2.973926728E0,-9.107807406E1
2.355658171E1,6.231718220E-1,3.200023128E-1,-3.592368036E-1,-6.166070611E-1,1.029037410E2,5.746234808E1,-3.043902592E0,-9.106214420E1
2.356655071E1,6.234594647E-1,3.196989898E-1,-3.596827936E-1,-6.162134613E-1,1.028615892E2,5.747684070E1,-3.123573511E0,-9.104333001E1
2.357652071E1,6.238474715E-1,3.194379573E-1,-3.600860296E-1,-6.157205931E-1,1.028047103E2,5.749076973E1,-3.204990017E0,-9.100702992E1
2.358648971E1,6.241702338E-1,3.191255714E-1,-3.605108633E-1,-6.153066251E-1,1.027573786E2,5.750235552E1,-3.286003364E0,-9.098375271E1
2.359645971E1,6.245365080E-1,3.188200581E-1,-3.608911451E-1,-6.148703028E-1,1.027036471E2,5.751020690E1,-3.365966934E0,-9.095370534E1
2.360642871E1,6.249851991E-1,3.185729472E-1,-3.611848283E-1,-6.143697711E-1,1.026377978E2,5.751477443E1,-3.441372089E0,-9.090748579E1
2.361639871E1,6.253950179E-1,3.183608024E-1,-3.614173300E-1,-6.139258133E-1,1.025776268E2,5.751674251E1,-3.506246975E0,-9.086422593E1
2.362636871E1,6.259070764E-1,3.182465252E-1,-3.614857936E-1,-6.134228585E-1,1.025024091E2,5.751151263E1,-3.558845899E0,-9.079907612E1
2.363633771E1,6.263655406E-1,3.180252028E-1,-3.615040524E-1,-6.130587190E-1,1.024350303E2,5.749217364E1,-3.608071524E0,-9.074935095E1
2.364630771E1,6.267338909E-1,3.175831548E-1,-3.615611311E-1,-6.128778379E-1,1.023808722E2,5.745721861E1,-3.665182010E0,-9.072867306E1
2.365627671E1,6.270828556E-1,3.169808816E-1,-3.616890415E-1,-6.127571405E-1,1.023295453E2,5.741483876E1,-3.735660801E0,-9.072236642E1
2.366624671E1,6.273926290E-1,3.162826532E-1,-3.618849638E-1,-6.126850753E-1,1.022839673E2,5.737056081E1,-3.814395526E0,-9.072857131E1
2.367621571E1,6.276164683E-1,3.154694561E-1,-3.621136263E-1,-6.127400796E-1,1.022510240E2,5.731956701E1,-3.895411483E0,-9.075539935E1
2.368618571E1,6.279994521E-1,3.146230526E-1,-3.622474952E-1,-6.127035429E-1,1.021946410E2,5.725617158E1,-3.981888733E0,-9.076147424E1
2.369615571E1,6.283288969E-1,3.135622269E-1,-3.624463756E-1,-6.127921948E-1,1.021461222E2,5.718029705E1,-4.081425970E0,-9.079060890E1
2.370612471E1,6.287146604E-1,3.123416806E-1,-3.627027286E-1,-6.128680236E-1,1.020892879E2,5.709572054E1,-4.199218199E0,-9.082276798E1
2.371609471E1,6.291406966E-1,3.110259508E-1,-3.630017921E-1,-6.129229673E-1,1.020264938E2,5.700684371E1,-4.329291056E0,-9.085559164E1
2.372606371E1,6.295351305E-1,3.096612674E-1,-3.633257011E-1,-6.130169310E-1,1.019683327E2,5.691633540E1,-4.461970564E0,-9.089603039E1
2.373603371E1,6.299882644E-1,3.083399374E-1,-3.636028009E-1,-6.130531220E-1,1.019014866E2,5.682513621E1,-4.592788943E0,-9.092445387E1
2.374600271E1,6.303217046E-1,3.069440180E-1,-3.639136075E-1,-6.132265398E-1,1.018522774E2,5.673130624E1,-4.721521152E0,-9.097508111E1
2.375597271E1,6.306125363E-1,3.054907525E-1,-3.642190879E-1,-6.134719003E-1,1.018093424E2,5.663238468E1,-4.849703592E0,-9.103546722E1
2.376594271E1,6.309578224E-1,3.040380955E-1,-3.644798741E-1,-6.136835427E-1,1.017583513E2,5.652926966E1,-4.978188598E0,-9.108740889E1
2.377591171E1,6.312420107E-1,3.025249446E-1,-3.647719044E-1,-6.139655552E-1,1.017163692E2,5.642439968E1,-5.108318686E0,-9.115197147E1
2.378588171E1,6.316747785E-1,3.010865728E-1,-3.650068151E-1,-6.140879457E-1,1.016524140E2,5.632012807E1,-5.240927011E0,-9.118924351E1
2.379585071E1,6.320592881E-1,2.996104005E-1,-3.652910324E-1,-6.142451916E-1,1.015955660E2,5.621772080E1,-5.376656003E0,-9.123563714E1
2.380582071E1,6.324561264E-1,2.981392094E-1,-3.655958094E-1,-6.143711428E-1,1.015368711E2,5.611786871E1,-5.515231511E0,-9.127939260E1
2.381578971E1,6.329600420E-1,2.967217740E-1,-3.658907478E-1,-6.143627899E-1,1.014623034E2,5.602137262E1,-5.658489577E0,-9.130337322E1
2.382575971E1,6.334018266E-1,2.952417479E-1,-3.662574227E-1,-6.144021537E-1,1.013968971E2,5.592685296E1,-5.807234140E0,-9.134021576E1
2.383572971E1,6.339007906E-1,2.937192852E-1,-3.665934938E-1,-6.144167912E-1,1.013229885E2,5.582567206E1,-5.960089815E0,-9.137104142E1
2.384569871E1,6.344497217E-1,2.920377260E-1,-3.669345725E-1,-6.144481379E-1,1.012416334E2,5.571129253E1,-6.126214606E0,-9.140474616E1
2.385566871E1,6.348586594E-1,2.900225035E-1,-3.674382405E-1,-6.146792422E-1,1.011809954E2,5.558506945E1,-6.315377376E0,-9.148066893E1
2.386563771E1,6.352366350E-1,2.877951927E-1,-3.680317287E-1,-6.149805896E-1,1.011249251E2,5.545007032E1,-6.522741026E0,-9.157438835E1
2.387560771E1,6.355557189E-1,2.854480584E-1,-3.686524859E-1,-6.153728602E-1,1.010775734E2,5.530849658E1,-6.735404229E0,-9.168356874E1
2.388557671E1,6.359642555E-1,2.831278032E-1,-3.691892550E-1,-6.157007133E-1,1.010169235E2,5.516123587E1,-6.946261001E0,-9.177666682E1
2.389554671E1,6.364061382E-1,2.808303733E-1,-3.696516112E-1,-6.160188225E-1,1.009512934E2,5.500913207E1,-7.152085428E0,-9.186220303E1
2.390551671E1,6.368025537E-1,2.784949584E-1,-3.700671528E-1,-6.164199097E-1,1.008923898E2,5.485021575E1,-7.352864864E0,-9.195571479E1
2.391548571E1,6.372378233E-1,2.761887303E-1,-3.703708577E-1,-6.168251326E-1,1.008276841E2,5.468327707E1,-7.545202699E0,-9.204038465E1
2.392545571E1,6.375943837E-1,2.738748156E-1,-3.705924342E-1,-6.173550047E-1,1.007746565E2,5.450888688E1,-7.725044091E0,-9.213591717E1
2.393542471E1,6.379305865E-1,2.716412803E-1,-3.706922011E-1,-6.179344001E-1,1.007246379E2,5.433013353E1,-7.888099034E0,-9.222817189E1
2.394539471E1,6.383544119E-1,2.695393801E-1,-3.706207569E-1,-6.184597217E-1,1.006615574E2,5.414559337E1,-8.034901362E0,-9.229806129E1
2.395536471E1,6.387926133E-1,2.674835938E-1,-3.704251428E-1,-6.190166916E-1,1.005963070E2,5.395315254E1,-8.169155076E0,-9.236188979E1
2.396533371E1,6.394057439E-1,2.655440274E-1,-3.700535446E-1,-6.194410478E-1,1.005049568E2,5.375228137E1,-8.293907676E0,-9.239165409E1
2.397530371E1,6.401240408E-1,2.636654054E-1,-3.695334209E-1,-6.198119941E-1,1.003978609E2,5.354148991E1,-8.409583269E0,-9.240106133E1
2.398527271E1,6.408708856E-1,2.618029309E-1,-3.688875257E-1,-6.202142410E-1,1.002864201E2,5.331986438E1,-8.515139542E0,-9.240425466E1
2.399524271E1,6.417706760E-1,2.600361192E-1,-3.680665209E-1,-6.205147928E-1,1.001520372E2,5.308814314E1,-8.610473497E0,-9.237792959E1
2.400521171E1,6.426467799E-1,2.582736855E-1,-3.671688562E-1,-6.208759518E-1,1.000210649E2,5.284975553E1,-8.696934102E0,-9.235391876E1
2.401518171E1,6.436111249E-1,2.566192215E-1,-3.662275801E-1,-6.211188612E-1,9.987675584E1,5.261541095E1,-8.779614013E0,-9.230934170E1
2.402515171E1,6.444999887E-1,2.549949504E-1,-3.653313854E-1,-6.213939247E-1,9.974360662E1,5.238864358E1,-8.859240296E0,-9.227341184E1
2.403512071E1,6.454693741E-1,2.534647828E-1,-3.643466506E-1,-6.215919227E-1,9.959824669E1,5.216048926E1,-8.931057093E0,-9.221901494E1
2.404509071E1,6.465745291E-1,2.520033039E-1,-3.631891664E-1,-6.217148427E-1,9.943233769E1,5.192030086E1,-8.992741547E0,-9.213936518E1
2.405505971E1,6.477533132E-1,2.505452548E-1,-3.618980609E-1,-6.218299668E-1,9.925515058E1,5.166707117E1,-9.047210218E0,-9.204761064E1
2.406502971E1,6.488937187E-1,2.491188842E-1,-3.605144168E-1,-6.220176928E-1,9.908351032E1,5.140809077E1,-9.088412757E0,-9.195889151E1
2.407499871E1,6.500266773E-1,2.478319987E-1,-3.590171236E-1,-6.222148887E-1,9.891277348E1,5.114993178E1,-9.110086805E0,-9.186239904E1
2.408496871E1,6.511573745E-1,2.467388780E-1,-3.573903396E-1,-6.224035564E-1,9.874216021E1,5.089553528E1,-9.107794891E0,-9.175433030E1
2.409493871E1,6.521968317E-1,2.458005522E-1,-3.557081430E-1,-6.226500839E-1,9.858512185E1,5.064965375E1,-9.084328161E0,-9.165058212E1
2.410490771E1,6.532691384E-1,2.450508862E-1,-3.539652022E-1,-6.228147029E-1,9.842292641E1,5.041345285E1,-9.045948595E0,-9.153062427E1
2.411487771E1,6.542337086E-1,2.443012571E-1,-3.522747816E-1,-6.230551954E-1,9.827685762E1,5.018354772E1,-9.004598691E0,-9.142666532E1
2.412484671E1,6.552353455E-1,2.435161825E-1,-3.506842070E-1,-6.232071177E-1,9.812500498E1,4.996009003E1,-8.977079454E0,-9.131877667E1
2.413481671E1,6.561452697E-1,2.425688478E-1,-3.493226109E-1,-6.233839079E-1,9.798690497E1,4.974596056E1,-8.973969532E0,-9.123373770E1
2.414478671E1,6.569276693E-1,2.414641104E-1,-3.481956727E-1,-6.236191018E-1,9.786804367E1,4.954230745E1,-8.993097752E0,-9.117662001E1
2.415475571E1,6.577515585E-1,2.403350648E-1,-3.471542820E-1,-6.237674561E-1,9.774276307E1,4.934440257E1,-9.024463116E0,-9.111416173E1
2.416472571E1,6.584461596E-1,2.390897888E-1,-3.462007991E-1,-6.240431597E-1,9.763704902E1,4.914653058E1,-9.062076815E0,-9.107747776E1
2.417469471E1,6.590305560E-1,2.377159121E-1,-3.453147617E-1,-6.244417121E-1,9.754804134E1,4.894558732E1,-9.106291780E0,-9.106424830E1
2.418466471E1,6.595901252E-1,2.362495811E-1,-3.444756180E-1,-6.248708237E-1,9.746275820E1,4.874182441E1,-9.158984001E0,-9.105944392E1
2.419463371E1,6.599994620E-1,2.345909604E-1,-3.437734673E-1,-6.254499991E-1,9.740033648E1,4.853674296E1,-9.226096097E0,-9.108761653E1
2.420460371E1,6.603728119E-1,2.327007427E-1,-3.432209800E-1,-6.260650770E-1,9.734337650E1,4.832726713E1,-9.319285933E0,-9.113322848E1
2.421457371E1,6.606587454E-1,2.305307754E-1,-3.429027239E-1,-6.267403446E-1,9.729973635E1,4.811800417E1,-9.445971606E0,-9.120656571E1
2.422454271E1,6.608518122E-1,2.281747349E-1,-3.428604822E-1,-6.274216563E-1,9.727026155E1,4.792070182E1,-9.603931429E0,-9.130308803E1
2.423451271E1,6.609604905E-1,2.257510172E-1,-3.430839659E-1,-6.280614218E-1,9.725366710E1,4.774410219E1,-9.785428445E0,-9.141505132E1
2.424448171E1,6.610208803E-1,2.233442635E-1,-3.435047179E-1,-6.286281771E-1,9.724444505E1,4.758839871E1,-9.981290535E0,-9.153241578E1
2.425445171E1,6.610336745E-1,2.210463014E-1,-3.440278340E-1,-6.291407012E-1,9.724249119E1,4.745214883E1,-1.017699254E1,-9.165031526E1
2.426442171E1,6.610691200E-1,2.189305296E-1,-3.445198564E-1,-6.295737600E-1,9.723707797E1,4.732791156E1,-1.036026817E1,-9.175428159E1
2.427439071E1,6.609865043E-1,2.168482435E-1,-3.449689521E-1,-6.301349954E-1,9.724969465E1,4.720415414E1,-1.053011528E1,-9.187379418E1
2.428436071E1,6.608772636E-1,2.147432613E-1,-3.453671134E-1,-6.307520213E-1,9.726637547E1,4.707460085E1,-1.069559404E1,-9.199766163E1
2.429432971E1,6.606233394E-1,2.124897484E-1,-3.458197337E-1,-6.315328654E-1,9.730514093E1,4.694057833E1,-1.086669728E1,-9.215041064E1
2.430429971E1,6.602572663E-1,2.101068340E-1,-3.463555623E-1,-6.324186934E-1,9.736100733E1,4.680612557E1,-1.104714070E1,-9.232588284E1
2.431426871E1,6.599162312E-1,2.077015187E-1,-3.469475517E-1,-6.332441644E-1,9.741303116E1,4.667566450E1,-1.123660910E1,-9.249756200E1
2.432423871E1,6.594928384E-1,2.052479767E-1,-3.476146151E-1,-6.341186128E-1,9.747758954E1,4.655031446E1,-1.143146090E1,-9.268318731E1
2.433420871E1,6.591215971E-1,2.028254813E-1,-3.483343358E-1,-6.348888161E-1,9.753416968E1,4.643259930E1,-1.163323548E1,-9.285827086E1
2.434417771E1,6.588427984E-1,2.004489364E-1,-3.491287723E-1,-6.354961917E-1,9.757664475E1,4.632519825E1,-1.184547384E1,-9.301589702E1
2.435414771E1,6.585669420E-1,1.980560174E-1,-3.500390494E-1,-6.360315041E-1,9.761865799E1,4.622829356E1,-1.207011667E1,-9.317297072E1
2.436411671E1,6.583775893E-1,1.957293692E-1,-3.510236577E-1,-6.364049542E-1,9.764748880E1,4.614327788E1,-1.230325772E1,-9.331267459E1
2.437408671E1,6.581575525E-1,1.934462954E-1,-3.520503760E-1,-6.367635698E-1,9.768098361E1,4.606686601E1,-1.253583121E1,-9.345421825E1
2.438405671E1,6.581154735E-1,1.913663274E-1,-3.529194651E-1,-6.369542587E-1,9.768738806E1,4.598933254E1,-1.275251969E1,-9.355786335E1
2.439402571E1,6.581962288E-1,1.895173030E-1,-3.535031990E-1,-6.370999162E-1,9.767509678E1,4.590107198E1,-1.293620556E1,-9.363091015E1
2.440399571E1,6.582761860E-1,1.878675437E-1,-3.537589092E-1,-6.373641302E-1,9.766292585E1,4.579707422E1,-1.307710316E1,-9.369398964E1
2.441396471E1,6.584726423E-1,1.864941833E-1,-3.536494591E-1,-6.376251357E-1,9.763301683E1,4.567784150E1,-1.317406938E1,-9.372556547E1
2.442393471E1,6.586612482E-1,1.853012589E-1,-3.532863218E-1,-6.379793813E-1,9.760429656E1,4.554838472E1,-1.323557101E1,-9.374952822E1
2.443390371E1,6.588039159E-1,1.842422087E-1,-3.527923449E-1,-6.384119338E-1,9.758256741E1,4.541742853E1,-1.327335293E1,-9.377410176E1
2.444387371E1,6.589926324E-1,1.833375372E-1,-3.522107079E-1,-6.387986904E-1,9.755381921E1,4.528931869E1,-1.329571563E1,-9.378435198E1
2.445384371E1,6.590761694E-1,1.824432442E-1,-3.516089984E-1,-6.392998987E-1,9.754109155E1,4.516170170E1,-1.330898396E1,-9.381017961E1
2.446381271E1,6.591665619E-1,1.815333623E-1,-3.509781602E-1,-6.398121219E-1,9.752731800E1,4.503004629E1,-1.332130809E1,-9.383539156E1
2.447378271E1,6.592166113E-1,1.805073552E-1,-3.503836631E-1,-6.403763207E-1,9.751969110E1,4.489361155E1,-1.334253806E1,-9.387176904E1
2.448375171E1,6.591366271E-1,1.793370373E-1,-3.499014873E-1,-6.410506597E-1,9.753187947E1,4.475888227E1,-1.337582994E1,-9.393445837E1
2.449372171E1,6.589541075E-1,1.780953859E-1,-3.495342250E-1,-6.417845443E-1,9.755968843E1,4.463134176E1,-1.341816468E1,-9.401599381E1
2.450369171E1,6.587515570E-1,1.768774210E-1,-3.492208684E-1,-6.424994319E-1,9.759054240E1,4.451119484E1,-1.346270015E1,-9.409933001E1
2.451366071E1,6.583718521E-1,1.755990597E-1,-3.489852307E-1,-6.433667759E-1,9.764836225E1,4.439671226E1,-1.350763310E1,-9.421244655E1
2.452363071E1,6.579579128E-1,1.743520714E-1,-3.488043258E-1,-6.442269661E-1,9.771136611E1,4.429055832E1,-1.355345915E1,-9.432925553E1
2.453359971E1,6.574398970E-1,1.731205141E-1,-3.487042113E-1,-6.451414150E-1,9.779016836E1,4.419509433E1,-1.359926795E1,-9.446125428E1
2.454356971E1,6.568798770E-1,1.719744412E-1,-3.486430720E-1,-6.460508324E-1,9.787530729E1,4.411070634E1,-1.364024540E1,-9.459588167E1
2.455353871E1,6.563379170E-1,1.709514951E-1,-3.485530042E-1,-6.469211164E-1,9.795764815E1,4.403277141E1,-1.367138156E1,-9.472220429E1
2.456350871E1,6.558146770E-1,1.700037494E-1,-3.483986940E-1,-6.477841443E-1,9.803709604E1,4.395420674E1,-1.369294340E1,-9.484215535E1
2.457347871E1,6.553648266E-1,1.691107525E-1,-3.481456338E-1,-6.486086802E-1,9.810536234E1,4.386925198E1,-1.370667920E1,-9.494811370E1
2.458344771E1,6.550327121E-1,1.682397142E-1,-3.478015364E-1,-6.493548454E-1,9.815573920E1,4.377545018E1,-1.371828691E1,-9.503467922E1
2.459341771E1,6.547351278E-1,1.672780495E-1,-3.474512961E-1,-6.500904196E-1,9.820086201E1,4.367374544E1,-1.373817536E1,-9.511947022E1
2.460338671E1,6.546274141E-1,1.662653661E-1,-3.471505994E-1,-6.506190961E-1,9.821719089E1,4.357007735E1,-1.377783498E1,-9.517705996E1
2.461335671E1,6.545841145E-1,1.651486221E-1,-3.469741095E-1,-6.510411273E-1,9.822375433E1,4.346958757E1,-1.383994165E1,-9.522902563E1
2.462332671E1,6.545994234E-1,1.639770451E-1,-3.469367463E-1,-6.513416669E-1,9.822143382E1,4.337751970E1,-1.392189795E1,-9.527421154E1
2.463329571E1,6.546916225E-1,1.627793792E-1,-3.470758098E-1,-6.514753748E-1,9.820745744E1,4.329934581E1,-1.402597396E1,-9.530871353E1
2.464326571E1,6.546961181E-1,1.614589079E-1,-3.474231526E-1,-6.516141785E-1,9.820677593E1,4.323351494E1,-1.415201253E1,-9.536175522E1
2.465323471E1,6.546384936E-1,1.600330589E-1,-3.479296102E-1,-6.517536522E-1,9.821551138E1,4.317630290E1,-1.429603598E1,-9.542860498E1
2.466320471E1,6.544818598E-1,1.584832666E-1,-3.485867744E-1,-6.519385244E-1,9.823925302E1,4.312622242E1,-1.445649113E1,-9.551558130E1
2.467317471E1,6.542128606E-1,1.568391391E-1,-3.493589678E-1,-6.521926036E-1,9.828001641E1,4.308241359E1,-1.462737033E1,-9.562342347E1
2.468314371E1,6.539926476E-1,1.552465362E-1,-3.501229638E-1,-6.523848311E-1,9.831337755E1,4.304124649E1,-1.479697527E1,-9.572132885E1
2.469311371E1,6.537498783E-1,1.537092088E-1,-3.508328221E-1,-6.526108259E-1,9.835014611E1,4.299970477E1,-1.495671468E1,-9.582005923E1
2.470308271E1,6.536090645E-1,1.523245373E-1,-3.514430874E-1,-6.527481837E-1,9.837146837E1,4.295841601E1,-1.510291600E1,-9.589659041E1
2.471305271E1,6.535883280E-1,1.510896241E-1,-3.519607876E-1,-6.527770124E-1,9.837460803E1,4.291738823E1,-1.523741296E1,-9.594833338E1
2.472302171E1,6.535546891E-1,1.498941920E-1,-3.524376581E-1,-6.528289431E-1,9.837970106E1,4.287570147E1,-1.536481572E1,-9.600020516E1
2.473299171E1,6.536276055E-1,1.487830957E-1,-3.528694315E-1,-6.527769315E-1,9.836866105E1,4.283412093E1,-1.548856541E1,-9.603208804E1
2.474296171E1,6.537024306E-1,1.477328700E-1,-3.532467407E-1,-6.527364139E-1,9.835733110E1,4.279179486E1,-1.560329786E1,-9.606100906E1
2.475293071E1,6.538959779E-1,1.468091270E-1,-3.535117706E-1,-6.526075199E-1,9.832801985E1,4.274580552E1,-1.570606619E1,-9.606634905E1
2.476290071E1,6.541767716E-1,1.459401116E-1,-3.537154979E-1,-6.524105984E-1,9.828548428E1,4.269630952E1,-1.580469979E1,-9.605578536E1
2.477286971E1,6.544114149E-1,1.450204358E-1,-3.539667247E-1,-6.522441487E-1,9.824992926E1,4.264854032E1,-1.590852241E1,-9.605419649E1
2.478283971E1,6.546961300E-1,1.441207797E-1,-3.542659147E-1,-6.519952585E-1,9.820677413E1,4.260599634E1,-1.601809449E1,-9.604400922E1
2.479280971E1,6.549501065E-1,1.433076722E-1,-3.545962301E-1,-6.517397646E-1,9.816826625E1,4.257344433E1,-1.612220962E1,-9.603531725E1
2.480277871E1,6.551649501E-1,1.426834563E-1,-3.549008464E-1,-6.514949968E-1,9.813568295E1,4.255305929E1,-1.620781439E1,-9.602559698E1
2.481274871E1,6.554968280E-1,1.423873220E-1,-3.550554094E-1,-6.511416240E-1,9.808533434E1,4.254001955E1,-1.626299582E1,-9.598521413E1
2.482271771E1,6.558080644E-1,1.423165679E-1,-3.550583492E-1,-6.508420201E-1,9.803809978E1,4.252919002E1,-1.628700737E1,-9.593937782E1
2.483268771E1,6.561833961E-1,1.424493937E-1,-3.548772231E-1,-6.505332805E-1,9.798111533E1,4.251422278E1,-1.628365799E1,-9.587562251E1
2.484265771E1,6.565413187E-1,1.426846891E-1,-3.545395952E-1,-6.503048330E-1,9.792675105E1,4.249194103E1,-1.625797860E1,-9.581045279E1
2.485262671E1,6.570352297E-1,1.430770868E-1,-3.540399760E-1,-6.499918163E-1,9.785169481E1,4.246298834E1,-1.621458841E1,-9.571788567E1
2.486259671E1,6.576174818E-1,1.435709108E-1,-3.534361065E-1,-6.496226586E-1,9.776315891E1,4.242986383E1,-1.615982488E1,-9.560755512E1
2.487256571E1,6.581765887E-1,1.440524807E-1,-3.528073176E-1,-6.492914818E-1,9.767808619E1,4.239399859E1,-1.610240227E1,-9.550116109E1
2.488253571E1,6.588294915E-1,1.445330496E-1,-3.521660006E-1,-6.488706396E-1,9.757867172E1,4.235524462E1,-1.604952779E1,-9.538010205E1
2.489250571E1,6.594983129E-1,1.449412735E-1,-3.515569471E-1,-6.484302541E-1,9.747675500E1,4.231409053E1,-1.600574941E1,-9.525919928E1
2.490247471E1,6.601045235E-1,1.452312016E-1,-3.510268240E-1,-6.480355364E-1,9.738431033E1,4.227305763E1,-1.597386345E1,-9.515253192E1
2.491244471E1,6.606337793E-1,1.454173432E-1,-3.505876328E-1,-6.476922325E-1,9.730354734E1,4.223460100E1,-1.595299777E1,-9.506189496E1
2.492241371E1,6.611060578E-1,1.455220887E-1,-3.502383513E-1,-6.473756445E-1,9.723143662E1,4.219985808E1,-1.594261621E1,-9.498329725E1
2.493238371E1,6.614440037E-1,1.455261453E-1,-3.499943527E-1,-6.471614417E-1,9.717981216E1,4.217028981E1,-1.594089010E1,-9.492964601E1
2.494235371E1,6.617569711E-1,1.455252707E-1,-3.498265134E-1,-6.469324309E-1,9.713198512E1,4.214817329E1,-1.594474672E1,-9.488024195E1
2.495232271E1,6.619373319E-1,1.454874123E-1,-3.497705107E-1,-6.467866304E-1,9.710441474E1,4.213655605E1,-1.595329529E1,-9.485320268E1
2.496229271E1,6.620120135E-1,1.454501861E-1,-3.498007827E-1,-6.467022551E-1,9.709299702E1,4.213528749E1,-1.596312941E1,-9.484291946E1
2.497226171E1,6.620374215E-1,1.454462875E-1,-3.498906609E-1,-6.466285468E-1,9.708911228E1,4.214318210E1,-1.597285920E1,-9.483927425E1
2.498223171E1,6.618937060E-1,1.454111476E-1,-3.500579312E-1,-6.466930262E-1,9.711108404E1,4.215938020E1,-1.598165311E1,-9.486346956E1
2.499220171E1,6.616960392E-1,1.454103468E-1,-3.502559371E-1,-6.467881075E-1,9.714129798E1,4.218212674E1,-1.598743635E1,-9.489491463E1
2.500217071E1,6.615243955E-1,1.454911423E-1,-3.504428162E-1,-6.468444375E-1,9.716752853E1,4.220942614E1,-1.598780025E1,-9.491930715E1
2.501214071E1,6.612604878E-1,1.455723698E-1,-3.506506739E-1,-6.469834220E-1,9.720784851E1,4.224051595E1,-1.598448522E1,-9.495817506E1
2.502210971E1,6.610238622E-1,1.456920142E-1,-3.508891935E-1,-6.470688247E-1,9.724398968E1,4.227691879E1,-1.598267860E1,-9.499137560E1
2.503207971E1,6.607720993E-1,1.458363356E-1,-3.511591756E-1,-6.471470268E-1,9.728243183E1,4.231849606E1,-1.598092224E1,-9.502612123E1
2.504204871E1,6.605321771E-1,1.460323500E-1,-3.514009826E-1,-6.472164229E-1,9.731905545E1,4.236098781E1,-1.597359004E1,-9.505701292E1
2.505201871E1,6.602560322E-1,1.462361932E-1,-3.515679474E-1,-6.473614911E-1,9.736119562E1,4.239750740E1,-1.595691039E1,-9.509310539E1
2.506198871E1,6.599085861E-1,1.464004290E-1,-3.516513244E-1,-6.476334100E-1,9.741419715E1,4.242431204E1,-1.593149501E1,-9.514160378E1
2.507195771E1,6.597046994E-1,1.466038824E-1,-3.516475206E-1,-6.477971729E-1,9.744528924E1,4.244291700E1,-1.590409071E1,-9.516596038E1
2.508192771E1,6.595358019E-1,1.467735129E-1,-3.516262470E-1,-6.479421311E-1,9.747103998E1,4.245664409E1,-1.587971533E1,-9.518601345E1
2.509189771E1,6.593537762E-1,1.468836321E-1,-3.516244874E-1,-6.481034205E-1,9.749878660E1,4.246806268E1,-1.586062950E1,-9.521037748E1
2.510186671E1,6.592285316E-1,1.469794213E-1,-3.516303985E-1,-6.482058215E-1,9.751787453E1,4.247809362E1,-1.584665945E1,-9.522639156E1
2.511183671E1,6.590687795E-1,1.470381108E-1,-3.516548647E-1,-6.483417184E-1,9.754221752E1,4.248779241E1,-1.583497740E1,-9.524922122E1
2.512180571E1,6.588853318E-1,1.470779501E-1,-3.516866329E-1,-6.485019011E-1,9.757016567E1,4.249722582E1,-1.582390418E1,-9.527645189E1
2.513177571E1,6.587562073E-1,1.471436992E-1,-3.517023537E-1,-6.486096993E-1,9.758983412E1,4.250603213E1,-1.581276156E1,-9.529420659E1
2.514174571E1,6.585758129E-1,1.471602313E-1,-3.517269148E-1,-6.487757638E-1,9.761730714E1,4.251296605E1,-1.580294441E1,-9.532178476E1
2.515171471E1,6.584247523E-1,1.471608635E-1,-3.517532987E-1,-6.489146861E-1,9.764030836E1,4.251835206E1,-1.579620216E1,-9.534538899E1
2.516168471E1,6.582057356E-1,1.470949774E-1,-3.518266447E-1,-6.491119550E-1,9.767364974E1,4.252457911E1,-1.579441275E1,-9.538214247E1
2.517165371E1,6.579087149E-1,1.469853640E-1,-3.519970761E-1,-6.493455026E-1,9.771885229E1,4.253840085E1,-1.579970648E1,-9.543290839E1
2.518162371E1,6.576468940E-1,1.469064862E-1,-3.522452999E-1,-6.494939484E-1,9.775868497E1,4.256141384E1,-1.581167485E1,-9.547721228E1
2.519159271E1,6.572959366E-1,1.467965777E-1,-3.525775751E-1,-6.496936830E-1,9.781205970E1,4.259193051E1,-1.582797341E1,-9.553673026E1
2.520156271E1,6.569750769E-1,1.467166462E-1,-3.529405227E-1,-6.498392960E-1,9.786083810E1,4.262713219E1,-1.584654155E1,-9.559053393E1
2.521153271E1,6.566838392E-1,1.466203512E-1,-3.533282211E-1,-6.499445818E-1,9.790509758E1,4.266300121E1,-1.587024095E1,-9.564035389E1
2.522150171E1,6.563110902E-1,1.464405528E-1,-3.537677284E-1,-6.501226124E-1,9.796172266E1,4.269925925E1,-1.589973303E1,-9.570610624E1
2.523147171E1,6.560222838E-1,1.463299068E-1,-3.542386457E-1,-6.501824771E-1,9.800557909E1,4.274219502E1,-1.593189838E1,-9.575627889E1
2.524144171E1,6.556744064E-1,1.462575617E-1,-3.548430947E-1,-6.502200694E-1,9.805838636E1,4.280211591E1,-1.596939597E1,-9.581456324E1
2.525141071E1,6.553824739E-1,1.462840405E-1,-3.555941831E-1,-6.500980356E-1,9.810268496E1,4.288267415E1,-1.601580188E1,-9.586084877E1
2.526138071E1,6.550662300E-1,1.463546154E-1,-3.564778972E-1,-6.499170310E-1,9.815065589E1,4.297997496E1,-1.606910548E1,-9.590964998E1
2.527134971E1,6.547174274E-1,1.464642288E-1,-3.574599714E-1,-6.497044375E-1,9.820354544E1,4.309047956E1,-1.612617980E1,-9.596230596E1
2.528131971E1,6.543771198E-1,1.466001313E-1,-3.585280358E-1,-6.494278839E-1,9.825512652E1,4.321129737E1,-1.618935338E1,-9.601286351E1
2.529128971E1,6.539461390E-1,1.466394121E-1,-3.597144274E-1,-6.491970749E-1,9.832042229E1,4.333842924E1,-1.626449997E1,-9.608147367E1
2.530125871E1,6.534643913E-1,1.466321734E-1,-3.610331075E-1,-6.489517051E-1,9.839337145E1,4.347626884E1,-1.635155078E1,-9.616008481E1
2.531122871E1,6.530345660E-1,1.467278678E-1,-3.624284843E-1,-6.485849550E-1,9.845842437E1,4.362850289E1,-1.644087011E1,-9.622705184E1
2.532119771E1,6.525560579E-1,1.469230078E-1,-3.638726039E-1,-6.482136141E-1,9.853080789E1,4.379401894E1,-1.652415581E1,-9.629795906E1
2.533116771E1,6.521204229E-1,1.472189313E-1,-3.653369435E-1,-6.477610463E-1,9.859667178E1,4.396838211E1,-1.660440154E1,-9.635849908E1
2.534113771E1,6.516557506E-1,1.474916109E-1,-3.668979890E-1,-6.472841580E-1,9.866688998E1,4.415140531E1,-1.669305413E1,-9.642470990E1
2.535110671E1,6.510731329E-1,1.476830313E-1,-3.686289284E-1,-6.468431974E-1,9.875487913E1,4.434785451E1,-1.679529926E1,-9.651280041E1
2.536107671E1,6.503627746E-1,1.478435687E-1,-3.705254523E-1,-6.464375072E-1,9.886208179E1,4.456133710E1,-1.690637590E1,-9.662239050E1
2.537104571E1,6.496439421E-1,1.480914448E-1,-3.725462567E-1,-6.459419203E-1,9.897047598E1,4.479422803E1,-1.702134179E1,-9.673036560E1
2.538101571E1,6.487676988E-1,1.483671274E-1,-3.746723967E-1,-6.455294816E-1,9.910248810E1,4.504325103E1,-1.713355243E1,-9.686196422E1
2.539098571E1,6.479883571E-1,1.488232827E-1,-3.767289100E-1,-6.450101103E-1,9.921979246E1,4.529716308E1,-1.723231908E1,-9.697139074E1
2.540095471E1,6.473165991E-1,1.494157831E-1,-3.786547259E-1,-6.444196545E-1,9.932082171E1,4.554629495E1,-1.731627380E1,-9.705843978E1
2.541092471E1,6.466819905E-1,1.500612726E-1,-3.804622251E-1,-6.438420354E-1,9.941619442E1,4.578707574E1,-1.738822201E1,-9.713721266E1
2.542089371E1,6.462119532E-1,1.508497032E-1,-3.821516921E-1,-6.431286735E-1,9.948679102E1,4.602347581E1,-1.744982184E1,-9.718446848E1
2.543086371E1,6.458069050E-1,1.517542272E-1,-3.837430201E-1,-6.423747676E-1,9.954759715E1,4.625740848E1,-1.749854687E1,-9.721663534E1
2.544083333E1,6.455888428E-1,1.528586433E-1,-3.851816185E-1,-6.414704593E-1,9.958032150E1,4.648699126E1,-1.753145285E1,-9.721131017E1
2.545080233E1,6.453981450E-1,1.540184613E-1,-3.865429828E-1,-6.405655076E-1,9.960893284E1,4.671243965E1,-1.755555630E1,-9.719899757E1
2.546077233E1,6.451568335E-1,1.551169241E-1,-3.879224175E-1,-6.397090623E-1,9.964512935E1,4.693642661E1,-1.758270747E1,-9.719667162E1
2.547074133E1,6.448551648E-1,1.561324945E-1,-3.892652161E-1,-6.389498948E-1,9.969036581E1,4.715203389E1,-1.760888425E1,-9.720655437E1
2.548071133E1,6.443811817E-1,1.570005510E-1,-3.904772330E-1,-6.384756581E-1,9.976141111E1,4.734716844E1,-1.762286773E1,-9.724823306E1
2.549068133E1,6.438510405E-1,1.577791403E-1,-3.915333382E-1,-6.381717132E-1,9.984083000E1,4.752117079E1,-1.762573080E1,-9.730142199E1
2.550065033E1,6.434331710E-1,1.585448116E-1,-3.924773117E-1,-6.378235216E-1,9.990339717E1,4.768074632E1,-1.762697503E1,-9.733732955E1
2.551062033E1,6.429807198E-1,1.592111111E-1,-3.934098108E-1,-6.375394145E-1,9.997110986E1,4.783269870E1,-1.763205554E1,-9.738245482E1
2.552058933E1,6.426747128E-1,1.599386816E-1,-3.943038824E-1,-6.371132464E-1,1.000168871E2,4.798241967E1,-1.763909177E1,-9.740227463E1
2.553055933E1,6.423365462E-1,1.606832584E-1,-3.952232211E-1,-6.366970687E-1,1.000674573E2,4.813664017E1,-1.764506534E1,-9.742625497E1
2.554052933E1,6.417959258E-1,1.614093748E-1,-3.962132400E-1,-6.364432210E-1,1.001482642E2,4.830069335E1,-1.764511123E1,-9.748208571E1
2.555049833E1,6.411619728E-1,1.622574221E-1,-3.972263554E-1,-6.362349957E-1,1.002429609E2,4.847776835E1,-1.763217803E1,-9.754689751E1
2.556046833E1,6.403882639E-1,1.632535312E-1,-3.982355512E-1,-6.361286784E-1,1.003584451E2,4.866783646E1,-1.759881882E1,-9.762644690E1
2.557043733E1,6.396352859E-1,1.644924484E-1,-3.991439738E-1,-6.359977527E-1,1.004707419E2,4.886470473E1,-1.754047701E1,-9.769161328E1
2.558040733E1,6.388876105E-1,1.658931462E-1,-3.999322568E-1,-6.358901000E-1,1.005821573E2,4.906077801E1,-1.746024043E1,-9.774795970E1
2.559037733E1,6.380636502E-1,1.673307225E-1,-4.006370048E-1,-6.358970857E-1,1.007048363E2,4.925228286E1,-1.736474532E1,-9.781333186E1
2.560034633E1,6.373379681E-1,1.688866472E-1,-4.012342362E-1,-6.358370663E-1,1.008127926E2,4.943939227E1,-1.725799562E1,-9.785752737E1
2.561031633E1,6.366614026E-1,1.705163183E-1,-4.017660662E-1,-6.357439460E-1,1.009133664E2,4.962413921E1,-1.714365377E1,-9.789001097E1
2.562028533E1,6.360906058E-1,1.722797530E-1,-4.022469091E-1,-6.355358691E-1,1.009981606E2,4.981138419E1,-1.702272847E1,-9.789963179E1
2.563025533E1,6.355872156E-1,1.741712720E-1,-4.027017473E-1,-6.352358561E-1,1.010728985E2,5.000404555E1,-1.689534705E1,-9.789241442E1
2.564022533E1,6.350317406E-1,1.761129246E-1,-4.031797874E-1,-6.349527774E-1,1.011553227E2,5.020370449E1,-1.676321640E1,-9.788997858E1
2.565019433E1,6.344843752E-1,1.781517362E-1,-4.036902701E-1,-6.346067138E-1,1.012364959E2,5.041367805E1,-1.662806600E1,-9.788104891E1
2.566016433E1,6.337981874E-1,1.802234540E-1,-4.042710642E-1,-6.343376855E-1,1.013381897E2,5.063574580E1,-1.648757900E1,-9.789069661E1
2.567013333E1,6.330354889E-1,1.823905607E-1,-4.048862817E-1,-6.340873424E-1,1.014511357E2,5.086962576E1,-1.633850540E1,-9.790634653E1
2.568010333E1,6.322284884E-1,1.846631504E-1,-4.054799306E-1,-6.338554230E-1,1.015705432E2,5.110972716E1,-1.617740876E1,-9.792235194E1
2.569007333E1,6.313459415E-1,1.869843143E-1,-4.060477646E-1,-6.336910422E-1,1.017010128E2,5.135195978E1,-1.600567986E1,-9.794584789E1
2.570004233E1,6.304854716E-1,1.893654426E-1,-4.065644849E-1,-6.335093048E-1,1.018281023E2,5.159294714E1,-1.582716740E1,-9.796154746E1
2.571001233E1,6.296161522E-1,1.917508489E-1,-4.070766745E-1,-6.333273975E-1,1.019563828E2,5.183396391E1,-1.564772292E1,-9.797686392E1
2.571998233E1,6.286675090E-1,1.941131587E-1,-4.076224973E-1,-6.331991888E-1,1.020962359E2,5.207805121E1,-1.546760223E1,-9.800373213E1
2.572995133E1,6.277866342E-1,1.965847869E-1,-4.081247086E-1,-6.329871115E-1,1.022259749E2,5.232462978E1,-1.528135788E1,-9.801346667E1
2.573992133E1,6.268814187E-1,1.991593798E-1,-4.085791254E-1,-6.327862251E-1,1.023591756E2,5.257427105E1,-1.508256466E1,-9.801988041E1
2.574989033E1,6.260864705E-1,2.019642526E-1,-4.089335804E-1,-6.324551781E-1,1.024760480E2,5.282901957E1,-1.486775473E1,-9.799633448E1
2.575986033E1,6.252481779E-1,2.049215705E-1,-4.092522948E-1,-6.321269302E-1,1.025991893E2,5.309219997E1,-1.463708242E1,-9.796934999E1
2.576983033E1,6.245361405E-1,2.081195258E-1,-4.094898134E-1,-6.316319662E-1,1.027037010E2,5.336334417E1,-1.439305526E1,-9.790902275E1
2.577979933E1,6.239487504E-1,2.114876069E-1,-4.096476112E-1,-6.309910285E-1,1.027898599E2,5.363770371E1,-1.414074533E1,-9.781899590E1
2.578976933E1,6.234238197E-1,2.149221852E-1,-4.097494907E-1,-6.302829953E-1,1.028668134E2,5.391113115E1,-1.388486346E1,-9.771378687E1
2.579973833E1,6.229041411E-1,2.183767201E-1,-4.097679826E-1,-6.295970211E-1,1.029429564E2,5.417817967E1,-1.362190447E1,-9.760405849E1
2.580970833E1,6.223958304E-1,2.218868150E-1,-4.096069184E-1,-6.289768079E-1,1.030173949E2,5.443158035E1,-1.334134651E1,-9.748667698E1
2.581967833E1,6.220269934E-1,2.255150896E-1,-4.091257911E-1,-6.283641290E-1,1.030713843E2,5.466016280E1,-1.303600947E1,-9.733918289E1
2.582964733E1,6.217016994E-1,2.291263159E-1,-4.083639868E-1,-6.278749773E-1,1.031189833E2,5.485928006E1,-1.271113620E1,-9.718311137E1
2.583961733E1,6.215457966E-1,2.327943561E-1,-4.073631256E-1,-6.273300623E-1,1.031417904E2,5.503761731E1,-1.237516001E1,-9.699631736E1
2.584958633E1,6.214893888E-1,2.364888172E-1,-4.062377257E-1,-6.267336155E-1,1.031500414E2,5.520578432E1,-1.203527654E1,-9.679096340E1
2.585955633E1,6.215488911E-1,2.401965808E-1,-4.050744937E-1,-6.260168752E-1,1.031413377E2,5.537170279E1,-1.170150278E1,-9.656563134E1
2.586952633E1,6.215032620E-1,2.437918861E-1,-4.040281455E-1,-6.253481995E-1,1.031480122E2,5.554387961E1,-1.137911384E1,-9.636003545E1
2.587949533E1,6.214338501E-1,2.473609181E-1,-4.030498382E-1,-6.246465769E-1,1.031581649E2,5.572293400E1,-1.106434793E1,-9.615731768E1
2.588946533E1,6.214381649E-1,2.508941464E-1,-4.020471488E-1,-6.238788142E-1,1.031575338E2,5.589769194E1,-1.075675133E1,-9.594380309E1
2.589943533E1,6.214170476E-1,2.541621024E-1,-4.010330377E-1,-6.232295437E-1,1.031606224E2,5.605235248E1,-1.046383558E1,-9.574784536E1
2.590940433E1,6.212591778E-1,2.569713848E-1,-4.000641396E-1,-6.228575433E-1,1.031837106E2,5.617800215E1,-1.019354775E1,-9.559783885E1
2.591937433E1,6.211229541E-1,2.593647252E-1,-3.991086389E-1,-6.226143610E-1,1.032036300E2,5.627281219E1,-9.951975696E0,-9.546897641E1
2.592934333E1,6.208670534E-1,2.612635039E-1,-3.982830454E-1,-6.226043152E-1,1.032410420E2,5.634312434E1,-9.743289366E0,-9.538716217E1
2.593931333E1,6.206060838E-1,2.628847983E-1,-3.975921426E-1,-6.226236147E-1,1.032791851E2,5.640533663E1,-9.563444772E0,-9.532290456E1
2.594928333E1,6.203661452E-1,2.644104774E-1,-3.970425425E-1,-6.225674296E-1,1.033142455E2,5.647426658E1,-9.404114002E0,-9.526131959E1
2.595925233E1,6.201373342E-1,2.659366095E-1,-3.966838781E-1,-6.223739291E-1,1.033476719E2,5.656262140E1,-9.263373649E0,-9.519791249E1
2.596922233E1,6.198755781E-1,2.674835253E-1,-3.965685643E-1,-6.220451236E-1,1.033859018E2,5.667762773E1,-9.141469245E0,-9.513777180E1
2.597919133E1,6.195139099E-1,2.689780051E-1,-3.966955580E-1,-6.216799273E-1,1.034387074E2,5.681377753E1,-9.037471399E0,-9.509509876E1
2.598916133E1,6.190865607E-1,2.703832653E-1,-3.969461210E-1,-6.213359892E-1,1.035010781E2,5.695582861E1,-8.945233748E0,-9.506716771E1
2.599913133E1,6.187737636E-1,2.718040145E-1,-3.971454124E-1,-6.209003425E-1,1.035467132E2,5.709323576E1,-8.856479532E0,-9.502135270E1
2.600910033E1,6.183364300E-1,2.731421454E-1,-3.973767459E-1,-6.206005277E-1,1.036104934E2,5.722828556E1,-8.766077387E0,-9.499819257E1
2.601907033E1,6.179744145E-1,2.746108313E-1,-3.975700788E-1,-6.201891486E-1,1.036632682E2,5.736968443E1,-8.670680001E0,-9.495540327E1
2.602904033E1,6.176505926E-1,2.762388113E-1,-3.977348993E-1,-6.196828461E-1,1.037104589E2,5.752107663E1,-8.566748010E0,-9.489626833E1
2.603900933E1,6.173356797E-1,2.780506042E-1,-3.978717238E-1,-6.190981766E-1,1.037563367E2,5.768483313E1,-8.450770520E0,-9.482322951E1
2.604897933E1,6.171503772E-1,2.800803016E-1,-3.979503382E-1,-6.183171362E-1,1.037833255E2,5.785996559E1,-8.327637816E0,-9.471664881E1
2.605894833E1,6.169728479E-1,2.821694208E-1,-3.980826108E-1,-6.174586117E-1,1.038091776E2,5.804575350E1,-8.207381477E0,-9.460419840E1
2.606891833E1,6.168254538E-1,2.842969779E-1,-3.983022960E-1,-6.164875127E-1,1.038306378E2,5.824375051E1,-8.096162071E0,-9.448409664E1
2.607888833E1,6.167143571E-1,2.864444388E-1,-3.985692594E-1,-6.154311418E-1,1.038468112E2,5.844839064E1,-7.991900536E0,-9.435659463E1
2.608885733E1,6.165729970E-1,2.884993927E-1,-3.988945488E-1,-6.144014095E-1,1.038673876E2,5.865194599E1,-7.896633550E0,-9.423875533E1
2.609882733E1,6.165064509E-1,2.904457079E-1,-3.992718737E-1,-6.133050398E-1,1.038770732E2,5.885166264E1,-7.818978562E0,-9.411678478E1
2.610879633E1,6.164199698E-1,2.921838966E-1,-3.998088983E-1,-6.122156238E-1,1.038896591E2,5.905061637E1,-7.766789793E0,-9.401122772E1
2.611876633E1,6.162993356E-1,2.937223514E-1,-4.005706920E-1,-6.111018610E-1,1.039072138E2,5.925598881E1,-7.744415480E0,-9.392375116E1
2.612873633E1,6.163044846E-1,2.952034865E-1,-4.014817699E-1,-6.097835848E-1,1.039064645E2,5.947100131E1,-7.749920196E0,-9.382194688E1
2.613870533E1,6.163180675E-1,2.966215646E-1,-4.025252785E-1,-6.083923058E-1,1.039044881E2,5.969425415E1,-7.772651286E0,-9.372295746E1
2.614867533E1,6.164426884E-1,2.980718429E-1,-4.035891861E-1,-6.068503706E-1,1.038863529E2,5.992181330E1,-7.805413966E0,-9.360547242E1
2.615864433E1,6.164765228E-1,2.994702279E-1,-4.047414019E-1,-6.053583396E-1,1.038814288E2,6.015477100E1,-7.842679714E0,-9.350412107E1
2.616861433E1,6.164728560E-1,3.009015876E-1,-4.058576085E-1,-6.039031354E-1,1.038819625E2,6.038742006E1,-7.872526257E0,-9.340529415E1
2.617858433E1,6.165913980E-1,3.024786173E-1,-4.067618059E-1,-6.023840536E-1,1.038647094E2,6.061053927E1,-7.885569365E0,-9.327819940E1
2.618855333E1,6.166750681E-1,3.040570800E-1,-4.074924005E-1,-6.010083298E-1,1.038525304E2,6.081686041E1,-7.880020091E0,-9.315526228E1
2.619852333E1,6.168385965E-1,3.057344877E-1,-4.080270280E-1,-5.996253244E-1,1.038287244E2,6.101165856E1,-7.858169353E0,-9.301324436E1
2.620849333E1,6.168401382E-1,3.073405092E-1,-4.085341652E-1,-5.984561465E-1,1.038285000E2,6.119900809E1,-7.824598254E0,-9.289872371E1
2.621846233E1,6.169574315E-1,3.089999570E-1,-4.088712136E-1,-5.972494414E-1,1.038114223E2,6.137339275E1,-7.782454006E0,-9.276325280E1
2.622843233E1,6.169942916E-1,3.105311836E-1,-4.091933525E-1,-5.961955778E-1,1.038060552E2,6.153618188E1,-7.739265584E0,-9.264786667E1
2.623840133E1,6.171215507E-1,3.119679012E-1,-4.095001657E-1,-5.951022287E-1,1.037875236E2,6.168908375E1,-7.707573099E0,-9.252597307E1
2.624837133E1,6.171305734E-1,3.130760683E-1,-4.099576698E-1,-5.941951409E-1,1.037862096E2,6.182995976E1,-7.697229480E0,-9.244444155E1
2.625834133E1,6.170858740E-1,3.138983270E-1,-4.105459818E-1,-5.934011180E-1,1.037927191E2,6.195994433E1,-7.709414480E0,-9.239124049E1
2.626831033E1,6.169152965E-1,3.144525791E-1,-4.112558822E-1,-5.927931589E-1,1.038175573E2,6.208002474E1,-7.736034788E0,-9.237544629E1
2.627828033E1,6.166093499E-1,3.148224599E-1,-4.120255680E-1,-5.923805860E-1,1.038620964E2,6.219120877E1,-7.766033640E0,-9.239236462E1
2.628825033E1,6.161398999E-1,3.150502214E-1,-4.128308257E-1,-5.921872347E-1,1.039304116E2,6.229486575E1,-7.792486448E0,-9.244289386E1
2.629821933E1,6.154606336E-1,3.151608569E-1,-4.136679885E-1,-5.922504827E-1,1.040292032E2,6.239308018E1,-7.809762710E0,-9.253177319E1
2.630818933E1,6.146300233E-1,3.152401615E-1,-4.144845574E-1,-5.924999723E-1,1.041499159E2,6.248756285E1,-7.813541890E0,-9.264431736E1
2.631815833E1,6.138963632E-1,3.155037689E-1,-4.151300574E-1,-5.926681902E-1,1.042564564E2,6.258000780E1,-7.799999834E0,-9.272932343E1
2.632812833E1,6.131750765E-1,3.158771637E-1,-4.156730195E-1,-5.928355830E-1,1.043611251E2,6.267143886E1,-7.772164262E0,-9.280435082E1
2.633809833E1,6.126372044E-1,3.164262107E-1,-4.160631729E-1,-5.928251247E-1,1.044391295E2,6.276133087E1,-7.736689848E0,-9.284025132E1
2.634806733E1,6.121265360E-1,3.169967578E-1,-4.163906908E-1,-5.928178082E-1,1.045131506E2,6.284656352E1,-7.696458748E0,-9.287054265E1
2.635803733E1,6.117383346E-1,3.176180445E-1,-4.165937964E-1,-5.927434059E-1,1.045693954E2,6.292281070E1,-7.652280563E0,-9.287961798E1
2.636800633E1,6.113596893E-1,3.181449802E-1,-4.167543601E-1,-5.927385992E-1,1.046242352E2,6.298659628E1,-7.609458044E0,-9.289415866E1
2.637797633E1,6.108813403E-1,3.184463197E-1,-4.169764002E-1,-5.929136594E-1,1.046934861E2,6.303783584E1,-7.574998891E0,-9.293938002E1
2.638794633E1,6.103889091E-1,3.185827595E-1,-4.172541796E-1,-5.931520294E-1,1.047647421E2,6.308065715E1,-7.552732929E0,-9.299877629E1
2.639791533E1,6.098638048E-1,3.185989966E-1,-4.175980452E-1,-5.934414486E-1,1.048406884E2,6.312007380E1,-7.539875499E0,-9.307166925E1
2.640788533E1,6.092369330E-1,3.185040872E-1,-4.180153780E-1,-5.938423290E-1,1.049313026E2,6.315803467E1,-7.530757231E0,-9.316707044E1
2.641785533E1,6.086675699E-1,3.184321056E-1,-4.183974761E-1,-5.941955630E-1,1.050135564E2,6.319407122E1,-7.522068850E0,-9.325258808E1
2.642782433E1,6.080807441E-1,3.183767089E-1,-4.187594490E-1,-5.945708959E-1,1.050982854E2,6.322960063E1,-7.509123576E0,-9.333923073E1
2.643779433E1,6.076747159E-1,3.184859166E-1,-4.189874160E-1,-5.947669485E-1,1.051568819E2,6.326454216E1,-7.490761312E0,-9.338819658E1
2.644776400E1,6.074574831E-1,3.186856716E-1,-4.190937315E-1,-5.948069116E-1,1.051882228E2,6.329374656E1,-7.472502807E0,-9.340387449E1
2.645773400E1,6.073292474E-1,3.188593272E-1,-4.191682366E-1,-5.947923538E-1,1.052067206E2,6.331696462E1,-7.460120101E0,-9.340900339E1
2.646770400E1,6.072599692E-1,3.190302432E-1,-4.192443854E-1,-5.947176584E-1,1.052167130E2,6.333978054E1,-7.453113560E0,-9.340605413E1
2.647767300E1,6.071368839E-1,3.192065908E-1,-4.193743610E-1,-5.946571520E-1,1.052344646E2,6.336887046E1,-7.446381448E0,-9.341028892E1
2.648764300E1,6.069512277E-1,3.194645454E-1,-4.195629102E-1,-5.945750914E-1,1.052612363E2,6.341129503E1,-7.435911469E0,-9.341722231E1
2.649761200E1,6.067968109E-1,3.198863984E-1,-4.197622174E-1,-5.943652752E-1,1.052834997E2,6.346871570E1,-7.421171072E0,-9.340759411E1
2.650758200E1,6.066239601E-1,3.203933565E-1,-4.199715028E-1,-5.941207036E-1,1.053084168E2,6.353458227E1,-7.401693034E0,-9.339413989E1
2.651755200E1,6.065552376E-1,3.210459689E-1,-4.201417655E-1,-5.937181400E-1,1.053183223E2,6.360842917E1,-7.380422660E0,-9.335518350E1
2.652752100E1,6.064714398E-1,3.216936132E-1,-4.203572044E-1,-5.933003903E-1,1.053303999E2,6.368659698E1,-7.362549901E0,-9.331861346E1
2.653749100E1,6.062904870E-1,3.221993332E-1,-4.206803443E-1,-5.929819030E-1,1.053564767E2,6.376414951E1,-7.353586567E0,-9.330627296E1
2.654746100E1,6.061001110E-1,3.226150644E-1,-4.210995421E-1,-5.926528613E-1,1.053839067E2,6.384386054E1,-7.357471232E0,-9.330199064E1
2.655743000E1,6.057917310E-1,3.228850361E-1,-4.216705687E-1,-5.924150180E-1,1.054283284E2,6.392723850E1,-7.372822651E0,-9.332518213E1
2.656740000E1,6.054682329E-1,3.230999955E-1,-4.223131290E-1,-5.921707981E-1,1.054749138E2,6.401333980E1,-7.396418237E0,-9.335464564E1
2.657736900E1,6.050972109E-1,3.232569399E-1,-4.229874048E-1,-5.919831215E-1,1.055283252E2,6.409801961E1,-7.421730268E0,-9.339509162E1
2.658733900E1,6.047628678E-1,3.234088424E-1,-4.235976017E-1,-5.918054646E-1,1.055764401E2,6.417555145E1,-7.444280420E0,-9.343072395E1
2.659730900E1,6.045902620E-1,3.236138657E-1,-4.240370036E-1,-5.915550004E-1,1.056012736E2,6.423927181E1,-7.461877084E0,-9.343966847E1
2.660727800E1,6.044699407E-1,3.237948917E-1,-4.243627513E-1,-5.913453119E-1,1.056185823E2,6.428898678E1,-7.474207823E0,-9.344304484E1
2.661724800E1,6.044484734E-1,3.240113263E-1,-4.245916403E-1,-5.910843953E-1,1.056216702E2,6.433126488E1,-7.484123459E0,-9.342990046E1
2.662721800E1,6.045345663E-1,3.242483286E-1,-4.247591635E-1,-5.907459271E-1,1.056092859E2,6.436842181E1,-7.496546600E0,-9.340015755E1
2.663718700E1,6.045645643E-1,3.243637635E-1,-4.249872254E-1,-5.904876618E-1,1.056049705E2,6.440164380E1,-7.515756241E0,-9.338742393E1
2.664715700E1,6.046250549E-1,3.244014481E-1,-4.252494578E-1,-5.902161840E-1,1.055962681E2,6.443152076E1,-7.544662074E0,-9.337635143E1
2.665712600E1,6.047041705E-1,3.243665347E-1,-4.255390225E-1,-5.899455532E-1,1.055848856E2,6.445785751E1,-7.581321964E0,-9.336818157E1
2.666709600E1,6.047551346E-1,3.242428548E-1,-4.258561564E-1,-5.897324923E-1,1.055775528E2,6.447955384E1,-7.622423186E0,-9.337066556E1
2.667706600E1,6.049193828E-1,3.241248278E-1,-4.260951449E-1,-5.894563020E-1,1.055539181E2,6.449306881E1,-7.665622990E0,-9.335686759E1
2.668703500E1,6.050376357E-1,3.238747231E-1,-4.263319311E-1,-5.893010442E-1,1.055368997E2,6.449524760E1,-7.710876506E0,-9.335940790E1
2.669700500E1,6.051520723E-1,3.235557347E-1,-4.265513687E-1,-5.892000103E-1,1.055204287E2,6.448975236E1,-7.757394283E0,-9.336766631E1
2.670697500E1,6.053433511E-1,3.232748101E-1,-4.267152936E-1,-5.890390772E-1,1.054928936E2,6.448138724E1,-7.803467984E0,-9.336227277E1
2.671694400E1,6.055628427E-1,3.229828378E-1,-4.268503110E-1,-5.888757252E-1,1.054612910E2,6.446893406E1,-7.849754681E0,-9.335370499E1
2.672691400E1,6.057715289E-1,3.226142584E-1,-4.269460318E-1,-5.887938168E-1,1.054312381E2,6.444592006E1,-7.894932466E0,-9.335236312E1
2.673688300E1,6.060609625E-1,3.222720839E-1,-4.270011019E-1,-5.886432149E-1,1.053895467E2,6.442051427E1,-7.942014814E0,-9.333764622E1
2.674685300E1,6.062095920E-1,3.218137317E-1,-4.271359349E-1,-5.886431952E-1,1.053681330E2,6.439419751E1,-7.990035335E0,-9.335138422E1
2.675682300E1,6.063378844E-1,3.213761157E-1,-4.272577025E-1,-5.886618267E-1,1.053496468E2,6.436845726E1,-8.034037428E0,-9.336635024E1
2.676679200E1,6.064632337E-1,3.209868579E-1,-4.273515108E-1,-5.886768264E-1,1.053315825E2,6.434401427E1,-8.072781836E0,-9.337801566E1
2.677676200E1,6.066151764E-1,3.206687124E-1,-4.274106218E-1,-5.886509028E-1,1.053096829E2,6.432194766E1,-8.107086823E0,-9.338062242E1
2.678673200E1,6.067529281E-1,3.204104313E-1,-4.274552184E-1,-5.886170852E-1,1.052898259E2,6.430359778E1,-8.135887036E0,-9.338066990E1
2.679670100E1,6.068747002E-1,3.202301850E-1,-4.274996675E-1,-5.885572689E-1,1.052722702E2,6.429201387E1,-8.159534287E0,-9.337711158E1
2.680667100E1,6.069546449E-1,3.201317774E-1,-4.275379737E-1,-5.885005893E-1,1.052607436E2,6.428705855E1,-8.174987842E0,-9.337330371E1
2.681664000E1,6.071082109E-1,3.201495897E-1,-4.275102148E-1,-5.883526710E-1,1.052385996E2,6.428478805E1,-8.184906503E0,-9.335044713E1
2.682661000E1,6.071343597E-1,3.200846045E-1,-4.275355819E-1,-5.883427066E-1,1.052348286E2,6.428168501E1,-8.192779438E0,-9.335166871E1
2.683658000E1,6.072646791E-1,3.200642950E-1,-4.274791842E-1,-5.882600974E-1,1.052160337E2,6.427333402E1,-8.199709330E0,-9.333486313E1
2.684654900E1,6.072674957E-1,3.198790333E-1,-4.274443551E-1,-5.883833842E-1,1.052156274E2,6.425387285E1,-8.205451666E0,-9.334828127E1
2.685651900E1,6.072234246E-1,3.196096570E-1,-4.273754608E-1,-5.886252926E-1,1.052219837E2,6.422399255E1,-8.207826036E0,-9.337449292E1
2.686648900E1,6.072565217E-1,3.193969682E-1,-4.272099237E-1,-5.888266163E-1,1.052172102E2,6.418852877E1,-8.204875262E0,-9.338555391E1
2.687645800E1,6.071812850E-1,3.191219547E-1,-4.270623729E-1,-5.891602132E-1,1.052280612E2,6.415026279E1,-8.197204572E0,-9.341644620E1
2.688642800E1,6.071241799E-1,3.188837987E-1,-4.268572284E-1,-5.894965832E-1,1.052362967E2,6.410910947E1,-8.183788108E0,-9.344199548E1
2.689639700E1,6.071243729E-1,3.186926785E-1,-4.265762195E-1,-5.898031350E-1,1.052362688E2,6.406381662E1,-8.165779707E0,-9.345595313E1
2.690636700E1,6.070422418E-1,3.184599858E-1,-4.263141926E-1,-5.902026318E-1,1.052481126E2,6.401743977E1,-8.144470503E0,-9.348452159E1
2.691633700E1,6.070122873E-1,3.183034418E-1,-4.260298805E-1,-5.905231468E-1,1.052524320E2,6.397496484E1,-8.121900503E0,-9.350010918E1
2.692630600E1,6.069374668E-1,3.181700945E-1,-4.257872779E-1,-5.908468023E-1,1.052632205E2,6.393904680E1,-8.098362538E0,-9.352027923E1
2.693627600E1,6.069275293E-1,3.181067056E-1,-4.255246188E-1,-5.910803709E-1,1.052646533E2,6.390665039E1,-8.075156987E0,-9.352615890E1
2.694624600E1,6.069182300E-1,3.180346450E-1,-4.252542784E-1,-5.913231638E-1,1.052659941E2,6.387272528E1,-8.051702600E0,-9.353257281E1
2.695621500E1,6.067906245E-1,3.178361228E-1,-4.250550186E-1,-5.917039875E-1,1.052843915E2,6.383604250E1,-8.031007561E0,-9.356498474E1
2.696618500E1,6.066687806E-1,3.175904278E-1,-4.248712373E-1,-5.920927053E-1,1.053019562E2,6.379689993E1,-8.014648897E0,-9.360008509E1
2.697615400E1,6.064538225E-1,3.172673985E-1,-4.247668975E-1,-5.925607131E-1,1.053329389E2,6.375990602E1,-8.001708253E0,-9.365397777E1
2.698612400E1,6.062350546E-1,3.169696574E-1,-4.246945050E-1,-5.929957786E-1,1.053644641E2,6.372839655E1,-7.990335045E0,-9.370655304E1
2.699609400E1,6.061342907E-1,3.167663621E-1,-4.245866723E-1,-5.932844331E-1,1.053789823E2,6.370058123E1,-7.981189295E0,-9.373555772E1
2.700606300E1,6.060218541E-1,3.165146769E-1,-4.245032900E-1,-5.935931897E-1,1.053951807E2,6.367124092E1,-7.975788378E0,-9.376979265E1
2.701603300E1,6.059650935E-1,3.162375614E-1,-4.244060572E-1,-5.938683553E-1,1.054033574E2,6.363798756E1,-7.975147510E0,-9.379810551E1
2.702600300E1,6.058518640E-1,3.158904083E-1,-4.243566084E-1,-5.942039516E-1,1.054196674E2,6.360404654E1,-7.977709081E0,-9.383950000E1
2.703597200E1,6.056543135E-1,3.154837386E-1,-4.243609443E-1,-5.946179683E-1,1.054481190E2,6.357110509E1,-7.981159997E0,-9.389704296E1
2.704594200E1,6.055359507E-1,3.151125039E-1,-4.243409720E-1,-5.949495942E-1,1.054651633E2,6.353822630E1,-7.987399352E0,-9.394089144E1
2.705591100E1,6.053269106E-1,3.146436993E-1,-4.244092130E-1,-5.953615293E-1,1.054952604E2,6.350672109E1,-7.999191510E0,-9.400460095E1
2.706588100E1,6.051735270E-1,3.141584257E-1,-4.244913098E-1,-5.957151104E-1,1.055173404E2,6.347495516E1,-8.017986560E0,-9.406172773E1
2.707585100E1,6.049920002E-1,3.136046952E-1,-4.246185985E-1,-5.961005436E-1,1.055434676E2,6.344226852E1,-8.042166883E0,-9.412780789E1
2.708582000E1,6.048062564E-1,3.130039551E-1,-4.247542060E-1,-5.965078955E-1,1.055701970E2,6.340654383E1,-8.069218997E0,-9.419782626E1
2.709579000E1,6.047299284E-1,3.124453776E-1,-4.248117417E-1,-5.968371046E-1,1.055811795E2,6.336572849E1,-8.096153039E0,-9.424937531E1
2.710576000E1,6.047072808E-1,3.118940758E-1,-4.248378095E-1,-5.971299135E-1,1.055844381E2,6.332200165E1,-8.124379003E0,-9.429282489E1
2.711572900E1,6.046289100E-1,3.112640278E-1,-4.249016568E-1,-5.974925226E-1,1.055957135E2,6.327592105E1,-8.155478762E0,-9.434974603E1
2.712569900E1,6.046479630E-1,3.106917684E-1,-4.249352794E-1,-5.977470870E-1,1.055929724E2,6.323104372E1,-8.189196552E0,-9.438876035E1
2.713566800E1,6.047703206E-1,3.102040820E-1,-4.249444305E-1,-5.978701084E-1,1.055753677E2,6.319015919E1,-8.225189381E0,-9.440714207E1
2.714563800E1,6.049505171E-1,3.097553813E-1,-4.249363436E-1,-5.979259342E-1,1.055494376E2,6.315042964E1,-8.262548814E0,-9.441451544E1
2.715560800E1,6.052490252E-1,3.093274855E-1,-4.248732287E-1,-5.978902539E-1,1.055064727E2,6.310604155E1,-8.303719447E0,-9.440379245E1
2.716557700E1,6.055238993E-1,3.087818787E-1,-4.248546577E-1,-5.979072045E-1,1.054668986E2,6.305651783E1,-8.353116024E0,-9.440487060E1
2.717554700E1,6.058854169E-1,3.082175166E-1,-4.248468342E-1,-5.978378489E-1,1.054148345E2,6.300599330E1,-8.411918349E0,-9.439513002E1
2.718551700E1,6.062314679E-1,3.076134680E-1,-4.248157299E-1,-5.978200376E-1,1.053649809E2,6.294983948E1,-8.469234988E0,-9.439023965E1
2.719548600E1,6.066671909E-1,3.070137973E-1,-4.246577687E-1,-5.977987024E-1,1.053021853E2,6.288039615E1,-8.521873523E0,-9.437228432E1
2.720545600E1,6.071215214E-1,3.062947458E-1,-4.244533829E-1,-5.978513984E-1,1.052366801E2,6.279604142E1,-8.577791734E0,-9.436007997E1
2.721542500E1,6.074869408E-1,3.053668091E-1,-4.242997471E-1,-5.980639809E-1,1.051839732E2,6.270006225E1,-8.641723688E0,-9.437521247E1
2.722539500E1,6.077466303E-1,3.042338755E-1,-4.242438867E-1,-5.984170223E-1,1.051465052E2,6.259782462E1,-8.716653353E0,-9.441969112E1
2.723536500E1,6.080285957E-1,3.030232283E-1,-4.242471952E-1,-5.987423930E-1,1.051058126E2,6.249519580E1,-8.803322784E0,-9.446635423E1
2.724533400E1,6.082049470E-1,3.016551206E-1,-4.243632044E-1,-5.991716919E-1,1.050803564E2,6.239198621E1,-8.900162164E0,-9.453881987E1
2.725530400E1,6.084662808E-1,3.002055061E-1,-4.244593150E-1,-5.995663317E-1,1.050426250E2,6.227959046E1,-9.006826011E0,-9.460471061E1
2.726527400E1,6.088498662E-1,2.985957809E-1,-4.244911464E-1,-5.999580797E-1,1.049872256E2,6.214664839E1,-9.126390406E0,-9.466411157E1
2.727524300E1,6.093050340E-1,2.967592109E-1,-4.245089956E-1,-6.003944020E-1,1.049214613E2,6.199325886E1,-9.262959030E0,-9.472869524E1
2.728521300E1,6.098226576E-1,2.947646166E-1,-4.245702297E-1,-6.008080552E-1,1.048466379E2,6.183121008E1,-9.417726138E0,-9.479477757E1
2.729518300E1,6.102962548E-1,2.926691069E-1,-4.248006571E-1,-6.011886060E-1,1.047781456E2,6.167910735E1,-9.590765858E0,-9.487338442E1
2.730515200E1,6.109060815E-1,2.908300608E-1,-4.250430120E-1,-6.012902181E-1,1.046899051E2,6.154864179E1,-9.763178220E0,-9.491418843E1
2.731512200E1,6.117989869E-1,2.893580083E-1,-4.250879722E-1,-6.010609570E-1,1.045606092E2,6.142577274E1,-9.921176150E0,-9.488882235E1
2.732509100E1,6.127798774E-1,2.878249009E-1,-4.250213538E-1,-6.008448632E-1,1.044184425E2,6.128569934E1,-1.007940530E1,-9.485425604E1
2.733506100E1,6.139595163E-1,2.860452660E-1,-4.247740624E-1,-6.006653690E-1,1.042472885E2,6.110522114E1,-1.025056128E1,-9.480710018E1
2.734503100E1,6.152937031E-1,2.838565539E-1,-4.243064273E-1,-6.006690075E-1,1.040534712E2,6.086740521E1,-1.043607988E1,-9.476403254E1
2.735500000E1,6.167255356E-1,2.813211101E-1,-4.236320936E-1,-6.008693538E-1,1.038451839E2,6.057937341E1,-1.062935893E1,-9.472829540E1
2.736497000E1,6.181379621E-1,2.785544751E-1,-4.228807733E-1,-6.012359458E-1,1.036394285E2,6.026510476E1,-1.082695372E1,-9.470852838E1
2.737494000E1,6.194476267E-1,2.756232882E-1,-4.221425291E-1,-6.017574775E-1,1.034483831E2,5.994022057E1,-1.102712091E1,-9.471213013E1
2.738490900E1,6.207808876E-1,2.726278326E-1,-4.213596040E-1,-6.022967168E-1,1.032536371E2,5.960579687E1,-1.122943510E1,-9.471410654E1
2.739487900E1,6.221026668E-1,2.695154090E-1,-4.205437306E-1,-6.029036617E-1,1.030603091E2,5.925917833E1,-1.143517429E1,-9.472274008E1
2.740484800E1,6.233406903E-1,2.662478534E-1,-4.197288160E-1,-6.036441798E-1,1.028789962E2,5.890162427E1,-1.164400257E1,-9.475076785E1
2.741481800E1,6.246358511E-1,2.629610367E-1,-4.188631987E-1,-6.043468640E-1,1.026890702E2,5.853733655E1,-1.185494045E1,-9.476886056E1
2.742478800E1,6.258493286E-1,2.596366250E-1,-4.180134709E-1,-6.051166485E-1,1.025108938E2,5.817314547E1,-1.206410835E1,-9.479841709E1
2.743475700E1,6.271674088E-1,2.564665445E-1,-4.170981309E-1,-6.057353003E-1,1.023171062E2,5.781387809E1,-1.226766937E1,-9.480029911E1
2.744472696E1,6.284940526E-1,2.534550047E-1,-4.161597524E-1,-6.062729802E-1,1.021217927E2,5.746509814E1,-1.246141053E1,-9.478852941E1
2.745469696E1,6.298249421E-1,2.506720378E-1,-4.151999106E-1,-6.067066950E-1,1.019255835E2,5.713240484E1,-1.264077542E1,-9.475983557E1
2.746466596E1,6.313685085E-1,2.483407164E-1,-4.140849684E-1,-6.068232086E-1,1.016976781E2,5.681706700E1,-1.279612798E1,-9.467040718E1
2.747463596E1,6.329822626E-1,2.463577072E-1,-4.128615718E-1,-6.067838079E-1,1.014590144E2,5.651718951E1,-1.292623178E1,-9.454786444E1
2.748460596E1,6.347282182E-1,2.446971793E-1,-4.115807133E-1,-6.065019495E-1,1.012003403E2,5.623514628E1,-1.304199462E1,-9.438504987E1
2.749457496E1,6.364170121E-1,2.431384414E-1,-4.103957757E-1,-6.061619391E-1,1.009496780E2,5.597148315E1,-1.315600121E1,-9.422348181E1
2.750454496E1,6.380026003E-1,2.415805779E-1,-4.093304614E-1,-6.058382276E-1,1.007139217E2,5.572122985E1,-1.327295216E1,-9.407611048E1
2.751451396E1,6.395798894E-1,2.399815950E-1,-4.083209338E-1,-6.054919635E-1,1.004789999E2,5.547340580E1,-1.339681696E1,-9.393119998E1
2.752448396E1,6.409931879E-1,2.381359476E-1,-4.074376570E-1,-6.053211542E-1,1.002681621E2,5.522099638E1,-1.353457360E1,-9.382391334E1
2.753445396E1,6.422309973E-1,2.359744886E-1,-4.066905198E-1,-6.053580340E-1,1.000832375E2,5.495982240E1,-1.369069799E1,-9.375982092E1
2.754442296E1,6.433256656E-1,2.335316468E-1,-4.060896427E-1,-6.055464001E-1,9.991948920E1,5.469332656E1,-1.386690400E1,-9.373187350E1
2.755439296E1,6.443892518E-1,2.309589821E-1,-4.056429072E-1,-6.057013636E-1,9.976020179E1,5.443275967E1,-1.406364224E1,-9.371435868E1
2.756436296E1,6.453381144E-1,2.282675107E-1,-4.054483732E-1,-6.058418285E-1,9.961793828E1,5.419011949E1,-1.428318187E1,-9.371942774E1
2.757433196E1,6.463264764E-1,2.255190093E-1,-4.054609118E-1,-6.058091884E-1,9.946959376E1,5.396355729E1,-1.452943051E1,-9.372005663E1
2.758430196E1,6.472717617E-1,2.225613015E-1,-4.057197462E-1,-6.057204956E-1,9.932756234E1,5.374645033E1,-1.480925857E1,-9.373699815E1
2.759427096E1,6.481873375E-1,2.193589734E-1,-4.061823184E-1,-6.055994722E-1,9.918985220E1,5.353175180E1,-1.512211333E1,-9.376970205E1
2.760424096E1,6.490583890E-1,2.159762568E-1,-4.067618059E-1,-6.054933860E-1,9.905870798E1,5.331609499E1,-1.545490933E1,-9.381652373E1
2.761421096E1,6.498483566E-1,2.125329963E-1,-4.073746949E-1,-6.054526208E-1,9.893966082E1,5.310101112E1,-1.578963849E1,-9.387643470E1
2.762417996E1,6.506745139E-1,2.092009929E-1,-4.078834916E-1,-6.053830837E-1,9.881504669E1,5.288388093E1,-1.611136954E1,-9.392219606E1
2.763414996E1,6.515837821E-1,2.059910678E-1,-4.082293276E-1,-6.052727512E-1,9.867776208E1,5.265859426E1,-1.641721379E1,-9.394612044E1
2.764411996E1,6.524876739E-1,2.027877388E-1,-4.084449930E-1,-6.052351457E-1,9.854114905E1,5.242097619E1,-1.671086303E1,-9.396781419E1
2.765408896E1,6.534766260E-1,1.996300969E-1,-4.085281909E-1,-6.051617917E-1,9.839151929E1,5.217211828E1,-1.699631706E1,-9.397131633E1
2.766405896E1,6.544631731E-1,1.964713592E-1,-4.085276851E-1,-6.051297865E-1,9.824208515E1,5.191484596E1,-1.727458324E1,-9.397256755E1
2.767402896E1,6.555285928E-1,1.934106972E-1,-4.084347092E-1,-6.050252307E-1,9.808051436E1,5.165422638E1,-1.754438724E1,-9.395405383E1
2.768399796E1,6.566961290E-1,1.905126693E-1,-4.082487678E-1,-6.048041441E-1,9.790323020E1,5.139448641E1,-1.780299454E1,-9.390916514E1
2.769396796E1,6.578671976E-1,1.878399164E-1,-4.079561106E-1,-6.045648580E-1,9.772516942E1,5.114066243E1,-1.803748003E1,-9.385054192E1
2.770393696E1,6.591519679E-1,1.855889691E-1,-4.074455121E-1,-6.042049582E-1,9.752954186E1,5.089406720E1,-1.823224355E1,-9.375189281E1
2.771390696E1,6.604748732E-1,1.837775924E-1,-4.066762373E-1,-6.038320428E-1,9.732780124E1,5.065332286E1,-1.837634591E1,-9.362473045E1
2.772387696E1,6.617757488E-1,1.823423658E-1,-4.056042744E-1,-6.035638493E-1,9.712911499E1,5.041053031E1,-1.846514045E1,-9.348201068E1
2.773384596E1,6.631542721E-1,1.812721941E-1,-4.041725670E-1,-6.033335747E-1,9.691823698E1,5.015732784E1,-1.850106764E1,-9.330875953E1
2.774381596E1,6.644267197E-1,1.803839703E-1,-4.024183941E-1,-6.033723156E-1,9.672328017E1,4.988771314E1,-1.848628706E1,-9.314290318E1
2.775378596E1,6.656957086E-1,1.796503412E-1,-4.003372881E-1,-6.035768647E-1,9.652855916E1,4.959745036E1,-1.842965129E1,-9.296965197E1
2.776375496E1,6.669346785E-1,1.789111803E-1,-3.980329407E-1,-6.039526250E-1,9.633815925E1,4.928565162E1,-1.834971764E1,-9.280073115E1
2.777372496E1,6.680001613E-1,1.779638245E-1,-3.957064558E-1,-6.045832999E-1,9.617419339E1,4.896005588E1,-1.826883821E1,-9.266841113E1
2.778369496E1,6.690381882E-1,1.768169034E-1,-3.934988671E-1,-6.052126024E-1,9.601424991E1,4.863226144E1,-1.821043347E1,-9.254906034E1
2.779366396E1,6.699356184E-1,1.753607403E-1,-3.915910373E-1,-6.058805904E-1,9.587580801E1,4.831394065E1,-1.819103234E1,-9.246561104E1
2.780363396E1,6.707411922E-1,1.736595249E-1,-3.900307609E-1,-6.064855031E-1,9.575140766E1,4.801344784E1,-1.821450639E1,-9.240724033E1
2.781360296E1,6.714959658E-1,1.717797649E-1,-3.888077121E-1,-6.069706054E-1,9.563474117E1,4.773377688E1,-1.827843474E1,-9.236417229E1
2.782357296E1,6.720711202E-1,1.697049915E-1,-3.879025348E-1,-6.074966639E-1,9.554576640E1,4.747438016E1,-1.837323516E1,-9.235771274E1
2.783354296E1,6.726099334E-1,1.675712441E-1,-3.872336432E-1,-6.079192203E-1,9.546235658E1,4.723455499E1,-1.849215632E1,-9.235875268E1
2.784351196E1,6.729500927E-1,1.653171147E-1,-3.868127542E-1,-6.084278142E-1,9.540967053E1,4.701428659E1,-1.862932161E1,-9.239609296E1
2.785348196E1,6.731607242E-1,1.630396887E-1,-3.865713160E-1,-6.089625919E-1,9.537703552E1,4.681284262E1,-1.877660370E1,-9.245442717E1
2.786345196E1,6.734114347E-1,1.608986498E-1,-3.863828142E-1,-6.093742612E-1,9.533817968E1,4.662624084E1,-1.892282094E1,-9.249971540E1
2.787342096E1,6.736064798E-1,1.588801951E-1,-3.861884330E-1,-6.098113346E-1,9.530794273E1,4.644972680E1,-1.905672985E1,-9.254817009E1
2.788339096E1,6.739120208E-1,1.570953182E-1,-3.859158693E-1,-6.101085779E-1,9.526056149E1,4.628083693E1,-1.917510499E1,-9.256847644E1
2.789335996E1,6.742428103E-1,1.554474291E-1,-3.856032134E-1,-6.103628709E-1,9.520924470E1,4.611784063E1,-1.928223295E1,-9.257855488E1
2.790332996E1,6.745945837E-1,1.539040853E-1,-3.853095026E-1,-6.105508300E-1,9.515464958E1,4.596414953E1,-1.938552768E1,-9.258055889E1
2.791329996E1,6.750720021E-1,1.525149989E-1,-3.850456317E-1,-6.105381227E-1,9.508051633E1,4.582213850E1,-1.948953058E1,-9.255559158E1
2.792326896E1,6.754795885E-1,1.511928101E-1,-3.848696265E-1,-6.105272225E-1,9.501719183E1,4.569538818E1,-1.959251515E1,-9.253910389E1
2.793323896E1,6.759263688E-1,1.500417165E-1,-3.847224707E-1,-6.104094405E-1,9.494774112E1,4.558343422E1,-1.968899160E1,-9.250931551E1
2.794320896E1,6.763242430E-1,1.489891411E-1,-3.845779071E-1,-6.103175525E-1,9.488586022E1,4.548026923E1,-1.977560865E1,-9.248344983E1
2.795317796E1,6.766446986E-1,1.479970675E-1,-3.844302877E-1,-6.102967609E-1,9.483599781E1,4.538317058E1,-1.985257709E1,-9.246771462E1
2.796314796E1,6.769423239E-1,1.470747153E-1,-3.842695923E-1,-6.102909604E-1,9.478966992E1,4.529057316E1,-1.992196302E1,-9.245286257E1
2.797311796E1,6.773050291E-1,1.462203566E-1,-3.840804794E-1,-6.102129150E-1,9.473318847E1,4.519873061E1,-1.998829591E1,-9.242453467E1
2.798308696E1,6.776129197E-1,1.453322592E-1,-3.839169286E-1,-6.101861439E-1,9.468522278E1,4.510812439E1,-2.005577184E1,-9.240625074E1
2.799305696E1,6.779587425E-1,1.444646348E-1,-3.837433573E-1,-6.101171416E-1,9.463132565E1,4.501712619E1,-2.012342619E1,-9.238073017E1
2.800302596E1,6.782725258E-1,1.435969049E-1,-3.835599448E-1,-6.100886082E-1,9.458240169E1,4.492590015E1,-2.018806345E1,-9.236026498E1
2.801299596E1,6.785554076E-1,1.427304605E-1,-3.833726758E-1,-6.100951910E-1,9.453827926E1,4.483512076E1,-2.025023282E1,-9.234463340E1
2.802296596E1,6.788453041E-1,1.419025068E-1,-3.831612883E-1,-6.100985522E-1,9.449304641E1,4.474468092E1,-2.030792989E1,-9.232619320E1
2.803293496E1,6.790354180E-1,1.410547651E-1,-3.829297335E-1,-6.102289229E-1,9.446337378E1,4.465321784E1,-2.035857559E1,-9.232471754E1
2.804290496E1,6.791849787E-1,1.402359888E-1,-3.826580443E-1,-6.104215103E-1,9.444002562E1,4.456101436E1,-2.040079567E1,-9.232866816E1
2.805287496E1,6.793831111E-1,1.395040455E-1,-3.823286878E-1,-6.105751356E-1,9.440908809E1,4.446852088E1,-2.043471681E1,-9.232130257E1
2.806284396E1,6.795538216E-1,1.388043341E-1,-3.819946213E-1,-6.107537381E-1,9.438242616E1,4.437868520E1,-2.046415252E1,-9.231719344E1
2.807281396E1,6.797932921E-1,1.382146786E-1,-3.816564982E-1,-6.108322234E-1,9.434501546E1,4.429503980E1,-2.048995108E1,-9.229770944E1
2.808278396E1,6.800246124E-1,1.377069882E-1,-3.813185543E-1,-6.109004829E-1,9.430886725E1,4.421781004E1,-2.050942601E1,-9.227664142E1
2.809275296E1,6.802218544E-1,1.372975316E-1,-3.809467769E-1,-6.110050124E-1,9.427803607E1,4.414555537E1,-2.051653531E1,-9.225768586E1
2.810272296E1,6.803337043E-1,1.369765306E-1,-3.805310088E-1,-6.112116241E-1,9.426054924E1,4.407785108E1,-2.050767482E1,-9.224970981E1
2.811269196E1,6.804003016E-1,1.367405610E-1,-3.800748429E-1,-6.114740251E-1,9.425013611E1,4.401378442E1,-2.048605960E1,-9.224619395E1
2.812266196E1,6.804160539E-1,1.365508369E-1,-3.796130188E-1,-6.117858380E-1,9.424767295E1,4.395397048E1,-2.045733818E1,-9.224951668E1
2.813263196E1,6.804079538E-1,1.364304971E-1,-3.791811085E-1,-6.120893875E-1,9.424893955E1,4.390293392E1,-2.042496239E1,-9.225439997E1
2.814260096E1,6.802783312E-1,1.362907382E-1,-3.788137565E-1,-6.124918689E-1,9.426920669E1,4.385978832E1,-2.039215084E1,-9.228015371E1
2.815257096E1,6.801454159E-1,1.361099493E-1,-3.784926186E-1,-6.128781711E-1,9.428998521E1,4.381813665E1,-2.036640421E1,-9.230792872E1
2.816254096E1,6.798885466E-1,1.357470754E-1,-3.782769005E-1,-6.133765418E-1,9.433013141E1,4.377609887E1,-2.035550848E1,-9.236255342E1
2.817250996E1,6.795069332E-1,1.352108095E-1,-3.781955044E-1,-6.139677936E-1,9.438974985E1,4.373720110E1,-2.036153726E1,-9.244388882E1
2.818247996E1,6.790883334E-1,1.346285402E-1,-3.782477349E-1,-6.145265738E-1,9.445511358E1,4.370883831E1,-2.038102463E1,-9.253302653E1
2.819244996E1,6.785666502E-1,1.339998041E-1,-3.784417685E-1,-6.151204124E-1,9.453652536E1,4.369345967E1,-2.041050546E1,-9.264085442E1
2.820241896E1,6.780291172E-1,1.333706465E-1,-3.787205593E-1,-6.156780916E-1,9.462035475E1,4.368683105E1,-2.044697407E1,-9.275136152E1
2.821238896E1,6.774289856E-1,1.326668362E-1,-3.790716004E-1,-6.162744300E-1,9.471387975E1,4.368334632E1,-2.049158578E1,-9.287472481E1
2.822235896E1,6.768194368E-1,1.318804920E-1,-3.794689714E-1,-6.168681316E-1,9.480880042E1,4.367859405E1,-2.054593446E1,-9.300239321E1
2.823232796E1,6.762338353E-1,1.310230354E-1,-3.798905874E-1,-6.174333340E-1,9.489992391E1,4.367046448E1,-2.060931089E1,-9.312842436E1
2.824229796E1,6.756321970E-1,1.300962262E-1,-3.803150484E-1,-6.180264587E-1,9.499347362E1,4.365803041E1,-2.067706488E1,-9.325929438E1
2.825226696E1,6.751162721E-1,1.291845583E-1,-3.807088158E-1,-6.185387589E-1,9.507363989E1,4.364173480E1,-2.074651269E1,-9.337532926E1
2.826223696E1,6.746579278E-1,1.283261534E-1,-3.810537878E-1,-6.190049425E-1,9.514481607E1,4.362332508E1,-2.081139485E1,-9.347990607E1
2.827220696E1,6.741970968E-1,1.275005704E-1,-3.813321361E-1,-6.195060659E-1,9.521633769E1,4.360100765E1,-2.086769949E1,-9.358354175E1
2.828217596E1,6.738269210E-1,1.267649498E-1,-3.815096481E-1,-6.199501673E-1,9.527375998E1,4.357323350E1,-2.091404793E1,-9.366895618E1
2.829214596E1,6.734984469E-1,1.260793892E-1,-3.816059115E-1,-6.203875488E-1,9.532469148E1,4.354018066E1,-2.095200624E1,-9.374562698E1
2.830211596E1,6.732524437E-1,1.254745608E-1,-3.816219062E-1,-6.207672419E-1,9.536282197E1,4.350313720E1,-2.098200790E1,-9.380584418E1
2.831208496E1,6.731563884E-1,1.250182896E-1,-3.815373070E-1,-6.210153630E-1,9.537770740E1,4.346335876E1,-2.100147568E1,-9.383630268E1
2.832205496E1,6.730617581E-1,1.246388731E-1,-3.813726919E-1,-6.212954394E-1,9.539237026E1,4.342135832E1,-2.100808124E1,-9.386382769E1
2.833202496E1,6.730590133E-1,1.244091728E-1,-3.811255006E-1,-6.214960215E-1,9.539279554E1,4.337993927E1,-2.100198512E1,-9.387114992E1
2.834199396E1,6.729869765E-1,1.242398689E-1,-3.808422738E-1,-6.217814057E-1,9.540395641E1,4.334122899E1,-2.098378334E1,-9.388777663E1
2.835196396E1,6.729144101E-1,1.241570082E-1,-3.805201876E-1,-6.220736414E-1,9.541519831E1,4.330511383E1,-2.095566409E1,-9.390159099E1
2.836193296E1,6.728904602E-1,1.241325420E-1,-3.801541633E-1,-6.223282189E-1,9.541890839E1,4.326775190E1,-2.092231716E1,-9.390543890E1
2.837190296E1,6.728365280E-1,1.240713658E-1,-3.797833764E-1,-6.226250855E-1,9.542726260E1,4.322797385E1,-2.088935133E1,-9.391537446E1
2.838187296E1,6.728535791E-1,1.239890214E-1,-3.794004617E-1,-6.228564480E-1,9.542462142E1,4.318362096E1,-2.086131702E1,-9.391433008E1
2.839184196E1,6.728833900E-1,1.238220777E-1,-3.790306653E-1,-6.230824684E-1,9.542000360E1,4.313396934E1,-2.084151054E1,-9.391395485E1
2.840181196E1,6.728350845E-1,1.235116451E-1,-3.787013930E-1,-6.233964677E-1,9.542748620E1,4.307967792E1,-2.083106260E1,-9.393112011E1
2.841178196E1,6.727675863E-1,1.231086686E-1,-3.784144678E-1,-6.237230847E-1,9.543794103E1,4.302318951E1,-2.083013192E1,-9.395445822E1
2.842175096E1,6.727784813E-1,1.226977473E-1,-3.781595953E-1,-6.239467791E-1,9.543625356E1,4.296727977E1,-2.083767286E1,-9.396525959E1
2.843172096E1,6.727274625E-1,1.222086226E-1,-3.779537606E-1,-6.242225248E-1,9.544415541E1,4.291200161E1,-2.085161753E1,-9.398880260E1
2.844169021E1,6.727650865E-1,1.217478311E-1,-3.777428578E-1,-6.243995969E-1,9.543832821E1,4.285605876E1,-2.086859073E1,-9.399684123E1
2.845165921E1,6.727818557E-1,1.212665457E-1,-3.775444410E-1,-6.245952478E-1,9.543573091E1,4.280037232E1,-2.088694217E1,-9.400894936E1
2.846162921E1,6.727703101E-1,1.207697292E-1,-3.773677087E-1,-6.248106999E-1,9.543751916E1,4.274640349E1,-2.090669403E1,-9.402617357E1
2.847159921E1,6.727720565E-1,1.202828172E-1,-3.772260426E-1,-6.249882461E-1,9.543724866E1,4.269629188E1,-2.092978458E1,-9.404093855E1
2.848156821E1,6.726545142E-1,1.197500389E-1,-3.771663627E-1,-6.252530495E-1,9.545545287E1,4.265395237E1,-2.095638366E1,-9.407684621E1
2.849153821E1,6.725105274E-1,1.192591440E-1,-3.771549936E-1,-6.255084726E-1,9.547774906E1,4.262018114E1,-2.098270927E1,-9.411582015E1
2.850150721E1,6.723160144E-1,1.188243361E-1,-3.771650877E-1,-6.257941913E-1,9.550786291E1,4.259401396E1,-2.100375289E1,-9.416133762E1
2.851147721E1,6.721358551E-1,1.184777098E-1,-3.771764779E-1,-6.260465904E-1,9.553574816E1,4.257415176E1,-2.101930810E1,-9.420172072E1
2.852144721E1,6.719463155E-1,1.182121215E-1,-3.771957601E-1,-6.262885607E-1,9.556507867E1,4.256131723E1,-2.102902286E1,-9.424108927E1
2.853141621E1,6.717415555E-1,1.180157382E-1,-3.772197627E-1,-6.265307470E-1,9.559675679E1,4.255447127E1,-2.103311107E1,-9.428078918E1
2.854138621E1,6.714992586E-1,1.178705529E-1,-3.772418793E-1,-6.268044855E-1,9.563423197E1,4.255220250E1,-2.103091954E1,-9.432501972E1
2.855135621E1,6.713141154E-1,1.178426938E-1,-3.772360209E-1,-6.270115451E-1,9.566285990E1,4.255435727E1,-2.102101054E1,-9.435614976E1
2.856132521E1,6.710651157E-1,1.178701525E-1,-3.771975197E-1,-6.272959481E-1,9.570135148E1,4.255901328E1,-2.100008020E1,-9.439587665E1
2.857129521E1,6.709290473E-1,1.180327129E-1,-3.770956086E-1,-6.274721404E-1,9.572238066E1,4.256445211E1,-2.097032141E1,-9.441274929E1
2.858126521E1,6.708230743E-1,1.182628241E-1,-3.769601592E-1,-6.276236319E-1,9.573875622E1,4.257078716E1,-2.093435303E1,-9.442251449E1
2.859123421E1,6.706820812E-1,1.185270743E-1,-3.768009811E-1,-6.278200060E-1,9.576053999E1,4.257818560E1,-2.089153631E1,-9.443681841E1
2.860120421E1,6.705959344E-1,1.188577796E-1,-3.765968428E-1,-6.279719019E-1,9.577384804E1,4.258463382E1,-2.084309138E1,-9.443993075E1
2.861117321E1,6.704696795E-1,1.191612896E-1,-3.763825577E-1,-6.281776457E-1,9.579334950E1,4.258909788E1,-2.079327701E1,-9.445039725E1
2.862114321E1,6.703840569E-1,1.194591835E-1,-3.761768390E-1,-6.283356766E-1,9.580657316E1,4.259295495E1,-2.074717787E1,-9.445441406E1
2.863111321E1,6.702305910E-1,1.196868924E-1,-3.760463629E-1,-6.285341553E-1,9.583027116E1,4.260078071E1,-2.070894939E1,-9.447188052E1
2.864108221E1,6.700019088E-1,1.198350491E-1,-3.760062707E-1,-6.287736271E-1,9.586557575E1,4.261355123E1,-2.068020274E1,-9.450431922E1
2.865105221E1,6.697371107E-1,1.199485400E-1,-3.760477116E-1,-6.290093439E-1,9.590644376E1,4.263271983E1,-2.065920495E1,-9.454394583E1
2.866102221E1,6.693613623E-1,1.200057649E-1,-3.761729825E-1,-6.293233050E-1,9.596441288E1,4.265880326E1,-2.064314798E1,-9.460357356E1
2.867099121E1,6.688767091E-1,1.200278077E-1,-3.763589766E-1,-6.297231588E-1,9.603914447E1,4.269103618E1,-2.062848215E1,-9.468216685E1
2.868096121E1,6.684059446E-1,1.200856332E-1,-3.765624194E-1,-6.300903263E-1,9.611169251E1,4.272726841E1,-2.061358174E1,-9.475734860E1
2.869093121E1,6.678132888E-1,1.200761501E-1,-3.768257108E-1,-6.305627793E-1,9.620296619E1,4.276751528E1,-2.060157212E1,-9.485451396E1
2.870090021E1,6.672423255E-1,1.201342180E-1,-3.771387881E-1,-6.309689485E-1,9.629083742E1,4.281712206E1,-2.059035082E1,-9.494610926E1
2.871087021E1,6.665734484E-1,1.202945446E-1,-3.774774380E-1,-6.314427699E-1,9.639370085E1,4.287920852E1,-2.056774511E1,-9.505026111E1
2.872084021E1,6.659178910E-1,1.206670806E-1,-3.777319207E-1,-6.319108581E-1,9.649443585E1,4.294811728E1,-2.052250163E1,-9.514501742E1
2.873080921E1,6.653217107E-1,1.212057068E-1,-3.778417659E-1,-6.323698926E-1,9.658597821E1,4.301327156E1,-2.045545056E1,-9.522422477E1
2.874077921E1,6.646956614E-1,1.217770389E-1,-3.778658002E-1,-6.329040618E-1,9.668203680E1,4.307292364E1,-2.037635094E1,-9.530673061E1
2.875074821E1,6.641101640E-1,1.224178396E-1,-3.778583823E-1,-6.333992806E-1,9.677180847E1,4.313340950E1,-2.029174021E1,-9.538008039E1
2.876071821E1,6.635767956E-1,1.231566633E-1,-3.778539253E-1,-6.338175038E-1,9.685353309E1,4.319997306E1,-2.020331492E1,-9.544159922E1
2.877068821E1,6.630127127E-1,1.239661884E-1,-3.778604475E-1,-6.342461267E-1,9.693990769E1,4.327343658E1,-2.010870762E1,-9.550552476E1
2.878065721E1,6.625225567E-1,1.248945675E-1,-3.778807518E-1,-6.345639864E-1,9.701491551E1,4.335506152E1,-2.001107983E1,-9.555338450E1
2.879062721E1,6.619239898E-1,1.257873853E-1,-3.779918719E-1,-6.349460028E-1,9.710645444E1,4.344561137E1,-1.991753973E1,-9.561975912E1
2.880059721E1,6.612984832E-1,1.266478027E-1,-3.782263875E-1,-6.352868496E-1,9.720204432E1,4.354659969E1,-1.983579774E1,-9.569156297E1
2.881056621E1,6.605390193E-1,1.274256544E-1,-3.786002827E-1,-6.356986863E-1,9.731801113E1,4.365849951E1,-1.976431636E1,-9.578768452E1
2.882053621E1,6.597538683E-1,1.282282463E-1,-3.790596939E-1,-6.360787218E-1,9.743779181E1,4.378120601E1,-1.969698285E1,-9.588695695E1
2.883050621E1,6.590323103E-1,1.291309791E-1,-3.795309062E-1,-6.363631326E-1,9.754777405E1,4.391079115E1,-1.962714627E1,-9.597237116E1
2.884047521E1,6.584193746E-1,1.301513016E-1,-3.799635542E-1,-6.365315877E-1,9.764112711E1,4.404246156E1,-1.955185810E1,-9.603596536E1
2.885044521E1,6.578568222E-1,1.312472882E-1,-3.803936206E-1,-6.366311148E-1,9.772674805E1,4.417812170E1,-1.947386595E1,-9.608850269E1
2.886041421E1,6.573293518E-1,1.324291175E-1,-3.808606182E-1,-6.366519801E-1,9.780697875E1,4.432285054E1,-1.939502356E1,-9.613221768E1
2.887038421E1,6.569124964E-1,1.337760465E-1,-3.813609435E-1,-6.365011175E-1,9.787034973E1,4.448036605E1,-1.931395967E1,-9.615227613E1
2.888035421E1,6.564309509E-1,1.352116735E-1,-3.819133411E-1,-6.363633572E-1,9.794351702E1,4.465096880E1,-1.922701998E1,-9.617906318E1
2.889032321E1,6.559239506E-1,1.367070226E-1,-3.825215834E-1,-6.362013184E-1,9.802050807E1,4.483203912E1,-1.913916562E1,-9.620732527E1
2.890029321E1,6.552770018E-1,1.381143375E-1,-3.832371631E-1,-6.361335410E-1,9.811868593E1,4.502052799E1,-1.905857866E1,-9.626060062E1
2.891026321E1,6.545480733E-1,1.394033567E-1,-3.840713757E-1,-6.360996957E-1,9.822921728E1,4.521406248E1,-1.899208243E1,-9.633087891E1
2.892023221E1,6.536486853E-1,1.405040322E-1,-3.850305853E-1,-6.362023398E-1,9.836546927E1,4.541013711E1,-1.893961548E1,-9.643473395E1
2.893020221E1,6.527256173E-1,1.415240808E-1,-3.860387695E-1,-6.363130694E-1,9.850516329E1,4.560576223E1,-1.889576840E1,-9.654497728E1
2.894017221E1,6.517820514E-1,1.424878001E-1,-3.870150696E-1,-6.364721981E-1,9.864780791E1,4.579448553E1,-1.885170887E1,-9.665993511E1
2.895014121E1,6.509058448E-1,1.434694844E-1,-3.878389984E-1,-6.366466598E-1,9.878013290E1,4.596760386E1,-1.879690784E1,-9.676263954E1
2.896011121E1,6.500778508E-1,1.444517800E-1,-3.884987019E-1,-6.368682448E-1,9.890505650E1,4.612303850E1,-1.873038687E1,-9.685675870E1
2.897008121E1,6.493635131E-1,1.455134275E-1,-3.889950548E-1,-6.370522909E-1,9.901273867E1,4.626515947E1,-1.865077369E1,-9.692909655E1
2.898005021E1,6.486940967E-1,1.467071737E-1,-3.893507532E-1,-6.372432563E-1,9.911357086E1,4.640152188E1,-1.855185248E1,-9.698839540E1
2.899002021E1,6.481224975E-1,1.481534218E-1,-3.895059168E-1,-6.373954100E-1,9.919960930E1,4.653365283E1,-1.842303372E1,-9.702142483E1
2.899999021E1,6.477088700E-1,1.499445153E-1,-3.893985898E-1,-6.374626748E-1,9.926183521E1,4.666079872E1,-1.825615207E1,-9.701487618E1
2.900995921E1,6.473401489E-1,1.520066658E-1,-3.890875145E-1,-6.375387281E-1,9.931728120E1,4.678604715E1,-1.805463034E1,-9.698911819E1
2.901992921E1,6.470054539E-1,1.542875900E-1,-3.886331925E-1,-6.376076451E-1,9.936759085E1,4.691211502E1,-1.782710502E1,-9.694790249E1
2.902989821E1,6.466369340E-1,1.567211385E-1,-3.880857576E-1,-6.377215137E-1,9.942296321E1,4.704074421E1,-1.757850582E1,-9.690433585E1
2.903986821E1,6.462495182E-1,1.592831401E-1,-3.874958914E-1,-6.378380939E-1,9.948115035E1,4.717506772E1,-1.731617257E1,-9.685702756E1
2.904983821E1,6.458802713E-1,1.620040774E-1,-3.869023584E-1,-6.378870247E-1,9.953658537E1,4.732059872E1,-1.704391580E1,-9.679896678E1
2.905980721E1,6.453472056E-1,1.648247658E-1,-3.863570941E-1,-6.380344468E-1,9.961657451E1,4.748168527E1,-1.675867126E1,-9.676049676E1
2.906977721E1,6.447654039E-1,1.678380231E-1,-3.858039905E-1,-6.381718521E-1,9.970382292E1,4.765728084E1,-1.645648912E1,-9.671953351E1
2.907974721E1,6.440567662E-1,1.710227022E-1,-3.852274848E-1,-6.383900691E-1,9.981001634E1,4.784568023E1,-1.613242566E1,-9.668845224E1
2.908971621E1,6.432812971E-1,1.744129420E-1,-3.845388580E-1,-6.386698069E-1,9.992612998E1,4.803942537E1,-1.578026184E1,-9.665593322E1
2.909968621E1,6.425601799E-1,1.780095644E-1,-3.836763438E-1,-6.389220827E-1,1.000340167E2,4.823047631E1,-1.540271478E1,-9.660293169E1
2.910965621E1,6.419022166E-1,1.816510310E-1,-3.826870941E-1,-6.391518339E-1,1.001323806E2,4.841175811E1,-1.501608520E1,-9.653530347E1
2.911962521E1,6.414113664E-1,1.852515520E-1,-3.816547070E-1,-6.392284649E-1,1.002057156E2,4.858385049E1,-1.464084793E1,-9.644155022E1
2.912959521E1,6.410420116E-1,1.887564207E-1,-3.806810094E-1,-6.391542663E-1,1.002608727E2,4.875377156E1,-1.428681987E1,-9.633164036E1
2.913956521E1,6.407322404E-1,1.922358011E-1,-3.797275740E-1,-6.389949430E-1,1.003071150E2,4.892393254E1,-1.394155362E1,-9.621171193E1
2.914953421E1,6.405602261E-1,1.958238887E-1,-3.787410427E-1,-6.386633025E-1,1.003327863E2,4.909809913E1,-1.359644659E1,-9.606354794E1
2.915950421E1,6.404014037E-1,1.994452408E-1,-3.777590527E-1,-6.382834039E-1,1.003564846E2,4.927632791E1,-1.325172409E1,-9.590945655E1
2.916947321E1,6.402498994E-1,2.030591065E-1,-3.767673532E-1,-6.378819416E-1,1.003790872E2,4.945425649E1,-1.290851901E1,-9.575224015E1
2.917944321E1,6.401641840E-1,2.066207417E-1,-3.757305671E-1,-6.374355952E-1,1.003918733E2,4.962424031E1,-1.257067215E1,-9.558534446E1
2.918941321E1,6.401013000E-1,2.100411587E-1,-3.746584039E-1,-6.370117674E-1,1.004012528E2,4.978102405E1,-1.224200354E1,-9.541987457E1
2.919938221E1,6.401324264E-1,2.133399082E-1,-3.735511641E-1,-6.365344744E-1,1.003966102E2,4.992520054E1,-1.192598922E1,-9.524450898E1
2.920935221E1,6.400809043E-1,2.164519736E-1,-3.725104899E-1,-6.361454776E-1,1.004042948E2,5.006383053E1,-1.162374187E1,-9.508937113E1
2.921932221E1,6.400492982E-1,2.194579237E-1,-3.715564591E-1,-6.357049548E-1,1.004090087E2,5.020365805E1,-1.133866930E1,-9.493520445E1
2.922929121E1,6.401194127E-1,2.224329011E-1,-3.707064414E-1,-6.350963721E-1,1.003985512E2,5.035122215E1,-1.107303504E1,-9.476609678E1
2.923926121E1,6.401471992E-1,2.253676020E-1,-3.700410112E-1,-6.344214629E-1,1.003944067E2,5.051525495E1,-1.082473434E1,-9.460409684E1
2.924923121E1,6.402414323E-1,2.283531741E-1,-3.695315243E-1,-6.335551838E-1,1.003803503E2,5.069881364E1,-1.059293293E1,-9.442805345E1
2.925920021E1,6.403215011E-1,2.313207337E-1,-3.691765635E-1,-6.326040239E-1,1.003684056E2,5.089720541E1,-1.037643085E1,-9.425361384E1
2.926917021E1,6.405165557E-1,2.342694379E-1,-3.688863140E-1,-6.314896623E-1,1.003393029E2,5.110021839E1,-1.017632949E1,-9.406147820E1
2.927914021E1,6.406111329E-1,2.369963548E-1,-3.687270674E-1,-6.304685287E-1,1.003251895E2,5.130035626E1,-9.996257024E0,-9.389519883E1
2.928910921E1,6.405980200E-1,2.395011367E-1,-3.686684464E-1,-6.295689095E-1,1.003271464E2,5.149440799E1,-9.832685380E0,-9.375608784E1
2.929907921E1,6.404298630E-1,2.419007359E-1,-3.686215264E-1,-6.288497068E-1,1.003522385E2,5.168332079E1,-9.666559810E0,-9.364475885E1
2.930904821E1,6.402248192E-1,2.444436660E-1,-3.684351952E-1,-6.281838281E-1,1.003828285E2,5.187111904E1,-9.476995615E0,-9.352930258E1
2.931901821E1,6.398369767E-1,2.470877855E-1,-3.681659242E-1,-6.277023497E-1,1.004406713E2,5.206135490E1,-9.261297481E0,-9.343369979E1
2.932898821E1,6.393620686E-1,2.498048295E-1,-3.678677300E-1,-6.272854305E-1,1.005114660E2,5.225607700E1,-9.033010384E0,-9.334516751E1
2.933895721E1,6.388935043E-1,2.525267362E-1,-3.676050498E-1,-6.268267641E-1,1.005812794E2,5.245520388E1,-8.808933799E0,-9.325385986E1
2.934892721E1,6.383028920E-1,2.550924835E-1,-3.674931341E-1,-6.264549953E-1,1.006692270E2,5.265785072E1,-8.600034534E0,-9.318840851E1
2.935889721E1,6.376842948E-1,2.574990054E-1,-3.675575977E-1,-6.260626582E-1,1.007612817E2,5.286526553E1,-8.415485188E0,-9.313535657E1
2.936886621E1,6.370465089E-1,2.597308970E-1,-3.678444860E-1,-6.256214005E-1,1.008561280E2,5.308042598E1,-8.260945431E0,-9.309453300E1
2.937883621E1,6.362724570E-1,2.617718212E-1,-3.684346209E-1,-6.252109573E-1,1.009711515E2,5.331061156E1,-8.136065217E0,-9.308441547E1
2.938880621E1,6.354773481E-1,2.638206691E-1,-3.692144167E-1,-6.246982495E-1,1.010892050E2,5.356017659E1,-8.026909625E0,-9.307597502E1
2.939877521E1,6.345438669E-1,2.659186707E-1,-3.701034043E-1,-6.242314438E-1,1.012276757E2,5.382564254E1,-7.915014058E0,-9.308373405E1
2.940874521E1,6.335417228E-1,2.682082930E-1,-3.709865547E-1,-6.237452984E-1,1.013761790E2,5.410708109E1,-7.786584966E0,-9.308831634E1
2.941871521E1,6.324566565E-1,2.707418665E-1,-3.718152460E-1,-6.232582873E-1,1.015367927E2,5.440427838E1,-7.633148171E0,-9.308815080E1
2.942868421E1,6.313201233E-1,2.735574499E-1,-3.725718188E-1,-6.227290927E-1,1.017048277E2,5.471854924E1,-7.453401400E0,-9.307573469E1
2.943865421E1,6.303036312E-1,2.767156081E-1,-3.732232721E-1,-6.219728884E-1,1.018549451E2,5.505074182E1,-7.254030696E0,-9.302167199E1
2.944862433E1,6.293629412E-1,2.801218689E-1,-3.738438476E-1,-6.210272540E-1,1.019937258E2,5.540085409E1,-7.044506228E0,-9.293798583E1
2.945859333E1,6.284452331E-1,2.836062332E-1,-3.744897480E-1,-6.199852180E-1,1.021289849E2,5.576074875E1,-6.836081124E0,-9.284310046E1
2.946856333E1,6.275672447E-1,2.869968997E-1,-3.752367219E-1,-6.188615682E-1,1.022582691E2,5.612333601E1,-6.646877039E0,-9.274589007E1
2.947853233E1,6.267099199E-1,2.901677915E-1,-3.761338861E-1,-6.177058753E-1,1.023843973E2,5.648280307E1,-6.486953829E0,-9.265783799E1
2.948850233E1,6.258945502E-1,2.931098628E-1,-3.771703508E-1,-6.165104188E-1,1.025042496E2,5.683705087E1,-6.357235166E0,-9.257697972E1
2.949847233E1,6.250095263E-1,2.957975911E-1,-3.783885818E-1,-6.153771987E-1,1.026342267E2,5.718851468E1,-6.254142816E0,-9.252159145E1
2.950844133E1,6.241650178E-1,2.983311093E-1,-3.797420145E-1,-6.141764050E-1,1.027581436E2,5.754043174E1,-6.176264457E0,-9.246925997E1
2.951841133E1,6.233345447E-1,3.006620038E-1,-3.812714763E-1,-6.129343489E-1,1.028798968E2,5.789275106E1,-6.127841024E0,-9.242748403E1
2.952838133E1,6.223620072E-1,3.026336334E-1,-3.830809669E-1,-6.118230619E-1,1.030223467E2,5.824300142E1,-6.114378916E0,-9.242996415E1
2.953835033E1,6.212856419E-1,3.042530839E-1,-3.851444766E-1,-6.108173729E-1,1.031798405E2,5.858902563E1,-6.135684013E0,-9.247108775E1
2.954832033E1,6.201459671E-1,3.055782783E-1,-3.874429418E-1,-6.098597363E-1,1.033464109E2,5.893379914E1,-6.189811961E0,-9.254134859E1
2.955829033E1,6.187398435E-1,3.065726410E-1,-3.900450540E-1,-6.091297733E-1,1.035516611E2,5.928218783E1,-6.268497046E0,-9.267251231E1
2.956825933E1,6.171983933E-1,3.074625217E-1,-3.927884424E-1,-6.084819476E-1,1.037763326E2,5.963717931E1,-6.354862144E0,-9.282981036E1
2.957822933E1,6.156109141E-1,3.083415837E-1,-3.954655628E-1,-6.079110023E-1,1.040073524E2,5.998590068E1,-6.431620104E0,-9.299370789E1
2.958819933E1,6.140483974E-1,3.092052016E-1,-3.979405232E-1,-6.074373205E-1,1.042343847E2,6.031398622E1,-6.491967645E0,-9.315437132E1
2.959816833E1,6.126198432E-1,3.100538706E-1,-4.001856858E-1,-6.069719640E-1,1.044416466E2,6.061794073E1,-6.542222679E0,-9.329641356E1
2.960813833E1,6.111683057E-1,3.107566219E-1,-4.023545679E-1,-6.066418698E-1,1.046519458E2,6.090257936E1,-6.590749244E0,-9.345157931E1
2.961810833E1,6.097722620E-1,3.113736201E-1,-4.044798122E-1,-6.063170577E-1,1.048539243E2,6.117585821E1,-6.643936179E0,-9.360460900E1
2.962807733E1,6.083240129E-1,3.118185644E-1,-4.066289222E-1,-6.061056482E-1,1.050631668E2,6.143777108E1,-6.703666318E0,-9.377695851E1
2.963804733E1,6.069164488E-1,3.121288021E-1,-4.087683436E-1,-6.059179541E-1,1.052662509E2,6.168768176E1,-6.772511956E0,-9.395295013E1
2.964801633E1,6.055827346E-1,3.123207494E-1,-4.108514832E-1,-6.057444970E-1,1.054584266E2,6.192211236E1,-6.848010819E0,-9.412680455E1
2.965798633E1,6.043372575E-1,3.123954705E-1,-4.128468468E-1,-6.055932276E-1,1.056376670E2,6.213785922E1,-6.928364920E0,-9.429653466E1
2.966795633E1,6.032909446E-1,3.124508145E-1,-4.146683861E-1,-6.053632496E-1,1.057880808E2,6.233378552E1,-7.009787003E0,-9.443957371E1
2.967792533E1,6.025388164E-1,3.125844938E-1,-4.162746974E-1,-6.049407451E-1,1.058961116E2,6.251326541E1,-7.091434974E0,-9.453573159E1
2.968789533E1,6.019211053E-1,3.127589080E-1,-4.177420715E-1,-6.044538716E-1,1.059847781E2,6.268160914E1,-7.169141113E0,-9.461007489E1
2.969786533E1,6.014860464E-1,3.130801776E-1,-4.190238994E-1,-6.038329833E-1,1.060471956E2,6.284263582E1,-7.237224946E0,-9.464812981E1
2.970783433E1,6.012839272E-1,3.136020979E-1,-4.200655430E-1,-6.030392568E-1,1.060761848E2,6.299489424E1,-7.292141742E0,-9.463897471E1
2.971780433E1,6.011736667E-1,3.142118205E-1,-4.209468915E-1,-6.022165547E-1,1.060919967E2,6.313773082E1,-7.335390157E0,-9.461040760E1
2.972777433E1,6.012267067E-1,3.149362511E-1,-4.216525035E-1,-6.012909063E-1,1.060843907E2,6.327141397E1,-7.370262480E0,-9.455055424E1
2.973774333E1,6.013356475E-1,3.156751169E-1,-4.222860233E-1,-6.003492281E-1,1.060687673E2,6.339868761E1,-7.402603231E0,-9.448169756E1
2.974771333E1,6.014144349E-1,3.163591392E-1,-4.229280252E-1,-5.994575966E-1,1.060574672E2,6.352243590E1,-7.436208221E0,-9.442093652E1
2.975768333E1,6.016510341E-1,3.170884746E-1,-4.234816399E-1,-5.984431351E-1,1.060235280E2,6.364013655E1,-7.472914536E0,-9.433476383E1
2.976765233E1,6.019781856E-1,3.177674867E-1,-4.239669766E-1,-5.974094339E-1,1.059765870E2,6.374609306E1,-7.513694277E0,-9.423956274E1
2.977762233E1,6.022375123E-1,3.182920780E-1,-4.244581244E-1,-5.965195060E-1,1.059393674E2,6.383994176E1,-7.557109203E0,-9.416513391E1
2.978759233E1,6.025808106E-1,3.188066015E-1,-4.248769850E-1,-5.955989645E-1,1.058900819E2,6.392504326E1,-7.601577024E0,-9.407960408E1
2.979756133E1,6.028695386E-1,3.192518513E-1,-4.253067038E-1,-5.947612317E-1,1.058486183E2,6.400570774E1,-7.645972108E0,-9.400678859E1
2.980753133E1,6.032048151E-1,3.196985974E-1,-4.257111555E-1,-5.938912802E-1,1.058004558E2,6.408365317E1,-7.692104204E0,-9.392726078E1
2.981750033E1,6.035485259E-1,3.201026328E-1,-4.261110290E-1,-5.930370868E-1,1.057510658E2,6.415745670E1,-7.740804407E0,-9.384967631E1
2.982747033E1,6.039415074E-1,3.204683674E-1,-4.264606950E-1,-5.921873177E-1,1.056945761E2,6.422253722E1,-7.791004612E0,-9.376794816E1
2.983744033E1,6.043208205E-1,3.207456462E-1,-4.267741464E-1,-5.914240469E-1,1.056400311E2,6.427641005E1,-7.840949480E0,-9.369467845E1
2.984740933E1,6.046145906E-1,3.208712175E-1,-4.270940673E-1,-5.908243749E-1,1.055977736E2,6.431846143E1,-7.891496346E0,-9.364461072E1
2.985737933E1,6.049231912E-1,3.209652208E-1,-4.273403577E-1,-5.902791620E-1,1.055533701E2,6.435012531E1,-7.937801932E0,-9.359476256E1
2.986734933E1,6.053808295E-1,3.211367848E-1,-4.274161957E-1,-5.896614498E-1,1.054874979E2,6.436995512E1,-7.976977279E0,-9.351812138E1
2.987731833E1,6.058439878E-1,3.212610759E-1,-4.274214640E-1,-5.891139136E-1,1.054208018E2,6.437841096E1,-8.012127874E0,-9.344412025E1
2.988728833E1,6.063936763E-1,3.214038430E-1,-4.273344150E-1,-5.885333736E-1,1.053416068E2,6.437840939E1,-8.045068573E0,-9.335651238E1
2.989725833E1,6.068595735E-1,3.215284607E-1,-4.272662741E-1,-5.880342647E-1,1.052744511E2,6.437929272E1,-8.073409427E0,-9.328191686E1
2.990722733E1,6.071978829E-1,3.216932496E-1,-4.272437729E-1,-5.876113244E-1,1.052256675E2,6.438909421E1,-8.093090234E0,-9.322220301E1
2.991719733E1,6.075426481E-1,3.219779305E-1,-4.271799415E-1,-5.871450920E-1,1.051759365E2,6.440488859E1,-8.103663997E0,-9.315247176E1
2.992716733E1,6.078019032E-1,3.222338725E-1,-4.271406343E-1,-5.867649597E-1,1.051385292E2,6.442127471E1,-8.110501715E0,-9.309690315E1
2.993713633E1,6.080842562E-1,3.225216565E-1,-4.270756386E-1,-5.863613924E-1,1.050977785E2,6.443762378E1,-8.115407106E0,-9.303562650E1
2.994710633E1,6.083523305E-1,3.228007476E-1,-4.269828365E-1,-5.859972233E-1,1.050590783E2,6.445046843E1,-8.116788879E0,-9.297696352E1
2.995707633E1,6.085339295E-1,3.230021780E-1,-4.269004289E-1,-5.857577146E-1,1.050328563E2,6.445823551E1,-8.115251244E0,-9.293626790E1
2.996704533E1,6.087002185E-1,3.231546653E-1,-4.268194227E-1,-5.855597311E-1,1.050088409E2,6.446203083E1,-8.114827486E0,-9.290137225E1
2.997701533E1,6.087555060E-1,3.231771506E-1,-4.267970216E-1,-5.855062138E-1,1.050008555E2,6.446133180E1,-8.116458420E0,-9.289190401E1
2.998698533E1,6.088230107E-1,3.231381068E-1,-4.267786614E-1,-5.854709092E-1,1.049911049E2,6.445567349E1,-8.122466097E0,-9.288533971E1
2.999695433E1,6.088589185E-1,3.230054075E-1,-4.268144230E-1,-5.854809415E-1,1.049859180E2,6.444771164E1,-8.135378477E0,-9.289033149E1
3.000692433E1,6.087706196E-1,3.227420213E-1,-4.269625797E-1,-5.856099543E-1,1.049986725E2,6.444081069E1,-8.154487540E0,-9.292264406E1
3.001689333E1,6.086880671E-1,3.224511764E-1,-4.271350762E-1,-5.857300175E-1,1.050105960E2,6.443403323E1,-8.177797694E0,-9.295619657E1
3.002686333E1,6.085500019E-1,3.220827497E-1,-4.273502569E-1,-5.859191647E-1,1.050305353E2,6.442534526E1,-8.204061084E0,-9.300340084E1
3.003683333E1,6.085251919E-1,3.217894709E-1,-4.274944202E-1,-5.860010415E-1,1.050341181E2,6.441514609E1,-8.229835487E0,-9.302900953E1
3.004680233E1,6.084912940E-1,3.215140465E-1,-4.276266296E-1,-5.860909104E-1,1.050390131E2,6.440531887E1,-8.252814857E0,-9.305450897E1
3.005677233E1,6.083811656E-1,3.212345128E-1,-4.277895009E-1,-5.862395610E-1,1.050549150E2,6.439878302E1,-8.272276781E0,-9.309102499E1
3.006674233E1,6.083126078E-1,3.210545458E-1,-4.279286698E-1,-5.863077816E-1,1.050648135E2,6.439811161E1,-8.288364833E0,-9.311423884E1
3.007671133E1,6.082269417E-1,3.209471240E-1,-4.280473026E-1,-5.863688340E-1,1.050771811E2,6.440165680E1,-8.297499834E0,-9.313439171E1
3.008668133E1,6.081117945E-1,3.208732985E-1,-4.281253428E-1,-5.864716743E-1,1.050938034E2,6.440408355E1,-8.298479415E0,-9.315613760E1
3.009665133E1,6.081315285E-1,3.209138385E-1,-4.280638136E-1,-5.864739410E-1,1.050909548E2,6.440109240E1,-8.292287167E0,-9.315028640E1
3.010662033E1,6.081233388E-1,3.208802896E-1,-4.279811215E-1,-5.865612824E-1,1.050921370E2,6.438974269E1,-8.285090899E0,-9.315390064E1
3.011659033E1,6.081551873E-1,3.208140822E-1,-4.278833777E-1,-5.866355597E-1,1.050875396E2,6.437378804E1,-8.281523426E0,-9.315427724E1
3.012656033E1,6.082117234E-1,3.207345195E-1,-4.277845749E-1,-5.866926515E-1,1.050793781E2,6.435643691E1,-8.280650398E0,-9.315223374E1
3.013652933E1,6.081949687E-1,3.205717115E-1,-4.277589022E-1,-5.868176393E-1,1.050817969E2,6.433993713E1,-8.284433483E0,-9.316672778E1
3.014649933E1,6.081401956E-1,3.203717036E-1,-4.277997636E-1,-5.869539244E-1,1.050897037E2,6.432735130E1,-8.293133165E0,-9.318940532E1
3.015646933E1,6.080894060E-1,3.201936648E-1,-4.279030339E-1,-5.870284006E-1,1.050970352E2,6.432306324E1,-8.307229317E0,-9.320991083E1
3.016643833E1,6.079127264E-1,3.199481594E-1,-4.281395199E-1,-5.871727114E-1,1.051225359E2,6.432752842E1,-8.326466172E0,-9.325320720E1
3.017640833E1,6.077353883E-1,3.197466658E-1,-4.284108929E-1,-5.872682003E-1,1.051481274E2,6.433939413E1,-8.346939638E0,-9.329335250E1
3.018637833E1,6.075805816E-1,3.196295924E-1,-4.286762389E-1,-5.872985052E-1,1.051704638E2,6.435773962E1,-8.364772067E0,-9.332401792E1
3.019634733E1,6.073243873E-1,3.195122767E-1,-4.289977140E-1,-5.873925184E-1,1.052074216E2,6.438251027E1,-8.379166473E0,-9.336894545E1
3.020631733E1,6.070956643E-1,3.194980837E-1,-4.292985056E-1,-5.874169978E-1,1.052404089E2,6.441381063E1,-8.389012354E0,-9.340232364E1
3.021628633E1,6.067829781E-1,3.195157749E-1,-4.296284416E-1,-5.874891097E-1,1.052854939E2,6.445138289E1,-8.392780458E0,-9.344507305E1
3.022625633E1,6.065202966E-1,3.196338176E-1,-4.299132384E-1,-5.874879520E-1,1.053233584E2,6.449256718E1,-8.391726477E0,-9.347331195E1
3.023622633E1,6.062161689E-1,3.197571288E-1,-4.302017020E-1,-5.875235200E-1,1.053671853E2,6.453484344E1,-8.387128659E0,-9.350691323E1
3.024619533E1,6.058515749E-1,3.198353270E-1,-4.305149637E-1,-5.876274778E-1,1.054197090E2,6.457621882E1,-8.381771368E0,-9.355233269E1
3.025616533E1,6.055970567E-1,3.199751018E-1,-4.307917684E-1,-5.876109918E-1,1.054563643E2,6.461841129E1,-8.379593541E0,-9.357773230E1
3.026613533E1,6.053174901E-1,3.200755219E-1,-4.311142497E-1,-5.876078374E-1,1.054966166E2,6.466214159E1,-8.381536015E0,-9.360957786E1
3.027610433E1,6.049753795E-1,3.201005571E-1,-4.314934871E-1,-5.876681542E-1,1.055458596E2,6.470572541E1,-8.387086819E0,-9.365582532E1
3.028607433E1,6.046770101E-1,3.201230477E-1,-4.318568087E-1,-5.876960251E-1,1.055887933E2,6.474719257E1,-8.395057030E0,-9.369611174E1
3.029604433E1,6.043001936E-1,3.200549015E-1,-4.322484741E-1,-5.878326889E-1,1.056429977E2,6.478437679E1,-8.403195755E0,-9.375412460E1
3.030601333E1,6.040149160E-1,3.200251933E-1,-4.325836627E-1,-5.878956839E-1,1.056840215E2,6.481844054E1,-8.412051642E0,-9.379646006E1
3.031598333E1,6.036826217E-1,3.199432019E-1,-4.329255316E-1,-5.880298880E-1,1.057317924E2,6.484904718E1,-8.419917099E0,-9.384921203E1
3.032595333E1,6.033319626E-1,3.198535292E-1,-4.332578859E-1,-5.881937524E-1,1.057821871E2,6.487814801E1,-8.425596584E0,-9.390507234E1
3.033592233E1,6.029936413E-1,3.197708897E-1,-4.335297647E-1,-5.883851498E-1,1.058307927E2,6.490149406E1,-8.426148627E0,-9.395859084E1
3.034589233E1,6.026029518E-1,3.196345816E-1,-4.337667195E-1,-5.886848863E-1,1.058869026E2,6.491697417E1,-8.421261253E0,-9.402337352E1
3.035586233E1,6.021929374E-1,3.194637340E-1,-4.339619279E-1,-5.890532596E-1,1.059457656E2,6.492529538E1,-8.412294828E0,-9.409333306E1
3.036583133E1,6.019062763E-1,3.193435207E-1,-4.340674741E-1,-5.893335144E-1,1.059869061E2,6.492782696E1,-8.403079276E0,-9.414222936E1
3.037580133E1,6.015428170E-1,3.191294094E-1,-4.341997362E-1,-5.897231048E-1,1.060390523E2,6.492564289E1,-8.394235211E0,-9.420882104E1
3.038577133E1,6.012686597E-1,3.189296070E-1,-4.342737724E-1,-5.900560991E-1,1.060783743E2,6.491806354E1,-8.386949758E0,-9.426184014E1
3.039574033E1,6.009822211E-1,3.187130513E-1,-4.343404540E-1,-5.904157889E-1,1.061194470E2,6.490838082E1,-8.378705501E0,-9.431779604E1
3.040571033E1,6.007196252E-1,3.185481096E-1,-4.343574603E-1,-5.907593068E-1,1.061570912E2,6.489774944E1,-8.365283272E0,-9.436649498E1
3.041568033E1,6.006200121E-1,3.185122584E-1,-4.342376210E-1,-5.909679116E-1,1.061713687E2,6.488279211E1,-8.346692904E0,-9.438283019E1
3.042564933E1,6.004780411E-1,3.183960227E-1,-4.341025772E-1,-5.912740867E-1,1.061917150E2,6.485968909E1,-8.326826707E0,-9.441103033E1
3.043561933E1,6.004345923E-1,3.182853661E-1,-4.339045502E-1,-5.915230435E-1,1.061979413E2,6.482988725E1,-8.309272894E0,-9.442507019E1
3.044558921E1,6.003749371E-1,3.181333530E-1,-4.337123922E-1,-5.918064143E-1,1.062064895E2,6.479729922E1,-8.292888602E0,-9.444446719E1
3.045555821E1,6.002364688E-1,3.179540392E-1,-4.335361552E-1,-5.921722226E-1,1.062263293E2,6.476453302E1,-8.272504375E0,-9.447678934E1
3.046552821E1,6.001961228E-1,3.178672061E-1,-4.332719893E-1,-5.924529742E-1,1.062321096E2,6.472984373E1,-8.247740411E0,-9.448854114E1
3.047549721E1,6.001338475E-1,3.177565127E-1,-4.329941730E-1,-5.927784987E-1,1.062410313E2,6.469184887E1,-8.220928496E0,-9.450509492E1
3.048546721E1,6.001656002E-1,3.176491067E-1,-4.326567612E-1,-5.930501190E-1,1.062364824E2,6.464736251E1,-8.196456987E0,-9.450830302E1
3.049543721E1,6.002858574E-1,3.174825582E-1,-4.322675614E-1,-5.933012599E-1,1.062192532E2,6.459195554E1,-8.177636915E0,-9.450359742E1
3.050540621E1,6.003467744E-1,3.171542184E-1,-4.319191913E-1,-5.936688078E-1,1.062105249E2,6.452747383E1,-8.165530545E0,-9.451916206E1
3.051537621E1,6.004828544E-1,3.167745596E-1,-4.315517551E-1,-5.940011478E-1,1.061910252E2,6.445624089E1,-8.160697507E0,-9.452809915E1
3.052534621E1,6.004916947E-1,3.162274883E-1,-4.312558052E-1,-5.944984912E-1,1.061897584E2,6.437907254E1,-8.159978263E0,-9.456708040E1
3.053531521E1,6.004752470E-1,3.156132085E-1,-4.309750545E-1,-5.950448933E-1,1.061921154E2,6.429799951E1,-8.161953160E0,-9.461447478E1
3.054528521E1,6.005364304E-1,3.150173732E-1,-4.306568089E-1,-5.955289216E-1,1.061833474E2,6.421416326E1,-8.166273719E0,-9.464960866E1
3.055525521E1,6.004593694E-1,3.142747932E-1,-4.304254596E-1,-5.961658614E-1,1.061943907E2,6.412787653E1,-8.174371712E0,-9.471473028E1
3.056522421E1,6.004531409E-1,3.135128308E-1,-4.301730316E-1,-5.967552337E-1,1.061952833E2,6.403741169E1,-8.187711629E0,-9.477132769E1
3.057519421E1,6.004712179E-1,3.126768007E-1,-4.299446852E-1,-5.973401094E-1,1.061926928E2,6.394315402E1,-8.209325523E0,-9.482991091E1
3.058516421E1,6.004919332E-1,3.117452763E-1,-4.297504673E-1,-5.979456120E-1,1.061897242E2,6.384449616E1,-8.239423649E0,-9.489497919E1
3.059513321E1,6.005112781E-1,3.107412277E-1,-4.296051713E-1,-5.985528222E-1,1.061869520E2,6.374496616E1,-8.277952728E0,-9.496538914E1
3.060510321E1,6.005984229E-1,3.097255572E-1,-4.294804324E-1,-5.990811900E-1,1.061744629E2,6.364631800E1,-8.325062578E0,-9.502709217E1
3.061507321E1,6.006410884E-1,3.086327948E-1,-4.294122177E-1,-5.996510024E-1,1.061683479E2,6.354751550E1,-8.377892839E0,-9.510038800E1
3.062504221E1,6.008422682E-1,3.075855562E-1,-4.292575125E-1,-6.000981254E-1,1.061395110E2,6.344265797E1,-8.433944086E0,-9.514806924E1
3.063501221E1,6.011230399E-1,3.065082248E-1,-4.290369738E-1,-6.005257580E-1,1.060992563E2,6.332805146E1,-8.492262706E0,-9.518655947E1
3.064498221E1,6.014265396E-1,3.053608875E-1,-4.288086380E-1,-6.009691848E-1,1.060557310E2,6.320677715E1,-8.555584816E0,-9.522662377E1
3.065495121E1,6.018074443E-1,3.041992413E-1,-4.285682271E-1,-6.013484406E-1,1.060010874E2,6.308268927E1,-8.625281904E0,-9.525666786E1
3.066492121E1,6.021523198E-1,3.029468319E-1,-4.283755054E-1,-6.017726607E-1,1.059515956E2,6.295640182E1,-8.701364803E0,-9.529792641E1
3.067489121E1,6.025696549E-1,3.016481611E-1,-4.281880783E-1,-6.021404372E-1,1.058916837E2,6.282649987E1,-8.786742794E0,-9.533201161E1
3.068486021E1,6.029762805E-1,3.002467784E-1,-4.280755463E-1,-6.025136968E-1,1.058332865E2,6.269613858E1,-8.883925696E0,-9.537457696E1
3.069483021E1,6.032546466E-1,2.987333957E-1,-4.281176668E-1,-6.029573063E-1,1.057932962E2,6.257372527E1,-8.991096240E0,-9.544268352E1
3.070479921E1,6.035727270E-1,2.973372760E-1,-4.282177708E-1,-6.032579416E-1,1.057475876E2,6.246697624E1,-9.101214016E0,-9.549662465E1
3.071476921E1,6.038705196E-1,2.960871478E-1,-4.283613756E-1,-6.034728233E-1,1.057047819E2,6.237710166E1,-9.206229819E0,-9.554284148E1
3.072473921E1,6.041747716E-1,2.949601306E-1,-4.285420276E-1,-6.035918099E-1,1.056610352E2,6.230129932E1,-9.308924006E0,-9.557928438E1
3.073470821E1,6.046548160E-1,2.940070586E-1,-4.286849528E-1,-6.034747342E-1,1.055919864E2,6.223464867E1,-9.413660654E0,-9.557877629E1
3.074467821E1,6.051950811E-1,2.930951273E-1,-4.288165774E-1,-6.032831078E-1,1.055142379E2,6.216978320E1,-9.520279662E0,-9.556669405E1
3.075464821E1,6.058818298E-1,2.922219815E-1,-4.289091635E-1,-6.029514885E-1,1.054153512E2,6.210294370E1,-9.633497941E0,-9.553111721E1
3.076461721E1,6.065508822E-1,2.912469195E-1,-4.290885774E-1,-6.026227297E-1,1.053189501E2,6.203697136E1,-9.758986657E0,-9.550487800E1
3.077458721E1,6.071070933E-1,2.900967846E-1,-4.294647275E-1,-6.023494082E-1,1.052387607E2,6.197816616E1,-9.903129782E0,-9.550653773E1
3.078455721E1,6.076001176E-1,2.887977081E-1,-4.300676223E-1,-6.020463820E-1,1.051676452E2,6.193153560E1,-1.007161937E1,-9.552731665E1
3.079452621E1,6.078827452E-1,2.873147133E-1,-4.310145935E-1,-6.017934258E-1,1.051268628E2,6.190787391E1,-1.026519196E1,-9.559045571E1
3.080449621E1,6.081551175E-1,2.858245009E-1,-4.321271702E-1,-6.014297634E-1,1.050875497E2,6.190147295E1,-1.047427131E1,-9.565541468E1
3.081446621E1,6.084944869E-1,2.843159650E-1,-4.332010034E-1,-6.010288596E-1,1.050385520E2,6.188942950E1,-1.068659076E1,-9.571174520E1
3.082443521E1,6.088856531E-1,2.826739080E-1,-4.341215064E-1,-6.007431448E-1,1.049820561E2,6.185051571E1,-1.089629175E1,-9.576910855E1
3.083440521E1,6.094110393E-1,2.808917549E-1,-4.348108761E-1,-6.005475998E-1,1.049061411E2,6.177525877E1,-1.110335096E1,-9.581591558E1
3.084437521E1,6.098969724E-1,2.788522267E-1,-4.353455088E-1,-6.006175837E-1,1.048358925E2,6.166383899E1,-1.130692795E1,-9.588454822E1
3.085434421E1,6.104701534E-1,2.767021527E-1,-4.357010544E-1,-6.007716887E-1,1.047529882E2,6.152436484E1,-1.150744944E1,-9.594689808E1
3.086431421E1,6.111356659E-1,2.745303519E-1,-4.358990339E-1,-6.009478487E-1,1.046566712E2,6.136610705E1,-1.170250130E1,-9.599628398E1
3.087428421E1,6.117929101E-1,2.723381415E-1,-4.359824689E-1,-6.012158964E-1,1.045614895E2,6.119459836E1,-1.188768878E1,-9.604685854E1
3.088425321E1,6.125857075E-1,2.702823869E-1,-4.358478940E-1,-6.014339491E-1,1.044465956E2,6.100990242E1,-1.205639587E1,-9.606772449E1
3.089422321E1,6.135182006E-1,2.683768751E-1,-4.354093244E-1,-6.016544252E-1,1.043113423E2,6.080381840E1,-1.219988422E1,-9.605722567E1
3.090419321E1,6.145252080E-1,2.665013457E-1,-4.346951830E-1,-6.019767293E-1,1.041651417E2,6.057042665E1,-1.232209087E1,-9.603250989E1
3.091416221E1,6.157561588E-1,2.646948790E-1,-4.336965661E-1,-6.022360069E-1,1.039862306E2,6.031033012E1,-1.243225339E1,-9.596958579E1
3.092413221E1,6.169960347E-1,2.627872758E-1,-4.325841369E-1,-6.026025159E-1,1.038058013E2,6.003035068E1,-1.253833908E1,-9.591042164E1
3.093410221E1,6.183297632E-1,2.608682718E-1,-4.313628213E-1,-6.029445461E-1,1.036114655E2,5.973719745E1,-1.264271472E1,-9.583694586E1
3.094407121E1,6.196755713E-1,2.589177104E-1,-4.300981261E-1,-6.033070340E-1,1.034151063E2,5.943705693E1,-1.274597118E1,-9.576230080E1
3.095404121E1,6.210068079E-1,2.569382626E-1,-4.288409067E-1,-6.036793731E-1,1.032206115E2,5.913576809E1,-1.285059914E1,-9.569022534E1
3.096401121E1,6.223853299E-1,2.550518434E-1,-4.275813586E-1,-6.039530076E-1,1.030189322E2,5.884114274E1,-1.295361001E1,-9.560416528E1
3.097398021E1,6.236722266E-1,2.531871299E-1,-4.263481103E-1,-6.042817682E-1,1.028304027E2,5.855213161E1,-1.305052643E1,-9.552884441E1
3.098395021E1,6.250777331E-1,2.514487410E-1,-4.250088941E-1,-6.044989153E-1,1.026242138E2,5.826072645E1,-1.313970548E1,-9.542710023E1
3.099392021E1,6.265027675E-1,2.496978713E-1,-4.235962635E-1,-6.047407888E-1,1.024148564E2,5.796060671E1,-1.322428402E1,-9.532183115E1
3.100388921E1,6.278256312E-1,2.477787567E-1,-4.222430125E-1,-6.051045576E-1,1.022202338E2,5.765488344E1,-1.331625734E1,-9.524053424E1
3.101385921E1,6.289990127E-1,2.456605825E-1,-4.210420380E-1,-6.055861986E-1,1.020473799E2,5.735137826E1,-1.342266741E1,-9.519202806E1
3.102382921E1,6.301461722E-1,2.435015417E-1,-4.199872973E-1,-6.059979667E-1,1.018781846E2,5.706031197E1,-1.354352120E1,-9.514871985E1
3.103379821E1,6.311109452E-1,2.412573169E-1,-4.191631895E-1,-6.064619719E-1,1.017357326E2,5.678886904E1,-1.367712117E1,-9.513636470E1
3.104376821E1,6.320430820E-1,2.390866699E-1,-4.185032541E-1,-6.068064632E-1,1.015979624E2,5.654065379E1,-1.381959094E1,-9.512352255E1
3.105373821E1,6.328408099E-1,2.369063397E-1,-4.179923395E-1,-6.071822721E-1,1.014799506E2,5.630894032E1,-1.396650150E1,-9.513020170E1
3.106370721E1,6.335806701E-1,2.347130914E-1,-4.175441604E-1,-6.075705987E-1,1.013704105E2,5.608362954E1,-1.411602537E1,-9.514509849E1
3.107367721E1,6.343629380E-1,2.325811458E-1,-4.170851286E-1,-6.078894594E-1,1.012544985E2,5.586154880E1,-1.426455144E1,-9.514900802E1
3.108364621E1,6.350341490E-1,2.304678606E-1,-4.166891168E-1,-6.082650918E-1,1.011549654E2,5.564905730E1,-1.440962113E1,-9.516739397E1
3.109361621E1,6.355919731E-1,2.284341909E-1,-4.163749120E-1,-6.086645070E-1,1.010721923E2,5.545283975E1,-1.454909780E1,-9.519731753E1
3.110358621E1,6.361782239E-1,2.265897605E-1,-4.160712018E-1,-6.089490943E-1,1.009851480E2,5.527199422E1,-1.468043406E1,-9.521157845E1
3.111355521E1,6.366452175E-1,2.248285175E-1,-4.158037485E-1,-6.092964621E-1,1.009157715E2,5.510306369E1,-1.480111041E1,-9.523836120E1
3.112352521E1,6.371391431E-1,2.232051368E-1,-4.154801555E-1,-6.095976790E-1,1.008423562E2,5.493863747E1,-1.491030951E1,-9.525270610E1
3.113349521E1,6.377022882E-1,2.216749638E-1,-4.150394575E-1,-6.098673556E-1,1.007586050E2,5.476837002E1,-1.500827668E1,-9.525068725E1
3.114346421E1,6.382884139E-1,2.201233276E-1,-4.145046983E-1,-6.101798851E-1,1.006713822E2,5.458652632E1,-1.510076737E1,-9.524554727E1
3.115343421E1,6.388409604E-1,2.184725620E-1,-4.139564521E-1,-6.105668761E-1,1.005891059E2,5.439631356E1,-1.519591975E1,-9.525008591E1
3.116340421E1,6.392985263E-1,2.167206966E-1,-4.134557370E-1,-6.110513765E-1,1.005209355E2,5.420481934E1,-1.529496741E1,-9.527375231E1
3.117337321E1,6.398115127E-1,2.149974700E-1,-4.129347282E-1,-6.114754831E-1,1.004444682E2,5.401271504E1,-1.539484782E1,-9.528677696E1
3.118334321E1,6.403667355E-1,2.132617996E-1,-4.123817826E-1,-6.118752236E-1,1.003616570E2,5.381585402E1,-1.549604922E1,-9.529326547E1
3.119331321E1,6.408904681E-1,2.113893310E-1,-4.118469496E-1,-6.123365472E-1,1.002834969E2,5.361107414E1,-1.560564671E1,-9.531090165E1
3.120328221E1,6.414581348E-1,2.093834571E-1,-4.113667917E-1,-6.127540210E-1,1.001987299E2,5.340126484E1,-1.573259329E1,-9.532810240E1
3.121325221E1,6.420046714E-1,2.071926850E-1,-4.110197335E-1,-6.131590759E-1,1.001170685E2,5.319161605E1,-1.588271258E1,-9.535733350E1
3.122322221E1,6.424785126E-1,2.048323035E-1,-4.108401352E-1,-6.135760505E-1,1.000462296E2,5.298771808E1,-1.605449637E1,-9.540553110E1
3.123319121E1,6.429647476E-1,2.024391632E-1,-4.107757348E-1,-6.139038397E-1,9.997349960E1,5.279322078E1,-1.624064598E1,-9.545253029E1
3.124316121E1,6.432754397E-1,1.999476628E-1,-4.108753173E-1,-6.143281886E-1,9.992700665E1,5.261137640E1,-1.643605220E1,-9.553037790E1
3.125313121E1,6.435000416E-1,1.974688381E-1,-4.110851243E-1,-6.147543341E-1,9.989338664E1,5.244365593E1,-1.663519261E1,-9.561976683E1
3.126310021E1,6.436236754E-1,1.950337512E-1,-4.113591315E-1,-6.152188174E-1,9.987487671E1,5.228797864E1,-1.683066301E1,-9.572139750E1
3.127307021E1,6.436922720E-1,1.927151056E-1,-4.116033514E-1,-6.157141456E-1,9.986460563E1,5.213933643E1,-1.701229800E1,-9.582458314E1
3.128304021E1,6.438580316E-1,1.906208603E-1,-4.117090241E-1,-6.161218360E-1,9.983978298E1,5.199179403E1,-1.717390686E1,-9.590069729E1
3.129300921E1,6.440512328E-1,1.886424029E-1,-4.116954107E-1,-6.165379940E-1,9.981084523E1,5.184034992E1,-1.731923933E1,-9.596591463E1
3.130297921E1,6.443814270E-1,1.867684908E-1,-4.115706349E-1,-6.168465774E-1,9.976137436E1,5.168291898E1,-1.745771949E1,-9.600401269E1
3.131294921E1,6.447660368E-1,1.848868869E-1,-4.114452902E-1,-6.170950133E-1,9.970372805E1,5.152400876E1,-1.760098914E1,-9.603336249E1
3.132291821E1,6.451313604E-1,1.829360252E-1,-4.114100238E-1,-6.173181440E-1,9.964894973E1,5.136976074E1,-1.775621234E1,-9.606840922E1
3.133288821E1,6.455532227E-1,1.809746057E-1,-4.114940119E-1,-6.173992622E-1,9.958566623E1,5.122611236E1,-1.792762526E1,-9.609478029E1
3.134285821E1,6.458677159E-1,1.789141622E-1,-4.117502753E-1,-6.175001683E-1,9.953846992E1,5.109514155E1,-1.811428297E1,-9.614195779E1
3.135282721E1,6.461588334E-1,1.768375975E-1,-4.121443800E-1,-6.175308842E-1,9.949476697E1,5.097789006E1,-1.831349742E1,-9.619304281E1
3.136279721E1,6.464808893E-1,1.748407220E-1,-4.126183634E-1,-6.174458621E-1,9.944640305E1,5.087436908E1,-1.851726567E1,-9.623516730E1
3.137276721E1,6.466486417E-1,1.728568909E-1,-4.131778418E-1,-6.174546208E-1,9.942120442E1,5.078393937E1,-1.871731390E1,-9.630008706E1
3.138273621E1,6.468858336E-1,1.710904427E-1,-4.137009158E-1,-6.173478312E-1,9.938556702E1,5.070449440E1,-1.890438938E1,-9.634376705E1
3.139270621E1,6.471505869E-1,1.695428420E-1,-4.141355025E-1,-6.172059781E-1,9.934577750E1,5.063145097E1,-1.907044107E1,-9.637264732E1
3.140267621E1,6.474637446E-1,1.682328337E-1,-4.144089934E-1,-6.170523884E-1,9.929869819E1,5.055809246E1,-1.920885855E1,-9.638253661E1
3.141264521E1,6.479631202E-1,1.672143762E-1,-4.144392337E-1,-6.167846518E-1,9.922358935E1,5.047685774E1,-1.931807749E1,-9.634950816E1
3.142261521E1,6.485004583E-1,1.663138350E-1,-4.142785594E-1,-6.165712544E-1,9.914272393E1,5.038352765E1,-1.940424487E1,-9.630443020E1
3.143258521E1,6.491611470E-1,1.654978720E-1,-4.139686536E-1,-6.163035429E-1,9.904322846E1,5.027820685E1,-1.947957989E1,-9.623562350E1
3.144255421E1,6.498917218E-1,1.646850279E-1,-4.136150837E-1,-6.159888732E-1,9.893312268E1,5.016702875E1,-1.955561849E1,-9.615534296E1
3.145252446E1,6.506086449E-1,1.638502252E-1,-4.133106570E-1,-6.156587739E-1,9.882498635E1,5.005950995E1,-1.963672391E1,-9.607790626E1
3.146249446E1,6.513102148E-1,1.630317651E-1,-4.130717792E-1,-6.152946317E-1,9.871908111E1,4.996019008E1,-1.972162668E1,-9.600210404E1
3.147246346E1,6.520562180E-1,1.622794438E-1,-4.128772715E-1,-6.148337098E-1,9.860637621E1,4.986919073E1,-1.980917844E1,-9.591630502E1
3.148243346E1,6.526635606E-1,1.614748921E-1,-4.127844325E-1,-6.144632324E-1,9.851454947E1,4.978777762E1,-1.989990229E1,-9.585451430E1
3.149240346E1,6.531612122E-1,1.606343048E-1,-4.127892478E-1,-6.141516170E-1,9.843926012E1,4.971614191E1,-1.999439496E1,-9.581158851E1
3.150237246E1,6.535231298E-1,1.597178110E-1,-4.129113578E-1,-6.139234735E-1,9.838447905E1,4.965401488E1,-2.009545618E1,-9.579334579E1
3.151234246E1,6.536274275E-1,1.586079581E-1,-4.132030561E-1,-6.139038067E-1,9.836868801E1,4.960104609E1,-2.020753652E1,-9.582413445E1
3.152231146E1,6.536707847E-1,1.575018667E-1,-4.136042836E-1,-6.138721663E-1,9.836212302E1,4.956113328E1,-2.032531767E1,-9.586455123E1
3.153228146E1,6.536210975E-1,1.564877503E-1,-4.140287656E-1,-6.138984198E-1,9.836964644E1,4.953252864E1,-2.043232021E1,-9.591578560E1
3.154225146E1,6.536968512E-1,1.557849411E-1,-4.142662314E-1,-6.138362374E-1,9.835817596E1,4.950439966E1,-2.050910209E1,-9.593356026E1
3.155222046E1,6.538868255E-1,1.553081233E-1,-4.142415439E-1,-6.137713550E-1,9.832940606E1,4.946292415E1,-2.055380440E1,-9.592298391E1
3.156219046E1,6.541848709E-1,1.549344282E-1,-4.140030560E-1,-6.137090791E-1,9.828425718E1,4.940430283E1,-2.057907343E1,-9.589025448E1
3.157216046E1,6.545571619E-1,1.545961892E-1,-4.136258101E-1,-6.136519622E-1,9.822783970E1,4.933218460E1,-2.059420446E1,-9.584379098E1
3.158212946E1,6.549390716E-1,1.542694563E-1,-4.131665043E-1,-6.136359714E-1,9.816993959E1,4.925217752E1,-2.060156389E1,-9.579493040E1
3.159209946E1,6.552788134E-1,1.539258120E-1,-4.126627440E-1,-6.136986477E-1,9.811841111E1,4.916733025E1,-2.060297070E1,-9.575325890E1
3.160206946E1,6.557150649E-1,1.536534485E-1,-4.121022436E-1,-6.136776270E-1,9.805221555E1,4.907960432E1,-2.060087427E1,-9.569312886E1
3.161203846E1,6.560370445E-1,1.532801012E-1,-4.115665256E-1,-6.137863040E-1,9.800333799E1,4.898973907E1,-2.060010235E1,-9.565522740E1
3.162200846E1,6.562973974E-1,1.528138517E-1,-4.110788233E-1,-6.139510441E-1,9.796380229E1,4.889950807E1,-2.060598811E1,-9.563097183E1
3.163197846E1,6.564291550E-1,1.522611168E-1,-4.106480193E-1,-6.142357817E-1,9.794378981E1,4.881183301E1,-2.061423580E1,-9.563074929E1
3.164194746E1,6.564025090E-1,1.516460890E-1,-4.102505956E-1,-6.146817045E-1,9.794783729E1,4.872674291E1,-2.061892957E1,-9.565820740E1
3.165191746E1,6.563954678E-1,1.511007825E-1,-4.098333524E-1,-6.151017848E-1,9.794890680E1,4.864426195E1,-2.061831131E1,-9.567964514E1
3.166188746E1,6.562457728E-1,1.505215057E-1,-4.094388262E-1,-6.156659520E-1,9.797164265E1,4.856497574E1,-2.061232916E1,-9.572508552E1
3.167185646E1,6.561322226E-1,1.500410105E-1,-4.090496633E-1,-6.161627856E-1,9.798888616E1,4.849261464E1,-2.060246720E1,-9.576082382E1
3.168182646E1,6.560262219E-1,1.496693280E-1,-4.086667065E-1,-6.166200381E-1,9.800498118E1,4.842864393E1,-2.058606256E1,-9.579102648E1
3.169179646E1,6.558451775E-1,1.493557765E-1,-4.082775014E-1,-6.171463495E-1,9.803246621E1,4.837000655E1,-2.055980702E1,-9.583079305E1
3.170176546E1,6.557336372E-1,1.491575072E-1,-4.078304604E-1,-6.176081301E-1,9.804939671E1,4.831218722E1,-2.052490675E1,-9.585471643E1
3.171173546E1,6.555528140E-1,1.489645273E-1,-4.073805322E-1,-6.181433240E-1,9.807683891E1,4.825606950E1,-2.048462711E1,-9.588939751E1
3.172170546E1,6.553263511E-1,1.487702093E-1,-4.069582840E-1,-6.187081418E-1,9.811119948E1,4.820376267E1,-2.044391255E1,-9.593144509E1
3.173167446E1,6.551494964E-1,1.486187862E-1,-4.065618402E-1,-6.191922471E-1,9.813802694E1,4.815608356E1,-2.040601051E1,-9.596399996E1
3.174164446E1,6.549302379E-1,1.484480915E-1,-4.062362558E-1,-6.196787166E-1,9.817127913E1,4.811526968E1,-2.037313720E1,-9.600427053E1
3.175161446E1,6.547235998E-1,1.482801679E-1,-4.059932055E-1,-6.200963418E-1,9.820260970E1,4.808284449E1,-2.034857644E1,-9.604268261E1
3.176158346E1,6.544546766E-1,1.480751445E-1,-4.058439846E-1,-6.205267717E-1,9.824337286E1,4.805880079E1,-2.033104625E1,-9.609273199E1
3.177155346E1,6.542042426E-1,1.478738828E-1,-4.057438963E-1,-6.209041520E-1,9.828132215E1,4.803965478E1,-2.031906678E1,-9.613985104E1
3.178152346E1,6.540187307E-1,1.476798703E-1,-4.056699391E-1,-6.211941882E-1,9.830942654E1,4.802224521E1,-2.031344478E1,-9.617652546E1
3.179149246E1,6.537923902E-1,1.473851901E-1,-4.056588861E-1,-6.215094584E-1,9.834370822E1,4.800494568E1,-2.031803209E1,-9.622376409E1
3.180146246E1,6.536247459E-1,1.470847147E-1,-4.056856178E-1,-6.217393958E-1,9.836909404E1,4.798978655E1,-2.033054460E1,-9.626207953E1
3.181143246E1,6.534411516E-1,1.467634925E-1,-4.057563191E-1,-6.219621867E-1,9.839688954E1,4.797803675E1,-2.034749974E1,-9.630389193E1
3.182140146E1,6.531975533E-1,1.464311646E-1,-4.058741195E-1,-6.222195248E-1,9.843376043E1,4.797172487E1,-2.036548129E1,-9.635576269E1
3.183137146E1,6.530244641E-1,1.462028867E-1,-4.059838383E-1,-6.223832574E-1,9.845995289E1,4.797050042E1,-2.038008840E1,-9.639238996E1
3.184134146E1,6.528290252E-1,1.460210863E-1,-4.060914603E-1,-6.225606575E-1,9.848952118E1,4.797293841E1,-2.038964315E1,-9.643070965E1
3.185131046E1,6.526607526E-1,1.459090810E-1,-4.061697059E-1,-6.227124085E-1,9.851497417E1,4.797677829E1,-2.039335009E1,-9.646193269E1
3.186128046E1,6.524491109E-1,1.458050204E-1,-4.062087339E-1,-6.229329011E-1,9.854698028E1,4.797813618E1,-2.038994562E1,-9.649948502E1
3.187125046E1,6.523122693E-1,1.457576158E-1,-4.061630362E-1,-6.231172000E-1,9.856767044E1,4.797314260E1,-2.037983227E1,-9.652274296E1
3.188121946E1,6.521668548E-1,1.456810771E-1,-4.060653398E-1,-6.233509543E-1,9.858965328E1,4.796087884E1,-2.036649152E1,-9.654826113E1
3.189118946E1,6.521713210E-1,1.456509948E-1,-4.059136006E-1,-6.234521081E-1,9.858897815E1,4.794296568E1,-2.035510868E1,-9.654813445E1
3.190115946E1,6.521560322E-1,1.455540044E-1,-4.057679938E-1,-6.235855766E-1,9.859128921E1,4.792131890E1,-2.034776048E1,-9.655375728E1
3.191112846E1,6.522020579E-1,1.454657699E-1,-4.056027571E-1,-6.236654857E-1,9.858433182E1,4.789687930E1,-2.034217591E1,-9.654928778E1
3.192109846E1,6.523524761E-1,1.454216949E-1,-4.053907479E-1,-6.236563438E-1,9.856159159E1,4.786842624E1,-2.033625146E1,-9.652648254E1
3.193106846E1,6.524317951E-1,1.453026722E-1,-4.051772741E-1,-6.237398802E-1,9.854959857E1,4.783604860E1,-2.033074840E1,-9.651778237E1
3.194103746E1,6.525530147E-1,1.451939649E-1,-4.049306413E-1,-6.237984590E-1,9.853126810E1,4.780004405E1,-2.032432964E1,-9.650192601E1
3.195100746E1,6.526456667E-1,1.450395705E-1,-4.046929857E-1,-6.238916747E-1,9.851725584E1,4.776233103E1,-2.032007762E1,-9.649238632E1
3.196097746E1,6.527318543E-1,1.448512583E-1,-4.044797227E-1,-6.239835153E-1,9.850421989E1,4.772483275E1,-2.032006041E1,-9.648525767E1
3.197094646E1,6.527675633E-1,1.446154889E-1,-4.043108824E-1,-6.241101561E-1,9.849881851E1,4.768963742E1,-2.032409686E1,-9.648807324E1
3.198091646E1,6.528492386E-1,1.444109502E-1,-4.041674988E-1,-6.241649522E-1,9.848646337E1,4.765826621E1,-2.033132583E1,-9.648253301E1
3.199088646E1,6.528945807E-1,1.441948422E-1,-4.040762298E-1,-6.242265788E-1,9.847960391E1,4.763225347E1,-2.034168153E1,-9.648335862E1
3.200085546E1,6.529299287E-1,1.440042121E-1,-4.040034001E-1,-6.242809193E-1,9.847425613E1,4.761020998E1,-2.035120245E1,-9.648486424E1
3.201082546E1,6.528845958E-1,1.437782207E-1,-4.039151867E-1,-6.244375199E-1,9.848111447E1,4.758588388E1,-2.035641631E1,-9.650037197E1
3.202079546E1,6.529042455E-1,1.436066514E-1,-4.037509721E-1,-6.245624339E-1,9.847814175E1,4.755616917E1,-2.035518381E1,-9.650319897E1
3.203076446E1,6.528945346E-1,1.434184130E-1,-4.035512908E-1,-6.247449469E-1,9.847961089E1,4.752229361E1,-2.034994041E1,-9.651119507E1
3.204073446E1,6.529460275E-1,1.432998645E-1,-4.032996215E-1,-6.248809231E-1,9.847182049E1,4.748669799E1,-2.033906699E1,-9.650665763E1
3.205070446E1,6.531019313E-1,1.432900864E-1,-4.029980186E-1,-6.249146801E-1,9.844823092E1,4.745141897E1,-2.032283474E1,-9.648125363E1
3.206067346E1,6.532856639E-1,1.433104222E-1,-4.026816011E-1,-6.249219570E-1,9.842042523E1,4.741617396E1,-2.030494372E1,-9.645027157E1
3.207064346E1,6.534734966E-1,1.433062919E-1,-4.023896078E-1,-6.249147657E-1,9.839199303E1,4.738159908E1,-2.029131327E1,-9.641969285E1
3.208061346E1,6.536050712E-1,1.432692869E-1,-4.021497922E-1,-6.249399775E-1,9.837207299E1,4.735130149E1,-2.028101591E1,-9.639941985E1
3.209058246E1,6.537206194E-1,1.432622589E-1,-4.019176790E-1,-6.249700045E-1,9.835457683E1,4.732433551E1,-2.026816719E1,-9.638056036E1
3.210055246E1,6.539246747E-1,1.433243623E-1,-4.016117139E-1,-6.249390884E-1,9.832367340E1,4.729277981E1,-2.024954619E1,-9.634482715E1
3.211052246E1,6.540592127E-1,1.432765783E-1,-4.012967821E-1,-6.250114914E-1,9.830329416E1,4.725397062E1,-2.023336785E1,-9.632421387E1
3.212049146E1,6.542425594E-1,1.431905882E-1,-4.010117114E-1,-6.250221888E-1,9.827551656E1,4.721435069E1,-2.022595292E1,-9.629745346E1
3.213046146E1,6.543993299E-1,1.431063156E-1,-4.008147802E-1,-6.250037443E-1,9.825176071E1,4.718450021E1,-2.022464707E1,-9.627516704E1
3.214043146E1,6.544793773E-1,1.430733989E-1,-4.007031754E-1,-6.249989712E-1,9.823962927E1,4.716885779E1,-2.022224095E1,-9.626334742E1
3.215040046E1,6.546336044E-1,1.432170459E-1,-4.005698544E-1,-6.248900940E-1,9.821625252E1,4.716207459E1,-2.021007064E1,-9.623301568E1
3.216037046E1,6.547604322E-1,1.434302247E-1,-4.004185472E-1,-6.248053288E-1,9.819702569E1,4.715912340E1,-2.018939618E1,-9.620428989E1
3.217034046E1,6.549291750E-1,1.437031887E-1,-4.002693684E-1,-6.246611155E-1,9.817144030E1,4.715976725E1,-2.016742590E1,-9.616662172E1
3.218030946E1,6.550996235E-1,1.439790293E-1,-4.001369114E-1,-6.245037326E-1,9.814559127E1,4.716231742E1,-2.014689474E1,-9.612865622E1
3.219027946E1,6.551533844E-1,1.442036193E-1,-4.000256543E-1,-6.244669146E-1,9.813743721E1,4.716600708E1,-2.012415333E1,-9.611118863E1
3.220024946E1,6.553062840E-1,1.445153269E-1,-3.998799631E-1,-6.243275864E-1,9.811424379E1,4.717023711E1,-2.009866997E1,-9.607453818E1
3.221021846E1,6.553986264E-1,1.447939808E-1,-3.997478538E-1,-6.242507540E-1,9.810023434E1,4.717486425E1,-2.007274176E1,-9.604879849E1
3.222018846E1,6.554923057E-1,1.450613920E-1,-3.996489036E-1,-6.241537030E-1,9.808602055E1,4.718204343E1,-2.005075040E1,-9.602338227E1
3.223015846E1,6.556016267E-1,1.453109119E-1,-3.996102444E-1,-6.240055226E-1,9.806943154E1,4.719372829E1,-2.003661764E1,-9.599636495E1
3.224012746E1,6.556045598E-1,1.454948934E-1,-3.996784696E-1,-6.239159355E-1,9.806898642E1,4.721398871E1,-2.002980307E1,-9.598908029E1
3.225009746E1,6.556052434E-1,1.457375117E-1,-3.997995786E-1,-6.237809721E-1,9.806888268E1,4.724395540E1,-2.002345700E1,-9.598006100E1
3.226006746E1,6.554727851E-1,1.459881064E-1,-3.999582720E-1,-6.237597630E-1,9.808898250E1,4.728136063E1,-2.001099796E1,-9.599190465E1
3.227003646E1,6.552871796E-1,1.463111409E-1,-4.000763885E-1,-6.238034179E-1,9.811714196E1,4.732109320E1,-1.998603378E1,-9.600921380E1
3.228000646E1,6.551945145E-1,1.467802248E-1,-4.000735752E-1,-6.237922332E-1,9.813119857E1,4.735697539E1,-1.994581368E1,-9.600569066E1
3.228997646E1,6.550646653E-1,1.472725421E-1,-3.999550583E-1,-6.238887020E-1,9.815089320E1,4.738358473E1,-1.989085722E1,-9.600672486E1
3.229994546E1,6.550962649E-1,1.478860316E-1,-3.996523175E-1,-6.239043069E-1,9.814610066E1,4.739658379E1,-1.982132087E1,-9.597682044E1
3.230991546E1,6.552539810E-1,1.485810648E-1,-3.991495161E-1,-6.238954534E-1,9.812217811E1,4.739236790E1,-1.973623022E1,-9.592310385E1
3.231988446E1,6.555294265E-1,1.493221223E-1,-3.984763572E-1,-6.238594864E-1,9.808038785E1,4.737166585E1,-1.964028852E1,-9.584837976E1
3.232985446E1,6.557924268E-1,1.500320016E-1,-3.977218864E-1,-6.238942957E-1,9.804047342E1,4.734088569E1,-1.953835340E1,-9.577655367E1
3.233982446E1,6.561135752E-1,1.507724480E-1,-3.969198635E-1,-6.238888272E-1,9.799171770E1,4.730642688E1,-1.943386251E1,-9.569414865E1
3.234979346E1,6.563798972E-1,1.514683346E-1,-3.961608831E-1,-6.239225907E-1,9.795127187E1,4.727450162E1,-1.933282511E1,-9.562229014E1
3.235976346E1,6.566533973E-1,1.522079486E-1,-3.954581055E-1,-6.239006230E-1,9.790972298E1,4.725150749E1,-1.923433715E1,-9.554771457E1
3.236973346E1,6.568080802E-1,1.529777503E-1,-3.948125949E-1,-6.239583602E-1,9.788621846E1,4.723928124E1,-1.913097543E1,-9.549084066E1
3.237970246E1,6.568691286E-1,1.538071897E-1,-3.941832265E-1,-6.240879842E-1,9.787694081E1,4.723522864E1,-1.901860393E1,-9.544634272E1
3.238967246E1,6.569115323E-1,1.547248846E-1,-3.935407083E-1,-6.242220072E-1,9.787049626E1,4.723687499E1,-1.889758274E1,-9.540115750E1
3.239964246E1,6.568071069E-1,1.555922457E-1,-3.929272820E-1,-6.245026064E-1,9.788636637E1,4.724100434E1,-1.877298640E1,-9.538108817E1
3.240961146E1,6.566301007E-1,1.563968607E-1,-3.923829239E-1,-6.248300769E-1,9.791326261E1,4.724909253E1,-1.865433468E1,-9.537507077E1
3.241958146E1,6.564686045E-1,1.571914763E-1,-3.919437326E-1,-6.250759511E-1,9.793779730E1,4.726675357E1,-1.854711020E1,-9.536716663E1
3.242955146E1,6.561853856E-1,1.579323230E-1,-3.916441212E-1,-6.253742586E-1,9.798081322E1,4.729706238E1,-1.844829136E1,-9.538083581E1
3.243952046E1,6.559024709E-1,1.587444717E-1,-3.914209326E-1,-6.256050798E-1,9.802376891E1,4.734030203E1,-1.835147000E1,-9.539162538E1
3.244949046E1,6.554806441E-1,1.595709820E-1,-3.912935543E-1,-6.259166503E-1,9.808779001E1,4.739707573E1,-1.825305435E1,-9.542373028E1
3.245946046E1,6.549577414E-1,1.604768336E-1,-3.912493106E-1,-6.262600075E-1,9.816710848E1,4.747006126E1,-1.814983665E1,-9.546839729E1
3.246942946E1,6.542507161E-1,1.614806767E-1,-3.912850617E-1,-6.267184507E-1,9.827428065E1,4.756194465E1,-1.803459752E1,-9.553772670E1
3.247939946E1,6.533960992E-1,1.626533074E-1,-3.913337202E-1,-6.272761852E-1,9.840370940E1,4.767036677E1,-1.789868395E1,-9.562268438E1
3.248936946E1,6.525180394E-1,1.640709272E-1,-3.913047970E-1,-6.278388179E-1,9.853655722E1,4.778928761E1,-1.773690883E1,-9.570020631E1
3.249933846E1,6.516042615E-1,1.656928539E-1,-3.911429636E-1,-6.284624570E-1,9.867466840E1,4.791035042E1,-1.754635888E1,-9.577350023E1
3.250930846E1,6.506624026E-1,1.674525375E-1,-3.907894674E-1,-6.291912214E-1,9.881687435E1,4.802255716E1,-1.732699598E1,-9.584377534E1
3.251927846E1,6.498373458E-1,1.693637495E-1,-3.902063026E-1,-6.298938838E-1,9.894132087E1,4.812040646E1,-1.708432788E1,-9.588782062E1
3.252924746E1,6.491099247E-1,1.713798019E-1,-3.894273867E-1,-6.305804224E-1,9.905094483E1,4.820440357E1,-1.682352682E1,-9.591068833E1
3.253921746E1,6.485574592E-1,1.736063251E-1,-3.884080757E-1,-6.311682069E-1,9.913414285E1,4.827668029E1,-1.653854557E1,-9.589569894E1
3.254918746E1,6.481824748E-1,1.760940428E-1,-3.871004697E-1,-6.316672717E-1,9.919058397E1,4.833654097E1,-1.622187958E1,-9.584004830E1
3.255915646E1,6.479251900E-1,1.788328504E-1,-3.855003014E-1,-6.321401798E-1,9.922929572E1,4.838436123E1,-1.587001412E1,-9.575323509E1
3.256912646E1,6.477359309E-1,1.817903896E-1,-3.836385802E-1,-6.326229495E-1,9.925776506E1,4.842218048E1,-1.548484256E1,-9.564420677E1
3.257909646E1,6.475397215E-1,1.848822297E-1,-3.816080821E-1,-6.331557436E-1,9.928727354E1,4.845459845E1,-1.507565712E1,-9.552830416E1
3.258906546E1,6.473726481E-1,1.880480270E-1,-3.795158914E-1,-6.336515625E-1,9.931239509E1,4.848738313E1,-1.465881319E1,-9.540286415E1
3.259903546E1,6.472995615E-1,1.912291025E-1,-3.774478299E-1,-6.340093089E-1,9.932338309E1,4.852377696E1,-1.425048913E1,-9.526088358E1
3.260900546E1,6.470747654E-1,1.941945232E-1,-3.755872467E-1,-6.344422261E-1,9.935717384E1,4.856808652E1,-1.386621732E1,-9.515105808E1
3.261897446E1,6.468764355E-1,1.970336613E-1,-3.739518647E-1,-6.347350493E-1,9.938697924E1,4.862577181E1,-1.351341104E1,-9.504225412E1
3.262894446E1,6.465764632E-1,1.996837393E-1,-3.726482943E-1,-6.349792191E-1,9.943204716E1,4.870408138E1,-1.319707587E1,-9.495727286E1
3.263891446E1,6.460783843E-1,2.020756572E-1,-3.717549075E-1,-6.352530768E-1,9.950684551E1,4.880629305E1,-1.292216889E1,-9.491431626E1
3.264888346E1,6.455635256E-1,2.043650951E-1,-3.711998967E-1,-6.353687206E-1,9.958412032E1,4.893442433E1,-1.268388694E1,-9.487837361E1
3.265885346E1,6.449745919E-1,2.065601082E-1,-3.709315003E-1,-6.354137913E-1,9.967245904E1,4.908462350E1,-1.247305761E1,-9.485764493E1
3.266882346E1,6.443932627E-1,2.087515600E-1,-3.708740278E-1,-6.353208552E-1,9.975960076E1,4.925529504E1,-1.228232735E1,-9.483517239E1
3.267879246E1,6.437316240E-1,2.109559561E-1,-3.709960114E-1,-6.351922405E-1,9.985871304E1,4.944573911E1,-1.210175759E1,-9.482329790E1
3.268876246E1,6.430016923E-1,2.132289303E-1,-3.712094483E-1,-6.350479623E-1,9.996797191E1,4.965144054E1,-1.192056653E1,-9.481712447E1
3.269873246E1,6.423540572E-1,2.157513086E-1,-3.713741424E-1,-6.347549640E-1,1.000648391E2,4.987084731E1,-1.172467250E1,-9.478433881E1
3.270870146E1,6.416070590E-1,2.184352884E-1,-3.715098710E-1,-6.345131129E-1,1.001764830E2,5.010142989E1,-1.150927737E1,-9.475644286E1
3.271867146E1,6.408299623E-1,2.213114367E-1,-3.715864887E-1,-6.342567688E-1,1.002925288E2,5.034183425E1,-1.127457385E1,-9.472105199E1
3.272864146E1,6.401207069E-1,2.243459887E-1,-3.715551525E-1,-6.339251656E-1,1.003983582E2,5.058366620E1,-1.102534235E1,-9.466500819E1
3.273861046E1,6.393606857E-1,2.273078849E-1,-3.715384782E-1,-6.336468572E-1,1.005116721E2,5.082229750E1,-1.077941199E1,-9.461840695E1
3.274858046E1,6.385318157E-1,2.300812845E-1,-3.716001706E-1,-6.334454053E-1,1.006351448E2,5.105495435E1,-1.054858323E1,-9.459040925E1
3.275855046E1,6.377593138E-1,2.327132603E-1,-3.716572059E-1,-6.332286363E-1,1.007501213E2,5.127577413E1,-1.033098639E1,-9.456006050E1
3.276851946E1,6.369854870E-1,2.352070314E-1,-3.716581910E-1,-6.330856849E-1,1.008651993E2,5.148054339E1,-1.011761182E1,-9.453593902E1
3.277848946E1,6.363908829E-1,2.377554353E-1,-3.714204881E-1,-6.328710695E-1,1.009535597E2,5.166484010E1,-9.892500179E0,-9.448047896E1
3.278845946E1,6.358955175E-1,2.403233375E-1,-3.709213219E-1,-6.326918325E-1,1.010271300E2,5.182465512E1,-9.650235922E0,-9.440756335E1
3.279842846E1,6.354308957E-1,2.427487463E-1,-3.702991238E-1,-6.325970812E-1,1.010960989E2,5.196137547E1,-9.408638781E0,-9.433674796E1
3.280839846E1,6.350777773E-1,2.449494124E-1,-3.697039576E-1,-6.324516024E-1,1.011484934E2,5.208229243E1,-9.192051226E0,-9.426136482E1
3.281836846E1,6.346538451E-1,2.467717895E-1,-3.693411680E-1,-6.323807306E-1,1.012113689E2,5.219660747E1,-9.015411889E0,-9.421763323E1
3.282833746E1,6.340185631E-1,2.481964214E-1,-3.693154743E-1,-6.324753529E-1,1.013055379E2,5.231388439E1,-8.879071006E0,-9.422776273E1
3.283830746E1,6.332568217E-1,2.493760274E-1,-3.695624127E-1,-6.326301797E-1,1.014183685E2,5.243915754E1,-8.773586000E0,-9.427053994E1
3.284827746E1,6.322909470E-1,2.503393305E-1,-3.700488347E-1,-6.329313986E-1,1.015613052E2,5.257209535E1,-8.688465067E0,-9.435570294E1
3.285824646E1,6.312899724E-1,2.512454140E-1,-3.706514820E-1,-6.332189113E-1,1.017092828E2,5.271202329E1,-8.614782017E0,-9.444905304E1
3.286821646E1,6.303125444E-1,2.521671919E-1,-3.712802866E-1,-6.334577579E-1,1.018536295E2,5.285553960E1,-8.544106554E0,-9.453761645E1
3.287818646E1,6.293829766E-1,2.531064450E-1,-3.718669180E-1,-6.336633272E-1,1.019907714E2,5.299592870E1,-8.471930614E0,-9.461770357E1
3.288815546E1,6.285286509E-1,2.540551706E-1,-3.724063134E-1,-6.338148120E-1,1.021166954E2,5.313183387E1,-8.400300392E0,-9.468581615E1
3.289812546E1,6.277253201E-1,2.550270980E-1,-3.728855863E-1,-6.339387356E-1,1.022350011E2,5.326330199E1,-8.325485638E0,-9.474467995E1
3.290809546E1,6.270528467E-1,2.561276944E-1,-3.732264120E-1,-6.339601245E-1,1.023339599E2,5.339053537E1,-8.239767568E0,-9.477634009E1
3.291806446E1,6.265937342E-1,2.574196797E-1,-3.733875236E-1,-6.337958851E-1,1.024014817E2,5.351395142E1,-8.141686220E0,-9.476494692E1
3.292803446E1,6.261757135E-1,2.587868076E-1,-3.734491739E-1,-6.336158420E-1,1.024629324E2,5.363346571E1,-8.033192838E0,-9.474251061E1
3.293800446E1,6.259024136E-1,2.603230918E-1,-3.733956158E-1,-6.332880436E-1,1.025030942E2,5.375442273E1,-7.914744041E0,-9.468828136E1
3.294797346E1,6.256103702E-1,2.619749901E-1,-3.732960703E-1,-6.329540377E-1,1.025459979E2,5.388060030E1,-7.784036529E0,-9.462910113E1
3.295794346E1,6.253374186E-1,2.637679276E-1,-3.731302119E-1,-6.325767477E-1,1.025860853E2,5.401186474E1,-7.640537304E0,-9.455778643E1
3.296791346E1,6.251311707E-1,2.656839549E-1,-3.729164536E-1,-6.321047685E-1,1.026163686E2,5.414833571E1,-7.490581257E0,-9.446850596E1
3.297788246E1,6.248017615E-1,2.675871433E-1,-3.728184569E-1,-6.316853125E-1,1.026647225E2,5.429630854E1,-7.343262245E0,-9.439710714E1
3.298785246E1,6.245651395E-1,2.696327037E-1,-3.727858300E-1,-6.310683765E-1,1.026994461E2,5.446205593E1,-7.200663508E0,-9.430264988E1
3.299782246E1,6.243152443E-1,2.717864393E-1,-3.728050173E-1,-6.303801672E-1,1.027361083E2,5.464227567E1,-7.055928681E0,-9.420242660E1
3.300779146E1,6.240658617E-1,2.740519220E-1,-3.727885326E-1,-6.296554518E-1,1.027726860E2,5.482869803E1,-6.902065083E0,-9.409393943E1
3.301776146E1,6.239696984E-1,2.764773625E-1,-3.726325313E-1,-6.287821533E-1,1.027867881E2,5.501435705E1,-6.738308472E0,-9.395196236E1
3.302773146E1,6.238935476E-1,2.789190874E-1,-3.724239150E-1,-6.279024136E-1,1.027979544E2,5.519684507E1,-6.571200362E0,-9.380482742E1
3.303770046E1,6.238303074E-1,2.813210679E-1,-3.722332532E-1,-6.270060543E-1,1.028072269E2,5.537843867E1,-6.409905914E0,-9.365721639E1
3.304767046E1,6.237384769E-1,2.836454614E-1,-3.721524629E-1,-6.260974872E-1,1.028206904E2,5.556511398E1,-6.261834714E0,-9.351771289E1
3.305764046E1,6.234895794E-1,2.858032878E-1,-3.722708613E-1,-6.252932193E-1,1.028571755E2,5.575869060E1,-6.130437879E0,-9.341080589E1
3.306760946E1,6.232787138E-1,2.878773026E-1,-3.725158083E-1,-6.244054852E-1,1.028880783E2,5.595780004E1,-6.018986208E0,-9.330310421E1
3.307757946E1,6.229609343E-1,2.897865180E-1,-3.729716212E-1,-6.235669237E-1,1.029346371E2,5.616451669E1,-5.928708303E0,-9.322100917E1
3.308754946E1,6.226734753E-1,2.916280086E-1,-3.735161901E-1,-6.226687919E-1,1.029767405E2,5.637432543E1,-5.853310203E0,-9.313833988E1
3.309751846E1,6.225139699E-1,2.934612148E-1,-3.740293411E-1,-6.216583008E-1,1.030000976E2,5.658007716E1,-5.785918269E0,-9.303717608E1
3.310748846E1,6.223482140E-1,2.951777426E-1,-3.745579759E-1,-6.206924981E-1,1.030243660E2,5.677781718E1,-5.726603028E0,-9.294412333E1
3.311745846E1,6.222787826E-1,2.968554401E-1,-3.750688800E-1,-6.196526244E-1,1.030345302E2,5.697037163E1,-5.675848794E0,-9.283930425E1
3.312742746E1,6.221812148E-1,2.984464020E-1,-3.756003491E-1,-6.186636464E-1,1.030488122E2,5.715798305E1,-5.630178372E0,-9.274388911E1
3.313739746E1,6.220996416E-1,3.000013309E-1,-3.760477748E-1,-6.177209670E-1,1.030607519E2,5.733456196E1,-5.580498166E0,-9.264807742E1
3.314736746E1,6.221477761E-1,3.015742276E-1,-3.763007217E-1,-6.167519238E-1,1.030537067E2,5.749346424E1,-5.522483187E0,-9.253188649E1
3.315733646E1,6.222291840E-1,3.031219073E-1,-3.764026697E-1,-6.158481466E-1,1.030417907E2,5.763570412E1,-5.454964417E0,-9.241208670E1
3.316730646E1,6.223672558E-1,3.047066709E-1,-3.763586262E-1,-6.149528645E-1,1.030215783E2,5.776704423E1,-5.376852039E0,-9.228102092E1
3.317727646E1,6.224164787E-1,3.062031607E-1,-3.763145169E-1,-6.141862180E-1,1.030143718E2,5.789152910E1,-5.296927461E0,-9.216837369E1
3.318724546E1,6.224669690E-1,3.076116741E-1,-3.762981982E-1,-6.134408104E-1,1.030069795E2,5.801140156E1,-5.224780234E0,-9.206133783E1
3.319721546E1,6.224847352E-1,3.088713143E-1,-3.763736858E-1,-6.127430470E-1,1.030043782E2,5.812766944E1,-5.166842992E0,-9.196918593E1
3.320718546E1,6.226098517E-1,3.100565179E-1,-3.764677655E-1,-6.119590066E-1,1.029860577E2,5.823900853E1,-5.123413936E0,-9.186666894E1
3.321715446E1,6.227303104E-1,3.110630268E-1,-3.766633690E-1,-6.112048279E-1,1.029684170E2,5.834483594E1,-5.098771814E0,-9.177737126E1
3.322712446E1,6.228493364E-1,3.119272348E-1,-3.769674717E-1,-6.104553694E-1,1.029509840E2,5.844890287E1,-5.091847339E0,-9.169834775E1
3.323709446E1,6.229745771E-1,3.127603515E-1,-3.773345286E-1,-6.096739866E-1,1.029326386E2,5.855640555E1,-5.093191503E0,-9.162048837E1
3.324706346E1,6.229828273E-1,3.136161775E-1,-3.777514110E-1,-6.089673630E-1,1.029314300E2,5.867130390E1,-5.088895407E0,-9.155759980E1
3.325703346E1,6.230986034E-1,3.146859225E-1,-3.780273306E-1,-6.081250596E-1,1.029144686E2,5.879089144E1,-5.069255329E0,-9.146357402E1
3.326700346E1,6.231564361E-1,3.158116148E-1,-3.782220569E-1,-6.073607614E-1,1.029059953E2,5.890793634E1,-5.034746078E0,-9.137354151E1
3.327697246E1,6.233345158E-1,3.170130555E-1,-3.782869604E-1,-6.065111981E-1,1.028799010E2,5.901874309E1,-4.994188726E0,-9.126044990E1
3.328694246E1,6.234176978E-1,3.181030836E-1,-3.783821017E-1,-6.057952233E-1,1.028677106E2,5.912328289E1,-4.954783407E0,-9.116879792E1
3.329691246E1,6.234558308E-1,3.190851263E-1,-3.785043065E-1,-6.051628197E-1,1.028621218E2,5.922127951E1,-4.919989432E0,-9.109127954E1
3.330688146E1,6.235556912E-1,3.200367178E-1,-3.786084092E-1,-6.044918695E-1,1.028474853E2,5.931471730E1,-4.890266943E0,-9.100693736E1
3.331685146E1,6.236196161E-1,3.209006571E-1,-3.787856657E-1,-6.038566862E-1,1.028381150E2,5.940775071E1,-4.869143302E0,-9.093406482E1
3.332682146E1,6.235325855E-1,3.216280353E-1,-3.790935405E-1,-6.033661364E-1,1.028508720E2,5.950202481E1,-4.855060478E0,-9.089276843E1
3.333679046E1,6.235151288E-1,3.223441682E-1,-3.794294351E-1,-6.027905870E-1,1.028534307E2,5.959778670E1,-4.850029328E0,-9.084222133E1
3.334676046E1,6.233994305E-1,3.229385389E-1,-3.798724669E-1,-6.023128577E-1,1.028703878E2,5.969357183E1,-4.853281928E0,-9.081470003E1
3.335673046E1,6.233488470E-1,3.235538223E-1,-3.802650411E-1,-6.017870409E-1,1.028778009E2,5.978612320E1,-4.856160752E0,-9.077620489E1
3.336669946E1,6.233225460E-1,3.241659894E-1,-3.805893348E-1,-6.012797627E-1,1.028816551E2,5.987176221E1,-4.854802122E0,-9.073438989E1
3.337666946E1,6.233306725E-1,3.247380592E-1,-3.808803904E-1,-6.007780124E-1,1.028804643E2,5.995053813E1,-4.855202361E0,-9.069051261E1
3.338663946E1,6.233507607E-1,3.251837463E-1,-3.811816719E-1,-6.003248231E-1,1.028775204E2,6.001907963E1,-4.863835324E0,-9.065432304E1
3.339660846E1,6.233469912E-1,3.254641176E-1,-3.815091845E-1,-5.999685743E-1,1.028780728E2,6.007559891E1,-4.881126592E0,-9.063388869E1
3.340657846E1,6.233325151E-1,3.256143158E-1,-3.818338548E-1,-5.996955246E-1,1.028801942E2,6.012034631E1,-4.903628354E0,-9.062473914E1
3.341654846E1,6.233881397E-1,3.256953669E-1,-3.820834880E-1,-5.994348134E-1,1.028720425E2,6.015143197E1,-4.928145356E0,-9.061073747E1
3.342651746E1,6.233661167E-1,3.256303527E-1,-3.823260246E-1,-5.993383195E-1,1.028752700E2,6.016918341E1,-4.952663652E0,-9.061878019E1
3.343648746E1,6.235170709E-1,3.255939431E-1,-3.824425133E-1,-5.991265895E-1,1.028531460E2,6.017658206E1,-4.978095980E0,-9.059986251E1
3.344645733E1,6.236481318E-1,3.254616837E-1,-3.825799146E-1,-5.989744552E-1,1.028339349E2,6.017758108E1,-5.008528668E0,-9.059101431E1
3.345642633E1,6.238003319E-1,3.252503093E-1,-3.827481306E-1,-5.988231823E-1,1.028116218E2,6.017444484E1,-5.047521968E0,-9.058501528E1
3.346639633E1,6.240208008E-1,3.249525945E-1,-3.829390453E-1,-5.986332278E-1,1.027792943E2,6.016556669E1,-5.098545893E0,-9.057570975E1
3.347636633E1,6.242074784E-1,3.244823200E-1,-3.831946238E-1,-5.985300009E-1,1.027519158E2,6.014778990E1,-5.161368813E0,-9.058407736E1
3.348633533E1,6.244791162E-1,3.239606395E-1,-3.834301272E-1,-5.983783131E-1,1.027120677E2,6.012317821E1,-5.231850361E0,-9.058402612E1
3.349630533E1,6.247939307E-1,3.234321259E-1,-3.836542562E-1,-5.981920464E-1,1.026658718E2,6.009669910E1,-5.305182444E0,-9.057823048E1
3.350627533E1,6.250492168E-1,3.228621477E-1,-3.838930445E-1,-5.980799753E-1,1.026284001E2,6.006825426E1,-5.377038062E0,-9.058396303E1
3.351624433E1,6.253370179E-1,3.223028669E-1,-3.840713177E-1,-5.979662407E-1,1.025861441E2,6.003478065E1,-5.445308545E0,-9.058412981E1
3.352621433E1,6.255863205E-1,3.217154189E-1,-3.842191320E-1,-5.979268295E-1,1.025495305E2,5.999607495E1,-5.508873219E0,-9.059184032E1
3.353618433E1,6.258477336E-1,3.211692537E-1,-3.843407942E-1,-5.978688170E-1,1.025111281E2,5.995845580E1,-5.568945357E0,-9.059467917E1
3.354615333E1,6.261370072E-1,3.206856344E-1,-3.844442910E-1,-5.977590047E-1,1.024686210E2,5.992447872E1,-5.626554707E0,-9.058878118E1
3.355612333E1,6.263207978E-1,3.201570471E-1,-3.846318682E-1,-5.977291344E-1,1.024416074E2,5.989520129E1,-5.685705138E0,-9.060134266E1
3.356609333E1,6.265335274E-1,3.196385987E-1,-3.848520433E-1,-5.976418338E-1,1.024103340E2,5.986986406E1,-5.749916981E0,-9.060890419E1
3.357606233E1,6.266310579E-1,3.190210025E-1,-3.851574157E-1,-5.976729355E-1,1.023959937E2,5.984466591E1,-5.817649631E0,-9.064034557E1
3.358603233E1,6.266915280E-1,3.183664830E-1,-3.854761934E-1,-5.977528986E-1,1.023871018E2,5.981776955E1,-5.885474190E0,-9.067973765E1
3.359600233E1,6.267634042E-1,3.176836250E-1,-3.857674650E-1,-5.978530659E-1,1.023765320E2,5.978574369E1,-5.953056663E0,-9.071950317E1
3.360597133E1,6.266945231E-1,3.168607289E-1,-3.860983810E-1,-5.981482756E-1,1.023866614E2,5.974609194E1,-6.019796842E0,-9.078971206E1
3.361594133E1,6.266126278E-1,3.159906414E-1,-3.864258277E-1,-5.984827991E-1,1.023987036E2,5.970217472E1,-6.087588834E0,-9.086510183E1
3.362591133E1,6.265041906E-1,3.151305691E-1,-3.867738580E-1,-5.988248985E-1,1.024146472E2,5.966141766E1,-6.154787086E0,-9.094344402E1
3.363588033E1,6.262777777E-1,3.142536802E-1,-3.871784914E-1,-5.992607812E-1,1.024479310E2,5.962547210E1,-6.218638966E0,-9.103986809E1
3.364585033E1,6.259199760E-1,3.133896093E-1,-3.876293547E-1,-5.997955153E-1,1.025005137E2,5.959602822E1,-6.275573241E0,-9.115419022E1
3.365582033E1,6.256045253E-1,3.126813473E-1,-3.880269523E-1,-6.002369009E-1,1.025468565E2,5.957488783E1,-6.323217044E0,-9.125094192E1
3.366578933E1,6.252569191E-1,3.121085136E-1,-3.883724036E-1,-6.006736897E-1,1.025979058E2,5.956072299E1,-6.356494623E0,-9.134245072E1
3.367575933E1,6.249780110E-1,3.117286863E-1,-3.885828428E-1,-6.010249218E-1,1.026388529E2,5.954982615E1,-6.372851730E0,-9.141003248E1
3.368572933E1,6.247301507E-1,3.115167087E-1,-3.886794645E-1,-6.013301019E-1,1.026752321E2,5.954223036E1,-6.372434709E0,-9.146101550E1
3.369569833E1,6.245067698E-1,3.114774515E-1,-3.886666703E-1,-6.015907406E-1,1.027080104E2,5.953878218E1,-6.354863811E0,-9.149598011E1
3.370566833E1,6.242742548E-1,3.115918934E-1,-3.885726696E-1,-6.018333708E-1,1.027421210E2,5.954075563E1,-6.321024161E0,-9.152113143E1
3.371563833E1,6.240101271E-1,3.118397774E-1,-3.884479808E-1,-6.020593978E-1,1.027808595E2,5.955146027E1,-6.274896661E0,-9.154120386E1
3.372560733E1,6.238861041E-1,3.123408534E-1,-3.882163075E-1,-6.020777165E-1,1.027990458E2,5.957292953E1,-6.217245651E0,-9.152282933E1
3.373557733E1,6.238918578E-1,3.129996297E-1,-3.879004801E-1,-6.019331311E-1,1.027982022E2,5.959923294E1,-6.154290594E0,-9.147431613E1
3.374554733E1,6.238744913E-1,3.135795519E-1,-3.876073672E-1,-6.018379655E-1,1.028007486E2,5.962109856E1,-6.095647690E0,-9.143474368E1
3.375551633E1,6.238989332E-1,3.140912147E-1,-3.873496814E-1,-6.017118654E-1,1.027971647E2,5.964033861E1,-6.047290706E0,-9.139410215E1
3.376548633E1,6.237921699E-1,3.145160365E-1,-3.872446277E-1,-6.016683330E-1,1.028128185E2,5.966761577E1,-6.007097266E0,-9.137858185E1
3.377545633E1,6.236052144E-1,3.149768043E-1,-3.872289307E-1,-6.016309829E-1,1.028402261E2,5.970715707E1,-5.967040873E0,-9.137190039E1
3.378542533E1,6.234691486E-1,3.155339145E-1,-3.871919547E-1,-6.015039681E-1,1.028601699E2,5.975279467E1,-5.924315984E0,-9.135088335E1
3.379539533E1,6.232750874E-1,3.160568515E-1,-3.871820713E-1,-6.014368875E-1,1.028886097E2,5.979840918E1,-5.881155825E0,-9.134059789E1
3.380536533E1,6.231084690E-1,3.165583147E-1,-3.871829563E-1,-6.013452299E-1,1.029130232E2,5.984308830E1,-5.842388053E0,-9.132788127E1
3.381533433E1,6.228772732E-1,3.170178128E-1,-3.872580910E-1,-6.012942105E-1,1.029468920E2,5.989167525E1,-5.807502915E0,-9.132743363E1
3.382530433E1,6.225561227E-1,3.174530343E-1,-3.874090057E-1,-6.012999339E-1,1.029939254E2,5.994597990E1,-5.773648460E0,-9.134161581E1
3.383527433E1,6.222927332E-1,3.179478304E-1,-3.875411018E-1,-6.012261486E-1,1.030324880E2,6.000339378E1,-5.739799523E0,-9.134310692E1
3.384524333E1,6.219991686E-1,3.183946634E-1,-3.876998769E-1,-6.011909679E-1,1.030754564E2,6.005936826E1,-5.708421825E0,-9.135233961E1
3.385521333E1,6.218036553E-1,3.188691658E-1,-3.878267257E-1,-6.010600117E-1,1.031040662E2,6.011420339E1,-5.680733466E0,-9.134547031E1
3.386518333E1,6.216658957E-1,3.193724361E-1,-3.879377458E-1,-6.008636311E-1,1.031242214E2,6.016975968E1,-5.654917371E0,-9.132814312E1
3.387515233E1,6.214535757E-1,3.198132078E-1,-3.880952907E-1,-6.007470371E-1,1.031552797E2,6.022475078E1,-5.630503885E0,-9.132603242E1
3.388512233E1,6.213167894E-1,3.202611445E-1,-3.881886882E-1,-6.005896384E-1,1.031752854E2,6.027377806E1,-5.605892323E0,-9.131254867E1
3.389509233E1,6.211018484E-1,3.205768007E-1,-3.883199571E-1,-6.005585261E-1,1.032067160E2,6.031526994E1,-5.584992972E0,-9.131993743E1
3.390506133E1,6.208409976E-1,3.207838497E-1,-3.884955172E-1,-6.006043437E-1,1.032448508E2,6.035178174E1,-5.569870778E0,-9.134194729E1
3.391503133E1,6.206521408E-1,3.209743166E-1,-3.886622870E-1,-6.005897997E-1,1.032724542E2,6.038564583E1,-5.560707132E0,-9.135484071E1
3.392500133E1,6.203752433E-1,3.210410298E-1,-3.889128553E-1,-6.006778794E-1,1.033129162E2,6.041724360E1,-5.558344862E0,-9.138945933E1
3.393497033E1,6.201573968E-1,3.210554335E-1,-3.891870732E-1,-6.007176976E-1,1.033447413E2,6.044630911E1,-5.565701801E0,-9.141955927E1
3.394494033E1,6.199001864E-1,3.209347407E-1,-3.895433669E-1,-6.008166887E-1,1.033823082E2,6.047174427E1,-5.584295849E0,-9.146525923E1
3.395491033E1,6.196672829E-1,3.207234717E-1,-3.899340971E-1,-6.009160710E-1,1.034163164E2,6.049252653E1,-5.612673038E0,-9.151416776E1
3.396487933E1,6.195296471E-1,3.204878208E-1,-3.903125416E-1,-6.009383087E-1,1.034364101E2,6.050958180E1,-5.648975278E0,-9.155135440E1
3.397484933E1,6.193352461E-1,3.201321725E-1,-3.907635261E-1,-6.010350133E-1,1.034647863E2,6.052354057E1,-5.693447968E0,-9.160544588E1
3.398481933E1,6.192235089E-1,3.197328785E-1,-3.912300864E-1,-6.010590851E-1,1.034810938E2,6.053489075E1,-5.748443420E0,-9.165097117E1
3.399478833E1,6.190219883E-1,3.191348912E-1,-3.918195601E-1,-6.012005885E-1,1.035105000E2,6.054146092E1,-5.817587314E0,-9.172396787E1
3.400475833E1,6.187800575E-1,3.183809209E-1,-3.924792900E-1,-6.014190857E-1,1.035457951E2,6.054167132E1,-5.897894908E0,-9.181413808E1
3.401472833E1,6.185894978E-1,3.175652451E-1,-3.931016804E-1,-6.016396540E-1,1.035735897E2,6.053277767E1,-5.982082611E0,-9.190137075E1
3.402469733E1,6.184080444E-1,3.167026097E-1,-3.936221677E-1,-6.019406358E-1,1.036000512E2,6.050992662E1,-6.059770837E0,-9.199062516E1
3.403466733E1,6.183932146E-1,3.159163945E-1,-3.939282460E-1,-6.021686444E-1,1.036022136E2,6.047191124E1,-6.127148931E0,-9.205033518E1
3.404463733E1,6.183353832E-1,3.150483064E-1,-3.941814116E-1,-6.025172047E-1,1.036106460E2,6.042192320E1,-6.190157712E0,-9.212202309E1
3.405460633E1,6.184203394E-1,3.142125475E-1,-3.943282380E-1,-6.027701820E-1,1.035982583E2,6.036362836E1,-6.253367348E0,-9.217080827E1
3.406457633E1,6.183994056E-1,3.132791792E-1,-3.945000128E-1,-6.031650426E-1,1.036013109E2,6.030001863E1,-6.315260679E0,-9.224163972E1
3.407454633E1,6.184471527E-1,3.124029015E-1,-3.946077427E-1,-6.035000732E-1,1.035943484E2,6.023477949E1,-6.373986099E0,-9.229835561E1
3.408451533E1,6.184657737E-1,3.115160896E-1,-3.946978527E-1,-6.038802457E-1,1.035916330E2,6.016715037E1,-6.429316613E0,-9.235978937E1
3.409448533E1,6.186320575E-1,3.106370223E-1,-3.946914991E-1,-6.041669562E-1,1.035673825E2,6.008997521E1,-6.487380779E0,-9.239946114E1
3.410445533E1,6.187983077E-1,3.095740129E-1,-3.947206041E-1,-6.045232426E-1,1.035431329E2,6.000059126E1,-6.558379032E0,-9.245217108E1
3.411442433E1,6.190226771E-1,3.083200151E-1,-3.948052376E-1,-6.048788981E-1,1.035103995E2,5.990013274E1,-6.649438181E0,-9.251000884E1
3.412439433E1,6.193638322E-1,3.069241036E-1,-3.949449623E-1,-6.051483666E-1,1.034606140E2,5.979251220E1,-6.762844003E0,-9.256100213E1
3.413436433E1,6.197447073E-1,3.053697278E-1,-3.951836821E-1,-6.053889046E-1,1.034050119E2,5.968114340E1,-6.897360288E0,-9.261716123E1
3.414433333E1,6.201291057E-1,3.036696662E-1,-3.955047409E-1,-6.056407551E-1,1.033488739E2,5.956577191E1,-7.047869335E0,-9.268259944E1
3.415430333E1,6.206560934E-1,3.019658851E-1,-3.957893533E-1,-6.057668749E-1,1.032718765E2,5.944593601E1,-7.207106514E0,-9.272724120E1
3.416427333E1,6.210712702E-1,3.001255166E-1,-3.961316121E-1,-6.060321169E-1,1.032111869E2,5.932122554E1,-7.370241577E0,-9.279677188E1
3.417424233E1,6.215201282E-1,2.982736947E-1,-3.964480243E-1,-6.062792719E-1,1.031455451E2,5.919314903E1,-7.534695408E0,-9.286152232E1
3.418421233E1,6.218857633E-1,2.963359670E-1,-3.967910417E-1,-6.066301333E-1,1.030920519E2,5.906139416E1,-7.699916738E0,-9.294340343E1
3.419418233E1,6.221807754E-1,2.943546173E-1,-3.971652478E-1,-6.070472343E-1,1.030488766E2,5.892998461E1,-7.865196558E0,-9.303762094E1
3.420415133E1,6.223891593E-1,2.923245459E-1,-3.975894400E-1,-6.075367179E-1,1.030183716E2,5.880054933E1,-8.031350485E0,-9.314682599E1
3.421412133E1,6.224834853E-1,2.902294418E-1,-3.980904238E-1,-6.081160672E-1,1.030045612E2,5.867468106E1,-8.199659718E0,-9.327603687E1
3.422409133E1,6.226610177E-1,2.881953085E-1,-3.985675682E-1,-6.085889449E-1,1.029785649E2,5.855153209E1,-8.369709919E0,-9.338831018E1
3.423406033E1,6.229312099E-1,2.861803836E-1,-3.990342287E-1,-6.089575303E-1,1.029389913E2,5.842880441E1,-8.545707657E0,-9.348516417E1
3.424403033E1,6.231947469E-1,2.840644959E-1,-3.995615595E-1,-6.093326866E-1,1.029003820E2,5.830435069E1,-8.732979032E0,-9.358890353E1
3.425400033E1,6.235263215E-1,2.818641196E-1,-4.001257952E-1,-6.096448631E-1,1.028517901E2,5.817666898E1,-8.934422179E0,-9.368754503E1
3.426396933E1,6.238113948E-1,2.795356484E-1,-4.007828066E-1,-6.099935940E-1,1.028099998E2,5.804873398E1,-9.148616787E0,-9.380042153E1
3.427393933E1,6.239614607E-1,2.771242270E-1,-4.014933919E-1,-6.104729492E-1,1.027879961E2,5.792120467E1,-9.362436174E0,-9.393719773E1
3.428390933E1,6.242652249E-1,2.748582386E-1,-4.020066615E-1,-6.108490137E-1,1.027434456E2,5.778521703E1,-9.562523930E0,-9.404103733E1
3.429387833E1,6.245529739E-1,2.726347711E-1,-4.023489466E-1,-6.113256399E-1,1.027012311E2,5.763622609E1,-9.743588107E0,-9.414320929E1
3.430384833E1,6.250129007E-1,2.705772567E-1,-4.024658093E-1,-6.116927185E-1,1.026337313E2,5.747702835E1,-9.908332955E0,-9.420860977E1
3.431381833E1,6.255776481E-1,2.687041454E-1,-4.023820003E-1,-6.119962805E-1,1.025508043E2,5.731196631E1,-1.005250080E1,-9.424595331E1
3.432378733E1,6.262220997E-1,2.670380067E-1,-4.021045792E-1,-6.122486295E-1,1.024561147E2,5.714362635E1,-1.017330916E1,-9.425756536E1
3.433375733E1,6.270213192E-1,2.656518180E-1,-4.016515216E-1,-6.123312064E-1,1.023385976E2,5.697890138E1,-1.027391928E1,-9.422819968E1
3.434372733E1,6.277685868E-1,2.644219624E-1,-4.012054499E-1,-6.123901237E-1,1.022286318E2,5.682799621E1,-1.036216214E1,-9.419598477E1
3.435369633E1,6.286709126E-1,2.634569471E-1,-4.007297595E-1,-6.121919875E-1,1.020957344E2,5.669400370E1,-1.044443128E1,-9.412417761E1
3.436366633E1,6.296434716E-1,2.626329867E-1,-4.002121014E-1,-6.118850958E-1,1.019523532E2,5.656644669E1,-1.052004185E1,-9.403284553E1
3.437363633E1,6.306318975E-1,2.618211383E-1,-3.996653040E-1,-6.115723682E-1,1.018064836E2,5.643674365E1,-1.059340626E1,-9.393798612E1
3.438360533E1,6.315451288E-1,2.609209607E-1,-3.991437420E-1,-6.113553185E-1,1.016715769E2,5.630315529E1,-1.066834667E1,-9.385923634E1
3.439357533E1,6.322591485E-1,2.598798229E-1,-3.986347187E-1,-6.113927772E-1,1.015660084E2,5.616142276E1,-1.073714474E1,-9.381799829E1
3.440354533E1,6.328879702E-1,2.588010374E-1,-3.980462591E-1,-6.115832902E-1,1.014729708E2,5.600959814E1,-1.079412537E1,-9.379114991E1
3.441351433E1,6.333872418E-1,2.577139701E-1,-3.974160531E-1,-6.119352163E-1,1.013990568E2,5.585428717E1,-1.083772328E1,-9.378343305E1
3.442348433E1,6.336942065E-1,2.566357483E-1,-3.968058300E-1,-6.124662996E-1,1.013535933E2,5.570370489E1,-1.086792022E1,-9.380318214E1
3.443345433E1,6.339799924E-1,2.556530893E-1,-3.961899433E-1,-6.129798708E-1,1.013112532E2,5.556052607E1,-1.089049847E1,-9.381995666E1
3.444342333E1,6.341755867E-1,2.545556012E-1,-3.956357386E-1,-6.135919787E-1,1.012822679E2,5.541532035E1,-1.091885067E1,-9.385681018E1
3.445339408E1,6.343935610E-1,2.531936152E-1,-3.951391328E-1,-6.142497316E-1,1.012499590E2,5.525458610E1,-1.097024701E1,-9.390602270E1
3.446336408E1,6.347693022E-1,2.515321548E-1,-3.946901319E-1,-6.148327470E-1,1.011942477E2,5.507321871E1,-1.105632789E1,-9.394952489E1
3.447333308E1,6.351448227E-1,2.494988802E-1,-3.943468722E-1,-6.154932803E-1,1.011385470E2,5.487297708E1,-1.117492230E1,-9.401457601E1
3.448330308E1,6.356153073E-1,2.472330498E-1,-3.940360971E-1,-6.161206368E-1,1.010687288E2,5.465679203E1,-1.131833762E1,-9.407839572E1
3.449327308E1,6.361904484E-1,2.448491767E-1,-3.937060504E-1,-6.166896983E-1,1.009833323E2,5.442854264E1,-1.147568901E1,-9.413242146E1
3.450324208E1,6.367477898E-1,2.424009242E-1,-3.933723159E-1,-6.172943455E-1,1.009005287E2,5.419539374E1,-1.163594729E1,-9.419150090E1
3.451321208E1,6.371982790E-1,2.399449905E-1,-3.930654394E-1,-6.179840128E-1,1.008335639E2,5.396591314E1,-1.179185559E1,-9.426554354E1
3.452318208E1,6.376830639E-1,2.376527340E-1,-3.927236864E-1,-6.185867009E-1,1.007614648E2,5.374584266E1,-1.193775018E1,-9.432382340E1
3.453315108E1,6.380705015E-1,2.354492019E-1,-3.923512874E-1,-6.192659158E-1,1.007038167E2,5.353115587E1,-1.206869143E1,-9.439037747E1
3.454312108E1,6.384508853E-1,2.333796705E-1,-3.918708081E-1,-6.199611195E-1,1.006471947E2,5.331658380E1,-1.218142342E1,-9.444923017E1
3.455309108E1,6.387368590E-1,2.313765572E-1,-3.912862313E-1,-6.207858840E-1,1.006046108E2,5.309823287E1,-1.227401643E1,-9.451731488E1
3.456306008E1,6.388657862E-1,2.293893281E-1,-3.906217072E-1,-6.218084087E-1,1.005854081E2,5.287535501E1,-1.234732097E1,-9.460695316E1
3.457303008E1,6.389446001E-1,2.274706823E-1,-3.898780208E-1,-6.228979896E-1,1.005736681E2,5.265085301E1,-1.240607320E1,-9.469931475E1
3.458300008E1,6.389763136E-1,2.256095091E-1,-3.891095257E-1,-6.240220270E-1,1.005689439E2,5.242923873E1,-1.245618340E1,-9.479477392E1
3.459296908E1,6.390071408E-1,2.237974791E-1,-3.883181027E-1,-6.251348125E-1,1.005643515E2,5.220944930E1,-1.250171817E1,-9.488688407E1
3.460293908E1,6.389564322E-1,2.219397830E-1,-3.875415365E-1,-6.263297237E-1,1.005719056E2,5.198891919E1,-1.254635126E1,-9.499294238E1
3.461290908E1,6.388596070E-1,2.200416944E-1,-3.867601813E-1,-6.275799395E-1,1.005863285E2,5.176568470E1,-1.259061642E1,-9.510727519E1
3.462287808E1,6.388434338E-1,2.181849730E-1,-3.859299569E-1,-6.287546453E-1,1.005887375E2,5.154006888E1,-1.263433373E1,-9.520652606E1
3.463284808E1,6.387268089E-1,2.162439789E-1,-3.851366742E-1,-6.300288755E-1,1.006061075E2,5.131324114E1,-1.268050922E1,-9.532451733E1
3.464281808E1,6.386117342E-1,2.142647471E-1,-3.843994151E-1,-6.312707041E-1,1.006232445E2,5.108937514E1,-1.273522059E1,-9.544354885E1
3.465278708E1,6.385549107E-1,2.123012413E-1,-3.837417663E-1,-6.323907240E-1,1.006317059E2,5.087423434E1,-1.280101116E1,-9.555241892E1
3.466275708E1,6.384001114E-1,2.102837876E-1,-3.832138454E-1,-6.335402732E-1,1.006547539E2,5.066951082E1,-1.287595517E1,-9.567814092E1
3.467272708E1,6.383771005E-1,2.084042489E-1,-3.826761359E-1,-6.345087222E-1,1.006581797E2,5.047293612E1,-1.295082698E1,-9.577630288E1
3.468269608E1,6.384260027E-1,2.066968326E-1,-3.820794682E-1,-6.353771040E-1,1.006508993E2,5.028290965E1,-1.301452539E1,-9.585421080E1
3.469266608E1,6.384155698E-1,2.051022856E-1,-3.814453320E-1,-6.362845061E-1,1.006524525E2,5.009872902E1,-1.306371587E1,-9.593458371E1
3.470263608E1,6.384688306E-1,2.036849082E-1,-3.807600875E-1,-6.370963516E-1,1.006445228E2,4.992224092E1,-1.310128033E1,-9.599599725E1
3.471260508E1,6.384427885E-1,2.023713384E-1,-3.801224689E-1,-6.379213294E-1,1.006484002E2,4.975958240E1,-1.313103916E1,-9.606377970E1
3.472257508E1,6.384236188E-1,2.012652787E-1,-3.795610728E-1,-6.386243738E-1,1.006512542E2,4.962025286E1,-1.315438392E1,-9.612009837E1
3.473254508E1,6.383684471E-1,2.004189384E-1,-3.790809254E-1,-6.392304048E-1,1.006594680E2,4.950921916E1,-1.316516141E1,-9.616891872E1
3.474251408E1,6.382565459E-1,1.998108120E-1,-3.785483051E-1,-6.398480682E-1,1.006761259E2,4.941180147E1,-1.315138670E1,-9.621431946E1
3.475248408E1,6.382761370E-1,1.993163663E-1,-3.778176263E-1,-6.404141497E-1,1.006732097E2,4.930150699E1,-1.312133149E1,-9.623392435E1
3.476245408E1,6.382864516E-1,1.986559357E-1,-3.769827710E-1,-6.411008597E-1,1.006716743E2,4.916851750E1,-1.309280564E1,-9.626277136E1
3.477242308E1,6.383031134E-1,1.978145160E-1,-3.761643635E-1,-6.418246337E-1,1.006691940E2,4.902348313E1,-1.307870582E1,-9.629935895E1
3.478239308E1,6.384575915E-1,1.969251964E-1,-3.754107568E-1,-6.423854720E-1,1.006461962E2,4.887947914E1,-1.308309480E1,-9.631768041E1
3.479236308E1,6.385617293E-1,1.959539434E-1,-3.748021352E-1,-6.429341889E-1,1.006306906E2,4.874444897E1,-1.310272442E1,-9.634762338E1
3.480233208E1,6.387107279E-1,1.950273133E-1,-3.742741089E-1,-6.433752461E-1,1.006085025E2,4.862022159E1,-1.312959033E1,-9.636866202E1
3.481230208E1,6.388445339E-1,1.941431251E-1,-3.737702328E-1,-6.438026675E-1,1.005885737E2,4.850185297E1,-1.315478018E1,-9.638983235E1
3.482227208E1,6.389564681E-1,1.932408243E-1,-3.732810554E-1,-6.442467346E-1,1.005719002E2,4.838393104E1,-1.318118495E1,-9.641498468E1
3.483224108E1,6.390784819E-1,1.922278459E-1,-3.728369330E-1,-6.446857796E-1,1.005537230E2,4.826207044E1,-1.322001799E1,-9.644379061E1
3.484221108E1,6.390246949E-1,1.908885349E-1,-3.725385860E-1,-6.453091391E-1,1.005617363E2,4.813268246E1,-1.328285289E1,-9.651439936E1
3.485218108E1,6.389292458E-1,1.892913696E-1,-3.724005235E-1,-6.459536773E-1,1.005759554E2,4.800061141E1,-1.337528450E1,-9.660338080E1
3.486215008E1,6.387590740E-1,1.875449411E-1,-3.724470431E-1,-6.466040704E-1,1.006013022E2,4.787697903E1,-1.348985637E1,-9.671040168E1
3.487212008E1,6.384507431E-1,1.857748473E-1,-3.726321626E-1,-6.473125434E-1,1.006472158E2,4.776765401E1,-1.360964840E1,-9.683901742E1
3.488209008E1,6.382593088E-1,1.842142759E-1,-3.727963245E-1,-6.478526164E-1,1.006757147E2,4.767051017E1,-1.372098974E1,-9.693991406E1
3.489205908E1,6.381082838E-1,1.828093950E-1,-3.729190140E-1,-6.483285093E-1,1.006981936E2,4.758047790E1,-1.382070251E1,-9.702710406E1
3.490202908E1,6.380637376E-1,1.815230837E-1,-3.730181329E-1,-6.486767658E-1,1.007048233E2,4.749553101E1,-1.391717857E1,-9.709256803E1
3.491199908E1,6.379811722E-1,1.802748521E-1,-3.731520861E-1,-6.490289024E-1,1.007171104E2,4.741758865E1,-1.401174745E1,-9.716178302E1
3.492196808E1,6.380604086E-1,1.792067140E-1,-3.732201638E-1,-6.492076890E-1,1.007053187E2,4.734412754E1,-1.409847912E1,-9.719820266E1
3.493193808E1,6.381356223E-1,1.782207095E-1,-3.731949810E-1,-6.494196639E-1,1.006941248E2,4.726757745E1,-1.417107577E1,-9.723106647E1
3.494190808E1,6.383325001E-1,1.773542652E-1,-3.730281954E-1,-6.495590337E-1,1.006648194E2,4.718394494E1,-1.423076596E1,-9.723972741E1
3.495187708E1,6.385275465E-1,1.765053433E-1,-3.727843759E-1,-6.497385885E-1,1.006357804E2,4.709398426E1,-1.428241063E1,-9.724752664E1
3.496184708E1,6.387675300E-1,1.756785486E-1,-3.724989153E-1,-6.498904864E-1,1.006000428E2,4.700083546E1,-1.433179980E1,-9.724729988E1
3.497181708E1,6.391161839E-1,1.748979679E-1,-3.721953105E-1,-6.499321123E-1,1.005481058E2,4.690762102E1,-1.438335429E1,-9.722846971E1
3.498178608E1,6.394852118E-1,1.741185252E-1,-3.719049398E-1,-6.499445976E-1,1.004931125E2,4.681548741E1,-1.443731415E1,-9.720639367E1
3.499175608E1,6.399027139E-1,1.733384186E-1,-3.716274554E-1,-6.499010224E-1,1.004308690E2,4.672382338E1,-1.449557329E1,-9.717692268E1
3.500172608E1,6.402838034E-1,1.724764945E-1,-3.714072171E-1,-6.498808785E-1,1.003740295E2,4.663237058E1,-1.456236737E1,-9.715645130E1
3.501169508E1,6.406635330E-1,1.715309932E-1,-3.712504519E-1,-6.498464159E-1,1.003173694E2,4.654107799E1,-1.464063748E1,-9.713976895E1
3.502166508E1,6.409412521E-1,1.704494418E-1,-3.711636083E-1,-6.499068831E-1,1.002759157E2,4.644833950E1,-1.472829587E1,-9.714433138E1
3.503163508E1,6.411135036E-1,1.692506906E-1,-3.711118204E-1,-6.500798143E-1,1.002501983E2,4.635217649E1,-1.482079752E1,-9.716965463E1
3.504160408E1,6.413233218E-1,1.680237853E-1,-3.710697262E-1,-6.502150102E-1,1.002188656E2,4.625435471E1,-1.491869895E1,-9.719020465E1
3.505157408E1,6.415542444E-1,1.667918645E-1,-3.710332797E-1,-6.503253085E-1,1.001843731E2,4.615644201E1,-1.501892082E1,-9.720750438E1
3.506154408E1,6.416864172E-1,1.655424212E-1,-3.710396017E-1,-6.505104171E-1,1.001646267E2,4.606317155E1,-1.511801178E1,-9.724025270E1
3.507151308E1,6.418397669E-1,1.643912854E-1,-3.710304769E-1,-6.506563101E-1,1.001417130E2,4.597529855E1,-1.521012905E1,-9.726533836E1
3.508148308E1,6.419808778E-1,1.633299329E-1,-3.709952527E-1,-6.508044951E-1,1.001206247E2,4.589166166E1,-1.529281003E1,-9.728817939E1
3.509145308E1,6.421196747E-1,1.623676993E-1,-3.709205474E-1,-6.509507796E-1,1.000998790E2,4.581142551E1,-1.536481378E1,-9.730688004E1
3.510142208E1,6.423252749E-1,1.615427064E-1,-3.707743927E-1,-6.510364984E-1,1.000691425E2,4.573301695E1,-1.542490332E1,-9.730938519E1
3.511139208E1,6.425168010E-1,1.608256620E-1,-3.705653865E-1,-6.511440462E-1,1.000405039E2,4.565649010E1,-1.547082308E1,-9.730922694E1
3.512136208E1,6.427350315E-1,1.602402423E-1,-3.702835505E-1,-6.512333192E-1,1.000078649E2,4.558188386E1,-1.550252540E1,-9.729926017E1
3.513133108E1,6.428582728E-1,1.597350491E-1,-3.699758574E-1,-6.514106692E-1,9.998942919E1,4.551219845E1,-1.552018557E1,-9.730027747E1
3.514130108E1,6.429401582E-1,1.593543156E-1,-3.695999708E-1,-6.516364558E-1,9.997717856E1,4.544554272E1,-1.552026368E1,-9.730222418E1
3.515127108E1,6.430971869E-1,1.591546659E-1,-3.690993926E-1,-6.518139045E-1,9.995368291E1,4.537844532E1,-1.550099519E1,-9.728493801E1
3.516124008E1,6.431917782E-1,1.590110822E-1,-3.685164069E-1,-6.520854007E-1,9.993952758E1,4.530835258E1,-1.546655504E1,-9.727460721E1
3.517121008E1,6.433651608E-1,1.589407917E-1,-3.678622773E-1,-6.523009492E-1,9.991357755E1,4.523525028E1,-1.542549508E1,-9.724912715E1
3.518118008E1,6.435583540E-1,1.588630730E-1,-3.672070624E-1,-6.524983730E-1,9.988465666E1,4.516120428E1,-1.538611977E1,-9.722090816E1
3.519115008E1,6.436997814E-1,1.586974991E-1,-3.666186291E-1,-6.527299452E-1,9.986348119E1,4.508828169E1,-1.535574902E1,-9.720433308E1
3.520111908E1,6.438401508E-1,1.584741945E-1,-3.661351310E-1,-6.529172254E-1,9.984246087E1,4.502159246E1,-1.533866676E1,-9.719059313E1
3.521108908E1,6.438967613E-1,1.581634563E-1,-3.657820142E-1,-6.531346538E-1,9.983398253E1,4.496286397E1,-1.533413407E1,-9.719349248E1
3.522105908E1,6.439349243E-1,1.578330777E-1,-3.655350653E-1,-6.533151486E-1,9.982826671E1,4.491354099E1,-1.533915243E1,-9.720027889E1
3.523102808E1,6.439168258E-1,1.574955868E-1,-3.653705872E-1,-6.535063863E-1,9.983097742E1,4.487283570E1,-1.534840229E1,-9.721613430E1
3.524099808E1,6.437718183E-1,1.571466215E-1,-3.653064713E-1,-6.537691522E-1,9.985269407E1,4.484341435E1,-1.535939443E1,-9.725205197E1
3.525096808E1,6.436672473E-1,1.569283113E-1,-3.652810884E-1,-6.539386293E-1,9.986835270E1,4.482670728E1,-1.536671367E1,-9.727663846E1
3.526093708E1,6.434524993E-1,1.567959913E-1,-3.652967459E-1,-6.541730178E-1,9.990050380E1,4.482225087E1,-1.536450439E1,-9.731466446E1
3.527090708E1,6.432078269E-1,1.568213216E-1,-3.652933742E-1,-6.544093450E-1,9.993712579E1,4.482794001E1,-1.534725227E1,-9.735081319E1
3.528087708E1,6.430316222E-1,1.570336258E-1,-3.652260130E-1,-6.545691968E-1,9.996349362E1,4.483977954E1,-1.531496680E1,-9.736884289E1
3.529084608E1,6.428311770E-1,1.573408552E-1,-3.651432998E-1,-6.547383690E-1,9.999348267E1,4.485743598E1,-1.527290027E1,-9.738665078E1
3.530081608E1,6.427401859E-1,1.577981275E-1,-3.650257733E-1,-6.547832514E-1,1.000070939E2,4.488075708E1,-1.522358102E1,-9.738166921E1
3.531078608E1,6.426466680E-1,1.583025304E-1,-3.649075619E-1,-6.548191125E-1,1.000210817E2,4.490750421E1,-1.517061450E1,-9.737509854E1
3.532075508E1,6.425825014E-1,1.587943736E-1,-3.647878333E-1,-6.548296683E-1,1.000306784E2,4.493270135E1,-1.512026806E1,-9.736453322E1
3.533072508E1,6.425684099E-1,1.592284018E-1,-3.646760177E-1,-6.548004329E-1,1.000327859E2,4.495363029E1,-1.507794957E1,-9.734871519E1
3.534069508E1,6.424478014E-1,1.594938848E-1,-3.646232077E-1,-6.548836149E-1,1.000508220E2,4.496984810E1,-1.504650050E1,-9.735604948E1
3.535066408E1,6.423775847E-1,1.596645901E-1,-3.646131240E-1,-6.549164052E-1,1.000613213E2,4.498251410E1,-1.502880816E1,-9.735969557E1
3.536063408E1,6.422720846E-1,1.597599052E-1,-3.646879136E-1,-6.549549761E-1,1.000770950E2,4.499865707E1,-1.502180591E1,-9.737202248E1
3.537060408E1,6.422281116E-1,1.599201581E-1,-3.647740934E-1,-6.549111151E-1,1.000836689E2,4.501966658E1,-1.501484940E1,-9.737242713E1
3.538057308E1,6.421847306E-1,1.600865538E-1,-3.648003930E-1,-6.548983565E-1,1.000901541E2,4.503517830E1,-1.500228948E1,-9.737228760E1
3.539054308E1,6.422180905E-1,1.601982008E-1,-3.647465293E-1,-6.548681997E-1,1.000851671E2,4.503746070E1,-1.499152848E1,-9.736249118E1
3.540051308E1,6.421918910E-1,1.601393428E-1,-3.647229060E-1,-6.549214575E-1,1.000890837E2,4.503124267E1,-1.499215588E1,-9.736879547E1
3.541048208E1,6.422159068E-1,1.600499071E-1,-3.647520717E-1,-6.549035109E-1,1.000854935E2,4.502718431E1,-1.500270651E1,-9.736889428E1
3.542045208E1,6.421539516E-1,1.600102470E-1,-3.648344266E-1,-6.549280397E-1,1.000947552E2,4.503346773E1,-1.500891538E1,-9.738014138E1
3.543042208E1,6.420530039E-1,1.601172578E-1,-3.648840756E-1,-6.549733535E-1,1.001098445E2,4.504790238E1,-1.499915260E1,-9.739123523E1
3.544039108E1,6.420070040E-1,1.604102732E-1,-3.648428876E-1,-6.549696202E-1,1.001167199E2,4.506603652E1,-1.497132940E1,-9.738609005E1
3.545036058E1,6.418755223E-1,1.607364688E-1,-3.647740829E-1,-6.550568477E-1,1.001363699E2,4.508527886E1,-1.493339835E1,-9.739243891E1
3.546033058E1,6.417758173E-1,1.611015658E-1,-3.646677253E-1,-6.551241839E-1,1.001512689E2,4.510312860E1,-1.489134382E1,-9.739225689E1
3.547029958E1,6.417559378E-1,1.614940478E-1,-3.645126986E-1,-6.551331895E-1,1.001542394E2,4.511685285E1,-1.484803106E1,-9.737866361E1
3.548026958E1,6.417024093E-1,1.618252483E-1,-3.643607487E-1,-6.551884038E-1,1.001622373E2,4.512695450E1,-1.480738003E1,-9.737268046E1
3.549023958E1,6.417257811E-1,1.621488097E-1,-3.642066177E-1,-6.551711855E-1,1.001587453E2,4.513503657E1,-1.477187250E1,-9.735535328E1
3.550020858E1,6.418166576E-1,1.624437428E-1,-3.640455851E-1,-6.550986007E-1,1.001451663E2,4.513925442E1,-1.474204642E1,-9.732896608E1
3.551017858E1,6.419262526E-1,1.627060964E-1,-3.638885565E-1,-6.550132824E-1,1.001287886E2,4.514118959E1,-1.471611134E1,-9.730108432E1
3.552014858E1,6.420138331E-1,1.629439732E-1,-3.637315173E-1,-6.549556261E-1,1.001156992E2,4.514170381E1,-1.469059627E1,-9.727755867E1
3.553011758E1,6.420768169E-1,1.631728622E-1,-3.635338592E-1,-6.549467588E-1,1.001062852E2,4.513795235E1,-1.466068992E1,-9.725800543E1
3.554008758E1,6.422045212E-1,1.634299790E-1,-3.632741292E-1,-6.549014095E-1,1.000871956E2,4.512910299E1,-1.462736576E1,-9.722727051E1
3.555005758E1,6.423583256E-1,1.636804788E-1,-3.629787852E-1,-6.548517921E-1,1.000642009E2,4.511585874E1,-1.459305039E1,-9.719277848E1
3.556002658E1,6.424462011E-1,1.638649661E-1,-3.627068853E-1,-6.548700423E-1,1.000510613E2,4.510115689E1,-1.456148574E1,-9.717105005E1
3.556999658E1,6.426055340E-1,1.640346809E-1,-3.624534247E-1,-6.548115247E-1,1.000272337E2,4.508606351E1,-1.453702366E1,-9.713917854E1
3.557996658E1,6.426786706E-1,1.641016733E-1,-3.622819081E-1,-6.548179613E-1,1.000162951E2,4.507289541E1,-1.452179499E1,-9.712485988E1
3.558993558E1,6.427475610E-1,1.641232947E-1,-3.621823151E-1,-6.548000687E-1,1.000059907E2,4.506355679E1,-1.451584363E1,-9.711326447E1
3.559990558E1,6.428218007E-1,1.641254969E-1,-3.621415064E-1,-6.547491783E-1,9.999488532E1,4.505850263E1,-1.451673922E1,-9.710181805E1
3.560987558E1,6.428888240E-1,1.641300803E-1,-3.621256276E-1,-6.546910901E-1,9.998485864E1,4.505620307E1,-1.451917727E1,-9.709145066E1
3.561984458E1,6.429438810E-1,1.641590352E-1,-3.620892127E-1,-6.546497730E-1,9.997662159E1,4.505385775E1,-1.451732486E1,-9.708179376E1
3.562981458E1,6.429059791E-1,1.641648620E-1,-3.620506799E-1,-6.547068096E-1,9.998229213E1,4.505109076E1,-1.451120816E1,-9.708717703E1
3.563978458E1,6.428433726E-1,1.641768001E-1,-3.620105035E-1,-6.547876235E-1,9.999165825E1,4.504901135E1,-1.450297257E1,-9.709606338E1
3.564975358E1,6.428757394E-1,1.642567527E-1,-3.619407504E-1,-6.547743071E-1,9.998681616E1,4.504750117E1,-1.449311431E1,-9.708764377E1
3.565972358E1,6.428412896E-1,1.643214165E-1,-3.618837152E-1,-6.548234240E-1,9.999196985E1,4.504718926E1,-1.448133274E1,-9.709001314E1
3.566969358E1,6.429099139E-1,1.644648527E-1,-3.617895065E-1,-6.547720799E-1,9.998170345E1,4.504737120E1,-1.446698722E1,-9.707340386E1
3.567966258E1,6.430314121E-1,1.646739749E-1,-3.616576395E-1,-6.546731724E-1,9.996352506E1,4.504785012E1,-1.444787812E1,-9.704597313E1
3.568963258E1,6.430897374E-1,1.649007249E-1,-3.615309882E-1,-6.546286713E-1,9.995479764E1,4.505115480E1,-1.442403947E1,-9.702734969E1
3.569960258E1,6.431997156E-1,1.652063212E-1,-3.613810824E-1,-6.545263638E-1,9.993833970E1,4.505717992E1,-1.439566678E1,-9.699756858E1
3.570957158E1,6.431786804E-1,1.654776520E-1,-3.612547789E-1,-6.545482419E-1,9.994148772E1,4.506509500E1,-1.436372037E1,-9.698909893E1
3.571954158E1,6.432495108E-1,1.658263119E-1,-3.610976343E-1,-6.544770743E-1,9.993088734E1,4.507423727E1,-1.432919340E1,-9.696339101E1
3.572951158E1,6.432023669E-1,1.661249644E-1,-3.609725003E-1,-6.545166318E-1,9.993794292E1,4.508471456E1,-1.429376897E1,-9.695769259E1
3.573948058E1,6.432067943E-1,1.664608327E-1,-3.608446689E-1,-6.544975373E-1,9.993728033E1,4.509687780E1,-1.425861805E1,-9.694263262E1
3.574945058E1,6.432379692E-1,1.668027490E-1,-3.607408823E-1,-6.544369440E-1,9.993261470E1,4.511144212E1,-1.422679333E1,-9.692328650E1
3.575942058E1,6.431183393E-1,1.670664196E-1,-3.607409666E-1,-6.544872001E-1,9.995051764E1,4.513281735E1,-1.420030794E1,-9.693031207E1
3.576938958E1,6.429268286E-1,1.673148753E-1,-3.608270305E-1,-6.545644928E-1,9.997917284E1,4.516265206E1,-1.417793359E1,-9.694906480E1
3.577935958E1,6.427745995E-1,1.676258769E-1,-3.609326505E-1,-6.545762887E-1,1.000019462E2,4.519842094E1,-1.415517261E1,-9.695927798E1
3.578932958E1,6.425928616E-1,1.679768548E-1,-3.610347934E-1,-6.546083209E-1,1.000291290E2,4.523725283E1,-1.412739244E1,-9.697219578E1
3.579929958E1,6.423227589E-1,1.683398656E-1,-3.611188763E-1,-6.547338599E-1,1.000695187E2,4.527656309E1,-1.409167723E1,-9.699789002E1
3.580926858E1,6.421062861E-1,1.688144497E-1,-3.611418780E-1,-6.548111638E-1,1.001018803E2,4.531725983E1,-1.404593779E1,-9.701050978E1
3.581923858E1,6.418034294E-1,1.693308328E-1,-3.611497173E-1,-6.549703841E-1,1.001471430E2,4.536087411E1,-1.399049302E1,-9.703429569E1
3.582920858E1,6.415476217E-1,1.699802526E-1,-3.611139978E-1,-6.550726087E-1,1.001853624E2,4.540930778E1,-1.392460234E1,-9.704513535E1
3.583917758E1,6.412234743E-1,1.706907220E-1,-3.610764871E-1,-6.552259771E-1,1.002337770E2,4.546310786E1,-1.384991784E1,-9.706352987E1
3.584914758E1,6.408080835E-1,1.714133718E-1,-3.610702494E-1,-6.554469023E-1,1.002957946E2,4.552223514E1,-1.377140410E1,-9.709503113E1
3.585911758E1,6.404518037E-1,1.721938999E-1,-3.610747064E-1,-6.555881489E-1,1.003489648E2,4.558579399E1,-1.369334715E1,-9.711504867E1
3.586908658E1,6.400504880E-1,1.729666623E-1,-3.611353558E-1,-6.557431584E-1,1.004088313E2,4.565495750E1,-1.361793270E1,-9.714212075E1
3.587905658E1,6.395238032E-1,1.736965193E-1,-3.612500373E-1,-6.560008620E-1,1.004873603E2,4.572808357E1,-1.354245835E1,-9.718983658E1
3.588902658E1,6.390139369E-1,1.744951599E-1,-3.613426340E-1,-6.562349193E-1,1.005633390E2,4.580383511E1,-1.346116998E1,-9.723179744E1
3.589899558E1,6.383982242E-1,1.753254845E-1,-3.614276968E-1,-6.565658880E-1,1.006550349E2,4.588266357E1,-1.337033023E1,-9.728793925E1
3.590896558E1,6.377864001E-1,1.762783720E-1,-3.614786208E-1,-6.568771207E-1,1.007460914E2,4.596707237E1,-1.326798009E1,-9.733773487E1
3.591893558E1,6.371677548E-1,1.773361842E-1,-3.614957640E-1,-6.571833735E-1,1.008381023E2,4.605595517E1,-1.315476184E1,-9.738353414E1
3.592890458E1,6.365788791E-1,1.784774049E-1,-3.614855118E-1,-6.574506688E-1,1.009256288E2,4.614782837E1,-1.303509905E1,-9.742072830E1
3.593887458E1,6.360296207E-1,1.796910972E-1,-3.614631002E-1,-6.576639326E-1,1.010072172E2,4.624327650E1,-1.291173578E1,-9.744835900E1
3.594884458E1,6.353956004E-1,1.808827256E-1,-3.614771667E-1,-6.579423178E-1,1.011013368E2,4.634180974E1,-1.278782053E1,-9.748927407E1
3.595881358E1,6.347850335E-1,1.820433760E-1,-3.615249928E-1,-6.581851956E-1,1.011919148E2,4.644099667E1,-1.267055283E1,-9.752775840E1
3.596878358E1,6.342324777E-1,1.831511111E-1,-3.616390106E-1,-6.583480615E-1,1.012738360E2,4.654196736E1,-1.256646793E1,-9.755983619E1
3.597875358E1,6.335990910E-1,1.841396549E-1,-3.618859595E-1,-6.585463242E-1,1.013676821E2,4.664823360E1,-1.247726747E1,-9.760927676E1
3.598872258E1,6.330002540E-1,1.851382296E-1,-3.622230606E-1,-6.586569321E-1,1.014563513E2,4.676365522E1,-1.239730702E1,-9.765306237E1
3.599869258E1,6.323788554E-1,1.862252864E-1,-3.626183927E-1,-6.587300002E-1,1.015483019E2,4.689167496E1,-1.231464071E1,-9.769593346E1
3.600866258E1,6.317484373E-1,1.874709049E-1,-3.630202102E-1,-6.587602472E-1,1.016415256E2,4.703221162E1,-1.222071379E1,-9.773238796E1
3.601863158E1,6.311760607E-1,1.889410924E-1,-3.633762036E-1,-6.586924131E-1,1.017261129E2,4.718416657E1,-1.211066677E1,-9.774918503E1
3.602860158E1,6.305681636E-1,1.905640779E-1,-3.636652941E-1,-6.586476242E-1,1.018158939E2,4.734135315E1,-1.198188124E1,-9.776331822E1
3.603857158E1,6.301089855E-1,1.923682844E-1,-3.638330122E-1,-6.584698791E-1,1.018836725E2,4.749823344E1,-1.183953624E1,-9.774598120E1
3.604854058E1,6.297635829E-1,1.942800075E-1,-3.639675186E-1,-6.581647030E-1,1.019346355E2,4.765860143E1,-1.169433585E1,-9.770597774E1
3.605851058E1,6.293583225E-1,1.961764945E-1,-3.641645077E-1,-6.578806938E-1,1.019944068E2,4.782490943E1,-1.155207410E1,-9.767483573E1
3.606848058E1,6.289817878E-1,1.981039595E-1,-3.644119887E-1,-6.575262335E-1,1.020499189E2,4.799836998E1,-1.141417815E1,-9.763733066E1
3.607844958E1,6.285569173E-1,2.000187066E-1,-3.647078860E-1,-6.571886676E-1,1.021125308E2,4.817640516E1,-1.127856517E1,-9.760679737E1
3.608841958E1,6.281598663E-1,2.019561393E-1,-3.650179340E-1,-6.568035573E-1,1.021710182E2,4.835740083E1,-1.114474301E1,-9.757028994E1
3.609838958E1,6.277392631E-1,2.039142977E-1,-3.653179194E-1,-6.564337385E-1,1.022329486E2,4.853941534E1,-1.100743376E1,-9.753532753E1
3.610835858E1,6.272326290E-1,2.058890303E-1,-3.655830811E-1,-6.561539967E-1,1.023075105E2,4.872038047E1,-1.086067637E1,-9.751117193E1
3.611832858E1,6.267402419E-1,2.079792822E-1,-3.657947215E-1,-6.558472796E-1,1.023799382E2,4.890480802E1,-1.070260273E1,-9.747807716E1
3.612829858E1,6.261556216E-1,2.101766450E-1,-3.660059667E-1,-6.555872770E-1,1.024658853E2,4.909851573E1,-1.053144452E1,-9.745195712E1
3.613826758E1,6.255660215E-1,2.125235449E-1,-3.661885943E-1,-6.552913719E-1,1.025525120E2,4.930102417E1,-1.034766124E1,-9.741767178E1
3.614823758E1,6.250361421E-1,2.150175161E-1,-3.663488630E-1,-6.548938520E-1,1.026303195E2,4.951219965E1,-1.015637142E1,-9.736580925E1
3.615820758E1,6.243523187E-1,2.175411641E-1,-3.665525376E-1,-6.545986041E-1,1.027306697E2,4.973181966E1,-9.957147174E0,-9.733340099E1
3.616817658E1,6.236683754E-1,2.202099394E-1,-3.666908267E-1,-6.542805482E-1,1.028309673E2,4.995640140E1,-9.742982003E0,-9.729170610E1
3.617814658E1,6.229241635E-1,2.229963729E-1,-3.666697322E-1,-6.540576585E-1,1.029400235E2,5.017522870E1,-9.503618920E0,-9.725054548E1
3.618811658E1,6.220722730E-1,2.258506154E-1,-3.664450315E-1,-6.540150244E-1,1.030647575E2,5.038057277E1,-9.235408125E0,-9.721911255E1
3.619808558E1,6.212515368E-1,2.287821500E-1,-3.660009197E-1,-6.540248551E-1,1.031848279E2,5.057038799E1,-8.945728625E0,-9.717671444E1
3.620805558E1,6.204321033E-1,2.317126415E-1,-3.653914973E-1,-6.541117764E-1,1.033046084E2,5.074434135E1,-8.642532936E0,-9.713202528E1
3.621802558E1,6.197157017E-1,2.346246884E-1,-3.646259051E-1,-6.541800438E-1,1.034092470E2,5.090121675E1,-8.334686053E0,-9.707147430E1
3.622799558E1,6.191944137E-1,2.375406023E-1,-3.637233040E-1,-6.541240043E-1,1.034853397E2,5.104408995E1,-8.028684829E0,-9.698081359E1
3.623796458E1,6.187641734E-1,2.403940757E-1,-3.627728030E-1,-6.540165351E-1,1.035481121E2,5.117753518E1,-7.729605756E0,-9.687892779E1
3.624793458E1,6.184374971E-1,2.432139106E-1,-3.617765358E-1,-6.538346675E-1,1.035957564E2,5.130400393E1,-7.436596391E0,-9.676252839E1
3.625790458E1,6.182297329E-1,2.459885008E-1,-3.607257095E-1,-6.535737587E-1,1.036260497E2,5.142171579E1,-7.150696249E0,-9.663023995E1
3.626787358E1,6.180264653E-1,2.486893762E-1,-3.596788871E-1,-6.533208289E-1,1.036556814E2,5.153497441E1,-6.870994217E0,-9.650022111E1
3.627784358E1,6.177585285E-1,2.513346231E-1,-3.587142037E-1,-6.530922758E-1,1.036947310E2,5.165321657E1,-6.598325312E0,-9.638144009E1
3.628781358E1,6.175313531E-1,2.540263368E-1,-3.578347201E-1,-6.527480242E-1,1.037278319E2,5.178415219E1,-6.333643669E0,-9.625283862E1
3.629778258E1,6.173142415E-1,2.567136779E-1,-3.570270021E-1,-6.523441442E-1,1.037594593E2,5.192261152E1,-6.076969295E0,-9.612175417E1
3.630775258E1,6.172596692E-1,2.594065981E-1,-3.562496562E-1,-6.517552184E-1,1.037674080E2,5.206452177E1,-5.834646696E0,-9.596585787E1
3.631772258E1,6.172130574E-1,2.619816862E-1,-3.556211624E-1,-6.511123920E-1,1.037741969E2,5.221229391E1,-5.614168591E0,-9.581481147E1
3.632769158E1,6.172515322E-1,2.644965202E-1,-3.551334233E-1,-6.503247991E-1,1.037685932E2,5.236926676E1,-5.416557320E0,-9.565418949E1
3.633766158E1,6.172951476E-1,2.669476465E-1,-3.547874477E-1,-6.494702783E-1,1.037622405E2,5.253560497E1,-5.236559267E0,-9.549571173E1
3.634763158E1,6.173348276E-1,2.693276659E-1,-3.545481932E-1,-6.485799907E-1,1.037564608E2,5.270724821E1,-5.070924160E0,-9.534111980E1
3.635760058E1,6.174732563E-1,2.716362964E-1,-3.543807490E-1,-6.475760343E-1,1.037362957E2,5.288023750E1,-4.923809944E0,-9.517590651E1
3.636757058E1,6.176186273E-1,2.737650705E-1,-3.543543862E-1,-6.465545146E-1,1.037151164E2,5.305266197E1,-4.801484085E0,-9.502018229E1
3.637754058E1,6.176786115E-1,2.756911183E-1,-3.545094234E-1,-6.455932622E-1,1.037063763E2,5.322673733E1,-4.702219736E0,-9.488879185E1
3.638750958E1,6.177864614E-1,2.775662500E-1,-3.547868576E-1,-6.445333150E-1,1.036906605E2,5.340861397E1,-4.620964743E0,-9.475315955E1
3.639747958E1,6.178246135E-1,2.793751585E-1,-3.552292230E-1,-6.434706573E-1,1.036851007E2,5.360156849E1,-4.554037240E0,-9.463107214E1
3.640744958E1,6.178816895E-1,2.811672082E-1,-3.557942358E-1,-6.423221465E-1,1.036767826E2,5.380521712E1,-4.501065659E0,-9.450677014E1
3.641741858E1,6.178949816E-1,2.829053153E-1,-3.565281678E-1,-6.411380993E-1,1.036748454E2,5.402114814E1,-4.463912675E0,-9.439161266E1
3.642738858E1,6.178059358E-1,2.845988995E-1,-3.574684667E-1,-6.399496740E-1,1.036878226E2,5.425395861E1,-4.441106365E0,-9.429337138E1
3.643735858E1,6.176511884E-1,2.863169973E-1,-3.585554102E-1,-6.387233535E-1,1.037103721E2,5.450353472E1,-4.425895216E0,-9.420225972E1
3.644732758E1,6.174487828E-1,2.880807823E-1,-3.596639329E-1,-6.375017014E-1,1.037398610E2,5.475957149E1,-4.407189454E0,-9.411423549E1
3.645729758E1,6.173621117E-1,2.899171416E-1,-3.605962422E-1,-6.362251748E-1,1.037524865E2,5.500464543E1,-4.377745167E0,-9.400410628E1
3.646726758E1,6.174685417E-1,2.917992723E-1,-3.612814025E-1,-6.348713667E-1,1.037369826E2,5.522940707E1,-4.338558937E0,-9.386264606E1
3.647723658E1,6.175528078E-1,2.935997989E-1,-3.618261373E-1,-6.336477027E-1,1.037247061E2,5.543421350E1,-4.290639716E0,-9.372900136E1
3.648720658E1,6.177681670E-1,2.954547001E-1,-3.621705008E-1,-6.323777451E-1,1.036933265E2,5.562425726E1,-4.232095807E0,-9.357230282E1
3.649717658E1,6.179508275E-1,2.973374789E-1,-3.624225021E-1,-6.311712534E-1,1.036667061E2,5.580835979E1,-4.162005436E0,-9.341752188E1
3.650714558E1,6.180966450E-1,2.993241575E-1,-3.625970295E-1,-6.299882019E-1,1.036454515E2,5.599451929E1,-4.077091860E0,-9.326001993E1
3.651711558E1,6.183684036E-1,3.015385292E-1,-3.625953252E-1,-6.286648794E-1,1.036058314E2,5.618339820E1,-3.973875499E0,-9.306784872E1
3.652708558E1,6.187169660E-1,3.038639052E-1,-3.624715320E-1,-6.272720867E-1,1.035549981E2,5.637060556E1,-3.860294147E0,-9.285593420E1
3.653705558E1,6.192546458E-1,3.061908828E-1,-3.622544679E-1,-6.257335035E-1,1.034765497E2,5.654923208E1,-3.753709690E0,-9.261585077E1
3.654702458E1,6.198740288E-1,3.083213770E-1,-3.620949289E-1,-6.241646363E-1,1.033861280E2,5.671691121E1,-3.670579445E0,-9.237694022E1
3.655699458E1,6.204794113E-1,3.101871416E-1,-3.620596019E-1,-6.226572270E-1,1.032976958E2,5.687415018E1,-3.613204577E0,-9.215787975E1
3.656696458E1,6.211539859E-1,3.119208469E-1,-3.620690902E-1,-6.211111398E-1,1.031990926E2,5.702446319E1,-3.573349501E0,-9.193764766E1
3.657693358E1,6.217314099E-1,3.135258911E-1,-3.621422071E-1,-6.196810008E-1,1.031146365E2,5.717033826E1,-3.539594714E0,-9.173982227E1
3.658690358E1,6.223490059E-1,3.150911776E-1,-3.622169809E-1,-6.182216480E-1,1.030242501E2,5.731315573E1,-3.512045616E0,-9.153850329E1
3.659687358E1,6.228990924E-1,3.165312907E-1,-3.623908393E-1,-6.168287088E-1,1.029436960E2,5.745494875E1,-3.495759980E0,-9.135537567E1
3.660684258E1,6.232488006E-1,3.177480307E-1,-3.627238389E-1,-6.156528381E-1,1.028924616E2,5.759302000E1,-3.490867353E0,-9.121667572E1
3.661681258E1,6.235265967E-1,3.188452211E-1,-3.630983742E-1,-6.145827655E-1,1.028517498E2,5.772487231E1,-3.490866794E0,-9.109672667E1
3.662678258E1,6.237291449E-1,3.198213711E-1,-3.634617775E-1,-6.136545328E-1,1.028220585E2,5.784530926E1,-3.490540041E0,-9.099613435E1
3.663675158E1,6.239289727E-1,3.207069449E-1,-3.637565262E-1,-6.128139044E-1,1.027927600E2,5.795130768E1,-3.488552895E0,-9.090236367E1
3.664672158E1,6.242803259E-1,3.215671318E-1,-3.639272091E-1,-6.119032625E-1,1.027412305E2,5.804291492E1,-3.488559672E0,-9.078857156E1
3.665669158E1,6.245584833E-1,3.222252166E-1,-3.641358321E-1,-6.111486771E-1,1.027004227E2,5.812044880E1,-3.496824288E0,-9.070005537E1
3.666666058E1,6.247800486E-1,3.226435491E-1,-3.644128804E-1,-6.105361576E-1,1.026679091E2,5.818333546E1,-3.519296120E0,-9.063732954E1
3.667663058E1,6.250197318E-1,3.229121115E-1,-3.647124576E-1,-6.099694992E-1,1.026327285E2,5.823496246E1,-3.553004281E0,-9.058302287E1
3.668660058E1,6.252099274E-1,3.231013877E-1,-3.650256982E-1,-6.094869731E-1,1.026048056E2,5.828098042E1,-3.588098457E0,-9.054172788E1
3.669656958E1,6.252589270E-1,3.232559178E-1,-3.653392089E-1,-6.091668006E-1,1.025976109E2,5.832436226E1,-3.613728763E0,-9.052323314E1
3.670653958E1,6.253817212E-1,3.235899197E-1,-3.654653241E-1,-6.087875850E-1,1.025795795E2,5.836574296E1,-3.618663637E0,-9.048078507E1
3.671650958E1,6.254882447E-1,3.240446250E-1,-3.654022474E-1,-6.084740361E-1,1.025639354E2,5.840001558E1,-3.598485520E0,-9.043165699E1
3.672647858E1,6.256832226E-1,3.246764352E-1,-3.650520202E-1,-6.081469700E-1,1.025352965E2,5.842265905E1,-3.549558848E0,-9.035657503E1
3.673644858E1,6.259530073E-1,3.254240505E-1,-3.644420566E-1,-6.078356286E-1,1.024956602E2,5.843095227E1,-3.476465038E0,-9.026199974E1
3.674641858E1,6.262832304E-1,3.261600398E-1,-3.636417933E-1,-6.075800896E-1,1.024471295E2,5.842021043E1,-3.390957061E0,-9.015943777E1
3.675638758E1,6.266864039E-1,3.267727970E-1,-3.627027352E-1,-6.073965013E-1,1.023878553E2,5.838532466E1,-3.304385329E0,-9.005552987E1
3.676635758E1,6.270836182E-1,3.271674799E-1,-3.617352766E-1,-6.073510446E-1,1.023294331E2,5.832840484E1,-3.225479710E0,-8.996874741E1
3.677632758E1,6.274276056E-1,3.273528246E-1,-3.608230674E-1,-6.074384723E-1,1.022788202E2,5.825817966E1,-3.157868727E0,-8.990529331E1
3.678629658E1,6.277810939E-1,3.274467739E-1,-3.599663023E-1,-6.075308134E-1,1.022267905E2,5.818504738E1,-3.100760584E0,-8.984730393E1
3.679626658E1,6.280188969E-1,3.274390689E-1,-3.592293989E-1,-6.077253527E-1,1.021917778E2,5.811443780E1,-3.050702841E0,-8.981362341E1
3.680623658E1,6.283650451E-1,3.274884637E-1,-3.584766996E-1,-6.077855002E-1,1.021407975E2,5.804728582E1,-3.004992695E0,-8.976003072E1
3.681620558E1,6.286625346E-1,3.274867607E-1,-3.577933899E-1,-6.078814093E-1,1.020969689E2,5.798224149E1,-2.964452266E0,-8.971725747E1
3.682617558E1,6.289829626E-1,3.274077815E-1,-3.571610146E-1,-6.079643266E-1,1.020497457E2,5.791500174E1,-2.934361455E0,-8.967695513E1
3.683614558E1,6.294564344E-1,3.272841358E-1,-3.565041850E-1,-6.079264847E-1,1.019799387E2,5.784110629E1,-2.916372031E0,-8.961789466E1
3.684611458E1,6.298679648E-1,3.269759765E-1,-3.559609779E-1,-6.079843016E-1,1.019192362E2,5.776138941E1,-2.913273715E0,-8.958155487E1
3.685608458E1,6.303287563E-1,3.265669163E-1,-3.554986520E-1,-6.079970721E-1,1.018512365E2,5.768003376E1,-2.926714218E0,-8.954558918E1
3.686605458E1,6.307969090E-1,3.260915196E-1,-3.551447252E-1,-6.079735687E-1,1.017821169E2,5.760282762E1,-2.954238196E0,-8.951343763E1
3.687602358E1,6.311627331E-1,3.255321690E-1,-3.549295431E-1,-6.080193507E-1,1.017280819E2,5.753129425E1,-2.990873419E0,-8.950227625E1
3.688599358E1,6.315503326E-1,3.249851069E-1,-3.547931520E-1,-6.079890721E-1,1.016708078E2,5.746818718E1,-3.036073205E0,-8.948692183E1
3.689596358E1,6.317395628E-1,3.243223424E-1,-3.548978922E-1,-6.080851762E-1,1.016428375E2,5.741773377E1,-3.094035282E0,-8.950883705E1
3.690593358E1,6.319409786E-1,3.237471946E-1,-3.551173205E-1,-6.080542865E-1,1.016130599E2,5.738589784E1,-3.159436898E0,-8.952237585E1
3.691590258E1,6.321811300E-1,3.233447818E-1,-3.553910590E-1,-6.078588950E-1,1.015775474E2,5.737459979E1,-3.224419675E0,-8.951740044E1
3.692587258E1,6.324045413E-1,3.230787588E-1,-3.556996504E-1,-6.075872678E-1,1.015445023E2,5.737887750E1,-3.284564298E0,-8.950466358E1
3.693584258E1,6.327680420E-1,3.229821780E-1,-3.559567264E-1,-6.071093805E-1,1.014907196E2,5.739315711E1,-3.342529595E0,-8.945900051E1
3.694581158E1,6.331189527E-1,3.229125962E-1,-3.562653651E-1,-6.065993233E-1,1.014387802E2,5.741470399E1,-3.403054177E0,-8.941313409E1
3.695578158E1,6.334536040E-1,3.228435030E-1,-3.566573453E-1,-6.060562980E-1,1.013892294E2,5.744412164E1,-3.470182306E0,-8.936957461E1
3.696575158E1,6.337293524E-1,3.227621833E-1,-3.571947361E-1,-6.054944568E-1,1.013483870E2,5.748620324E1,-3.547049266E0,-8.933541208E1
3.697572058E1,6.338008400E-1,3.226285659E-1,-3.579370382E-1,-6.050524141E-1,1.013377967E2,5.754342410E1,-3.629662952E0,-8.933486178E1
3.698569058E1,6.338715993E-1,3.225598033E-1,-3.587163967E-1,-6.045531056E-1,1.013273135E2,5.760998728E1,-3.712568455E0,-8.932958203E1
3.699566058E1,6.337914031E-1,3.223864955E-1,-3.595630847E-1,-6.042265005E-1,1.013391948E2,5.767404126E1,-3.795013230E0,-8.935402386E1
3.700562958E1,6.336368861E-1,3.221167280E-1,-3.604291037E-1,-6.040164472E-1,1.013620840E2,5.773161297E1,-3.878146106E0,-8.939642889E1
3.701559958E1,6.335071041E-1,3.218582177E-1,-3.612785971E-1,-6.037829233E-1,1.013813062E2,5.778867628E1,-3.961154334E0,-8.943439579E1
3.702556958E1,6.332811681E-1,3.215518536E-1,-3.621785574E-1,-6.036439520E-1,1.014147636E2,5.784665838E1,-4.043628325E0,-8.948985984E1
3.703553858E1,6.331307354E-1,3.212881381E-1,-3.629914463E-1,-6.034538381E-1,1.014370358E2,5.790012315E1,-4.121800886E0,-8.953117119E1
3.704550858E1,6.329532142E-1,3.210203620E-1,-3.637362404E-1,-6.033341397E-1,1.014633141E2,5.794701796E1,-4.191541095E0,-8.957672437E1
3.705547858E1,6.327681382E-1,3.207767216E-1,-3.643910655E-1,-6.032626257E-1,1.014907054E2,5.798770367E1,-4.250942655E0,-8.962156534E1
3.706544758E1,6.327041685E-1,3.205938623E-1,-3.649118161E-1,-6.031123209E-1,1.015001717E2,5.802078034E1,-4.304338680E0,-8.964434579E1
3.707541758E1,6.326214171E-1,3.203414395E-1,-3.653900617E-1,-6.030436808E-1,1.015124163E2,5.804375108E1,-4.355659344E0,-8.967494620E1
3.708538758E1,6.326493842E-1,3.201415502E-1,-3.657745542E-1,-6.028872501E-1,1.015082782E2,5.806215676E1,-4.404398804E0,-8.968555426E1
3.709535658E1,6.327335949E-1,3.200119592E-1,-3.660619009E-1,-6.026933733E-1,1.014958172E2,5.807744820E1,-4.444946145E0,-8.968284254E1
3.710532658E1,6.329407848E-1,3.199942917E-1,-3.662042808E-1,-6.023986865E-1,1.014651538E2,5.808852325E1,-4.476084293E0,-8.965399371E1
3.711529658E1,6.331443133E-1,3.199775831E-1,-3.662751060E-1,-6.021503981E-1,1.014350257E2,5.809292292E1,-4.500094660E0,-8.962556733E1
3.712526558E1,6.334854077E-1,3.200729141E-1,-3.662319107E-1,-6.017671568E-1,1.013845194E2,5.809598191E1,-4.518811827E0,-8.956888285E1
3.713523558E1,6.337696408E-1,3.202185209E-1,-3.661712298E-1,-6.014272056E-1,1.013424187E2,5.810209524E1,-4.528798052E0,-8.951674860E1
3.714520558E1,6.341347629E-1,3.205042212E-1,-3.660074182E-1,-6.009896752E-1,1.012883181E2,5.811064986E1,-4.528593550E0,-8.944248384E1
3.715517458E1,6.344910473E-1,3.208430292E-1,-3.657905410E-1,-6.005647757E-1,1.012355068E2,5.811900282E1,-4.520030034E0,-8.936555659E1
3.716514458E1,6.348508102E-1,3.212017410E-1,-3.655346254E-1,-6.001485360E-1,1.011821596E2,5.812547992E1,-4.507086516E0,-8.928660051E1
3.717511458E1,6.353835530E-1,3.216421440E-1,-3.651813399E-1,-5.995636155E-1,1.011031246E2,5.812945291E1,-4.494912818E0,-8.917626807E1
3.718508358E1,6.358866217E-1,3.220234913E-1,-3.648581131E-1,-5.990222774E-1,1.010284508E2,5.813116814E1,-4.486160642E0,-8.907456307E1
3.719505358E1,6.363079387E-1,3.222988103E-1,-3.645987256E-1,-5.985845231E-1,1.009658810E2,5.812976438E1,-4.482118779E0,-8.899254806E1
3.720502358E1,6.367973716E-1,3.225619489E-1,-3.643479782E-1,-5.980747754E-1,1.008931600E2,5.812784841E1,-4.485071196E0,-8.890140413E1
3.721499358E1,6.371757318E-1,3.227165369E-1,-3.642053599E-1,-5.976750890E-1,1.008369163E2,5.812681668E1,-4.494670428E0,-8.883449805E1
3.722496258E1,6.375864278E-1,3.228363499E-1,-3.640888765E-1,-5.972431509E-1,1.007758399E2,5.812499595E1,-4.511124488E0,-8.876537694E1
3.723493258E1,6.379841992E-1,3.228633726E-1,-3.640445314E-1,-5.968307967E-1,1.007166600E2,5.812166882E1,-4.537968441E0,-8.870500476E1
3.724490258E1,6.383228860E-1,3.227912356E-1,-3.641002733E-1,-5.964736496E-1,1.006662506E2,5.811905257E1,-4.574433941E0,-8.866060010E1
3.725487158E1,6.385478461E-1,3.226418382E-1,-3.642663187E-1,-5.962121903E-1,1.006327578E2,5.812029333E1,-4.615981490E0,-8.863856947E1
3.726484158E1,6.386508241E-1,3.224571626E-1,-3.645112222E-1,-5.960520612E-1,1.006174235E2,5.812626496E1,-4.656870907E0,-8.863706041E1
3.727481158E1,6.386768471E-1,3.222882051E-1,-3.647924589E-1,-5.959435990E-1,1.006135481E2,5.813738848E1,-4.694210910E0,-8.864570799E1
3.728478058E1,6.386838514E-1,3.221740293E-1,-3.650650647E-1,-5.958307218E-1,1.006125050E2,5.815270321E1,-4.726528595E0,-8.865305623E1
3.729475058E1,6.385498442E-1,3.220114188E-1,-3.653819748E-1,-5.958681284E-1,1.006324603E2,5.816844865E1,-4.753927697E0,-8.868475533E1
3.730472058E1,6.384115459E-1,3.219037007E-1,-3.656598819E-1,-5.959040099E-1,1.006530516E2,5.818548775E1,-4.774570821E0,-8.871300204E1
3.731468958E1,6.381761966E-1,3.218609138E-1,-3.659239398E-1,-5.960171334E-1,1.006880858E2,5.820747323E1,-4.782797822E0,-8.875071492E1
3.732465958E1,6.378805970E-1,3.219326648E-1,-3.661337718E-1,-5.961658090E-1,1.007320762E2,5.823488471E1,-4.775329413E0,-8.878878270E1
3.733462958E1,6.376787110E-1,3.221829670E-1,-3.662154603E-1,-5.961964945E-1,1.007621124E2,5.826585103E1,-4.754523967E0,-8.879990820E1
3.734459858E1,6.374320505E-1,3.224483684E-1,-3.662643901E-1,-5.962867059E-1,1.007988012E2,5.829527462E1,-4.726184648E0,-8.881645127E1
3.735456858E1,6.372866399E-1,3.227464322E-1,-3.662336216E-1,-5.962997754E-1,1.008204253E2,5.831970690E1,-4.696885799E0,-8.881570173E1
3.736453858E1,6.371958661E-1,3.230152685E-1,-3.661556684E-1,-5.962991748E-1,1.008339226E2,5.833686100E1,-4.668943459E0,-8.880910134E1
3.737450758E1,6.370196910E-1,3.231625415E-1,-3.661135518E-1,-5.964332874E-1,1.008601147E2,5.834683045E1,-4.643362931E0,-8.882399234E1
3.738447758E1,6.369131424E-1,3.232795069E-1,-3.660394076E-1,-5.965292992E-1,1.008759529E2,5.835078697E1,-4.621860279E0,-8.883095679E1
3.739444758E1,6.366629996E-1,3.232406435E-1,-3.660576190E-1,-5.968061632E-1,1.009131291E2,5.835003111E1,-4.605043548E0,-8.887050790E1
3.740441658E1,6.365346690E-1,3.232023189E-1,-3.660133359E-1,-5.969908862E-1,1.009321977E2,5.834294443E1,-4.592168455E0,-8.889215685E1
3.741438658E1,6.364519058E-1,3.230911012E-1,-3.659510771E-1,-5.971774150E-1,1.009444941E2,5.832744271E1,-4.584835495E0,-8.891253990E1
3.742435658E1,6.362823450E-1,3.228092903E-1,-3.659821564E-1,-5.974914551E-1,1.009696828E2,5.830578721E1,-4.587668144E0,-8.895828865E1
3.743432558E1,6.361921863E-1,3.224468340E-1,-3.660395117E-1,-5.977479253E-1,1.009830742E2,5.827907137E1,-4.603459100E0,-8.899833955E1
3.744429558E1,6.360467020E-1,3.219382835E-1,-3.662011936E-1,-5.980777600E-1,1.010046806E2,5.824935708E1,-4.631899396E0,-8.905726470E1
3.745426521E1,6.358885433E-1,3.213460439E-1,-3.664266713E-1,-5.984262538E-1,1.010281655E2,5.821827956E1,-4.669572688E0,-8.912415615E1
3.746423421E1,6.357911881E-1,3.207379255E-1,-3.666391573E-1,-5.987257454E-1,1.010426197E2,5.818438172E1,-4.711801185E0,-8.918324430E1
3.747420421E1,6.355849464E-1,3.199847165E-1,-3.669316591E-1,-5.991684308E-1,1.010732353E2,5.814562504E1,-4.760049273E0,-8.926884538E1
3.748417421E1,6.354158019E-1,3.191864209E-1,-3.672240238E-1,-5.995942497E-1,1.010983389E2,5.810280246E1,-4.813648111E0,-8.935217815E1
3.749414321E1,6.351790183E-1,3.183242413E-1,-3.675115733E-1,-6.001270728E-1,1.011334736E2,5.805426845E1,-4.864598396E0,-8.944994858E1
3.750411321E1,6.349498105E-1,3.174554657E-1,-3.676888456E-1,-6.007209350E-1,1.011674758E2,5.799483445E1,-4.906136731E0,-8.954692808E1
3.751408321E1,6.348969412E-1,3.166095600E-1,-3.676593191E-1,-6.012411285E-1,1.011753176E2,5.791721753E1,-4.941247578E0,-8.961632469E1
3.752405221E1,6.348177025E-1,3.156103241E-1,-3.675732737E-1,-6.019024152E-1,1.011870698E2,5.782088613E1,-4.976710828E0,-8.970054538E1
3.753402221E1,6.346662610E-1,3.144176025E-1,-3.675333264E-1,-6.027101675E-1,1.012095279E2,5.771227572E1,-5.020756767E0,-8.980907856E1
3.754399221E1,6.345315386E-1,3.131237996E-1,-3.675337268E-1,-6.035247186E-1,1.012295036E2,5.759870119E1,-5.075453998E0,-8.992213063E1
3.755396221E1,6.343164869E-1,3.117141034E-1,-3.676375872E-1,-6.044166486E-1,1.012613840E2,5.748535328E1,-5.139835189E0,-9.005486712E1
3.756393121E1,6.340513069E-1,3.102117659E-1,-3.678611472E-1,-6.053312273E-1,1.013006857E2,5.737578433E1,-5.216763150E0,-9.020110718E1
3.757390121E1,6.338074149E-1,3.086531095E-1,-3.682073230E-1,-6.061723401E-1,1.013368226E2,5.727321508E1,-5.310387544E0,-9.034773742E1
3.758387121E1,6.334160722E-1,3.070113001E-1,-3.687601000E-1,-6.070784644E-1,1.013947875E2,5.718419624E1,-5.416628933E0,-9.052123651E1
3.759384021E1,6.330432451E-1,3.054781506E-1,-3.693240828E-1,-6.078972052E-1,1.014499875E2,5.710614865E1,-5.520253178E0,-9.068377991E1
3.760381021E1,6.327262850E-1,3.040944932E-1,-3.697589724E-1,-6.086562014E-1,1.014968989E2,5.702895900E1,-5.608724530E0,-9.082722252E1
3.761378021E1,6.323761488E-1,3.026689419E-1,-3.701010125E-1,-6.095221308E-1,1.015487023E2,5.693980334E1,-5.688456341E0,-9.097797323E1
3.762374921E1,6.321010859E-1,3.011295230E-1,-3.703372509E-1,-6.104256875E-1,1.015893850E2,5.683066758E1,-5.770656475E0,-9.112524213E1
3.763371921E1,6.317177623E-1,2.993506863E-1,-3.706175564E-1,-6.115263504E-1,1.016460601E2,5.670609458E1,-5.861822546E0,-9.130432070E1
3.764368921E1,6.313457413E-1,2.974997838E-1,-3.709118494E-1,-6.126342554E-1,1.017010424E2,5.657714552E1,-5.959768731E0,-9.148600832E1
3.765365821E1,6.308964869E-1,2.955908186E-1,-3.713129688E-1,-6.137770784E-1,1.017674106E2,5.645449039E1,-6.065559584E0,-9.168219312E1
3.766362821E1,6.303693055E-1,2.936600820E-1,-3.718771782E-1,-6.149030822E-1,1.018452510E2,5.634676232E1,-6.182455820E0,-9.189045800E1
3.767359821E1,6.299151324E-1,2.917921601E-1,-3.725248224E-1,-6.158647876E-1,1.019122771E2,5.625271705E1,-6.310070556E0,-9.208307883E1
3.768356721E1,6.295108862E-1,2.899625390E-1,-3.731920334E-1,-6.167377911E-1,1.019719084E2,5.616421722E1,-6.441873812E0,-9.226521416E1
3.769353721E1,6.291715006E-1,2.881091577E-1,-3.738477277E-1,-6.175550376E-1,1.020219525E2,5.607287454E1,-6.579524596E0,-9.243884135E1
3.770350721E1,6.288645600E-1,2.862044916E-1,-3.745228860E-1,-6.183437168E-1,1.020671972E2,5.597956207E1,-6.724928646E0,-9.261049982E1
3.771347621E1,6.284279114E-1,2.841937761E-1,-3.752949056E-1,-6.192463409E-1,1.021315366E2,5.588825417E1,-6.875924537E0,-9.280728967E1
3.772344621E1,6.280392074E-1,2.822264665E-1,-3.760641067E-1,-6.200732878E-1,1.021887870E2,5.580080326E1,-7.028545118E0,-9.299349737E1
3.773341621E1,6.276409243E-1,2.803053289E-1,-3.768114124E-1,-6.208936294E-1,1.022474242E2,5.571588914E1,-7.176421207E0,-9.317728552E1
3.774338521E1,6.272199983E-1,2.784301313E-1,-3.774621598E-1,-6.217669597E-1,1.023093689E2,5.562625530E1,-7.311651691E0,-9.336062402E1
3.775335521E1,6.269184620E-1,2.766334059E-1,-3.779510685E-1,-6.225754383E-1,1.023537272E2,5.552715755E1,-7.437156838E0,-9.352080641E1
3.776332521E1,6.265378081E-1,2.748069511E-1,-3.784609400E-1,-6.234571339E-1,1.024097046E2,5.542876844E1,-7.560873229E0,-9.369372878E1
3.777329421E1,6.261652514E-1,2.730661862E-1,-3.790473449E-1,-6.242396109E-1,1.024644700E2,5.534546899E1,-7.687795386E0,-9.385943679E1
3.778326421E1,6.257449007E-1,2.714590268E-1,-3.797655009E-1,-6.249251495E-1,1.025262358E2,5.528696723E1,-7.815842079E0,-9.402308009E1
3.779323421E1,6.253199600E-1,2.701085258E-1,-3.804989719E-1,-6.254893435E-1,1.025886490E2,5.525154536E1,-7.930233598E0,-9.417070600E1
3.780320421E1,6.251776226E-1,2.692222672E-1,-3.808945570E-1,-6.257728728E-1,1.026095487E2,5.521909800E1,-8.007893362E0,-9.424761254E1
3.781317321E1,6.252344010E-1,2.685585649E-1,-3.809692570E-1,-6.259557414E-1,1.026012121E2,5.517187803E1,-8.058182295E0,-9.428131046E1
3.782314321E1,6.253597474E-1,2.677601403E-1,-3.809823594E-1,-6.261645353E-1,1.025828063E2,5.510715828E1,-8.116032596E0,-9.431343155E1
3.783311321E1,6.255060132E-1,2.666862597E-1,-3.810988322E-1,-6.264058518E-1,1.025613258E2,5.503011326E1,-8.201309494E0,-9.435975502E1
3.784308221E1,6.255660647E-1,2.653024417E-1,-3.813383212E-1,-6.267876679E-1,1.025525057E2,5.494080519E1,-8.309949316E0,-9.443774154E1
3.785305221E1,6.257758550E-1,2.637627067E-1,-3.814757041E-1,-6.271443313E-1,1.025216883E2,5.482786790E1,-8.430058319E0,-9.450325763E1
3.786302221E1,6.260960519E-1,2.619981498E-1,-3.813862632E-1,-6.276187710E-1,1.024746399E2,5.467375312E1,-8.551536553E0,-9.456595483E1
3.787299121E1,6.265565809E-1,2.599854903E-1,-3.810189745E-1,-6.282189096E-1,1.024069445E2,5.447135216E1,-8.673539171E0,-9.462251263E1
3.788296121E1,6.272425152E-1,2.578365384E-1,-3.804246302E-1,-6.287801006E-1,1.023060559E2,5.423404900E1,-8.800359371E0,-9.465350498E1
3.789293121E1,6.279537908E-1,2.555697650E-1,-3.797852519E-1,-6.293816993E-1,1.022013645E2,5.398292280E1,-8.932647751E0,-9.468670829E1
3.790290021E1,6.287776545E-1,2.533114473E-1,-3.791326554E-1,-6.298653994E-1,1.020800049E2,5.373052982E1,-9.072031609E0,-9.470177277E1
3.791287021E1,6.296467701E-1,2.509980647E-1,-3.785463348E-1,-6.302758621E-1,1.019518666E2,5.348013953E1,-9.224594771E0,-9.471229686E1
3.792284021E1,6.304850321E-1,2.485808270E-1,-3.780404778E-1,-6.306993925E-1,1.018281672E2,5.322992641E1,-9.389094157E0,-9.473215653E1
3.793280921E1,6.313773895E-1,2.461419417E-1,-3.775281565E-1,-6.310700076E-1,1.016963658E2,5.297715125E1,-9.558811145E0,-9.474389249E1
3.794277921E1,6.321877783E-1,2.435974258E-1,-3.770038760E-1,-6.315591746E-1,1.015765641E2,5.271585714E1,-9.728641903E0,-9.477219421E1
3.795274921E1,6.330241764E-1,2.410119853E-1,-3.763899914E-1,-6.320793150E-1,1.014528102E2,5.244259994E1,-9.895431250E0,-9.479733823E1
3.796271821E1,6.337442110E-1,2.383279845E-1,-3.757050682E-1,-6.327825795E-1,1.013461859E2,5.215605570E1,-1.005434743E1,-9.484341219E1
3.797268821E1,6.344134352E-1,2.356515595E-1,-3.749016386E-1,-6.335902652E-1,1.012470128E2,5.185938706E1,-1.019927023E1,-9.489465838E1
3.798265821E1,6.350185415E-1,2.330293775E-1,-3.740262644E-1,-6.344707510E-1,1.011572807E2,5.156100448E1,-1.033053732E1,-9.495058046E1
3.799262721E1,6.357098114E-1,2.305607101E-1,-3.730648105E-1,-6.352460228E-1,1.010547005E2,5.126573493E1,-1.045110511E1,-9.498361762E1
3.800259721E1,6.363677094E-1,2.281493572E-1,-3.720873039E-1,-6.360308115E-1,1.009570022E2,5.097407155E1,-1.056487024E1,-9.501696834E1
3.801256721E1,6.370500053E-1,2.257830277E-1,-3.710742570E-1,-6.367835314E-1,1.008556082E2,5.068250355E1,-1.067488545E1,-9.504280268E1
3.802253621E1,6.378604796E-1,2.235147370E-1,-3.700061610E-1,-6.373934903E-1,1.007350695E2,5.039208887E1,-1.078306311E1,-9.504293248E1
3.803250621E1,6.386426499E-1,2.212586320E-1,-3.689662139E-1,-6.380001429E-1,1.006186407E2,5.010593549E1,-1.089145794E1,-9.504537521E1
3.804247621E1,6.395119357E-1,2.190769478E-1,-3.679605005E-1,-6.384627818E-1,1.004891292E2,4.982815360E1,-1.100445431E1,-9.502965796E1
3.805244521E1,6.404144879E-1,2.169754006E-1,-3.670667977E-1,-6.387902432E-1,1.003545325E2,4.956732895E1,-1.112477430E1,-9.500375056E1
3.806241521E1,6.412716221E-1,2.149917960E-1,-3.663171791E-1,-6.390312030E-1,1.002265867E2,4.933034572E1,-1.124733434E1,-9.497750899E1
3.807238521E1,6.420359249E-1,2.131472761E-1,-3.656683336E-1,-6.392532207E-1,1.001123973E2,4.911513961E1,-1.136358327E1,-9.495710791E1
3.808235521E1,6.427684698E-1,2.114532309E-1,-3.650215007E-1,-6.394495082E-1,1.000028631E2,4.891222682E1,-1.146803997E1,-9.493292387E1
3.809232421E1,6.435655024E-1,2.098559655E-1,-3.643217207E-1,-6.395729627E-1,9.988358644E1,4.871090150E1,-1.156581199E1,-9.489326427E1
3.810229421E1,6.443802853E-1,2.082178544E-1,-3.636120416E-1,-6.396918168E-1,9.976154545E1,4.850526463E1,-1.166671198E1,-9.485222958E1
3.811226421E1,6.451133665E-1,2.064379087E-1,-3.629286726E-1,-6.399179136E-1,9.965164834E1,4.829226914E1,-1.177410587E1,-9.482978283E1
3.812223321E1,6.459317478E-1,2.046025136E-1,-3.622068498E-1,-6.400907418E-1,9.952885857E1,4.807023958E1,-1.188766130E1,-9.479627988E1
3.813220321E1,6.466625666E-1,2.025934576E-1,-3.614988671E-1,-6.403920151E-1,9.941911250E1,4.783732574E1,-1.200851790E1,-9.478354297E1
3.814217321E1,6.473959415E-1,2.004690615E-1,-3.608110990E-1,-6.407073381E-1,9.930889293E1,4.759754943E1,-1.213942282E1,-9.477496925E1
3.815214221E1,6.482053088E-1,1.983407879E-1,-3.601505578E-1,-6.409230664E-1,9.918714776E1,4.735921481E1,-1.227831799E1,-9.475397405E1
3.816211221E1,6.490112583E-1,1.961912249E-1,-3.595421575E-1,-6.411106867E-1,9.906580719E1,4.712440110E1,-1.242334398E1,-9.473338154E1
3.817208221E1,6.498587837E-1,1.939348564E-1,-3.590006073E-1,-6.412421483E-1,9.893808877E1,4.688735225E1,-1.258460365E1,-9.471036043E1
3.818205121E1,6.506751770E-1,1.914273455E-1,-3.586151586E-1,-6.413833314E-1,9.881494662E1,4.664664956E1,-1.277525610E1,-9.470263506E1
3.819202121E1,6.514299975E-1,1.886786545E-1,-3.584255399E-1,-6.415375342E-1,9.870099096E1,4.640742474E1,-1.299637573E1,-9.471409886E1
3.820199121E1,6.521976411E-1,1.858403382E-1,-3.583864487E-1,-6.416079385E-1,9.858499951E1,4.617591352E1,-1.323845902E1,-9.472611393E1
3.821196021E1,6.528488277E-1,1.829325059E-1,-3.584756262E-1,-6.417315796E-1,9.848652554E1,4.595343234E1,-1.348988233E1,-9.475737634E1
3.822193021E1,6.534970732E-1,1.800781001E-1,-3.586144685E-1,-6.418015163E-1,9.838842383E1,4.574011427E1,-1.374246896E1,-9.478488357E1
3.823190021E1,6.541251324E-1,1.772980834E-1,-3.587648168E-1,-6.418516843E-1,9.829330780E1,4.553408696E1,-1.399020526E1,-9.481041928E1
3.824186921E1,6.546275880E-1,1.745604454E-1,-3.589500417E-1,-6.419862361E-1,9.821716453E1,4.533684674E1,-1.423067625E1,-9.485177542E1
3.825183921E1,6.551619290E-1,1.720125209E-1,-3.591049524E-1,-6.420421195E-1,9.813614118E1,4.515072451E1,-1.445770250E1,-9.487844006E1
3.826180921E1,6.556949247E-1,1.696965094E-1,-3.591708279E-1,-6.420776006E-1,9.805527231E1,4.497363984E1,-1.466081256E1,-9.489398518E1
3.827177821E1,6.563664227E-1,1.676771275E-1,-3.590376860E-1,-6.419964113E-1,9.795331851E1,4.479733596E1,-1.483429028E1,-9.487411714E1
3.828174821E1,6.571689659E-1,1.658506095E-1,-3.587261365E-1,-6.418239635E-1,9.783136447E1,4.461596786E1,-1.498662635E1,-9.482459775E1
3.829171821E1,6.580275960E-1,1.640916002E-1,-3.583330013E-1,-6.416159964E-1,9.770076205E1,4.443068590E1,-1.513049989E1,-9.476248882E1
3.830168721E1,6.589241859E-1,1.623843789E-1,-3.579302671E-1,-6.413548967E-1,9.756424677E1,4.424756084E1,-1.527224587E1,-9.469138898E1
3.831165721E1,6.597679803E-1,1.607124556E-1,-3.575909849E-1,-6.410977865E-1,9.743563990E1,4.407400624E1,-1.541386224E1,-9.462630207E1
3.832162721E1,6.605592143E-1,1.590991269E-1,-3.573256178E-1,-6.408334724E-1,9.731492879E1,4.391280479E1,-1.555464881E1,-9.456638554E1
3.833159621E1,6.613649303E-1,1.575519161E-1,-3.571124391E-1,-6.405032571E-1,9.719189322E1,4.376120683E1,-1.569629871E1,-9.450084457E1
3.834156621E1,6.620474017E-1,1.559788271E-1,-3.569737338E-1,-6.402605459E-1,9.708758633E1,4.361697257E1,-1.583886558E1,-9.445503924E1
3.835153621E1,6.627015794E-1,1.544331020E-1,-3.568590417E-1,-6.400223576E-1,9.698752498E1,4.347752378E1,-1.597994217E1,-9.441192697E1
3.836150621E1,6.632377901E-1,1.528666933E-1,-3.567754856E-1,-6.398896609E-1,9.690544988E1,4.334164202E1,-1.611811086E1,-9.438754190E1
3.837147521E1,6.636788134E-1,1.512922135E-1,-3.567148784E-1,-6.398403504E-1,9.683790556E1,4.320911477E1,-1.625319139E1,-9.437782043E1
3.838144521E1,6.641302851E-1,1.497631469E-1,-3.566572426E-1,-6.397638170E-1,9.676872442E1,4.308006006E1,-1.638603724E1,-9.436414194E1
3.839141521E1,6.645763331E-1,1.482829706E-1,-3.566248527E-1,-6.396632888E-1,9.670033793E1,4.295717535E1,-1.651740093E1,-9.434891752E1
3.840138421E1,6.648983443E-1,1.468225718E-1,-3.566704240E-1,-6.396402674E-1,9.665094577E1,4.284571403E1,-1.664685066E1,-9.435221537E1
3.841135421E1,6.652790304E-1,1.455490942E-1,-3.567090832E-1,-6.395137268E-1,9.659252919E1,4.274642919E1,-1.676583229E1,-9.433881764E1
3.842132421E1,6.656777449E-1,1.444860980E-1,-3.566558201E-1,-6.393696636E-1,9.653131769E1,4.265365105E1,-1.686248383E1,-9.431434691E1
3.843129321E1,6.659967043E-1,1.435642095E-1,-3.565014046E-1,-6.393313179E-1,9.648232934E1,4.256322819E1,-1.693504235E1,-9.429689145E1
3.844126321E1,6.663312146E-1,1.428078632E-1,-3.562408317E-1,-6.392973989E-1,9.643093247E1,4.247461549E1,-1.698703970E1,-9.427055679E1
3.845123383E1,6.666159693E-1,1.421677580E-1,-3.559222648E-1,-6.393207377E-1,9.638716422E1,4.239010345E1,-1.702238717E1,-9.424768565E1
3.846120283E1,6.669202458E-1,1.417013609E-1,-3.555440389E-1,-6.393172211E-1,9.634037884E1,4.231244141E1,-1.704093096E1,-9.421522813E1
3.847117283E1,6.672166528E-1,1.413946267E-1,-3.551301463E-1,-6.393058954E-1,9.629478703E1,4.224347702E1,-1.704415883E1,-9.417821130E1
3.848114283E1,6.675558611E-1,1.412525918E-1,-3.546957388E-1,-6.392242886E-1,9.624259178E1,4.218403134E1,-1.703610503E1,-9.412843989E1
3.849111183E1,6.679295733E-1,1.412448368E-1,-3.542802973E-1,-6.390660311E-1,9.618506261E1,4.213581860E1,-1.702200858E1,-9.406843361E1
3.850108183E1,6.682041192E-1,1.412737285E-1,-3.539050850E-1,-6.389804717E-1,9.614278255E1,4.209627623E1,-1.700285546E1,-9.402296068E1
3.851105183E1,6.684469588E-1,1.413477173E-1,-3.535393978E-1,-6.389127101E-1,9.610537359E1,4.206171969E1,-1.697934646E1,-9.398098211E1
3.852102083E1,6.686907348E-1,1.414595012E-1,-3.531814763E-1,-6.388307779E-1,9.606780932E1,4.203075612E1,-1.695382961E1,-9.393749375E1
3.853099083E1,6.688461987E-1,1.415320887E-1,-3.528744259E-1,-6.388215636E-1,9.604384758E1,4.200355161E1,-1.693040704E1,-9.390956025E1
3.854096083E1,6.690353854E-1,1.416202072E-1,-3.526094171E-1,-6.387502195E-1,9.601468205E1,4.198089065E1,-1.691163445E1,-9.387578402E1
3.855092983E1,6.692531450E-1,1.416838595E-1,-3.523879670E-1,-6.386303249E-1,9.598110336E1,4.196001216E1,-1.690024542E1,-9.383842488E1
3.856089983E1,6.694825213E-1,1.416729856E-1,-3.522055555E-1,-6.384929130E-1,9.594572379E1,4.193703500E1,-1.689846335E1,-9.380189757E1
3.857086983E1,6.696708427E-1,1.415336375E-1,-3.520713283E-1,-6.384003493E-1,9.591666927E1,4.190983343E1,-1.690786656E1,-9.377655359E1
3.858083883E1,6.697648341E-1,1.412662579E-1,-3.520113955E-1,-6.383941076E-1,9.590216564E1,4.188202323E1,-1.692757287E1,-9.377092664E1
3.859080883E1,6.699054715E-1,1.410136613E-1,-3.519905433E-1,-6.383138245E-1,9.588046106E1,4.185811824E1,-1.695250270E1,-9.375735952E1
3.860077883E1,6.700510547E-1,1.407972478E-1,-3.519885940E-1,-6.382097981E-1,9.585798931E1,4.183864602E1,-1.697679004E1,-9.374173739E1
3.861074783E1,6.701161044E-1,1.405768725E-1,-3.519793112E-1,-6.381951560E-1,9.584794715E1,4.181981272E1,-1.699588677E1,-9.373909023E1
3.862071783E1,6.702408985E-1,1.403864425E-1,-3.519464893E-1,-6.381240569E-1,9.582867962E1,4.179975388E1,-1.701427351E1,-9.372578578E1
3.863068783E1,6.702724665E-1,1.401323497E-1,-3.519591650E-1,-6.381398620E-1,9.582380523E1,4.178117172E1,-1.703578953E1,-9.372970857E1
3.864065683E1,6.702596697E-1,1.398434014E-1,-3.520026078E-1,-6.381926984E-1,9.582578121E1,4.176382234E1,-1.705995467E1,-9.374196594E1
3.865062683E1,6.703518646E-1,1.396273356E-1,-3.519993836E-1,-6.381450105E-1,9.581154462E1,4.174533624E1,-1.708091339E1,-9.373480175E1
3.866059683E1,6.704066582E-1,1.394084565E-1,-3.519565308E-1,-6.381588321E-1,9.580308273E1,4.172360043E1,-1.709629554E1,-9.373360610E1
3.867056683E1,6.704854267E-1,1.392093653E-1,-3.518707514E-1,-6.381668860E-1,9.579091735E1,4.169874888E1,-1.710782203E1,-9.372781840E1
3.868053583E1,6.705416097E-1,1.389670525E-1,-3.517837287E-1,-6.382086523E-1,9.578223946E1,4.167098544E1,-1.712104094E1,-9.372713135E1
3.869050583E1,6.705628728E-1,1.386510881E-1,-3.517323412E-1,-6.382833154E-1,9.577895506E1,4.164181022E1,-1.714074487E1,-9.373463600E1
3.870047583E1,6.706394945E-1,1.383045041E-1,-3.517164623E-1,-6.382868571E-1,9.576711901E1,4.161259280E1,-1.716917122E1,-9.373440914E1
3.871044483E1,6.706263973E-1,1.378867445E-1,-3.517797248E-1,-6.383561781E-1,9.576914226E1,4.158746573E1,-1.720454510E1,-9.375111215E1
3.872041483E1,6.707105962E-1,1.375948354E-1,-3.518356536E-1,-6.382998804E-1,9.575613466E1,4.156909432E1,-1.723588346E1,-9.374783885E1
3.873038483E1,6.708481925E-1,1.374106116E-1,-3.518568956E-1,-6.381832733E-1,9.573487500E1,4.155438933E1,-1.725943388E1,-9.373221619E1
3.874035383E1,6.709433166E-1,1.372569441E-1,-3.518472440E-1,-6.381215295E-1,9.572017552E1,4.153989970E1,-1.727545834E1,-9.372224813E1
3.875032383E1,6.711412132E-1,1.372002882E-1,-3.517999658E-1,-6.379516184E-1,9.568958921E1,4.152695935E1,-1.728714292E1,-9.369240832E1
3.876029383E1,6.713157143E-1,1.372341006E-1,-3.517516550E-1,-6.377874011E-1,9.566261269E1,4.152122471E1,-1.729073413E1,-9.366319772E1
3.877026283E1,6.715683662E-1,1.374531904E-1,-3.516623774E-1,-6.375235381E-1,9.562354448E1,4.152389850E1,-1.728178731E1,-9.361500149E1
3.878023283E1,6.717958380E-1,1.377898173E-1,-3.515311743E-1,-6.372834223E-1,9.558835960E1,4.153195745E1,-1.725902649E1,-9.356665965E1
3.879020283E1,6.720615515E-1,1.381981149E-1,-3.513710373E-1,-6.370031260E-1,9.554724716E1,4.154188923E1,-1.723074832E1,-9.350964744E1
3.880017183E1,6.723502772E-1,1.386018817E-1,-3.512130288E-1,-6.366977944E-1,9.550255898E1,4.155124032E1,-1.720439523E1,-9.344906646E1
3.881014183E1,6.725487243E-1,1.389093535E-1,-3.511098006E-1,-6.364781053E-1,9.547183470E1,4.156046834E1,-1.718460562E1,-9.340637628E1
3.882011183E1,6.727149028E-1,1.391565764E-1,-3.510474338E-1,-6.362828455E-1,9.544610060E1,4.156973684E1,-1.717095763E1,-9.337100488E1
3.883008083E1,6.729613485E-1,1.394165592E-1,-3.509871427E-1,-6.359985519E-1,9.540792677E1,4.157851217E1,-1.716138126E1,-9.332229219E1
3.884005083E1,6.732108276E-1,1.396481351E-1,-3.509528563E-1,-6.357026270E-1,9.536927131E1,4.158757311E1,-1.715640723E1,-9.327410453E1
3.885002083E1,6.733914229E-1,1.397974403E-1,-3.509631190E-1,-6.354728042E-1,9.534128161E1,4.159609863E1,-1.715730744E1,-9.323989262E1
3.885998983E1,6.736249665E-1,1.399306875E-1,-3.509934437E-1,-6.351790749E-1,9.530507645E1,4.160422155E1,-1.716436169E1,-9.319774015E1
3.886995983E1,6.737901861E-1,1.399919796E-1,-3.510630598E-1,-6.349518994E-1,9.527945694E1,4.161207058E1,-1.717608780E1,-9.316915178E1
3.887992983E1,6.739927320E-1,1.400362549E-1,-3.511216649E-1,-6.346945626E-1,9.524804235E1,4.161678917E1,-1.719030487E1,-9.313508928E1
3.888989883E1,6.740864995E-1,1.399811900E-1,-3.511771934E-1,-6.345764342E-1,9.523349648E1,4.161595677E1,-1.720492014E1,-9.312200880E1
3.889986883E1,6.741659384E-1,1.398968225E-1,-3.511852329E-1,-6.345062676E-1,9.522117204E1,4.160866889E1,-1.721651707E1,-9.311218428E1
3.890983883E1,6.743178791E-1,1.398723247E-1,-3.511207166E-1,-6.343857685E-1,9.519759604E1,4.159747088E1,-1.722158615E1,-9.308845610E1
3.891980883E1,6.745311883E-1,1.399245868E-1,-3.509987858E-1,-6.342148590E-1,9.516449029E1,4.158533486E1,-1.721959600E1,-9.305208926E1
3.892977783E1,6.746828629E-1,1.399895561E-1,-3.508716077E-1,-6.341096302E-1,9.514094494E1,4.157496252E1,-1.721251307E1,-9.302521499E1
3.893974783E1,6.748896867E-1,1.401079256E-1,-3.507220496E-1,-6.339462177E-1,9.510883134E1,4.156536249E1,-1.720285254E1,-9.298756048E1
3.894971783E1,6.750270341E-1,1.401950747E-1,-3.505824276E-1,-6.338580135E-1,9.508750082E1,4.155580155E1,-1.719218139E1,-9.296219493E1
3.895968683E1,6.751697196E-1,1.402762285E-1,-3.504371685E-1,-6.337683487E-1,9.506533742E1,4.154513947E1,-1.718175629E1,-9.293614714E1
3.896965683E1,6.753310419E-1,1.403475725E-1,-3.502801399E-1,-6.336673807E-1,9.504027442E1,4.153222770E1,-1.717209407E1,-9.290741154E1
3.897962683E1,6.754684973E-1,1.403657695E-1,-3.501232799E-1,-6.336035137E-1,9.501891543E1,4.151580136E1,-1.716485329E1,-9.288438518E1
3.898959583E1,6.756017735E-1,1.403483523E-1,-3.499781367E-1,-6.335454275E-1,9.499820235E1,4.149787427E1,-1.716099051E1,-9.286328458E1
3.899956583E1,6.756244854E-1,1.402741738E-1,-3.498710415E-1,-6.335968940E-1,9.499467225E1,4.148157176E1,-1.715803646E1,-9.286206954E1
3.900953583E1,6.756069089E-1,1.402129239E-1,-3.497786662E-1,-6.336802197E-1,9.499740418E1,4.146849376E1,-1.715306732E1,-9.286691180E1
3.901950483E1,6.756664136E-1,1.402319111E-1,-3.496508980E-1,-6.336829237E-1,9.498815510E1,4.145653215E1,-1.714372220E1,-9.285644955E1
3.902947483E1,6.756244117E-1,1.402370740E-1,-3.495321492E-1,-6.337921077E-1,9.499468371E1,4.144650714E1,-1.713011193E1,-9.286288665E1
3.903944483E1,6.756329214E-1,1.402962166E-1,-3.494105029E-1,-6.338371245E-1,9.499336103E1,4.143925898E1,-1.711536183E1,-9.285930245E1
3.904941383E1,6.756119494E-1,1.403536417E-1,-3.493241651E-1,-6.338942585E-1,9.499662074E1,4.143584879E1,-1.710216404E1,-9.286055286E1
3.905938383E1,6.755082602E-1,1.403669601E-1,-3.492864437E-1,-6.340226457E-1,9.501273605E1,4.143543662E1,-1.709159385E1,-9.287676697E1
3.906935383E1,6.754650320E-1,1.404198439E-1,-3.492475105E-1,-6.340784336E-1,9.501945394E1,4.143665474E1,-1.708167231E1,-9.288184093E1
3.907932283E1,6.753210544E-1,1.404521178E-1,-3.492368157E-1,-6.342305034E-1,9.504182622E1,4.144108632E1,-1.706976515E1,-9.290390968E1
3.908929283E1,6.752462438E-1,1.405859762E-1,-3.492398082E-1,-6.342787616E-1,9.505344926E1,4.145309896E1,-1.705588597E1,-9.291129182E1
3.909926283E1,6.752125961E-1,1.408219564E-1,-3.492770238E-1,-6.342417711E-1,9.505867662E1,4.147527860E1,-1.704017366E1,-9.290853522E1
3.910923183E1,6.750550881E-1,1.410558187E-1,-3.493977429E-1,-6.342910461E-1,9.508314349E1,4.150780989E1,-1.702473749E1,-9.292591651E1
3.911920183E1,6.749383005E-1,1.413605826E-1,-3.495453412E-1,-6.342662202E-1,9.510128187E1,4.154744140E1,-1.700904045E1,-9.293427038E1
3.912917183E1,6.747471448E-1,1.416478028E-1,-3.497269204E-1,-6.343053944E-1,9.513096476E1,4.159050480E1,-1.699322066E1,-9.295521957E1
3.913914083E1,6.744755110E-1,1.419032865E-1,-3.499431864E-1,-6.344177974E-1,9.517313229E1,4.163611146E1,-1.697798739E1,-9.299024319E1
3.914911083E1,6.742562538E-1,1.422160056E-1,-3.501496743E-1,-6.344669499E-1,9.520715871E1,4.168405403E1,-1.696086844E1,-9.301479486E1
3.915908083E1,6.739836849E-1,1.425407681E-1,-3.503678896E-1,-6.345632607E-1,9.524944571E1,4.173511741E1,-1.694072526E1,-9.304746976E1
3.916904983E1,6.737975170E-1,1.429793061E-1,-3.505725547E-1,-6.345491468E-1,9.527832006E1,4.179174314E1,-1.691633929E1,-9.306213373E1
3.917901983E1,6.735533840E-1,1.434651433E-1,-3.507968497E-1,-6.345747062E-1,9.531617465E1,4.185501404E1,-1.688682133E1,-9.308441053E1
3.918898983E1,6.733361789E-1,1.440233046E-1,-3.510213554E-1,-6.345546245E-1,9.534984431E1,4.192323723E1,-1.685373225E1,-9.309970699E1
3.919895983E1,6.731388395E-1,1.446091458E-1,-3.512556076E-1,-6.345012745E-1,9.538042671E1,4.199408545E1,-1.682073400E1,-9.311077159E1
3.920892883E1,6.728064852E-1,1.451291536E-1,-3.515430070E-1,-6.345759429E-1,9.543191606E1,4.206773099E1,-1.678911320E1,-9.314582367E1
3.921889883E1,6.724927059E-1,1.456893379E-1,-3.518425763E-1,-6.346139976E-1,9.548050843E1,4.214518902E1,-1.675681395E1,-9.317633336E1
3.922886883E1,6.722045597E-1,1.463116783E-1,-3.521438419E-1,-6.346091389E-1,9.552511471E1,4.222700528E1,-1.672174036E1,-9.320042416E1
3.923883783E1,6.718268726E-1,1.469355464E-1,-3.524628830E-1,-6.346878362E-1,9.558355847E1,4.231241160E1,-1.668272182E1,-9.323867238E1
3.924880783E1,6.714707831E-1,1.475929319E-1,-3.527672465E-1,-6.347429972E-1,9.563863544E1,4.239850052E1,-1.664127407E1,-9.327207240E1
3.925877783E1,6.711257519E-1,1.482410135E-1,-3.530839063E-1,-6.347806937E-1,9.569197913E1,4.248481541E1,-1.660227015E1,-9.330391045E1
3.926874683E1,6.706489841E-1,1.487906189E-1,-3.535054064E-1,-6.349215511E-1,9.576565303E1,4.257629420E1,-1.657172106E1,-9.336047092E1
3.927871683E1,6.702282663E-1,1.494003679E-1,-3.540138976E-1,-6.349390920E-1,9.583063009E1,4.267952873E1,-1.654808786E1,-9.340580948E1
3.928868683E1,6.697554604E-1,1.500402940E-1,-3.546063032E-1,-6.349565435E-1,9.590361215E1,4.279412185E1,-1.652662566E1,-9.345835144E1
3.929865583E1,6.691992761E-1,1.506527931E-1,-3.552784822E-1,-6.350223913E-1,9.598941082E1,4.291593397E1,-1.650914701E1,-9.352518734E1
3.930862583E1,6.686062936E-1,1.512187726E-1,-3.560411821E-1,-6.350850821E-1,9.608082240E1,4.304363621E1,-1.650082657E1,-9.359953575E1
3.931859583E1,6.679607277E-1,1.517915904E-1,-3.568831918E-1,-6.351551750E-1,9.618026553E1,4.318054544E1,-1.649582545E1,-9.368199046E1
3.932856483E1,6.672574707E-1,1.524693012E-1,-3.577375611E-1,-6.352514331E-1,9.628850735E1,4.332772666E1,-1.648076481E1,-9.376946388E1
3.933853483E1,6.666228906E-1,1.533641209E-1,-3.585094385E-1,-6.352671289E-1,9.638610020E1,4.348203088E1,-1.644691250E1,-9.383739378E1
3.934850483E1,6.659189473E-1,1.543738119E-1,-3.591890775E-1,-6.353768859E-1,9.649427360E1,4.363741696E1,-1.639217991E1,-9.391140555E1
3.935847383E1,6.653269804E-1,1.555374021E-1,-3.597437722E-1,-6.353995332E-1,9.658516935E1,4.379015442E1,-1.632214704E1,-9.396117380E1
3.936844383E1,6.647427829E-1,1.567316331E-1,-3.602483121E-1,-6.354316069E-1,9.667480915E1,4.394015050E1,-1.624590898E1,-9.400797256E1
3.937841383E1,6.641981402E-1,1.579788531E-1,-3.607299558E-1,-6.354191526E-1,9.675832346E1,4.409113760E1,-1.616633086E1,-9.404599183E1
3.938838283E1,6.637567429E-1,1.593336320E-1,-3.611752688E-1,-6.352891229E-1,9.682596670E1,4.424475314E1,-1.608238112E1,-9.406295586E1
3.939835283E1,6.633128352E-1,1.607534013E-1,-3.616131219E-1,-6.351459251E-1,9.689395894E1,4.440258553E1,-1.599309544E1,-9.407721344E1
3.940832283E1,6.629936939E-1,1.622947537E-1,-3.620204712E-1,-6.348551171E-1,9.694281891E1,4.456435849E1,-1.590047961E1,-9.406642133E1
3.941829183E1,6.627068662E-1,1.639074080E-1,-3.624285897E-1,-6.345072133E-1,9.698671601E1,4.473104532E1,-1.580516370E1,-9.404707227E1
3.942826183E1,6.623455716E-1,1.655302197E-1,-3.628536933E-1,-6.342202051E-1,9.704198861E1,4.490155401E1,-1.570615455E1,-9.403843548E1
3.943823183E1,6.619991890E-1,1.672264091E-1,-3.632896287E-1,-6.338873491E-1,9.709495777E1,4.507844824E1,-1.560414322E1,-9.402382838E1
3.944820083E1,6.616349019E-1,1.689633334E-1,-3.637694600E-1,-6.335317679E-1,9.715064158E1,4.526305858E1,-1.550234786E1,-9.400969991E1
3.945817058E1,6.612923258E-1,1.707515715E-1,-3.642919229E-1,-6.331095474E-1,9.720298495E1,4.545538070E1,-1.540248941E1,-9.398936715E1
3.946814058E1,6.609202679E-1,1.725616522E-1,-3.648616640E-1,-6.326790450E-1,9.725980906E1,4.565454760E1,-1.530377823E1,-9.397205559E1
3.947811058E1,6.603871182E-1,1.743209038E-1,-3.654898628E-1,-6.323909212E-1,9.734119339E1,4.585837739E1,-1.520371095E1,-9.398138675E1
3.948807958E1,6.598319309E-1,1.761423536E-1,-3.661198844E-1,-6.321012328E-1,9.742588771E1,4.606751726E1,-1.509828341E1,-9.399065801E1
3.949804958E1,6.591394397E-1,1.779583981E-1,-3.667859943E-1,-6.319287863E-1,9.753145089E1,4.628209154E1,-1.498772859E1,-9.402071986E1
3.950801958E1,6.583356914E-1,1.797988456E-1,-3.674912586E-1,-6.318359869E-1,9.765386731E1,4.650417591E1,-1.487187903E1,-9.406616158E1
3.951798858E1,6.575265075E-1,1.817232391E-1,-3.682014646E-1,-6.317146527E-1,9.777699619E1,4.673318612E1,-1.475047589E1,-9.410773794E1
3.952795858E1,6.567235389E-1,1.837017702E-1,-3.688916719E-1,-6.315747963E-1,9.789906528E1,4.696423601E1,-1.462412927E1,-9.414478977E1
3.953792858E1,6.560193296E-1,1.857382533E-1,-3.695348855E-1,-6.313350847E-1,9.800602763E1,4.719353797E1,-1.449632490E1,-9.416282317E1
3.954789758E1,6.554105842E-1,1.877710379E-1,-3.701643065E-1,-6.309971276E-1,9.809842008E1,4.741973400E1,-1.437417183E1,-9.416515760E1
3.955786758E1,6.547567786E-1,1.897305503E-1,-3.708119139E-1,-6.307095412E-1,9.819757961E1,4.764288603E1,-1.425592330E1,-9.417683146E1
3.956783758E1,6.542145278E-1,1.917689721E-1,-3.713946468E-1,-6.303127602E-1,9.827976381E1,4.786407257E1,-1.413424722E1,-9.416654624E1
3.957780658E1,6.535377587E-1,1.938048123E-1,-3.719529029E-1,-6.300628044E-1,9.838226430E1,4.808481154E1,-1.400178510E1,-9.417596381E1
3.958777658E1,6.529102435E-1,1.959719401E-1,-3.724007342E-1,-6.297785147E-1,9.847723432E1,4.830414618E1,-1.385412094E1,-9.417035405E1
3.959774658E1,6.522125881E-1,1.981594089E-1,-3.727825794E-1,-6.295910020E-1,9.858274000E1,4.851971930E1,-1.369469680E1,-9.417322851E1
3.960771558E1,6.513816985E-1,2.002622258E-1,-3.731558898E-1,-6.295645404E-1,9.870828560E1,4.872994483E1,-1.353137774E1,-9.419931567E1
3.961768558E1,6.505688168E-1,2.022953951E-1,-3.735494518E-1,-6.295216725E-1,9.883099607E1,4.893654512E1,-1.337601008E1,-9.422492098E1
3.962765558E1,6.497013563E-1,2.041905755E-1,-3.740477066E-1,-6.295097811E-1,9.896182159E1,4.914353932E1,-1.323577239E1,-9.426467459E1
3.963762458E1,6.487991227E-1,2.059771488E-1,-3.746503117E-1,-6.295000412E-1,9.909775611E1,4.935285437E1,-1.310994381E1,-9.431426425E1
3.964759458E1,6.479627659E-1,2.077947369E-1,-3.752921608E-1,-6.293816876E-1,9.922364265E1,4.956748323E1,-1.299031149E1,-9.435137099E1
3.965756458E1,6.470150874E-1,2.096577014E-1,-3.759904182E-1,-6.293221407E-1,9.936614305E1,4.979267010E1,-1.286522644E1,-9.440219204E1
3.966753358E1,6.461103467E-1,2.117441864E-1,-3.766241751E-1,-6.291740532E-1,9.950204683E1,5.002821623E1,-1.272275714E1,-9.443394357E1
3.967750358E1,6.451985451E-1,2.140289407E-1,-3.771314809E-1,-6.290328579E-1,9.963887334E1,5.026681300E1,-1.255559886E1,-9.445514519E1
3.968747358E1,6.443217721E-1,2.164748330E-1,-3.774439734E-1,-6.289070417E-1,9.977031340E1,5.049836439E1,-1.236306282E1,-9.446095527E1
3.969744258E1,6.436344288E-1,2.190490202E-1,-3.775021519E-1,-6.286846031E-1,9.987326664E1,5.071264974E1,-1.215290180E1,-9.442966896E1
3.970741258E1,6.430735122E-1,2.215646445E-1,-3.773411878E-1,-6.284737266E-1,9.995722553E1,5.089957413E1,-1.193612710E1,-9.438067190E1
3.971738258E1,6.425955906E-1,2.238326823E-1,-3.770063416E-1,-6.283597378E-1,1.000287209E2,5.104943466E1,-1.172592409E1,-9.433083803E1
3.972735258E1,6.423152166E-1,2.258874623E-1,-3.765120908E-1,-6.282074323E-1,1.000706464E2,5.116497957E1,-1.152938779E1,-9.426165238E1
3.973732158E1,6.421314386E-1,2.277704623E-1,-3.759574751E-1,-6.280475449E-1,1.000981205E2,5.126039026E1,-1.134562018E1,-9.418643478E1
3.974729158E1,6.418791469E-1,2.295581894E-1,-3.754479777E-1,-6.279593744E-1,1.001358282E2,5.135386381E1,-1.116750762E1,-9.412603661E1
3.975726158E1,6.416070277E-1,2.314291512E-1,-3.749139561E-1,-6.278697893E-1,1.001764877E2,5.145202351E1,-1.098080437E1,-9.406334138E1
3.976723058E1,6.412787341E-1,2.333694868E-1,-3.743085377E-1,-6.278482641E-1,1.002255246E2,5.154962997E1,-1.077956465E1,-9.400439042E1
3.977720058E1,6.410319511E-1,2.353833844E-1,-3.735755249E-1,-6.277850992E-1,1.002623748E2,5.164009737E1,-1.056829057E1,-9.392827866E1
3.978717058E1,6.408417707E-1,2.373057548E-1,-3.727682758E-1,-6.277352954E-1,1.002907662E2,5.171591279E1,-1.036047346E1,-9.384799757E1
3.979713958E1,6.407227809E-1,2.390186870E-1,-3.719511327E-1,-6.276915983E-1,1.003085268E2,5.177381862E1,-1.017033136E1,-9.376827748E1
3.980710958E1,6.406315672E-1,2.404919617E-1,-3.711889175E-1,-6.276732302E-1,1.003221400E2,5.181806505E1,-1.000242990E1,-9.369757143E1
3.981707958E1,6.404818537E-1,2.418561393E-1,-3.704953806E-1,-6.277116760E-1,1.003444810E2,5.186115039E1,-9.843598944E0,-9.364145289E1
3.982704858E1,6.403350115E-1,2.433521364E-1,-3.697672990E-1,-6.277126059E-1,1.003663900E2,5.191167346E1,-9.673850260E0,-9.357695446E1
3.983701858E1,6.402848389E-1,2.451394368E-1,-3.689090417E-1,-6.275732862E-1,1.003738750E2,5.197238386E1,-9.481422701E0,-9.348077473E1
3.984698858E1,6.401648535E-1,2.471271506E-1,-3.679672019E-1,-6.274689662E-1,1.003917734E2,5.204228845E1,-9.264370074E0,-9.338264343E1
3.985695758E1,6.401832071E-1,2.494438997E-1,-3.668208708E-1,-6.272046435E-1,1.003890357E2,5.211839307E1,-9.018906735E0,-9.324387302E1
3.986692758E1,6.402199249E-1,2.519676161E-1,-3.654885615E-1,-6.269361181E-1,1.003835586E2,5.219410972E1,-8.745799159E0,-9.308905953E1
3.987689758E1,6.403712031E-1,2.545909202E-1,-3.639860685E-1,-6.265958534E-1,1.003609905E2,5.226173700E1,-8.460130421E0,-9.291009381E1
3.988686658E1,6.405822923E-1,2.571143047E-1,-3.624958718E-1,-6.262134794E-1,1.003294934E2,5.232319807E1,-8.186747005E0,-9.272704898E1
3.989683658E1,6.406227072E-1,2.593471236E-1,-3.612956508E-1,-6.259449658E-1,1.003234622E2,5.239112476E1,-7.945688145E0,-9.258585887E1
3.990680658E1,6.405656022E-1,2.614556777E-1,-3.604721540E-1,-6.256010014E-1,1.003319841E2,5.248642510E1,-7.740015478E0,-9.246594401E1
3.991677558E1,6.403622923E-1,2.636515443E-1,-3.600002200E-1,-6.251589587E-1,1.003623199E2,5.262422836E1,-7.551245009E0,-9.236154754E1
3.992674558E1,6.399799723E-1,2.660436730E-1,-3.597263919E-1,-6.246947170E-1,1.004193478E2,5.279906277E1,-7.356531997E0,-9.227061001E1
3.993671558E1,6.396143162E-1,2.686842258E-1,-3.594642279E-1,-6.240895627E-1,1.004738679E2,5.299612097E1,-7.150201426E0,-9.216043634E1
3.994668458E1,6.391794121E-1,2.713564940E-1,-3.592306185E-1,-6.235131110E-1,1.005386850E2,5.319972018E1,-6.940408799E0,-9.205698744E1
3.995665458E1,6.387489926E-1,2.739532615E-1,-3.590079409E-1,-6.229466732E-1,1.006028037E2,5.339870160E1,-6.737190458E0,-9.195612719E1
3.996662458E1,6.382923750E-1,2.763899394E-1,-3.588746304E-1,-6.224150315E-1,1.006707925E2,5.359354463E1,-6.550296963E0,-9.186792832E1
3.997659458E1,6.377021881E-1,2.786381471E-1,-3.589446679E-1,-6.219770883E-1,1.007586199E2,5.379318753E1,-6.383717382E0,-9.181024114E1
3.998656358E1,6.371452267E-1,2.808617358E-1,-3.591712863E-1,-6.214167367E-1,1.008414517E2,5.400583799E1,-6.236011342E0,-9.174813917E1
3.999653358E1,6.365075422E-1,2.830697091E-1,-3.595623405E-1,-6.208418563E-1,1.009362281E2,5.423365840E1,-6.098914672E0,-9.169775422E1
4.000650358E1,6.358424050E-1,2.853203561E-1,-3.600374988E-1,-6.202174685E-1,1.010350158E2,5.447363413E1,-5.965688728E0,-9.164742992E1
4.001647258E1,6.352309030E-1,2.876264393E-1,-3.605431583E-1,-6.194848233E-1,1.011257756E2,5.472134001E1,-5.836835405E0,-9.158437139E1
4.002644258E1,6.345141511E-1,2.898637942E-1,-3.611462902E-1,-6.188248063E-1,1.012320815E2,5.497344319E1,-5.713548914E0,-9.154001415E1
4.003641258E1,6.338159483E-1,2.920895008E-1,-3.617571087E-1,-6.181365462E-1,1.013355584E2,5.522557902E1,-5.593641923E0,-9.149249570E1
4.004638158E1,6.331068349E-1,2.942799568E-1,-3.623520958E-1,-6.174755500E-1,1.014405741E2,5.547364363E1,-5.473987011E0,-9.144775547E1
4.005635158E1,6.323914303E-1,2.964114678E-1,-3.629004078E-1,-6.168667848E-1,1.015464417E2,5.571261043E1,-5.353334926E0,-9.140673846E1
4.006632158E1,6.318685960E-1,2.985488899E-1,-3.633533310E-1,-6.161048146E-1,1.016237618E2,5.594245905E1,-5.238877168E0,-9.133620020E1
4.007629058E1,6.313339797E-1,3.005410766E-1,-3.639135153E-1,-6.153531934E-1,1.017027803E2,5.617042747E1,-5.141982980E0,-9.127635971E1
4.008626058E1,6.308912178E-1,3.024797526E-1,-3.645653111E-1,-6.144708583E-1,1.017681888E2,5.640242184E1,-5.064211180E0,-9.120597963E1
4.009623058E1,6.303662235E-1,3.043500480E-1,-3.653788849E-1,-6.136023093E-1,1.018457060E2,5.664462222E1,-4.999395423E0,-9.115146466E1
4.010619958E1,6.297938107E-1,3.062847043E-1,-3.662611975E-1,-6.127007625E-1,1.019301762E2,5.689952916E1,-4.934470173E0,-9.109842890E1
4.011616958E1,6.292738773E-1,3.084191181E-1,-3.670660627E-1,-6.116817459E-1,1.020068584E2,5.716462915E1,-4.856558920E0,-9.102267991E1
4.012613958E1,6.286622080E-1,3.106803466E-1,-3.677716352E-1,-6.107418211E-1,1.020970170E2,5.743220601E1,-4.756271829E0,-9.095001847E1
4.013610858E1,6.280769154E-1,3.131042962E-1,-3.682510978E-1,-6.098166550E-1,1.021832342E2,5.769289800E1,-4.629239641E0,-9.086058296E1
4.014607858E1,6.275045849E-1,3.156233527E-1,-3.685167678E-1,-6.089459617E-1,1.022674913E2,5.794211838E1,-4.479177558E0,-9.076091872E1
4.015604858E1,6.269307516E-1,3.181652555E-1,-3.686490825E-1,-6.081337537E-1,1.023519196E2,5.818132943E1,-4.316209151E0,-9.065835464E1
4.016601758E1,6.263239469E-1,3.206219400E-1,-3.687487309E-1,-6.074078750E-1,1.024411445E2,5.841067801E1,-4.152751133E0,-9.056527832E1
4.017598758E1,6.258141235E-1,3.229809755E-1,-3.688025603E-1,-6.066502584E-1,1.025160661E2,5.862728003E1,-3.998520679E0,-9.046406909E1
4.018595758E1,6.253251305E-1,3.251483508E-1,-3.688672399E-1,-6.059571166E-1,1.025878897E2,5.882836075E1,-3.857314561E0,-9.037293399E1
4.019592758E1,6.249332860E-1,3.271628121E-1,-3.688956785E-1,-6.052593808E-1,1.026454180E2,5.901251497E1,-3.728785517E0,-9.027823851E1
4.020589658E1,6.245233170E-1,3.289356745E-1,-3.689418741E-1,-6.046932287E-1,1.027055825E2,5.917719241E1,-3.612901990E0,-9.020346186E1
4.021586658E1,6.240828601E-1,3.304283460E-1,-3.690196785E-1,-6.042863654E-1,1.027701931E2,5.932009992E1,-3.511623269E0,-9.015355870E1
4.022583658E1,6.237158769E-1,3.317106349E-1,-3.690896712E-1,-6.039199934E-1,1.028240036E2,5.944332717E1,-3.426083381E0,-9.010866021E1
4.023580558E1,6.233135365E-1,3.327205906E-1,-3.692257305E-1,-6.036966217E-1,1.028829754E2,5.954851900E1,-3.357287674E0,-9.008921957E1
4.024577558E1,6.227492837E-1,3.333985753E-1,-3.694891799E-1,-6.037436484E-1,1.029656383E2,5.963636601E1,-3.303424682E0,-9.011807054E1
4.025574558E1,6.221704916E-1,3.338488868E-1,-3.697949829E-1,-6.039044281E-1,1.030503818E2,5.970773254E1,-3.263349876E0,-9.016630018E1
4.026571458E1,6.214930245E-1,3.340445522E-1,-3.701739898E-1,-6.042614106E-1,1.031495096E2,5.976332518E1,-3.234382116E0,-9.024798633E1
4.027568458E1,6.208483390E-1,3.340989493E-1,-3.705183440E-1,-6.046828863E-1,1.032437776E2,5.980277741E1,-3.211595216E0,-9.033573659E1
4.028565458E1,6.202713091E-1,3.340704962E-1,-3.707751066E-1,-6.051333070E-1,1.033281008E2,5.982622761E1,-3.190040734E0,-9.042011699E1
4.029562358E1,6.197801528E-1,3.340186911E-1,-3.709287384E-1,-6.055707683E-1,1.033998363E2,5.983750539E1,-3.166896386E0,-9.049397221E1
4.030559358E1,6.194759211E-1,3.339991047E-1,-3.709645092E-1,-6.058708696E-1,1.034442529E2,5.983994962E1,-3.146346240E0,-9.053873316E1
4.031556358E1,6.192804229E-1,3.339196592E-1,-3.709655616E-1,-6.061138251E-1,1.034727877E2,5.983339357E1,-3.134311515E0,-9.057261115E1
4.032553258E1,6.192205105E-1,3.337663145E-1,-3.709239771E-1,-6.062849209E-1,1.034815313E2,5.981575031E1,-3.132918630E0,-9.059287690E1
4.033550258E1,6.193820218E-1,3.336005694E-1,-3.708094457E-1,-6.062812074E-1,1.034579591E2,5.978945033E1,-3.143327386E0,-9.058261608E1
4.034547258E1,6.195393165E-1,3.333075474E-1,-3.707521010E-1,-6.063168610E-1,1.034349986E2,5.975715363E1,-3.164968603E0,-9.058270946E1
4.035544158E1,6.198263550E-1,3.329880769E-1,-3.706574365E-1,-6.062567412E-1,1.033930898E2,5.971856757E1,-3.194976391E0,-9.056630387E1
4.036541158E1,6.201273329E-1,3.325948007E-1,-3.705391343E-1,-6.062373042E-1,1.033491328E2,5.967105110E1,-3.227466926E0,-9.055355233E1
4.037538158E1,6.204444016E-1,3.321200428E-1,-3.703727122E-1,-6.062748590E-1,1.033028114E2,5.961156983E1,-3.260702919E0,-9.054464407E1
4.038535058E1,6.208766834E-1,3.316513870E-1,-3.701442591E-1,-6.062283052E-1,1.032396343E2,5.954641713E1,-3.297184207E0,-9.051876586E1
4.039532058E1,6.211972807E-1,3.311861793E-1,-3.700144376E-1,-6.062334188E-1,1.031927619E2,5.949130186E1,-3.333725704E0,-9.050846671E1
4.040529058E1,6.216525608E-1,3.309316136E-1,-3.698506115E-1,-6.060055631E-1,1.031261722E2,5.945151121E1,-3.367742857E0,-9.046286249E1
4.041526058E1,6.222276447E-1,3.308312620E-1,-3.696370956E-1,-6.056003310E-1,1.030420160E2,5.942050851E1,-3.399278042E0,-9.038838893E1
4.042522958E1,6.227716439E-1,3.306879298E-1,-3.694477205E-1,-6.052349501E-1,1.029623634E2,5.938802080E1,-3.432657596E0,-9.032154530E1
4.043519958E1,6.233471150E-1,3.305303506E-1,-3.692401394E-1,-6.048552090E-1,1.028780547E2,5.935241715E1,-3.467568136E0,-9.025119898E1
4.044516958E1,6.238559625E-1,3.303803223E-1,-3.690522343E-1,-6.045271715E-1,1.028034654E2,5.931955051E1,-3.498540282E0,-9.018973397E1
4.045513912E1,6.243756542E-1,3.303247780E-1,-3.688301994E-1,-6.041563424E-1,1.027272464E2,5.929190123E1,-3.522561609E0,-9.011947002E1
4.046510912E1,6.248890265E-1,3.302809848E-1,-3.686023140E-1,-6.037885453E-1,1.026519145E2,5.926477423E1,-3.544935579E0,-9.004917060E1
4.047507912E1,6.252965622E-1,3.301034096E-1,-3.684573394E-1,-6.035521259E-1,1.025920847E2,5.923379089E1,-3.573044921E0,-9.000413099E1
4.048504812E1,6.257506141E-1,3.298667340E-1,-3.683408666E-1,-6.032820028E-1,1.025253965E2,5.920004563E1,-3.610517379E0,-8.995684727E1
4.049501812E1,6.261112753E-1,3.294798430E-1,-3.683247494E-1,-6.031290413E-1,1.024724027E2,5.916258273E1,-3.657199250E0,-8.993429247E1
4.050498812E1,6.263975222E-1,3.289601987E-1,-3.684065301E-1,-6.030654141E-1,1.024303289E2,5.912270230E1,-3.713580582E0,-8.993239397E1
4.051495712E1,6.266535182E-1,3.283543049E-1,-3.685526861E-1,-6.030403828E-1,1.023926911E2,5.908130110E1,-3.777833259E0,-8.994129157E1
4.052492712E1,6.267685778E-1,3.276141667E-1,-3.687934263E-1,-6.031762655E-1,1.023757712E2,5.903733246E1,-3.846179054E0,-8.998049827E1
4.053489712E1,6.268227878E-1,3.268136242E-1,-3.690510752E-1,-6.033966000E-1,1.023677987E2,5.898984187E1,-3.914213605E0,-9.003286739E1
4.054486612E1,6.267199838E-1,3.259436539E-1,-3.693768875E-1,-6.037744544E-1,1.023829173E2,5.894325933E1,-3.979459901E0,-9.011290166E1
4.055483612E1,6.264064738E-1,3.250058392E-1,-3.698184653E-1,-6.043347764E-1,1.024290130E2,5.890251544E1,-4.042056963E0,-9.022817210E1
4.056480612E1,6.261059707E-1,3.241511063E-1,-3.702504652E-1,-6.048404503E-1,1.024731822E2,5.886843380E1,-4.100873548E0,-9.033516685E1
4.057477512E1,6.257821591E-1,3.233502951E-1,-3.707009097E-1,-6.053281289E-1,1.025207622E2,5.884118188E1,-4.157015657E0,-9.044134693E1
4.058474512E1,6.254020623E-1,3.225619410E-1,-3.711845421E-1,-6.058450343E-1,1.025765923E2,5.881858582E1,-4.211252182E0,-9.055454413E1
4.059471512E1,6.250986228E-1,3.218317784E-1,-3.716238071E-1,-6.062768531E-1,1.026211471E2,5.879680996E1,-4.264722907E0,-9.065222764E1
4.060468512E1,6.247657826E-1,3.210806136E-1,-3.720575219E-1,-6.067522340E-1,1.026700028E2,5.877291236E1,-4.316440591E0,-9.075561286E1
4.061465412E1,6.244244023E-1,3.202755614E-1,-3.724701870E-1,-6.072756043E-1,1.027200949E2,5.874241578E1,-4.368328726E0,-9.086400755E1
4.062462412E1,6.241703582E-1,3.194343919E-1,-3.728194605E-1,-6.077654179E-1,1.027573603E2,5.870249826E1,-4.423235298E0,-9.096240416E1
4.063459412E1,6.238736056E-1,3.184715762E-1,-3.731947071E-1,-6.083446387E-1,1.028008785E2,5.865466754E1,-4.483482884E0,-9.107564389E1
4.064456312E1,6.235845460E-1,3.174314209E-1,-3.735814176E-1,-6.089470180E-1,1.028432557E2,5.860131516E1,-4.549558738E0,-9.119325427E1
4.065453312E1,6.232872467E-1,3.163139078E-1,-3.740035920E-1,-6.095734841E-1,1.028868279E2,5.854484837E1,-4.622491054E0,-9.131745056E1
4.066450312E1,6.228897868E-1,3.150819053E-1,-3.745067069E-1,-6.103085403E-1,1.029450590E2,5.848681945E1,-4.701146423E0,-9.146403947E1
4.067447212E1,6.225813601E-1,3.138732839E-1,-3.749801187E-1,-6.109549847E-1,1.029902298E2,5.842794901E1,-4.783241237E0,-9.159584531E1
4.068444212E1,6.222715344E-1,3.126606005E-1,-3.754618914E-1,-6.115960847E-1,1.030355913E2,5.836985110E1,-4.866507834E0,-9.172781571E1
4.069441212E1,6.220452338E-1,3.115106290E-1,-3.759098650E-1,-6.121377280E-1,1.030687148E2,5.831391098E1,-4.950270101E0,-9.184304258E1
4.070438112E1,6.217800521E-1,3.103572120E-1,-3.763802080E-1,-6.127038382E-1,1.031075197E2,5.826028060E1,-5.033448952E0,-9.196381093E1
4.071435112E1,6.214273936E-1,3.091946518E-1,-3.768870476E-1,-6.133374476E-1,1.031591092E2,5.821006136E1,-5.113820599E0,-9.209743787E1
4.072432112E1,6.211597967E-1,3.081507876E-1,-3.773357561E-1,-6.138577570E-1,1.031982430E2,5.816439785E1,-5.189501562E0,-9.221017795E1
4.073429012E1,6.208830334E-1,3.071900660E-1,-3.777615078E-1,-6.143573085E-1,1.032387061E2,5.812396659E1,-5.258105818E0,-9.231810438E1
4.074426012E1,6.205901132E-1,3.063041708E-1,-3.781543691E-1,-6.148536294E-1,1.032815190E2,5.808706735E1,-5.318567614E0,-9.242281065E1
4.075423012E1,6.204103667E-1,3.055879194E-1,-3.784570757E-1,-6.152050821E-1,1.033077844E2,5.805565490E1,-5.370683600E0,-9.249920521E1
4.076420012E1,6.202018125E-1,3.049589040E-1,-3.787601695E-1,-6.155409199E-1,1.033382532E2,5.803202349E1,-5.415988232E0,-9.257345855E1
4.077416912E1,6.201324470E-1,3.045194915E-1,-3.789887634E-1,-6.156875827E-1,1.033483858E2,5.801685232E1,-5.455275036E0,-9.261439457E1
4.078413912E1,6.201446671E-1,3.042148752E-1,-3.791794568E-1,-6.157084900E-1,1.033466008E2,5.800921389E1,-5.490279254E0,-9.263417567E1
4.079410912E1,6.201024623E-1,3.039578110E-1,-3.793837532E-1,-6.157520435E-1,1.033527656E2,5.800725456E1,-5.519718342E0,-9.265834792E1
4.080407812E1,6.201217155E-1,3.038351689E-1,-3.795363195E-1,-6.156991571E-1,1.033499533E2,5.801150568E1,-5.541995509E0,-9.266428670E1
4.081404812E1,6.200948191E-1,3.037690695E-1,-3.796865440E-1,-6.156662050E-1,1.033538820E2,5.802060108E1,-5.557383080E0,-9.267282528E1
4.082401812E1,6.200492259E-1,3.037396062E-1,-3.798485170E-1,-6.156268302E-1,1.033605414E2,5.803407804E1,-5.570418476E0,-9.268147609E1
4.083398712E1,6.200665273E-1,3.037795720E-1,-3.800048713E-1,-6.154930348E-1,1.033580144E2,5.805265362E1,-5.584184473E0,-9.267624757E1
4.084395712E1,6.200128546E-1,3.037981983E-1,-3.802256391E-1,-6.154015538E-1,1.033658536E2,5.807602658E1,-5.599476197E0,-9.268268389E1
4.085392712E1,6.200079327E-1,3.039018900E-1,-3.804195462E-1,-6.152355281E-1,1.033665725E2,5.810384258E1,-5.611565655E0,-9.267618931E1
4.086389612E1,6.199940507E-1,3.040677748E-1,-3.805770542E-1,-6.150702017E-1,1.033685999E2,5.813348764E1,-5.616238807E0,-9.266658099E1
4.087386612E1,6.199572532E-1,3.042431399E-1,-3.807228059E-1,-6.149303196E-1,1.033739741E2,5.816291142E1,-5.617511365E0,-9.265954467E1
4.088383612E1,6.199842216E-1,3.044692604E-1,-3.808280018E-1,-6.147260815E-1,1.033700355E2,5.819243073E1,-5.617352828E0,-9.263982949E1
4.089380512E1,6.199188046E-1,3.046522409E-1,-3.809943344E-1,-6.145982974E-1,1.033795892E2,5.822466270E1,-5.617887887E0,-9.263633107E1
4.090377512E1,6.198408270E-1,3.048656278E-1,-3.811863159E-1,-6.144520538E-1,1.033909765E2,5.826207097E1,-5.618201821E0,-9.263248080E1
4.091374512E1,6.196676061E-1,3.050652195E-1,-3.814308677E-1,-6.143759339E-1,1.034162693E2,5.830389098E1,-5.616600552E0,-9.264318891E1
4.092371412E1,6.193823564E-1,3.052204937E-1,-3.817431706E-1,-6.143925396E-1,1.034579102E2,5.834907027E1,-5.614777438E0,-9.267300557E1
4.093368412E1,6.191546826E-1,3.054319181E-1,-3.820559266E-1,-6.143225724E-1,1.034911377E2,5.839884542E1,-5.614570645E0,-9.269063082E1
4.094365412E1,6.188689533E-1,3.056545957E-1,-3.823876065E-1,-6.142932118E-1,1.035328272E2,5.845172145E1,-5.610918304E0,-9.271568347E1
4.095362412E1,6.187337452E-1,3.059508749E-1,-3.825968366E-1,-6.141515994E-1,1.035525506E2,5.849824073E1,-5.603903821E0,-9.271404802E1
4.096359312E1,6.186690926E-1,3.061640747E-1,-3.827389768E-1,-6.140220393E-1,1.035619809E2,5.853074639E1,-5.600671973E0,-9.270823014E1
4.097356312E1,6.184781756E-1,3.061666167E-1,-3.829536597E-1,-6.140792665E-1,1.035898245E2,5.855286452E1,-5.605349420E0,-9.273530175E1
4.098353312E1,6.183459489E-1,3.062077573E-1,-3.831031493E-1,-6.140986240E-1,1.036091055E2,5.857164459E1,-5.606570921E0,-9.275124916E1
4.099350212E1,6.181827150E-1,3.063078034E-1,-3.831794456E-1,-6.141655102E-1,1.036329044E2,5.858847322E1,-5.595368102E0,-9.276740584E1
4.100347212E1,6.180480288E-1,3.064931784E-1,-3.831709610E-1,-6.142137110E-1,1.036525382E2,5.860419168E1,-5.574012628E0,-9.277338102E1
4.101344212E1,6.180416276E-1,3.067456696E-1,-3.830836432E-1,-6.141487155E-1,1.036534713E2,5.861736476E1,-5.551956993E0,-9.275636167E1
4.102341112E1,6.180736429E-1,3.069462412E-1,-3.829828332E-1,-6.140791895E-1,1.036488045E2,5.862458517E1,-5.534470654E0,-9.273753604E1
4.103338112E1,6.181372283E-1,3.070632013E-1,-3.828706778E-1,-6.140265622E-1,1.036395355E2,5.862336863E1,-5.522884469E0,-9.272013355E1
4.104335112E1,6.182489573E-1,3.071484618E-1,-3.827194576E-1,-6.139657466E-1,1.036232470E2,5.861539187E1,-5.513169438E0,-9.269813845E1
4.105332012E1,6.184657597E-1,3.072774812E-1,-3.824803085E-1,-6.138317206E-1,1.035916350E2,5.860209804E1,-5.501316220E0,-9.265803029E1
4.106329012E1,6.187150236E-1,3.073725039E-1,-3.821883335E-1,-6.137149665E-1,1.035552814E2,5.858059326E1,-5.488911781E0,-9.261572851E1
4.107326012E1,6.190672782E-1,3.074148272E-1,-3.818479055E-1,-6.135503496E-1,1.035038917E2,5.854935743E1,-5.482984424E0,-9.256244903E1
4.108322912E1,6.193918556E-1,3.073012625E-1,-3.815772595E-1,-6.134480548E-1,1.034565237E2,5.851165975E1,-5.489594119E0,-9.252420459E1
4.109319912E1,6.198642924E-1,3.071356860E-1,-3.813276053E-1,-6.132089428E-1,1.033875499E2,5.847084039E1,-5.512679699E0,-9.246855617E1
4.110316912E1,6.204360032E-1,3.068851810E-1,-3.811496455E-1,-6.128667638E-1,1.033040385E2,5.842922162E1,-5.554841694E0,-9.240474969E1
4.111313912E1,6.210681470E-1,3.065026272E-1,-3.810760018E-1,-6.124636460E-1,1.032116435E2,5.838608486E1,-5.618537996E0,-9.234161735E1
4.112310812E1,6.217090791E-1,3.059551449E-1,-3.811146452E-1,-6.120628666E-1,1.031179036E2,5.833960883E1,-5.702162401E0,-9.228878785E1
4.113307812E1,6.222076588E-1,3.051412866E-1,-3.813134545E-1,-6.118387472E-1,1.030449415E2,5.828650728E1,-5.803540765E0,-9.227504918E1
4.114304812E1,6.226982982E-1,3.041522344E-1,-3.815751785E-1,-6.116686767E-1,1.029731053E2,5.822455220E1,-5.919532946E0,-9.227455252E1
4.115301712E1,6.232184209E-1,3.030619534E-1,-3.818187715E-1,-6.115282128E-1,1.028969131E2,5.815207063E1,-6.041634517E0,-9.227669126E1
4.116298712E1,6.236848548E-1,3.018668137E-1,-3.820653121E-1,-6.114898223E-1,1.028285515E2,5.807126669E1,-6.165442919E0,-9.229352539E1
4.117295712E1,6.242035429E-1,3.007024200E-1,-3.822686312E-1,-6.114071855E-1,1.027524931E2,5.798870874E1,-6.287855506E0,-9.230033089E1
4.118292612E1,6.246821856E-1,2.995691440E-1,-3.824759410E-1,-6.113449537E-1,1.026822710E2,5.790951243E1,-6.405921928E0,-9.231037318E1
4.119289612E1,6.251963725E-1,2.985105205E-1,-3.826154681E-1,-6.112497907E-1,1.026067957E2,5.782995653E1,-6.516573926E0,-9.230977145E1
4.120286612E1,6.258085068E-1,2.974795480E-1,-3.826231573E-1,-6.111211651E-1,1.025168913E2,5.773939054E1,-6.621249446E0,-9.229278441E1
4.121283512E1,6.263808235E-1,2.962703602E-1,-3.825906990E-1,-6.111426975E-1,1.024327837E2,5.763003580E1,-6.728688970E0,-9.229345846E1
4.122280512E1,6.270223907E-1,2.948373410E-1,-3.825294859E-1,-6.112161095E-1,1.023384400E2,5.749854374E1,-6.851153670E0,-9.229899793E1
4.123277512E1,6.276183972E-1,2.931191826E-1,-3.825591152E-1,-6.114122108E-1,1.022507401E2,5.735217275E1,-6.994206594E0,-9.233001758E1
4.124274412E1,6.280722483E-1,2.911499975E-1,-3.827401780E-1,-6.117735641E-1,1.021839214E2,5.720051091E1,-7.154262878E0,-9.239793361E1
4.125271412E1,6.285719802E-1,2.891322171E-1,-3.829238540E-1,-6.121021864E-1,1.021103115E2,5.704509563E1,-7.321308326E0,-9.246159349E1
4.126268412E1,6.290427051E-1,2.870039751E-1,-3.830751980E-1,-6.125253960E-1,1.020409394E2,5.687782853E1,-7.489637096E0,-9.253590366E1
4.127265413E1,6.296614360E-1,2.848426321E-1,-3.831085046E-1,-6.128776442E-1,1.019497034E2,5.669566691E1,-7.660903229E0,-9.258982458E1
4.128262312E1,6.303626483E-1,2.826393265E-1,-3.830670268E-1,-6.132027077E-1,1.018462337E2,5.650248663E1,-7.834486987E0,-9.263336248E1
4.129259312E1,6.310725606E-1,2.804007336E-1,-3.830272033E-1,-6.135249718E-1,1.017414030E2,5.630682423E1,-8.011404760E0,-9.267675830E1
4.130256312E1,6.318779980E-1,2.782777125E-1,-3.829592626E-1,-6.137050119E-1,1.016223717E2,5.611766243E1,-8.187107304E0,-9.269750378E1
4.131253212E1,6.327055679E-1,2.763435251E-1,-3.828498757E-1,-6.137948104E-1,1.014999646E2,5.594020034E1,-8.350369625E0,-9.270168894E1
4.132250212E1,6.336265674E-1,2.747066996E-1,-3.825819166E-1,-6.137463349E-1,1.013636124E2,5.577127729E1,-8.489471672E0,-9.267196982E1
4.133247212E1,6.346445870E-1,2.732948328E-1,-3.821473299E-1,-6.135955289E-1,1.012127417E2,5.560396369E1,-8.607831677E0,-9.261276764E1
4.134244112E1,6.354859994E-1,2.717812131E-1,-3.817393906E-1,-6.136509171E-1,1.010879211E2,5.543228582E1,-8.720964232E0,-9.258527914E1
4.135241112E1,6.362446605E-1,2.701623474E-1,-3.813634459E-1,-6.138134176E-1,1.009752803E2,5.525580228E1,-8.836906677E0,-9.257593923E1
4.136238112E1,6.367965787E-1,2.684269614E-1,-3.810346900E-1,-6.142065159E-1,1.008932778E2,5.507617798E1,-8.948347615E0,-9.260367443E1
4.137235012E1,6.372153182E-1,2.666510513E-1,-3.806853453E-1,-6.147621273E-1,1.008310304E2,5.489254413E1,-9.050394859E0,-9.265281582E1
4.138232012E1,6.376422592E-1,2.648994388E-1,-3.802636134E-1,-6.153374384E-1,1.007675349E2,5.470400711E1,-9.145329834E0,-9.269846095E1
4.139229012E1,6.380043777E-1,2.630761714E-1,-3.798540672E-1,-6.159969595E-1,1.007136572E2,5.451159382E1,-9.241078107E0,-9.275739779E1
4.140225912E1,6.384719476E-1,2.612527038E-1,-3.794607792E-1,-6.165306301E-1,1.006440588E2,5.432006720E1,-9.346782141E0,-9.279998802E1
4.141222912E1,6.389373739E-1,2.593529767E-1,-3.791965184E-1,-6.170129178E-1,1.005747446E2,5.413516228E1,-9.469199333E0,-9.284685986E1
4.142219912E1,6.394322530E-1,2.574063192E-1,-3.790769689E-1,-6.173888770E-1,1.005010059E2,5.396053931E1,-9.610444607E0,-9.289149607E1
4.143216912E1,6.399121212E-1,2.554259547E-1,-3.791191263E-1,-6.176881354E-1,1.004294662E2,5.379935297E1,-9.767974893E0,-9.293960935E1
4.144213812E1,6.404879920E-1,2.534997857E-1,-3.792417051E-1,-6.178095420E-1,1.003435651E2,5.364975840E1,-9.937298003E0,-9.296942222E1
4.145210812E1,6.409801302E-1,2.515608094E-1,-3.794351697E-1,-6.179729559E-1,1.002701115E2,5.350709606E1,-1.010806216E1,-9.301163380E1
4.146207796E1,6.415370007E-1,2.497097146E-1,-3.795839955E-1,-6.180545258E-1,1.001869490E2,5.336676387E1,-1.027459357E1,-9.303814089E1
4.147204696E1,6.420132404E-1,2.478363873E-1,-3.797328845E-1,-6.182226272E-1,1.001157878E2,5.322566839E1,-1.043680681E1,-9.307715562E1
4.148201696E1,6.422919851E-1,2.458315934E-1,-3.799364906E-1,-6.186082854E-1,1.000741197E2,5.308165646E1,-1.059778812E1,-9.315251168E1
4.149198696E1,6.426145152E-1,2.438495167E-1,-3.800423582E-1,-6.189926423E-1,1.000258905E2,5.292978817E1,-1.075205998E1,-9.321908178E1
4.150195596E1,6.428771625E-1,2.418749315E-1,-3.800103741E-1,-6.195140949E-1,9.998660325E1,5.276598200E1,-1.088918708E1,-9.329319942E1
4.151192596E1,6.432184453E-1,2.399771907E-1,-3.797450965E-1,-6.200602562E-1,9.993553666E1,5.258490865E1,-1.100633122E1,-9.335010195E1
4.152189596E1,6.435478058E-1,2.380202282E-1,-3.793133021E-1,-6.207366038E-1,9.988623588E1,5.238319819E1,-1.111137327E1,-9.341113650E1
4.153186496E1,6.438719901E-1,2.359567554E-1,-3.788132771E-1,-6.214931489E-1,9.983769248E1,5.216668115E1,-1.121688934E1,-9.347800155E1
4.154183496E1,6.442374850E-1,2.338122447E-1,-3.783054445E-1,-6.222337560E-1,9.978294248E1,5.194280787E1,-1.133033821E1,-9.354220901E1
4.155180496E1,6.445834520E-1,2.315854686E-1,-3.778228525E-1,-6.230010558E-1,9.973109737E1,5.171543828E1,-1.145046891E1,-9.361289015E1
4.156177496E1,6.449088079E-1,2.292955039E-1,-3.773656014E-1,-6.237880396E-1,9.968232291E1,5.148614197E1,-1.157609559E1,-9.368903826E1
4.157174396E1,6.453237462E-1,2.269813838E-1,-3.769235705E-1,-6.244720381E-1,9.962009362E1,5.125572527E1,-1.171176756E1,-9.375187053E1
4.158171396E1,6.456191160E-1,2.244953993E-1,-3.765791412E-1,-6.252726550E-1,9.957577892E1,5.102315317E1,-1.185945603E1,-9.384085167E1
4.159168396E1,6.459367550E-1,2.218990376E-1,-3.762774856E-1,-6.260524356E-1,9.952810694E1,5.078629090E1,-1.202052337E1,-9.393105456E1
4.160165296E1,6.462170217E-1,2.191637124E-1,-3.760325650E-1,-6.268734661E-1,9.948602996E1,5.054508095E1,-1.219394231E1,-9.403284950E1
4.161162296E1,6.464539041E-1,2.163390358E-1,-3.758474929E-1,-6.277207692E-1,9.945045614E1,5.030387157E1,-1.237652474E1,-9.414431733E1
4.162159296E1,6.465941478E-1,2.134795460E-1,-3.757179704E-1,-6.286321738E-1,9.942939064E1,5.006726362E1,-1.256070381E1,-9.427060366E1
4.163156196E1,6.466358066E-1,2.106678033E-1,-3.756125611E-1,-6.296002691E-1,9.942313258E1,4.983867775E1,-1.273817015E1,-9.440776350E1
4.164153196E1,6.466895320E-1,2.080490405E-1,-3.754514443E-1,-6.305113694E-1,9.941506143E1,4.961999427E1,-1.289978550E1,-9.453170929E1
4.165150196E1,6.467495675E-1,2.056670376E-1,-3.751958974E-1,-6.313826949E-1,9.940604175E1,4.941069581E1,-1.303853639E1,-9.464135329E1
4.166147096E1,6.467677236E-1,2.034728410E-1,-3.748204006E-1,-6.322973329E-1,9.940331388E1,4.920502852E1,-1.315186106E1,-9.474671273E1
4.167144096E1,6.468643657E-1,2.014916020E-1,-3.742489736E-1,-6.331707427E-1,9.938879290E1,4.899566925E1,-1.323935104E1,-9.482842027E1
4.168141096E1,6.469563011E-1,1.996242911E-1,-3.734993445E-1,-6.341103092E-1,9.937497767E1,4.877783923E1,-1.330342240E1,-9.490416728E1
4.169138096E1,6.470702458E-1,1.978403942E-1,-3.726279479E-1,-6.350650400E-1,9.935785313E1,4.855433510E1,-1.335300159E1,-9.497155850E1
4.170134996E1,6.472632415E-1,1.961712947E-1,-3.717310629E-1,-6.359112170E-1,9.932884320E1,4.833617193E1,-1.339839491E1,-9.502072643E1
4.171131996E1,6.473551401E-1,1.945401537E-1,-3.709408253E-1,-6.367796765E-1,9.931502738E1,4.813300200E1,-1.344444738E1,-9.508300713E1
4.172128996E1,6.475475315E-1,1.931244252E-1,-3.702075281E-1,-6.374414331E-1,9.928609910E1,4.795053064E1,-1.348807160E1,-9.511939878E1
4.173125896E1,6.477435651E-1,1.918956655E-1,-3.695182270E-1,-6.380129779E-1,9.925661680E1,4.778664680E1,-1.352338764E1,-9.514608453E1
4.174122896E1,6.478558766E-1,1.907753074E-1,-3.688519380E-1,-6.386202818E-1,9.923972291E1,4.763456572E1,-1.354799631E1,-9.518015072E1
4.175119896E1,6.480431801E-1,1.897866793E-1,-3.681262430E-1,-6.391433212E-1,9.921154400E1,4.748564477E1,-1.356342591E1,-9.519628958E1
4.176116796E1,6.481622555E-1,1.887632695E-1,-3.673736267E-1,-6.397582753E-1,9.919362662E1,4.733251464E1,-1.357451176E1,-9.522410501E1
4.177113796E1,6.484014049E-1,1.877892559E-1,-3.665291303E-1,-6.402868729E-1,9.915763438E1,4.717245776E1,-1.358207452E1,-9.523100109E1
4.178110796E1,6.486863140E-1,1.867968240E-1,-3.655831864E-1,-6.408291378E-1,9.911474269E1,4.700048133E1,-1.358501637E1,-9.523132291E1
4.179107796E1,6.490112066E-1,1.857480629E-1,-3.645224135E-1,-6.414089695E-1,9.906581498E1,4.681251346E1,-1.358439106E1,-9.522764049E1
4.180104696E1,6.494664719E-1,1.846800829E-1,-3.633610360E-1,-6.419153267E-1,9.899722357E1,4.661144925E1,-1.358476555E1,-9.520450221E1
4.181101696E1,6.499477652E-1,1.835364071E-1,-3.621982255E-1,-6.424132732E-1,9.892467257E1,4.640424250E1,-1.359205936E1,-9.518049370E1
4.182098696E1,6.504768419E-1,1.823440306E-1,-3.610718510E-1,-6.428512139E-1,9.884487328E1,4.619629094E1,-1.360916544E1,-9.515106004E1
4.183095596E1,6.509631717E-1,1.810425570E-1,-3.600426882E-1,-6.433038315E-1,9.877147937E1,4.599027232E1,-1.363986480E1,-9.513278704E1
4.184092596E1,6.513984585E-1,1.796461476E-1,-3.591383432E-1,-6.437599507E-1,9.870575437E1,4.579005192E1,-1.368515032E1,-9.512627697E1
4.185089596E1,6.518511288E-1,1.782146509E-1,-3.583627780E-1,-6.441318413E-1,9.863737024E1,4.559950254E1,-1.374557654E1,-9.511841821E1
4.186086496E1,6.521561067E-1,1.766739202E-1,-3.577765259E-1,-6.445731998E-1,9.859127797E1,4.542138647E1,-1.382125746E1,-9.513772951E1
4.187083496E1,6.523868761E-1,1.751268569E-1,-3.573443310E-1,-6.450014384E-1,9.855639044E1,4.525897921E1,-1.390657019E1,-9.516844691E1
4.188080496E1,6.525676328E-1,1.736276935E-1,-3.570190838E-1,-6.454039942E-1,9.852905743E1,4.511144532E1,-1.399505684E1,-9.520448158E1
4.189077396E1,6.527734460E-1,1.722270378E-1,-3.567661500E-1,-6.457108552E-1,9.849792865E1,4.497804997E1,-1.408477027E1,-9.523211011E1
4.190074396E1,6.528932122E-1,1.708739133E-1,-3.565899762E-1,-6.460465278E-1,9.847981094E1,4.485712807E1,-1.417269478E1,-9.527068462E1
4.191071396E1,6.530238859E-1,1.696075796E-1,-3.564397543E-1,-6.463309163E-1,9.846004038E1,4.474516391E1,-1.425761464E1,-9.530359254E1
4.192068396E1,6.531727687E-1,1.684058886E-1,-3.562952327E-1,-6.465745050E-1,9.843751124E1,4.463839619E1,-1.433972359E1,-9.533070917E1
4.193065296E1,6.533218493E-1,1.672529616E-1,-3.561654626E-1,-6.467945465E-1,9.841494833E1,4.453677034E1,-1.441980946E1,-9.535545873E1
4.194062296E1,6.534364789E-1,1.661115828E-1,-3.560923378E-1,-6.470130456E-1,9.839759689E1,4.444212703E1,-1.450205480E1,-9.538486426E1
4.195059296E1,6.535308921E-1,1.649881585E-1,-3.561078057E-1,-6.471967173E-1,9.838330388E1,4.435783407E1,-1.458969553E1,-9.541659019E1
4.196056196E1,6.536819872E-1,1.639301673E-1,-3.561961244E-1,-6.472643643E-1,9.836042672E1,4.428464122E1,-1.468268789E1,-9.543679913E1
4.197053196E1,6.538356658E-1,1.629148602E-1,-3.563478426E-1,-6.472818862E-1,9.833715435E1,4.422080480E1,-1.477845486E1,-9.545476718E1
4.198050196E1,6.539913474E-1,1.619383388E-1,-3.565337734E-1,-6.472673123E-1,9.831357450E1,4.416320824E1,-1.487465091E1,-9.547073891E1
4.199047096E1,6.542153398E-1,1.610248270E-1,-3.566998530E-1,-6.471773469E-1,9.827964078E1,4.410726571E1,-1.496884576E1,-9.547338166E1
4.200044096E1,6.544552429E-1,1.601338215E-1,-3.568344911E-1,-6.470816702E-1,9.824328703E1,4.404968666E1,-1.505968361E1,-9.547240703E1
4.201041096E1,6.547206983E-1,1.592228068E-1,-3.569285734E-1,-6.469861510E-1,9.820304958E1,4.398623346E1,-1.515001215E1,-9.546800944E1
4.202038096E1,6.550671394E-1,1.582556420E-1,-3.570173979E-1,-6.468235544E-1,9.815051796E1,4.391665819E1,-1.524896447E1,-9.545305135E1
4.203034996E1,6.554311786E-1,1.571653663E-1,-3.571728987E-1,-6.466348461E-1,9.809529543E1,4.384406445E1,-1.536382156E1,-9.544017138E1
4.204031996E1,6.557901512E-1,1.560153790E-1,-3.574394459E-1,-6.464020612E-1,9.804081883E1,4.377789466E1,-1.549255806E1,-9.543035409E1
4.205028996E1,6.561033810E-1,1.548952633E-1,-3.577713313E-1,-6.461698376E-1,9.799326563E1,4.372111972E1,-1.562218070E1,-9.542628077E1
4.206025896E1,6.564208198E-1,1.538487465E-1,-3.580724389E-1,-6.459306233E-1,9.794505593E1,4.366676196E1,-1.574409013E1,-9.541834601E1
4.207022896E1,6.568071049E-1,1.528431754E-1,-3.583235814E-1,-6.456373142E-1,9.788636667E1,4.360932267E1,-1.586290098E1,-9.539773486E1
4.208019896E1,6.571255744E-1,1.517851103E-1,-3.585929946E-1,-6.454132536E-1,9.783796111E1,4.355097397E1,-1.598305243E1,-9.538946545E1
4.209016796E1,6.575062335E-1,1.508318961E-1,-3.588398698E-1,-6.451118306E-1,9.778007967E1,4.349706599E1,-1.609745766E1,-9.536718689E1
4.210013796E1,6.579104007E-1,1.500461419E-1,-3.590307213E-1,-6.447767842E-1,9.771859576E1,4.344967436E1,-1.619620820E1,-9.533449761E1
4.211010796E1,6.582783882E-1,1.494089764E-1,-3.591466567E-1,-6.444844082E-1,9.766259062E1,4.340665927E1,-1.627533216E1,-9.530143984E1
4.212007696E1,6.586759640E-1,1.489468573E-1,-3.592106567E-1,-6.441494626E-1,9.760205542E1,4.337100510E1,-1.633892909E1,-9.525691817E1
4.213004696E1,6.590042985E-1,1.485600335E-1,-3.592987015E-1,-6.438538341E-1,9.755204184E1,4.334456763E1,-1.639494883E1,-9.522034671E1
4.214001696E1,6.593945289E-1,1.483030220E-1,-3.594025513E-1,-6.434553429E-1,9.749257508E1,4.332810871E1,-1.644670827E1,-9.516915201E1
4.214998696E1,6.597980494E-1,1.481471419E-1,-3.595046520E-1,-6.430204651E-1,9.743105457E1,4.331871966E1,-1.649177190E1,-9.511203443E1
4.215995596E1,6.601217945E-1,1.480254745E-1,-3.596016214E-1,-6.426618224E-1,9.738167561E1,4.331287619E1,-1.652902883E1,-9.506605700E1
4.216992596E1,6.605082304E-1,1.480033579E-1,-3.596355391E-1,-6.422508571E-1,9.732271029E1,4.330708471E1,-1.655728848E1,-9.500635519E1
4.217989596E1,6.608470252E-1,1.479893019E-1,-3.596511545E-1,-6.418968051E-1,9.727099244E1,4.330101294E1,-1.658043273E1,-9.495374003E1
4.218986496E1,6.611731430E-1,1.479847817E-1,-3.596643991E-1,-6.415544186E-1,9.722119034E1,4.329564782E1,-1.660190926E1,-9.490269759E1
4.219983496E1,6.615414387E-1,1.480354844E-1,-3.596671387E-1,-6.411614249E-1,9.716492424E1,4.329255384E1,-1.662103329E1,-9.484292031E1
4.220980496E1,6.618525693E-1,1.480773783E-1,-3.596829437E-1,-6.408216344E-1,9.711737247E1,4.329116981E1,-1.663847227E1,-9.479244391E1
4.221977396E1,6.621845818E-1,1.481554554E-1,-3.596747040E-1,-6.404651767E-1,9.706661001E1,4.328974038E1,-1.665243487E1,-9.473726480E1
4.222974396E1,6.624575847E-1,1.482042193E-1,-3.596695621E-1,-6.401744722E-1,9.702485482E1,4.328756624E1,-1.666519003E1,-9.469245391E1
4.223971396E1,6.627018218E-1,1.482328159E-1,-3.596711426E-1,-6.399140507E-1,9.698748790E1,4.328508887E1,-1.667825111E1,-9.465290084E1
4.224968396E1,6.629824605E-1,1.482889766E-1,-3.596456649E-1,-6.396245611E-1,9.694453840E1,4.328133024E1,-1.668914156E1,-9.460650928E1
4.225965296E1,6.632139850E-1,1.483304912E-1,-3.596026751E-1,-6.393991058E-1,9.690909471E1,4.327573634E1,-1.669651616E1,-9.456836672E1
4.226962296E1,6.634661219E-1,1.483979683E-1,-3.595373053E-1,-6.391586014E-1,9.687048443E1,4.326950755E1,-1.670128298E1,-9.452593411E1
4.227959296E1,6.637059875E-1,1.484507573E-1,-3.594760449E-1,-6.389317170E-1,9.683374259E1,4.326281748E1,-1.670672928E1,-9.448597620E1
4.228956196E1,6.638362358E-1,1.484502515E-1,-3.594150162E-1,-6.388308030E-1,9.681378719E1,4.325430568E1,-1.670931499E1,-9.446529772E1
4.229953196E1,6.639576819E-1,1.484562996E-1,-3.593153600E-1,-6.387592587E-1,9.679517760E1,4.324271412E1,-1.670742937E1,-9.444568899E1
4.230950196E1,6.640561857E-1,1.484522324E-1,-3.591772237E-1,-6.387354391E-1,9.678008157E1,4.322708387E1,-1.670142314E1,-9.442998795E1
4.231947096E1,6.640927916E-1,1.484218234E-1,-3.590188148E-1,-6.387935794E-1,9.677447115E1,4.320873549E1,-1.669170202E1,-9.442502279E1
4.232944096E1,6.641818360E-1,1.484282087E-1,-3.588166996E-1,-6.388131052E-1,9.676082268E1,4.318788387E1,-1.667863267E1,-9.441030513E1
4.233941096E1,6.642152176E-1,1.483983898E-1,-3.585898863E-1,-6.389127391E-1,9.675570567E1,4.316302313E1,-1.666255445E1,-9.440568497E1
4.234938096E1,6.642577622E-1,1.483647250E-1,-3.583291132E-1,-6.390225132E-1,9.674918379E1,4.313440615E1,-1.664428519E1,-9.439966642E1
4.235934996E1,6.643591162E-1,1.483322192E-1,-3.580474985E-1,-6.390825817E-1,9.673364539E1,4.310272097E1,-1.662767148E1,-9.438429497E1
4.236931996E1,6.644302745E-1,1.482319519E-1,-3.577912878E-1,-6.391752902E-1,9.672273511E1,4.306900878E1,-1.661637998E1,-9.437625312E1
4.237928996E1,6.644471544E-1,1.480549562E-1,-3.575815019E-1,-6.393161239E-1,9.672014689E1,4.303510148E1,-1.661146843E1,-9.437973664E1
4.238925896E1,6.645026328E-1,1.478602378E-1,-3.573982474E-1,-6.394060521E-1,9.671163991E1,4.300168355E1,-1.661257514E1,-9.437783899E1
4.239922896E1,6.644574079E-1,1.475874107E-1,-3.572778865E-1,-6.395833652E-1,9.671857467E1,4.297046389E1,-1.661881032E1,-9.439486396E1
4.240919896E1,6.644002107E-1,1.473023399E-1,-3.572135599E-1,-6.397443280E-1,9.672734474E1,4.294398305E1,-1.663022431E1,-9.441431377E1
4.241916796E1,6.642953032E-1,1.470036241E-1,-3.572107571E-1,-6.399235825E-1,9.674342867E1,4.292337907E1,-1.664522371E1,-9.444193668E1
4.242913796E1,6.640981245E-1,1.466709696E-1,-3.572676027E-1,-6.401728548E-1,9.677365378E1,4.290782758E1,-1.666240300E1,-9.448549244E1
4.243910796E1,6.638523820E-1,1.463327833E-1,-3.573410225E-1,-6.404641158E-1,9.681131321E1,4.289443899E1,-1.667853014E1,-9.453692526E1
4.244907796E1,6.635205177E-1,1.459681498E-1,-3.574180459E-1,-6.408479050E-1,9.686215318E1,4.288112806E1,-1.669169301E1,-9.460286431E1
4.245904696E1,6.632583334E-1,1.456537554E-1,-3.574651871E-1,-6.411646274E-1,9.690230438E1,4.286734546E1,-1.670280773E1,-9.465591437E1
4.246901696E1,6.630125843E-1,1.453556402E-1,-3.574971450E-1,-6.414684548E-1,9.693992735E1,4.285299403E1,-1.671241736E1,-9.470567464E1
4.247898696E1,6.627430954E-1,1.450547328E-1,-3.575258259E-1,-6.417991410E-1,9.698117220E1,4.283860730E1,-1.672052011E1,-9.475928437E1
4.248895596E1,6.625157546E-1,1.447836864E-1,-3.575424318E-1,-6.420856559E-1,9.701595612E1,4.282445618E1,-1.672796204E1,-9.480506615E1
4.249892596E1,6.622740681E-1,1.445122396E-1,-3.575590165E-1,-6.423868537E-1,9.705292476E1,4.281057136E1,-1.673458337E1,-9.485311625E1
4.250889596E1,6.620040418E-1,1.442336700E-1,-3.575689843E-1,-6.427222077E-1,9.709421582E1,4.279608426E1,-1.673944500E1,-9.490585408E1
4.251886496E1,6.617903408E-1,1.440130102E-1,-3.575536639E-1,-6.430001404E-1,9.712688458E1,4.278235501E1,-1.674126930E1,-9.494750558E1
4.252883496E1,6.615743112E-1,1.438451498E-1,-3.575244877E-1,-6.432762714E-1,9.715990097E1,4.277126944E1,-1.673787924E1,-9.498757237E1
4.253880496E1,6.613455842E-1,1.437205743E-1,-3.574739010E-1,-6.435673758E-1,9.719484879E1,4.276157528E1,-1.672867367E1,-9.502798163E1
4.254877496E1,6.610781730E-1,1.436326454E-1,-3.574077831E-1,-6.438981759E-1,9.723569537E1,4.275384892E1,-1.671309191E1,-9.507304914E1
4.255874396E1,6.607931122E-1,1.435906356E-1,-3.573206129E-1,-6.442484800E-1,9.727922377E1,4.274783895E1,-1.669122971E1,-9.511918083E1
4.256871396E1,6.605650016E-1,1.436197380E-1,-3.571815072E-1,-6.445529607E-1,9.731404547E1,4.274094030E1,-1.666301351E1,-9.515361501E1
4.257868396E1,6.602676411E-1,1.435998341E-1,-3.570469850E-1,-6.449366380E-1,9.735942437E1,4.273218888E1,-1.663463120E1,-9.520072311E1
4.258865296E1,6.600270412E-1,1.435998552E-1,-3.569258339E-1,-6.452498990E-1,9.739612973E1,4.272509495E1,-1.660941394E1,-9.523818291E1
4.259862296E1,6.597748265E-1,1.436231940E-1,-3.568265465E-1,-6.455574946E-1,9.743459591E1,4.272207461E1,-1.658373366E1,-9.527664565E1
4.260859296E1,6.594894298E-1,1.436506316E-1,-3.567302409E-1,-6.458960807E-1,9.747810915E1,4.272027732E1,-1.655603240E1,-9.532013323E1
4.261856196E1,6.592914239E-1,1.436590083E-1,-3.565923470E-1,-6.461725640E-1,9.750828976E1,4.271131967E1,-1.653132623E1,-9.535052722E1
4.262853196E1,6.590471203E-1,1.435116945E-1,-3.565082324E-1,-6.465007398E-1,9.754551759E1,4.269691963E1,-1.652003561E1,-9.539394263E1
4.263850196E1,6.588020957E-1,1.432681595E-1,-3.565128369E-1,-6.468019041E-1,9.758284466E1,4.268403504E1,-1.652361884E1,-9.544120150E1
4.264847196E1,6.585451435E-1,1.430237394E-1,-3.565904398E-1,-6.470747035E-1,9.762197734E1,4.267842878E1,-1.653301070E1,-9.549049746E1
4.265844096E1,6.581969440E-1,1.428072837E-1,-3.566907388E-1,-6.474215543E-1,9.767498792E1,4.267889156E1,-1.653688148E1,-9.555311988E1
4.266841096E1,6.578752730E-1,1.426806113E-1,-3.567670456E-1,-6.477341216E-1,9.772394071E1,4.268315352E1,-1.653363927E1,-9.560818710E1
4.267838096E1,6.574826830E-1,1.425322544E-1,-3.568726235E-1,-6.481072397E-1,9.778366141E1,4.269004665E1,-1.653032425E1,-9.567521469E1
4.268834996E1,6.570772893E-1,1.423663434E-1,-3.570048592E-1,-6.484819505E-1,9.784530132E1,4.269849486E1,-1.652989360E1,-9.574490519E1
4.269831996E1,6.567413117E-1,1.422582894E-1,-3.571194881E-1,-6.487826933E-1,9.789636464E1,4.270816642E1,-1.652781660E1,-9.580155054E1
4.270828996E1,6.563694277E-1,1.421617731E-1,-3.572029810E-1,-6.491342626E-1,9.795286209E1,4.271635289E1,-1.652000349E1,-9.586330374E1
4.271825996E1,6.560763359E-1,1.421180563E-1,-3.572238543E-1,-6.494285345E-1,9.799737218E1,4.272079763E1,-1.650752039E1,-9.591062934E1
4.272822896E1,6.558137491E-1,1.421030625E-1,-3.572085866E-1,-6.497054512E-1,9.803723688E1,4.272324215E1,-1.649157399E1,-9.595205367E1
4.273819896E1,6.555683359E-1,1.421246207E-1,-3.571816337E-1,-6.499631712E-1,9.807448349E1,4.272690082E1,-1.647293548E1,-9.598940906E1
4.274816896E1,6.553333636E-1,1.421937731E-1,-3.571479689E-1,-6.502033697E-1,9.811013563E1,4.273320076E1,-1.645081906E1,-9.602335532E1
4.275813796E1,6.551875059E-1,1.423618863E-1,-3.570908283E-1,-6.503450128E-1,9.813226165E1,4.274279392E1,-1.642465373E1,-9.603976725E1
4.276810796E1,6.550332549E-1,1.425692804E-1,-3.570367644E-1,-6.504845967E-1,9.815565688E1,4.275573304E1,-1.639535394E1,-9.605602736E1
4.277807796E1,6.549528757E-1,1.428466383E-1,-3.569655889E-1,-6.505438182E-1,9.816784632E1,4.277074963E1,-1.636379915E1,-9.605819287E1
4.278804696E1,6.548735846E-1,1.431123215E-1,-3.568707690E-1,-6.506172087E-1,9.817986966E1,4.278256880E1,-1.633110919E1,-9.606051493E1
4.279801696E1,6.547494418E-1,1.433171868E-1,-3.567457720E-1,-6.507655438E-1,9.819869193E1,4.278780142E1,-1.629759473E1,-9.607194123E1
4.280798696E1,6.546557059E-1,1.434971855E-1,-3.566064029E-1,-6.508965376E-1,9.821290219E1,4.278921899E1,-1.626648290E1,-9.607950881E1
4.281795696E1,6.544981150E-1,1.436131314E-1,-3.564829548E-1,-6.510970339E-1,9.823678935E1,4.278866923E1,-1.623768614E1,-9.609938182E1
4.282792596E1,6.543392583E-1,1.437157590E-1,-3.563595488E-1,-6.513016621E-1,9.826086403E1,4.278716104E1,-1.620980642E1,-9.611994191E1
4.283789596E1,6.542254063E-1,1.438640527E-1,-3.561933849E-1,-6.514741825E-1,9.827811555E1,4.278398818E1,-1.617750677E1,-9.613169882E1
4.284786596E1,6.541213729E-1,1.440163925E-1,-3.559635371E-1,-6.516705175E-1,9.829387735E1,4.277470127E1,-1.613993469E1,-9.614158815E1
4.285783496E1,6.541095965E-1,1.441909331E-1,-3.556547587E-1,-6.518124433E-1,9.829566143E1,4.275762733E1,-1.609933444E1,-9.613615786E1
4.286780496E1,6.541847022E-1,1.443869792E-1,-3.553194594E-1,-6.518764222E-1,9.828428273E1,4.273794068E1,-1.606002023E1,-9.611635389E1
4.287777496E1,6.542497405E-1,1.445812972E-1,-3.550212916E-1,-6.519305753E-1,9.827442848E1,4.272196525E1,-1.602347871E1,-9.609829778E1
4.288774496E1,6.544014533E-1,1.448947117E-1,-3.547528899E-1,-6.518548953E-1,9.825143891E1,4.271610346E1,-1.598591013E1,-9.606248098E1
4.289771396E1,6.544659638E-1,1.452877100E-1,-3.545592884E-1,-6.518079180E-1,9.824166221E1,4.272505208E1,-1.594381593E1,-9.603740588E1
4.290768396E1,6.545595519E-1,1.458328901E-1,-3.544161893E-1,-6.516699913E-1,9.822747743E1,4.274966306E1,-1.589666079E1,-9.600228884E1
4.291765396E1,6.545640536E-1,1.464598771E-1,-3.543527899E-1,-6.515593639E-1,9.822679510E1,4.278976084E1,-1.584516087E1,-9.597809939E1
4.292762296E1,6.544243493E-1,1.471107404E-1,-3.543859700E-1,-6.515348641E-1,9.824796906E1,4.284368649E1,-1.579177193E1,-9.597551016E1
4.293759296E1,6.542044124E-1,1.478048568E-1,-3.544985021E-1,-6.515374918E-1,9.828129643E1,4.291001286E1,-1.573736242E1,-9.598386106E1
4.294756296E1,6.538476654E-1,1.484957490E-1,-3.546978777E-1,-6.516300624E-1,9.833533702E1,4.298703015E1,-1.568260559E1,-9.601360542E1
4.295753196E1,6.535466400E-1,1.492580907E-1,-3.549538039E-1,-6.516184424E-1,9.838091969E1,4.307381544E1,-1.563089174E1,-9.603199855E1
4.296750196E1,6.531998254E-1,1.500269967E-1,-3.553181424E-1,-6.515910774E-1,9.843341658E1,4.317247109E1,-1.558543638E1,-9.605734825E1
4.297747196E1,6.527686845E-1,1.507974622E-1,-3.558413323E-1,-6.515597830E-1,9.849864890E1,4.328823598E1,-1.554868166E1,-9.609588951E1
4.298744196E1,6.523215302E-1,1.516568996E-1,-3.565198755E-1,-6.514371962E-1,9.856627031E1,4.342603383E1,-1.551801154E1,-9.613368857E1
4.299741096E1,6.517844935E-1,1.526090075E-1,-3.573528552E-1,-6.512960058E-1,9.864743891E1,4.358738346E1,-1.548861105E1,-9.618193252E1
4.300738096E1,6.511940647E-1,1.537083448E-1,-3.582912759E-1,-6.511125342E-1,9.873662031E1,4.377089657E1,-1.545440463E1,-9.623264433E1
4.301735096E1,6.506059240E-1,1.550013364E-1,-3.592929695E-1,-6.508418064E-1,9.882539693E1,4.397490524E1,-1.541173481E1,-9.627516324E1
4.302731996E1,6.498861485E-1,1.564202838E-1,-3.603704642E-1,-6.506257533E-1,9.893396298E1,4.419798561E1,-1.535848062E1,-9.633264284E1
4.303728996E1,6.490955501E-1,1.579978825E-1,-3.615265101E-1,-6.503923519E-1,9.905311023E1,4.444174440E1,-1.529621139E1,-9.639420978E1
4.304725996E1,6.481824739E-1,1.597107304E-1,-3.627704322E-1,-6.501919926E-1,9.919058410E1,4.470625478E1,-1.522425032E1,-9.646854276E1
4.305722996E1,6.472615668E-1,1.616279273E-1,-3.640254600E-1,-6.499341367E-1,9.932909495E1,4.498709327E1,-1.513797551E1,-9.653481706E1
4.306719896E1,6.464100258E-1,1.637842127E-1,-3.652376771E-1,-6.495616489E-1,9.945704628E1,4.528022704E1,-1.503509840E1,-9.657941190E1
4.307716896E1,6.454798547E-1,1.660501854E-1,-3.664438040E-1,-6.492317978E-1,9.959667427E1,4.558219516E1,-1.491904889E1,-9.663004358E1
4.308713896E1,6.446522110E-1,1.684651155E-1,-3.676305750E-1,-6.487609814E-1,9.972079110E1,4.589162804E1,-1.479732023E1,-9.665732133E1
4.309710796E1,6.438305018E-1,1.708984427E-1,-3.688394098E-1,-6.482542219E-1,9.984390591E1,4.620459126E1,-1.467695336E1,-9.668141467E1
4.310707796E1,6.429127797E-1,1.732860301E-1,-3.700918772E-1,-6.478171757E-1,9.998127470E1,4.652010748E1,-1.455790168E1,-9.672057932E1
4.311704796E1,6.419991915E-1,1.756994008E-1,-3.713369372E-1,-6.473604856E-1,1.001178876E2,4.683681107E1,-1.443694138E1,-9.675640873E1
4.312701696E1,6.409902465E-1,1.780878838E-1,-3.725585847E-1,-6.470056429E-1,1.002686012E2,4.715089561E1,-1.430982098E1,-9.680608061E1
4.313698696E1,6.399943075E-1,1.804799071E-1,-3.737200886E-1,-6.466588675E-1,1.004172099E2,4.745911097E1,-1.417826395E1,-9.685187511E1
4.314695696E1,6.389531951E-1,1.827997012E-1,-3.748997473E-1,-6.463538939E-1,1.005723878E2,4.776448921E1,-1.405068745E1,-9.690617766E1
4.315692696E1,6.379043016E-1,1.851165872E-1,-3.761090352E-1,-6.460278729E-1,1.007285491E2,4.807275765E1,-1.392562680E1,-9.696030599E1
4.316689596E1,6.369654049E-1,1.875564578E-1,-3.773072807E-1,-6.455516471E-1,1.008681845E2,4.838753240E1,-1.379853397E1,-9.699067825E1
4.317686596E1,6.361059371E-1,1.900582420E-1,-3.785048096E-1,-6.449661523E-1,1.009958838E2,4.870583893E1,-1.367274992E1,-9.700467388E1
4.318683596E1,6.351286798E-1,1.924449654E-1,-3.798024373E-1,-6.444584919E-1,1.011409419E2,4.902741508E1,-1.355633155E1,-9.704033307E1
4.319680496E1,6.340211416E-1,1.947551079E-1,-3.812171911E-1,-6.440194936E-1,1.013051558E2,4.935696275E1,-1.344709116E1,-9.709776523E1
4.320677496E1,6.329006548E-1,1.972158832E-1,-3.826473707E-1,-6.435244074E-1,1.014710934E2,4.969961503E1,-1.332822254E1,-9.714824442E1
4.321674496E1,6.316440982E-1,1.998642015E-1,-3.840137083E-1,-6.431278803E-1,1.016569489E2,5.005184876E1,-1.318191198E1,-9.720766232E1
4.322671496E1,6.304466937E-1,2.028098869E-1,-3.851341822E-1,-6.427104704E-1,1.018338270E2,5.040093297E1,-1.299800151E1,-9.724079392E1
4.323668396E1,6.292520288E-1,2.059390165E-1,-3.859800906E-1,-6.423786608E-1,1.020100798E2,5.073624564E1,-1.277810575E1,-9.726116005E1
4.324665396E1,6.281708041E-1,2.091718905E-1,-3.865570388E-1,-6.420452687E-1,1.021694073E2,5.105102532E1,-1.253594426E1,-9.725630534E1
4.325662396E1,6.270400489E-1,2.122924695E-1,-3.870384137E-1,-6.418363441E-1,1.023358425E2,5.134859759E1,-1.229019177E1,-9.726173491E1
4.326659296E1,6.258707346E-1,2.152484071E-1,-3.875503610E-1,-6.416842704E-1,1.025077487E2,5.163749923E1,-1.205612928E1,-9.727908864E1
4.327656296E1,6.248096067E-1,2.181538739E-1,-3.881335153E-1,-6.413847294E-1,1.026635711E2,5.192869125E1,-1.183991752E1,-9.728127362E1
4.328653296E1,6.237920837E-1,2.210323719E-1,-3.888431470E-1,-6.409595659E-1,1.028128312E2,5.223035543E1,-1.164042019E1,-9.727670597E1
4.329650296E1,6.227463308E-1,2.238479816E-1,-3.897375559E-1,-6.404558320E-1,1.029660707E2,5.254650165E1,-1.146011726E1,-9.727800011E1
4.330647196E1,6.217640432E-1,2.266074095E-1,-3.908306871E-1,-6.397734877E-1,1.031098620E2,5.287807148E1,-1.130630839E1,-9.727165360E1
4.331644196E1,6.206708027E-1,2.291780512E-1,-3.921718209E-1,-6.390981622E-1,1.032697268E2,5.322183199E1,-1.117957561E1,-9.729039773E1
4.332641196E1,6.195687857E-1,2.316302760E-1,-3.936932431E-1,-6.383474879E-1,1.034306965E2,5.357521606E1,-1.107646547E1,-9.731566724E1
4.333638096E1,6.183963131E-1,2.339582203E-1,-3.953766672E-1,-6.375946082E-1,1.036017618E2,5.393659948E1,-1.099118371E1,-9.735680970E1
4.334635096E1,6.171007888E-1,2.361656088E-1,-3.972137324E-1,-6.368938049E-1,1.037905471E2,5.430597176E1,-1.091876230E1,-9.742123979E1
4.335632096E1,6.156559131E-1,2.382869229E-1,-3.991878697E-1,-6.362673315E-1,1.040008088E2,5.468457707E1,-1.085337930E1,-9.751075556E1
4.336629096E1,6.140177033E-1,2.403544734E-1,-4.013037732E-1,-6.357414693E-1,1.042388410E2,5.507584533E1,-1.078992767E1,-9.762976168E1
4.337625996E1,6.122833750E-1,2.425060279E-1,-4.034993290E-1,-6.352072856E-1,1.044904208E2,5.548308856E1,-1.072111203E1,-9.775606033E1
4.338622996E1,6.106744836E-1,2.449712603E-1,-4.056215282E-1,-6.344579766E-1,1.047234230E2,5.590617145E1,-1.063533445E1,-9.784397382E1
4.339619996E1,6.091061124E-1,2.477599645E-1,-4.076029201E-1,-6.336123448E-1,1.049502058E2,5.633980505E1,-1.052003385E1,-9.790442606E1
4.340616896E1,6.077544327E-1,2.509140502E-1,-4.092630581E-1,-6.325981533E-1,1.051453793E2,5.676707818E1,-1.037018767E1,-9.790905171E1
4.341613896E1,6.064720740E-1,2.541971369E-1,-4.106695669E-1,-6.316059309E-1,1.053303085E2,5.717818675E1,-1.019590565E1,-9.789277194E1
4.342610896E1,6.051129185E-1,2.574580123E-1,-4.120077557E-1,-6.307164678E-1,1.055260643E2,5.758185539E1,-1.001211539E1,-9.788566280E1
4.343607896E1,6.037585506E-1,2.608075593E-1,-4.133546741E-1,-6.297562994E-1,1.057208781E2,5.799398657E1,-9.825173447E0,-9.786956265E1
4.344604796E1,6.023512726E-1,2.642757392E-1,-4.147132778E-1,-6.287640730E-1,1.059230372E2,5.841780123E1,-9.629242814E0,-9.785040511E1
4.345601758E1,6.011016119E-1,2.680047870E-1,-4.159079513E-1,-6.275912171E-1,1.061023288E2,5.884470154E1,-9.416552919E0,-9.778906988E1
4.346598758E1,6.000750385E-1,2.719745459E-1,-4.168571510E-1,-6.262348077E-1,1.062494559E2,5.926452436E1,-9.186656255E0,-9.767728841E1
4.347595658E1,5.991393034E-1,2.760073671E-1,-4.176093880E-1,-6.248635086E-1,1.063834407E2,5.966959927E1,-8.944550582E0,-9.754476278E1
4.348592658E1,5.983507372E-1,2.801010537E-1,-4.181454906E-1,-6.234374265E-1,1.064962620E2,6.005756672E1,-8.693249999E0,-9.738385602E1
4.349589658E1,5.975412833E-1,2.841137287E-1,-4.185703730E-1,-6.221113839E-1,1.066119855E2,6.042927913E1,-8.437205248E0,-9.722748100E1
4.350586558E1,5.968002402E-1,2.880823075E-1,-4.188765804E-1,-6.207901816E-1,1.067178524E2,6.078630062E1,-8.180609157E0,-9.706105435E1
4.351583558E1,5.961008726E-1,2.919310102E-1,-4.191588167E-1,-6.194722326E-1,1.068176987E2,6.113248521E1,-7.934188678E0,-9.689377253E1
4.352580558E1,5.952805526E-1,2.954922240E-1,-4.196020593E-1,-6.182713582E-1,1.069347307E2,6.147416178E1,-7.710808976E0,-9.676025387E1
4.353577558E1,5.945222887E-1,2.988830697E-1,-4.201849871E-1,-6.169737832E-1,1.070428307E2,6.181725759E1,-7.516554416E0,-9.662761484E1
4.354574458E1,5.937499806E-1,3.020751139E-1,-4.209388151E-1,-6.156476840E-1,1.071528555E2,6.216294310E1,-7.349479304E0,-9.650871835E1
4.355571458E1,5.930164523E-1,3.051420031E-1,-4.217897284E-1,-6.142584442E-1,1.072572834E2,6.250918497E1,-7.202954498E0,-9.639132694E1
4.356568458E1,5.924691708E-1,3.082210780E-1,-4.225921254E-1,-6.126956858E-1,1.073351509E2,6.285144147E1,-7.068399980E0,-9.624539584E1
4.357565358E1,5.918880804E-1,3.111993798E-1,-4.233943116E-1,-6.111960706E-1,1.074177862E2,6.318651527E1,-6.938068252E0,-9.610933614E1
4.358562358E1,5.914289168E-1,3.142197652E-1,-4.240823431E-1,-6.096162539E-1,1.074830517E2,6.351370334E1,-6.806820443E0,-9.595149325E1
4.359559358E1,5.909200147E-1,3.171925194E-1,-4.247341336E-1,-6.081146671E-1,1.075553551E2,6.383445344E1,-6.672206850E0,-9.580192500E1
4.360556358E1,5.902740214E-1,3.200482423E-1,-4.254048374E-1,-6.067755438E-1,1.076470880E2,6.414895216E1,-6.535335901E0,-9.567782041E1
4.361553258E1,5.896009276E-1,3.228427364E-1,-4.260635189E-1,-6.054860274E-1,1.077426121E2,6.445806503E1,-6.399563426E0,-9.556014738E1
4.362550258E1,5.889448349E-1,3.255660393E-1,-4.267332903E-1,-6.041931656E-1,1.078356676E2,6.476307694E1,-6.271229090E0,-9.544378423E1
4.363547258E1,5.882094330E-1,3.280994863E-1,-4.274781937E-1,-6.030113917E-1,1.079399063E2,6.506082045E1,-6.153815055E0,-9.535106974E1
4.364544158E1,5.875217782E-1,3.304959509E-1,-4.282161060E-1,-6.018484627E-1,1.080373148E2,6.534658499E1,-6.047655510E0,-9.526092578E1
4.365541158E1,5.867719409E-1,3.326501658E-1,-4.290091358E-1,-6.008274579E-1,1.081434632E2,6.561808009E1,-5.954020927E0,-9.519660424E1
4.366538158E1,5.860035301E-1,3.345679739E-1,-4.298181446E-1,-5.999337656E-1,1.082521670E2,6.587137559E1,-5.872358848E0,-9.515207605E1
4.367535158E1,5.852746300E-1,3.363320882E-1,-4.305923664E-1,-5.991030637E-1,1.083552125E2,6.610797152E1,-5.798739329E0,-9.511324781E1
4.368532058E1,5.844943206E-1,3.379342374E-1,-4.313563412E-1,-5.984133753E-1,1.084654518E2,6.632997294E1,-5.727764726E0,-9.509325008E1
4.369529058E1,5.836975773E-1,3.394176379E-1,-4.320902022E-1,-5.978218858E-1,1.085779340E2,6.653883922E1,-5.658409616E0,-9.508408846E1
4.370526058E1,5.829470295E-1,3.408036475E-1,-4.327881856E-1,-5.972603179E-1,1.086838218E2,6.673552595E1,-5.594547224E0,-9.507573360E1
4.371522958E1,5.821098673E-1,3.420434656E-1,-4.335187327E-1,-5.968383008E-1,1.088018466E2,6.692337312E1,-5.533157649E0,-9.509010541E1
4.372519958E1,5.814301321E-1,3.433437960E-1,-4.340850020E-1,-5.963424761E-1,1.088976130E2,6.709894969E1,-5.467390911E0,-9.507794827E1
4.373516958E1,5.808310239E-1,3.446099400E-1,-4.344948695E-1,-5.958973540E-1,1.089819726E2,6.725506442E1,-5.395602173E0,-9.505715562E1
4.374513958E1,5.803180441E-1,3.457832029E-1,-4.347512277E-1,-5.955302233E-1,1.090541695E2,6.738681437E1,-5.321214916E0,-9.503174887E1
4.375510858E1,5.797867620E-1,3.468157190E-1,-4.349173680E-1,-5.953260429E-1,1.091289080E2,6.749693524E1,-5.243106346E0,-9.501971525E1
4.376507858E1,5.792637617E-1,3.477692256E-1,-4.349886199E-1,-5.952269557E-1,1.092024476E2,6.759022868E1,-5.160331018E0,-9.501258632E1
4.377504858E1,5.788765758E-1,3.487384635E-1,-4.348911474E-1,-5.951076208E-1,1.092568686E2,6.766688975E1,-5.072876221E0,-9.498570494E1
4.378501758E1,5.785869215E-1,3.496170225E-1,-4.346661174E-1,-5.950383525E-1,1.092975690E2,6.772198430E1,-4.986049670E0,-9.495292600E1
4.379498758E1,5.783166180E-1,3.502362598E-1,-4.344357270E-1,-5.951050025E-1,1.093355412E2,6.775357645E1,-4.912144051E0,-9.493841450E1
4.380495758E1,5.782408281E-1,3.506134161E-1,-4.341743902E-1,-5.951474121E-1,1.093461865E2,6.775992008E1,-4.863453679E0,-9.491767761E1
4.381492758E1,5.781857270E-1,3.505965679E-1,-4.340314175E-1,-5.953152138E-1,1.093539255E2,6.774365076E1,-4.845582988E0,-9.492627657E1
4.382489658E1,5.782996677E-1,3.502920095E-1,-4.339212509E-1,-5.954641009E-1,1.093379220E2,6.770477884E1,-4.858796781E0,-9.493580094E1
4.383486658E1,5.785435426E-1,3.497283771E-1,-4.338180359E-1,-5.956335180E-1,1.093036635E2,6.764328687E1,-4.895884678E0,-9.494903107E1
4.384483658E1,5.788480061E-1,3.489455573E-1,-4.337038022E-1,-5.958799980E-1,1.092608835E2,6.756109892E1,-4.947207333E0,-9.497187881E1
4.385480558E1,5.793115615E-1,3.481319466E-1,-4.335047083E-1,-5.960503312E-1,1.091957278E2,6.746688252E1,-5.006011002E0,-9.497583040E1
4.386477558E1,5.798563128E-1,3.473127963E-1,-4.332657199E-1,-5.961722588E-1,1.091191258E2,6.736780750E1,-5.068530821E0,-9.496917570E1
4.387474558E1,5.804902772E-1,3.465541715E-1,-4.329581138E-1,-5.962203148E-1,1.090299330E2,6.726666693E1,-5.129704662E0,-9.494549586E1
4.388471558E1,5.812756863E-1,3.459293049E-1,-4.325344510E-1,-5.961252710E-1,1.089193645E2,6.716472532E1,-5.187143807E0,-9.489051146E1
4.389468458E1,5.821874814E-1,3.453990791E-1,-4.320142088E-1,-5.959202786E-1,1.087909081E2,6.706064549E1,-5.242191029E0,-9.481077732E1
4.390465458E1,5.833504815E-1,3.449857371E-1,-4.313257479E-1,-5.955209793E-1,1.086269113E2,6.694848358E1,-5.297991218E0,-9.468763346E1
4.391462458E1,5.846726110E-1,3.445648402E-1,-4.305605481E-1,-5.950216406E-1,1.084402703E2,6.682714052E1,-5.360782051E0,-9.454331491E1
4.392459358E1,5.861163065E-1,3.441126203E-1,-4.297615124E-1,-5.944401853E-1,1.082362177E2,6.669911096E1,-5.432425658E0,-9.438463057E1
4.393456358E1,5.877003991E-1,3.436756576E-1,-4.289088658E-1,-5.937445483E-1,1.080120184E2,6.656638216E1,-5.510532253E0,-9.420525610E1
4.394453358E1,5.892974968E-1,3.431927654E-1,-4.280443233E-1,-5.930643974E-1,1.077856554E2,6.642834188E1,-5.590626187E0,-9.402712237E1
4.395450358E1,5.910598233E-1,3.427792653E-1,-4.270293824E-1,-5.922807208E-1,1.075354948E2,6.628027332E1,-5.667581509E0,-9.382026431E1
4.396447258E1,5.928305806E-1,3.422707556E-1,-4.259401893E-1,-5.915890071E-1,1.072837337E2,6.611620084E1,-5.742251627E0,-9.361902680E1
4.397444258E1,5.945888608E-1,3.416072431E-1,-4.248469370E-1,-5.909938956E-1,1.070333431E2,6.593816007E1,-5.822266386E0,-9.343098054E1
4.398441258E1,5.963947770E-1,3.408389297E-1,-4.237762990E-1,-5.903859614E-1,1.067757468E2,6.575305946E1,-5.913269535E0,-9.324381253E1
4.399438158E1,5.981253484E-1,3.398922667E-1,-4.228287141E-1,-5.898603685E-1,1.065284935E2,6.556520023E1,-6.017440691E0,-9.308026225E1
4.400435158E1,5.997906556E-1,3.388106153E-1,-4.220045693E-1,-5.893817479E-1,1.062901881E2,6.537836168E1,-6.133833158E0,-9.293543369E1
4.401432158E1,6.014284028E-1,3.376739279E-1,-4.212572082E-1,-5.888994987E-1,1.060554638E2,6.519463628E1,-6.257678131E0,-9.279779537E1
4.402429158E1,6.029033858E-1,3.364036193E-1,-4.206433842E-1,-5.885570016E-1,1.058437569E2,6.501350738E1,-6.386180137E0,-9.269228043E1
4.403426058E1,6.043210385E-1,3.351097374E-1,-4.200670418E-1,-5.882527843E-1,1.056399997E2,6.483440927E1,-6.514360077E0,-9.259568260E1
4.404423058E1,6.057164271E-1,3.338563849E-1,-4.194940027E-1,-5.879391367E-1,1.054391739E2,6.465933295E1,-6.639060934E0,-9.249817575E1
4.405420058E1,6.069685514E-1,3.325822989E-1,-4.189661424E-1,-5.877461627E-1,1.052587384E2,6.448775446E1,-6.756531642E0,-9.242145505E1
4.406416958E1,6.082317418E-1,3.313845434E-1,-4.183862281E-1,-5.875298157E-1,1.050764882E2,6.431755836E1,-6.866419290E0,-9.233654253E1
4.407413958E1,6.094222243E-1,3.302163329E-1,-4.178021413E-1,-5.873696550E-1,1.049045245E2,6.414993507E1,-6.968157665E0,-9.225887583E1
4.408410958E1,6.105268155E-1,3.290625023E-1,-4.172344417E-1,-5.872735536E-1,1.047447902E2,6.398571889E1,-7.063322665E0,-9.219151477E1
4.409407958E1,6.116164143E-1,3.279606967E-1,-4.166834164E-1,-5.871473475E-1,1.045870555E2,6.382786254E1,-7.156405399E0,-9.212172196E1
4.410404858E1,6.126178748E-1,3.268719014E-1,-4.162077207E-1,-5.870479139E-1,1.044419320E2,6.367928251E1,-7.248537229E0,-9.206285950E1
4.411401858E1,6.135206155E-1,3.258225344E-1,-4.157741930E-1,-5.869956966E-1,1.043109919E2,6.353898630E1,-7.334348820E0,-9.201446847E1
4.412398858E1,6.144414135E-1,3.248985175E-1,-4.152864591E-1,-5.868899343E-1,1.041773128E2,6.340406192E1,-7.410600020E0,-9.195359288E1
4.413395758E1,6.152831611E-1,3.240351077E-1,-4.147752916E-1,-5.868470381E-1,1.040550037E2,6.327252930E1,-7.474817305E0,-9.189899068E1
4.414392758E1,6.161893395E-1,3.233135431E-1,-4.141490000E-1,-5.867365080E-1,1.039232185E2,6.314137562E1,-7.526728016E0,-9.182417714E1
4.415389758E1,6.171270831E-1,3.226967345E-1,-4.134266346E-1,-5.865998916E-1,1.037867179E2,6.300950062E1,-7.567019541E0,-9.173666883E1
4.416386758E1,6.180368624E-1,3.221503375E-1,-4.126641191E-1,-5.864791856E-1,1.036541659E2,6.287991835E1,-7.597569329E0,-9.164756251E1
4.417383658E1,6.188921549E-1,3.216641262E-1,-4.118887909E-1,-5.863892798E-1,1.035294424E2,6.275466875E1,-7.619208666E0,-9.156150973E1
4.418380658E1,6.196247383E-1,3.212176014E-1,-4.111209807E-1,-5.863990711E-1,1.034225279E2,6.263441968E1,-7.628998930E0,-9.148978906E1
4.419377658E1,6.203230062E-1,3.209197022E-1,-4.103322499E-1,-5.863764171E-1,1.033205481E2,6.252527968E1,-7.626659191E0,-9.141177704E1
4.420374558E1,6.209912050E-1,3.207504352E-1,-4.095548987E-1,-5.863051863E-1,1.032228926E2,6.242872795E1,-7.616665231E0,-9.132837921E1
4.421371558E1,6.214755329E-1,3.204722502E-1,-4.089056844E-1,-5.863972587E-1,1.031520681E2,6.233670236E1,-7.608397085E0,-9.127939390E1
4.422368558E1,6.218829533E-1,3.200262074E-1,-4.083985340E-1,-5.865623611E-1,1.030924631E2,6.224478220E1,-7.615325551E0,-9.125387695E1
4.423365558E1,6.221151521E-1,3.193450959E-1,-4.081132183E-1,-5.868859949E-1,1.030584817E2,6.215567661E1,-7.640008561E0,-9.127092636E1
4.424362458E1,6.222145344E-1,3.185565653E-1,-4.079917985E-1,-5.872933021E-1,1.030439351E2,6.207446117E1,-7.674468400E0,-9.131488182E1
4.425359458E1,6.223636407E-1,3.178502578E-1,-4.078952084E-1,-5.875851361E-1,1.030221075E2,6.200262404E1,-7.711791066E0,-9.134554114E1
4.426356458E1,6.223037566E-1,3.170379616E-1,-4.079555206E-1,-5.880453309E-1,1.030308743E2,6.193862665E1,-7.751630037E0,-9.141394655E1
4.427353358E1,6.222607616E-1,3.162070629E-1,-4.080480909E-1,-5.884738853E-1,1.030371683E2,6.187623727E1,-7.797100454E0,-9.148117436E1
4.428350358E1,6.221787688E-1,3.153198928E-1,-4.081155891E-1,-5.889894006E-1,1.030491703E2,6.180682773E1,-7.839673134E0,-9.155793851E1
4.429347358E1,6.219915196E-1,3.144110329E-1,-4.081577412E-1,-5.896434683E-1,1.030765758E2,6.173380661E1,-7.872000472E0,-9.165125639E1
4.430344358E1,6.218914893E-1,3.135458266E-1,-4.080619993E-1,-5.902758133E-1,1.030912140E2,6.165032628E1,-7.896470758E0,-9.172866373E1
4.431341258E1,6.218040017E-1,3.125433954E-1,-4.079025262E-1,-5.910092435E-1,1.031040155E2,6.154868684E1,-7.922804701E0,-9.181399811E1
4.432338258E1,6.218354946E-1,3.114464288E-1,-4.076870399E-1,-5.917035193E-1,1.030994075E2,6.143269621E1,-7.958780376E0,-9.188887038E1
4.433335258E1,6.218754301E-1,3.102439002E-1,-4.075109451E-1,-5.924142192E-1,1.030935639E2,6.131169478E1,-8.004813405E0,-9.196990089E1
4.434332158E1,6.218335558E-1,3.089243877E-1,-4.074312665E-1,-5.932018398E-1,1.030996912E2,6.119105233E1,-8.059410061E0,-9.207078865E1
4.435329158E1,6.218673247E-1,3.076602720E-1,-4.073367364E-1,-5.938879391E-1,1.030947500E2,6.107338066E1,-8.116559654E0,-9.215650006E1
4.436326158E1,6.218436526E-1,3.064150223E-1,-4.072424749E-1,-5.946207740E-1,1.030982138E2,6.095793042E1,-8.168272317E0,-9.224878755E1
4.437323158E1,6.219065371E-1,3.053027617E-1,-4.070196920E-1,-5.952792751E-1,1.030890121E2,6.084052315E1,-8.208490306E0,-9.231878547E1
4.438320058E1,6.220961228E-1,3.043266038E-1,-4.066196710E-1,-5.958542332E-1,1.030612669E2,6.071620453E1,-8.235632436E0,-9.236058961E1
4.439317058E1,6.222790573E-1,3.033611302E-1,-4.061005640E-1,-5.965092624E-1,1.030344900E2,6.058101676E1,-8.250444767E0,-9.240229910E1
4.440314058E1,6.226466634E-1,3.025016190E-1,-4.053955842E-1,-5.970413228E-1,1.029806670E2,6.043504656E1,-8.257634112E0,-9.240963910E1
4.441311058E1,6.230381009E-1,3.016459747E-1,-4.046400388E-1,-5.975782118E-1,1.029233326E2,6.028428886E1,-8.261902000E0,-9.241306771E1
4.442307958E1,6.234401529E-1,3.007990443E-1,-4.039069681E-1,-5.980814741E-1,1.028644196E2,6.013654399E1,-8.268894466E0,-9.241415476E1
4.443304958E1,6.239513191E-1,3.000590616E-1,-4.031817999E-1,-5.984092831E-1,1.027894832E2,5.999797516E1,-8.280265955E0,-9.239184947E1
4.444301958E1,6.243504708E-1,2.992282629E-1,-4.026028708E-1,-5.987986146E-1,1.027309408E2,5.986717421E1,-8.301125873E0,-9.239193224E1
4.445298858E1,6.247847835E-1,2.983557968E-1,-4.021148788E-1,-5.991088681E-1,1.026672142E2,5.974174505E1,-8.335849311E0,-9.238970509E1
4.446295883E1,6.250818964E-1,2.973026313E-1,-4.018045516E-1,-5.995306119E-1,1.026236026E2,5.961981056E1,-8.385776788E0,-9.241969448E1
4.447292883E1,6.253375895E-1,2.961794126E-1,-4.016134209E-1,-5.999476668E-1,1.025860602E2,5.950424333E1,-8.447530465E0,-9.246028113E1
4.448289883E1,6.254806359E-1,2.949655728E-1,-4.015812734E-1,-6.004180256E-1,1.025650529E2,5.939784353E1,-8.520156021E0,-9.252323416E1
4.449286783E1,6.256406188E-1,2.937097231E-1,-4.017051851E-1,-6.007840354E-1,1.025415547E2,5.930351544E1,-8.611508064E0,-9.258639357E1
4.450283783E1,6.256541295E-1,2.922601771E-1,-4.021152213E-1,-6.012024456E-1,1.025395701E2,5.922279466E1,-8.728646884E0,-9.268382014E1
4.451280783E1,6.255621453E-1,2.906125304E-1,-4.028103914E-1,-6.016313517E-1,1.025530813E2,5.915514753E1,-8.875194466E0,-9.280976001E1
4.452277683E1,6.253304272E-1,2.887318642E-1,-4.038102305E-1,-6.021071001E-1,1.025871119E2,5.910019137E1,-9.052222731E0,-9.297136969E1
4.453274683E1,6.248596838E-1,2.866600147E-1,-4.050677186E-1,-6.027410361E-1,1.026562213E2,5.905792191E1,-9.245059865E0,-9.318004746E1
4.454271683E1,6.244346927E-1,2.847148270E-1,-4.063133529E-1,-6.032647351E-1,1.027185852E2,5.902561254E1,-9.434238182E0,-9.337285985E1
4.455268683E1,6.239542522E-1,2.828773614E-1,-4.074912625E-1,-6.038313237E-1,1.027890531E2,5.899676281E1,-9.607126752E0,-9.356581628E1
4.456265583E1,6.236061772E-1,2.812893103E-1,-4.084699123E-1,-6.042715317E-1,1.028400849E2,5.896800994E1,-9.758660698E0,-9.372242660E1
4.457262583E1,6.232159646E-1,2.798102562E-1,-4.093350554E-1,-6.047749508E-1,1.028972731E2,5.893766171E1,-9.890386840E0,-9.387734742E1
4.458259583E1,6.228496084E-1,2.784613358E-1,-4.100638271E-1,-6.052811503E-1,1.029509442E2,5.890444791E1,-1.000425967E1,-9.401979569E1
4.459256483E1,6.225818705E-1,2.773348032E-1,-4.106032541E-1,-6.057080346E-1,1.029901551E2,5.886968654E1,-1.009614272E1,-9.413291983E1
4.460253483E1,6.222865805E-1,2.764303634E-1,-4.109567924E-1,-6.061848090E-1,1.030333887E2,5.883459863E1,-1.015606634E1,-9.423504247E1
4.461250483E1,6.220601979E-1,2.759020632E-1,-4.110178948E-1,-6.066163624E-1,1.030665248E2,5.879988127E1,-1.017308176E1,-9.430223472E1
4.462247483E1,6.220690527E-1,2.759244854E-1,-4.106628919E-1,-6.068374608E-1,1.030652288E2,5.876554554E1,-1.013911109E1,-9.429904461E1
4.463244383E1,6.221585607E-1,2.763867257E-1,-4.099432608E-1,-6.070219073E-1,1.030521281E2,5.872924158E1,-1.005269445E1,-9.425509971E1
4.464241383E1,6.225167306E-1,2.773761545E-1,-4.087558260E-1,-6.070041154E-1,1.029996934E2,5.868626595E1,-9.914462025E0,-9.413737724E1
4.465238383E1,6.231786942E-1,2.788212277E-1,-4.070794088E-1,-6.067894141E-1,1.029027341E2,5.862899208E1,-9.729384990E0,-9.394527772E1
4.466235283E1,6.240566085E-1,2.805306723E-1,-4.049887038E-1,-6.064981840E-1,1.027740430E2,5.855088609E1,-9.508217950E0,-9.370384432E1
4.467232283E1,6.251994506E-1,2.823810454E-1,-4.025500450E-1,-6.060858311E-1,1.026063438E2,5.844884277E1,-9.268069728E0,-9.341401466E1
4.468229283E1,6.264126035E-1,2.840995831E-1,-3.999900876E-1,-6.057248031E-1,1.024281119E2,5.832515116E1,-9.029636838E0,-9.312211234E1
4.469226283E1,6.278002773E-1,2.856477528E-1,-3.973687749E-1,-6.052851806E-1,1.022239664E2,5.818180079E1,-8.808923811E0,-9.281570966E1
4.470223183E1,6.294039477E-1,2.869629346E-1,-3.947302241E-1,-6.047238860E-1,1.019876789E2,5.801758303E1,-8.616660066E0,-9.249297025E1
4.471220183E1,6.310773673E-1,2.878324663E-1,-3.921988844E-1,-6.042135508E-1,1.017406929E2,5.782787433E1,-8.464183097E0,-9.218946479E1
4.472217183E1,6.329729521E-1,2.882681593E-1,-3.897852397E-1,-6.035845631E-1,1.014603925E2,5.761303714E1,-8.363836928E0,-9.188210479E1
4.473214183E1,6.349276255E-1,2.881368403E-1,-3.876670972E-1,-6.029579370E-1,1.011707664E2,5.737998949E1,-8.326410598E0,-9.160352113E1
4.474211083E1,6.369033288E-1,2.874693027E-1,-3.859234979E-1,-6.023111238E-1,1.008774116E2,5.713869892E1,-8.354652104E0,-9.135703979E1
4.475208083E1,6.389504842E-1,2.864095255E-1,-3.845220256E-1,-6.015436310E-1,1.005727916E2,5.689726081E1,-8.441840906E0,-9.112516719E1
4.476205083E1,6.408676903E-1,2.850000453E-1,-3.834942378E-1,-6.008292959E-1,1.002868971E2,5.666356233E1,-8.572767848E0,-9.093451073E1
4.477201983E1,6.426854273E-1,2.833971585E-1,-3.827533384E-1,-6.001177451E-1,1.000152845E2,5.644198562E1,-8.733378614E0,-9.077000204E1
4.478198983E1,6.442666914E-1,2.816285029E-1,-3.823016980E-1,-5.995424420E-1,9.977856649E1,5.623618262E1,-8.911693713E0,-9.065023239E1
4.479195983E1,6.455607130E-1,2.797693896E-1,-3.820855848E-1,-5.991585395E-1,9.958454235E1,5.604783116E1,-9.094683692E0,-9.057798187E1
4.480192983E1,6.467311178E-1,2.779202493E-1,-3.819436237E-1,-5.988475089E-1,9.940881369E1,5.586852577E1,-9.274578911E0,-9.052241490E1
4.481189883E1,6.477256411E-1,2.759800560E-1,-3.818564692E-1,-5.987255096E-1,9.925931272E1,5.568844843E1,-9.450987827E0,-9.049797347E1
4.482186883E1,6.487136239E-1,2.739925634E-1,-3.817069902E-1,-5.986639989E-1,9.911063061E1,5.549854516E1,-9.623787143E0,-9.047639888E1
4.483183883E1,6.497402974E-1,2.719926217E-1,-3.814223198E-1,-5.986439607E-1,9.895595146E1,5.529429471E1,-9.787669188E0,-9.044857966E1
4.484180783E1,6.506722748E-1,2.700260444E-1,-3.810062935E-1,-5.987868965E-1,9.881538458E1,5.508116305E1,-9.929969202E0,-9.043178397E1
4.485177783E1,6.516296826E-1,2.682709496E-1,-3.803636121E-1,-5.989431770E-1,9.867082811E1,5.486368014E1,-1.004108630E1,-9.039676970E1
4.486174783E1,6.525434606E-1,2.667068748E-1,-3.795797702E-1,-5.991440146E-1,9.853271294E1,5.464902498E1,-1.012480551E1,-9.035554207E1
4.487171783E1,6.534092253E-1,2.652740400E-1,-3.788543914E-1,-5.992956748E-1,9.840172246E1,5.445147087E1,-1.020314360E1,-9.031273504E1
4.488168683E1,6.543309769E-1,2.639758169E-1,-3.783827839E-1,-5.991613106E-1,9.826211894E1,5.428897480E1,-1.030260572E1,-9.025248404E1
4.489165683E1,6.550950835E-1,2.626843637E-1,-3.784083565E-1,-5.988776782E-1,9.814627984E1,5.417637674E1,-1.043706023E1,-9.021525357E1
4.490162683E1,6.559708212E-1,2.616759319E-1,-3.788037625E-1,-5.981100049E-1,9.801339237E1,5.412157009E1,-1.059971402E1,-9.014314613E1
4.491159583E1,6.568872544E-1,2.610674631E-1,-3.794004723E-1,-5.969910140E-1,9.787418608E1,5.411871375E1,-1.076240908E1,-9.004000739E1
4.492156583E1,6.579726832E-1,2.610552669E-1,-3.798193435E-1,-5.955330070E-1,9.770911848E1,5.414623889E1,-1.088786412E1,-8.987424032E1
4.493153583E1,6.592400179E-1,2.616966102E-1,-3.797919533E-1,-5.938650244E-1,9.751612407E1,5.418308571E1,-1.094830114E1,-8.964023197E1
4.494150583E1,6.607346663E-1,2.629694766E-1,-3.791896011E-1,-5.920236760E-1,9.728814657E1,5.421505889E1,-1.093639262E1,-8.933202165E1
4.495147483E1,6.621400029E-1,2.645595666E-1,-3.781252087E-1,-5.904237895E-1,9.707342697E1,5.423093810E1,-1.085587357E1,-8.901738377E1
4.496144483E1,6.635063853E-1,2.663601326E-1,-3.766419242E-1,-5.890267242E-1,9.686431774E1,5.422597194E1,-1.072073300E1,-8.869501767E1
4.497141483E1,6.647250114E-1,2.682344662E-1,-3.748861918E-1,-5.879211360E-1,9.667753504E1,5.420425297E1,-1.054402767E1,-8.839020560E1
4.498138483E1,6.657037245E-1,2.701593549E-1,-3.730223317E-1,-5.871172481E-1,9.652732823E1,5.418056352E1,-1.033564497E1,-8.811875389E1
4.499135383E1,6.664373825E-1,2.721266961E-1,-3.711194753E-1,-5.865821859E-1,9.641461566E1,5.416079564E1,-1.010231121E1,-8.788207693E1
4.500132383E1,6.670076847E-1,2.741333655E-1,-3.691523396E-1,-5.862406569E-1,9.632693112E1,5.414140061E1,-9.848213624E0,-8.766761360E1
4.501129383E1,6.676138407E-1,2.762032868E-1,-3.670245086E-1,-5.859151146E-1,9.623366811E1,5.411348791E1,-9.578452273E0,-8.744290183E1
4.502126283E1,6.683084392E-1,2.782066898E-1,-3.647839452E-1,-5.855745496E-1,9.612671360E1,5.407010430E1,-9.308769497E0,-8.720791876E1
4.503123283E1,6.689887078E-1,2.799107527E-1,-3.626165198E-1,-5.853317653E-1,9.602187862E1,5.400942491E1,-9.061318213E0,-8.699365848E1
4.504120283E1,6.697695782E-1,2.812746906E-1,-3.606146894E-1,-5.850215909E-1,9.590143353E1,5.393506991E1,-8.856134580E0,-8.678504094E1
4.505117283E1,6.704997645E-1,2.821630566E-1,-3.589450894E-1,-5.847841013E-1,9.578870282E1,5.385158480E1,-8.704372537E0,-8.661459436E1
4.506114183E1,6.711481911E-1,2.825285277E-1,-3.576713115E-1,-5.846442185E-1,9.568851058E1,5.376040425E1,-8.612066183E0,-8.649044728E1
4.507111183E1,6.717485624E-1,2.823865192E-1,-3.567923127E-1,-5.845604833E-1,9.559567290E1,5.366203672E1,-8.580883810E0,-8.640644925E1
4.508108183E1,6.721091050E-1,2.817009717E-1,-3.563729805E-1,-5.847325083E-1,9.553988804E1,5.356074106E1,-8.603956371E0,-8.639486070E1
4.509105083E1,6.722869199E-1,2.806241566E-1,-3.563039492E-1,-5.850879353E-1,9.551236660E1,5.345923323E1,-8.667341303E0,-8.643683111E1
4.510102083E1,6.722681541E-1,2.792746857E-1,-3.564930332E-1,-5.856397745E-1,9.551527139E1,5.335963342E1,-8.754968834E0,-8.652669766E1
4.511099083E1,6.721384445E-1,2.777956790E-1,-3.568176798E-1,-5.862940437E-1,9.553534742E1,5.326251862E1,-8.854272834E0,-8.664175065E1
4.512096083E1,6.720797814E-1,2.763135561E-1,-3.571401322E-1,-5.868649597E-1,9.554442606E1,5.316458827E1,-8.959474810E0,-8.674536224E1
4.513092983E1,6.719748884E-1,2.747219409E-1,-3.574860129E-1,-5.875213863E-1,9.556065756E1,5.306011366E1,-9.069546225E0,-8.686269307E1
4.514089983E1,6.720505525E-1,2.731292010E-1,-3.577359964E-1,-5.880249885E-1,9.554894924E1,5.294533587E1,-9.184826287E0,-8.695128259E1
4.515086983E1,6.723778412E-1,2.716014936E-1,-3.578539760E-1,-5.882866598E-1,9.549829187E1,5.282182789E1,-9.303673733E0,-8.699586161E1
4.516083983E1,6.727776436E-1,2.700606549E-1,-3.579181156E-1,-5.884999255E-1,9.543638330E1,5.269169463E1,-9.423887322E0,-8.702935330E1
4.517080883E1,6.733387604E-1,2.685918768E-1,-3.578812397E-1,-5.885528040E-1,9.534944419E1,5.255695668E1,-9.543107945E0,-8.703249044E1
4.518077883E1,6.739470501E-1,2.671551961E-1,-3.577907715E-1,-5.885655060E-1,9.525512824E1,5.241962459E1,-9.659198876E0,-8.702567661E1
4.519074883E1,6.746394912E-1,2.657625588E-1,-3.576453017E-1,-5.884911063E-1,9.514767824E1,5.228017541E1,-9.774184097E0,-8.700233852E1
4.520071783E1,6.753363235E-1,2.643595745E-1,-3.574735533E-1,-5.884279097E-1,9.503945380E1,5.213739332E1,-9.887643539E0,-8.697833844E1
4.521068783E1,6.758828601E-1,2.628197552E-1,-3.573433037E-1,-5.885693782E-1,9.495450612E1,5.198839620E1,-1.000121775E1,-8.698584061E1
4.522065783E1,6.763989720E-1,2.611887986E-1,-3.572180011E-1,-5.887785293E-1,9.487423429E1,5.183251832E1,-1.011817785E1,-8.700301402E1
4.523062783E1,6.767379459E-1,2.593728753E-1,-3.571999043E-1,-5.892025820E-1,9.482148494E1,5.167286284E1,-1.024252271E1,-8.705858381E1
4.524059683E1,6.769411938E-1,2.574153333E-1,-3.572893715E-1,-5.897729816E-1,9.478984585E1,5.151285704E1,-1.037526829E1,-8.714324179E1
4.525056683E1,6.771896231E-1,2.554150281E-1,-3.574009501E-1,-5.902896862E-1,9.475116258E1,5.135110169E1,-1.051650238E1,-8.722239899E1
4.526053683E1,6.773308414E-1,2.532840782E-1,-3.575878766E-1,-5.909323993E-1,9.472916793E1,5.118684038E1,-1.066480888E1,-8.732528158E1
4.527050683E1,6.775711864E-1,2.511742333E-1,-3.577470810E-1,-5.914608127E-1,9.469172541E1,5.102105953E1,-1.081735228E1,-8.741019795E1
4.528047583E1,6.777455532E-1,2.490502850E-1,-3.579083349E-1,-5.920613579E-1,9.466455436E1,5.085543404E1,-1.096652598E1,-8.750542645E1
4.529044583E1,6.779097310E-1,2.470173528E-1,-3.579888986E-1,-5.926759696E-1,9.463896560E1,5.069047795E1,-1.110256040E1,-8.759612109E1
4.530041583E1,6.781236184E-1,2.451801506E-1,-3.579222855E-1,-5.932342125E-1,9.460562120E1,5.052800226E1,-1.121742089E1,-8.766700018E1
4.531038483E1,6.782283744E-1,2.434996241E-1,-3.577357910E-1,-5.939186141E-1,9.458928679E1,5.036908705E1,-1.130403540E1,-8.774571043E1
4.532035483E1,6.783589769E-1,2.420854972E-1,-3.573431246E-1,-5.945836598E-1,9.456891916E1,5.021318373E1,-1.135770546E1,-8.780489695E1
4.533032483E1,6.784630427E-1,2.408547829E-1,-3.568125221E-1,-5.952829129E-1,9.455268757E1,5.006024745E1,-1.138582094E1,-8.785768001E1
4.534029483E1,6.784701840E-1,2.397067343E-1,-3.562692176E-1,-5.960630747E-1,9.455157364E1,4.991433643E1,-1.140105656E1,-8.792096963E1
4.535026383E1,6.782982275E-1,2.385765560E-1,-3.558179197E-1,-5.969811148E-1,9.457839352E1,4.978077688E1,-1.141125698E1,-8.801142273E1
4.536023383E1,6.780396171E-1,2.374898101E-1,-3.554588602E-1,-5.979213240E-1,9.461871782E1,4.966056087E1,-1.142177861E1,-8.811288991E1
4.537020383E1,6.776072404E-1,2.362917174E-1,-3.553042919E-1,-5.989771368E-1,9.468610771E1,4.955236829E1,-1.144614965E1,-8.824769894E1
4.538017283E1,6.770768461E-1,2.349743071E-1,-3.553830064E-1,-6.000474323E-1,9.476872474E1,4.945735376E1,-1.149320688E1,-8.840408076E1
4.539014283E1,6.763196279E-1,2.335109632E-1,-3.557550419E-1,-6.012510699E-1,9.488657818E1,4.938069068E1,-1.156098264E1,-8.860383158E1
4.540011283E1,6.753968253E-1,2.320180744E-1,-3.563460724E-1,-6.025150091E-1,9.503005290E1,4.932450763E1,-1.163997209E1,-8.883074506E1
4.541008283E1,6.744924698E-1,2.306958751E-1,-3.569750403E-1,-6.036622990E-1,9.517050007E1,4.928614361E1,-1.171415155E1,-8.904492352E1
4.542005183E1,6.734851206E-1,2.295121282E-1,-3.576105832E-1,-6.048609106E-1,9.532675735E1,4.926150916E1,-1.177359903E1,-8.926746080E1
4.543002183E1,6.724829423E-1,2.284906045E-1,-3.581876262E-1,-6.060201281E-1,9.548202013E1,4.924497846E1,-1.181839599E1,-8.948004350E1
4.543999183E1,6.715410551E-1,2.276172796E-1,-3.586704184E-1,-6.071066633E-1,9.562776825E1,4.923121904E1,-1.184986484E1,-8.967484468E1
4.544996183E1,6.705368801E-1,2.267710447E-1,-3.591153732E-1,-6.082691419E-1,9.578297001E1,4.921715368E1,-1.187191659E1,-8.987765777E1
4.545993096E1,6.696374400E-1,2.260051258E-1,-3.594822036E-1,-6.093274756E-1,9.592182318E1,4.920111327E1,-1.188940390E1,-9.005942165E1
4.546990096E1,6.687697997E-1,2.252044305E-1,-3.598051643E-1,-6.103851982E-1,9.605562357E1,4.917787836E1,-1.190741119E1,-9.023771912E1
4.547987096E1,6.678800139E-1,2.242822627E-1,-3.601225670E-1,-6.115109220E-1,9.619269327E1,4.914476796E1,-1.193109628E1,-9.042560919E1
4.548983996E1,6.669651796E-1,2.231975187E-1,-3.604641356E-1,-6.127037569E-1,9.633346839E1,4.910136149E1,-1.196570292E1,-9.062555612E1
4.549980996E1,6.659677876E-1,2.218899602E-1,-3.608833229E-1,-6.140155644E-1,9.648677137E1,4.904874452E1,-1.201604247E1,-9.084965169E1
4.550977996E1,6.650668698E-1,2.204621567E-1,-3.613602935E-1,-6.152245757E-1,9.662508867E1,4.899109439E1,-1.208660972E1,-9.106443853E1
4.551974996E1,6.640982114E-1,2.188355833E-1,-3.619907260E-1,-6.164796641E-1,9.677364046E1,4.893348802E1,-1.217975455E1,-9.129954696E1
4.552971896E1,6.630052172E-1,2.169663653E-1,-3.627902992E-1,-6.178453484E-1,9.694105505E1,4.887493875E1,-1.229589608E1,-9.156587037E1
4.553968896E1,6.619400491E-1,2.149358408E-1,-3.636774219E-1,-6.191741872E-1,9.710399934E1,4.881241520E1,-1.243311954E1,-9.183532464E1
4.554965896E1,6.607839558E-1,2.126768804E-1,-3.646755172E-1,-6.206003575E-1,9.728062170E1,4.874466625E1,-1.258975679E1,-9.212957565E1
4.555962796E1,6.595224782E-1,2.102452337E-1,-3.658243402E-1,-6.220928841E-1,9.747307115E1,4.868045749E1,-1.276510878E1,-9.244782539E1
4.556959796E1,6.582208268E-1,2.077878617E-1,-3.671193442E-1,-6.235326929E-1,9.767135265E1,4.863032028E1,-1.295384944E1,-9.277249225E1
4.557956796E1,6.568291932E-1,2.053811661E-1,-3.685087836E-1,-6.249763357E-1,9.788300996E1,4.859609266E1,-1.314274774E1,-9.310742279E1
4.558953796E1,6.553912138E-1,2.031451282E-1,-3.698790409E-1,-6.264056328E-1,9.810135897E1,4.857551017E1,-1.331640926E1,-9.343994604E1
4.559950696E1,6.539166075E-1,2.011308829E-1,-3.711470762E-1,-6.278449200E-1,9.832489528E1,4.856411455E1,-1.346435985E1,-9.376613465E1
4.560947696E1,6.524224952E-1,1.993192586E-1,-3.722966578E-1,-6.292946939E-1,9.855100478E1,4.855829394E1,-1.358739783E1,-9.408444655E1
4.561944696E1,6.509961398E-1,1.977241584E-1,-3.733295190E-1,-6.306617065E-1,9.876650257E1,4.855771337E1,-1.369055822E1,-9.438101118E1
4.562941696E1,6.495264061E-1,1.962860184E-1,-3.742614333E-1,-6.320726032E-1,9.898819113E1,4.856070786E1,-1.377155725E1,-9.467583828E1
4.563938596E1,6.482515252E-1,1.951340818E-1,-3.749769814E-1,-6.333126708E-1,9.918019257E1,4.856202191E1,-1.382735166E1,-9.492628229E1
4.564935596E1,6.470995708E-1,1.941907089E-1,-3.754725019E-1,-6.344860358E-1,9.935344558E1,4.855611179E1,-1.385783463E1,-9.514724648E1
4.565932596E1,6.459803527E-1,1.933596889E-1,-3.757708278E-1,-6.357024446E-1,9.952156241E1,4.853902495E1,-1.386545260E1,-9.535711536E1
4.566929496E1,6.450845751E-1,1.927417951E-1,-3.758023326E-1,-6.367802123E-1,9.965596617E1,4.850855106E1,-1.384996533E1,-9.552215780E1
4.567926496E1,6.442526822E-1,1.922406585E-1,-3.756158433E-1,-6.378830250E-1,9.978066550E1,4.846443605E1,-1.381153255E1,-9.567130121E1
4.568923496E1,6.436075144E-1,1.919302364E-1,-3.751972935E-1,-6.388734599E-1,9.987729641E1,4.840900686E1,-1.375209014E1,-9.578252383E1
4.569920496E1,6.430627707E-1,1.917294383E-1,-3.746036657E-1,-6.398297254E-1,9.995883283E1,4.834301136E1,-1.367645941E1,-9.587284891E1
4.570917396E1,6.425019393E-1,1.915208536E-1,-3.738802150E-1,-6.408779429E-1,1.000427264E2,4.826378592E1,-1.358894338E1,-9.596559942E1
4.571914396E1,6.420723121E-1,1.913208984E-1,-3.730440742E-1,-6.418547205E-1,1.001069585E2,4.817215218E1,-1.349980762E1,-9.603782092E1
4.572911396E1,6.416224580E-1,1.910006139E-1,-3.722271946E-1,-6.428735571E-1,1.001741825E2,4.807365404E1,-1.341957086E1,-9.611873594E1
4.573908396E1,6.410708031E-1,1.905293595E-1,-3.715556794E-1,-6.439511204E-1,1.002565740E2,4.797960122E1,-1.335617723E1,-9.622221780E1
4.574905296E1,6.405363308E-1,1.900555130E-1,-3.710145033E-1,-6.449343723E-1,1.003363521E2,4.789800560E1,-1.330589546E1,-9.632343930E1
4.575902296E1,6.398510820E-1,1.895479806E-1,-3.706386377E-1,-6.459791337E-1,1.004385681E2,4.783234412E1,-1.326286745E1,-9.644906616E1
4.576899296E1,6.391616613E-1,1.890916251E-1,-3.703998653E-1,-6.469318036E-1,1.005413299E2,4.778415020E1,-1.322831731E1,-9.657311454E1
4.577896196E1,6.382734682E-1,1.885579933E-1,-3.703833542E-1,-6.479730741E-1,1.006736070E2,4.775495271E1,-1.320587695E1,-9.673083958E1
4.578893196E1,6.373707453E-1,1.880572993E-1,-3.705075505E-1,-6.489353927E-1,1.008079184E2,4.774240002E1,-1.319272630E1,-9.688931840E1
4.579890196E1,6.365194514E-1,1.876599493E-1,-3.706697210E-1,-6.497928400E-1,1.009344587E2,4.774066151E1,-1.317916315E1,-9.703521894E1
4.580887196E1,6.356185704E-1,1.873337644E-1,-3.708163183E-1,-6.506846173E-1,1.010682444E2,4.774339718E1,-1.315611360E1,-9.718497942E1
4.581884096E1,6.346385014E-1,1.870431829E-1,-3.709218329E-1,-6.516638433E-1,1.012136441E2,4.774579175E1,-1.312192486E1,-9.734452846E1
4.582881096E1,6.337471923E-1,1.868350302E-1,-3.709639692E-1,-6.525665320E-1,1.013457442E2,4.774677579E1,-1.308228587E1,-9.748671911E1
4.583878096E1,6.329169752E-1,1.866651257E-1,-3.709916281E-1,-6.534045042E-1,1.014686779E2,4.774827978E1,-1.304275786E1,-9.761780296E1
4.584875096E1,6.320474600E-1,1.864484698E-1,-3.710750999E-1,-6.542601109E-1,1.015973150E2,4.775239106E1,-1.300890888E1,-9.775688708E1
4.585871996E1,6.313046600E-1,1.862632555E-1,-3.711672540E-1,-6.549772857E-1,1.017071126E2,4.775795480E1,-1.298187625E1,-9.787561089E1
4.586868996E1,6.305309545E-1,1.859868775E-1,-3.713023979E-1,-6.557241015E-1,1.018213875E2,4.776148314E1,-1.296308041E1,-9.800314031E1
4.587865996E1,6.298184001E-1,1.856645173E-1,-3.714524617E-1,-6.564149081E-1,1.019265486E2,4.776229391E1,-1.295285759E1,-9.812369212E1
4.588862896E1,6.291543515E-1,1.853150989E-1,-3.716208595E-1,-6.570548487E-1,1.020244807E2,4.776231561E1,-1.294933699E1,-9.823828944E1
4.589859896E1,6.285212926E-1,1.850170996E-1,-3.717498920E-1,-6.576714703E-1,1.021177795E2,4.776180128E1,-1.294081930E1,-9.834572837E1
4.590856896E1,6.280046315E-1,1.848051431E-1,-3.717100633E-1,-6.582467998E-1,1.021938784E2,4.774915762E1,-1.291918504E1,-9.843145328E1
4.591853896E1,6.275441878E-1,1.845428317E-1,-3.714803103E-1,-6.588888965E-1,1.022616627E2,4.771303263E1,-1.288848292E1,-9.851063181E1
4.592850796E1,6.271873502E-1,1.842045505E-1,-3.711056353E-1,-6.595341871E-1,1.023141723E2,4.765542103E1,-1.285750659E1,-9.857762238E1
4.593847796E1,6.270056485E-1,1.838897662E-1,-3.706643894E-1,-6.600426954E-1,1.023409028E2,4.759053392E1,-1.283047501E1,-9.861754752E1
4.594844796E1,6.268519350E-1,1.836153797E-1,-3.702131758E-1,-6.605181580E-1,1.023635120E2,4.752725516E1,-1.280156343E1,-9.865144588E1
4.595841696E1,6.268442946E-1,1.835461957E-1,-3.696726635E-1,-6.608473789E-1,1.023646357E2,4.746817506E1,-1.275968831E1,-9.865417133E1
4.596838696E1,6.268973495E-1,1.836694647E-1,-3.690374368E-1,-6.611177588E-1,1.023568325E2,4.741297386E1,-1.269980548E1,-9.863882753E1
4.597835696E1,6.269270644E-1,1.838976477E-1,-3.683621178E-1,-6.614027123E-1,1.023524619E2,4.736183420E1,-1.262749611E1,-9.862197279E1
4.598832696E1,6.270898935E-1,1.842512176E-1,-3.676398051E-1,-6.615518542E-1,1.023285100E2,4.731354582E1,-1.255067108E1,-9.857967742E1
4.599829596E1,6.272560258E-1,1.846302758E-1,-3.669313693E-1,-6.616820142E-1,1.023040680E2,4.726857746E1,-1.247342473E1,-9.853576992E1
4.600826596E1,6.275359441E-1,1.851315704E-1,-3.662160530E-1,-6.616727630E-1,1.022628759E2,4.723056358E1,-1.239408146E1,-9.846948010E1
4.601823596E1,6.279033645E-1,1.857492957E-1,-3.655075855E-1,-6.615427979E-1,1.022087892E2,4.720084521E1,-1.231256617E1,-9.838496503E1
4.602820596E1,6.282300737E-1,1.864079667E-1,-3.648720111E-1,-6.613980788E-1,1.021606781E2,4.718209400E1,-1.223180907E1,-9.830467616E1
4.603817496E1,6.285894691E-1,1.871810347E-1,-3.642638215E-1,-6.611735533E-1,1.021077347E2,4.717428650E1,-1.214734767E1,-9.821431583E1
4.604814496E1,6.288586558E-1,1.880256839E-1,-3.636511064E-1,-6.610151286E-1,1.020680673E2,4.717265795E1,-1.205172493E1,-9.813376550E1
4.605811496E1,6.291451424E-1,1.890051767E-1,-3.629467061E-1,-6.608502778E-1,1.020258384E2,4.717193355E1,-1.193981283E1,-9.804403982E1
4.606808396E1,6.295106491E-1,1.901273154E-1,-3.621252430E-1,-6.606309364E-1,1.019719433E2,4.716951336E1,-1.181284056E1,-9.793558776E1
4.607805396E1,6.298168525E-1,1.913049089E-1,-3.612284740E-1,-6.604900329E-1,1.019267769E2,4.716484659E1,-1.167181613E1,-9.783288687E1
4.608802396E1,6.301702433E-1,1.925725755E-1,-3.602737477E-1,-6.603060724E-1,1.018746322E2,4.716098954E1,-1.152256865E1,-9.771868900E1
4.609799396E1,6.304721162E-1,1.938435506E-1,-3.593409168E-1,-6.601543266E-1,1.018300740E2,4.716056687E1,-1.137184065E1,-9.761175072E1
4.610796296E1,6.306964283E-1,1.950942846E-1,-3.584518870E-1,-6.600549378E-1,1.017969551E2,4.716423810E1,-1.122151875E1,-9.751707057E1
4.611793296E1,6.309197236E-1,1.963060118E-1,-3.575756066E-1,-6.599575772E-1,1.017639786E2,4.716659256E1,-1.107511369E1,-9.742423853E1
4.612790296E1,6.309763215E-1,1.973196435E-1,-3.567462409E-1,-6.600500948E-1,1.017556189E2,4.716085508E1,-1.093616190E1,-9.736536654E1
4.613787296E1,6.310246416E-1,1.981449526E-1,-3.559452927E-1,-6.601889068E-1,1.017484815E2,4.714399474E1,-1.081242361E1,-9.731670849E1
4.614784196E1,6.310638605E-1,1.987424842E-1,-3.552157571E-1,-6.603646368E-1,1.017426882E2,4.711718924E1,-1.071026394E1,-9.728050120E1
4.615781196E1,6.309763979E-1,1.990399830E-1,-3.546452732E-1,-6.606652781E-1,1.017556076E2,4.708478540E1,-1.063477994E1,-9.727776499E1
4.616778196E1,6.309100285E-1,1.991334331E-1,-3.542490823E-1,-6.609130476E-1,1.017654105E2,4.705380481E1,-1.058994379E1,-9.728216717E1
4.617775096E1,6.307095149E-1,1.990120608E-1,-3.540997455E-1,-6.612209514E-1,1.017950226E2,4.703222456E1,-1.057289137E1,-9.731717061E1
4.618772096E1,6.304744737E-1,1.988516235E-1,-3.541418344E-1,-6.614708282E-1,1.018297259E2,4.702681125E1,-1.057285687E1,-9.735951880E1
4.619769096E1,6.300335295E-1,1.986184777E-1,-3.543829881E-1,-6.618316935E-1,1.018948074E2,4.703767875E1,-1.058198714E1,-9.743596056E1
4.620766096E1,6.294415796E-1,1.983627517E-1,-3.547502347E-1,-6.622747807E-1,1.019821294E2,4.706090505E1,-1.059396407E1,-9.753585753E1
4.621762996E1,6.287145215E-1,1.980775703E-1,-3.552082181E-1,-6.628050973E-1,1.020893084E2,4.709236227E1,-1.060723584E1,-9.765707860E1
4.622759996E1,6.278739447E-1,1.977631443E-1,-3.557507007E-1,-6.634045098E-1,1.022131207E2,4.713124983E1,-1.062261273E1,-9.779637730E1
4.623756996E1,6.268077085E-1,1.973880531E-1,-3.564053098E-1,-6.641726835E-1,1.023700164E2,4.717921015E1,-1.063756088E1,-9.797167490E1
4.624753996E1,6.256368111E-1,1.970706768E-1,-3.571212688E-1,-6.649858385E-1,1.025421141E2,4.723884088E1,-1.064702390E1,-9.815936497E1
4.625750896E1,6.244696555E-1,1.969139906E-1,-3.578144001E-1,-6.657563079E-1,1.027134557E2,4.730833521E1,-1.064335120E1,-9.833844562E1
4.626747896E1,6.232146343E-1,1.968442323E-1,-3.584697889E-1,-6.665998073E-1,1.028974680E2,4.738163433E1,-1.062467136E1,-9.852572384E1
4.627744896E1,6.221135597E-1,1.969757884E-1,-3.589834588E-1,-6.673125408E-1,1.030587148E2,4.745427097E1,-1.058932001E1,-9.868027781E1
4.628741896E1,6.210299959E-1,1.972304028E-1,-3.593654305E-1,-6.680406381E-1,1.032172214E2,4.752280337E1,-1.053508436E1,-9.882575166E1
4.629738796E1,6.201235726E-1,1.977050870E-1,-3.595379533E-1,-6.686494204E-1,1.033496821E2,4.758496365E1,-1.045860731E1,-9.893415185E1
4.630735796E1,6.192547390E-1,1.983401399E-1,-3.595407087E-1,-6.692647828E-1,1.034765361E2,4.764169582E1,-1.035871833E1,-9.902859842E1
4.631732796E1,6.184127951E-1,1.991077657E-1,-3.594478117E-1,-6.698649724E-1,1.035993584E2,4.769839251E1,-1.024301718E1,-9.911215893E1
4.632729696E1,6.177152174E-1,2.000597313E-1,-3.593089010E-1,-6.702993852E-1,1.037010423E2,4.776263755E1,-1.011947329E1,-9.916546780E1
4.633726696E1,6.170653103E-1,2.011635994E-1,-3.592289484E-1,-6.706102630E-1,1.037957137E2,4.784349337E1,-9.993165056E0,-9.920421925E1
4.634723696E1,6.163545248E-1,2.023916954E-1,-3.592748253E-1,-6.708699087E-1,1.038991829E2,4.794667948E1,-9.864827444E0,-9.924550475E1
4.635720696E1,6.156462918E-1,2.038279388E-1,-3.593906395E-1,-6.710232363E-1,1.040022080E2,4.807226946E1,-9.727848732E0,-9.927569844E1
4.636717596E1,6.149077052E-1,2.054832299E-1,-3.594911018E-1,-6.711417585E-1,1.041095714E2,4.821298169E1,-9.572236261E0,-9.929861429E1
4.637714596E1,6.142769697E-1,2.073757709E-1,-3.594496926E-1,-6.711594259E-1,1.042011952E2,4.835635971E1,-9.394945531E0,-9.929305368E1
4.638711596E1,6.137256599E-1,2.093926241E-1,-3.592504223E-1,-6.711442820E-1,1.042812346E2,4.849277993E1,-9.200922444E0,-9.926862064E1
4.639708596E1,6.132202929E-1,2.114355082E-1,-3.589000713E-1,-6.711533278E-1,1.043545658E2,4.861596740E1,-8.995583078E0,-9.923510572E1
4.640705496E1,6.128042007E-1,2.134998871E-1,-3.583925126E-1,-6.711509860E-1,1.044149154E2,4.872466380E1,-8.781547056E0,-9.918653185E1
4.641702496E1,6.123780460E-1,2.155387462E-1,-3.578142104E-1,-6.711968075E-1,1.044766990E2,4.882484918E1,-8.563028743E0,-9.913974653E1
4.642699496E1,6.119556424E-1,2.176116178E-1,-3.571594117E-1,-6.712619744E-1,1.045379133E2,4.892035127E1,-8.336273105E0,-9.908967645E1
4.643696396E1,6.117147468E-1,2.198365341E-1,-3.563317477E-1,-6.711964624E-1,1.045728123E2,4.900924254E1,-8.096442539E0,-9.900461809E1
4.644693396E1,6.114780949E-1,2.220922492E-1,-3.553731861E-1,-6.711776202E-1,1.046070885E2,4.908809933E1,-7.844160268E0,-9.891617306E1
4.645690396E1,6.113883985E-1,2.244677405E-1,-3.542418278E-1,-6.710672876E-1,1.046200779E2,4.915863450E1,-7.578982089E0,-9.879928543E1
4.646687321E1,6.113733126E-1,2.269593094E-1,-3.529513176E-1,-6.709228899E-1,1.046222624E2,4.922272412E1,-7.297749082E0,-9.866428496E1
4.647684221E1,6.114483366E-1,2.295404667E-1,-3.515109069E-1,-6.707325521E-1,1.046113981E2,4.927940033E1,-7.004136046E0,-9.851037746E1
4.648681221E1,6.114813534E-1,2.320765742E-1,-3.500428005E-1,-6.705974556E-1,1.046066166E2,4.933132941E1,-6.709151601E0,-9.836379798E1
4.649678221E1,6.114750841E-1,2.345732640E-1,-3.486321086E-1,-6.704695294E-1,1.046075245E2,4.938720103E1,-6.419736396E0,-9.822405210E1
4.650675221E1,6.115285342E-1,2.371345016E-1,-3.472951947E-1,-6.702134372E-1,1.045997836E2,4.945602907E1,-6.136666881E0,-9.807125793E1
4.651672121E1,6.115694667E-1,2.397193942E-1,-3.460475374E-1,-6.699019220E-1,1.045938553E2,4.953661749E1,-5.859376325E0,-9.791793883E1
4.652669121E1,6.114665335E-1,2.422626983E-1,-3.449516824E-1,-6.696460169E-1,1.046087628E2,4.963057455E1,-5.589028151E0,-9.778631683E1
4.653666121E1,6.113866705E-1,2.449107058E-1,-3.439691498E-1,-6.692610001E-1,1.046203281E2,4.974466095E1,-5.323440166E0,-9.764436612E1
4.654663021E1,6.111519889E-1,2.476104222E-1,-3.431400370E-1,-6.689074803E-1,1.046543081E2,4.987949619E1,-5.058021180E0,-9.752011429E1
4.655660021E1,6.108142320E-1,2.503305482E-1,-3.423651145E-1,-6.686006433E-1,1.047031989E2,5.002261461E1,-4.789811218E0,-9.740785989E1
4.656657021E1,6.104121142E-1,2.530592985E-1,-3.415399688E-1,-6.683626348E-1,1.047613851E2,5.016273352E1,-4.513242702E0,-9.730264823E1
4.657654021E1,6.098724580E-1,2.557898690E-1,-3.406474645E-1,-6.682711840E-1,1.048394372E2,5.029793167E1,-4.222452880E0,-9.721512055E1
4.658650921E1,6.093998549E-1,2.586318784E-1,-3.395589326E-1,-6.681624978E-1,1.049077576E2,5.042381974E1,-3.912794884E0,-9.710980452E1
4.659647921E1,6.089650654E-1,2.615493860E-1,-3.382526147E-1,-6.680857932E-1,1.049705840E2,5.053575870E1,-3.582930937E0,-9.699281538E1
4.660644921E1,6.085749884E-1,2.644843503E-1,-3.367642567E-1,-6.680377116E-1,1.050269270E2,5.063267665E1,-3.240174031E0,-9.686672254E1
4.661641921E1,6.083411972E-1,2.674456932E-1,-3.351377045E-1,-6.678896523E-1,1.050606857E2,5.071937989E1,-2.895111148E0,-9.671535955E1
4.662638821E1,6.080311781E-1,2.703331369E-1,-3.335695835E-1,-6.677944716E-1,1.051054399E2,5.080725941E1,-2.555520795E0,-9.657767984E1
4.663635821E1,6.077655898E-1,2.732422678E-1,-3.320785677E-1,-6.675952645E-1,1.051437694E2,5.090557064E1,-2.224859451E0,-9.643083079E1
4.664632821E1,6.074565322E-1,2.761694797E-1,-3.307367516E-1,-6.673381213E-1,1.051883599E2,5.102108033E1,-1.903690650E0,-9.628732241E1
4.665629721E1,6.070910374E-1,2.791306198E-1,-3.295349895E-1,-6.670331441E-1,1.052410761E2,5.115417645E1,-1.589401256E0,-9.614783917E1
4.666626721E1,6.066622775E-1,2.820935222E-1,-3.284184563E-1,-6.667274530E-1,1.053028936E2,5.129690056E1,-1.278901367E0,-9.601532445E1
4.667623721E1,6.063215676E-1,2.850637015E-1,-3.272586949E-1,-6.663441643E-1,1.053519981E2,5.143732131E1,-9.710347317E-1,-9.586819070E1
4.668620721E1,6.060366971E-1,2.879640711E-1,-3.259713273E-1,-6.659871383E-1,1.053930425E2,5.156106549E1,-6.612330544E-1,-9.571607880E1
4.669617621E1,6.059617494E-1,2.908654971E-1,-3.243668020E-1,-6.655777344E-1,1.054038391E2,5.165627335E1,-3.392246574E-1,-9.553286990E1
4.670614621E1,6.059778074E-1,2.937131370E-1,-3.224992028E-1,-6.652200340E-1,1.054015259E2,5.172374599E1,-4.984360781E-3,-9.533891548E1
4.671611621E1,6.061037975E-1,2.965179979E-1,-3.204653341E-1,-6.648437760E-1,1.053833756E2,5.177373917E1,3.326484918E-1,-9.513093475E1
4.672608621E1,6.062605258E-1,2.992400805E-1,-3.183952634E-1,-6.644757233E-1,1.053607940E2,5.181509282E1,6.654812795E-1,-9.492276861E1
4.673605521E1,6.063002861E-1,3.017917132E-1,-3.164234448E-1,-6.642272519E-1,1.053550647E2,5.185253672E1,9.867571848E-1,-9.474122284E1
4.674602521E1,6.063071587E-1,3.041366677E-1,-3.145993410E-1,-6.640178215E-1,1.053540744E2,5.188721880E1,1.284488173E0,-9.457735079E1
4.675599521E1,6.063352048E-1,3.062339749E-1,-3.129268741E-1,-6.638186592E-1,1.053500329E2,5.191561295E1,1.552360820E0,-9.442678935E1
4.676596521E1,6.062925864E-1,3.080416664E-1,-3.114624265E-1,-6.637098861E-1,1.053561742E2,5.193874350E1,1.789401922E0,-9.430558454E1
4.677593421E1,6.063639384E-1,3.096389495E-1,-3.101412896E-1,-6.635200172E-1,1.053458923E2,5.195754650E1,1.993510052E0,-9.418269719E1
4.678590421E1,6.063982169E-1,3.109999846E-1,-3.090248326E-1,-6.633730380E-1,1.053409525E2,5.197491823E1,2.168234207E0,-9.408126160E1
4.679587421E1,6.066160450E-1,3.123474221E-1,-3.079298970E-1,-6.630500114E-1,1.053095577E2,5.199395974E1,2.327621812E0,-9.395478229E1
4.680584321E1,6.068991902E-1,3.137259609E-1,-3.068262399E-1,-6.626514681E-1,1.052687393E2,5.201565725E1,2.484937397E0,-9.381649840E1
4.681581321E1,6.072097729E-1,3.151254242E-1,-3.057536253E-1,-6.621986819E-1,1.052239526E2,5.204273743E1,2.638721651E0,-9.367246095E1
4.682578321E1,6.075951268E-1,3.165595396E-1,-3.047938728E-1,-6.616034367E-1,1.051683653E2,5.208408514E1,2.779431950E0,-9.351494758E1
4.683575321E1,6.080306092E-1,3.180471054E-1,-3.039888331E-1,-6.608597766E-1,1.051055220E2,5.214517431E1,2.906144679E0,-9.334595641E1
4.684572221E1,6.083656792E-1,3.195420745E-1,-3.033719514E-1,-6.601132690E-1,1.050571510E2,5.222448318E1,3.023512516E0,-9.318990555E1
4.685569221E1,6.087527164E-1,3.211182738E-1,-3.028490440E-1,-6.592310907E-1,1.050012584E2,5.232042921E1,3.133460403E0,-9.302003312E1
4.686566221E1,6.090375026E-1,3.227068840E-1,-3.024944514E-1,-6.583545627E-1,1.049601187E2,5.243313022E1,3.236076656E0,-9.286293715E1
4.687563221E1,6.093258819E-1,3.243387408E-1,-3.022628814E-1,-6.573914124E-1,1.049184484E2,5.256151323E1,3.329716631E0,-9.270147731E1
4.688560121E1,6.095346432E-1,3.259899707E-1,-3.021882808E-1,-6.564148198E-1,1.048882755E2,5.270622788E1,3.415753850E0,-9.254909077E1
4.689557121E1,6.096556757E-1,3.277289879E-1,-3.021954076E-1,-6.554324743E-1,1.048707795E2,5.286662045E1,3.505144022E0,-9.240173868E1
4.690554121E1,6.097854986E-1,3.296323435E-1,-3.021502644E-1,-6.543771909E-1,1.048520105E2,5.303789918E1,3.607093216E0,-9.224003383E1
4.691551021E1,6.099121419E-1,3.316291716E-1,-3.020380326E-1,-6.533010633E-1,1.048336989E2,5.321229561E1,3.719621710E0,-9.207081231E1
4.692548021E1,6.101967003E-1,3.336624923E-1,-3.018155512E-1,-6.521017497E-1,1.047925459E2,5.338129356E1,3.831937734E0,-9.187572986E1
4.693545021E1,6.107588471E-1,3.357208864E-1,-3.014184173E-1,-6.507013022E-1,1.047112144E2,5.353855617E1,3.940477648E0,-9.163877366E1
4.694542021E1,6.113364539E-1,3.377313860E-1,-3.009465306E-1,-6.493353808E-1,1.046275997E2,5.368551276E1,4.050902978E0,-9.140226167E1
4.695538921E1,6.120160968E-1,3.398498486E-1,-3.003214573E-1,-6.478776227E-1,1.045291538E2,5.383004323E1,4.172475849E0,-9.114195789E1
4.696535921E1,6.125500249E-1,3.420475472E-1,-2.996782608E-1,-6.465128116E-1,1.044517687E2,5.398087249E1,4.309288857E0,-9.089476147E1
4.697532921E1,6.127987980E-1,3.442472084E-1,-2.991571401E-1,-6.453499576E-1,1.044156988E2,5.414277765E1,4.454854971E0,-9.068638061E1
4.698529921E1,6.128134467E-1,3.463979015E-1,-2.988100371E-1,-6.443452795E-1,1.044135746E2,5.431562868E1,4.598342454E0,-9.051368714E1
4.699526821E1,6.124563707E-1,3.482451320E-1,-2.987942136E-1,-6.436958888E-1,1.044653455E2,5.448847166E1,4.722568952E0,-9.041651185E1
4.700523821E1,6.119951828E-1,3.497961518E-1,-2.990241931E-1,-6.431867720E-1,1.045321842E2,5.465508592E1,4.816556053E0,-9.035703453E1
4.701520821E1,6.113270327E-1,3.509909965E-1,-2.995500356E-1,-6.429264269E-1,1.046289639E2,5.481352591E1,4.880435761E0,-9.035475922E1
4.702517721E1,6.106693707E-1,3.518876470E-1,-3.001983200E-1,-6.427589380E-1,1.047241629E2,5.495459827E1,4.917085186E0,-9.037473061E1
4.703514721E1,6.101694010E-1,3.525360184E-1,-3.008653940E-1,-6.425666035E-1,1.047964945E2,5.507436640E1,4.927667041E0,-9.039241977E1
4.704511721E1,6.095709263E-1,3.529318932E-1,-3.017100274E-1,-6.425210743E-1,1.048830308E2,5.518552706E1,4.916568442E0,-9.044422269E1
4.705508721E1,6.089760960E-1,3.533114097E-1,-3.026468833E-1,-6.424360760E-1,1.049689904E2,5.530352595E1,4.896183528E0,-9.049676820E1
4.706505621E1,6.083960553E-1,3.537607267E-1,-3.035750939E-1,-6.423004632E-1,1.050527651E2,5.542759750E1,4.879105826E0,-9.054143520E1
4.707502621E1,6.078162556E-1,3.542416802E-1,-3.044185208E-1,-6.421850085E-1,1.051364581E2,5.554715676E1,4.871214225E0,-9.058335078E1
4.708499621E1,6.073713455E-1,3.547333522E-1,-3.050836956E-1,-6.420188736E-1,1.052006483E2,5.565233216E1,4.869861921E0,-9.060544062E1
4.709496621E1,6.071450749E-1,3.552182306E-1,-3.055163119E-1,-6.417591067E-1,1.052332833E2,5.573686862E1,4.872782844E0,-9.059746960E1
4.710493521E1,6.070391915E-1,3.556353843E-1,-3.057673965E-1,-6.415085121E-1,1.052485525E2,5.579907598E1,4.879513422E0,-9.057814219E1
4.711490521E1,6.070619666E-1,3.560018801E-1,-3.058847043E-1,-6.412277140E-1,1.052452683E2,5.584492863E1,4.886065311E0,-9.054497308E1
4.712487521E1,6.070262616E-1,3.562951353E-1,-3.060249295E-1,-6.410317799E-1,1.052504170E2,5.588558327E1,4.891129678E0,-9.052594978E1
4.713484421E1,6.068864895E-1,3.565773638E-1,-3.062683566E-1,-6.408908540E-1,1.052705705E2,5.593405049E1,4.894086327E0,-9.052231681E1
4.714481421E1,6.067760410E-1,3.568879808E-1,-3.065847161E-1,-6.406712083E-1,1.052864939E2,5.599196479E1,4.889779206E0,-9.051223729E1
4.715478421E1,6.066099522E-1,3.571153288E-1,-3.070361009E-1,-6.404857082E-1,1.053104360E2,5.605384330E1,4.873277312E0,-9.051674740E1
4.716475421E1,6.063347859E-1,3.571944568E-1,-3.076360850E-1,-6.404140902E-1,1.053500933E2,5.611445288E1,4.844042350E0,-9.054858877E1
4.717472321E1,6.061807234E-1,3.572372095E-1,-3.082125960E-1,-6.402590477E-1,1.053722924E2,5.617000362E1,4.806083204E0,-9.056655392E1
4.718469321E1,6.060363994E-1,3.571935533E-1,-3.087830035E-1,-6.401450958E-1,1.053930853E2,5.621677466E1,4.763552211E0,-9.059021163E1
4.719466321E1,6.061150441E-1,3.571254361E-1,-3.091917094E-1,-6.399112664E-1,1.053817553E2,5.624752325E1,4.717659631E0,-9.058479741E1
4.720463321E1,6.063676552E-1,3.569645985E-1,-3.094970264E-1,-6.396141482E-1,1.053453567E2,5.626074048E1,4.663365125E0,-9.056275956E1
4.721460221E1,6.067047681E-1,3.566710799E-1,-3.097971620E-1,-6.393127759E-1,1.052967685E2,5.626109428E1,4.596493748E0,-9.053976356E1
4.722457221E1,6.070921990E-1,3.562500592E-1,-3.101427820E-1,-6.390121674E-1,1.052409086E2,5.625354264E1,4.515323725E0,-9.052015919E1
4.723454221E1,6.074658941E-1,3.557201337E-1,-3.105709650E-1,-6.387440924E-1,1.051870094E2,5.624298623E1,4.422222216E0,-9.051127108E1
4.724451221E1,6.079020020E-1,3.551774509E-1,-3.110377835E-1,-6.384039107E-1,1.051240837E2,5.623497507E1,4.320319427E0,-9.049462012E1
4.725448121E1,6.084572894E-1,3.547115188E-1,-3.114934739E-1,-6.379115907E-1,1.050439233E2,5.623375326E1,4.214364472E0,-9.045494669E1
4.726445121E1,6.090404648E-1,3.543166898E-1,-3.119675390E-1,-6.373426610E-1,1.049596908E2,5.624107569E1,4.108221801E0,-9.040548619E1
4.727442121E1,6.097760932E-1,3.540722525E-1,-3.123620190E-1,-6.365814915E-1,1.048533704E2,5.625605508E1,4.005366132E0,-9.032233590E1
4.728439021E1,6.105301399E-1,3.539040063E-1,-3.127428962E-1,-6.357646461E-1,1.047443092E2,5.627706897E1,3.906092735E0,-9.023026920E1
4.729436021E1,6.113107311E-1,3.537832806E-1,-3.130801724E-1,-6.349151869E-1,1.046313244E2,5.629869354E1,3.811043295E0,-9.013052078E1
4.730433021E1,6.121457326E-1,3.537014446E-1,-3.133420176E-1,-6.340266589E-1,1.045103687E2,5.631731638E1,3.720556363E0,-9.001986898E1
4.731430021E1,6.129012261E-1,3.535731654E-1,-3.136418344E-1,-6.332194934E-1,1.044008451E2,5.633460191E1,3.630162765E0,-8.992400245E1
4.732426921E1,6.136455895E-1,3.534702783E-1,-3.139689006E-1,-6.323934494E-1,1.042928556E2,5.635667221E1,3.539308890E0,-8.982754805E1
4.733423921E1,6.143633259E-1,3.534005990E-1,-3.143416157E-1,-6.315498624E-1,1.041886541E2,5.638588421E1,3.447864671E0,-8.973204361E1
4.734420921E1,6.149546475E-1,3.532751200E-1,-3.147810466E-1,-6.308251039E-1,1.041027501E2,5.641534928E1,3.357017622E0,-8.965877976E1
4.735417921E1,6.155781805E-1,3.531045793E-1,-3.151732375E-1,-6.301162657E-1,1.040121121E2,5.643629816E1,3.265698866E0,-8.958457802E1
4.736414821E1,6.161118854E-1,3.528292709E-1,-3.155782319E-1,-6.295458931E-1,1.039344873E2,5.644810766E1,3.174746952E0,-8.953147309E1
4.737411821E1,6.166697694E-1,3.525626433E-1,-3.159329042E-1,-6.289708131E-1,1.038533017E2,5.645623561E1,3.086910014E0,-8.947415774E1
4.738408821E1,6.172904917E-1,3.523419387E-1,-3.161719848E-1,-6.283652637E-1,1.037629186E2,5.645844264E1,3.007056744E0,-8.940416694E1
4.739405821E1,6.178194870E-1,3.520764057E-1,-3.163682285E-1,-6.278952740E-1,1.036858477E2,5.645223295E1,2.935820154E0,-8.935069827E1
4.740402721E1,6.183235113E-1,3.517843912E-1,-3.165083457E-1,-6.274920650E-1,1.036123770E2,5.643834805E1,2.870270770E0,-8.930282980E1
4.741399721E1,6.186809429E-1,3.514115207E-1,-3.166813558E-1,-6.272612425E-1,1.035602524E2,5.641934689E1,2.808859640E0,-8.928220507E1
4.742396721E1,6.189565520E-1,3.510173713E-1,-3.168365326E-1,-6.271317143E-1,1.035200473E2,5.639651859E1,2.754246360E0,-8.927487572E1
4.743393621E1,6.192963314E-1,3.506973871E-1,-3.168904437E-1,-6.269480469E-1,1.034704659E2,5.637177082E1,2.707654910E0,-8.925239761E1
4.744390621E1,6.195172971E-1,3.503734425E-1,-3.169436370E-1,-6.268839518E-1,1.034382130E2,5.634629972E1,2.669966678E0,-8.924706886E1
4.745387621E1,6.198440448E-1,3.501975308E-1,-3.168586597E-1,-6.267021892E-1,1.033905066E2,5.632268750E1,2.644176821E0,-8.921476524E1
4.746384700E1,6.201319075E-1,3.500906490E-1,-3.166954645E-1,-6.265595646E-1,1.033484646E2,5.629848994E1,2.631911259E0,-8.918240490E1
4.747381600E1,6.204251316E-1,3.500164758E-1,-3.164483523E-1,-6.264356022E-1,1.033056270E2,5.626985592E1,2.628537459E0,-8.914663814E1
4.748378600E1,6.208179556E-1,3.499646036E-1,-3.161000823E-1,-6.262513208E-1,1.032482189E2,5.623447466E1,2.627954398E0,-8.909488080E1
4.749375600E1,6.211185276E-1,3.498416573E-1,-3.157695707E-1,-6.261886256E-1,1.032042773E2,5.619373331E1,2.629256078E0,-8.906191150E1
4.750372600E1,6.214525029E-1,3.497285891E-1,-3.153865283E-1,-6.261135163E-1,1.031554366E2,5.614930163E1,2.633329931E0,-8.902338041E1
4.751369500E1,6.216720839E-1,3.495728420E-1,-3.150418658E-1,-6.261559201E-1,1.031233161E2,5.610400962E1,2.640479078E0,-8.900453778E1
4.752366500E1,6.217595812E-1,3.493897574E-1,-3.147645382E-1,-6.263106829E-1,1.031105148E2,5.606187487E1,2.650149309E0,-8.900672971E1
4.753363500E1,6.217996867E-1,3.492442547E-1,-3.145289071E-1,-6.264704377E-1,1.031046469E2,5.602695744E1,2.661455036E0,-8.901267033E1
4.754360400E1,6.218819103E-1,3.491616271E-1,-3.142875518E-1,-6.265560429E-1,1.030926157E2,5.599760803E1,2.673197245E0,-8.900755502E1
4.755357400E1,6.218537081E-1,3.489732636E-1,-3.141448940E-1,-6.267604189E-1,1.030967424E2,5.596681428E1,2.679033730E0,-8.902665304E1
4.756354400E1,6.218535362E-1,3.486429456E-1,-3.140402144E-1,-6.269968660E-1,1.030967676E2,5.592601923E1,2.672214369E0,-8.905312602E1
4.757351400E1,6.218140588E-1,3.481628745E-1,-3.140068525E-1,-6.273194017E-1,1.031025440E2,5.587733716E1,2.654368575E0,-8.909715102E1
4.758348300E1,6.216147037E-1,3.476436794E-1,-3.140732219E-1,-6.277713850E-1,1.031317104E2,5.583356849E1,2.637479321E0,-8.916702749E1
4.759345300E1,6.213771065E-1,3.472054667E-1,-3.141059819E-1,-6.282326977E-1,1.031664641E2,5.579441778E1,2.630520799E0,-8.923586526E1
4.760342300E1,6.210071941E-1,3.467292732E-1,-3.141219318E-1,-6.288532152E-1,1.032205550E2,5.574988206E1,2.633076352E0,-8.932650121E1
4.761339300E1,6.207151520E-1,3.462297145E-1,-3.140389789E-1,-6.294579869E-1,1.032632450E2,5.569445370E1,2.637489104E0,-8.940782201E1
4.762336200E1,6.203701313E-1,3.456136237E-1,-3.139765476E-1,-6.301672407E-1,1.033136631E2,5.562977183E1,2.637994413E0,-8.950581240E1
4.763333200E1,6.199774426E-1,3.449257568E-1,-3.139590448E-1,-6.309389139E-1,1.033710255E2,5.556232465E1,2.634191130E0,-8.961619055E1
4.764330200E1,6.196179592E-1,3.442562555E-1,-3.139516256E-1,-6.316608601E-1,1.034235176E2,5.549767636E1,2.627719065E0,-8.972022335E1
4.765327200E1,6.192207528E-1,3.435576622E-1,-3.140001459E-1,-6.324062838E-1,1.034814960E2,5.543534009E1,2.617335460E0,-8.983181009E1
4.766324100E1,6.187773897E-1,3.427941418E-1,-3.141355518E-1,-6.331869060E-1,1.035461843E2,5.537474449E1,2.599001013E0,-8.995489653E1
4.767321100E1,6.183724869E-1,3.420083810E-1,-3.143194135E-1,-6.339156651E-1,1.036052360E2,5.531666223E1,2.572068374E0,-9.007407377E1
4.768318100E1,6.178272911E-1,3.411769093E-1,-3.146484105E-1,-6.347316123E-1,1.036847104E2,5.526726987E1,2.539882157E0,-9.021654397E1
4.769315000E1,6.172462909E-1,3.404414033E-1,-3.150476689E-1,-6.354932540E-1,1.037693566E2,5.523333102E1,2.508776515E0,-9.035634651E1
4.770312000E1,6.166339433E-1,3.398517662E-1,-3.154739026E-1,-6.361914968E-1,1.038585166E2,5.521556591E1,2.484996498E0,-9.048901587E1
4.771309000E1,6.160147468E-1,3.393985902E-1,-3.158859012E-1,-6.368285636E-1,1.039486187E2,5.520935491E1,2.470023248E0,-9.061187124E1
4.772306000E1,6.153405928E-1,3.390187575E-1,-3.163291228E-1,-6.374622566E-1,1.040466549E2,5.521279730E1,2.460063941E0,-9.073663395E1
4.773302900E1,6.145682544E-1,3.386847641E-1,-3.168346117E-1,-6.381334425E-1,1.041588888E2,5.522606024E1,2.454107494E0,-9.087155252E1
4.774299900E1,6.137444561E-1,3.383627313E-1,-3.173860077E-1,-6.388227924E-1,1.042785064E2,5.524461481E1,2.448411888E0,-9.101264156E1
4.775296900E1,6.129906123E-1,3.380290092E-1,-3.179732009E-1,-6.394310610E-1,1.043878815E2,5.526561952E1,2.433700882E0,-9.114462187E1
4.776293900E1,6.121017366E-1,3.374984930E-1,-3.187704223E-1,-6.401652578E-1,1.045167443E2,5.528743789E1,2.399662099E0,-9.131060274E1
4.777290800E1,6.113260080E-1,3.368741408E-1,-3.196841127E-1,-6.407794796E-1,1.046291123E2,5.531173747E1,2.341851995E0,-9.146773121E1
4.778287800E1,6.105280865E-1,3.361115456E-1,-3.208050404E-1,-6.413801539E-1,1.047446063E2,5.534256746E1,2.259734012E0,-9.163836623E1
4.779284800E1,6.097021281E-1,3.352410307E-1,-3.221348294E-1,-6.419548327E-1,1.048640640E2,5.538306354E1,2.155208675E0,-9.182094788E1
4.780281800E1,6.090225787E-1,3.343333602E-1,-3.235595154E-1,-6.423566345E-1,1.049622749E2,5.542971597E1,2.029405556E0,-9.198554370E1
4.781278700E1,6.083171577E-1,3.332683972E-1,-3.250960594E-1,-6.428025152E-1,1.050641566E2,5.547284268E1,1.887005548E0,-9.216546685E1
4.782275700E1,6.077728245E-1,3.321270240E-1,-3.265523117E-1,-6.431699158E-1,1.051427254E2,5.550249939E1,1.735696095E0,-9.232837014E1
4.783272700E1,6.073894502E-1,3.309592618E-1,-3.278339969E-1,-6.434818934E-1,1.051980367E2,5.551442630E1,1.586537381E0,-9.247048140E1
4.784269600E1,6.069314523E-1,3.297856030E-1,-3.289984255E-1,-6.439221897E-1,1.052640877E2,5.551538203E1,1.452807127E0,-9.262312685E1
4.785266600E1,6.065305791E-1,3.287735842E-1,-3.299533354E-1,-6.443286262E-1,1.053218764E2,5.551205680E1,1.342155398E0,-9.275529016E1
4.786263600E1,6.059781353E-1,3.277922383E-1,-3.307876731E-1,-6.449203509E-1,1.054014787E2,5.550047774E1,1.254853593E0,-9.290600692E1
4.787260600E1,6.055025845E-1,3.268966034E-1,-3.314168555E-1,-6.454984028E-1,1.054699677E2,5.547790019E1,1.184671531E0,-9.303936027E1
4.788257500E1,6.049288843E-1,3.259779193E-1,-3.319826862E-1,-6.462096704E-1,1.055525508E2,5.544749103E1,1.125839156E0,-9.318784096E1
4.789254500E1,6.041841903E-1,3.249957124E-1,-3.325861616E-1,-6.470902458E-1,1.056596807E2,5.541502478E1,1.072439613E0,-9.336456291E1
4.790251500E1,6.034096998E-1,3.240302364E-1,-3.331805767E-1,-6.479905868E-1,1.057710166E2,5.538350329E1,1.022686709E0,-9.354382833E1
4.791248500E1,6.025259858E-1,3.230017391E-1,-3.338096484E-1,-6.490018372E-1,1.058979539E2,5.534983914E1,9.740447585E-1,-9.374258373E1
4.792245400E1,6.017108446E-1,3.219107610E-1,-3.343623691E-1,-6.500148999E-1,1.060149472E2,5.530383876E1,9.233416930E-1,-9.393610897E1
4.793242400E1,6.010616278E-1,3.207383140E-1,-3.347746555E-1,-6.509821569E-1,1.061080619E2,5.523783759E1,8.680321925E-1,-9.411231948E1
4.794239400E1,6.003664682E-1,3.194037663E-1,-3.351613205E-1,-6.520799875E-1,1.062077030E2,5.515536166E1,8.087207616E-1,-9.430641160E1
4.795236300E1,5.997168008E-1,3.180122381E-1,-3.355025915E-1,-6.531813847E-1,1.063007646E2,5.506400129E1,7.463711960E-1,-9.449789557E1
4.796233300E1,5.991314259E-1,3.165598366E-1,-3.358520942E-1,-6.542436091E-1,1.063845682E2,5.496852824E1,6.746969917E-1,-9.468446770E1
4.797230300E1,5.984364138E-1,3.149383716E-1,-3.363685531E-1,-6.553959988E-1,1.064840082E2,5.487444355E1,5.860495521E-1,-9.489787097E1
4.798227300E1,5.977538720E-1,3.132351226E-1,-3.370279090E-1,-6.564954573E-1,1.065816012E2,5.478739918E1,4.787344429E-1,-9.511478405E1
4.799224200E1,5.972045220E-1,3.115887482E-1,-3.377224390E-1,-6.574212629E-1,1.066601049E2,5.470941330E1,3.616190496E-1,-9.530860747E1
4.800221200E1,5.966708191E-1,3.099450382E-1,-3.384454510E-1,-6.583105166E-1,1.067363342E2,5.463503803E1,2.405918408E-1,-9.549949381E1
4.801218200E1,5.963267981E-1,3.083150167E-1,-3.391207199E-1,-6.590398441E-1,1.067854511E2,5.455796654E1,1.105932386E-1,-9.566275655E1
4.802215200E1,5.961233421E-1,3.065629117E-1,-3.397278216E-1,-6.597281574E-1,1.068144918E2,5.446441716E1,-3.111155852E-2,-9.581475355E1
4.803212100E1,5.960266862E-1,3.046614105E-1,-3.401924524E-1,-6.604564260E-1,1.068282862E2,5.434495649E1,-1.774102191E-1,-9.596193331E1
4.804209100E1,5.959780329E-1,3.027180904E-1,-3.404454731E-1,-6.612630482E-1,1.068352294E2,5.420224167E1,-3.118895290E-1,-9.610468946E1
4.805206100E1,5.959235265E-1,3.008823318E-1,-3.404832051E-1,-6.621299773E-1,1.068430075E2,5.404866269E1,-4.215564459E-1,-9.623996600E1
4.806203100E1,5.959940830E-1,2.992752448E-1,-3.403208409E-1,-6.628778283E-1,1.068329390E2,5.389581116E1,-5.095132366E-1,-9.634154259E1
4.807200000E1,5.959803299E-1,2.977643593E-1,-3.401640599E-1,-6.636507304E-1,1.068349016E2,5.375206509E1,-5.866679413E-1,-9.644755081E1
4.808197000E1,5.958611097E-1,2.962812696E-1,-3.400906243E-1,-6.644587145E-1,1.068519139E2,5.361905475E1,-6.623660248E-1,-9.656565468E1
4.809194000E1,5.958490214E-1,2.949111480E-1,-3.399793263E-1,-6.651356271E-1,1.068536388E2,5.349221540E1,-7.357481650E-1,-9.666086007E1
4.810191000E1,5.959627652E-1,2.936286010E-1,-3.397252414E-1,-6.657307090E-1,1.068374082E2,5.335920981E1,-8.005646948E-1,-9.673241931E1
4.811187900E1,5.962769911E-1,2.923708574E-1,-3.392689570E-1,-6.662353964E-1,1.067925609E2,5.320889487E1,-8.606675478E-1,-9.677434637E1
4.812184900E1,5.968565023E-1,2.910257038E-1,-3.386914135E-1,-6.665991316E-1,1.067098172E2,5.303950089E1,-9.342709692E-1,-9.678524594E1
4.813181900E1,5.973748638E-1,2.893351621E-1,-3.382691336E-1,-6.670850453E-1,1.066357669E2,5.285620247E1,-1.038522003E0,-9.682726389E1
4.814178800E1,5.979436961E-1,2.873523979E-1,-3.380121301E-1,-6.675626349E-1,1.065544655E2,5.266450194E1,-1.178829067E0,-9.688110739E1
4.815175800E1,5.983631442E-1,2.850575020E-1,-3.380159233E-1,-6.681682825E-1,1.064944876E2,5.247234290E1,-1.351147003E0,-9.697527537E1
4.816172800E1,5.986008945E-1,2.825570480E-1,-3.382667892E-1,-6.688902159E-1,1.064604806E2,5.228770929E1,-1.545701924E0,-9.710696433E1
4.817169800E1,5.988592916E-1,2.800353757E-1,-3.385966568E-1,-6.695520531E-1,1.064235119E2,5.210969934E1,-1.750485716E0,-9.723585643E1
4.818166700E1,5.990329287E-1,2.774102487E-1,-3.389665481E-1,-6.703019377E-1,1.063986648E2,5.192798983E1,-1.960298785E0,-9.738183675E1
4.819163700E1,5.993496201E-1,2.747519627E-1,-3.392554226E-1,-6.709673522E-1,1.063533364E2,5.173637303E1,-2.175815836E0,-9.750871919E1
4.820160700E1,5.997375397E-1,2.720038169E-1,-3.395352381E-1,-6.715985434E-1,1.062977947E2,5.153722978E1,-2.401930760E0,-9.762993342E1
4.821157700E1,6.000739427E-1,2.691449672E-1,-3.399201521E-1,-6.722548673E-1,1.062496128E2,5.134024638E1,-2.641493186E0,-9.776371776E1
4.822154600E1,6.004932986E-1,2.662568254E-1,-3.404218972E-1,-6.727763976E-1,1.061895285E2,5.115296973E1,-2.899230110E0,-9.788619636E1
4.823151600E1,6.008242541E-1,2.632600291E-1,-3.411480321E-1,-6.732921723E-1,1.061420933E2,5.097992815E1,-3.178003609E0,-9.802605399E1
4.824148600E1,6.012292642E-1,2.602631959E-1,-3.420575848E-1,-6.736342572E-1,1.060840239E2,5.082561341E1,-3.478021351E0,-9.815399949E1
4.825145600E1,6.017422625E-1,2.573615513E-1,-3.430667516E-1,-6.737778226E-1,1.060104396E2,5.068935996E1,-3.788091605E0,-9.825949053E1
4.826142500E1,6.022814287E-1,2.545990282E-1,-3.440749121E-1,-6.738314939E-1,1.059330635E2,5.056500845E1,-4.091310551E0,-9.835135032E1
4.827139500E1,6.029882129E-1,2.520502977E-1,-3.449309831E-1,-6.737199918E-1,1.058315725E2,5.044298945E1,-4.379137974E0,-9.840554379E1
4.828136500E1,6.037107047E-1,2.495779477E-1,-3.456905694E-1,-6.736039089E-1,1.057277557E2,5.031813600E1,-4.655293516E0,-9.845156305E1
4.829133400E1,6.044887671E-1,2.471173884E-1,-3.463675584E-1,-6.734656356E-1,1.056158742E2,5.018642661E1,-4.927806747E0,-9.848777817E1
4.830130400E1,6.054462540E-1,2.446853150E-1,-3.469230012E-1,-6.732074493E-1,1.054780784E2,5.004465155E1,-5.200341121E0,-9.849573522E1
4.831127400E1,6.064921491E-1,2.422641313E-1,-3.473768542E-1,-6.729075534E-1,1.053274152E2,4.989367031E1,-5.469734704E0,-9.848918354E1
4.832124400E1,6.077084940E-1,2.399713586E-1,-3.476706020E-1,-6.724798603E-1,1.051520081E2,4.973638430E1,-5.728399092E0,-9.844974284E1
4.833121300E1,6.089693433E-1,2.378051159E-1,-3.478142174E-1,-6.720343839E-1,1.049699659E2,4.957412353E1,-5.968977073E0,-9.839527674E1
4.834118300E1,6.103003144E-1,2.358163853E-1,-3.477519559E-1,-6.715599211E-1,1.047775584E2,4.940515729E1,-6.184856268E0,-9.831935580E1
4.835115300E1,6.118069800E-1,2.340558851E-1,-3.473683616E-1,-6.710032455E-1,1.045594513E2,4.922139540E1,-6.369520236E0,-9.820417985E1
4.836112300E1,6.132774861E-1,2.323046835E-1,-3.467579910E-1,-6.705848932E-1,1.043462686E2,4.901630189E1,-6.531977159E0,-9.809206864E1
4.837109200E1,6.147983499E-1,2.305164665E-1,-3.459956493E-1,-6.702030059E-1,1.041254610E2,4.879308286E1,-6.687234227E0,-9.797342937E1
4.838106200E1,6.162665011E-1,2.285764945E-1,-3.452151266E-1,-6.699216256E-1,1.039119915E2,4.855657513E1,-6.847802141E0,-9.786928947E1
4.839103200E1,6.175692707E-1,2.264318363E-1,-3.445641000E-1,-6.697853122E-1,1.037223076E2,4.831787413E1,-7.022722698E0,-9.779861167E1
4.840100200E1,6.187578593E-1,2.241785077E-1,-3.441120645E-1,-6.696788018E-1,1.035490332E2,4.809093344E1,-7.214765270E0,-9.774897272E1
4.841097100E1,6.199623978E-1,2.219488551E-1,-3.438170787E-1,-6.694588980E-1,1.033732228E2,4.788099872E1,-7.419670763E0,-9.769454763E1
4.842094100E1,6.211004364E-1,2.197439322E-1,-3.435935845E-1,-6.692461513E-1,1.032069224E2,4.768043260E1,-7.624873507E0,-9.764706178E1
4.843091100E1,6.222758620E-1,2.176532115E-1,-3.432707239E-1,-6.690030983E-1,1.030349578E2,4.747873307E1,-7.816265420E0,-9.758671040E1
4.844088000E1,6.233296096E-1,2.156312217E-1,-3.428011184E-1,-6.689176324E-1,1.028806200E2,4.726904641E1,-7.982875360E0,-9.753883526E1
4.845085000E1,6.243553348E-1,2.137528473E-1,-3.421181445E-1,-6.689134625E-1,1.027302273E2,4.704995825E1,-8.119737023E0,-9.748613189E1
4.846081950E1,6.253485108E-1,2.120574323E-1,-3.412028151E-1,-6.689930081E-1,1.025844564E2,4.682271839E1,-8.222144469E0,-9.742745461E1
4.847078950E1,6.262190645E-1,2.104796861E-1,-3.400593079E-1,-6.692590706E-1,1.024565608E2,4.658352584E1,-8.289355628E0,-9.737933436E1
4.848075850E1,6.270736538E-1,2.089894315E-1,-3.386679403E-1,-6.696313761E-1,1.023308990E2,4.632734417E1,-8.328461339E0,-9.732800632E1
4.849072850E1,6.280179921E-1,2.075492368E-1,-3.370602856E-1,-6.700053912E-1,1.021919110E2,4.605351413E1,-8.351271832E0,-9.726009445E1
4.850069850E1,6.289193525E-1,2.059977060E-1,-3.353530222E-1,-6.704952140E-1,1.020591215E2,4.576213120E1,-8.370812659E0,-9.720309022E1
4.851066850E1,6.299041189E-1,2.043351024E-1,-3.336351535E-1,-6.709362755E-1,1.019139021E2,4.546071090E1,-8.402410587E0,-9.713858384E1
4.852063750E1,6.308933897E-1,2.025165870E-1,-3.320767369E-1,-6.713311914E-1,1.017678680E2,4.516283794E1,-8.458825334E0,-9.708039519E1
4.853060750E1,6.318844952E-1,2.005929890E-1,-3.307228273E-1,-6.716449523E-1,1.016214111E2,4.487668909E1,-8.540166755E0,-9.702632664E1
4.854057750E1,6.328239248E-1,1.986112758E-1,-3.295247294E-1,-6.719382338E-1,1.014824495E2,4.460161856E1,-8.635807454E0,-9.698174728E1
4.855054750E1,6.336915611E-1,1.965926104E-1,-3.284465709E-1,-6.722420270E-1,1.013539852E2,4.433598226E1,-8.740065417E0,-9.694853612E1
4.856051650E1,6.345924487E-1,1.946157757E-1,-3.274730841E-1,-6.724421837E-1,1.012204726E2,4.408333346E1,-8.852319939E0,-9.690750118E1
4.857048650E1,6.353772006E-1,1.926715521E-1,-3.266360371E-1,-6.726680289E-1,1.011040673E2,4.384739914E1,-8.967036193E0,-9.688119960E1
4.858045650E1,6.360402759E-1,1.908585053E-1,-3.258578535E-1,-6.729356403E-1,1.010056349E2,4.362835814E1,-9.070314489E0,-9.686591882E1
4.859042650E1,6.366863463E-1,1.893256508E-1,-3.250082731E-1,-6.731685003E-1,1.009096597E2,4.342409797E1,-9.146566889E0,-9.683939178E1
4.860039550E1,6.372592247E-1,1.880828034E-1,-3.240600744E-1,-6.734318997E-1,1.008245019E2,4.323331423E1,-9.189403740E0,-9.680973654E1
4.861036550E1,6.377742381E-1,1.871105125E-1,-3.230426548E-1,-6.737041051E-1,1.007479009E2,4.305719043E1,-9.203548591E0,-9.677590954E1
4.862033550E1,6.383236881E-1,1.864036888E-1,-3.219667511E-1,-6.738946694E-1,1.006661312E2,4.289544243E1,-9.195583920E0,-9.672465475E1
4.863030450E1,6.388359067E-1,1.858995914E-1,-3.209031121E-1,-6.740557046E-1,1.005898587E2,4.275076601E1,-9.171810694E0,-9.666965689E1
4.864027450E1,6.393890314E-1,1.856474057E-1,-3.198445730E-1,-6.741039312E-1,1.005074476E2,4.262547313E1,-9.132546244E0,-9.659726267E1
4.865024450E1,6.399081370E-1,1.855527386E-1,-3.188063749E-1,-6.741291943E-1,1.004300603E2,4.251459070E1,-9.081576212E0,-9.652284563E1
4.866021450E1,6.404441501E-1,1.854704891E-1,-3.177931436E-1,-6.741212812E-1,1.003501067E2,4.240698824E1,-9.032710236E0,-9.644538454E1
4.867018350E1,6.410587354E-1,1.853174117E-1,-3.168622040E-1,-6.740174313E-1,1.002583758E2,4.230109738E1,-9.000334772E0,-9.635948115E1
4.868015350E1,6.416419214E-1,1.850264878E-1,-3.160665400E-1,-6.739160682E-1,1.001712746E2,4.219785186E1,-8.987468473E0,-9.628452234E1
4.869012350E1,6.422792700E-1,1.846771589E-1,-3.153490479E-1,-6.737409019E-1,1.000760207E2,4.209702925E1,-8.988440896E0,-9.620411495E1
4.870009350E1,6.429532955E-1,1.842495792E-1,-3.147321023E-1,-6.735035177E-1,9.997521303E1,4.199935790E1,-9.005577141E0,-9.612172599E1
4.871006250E1,6.435532283E-1,1.836780837E-1,-3.142843605E-1,-6.732957193E-1,9.988542406E1,4.190734804E1,-9.043140515E0,-9.605684285E1
4.872003250E1,6.441562403E-1,1.830073324E-1,-3.140221070E-1,-6.730238971E-1,9.979511458E1,4.182513563E1,-9.103708835E0,-9.599593459E1
4.873000250E1,6.446206170E-1,1.822080069E-1,-3.139854498E-1,-6.728132445E-1,9.972552682E1,4.175568117E1,-9.184786274E0,-9.596152929E1
4.873997250E1,6.450399728E-1,1.813765760E-1,-3.140937250E-1,-6.725853196E-1,9.966265488E1,4.169783885E1,-9.277923788E0,-9.593525181E1
4.874994150E1,6.454347123E-1,1.805582949E-1,-3.142526187E-1,-6.723526769E-1,9.960344693E1,4.164600729E1,-9.373020802E0,-9.591199732E1
4.875991150E1,6.457347202E-1,1.797195779E-1,-3.144284079E-1,-6.722071794E-1,9.955843073E1,4.159518641E1,-9.465697698E0,-9.590364824E1
4.876988150E1,6.460399674E-1,1.788761457E-1,-3.146075636E-1,-6.720548410E-1,9.951261299E1,4.154426266E1,-9.559338206E0,-9.589451450E1
4.877985150E1,6.462728906E-1,1.779804251E-1,-3.148278389E-1,-6.719655542E-1,9.947764069E1,4.149400670E1,-9.656209284E0,-9.589838654E1
4.878982050E1,6.464849565E-1,1.770399972E-1,-3.150822425E-1,-6.718908871E-1,9.944579216E1,4.144380879E1,-9.758094550E0,-9.590718919E1
4.879979050E1,6.467401332E-1,1.760777478E-1,-3.153581305E-1,-6.717686415E-1,9.940745919E1,4.139352051E1,-9.865884006E0,-9.591025032E1
4.880976050E1,6.469087180E-1,1.750266686E-1,-3.157141660E-1,-6.717137689E-1,9.938212821E1,4.134501940E1,-9.982120060E0,-9.593001515E1
4.881972950E1,6.470624644E-1,1.739118634E-1,-3.161578670E-1,-6.716465921E-1,9.935902265E1,4.130017053E1,-1.010968600E1,-9.595461179E1
4.882969950E1,6.471907911E-1,1.726832933E-1,-3.167173137E-1,-6.715762595E-1,9.933973424E1,4.125797037E1,-1.025404735E1,-9.598771206E1
4.883966950E1,6.472516287E-1,1.712884802E-1,-3.173982013E-1,-6.715533540E-1,9.933058894E1,4.121554190E1,-1.041719398E1,-9.603781334E1
4.884963950E1,6.473605125E-1,1.698114281E-1,-3.181229743E-1,-6.714806323E-1,9.931421966E1,4.117066017E1,-1.059294591E1,-9.608380983E1
4.885960850E1,6.475063577E-1,1.683073967E-1,-3.188443387E-1,-6.713764282E-1,9.929229058E1,4.112317028E1,-1.077264033E1,-9.612491264E1
4.886957850E1,6.475929681E-1,1.667853792E-1,-3.195602134E-1,-6.713324703E-1,9.927926627E1,4.107474544E1,-1.095004210E1,-9.617528698E1
4.887954850E1,6.477599118E-1,1.653452003E-1,-3.202093381E-1,-6.712183788E-1,9.925415806E1,4.102537861E1,-1.112044262E1,-9.620967419E1
4.888951850E1,6.479576938E-1,1.639899526E-1,-3.207597496E-1,-6.710971355E-1,9.922440573E1,4.097281646E1,-1.127808878E1,-9.623540995E1
4.889948750E1,6.481296885E-1,1.626818145E-1,-3.212179122E-1,-6.710301707E-1,9.919852724E1,4.091549945E1,-1.142312209E1,-9.626261458E1
4.890945750E1,6.484023207E-1,1.614582493E-1,-3.215908275E-1,-6.708837262E-1,9.915749654E1,4.085523288E1,-1.156041254E1,-9.627076081E1
4.891942750E1,6.486298609E-1,1.602754823E-1,-3.219413207E-1,-6.707793390E-1,9.912324252E1,4.079655635E1,-1.169036032E1,-9.628376417E1
4.892939750E1,6.488438168E-1,1.591837156E-1,-3.222516848E-1,-6.706832258E-1,9.909102554E1,4.074113509E1,-1.180949878E1,-9.629485725E1
4.893936650E1,6.491245089E-1,1.582678277E-1,-3.224962156E-1,-6.705109354E-1,9.904874785E1,4.069179524E1,-1.191379520E1,-9.628862297E1
4.894933650E1,6.494164456E-1,1.575000650E-1,-3.226606884E-1,-6.703298449E-1,9.900476238E1,4.064580309E1,-1.200097446E1,-9.627454646E1
4.895930650E1,6.496722190E-1,1.568558662E-1,-3.227333759E-1,-6.701979832E-1,9.896621370E1,4.060084549E1,-1.206919605E1,-9.626083868E1
4.896927650E1,6.498744659E-1,1.562915199E-1,-3.227178659E-1,-6.701413115E-1,9.893572437E1,4.055423578E1,-1.212102744E1,-9.625191987E1
4.897924550E1,6.499930369E-1,1.557615233E-1,-3.226406950E-1,-6.701867761E-1,9.891784623E1,4.050550425E1,-1.216043396E1,-9.625416259E1
4.898921550E1,6.501709611E-1,1.552996043E-1,-3.224987760E-1,-6.701896618E-1,9.889101430E1,4.045489526E1,-1.219258491E1,-9.624458141E1
4.899918550E1,6.502473424E-1,1.548013812E-1,-3.223406885E-1,-6.703069874E-1,9.887949395E1,4.040146291E1,-1.222043915E1,-9.625176614E1
4.900915450E1,6.504182775E-1,1.543054392E-1,-3.221692772E-1,-6.703378514E-1,9.885370874E1,4.034560120E1,-1.225224835E1,-9.624437132E1
4.901912450E1,6.505996229E-1,1.537442276E-1,-3.220631778E-1,-6.703417836E-1,9.882634772E1,4.029090479E1,-1.229505175E1,-9.623794817E1
4.902909450E1,6.507547931E-1,1.531470015E-1,-3.220215420E-1,-6.703479515E-1,9.880293152E1,4.024000770E1,-1.234458217E1,-9.623694127E1
4.903906450E1,6.509912356E-1,1.526430147E-1,-3.219653550E-1,-6.702602031E-1,9.876724291E1,4.019354101E1,-1.239042882E1,-9.621988708E1
4.904903350E1,6.511844051E-1,1.522018320E-1,-3.218541610E-1,-6.702264330E-1,9.873807884E1,4.014717295E1,-1.242452938E1,-9.620691035E1
4.905900350E1,6.513678954E-1,1.518295542E-1,-3.216808901E-1,-6.702156605E-1,9.871037022E1,4.010019803E1,-1.244768621E1,-9.619259995E1
4.906897350E1,6.515638552E-1,1.515514429E-1,-3.214554729E-1,-6.701962960E-1,9.868077223E1,4.005514477E1,-1.246006601E1,-9.617271947E1
4.907894350E1,6.516792625E-1,1.513264631E-1,-3.212146458E-1,-6.702504876E-1,9.866333791E1,4.001377616E1,-1.246273426E1,-9.616308750E1
4.908891250E1,6.518391446E-1,1.511902919E-1,-3.209312873E-1,-6.702614688E-1,9.863918112E1,3.997438126E1,-1.245760122E1,-9.614322543E1
4.909888250E1,6.519338031E-1,1.510533673E-1,-3.206639815E-1,-6.703282327E-1,9.862487698E1,3.993740371E1,-1.245030228E1,-9.613337353E1
4.910885250E1,6.519932519E-1,1.508828833E-1,-3.204443964E-1,-6.704137691E-1,9.861589270E1,3.990294937E1,-1.244763483E1,-9.613023070E1
4.911882250E1,6.520794936E-1,1.506768906E-1,-3.202838380E-1,-6.704529565E-1,9.860285824E1,3.987104702E1,-1.245410495E1,-9.612444378E1
4.912879150E1,6.521452973E-1,1.504085574E-1,-3.201964517E-1,-6.704909183E-1,9.859291189E1,3.984170651E1,-1.247033330E1,-9.612423108E1
4.913876150E1,6.522390688E-1,1.500944211E-1,-3.201735818E-1,-6.704810190E-1,9.857873688E1,3.981464527E1,-1.249700129E1,-9.612156882E1
4.914873150E1,6.523210569E-1,1.497116329E-1,-3.201918841E-1,-6.704781827E-1,9.856634186E1,3.978651930E1,-1.253165973E1,-9.612332777E1
4.915870050E1,6.523606269E-1,1.492389718E-1,-3.202686598E-1,-6.705081550E-1,9.856035924E1,3.975782292E1,-1.257570653E1,-9.613493477E1
4.916867050E1,6.524766651E-1,1.487338102E-1,-3.204088297E-1,-6.704406700E-1,9.854281376E1,3.973160249E1,-1.263176023E1,-9.613619915E1
4.917864050E1,6.524944326E-1,1.481081613E-1,-3.206541454E-1,-6.704444817E-1,9.854012703E1,3.970779436E1,-1.270042793E1,-9.615704326E1
4.918861050E1,6.525659729E-1,1.474764011E-1,-3.209628922E-1,-6.703663664E-1,9.852930845E1,3.968878318E1,-1.277790805E1,-9.616996695E1
4.919857950E1,6.526553776E-1,1.469076558E-1,-3.213115889E-1,-6.702372594E-1,9.851578712E1,3.967803563E1,-1.285506065E1,-9.617787861E1
4.920854950E1,6.526566407E-1,1.464087635E-1,-3.216703428E-1,-6.701730290E-1,9.851559609E1,3.967480837E1,-1.292304523E1,-9.619666103E1
4.921851950E1,6.527549100E-1,1.460219345E-1,-3.219517205E-1,-6.700266279E-1,9.850073248E1,3.967116149E1,-1.298135486E1,-9.619633004E1
4.922848950E1,6.527590219E-1,1.455751568E-1,-3.222464744E-1,-6.699781775E-1,9.850011050E1,3.966575394E1,-1.304017599E1,-9.621259010E1
4.923845850E1,6.527541737E-1,1.451541151E-1,-3.225864257E-1,-6.699105331E-1,9.850084385E1,3.966671989E1,-1.310043666E1,-9.622933143E1
4.924842850E1,6.526753394E-1,1.448016515E-1,-3.229846185E-1,-6.698718621E-1,9.851276796E1,3.967951020E1,-1.315646715E1,-9.625505511E1
4.925839850E1,6.526513005E-1,1.446088824E-1,-3.233455958E-1,-6.697628012E-1,9.851640375E1,3.969984919E1,-1.320033409E1,-9.626650693E1
4.926836850E1,6.525569008E-1,1.444897227E-1,-3.236704321E-1,-6.697235954E-1,9.853068041E1,3.972333916E1,-1.323175347E1,-9.628598822E1
4.927833750E1,6.525112044E-1,1.444308646E-1,-3.239642167E-1,-6.696388894E-1,9.853759082E1,3.974763087E1,-1.325866027E1,-9.629578261E1
4.928830750E1,6.524532755E-1,1.443680553E-1,-3.242706769E-1,-6.695604311E-1,9.854635055E1,3.977302899E1,-1.328627777E1,-9.630758866E1
4.929827750E1,6.524235482E-1,1.443303444E-1,-3.245526288E-1,-6.694608519E-1,9.855084555E1,3.979753586E1,-1.331146836E1,-9.631412352E1
4.930824750E1,6.525056252E-1,1.443661692E-1,-3.247578418E-1,-6.692736606E-1,9.853843450E1,3.981847618E1,-1.333073175E1,-9.630072338E1
4.931821650E1,6.525767111E-1,1.444178096E-1,-3.249039544E-1,-6.691222428E-1,9.852768450E1,3.983513179E1,-1.334318465E1,-9.628828493E1
4.932818650E1,6.526815284E-1,1.445087520E-1,-3.249872471E-1,-6.689599373E-1,9.851183188E1,3.984820502E1,-1.334919365E1,-9.626912319E1
4.933815650E1,6.527944536E-1,1.446362462E-1,-3.250389192E-1,-6.687971102E-1,9.849475090E1,3.986086270E1,-1.335021741E1,-9.624732131E1
4.934812550E1,6.529600091E-1,1.448295843E-1,-3.250523956E-1,-6.685870477E-1,9.846970513E1,3.987396769E1,-1.334594588E1,-9.621496568E1
4.935809550E1,6.530722850E-1,1.450342494E-1,-3.250592656E-1,-6.684296746E-1,9.845271698E1,3.988812582E1,-1.333734516E1,-9.619034702E1
4.936806550E1,6.531022441E-1,1.452084529E-1,-3.250767881E-1,-6.683539440E-1,9.844818358E1,3.990231145E1,-1.332742182E1,-9.617945085E1
4.937803550E1,6.532172234E-1,1.454093880E-1,-3.250774414E-1,-6.681975765E-1,9.843078356E1,3.991556762E1,-1.331873640E1,-9.615452424E1
4.938800450E1,6.532953439E-1,1.455803461E-1,-3.251145622E-1,-6.680659295E-1,9.841896013E1,3.993063798E1,-1.331338756E1,-9.613641121E1
4.939797450E1,6.533137877E-1,1.457553609E-1,-3.251738418E-1,-6.679808937E-1,9.841616853E1,3.994905118E1,-1.330634555E1,-9.612734218E1
4.940794450E1,6.533493353E-1,1.459890757E-1,-3.252172425E-1,-6.678739493E-1,9.841078799E1,3.997006917E1,-1.329450115E1,-9.611346634E1
4.941791450E1,6.533098793E-1,1.462210098E-1,-3.252751101E-1,-6.678335792E-1,9.841676011E1,3.999349762E1,-1.327989789E1,-9.611116964E1
4.942788350E1,6.532756185E-1,1.465011178E-1,-3.253546412E-1,-6.677670247E-1,9.842194564E1,4.002250779E1,-1.326382648E1,-9.610636506E1
4.943785350E1,6.532768085E-1,1.468527911E-1,-3.254481229E-1,-6.676430188E-1,9.842176553E1,4.005764036E1,-1.324555883E1,-9.609350204E1
4.944782350E1,6.532481447E-1,1.472458631E-1,-3.255582421E-1,-6.675308279E-1,9.842610379E1,4.009791707E1,-1.322398043E1,-9.608371370E1
4.945779350E1,6.532075184E-1,1.476567317E-1,-3.256755157E-1,-6.674225072E-1,9.843225232E1,4.014039016E1,-1.320103981E1,-9.607506441E1
4.946776221E1,6.530859531E-1,1.480676003E-1,-3.258335453E-1,-6.673734621E-1,9.845064876E1,4.018799884E1,-1.317710691E1,-9.607890357E1
4.947773221E1,6.529100980E-1,1.485291609E-1,-3.260270309E-1,-6.673484453E-1,9.847725634E1,4.024359732E1,-1.314941731E1,-9.608918880E1
4.948770221E1,6.527968237E-1,1.491366024E-1,-3.262084521E-1,-6.672350538E-1,9.849439237E1,4.030798944E1,-1.311329740E1,-9.608438570E1
4.949767221E1,6.525727869E-1,1.498134175E-1,-3.263739417E-1,-6.672216353E-1,9.852827797E1,4.037774139E1,-1.306451189E1,-9.609383484E1
4.950764121E1,6.524694283E-1,1.506728129E-1,-3.264660115E-1,-6.670841668E-1,9.854390806E1,4.045232798E1,-1.300260108E1,-9.607771952E1
4.951761121E1,6.523735752E-1,1.516322068E-1,-3.265183947E-1,-6.669348938E-1,9.855840152E1,4.053053088E1,-1.293034427E1,-9.605644791E1
4.952758121E1,6.522119282E-1,1.526500532E-1,-3.265702353E-1,-6.668354832E-1,9.858283975E1,4.061407612E1,-1.285009816E1,-9.604282935E1
4.953755021E1,6.520717814E-1,1.537531522E-1,-3.266005073E-1,-6.667041201E-1,9.860402391E1,4.070166078E1,-1.276297072E1,-9.602237364E1
4.954752021E1,6.519646954E-1,1.549236702E-1,-3.265921886E-1,-6.665420562E-1,9.862020841E1,4.079019656E1,-1.266949992E1,-9.599398802E1
4.955749021E1,6.519339006E-1,1.561603852E-1,-3.265593562E-1,-6.662996552E-1,9.862486225E1,4.088032267E1,-1.257345089E1,-9.595105932E1
4.956746021E1,6.518582094E-1,1.574194644E-1,-3.265517434E-1,-6.660811613E-1,9.863630030E1,4.097526631E1,-1.247552733E1,-9.591385504E1
4.957742921E1,6.516576036E-1,1.586522123E-1,-3.266101221E-1,-6.659562249E-1,9.866661004E1,4.107636198E1,-1.237828075E1,-9.589650575E1
4.958739921E1,6.514541746E-1,1.599247415E-1,-3.267183657E-1,-6.657977811E-1,9.869733932E1,4.118528221E1,-1.228232735E1,-9.587780005E1
4.959736921E1,6.511280956E-1,1.612022757E-1,-3.268969208E-1,-6.657210205E-1,9.874658091E1,4.130302685E1,-1.218518463E1,-9.587734067E1
4.960733921E1,6.507515070E-1,1.625397902E-1,-3.271134871E-1,-6.656577646E-1,9.880342746E1,4.142962664E1,-1.208411347E1,-9.588186739E1
4.961730821E1,6.503523361E-1,1.639581317E-1,-3.273481450E-1,-6.655846379E-1,9.886365645E1,4.156435961E1,-1.197748109E1,-9.588614823E1
4.962727821E1,6.498411851E-1,1.653922467E-1,-3.276272994E-1,-6.655916283E-1,9.894074204E1,4.170604329E1,-1.186720286E1,-9.590636773E1
4.963724821E1,6.493116093E-1,1.668804519E-1,-3.279482476E-1,-6.655790271E-1,9.902055950E1,4.185602638E1,-1.175557136E1,-9.592673760E1
4.964721821E1,6.486824352E-1,1.684213249E-1,-3.283301982E-1,-6.656159536E-1,9.911532672E1,4.201709220E1,-1.163967701E1,-9.595951632E1
4.965718721E1,6.479583826E-1,1.700589091E-1,-3.287400657E-1,-6.657026616E-1,9.922430210E1,4.218933734E1,-1.151371094E1,-9.600206229E1
4.966715721E1,6.472844763E-1,1.718814547E-1,-3.290973551E-1,-6.657135137E-1,9.932565094E1,4.236985967E1,-1.137277951E1,-9.602838798E1
4.967712721E1,6.464939133E-1,1.738056797E-1,-3.294153004E-1,-6.658248380E-1,9.944444683E1,4.255578593E1,-1.121444733E1,-9.606705963E1
4.968709721E1,6.457500768E-1,1.758767284E-1,-3.296591252E-1,-6.658822710E-1,9.955612606E1,4.274514916E1,-1.104199450E1,-9.609130228E1
4.969706621E1,6.450045649E-1,1.780816934E-1,-3.298852746E-1,-6.659066503E-1,9.966796454E1,4.294299556E1,-1.085845909E1,-9.610882783E1
4.970703621E1,6.443025630E-1,1.805013967E-1,-3.300988643E-1,-6.658290198E-1,9.977319168E1,4.315547804E1,-1.066118794E1,-9.610922321E1
4.971700621E1,6.435501344E-1,1.831561424E-1,-3.303086292E-1,-6.657277218E-1,9.988588725E1,4.338616961E1,-1.044409683E1,-9.610532315E1
4.972697521E1,6.428396848E-1,1.860952318E-1,-3.304758047E-1,-6.655159984E-1,9.999220994E1,4.363416335E1,-1.020596578E1,-9.608061609E1
4.973694521E1,6.421051956E-1,1.892555342E-1,-3.306234820E-1,-6.652603739E-1,1.001020433E2,4.389775275E1,-9.949592307E0,-9.604738770E1
4.974691521E1,6.413314611E-1,1.925879801E-1,-3.307620397E-1,-6.649814486E-1,1.002176500E2,4.417445301E1,-9.678607511E0,-9.600976404E1
4.975688521E1,6.404233756E-1,1.960817800E-1,-3.308758415E-1,-6.647789646E-1,1.003532064E2,4.446300040E1,-9.386828642E0,-9.598195607E1
4.976685421E1,6.395924571E-1,1.999027659E-1,-3.308167990E-1,-6.644702324E-1,1.004771265E2,4.476000201E1,-9.062802367E0,-9.592400742E1
4.977682421E1,6.388626686E-1,2.040124050E-1,-3.305286990E-1,-6.640664392E-1,1.005858725E2,4.505731619E1,-8.706288449E0,-9.583350489E1
4.978679421E1,6.380840504E-1,2.081622153E-1,-3.301289888E-1,-6.637259744E-1,1.007018003E2,4.534860958E1,-8.335816803E0,-9.574447199E1
4.979676421E1,6.372647854E-1,2.122038610E-1,-3.297738015E-1,-6.634095503E-1,1.008236750E2,4.563709351E1,-7.975539438E0,-9.566319254E1
4.980673321E1,6.365152735E-1,2.162402226E-1,-3.294752332E-1,-6.629739771E-1,1.009350794E2,4.593098463E1,-7.626149125E0,-9.556846492E1
4.981670321E1,6.357581304E-1,2.203286829E-1,-3.292323357E-1,-6.624749756E-1,1.010475274E2,4.623541160E1,-7.278927165E0,-9.546870552E1
4.982667321E1,6.350994134E-1,2.245839182E-1,-3.289782270E-1,-6.618037909E-1,1.011452837E2,4.655241975E1,-6.927122920E0,-9.534205696E1
4.983664321E1,6.344460516E-1,2.289829271E-1,-3.287128968E-1,-6.610543370E-1,1.012421775E2,4.688117381E1,-6.566763254E0,-9.520301422E1
4.984661221E1,6.338473530E-1,2.334861967E-1,-3.284016792E-1,-6.602075673E-1,1.013309057E2,4.721516152E1,-6.200864880E0,-9.504614351E1
4.985658221E1,6.332449718E-1,2.379570395E-1,-3.280687718E-1,-6.593544492E-1,1.014201230E2,4.754628678E1,-5.837057182E0,-9.488732650E1
4.986655221E1,6.325813328E-1,2.423258343E-1,-3.277126099E-1,-6.585768346E-1,1.015183472E2,4.786909029E1,-5.476034747E0,-9.473889461E1
4.987652221E1,6.320211274E-1,2.467233891E-1,-3.272099718E-1,-6.577313583E-1,1.016012089E2,4.818162723E1,-5.109060826E0,-9.456961700E1
4.988649121E1,6.315110979E-1,2.511225375E-1,-3.265247194E-1,-6.568963133E-1,1.016766064E2,4.847880030E1,-4.731419720E0,-9.438874041E1
4.989646121E1,6.309026620E-1,2.554201884E-1,-3.257382381E-1,-6.562140441E-1,1.017664985E2,4.876060338E1,-4.347052651E0,-9.422402862E1
4.990643121E1,6.303010566E-1,2.596240336E-1,-3.248693887E-1,-6.555729075E-1,1.018553251E2,4.902885163E1,-3.963793280E0,-9.406001102E1
4.991640121E1,6.296158621E-1,2.636724386E-1,-3.240593790E-1,-6.550162030E-1,1.019564256E2,4.929188295E1,-3.591726922E0,-9.391379408E1
4.992637021E1,6.288653611E-1,2.676100422E-1,-3.233688108E-1,-6.544813937E-1,1.020670791E2,4.955873773E1,-3.234305258E0,-9.378034344E1
4.993634021E1,6.280764037E-1,2.714330696E-1,-3.228252297E-1,-6.539326945E-1,1.021833095E2,4.983135501E1,-2.895809838E0,-9.365621141E1
4.994631021E1,6.272177881E-1,2.750572191E-1,-3.224652693E-1,-6.534199359E-1,1.023096941E2,5.010589681E1,-2.582402329E0,-9.355150833E1
4.995627921E1,6.262922670E-1,2.784710414E-1,-3.222718034E-1,-6.529568869E-1,1.024458012E2,5.037945396E1,-2.293217351E0,-9.346690882E1
4.996624921E1,6.253146353E-1,2.816898700E-1,-3.222402459E-1,-6.525286683E-1,1.025894309E2,5.065258421E1,-2.027642549E0,-9.339974942E1
4.997621921E1,6.241797313E-1,2.847109851E-1,-3.224260003E-1,-6.522122035E-1,1.027559856E2,5.093013718E1,-1.783309113E0,-9.336559870E1
4.998618921E1,6.230345277E-1,2.877007363E-1,-3.226953384E-1,-6.518620369E-1,1.029238561E2,5.121346372E1,-1.548222933E0,-9.333271226E1
4.999615821E1,6.218410185E-1,2.906545244E-1,-3.229432356E-1,-6.515683524E-1,1.030985992E2,5.149241957E1,-1.310819581E0,-9.330679358E1
5.000612821E1,6.208900552E-1,2.936290514E-1,-3.229168807E-1,-6.511545164E-1,1.032376796E2,5.174807045E1,-1.065533373E0,-9.324265585E1
5.001609821E1,6.200847922E-1,2.964407889E-1,-3.226229959E-1,-6.507934918E-1,1.033553466E2,5.196540292E1,-8.172806544E-1,-9.316669669E1
5.002606821E1,6.193400060E-1,2.989602458E-1,-3.221842446E-1,-6.505673832E-1,1.034640916E2,5.214454973E1,-5.784459249E-1,-9.310029638E1
5.003603721E1,6.187496051E-1,3.012498424E-1,-3.216717277E-1,-6.503267326E-1,1.035502372E2,5.229735448E1,-3.579209047E-1,-9.302640330E1
5.004600721E1,6.181907668E-1,3.033762846E-1,-3.212253011E-1,-6.500902598E-1,1.036317306E2,5.244255756E1,-1.554490885E-1,-9.295813536E1
5.005597721E1,6.177467854E-1,3.055559734E-1,-3.208443976E-1,-6.496794189E-1,1.036964423E2,5.259905417E1,3.584790972E-2,-9.286879261E1
5.006594721E1,6.173008717E-1,3.078788568E-1,-3.206028521E-1,-6.491255250E-1,1.037614067E2,5.278170395E1,2.227212313E-1,-9.276850013E1
5.007591621E1,6.169460071E-1,3.104286144E-1,-3.204627141E-1,-6.483173895E-1,1.038130858E2,5.299457909E1,4.065830851E-1,-9.263795477E1
5.008588621E1,6.167249271E-1,3.131638931E-1,-3.203655330E-1,-6.472593969E-1,1.038452725E2,5.322887490E1,5.868178863E-1,-9.247364644E1
5.009585621E1,6.164407217E-1,3.158658570E-1,-3.203851177E-1,-6.462067043E-1,1.038866391E2,5.347194295E1,7.581829455E-1,-9.231899185E1
5.010582621E1,6.161378847E-1,3.184371862E-1,-3.204617906E-1,-6.451946439E-1,1.039307048E2,5.370947750E1,9.173809704E-1,-9.217481904E1
5.011579521E1,6.158182444E-1,3.207953285E-1,-3.205774998E-1,-6.442734810E-1,1.039772011E2,5.393222141E1,1.061459287E0,-9.204719168E1
5.012576521E1,6.154629016E-1,3.228741154E-1,-3.207409251E-1,-6.434928819E-1,1.040288735E2,5.413475013E1,1.187603616E0,-9.194401445E1
5.013573521E1,6.150215096E-1,3.245904341E-1,-3.209931172E-1,-6.429254470E-1,1.040930335E2,5.431298807E1,1.291530848E0,-9.187893640E1
5.014570421E1,6.146859917E-1,3.260277491E-1,-3.212873633E-1,-6.423718350E-1,1.041417851E2,5.447019527E1,1.368376432E0,-9.181906484E1
5.015567421E1,6.143680121E-1,3.271465617E-1,-3.217383943E-1,-6.418811851E-1,1.041879735E2,5.461308587E1,1.412305785E0,-9.178009596E1
5.016564421E1,6.141120807E-1,3.279820955E-1,-3.223651033E-1,-6.413850482E-1,1.042251384E2,5.474655062E1,1.420451472E0,-9.175338036E1
5.017561421E1,6.138951416E-1,3.285585579E-1,-3.231639348E-1,-6.408955218E-1,1.042566338E2,5.487238370E1,1.396200134E0,-9.174051328E1
5.018558321E1,6.136995855E-1,3.289753099E-1,-3.240974835E-1,-6.403974250E-1,1.042850190E2,5.499616463E1,1.349606568E0,-9.173658520E1
5.019555321E1,6.136160821E-1,3.294220432E-1,-3.250183311E-1,-6.397809536E-1,1.042971379E2,5.512171659E1,1.297456246E0,-9.171459344E1
5.020552321E1,6.136120241E-1,3.299563759E-1,-3.258580700E-1,-6.390818335E-1,1.042977268E2,5.524792296E1,1.251289836E0,-9.167471407E1
5.021549321E1,6.136206813E-1,3.305736270E-1,-3.265954186E-1,-6.383777533E-1,1.042964705E2,5.537232020E1,1.217643705E0,-9.162672296E1
5.022546221E1,6.136796092E-1,3.313483371E-1,-3.271878679E-1,-6.376155631E-1,1.042879183E2,5.549783865E1,1.201504194E0,-9.155961192E1
5.023543221E1,6.136272378E-1,3.322312509E-1,-3.277179694E-1,-6.369341579E-1,1.042955189E2,5.562746495E1,1.204762294E0,-9.149984014E1
5.024540221E1,6.135925193E-1,3.332879631E-1,-3.281065148E-1,-6.362148692E-1,1.043005574E2,5.576005655E1,1.228407310E0,-9.142407303E1
5.025537221E1,6.135001940E-1,3.344430065E-1,-3.283872881E-1,-6.355526817E-1,1.043139553E2,5.589181495E1,1.270980168E0,-9.134867434E1
5.026534121E1,6.133714611E-1,3.356699859E-1,-3.285661168E-1,-6.349372699E-1,1.043326343E2,5.602091154E1,1.328957861E0,-9.127253129E1
5.027531121E1,6.132326083E-1,3.369778556E-1,-3.286411273E-1,-6.343394800E-1,1.043527792E2,5.614807861E1,1.401010190E0,-9.119122786E1
5.028528121E1,6.129988658E-1,3.382382051E-1,-3.286935679E-1,-6.338673471E-1,1.043866844E2,5.626889292E1,1.479469171E0,-9.112657095E1
5.029525121E1,6.127980328E-1,3.394160729E-1,-3.287123334E-1,-6.334221532E-1,1.044158098E2,5.637922863E1,1.553981972E0,-9.106333707E1
5.030522021E1,6.127237431E-1,3.405401224E-1,-3.286813203E-1,-6.329065557E-1,1.044265821E2,5.648035602E1,1.620452098E0,-9.098617315E1
5.031519021E1,6.125612979E-1,3.415428361E-1,-3.287023535E-1,-6.325124938E-1,1.044501344E2,5.657507048E1,1.682419574E0,-9.093061509E1
5.032516021E1,6.125467809E-1,3.425369492E-1,-3.286080756E-1,-6.320377702E-1,1.044522390E2,5.665873570E1,1.743031206E0,-9.085470830E1
5.033513021E1,6.124449515E-1,3.433669181E-1,-3.285174889E-1,-6.317329668E-1,1.044670008E2,5.672747392E1,1.801369448E0,-9.080374272E1
5.034509921E1,6.122095627E-1,3.440471643E-1,-3.284740394E-1,-6.316136477E-1,1.045011184E2,5.678648079E1,1.857847429E0,-9.078321041E1
5.035506921E1,6.119789858E-1,3.447259446E-1,-3.284126262E-1,-6.314990419E-1,1.045345310E2,5.684376494E1,1.915465666E0,-9.076201136E1
5.036503921E1,6.115323748E-1,3.453056501E-1,-3.284704339E-1,-6.315847074E-1,1.045992274E2,5.690243820E1,1.973595423E0,-9.077879974E1
5.037500821E1,6.111874081E-1,3.459269276E-1,-3.284693052E-1,-6.315792651E-1,1.046491802E2,5.695977955E1,2.031443109E0,-9.077795386E1
5.038497821E1,6.108309077E-1,3.464156519E-1,-3.285252446E-1,-6.316272506E-1,1.047007854E2,5.700998540E1,2.078251892E0,-9.078914248E1
5.039494821E1,6.104203335E-1,3.466250835E-1,-3.287585234E-1,-6.317878097E-1,1.047601960E2,5.705028978E1,2.098940516E0,-9.083000001E1
5.040491821E1,6.100559964E-1,3.465529453E-1,-3.291633268E-1,-6.319684709E-1,1.048128960E2,5.708014355E1,2.086310839E0,-9.088671896E1
5.041488721E1,6.095962171E-1,3.461602756E-1,-3.298492121E-1,-6.322697780E-1,1.048793749E2,5.710582782E1,2.039226182E0,-9.098221264E1
5.042485721E1,6.091869646E-1,3.456536092E-1,-3.306807885E-1,-6.325069028E-1,1.049385232E2,5.713454559E1,1.969284749E0,-9.107955420E1
5.043482721E1,6.087885043E-1,3.451401019E-1,-3.315649352E-1,-6.327080315E-1,1.049960892E2,5.716769571E1,1.893396398E0,-9.117583345E1
5.044479721E1,6.082925531E-1,3.446441711E-1,-3.324540539E-1,-6.329887809E-1,1.050677089E2,5.720299477E1,1.825359072E0,-9.128424139E1
5.045476621E1,6.079337280E-1,3.443111623E-1,-3.331820209E-1,-6.331319827E-1,1.051195049E2,5.723890876E1,1.769783729E0,-9.136056231E1
5.046473683E1,6.075877907E-1,3.440675775E-1,-3.338296675E-1,-6.332552161E-1,1.051694237E2,5.727580986E1,1.725065038E0,-9.142796607E1
5.047470683E1,6.073138770E-1,3.439230646E-1,-3.344116647E-1,-6.332894828E-1,1.052089376E2,5.731600111E1,1.685886820E0,-9.147751386E1
5.048467683E1,6.072748200E-1,3.439432861E-1,-3.348835076E-1,-6.330665550E-1,1.052145710E2,5.736161941E1,1.647213503E0,-9.148132613E1
5.049464583E1,6.072489853E-1,3.439654340E-1,-3.354098588E-1,-6.328007335E-1,1.052182972E2,5.741251995E1,1.602689726E0,-9.148316413E1
5.050461583E1,6.073404045E-1,3.439903520E-1,-3.359696441E-1,-6.324024010E-1,1.052051113E2,5.746695923E1,1.546301136E0,-9.146842959E1
5.051458583E1,6.073641792E-1,3.439124656E-1,-3.366760664E-1,-6.320460033E-1,1.052016820E2,5.752543396E1,1.476505672E0,-9.147119491E1
5.052455583E1,6.072348411E-1,3.436988993E-1,-3.375602734E-1,-6.318149016E-1,1.052203372E2,5.758775820E1,1.395373501E0,-9.150601004E1
5.053452483E1,6.071161463E-1,3.434440869E-1,-3.385206662E-1,-6.315536846E-1,1.052374552E2,5.765348138E1,1.304395654E0,-9.154256395E1
5.054449483E1,6.068827608E-1,3.430955570E-1,-3.395604044E-1,-6.314090972E-1,1.052711081E2,5.771795187E1,1.210211248E0,-9.160240924E1
5.055446483E1,6.068011750E-1,3.427745850E-1,-3.405015673E-1,-6.311550255E-1,1.052828705E2,5.777608465E1,1.114719699E0,-9.163896175E1
5.056443483E1,6.066908623E-1,3.423886590E-1,-3.414515024E-1,-6.309571605E-1,1.052987731E2,5.782914884E1,1.017290706E0,-9.168455361E1
5.057440383E1,6.066218244E-1,3.420186608E-1,-3.423802835E-1,-6.307210552E-1,1.053087247E2,5.788188552E1,9.194096422E-1,-9.172317158E1
5.058437383E1,6.065432600E-1,3.416605635E-1,-3.433138117E-1,-6.304830967E-1,1.053200487E2,5.793628056E1,8.223981790E-1,-9.176211070E1
5.059434383E1,6.065711876E-1,3.413811150E-1,-3.441694919E-1,-6.301410066E-1,1.053160234E2,5.799080159E1,7.282423192E-1,-9.178007453E1
5.060431283E1,6.064938969E-1,3.410619045E-1,-3.450801070E-1,-6.298903105E-1,1.053271633E2,5.804686191E1,6.351493422E-1,-9.181578424E1
5.061428283E1,6.063652383E-1,3.407266581E-1,-3.460106776E-1,-6.296850817E-1,1.053457050E2,5.810342165E1,5.433608129E-1,-9.185985177E1
5.062425283E1,6.062225792E-1,3.403925159E-1,-3.468722033E-1,-6.295290883E-1,1.053662617E2,5.815371904E1,4.589702821E-1,-9.190574896E1
5.063422283E1,6.060340800E-1,3.399813421E-1,-3.476380850E-1,-6.295102250E-1,1.053934195E2,5.818807504E1,3.828766407E-1,-9.196399626E1
5.064419183E1,6.059431034E-1,3.395161249E-1,-3.482503105E-1,-6.295105859E-1,1.054065251E2,5.820317127E1,3.104438945E-1,-9.201288387E1
5.065416183E1,6.057986122E-1,3.389070822E-1,-3.488222218E-1,-6.296610620E-1,1.054273374E2,5.820142448E1,2.384170684E-1,-9.208031140E1
5.066413183E1,6.057547096E-1,3.382444573E-1,-3.492995270E-1,-6.297949059E-1,1.054336604E2,5.818601269E1,1.644164966E-1,-9.213784201E1
5.067410183E1,6.056808670E-1,3.374797265E-1,-3.497895447E-1,-6.300043770E-1,1.054442950E2,5.816263154E1,8.627259605E-2,-9.220738006E1
5.068407083E1,6.056576520E-1,3.366827342E-1,-3.502805930E-1,-6.301802479E-1,1.054476382E2,5.813656285E1,2.370601080E-3,-9.227221699E1
5.069404083E1,6.057525285E-1,3.359616009E-1,-3.507453469E-1,-6.302152680E-1,1.054339746E2,5.811503042E1,-8.442540825E-2,-9.231464637E1
5.070401083E1,6.058860774E-1,3.353133870E-1,-3.511960186E-1,-6.301811857E-1,1.054147393E2,5.809888282E1,-1.692050294E-1,-9.234600779E1
5.071398083E1,6.059619957E-1,3.347003993E-1,-3.516322424E-1,-6.301907412E-1,1.054038036E2,5.808465198E1,-2.464508404E-1,-9.238256366E1
5.072394983E1,6.062016243E-1,3.342329506E-1,-3.519211992E-1,-6.300471231E-1,1.053692810E2,5.806967289E1,-3.154370466E-1,-9.238513560E1
5.073391983E1,6.063811066E-1,3.338046510E-1,-3.521578571E-1,-6.299692147E-1,1.053434182E2,5.805332080E1,-3.730230517E-1,-9.239300199E1
5.074388983E1,6.066413621E-1,3.334785990E-1,-3.522584656E-1,-6.298352312E-1,1.053059085E2,5.803331155E1,-4.191779246E-1,-9.238178364E1
5.075385983E1,6.069752033E-1,3.332240393E-1,-3.522324116E-1,-6.296628124E-1,1.052577793E2,5.800772780E1,-4.557989077E-1,-9.235478340E1
5.076382883E1,6.073486073E-1,3.329846808E-1,-3.521511590E-1,-6.294746860E-1,1.052039281E2,5.797826680E1,-4.896658478E-1,-9.232106340E1
5.077379883E1,6.077616622E-1,3.327863107E-1,-3.520485584E-1,-6.292382263E-1,1.051443361E2,5.795046405E1,-5.225160074E-1,-9.227865352E1
5.078376883E1,6.082350128E-1,3.326530430E-1,-3.519013810E-1,-6.289337160E-1,1.050760160E2,5.792428893E1,-5.525720971E-1,-9.222284329E1
5.079373883E1,6.087096621E-1,3.325150714E-1,-3.517261594E-1,-6.286453558E-1,1.050074770E2,5.789502437E1,-5.804226218E-1,-9.216712734E1
5.080370783E1,6.093262948E-1,3.323753743E-1,-3.514419435E-1,-6.282805926E-1,1.049183888E2,5.785522161E1,-6.093887837E-1,-9.209164333E1
5.081367783E1,6.098780069E-1,3.321100421E-1,-3.511708727E-1,-6.280373112E-1,1.048386348E2,5.780535448E1,-6.410264160E-1,-9.203476648E1
5.082364783E1,6.104416262E-1,3.318383095E-1,-3.508729906E-1,-6.277998242E-1,1.047571155E2,5.775236730E1,-6.714584905E-1,-9.197659876E1
5.083361683E1,6.109565040E-1,3.316272974E-1,-3.505529103E-1,-6.275890781E-1,1.046826068E2,5.770279712E1,-6.929418181E-1,-9.192052694E1
5.084358683E1,6.115076076E-1,3.315528549E-1,-3.501033833E-1,-6.273426962E-1,1.046028144E2,5.765335108E1,-6.982947490E-1,-9.184896167E1
5.085355683E1,6.121847237E-1,3.315503452E-1,-3.494808131E-1,-6.270307404E-1,1.045047182E2,5.759406084E1,-6.938180361E-1,-9.175415602E1
5.086352683E1,6.127957266E-1,3.313891677E-1,-3.488701974E-1,-6.268590763E-1,1.044161442E2,5.752164745E1,-6.935088417E-1,-9.168058739E1
5.087349583E1,6.134578529E-1,3.311703215E-1,-3.482846289E-1,-6.266525574E-1,1.043200992E2,5.744638939E1,-7.023735195E-1,-9.160410899E1
5.088346583E1,6.140997382E-1,3.309971263E-1,-3.477090432E-1,-6.264350908E-1,1.042269305E2,5.737625974E1,-7.081729569E-1,-9.152694346E1
5.089343583E1,6.146060569E-1,3.308192376E-1,-3.471461167E-1,-6.263445087E-1,1.041533975E2,5.730701217E1,-7.049040499E-1,-9.146909207E1
5.090340583E1,6.151359066E-1,3.306704665E-1,-3.465135274E-1,-6.262534076E-1,1.040764077E2,5.723390633E1,-6.955198262E-1,-9.140570478E1
5.091337483E1,6.156342082E-1,3.304436104E-1,-3.458876684E-1,-6.262295110E-1,1.040039651E2,5.715442946E1,-6.883382962E-1,-9.135259591E1
5.092334483E1,6.161644810E-1,3.301442157E-1,-3.452487058E-1,-6.262184873E-1,1.039268353E2,5.706718708E1,-6.861423322E-1,-9.130039062E1
5.093331483E1,6.167595126E-1,3.298052523E-1,-3.445685162E-1,-6.261858633E-1,1.038402377E2,5.697251637E1,-6.871674484E-1,-9.124192336E1
5.094328483E1,6.172914558E-1,3.293669310E-1,-3.439253072E-1,-6.262459147E-1,1.037627782E2,5.687239641E1,-6.918586126E-1,-9.119978420E1
5.095325383E1,6.178118729E-1,3.288560420E-1,-3.433170288E-1,-6.263351096E-1,1.036869574E2,5.676903043E1,-7.026072701E-1,-9.116467597E1
5.096322383E1,6.182389865E-1,3.282240987E-1,-3.428224711E-1,-6.265159222E-1,1.036247007E2,5.666542094E1,-7.229307032E-1,-9.115175115E1
5.097319383E1,6.186831935E-1,3.275238098E-1,-3.423909064E-1,-6.266798942E-1,1.035599242E2,5.656154388E1,-7.539096484E-1,-9.114141719E1
5.098316383E1,6.191654279E-1,3.267576683E-1,-3.420171021E-1,-6.268077776E-1,1.034895696E2,5.645712533E1,-7.965421263E-1,-9.113047789E1
5.099313283E1,6.195191127E-1,3.258070883E-1,-3.417948617E-1,-6.270743258E-1,1.034379479E2,5.635033059E1,-8.529581648E-1,-9.115138457E1
5.100310283E1,6.197835424E-1,3.246826894E-1,-3.416905114E-1,-6.274528042E-1,1.033993414E2,5.623902011E1,-9.226270143E-1,-9.119765872E1
5.101307283E1,6.201156941E-1,3.234825315E-1,-3.416163593E-1,-6.277848868E-1,1.033508329E2,5.612380161E1,-1.004357221E0,-9.123966371E1
5.102304283E1,6.203253526E-1,3.221319950E-1,-3.416639681E-1,-6.282461218E-1,1.033202053E2,5.600671619E1,-1.096094427E0,-9.130984379E1
5.103301183E1,6.204487329E-1,3.206993479E-1,-3.418205351E-1,-6.287717187E-1,1.033021785E2,5.589277024E1,-1.195899907E0,-9.139790488E1
5.104298183E1,6.205619890E-1,3.192888523E-1,-3.420314893E-1,-6.292630169E-1,1.032856290E2,5.578619253E1,-1.299015185E0,-9.148536632E1
5.105295183E1,6.205320605E-1,3.178488565E-1,-3.423469650E-1,-6.298497053E-1,1.032900025E2,5.568722320E1,-1.402770503E0,-9.159489257E1
5.106292183E1,6.205408247E-1,3.164828415E-1,-3.426451474E-1,-6.303665966E-1,1.032887217E2,5.559350503E1,-1.504197386E0,-9.169308836E1
5.107289083E1,6.205189258E-1,3.151540159E-1,-3.429467279E-1,-6.308897058E-1,1.032919218E2,5.550374981E1,-1.601913443E0,-9.179254914E1
5.108286083E1,6.204518791E-1,3.138074334E-1,-3.432355089E-1,-6.314695111E-1,1.033017188E2,5.541158160E1,-1.696350704E0,-9.189931567E1
5.109283083E1,6.204322232E-1,3.124594547E-1,-3.434833284E-1,-6.320222404E-1,1.033045909E2,5.531567468E1,-1.790991082E0,-9.199904623E1
5.110279983E1,6.203282212E-1,3.110234378E-1,-3.438003043E-1,-6.326599057E-1,1.033197862E2,5.521893616E1,-1.890756938E0,-9.211667380E1
5.111276983E1,6.202545130E-1,3.095743448E-1,-3.441799209E-1,-6.332362573E-1,1.033305545E2,5.512723465E1,-1.999507119E0,-9.223049513E1
5.112273983E1,6.201826605E-1,3.081355647E-1,-3.446290088E-1,-6.337640544E-1,1.033410509E2,5.504333436E1,-2.114429551E0,-9.234289807E1
5.113270983E1,6.201052598E-1,3.067404474E-1,-3.451208770E-1,-6.342485936E-1,1.033523570E2,5.496765521E1,-2.230695572E0,-9.245253996E1
5.114267883E1,6.201448614E-1,3.054245701E-1,-3.455614064E-1,-6.346050039E-1,1.033465724E2,5.489416030E1,-2.346823217E0,-9.253958204E1
5.115264883E1,6.201222114E-1,3.040271874E-1,-3.460350988E-1,-6.350398500E-1,1.033498809E2,5.481712734E1,-2.466161142E0,-9.264080791E1
5.116261883E1,6.200605235E-1,3.025628267E-1,-3.465108629E-1,-6.355397808E-1,1.033588913E2,5.473490632E1,-2.586865867E0,-9.275183463E1
5.117258883E1,6.201317050E-1,3.011514078E-1,-3.468482537E-1,-6.359566599E-1,1.033484942E2,5.464423832E1,-2.702194596E0,-9.283983925E1
5.118255783E1,6.200986348E-1,2.996715213E-1,-3.471328556E-1,-6.365324128E-1,1.033533247E2,5.454322141E1,-2.809303196E0,-9.294694661E1
5.119252783E1,6.201615067E-1,2.982241485E-1,-3.472960139E-1,-6.370617884E-1,1.033441410E2,5.443359082E1,-2.911008051E0,-9.303769001E1
5.120249783E1,6.201610247E-1,2.967293130E-1,-3.474534035E-1,-6.376739899E-1,1.033442114E2,5.431978826E1,-3.010616113E0,-9.314021045E1
5.121246783E1,6.200534653E-1,2.951603307E-1,-3.476681654E-1,-6.383893068E-1,1.033599222E2,5.420569405E1,-3.112192722E0,-9.326258365E1
5.122243683E1,6.199822766E-1,2.936037001E-1,-3.478915226E-1,-6.390543446E-1,1.033703195E2,5.409374509E1,-3.216883518E0,-9.337844265E1
5.123240683E1,6.198941284E-1,2.920322285E-1,-3.481371386E-1,-6.397257208E-1,1.033831928E2,5.398305699E1,-3.323602507E0,-9.349718667E1
5.124237683E1,6.199943319E-1,2.905228787E-1,-3.483052492E-1,-6.402240869E-1,1.033685589E2,5.387006740E1,-3.433789949E0,-9.358441830E1
5.125234683E1,6.201832789E-1,2.889945734E-1,-3.484100447E-1,-6.406756877E-1,1.033409606E2,5.374945370E1,-3.546154991E0,-9.365979283E1
5.126231583E1,6.203998109E-1,2.873604690E-1,-3.484519677E-1,-6.411780966E-1,1.033093267E2,5.361406961E1,-3.661433977E0,-9.373772269E1
5.127228583E1,6.206448382E-1,2.855947452E-1,-3.484500526E-1,-6.417307406E-1,1.032735214E2,5.346358719E1,-3.782985905E0,-9.381968475E1
5.128225583E1,6.208286018E-1,2.837289938E-1,-3.484656838E-1,-6.423716223E-1,1.032466627E2,5.330690506E1,-3.908081863E0,-9.391624088E1
5.129222583E1,6.210751872E-1,2.819621347E-1,-3.484299644E-1,-6.429304631E-1,1.032106142E2,5.315381522E1,-4.027675584E0,-9.399665156E1
5.130219483E1,6.214857442E-1,2.804109805E-1,-3.482789338E-1,-6.432938065E-1,1.031505745E2,5.300752431E1,-4.136192439E0,-9.403889936E1
5.131216483E1,6.218994999E-1,2.789872863E-1,-3.480752117E-1,-6.436230998E-1,1.030900418E2,5.286708247E1,-4.232866667E0,-9.407187325E1
5.132213483E1,6.224578251E-1,2.776799754E-1,-3.477773599E-1,-6.438098466E-1,1.030083183E2,5.272698084E1,-4.324623624E0,-9.407618189E1
5.133210483E1,6.229855260E-1,2.762709825E-1,-3.475152302E-1,-6.440469424E-1,1.029310346E2,5.258201531E1,-4.423671752E0,-9.409090580E1
5.134207383E1,6.235310123E-1,2.746885659E-1,-3.473024018E-1,-6.443108442E-1,1.028511026E2,5.242735269E1,-4.539019264E0,-9.411369307E1
5.135204383E1,6.241384689E-1,2.729081171E-1,-3.471194819E-1,-6.445777661E-1,1.027620375E2,5.225895711E1,-4.673654758E0,-9.413948877E1
5.136201383E1,6.246185386E-1,2.708117671E-1,-3.470210347E-1,-6.450497094E-1,1.026916106E2,5.207319977E1,-4.826426131E0,-9.420270640E1
5.137198283E1,6.250708026E-1,2.685103279E-1,-3.469351079E-1,-6.456197594E-1,1.026252313E2,5.187218279E1,-4.991437468E0,-9.428173345E1
5.138195283E1,6.253102382E-1,2.660539463E-1,-3.469331902E-1,-6.464054194E-1,1.025900765E2,5.166794271E1,-5.159253639E0,-9.439982598E1
5.139192283E1,6.254852293E-1,2.636483386E-1,-3.469385349E-1,-6.472181819E-1,1.025643783E2,5.146953460E1,-5.320903789E0,-9.452276803E1
5.140189283E1,6.257039694E-1,2.613671009E-1,-3.469242445E-1,-6.479393164E-1,1.025322488E2,5.127984094E1,-5.476858707E0,-9.463065004E1
5.141186183E1,6.258957007E-1,2.591840706E-1,-3.469604407E-1,-6.486114270E-1,1.025040805E2,5.110368770E1,-5.629919995E0,-9.473543484E1
5.142183183E1,6.261933299E-1,2.572194927E-1,-3.470193910E-1,-6.490742955E-1,1.024603432E2,5.094740413E1,-5.779097115E0,-9.481082203E1
5.143180183E1,6.264698014E-1,2.554592823E-1,-3.471451045E-1,-6.494354216E-1,1.024197031E2,5.081462009E1,-5.920200959E0,-9.487634469E1
5.144177183E1,6.268887213E-1,2.539891159E-1,-3.472413258E-1,-6.495564028E-1,1.023581015E2,5.070198873E1,-6.050375719E0,-9.490341188E1
5.145174083E1,6.272984387E-1,2.526403167E-1,-3.473625138E-1,-6.496221018E-1,1.022978274E2,5.060178942E1,-6.174590414E0,-9.492416535E1
5.146171083E1,6.277385973E-1,2.512956636E-1,-3.475171084E-1,-6.496357804E-1,1.022330466E2,5.050505884E1,-6.303699840E0,-9.493986904E1
5.147168058E1,6.280336404E-1,2.497495433E-1,-3.477955779E-1,-6.497977778E-1,1.021896067E2,5.040496997E1,-6.446836369E0,-9.498803161E1
5.148165058E1,6.283287164E-1,2.480923187E-1,-3.481088660E-1,-6.499796355E-1,1.021461488E2,5.029949418E1,-6.600376845E0,-9.504218236E1
5.149161958E1,6.284705465E-1,2.463353430E-1,-3.484418261E-1,-6.503322723E-1,1.021252557E2,5.018917225E1,-6.751950436E0,-9.512373617E1
5.150158958E1,6.285684602E-1,2.445795475E-1,-3.486948336E-1,-6.507644816E-1,1.021108302E2,5.007190469E1,-6.893821526E0,-9.521087561E1
5.151155958E1,6.286833973E-1,2.428503255E-1,-3.488804273E-1,-6.512014996E-1,1.020938947E2,4.995050938E1,-7.029575662E0,-9.529336967E1
5.152152958E1,6.287866005E-1,2.410768019E-1,-3.490334045E-1,-6.516787429E-1,1.020786865E2,4.982284243E1,-7.164921433E0,-9.537944055E1
5.153149858E1,6.289335415E-1,2.391289906E-1,-3.491404101E-1,-6.521970477E-1,1.020570302E2,4.967688912E1,-7.310927764E0,-9.546828464E1
5.154146858E1,6.291782527E-1,2.369096218E-1,-3.492520571E-1,-6.527109798E-1,1.020209570E2,4.950947776E1,-7.482107547E0,-9.555733548E1
5.155143858E1,6.293320795E-1,2.342900688E-1,-3.495059919E-1,-6.533719359E-1,1.019982765E2,4.932528382E1,-7.686550120E0,-9.568090331E1
5.156140858E1,6.295648631E-1,2.314475009E-1,-3.498756355E-1,-6.539627860E-1,1.019639476E2,4.913476852E1,-7.921875275E0,-9.580399150E1
5.157137758E1,6.297685272E-1,2.284548955E-1,-3.503646759E-1,-6.545568774E-1,1.019339061E2,4.894506180E1,-8.176551119E0,-9.593797801E1
5.158134758E1,6.299486154E-1,2.253860044E-1,-3.509478724E-1,-6.551347581E-1,1.019073368E2,4.875963209E1,-8.443950746E0,-9.607784931E1
5.159131758E1,6.300819575E-1,2.222666740E-1,-3.515912862E-1,-6.557269319E-1,1.018876611E2,4.857752512E1,-8.717930792E0,-9.622547471E1
5.160128758E1,6.302557882E-1,2.191469801E-1,-3.522275614E-1,-6.562683332E-1,1.018620067E2,4.839538879E1,-8.995011581E0,-9.636536620E1
5.161125658E1,6.304801201E-1,2.160354890E-1,-3.528640209E-1,-6.567422903E-1,1.018288924E2,4.821443456E1,-9.275871304E0,-9.649555799E1
5.162122658E1,6.307587556E-1,2.129592906E-1,-3.535065760E-1,-6.571338740E-1,1.017877513E2,4.803722576E1,-9.559352596E0,-9.661418398E1
5.163119658E1,6.310452646E-1,2.099523237E-1,-3.540933444E-1,-6.575104192E-1,1.017454351E2,4.786069579E1,-9.834695110E0,-9.672622276E1
5.164116658E1,6.314815990E-1,2.070920067E-1,-3.544406555E-1,-6.578114017E-1,1.016809660E2,4.767124729E1,-1.008974639E1,-9.680675302E1
5.165113558E1,6.319961041E-1,2.043541000E-1,-3.544680984E-1,-6.581586312E-1,1.016049090E2,4.745963345E1,-1.031443483E1,-9.686746720E1
5.166110558E1,6.325368600E-1,2.017388723E-1,-3.541617487E-1,-6.586106864E-1,1.015249271E2,4.722488229E1,-1.050410474E1,-9.691605925E1
5.167107558E1,6.332486017E-1,1.993413646E-1,-3.535305417E-1,-6.589956900E-1,1.014195855E2,4.697334713E1,-1.066202105E1,-9.692675598E1
5.168104558E1,6.338925371E-1,1.970407525E-1,-3.527354256E-1,-6.594945243E-1,1.013242114E2,4.671412090E1,-1.079514698E1,-9.694111803E1
5.169101458E1,6.346513423E-1,1.949631342E-1,-3.518109240E-1,-6.598759599E-1,1.012117400E2,4.645801124E1,-1.090911048E1,-9.692636724E1
5.170098458E1,6.354163379E-1,1.930838905E-1,-3.508880344E-1,-6.601835173E-1,1.010982594E2,4.621709053E1,-1.100988659E1,-9.690022041E1
5.171095458E1,6.361115726E-1,1.913752257E-1,-3.500436118E-1,-6.604597675E-1,1.009950469E2,4.599759851E1,-1.110118786E1,-9.687567175E1
5.172092358E1,6.368739841E-1,1.899106016E-1,-3.492342869E-1,-6.605762864E-1,1.008817733E2,4.579920057E1,-1.118255005E1,-9.682912984E1
5.173089358E1,6.375990152E-1,1.886602205E-1,-3.484420632E-1,-6.606534783E-1,1.007739676E2,4.561909664E1,-1.124791149E1,-9.677764792E1
5.174086358E1,6.383829361E-1,1.876426744E-1,-3.475920402E-1,-6.606340170E-1,1.006573109E2,4.545025039E1,-1.129539837E1,-9.670612892E1
5.175083358E1,6.391690624E-1,1.867640127E-1,-3.466918099E-1,-6.605958287E-1,1.005402271E2,4.528700086E1,-1.132875749E1,-9.662743577E1
5.176080258E1,6.398275410E-1,1.858857462E-1,-3.458058937E-1,-6.606704523E-1,1.004420783E2,4.512676155E1,-1.135537711E1,-9.656747396E1
5.177077258E1,6.404425689E-1,1.850155086E-1,-3.449349185E-1,-6.607741125E-1,1.003503427E2,4.496914619E1,-1.137999676E1,-9.651337685E1
5.178074258E1,6.409432234E-1,1.840771511E-1,-3.441002002E-1,-6.609859083E-1,1.002756214E2,4.481134537E1,-1.140556654E1,-9.647923250E1
5.179071258E1,6.414938180E-1,1.831040594E-1,-3.432323175E-1,-6.611733893E-1,1.001933997E2,4.464714274E1,-1.143380981E1,-9.643885824E1
5.180068158E1,6.420482209E-1,1.819556316E-1,-3.423513325E-1,-6.614089869E-1,1.001105594E2,4.446842332E1,-1.147369072E1,-9.640536572E1
5.181065158E1,6.424784737E-1,1.804447303E-1,-3.415698667E-1,-6.618091113E-1,1.000462354E2,4.427355497E1,-1.154062208E1,-9.640630524E1
5.182062158E1,6.428833489E-1,1.785825771E-1,-3.409917595E-1,-6.622190191E-1,9.998567775E1,4.407220646E1,-1.164892390E1,-9.642624216E1
5.183059158E1,6.431736024E-1,1.763697938E-1,-3.407410595E-1,-6.626590862E-1,9.994224766E1,4.387763776E1,-1.180404843E1,-9.647842410E1
5.184056058E1,6.434496912E-1,1.739986332E-1,-3.407793499E-1,-6.629980884E-1,9.990092416E1,4.369947016E1,-1.199505166E1,-9.653906241E1
5.185053058E1,6.438434877E-1,1.716966039E-1,-3.409623620E-1,-6.631218553E-1,9.984196113E1,4.353915837E1,-1.220096460E1,-9.657821684E1
5.186050058E1,6.441838735E-1,1.694434281E-1,-3.412267966E-1,-6.632348009E-1,9.979097468E1,4.339132342E1,-1.240755111E1,-9.662241704E1
5.187047058E1,6.445743911E-1,1.672714588E-1,-3.414795249E-1,-6.632765414E-1,9.973245545E1,4.324795064E1,-1.261057988E1,-9.665459266E1
5.188043958E1,6.449635606E-1,1.651528421E-1,-3.416740959E-1,-6.633289866E-1,9.967411315E1,4.310313777E1,-1.280498552E1,-9.668366718E1
5.189040958E1,6.452681032E-1,1.630594977E-1,-3.417648749E-1,-6.635039909E-1,9.962844020E1,4.295155855E1,-1.298398472E1,-9.672331087E1
5.190037958E1,6.456569250E-1,1.610826841E-1,-3.416749757E-1,-6.636547330E-1,9.957010534E1,4.279008287E1,-1.314422691E1,-9.674412261E1
5.191034958E1,6.460901913E-1,1.591754233E-1,-3.414740933E-1,-6.637967712E-1,9.950507288E1,4.262247364E1,-1.329270688E1,-9.675433123E1
5.192031858E1,6.464682999E-1,1.573475671E-1,-3.412619998E-1,-6.639734837E-1,9.944829395E1,4.246056576E1,-1.343139545E1,-9.676889135E1
5.193028858E1,6.470195550E-1,1.557438374E-1,-3.410015744E-1,-6.639483899E-1,9.936547163E1,4.230799478E1,-1.355965431E1,-9.674750009E1
5.194025858E1,6.476277781E-1,1.542225153E-1,-3.407305596E-1,-6.638497221E-1,9.927403126E1,4.215959290E1,-1.368430509E1,-9.671357375E1
5.195022858E1,6.481885966E-1,1.525988395E-1,-3.405243035E-1,-6.637832862E-1,9.918966272E1,4.201054934E1,-1.381943295E1,-9.669029314E1
5.196019758E1,6.487727994E-1,1.508360476E-1,-3.404254270E-1,-6.636661548E-1,9.910172004E1,4.186117371E1,-1.397555819E1,-9.666833457E1
5.197016758E1,6.492023073E-1,1.488935942E-1,-3.405025030E-1,-6.636453870E-1,9.903702753E1,4.171798884E1,-1.415139659E1,-9.667644967E1
5.198013758E1,6.496527676E-1,1.470008319E-1,-3.406417878E-1,-6.635550294E-1,9.896914569E1,4.158418612E1,-1.433030298E1,-9.667878416E1
5.199010758E1,6.500999562E-1,1.452774473E-1,-3.407528869E-1,-6.634396208E-1,9.890172287E1,4.146024136E1,-1.449415542E1,-9.667448720E1
5.200007658E1,6.505858007E-1,1.438290919E-1,-3.407744451E-1,-6.632676860E-1,9.882843338E1,4.134726057E1,-1.463211031E1,-9.665323697E1
5.201004658E1,6.511512007E-1,1.426949623E-1,-3.407067151E-1,-6.629925935E-1,9.874309239E1,4.124741831E1,-1.474347204E1,-9.660761355E1
5.202001658E1,6.516686342E-1,1.418261261E-1,-3.405494862E-1,-6.627513061E-1,9.866494360E1,4.115923243E1,-1.482454639E1,-9.655914188E1
5.202998658E1,6.521275835E-1,1.412271457E-1,-3.402557965E-1,-6.625787869E-1,9.859558944E1,4.107872881E1,-1.487031978E1,-9.650938837E1
5.203995558E1,6.527112860E-1,1.409622422E-1,-3.397343241E-1,-6.623279601E-1,9.850733098E1,4.099869510E1,-1.487851423E1,-9.642766944E1
5.204992558E1,6.531883149E-1,1.408051925E-1,-3.390400074E-1,-6.622467744E-1,9.843515854E1,4.091182594E1,-1.485764669E1,-9.635799463E1
5.205989558E1,6.537504031E-1,1.407347335E-1,-3.382483105E-1,-6.621120553E-1,9.835006665E1,4.082057392E1,-1.482666080E1,-9.627185124E1
5.206986458E1,6.543927671E-1,1.406576258E-1,-3.374304719E-1,-6.619110530E-1,9.825275526E1,4.072500932E1,-1.479838145E1,-9.617341727E1
5.207983458E1,6.550457881E-1,1.404763206E-1,-3.366406295E-1,-6.617057159E-1,9.815375611E1,4.062431997E1,-1.478081933E1,-9.607706100E1
5.208980458E1,6.556892128E-1,1.401694389E-1,-3.359037445E-1,-6.615079520E-1,9.805613921E1,4.051962974E1,-1.477657911E1,-9.598669752E1
5.209977458E1,6.563194099E-1,1.396938433E-1,-3.352466014E-1,-6.613170093E-1,9.796045905E1,4.041032226E1,-1.479099925E1,-9.590444358E1
5.210974358E1,6.569780492E-1,1.390542333E-1,-3.346883558E-1,-6.610805971E-1,9.786038631E1,4.029779733E1,-1.482773261E1,-9.582362816E1
5.211971358E1,6.576316064E-1,1.382542650E-1,-3.342612607E-1,-6.608146224E-1,9.776101041E1,4.018594433E1,-1.488742313E1,-9.574929081E1
5.212968358E1,6.581376842E-1,1.372871002E-1,-3.339703843E-1,-6.606592906E-1,9.768400762E1,4.007721312E1,-1.496310501E1,-9.570368346E1
5.213965358E1,6.586216161E-1,1.362765452E-1,-3.337478911E-1,-6.604987094E-1,9.761033213E1,3.997213249E1,-1.504669592E1,-9.566290736E1
5.214962258E1,6.590113420E-1,1.352702471E-1,-3.335784186E-1,-6.604024098E-1,9.755096873E1,3.987406755E1,-1.512930765E1,-9.563645266E1
5.215959258E1,6.593514756E-1,1.343372107E-1,-3.334069968E-1,-6.603399397E-1,9.749913726E1,3.978212524E1,-1.520351257E1,-9.561495022E1
5.216956258E1,6.597096997E-1,1.335277067E-1,-3.332005089E-1,-6.602506967E-1,9.744452680E1,3.969566566E1,-1.526641983E1,-9.558613897E1
5.217953258E1,6.599643256E-1,1.327965642E-1,-3.329761401E-1,-6.602567913E-1,9.740569577E1,3.961518506E1,-1.531615955E1,-9.557058756E1
5.218950158E1,6.602180618E-1,1.322117873E-1,-3.327048303E-1,-6.602572006E-1,9.736698891E1,3.954111514E1,-1.535078564E1,-9.555001550E1
5.219947158E1,6.603831845E-1,1.317631973E-1,-3.323941870E-1,-6.603382997E-1,9.734179366E1,3.947504954E1,-1.536686320E1,-9.553856244E1
5.220944158E1,6.605151985E-1,1.314780001E-1,-3.320175522E-1,-6.604524233E-1,9.732164679E1,3.941544895E1,-1.536311140E1,-9.552658322E1
5.221941158E1,6.607087901E-1,1.313650360E-1,-3.315500699E-1,-6.605162647E-1,9.729209684E1,3.935888922E1,-1.534191497E1,-9.549905440E1
5.222938058E1,6.608482042E-1,1.313157347E-1,-3.310526844E-1,-6.606359694E-1,9.727081243E1,3.930523256E1,-1.531035378E1,-9.547776261E1
5.223935058E1,6.610622541E-1,1.313256076E-1,-3.305480496E-1,-6.606726089E-1,9.723812654E1,3.925395841E1,-1.527779490E1,-9.544284466E1
5.224932058E1,6.613371617E-1,1.313192856E-1,-3.300568703E-1,-6.606443448E-1,9.719613552E1,3.920167938E1,-1.525094107E1,-9.539897790E1
5.225929058E1,6.615708880E-1,1.312027812E-1,-3.296109250E-1,-6.606559974E-1,9.716042409E1,3.914627143E1,-1.523402324E1,-9.536528752E1
5.226925958E1,6.618353864E-1,1.310171138E-1,-3.291879076E-1,-6.606388167E-1,9.711999908E1,3.908734503E1,-1.522596246E1,-9.532913267E1
5.227922958E1,6.620368364E-1,1.307235294E-1,-3.288118629E-1,-6.606824084E-1,9.708920173E1,3.902600054E1,-1.522662921E1,-9.530650670E1
5.228919958E1,6.622407041E-1,1.303703704E-1,-3.284966993E-1,-6.607046165E-1,9.705802733E1,3.896595425E1,-1.523716956E1,-9.528556460E1
5.229916958E1,6.623998340E-1,1.299766345E-1,-3.282393506E-1,-6.607506574E-1,9.703368879E1,3.890919674E1,-1.525331826E1,-9.527306848E1
5.230913858E1,6.625621388E-1,1.296020333E-1,-3.280061521E-1,-6.607774234E-1,9.700885994E1,3.885610204E1,-1.527028196E1,-9.525945883E1
5.231910858E1,6.626797219E-1,1.292120696E-1,-3.278146158E-1,-6.608308722E-1,9.699086950E1,3.880663411E1,-1.528957522E1,-9.525338609E1
5.232907858E1,6.628451320E-1,1.288708698E-1,-3.276721805E-1,-6.608021865E-1,9.696555720E1,3.876458101E1,-1.531202696E1,-9.523828895E1
5.233904858E1,6.629259309E-1,1.285337793E-1,-3.276102246E-1,-6.608176510E-1,9.695319095E1,3.873204222E1,-1.533652275E1,-9.523649766E1
5.234901758E1,6.629400711E-1,1.282300480E-1,-3.275867278E-1,-6.608740646E-1,9.695102668E1,3.870687535E1,-1.535821293E1,-9.524410429E1
5.235898758E1,6.629980758E-1,1.280240448E-1,-3.275522411E-1,-6.608728738E-1,9.694214818E1,3.868714651E1,-1.537395109E1,-9.524161731E1
5.236895758E1,6.629367881E-1,1.278380929E-1,-3.275227805E-1,-6.609849906E-1,9.695152916E1,3.867161463E1,-1.538214583E1,-9.525720828E1
5.237892758E1,6.629126889E-1,1.277535042E-1,-3.274762082E-1,-6.610486236E-1,9.695521772E1,3.866133171E1,-1.538321739E1,-9.526363480E1
5.238889658E1,6.629047305E-1,1.277389740E-1,-3.273970459E-1,-6.610986445E-1,9.695643577E1,3.865288238E1,-1.537705303E1,-9.526518434E1
5.239886658E1,6.629390674E-1,1.277798670E-1,-3.272829860E-1,-6.611127766E-1,9.695118030E1,3.864446938E1,-1.536597532E1,-9.525822213E1
5.240883658E1,6.629803639E-1,1.278313915E-1,-3.271394127E-1,-6.611323401E-1,9.694485933E1,3.863391891E1,-1.535192478E1,-9.524974261E1
5.241880658E1,6.630878945E-1,1.279103958E-1,-3.269518803E-1,-6.611019382E-1,9.692839890E1,3.862002568E1,-1.533558409E1,-9.522989822E1
5.242877558E1,6.632794023E-1,1.280048890E-1,-3.267175860E-1,-6.610074524E-1,9.689907831E1,3.860130960E1,-1.531857372E1,-9.519629509E1
5.243874558E1,6.634616481E-1,1.280212736E-1,-3.264970421E-1,-6.609304052E-1,9.687116962E1,3.857824626E1,-1.530814861E1,-9.516669889E1
5.244871558E1,6.635736776E-1,1.279142522E-1,-3.263456190E-1,-6.609134589E-1,9.685401069E1,3.855382037E1,-1.530921767E1,-9.515226053E1
5.245868558E1,6.636967524E-1,1.278333619E-1,-3.262518528E-1,-6.608516657E-1,9.683515738E1,3.853660091E1,-1.531388607E1,-9.513533422E1
5.246865437E1,6.637389867E-1,1.278210339E-1,-3.261866305E-1,-6.608438232E-1,9.682868706E1,3.852871577E1,-1.531146685E1,-9.512896221E1
5.247862437E1,6.638293201E-1,1.278886902E-1,-3.260693253E-1,-6.607979969E-1,9.681484683E1,3.852098765E1,-1.530110050E1,-9.511235607E1
5.248859437E1,6.639683836E-1,1.279534804E-1,-3.259508400E-1,-6.607041991E-1,9.679353762E1,3.851203073E1,-1.529348090E1,-9.508817120E1
5.249856337E1,6.640227417E-1,1.279790425E-1,-3.259028558E-1,-6.606683013E-1,9.678520717E1,3.850839074E1,-1.529033997E1,-9.507870688E1
5.250853337E1,6.640245380E-1,1.280729140E-1,-3.259095888E-1,-6.606448415E-1,9.678493187E1,3.851601161E1,-1.528393014E1,-9.507537885E1
5.251850337E1,6.639344676E-1,1.282610154E-1,-3.259148993E-1,-6.606963897E-1,9.679873502E1,3.853225655E1,-1.526531503E1,-9.508346159E1
5.252847337E1,6.637662338E-1,1.284994402E-1,-3.258899905E-1,-6.608313275E-1,9.682451261E1,3.855083955E1,-1.523606932E1,-9.510207954E1
5.253844237E1,6.636413268E-1,1.287696963E-1,-3.258578640E-1,-6.609200725E-1,9.684364814E1,3.857031514E1,-1.520613674E1,-9.511284026E1
5.254841237E1,6.634327374E-1,1.289558484E-1,-3.258958910E-1,-6.610743768E-1,9.687559734E1,3.859167442E1,-1.518408947E1,-9.513957779E1
5.255838237E1,6.632823179E-1,1.291131404E-1,-3.259935453E-1,-6.611464032E-1,9.689863188E1,3.861544693E1,-1.517250938E1,-9.515823772E1
5.256835237E1,6.631217193E-1,1.291897634E-1,-3.261735123E-1,-6.612037420E-1,9.692322067E1,3.864117373E1,-1.517356838E1,-9.518129523E1
5.257832137E1,6.628786574E-1,1.291423271E-1,-3.264578560E-1,-6.613164015E-1,9.696042629E1,3.866904360E1,-1.518853149E1,-9.522155374E1
5.258829137E1,6.626171896E-1,1.290248322E-1,-3.268341326E-1,-6.614156040E-1,9.700043738E1,3.870076164E1,-1.521570918E1,-9.526719096E1
5.259826137E1,6.622925136E-1,1.288630094E-1,-3.272849985E-1,-6.615493547E-1,9.705010369E1,3.873744659E1,-1.524923466E1,-9.532431847E1
5.260823137E1,6.619641803E-1,1.287395402E-1,-3.277784327E-1,-6.616576815E-1,9.710031013E1,3.878115328E1,-1.528331499E1,-9.538085348E1
5.261820038E1,6.616448620E-1,1.287004069E-1,-3.282952163E-1,-6.617283333E-1,9.714911942E1,3.883324608E1,-1.531349784E1,-9.543325301E1
5.262817037E1,6.612272785E-1,1.287109647E-1,-3.288363186E-1,-6.618749969E-1,9.721292136E1,3.889322007E1,-1.533664772E1,-9.549947184E1
5.263814037E1,6.609011146E-1,1.288837246E-1,-3.293537976E-1,-6.619099261E-1,9.726273365E1,3.896137177E1,-1.535041984E1,-9.554601768E1
5.264811037E1,6.605338468E-1,1.291587749E-1,-3.298668933E-1,-6.619674146E-1,9.731880060E1,3.903749654E1,-1.535380326E1,-9.559558000E1
5.265807937E1,6.601586052E-1,1.295593596E-1,-3.303443539E-1,-6.620254590E-1,9.737605991E1,3.911972088E1,-1.534414543E1,-9.564213356E1
5.266804937E1,6.598177652E-1,1.301126951E-1,-3.307734615E-1,-6.620424426E-1,9.742804798E1,3.920804743E1,-1.532061970E1,-9.567805303E1
5.267801937E1,6.594215340E-1,1.307516202E-1,-3.311925487E-1,-6.621017519E-1,9.748845880E1,3.930278043E1,-1.528670606E1,-9.571962668E1
5.268798937E1,6.590627297E-1,1.314983465E-1,-3.315954620E-1,-6.621094730E-1,9.754313931E1,3.940327557E1,-1.524528499E1,-9.575159177E1
5.269795837E1,6.586030287E-1,1.322275502E-1,-3.320147178E-1,-6.622116001E-1,9.761316270E1,3.950584400E1,-1.520103212E1,-9.579972727E1
5.270792837E1,6.581808717E-1,1.329653308E-1,-3.324184003E-1,-6.622810722E-1,9.767743428E1,3.960684819E1,-1.515683101E1,-9.584149864E1
5.271789837E1,6.577181081E-1,1.336594367E-1,-3.328414809E-1,-6.623885380E-1,9.774785187E1,3.970716816E1,-1.511532765E1,-9.589092153E1
5.272786837E1,6.571624193E-1,1.342835999E-1,-3.333031891E-1,-6.625816795E-1,9.783235974E1,3.980763516E1,-1.507723924E1,-9.595709117E1
5.273783737E1,6.566468053E-1,1.349591928E-1,-3.337417060E-1,-6.627349149E-1,9.791072457E1,3.990894344E1,-1.503544284E1,-9.601504410E1
5.274780737E1,6.560903118E-1,1.356780389E-1,-3.341572002E-1,-6.629297885E-1,9.799525008E1,4.001193316E1,-1.498609246E1,-9.607757163E1
5.275777737E1,6.555316023E-1,1.365081527E-1,-3.345310111E-1,-6.631236748E-1,9.808005769E1,4.011916252E1,-1.492460236E1,-9.613629890E1
5.276774737E1,6.548997967E-1,1.374381651E-1,-3.348666265E-1,-6.633862741E-1,9.817589511E1,4.023133157E1,-1.484819884E1,-9.620244184E1
5.277771637E1,6.543145900E-1,1.385273661E-1,-3.351407917E-1,-6.635987340E-1,9.826460210E1,4.034849076E1,-1.475710408E1,-9.625533003E1
5.278768637E1,6.536277495E-1,1.397053599E-1,-3.353743379E-1,-6.639106362E-1,9.836863925E1,4.046997937E1,-1.465014515E1,-9.632025173E1
5.279765637E1,6.529845958E-1,1.410501500E-1,-3.355287535E-1,-6.641811274E-1,9.846598517E1,4.059533989E1,-1.452630836E1,-9.637180872E1
5.280762637E1,6.522978050E-1,1.425023196E-1,-3.356431821E-1,-6.644880065E-1,9.856985722E1,4.072541926E1,-1.438855811E1,-9.642552667E1
5.281759537E1,6.515414647E-1,1.440264234E-1,-3.357679895E-1,-6.648383041E-1,9.868415445E1,4.086285041E1,-1.424241430E1,-9.648670207E1
5.282756537E1,6.508287825E-1,1.456876836E-1,-3.358991083E-1,-6.651081072E-1,9.879176459E1,4.101018106E1,-1.408904084E1,-9.653544277E1
5.283753537E1,6.500076895E-1,1.474388325E-1,-3.360713731E-1,-6.654380208E-1,9.891563674E1,4.116974983E1,-1.392639130E1,-9.659672019E1
5.284750537E1,6.491003982E-1,1.493097206E-1,-3.362811063E-1,-6.658004376E-1,9.905237990E1,4.134300154E1,-1.375315892E1,-9.666583585E1
5.285747437E1,6.482155324E-1,1.513474364E-1,-3.365282976E-1,-6.660776302E-1,9.918560922E1,4.153169041E1,-1.357202124E1,-9.672424993E1
5.286744437E1,6.472332059E-1,1.534785813E-1,-3.368709198E-1,-6.663719515E-1,9.933335837E1,4.173783046E1,-1.338660338E1,-9.679289667E1
5.287741437E1,6.462437290E-1,1.557410768E-1,-3.373064127E-1,-6.665870223E-1,9.948201967E1,4.196259213E1,-1.319902759E1,-9.685640620E1
5.288738437E1,6.451849185E-1,1.581192022E-1,-3.378003000E-1,-6.668026429E-1,9.964091713E1,4.220242599E1,-1.300397863E1,-9.692450779E1
5.289735337E1,6.441823806E-1,1.606600987E-1,-3.382841985E-1,-6.669191698E-1,9.979119835E1,4.245239439E1,-1.279943264E1,-9.697594764E1
5.290732337E1,6.431009228E-1,1.633004986E-1,-3.387574813E-1,-6.670813205E-1,9.995312387E1,4.270973219E1,-1.258226040E1,-9.703345935E1
5.291729337E1,6.419493444E-1,1.660385739E-1,-3.392084051E-1,-6.672855220E-1,1.001253375E2,4.297300676E1,-1.235211243E1,-9.709552752E1
5.292726337E1,6.408400578E-1,1.689023469E-1,-3.396358795E-1,-6.674154845E-1,1.002910219E2,4.324264932E1,-1.211347235E1,-9.714385344E1
5.293723237E1,6.397291380E-1,1.718180553E-1,-3.401059539E-1,-6.674976840E-1,1.004567501E2,4.352022922E1,-1.187487463E1,-9.718816280E1
5.294720237E1,6.385083532E-1,1.747179271E-1,-3.407089067E-1,-6.676063820E-1,1.006386383E2,4.381084514E1,-1.164255143E1,-9.724759151E1
5.295717237E1,6.373461512E-1,1.777194097E-1,-3.414271364E-1,-6.675577051E-1,1.008115757E2,4.411940960E1,-1.141644097E1,-9.729180791E1
5.296714137E1,6.361819750E-1,1.807968303E-1,-3.422710586E-1,-6.674095971E-1,1.009845909E2,4.444587857E1,-1.119579029E1,-9.733083262E1
5.297711137E1,6.350587430E-1,1.839672954E-1,-3.432056123E-1,-6.671328793E-1,1.011513171E2,4.478769596E1,-1.097905773E1,-9.735730435E1
5.298708137E1,6.339812601E-1,1.872443077E-1,-3.442120685E-1,-6.667273832E-1,1.013110654E2,4.514412301E1,-1.076412241E1,-9.736973295E1
5.299705137E1,6.328591385E-1,1.906519067E-1,-3.452660084E-1,-6.662827379E-1,1.014772380E2,4.551573500E1,-1.054183148E1,-9.738006916E1
5.300702037E1,6.317302523E-1,1.943312792E-1,-3.462495103E-1,-6.657803724E-1,1.016442138E2,4.590135827E1,-1.029455300E1,-9.737546700E1
5.301699037E1,6.305610394E-1,1.982476117E-1,-3.470543413E-1,-6.653148776E-1,1.018169457E2,4.628835309E1,-1.001370413E1,-9.736172859E1
5.302696037E1,6.293812596E-1,2.022543072E-1,-3.476305677E-1,-6.649250245E-1,1.019910245E2,4.666054956E1,-9.707385048E0,-9.734098613E1
5.303693037E1,6.283081336E-1,2.062609288E-1,-3.479775048E-1,-6.645276469E-1,1.021491806E2,4.700993973E1,-9.389317245E0,-9.730049176E1
5.304689937E1,6.271507245E-1,2.100776315E-1,-3.482323141E-1,-6.642919341E-1,1.023195608E2,4.733729614E1,-9.072408291E0,-9.727800621E1
5.305686937E1,6.261250942E-1,2.137922019E-1,-3.484172966E-1,-6.639772104E-1,1.024703718E2,4.764938560E1,-8.765996684E0,-9.723806933E1
5.306683937E1,6.251429554E-1,2.174087387E-1,-3.485806578E-1,-6.636424288E-1,1.026146385E2,4.795208092E1,-8.468297806E0,-9.719373538E1
5.307680937E1,6.242090168E-1,2.209676449E-1,-3.487086314E-1,-6.632788345E-1,1.027516902E2,4.824713228E1,-8.175623481E0,-9.714245168E1
5.308677837E1,6.234375148E-1,2.245548369E-1,-3.488054111E-1,-6.627485047E-1,1.028648063E2,4.854073848E1,-7.889903118E0,-9.706328822E1
5.309674837E1,6.226351810E-1,2.281196964E-1,-3.489804944E-1,-6.621929512E-1,1.029823485E2,4.884128859E1,-7.611570483E0,-9.698708523E1
5.310671837E1,6.219697837E-1,2.317654093E-1,-3.491369751E-1,-6.614693570E-1,1.030797567E2,4.914618619E1,-7.336349851E0,-9.688390065E1
5.311668837E1,6.212913221E-1,2.353825467E-1,-3.492483166E-1,-6.607705438E-1,1.031790098E2,4.944554707E1,-7.059625981E0,-9.678127154E1
5.312665737E1,6.206835738E-1,2.389457045E-1,-3.492629204E-1,-6.600547968E-1,1.032678603E2,4.973179909E1,-6.784134039E0,-9.666862870E1
5.313662737E1,6.202061817E-1,2.424371494E-1,-3.491901328E-1,-6.592683735E-1,1.033376150E2,5.000411114E1,-6.515815499E0,-9.653860404E1
5.314659737E1,6.197761825E-1,2.458325101E-1,-3.491061236E-1,-6.584593397E-1,1.034004161E2,5.026850674E1,-6.257321377E0,-9.640479884E1
5.315656737E1,6.194323603E-1,2.492364845E-1,-3.490027111E-1,-6.575574696E-1,1.034506115E2,5.053231159E1,-6.003690524E0,-9.625577710E1
5.316653637E1,6.192209570E-1,2.527402310E-1,-3.488478688E-1,-6.565005057E-1,1.034814662E2,5.079960666E1,-5.749515233E0,-9.607949947E1
5.317650637E1,6.190737051E-1,2.563428488E-1,-3.486805564E-1,-6.553305000E-1,1.035029540E2,5.107470560E1,-5.493875611E0,-9.588565066E1
5.318647637E1,6.188187101E-1,2.599591538E-1,-3.486356910E-1,-6.541696137E-1,1.035401567E2,5.136473862E1,-5.242416659E0,-9.570376712E1
5.319644637E1,6.186088425E-1,2.636897847E-1,-3.486830193E-1,-6.528483706E-1,1.035707684E2,5.167420057E1,-4.996673513E0,-9.550578765E1
5.320641537E1,6.182894708E-1,2.673955595E-1,-3.488681151E-1,-6.515433185E-1,1.036173402E2,5.199691476E1,-4.758921664E0,-9.532212527E1
5.321638537E1,6.180158429E-1,2.710387279E-1,-3.490524285E-1,-6.501975802E-1,1.036572297E2,5.231567654E1,-4.530077138E0,-9.513302956E1
5.322635537E1,6.176498871E-1,2.743822874E-1,-3.492524917E-1,-6.490344483E-1,1.037105617E2,5.261294429E1,-4.316414888E0,-9.497332419E1
5.323632537E1,6.171944351E-1,2.773247327E-1,-3.494802902E-1,-6.480937438E-1,1.037769091E2,5.288101582E1,-4.124832193E0,-9.484974287E1
5.324629437E1,6.167431635E-1,2.799436536E-1,-3.497378917E-1,-6.472580192E-1,1.038426177E2,5.312578657E1,-3.956860282E0,-9.474471216E1
5.325626437E1,6.162703562E-1,2.823656644E-1,-3.500540774E-1,-6.464848814E-1,1.039114305E2,5.336042811E1,-3.805267648E0,-9.465409565E1
5.326623437E1,6.156994166E-1,2.846428218E-1,-3.504470493E-1,-6.458170409E-1,1.039944825E2,5.359115644E1,-3.662876496E0,-9.458562732E1
5.327620437E1,6.152055187E-1,2.868871204E-1,-3.508431243E-1,-6.450790706E-1,1.040662897E2,5.381963487E1,-3.528871731E0,-9.450722568E1
5.328617337E1,6.147342353E-1,2.890860532E-1,-3.512540930E-1,-6.443227006E-1,1.041347762E2,5.404612603E1,-3.401150573E0,-9.442754344E1
5.329614337E1,6.144532989E-1,2.912912079E-1,-3.515834390E-1,-6.434171190E-1,1.041755865E2,5.426522926E1,-3.280239425E0,-9.431940272E1
5.330611337E1,6.143257704E-1,2.934642757E-1,-3.518098756E-1,-6.424269130E-1,1.041941082E2,5.447185173E1,-3.163936484E0,-9.419070753E1
5.331608337E1,6.142773516E-1,2.955887376E-1,-3.519219783E-1,-6.414371707E-1,1.042011398E2,5.466374094E1,-3.046832196E0,-9.405312276E1
5.332605237E1,6.143437566E-1,2.977464376E-1,-3.518691340E-1,-6.404037484E-1,1.041914961E2,5.484298381E1,-2.922282536E0,-9.389602363E1
5.333602237E1,6.143589835E-1,2.998734389E-1,-3.517951900E-1,-6.394365928E-1,1.041892847E2,5.501835582E1,-2.794676651E0,-9.374727953E1
5.334599237E1,6.142932278E-1,3.019782815E-1,-3.517755628E-1,-6.385193997E-1,1.041988342E2,5.519782164E1,-2.668008703E0,-9.361055620E1
5.335596237E1,6.141511547E-1,3.040623088E-1,-3.518442700E-1,-6.376284535E-1,1.042194649E2,5.538466729E1,-2.545547456E0,-9.348509360E1
5.336593137E1,6.138698812E-1,3.060504732E-1,-3.520376266E-1,-6.368408830E-1,1.042603007E2,5.557592728E1,-2.430051465E0,-9.338509598E1
5.337590137E1,6.136561216E-1,3.080184096E-1,-3.522346473E-1,-6.359885802E-1,1.042913271E2,5.576609991E1,-2.321659408E0,-9.327614466E1
5.338587137E1,6.134173425E-1,3.099251844E-1,-3.524457517E-1,-6.351751210E-1,1.043259772E2,5.595279560E1,-2.216704423E0,-9.317422409E1
5.339584137E1,6.132118786E-1,3.117852223E-1,-3.526369166E-1,-6.343567537E-1,1.043557864E2,5.613388249E1,-2.115621411E0,-9.307017785E1
5.340581037E1,6.130821026E-1,3.135731021E-1,-3.528430884E-1,-6.334857107E-1,1.043746115E2,5.631035319E1,-2.026137819E0,-9.295990179E1
5.341578037E1,6.129010397E-1,3.152334022E-1,-3.531519313E-1,-6.326642686E-1,1.044008722E2,5.648585662E1,-1.949610256E0,-9.286539059E1
5.342575037E1,6.127654520E-1,3.168135824E-1,-3.535008967E-1,-6.318105855E-1,1.044205342E2,5.665836607E1,-1.885023032E0,-9.276967689E1
5.343572037E1,6.126474065E-1,3.182771330E-1,-3.539017541E-1,-6.309645639E-1,1.044376503E2,5.682579006E1,-1.833250538E0,-9.267951978E1
5.344568937E1,6.124002719E-1,3.195467607E-1,-3.544111027E-1,-6.302766285E-1,1.044734773E2,5.698682879E1,-1.792343941E0,-9.262128454E1
5.345565937E1,6.121473309E-1,3.207059531E-1,-3.549454549E-1,-6.296326003E-1,1.045101371E2,5.714065101E1,-1.759484953E0,-9.257161736E1
5.346562921E1,6.117640843E-1,3.216913003E-1,-3.555673356E-1,-6.291513307E-1,1.045656653E2,5.728772232E1,-1.734128515E0,-9.255276685E1
5.347559821E1,6.113470531E-1,3.225619449E-1,-3.562488752E-1,-6.287251721E-1,1.046260649E2,5.743044938E1,-1.717857141E0,-9.254690134E1
5.348556821E1,6.109770492E-1,3.233669431E-1,-3.569303120E-1,-6.282846921E-1,1.046796329E2,5.756736473E1,-1.708782339E0,-9.253912017E1
5.349553821E1,6.106140826E-1,3.241033842E-1,-3.576084877E-1,-6.278723253E-1,1.047321632E2,5.769795337E1,-1.703681282E0,-9.253527892E1
5.350550821E1,6.104409762E-1,3.248638372E-1,-3.581709822E-1,-6.273269122E-1,1.047572095E2,5.781945939E1,-1.701524064E0,-9.250291760E1
5.351547721E1,6.102720121E-1,3.255306148E-1,-3.587133976E-1,-6.268354352E-1,1.047816524E2,5.793077385E1,-1.702923410E0,-9.247680911E1
5.352544721E1,6.101475663E-1,3.261464014E-1,-3.592075905E-1,-6.263532192E-1,1.047996525E2,5.803294277E1,-1.706152467E0,-9.244818196E1
5.353541721E1,6.100431916E-1,3.267523795E-1,-3.596551150E-1,-6.258820366E-1,1.048147479E2,5.812980944E1,-1.707289805E0,-9.241739456E1
5.354538721E1,6.098168611E-1,3.272554048E-1,-3.601330576E-1,-6.255650100E-1,1.048474760E2,5.822062008E1,-1.707171806E0,-9.241134414E1
5.355535621E1,6.096989480E-1,3.277228792E-1,-3.605928139E-1,-6.251701644E-1,1.048645237E2,5.830639969E1,-1.715748548E0,-9.239271059E1
5.356532621E1,6.095162507E-1,3.280982022E-1,-3.611815579E-1,-6.248116120E-1,1.048909341E2,5.839640374E1,-1.735922309E0,-9.239006854E1
5.357529621E1,6.092196495E-1,3.284613420E-1,-3.619341294E-1,-6.244743246E-1,1.049338002E2,5.850118191E1,-1.762892121E0,-9.240419752E1
5.358526621E1,6.089359775E-1,3.289942758E-1,-3.627096025E-1,-6.240203424E-1,1.049747862E2,5.862336735E1,-1.784227482E0,-9.240366850E1
5.359523521E1,6.085757773E-1,3.296982440E-1,-3.634748312E-1,-6.235548015E-1,1.050268130E2,5.876005092E1,-1.789873761E0,-9.240079558E1
5.360520521E1,6.083618281E-1,3.306477401E-1,-3.640942094E-1,-6.228991770E-1,1.050577070E2,5.890460664E1,-1.781132924E0,-9.235872210E1
5.361517521E1,6.082367810E-1,3.316801653E-1,-3.646349574E-1,-6.221556618E-1,1.050757607E2,5.904904830E1,-1.768164831E0,-9.229770258E1
5.362514521E1,6.080461627E-1,3.326505926E-1,-3.652161664E-1,-6.214826069E-1,1.051032770E2,5.919203300E1,-1.757162398E0,-9.225032138E1
5.363511421E1,6.078509740E-1,3.335679135E-1,-3.658293662E-1,-6.208208659E-1,1.051314478E2,5.933344072E1,-1.751669128E0,-9.220742725E1
5.364508421E1,6.077064116E-1,3.344713457E-1,-3.664583513E-1,-6.201048739E-1,1.051523086E2,5.947515105E1,-1.752581973E0,-9.215833682E1
5.365505421E1,6.074437485E-1,3.353002174E-1,-3.672215767E-1,-6.194628127E-1,1.051902041E2,5.962330903E1,-1.760453211E0,-9.213128017E1
5.366502421E1,6.071743505E-1,3.361572776E-1,-3.680563332E-1,-6.187667108E-1,1.052290613E2,5.978099372E1,-1.773178563E0,-9.210282491E1
5.367499321E1,6.069385362E-1,3.370462929E-1,-3.689229870E-1,-6.179978285E-1,1.052630662E2,5.994469674E1,-1.790177099E0,-9.206702539E1
5.368496321E1,6.066264201E-1,3.379014999E-1,-3.698435532E-1,-6.172864506E-1,1.053080623E2,6.011077151E1,-1.807965040E0,-9.204425408E1
5.369493321E1,6.064076153E-1,3.388152686E-1,-3.706735682E-1,-6.165024975E-1,1.053395980E2,6.027343646E1,-1.822177188E0,-9.200381962E1
5.370490321E1,6.061259470E-1,3.396655536E-1,-3.714997163E-1,-6.158138611E-1,1.053801845E2,6.043020627E1,-1.834335349E0,-9.197682009E1
5.371487221E1,6.059711538E-1,3.405909008E-1,-3.721827771E-1,-6.150421823E-1,1.054024844E2,6.057993100E1,-1.839998470E0,-9.192613910E1
5.372484221E1,6.058430349E-1,3.415217350E-1,-3.727428455E-1,-6.143125284E-1,1.054209391E2,6.071838841E1,-1.836366368E0,-9.187109660E1
5.373481221E1,6.058277801E-1,3.424556262E-1,-3.731286564E-1,-6.135729332E-1,1.054231363E2,6.084029122E1,-1.825775717E0,-9.179992360E1
5.374478221E1,6.058753849E-1,3.433442991E-1,-3.734131832E-1,-6.128558678E-1,1.054162795E2,6.094835818E1,-1.813288705E0,-9.172340177E1
5.375475121E1,6.059727669E-1,3.441905683E-1,-3.736502566E-1,-6.121399387E-1,1.054022520E2,6.104803008E1,-1.802717952E0,-9.164311467E1
5.376472121E1,6.059620257E-1,3.448484925E-1,-3.739577481E-1,-6.115922342E-1,1.054037993E2,6.113757065E1,-1.799100595E0,-9.159260486E1
5.377469121E1,6.060743981E-1,3.454095803E-1,-3.742298192E-1,-6.109977018E-1,1.053876111E2,6.121475650E1,-1.807024863E0,-9.153259254E1
5.378466121E1,6.061684794E-1,3.458058700E-1,-3.745363703E-1,-6.104920987E-1,1.053740565E2,6.128028690E1,-1.824650805E0,-9.148810189E1
5.379463021E1,6.063165406E-1,3.461307313E-1,-3.748106686E-1,-6.099923642E-1,1.053527225E2,6.133613384E1,-1.847169763E0,-9.144174369E1
5.380460021E1,6.065092991E-1,3.464050994E-1,-3.750345606E-1,-6.095072752E-1,1.053249434E2,6.138246536E1,-1.871099376E0,-9.139317198E1
5.381457021E1,6.067352460E-1,3.466688227E-1,-3.751858151E-1,-6.090390682E-1,1.052923750E2,6.142078369E1,-1.891516941E0,-9.134077006E1
5.382454021E1,6.069885158E-1,3.469386785E-1,-3.752415859E-1,-6.085985821E-1,1.052558597E2,6.145044015E1,-1.904971008E0,-9.128406860E1
5.383450921E1,6.072189432E-1,3.471563314E-1,-3.752666988E-1,-6.082289015E-1,1.052226301E2,6.147241174E1,-1.916160069E0,-9.123464974E1
5.384447921E1,6.074104975E-1,3.472939711E-1,-3.752778375E-1,-6.079523791E-1,1.051950006E2,6.148579053E1,-1.926590069E0,-9.119704787E1
5.385444921E1,6.077783600E-1,3.474750393E-1,-3.751624341E-1,-6.075523165E-1,1.051419266E2,6.149070061E1,-1.937693654E0,-9.113135728E1
5.386441921E1,6.080824535E-1,3.475178881E-1,-3.750755840E-1,-6.072769671E-1,1.050980387E2,6.148580497E1,-1.952705581E0,-9.108553458E1
5.387438821E1,6.084822559E-1,3.475076662E-1,-3.749469742E-1,-6.069616269E-1,1.050403182E2,6.147188846E1,-1.974202978E0,-9.103057620E1
5.388435821E1,6.087931239E-1,3.473448411E-1,-3.749101918E-1,-6.067658198E-1,1.049954219E2,6.145295715E1,-2.004130253E0,-9.100017744E1
5.389432821E1,6.090335330E-1,3.470663084E-1,-3.749693080E-1,-6.066475523E-1,1.049606923E2,6.143275646E1,-2.042678410E0,-9.098882721E1
5.390429721E1,6.094140995E-1,3.468257499E-1,-3.749886798E-1,-6.063909818E-1,1.049056988E2,6.141198207E1,-2.087332298E0,-9.095482792E1
5.391426721E1,6.097407676E-1,3.465355900E-1,-3.750616149E-1,-6.061831679E-1,1.048584777E2,6.139189159E1,-2.134912488E0,-9.093223142E1
5.392423721E1,6.101544231E-1,3.462889413E-1,-3.750806706E-1,-6.058959529E-1,1.047986608E2,6.137045357E1,-2.182587398E0,-9.089397369E1
5.393420721E1,6.106165658E-1,3.460707972E-1,-3.750495583E-1,-6.055742436E-1,1.047318039E2,6.134671049E1,-2.228211446E0,-9.084662434E1
5.394417621E1,6.109906284E-1,3.458219371E-1,-3.750547252E-1,-6.053359781E-1,1.046776673E2,6.132378754E1,-2.271394145E0,-9.081400261E1
5.395414621E1,6.114284782E-1,3.456481973E-1,-3.750243900E-1,-6.050117562E-1,1.046142739E2,6.130419501E1,-2.313013585E0,-9.076640746E1
5.396411621E1,6.118136296E-1,3.454689757E-1,-3.750511243E-1,-6.047082011E-1,1.045584879E2,6.128966546E1,-2.355917620E0,-9.072661169E1
5.397408621E1,6.122914827E-1,3.453425931E-1,-3.750674193E-1,-6.042863190E-1,1.044892457E2,6.127876943E1,-2.403091532E0,-9.066953513E1
5.398405521E1,6.127390140E-1,3.451412405E-1,-3.751586844E-1,-6.038909654E-1,1.044243678E2,6.126825495E1,-2.458363345E0,-9.062262688E1
5.399402521E1,6.130740677E-1,3.447863706E-1,-3.753514575E-1,-6.036337992E-1,1.043757769E2,6.125365792E1,-2.521087248E0,-9.060363126E1
5.400399521E1,6.134149418E-1,3.443306012E-1,-3.755349583E-1,-6.034336112E-1,1.043263256E2,6.122895185E1,-2.588139350E0,-9.059174931E1
5.401396521E1,6.136403468E-1,3.436668252E-1,-3.757545908E-1,-6.034459988E-1,1.042936165E2,6.118899397E1,-2.658768590E0,-9.061242783E1
5.402393421E1,6.137466280E-1,3.428020983E-1,-3.760011920E-1,-6.036762180E-1,1.042781912E2,6.113364923E1,-2.731521046E0,-9.066561680E1
5.403390421E1,6.138110623E-1,3.418795868E-1,-3.762073757E-1,-6.040051824E-1,1.042688387E2,6.106937942E1,-2.799807464E0,-9.072903335E1
5.404387421E1,6.137770471E-1,3.409806037E-1,-3.763546275E-1,-6.044561142E-1,1.042737760E2,6.100194935E1,-2.853365629E0,-9.080431032E1
5.405384421E1,6.136139839E-1,3.400789536E-1,-3.764478169E-1,-6.050712445E-1,1.042974424E2,6.092951119E1,-2.891415178E0,-9.089776343E1
5.406381321E1,6.135570788E-1,3.392238783E-1,-3.764069344E-1,-6.056340804E-1,1.043057006E2,6.084827690E1,-2.923536265E0,-9.097245513E1
5.407378321E1,6.134311756E-1,3.382860556E-1,-3.763787513E-1,-6.063033408E-1,1.043239701E2,6.076106180E1,-2.955308097E0,-9.106313191E1
5.408375321E1,6.132164312E-1,3.373664970E-1,-3.763677918E-1,-6.070394417E-1,1.043551260E2,6.067750547E1,-2.980741417E0,-9.116471403E1
5.409372321E1,6.130528008E-1,3.366091431E-1,-3.762547290E-1,-6.076948415E-1,1.043788616E2,6.059873204E1,-2.993160693E0,-9.124633616E1
5.410369221E1,6.128637340E-1,3.359472137E-1,-3.760644491E-1,-6.083691871E-1,1.044062823E2,6.052125112E1,-2.991778399E0,-9.132402668E1
5.411366221E1,6.128424475E-1,3.354458164E-1,-3.757088325E-1,-6.088867949E-1,1.044093692E2,6.044192870E1,-2.980930556E0,-9.136564582E1
5.412363221E1,6.128797807E-1,3.349745672E-1,-3.752897716E-1,-6.093669407E-1,1.044039552E2,6.035909925E1,-2.967538912E0,-9.139664529E1
5.413360221E1,6.129726566E-1,3.344994326E-1,-3.748666726E-1,-6.097948313E-1,1.043904857E2,6.027543260E1,-2.958578404E0,-9.142008072E1
5.414357121E1,6.130770054E-1,3.340077264E-1,-3.744896479E-1,-6.101908498E-1,1.043753508E2,6.019471775E1,-2.955771577E0,-9.144310351E1
5.415354121E1,6.131524020E-1,3.335051608E-1,-3.741738903E-1,-6.105836204E-1,1.043644143E2,6.011903381E1,-2.956953170E0,-9.147100695E1
5.416351121E1,6.132021620E-1,3.330213294E-1,-3.739142091E-1,-6.109567619E-1,1.043571960E2,6.005052210E1,-2.960457145E0,-9.150103224E1
5.417348121E1,6.132854258E-1,3.325733387E-1,-3.737060998E-1,-6.112444747E-1,1.043451167E2,5.999013242E1,-2.969811229E0,-9.152354937E1
5.418345021E1,6.132296500E-1,3.320625795E-1,-3.736648618E-1,-6.116031177E-1,1.043532083E2,5.994054324E1,-2.986676066E0,-9.157037774E1
5.419342021E1,6.132229128E-1,3.315934482E-1,-3.736697455E-1,-6.118613030E-1,1.043541857E2,5.989903723E1,-3.009830849E0,-9.160709127E1
5.420339021E1,6.131747664E-1,3.310786284E-1,-3.737470389E-1,-6.121412571E-1,1.043611701E2,5.986056044E1,-3.038715485E0,-9.165310338E1
5.421336021E1,6.131191680E-1,3.305250980E-1,-3.738602190E-1,-6.124268930E-1,1.043692351E2,5.982214297E1,-3.072343450E0,-9.170302620E1
5.422332921E1,6.131240118E-1,3.299851311E-1,-3.739326510E-1,-6.126687768E-1,1.043685325E2,5.978090449E1,-3.106437342E0,-9.174332237E1
5.423329921E1,6.130299829E-1,3.293472385E-1,-3.740157646E-1,-6.130553049E-1,1.043821712E2,5.973227280E1,-3.138490986E0,-9.180491160E1
5.424326921E1,6.130313033E-1,3.287230885E-1,-3.740078805E-1,-6.133937724E-1,1.043819797E2,5.967591007E1,-3.169137597E0,-9.185195303E1
5.425323921E1,6.130314790E-1,3.280699229E-1,-3.739399977E-1,-6.137846351E-1,1.043819542E2,5.961123825E1,-3.195634075E0,-9.190125007E1
5.426320821E1,6.129818634E-1,3.273376004E-1,-3.737836118E-1,-6.143201196E-1,1.043891504E2,5.953118259E1,-3.213973242E0,-9.196337666E1
5.427317821E1,6.130715635E-1,3.265910111E-1,-3.734231720E-1,-6.148470279E-1,1.043761402E2,5.942987926E1,-3.225348864E0,-9.200684728E1
5.428314821E1,6.132025765E-1,3.257215822E-1,-3.729184872E-1,-6.154834247E-1,1.043571358E2,5.930372747E1,-3.233007358E0,-9.205352611E1
5.429311821E1,6.134357324E-1,3.247430061E-1,-3.722614283E-1,-6.161655298E-1,1.043233089E2,5.915304360E1,-3.240430209E0,-9.209379479E1
5.430308721E1,6.137127371E-1,3.235978262E-1,-3.715107166E-1,-6.169447251E-1,1.042831102E2,5.897860645E1,-3.251433904E0,-9.214004392E1
5.431305721E1,6.139802880E-1,3.222471962E-1,-3.707434253E-1,-6.178465807E-1,1.042442730E2,5.878463061E1,-3.271053946E0,-9.220257854E1
5.432302721E1,6.142831434E-1,3.207485965E-1,-3.699813523E-1,-6.187814097E-1,1.042002987E2,5.857823687E1,-3.302069050E0,-9.227059822E1
5.433299721E1,6.146297521E-1,3.191238487E-1,-3.691974078E-1,-6.197447249E-1,1.041499553E2,5.835878667E1,-3.341595067E0,-9.234118140E1
5.434296621E1,6.150763248E-1,3.173609804E-1,-3.682926756E-1,-6.207445478E-1,1.040850672E2,5.811561919E1,-3.385630283E0,-9.240712353E1
5.435293621E1,6.156826919E-1,3.154436254E-1,-3.672236313E-1,-6.217531637E-1,1.039969147E2,5.784301086E1,-3.435813408E0,-9.246089749E1
5.436290621E1,6.161507109E-1,3.131944983E-1,-3.661686141E-1,-6.230473887E-1,1.039288387E2,5.754360569E1,-3.494921900E0,-9.255727123E1
5.437287621E1,6.166722873E-1,3.107857638E-1,-3.650070469E-1,-6.244177000E-1,1.038529352E2,5.722048266E1,-3.558016448E0,-9.265629810E1
5.438284521E1,6.171527746E-1,3.082468903E-1,-3.637532941E-1,-6.259311801E-1,1.037829764E2,5.687799177E1,-3.617768867E0,-9.276897222E1
5.439281521E1,6.176306115E-1,3.057516151E-1,-3.624016578E-1,-6.274657709E-1,1.037133703E2,5.653061564E1,-3.667334711E0,-9.287741812E1
5.440278521E1,6.181870513E-1,3.034529444E-1,-3.609549488E-1,-6.288661250E-1,1.036322722E2,5.619153661E1,-3.704621274E0,-9.295949934E1
5.441275421E1,6.186690447E-1,3.012447841E-1,-3.595442964E-1,-6.302604251E-1,1.035619878E2,5.586455176E1,-3.735610538E0,-9.304460927E1
5.442272421E1,6.192081549E-1,2.990976261E-1,-3.581834037E-1,-6.315271387E-1,1.034833344E2,5.554792801E1,-3.772996715E0,-9.311622514E1
5.443269421E1,6.196666527E-1,2.968744431E-1,-3.569934928E-1,-6.327988533E-1,1.034164085E2,5.524193393E1,-3.825059948E0,-9.320346995E1
5.444266421E1,6.200787112E-1,2.946593865E-1,-3.559459618E-1,-6.340195637E-1,1.033562348E2,5.495093871E1,-3.887027204E0,-9.329568888E1
5.445263321E1,6.205711609E-1,2.926150114E-1,-3.548891296E-1,-6.350760950E-1,1.032842886E2,5.467381613E1,-3.945199387E0,-9.336375723E1
5.446260321E1,6.209881164E-1,2.905953213E-1,-3.538726451E-1,-6.361622647E-1,1.032233441E2,5.440334964E1,-4.000768805E0,-9.343997129E1
5.447257383E1,6.214581789E-1,2.885384181E-1,-3.528971246E-1,-6.371804917E-1,1.031546064E2,5.413385289E1,-4.066802332E0,-9.351012238E1
5.448254383E1,6.217781894E-1,2.862399213E-1,-3.520970695E-1,-6.383465791E-1,1.031077922E2,5.386166210E1,-4.152536796E0,-9.361679122E1
5.449251283E1,6.221303619E-1,2.838022687E-1,-3.513708002E-1,-6.394908727E-1,1.030562555E2,5.358518958E1,-4.256347232E0,-9.372681329E1
5.450248283E1,6.223449756E-1,2.811573749E-1,-3.507872877E-1,-6.407695218E-1,1.030248401E2,5.330609690E1,-4.376337985E0,-9.386876115E1
5.451245283E1,6.225397507E-1,2.783944540E-1,-3.502939430E-1,-6.420551969E-1,1.029963227E2,5.302656331E1,-4.511236058E0,-9.401965165E1
5.452242283E1,6.226267556E-1,2.755153659E-1,-3.499089263E-1,-6.434212467E-1,1.029835823E2,5.274899637E1,-4.656420598E0,-9.419180647E1
5.453239183E1,6.228033193E-1,2.727044793E-1,-3.494899734E-1,-6.446743884E-1,1.029577241E2,5.247437069E1,-4.802184953E0,-9.434503889E1
5.454236183E1,6.229853739E-1,2.699469901E-1,-3.490597700E-1,-6.458909348E-1,1.029310569E2,5.220390251E1,-4.945357168E0,-9.449242139E1
5.455233183E1,6.232163781E-1,2.673230380E-1,-3.486240295E-1,-6.469938783E-1,1.028972125E2,5.194447327E1,-5.084432885E0,-9.462286569E1
5.456230183E1,6.236266659E-1,2.649563502E-1,-3.481214020E-1,-6.478420112E-1,1.028370816E2,5.169956897E1,-5.215147857E0,-9.471017521E1
5.457227083E1,6.241962133E-1,2.628564493E-1,-3.475062451E-1,-6.484790437E-1,1.027535681E2,5.146544483E1,-5.331060651E0,-9.475700395E1
5.458224083E1,6.249661968E-1,2.610376995E-1,-3.467206568E-1,-6.488923752E-1,1.026405871E2,5.123729211E1,-5.428679668E0,-9.475671490E1
5.459221083E1,6.259205792E-1,2.594426415E-1,-3.458010231E-1,-6.491029317E-1,1.025004251E2,5.101382744E1,-5.513368203E0,-9.471539105E1
5.460218083E1,6.268567068E-1,2.579370270E-1,-3.448987038E-1,-6.492796494E-1,1.023628101E2,5.079954650E1,-5.592786837E0,-9.467053526E1
5.461214983E1,6.278157248E-1,2.565698333E-1,-3.440287428E-1,-6.493562639E-1,1.022216922E2,5.059962927E1,-5.667934471E0,-9.461339170E1
5.462211983E1,6.287643588E-1,2.553709267E-1,-3.431252382E-1,-6.493890614E-1,1.020819642E2,5.041037865E1,-5.728786259E0,-9.454707294E1
5.463208983E1,6.296178931E-1,2.542963770E-1,-3.421359832E-1,-6.495057475E-1,1.019561260E2,5.022371939E1,-5.767730587E0,-9.448657504E1
5.464205983E1,6.303731771E-1,2.532850791E-1,-3.410742461E-1,-6.497265845E-1,1.018446795E2,5.003597715E1,-5.789617452E0,-9.443609331E1
5.465202883E1,6.309868550E-1,2.522475238E-1,-3.400565104E-1,-6.500678699E-1,1.017540630E2,4.985120324E1,-5.807490154E0,-9.440739778E1
5.466199883E1,6.314753383E-1,2.512168753E-1,-3.391730597E-1,-6.504541866E-1,1.016818912E2,4.968057589E1,-5.828358985E0,-9.439627942E1
5.467196883E1,6.318531887E-1,2.502895814E-1,-3.384802709E-1,-6.508055610E-1,1.016260397E2,4.953718065E1,-5.852045705E0,-9.439505111E1
5.468193883E1,6.321245288E-1,2.495537185E-1,-3.380063507E-1,-6.510709188E-1,1.015859181E2,4.943079527E1,-5.875654698E0,-9.439810994E1
5.469190783E1,6.325046486E-1,2.491292050E-1,-3.376393886E-1,-6.510546106E-1,1.015296927E2,4.935925004E1,-5.896025197E0,-9.436717243E1
5.470187783E1,6.330016765E-1,2.488471846E-1,-3.372699873E-1,-6.508708181E-1,1.014561407E2,4.929837743E1,-5.914841460E0,-9.431087076E1
5.471184783E1,6.337391614E-1,2.484041922E-1,-3.367558247E-1,-6.505886878E-1,1.013469339E2,4.920928200E1,-5.947249515E0,-9.422866364E1
5.472181783E1,6.347734701E-1,2.475274087E-1,-3.360951755E-1,-6.502561241E-1,1.011936296E2,4.906924609E1,-6.014271194E0,-9.412784487E1
5.473178683E1,6.358340955E-1,2.460416585E-1,-3.355041818E-1,-6.500887590E-1,1.010362495E2,4.888607147E1,-6.128125582E0,-9.405771258E1
5.474175683E1,6.370047736E-1,2.441685894E-1,-3.350368787E-1,-6.498899872E-1,1.008623323E2,4.868241331E1,-6.285037485E0,-9.399284630E1
5.475172683E1,6.380883612E-1,2.419997020E-1,-3.347772225E-1,-6.497719839E-1,1.007011587E2,4.847492669E1,-6.473614348E0,-9.395648257E1
5.476169683E1,6.390398704E-1,2.396424235E-1,-3.346851369E-1,-6.497579049E-1,1.005594755E2,4.826898648E1,-6.680641883E0,-9.394888880E1
5.477166583E1,6.399965812E-1,2.372077792E-1,-3.346369946E-1,-6.497344940E-1,1.004168709E2,4.806109744E1,-6.897233983E0,-9.394342076E1
5.478163583E1,6.408077104E-1,2.346233871E-1,-3.346334016E-1,-6.498751248E-1,1.002958503E2,4.784662486E1,-7.118363822E0,-9.396617365E1
5.479160583E1,6.416396985E-1,2.319800790E-1,-3.345993733E-1,-6.500208594E-1,1.001716067E2,4.762471914E1,-7.342521676E0,-9.398744776E1
5.480157583E1,6.424639726E-1,2.293290791E-1,-3.345349782E-1,-6.501804613E-1,1.000484039E2,4.739970471E1,-7.564531985E0,-9.400852672E1
5.481154483E1,6.432108470E-1,2.267377750E-1,-3.344086535E-1,-6.504156927E-1,9.993667381E1,4.717455676E1,-7.772667735E0,-9.403616506E1
5.482151483E1,6.439857833E-1,2.243771195E-1,-3.341111495E-1,-6.506205020E-1,9.982064897E1,4.695172141E1,-7.952781306E0,-9.404575834E1
5.483148483E1,6.446789057E-1,2.222483612E-1,-3.336238950E-1,-6.509147117E-1,9.971678962E1,4.673034771E1,-8.095942378E0,-9.405386583E1
5.484145483E1,6.454006191E-1,2.204145465E-1,-3.328812307E-1,-6.512032583E-1,9.960856167E1,4.650825617E1,-8.199144961E0,-9.404107017E1
5.485142383E1,6.461611001E-1,2.188967489E-1,-3.318542015E-1,-6.514850689E-1,9.949442663E1,4.628424493E1,-8.258916075E0,-9.400504828E1
5.486139383E1,6.467809162E-1,2.176040155E-1,-3.305731112E-1,-6.519543273E-1,9.940133171E1,4.605556270E1,-8.272485771E0,-9.397767767E1
5.487136383E1,6.474263709E-1,2.165259887E-1,-3.290167071E-1,-6.524596502E-1,9.930431772E1,4.581798625E1,-8.249225456E0,-9.393479612E1
5.488133383E1,6.479584142E-1,2.154661851E-1,-3.273421075E-1,-6.531242402E-1,9.922429734E1,4.557199142E1,-8.207342248E0,-9.390751918E1
5.489130283E1,6.484103348E-1,2.143600148E-1,-3.256704212E-1,-6.538751064E-1,9.915629024E1,4.532354313E1,-8.163986567E0,-9.389429985E1
5.490127283E1,6.489068244E-1,2.132131305E-1,-3.240898564E-1,-6.545425442E-1,9.908153653E1,4.508022549E1,-8.134313137E0,-9.387617770E1
5.491124283E1,6.493270265E-1,2.119745558E-1,-3.227297407E-1,-6.551998684E-1,9.901823650E1,4.485111349E1,-8.125560585E0,-9.387390875E1
5.492121283E1,6.497020010E-1,2.106769597E-1,-3.216361354E-1,-6.557839875E-1,9.896172441E1,4.464276100E1,-8.141491175E0,-9.388115168E1
5.493118183E1,6.501297599E-1,2.093642276E-1,-3.207790634E-1,-6.562002614E-1,9.889722814E1,4.445493992E1,-8.182482176E0,-9.388103337E1
5.494115183E1,6.505238939E-1,2.079785183E-1,-3.201222944E-1,-6.565708399E-1,9.883777424E1,4.428041095E1,-8.244009083E0,-9.388924502E1
5.495112183E1,6.508673268E-1,2.065187200E-1,-3.195842477E-1,-6.569533443E-1,9.878594688E1,4.411164714E1,-8.318028943E0,-9.390834500E1
5.496109083E1,6.512765803E-1,2.050509824E-1,-3.190801872E-1,-6.572524107E-1,9.872416031E1,4.394491127E1,-8.399732004E0,-9.391742165E1
5.497106083E1,6.515843824E-1,2.035393751E-1,-3.186744079E-1,-6.576139849E-1,9.867767141E1,4.378490951E1,-8.487049158E0,-9.394346769E1
5.498103083E1,6.518526579E-1,2.020782387E-1,-3.183630164E-1,-6.579494208E-1,9.863713917E1,4.363816261E1,-8.576919890E0,-9.397261614E1
5.499100083E1,6.520687738E-1,2.007240815E-1,-3.181510388E-1,-6.582523012E-1,9.860447849E1,4.350970971E1,-8.665091738E0,-9.400418813E1
5.500097083E1,6.521123487E-1,1.994410999E-1,-3.180638265E-1,-6.586411530E-1,9.859789223E1,4.340025635E1,-8.749019123E0,-9.405815662E1
5.501093983E1,6.521515723E-1,1.982770619E-1,-3.180358252E-1,-6.589671740E-1,9.859196338E1,4.330582813E1,-8.829752186E0,-9.410691373E1
5.502090983E1,6.521156032E-1,1.970990680E-1,-3.180912377E-1,-6.593293597E-1,9.859740030E1,4.321894140E1,-8.914367020E0,-9.416748883E1
5.503087983E1,6.520616615E-1,1.958842957E-1,-3.182055558E-1,-6.596895404E-1,9.860555347E1,4.313498388E1,-9.005753461E0,-9.423226932E1
5.504084883E1,6.521422703E-1,1.946789749E-1,-3.182641030E-1,-6.599382671E-1,9.859336944E1,4.304533119E1,-9.099806863E0,-9.427591217E1
5.505081883E1,6.522741086E-1,1.934339938E-1,-3.182059456E-1,-6.602021034E-1,9.857343968E1,4.294126522E1,-9.189712259E0,-9.431323033E1
5.506078883E1,6.526177292E-1,1.922318551E-1,-3.179383816E-1,-6.603424972E-1,9.852148112E1,4.281887538E1,-9.271140203E0,-9.431599708E1
5.507075883E1,6.530138197E-1,1.909712903E-1,-3.175172451E-1,-6.605192666E-1,9.846156347E1,4.267707917E1,-9.346568901E0,-9.431295606E1
5.508072783E1,6.534512685E-1,1.896820392E-1,-3.169909363E-1,-6.607109018E-1,9.839535803E1,4.252283329E1,-9.417441369E0,-9.430443265E1
5.509069783E1,6.539221498E-1,1.885630615E-1,-3.163341409E-1,-6.608801467E-1,9.832405582E1,4.236936316E1,-9.467064864E0,-9.428265127E1
5.510066783E1,6.543397481E-1,1.876822029E-1,-3.155019408E-1,-6.611153189E-1,9.826078980E1,4.221869345E1,-9.481652343E0,-9.425779527E1
5.511063783E1,6.548483538E-1,1.870345165E-1,-3.144650177E-1,-6.612892392E-1,9.818369532E1,4.206619982E1,-9.467374858E0,-9.420831494E1
5.512060683E1,6.553073245E-1,1.864505455E-1,-3.133709540E-1,-6.615186952E-1,9.811408594E1,4.191397467E1,-9.440745777E0,-9.416333654E1
5.513057683E1,6.556172348E-1,1.858687188E-1,-3.123256595E-1,-6.618698160E-1,9.806706289E1,4.176815026E1,-9.409548853E0,-9.414090451E1
5.514054683E1,6.559450540E-1,1.854477456E-1,-3.112681213E-1,-6.621612183E-1,9.801730429E1,4.163362196E1,-9.366956366E0,-9.410853063E1
5.515051683E1,6.561803997E-1,1.851464167E-1,-3.101909111E-1,-6.625177829E-1,9.798157035E1,4.150768227E1,-9.308882195E0,-9.408489764E1
5.516048583E1,6.565229199E-1,1.850402962E-1,-3.090306031E-1,-6.627501457E-1,9.792954615E1,4.138824507E1,-9.235941319E0,-9.403626539E1
5.517045583E1,6.569303979E-1,1.850917048E-1,-3.078510919E-1,-6.628809673E-1,9.786762894E1,4.127880825E1,-9.153845136E0,-9.397084471E1
5.518042583E1,6.573159181E-1,1.852635270E-1,-3.066991869E-1,-6.629848563E-1,9.780902143E1,4.118174878E1,-9.064293815E0,-9.390352923E1
5.519039583E1,6.578362895E-1,1.856372273E-1,-3.055047610E-1,-6.629155405E-1,9.772987209E1,4.109537249E1,-8.964393258E0,-9.380674110E1
5.520036483E1,6.583498572E-1,1.861278429E-1,-3.042545327E-1,-6.628432503E-1,9.765171075E1,4.101336685E1,-8.850957801E0,-9.370581832E1
5.521033483E1,6.588577307E-1,1.866799087E-1,-3.029582801E-1,-6.627769915E-1,9.757437016E1,4.093231166E1,-8.728848747E0,-9.360295451E1
5.522030483E1,6.594249604E-1,1.872471315E-1,-3.016379352E-1,-6.626551696E-1,9.748793652E1,4.084998516E1,-8.606911099E0,-9.349033934E1
5.523027483E1,6.599300720E-1,1.877113264E-1,-3.003718544E-1,-6.625961403E-1,9.741092020E1,4.076546821E1,-8.493385783E0,-9.339174931E1
5.524024383E1,6.604686258E-1,1.880777932E-1,-2.991605118E-1,-6.625035002E-1,9.732875469E1,4.067821235E1,-8.393330505E0,-9.329236119E1
5.525021383E1,6.608973794E-1,1.882618169E-1,-2.980593306E-1,-6.625199858E-1,9.726330399E1,4.058792078E1,-8.309416611E0,-9.321790301E1
5.526018383E1,6.613160924E-1,1.882766157E-1,-2.971050785E-1,-6.625265346E-1,9.719935425E1,4.049792706E1,-8.249514239E0,-9.315255651E1
5.527015383E1,6.618100200E-1,1.881544162E-1,-2.962879512E-1,-6.624340135E-1,9.712387654E1,4.040900097E1,-8.215280655E0,-9.308184726E1
5.528012283E1,6.622192453E-1,1.878859408E-1,-2.956085019E-1,-6.624047842E-1,9.706130904E1,4.032191699E1,-8.198451642E0,-9.303060026E1
5.529009283E1,6.627409415E-1,1.876325908E-1,-2.949728484E-1,-6.622381331E-1,9.698150178E1,4.023899311E1,-8.190582931E0,-9.296142728E1
5.530006283E1,6.633151017E-1,1.874223781E-1,-2.943480477E-1,-6.620008105E-1,9.689361186E1,4.016001878E1,-8.183475995E0,-9.288226040E1
5.531003283E1,6.638632677E-1,1.872483063E-1,-2.937327933E-1,-6.617738035E-1,9.680964523E1,4.008506600E1,-8.173131937E0,-9.280541539E1
5.532000183E1,6.645152877E-1,1.871720574E-1,-2.930650239E-1,-6.614370419E-1,9.670969934E1,4.001217362E1,-8.157071682E0,-9.270824399E1
5.532997183E1,6.651699611E-1,1.871909550E-1,-2.923317793E-1,-6.610980484E-1,9.660926867E1,3.994094827E1,-8.128720837E0,-9.260636000E1
5.533994183E1,6.659783011E-1,1.874129899E-1,-2.914697867E-1,-6.606016794E-1,9.648515636E1,3.987287714E1,-8.083402506E0,-9.247175734E1
5.534991183E1,6.667838780E-1,1.877747626E-1,-2.905099923E-1,-6.601090006E-1,9.636134878E1,3.980731587E1,-8.019558837E0,-9.233130388E1
5.535988083E1,6.675942740E-1,1.882893809E-1,-2.894379398E-1,-6.596140317E-1,9.623667970E1,3.974402706E1,-7.935462748E0,-9.218319789E1
5.536985083E1,6.683813151E-1,1.889656851E-1,-2.882755982E-1,-6.591323867E-1,9.611548696E1,3.968607978E1,-7.830863636E0,-9.203140107E1
5.537982083E1,6.692122382E-1,1.898255335E-1,-2.870292633E-1,-6.585858705E-1,9.598741190E1,3.963529857E1,-7.708555721E0,-9.186452299E1
5.538979083E1,6.699583257E-1,1.907629268E-1,-2.857808683E-1,-6.580992390E-1,9.587230312E1,3.959181678E1,-7.575970576E0,-9.170713237E1
5.539975983E1,6.706701431E-1,1.917359869E-1,-2.845716594E-1,-6.576152674E-1,9.576238428E1,3.955551083E1,-7.442457160E0,-9.155325511E1
5.540972983E1,6.714027087E-1,1.927283028E-1,-2.834077637E-1,-6.570800334E-1,9.564916189E1,3.952511041E1,-7.312767901E0,-9.139507772E1
5.541969983E1,6.720707402E-1,1.936395440E-1,-2.823188314E-1,-6.565978695E-1,9.554582520E1,3.949586538E1,-7.191718227E0,-9.125035268E1
5.542966983E1,6.728480091E-1,1.945053035E-1,-2.812649705E-1,-6.559979546E-1,9.542548421E1,3.946554875E1,-7.082996988E0,-9.109050989E1
5.543963883E1,6.736578792E-1,1.952487054E-1,-2.802879486E-1,-6.553638368E-1,9.529997331E1,3.943225926E1,-6.991291828E0,-9.093092467E1
5.544960883E1,6.745078435E-1,1.958465743E-1,-2.794116998E-1,-6.546850730E-1,9.516811384E1,3.939608627E1,-6.920677556E0,-9.077151044E1
5.545957883E1,6.753374463E-1,1.962630247E-1,-2.786965126E-1,-6.540093905E-1,9.503927934E1,3.935982647E1,-6.875519662E0,-9.062329239E1
5.546954825E1,6.760772427E-1,1.964867296E-1,-2.781635762E-1,-6.534046326E-1,9.492427950E1,3.932487330E1,-6.854558902E0,-9.049775025E1
5.547951725E1,6.768850858E-1,1.965870180E-1,-2.777310020E-1,-6.527216285E-1,9.479858084E1,3.928822988E1,-6.854633964E0,-9.036703103E1
5.548948725E1,6.776915657E-1,1.965593196E-1,-2.773950995E-1,-6.520357728E-1,9.467296770E1,3.924970992E1,-6.871858677E0,-9.024223302E1
5.549945725E1,6.783976980E-1,1.963673170E-1,-2.772067268E-1,-6.514390538E-1,9.456287992E1,3.921156869E1,-6.907692933E0,-9.014040969E1
5.550942725E1,6.790411421E-1,1.960447040E-1,-2.771578576E-1,-6.508863940E-1,9.446248027E1,3.917551064E1,-6.961219625E0,-9.005420905E1
5.551939625E1,6.795786408E-1,1.956215628E-1,-2.772082942E-1,-6.504310816E-1,9.437854936E1,3.914079743E1,-7.024455642E0,-8.998903497E1
5.552936625E1,6.799971064E-1,1.951101529E-1,-2.773501183E-1,-6.500867102E-1,9.431316615E1,3.910785805E1,-7.095152540E0,-8.994639829E1
5.553933625E1,6.804073756E-1,1.945599574E-1,-2.775411384E-1,-6.497409256E-1,9.424902996E1,3.907611315E1,-7.172378917E0,-8.990672064E1
5.554930625E1,6.807557694E-1,1.939454801E-1,-2.777933636E-1,-6.494517903E-1,9.419454041E1,3.904498876E1,-7.255973452E0,-8.987949074E1
5.555927525E1,6.810712728E-1,1.933034255E-1,-2.780771277E-1,-6.491909093E-1,9.414517420E1,3.901465210E1,-7.342425327E0,-8.985854846E1
5.556924525E1,6.813924476E-1,1.926894487E-1,-2.783243849E-1,-6.489304259E-1,9.409490027E1,3.898333340E1,-7.424069344E0,-8.983534494E1
5.557921525E1,6.816298371E-1,1.920917563E-1,-2.785355063E-1,-6.487676364E-1,9.405772817E1,3.895090173E1,-7.496775433E0,-8.982448926E1
5.558918525E1,6.818947564E-1,1.915449853E-1,-2.786977717E-1,-6.485812788E-1,9.401623199E1,3.891808093E1,-7.563222619E0,-8.980696651E1
5.559915425E1,6.820791699E-1,1.909709900E-1,-2.788905909E-1,-6.484737411E-1,9.398733772E1,3.888645415E1,-7.629780881E0,-8.980324054E1
5.560912425E1,6.822550395E-1,1.903902591E-1,-2.791294266E-1,-6.483567085E-1,9.395977581E1,3.885841302E1,-7.700412064E0,-8.980106906E1
5.561909425E1,6.824048965E-1,1.899010132E-1,-2.794016162E-1,-6.482251432E-1,9.393628564E1,3.884102872E1,-7.766301393E0,-8.979889158E1
5.562906425E1,6.824769110E-1,1.895421538E-1,-2.796246784E-1,-6.481581863E-1,9.392499574E1,3.883070425E1,-7.814608539E0,-8.980325166E1
5.563903325E1,6.826109643E-1,1.893421407E-1,-2.796889365E-1,-6.480477353E-1,9.390397707E1,3.881877072E1,-7.841432413E0,-8.979083564E1
5.564900325E1,6.826604829E-1,1.891767249E-1,-2.796681897E-1,-6.480529233E-1,9.389621197E1,3.880297557E1,-7.853682694E0,-8.979026492E1
5.565897325E1,6.827293351E-1,1.890598780E-1,-2.796061654E-1,-6.480413066E-1,9.388541433E1,3.878732356E1,-7.860025188E0,-8.978450727E1
5.566894325E1,6.828058790E-1,1.889995342E-1,-2.795536399E-1,-6.480009246E-1,9.387340932E1,3.877704452E1,-7.863758705E0,-8.977505347E1
5.567891225E1,6.828034964E-1,1.889759847E-1,-2.795274140E-1,-6.480215989E-1,9.387378302E1,3.877283523E1,-7.862923499E0,-8.977645735E1
5.568888225E1,6.828627470E-1,1.890270193E-1,-2.794756629E-1,-6.479664788E-1,9.386448949E1,3.877187606E1,-7.858131054E0,-8.976484990E1
5.569885225E1,6.828723854E-1,1.890403640E-1,-2.794747093E-1,-6.479529628E-1,9.386297762E1,3.877279270E1,-7.857662635E0,-8.976276237E1
5.570882225E1,6.828212047E-1,1.889931279E-1,-2.795481186E-1,-6.479889707E-1,9.387100553E1,3.877588815E1,-7.864559766E0,-8.977290378E1
5.571879125E1,6.828216986E-1,1.889990074E-1,-2.796142259E-1,-6.479581311E-1,9.387092806E1,3.878218323E1,-7.870031032E0,-8.977255350E1
5.572876125E1,6.827983110E-1,1.890745135E-1,-2.796253316E-1,-6.479559776E-1,9.387459632E1,3.878954675E1,-7.864539204E0,-8.977295216E1
5.573873125E1,6.828318929E-1,1.892286709E-1,-2.795557209E-1,-6.479057057E-1,9.386932909E1,3.879568158E1,-7.849672741E0,-8.976092180E1
5.574870025E1,6.828396097E-1,1.893754156E-1,-2.794579507E-1,-6.478968087E-1,9.386811869E1,3.879897729E1,-7.831396885E0,-8.975327674E1
5.575867025E1,6.829267707E-1,1.895489342E-1,-2.793373686E-1,-6.478061917E-1,9.385444650E1,3.880170490E1,-7.813672315E0,-8.973191279E1
5.576864025E1,6.830681075E-1,1.897276421E-1,-2.792238618E-1,-6.476538124E-1,9.383227297E1,3.880497713E1,-7.799224827E0,-8.970175699E1
5.577861025E1,6.831401193E-1,1.898434985E-1,-2.791495622E-1,-6.475759843E-1,9.382097390E1,3.880722717E1,-7.788710254E0,-8.968530695E1
5.578857925E1,6.833821687E-1,1.899743013E-1,-2.790251658E-1,-6.473357051E-1,9.378298732E1,3.880469039E1,-7.782175576E0,-8.964129495E1
5.579854925E1,6.835642299E-1,1.900133820E-1,-2.789216004E-1,-6.471766561E-1,9.375440735E1,3.879706291E1,-7.780432543E0,-8.961080016E1
5.580851925E1,6.837389167E-1,1.900084244E-1,-2.788656979E-1,-6.470176478E-1,9.372697874E1,3.879009506E1,-7.785512486E0,-8.958338745E1
5.581848925E1,6.838187086E-1,1.899657349E-1,-2.788764401E-1,-6.469413120E-1,9.371444810E1,3.878679640E1,-7.793807417E0,-8.957264755E1
5.582845825E1,6.839075173E-1,1.899516526E-1,-2.789126495E-1,-6.468358132E-1,9.370049993E1,3.878798392E1,-7.802907717E0,-8.955918685E1
5.583842825E1,6.839200995E-1,1.899448143E-1,-2.789817809E-1,-6.467948240E-1,9.369852367E1,3.879338458E1,-7.810194355E0,-8.955750705E1
5.584839825E1,6.839442812E-1,1.899696388E-1,-2.790466449E-1,-6.467338902E-1,9.369472538E1,3.880088504E1,-7.815587693E0,-8.955257102E1
5.585836825E1,6.838775417E-1,1.899891844E-1,-2.791214661E-1,-6.467664908E-1,9.370520804E1,3.880969443E1,-7.817173538E0,-8.956227772E1
5.586833725E1,6.839030234E-1,1.900372581E-1,-2.791278039E-1,-6.467227174E-1,9.370120578E1,3.881394313E1,-7.815863392E0,-8.955613910E1
5.587830725E1,6.842880520E-1,1.900179496E-1,-2.789770499E-1,-6.463860734E-1,9.364071567E1,3.879546350E1,-7.825205693E0,-8.949604258E1
5.588827725E1,6.847555909E-1,1.897324258E-1,-2.789705803E-1,-6.459773714E-1,9.356722242E1,3.876706867E1,-7.870099725E0,-8.943446602E1
5.589824725E1,6.851033775E-1,1.893030917E-1,-2.792171236E-1,-6.456279833E-1,9.351252451E1,3.875023377E1,-7.940603018E0,-8.939807743E1
5.590821625E1,6.853205023E-1,1.889406235E-1,-2.794897768E-1,-6.453857390E-1,9.347836390E1,3.874240473E1,-8.001613090E0,-8.937942459E1
5.591818625E1,6.852840202E-1,1.886721533E-1,-2.796412473E-1,-6.454373939E-1,9.348410435E1,3.873409533E1,-8.031368204E0,-8.939689764E1
5.592815625E1,6.851924338E-1,1.885957200E-1,-2.796006810E-1,-6.455745832E-1,9.349851429E1,3.872517605E1,-8.027902496E0,-8.941477491E1
5.593812625E1,6.849954868E-1,1.887006973E-1,-2.794191651E-1,-6.458314630E-1,9.352949557E1,3.871973726E1,-7.993689861E0,-8.944147076E1
5.594809525E1,6.847764036E-1,1.889907730E-1,-2.791223880E-1,-6.461071916E-1,9.356394981E1,3.871951437E1,-7.935385671E0,-8.946358761E1
5.595806525E1,6.845245946E-1,1.893653373E-1,-2.787512798E-1,-6.464244125E-1,9.360353866E1,3.871997440E1,-7.862918181E0,-8.948716398E1
5.596803525E1,6.842487171E-1,1.896886668E-1,-2.783658258E-1,-6.467877025E-1,9.364689677E1,3.871519634E1,-7.791368944E0,-8.951675412E1
5.597800525E1,6.840371360E-1,1.899187570E-1,-2.780236250E-1,-6.470911638E-1,9.368013935E1,3.870596448E1,-7.733609486E0,-8.954020968E1
5.598797425E1,6.838168687E-1,1.900667372E-1,-2.777697297E-1,-6.473894028E-1,9.371473706E1,3.869783329E1,-7.688823240E0,-8.956858315E1
5.599794425E1,6.835054390E-1,1.901718093E-1,-2.775858009E-1,-6.477663287E-1,9.376363708E1,3.869317332E1,-7.648131653E0,-8.961325864E1
5.600791425E1,6.832828259E-1,1.902998541E-1,-2.774239543E-1,-6.480327744E-1,9.379857933E1,3.869148677E1,-7.612750029E0,-8.964282206E1
5.601788425E1,6.829761404E-1,1.902991718E-1,-2.773562744E-1,-6.483851471E-1,9.384670161E1,3.868830752E1,-7.589869025E0,-8.969131191E1
5.602785325E1,6.826685778E-1,1.901953958E-1,-2.773558213E-1,-6.487395771E-1,9.389494256E1,3.868260595E1,-7.579957471E0,-8.974443733E1
5.603782325E1,6.824301096E-1,1.900398186E-1,-2.773766550E-1,-6.490271885E-1,9.393233304E1,3.867391179E1,-7.579304145E0,-8.978892271E1
5.604779325E1,6.822298278E-1,1.898799661E-1,-2.774110785E-1,-6.492697858E-1,9.396372732E1,3.866571684E1,-7.582265338E0,-8.982753970E1
5.605776325E1,6.820949644E-1,1.897431285E-1,-2.774680057E-1,-6.494271555E-1,9.398486269E1,3.866078764E1,-7.589247997E0,-8.985481536E1
5.606773225E1,6.820064600E-1,1.896374716E-1,-2.775452134E-1,-6.495178516E-1,9.399873086E1,3.865976531E1,-7.598440493E0,-8.987338572E1
5.607770225E1,6.819740267E-1,1.895683824E-1,-2.776297706E-1,-6.495359550E-1,9.400381260E1,3.866186655E1,-7.608857579E0,-8.988152866E1
5.608767225E1,6.820322526E-1,1.895591469E-1,-2.776953142E-1,-6.494495750E-1,9.399468947E1,3.866634816E1,-7.618481132E0,-8.987276164E1
5.609764225E1,6.820647017E-1,1.895672181E-1,-2.777517699E-1,-6.493888875E-1,9.398960488E1,3.867167469E1,-7.624698793E0,-8.986727214E1
5.610761125E1,6.821512107E-1,1.896264159E-1,-2.777770764E-1,-6.492699254E-1,9.397604839E1,3.867793791E1,-7.627636184E0,-8.985103512E1
5.611758125E1,6.822620622E-1,1.897115236E-1,-2.777787070E-1,-6.491279695E-1,9.395867510E1,3.868401059E1,-7.628049771E0,-8.982983011E1
5.612755125E1,6.822957020E-1,1.897164153E-1,-2.777837620E-1,-6.490890193E-1,9.395340239E1,3.868454449E1,-7.630016103E0,-8.982430780E1
5.613752125E1,6.824110605E-1,1.896174281E-1,-2.778127011E-1,-6.489841974E-1,9.393531934E1,3.867793863E1,-7.645730879E0,-8.981042830E1
5.614749025E1,6.824305192E-1,1.893687828E-1,-2.779569486E-1,-6.489745168E-1,9.393226883E1,3.867014595E1,-7.676607586E0,-8.981823142E1
5.615746025E1,6.825106153E-1,1.891488658E-1,-2.781138561E-1,-6.488872557E-1,9.391971146E1,3.866525624E1,-7.709976794E0,-8.981521043E1
5.616743025E1,6.824778080E-1,1.889510074E-1,-2.782349651E-1,-6.489274809E-1,9.392485512E1,3.866007262E1,-7.732447635E0,-8.982902969E1
5.617740025E1,6.824351013E-1,1.888208632E-1,-2.782556960E-1,-6.490013762E-1,9.393155048E1,3.865167686E1,-7.740862632E0,-8.984145213E1
5.618736925E1,6.823846081E-1,1.887796857E-1,-2.782155301E-1,-6.490837325E-1,9.393946613E1,3.864525566E1,-7.737360718E0,-8.985123172E1
5.619733925E1,6.822219437E-1,1.888300091E-1,-2.781806747E-1,-6.492549949E-1,9.396496299E1,3.864781431E1,-7.721860201E0,-8.987470795E1
5.620730925E1,6.820004620E-1,1.890082323E-1,-2.781429690E-1,-6.494519471E-1,9.399967066E1,3.866109883E1,-7.694076815E0,-8.990186753E1
5.621727925E1,6.819358298E-1,1.893711852E-1,-2.780173029E-1,-6.494678575E-1,9.400979712E1,3.868024451E1,-7.654485295E0,-8.989618527E1
5.622724825E1,6.818192779E-1,1.897675130E-1,-2.778879332E-1,-6.495298713E-1,9.402805613E1,3.870227336E1,-7.609420520E0,-8.989719490E1
5.623721825E1,6.816365806E-1,1.901333451E-1,-2.778013240E-1,-6.496517087E-1,9.405667206E1,3.872618696E1,-7.566578935E0,-8.990993957E1
5.624718825E1,6.815617488E-1,1.905021379E-1,-2.777133135E-1,-6.496597798E-1,9.406839105E1,3.874923166E1,-7.529369799E0,-8.990550823E1
5.625715825E1,6.815329836E-1,1.908052844E-1,-2.776355262E-1,-6.496343442E-1,9.407289551E1,3.876740641E1,-7.500116352E0,-8.989670189E1
5.626712725E1,6.815601236E-1,1.910079659E-1,-2.775642586E-1,-6.495766056E-1,9.406864556E1,3.877744195E1,-7.481429879E0,-8.988346337E1
5.627709725E1,6.815310040E-1,1.910324348E-1,-2.775499471E-1,-6.496061466E-1,9.407320550E1,3.877844607E1,-7.476879240E0,-8.988698206E1
5.628706725E1,6.814547472E-1,1.909111625E-1,-2.775977995E-1,-6.497012852E-1,9.408514605E1,3.877343794E1,-7.485207647E0,-8.990433713E1
5.629703725E1,6.814488229E-1,1.907478092E-1,-2.776653109E-1,-6.497267656E-1,9.408607364E1,3.876609589E1,-7.502039540E0,-8.991249307E1
5.630700625E1,6.814593280E-1,1.905610223E-1,-2.777446655E-1,-6.497366596E-1,9.408442880E1,3.875773430E1,-7.522436454E0,-8.991906944E1
5.631697625E1,6.814374854E-1,1.903599792E-1,-2.778266438E-1,-6.497832845E-1,9.408784879E1,3.874873315E1,-7.542265274E0,-8.993133403E1
5.632694625E1,6.815225457E-1,1.902118541E-1,-2.778592022E-1,-6.497235967E-1,9.407452999E1,3.873873433E1,-7.560000150E0,-8.992445641E1
5.633691625E1,6.815693853E-1,1.900641031E-1,-2.778630639E-1,-6.497161222E-1,9.406719519E1,3.872658722E1,-7.573070230E0,-8.992357943E1
5.634688525E1,6.816699727E-1,1.899432917E-1,-2.778151614E-1,-6.496664482E-1,9.405144234E1,3.871158751E1,-7.582691033E0,-8.991303894E1
5.635685525E1,6.817917258E-1,1.898307518E-1,-2.777518226E-1,-6.495986431E-1,9.403237206E1,3.869570719E1,-7.591549266E0,-8.989878471E1
5.636682525E1,6.818475374E-1,1.897017903E-1,-2.776965180E-1,-6.496011627E-1,9.402362925E1,3.867979303E1,-7.598611360E0,-8.989561014E1
5.637679525E1,6.818480445E-1,1.895912154E-1,-2.776631614E-1,-6.496472701E-1,9.402354982E1,3.866782847E1,-7.603291691E0,-8.990039288E1
5.638676425E1,6.817220070E-1,1.894915091E-1,-2.776733056E-1,-6.498043277E-1,9.404329253E1,3.866174419E1,-7.604093131E0,-8.992463833E1
5.639673425E1,6.815258819E-1,1.894269402E-1,-2.777033563E-1,-6.500160471E-1,9.407400758E1,3.866092550E1,-7.600379056E0,-8.995838321E1
5.640670425E1,6.813765213E-1,1.894432747E-1,-2.776887077E-1,-6.501740899E-1,9.409739371E1,3.866233771E1,-7.589741356E0,-8.998119875E1
5.641667425E1,6.812072319E-1,1.894851397E-1,-2.776397199E-1,-6.503600694E-1,9.412389483E1,3.866298396E1,-7.573228690E0,-9.000601512E1
5.642664325E1,6.811277074E-1,1.895741644E-1,-2.775567643E-1,-6.504528281E-1,9.413634189E1,3.866366212E1,-7.555419133E0,-9.001463885E1
5.643661325E1,6.811036706E-1,1.896929316E-1,-2.774618101E-1,-6.504839456E-1,9.414010386E1,3.866520373E1,-7.537559996E0,-9.001322580E1
5.644658325E1,6.810396073E-1,1.897846326E-1,-2.773999069E-1,-6.505507062E-1,9.415012972E1,3.866781313E1,-7.522273003E0,-9.001929478E1
5.645655325E1,6.810459834E-1,1.898761044E-1,-2.773451871E-1,-6.505406213E-1,9.414913192E1,3.867039512E1,-7.511513191E0,-9.001426909E1
5.646652225E1,6.809695922E-1,1.898513537E-1,-2.772958016E-1,-6.506489597E-1,9.416108612E1,3.866472007E1,-7.504661039E0,-9.002739635E1
5.647649233E1,6.809418925E-1,1.896741683E-1,-2.772311483E-1,-6.507571599E-1,9.416542048E1,3.864482244E1,-7.509637613E0,-9.003952829E1
5.648646233E1,6.809229001E-1,1.893977113E-1,-2.772751654E-1,-6.508386140E-1,9.416839225E1,3.862632477E1,-7.531504849E0,-9.005460631E1
5.649643233E1,6.808505708E-1,1.890851951E-1,-2.773825108E-1,-6.509594121E-1,9.417970909E1,3.861096875E1,-7.558505786E0,-9.007967033E1
5.650640133E1,6.808231293E-1,1.888024977E-1,-2.774383317E-1,-6.510464493E-1,9.418400240E1,3.859310559E1,-7.581392544E0,-9.009635521E1
5.651637133E1,6.807486835E-1,1.884869337E-1,-2.774782974E-1,-6.511987825E-1,9.419564891E1,3.857160868E1,-7.602581371E0,-9.012185761E1
5.652634133E1,6.806386828E-1,1.881345334E-1,-2.775128262E-1,-6.514007476E-1,9.421285569E1,3.854696668E1,-7.623907485E0,-9.015449489E1
5.653631133E1,6.805155837E-1,1.878220935E-1,-2.775956501E-1,-6.515842852E-1,9.423210855E1,3.852998127E1,-7.646019432E0,-9.018746881E1
5.654628033E1,6.802982298E-1,1.876220277E-1,-2.777409250E-1,-6.518070340E-1,9.426609566E1,3.852853648E1,-7.660710412E0,-9.023037246E1
5.655625033E1,6.801044438E-1,1.875930728E-1,-2.779132213E-1,-6.519440902E-1,9.429638961E1,3.854318296E1,-7.667245433E0,-9.026210671E1
5.656622033E1,6.799251077E-1,1.876803326E-1,-2.781225067E-1,-6.520167949E-1,9.432441806E1,3.857041738E1,-7.669780503E0,-9.028652576E1
5.657619033E1,6.798133382E-1,1.878338841E-1,-2.783468017E-1,-6.519933573E-1,9.434188329E1,3.860374340E1,-7.672749480E0,-9.029742580E1
5.658615933E1,6.797899981E-1,1.880337656E-1,-2.785625304E-1,-6.518679190E-1,9.434553014E1,3.863926492E1,-7.676613604E0,-9.029240871E1
5.659612933E1,6.797451565E-1,1.882105031E-1,-2.787599725E-1,-6.517792394E-1,9.435253624E1,3.867149128E1,-7.679296187E0,-9.029176675E1
5.660609933E1,6.798121857E-1,1.883973717E-1,-2.788639594E-1,-6.516108891E-1,9.434206336E1,3.869525310E1,-7.679214816E0,-9.027309930E1
5.661606933E1,6.798886441E-1,1.885820539E-1,-2.788453779E-1,-6.514855404E-1,9.433011617E1,3.870792099E1,-7.669037976E0,-9.025300787E1