"Time (s)","X (m/s^2)","Y (m/s^2)","Z (m/s^2)"
2.531274996E-2,4.488403134E-2,9.958743811E-2,3.670940459E-2
3.526375000E-2,5.254973106E-2,4.535802126E-2,1.242942631E-1
4.521474999E-2,1.254706498E-1,1.344801128E-2,1.645248610E-1
7.516474997E-2,1.816975486E-1,-1.612486660E-2,2.092338413E-1
9.516474997E-2,2.249670906E-1,-5.946676791E-2,2.278203857E-1
1.151647500E-1,1.787783262E-1,-7.207278013E-2,2.186846960E-1
1.351647500E-1,1.534636831E-1,-1.488069606E-1,2.262568402E-1
1.551647500E-1,1.244447558E-1,-1.327744800E-1,1.416721880E-1
1.751647500E-1,1.010523118E-1,-1.608919859E-2,2.017172456E-2
1.951647500E-1,1.149550172E-1,-4.564628899E-2,7.285747647E-2
2.151647500E-1,2.959809400E-2,-8.960448682E-2,2.490621507E-2
2.351647500E-1,-8.057039246E-2,-4.873946607E-2,-1.699493229E-2
2.551647500E-1,-1.470903642E-2,-9.005647659E-2,-1.663065076E-2
2.751647500E-1,1.560933953E-1,-2.254762369E-1,1.654995918E-1
2.951647500E-1,1.735605633E-1,-3.256051272E-1,2.355504048E-1
3.151647500E-1,3.314780706E-1,3.059906423E-2,7.950874275E-1
3.351647500E-1,8.219371840E-1,-2.399937040E-1,2.860229856E-1
3.551647500E-1,5.991466463E-2,-4.616002536E-1,3.412750804E-1
3.751647500E-1,-9.362685956E-1,-4.207749939E-1,1.619854152E-1
3.951647500E-1,-1.244968399E0,-6.509763658E-2,-3.299022460E-1
4.151647500E-1,-1.298998134E0,2.138081181E-1,-1.484765929E-1
4.351647500E-1,-1.177200339E0,-2.406351435E-1,9.364900589E-3
4.551647500E-1,-8.859611987E-1,-1.137990957E0,2.314836663E-1
4.751647500E-1,-3.787621282E-1,-1.168429808E0,2.405924588E-1
4.951647500E-1,5.484792801E-1,1.458096778E-1,1.182991129E-1
5.151647500E-1,1.472056713E0,7.472887784E-1,1.076542568E-1
5.351647500E-1,1.566872239E0,-6.784571099E-1,2.718908501E-1
5.551647500E-1,5.121777188E-1,-1.825577910E0,1.421592611E-1
5.751647500E-1,-7.672198901E-1,-1.520348575E0,-1.699826521E-1
5.951647500E-1,-1.290790689E0,-2.443533880E-1,-4.878963518E-1
6.151647500E-1,-9.569707357E-1,1.386269581E-1,-1.457126141E-1
6.351647500E-1,-3.360756632E-1,-6.270571607E-1,3.211197281E-1
6.551647500E-1,-4.319477074E-2,-9.639076531E-1,7.875790179E-1
6.751647500E-1,5.025431885E-1,-3.283170658E-1,9.398370051E-1
6.951647500E-1,1.936862995E0,1.539905173E-1,3.842486072E-1
7.151647500E-1,2.669435209E0,-3.765256047E-1,8.067882907E-1
7.351647500E-1,1.520236309E0,-1.077721952E0,9.875824445E-1
7.551647500E-1,-1.520337465E-1,-1.281398014E0,1.024290095E0
7.751647500E-1,-1.067008610E0,-1.003172291E0,8.917635369E-1
7.951647500E-1,-6.249070664E-1,-7.108886915E-1,7.936402416E-1
8.151647500E-1,3.233877169E-1,-8.833587492E-1,6.464681625E-1
8.351647500E-1,1.533069047E-1,-1.047581309E0,5.160378313E-1
8.551647500E-1,-6.241926098E-1,-1.197218574E0,5.998670232E-1
8.751647500E-1,-7.792008349E-1,-1.182374833E0,4.393521827E-1
8.951647500E-1,-1.396683838E-1,-8.235119122E-1,2.574722010E-1
9.151647500E-1,5.177768298E-1,-4.228396457E-1,3.187574530E-1
9.351647500E-1,8.388995911E-1,-3.658784097E-1,4.774023539E-1
9.551647500E-1,7.450368695E-1,-3.368078077E-1,5.528095087E-1
9.751647500E-1,5.584153075E-1,-3.821488720E-1,7.922328168E-1
9.951647500E-1,3.506487884E-1,-4.814071119E-1,7.066696331E-1
1.015164750E0,3.533530891E-1,-8.399010730E-1,1.119371669E0
1.035164750E0,3.796006554E-1,-1.427339839E0,1.304703554E0
1.055164750E0,2.862996320E-1,-1.785814505E0,1.009246963E0
1.075164750E0,2.434249963E-1,-1.682855562E0,6.004514524E-1
1.095164750E0,4.811743927E-1,-1.347389106E0,9.063441539E-1
1.115164750E0,8.876370838E-1,-1.779889521E0,1.027025422E0
1.135164750E0,1.160180702E0,-2.842991679E0,9.894497529E-1
1.155164750E0,1.104102177E0,-3.761088152E0,8.287583265E-1
1.175164750E0,8.001423454E-1,-3.690133359E0,1.183417976E-1
1.195164750E0,6.768480293E-1,-2.343354118E0,2.116171664E-1
1.215164750E0,1.127757599E0,-1.702142603E0,3.177704430E-1
1.235164750E0,1.395165535E0,-3.089922520E0,1.445241675E-1
1.255164750E0,1.312500670E0,-4.363408667E0,7.286686125E-1
1.275164750E0,1.337028132E0,-4.539874712E0,8.933080789E-1
1.295164750E0,1.703572686E0,-3.910945272E0,5.450490841E-1
1.315164750E0,1.737283199E0,-2.651112959E0,-4.504089752E-1
1.335164750E0,1.257868672E0,-1.921874535E-1,-8.933112949E-1
1.355164750E0,1.169481795E0,9.844986230E-1,-5.010832849E-1
1.375164750E0,7.917291523E-1,-1.103484784E0,-1.128825739E0
1.395164750E0,-1.612520282E-1,-1.830245742E0,-1.488422339E0
1.415164750E0,-7.840768281E-1,-7.155752349E-1,-2.474816483E0
1.435164750E0,-1.111517250E0,4.674322665E-1,-1.364237857E0
1.455164750E0,-1.317264251E0,-2.674820495E-1,-7.344512165E-1
1.475164750E0,-1.488908243E0,-8.480620319E-1,-1.466190202E0
1.495164750E0,-1.344778031E0,8.093482018E-2,-1.559365145E0
1.515164750E0,-9.616564751E-1,1.725356634E0,-2.073055465E0
1.535164750E0,-3.705386406E-1,1.664257323E0,-1.466988785E0
1.555164750E0,3.387771499E-1,2.009974533E-1,4.770158529E-2
1.575164750E0,1.574487068E-1,-7.669383466E-1,-6.825185859E-1
1.595164750E0,2.179596412E-1,-1.160288730E0,1.785681188E-1
1.615164750E0,2.382985961E-1,-3.178411943E-1,-1.429483429E-2
1.635164750E0,4.847145894E-1,2.044983568E0,-1.435633530E0
1.655164750E0,6.016239654E-1,3.334185276E0,-1.987017926E0
1.675164750E0,2.526660821E-1,2.037348858E0,-1.409385233E0
1.695164750E0,-2.718790095E-1,1.840995848E-1,-1.012139142E0
1.715164750E0,-7.187010102E-1,-3.361874181E-1,-1.020825181E0
1.735164750E0,-8.282405555E-1,1.145487088E-1,1.148194349E-1
1.755164750E0,-5.416022967E-1,6.446227813E-1,-4.302335961E-1
1.775164750E0,2.120279333E-1,9.727644306E-1,-8.188073887E-1
1.795164750E0,4.442215978E-1,1.709101959E0,-5.158268930E-1
1.815164750E0,9.405002256E-1,1.878968836E0,-7.213344499E-2
1.835164750E0,1.716591365E0,1.299361246E0,-1.267265587E-1
1.855164750E0,6.673332207E-1,9.656360900E-1,7.860295057E-2
1.875164750E0,-1.309982128E0,9.929794246E-1,2.791647863E-1
1.895164750E0,-5.745855631E-1,1.792996640E0,3.960896574E-1
1.915164750E0,3.632042149E0,1.682804106E0,4.285044283E-1
1.935164750E0,1.469089544E0,1.990458282E0,6.454788136E-1
1.955164750E0,-1.961398643E0,3.624539294E0,1.937726921E0
1.975164750E0,1.657340652E-1,3.892255232E0,5.174405783E-1
1.995164750E0,-7.820931602E-1,1.974359143E0,1.019284147E0
2.015164750E0,-1.815681205E0,-1.398648137E-1,1.267477987E0
2.035164750E0,-1.844693335E0,-4.314549333E-1,8.748732698E-1
2.055164750E0,-2.312543093E-1,1.966947212E0,9.123682478E-1
2.075164750E0,4.558167726E-2,2.376732949E0,-1.901425653E0
2.095164750E0,-3.467525766E0,-5.280801719E-1,-4.899748616E0
2.115164750E0,-1.143804025E1,8.388070005E0,1.651085739E0
2.135164750E0,-1.305508774E1,7.711565865E0,2.016076103E0
2.155164750E0,1.688652492E0,1.862869112E0,4.105532569E-1
2.175164750E0,9.110294108E0,2.487896705E-1,-1.625690258E0
2.195164750E0,6.887972676E0,9.218544781E-1,-3.065464202E0
2.215164750E0,1.919105001E0,-2.094648063E-2,2.655733721E-1
2.235164750E0,-1.442625046E0,-4.700313538E-1,-2.373272567E0
2.255164750E0,-2.939923604E0,1.146385805E0,-1.065238219E0
2.275164750E0,-2.055820797E0,3.888918811E-1,-8.325329965E-1
2.295164750E0,-1.859247347E0,-1.671164054E0,5.851590101E-1
2.315164750E0,-1.504963966E0,-1.563381743E0,-2.038682023E0
2.335164750E0,7.109500873E-1,-2.718551821E-1,-2.839722501E0
2.355164750E0,8.974280271E-1,2.135794920E-1,-2.154198446E0
2.375164750E0,-1.130372328E0,3.310962474E-1,-3.958898653E-1
2.395164750E0,-1.008064656E0,5.874849594E-1,-8.360313857E-1
2.415164750E0,5.415720373E-1,1.648610759E-1,-1.577782851E0
2.435164750E0,-5.079183877E-3,-8.212893856E-1,-1.188188719E0
2.455164750E0,-9.693929261E-1,-7.724522710E-1,-2.038463337E0
2.475164750E0,1.113017499E-2,1.032191437E-1,-9.089572746E-1
2.495164750E0,3.208922714E-2,4.088232851E-1,-4.446403680E-1
2.515164750E0,-1.889872724E-1,-1.631484264E-1,1.160110974E0
2.535164750E0,9.437230647E-2,-3.931287736E-1,3.651680096E-1
2.555164750E0,2.118914008E-2,4.399632168E-1,-1.016258944E0
2.575164750E0,-7.955812249E-1,3.644370711E-1,-2.806020319E-2
2.595164750E0,-9.051024976E-1,-5.998588371E-1,2.136947991E0
2.615164750E0,-2.511086762E-3,-4.115556890E-1,3.121248393E0
2.635164750E0,1.469074926E0,-1.558242041E-1,7.610607255E-1
2.655164750E0,1.049120004E0,6.402654362E-1,5.357307054E-1
2.675164750E0,-4.268856266E-1,6.440520930E-1,-1.904923822E-1
2.695164750E0,-1.218574360E-1,-1.216367036E-1,-9.366947114E-1
2.715164750E0,5.823747852E-1,-9.777626306E-1,-2.014103252E0
2.735164750E0,1.010974815E-1,-1.848772645E-2,-1.197546603E0
2.755164750E0,-3.253121817E-1,1.510450993E0,1.375808547E-1
2.775164750E0,8.427796572E-1,7.156132418E-1,6.193464375E-1
2.795164750E0,1.402523671E0,-7.498650616E-1,-1.295352395E0
2.815164750E0,2.047437644E-1,-7.577933013E-2,-1.908970900E0
2.835164750E0,-9.215705958E-1,1.247559008E0,-8.457295775E-1
2.855164750E0,-3.541471410E-1,1.326943731E-1,-8.865220928E-1
2.875164750E0,6.039115423E-1,-1.199023610E0,-1.789678345E0
2.895164750E0,9.437230647E-2,-7.213967228E-1,-8.023724735E-1
2.915164750E0,-1.470710684E0,4.160820186E-1,-3.792398822E-1
2.935164750E0,-1.053933724E0,6.023900968E-1,-1.147196229E0
2.955164750E0,8.212157106E-1,-6.846288460E-1,-1.472006720E0
2.975164750E0,1.843412502E0,-7.234952885E-1,1.068081647E0
2.995164750E0,1.244994419E0,1.163211753E0,-6.962858552E-1
3.015164750E0,-6.205386847E-1,2.124205738E0,2.290728593E-1
3.035164750E0,-7.802632740E-1,-1.133929482E0,-5.455521639E-2
3.055164750E0,-9.294193134E-1,-1.874221482E0,1.174337177E0
3.075164750E0,-6.257734045E-1,-1.441177860E0,1.641299254E0
3.095164750E0,-1.145755768E0,-5.916242033E-1,-4.653138933E-1
3.115164750E0,-3.592081985E-1,1.166927658E0,1.448022026E-1
3.135164750E0,8.654180297E-1,1.409688849E0,2.824573535E-1
3.155164750E0,2.443902254E-1,-2.979974985E-1,1.425953465E0
3.175164750E0,-1.662661618E-1,-1.778787906E0,1.965942661E0
3.195164750E0,-1.950300774E-1,-1.467349997E0,2.166618517E0
3.215164750E0,-1.791344216E-1,6.099218953E-1,1.649286697E0
3.235164750E0,2.168972021E-1,1.090368894E0,1.132330195E0
3.255164750E0,-5.444868743E-2,7.404680014E-2,8.518405026E-1
3.275164750E0,8.660749644E-2,5.509082866E-1,2.704436642E-1
3.295164750E0,7.956180623E-1,4.125660878E-1,8.493238610E-1
3.315164750E0,6.161178973E-1,-6.246615565E-1,2.532487571E-2
3.335164750E0,-3.474438930E-1,1.339801759E-1,-8.301250400E-1
3.355164750E0,-5.806907871E-1,1.417113644E0,-9.177275864E-1
3.375164750E0,-5.319425502E-1,4.128268737E-1,-7.700794709E-1
3.395164750E0,-5.305541289E-1,-1.166186231E0,-4.584217072E-4
3.415164750E0,-3.125064871E-1,-1.492233993E0,-6.003284416E-1
3.435164750E0,2.335372084E-1,3.260424989E-1,-5.227979435E-1
3.455164750E0,6.187392041E-1,2.492848127E0,-7.445481884E-1
3.475164750E0,1.091267319E0,8.044722086E-1,1.517948147E-1
3.495164750E0,6.636548835E-1,-7.102618700E-1,1.810313900E0
3.515164750E0,1.373025638E-1,-2.205967355E-1,2.139624115E-1
3.535164750E0,2.387359679E-1,1.637857729E-1,-4.248146890E-1
3.555164750E0,-1.178696349E-1,-2.599724704E-1,-1.613103542E0
3.575164750E0,-7.687094682E-1,-3.679951018E-1,-9.841694248E-1
3.595164750E0,-7.179570982E-1,1.323780388E-1,-1.011890928E0
3.615164750E0,-7.664442569E-1,8.456980026E-1,1.179970311E0
3.635164750E0,2.174582425E-1,-3.222049713E-2,1.016918510E0
3.655164750E0,1.228371662E0,-8.142762351E-1,4.694559878E-1
3.675164750E0,6.429580790E-1,4.021165287E-1,-1.890912359E0
3.695164750E0,-5.407738924E-2,1.255626996E0,-6.778193249E-1
3.715164750E0,-7.039543323E-1,-5.019191444E-1,3.573041989E-1
3.735164750E0,-9.441412868E-1,-2.215336348E0,2.089922343E0
3.755164750E0,-7.624177180E-1,-1.552120006E0,5.188626212E-1
3.775164750E0,1.012882908E0,1.535426205E0,-3.880563140E-1
3.795164750E0,1.651627045E0,1.403991323E0,-1.886571240E0
3.815164750E0,-4.695301013E-1,-1.456190586E-2,8.051243193E-1
3.835164750E0,-1.113898529E0,-1.340672409E0,1.376876760E0
3.855164750E0,1.439580108E-1,-4.724731511E-1,1.157733058E0
3.875164750E0,1.545242219E0,1.765215349E0,2.530329949E-1
3.895164750E0,1.836434874E0,8.170174098E-1,8.889235443E-1
3.915164750E0,8.015136637E-1,-1.359021556E0,1.598752720E0
3.935164750E0,-7.964933905E-1,-2.065107930E0,-1.243858305E0
3.955164750E0,-1.344138931E0,-8.127191216E-1,-9.772720492E-1
3.975164750E0,-6.924898428E-1,-1.702066004E-1,-1.109848309E-1
3.995164750E0,-3.813852257E-1,-8.978206676E-1,2.748652702E0
4.015164750E0,-7.796104324E-1,-1.826553226E-1,1.355904990E0
4.035164750E0,1.022585339E0,6.318524623E-1,9.331513719E-1
4.055164750E0,2.806059496E0,-7.020687515E-1,-1.472796679E0
4.075164750E0,2.213792391E0,-1.955311838E0,1.087211398E0
4.095164750E0,-9.204312658E-1,-1.716412733E0,7.153447815E-1
4.115164750E0,-4.376360250E-1,-1.683301120E0,1.227131760E0
4.135164750E0,2.417805254E0,-1.444835878E0,-1.201108142E0
4.155164750E0,2.291174443E0,-9.717084235E-1,8.379557043E-1
4.175164750E0,-4.802031702E-1,3.314067346E-1,1.163268471E0
4.195164750E0,-3.525871038E-2,5.615028566E-1,-6.979797935E-1
4.215164750E0,1.938790530E0,1.623771787E-3,1.174305090E0
4.235164750E0,2.035061427E0,-1.008431277E0,-5.425292265E-1
4.255164750E0,1.142123185E0,-1.622968964E0,9.136861463E-3
4.275164750E0,-3.251660013E-1,-1.044568824E0,3.473784041E-1
4.295164750E0,3.565579480E-1,2.235449016E-1,1.440327090E0
4.315164750E0,1.055529429E0,1.154819829E0,6.087887049E-1
4.335164750E0,1.059492087E-1,2.080476167E0,1.366996428E-1
4.355164750E0,-7.392482722E-1,3.081256946E0,1.223322957E0
4.375164750E0,2.329723674E-1,8.206906307E-1,-6.483288927E-1
4.395164750E0,-5.774511373E-1,-2.486534303E-1,-1.762629125E0
4.415164750E0,-1.371309480E0,-2.725124091E-1,3.748182178E-2
4.435164750E0,1.505289071E0,-1.656796861E0,1.789626889E0
4.455164750E0,2.819398749E0,-2.121090049E0,-4.309889102E-1
4.475164750E0,-5.875282288E-3,6.376838905E-1,9.578114922E-1
4.495164750E0,-2.564523881E0,4.616510659E0,-1.256553487E-1
4.515164750E0,-5.646866655E-1,3.825248187E0,-1.520389067E0
4.535164750E0,5.395372063E-1,-5.027520803E-1,-4.342786999E-1
4.555164750E0,-1.209555030E-1,-3.565248528E0,-9.037588075E-2
4.575164750E0,-9.740999347E-1,-2.767543886E0,4.925917391E-1
4.595164750E0,-2.121159339E0,2.100324248E0,3.636032581E-1
4.615164750E0,-1.509637061E0,4.171808274E0,5.400942998E-1
4.635164750E0,6.518973023E-1,-3.010735725E-1,-1.668254918E0
4.655164750E0,1.276881625E0,-3.859192736E0,-2.353555756E0
4.675164750E0,-8.134488541E-1,-4.295639437E0,-3.275003268E0
4.695164750E0,-3.217559636E0,-1.866633988E0,-2.874748492E-1
4.715164750E0,-1.468629368E0,2.081029167E0,2.249095394E0
4.735164750E0,1.071561910E0,2.421248679E0,2.772504079E-1
4.755164750E0,-7.076727229E-1,3.262411581E-1,-2.217127351E0
4.775164750E0,-5.254399202E0,-2.411687019E-1,-8.609533882E-1
4.795164750E0,-3.629031710E0,1.650028124E0,-5.373029121E-1
4.815164750E0,1.018901886E0,1.058090948E0,2.418196432E-1
4.835164750E0,3.432981586E0,-1.897786345E0,-2.773355434E0
4.855164750E0,-8.935539544E-2,-1.490013220E0,6.270636658E-1
4.875164750E0,-4.629265775E0,2.171620956E0,-8.036559373E-3
4.895164750E0,-3.088167186E0,2.755956459E0,-5.069360554E-1
4.915164750E0,-1.127991634E0,2.862004486E-1,7.594889939E-1
4.935164750E0,4.076363003E-1,-1.100334743E0,3.879241669E-1
4.955164750E0,1.297427571E0,-2.546372370E0,-2.268341943E0
4.975164750E0,2.068189412E-1,-3.178063449E0,-1.773182180E0
4.995164750E0,-1.937487770E0,-1.355866837E0,-8.680472302E-1
5.015164750E0,-2.330484397E0,1.821750469E0,7.776364124E-1
5.035164750E0,-8.597219646E-1,2.113878386E0,7.292773077E-1
5.055164750E0,-1.159941405E-1,1.615538907E-1,-2.407313302E-2
5.075164750E0,-8.642997497E-1,-1.002499861E0,5.013822238E-1
5.095164750E0,-7.327765739E-1,-4.390753171E-1,-1.271948475E0
5.115164750E0,-2.234425753E-1,-2.036801559E-1,-1.356999589E0
5.135164750E0,-1.065454493E0,-8.159321666E-2,-2.078603303E-1
5.155164750E0,-1.805146569E-1,6.579082400E-2,1.284560773E0
5.175164750E0,7.862540388E-1,3.743191579E-1,-7.099186385E-1
5.195164750E0,-1.931335330E-1,5.365943027E-1,-2.956558056E0
5.215164750E0,-1.630504856E0,1.015597039E-1,-7.001221403E-1
5.235164750E0,-1.282041208E0,-7.066833740E-1,4.417887175E-1
5.255164750E0,7.086006761E-1,-7.765342122E-1,-6.836729725E-1
5.275164750E0,1.736530663E0,3.027319890E-1,-3.374883505E-1
5.295164750E0,5.828586423E-1,2.763206422E0,5.742095140E-1
5.315164750E0,-1.692195904E-1,3.327444606E0,-2.253435051E-1
5.335164750E0,-3.502102107E-1,1.223329901E0,-2.764972866E-1
5.355164750E0,1.267144257E-1,-5.981596363E-1,-3.826393803E-1
5.375164750E0,8.121256292E-2,-6.998561651E-1,-2.264590369E0
5.395164750E0,-7.181257904E-1,-3.271189713E-1,-1.446256167E0
5.415164750E0,-6.961788511E-1,4.751710564E-1,1.815499649E0
5.435164750E0,1.791828074E0,-3.585582805E-1,6.839382899E-1
5.455164750E0,2.664631429E0,-1.909516445E0,-1.107218231E0
5.475164750E0,1.050151160E0,-4.012730094E0,-6.911549965E-1
5.495164750E0,-1.182140652E0,-4.977137100E0,-8.254350615E-1
5.515164750E0,-1.835990924E0,-4.126083047E0,1.098199486E0
5.535164750E0,1.584791324E-1,-3.627302688E0,5.057245708E0
5.555164750E0,2.363139927E0,-4.171162741E0,2.245564114E0
5.575164750E0,3.098149552E0,-2.833084742E0,-5.572759044E-1
5.595164750E0,-2.132968522E-1,1.682577819E0,2.429089795E-1
5.615164750E0,-3.257421275E0,3.153115134E0,1.149418756E0
5.635164750E0,-4.293549350E0,3.585565263E-1,-1.487550519E0
5.655164750E0,-3.184576370E0,-1.026747095E0,4.847034797E-2
5.675164750E0,-1.306692338E0,-1.742233452E0,2.051877142E-1
5.695164750E0,2.710650039E-1,-6.579170108E-2,-2.718941830E0
5.715164750E0,2.770463986E0,2.389735402E0,3.888175630E0
5.735164750E0,2.456896960E-1,6.906672657E-2,4.192534899E0
5.755164750E0,-1.728711474E0,-2.617292079E0,-1.056836136E0
5.775164750E0,6.172817856E-1,-1.418548551E0,-6.720899306E-1
5.795164750E0,1.075027408E0,-1.149877177E0,4.174177566E0
5.815164750E0,-1.760992782E0,-3.128315338E0,-7.717989908E-1
5.835164750E0,-4.891257289E-1,-4.012338331E0,1.110096961E0
5.855164750E0,2.453300484E0,6.103031337E-1,2.470319390E0
5.875164750E0,2.777158171E0,2.105570662E0,2.491027304E0
5.895164750E0,1.843275093E0,-4.037800616E-1,2.234191134E-1
5.915164750E0,7.245501262E-1,-3.396179795E-2,2.282470570E0
5.935164750E0,2.876852905E0,-1.386023998E-2,1.756422890E0
5.955164750E0,4.187933140E0,-2.377584304E0,-3.235594788E0
5.975164750E0,9.852815652E-1,-4.288384212E0,3.784335512E-1
5.995164750E0,-3.189501772E0,-5.079542311E0,2.680520360E0
6.015164750E0,-1.434633656E0,4.708938181E-2,1.172118743E0
6.035164750E0,2.485555480E0,9.451686718E0,6.404888729E-1
6.055164750E0,2.774351215E0,2.793973301E0,-7.143497316E-1
6.075164750E0,5.070489067E-1,-3.120164319E0,1.862406013E0
6.095164750E0,4.136957699E-1,-4.779483084E0,-2.811783335E0
6.115164750E0,-2.067168489E0,-9.067049271E-1,-1.511214055E0
6.135164750E0,2.764299851E0,1.944216161E0,-2.063925330E-1
6.155164750E0,4.681593093E0,1.953244847E0,-2.269243437E0
6.175164750E0,-1.294423857E0,1.087195026E0,1.320710599E-1
6.195164750E0,-3.946123876E0,-5.408577999E-1,1.787725521E0
6.215164750E0,-3.534460598E-1,3.165244013E-2,-1.202739223E0
6.235164750E0,9.885010421E-1,2.124094056E0,-8.413546908E-1
6.255164750E0,-8.383819664E-1,2.250157395E0,2.257456766E0
6.275164750E0,-3.730406642E-2,6.706934693E-1,1.479263699E0
6.295164750E0,2.154014844E0,1.190795408E0,-5.161831346E-1
6.315164750E0,1.298660749E-1,1.863142762E0,-3.409882160E0
6.335164750E0,-4.259386700E0,-2.424706576E0,6.650918368E-1
6.355164750E0,-4.227782500E-1,-4.795847394E0,-8.004708128E-1
6.375164750E0,3.383646289E0,-1.241470887E0,-2.577837406E0
6.395164750E0,-1.528710678E0,3.527282556E0,-1.989806025E-1
6.415164750E0,-5.436727080E0,2.567206876E0,1.950875555E0
6.435164750E0,-6.561330253E-1,-1.282299655E0,1.948605081E-1
6.455164750E0,2.198168923E0,-2.569170956E0,-2.962163197E0
6.475164750E0,-3.205251832E0,-1.008386326E0,-1.907284563E0
6.495164750E0,-4.115172143E0,7.138918215E-1,-1.364242974E0
6.515164750E0,2.299171972E-1,1.448532342E0,-3.710224977E-1
6.535164750E0,3.612655413E-1,3.831388422E-1,-3.681909835E-1
6.555164750E0,-7.114669812E-1,-1.338962683E0,1.572805993E0
6.575164750E0,-5.692971951E-1,1.966894807E-1,1.498793399E-1
6.595164750E0,-6.308853328E-1,-4.090181801E-1,-1.924474207E0
6.615164750E0,-2.101391657E0,-2.600901164E0,-2.874339187E0
6.635164750E0,-1.602229475E0,-2.280519208E0,-6.827735245E-1
6.655164750E0,7.063243550E-1,4.068491555E-1,9.223164082E-2
6.675164750E0,-9.543404388E-1,1.229027574E0,-3.965635742E-1
6.695164750E0,-1.455331045E0,-2.048340673E-1,9.107355590E-1
6.715164750E0,1.086979848E-1,-1.040224854E0,8.503395224E-1
6.735164750E0,3.726822299E-1,1.141035164E-1,-5.459732366E-1
6.755164750E0,-7.490166306E-2,-5.947224967E-2,-1.455688749E0
6.775164750E0,-2.410326957E0,-6.942502932E-1,-1.277952689E0
6.795164750E0,-1.457462355E0,-7.229542749E-1,-1.375807743E0
6.815164750E0,1.044895098E0,-3.439978364E-1,-1.276596281E-1
6.835164750E0,1.296180945E0,4.405714734E-1,1.177435397E0
6.855164750E0,-7.876363206E-1,1.324941791E0,4.356912410E-1
6.875164750E0,-1.428041505E0,1.213281460E0,-7.633094184E-1
6.895164750E0,-1.071246160E0,-3.656606010E-1,-1.025608496E0
6.915164750E0,-1.024636835E0,-1.272394764E0,-9.840406398E-1
6.935164750E0,-1.374876282E0,-1.748533827E-1,-5.432251914E-1
6.955164750E0,-1.756176138E-1,4.649083158E-1,8.421627760E-2
6.975164750E0,1.035275844E0,2.896918210E-1,3.551799054E-1
6.995164750E0,1.127632615E0,-3.718104100E-1,-8.395110637E-2
7.015164750E0,-1.875506115E0,1.278707711E0,1.152136834E-1
7.035164750E0,-2.049108778E0,2.394386863E0,2.055797701E-1
7.055164750E0,8.102352244E-1,9.702343404E-1,-1.204667781E0
7.075164750E0,1.544622121E0,-9.191460478E-1,-1.038640770E0
7.095164750E0,3.272329921E-1,-1.162494299E0,-1.090470636E-1
7.115164750E0,-1.557208838E0,1.412569773E0,-5.734073491E-1
7.135164750E0,-2.101506847E-1,2.159998884E0,-6.001370184E-1
7.155164750E0,1.704630593E0,3.173570448E-1,6.461187914E-2
7.175164750E0,6.713527429E-1,-1.305309033E-1,-3.635553110E-1
7.195164750E0,-1.747424610E0,1.452233775E0,-4.390053698E-1
7.215164750E0,-1.241253955E0,1.576350283E0,3.149007026E-1
7.235164750E0,1.866569815E0,-3.668005157E-1,1.272154151E0
7.255164750E0,2.438702325E0,-9.410859704E-1,-1.266160755E0
7.275164750E0,8.050709635E-1,-1.801666891E0,-7.690947998E-1
7.295164750E0,-1.275558400E0,-3.640730234E0,-1.504660496E0
7.315164750E0,-1.783020705E0,-3.732781196E0,-5.504592204E-1
7.335164750E0,4.573309091E-1,-2.396174356E0,1.634830041E0
7.355164750E0,1.742421148E0,-3.176751333E0,3.384322227E0
7.375164750E0,1.282937002E0,-4.087959786E0,2.916212853E0
7.395164750E0,1.268206696E0,-4.835496486E0,-2.324757634E0
7.415164750E0,1.203816353E0,-2.073868813E0,-5.097659324E0
7.435164750E0,-2.434126294E0,4.583588496E0,7.487911035E0
7.455164750E0,-5.408086833E0,-2.684339762E-1,-3.306042627E0
7.475164750E0,-6.767369176E0,-3.134335631E-1,-1.500762449E-1
7.495164750E0,-1.598206006E0,-1.106998960E0,2.418527092E0
7.515164750E0,8.767834821E-1,-5.513456583E-1,-2.712135671E0
7.535164750E0,1.449383550E0,5.155355555E-1,1.441325502E-1
7.555164750E0,4.126966562E0,9.606910998E-1,4.563404492E0
7.575164750E0,2.624501403E0,-2.323350209E-1,-1.517785302E0
7.595164750E0,4.553223905E-1,-1.574520689E-1,-2.415002537E0
7.615164750E0,-1.227569717E0,4.003530085E-1,2.715977876E0
7.635164750E0,-2.790816974E0,-1.827940185E0,2.458103971E0
7.655164750E0,-3.864382725E0,-4.324826399E0,-2.882936933E0
7.675164750E0,-3.460756737E0,-3.608867587E0,-1.611831772E-1
7.695164750E0,-2.272102287E-1,-1.886743294E0,2.983731236E0
7.715164750E0,7.319746283E-1,-1.571642690E0,3.267949187E0
7.735164750E0,2.842353456E0,-1.453615472E0,2.082553682E0
7.755164750E0,3.425397162E0,2.888768946E0,1.449123057E0
7.775164750E0,3.860123905E0,4.624211442E0,8.418154514E-1
7.795164750E0,5.277004538E0,-5.156519151E-1,8.854584843E-1
7.815164750E0,1.382580573E0,-3.767238253E0,1.501442188E0
7.835164750E0,-1.902198654E0,-5.738501880E0,7.310376120E-1
7.855164750E0,4.527890843E-1,-3.480964422E0,1.528581455E0
7.875164750E0,2.621661703E0,6.924393813E0,2.622096151E0
7.895164750E0,-6.278798640E-1,7.708114253E0,-5.914012782E-1
7.915164750E0,-1.481102648E0,-1.530120442E0,1.015661359E0
7.935164750E0,5.505030745E-1,-5.281757739E0,-1.052447435E0
7.955164750E0,3.005303369E0,-5.407812014E0,-2.272533227E0
7.975164750E0,2.960818922E0,-2.130547044E0,-3.347355545E0
7.995164750E0,-1.048758938E0,2.490813881E0,6.256487127E-1
8.015164750E0,4.237453794E-1,1.901480032E0,2.040469225E-1
8.035164750E0,1.226689711E0,1.645409993E0,8.843770418E-1
8.055164750E0,-3.488337761E-1,4.023664387E0,1.016831971E0
8.075164750E0,-1.175816011E0,1.255001929E0,-2.393148715E0
8.095164750E0,-2.122265632E0,-3.929775938E0,-7.322526634E-1
8.115164750E0,-3.385199894E0,-5.316449854E0,-1.372597329E-1
8.135164750E0,1.165429017E0,4.869927231E0,-1.059030011E0
8.155164750E0,2.591201802E0,1.015701939E1,6.338384106E0
8.175164750E0,1.609528554E0,3.744281208E0,-1.071503292E0
8.195164750E0,-2.821672731E0,-3.264096749E0,-3.702220139E-1
8.215164750E0,-3.484416618E0,-5.124869927E0,-3.820618654E0
8.235164750E0,-1.678453778E0,-2.899450055E0,-2.509343122E0
8.255164750E0,-1.551934649E0,2.734094012E0,-1.244056964E0
8.275164750E0,-2.143536633E-1,3.014575591E0,-3.252570717E-1
8.295164750E0,7.700707000E-1,3.802062077E-1,-3.121477604E-1
8.315164750E0,-2.013344868E0,3.681918606E-1,-1.583750519E-1
8.335164750E0,-2.898387031E0,5.402009018E-1,1.364249260E0
8.355164750E0,-3.250584126E-2,-4.713114921E-1,1.141797787E0
8.375164750E0,5.297752798E-2,-8.566534920E-1,-9.702776098E-1
8.395164750E0,-2.000730085E0,-9.693224671E-1,-2.257582774E0
8.415164750E0,-2.649528948E0,-1.637106947E0,-8.654534054E-1
8.435164750E0,9.881034315E-1,-1.582661768E0,-1.001439761E0
8.455164750E0,1.474854314E0,3.071252580E-1,-2.274809548E-1
8.475164750E0,-2.159914684E0,8.407503811E-1,-4.257401571E-1
8.495164750E0,-4.933623290E0,-1.053647064E0,-1.836519805E-1
8.515164750E0,-2.259475225E-1,-2.303716428E0,-7.341275731E-1
8.535164750E0,2.431117317E0,-1.588477701E0,-1.422685163E0
8.555164750E0,1.129716563E0,6.134544906E-1,-5.700286818E-1
8.575164750E0,-1.553276585E0,1.680958725E0,7.987754126E-1
8.595164750E0,-1.226366360E0,9.163576569E-1,-5.046266976E-1
8.615164750E0,-8.054095173E-1,-3.092957810E-1,9.558794260E-2
8.635164750E0,-1.882423371E-1,-2.980473460E-1,-4.220226435E-1
8.655164750E0,-3.292397565E-1,1.234125030E-1,3.670275338E-1
8.675164750E0,-5.441658622E-1,-3.022577798E-1,-5.815313244E-1
8.695164750E0,-7.887999165E-1,-7.493224400E-1,-1.221483057E0
8.715164750E0,-1.159672433E0,-1.768978617E-1,-1.255073265E0
8.735164750E0,-1.032562151E0,1.820068663E-1,3.050400312E-1
8.755164750E0,9.506736499E-1,3.027793515E-1,7.152501297E-1
8.775164750E0,1.604858383E0,5.935131463E-1,-9.700793892E-2
8.795164750E0,-2.359562016E-1,1.646282105E0,-2.862188673E-1
8.815164750E0,-1.728269717E0,9.690996882E-1,-3.494836941E-1
8.835164750E0,-1.946757946E0,-1.207836241E0,-8.709008177E-1
8.855164750E0,-1.685126621E0,-1.918792175E0,-1.977159959E0
8.875164750E0,-5.164260864E-2,-2.576634049E-1,-9.218319663E-1
8.895164750E0,2.274786159E0,1.535808029E0,2.511181487E0
8.915164750E0,2.574517357E0,2.158459312E0,-8.001315281E-2
8.935164750E0,-4.504279786E-1,2.084863917E0,-1.140864133E0
8.955164750E0,-2.840387329E0,6.613885027E-1,2.569560380E-1
8.975164750E0,-1.043842015E0,-8.717292219E-1,-3.870236957E-1
8.995164750E0,1.459918186E0,-7.350733602E-1,-2.130591921E0
9.015164750E0,1.288170260E0,1.077397431E0,-5.682454272E-1
9.035164750E0,-2.999475449E-1,1.983715857E0,-3.275996125E-1
9.055164750E0,-2.729304850E-2,-5.200607157E-1,-5.464644027E-1
9.075164750E0,1.736389160E-2,-1.468556278E0,-3.259015810E-1
9.095164750E0,3.005837220E-1,-1.877102990E0,-1.604130989E0
9.115164750E0,7.640708721E-1,-2.541595779E0,3.482145560E-1
9.135164750E0,9.537481159E-1,-1.371217094E0,2.556921916E0
9.155164750E0,6.839508614E-1,-1.938889933E-1,1.855099332E0
9.175164750E0,7.444078553E-1,-3.410520676E0,2.027704461E0
9.195164750E0,-2.754871801E-2,-5.560364701E0,-2.151956624E0
9.215164750E0,1.230344367E0,-5.870248420E0,-1.317084156E0
9.235164750E0,3.608221470E0,-1.704651058E0,4.694374521E0
9.255164750E0,3.950128049E0,1.303651348E0,6.274676937E0
9.275164750E0,4.882392179E-2,-2.146495324E0,-3.341637552E0
9.295164750E0,-4.655184143E0,3.457979017E0,-1.097894846E0
9.315164750E0,-2.910321783E0,1.226162292E0,-2.323852485E0
9.335164750E0,-4.802338973E0,2.405618194E0,-3.080874538E0
9.355164750E0,-7.908535171E0,5.445178646E-1,5.047776142E0
9.375164750E0,-4.717632406E0,-2.116377486E0,-5.780200714E-1
9.395164750E0,-2.335920992E0,-8.671952909E-1,-5.220581245E0
9.415164750E0,1.696082841E-1,1.323212038E0,2.163372728E0
9.435164750E0,2.078052057E0,3.705222684E-1,5.127515792E0
9.455164750E0,-3.234938438E-1,-4.112709880E0,-5.289886538E0
9.475164750E0,-1.779641599E0,-5.404319472E0,-1.212668745E0
9.495164750E0,3.368475980E0,-1.860799198E0,1.370190323E0
9.515164750E0,4.172615190E0,6.604026622E-1,8.692839748E0
9.535164750E0,3.575904201E0,1.711454294E0,2.097558807E0
9.555164750E0,2.805287079E0,5.813378985E0,1.112746773E0
9.575164750E0,1.332523144E0,1.083627055E0,-1.387850668E0
9.595164750E0,6.717716959E-1,-5.909227713E0,4.364926604E0
9.615164750E0,1.197388144E0,-9.308787199E0,-1.643043040E0
9.635164750E0,8.779179150E-1,-5.970916423E0,7.291290808E-1
9.655164750E0,-1.362032872E0,1.246254494E0,3.643783650E0
9.675164750E0,-4.672667903E-1,7.174796146E0,-1.095720266E0
9.695164750E0,-1.131009967E0,2.981588232E0,-2.437493706E-1
9.715164750E0,-1.271354837E0,-2.138992762E0,1.270888814E0
9.735164750E0,2.416845433E0,-2.449247779E0,-8.618127827E-1
9.755164750E0,6.230322298E0,2.528783945E0,-7.137414750E-1
9.775164750E0,2.335544577E0,6.186022038E0,1.324945153E0
9.795164750E0,3.710350692E-1,8.553681278E-1,1.178292307E0
9.815164750E0,1.234384646E0,-2.361371144E0,2.376204653E-1
9.835164750E0,-4.623451889E-2,-2.629479430E0,6.554810607E-1
9.855164750E0,-2.038204890E0,-1.871323602E0,6.463746071E-2
9.875164750E0,-9.830683941E-1,-5.905243421E-1,-9.756696197E-1
9.895164750E0,1.569617214E0,1.525452025E0,-3.127013163E0
9.915164750E0,2.011073810E-1,2.319538701E0,-3.354480962E0
9.935164750E0,-4.211451226E0,-1.369347739E-1,1.086170447E0
9.955164750E0,-2.422548223E-1,-5.752242252E-1,-6.995328140E-1
9.975164750E0,2.974545261E0,2.878278456E0,2.702346847E0
9.995164750E0,5.341700470E-1,3.429088510E0,1.931185934E0
1.001516475E1,-2.814909257E0,-9.283331931E-3,-2.746788025E-2
1.003516475E1,-1.884278693E0,-3.142575235E0,-2.990852268E0
1.005516475E1,-4.284886408E-1,-3.194130720E0,-4.691750291E0
1.007516475E1,-2.749381850E0,-2.454268198E0,-1.004469642E0
1.009516475E1,-1.529340423E0,6.621279416E0,1.186932153E-1
1.011516475E1,1.572825581E0,5.736841271E0,1.618895501E0
1.013516475E1,3.978620946E-1,-1.831550695E0,3.416519335E-1
1.015516475E1,-4.300708389E0,-3.440731193E0,-2.008654524E0
1.017516475E1,-2.244233873E0,-8.358798514E-2,-2.643954505E0
1.019516475E1,-1.751650393E-1,-7.785160163E-2,1.065036710E0
1.021516475E1,2.813077909E-1,-1.011632043E0,5.852986854E-1
1.023516475E1,1.519492543E-1,-1.629296528E0,-1.581766559E0
1.025516475E1,-1.099761862E0,-2.265288673E0,-2.601511613E0
1.027516475E1,-3.063498368E0,-3.750801438E0,-3.200455653E0
1.029516475E1,-1.310758054E0,-1.714697744E0,-1.488937186E0
1.031516475E1,1.196658411E0,3.002487058E0,1.382011347E0
1.033516475E1,1.068365237E0,4.034457178E0,3.420888374E0
1.035516475E1,1.511704051E-1,1.231638209E0,1.682744465E0
1.037516475E1,-1.879267044E0,-6.895595106E-1,-5.474651536E-1
1.039516475E1,-2.957498288E0,-1.242612848E0,-2.636471823E0
1.041516475E1,-1.073984411E0,-4.836863565E-1,-2.873699794E0
1.043516475E1,6.248492521E-1,4.332899357E-1,-4.989455429E-1
1.045516475E1,7.731773257E-1,6.477443174E-1,6.019331369E-1
1.047516475E1,1.354150826E-1,3.989451452E-1,1.326437947E-1
1.049516475E1,-1.686021245E-1,8.225341116E-1,-7.690319422E-1
1.051516475E1,-7.972216612E-1,1.142171424E0,3.856422910E-1
1.053516475E1,-8.519668025E-1,9.035409987E-2,5.208419037E-1
1.055516475E1,-5.245461148E-1,-1.097400464E0,-6.173323640E-1
1.057516475E1,-1.188399804E-1,-7.847173905E-1,-3.957850175E-1
1.059516475E1,-7.246512830E-1,3.228472880E-1,1.138368688E0
1.061516475E1,-4.351094431E-1,7.867107064E-1,6.180088869E-1
1.063516475E1,-6.329260111E-2,6.113848686E-2,-2.756523639E0
1.065516475E1,-2.244484134E0,-9.050419790E-1,-2.000403811E0
1.067516475E1,-2.417220824E0,-1.861413448E0,9.774685156E-1
1.069516475E1,1.922026563E0,-8.550971094E-1,-4.388671562E-2
1.071516475E1,4.143284386E0,2.657349014E-1,-2.969397372E0
1.073516475E1,4.234380498E0,3.747691011E0,5.480374206E0
1.075516475E1,-7.079153824E-1,2.909251742E0,3.418022069E-1
1.077516475E1,-3.680731621E0,-7.053607339E-1,-1.462009589E0
1.079516475E1,-3.391233636E0,-2.788035454E0,-3.012493690E0
1.081516475E1,-1.422494252E0,-1.631953796E0,-2.303503443E0
1.083516475E1,1.223456785E0,8.825722986E-1,1.334072657E0
1.085516475E1,2.578363656E0,1.044464158E0,7.504924679E-1
1.087516475E1,1.404987103E0,6.288972795E-2,3.270638613E-1
1.089516475E1,2.357152963E-1,-3.437677485E-1,-7.833624445E-2
1.091516475E1,2.708599859E-1,6.743710756E-1,-4.316403631E-1
1.093516475E1,3.876703978E-3,4.692969435E-1,7.948038375E-1
1.095516475E1,-7.635878921E-2,-1.364564717E0,3.656977673E-1
1.097516475E1,3.200929570E-1,-2.273778684E0,3.535717750E-1
1.099516475E1,9.721633369E-1,-1.056231680E0,9.458432651E-1
1.101516475E1,1.627435944E0,-1.605453045E0,9.827584916E-1
1.103516475E1,2.548631734E0,-3.856929279E0,1.982804276E0
1.105516475E1,2.812515991E0,-3.903694140E0,1.630485560E0
1.107516475E1,1.859530645E0,-2.984574990E0,-5.607520741E-1
1.109516475E1,-1.536703091E0,-4.600945956E-1,-1.094757230E0
1.111516475E1,-4.669313940E0,-2.810464203E-2,-9.957698621E-1
1.113516475E1,-6.403075361E0,1.578251213E-1,-2.987163552E0
1.115516475E1,-4.387062408E0,1.020702243E0,2.112358548E0
1.117516475E1,4.485999928E-1,-4.030912596E-1,5.076200335E-1
1.119516475E1,8.353219722E-1,-6.299024159E-1,1.155817656E-1
1.121516475E1,5.656311370E-1,4.641888160E-1,4.692064871E0
1.123516475E1,2.068832021E0,6.804580271E-2,-1.027054512E0
1.125516475E1,5.742474478E-1,-1.138850498E-1,-4.193662827E0
1.127516475E1,-2.388604989E0,9.780128914E-1,-5.080476111E-1
1.129516475E1,-3.468631183E0,-1.532375713E0,2.201573318E0
1.131516475E1,-4.165569879E0,-5.144905996E0,-3.951948287E0
1.133516475E1,-4.798675400E0,-5.574872228E0,-1.887826198E-1
1.135516475E1,5.371167514E-1,-2.073019797E0,3.715881574E0
1.137516475E1,3.410968573E0,1.193786843E0,6.120611576E0
1.139516475E1,3.132627075E0,2.568137460E0,3.473095239E0
1.141516475E1,3.871140937E0,5.283545233E0,-4.906596728E-1
1.143516475E1,4.118105399E0,8.696943909E-1,-2.611042575E0
1.145516475E1,3.927277130E0,-3.174598973E0,-1.017229582E0
1.147516475E1,1.803822175E0,-3.912517589E0,1.820261804E-1
1.149516475E1,-1.798726911E0,-1.477936966E0,3.266110822E0
1.151516475E1,-3.106017566E0,-1.967243666E0,2.295715098E0
1.153516475E1,1.067081773E-1,-3.245140368E0,-1.641630645E-1
1.155516475E1,-7.148110038E-1,3.105947399E-1,1.333361635E0
1.157516475E1,-1.809181148E0,4.079743863E0,2.548711256E0
1.159516475E1,2.982192249E0,2.634898045E0,1.534323274E0
1.161516475E1,6.295772522E0,2.677204989E0,-5.652270944E-1
1.163516475E1,2.569610959E0,1.026462920E0,9.223782425E-1
1.165516475E1,-9.195927751E-1,-2.348860441E0,-9.399153578E-1
1.167516475E1,5.313937891E-1,-4.188058856E0,-4.271282276E0
1.169516475E1,9.575400352E-2,-1.650225760E0,-8.397630787E-1
1.171516475E1,-2.929087252E0,2.887626985E0,1.700565609E0
1.173516475E1,1.102100748E0,1.991297942E0,-5.201811683E-1
1.175516475E1,2.709989743E0,-9.815340847E-1,-6.932958815E-1
1.177516475E1,-1.345490515E0,-1.666710815E0,3.047580492E-1
1.179516475E1,-4.410790409E0,1.023496920E0,-1.172111507E0
1.181516475E1,-1.224188856E0,2.410445071E0,4.660932541E-2
1.183516475E1,4.230841763E0,2.146939713E-1,1.880853394E-1
1.185516475E1,2.721502910E0,-1.532021518E0,-1.350401883E0
1.187516475E1,-1.985595152E0,-4.606201141E-1,-1.830992285E0
1.189516475E1,-2.882877876E0,1.308225040E0,-3.532453834E0
1.191516475E1,-2.243573138E0,2.571017799E0,1.744605668E0
1.193516475E1,-1.780770696E0,3.036345360E0,3.354323087E0
1.195516475E1,-2.983600259E-1,5.058115262E-1,8.596956521E-2
1.197516475E1,-2.134473449E-1,-2.347820368E0,-9.436713168E-1
1.199516475E1,-1.189588543E0,-4.296766488E0,-2.359130345E0
1.201516475E1,-1.822289436E0,-2.111358675E0,-3.963367900E0
1.203516475E1,-2.131157493E0,1.469060454E0,-3.819168545E0
1.205516475E1,-5.187310588E-1,2.545523354E0,9.418835306E-1
1.207516475E1,-5.474338710E-2,1.498518434E0,1.755645211E0
1.209516475E1,-1.900040447E0,-6.745051230E-1,1.143222169E0
1.211516475E1,-1.002345495E0,-3.354231578E0,-1.112983001E0
1.213516475E1,-1.670836610E0,-1.642215659E0,-8.553725132E-1
1.215516475E1,-1.764348207E0,1.200540962E0,-1.059994948E0
1.217516475E1,1.659504122E-1,-2.187093639E-1,-1.498980803E0
1.219516475E1,1.712417915E0,-2.089485849E0,-1.130117974E0
1.221516475E1,7.454357958E-1,-9.754713260E-1,-6.410521790E-1
1.223516475E1,-1.457850026E0,1.042653130E0,8.368956041E-1
1.225516475E1,-5.891695422E-1,8.673949733E-1,1.864639065E-1
1.227516475E1,-1.058340771E0,1.583489587E-1,5.221376467E-1
1.229516475E1,-1.396948936E0,-7.223675799E-1,-1.628089955E-1
1.231516475E1,-2.616038436E-1,-6.249971136E-1,-6.907304156E-1
1.233516475E1,5.003152531E-1,-1.284333609E-2,-9.621719071E-1
1.235516475E1,-2.096881700E-1,4.630873467E-1,-3.457084394E-1
1.237516475E1,-8.892398787E-1,5.138389859E-1,-5.184245186E-1
1.239516475E1,1.935141867E-1,1.410642238E-1,-8.862940514E-1
1.241516475E1,6.564072597E-1,2.013621734E-1,-1.459377026E0
1.243516475E1,-1.482655669E0,3.804984954E-1,3.228540123E-3
1.245516475E1,-1.912094482E0,-1.120584381E0,7.470002183E-1
1.247516475E1,4.727865618E-1,-1.972047446E0,3.189833017E-1
1.249516475E1,2.490675302E0,-9.833882368E-1,-2.432435864E0
1.251516475E1,-6.705703855E-2,1.803560804E0,1.296819461E0
1.253516475E1,-1.959103172E0,2.128935843E0,1.508458847E0
1.255516475E1,-1.454168619E0,8.073543012E-2,-1.205680519E0
1.257516475E1,-9.746653605E-1,-1.690311347E0,-2.813797116E0
1.259516475E1,-2.497714180E-1,-1.443962596E0,-1.854012920E0
1.261516475E1,2.011361493E0,-6.275585595E-1,1.342569538E0
1.263516475E1,2.294139858E0,7.870492601E-1,8.020295343E-1
1.265516475E1,4.326594597E-1,2.056680338E0,1.697914481E-1
1.267516475E1,-1.707108058E0,2.193689956E0,1.054666965E0
1.269516475E1,-2.013626704E0,1.635326470E0,9.111798012E-1
1.271516475E1,-4.391405135E-1,2.965848112E-1,-2.687087953E-1
1.273516475E1,6.741330940E-1,-3.678775728E-1,-1.370505488E-1
1.275516475E1,2.249423862E-1,-1.297311797E0,-1.959401965E-1
1.277516475E1,-1.906332636E-1,-6.486333865E-1,-1.392075866E0
1.279516475E1,5.262739670E-1,2.035865420E0,-3.315447289E0
1.281516475E1,1.438653617E0,1.579044680E0,1.376106974E0
1.283516475E1,1.771660734E0,3.476929843E-1,2.695716105E0
1.285516475E1,2.066966760E0,-3.886170620E-1,5.921112764E-1
1.287516475E1,6.977950215E-1,-1.551224213E0,-8.384217274E-1
1.289516475E1,-1.303703680E0,-2.709886247E0,-3.257565701E-1
1.291516475E1,-1.679328229E0,-1.253748870E0,7.608128035E-1
1.293516475E1,-1.749714965E-1,-1.370015491E0,2.212879933E0
1.295516475E1,1.681756285E0,-3.659248951E0,1.422031152E-1
1.297516475E1,1.764231262E0,-3.885747866E0,-1.951229897E0
1.299516475E1,9.192322943E-1,-2.233227659E0,-2.119269957E0
1.301516475E1,1.808322338E0,3.795088542E-1,3.980834118E0
1.303516475E1,-1.067671757E0,-2.167602019E0,-2.981419247E-1
1.305516475E1,-5.882832212E0,-1.008031912E0,-2.839029606E0
1.307516475E1,-8.651920348E0,7.923696417E-1,-1.831319730E0
1.309516475E1,-4.655120701E0,-7.778299552E-1,-1.587280922E0
1.311516475E1,-1.927734907E0,-7.153068477E-1,1.685473360E0
1.313516475E1,-1.335143574E0,-2.398815544E0,3.398550256E0
1.315516475E1,2.101927847E-2,-2.668654021E0,-5.183387107E-1
1.317516475E1,2.797640675E0,-3.405219591E-1,-1.407908957E0
1.319516475E1,4.993686474E0,3.134913336E0,1.328488420E0
1.321516475E1,3.971040031E0,3.184457379E0,2.071353341E0
1.323516475E1,1.015633585E0,-5.891420603E-1,7.132708472E-1
1.325516475E1,-5.631315985E-1,-2.268242540E0,-1.630629986E0
1.327516475E1,1.043566903E0,-2.145546906E0,3.026249484E-1
1.329516475E1,1.838949030E0,6.834775293E-1,2.622651637E0
1.331516475E1,-1.940792032E0,-4.156873316E-1,2.332045019E0
1.333516475E1,-2.902197954E0,-4.061377759E0,2.142308718E0
1.335516475E1,6.941712096E-1,-4.866108415E0,8.827178943E-1
1.337516475E1,4.657372756E0,-2.074778055E0,2.098095582E0
1.339516475E1,3.984446527E0,3.359283864E0,2.390277439E0
1.341516475E1,1.038926260E0,2.163630590E0,6.971355287E-1
1.343516475E1,8.752942693E-1,-1.325968416E0,-1.378850634E0
1.345516475E1,-1.968466904E0,-1.335110537E0,-1.151776280E0
1.347516475E1,-3.101771902E0,-1.809350717E0,7.812009481E-1
1.349516475E1,1.773603179E0,-1.597541177E0,1.158251706E0
1.351516475E1,5.935468263E0,2.349550413E0,1.840824086E0
1.353516475E1,1.877823367E0,6.269219731E0,8.525695042E-1
1.355516475E1,-3.148660725E0,2.935307520E0,6.056839795E-1
1.357516475E1,-2.078885139E0,-1.892311013E0,1.489589882E-1
1.359516475E1,2.034595989E0,-3.691250178E0,-4.451625609E-1
1.361516475E1,2.868141723E0,-8.606627816E-1,-1.451239164E0
1.363516475E1,-9.197681916E-1,2.985272563E0,-1.008844675E0
1.365516475E1,-2.843573477E0,1.050052635E0,-1.168803445E0
1.367516475E1,-1.278984869E0,-7.710822684E-1,-2.040469517E0
1.369516475E1,7.340044892E-1,-6.476174328E-1,-1.874422041E0
1.371516475E1,1.060469742E0,-1.785570091E-1,1.109572028E0
1.373516475E1,7.716880399E-1,-3.152663729E-1,2.059043490E0
1.375516475E1,1.151798573E0,6.298866284E-1,-3.129245630E-1
1.377516475E1,-7.789935511E-1,2.464445277E0,1.307785329E-1
1.379516475E1,-1.980663611E0,8.557579909E-1,7.684206158E-2
1.381516475E1,3.879931641E-1,-1.429076316E0,-3.375293541E-1
1.383516475E1,7.480927706E-2,-4.645349711E-2,-1.633418523E0
1.385516475E1,-2.615565396E0,4.092111748E-1,-1.665009860E0
1.387516475E1,-3.455387532E0,2.068459115E-1,-8.542966256E-1
1.389516475E1,8.032846391E-2,7.331939189E-1,-1.269457708E0
1.391516475E1,2.544815841E0,-1.642705802E-2,-6.719015041E-1
1.393516475E1,7.034954721E-1,-3.242592078E-1,-2.901835719E-1
1.395516475E1,-3.032518065E0,3.406884585E-1,-2.081571350E0
1.397516475E1,-3.617703899E0,-1.460598656E0,-2.838445177E0
1.399516475E1,-3.106661929E0,-1.304137836E0,-1.325961107E0
1.401516475E1,-1.545155972E-1,-1.927821153E-1,3.391431856E-1
1.403516475E1,2.935954222E0,8.311439905E-1,2.424712862E0
1.405516475E1,2.771492511E-1,1.497133521E0,2.451843942E0
1.407516475E1,-3.098395135E0,-1.189620191E0,-1.386020782E0
1.409516475E1,-4.892910297E0,-3.387225369E0,-3.750659058E0
1.411516475E1,-2.439792246E0,-3.701881293E0,-3.610865288E0
1.413516475E1,1.565330036E0,-4.840200864E-1,-1.367873949E0
1.415516475E1,3.878270447E0,3.425713789E0,2.529540282E0
1.417516475E1,1.184154140E0,2.089332213E0,2.745748098E0
1.419516475E1,-1.753508638E0,-2.879372909E-1,-5.752218863E-1
1.421516475E1,-4.413570760E0,-1.725559824E0,-2.651989164E0
1.423516475E1,-3.376474679E0,-1.799469800E0,-2.304052058E0
1.425516475E1,8.570760995E-1,-8.283181773E-1,-2.072248842E0
1.427516475E1,3.371432624E0,1.848873509E-1,5.179875854E-1
1.429516475E1,1.295472263E0,1.084853947E0,1.956557587E0
1.431516475E1,-1.914177260E0,9.477509192E-1,1.005184025E0
1.433516475E1,-2.165066666E0,3.666072652E-1,-1.254152913E0
1.435516475E1,-8.809771782E-1,8.500837067E-1,-1.962678160E0
1.437516475E1,-5.493476647E-1,1.410800405E0,1.150768586E0
1.439516475E1,-1.187300527E-1,7.876491845E-1,2.133649576E0
1.441516475E1,7.978853202E-1,-1.011365702E0,-1.808368385E-1
1.443516475E1,7.571606326E-1,-2.265647838E0,-2.600019404E0
1.445516475E1,-7.279730862E-1,-9.498275578E-1,-2.947376758E0
1.447516475E1,-1.941500714E0,-3.490118238E-1,8.612916496E-1
1.449516475E1,-6.603324956E-1,-6.390992090E-1,1.095443254E0
1.451516475E1,2.065828891E0,3.658789945E-1,-2.631169276E0
1.453516475E1,2.668921824E0,2.259300978E0,3.170769632E-1
1.455516475E1,-8.355729640E-2,2.858920664E0,3.598331489E0
1.457516475E1,-1.608848523E0,-1.546489137E-1,7.423171833E-2
1.459516475E1,-2.501188011E0,-2.286945444E0,-8.012474692E-1
1.461516475E1,-1.581551966E0,-1.099308118E0,-4.540961709E0
1.463516475E1,2.068329746E-1,1.320802985E0,-9.220285790E-1
1.465516475E1,1.532910733E0,1.808422764E0,2.537120905E0
1.467516475E1,2.369822125E0,1.742702399E0,5.231154473E-1
1.469516475E1,2.754681766E0,6.295042205E-1,-7.752637585E-1
1.471516475E1,1.966051419E0,-3.280422467E-1,-7.914549910E-2
1.473516475E1,-3.953606558E-1,-9.567682028E-1,-5.471824408E-3
1.475516475E1,-1.798407653E0,-1.119316705E0,-4.049068201E-1
1.477516475E1,-1.596850329E0,-2.027897419E0,-2.900639963E-1
1.479516475E1,-2.039222306E-1,-3.548249502E0,4.629913062E-1
1.481516475E1,9.833607548E-1,-3.371694580E0,1.684805608E0
1.483516475E1,1.760665630E0,-2.338719615E0,2.288669788E0
1.485516475E1,1.962115658E0,-2.053787135E0,1.698921956E0
1.487516475E1,7.780115113E-2,-2.336994102E0,6.578980073E-2
1.489516475E1,-8.173067008E-1,-1.643226643E0,-2.011688937E0
1.491516475E1,-7.770513985E-1,5.670846087E-1,-8.085021096E-1
1.493516475E1,-1.808787776E0,2.870310456E-1,-1.205681249E-2
1.495516475E1,-2.518165109E0,-2.000975668E-2,-8.238960743E-1
1.497516475E1,-2.749485345E0,3.078851402E-1,3.054007752E0
1.499516475E1,-2.689323344E0,-1.755048795E0,-6.961073689E-1
1.501516475E1,-3.463682099E0,-5.695304990E-1,-4.554280789E-1
1.503516475E1,-4.149442382E0,4.667656839E-2,-5.390621200E-2
1.505516475E1,-2.198520049E0,-1.478312357E0,-2.485709261E0
1.507516475E1,3.686382955E-1,-2.131077386E0,-6.661440432E-1
1.509516475E1,2.235372418E0,-1.202514982E0,1.149911676E0
1.511516475E1,4.020751012E0,2.682275695E0,5.625985664E0
1.513516475E1,5.460332290E0,3.834768916E0,3.023668889E0
1.515516475E1,3.039757503E0,7.816973037E-1,1.344099462E-2
1.517516475E1,1.449287948E-1,-1.933772449E0,-4.103218095E0
1.519516475E1,-1.289365723E0,-3.713138645E0,-4.802762019E0
1.521516475E1,-2.053755268E0,-4.905587060E0,-2.481410388E0
1.523516475E1,-1.709811518E0,-3.575260130E0,3.911534672E0
1.525516475E1,-1.075951707E0,-2.600104773E-1,5.348962712E0
1.527516475E1,-1.074293144E0,2.111973363E0,4.595005184E0
1.529516475E1,-1.385367941E0,2.098916531E0,1.792554005E0
1.531516475E1,5.202969432E-1,2.359608793E-1,-8.269798958E-1
1.533516475E1,3.290545751E0,-1.375617124E0,-1.470785145E-1
1.535516475E1,5.573723835E0,-1.137096334E0,-7.028376603E-1
1.537516475E1,3.760889347E0,-1.039654239E0,9.242097366E-1
1.539516475E1,3.488799691E-1,-1.167508872E0,1.536705576E0
1.541516475E1,-3.560024625E-1,7.052472979E-1,7.926823215E-1
1.543516475E1,-3.264173055E-1,2.296899744E0,2.415801997E-1
1.545516475E1,-1.213964415E0,-8.132307529E-3,1.643963246E0
1.547516475E1,-1.616551645E0,-3.050707583E0,1.504763553E0
1.549516475E1,-1.084483087E-1,-3.285035335E0,-1.944728085E0
1.551516475E1,3.577864480E-1,2.451709456E0,-2.021988223E0
1.553516475E1,1.825709472E0,6.045982978E0,-5.144741397E-1
1.555516475E1,2.412473470E0,1.535637875E0,1.496992457E-1
1.557516475E1,2.665786546E-1,-2.635371962E0,-7.632019758E-1
1.559516475E1,1.502330965E-1,-3.155230364E0,-3.506476409E0
1.561516475E1,-2.524073428E-1,1.309730990E0,-2.380355884E0
1.563516475E1,-1.717499145E0,3.256848832E0,2.430086161E0
1.565516475E1,-1.907386304E0,5.891514158E-1,1.806121592E0
1.567516475E1,2.087116849E-1,-1.179407078E0,-1.029232454E0
1.569516475E1,9.729936415E-1,-1.007197514E-1,-8.205473739E-1
1.571516475E1,-1.740465254E0,2.344793411E0,1.357178806E0
1.573516475E1,-2.681930709E0,2.285534804E0,1.829839361E-1
1.575516475E1,1.043979424E-1,4.071647224E-1,-2.169197724E0
1.577516475E1,1.068099774E0,5.643576135E-1,-1.733202720E0
1.579516475E1,-2.372987223E-1,1.493036816E0,1.074573226E0
1.581516475E1,-1.508330208E-1,4.451947206E-1,2.960176313E-1
1.583516475E1,3.263126403E-1,-2.102701433E0,-1.845345300E0
1.585516475E1,-1.513794431E0,-3.104248491E0,-3.079369173E0
1.587516475E1,-3.411222342E0,-1.852456976E0,-2.289149552E0
1.589516475E1,-1.977637677E0,1.014580501E0,-1.898238335E0
1.591516475E1,1.721991561E0,2.491922805E0,1.954478902E0
1.593516475E1,1.952365426E0,1.288824563E0,3.194022547E0
1.595516475E1,-5.475052071E-1,-7.007100047E-1,6.442529449E-1
1.597516475E1,-2.514149534E0,-2.572170285E0,-1.907109146E0
1.599516475E1,-2.963113369E0,-3.000796335E0,-2.932034833E0
1.601516475E1,-2.001105477E0,-2.062749309E0,-1.210203778E0
1.603516475E1,-1.805895013E-1,1.910446737E0,-4.971580490E-1
1.605516475E1,2.323753667E0,4.051745056E0,1.543559682E-1
1.607516475E1,2.665494186E0,1.352644144E0,3.073903780E0
1.609516475E1,-2.522097069E-1,-3.821200745E-1,1.246186666E0
1.611516475E1,-3.779721474E0,-1.647382551E0,-7.652239430E-1
1.613516475E1,-3.624892466E0,-2.530155702E0,-2.661728579E0
1.615516475E1,-1.020939056E0,-1.381722494E0,-3.195308057E0
1.617516475E1,1.423118734E0,6.678461677E-1,-1.004422133E0
1.619516475E1,1.634483886E0,1.991626994E0,1.410582889E0
1.621516475E1,4.934769344E-1,-5.767469864E-1,-4.618350193E-1
1.623516475E1,-1.058059520E0,-2.318749035E0,-2.112019849E0
1.625516475E1,-2.498018235E0,-2.560457435E0,-2.322455585E-1
1.627516475E1,-5.845812321E-1,-4.170555800E-1,4.956076598E-1
1.629516475E1,2.681121454E0,1.933692927E0,9.604838160E-1
1.631516475E1,3.308665688E0,2.242868256E0,3.231504661E0
1.633516475E1,3.379924536E-2,1.231017820E0,2.024177713E0
1.635516475E1,-3.744286178E0,-4.428973496E-2,-6.762141180E-1
1.637516475E1,-4.391680539E0,-1.683970334E0,-3.478695703E0
1.639516475E1,-2.539938093E0,-2.577088670E0,-2.632489577E0
1.641516475E1,4.567803937E-1,-1.069368912E0,7.255380133E-1
1.643516475E1,3.586503741E0,1.833362601E0,9.649338394E-2
1.645516475E1,4.382279971E0,3.256882454E0,-1.585136309E-1
1.647516475E1,1.561553319E0,2.167495307E0,2.041279064E0
1.649516475E1,-2.370184652E0,6.594495660E-1,6.254801667E-1
1.651516475E1,-2.591130466E0,2.817188501E-2,-1.003582473E0
1.653516475E1,-1.274740375E0,-3.016227722E-1,-1.277839984E0
1.655516475E1,-1.232924012E0,-5.935268873E-1,-2.384170023E-1
1.657516475E1,-1.468515347E0,-1.143756897E0,7.671197565E-1
1.659516475E1,5.230229151E-1,-2.752331185E-1,1.590303786E-1
1.661516475E1,3.151900082E0,1.513124340E0,-1.862204576E0
1.663516475E1,3.082441007E0,1.996800756E0,-4.077228391E-1
1.665516475E1,-7.289630198E-1,8.963395679E-1,8.127464573E-1
1.667516475E1,-3.349842950E0,-2.482692683E-1,4.545398869E-2
1.669516475E1,-1.214093639E0,-1.067818522E-1,-1.272131932E0
1.671516475E1,1.792762751E0,1.733290136E-2,-2.438430722E-1
1.673516475E1,2.842160205E0,4.503566426E-1,9.703665606E-1
1.675516475E1,7.722043490E-1,1.374329567E-1,6.922753230E-1
1.677516475E1,-6.495666021E-1,-2.122667921E-1,-4.239874542E-1
1.679516475E1,2.184139699E-2,-2.047953368E0,-2.319405677E0
1.681516475E1,-2.767019391E-2,-3.743946455E0,-1.799544352E0
1.683516475E1,-8.610457742E-1,-3.497664070E0,3.885743408E-1
1.685516475E1,-1.107034921E0,-1.258454125E0,1.807828687E0
1.687516475E1,1.330831253E0,-1.839311850E-1,2.785220019E0
1.689516475E1,4.328934360E0,-1.300557001E0,3.341153988E0
1.691516475E1,5.293970819E0,-1.620447645E0,1.634434184E0
1.693516475E1,5.444664091E-2,-2.928320682E0,-3.841918892E-1
1.695516475E1,-4.084563431E0,-1.968040057E0,-5.612034207E0
1.697516475E1,-3.990410687E0,2.022548971E0,9.322905886E-1
1.699516475E1,-1.667698994E-2,-1.578607893E-1,3.342130473E0
1.701516475E1,-2.871640697E-1,-1.505508342E0,-4.749944705E0
1.703516475E1,-1.924716867E0,3.467990620E0,1.202812021E0
1.705516475E1,-1.287896171E0,1.727682071E0,2.948341548E0
1.707516475E1,-3.762821267E0,-3.238052958E0,-2.486101609E0
1.709516475E1,-4.471034272E0,-1.341836005E0,-2.406425695E0
1.711516475E1,3.702313110E0,3.616144447E0,4.726420771E0
1.713516475E1,6.736241523E0,8.900666749E-1,-4.969928652E-1
1.715516475E1,-1.345684057E-1,-1.716658900E0,-3.013243888E0
1.717516475E1,-4.929019777E0,3.851180881E-1,-9.241052176E-1
1.719516475E1,-3.238747607E0,9.966812968E-1,2.011127312E0
1.721516475E1,-2.869308535E0,-1.909894760E0,-2.705576849E0
1.723516475E1,-3.494460673E0,-1.601693870E0,-2.575993779E0
1.725516475E1,-1.858546851E0,-1.142428409E0,9.844419050E-1
1.727516475E1,-2.665968103E0,-4.846985096E0,4.392815776E-1
1.729516475E1,-3.133937436E0,-6.712734547E0,5.326619770E-1
1.731516475E1,3.748549967E0,-6.793879867E-3,2.622292618E0
1.733516475E1,1.039989986E1,1.113638123E1,7.875978459E0
1.735516475E1,4.526856178E0,4.935668061E0,1.046952076E0
1.737516475E1,-7.960340917E-1,-3.457933994E0,-1.748288244E0
1.739516475E1,-2.631603724E-1,-6.167457129E0,-9.541592336E0
1.741516475E1,1.130435770E0,-4.995642952E0,2.635989136E0
1.743516475E1,1.915495223E-1,5.895162821E-1,8.554738455E0
1.745516475E1,-1.501887161E0,4.030425523E0,1.801529481E0
1.747516475E1,-2.767886533E0,2.547813123E-1,1.659602355E0
1.749516475E1,-1.376929824E0,-3.822179276E0,-9.544433498E-1
1.751516475E1,2.018734832E0,-3.387251682E0,5.828785960E-1
1.753516475E1,5.633805730E0,1.765107175E0,1.719152884E0
1.755516475E1,4.108050819E0,4.982045252E0,2.022150775E0
1.757516475E1,5.746310252E-1,9.753904152E-1,1.258479853E0
1.759516475E1,-9.908937228E-1,-1.998954871E0,-5.242755349E-1
1.761516475E1,-1.192516828E0,-1.103108808E0,-1.557915912E0
1.763516475E1,-1.149539208E0,7.186052620E-1,-8.695394397E-2
1.765516475E1,-5.266084278E-1,2.060202116E-1,-7.457538843E-2
1.767516475E1,1.503417962E0,-1.356489712E-1,-2.542307385E0
1.769516475E1,1.141996300E-1,9.882262230E-2,-9.393540251E-1
1.771516475E1,-1.732354581E-2,-9.416589975E-2,-7.271597385E-1
1.773516475E1,1.777997362E0,-1.745393872E-1,-8.112929857E-1
1.775516475E1,2.798442328E0,1.250476769E0,5.280857268E-1
1.777516475E1,-5.037493229E-1,2.152005156E0,4.449734035E-1
1.779516475E1,-3.290156327E0,1.072163004E-1,-8.248956558E-1
1.781516475E1,-2.790928071E0,-2.464465742E0,-5.003737253E-1
1.783516475E1,2.167562842E-2,-6.824358478E-1,9.320897368E-1
1.785516475E1,3.275370473E-1,3.760143242E0,1.678147676E0
1.787516475E1,1.390514660E-1,2.815487254E0,1.427862288E0
1.789516475E1,2.250043666E-1,-4.946102710E-1,9.537437305E-1
1.791516475E1,-7.590387583E-2,-2.167612836E0,-1.275376259E0
1.793516475E1,-1.709253986E0,-1.438086437E0,-1.994997475E0
1.795516475E1,-1.507528555E0,8.180633305E-1,-3.484178929E0
1.797516475E1,-2.661389440E-1,1.765980457E0,-2.733409595E0
1.799516475E1,1.008369881E-1,3.109987825E-4,2.547041291E-1
1.801516475E1,-8.147071749E-1,-1.067436992E0,-1.028154520E0
1.803516475E1,-1.597751677E0,-4.495899265E-1,-1.205003557E0
1.805516475E1,-1.275814508E0,5.353079883E-1,-8.302704164E-1
1.807516475E1,-1.406769919E0,1.005327940E0,-3.140595075E-1
1.809516475E1,-1.143756312E0,-3.583567708E-1,-9.000268221E-2
1.811516475E1,-6.150779700E-1,-1.099301393E0,-5.607383332E-1
1.813516475E1,-1.026102732E0,-5.184008373E-1,-4.809954679E-1
1.815516475E1,-2.123714572E0,1.251360283E0,2.789630574E-1
1.817516475E1,-9.192998296E-1,1.609373749E0,1.295801753E0
1.819516475E1,1.570760930E0,-1.033038918E0,-1.174088743E-1
1.821516475E1,-5.745327920E-1,-2.416988398E0,-1.806051718E0
1.823516475E1,-2.658766379E0,-2.523034962E0,-2.031618441E0
1.825516475E1,-9.521594274E-1,-1.786882791E-1,-2.201845360E0
1.827516475E1,1.339999394E0,1.874997261E0,-3.392075050E-1
1.829516475E1,1.720241489E0,2.025434425E0,2.082806574E0
1.831516475E1,3.263851458E-1,1.321616479E0,1.945874139E0
1.833516475E1,-3.808636540E-1,3.713318154E-2,1.293383637E-1
1.835516475E1,-1.209776639E0,-1.304837309E0,-4.969358549E-1
1.837516475E1,-1.431413594E0,-1.458040353E0,-1.909302729E0
1.839516475E1,-1.233694090E0,-1.990415597E-1,-2.124545754E0
1.841516475E1,-3.884767288E-1,4.316078380E-1,-8.043269053E-1
1.843516475E1,1.349318102E0,3.380670056E-1,8.254648823E-1
1.845516475E1,1.405220407E0,1.117907818E0,1.202302144E0
1.847516475E1,5.181229484E-1,1.567592031E0,2.740473032E-1
1.849516475E1,-8.746142381E-1,7.944828254E-1,-2.986786991E-2
1.851516475E1,-2.348636493E0,-9.505625528E-1,-8.480541381E-1
1.853516475E1,-1.962900939E0,-1.803884155E0,-1.455141157E0
1.855516475E1,6.658926129E-1,-1.224272764E0,-1.232263130E0
1.857516475E1,2.630341895E0,5.856924954E-1,-5.002386546E-1
1.859516475E1,1.830789533E0,2.213540961E0,4.543885902E-1
1.861516475E1,4.648945749E-2,2.138405702E0,-8.208113757E-1
1.863516475E1,-1.776649579E0,4.417536342E-1,-4.237506419E-2
1.865516475E1,-2.644741248E0,-1.843044128E0,5.706856164E-1
1.867516475E1,-2.110177099E0,-1.745278682E0,6.540137020E-1
1.869516475E1,1.209730446E-2,9.557730067E-1,-1.653679125E0
1.871516475E1,2.015976700E0,1.741824732E0,-2.833318630E0
1.873516475E1,2.424304141E0,5.766009521E-1,1.549942211E0
1.875516475E1,-1.231330061E-1,-3.621244973E-1,9.695141096E-1
1.877516475E1,-5.738112456E-1,2.577201229E-1,-6.471324062E-1
1.879516475E1,8.423212355E-1,1.683664232E0,-2.464934104E0
1.881516475E1,9.752231848E-1,1.279218172E0,6.814286649E-1
1.883516475E1,-5.575267500E-1,-5.002585351E-1,1.541430273E0
1.885516475E1,-1.443769931E0,-1.044447201E0,3.380203740E-1
1.887516475E1,-5.036376411E-1,-8.489356059E-1,-6.938481510E-1
1.889516475E1,3.678062367E-1,-1.407731786E0,-9.097892603E-1
1.891516475E1,-2.151757818E-1,-1.456098200E0,3.769045408E-1
1.893516475E1,2.075644612E-2,-1.117770701E0,-4.586158347E-1
1.895516475E1,6.358820710E-1,-2.612516073E0,-8.094125211E-1
1.897516475E1,8.520270288E-1,-4.542883689E0,1.102467953E0
1.899516475E1,-1.295469339E0,-4.983181951E0,3.214448333E-2
1.901516475E1,-4.493206622E0,-4.440197811E0,1.309579255E0
1.903516475E1,-3.430132238E0,-1.516014619E0,-5.734381932E-1
1.905516475E1,-2.036553344E0,9.210732901E-1,9.252149460E-1
1.907516475E1,4.320931569E-1,1.091769887E0,1.175703744E0
1.909516475E1,2.420793473E0,1.801096203E0,7.584703358E-1
1.911516475E1,3.212061792E0,2.895142996E0,1.545844774E0
1.913516475E1,3.229771838E0,8.201281285E-1,1.451680921E-2
1.915516475E1,9.507297832E-1,-1.751187878E0,-1.576101192E0
1.917516475E1,-4.807916924E-1,-1.987124199E0,-1.287630562E0
1.919516475E1,-6.876667669E-1,-5.429449636E-1,2.662441208E-1
1.921516475E1,-2.098772104E0,9.336138135E-1,1.031300907E0
1.923516475E1,-1.962334051E0,-8.406968790E-1,2.439652059E-1
1.925516475E1,-1.277550547E0,-2.430690470E0,-1.609999255E0
1.927516475E1,-1.478849424E0,-1.300189796E0,-1.601139115E0
1.929516475E1,-3.712157482E-1,4.697781694E-1,2.200044125E-1
1.931516475E1,1.478933624E0,1.548319316E-1,3.314219373E0
1.933516475E1,1.800956162E0,-1.524920513E0,1.122978231E0
1.935516475E1,4.327813742E-1,-1.905977710E0,-8.127273077E-1
1.937516475E1,-6.335385069E-1,-1.523711894E0,-1.273989592E0
1.939516475E1,-4.153136945E-1,-5.383461285E-1,3.405703740E0
1.941516475E1,3.009703107E0,2.307959753E0,3.235715826E0
1.943516475E1,2.464865692E0,7.561783004E-1,7.931783116E-1
1.945516475E1,5.742375076E-2,-2.681182265E0,5.281018066E-1
1.947516475E1,-1.156049498E0,-4.458914748E0,-4.109996188E-1
1.949516475E1,7.322134870E-1,-3.257955710E0,1.400969847E-1
1.951516475E1,3.898840367E0,2.582768948E0,2.726132151E0
1.953516475E1,2.657629681E0,7.020146647E0,8.525439958E-1
1.955516475E1,-8.854228163E-1,6.609838754E-1,9.871727009E-1
1.957516475E1,-2.225771874E0,-4.227236370E0,-6.693411545E-1
1.959516475E1,-1.867875499E0,-6.350650395E0,-1.840415804E0
1.961516475E1,1.001125765E0,-2.237335328E0,-1.058170617E0
1.963516475E1,2.714252363E0,5.704919567E0,3.282215223E0
1.965516475E1,2.036702741E0,4.154714524E0,2.906972498E-2
1.967516475E1,2.897084856E-1,-5.310640061E-1,-4.300228040E-1
1.969516475E1,-1.328242398E0,-2.078973432E0,-2.322370362E0
1.971516475E1,-1.572588769E0,-9.261270386E-1,-1.067042012E0
1.973516475E1,-9.156716323E-1,7.224176466E-2,2.738742549E0
1.975516475E1,2.109298847E0,1.932585757E0,-1.205392982E0
1.977516475E1,2.465977247E0,3.018559007E0,-1.108072802E0
1.979516475E1,-2.182099020E-1,2.553618239E0,3.447435026E0
1.981516475E1,-2.815268276E0,8.462996811E-2,1.867482566E0
1.983516475E1,-1.168171946E0,-2.051335690E0,-9.541775939E-1
1.985516475E1,4.077368724E-1,-2.283591774E0,-2.866396037E0
1.987516475E1,-1.882043302E-1,-2.852341962E-1,-1.966032708E0
1.989516475E1,-1.936811247E0,1.837378468E0,6.986194789E-1
1.991516475E1,-4.199862045E-1,2.605097126E0,1.990134931E-1
1.993516475E1,2.559365467E0,1.545886436E0,3.015432501E-1
1.995516475E1,1.053659490E0,6.448514074E-1,-6.484620631E-2
1.997516475E1,-1.941683732E0,-2.699391957E-1,-1.428401694E-1
1.999516475E1,-1.730988087E0,-1.195982765E0,-1.307864851E0
2.001516475E1,-4.565617079E-1,-1.340304327E0,-2.014992906E0
2.003516475E1,-2.546000487E-1,-9.285751216E-1,-1.970615755E0
2.005516475E1,-1.427675470E0,6.199389797E-1,-7.676914680E-1
2.007516475E1,-5.999553162E-1,9.754231596E-1,1.161213174E-1
2.009516475E1,2.062236947E-1,4.023719790E-1,-2.798535883E-2
2.011516475E1,-1.339331642E0,-1.356418961E0,-1.573048945E0
2.013516475E1,-3.291946160E0,-2.422853155E0,1.687626305E-1
2.015516475E1,-1.018599585E0,-5.225061674E-1,-1.594918701E-1
2.017516475E1,4.983377248E-1,2.395147585E0,1.918144011E-1
2.019516475E1,8.383188164E-1,1.117393629E0,7.294731894E-1
2.021516475E1,-5.044094735E-1,1.243401345E0,1.206692818E-1
2.023516475E1,-1.369502106E0,1.389104019E0,-1.302737428E0
2.025516475E1,-5.821587306E-1,-1.329688122E0,-1.716250765E0
2.027516475E1,8.935890377E-2,-3.943497599E0,-2.798185343E0
2.029516475E1,-5.258342564E-1,-1.588131545E0,-2.117060733E0
2.031516475E1,-1.657911340E0,3.290027688E0,1.674472701E0
2.033516475E1,-7.396873981E-1,3.300509115E0,3.468083883E0
2.035516475E1,9.785268617E-1,4.988112031E-1,1.698882488E0
2.037516475E1,1.122381231E0,-1.344163343E0,-8.087704968E-1
2.039516475E1,-2.158949894E-1,-1.511108220E0,-1.936832590E0
2.041516475E1,-4.051243365E-1,-6.594516125E-1,-1.950861814E0
2.043516475E1,-6.899971747E-1,9.088023233E-1,-2.663906667E-1
2.045516475E1,-4.560652792E-2,5.157412313E-1,2.336953756E-1
2.047516475E1,-3.834691733E-1,-7.298677303E-1,6.323260868E-1
2.049516475E1,-1.519221232E0,-9.983882453E-1,3.106912190E-1
2.051516475E1,-9.364847964E-1,-7.070770378E-1,-1.031343006E0
2.053516475E1,4.951743811E-1,-3.297198129E-1,-1.429446299E0
2.055516475E1,8.543512970E-1,-4.194938689E-2,-6.260189876E-1
2.057516475E1,-7.139918089E-2,1.052095360E0,8.333630088E-1
2.059516475E1,-3.940117031E-1,1.571075510E0,6.685250294E-1
2.061516475E1,6.295486593E-1,5.281178865E-1,-7.376008192E-1
2.063516475E1,1.063836569E-1,-9.119115803E-1,-1.063436619E0
2.065516475E1,-1.696555588E0,-1.510592496E0,-6.829299375E-2
2.067516475E1,-1.075357922E0,-5.624015737E-1,-3.772364800E-1
2.069516475E1,7.923789972E-1,1.085145577E0,-7.298263612E-1
2.071516475E1,1.434251833E0,1.322209241E0,2.817843390E-1
2.073516475E1,5.714659274E-2,4.552490079E-1,1.179013561E0
2.075516475E1,-8.338024271E-1,-1.266945451E-2,6.231406957E-2
2.077516475E1,-8.515481418E-1,3.975732422E-1,-1.628458330E-1
2.079516475E1,-2.633480680E-1,5.484816921E-1,-3.670168626E-1
2.081516475E1,6.726964331E-1,-1.251619899E-1,-5.251033545E-2
2.083516475E1,4.127584612E-1,-3.390151316E-1,-5.818271935E-1
2.085516475E1,-6.156311166E-1,-2.058886492E-1,9.624180749E-2
2.087516475E1,-5.989636284E-1,-3.799052954E-2,2.527776177E-1
2.089516475E1,3.628688478E-1,3.687914926E-1,-1.721303344E0
2.091516475E1,1.345700430E0,3.923972869E-1,-5.891185252E-1
2.093516475E1,7.998464763E-2,9.051799732E-1,6.234859738E-1
2.095516475E1,-1.339436892E0,-2.533616084E-1,5.741451216E-1
2.097516475E1,-1.193153590E-1,-1.554921407E0,-3.567291983E-1
2.099516475E1,1.341401557E0,-1.041194980E0,-6.477931416E-1
2.101516475E1,1.204879012E0,-5.018431306E-2,1.162085871E-1
2.103516475E1,1.475726134E-1,-4.514155734E-1,-5.764559412E-1
2.105516475E1,-8.229920948E-1,-2.025321720E0,-3.298461127E-1
2.107516475E1,-1.534144496E0,-2.911995256E-1,-2.484213690E-1
2.109516475E1,-1.144376702E0,1.485734228E0,-6.472142673E-1
2.111516475E1,5.819087622E-1,-2.138840734E0,3.341496634E-1
2.113516475E1,9.554882473E-1,-4.195987680E0,3.007515554E-1
2.115516475E1,1.762458971E0,-1.353472549E-1,1.119857572E0
2.117516475E1,1.132191689E0,3.966679763E0,2.269241245E0
2.119516475E1,1.655817452E0,-9.392248017E-1,2.536771826E0
2.121516475E1,8.132968265E-1,-3.498928238E0,-1.270763537E0
2.123516475E1,5.950287446E-1,-3.155648732E0,-3.716799586E0
2.125516475E1,7.665267026E-1,-7.386384076E-1,-1.708661664E0
2.127516475E1,-5.468052953E-2,2.034075002E0,4.586860598E0
2.129516475E1,-1.068727764E0,-1.205270190E0,1.191662404E0
2.131516475E1,-3.153944269E0,-2.200558096E0,-1.128645207E0
2.133516475E1,-3.113070477E0,-1.231505477E-1,-1.997629892E0
2.135516475E1,-1.889260228E0,1.587610851E0,-2.111138673E-1
2.137516475E1,-2.442312104E0,-2.467665339E-1,2.052096413E-1
2.139516475E1,-1.754124642E0,-1.814881014E0,1.864752354E0
2.141516475E1,1.056577397E0,-2.813995922E-1,4.894137043E-1
2.143516475E1,2.338378576E0,1.683966533E0,-1.180271004E0
2.145516475E1,1.136787601E0,6.380195206E-1,1.075242147E0
2.147516475E1,-7.171180227E-1,-1.406301557E0,3.340865135E-1
2.149516475E1,-2.028623643E0,-1.840894691E0,-1.196222355E0
2.151516475E1,-2.698781507E0,-1.011666541E0,-1.805992661E0
2.153516475E1,-2.745387909E0,-1.705742149E0,-1.134228420E0
2.155516475E1,-2.426686005E0,-4.013649861E0,4.545416410E-1
2.157516475E1,-4.384598976E-1,-3.595658142E0,2.009034301E0
2.159516475E1,2.922213850E0,1.305591454E0,4.402375097E0
2.161516475E1,3.702143248E0,4.996968516E0,4.323581527E0
2.163516475E1,4.024382133E0,2.858220752E0,1.779639845E0
2.165516475E1,3.162072191E0,-2.497439361E-1,-2.210700091E0
2.167516475E1,1.601861100E0,-2.923878552E0,-1.595336192E0
2.169516475E1,3.188960320E-1,-5.486220837E0,1.991195616E0
2.171516475E1,4.779549158E-1,-5.313981745E0,1.584334656E0
2.173516475E1,1.341039614E0,5.186667395E-1,1.859194722E0
2.175516475E1,-1.232723452E0,7.542942690E0,1.734005835E0
2.177516475E1,-2.077783524E0,2.255088644E0,8.903450024E-1
2.179516475E1,-3.377158803E-1,-3.813412546E0,1.727604303E0
2.181516475E1,2.009821336E0,-6.309063828E0,-1.895773734E0
2.183516475E1,2.935362484E0,-3.276318891E0,-2.675413402E0
2.185516475E1,2.361570534E0,4.996722933E0,-1.853788094E-1
2.187516475E1,1.878125668E-2,7.099754149E0,9.171017151E-1
2.189516475E1,1.503985727E-1,1.203310204E-1,3.699849093E-1
2.191516475E1,-5.444102758E-1,-4.542919357E0,-1.712648003E0
2.193516475E1,-2.084057001E0,-4.615199713E0,-2.962070518E0
2.195516475E1,-2.409810648E0,-1.519342269E0,-3.813568667E-1
2.197516475E1,1.717882723E-1,4.041649838E0,-1.007592201E-1
2.199516475E1,1.202461188E0,8.167038821E0,-1.099178894E0
2.201516475E1,1.393696715E0,2.883645616E0,3.690806959E0
2.203516475E1,5.988975549E-1,-1.183125030E0,1.890365352E0
2.205516475E1,-8.603476167E-1,-2.957641837E0,-1.224648155E0
2.207516475E1,-2.844298532E0,-2.002252700E0,-2.188478333E0
2.209516475E1,-2.901115927E0,2.818773097E-1,-2.189173859E0
2.211516475E1,1.242397086E0,2.384700073E0,9.151290107E-1
2.213516475E1,3.351186640E0,2.928547554E0,1.259465109E0
2.215516475E1,1.024817514E0,1.242851269E0,-2.680930835E-1
2.217516475E1,-2.796067189E0,-1.235423112E-1,-1.334637205E0
2.219516475E1,-4.730878104E0,-2.799864663E-1,-3.002561902E0
2.221516475E1,-1.519548091E0,-1.861613423E0,-1.093180528E0
2.223516475E1,2.348685610E0,-2.025208869E0,4.784188923E-1
2.225516475E1,2.481949502E0,5.291043118E-1,-1.741794034E0
2.227516475E1,-1.946143404E0,1.462956253E0,-5.389250028E-1
2.229516475E1,-4.402340598E0,8.039648165E-1,3.431175381E-2
2.231516475E1,-1.966422717E0,1.268119280E-1,2.391090202E-1
2.233516475E1,1.164160756E0,-1.324950854E0,-2.635670462E-1
2.235516475E1,7.821761906E-1,-1.799948979E0,-2.147284698E-1
2.237516475E1,-1.412325359E0,-1.371126024E0,-1.228378094E0
2.239516475E1,-2.330948666E0,9.894322112E-1,-1.401073270E0
2.241516475E1,-1.430264032E-1,3.137284382E0,1.261463687E-1
2.243516475E1,2.637041050E0,1.958527368E0,3.683475427E0
2.245516475E1,2.547222555E0,2.807235079E-1,1.201444942E0
2.247516475E1,-1.252288236E0,-1.135249490E0,-1.176191694E0
2.249516475E1,-4.803226873E0,-1.393623186E0,-3.322959791E0
2.251516475E1,-3.220896057E0,-7.544448933E-1,-3.161510274E0
2.253516475E1,2.696496123E-1,1.112122875E-1,-3.725445279E-1
2.255516475E1,2.326353339E0,1.395480992E0,1.238858059E0
2.257516475E1,2.080717657E0,2.293736693E0,1.347073064E0
2.259516475E1,6.009616220E-1,9.809499478E-1,2.824041438E-1
2.261516475E1,-1.129485598E0,-1.352084127E0,-7.466482159E-1
2.263516475E1,-2.542424330E0,-1.621691347E0,-1.521964453E0
2.265516475E1,-2.721432744E0,-1.178481172E0,-3.694352710E-1
2.267516475E1,1.630729973E-1,-6.614268020E-1,2.442816134E-1
2.269516475E1,2.612442398E0,6.769733790E-1,-1.700502459E0
2.271516475E1,2.555048468E0,1.439898781E0,-2.048163868E0
2.273516475E1,-2.343739450E-1,7.999148887E-1,1.533449993E0
2.275516475E1,-2.047911853E0,-4.634737015E-1,1.022515465E0
2.277516475E1,-4.397392684E-1,-8.565700230E-1,-1.081781673E0
2.279516475E1,7.744175202E-1,4.232653230E-1,-1.652117626E0
2.281516475E1,-1.797720605E-1,1.437107613E0,1.043438849E0
2.283516475E1,-6.824940276E-1,1.571913416E0,9.017061424E-1
2.285516475E1,3.495728642E-1,1.367388922E-1,-6.180131261E-1
2.287516475E1,1.113324478E0,-7.339553726E-1,-8.910607016E-1
2.289516475E1,2.773509800E-2,-5.401365459E-2,-8.993086378E-1
2.291516475E1,-1.134937541E0,5.197952521E-1,-1.207227838E0
2.293516475E1,-8.516551459E-1,1.349578303E-1,-4.616904469E-1
2.295516475E1,2.226976401E-1,6.185184717E-3,1.235809028E-1
2.297516475E1,1.112217016E0,1.946877229E-1,-5.361677483E-2
2.299516475E1,7.492101735E-1,2.746858191E-1,-2.391802832E-1
2.301516475E1,-5.253758347E-1,3.495255017E-1,-3.574894094E-1
2.303516475E1,-2.638737327E-1,9.272748470E-2,4.925921045E-2
2.305516475E1,1.350265351E0,-3.694744474E-1,-1.350344288E-1
2.307516475E1,2.289819351E0,-1.673911076E0,3.735791928E-1
2.309516475E1,2.023125798E0,-2.220657315E0,-9.944710493E-2
2.311516475E1,1.366385540E0,-1.096617814E0,1.358798997E-1
2.313516475E1,1.675119696E0,-7.391073543E-1,5.869938663E-1
2.315516475E1,2.340759124E0,-2.215866106E0,1.924540281E0
2.317516475E1,-9.514413893E-2,-3.822503212E0,-1.075829208E-1
2.319516475E1,-4.183485748E0,-3.756846582E0,-1.529099664E0
2.321516475E1,-6.846327052E0,-1.212290942E0,-1.294067323E0
2.323516475E1,-6.192865620E0,1.488381847E0,1.673935488E0
2.325516475E1,-2.267000446E0,2.760002732E-2,1.416199578E0
2.327516475E1,9.537552787E-1,-5.144561595E-1,4.464765765E-1
2.329516475E1,2.423681267E0,3.929498488E-1,1.968747570E0
2.331516475E1,9.294694532E-1,-3.482847226E-1,-7.883818406E-1
2.333516475E1,-2.457570121E-1,-2.310001016E-1,-2.178282397E0
2.335516475E1,2.386597787E0,1.762098783E0,1.320794068E0
2.337516475E1,3.927933188E0,5.450406057E-1,2.573054969E0
2.339516475E1,-8.793705095E-1,-1.536875145E0,-6.710510266E-1
2.341516475E1,-5.509446563E0,-7.411041784E-1,-2.545838519E0
2.343516475E1,-4.018794826E0,7.321550149E-1,1.117532573E0
2.345516475E1,2.655857974E-1,-6.938738787E-1,1.754963425E0
2.347516475E1,1.153850653E0,-1.015350287E0,-9.584457690E-1
2.349516475E1,-4.123240131E-1,2.534820610E-1,-1.586778207E0
2.351516475E1,-1.654504167E0,3.944882512E-1,-6.642746884E-1
2.353516475E1,-2.263222998E0,-1.886307676E0,-7.352347434E-2
2.355516475E1,-2.224881636E0,-3.139573567E0,1.536576645E-1
2.357516475E1,2.336854354E-1,-1.573532510E0,1.409770564E0
2.359516475E1,1.944131377E0,-3.042142582E-1,1.513090426E0
2.361516475E1,2.948107660E-2,-9.407766527E-1,7.652759832E-1
2.363516475E1,-1.181678429E-1,-1.321265500E0,1.083360422E-1
2.365516475E1,2.518714455E0,9.998978502E-1,3.397057609E-1
2.367516475E1,3.587249846E0,2.276182474E0,5.019073769E-1
2.369516475E1,1.385013015E0,1.244005070E0,-2.103910784E-1
2.371516475E1,6.579462469E-2,1.283323503E-1,-5.936029011E-1
2.373516475E1,4.997118205E-1,-6.111626744E-1,3.179766158E0
2.375516475E1,1.160988057E0,-2.128302298E0,4.477049303E0
2.377516475E1,8.955244660E-1,-4.079662002E0,2.308411742E0
2.379516475E1,3.428988522E-1,-4.734960630E0,-4.678182193E-1
2.381516475E1,9.731942010E-1,-1.493250824E0,-2.672177553E-1
2.383516475E1,1.278964403E0,5.152380491E0,3.339757673E0
2.385516475E1,1.388866915E0,5.862803160E0,9.647799115E-1
2.387516475E1,2.208241922E-1,8.040015078E-1,-1.587210170E0
2.389516475E1,-1.550478108E0,-1.915681749E0,-2.100245164E0
2.391516475E1,-1.686707123E0,-1.596330804E0,-1.538329933E0
2.393516475E1,4.379775023E-1,6.871466571E-1,-1.481318995E-2
2.395516475E1,3.739826506E0,4.151289225E-1,-1.538407116E0
2.397516475E1,3.571762910E0,-1.610301556E0,-9.403024435E-1
2.399516475E1,7.775346708E-1,-2.258529146E0,1.314736938E0
2.401516475E1,-6.445643091E-1,-1.694494445E0,7.348195910E-2
2.403516475E1,-4.923747343E-1,2.101741320E0,-1.740097464E0
2.405516475E1,-1.150221578E0,4.041037927E0,-9.712576032E-2
2.407516475E1,-1.958952314E0,1.765336971E0,3.094718406E0
2.409516475E1,-9.498182023E-1,-6.852039197E-1,1.663252771E0
2.411516475E1,1.048527389E0,-1.309024354E0,-7.852433476E-1
2.413516475E1,3.513007164E-3,-5.088109651E-1,-9.859762144E-1
2.415516475E1,-1.995911980E0,1.118230585E0,-8.034527466E-1
2.417516475E1,-1.967778102E0,2.762455347E0,-2.555007245E0
2.419516475E1,-5.249308616E-1,1.350998007E0,-2.233643250E0
2.421516475E1,-5.756876171E-2,-3.424597263E-2,-1.143530171E0
2.423516475E1,-8.002440870E-2,8.182388932E-1,-5.939648438E-1
2.425516475E1,-1.453226048E-1,-9.207157329E-2,-1.421541448E0
2.427516475E1,-1.672589605E0,-1.240967149E0,-1.552916397E0
2.429516475E1,-2.837040968E0,9.402892873E-2,-8.300356507E-1
2.431516475E1,-9.296219194E-1,2.954194027E0,-2.362766290E-1
2.433516475E1,1.351399711E0,1.468898194E0,1.364448650E0
2.435516475E1,1.958531899E0,-1.555882982E0,1.243451631E0
2.437516475E1,5.139609003E-1,-2.182797032E0,-1.967731324E-1
2.439516475E1,-2.504648393E0,-7.350799383E-1,-2.066194342E0
2.441516475E1,-4.004590770E0,2.396215287E-1,-2.566966263E0
2.443516475E1,-2.247410665E0,-3.309521136E-1,-6.753168628E-1
2.445516475E1,1.279453815E0,-2.215083164E-1,1.967447734E0
2.447516475E1,2.717010494E0,1.320305972E0,1.893318780E0
2.449516475E1,8.223915857E-1,1.522295552E0,1.654045746E-1
2.451516475E1,-2.010859802E0,-8.576546815E-1,-7.631440884E-1
2.453516475E1,-2.623696534E0,-2.550037404E0,-2.077998409E0
2.455516475E1,-1.133404986E0,-1.938284161E0,-1.595278597E0
2.457516475E1,8.031542462E-1,1.382178285E0,-1.022036286E0
2.459516475E1,1.392022657E0,5.054471204E0,-2.605683017E-1
2.461516475E1,9.632498413E-1,2.508662799E0,1.610385171E0
2.463516475E1,4.000507075E-1,-1.600021566E0,4.041060439E-1
2.465516475E1,-1.266786407E0,-3.492680488E0,-7.000238340E-1
2.467516475E1,-1.843105524E0,-2.464967726E0,-1.164324478E0
2.469516475E1,-3.086949795E-1,1.002008110E-1,-9.221164334E-1
2.471516475E1,9.940787011E-1,2.331147471E0,5.627547455E-1
2.473516475E1,1.529226403E0,2.028383030E0,1.945623001E0
2.475516475E1,8.339404213E-1,7.421461523E-2,-1.486923552E-1
2.477516475E1,-1.818011613E0,-1.954072813E0,-1.363778559E0
2.479516475E1,-2.889913246E0,-3.222899898E0,-1.651036038E0
2.481516475E1,-8.883809227E-1,-1.211469408E0,-2.515515443E0
2.483516475E1,1.179396846E0,2.402019525E0,-1.650979904E0
2.485516475E1,1.998656663E0,3.628748120E0,3.476894760E0
2.487516475E1,1.401282308E0,1.003651763E0,2.701560981E0
2.489516475E1,-6.023164219E-1,-1.606210844E0,2.392049146E-1
2.491516475E1,-1.900928054E0,-2.863486170E0,-1.390665810E0
2.493516475E1,-1.338254585E0,-1.669257277E0,6.180612195E-1
2.495516475E1,2.942950416E-1,-3.028349000E-1,1.599621763E0
2.497516475E1,9.795933938E-1,5.414048070E-1,-5.812660070E-1
2.499516475E1,5.281520927E-1,-8.513002199E-1,-2.166874040E0
2.501516475E1,-1.792727083E-1,-9.114364940E-1,-2.348850940E0
2.503516475E1,-9.307966250E-1,7.936484277E-1,-5.250434205E-2
2.505516475E1,-6.082086611E-1,2.989789537E0,-8.645390470E-1
2.507516475E1,2.852295184E-1,2.169367878E0,-8.209037617E-2
2.509516475E1,6.891475743E-1,2.282296908E-1,2.494678305E0
2.511516475E1,9.182964474E-1,-8.553926861E-1,1.133339936E0
2.513516475E1,4.330401134E-1,-4.041373265E-1,-5.143552219E-1
2.515516475E1,-2.280443341E-1,-2.370870531E-2,-1.122197701E0
2.517516475E1,-3.319405854E-2,-4.266122693E-1,-5.694089500E-1
2.519516475E1,2.334863377E-1,-1.828862876E-1,-1.927406001E-1
2.521516475E1,-3.014122725E-2,4.664680606E-1,-5.005239622E-1
2.523516475E1,-7.423683465E-1,-1.705410612E-1,7.054958045E-1
2.525516475E1,-6.570101076E-1,-5.618396562E-1,4.224964507E-1
2.527516475E1,1.332843572E-1,2.457216364E-1,5.464258111E-1
2.529516475E1,5.551937109E-1,2.300458360E-1,8.483175552E-1
2.531516475E1,5.180016187E-1,-8.835587239E-1,5.258985758E-3
2.533516475E1,3.990487871E-1,-2.221496975E0,-1.336442533E0
2.535516475E1,-5.043983638E-1,-3.385906822E0,-1.331171268E0
2.537516475E1,-1.249917775E0,-3.086946872E0,1.714812934E-2
2.539516475E1,9.656805289E-1,8.465288919E-1,1.776884052E0
2.541516475E1,1.758813232E0,4.012961644E0,2.968931934E0
2.543516475E1,1.839188181E0,9.557116109E-1,2.609208303E0
2.545516475E1,1.084790651E0,-1.930765226E0,4.883144277E-1
2.547516475E1,1.328540021E0,-2.602493361E0,-2.307889001E0
2.549516475E1,2.522368380E0,-9.721153897E-1,-3.313615941E0
2.551516475E1,4.703013490E-1,6.312285644E-1,-6.232032609E-1
2.553516475E1,-2.049062147E0,7.020751834E-2,6.310952479E-1
2.555516475E1,-2.951694050E0,-8.406933707E-1,3.935782783E-1
2.557516475E1,-3.167600441E0,-6.784816682E-1,-4.683849241E-1
2.559516475E1,-4.266979310E0,-1.011393476E0,-1.935996438E0
2.561516475E1,-4.459178458E0,-5.615917343E-1,-1.610134033E0
2.563516475E1,-1.549115999E0,-2.639479923E-1,6.488241519E-1
2.565516475E1,-1.848439354E-1,-8.595237440E-1,7.035074589E-1
2.567516475E1,3.570093530E-1,-8.078074604E-1,2.510979173E0
2.569516475E1,2.841043095E0,5.347044826E-1,3.529719676E0
2.571516475E1,3.756189647E0,1.685649946E0,2.279617421E-1
2.573516475E1,1.448719014E0,9.622107911E-1,-2.312413138E0
2.575516475E1,-4.010897577E-3,-2.469846350E-1,-1.699175287E0
2.577516475E1,1.714471165E0,2.580089754E-1,1.892672955E0
2.579516475E1,1.911432870E0,1.145904579E0,2.317535153E0
2.581516475E1,-7.705972418E-1,7.545773327E-2,-7.336799687E-1
2.583516475E1,-2.400705948E0,-1.412586730E0,-2.639590436E0
2.585516475E1,-1.509747865E0,-2.043263901E0,-2.277945118E-1
2.587516475E1,-6.987428552E-1,-2.374058433E0,1.402760337E0
2.589516475E1,-1.172972802E0,-3.145557023E0,-6.808059365E-1
2.591516475E1,-1.034377127E0,-2.461153879E0,-1.043595116E0
2.593516475E1,-9.956638813E-2,5.781621587E-1,1.518249425E0
2.595516475E1,1.576572185E0,3.949595368E0,4.230297387E0
2.597516475E1,2.157149828E0,1.333944018E0,3.718889381E0
2.599516475E1,1.299663254E0,-2.584213795E0,5.531214577E-1
2.601516475E1,1.306734585E0,-4.061474238E0,-2.963688151E0
2.603516475E1,1.540562984E0,-2.592888139E0,-6.972570777E-1
2.605516475E1,7.785216808E-1,7.725850028E-1,4.509987838E0
2.607516475E1,-4.362432182E-2,4.414150804E-1,4.799338474E0
2.609516475E1,1.298942585E0,-2.001667979E0,2.218106905E-1
2.611516475E1,1.279622800E0,-7.412392491E-1,-2.886302590E0
2.613516475E1,-2.053055064E0,3.085023138E0,-2.961792483E0
2.615516475E1,-4.015863032E0,1.093426403E0,7.942519335E-1
2.617516475E1,-9.672464132E-2,-1.561301304E0,2.363418693E0
2.619516475E1,4.465983447E0,-5.104560792E-1,-1.361981417E0
2.621516475E1,4.738785294E0,1.095695123E0,-1.467882532E0
2.623516475E1,-9.243494850E-1,1.624615540E0,1.570141125E0
2.625516475E1,-3.898494796E0,1.349263723E0,2.553272961E-1
2.627516475E1,-1.735995058E0,-3.630764240E-1,-1.154774513E0
2.629516475E1,4.609354252E-1,-1.652543596E0,-1.841390974E0
2.631516475E1,-7.429150611E-1,-1.488773026E0,-3.215837047E-2
2.633516475E1,-9.249482399E-1,-1.081938964E0,1.159858082E0
2.635516475E1,2.262594130E0,1.612125303E0,-1.245851036E0
2.637516475E1,3.713556136E0,2.986412477E0,-1.169524699E0
2.639516475E1,1.378865837E0,1.209734247E0,2.604498663E0
2.641516475E1,-1.012225535E0,-1.013393224E0,4.032131740E-1
2.643516475E1,-1.618081861E0,-7.066646630E-1,-3.450395471E0
2.645516475E1,-4.756649122E0,-5.463489202E-1,-2.679257362E0
2.647516475E1,-5.271219887E0,2.936831304E-1,-1.263454664E0
2.649516475E1,-1.879837148E0,2.381621806E0,-1.025196998E0
2.651516475E1,2.154571499E0,2.176014116E0,5.215210578E-1
2.653516475E1,3.567666351E0,-5.066817015E-2,8.167145240E-1
2.655516475E1,1.086110367E0,-1.858549190E0,-6.048427114E-1
2.657516475E1,-3.174684927E0,-1.111774674E0,-2.135354040E0
2.659516475E1,-4.665287547E0,5.755621943E-1,-1.524477879E0
2.661516475E1,-1.099143811E0,1.788740744E0,-8.342564633E-1
2.663516475E1,2.507049260E0,-2.923297924E-1,-2.682047653E-1
2.665516475E1,1.640838640E0,-1.527197419E0,3.258805311E-1
2.667516475E1,-1.594230484E0,-9.714414981E-1,2.109748498E-1
2.669516475E1,-2.969916020E0,1.663905905E0,-8.254768690E-1
2.671516475E1,-6.645629561E-1,2.855236626E0,-1.130767015E0
2.673516475E1,1.446335689E0,8.756579661E-1,2.039595066E0
2.675516475E1,1.639825902E0,-1.396465371E0,1.592890010E0
2.677516475E1,7.293413347E-1,-1.992972584E0,-1.548516075E0
2.679516475E1,-1.779187855E0,-8.704907817E-1,-2.526530720E0
2.681516475E1,-2.843515005E0,8.573924339E-1,-1.640652698E0
2.683516475E1,-1.193716092E0,2.410061494E0,3.858989838E-1
2.685516475E1,2.080938681E0,1.175228658E0,1.402126645E0
2.687516475E1,2.935734951E0,-9.327115881E-1,9.280814704E-1
2.689516475E1,6.413267058E-1,-1.326970044E0,-7.417388937E-1
2.691516475E1,-2.999438027E0,-1.328153228E0,-1.911024442E0
2.693516475E1,-3.020322527E0,-8.598500186E-1,-1.550845021E0
2.695516475E1,-1.632975304E-1,4.522891474E-1,-1.518129995E0
2.697516475E1,3.002571550E0,9.673139486E-1,1.075979774E0
2.699516475E1,3.931440933E0,8.778243595E-1,2.615749583E0
2.701516475E1,1.215508080E0,3.839922068E-1,2.013810307E-1
2.703516475E1,-3.144429095E0,-1.416468111E0,-1.264413461E0
2.705516475E1,-5.602006817E0,-3.544309941E0,-1.240480953E0
2.707516475E1,-1.724267297E0,-2.401800840E0,-2.081616958E0
2.709516475E1,2.417185156E0,1.922197886E0,-1.089516663E0
2.711516475E1,3.539937100E0,4.716769357E0,2.897226359E0
2.713516475E1,-9.521196663E-2,3.173770423E0,2.445701881E0
2.715516475E1,-2.519923659E0,3.246613866E-1,5.078869589E-1
2.717516475E1,-6.664691484E-1,-1.051240497E0,-1.173245282E-1
2.719516475E1,1.512608031E0,-9.969403285E-1,7.751725419E-1
2.721516475E1,1.507494641E0,-1.310723555E-1,-7.444945402E-1
2.723516475E1,-2.110429698E-1,-1.096469879E-1,-1.683157132E0
2.725516475E1,-1.703981552E0,-1.117916881E0,-8.295291357E-1
2.727516475E1,-1.049877511E0,-1.182967740E0,-2.028118443E-1
2.729516475E1,2.790753239E-1,8.485830188E-2,-6.149316435E-1
2.731516475E1,8.692628664E-1,3.817155933E-1,-3.012440188E-1
2.733516475E1,2.963018060E-2,2.463507968E-1,3.514322788E-3
2.735516475E1,-2.389637169E0,9.724211991E-1,1.150313453E0
2.737516475E1,-2.061511307E0,2.153699094E0,2.162931848E-1
2.739516475E1,1.627933835E0,1.953650059E0,-5.485857725E-1
2.741516475E1,3.888136454E0,-4.703482729E-1,-2.359456583E-1
2.743516475E1,3.561080047E0,-1.731949369E0,1.784102668E-2
2.745516475E1,1.016120365E0,-7.927713454E-1,-6.645588630E-1
2.747516475E1,-1.673069077E0,6.719269395E-2,-1.022862205E0
2.749516475E1,-2.338157113E0,-1.155592831E0,-6.897083223E-1
2.751516475E1,-1.247269863E0,-2.291484053E0,8.476860559E-1
2.753516475E1,3.295672005E-1,-1.856339527E0,2.235371833E0
2.755516475E1,9.663588059E-1,-1.284937334E0,1.175533590E0
2.757516475E1,1.030466509E0,-9.972666031E-1,6.538437673E-1
2.759516475E1,4.988698214E-1,-6.083624429E-1,5.246952188E-1
2.761516475E1,1.194931144E0,-1.083084433E0,-5.211798728E-2
2.763516475E1,2.137157321E-1,-1.309793848E0,-2.207426966E0
2.765516475E1,-2.845309223E0,-1.456402840E0,-2.322395359E0
2.767516475E1,-4.269225518E0,-1.310280921E0,-3.291450316E-1
2.769516475E1,-2.348675669E0,-3.818717140E-1,1.418840765E0
2.771516475E1,6.923424929E-1,1.126483637E0,2.447357520E0
2.773516475E1,3.890591992E0,1.656917313E0,2.376943887E0
2.775516475E1,4.138845473E0,5.950968647E-1,2.136812189E0
2.777516475E1,2.679132231E0,-8.448057175E-3,6.168783277E-1
2.779516475E1,9.852748409E-2,1.357396030E-1,-2.501987325E0
2.781516475E1,-2.228120408E0,-1.059925366E0,-3.342293025E0
2.783516475E1,-1.644917804E0,-1.008683292E0,9.072908181E-1
2.785516475E1,-1.009868230E0,4.465881121E-1,1.804362311E0
2.787516475E1,-1.084219524E0,-9.418928862E-2,1.112249029E0
2.789516475E1,-4.476315477E-1,-8.782032591E-1,-1.539454937E-2
2.791516475E1,5.712867102E-1,-4.924028009E-1,1.116277322E-1
2.793516475E1,2.082166304E0,-6.483977437E-3,1.978341097E-1
2.795516475E1,1.820315562E0,2.079465183E0,-1.180741413E0
2.797516475E1,-3.313689031E0,2.434582377E0,-3.159766926E0
2.799516475E1,-7.314822927E0,-9.405451030E-1,-2.953794077E0
2.801516475E1,-3.004909267E0,-2.245999147E0,2.357108524E0
2.803516475E1,4.473446249E0,-1.857391441E-1,4.875052316E0
2.805516475E1,5.230494615E0,7.481839871E-1,5.104131022E-1
2.807516475E1,-1.676576529E-1,6.587970167E-1,-1.231954544E0
2.809516475E1,-3.384364327E0,7.887993318E-1,-3.530817198E0
2.811516475E1,-1.926118006E0,4.451572984E-1,-9.374408162E-1
2.813516475E1,-1.487505350E-1,-4.329448038E-1,8.676680383E-1
2.815516475E1,-2.275866140E0,-4.422494781E-1,-1.427864042E0
2.817516475E1,-3.518601195E0,-5.279491943E-1,-2.756344714E0
2.819516475E1,-3.568208973E0,-1.377557230E0,-1.945976758E0
2.821516475E1,-3.447706629E0,-4.358791121E0,-1.110089506E-1
2.823516475E1,8.841203490E-1,-4.371916366E0,3.982159097E0
2.825516475E1,7.120846810E0,5.372816429E0,7.775581182E0
2.827516475E1,8.962951291E0,1.081680400E1,3.093143751E0
2.829516475E1,1.540799212E0,4.241975446E0,1.632291326E0
2.831516475E1,-9.138239121E-1,-3.221302439E0,-7.431273735E0
2.833516475E1,4.976574013E-1,-6.288544779E0,-5.361196842E0
2.835516475E1,7.379107216E-1,-6.131037161E0,2.053750883E0
2.837516475E1,-2.470709107E0,-3.655588594E0,5.241779741E0
2.839516475E1,-4.181098915E0,-3.400074041E-1,3.868291004E0
2.841516475E1,-3.123260420E0,1.138918911E0,1.965537449E0
2.843516475E1,-3.856039917E-1,6.865631050E-1,1.310397865E0
2.845516475E1,3.862850754E0,1.317240277E0,6.858807349E-1
2.847516475E1,5.828988712E0,2.487583294E0,-5.570172748E-2
2.849516475E1,2.919624703E0,1.138976213E0,-1.203988481E-1
2.851516475E1,-1.362097192E-1,-1.364959989E0,6.225776088E-1
2.853516475E1,-4.928881198E-1,-1.774204273E0,-5.398617999E-1
2.855516475E1,2.090660262E-1,1.103611084E0,6.850011675E-1
2.857516475E1,-6.967483699E-2,5.680447215E-1,1.714600242E0
2.859516475E1,-1.317839617E-1,-2.537962319E0,6.924695237E-1
2.861516475E1,-9.532364845E-2,-4.188392147E0,-1.729463426E0
2.863516475E1,-3.257688493E-1,-2.786702873E0,-2.636812423E0
2.865516475E1,4.064943391E-1,9.293968016E-1,-2.724593164E0
2.867516475E1,1.508102751E0,4.385778360E0,-2.066768539E0
2.869516475E1,9.936910307E-1,4.976265864E0,3.973383303E-1
2.871516475E1,7.248658758E-1,2.457715716E0,1.591637536E0
2.873516475E1,9.269854099E-1,5.312996489E-1,1.925055713E0
2.875516475E1,3.834878844E-1,-7.637720793E-1,1.682319665E0
2.877516475E1,-9.544281471E-1,-2.567659158E0,3.645399821E-1
2.879516475E1,-1.862902442E0,-2.667406225E0,-1.001532147E0
2.881516475E1,-2.153111449E0,-1.415061271E0,-2.051352940E0
2.883516475E1,-9.162142539E-1,-3.980603153E-1,-2.633356719E0
2.885516475E1,-6.971459806E-2,1.469056215E0,-2.102402641E0
2.887516475E1,3.090452278E-1,3.024126433E0,-6.466871408E-1
2.889516475E1,7.081352377E-1,2.034540440E0,-1.235408494E-1
2.891516475E1,7.225872159E-1,4.358770363E-1,-2.781690055E-1
2.893516475E1,-7.708115423E-1,-2.013146648E-1,-1.099840799E-1
2.895516475E1,-2.663947012E0,7.191841364E-2,8.206140321E-1
2.897516475E1,-1.526531421E0,5.707394108E-1,4.657748732E-1
2.899516475E1,4.887202245E-1,4.305424753E-1,-4.011409208E-1
2.901516475E1,3.964669490E-1,-3.141782060E-1,-1.110236564E0
2.903516475E1,-1.866844050E0,-8.661206458E-1,-1.217822408E0
2.905516475E1,-2.464797864E0,-9.335306369E-1,-1.874892157E0
2.907516475E1,-9.036339694E-1,2.205131934E-1,-1.821729273E0
2.909516475E1,1.131664270E-1,3.457673500E-1,-1.042300981E0
2.911516475E1,-4.663651496E-1,-5.138206402E-1,1.106281507E0
2.913516475E1,-3.222377157E-1,-1.205376171E0,2.942798388E-1
2.915516475E1,-6.010744733E-1,-6.803959735E-1,-7.993167186E-1
2.917516475E1,-1.158291906E0,3.996395020E-1,-1.665738423E0
2.919516475E1,-1.275463091E0,2.393594272E-1,-4.073477402E-1
2.921516475E1,5.585558599E-1,-1.114469071E-1,7.539046106E-1
2.923516475E1,9.898581809E-1,1.518330409E-1,3.116627339E-1
2.925516475E1,4.186372519E-2,2.664791058E-1,-9.454702127E-1
2.927516475E1,-9.956445855E-1,1.144228475E-1,-1.857417169E0
2.929516475E1,-1.316823370E0,-2.834322305E-1,-1.288363510E0
2.931516475E1,2.008413327E-1,-5.600292121E-1,-1.325140450E0
2.933516475E1,4.978132296E-1,-4.238779651E-1,-9.309150311E-1
2.935516475E1,-7.511491102E-1,3.751430306E-1,8.114836049E-1
2.937516475E1,-5.720635128E-1,1.413645953E0,9.716821110E-1
2.939516475E1,9.572125912E-1,8.678250360E-1,1.128264991E0
2.941516475E1,1.333706036E0,-9.109456202E-1,7.659756026E-1
2.943516475E1,1.737131757E-1,-2.465314173E0,-1.638174941E-1
2.945516475E1,-1.146330256E0,-1.591408910E0,-1.128616409E0
2.947516475E1,-1.154508172E0,1.147112906E0,-7.859344885E-1
2.949516475E1,-3.413165957E-1,2.723976867E0,5.546753553E-1
2.951516475E1,3.188796598E-1,1.286587711E0,1.286488308E0
2.953516475E1,5.947027624E-1,-8.488312331E-1,5.304477096E-1
2.955516475E1,-2.682065195E-1,-1.413613208E0,2.475813434E-1
2.957516475E1,-6.817578632E-1,-2.194120896E-1,-1.373265374E0
2.959516475E1,-6.710726613E-1,1.615448275E0,-1.701314345E0
2.961516475E1,-3.474795610E-1,1.590999312E0,1.388403523E0
2.963516475E1,5.445915395E-1,7.449884838E-1,1.936210885E0
2.965516475E1,1.079296607E0,-1.710167322E-1,3.305875397E-1
2.967516475E1,9.471045095E-1,-1.326164297E0,-1.650952276E0
2.969516475E1,-8.660884130E-1,-1.533501887E0,-1.201091770E0
2.971516475E1,-2.078699782E0,-5.137726200E-1,-8.201912785E-1
2.973516475E1,-1.364371759E-1,1.092723568E0,2.330428264E-1
2.975516475E1,1.753924375E0,1.798094242E0,1.241015535E0
2.977516475E1,1.153776101E0,8.217057073E-1,2.959308001E-1
2.979516475E1,-1.699434757E-1,-1.197735468E0,-1.314514890E0
2.981516475E1,-8.877108318E-1,-1.911472338E0,-7.922860265E-1
2.983516475E1,-6.626374680E-1,-6.787231582E-1,-1.180004664E-1
2.985516475E1,-1.841545486E-1,1.413169112E0,-1.383322585E-1
2.987516475E1,4.390510511E-1,1.580832174E0,-8.760975306E-1
2.989516475E1,5.099029326E-1,-2.386277944E-1,-1.522183724E-1
2.991516475E1,2.876186907E-1,-6.753200787E-1,5.113321383E-1
2.993516475E1,-4.137858170E-1,1.286457610E-1,-2.295581782E-1
2.995516475E1,-9.249698746E-1,8.833733672E-1,1.961436796E-1
2.997516475E1,3.419504339E-1,2.556484544E-1,-2.703868731E-1
2.999516475E1,1.825222399E0,-6.082946151E-1,6.976079106E-2
3.001516475E1,1.289562482E0,-7.574430531E-1,-4.837646727E-1
3.003516475E1,-5.246291453E-1,-5.624694014E-1,-5.545745639E-1
3.005516475E1,-1.354102879E0,-7.790222025E-1,-6.759732127E-2
3.007516475E1,-4.779514074E-1,-3.740487242E-1,8.364073616E-1
3.009516475E1,9.492875674E-1,8.816080928E-2,6.560529184E-1
3.011516475E1,1.670405670E0,-1.090388775E-2,2.236940787E-1
3.013516475E1,1.663229675E0,-2.019213134E-1,1.306556829E0
3.015516475E1,1.691572591E0,-8.555458832E-1,1.843156979E0
3.017516475E1,2.402376206E0,-2.055783960E0,9.101844589E-1
3.019516475E1,3.990037635E0,-2.277576451E0,-4.798038054E-1
3.021516475E1,1.479709695E0,-2.240979897E0,-2.824996288E0
3.023516475E1,-4.764586425E0,-4.243903273E-1,-9.324344301E-1
3.025516475E1,-1.146473396E1,-1.037436390E0,-4.068956335E0
3.027516475E1,-9.069458908E0,-2.175887523E0,-5.319431350E-2
3.029516475E1,-2.687383822E0,-1.873743179E0,2.263942937E0
3.031516475E1,2.049407571E0,6.467804039E-1,2.862033722E0
3.033516475E1,3.774356654E0,1.469845004E0,3.009110491E0
3.035516475E1,3.337249217E0,5.499470043E-1,2.016366856E0
3.037516475E1,5.121445212E0,7.171229929E-1,-8.231208797E-1
3.039516475E1,6.375170109E0,2.831592532E0,-9.910644615E-1
3.041516475E1,3.579368676E0,1.756331089E0,-7.557111079E-1
3.043516475E1,-2.579060644E-1,-8.296409637E-1,-2.249764754E0
3.045516475E1,-3.229841713E0,-1.151676950E0,-1.117228518E0
3.047516475E1,-4.034658907E0,-6.461249310E-1,1.321106310E0
3.049516475E1,-1.910442059E0,-5.879129755E-1,2.278642252E0
3.051516475E1,-1.466562962E0,-1.164220397E0,-1.001803604E0
3.053516475E1,-4.186520161E0,-1.696550326E0,-4.071993379E0
3.055516475E1,-4.912570975E0,-2.929857915E0,-5.127747341E0
3.057516475E1,-1.401337564E0,-3.106427456E0,7.475109726E-1
3.059516475E1,1.606205581E0,-7.402329433E-1,7.391654171E0
3.061516475E1,4.494922195E0,2.683334041E0,5.138764080E0
3.063516475E1,3.410604584E0,1.143934652E0,4.361941016E-1
3.065516475E1,8.096385160E-1,-3.307038993E0,-4.302818649E0
3.067516475E1,4.788080245E-1,-3.904329148E0,-5.444972824E0
3.069516475E1,1.519658019E0,6.583736783E-1,5.366694978E0
3.071516475E1,1.134731719E0,4.922277353E0,6.232192823E0
3.073516475E1,4.147786742E-1,4.842564601E-1,2.856268952E0
3.075516475E1,5.342472303E-1,-3.512915947E0,-2.505800879E-1
3.077516475E1,7.476267475E-1,-3.355745130E0,-1.416047112E0
3.079516475E1,7.287659687E-1,-5.828960645E-1,2.422757699E0
3.081516475E1,1.118536102E0,1.786867003E0,9.035901884E-1
3.083516475E1,4.944662833E-1,1.760875545E0,-1.148836081E-1
3.085516475E1,-1.234367689E0,-1.329487270E-1,-2.698617201E-1
3.087516475E1,-1.102855039E0,-2.297979140E-1,-1.011187216E0
3.089516475E1,7.733042103E-1,1.397595638E0,-4.788621113E-2
3.091516475E1,2.200086810E0,1.614544880E-1,-3.878937614E-1
3.093516475E1,2.066165691E0,-2.244399349E0,-1.712317050E0
3.095516475E1,6.113293201E-1,-2.879457840E0,-2.152785613E0
3.097516475E1,-1.322493415E0,4.819970959E-1,-7.177270103E-1
3.099516475E1,-1.636193027E0,6.087832085E0,1.682399772E0
3.101516475E1,5.170663565E-1,5.022122653E0,1.803559342E0
3.103516475E1,1.181346307E0,-1.111855073E0,1.905400590E0
3.105516475E1,5.200630546E-2,-4.752915675E0,1.486008462E-1
3.107516475E1,-1.647416173E0,-4.666131008E0,-2.298830203E0
3.109516475E1,-2.405690700E0,-2.243475781E0,-3.209957964E0
3.111516475E1,-1.876467397E0,2.460925253E0,-2.745156067E0
3.113516475E1,-3.027056766E-1,5.555864684E0,-1.924768907E0
3.115516475E1,1.812853199E0,2.549410875E0,1.909724021E-1
3.117516475E1,9.679866707E-1,-5.944378835E-1,1.700804760E0
3.119516475E1,-1.508800909E0,-4.882615104E-2,2.141557351E-1
3.121516475E1,-2.562194935E0,6.002008992E-1,-1.085630311E0
3.123516475E1,-1.971655390E0,-6.825573237E-1,-9.429790065E-1
3.125516475E1,-1.178389955E0,-1.165969007E0,-1.921687424E-3
3.127516475E1,4.139758515E-1,-9.423095003E-2,-6.528653088E-1
3.129516475E1,1.366349287E0,9.456013365E-1,-1.249699966E0
3.131516475E1,4.083426440E-1,7.748576693E-1,-9.203552520E-1
3.133516475E1,-1.677459751E0,3.272056563E-1,-5.034686565E-1
3.135516475E1,-2.294381348E0,-1.310638917E0,2.571546972E-1
3.137516475E1,-6.869133532E-2,-2.008759336E0,3.454827368E-3
3.139516475E1,2.984407175E-1,-7.324071760E-1,-1.301326202E0
3.141516475E1,-1.236227104E0,5.500978625E-1,-1.587128163E0
3.143516475E1,-2.341999903E0,6.935818103E-1,1.002772634E0
3.145516475E1,-6.405817705E-1,1.158590991E0,1.082399139E0
3.147516475E1,1.845112873E0,1.047298742E0,2.604557428E-1
3.149516475E1,1.825641060E0,2.642400607E-2,-1.754457057E-1
3.151516475E1,-4.972290927E-1,-4.063598531E-1,-9.126249406E-1
3.153516475E1,-2.262098871E0,-1.075932996E-1,-1.438791904E0
3.155516475E1,-8.777647179E-1,-5.054074471E-1,-1.330992051E0
3.157516475E1,1.261997538E0,-1.164236185E-1,-1.134767388E0
3.159516475E1,5.974421829E-1,1.098274330E0,-1.612767327E-1
3.161516475E1,-2.002788305E-1,1.670541911E0,9.688959128E-1
3.163516475E1,-2.826672685E-1,9.142899352E-1,1.875971553E0
3.165516475E1,6.495046216E-1,-6.533228534E-1,6.701052395E-1
3.167516475E1,6.621860629E-1,-2.096676170E0,-8.897260746E-1
3.169516475E1,-5.901197147E-1,-2.360840509E0,-1.272477795E0
3.171516475E1,-1.347963887E0,-7.718906459E-1,-6.024380440E-1
3.173516475E1,-5.422193241E-1,1.639471853E0,-1.607048750E-1
3.175516475E1,1.269059805E0,1.672604223E0,5.010669127E-1
3.177516475E1,7.467438179E-1,8.222579768E-1,1.563387883E0
3.179516475E1,-1.054514353E0,6.213187033E-1,6.927184689E-1
3.181516475E1,-1.115294990E0,-1.331565955E-1,-6.208804545E-1
3.183516475E1,3.740206575E-1,-1.506637147E0,-1.911650386E0
3.185516475E1,2.376817149E-1,-1.595498745E0,-2.094761207E0
3.187516475E1,-1.377174237E0,-5.378727964E-1,-1.336433762E0
3.189516475E1,-3.203408790E-1,1.274615537E0,-2.079197088E0
3.191516475E1,1.733704119E0,2.151451132E0,-4.660602173E-1
3.193516475E1,1.822087122E0,8.078340653E-1,2.568765744E0
3.195516475E1,3.021139383E-2,-1.637805104E-3,2.165173670E0
3.197516475E1,-1.003971605E0,3.923154259E-1,7.484552979E-2
3.199516475E1,-1.479935544E0,6.275056422E-1,-7.804638335E-1
3.201516475E1,-1.559644788E0,7.010226846E-2,-1.112208245E0
3.203516475E1,-9.989424151E-1,-1.214529841E0,-1.256214349E0
3.205516475E1,5.288145822E-1,-2.149711878E0,-6.762866235E-1
3.207516475E1,1.933726256E0,-7.253921252E-1,2.012026906E-2
3.209516475E1,2.216121045E0,1.923904688E0,-4.882585868E-1
3.211516475E1,6.767731118E-1,2.785569683E0,1.671005741E0
3.213516475E1,-1.797537587E0,3.813869798E-1,1.784441578E0
3.215516475E1,-1.918812348E0,-1.785803395E0,1.109968761E0
3.217516475E1,-4.988435090E-1,-1.053849524E0,-4.347265966E-1
3.219516475E1,5.025839728E-1,1.187975881E0,-1.463666544E0
3.221516475E1,5.504007483E-1,1.653891964E0,-5.453804751E-1
3.223516475E1,8.536876380E-2,-2.465010703E-1,3.335577790E-1
3.225516475E1,1.632202302E0,-5.179241431E-1,-1.922983313E-1
3.227516475E1,1.313767031E0,7.015553659E-1,-7.359788015E-2
3.229516475E1,-4.335429740E-1,6.644933742E-1,1.098914015E-1
3.231516475E1,-8.833616728E-1,-1.968400830E-1,-3.006226791E-1
3.233516475E1,-5.008309776E-1,-1.481313148E0,-7.581125593E-1
3.235516475E1,-4.725608593E-1,-1.940749347E0,-4.546911105E-1
3.237516475E1,-4.997486579E-1,1.968038303E-1,-3.965476406E-1
3.239516475E1,6.839897454E-2,1.506529266E0,-4.555308437E-1
3.241516475E1,5.802522460E-1,-6.172572273E-1,-1.352326586E-1
3.243516475E1,2.488686079E-1,-2.062344536E0,1.352765036E-1
3.245516475E1,3.227236193E-1,-1.094447327E0,2.217953781E-1
3.247516475E1,1.136442322E0,-3.100146961E-1,1.643067598E-3
3.249516475E1,2.031744302E0,-4.796704888E-1,8.257934958E-1
3.251516475E1,2.739573438E0,-9.955089301E-1,1.579895596E0
3.253516475E1,2.194728422E0,-1.371515302E0,1.083573114E0
3.255516475E1,4.907420455E-1,-1.643571044E0,-1.565625320E0
3.257516475E1,-1.689958029E0,-9.193086004E-1,-2.316465697E0
3.259516475E1,-4.037149236E0,-2.340938634E-1,-2.611163612E0
3.261516475E1,-5.518457122E0,-3.446851766E-1,-9.479606880E-1
3.263516475E1,-4.829462160E0,-6.123391342E-1,1.748908634E0
3.265516475E1,-3.205715224E0,-6.992802143E-2,1.051947425E0
3.267516475E1,-1.852869204E0,2.520243502E-1,-2.895541191E-1
3.269516475E1,-5.492315975E-1,-6.231295860E-1,-1.740610265E0
3.271516475E1,-1.275343515E0,-6.282008761E-1,-2.269003409E0
3.273516475E1,-2.833056675E0,-1.256179558E0,-1.416612538E0
3.275516475E1,-1.576592065E0,-3.223053095E0,1.941844092E0
3.277516475E1,2.199376373E0,-2.092790403E0,3.610331730E0
3.279516475E1,5.117497172E0,2.886891405E0,3.447788490E0
3.281516475E1,5.383683479E0,6.081889560E0,2.035474679E0
3.283516475E1,2.729042895E0,2.960393245E0,-1.133358939E0
3.285516475E1,3.702152896E-1,-1.375489655E0,-2.216081868E0
3.287516475E1,-2.683994776E-1,-2.694198167E0,-2.083309727E0
3.289516475E1,-1.163639184E0,-1.806587323E0,5.545638927E-1
3.291516475E1,-2.679505284E0,-1.511488289E0,1.796611973E0
3.293516475E1,-3.497094259E0,-2.187526406E0,1.666226665E0
3.295516475E1,-5.050602686E-1,-1.801841723E0,1.056619350E0
3.297516475E1,2.919586696E0,-5.153472751E-1,3.818961992E-1
3.299516475E1,1.535744002E0,-5.634809697E-1,-5.451529453E-1
3.301516475E1,-1.157598426E0,-6.303064585E-1,-1.022615964E0
3.303516475E1,7.097584248E-2,2.136174989E-1,3.764273715E-1
3.305516475E1,2.765667515E0,1.032721195E0,3.995884266E0
3.307516475E1,2.848247741E0,3.473708028E-1,3.174076817E0
3.309516475E1,9.902201235E-1,-4.523277390E-1,2.383360549E-1
3.311516475E1,-7.646976936E-1,-4.710043305E-1,-1.932601837E0
3.313516475E1,-1.471349493E0,2.509654194E-1,1.488245753E-1
3.315516475E1,-7.249196702E-1,8.934077740E-2,1.929280618E0
3.317516475E1,1.716006936E0,2.828497016E-1,7.909363429E-1
3.319516475E1,2.893103487E0,1.769800150E-1,-1.044553621E0
3.321516475E1,2.712898732E0,-3.260536087E-1,1.427945172E0
3.323516475E1,1.197510935E0,-1.009202524E0,1.388164225E0
3.325516475E1,4.150762975E-2,-1.397844729E0,-7.988278913E-1
3.327516475E1,-5.752432287E-1,-1.735286960E0,-2.968667639E0
3.329516475E1,-1.474352038E0,3.385625571E-1,-1.740459846E0
3.331516475E1,-1.740329599E0,2.189753610E0,2.138883419E0
3.333516475E1,-4.262912571E-2,3.930210679E0,1.693789563E0
3.335516475E1,2.651714637E0,2.483531758E0,-5.216710389E-1
3.337516475E1,2.881143592E0,-6.756738353E-1,-1.605034384E-1
3.339516475E1,3.570093530E-1,-2.579819028E0,-6.433609521E-1
3.341516475E1,-2.421226752E0,-3.929625080E0,-1.960691276E0
3.343516475E1,-2.809297099E0,-2.723610539E0,-2.792717904E0
3.345516475E1,-1.003968682E0,2.295131839E0,-4.094589652E0
3.347516475E1,6.658282936E-2,6.160188455E0,-7.972769174E-1
3.349516475E1,4.952305144E-1,4.835712833E0,4.769877571E0
3.351516475E1,8.182190126E-1,1.373832261E0,2.328484357E0
3.353516475E1,1.233858397E0,-2.147727625E0,4.876449215E-1
3.355516475E1,-3.178897262E-1,-3.008238671E0,-4.571946689E-1
3.357516475E1,-2.678193169E0,-1.222891067E0,-9.991309878E-1
3.359516475E1,-2.876520783E0,1.148390815E0,-1.709145521E0
3.361516475E1,-1.198971570E0,1.512712404E0,-9.923569885E-1
3.363516475E1,7.611004865E-1,-2.969084546E-1,1.861519575E-2
3.365516475E1,1.436278478E0,-1.466142109E0,-9.181189844E-1
3.367516475E1,5.020284873E-1,-1.343459338E0,-1.987552800E0
3.369516475E1,-5.751256996E-1,1.766706973E-2,-1.149911968E0
3.371516475E1,-4.862942147E-1,1.732250793E0,1.513588024E0
3.373516475E1,-1.573959357E-1,1.724352813E0,1.868902562E0
3.375516475E1,2.111949974E-1,-9.580456732E-1,4.932091320E-1
3.377516475E1,-3.636348331E-1,-2.461731584E0,-1.251720471E0
3.379516475E1,-1.654379037E0,-1.733543759E0,-2.021345321E0
3.381516475E1,-2.027705630E0,1.366975670E0,-2.212375026E0
3.383516475E1,-1.092408403E0,3.246172401E0,-8.568606296E-1
3.385516475E1,5.165775293E-1,4.624100929E-1,1.942445332E0
3.387516475E1,9.670136940E-1,-1.033032559E0,1.619809713E0
3.389516475E1,4.361145794E-2,-1.333752375E0,8.753369540E-2
3.391516475E1,-1.486837013E0,-6.571627200E-1,-1.744838387E0
3.393516475E1,-2.440848253E0,-4.717233919E-1,-1.336533165E0
3.395516475E1,-1.264168609E0,-1.017792669E-1,1.236952159E-1
3.397516475E1,1.256670724E0,4.104077344E-1,3.341827002E-1
3.399516475E1,2.583076512E0,6.473717035E-1,7.869501498E-1
3.401516475E1,1.169070663E0,3.047054243E-1,1.528318915E-1
3.403516475E1,-7.803460121E-1,2.736818522E-2,-8.321172595E-1
3.405516475E1,-1.643519588E0,-2.659129491E-1,-9.598181105E-1
3.407516475E1,-5.271522188E-1,-8.551506114E-1,-7.366541550E-1
3.409516475E1,5.978456408E-1,-1.423918341E0,-1.003099785E0
3.411516475E1,2.071136409E-1,-1.060664454E-1,-1.678023715E0
3.413516475E1,-6.522586602E-1,2.208698589E0,-1.751949186E0
3.415516475E1,-5.267054915E-2,2.204388607E0,1.177512580E0
3.417516475E1,1.513348873E0,2.904025501E-1,2.975388429E0
3.419516475E1,1.326329189E0,-1.517258029E0,1.344276925E0
3.421516475E1,-1.227600707E0,-1.723640476E0,-9.597532064E-1
3.423516475E1,-3.526090894E0,-2.158432415E-1,-2.316812145E0
3.425516475E1,-3.104380345E-1,8.496477968E-1,-4.090562966E-1
3.427516475E1,2.819513939E0,-1.518755794E-1,7.833772087E-1
3.429516475E1,2.685334373E0,-1.023324427E0,2.983015537E-2
3.431516475E1,5.657245463E-1,-4.360379809E-1,-1.247279950E0
3.433516475E1,-1.252343785E0,2.491209152E-1,-1.289884079E0
3.435516475E1,-1.539083639E0,3.483759391E-1,-3.401968539E-1
3.437516475E1,-8.635986686E-1,-2.797074080E-2,6.211147816E-1
3.439516475E1,3.805619377E-1,-5.536728501E-2,8.952730358E-1
3.441516475E1,5.576735151E-1,5.868844503E-1,-1.341560309E-1
3.443516475E1,5.574320251E-1,1.302601480E0,-1.839239345E0
3.445516475E1,1.876634628E-1,6.398450214E-1,-7.247834301E-1
3.447516475E1,-2.918047124E-1,-4.284178895E-1,3.978445530E-1
3.449516475E1,-6.889879453E-1,-2.633235097E-1,6.635104573E-1
3.451516475E1,6.016784906E-2,1.031718398E0,-1.055732474E0
3.453516475E1,1.175960437E0,4.685736430E-1,1.423995817E-1
3.455516475E1,1.290906172E0,-1.207831271E0,1.239469385E0
3.457516475E1,4.104458874E-1,-2.523146060E0,1.400652270E-1
3.459516475E1,-6.918554199E-1,-1.784407080E0,-2.003491433E-1
3.461516475E1,-1.076192905E0,1.459127643E0,-1.162578645E0
3.463516475E1,-1.321897584E-1,2.194258305E0,1.081345617E0
3.465516475E1,1.349353185E0,-2.889179420E-1,3.227631465E0
3.467516475E1,1.245427698E0,-2.131368577E0,7.323438799E-1
3.469516475E1,-4.771462458E-1,-1.866095606E0,-1.602899420E0
3.471516475E1,-2.718871663E0,-4.422342753E-1,-1.097226509E0
3.473516475E1,-2.074830680E0,3.594096351E-1,-6.455559969E-2
3.475516475E1,9.395803124E-1,6.925775510E-1,7.744878329E-2
3.477516475E1,2.810306329E0,7.526746488E-1,6.536252276E-1
3.479516475E1,1.533446923E0,1.301779069E0,1.799585136E-1
3.481516475E1,-1.834924684E0,1.738690040E0,9.669903783E-1
3.483516475E1,-1.415102786E0,8.063415635E-1,-9.252400160E-1
3.485516475E1,1.056777810E0,-2.092605046E0,-8.671514368E-1
3.487516475E1,2.330610112E0,-3.219647677E0,2.822310662E-1
3.489516475E1,1.184086313E0,-1.103927418E0,1.341713433E-1
3.491516475E1,-1.279277814E0,1.472460464E0,7.730384544E-4
3.493516475E1,-1.984098850E0,-2.950785685E-1,-5.676009178E-1
3.495516475E1,-1.099041485E0,-2.331435739E0,3.315488219E-1
3.497516475E1,3.296560782E-1,4.520657837E-1,1.004061652E0
3.499516475E1,1.025544323E0,3.769098253E0,6.643425161E-1
3.501516475E1,1.660153162E-1,1.090714465E0,1.154236715E-2
3.503516475E1,-2.408339489E-1,-1.837874020E0,-6.816648193E-1
3.505516475E1,4.276562896E-1,-2.067883018E0,-1.134735813E0
3.507516475E1,5.894417301E-1,-1.228431011E0,-5.527472359E-1
3.509516475E1,-3.155487934E-1,-1.078521851E0,8.641950846E-2
3.511516475E1,-1.925063899E0,-8.820027798E-1,-9.780929983E-2
3.513516475E1,-2.320748490E0,-9.836788434E-1,-4.532995462E-1
3.515516475E1,-1.090694584E0,-1.057877086E0,-6.780929746E-1
3.517516475E1,1.029279524E0,1.992415345E-1,8.219128449E-1
3.519516475E1,2.123082196E0,2.247809445E0,1.725302255E0
3.521516475E1,1.696547110E0,1.176503059E0,1.224466599E0
3.523516475E1,1.019733067E0,-4.750365704E-1,-8.243657519E-1
3.525516475E1,8.361208481E-1,-4.474301112E-1,-1.647040635E0
3.527516475E1,1.879385743E-1,-2.985085452E-1,2.790861413E-2
3.529516475E1,-8.265764380E-1,-4.936044037E-1,1.547954450E0
3.531516475E1,-3.071293876E-1,-8.456073707E-1,4.697989270E-1
3.533516475E1,-3.370127526E-1,-6.080186266E-1,-1.224746681E0
3.535516475E1,-5.771798265E-1,7.068728238E-1,-4.672300990E-1
3.537516475E1,1.195012127E0,1.015033953E0,9.368096092E-1
3.539516475E1,2.154099336E0,-3.408546656E-1,1.288249051E0
3.541516475E1,-4.199587226E-2,-8.512633824E-1,-3.976913559E-1
3.543516475E1,-1.670384036E0,7.829831064E-2,-2.396272590E0
3.545516475E1,-5.289917529E-2,7.207833499E-1,-6.137141070E-1
3.547516475E1,5.087478152E-1,-3.447828251E-1,1.605079262E0
3.549516475E1,-2.328805954E0,-9.952563304E-1,1.474404663E0
3.551516475E1,-3.829852577E0,-8.059538931E-1,8.773372865E-1
3.553516475E1,-2.066950680E0,-9.001806039E-1,-4.957029694E-1
3.555516475E1,-1.076846623E0,-6.728595704E-1,-1.292430833E0
3.557516475E1,-8.947590655E-1,7.925052971E-1,-2.161868824E0
3.559516475E1,1.582327892E0,1.326652540E0,-1.098852766E0
3.561516475E1,2.873518238E0,-5.061238772E-1,8.723370400E-1
3.563516475E1,-4.720945439E-1,-1.871104331E0,6.810997590E-1
3.565516475E1,-3.029465526E0,-4.350655890E-1,3.709678262E-1
3.567516475E1,-4.568043673E-1,1.668626947E0,7.747917420E-1
3.569516475E1,3.976564773E0,9.972087157E-1,2.393443122E0
3.571516475E1,4.876571422E0,4.741249895E-1,2.392197665E0
3.573516475E1,1.443494819E0,2.013900354E0,1.655719511E-1
3.575516475E1,-8.376721144E-1,1.247765999E0,-3.756651869E0
3.577516475E1,4.913763222E-1,-1.367788287E0,-2.737198007E0
3.579516475E1,8.276020396E-1,-1.305035968E0,1.469718704E0
3.581516475E1,-1.198073730E0,6.596284908E-1,2.555920873E0
3.583516475E1,-2.490128002E0,4.898276871E-1,-8.519668025E-1
3.585516475E1,-2.244593769E0,-1.180839939E0,-3.066722230E0
3.587516475E1,-5.623124036E-1,-1.353465532E0,-8.681282142E-1
3.589516475E1,9.933665103E-1,6.950748968E-1,2.803124194E0
3.591516475E1,2.083711870E0,1.498649558E0,1.971902435E0
3.593516475E1,1.068162339E0,1.450466162E-1,-5.716074300E-1
3.595516475E1,-2.534377684E-1,-3.372475183E-1,-1.843993423E0
3.597516475E1,5.890160528E-1,1.331995726E-2,-1.781833720E-1
3.599516475E1,4.950207455E-1,3.778096533E-1,1.120519185E0
3.601516475E1,-1.091283691E0,-3.681991696E-2,1.211373514E-1
3.603516475E1,-1.202150847E0,-3.561579984E-1,-4.706342018E-1
3.605516475E1,2.977767661E-2,-2.291132051E-1,-4.623358333E-1
3.607516475E1,7.342534344E-1,1.891170806E-1,5.773262993E-1
3.609516475E1,3.273506673E-1,1.099674153E-1,6.323015285E-1
3.611516475E1,4.356463636E-1,-6.938890815E-3,1.795905045E-1
3.613516475E1,9.814215258E-1,3.439852649E-1,1.037895396E-1
3.615516475E1,4.832086390E-1,9.118089616E-2,2.457195899E-1
3.617516475E1,3.197279446E-1,-4.207679772E-1,8.738248640E-1
3.619516475E1,4.188774262E-1,-4.332798493E-1,1.172502686E0
3.621516475E1,1.190435804E0,1.385035819E-1,-3.077652723E-2
3.623516475E1,1.465492483E0,7.653367943E-1,-1.914092768E0
3.625516475E1,-3.718079980E-1,3.421796447E-1,-1.732617998E0
3.627516475E1,-2.632957062E0,-4.307661313E-1,4.421035901E-1
3.629516475E1,-2.624646707E0,9.333208680E-2,2.463057733E-1
3.631516475E1,-1.333439988E0,8.949034917E-1,-9.292772260E-1
3.633516475E1,6.870044967E-1,3.520667017E-1,-1.044267692E0
3.635516475E1,1.153352982E0,-1.528719449E-1,5.229831541E-1
3.637516475E1,3.043564917E-1,-2.413397330E-1,1.139540762E0
3.639516475E1,-9.407863006E-2,-3.518521088E-1,3.423287487E-1
3.641516475E1,5.341431499E-3,-1.069759798E-1,1.345955953E-1
3.643516475E1,4.297574866E-1,6.094845235E-1,2.104120553E-2
3.645516475E1,4.003245033E-1,1.094136840E-1,1.038605833E-1
3.647516475E1,-7.331755002E-1,-8.652247792E-1,6.547282317E-1
3.649516475E1,-1.115619657E0,-5.302465653E-1,1.177592980E0
3.651516475E1,6.935265541E-1,5.810109222E-1,6.751949483E-1
3.653516475E1,7.616233738E-1,2.302808940E-2,1.478047478E-1
3.655516475E1,-5.758776516E-3,-5.859448028E-1,7.062439558E-1
3.657516475E1,6.200460568E-1,-4.080660707E-1,9.399849397E-1
3.659516475E1,1.178492428E0,-2.438288927E-3,7.257333103E-1
3.661516475E1,1.168887060E0,1.417634046E-1,4.220976341E-1
3.663516475E1,1.672731254E-1,5.249337852E-2,9.138201115E-1
3.665516475E1,-1.310845762E0,-5.003403962E-1,5.955874461E-1
3.667516475E1,-6.740875588E-1,-3.686113983E-1,8.266930899E-1
3.669516475E1,8.370309672E-1,2.016570193E-1,8.714234126E-1
3.671516475E1,7.443578616E-1,-2.366075814E-2,6.245969447E-1
3.673516475E1,-5.478708042E-1,-4.817918587E-1,5.114433816E-1
3.675516475E1,-3.492088750E-1,-5.165330905E-1,3.846035331E-1
3.677516475E1,6.874961744E-1,4.271870506E-1,-1.441873679E-1
3.679516475E1,9.833180702E-1,5.476788694E-1,2.306904915E-1
3.681516475E1,7.656643845E-1,5.300056601E-1,2.118288356E-1
3.683516475E1,-1.288236333E0,-9.382822305E-1,4.139740974E-1
3.685516475E1,-2.950754110E0,-1.162246377E0,-1.534250915E-1
3.687516475E1,-1.441728083E0,2.702998227E-1,-5.508427978E-1
3.689516475E1,1.178593146E0,9.748010159E-1,-1.844956167E0
3.691516475E1,1.757053220E0,6.907549739E-1,-2.128823869E0
3.693516475E1,6.933394432E-1,4.008927065E-1,-5.488689239E-1
3.695516475E1,-4.902365537E-1,-4.324448669E-1,3.694700620E-1
3.697516475E1,-7.709020279E-1,-8.649575615E-1,4.741162187E-1
3.699516475E1,2.394814879E-1,4.812714565E-1,1.061542998E-1
3.701516475E1,1.142644610E0,9.471711677E-1,-1.623395811E0
3.703516475E1,6.748732053E-1,4.633000392E-1,-1.902279054E0
3.705516475E1,-1.605972862E-1,2.043403065E-1,-6.652807018E-1
3.707516475E1,-4.802552104E-1,8.474311173E-2,1.810926542E-2
3.709516475E1,-5.239456058E-1,-3.806525695E-1,3.186017708E-1
3.711516475E1,4.028103009E-2,-9.566804945E-2,2.136784561E-1
3.713516475E1,5.686306125E-1,2.714441228E-1,-1.478930408E-1
3.715516475E1,2.659946640E-1,1.558692276E-2,-1.534802015E-1
3.717516475E1,-2.507544811E-1,4.576849580E-2,3.780634224E-2
3.719516475E1,-5.129626344E-1,9.095694780E-2,1.193383093E-1
3.721516475E1,-4.151178128E-1,-6.777683079E-2,-1.882744968E-1
3.723516475E1,-1.189497618E-1,-6.940761924E-2,-2.769007444E-1
3.725516475E1,5.283203463E-1,2.363456261E-1,-2.516821419E-1
3.727516475E1,8.590029033E-1,1.756486040E-1,-6.015454665E-2
3.729516475E1,2.292525150E-1,-5.095263720E-3,1.198908712E-1
3.731516475E1,-6.847422820E-1,-5.903875172E-2,1.304391021E-1
3.733516475E1,-5.963981625E-1,-1.162344611E-1,-4.064004913E-2
3.735516475E1,2.291669995E-3,7.392693222E-2,-3.190299332E-1
3.737516475E1,2.738471822E-1,1.465937895E-1,-1.777900006E-1
3.739516475E1,1.406563805E-1,4.224847198E-2,1.586326218E-1
3.741516475E1,-1.293630682E-1,-1.662012577E-2,3.634382205E-1
3.743516475E1,-2.086051194E-1,-8.158152223E-2,3.959694971E-1
3.745516475E1,-1.764685299E-1,-2.142805731E-1,2.829245460E-1
3.747516475E1,2.702707328E-1,1.209788918E-2,8.231417835E-2
3.749516475E1,5.977623180E-1,2.169240993E-1,-8.088409558E-2
3.751516475E1,2.432399319E-1,1.351490343E-1,-2.274854864E-1
3.753516475E1,-1.220691052E-1,2.123691183E-1,-6.191007082E-1
3.755516475E1,-6.333815092E-1,1.951134002E-1,-8.372115000E-1
3.757516475E1,-7.911436267E-1,1.037114793E-1,-8.835372354E-1
3.759516475E1,-1.929683492E-1,5.929836810E-2,-5.895712459E-1
3.761516475E1,3.936912757E-1,1.410517985E-1,-3.232631712E-1
3.763516475E1,2.603651109E-1,2.172030115E-1,-5.351519407E-1
3.765516475E1,-5.395839840E-2,1.221506739E-1,-6.861998467E-1
3.767516475E1,-5.195002601E-2,1.475363606E-1,-6.949630688E-1
3.769516475E1,1.807535157E-1,2.771597761E-1,-5.058712775E-1
3.771516475E1,5.818315789E-2,1.783342302E-1,-4.141524374E-1
3.773516475E1,-5.211887898E-1,-4.812843204E-2,-1.612032039E-1
3.775516475E1,-7.747785857E-1,-1.729536223E-1,9.143627331E-2
3.777516475E1,-2.667524631E-1,-2.688666701E-2,5.010990724E-2
3.779516475E1,4.701025437E-1,2.983535939E-1,-1.172887141E-1
3.781516475E1,4.838043241E-1,2.105026871E-1,-3.606909062E-1
3.783516475E1,-2.045106067E-1,-5.284245729E-2,-2.374957734E-1
3.785516475E1,-7.752108411E-1,-1.048575336E-1,-1.433539934E-1
3.787516475E1,-6.494869338E-1,6.069000542E-2,-1.929796050E-1
3.789516475E1,-2.100485046E-1,8.298953176E-2,-3.207238716E-1
3.791516475E1,2.929148063E-2,7.159681678E-2,-3.115716635E-1
3.793516475E1,-2.505293633E-1,3.908103526E-2,-2.977883144E-1
3.795516475E1,-6.207877761E-1,-1.369067073E-2,-3.691095811E-1
3.797516475E1,-6.781608023E-1,3.884188414E-2,-6.191724828E-1
3.799516475E1,-4.215346934E-1,2.034877825E-1,-7.452065849E-1
3.801516475E1,-2.214669473E-1,1.063351250E-1,-7.619822466E-1
3.803516475E1,-4.496507375E-1,-1.080904591E-1,-6.094096792E-1
3.805516475E1,-8.572646722E-1,-6.533620298E-2,-9.003408176E-1
3.807516475E1,-1.234241536E0,2.241530120E-2,-1.564385710E0
3.809516475E1,-1.358688850E0,-3.446477544E-1,-1.571945283E0
3.811516475E1,-1.025290992E0,-5.685136682E-1,-1.905574252E0
3.813516475E1,-3.560906093E-1,-1.600254285E-1,-1.615169071E0
3.815516475E1,2.952602707E-1,1.743551999E-1,-9.796771552E-1
3.817516475E1,-1.723098439E-1,-5.098128855E-1,-8.826608840E-1
3.819516475E1,-6.897638708E-1,-1.258299758E0,-4.999457091E-1
3.821516475E1,5.013947953E-1,-8.824875140E-1,-4.031298512E-1
3.823516475E1,1.989951182E0,4.512483430E-1,-7.372771758E-1
3.825516475E1,1.946853694E0,1.362623441E0,-6.548093618E-1
3.827516475E1,8.459261902E-1,4.201241988E-1,-1.131113755E0
3.829516475E1,4.290303853E-1,-1.188657081E-1,-1.133155603E0
3.831516475E1,1.363846971E-1,-1.219957227E-1,-8.006642094E-1
3.833516475E1,-6.213836074E-2,-1.304583979E-1,-7.598108831E-1
3.835516475E1,-3.771965727E-1,-4.786074650E-1,-5.332008711E-1
3.837516475E1,-9.775429215E-1,-8.221886873E-1,-1.804746035E-1
3.839516475E1,-1.494493795E0,-9.817568636E-1,-7.850471735E-3
3.841516475E1,-1.556321523E0,-4.884144151E-1,1.400267816E-1
3.843516475E1,-1.127301224E0,-4.994106889E-2,2.496468723E-2
3.845516475E1,-9.902151534E-1,4.776531994E-1,2.635644150E-1
3.847516475E1,-1.171918549E0,2.309193515E0,5.572180170E-1
3.849516475E1,-4.338541920E-1,4.409601671E0,7.342746305E-1
3.851516475E1,2.957748257E-1,4.864156614E0,3.317876807E-1
3.853516475E1,1.277767186E-1,4.006116309E0,4.341692108E-1
3.855516475E1,-5.530860090E-1,3.256692127E0,-2.031325641E-1
3.857516475E1,4.240508234E-1,2.534420076E0,-2.483429432E-1
3.859516475E1,7.127769767E-1,1.501891254E0,-1.670836025E-1
3.861516475E1,-1.376352704E-1,2.744262028E-1,1.413669634E-1
3.863516475E1,-4.245391390E-1,-7.388278574E-1,3.001980981E-1
3.865516475E1,1.566511466E-1,-1.091400343E0,4.447178802E-1
3.867516475E1,5.860618202E-1,-1.092059324E0,5.852285188E-1
3.869516475E1,7.022969390E-1,-1.020233297E0,1.016958564E0
3.871516475E1,1.395050637E-1,-5.166868722E-1,1.707407436E0
3.873516475E1,-3.932617977E-3,1.302783036E-1,2.062795648E0
3.875516475E1,4.881300212E-1,4.399117613E-1,1.687828327E0
3.877516475E1,1.167191514E0,1.200661415E-1,9.602563593E-1
3.879516475E1,1.528801602E0,-5.140883696E-1,3.547982284E-1
3.881516475E1,1.523110946E0,-9.793554121E-1,2.509975791E-2
3.883516475E1,1.236760955E0,-1.232939215E0,-1.352642244E-1
3.885516475E1,6.584244029E-1,-1.186874265E0,-2.777190623E-1
3.887516475E1,-8.099248834E-2,-7.133065152E-1,-1.096958122E-1
3.889516475E1,-6.725442593E-1,-2.555250782E-1,-3.568839303E-1
3.891516475E1,-4.961735972E-1,-3.035131770E-1,-1.727986711E-1
3.893516475E1,-2.678692082E-1,-4.985371149E-1,-2.470208877E-1
3.895516475E1,-3.590261308E-1,-2.410415250E-1,-1.366342270E-1
3.897516475E1,-3.054934828E-1,1.450536329E-1,-5.801519662E-2
3.899516475E1,2.340267666E-2,2.380980366E-1,1.162619430E-1
3.901516475E1,4.555858807E-1,1.901011670E-1,1.438306877E-1
3.903516475E1,7.628629104E-1,1.221927738E-1,2.124796307E-1
3.905516475E1,8.275186437E-1,-8.859935045E-2,1.676721248E-1
3.907516475E1,7.453763735E-1,-3.619724697E-1,3.344180506E-1
3.909516475E1,6.027531358E-1,-3.652527577E-1,5.189131996E-1
3.911516475E1,5.084260722E-1,-1.913548100E-1,6.770531934E-1
3.913516475E1,4.634720204E-1,-1.604569530E-1,6.076172152E-1
3.915516475E1,4.852773839E-1,-1.995911980E-1,5.180100971E-1
3.917516475E1,5.089271054E-1,-6.892697811E-2,5.219072664E-1
3.919516475E1,4.380905729E-1,-9.732631981E-2,2.201339284E-1
3.921516475E1,2.972930552E-1,-4.595192295E-1,1.778065190E-1
3.923516475E1,2.179010960E-1,-8.584519494E-1,2.732526666E-1
3.925516475E1,2.101754988E-1,-7.842443508E-1,3.525429574E-1
3.927516475E1,1.873147494E-1,-3.559580237E-1,3.878060532E-1
3.929516475E1,2.156171735E-2,-1.748603994E-1,5.582579443E-1
3.931516475E1,-7.365781412E-2,-2.734959108E-1,6.931233886E-1
3.933516475E1,8.641746193E-2,-3.216921705E-1,6.758103678E-1
3.935516475E1,3.085056394E-1,-4.027708322E-1,3.615415299E-1
3.937516475E1,3.252814107E-1,-6.389983445E-1,2.160537413E-1
3.939516475E1,-8.698502557E-2,-6.298562229E-1,1.810417834E-1
3.941516475E1,-2.875558880E-1,-5.435723698E-1,1.856040734E-1
3.943516475E1,-1.600484885E-1,-6.272606438E-1,3.316496864E-1
3.945516475E1,-1.476787403E-3,-6.483913118E-1,4.876574931E-1
3.947516475E1,-5.814167921E-2,-4.884278637E-1,4.746059230E-1
3.949516475E1,-1.396610474E-1,-2.697969621E-1,4.420816630E-1
3.951516475E1,4.129973383E-2,-1.642389321E-1,3.306673542E-1
3.953516475E1,2.232290606E-1,-1.950952739E-1,1.351879182E-1
3.955516475E1,5.059902317E-1,-3.143708718E-1,-1.086769348E-1
3.957516475E1,5.481957632E-1,-2.897517550E-1,-1.541975087E-1
3.959516475E1,-9.372294576E-2,2.238781929E-1,4.222008374E-1
3.961516475E1,-6.012926475E-1,4.279080123E-1,1.444310213E0
3.963516475E1,-7.161252203E-2,3.845123166E-1,1.651594593E0
3.965516475E1,1.080210088E0,1.559048957E-1,9.420867214E-1
3.967516475E1,1.765039932E0,-3.405582118E-1,1.515726936E-1
3.969516475E1,1.784159450E0,-6.319524497E-1,-2.220044526E-1
3.971516475E1,1.319150708E0,-2.789537019E-1,-8.693143219E-2
3.973516475E1,5.435286984E-1,-4.516097009E-2,2.929513514E-2
3.975516475E1,-2.743018033E-1,-1.448519039E-1,-7.104367018E-2
3.977516475E1,-8.522538277E-1,-1.452752423E-1,2.221064866E-2
3.979516475E1,-1.106799863E0,1.559335470E-2,3.236939648E-1
3.981516475E1,-1.012290658E0,1.411944705E-1,3.908676553E-1
3.983516475E1,-5.952954508E-1,1.119589770E-1,2.216129816E-1
3.985516475E1,-1.905430337E-1,2.519916058E-2,1.032390243E-1
3.987516475E1,5.670454323E-2,-1.277751106E-1,1.284130418E-1
3.989516475E1,2.660655249E-1,-1.211654180E-1,1.919231594E-1
3.991516475E1,4.577196758E-1,-3.188486695E-2,1.894632357E-1
3.993516475E1,4.612668892E-1,-4.889558673E-2,1.422036999E-1
3.995516475E1,3.657135914E-1,-2.088631278E-1,2.539442834E-1
3.997516475E1,1.317463567E-1,-3.322592586E-1,3.776547021E-1
3.999516475E1,1.504413396E-1,-4.703991437E-1,3.828543386E-1
4.001516475E1,4.432070328E-1,-2.430015117E-1,2.997434771E-1
4.003516475E1,4.564105939E-1,2.188992888E-1,3.087093052E-1
4.005516475E1,2.028825226E-1,3.614883202E-1,4.075667185E-1
4.007516475E1,-1.279006704E-2,2.198243183E-1,2.722466531E-1
4.009516475E1,5.075095394E-3,1.395648515E-1,1.849988866E-1
4.011516475E1,1.832659363E-1,4.072702646E-2,9.096542627E-2
4.013516475E1,3.381730594E-1,-8.518750012E-2,4.566675425E-4
4.015516475E1,2.060212348E-1,-7.696923852E-2,-9.510613203E-2
4.017516475E1,-9.207952185E-2,-2.776784241E-2,1.789861947E-2
4.019516475E1,-3.245623859E-1,1.406898558E-2,1.192372987E-1
4.021516475E1,-2.454176177E-1,-6.317799568E-2,1.658711824E-1
4.023516475E1,-4.053618339E-2,-1.817121667E-1,1.508134326E-1
4.025516475E1,8.161770187E-2,-1.095148408E-1,1.076998651E-2
4.027516475E1,3.716819905E-1,3.153227985E-1,1.010650295E-1
4.029516475E1,3.512717361E-1,4.139466155E-1,1.162525874E-1
4.031516475E1,2.193431838E-1,4.028450918E-1,1.178018072E-1
4.033516475E1,3.120557581E-2,2.725200105E-1,5.113565505E-2
4.035516475E1,-1.016887721E-1,6.031402946E-3,3.292917967E-2
4.037516475E1,-1.678256142E-1,-1.270570725E-1,-5.860079527E-3
4.039516475E1,-2.084160716E-1,-1.258776891E-1,-3.142644525E-2
4.041516475E1,-1.403340984E-1,-8.449226618E-3,-1.236379132E-1
4.043516475E1,-8.178016311E-2,7.212598979E-2,-1.558031541E-1
4.045516475E1,-4.068812421E-2,1.015462554E-1,-4.689613134E-2
4.047516475E1,-1.511898106E-2,1.343766171E-1,-4.914350867E-2
4.049516475E1,1.166271016E-2,1.516902226E-1,-8.657855272E-2
4.051516475E1,-2.937363401E-2,8.018637657E-2,-1.195945635E-1
4.053516475E1,2.699769102E-2,6.666352093E-2,-1.481421322E-1
4.055516475E1,6.638077151E-2,1.636588883E-1,-5.229340374E-2
4.057516475E1,3.367935916E-2,1.706609291E-1,4.609272391E-2
4.059516475E1,-9.866408966E-3,3.131183982E-2,1.414146182E-1
4.061516475E1,-6.218002215E-2,-2.313626289E-2,8.328832448E-2
4.063516475E1,-8.595809005E-2,-2.579206824E-2,-2.625224411E-2
4.065516475E1,-3.651849300E-2,3.000206351E-3,-9.281548530E-2
4.067516475E1,1.817449842E-2,1.006568938E-1,-1.005960828E-1
4.069516475E1,9.500897689E-2,2.180584592E-1,-1.114140165E-1
4.071516475E1,1.632179900E-1,2.498871928E-1,-4.959871441E-2
4.073516475E1,7.177457213E-2,2.086339170E-1,-2.028206152E-1
4.075516475E1,1.677935642E-1,9.592357278E-2,-2.518957114E-1
4.077516475E1,2.955512062E-1,-1.555476308E-2,1.231865081E-1
4.079516475E1,8.548216324E-2,-3.228423178E-2,1.811973193E-1
4.081516475E1,-2.837918708E-1,1.590121061E-1,4.401640686E-1
4.085790996E1,-2.197542979E-1,-1.723402494E-1,1.931370413E-1
4.087790996E1,-3.012554209E-1,-2.821211386E-1,1.982483849E-1
4.089790996E1,-1.662630920E-1,-1.345286447E-1,9.727486432E-2
4.091790996E1,-1.496495444E-1,-5.005216599E-2,1.486169261E-1
4.093790996E1,-1.631753236E-1,-1.708281595E-1,3.450667074E-1
4.095790996E1,-2.880842753E-1,-2.912960047E-1,5.382630980E-1
4.097790996E1,-4.924201964E-1,-4.850259537E-1,5.912757093E-1
4.099790996E1,-8.488986222E-1,-6.594489813E-1,4.311628649E-1
4.101790996E1,-6.864118083E-1,-4.768860447E-1,3.223303941E-1
4.103790996E1,-1.194397585E-1,-1.576502895E-1,3.214968735E-1
4.105790996E1,1.009168026E-1,-1.906309247E-1,5.525542778E-1
4.107790996E1,-3.873824224E-2,-4.107838565E-1,6.735235217E-1
4.109790996E1,-2.548142029E-1,-6.607032090E-1,6.586581454E-1
4.111790996E1,-7.632848601E-1,-8.167303115E-1,7.079378942E-1
4.113790996E1,-1.314906361E0,-5.276942557E-1,4.712931830E-1
4.115790996E1,-5.924947076E-1,-4.708447015E-1,4.175113705E-1
4.117790996E1,-3.007164538E-2,-5.244999218E-1,4.865821901E-1
4.119790996E1,-2.887730773E-1,-8.992257535E-1,6.578263789E-1
4.121790996E1,-6.851243976E-1,-1.020821527E0,6.618507251E-1
4.123790996E1,-7.060220540E-1,-7.305347514E-1,8.655431601E-1
4.125790996E1,-2.765284230E-1,-5.130873263E-1,9.119633281E-1
4.127790996E1,2.289263865E-1,-6.362068838E-1,8.603087327E-1
4.129790996E1,2.546465340E-1,-9.177035397E-1,7.472592500E-1
4.131790996E1,-8.771759033E-2,-9.552566975E-1,6.530956891E-1
4.133790996E1,-4.106632577E-1,-5.230650151E-1,5.057046318E-1
4.135790996E1,-3.418815829E-1,-2.592672962E-1,3.922879440E-1
4.137790996E1,-1.325074084E-1,-5.090018767E-1,3.375135666E-1
4.139790996E1,-2.206049216E-1,-7.465847737E-1,4.162013018E-1
4.141790996E1,-5.715955894E-1,-7.486663824E-1,4.166684943E-1
4.143790996E1,-5.951063664E-1,-2.365461856E-1,6.356066671E-1
4.145790996E1,-2.879373640E-2,3.369738686E-1,6.769359568E-1
4.147790996E1,5.107817692E-1,1.234382308E-1,6.494426411E-1
4.149790996E1,6.271451613E-1,-5.204156417E-1,7.310946223E-1
4.151790996E1,1.474694100E-1,-7.305797750E-1,6.930251554E-1
4.153790996E1,-2.693424873E-1,-4.667229992E-1,5.904880893E-1
4.155790996E1,-1.800134043E-1,-2.292044216E-1,4.717890269E-1
4.157790996E1,6.409191549E-2,-3.192240608E-1,3.147497714E-1
4.159790996E1,1.148762991E-1,-5.869879460E-1,4.075637949E-1
4.161790996E1,-7.154375330E-2,-8.307759082E-1,5.165364526E-1
4.163790996E1,-3.739548764E-1,-1.260623442E0,7.102921294E-1
4.165790996E1,-4.151221982E-1,-1.541096250E0,5.898887497E-1
4.167790996E1,4.321969450E-3,-8.615626681E-1,3.814732262E-1
4.169790996E1,7.904960476E-1,-3.479169327E-1,6.042240760E-1
4.171790996E1,1.025880391E0,-1.032023038E0,4.525135343E-1
4.173790996E1,6.998317529E-1,-1.485527821E0,7.167002392E-1
4.175790996E1,4.106860618E-1,-1.319911870E0,6.286920422E-1
4.177790996E1,4.307028352E-1,-6.967641574E-1,5.561836445E-1
4.179790996E1,6.934027393E-1,-4.720650154E-1,6.417118911E-1
4.181790996E1,7.842006429E-1,-9.650829434E-1,6.537934081E-1
4.183790996E1,7.410536731E-1,-1.311580757E0,5.825800225E-2
4.185790996E1,4.358016072E-1,-1.406052466E0,9.159663320E-3
4.187790996E1,2.278025517E-1,-1.675490994E0,2.315900856E-1
4.189790996E1,2.757405838E-1,-1.728684284E0,-4.925799716E-1
4.191790996E1,3.342179662E-1,-1.002722640E0,-8.145183098E-1
4.193790996E1,6.596644146E-2,-3.051398724E-1,-1.269022821E0
4.195790996E1,-2.173831697E-2,-2.270538157E-1,-1.134343026E0
4.197790996E1,-5.364307359E-2,-2.717101711E-1,-1.142670630E0
4.199790996E1,1.223209009E-1,-5.007836151E-1,-1.276793478E0
4.201790996E1,2.887691121E-1,-8.141709852E-1,-1.153678306E0
4.203790996E1,-1.106246058E-1,-1.418352669E0,-4.822391707E-1
4.205790996E1,-7.314980071E-1,-9.745700508E-1,-1.122593046E0
4.207790996E1,-6.197095495E-1,3.314798248E-1,-1.156907431E0
4.209790996E1,2.768610199E-1,1.676051742E-1,-7.469753677E-1
4.211790996E1,1.168642281E0,-8.541676944E-1,-6.910132746E-1
4.213790996E1,9.011753614E-1,-1.588875019E0,-3.254799968E-1
4.215790996E1,6.717646793E-2,-1.690511906E0,-5.847168875E-1
4.217790996E1,-4.465927168E-1,-9.060500389E-1,-9.870649660E-1
4.219790996E1,2.813379771E-1,1.372575402E-1,-3.121746576E-1
4.221790996E1,1.998343106E0,1.620918930E0,-1.714935726E-1
4.223790996E1,2.577446228E0,1.866863346E0,-1.340902497E-1
4.225790996E1,1.397798098E0,4.706657767E-1,5.438565445E-1
4.227790996E1,-5.595702057E-1,-2.355802256E-1,8.308601081E-1
4.229790996E1,-1.745109113E0,-1.080121064E-1,1.318120283E-1
4.231790996E1,-1.110933844E0,2.270649254E-1,2.666453129E-1
4.233790996E1,5.458229631E-3,8.806485647E-1,-1.761171122E-1
4.235790996E1,4.383923623E-1,7.948365819E-1,-2.914128028E-1
4.237790996E1,-1.384660135E-1,5.349793017E-2,-5.252154748E-1
4.239790996E1,-4.969205059E-1,1.272412598E-1,-7.180082613E-1
4.241790996E1,-2.380278701E-1,1.624853522E0,-8.077769087E-1
4.243790996E1,5.243587115E-1,2.403217912E0,-5.746574838E-1
4.245790996E1,2.570854077E-1,1.157489083E0,9.851739764E-2
4.247790996E1,-1.816458008E-1,2.296184045E-1,7.682883225E-1
4.249790996E1,7.197242729E-1,-1.038898194E-1,1.501794629E0
4.251790996E1,6.753022447E-1,2.778813225E-1,7.565098375E-1
4.253790996E1,2.617737052E-1,1.021896830E0,1.295917820E0
4.255790996E1,2.665293919E-1,1.324193786E0,6.668332838E-1
4.257790996E1,9.561001584E-2,1.679820857E0,6.026771951E-1
4.259790996E1,1.916128184E-1,1.905290662E0,9.150797479E-1
4.261790996E1,1.336678614E0,1.821505324E0,9.505072966E-1
4.263790996E1,-8.739453167E-2,1.103183067E0,5.922554103E-1
4.265790996E1,-1.081921276E0,3.181470037E-2,1.675410595E0
4.267790996E1,7.401677468E-1,1.510887195E0,1.517811468E0
4.269790996E1,5.790766633E-1,3.796928076E0,-4.470146665E-1
4.271790996E1,-2.335575129E0,8.853830552E-1,1.848971304E0
4.273790996E1,-2.808101344E0,-1.057621563E0,-1.952126421E0
4.275790996E1,-9.477196366E-1,3.569359120E0,-5.806666966E0
4.277790996E1,-5.455693109E0,1.295457878E1,6.107342197E-1
4.279790996E1,-9.637869666E0,1.302795900E0,3.134287684E0
4.281790996E1,-1.148144647E0,-3.569197737E0,-1.372060847E-1
4.283790996E1,5.012637885E0,-1.341140771E0,-1.369194688E0
4.285790996E1,3.596705671E0,2.281425673E0,-3.008156226E0
4.287790996E1,-6.839257184E-1,5.056145847E-2,-2.198604102E0
4.289790996E1,-1.816860881E0,-1.414213425E-1,1.843328303E0
4.291790996E1,-1.832525572E0,2.029650414E-1,8.959337711E-1
4.293790996E1,-2.055005403E0,3.271482074E-1,-1.288820470E0
4.295790996E1,-1.943318029E0,-5.973363483E-1,-1.918838661E0
4.297790996E1,-1.141752179E0,-1.209959072E0,-2.436551135E0
4.299790996E1,-5.922609651E-1,-7.600672835E-1,-1.900176103E0
4.301790996E1,-1.869308066E-1,-1.832909149E-1,-1.344697778E0
4.303790996E1,2.012290031E-1,8.518755859E-1,-6.848733328E-1
4.305790996E1,3.740539867E-1,7.534523284E-1,1.235167589E0
4.307790996E1,9.251169321E-1,5.499294627E-1,1.229885214E0
4.309790996E1,1.234983401E0,1.364983962E0,1.092421267E0
4.311790996E1,1.303597846E0,-1.552201867E-1,-6.039179742E-2
4.313790996E1,6.556456599E-1,1.684278774E-1,-1.468211292E0
4.315790996E1,-6.610052177E-1,1.152893171E0,-1.068847632E-1
4.317790996E1,-6.473127928E-1,3.554703659E-1,1.623723840E0
4.319790996E1,5.761549558E-1,-2.280115896E-1,-4.172040993E-1
4.321790996E1,5.140857384E-1,-5.903799158E-1,-1.719448022E0
4.323790996E1,-7.207669777E-1,-2.932016122E-1,-3.248128295E-1
4.325790996E1,-1.301612277E0,-4.160931283E-1,-1.297897103E0
4.327790996E1,-7.733131273E-1,-7.564911264E-1,-1.759480984E0
4.329790996E1,-7.429539451E-1,-7.229257697E-1,-2.033681484E0
4.331790996E1,-1.096202661E0,-5.352968055E-1,-7.203676128E-1
4.333790996E1,-1.201090016E0,-6.698108321E-1,-6.573469073E-1
4.335790996E1,-6.162143764E-1,-5.344857967E-1,-2.099056864E-1
4.337790996E1,4.217925556E-1,9.113797760E-1,1.219804833E-1
4.339790996E1,1.149728658E0,1.221526619E0,1.442718236E-1
4.341790996E1,1.236221403E0,1.192656577E-1,-1.469230608E-1
4.343790996E1,6.796171975E-1,4.640022898E-1,8.453553557E-2
4.345790996E1,5.256260955E-1,-1.456746072E-1,-3.952140369E-2
4.347790996E1,1.191925675E-2,-6.015288019E-1,4.646571048E-1
4.349790996E1,-7.918895853E-1,-5.784738153E-1,-3.799286842E-1
4.351790996E1,-8.954825123E-1,-3.912693590E-1,7.685580254E-2
4.353790996E1,-2.620609497E-1,4.504396731E-1,4.566867652E-1
4.355790996E1,6.570935766E-1,1.128588050E0,1.565877335E0
4.357790996E1,1.480284184E0,6.075999659E-1,2.520221282E0
4.359790996E1,2.146807127E0,2.630598003E-1,2.228807749E0
4.361790996E1,1.703378412E0,4.163129836E-1,1.333936417E0
4.363790996E1,6.433391713E-1,-5.786270124E-1,5.243271366E-3
4.365790996E1,-6.312357272E-1,-1.342288579E0,-1.043221040E0
4.367790996E1,-2.177554711E0,-9.227321452E-1,-9.435248441E-1
4.369790996E1,-2.730305893E0,-4.440094900E-1,-6.746436290E-1
4.371790996E1,-1.591613709E0,-4.834302485E-2,-7.852452479E-2
4.373790996E1,-7.203930482E-2,9.871006340E-1,1.385035088E-1
4.375790996E1,1.195903682E0,6.865502411E-1,-3.609417517E-1
4.377790996E1,2.001068932E0,6.249621034E-2,-1.193896186E-1
4.379790996E1,1.714931633E0,3.059707618E-1,-8.775618196E-1
4.381790996E1,9.223178700E-2,4.689075190E-1,4.628259031E-1
4.383790996E1,-1.609195994E0,-6.304549778E-1,-1.378123679E-1
4.385790996E1,-1.628234820E0,-1.244268780E0,-6.148330448E-1
4.387790996E1,-9.912996657E-1,-4.801189703E-1,-1.194646457E0
4.389790996E1,-2.334891151E-1,6.013311660E-1,-1.340629140E0
4.391790996E1,5.616863130E-1,9.447755635E-1,-5.478887844E-1
4.393790996E1,9.172383937E-1,2.985336882E-1,1.470955390E0
4.395790996E1,7.870172466E-1,-2.531762516E-1,1.345219789E0
4.397790996E1,5.201434538E-1,-4.345030868E-1,-4.349620932E-1
4.399790996E1,-8.106316656E-2,-1.019695938E-2,-7.034698174E-1
4.401790996E1,-4.195331915E-1,-1.901695794E-1,-4.600833397E-1
4.403790996E1,-8.016766548E-2,2.302306080E-1,3.623806053E-1
4.405790996E1,3.870111242E-2,3.616152048E-1,-2.670125180E-1
4.407790996E1,-1.004844010E-3,-2.961790144E-1,-8.191362946E-1
4.409790996E1,-9.781134635E-2,-3.669572210E-1,-8.683659766E-1
4.411790996E1,-4.284225672E-2,-7.053671658E-2,-1.116105414E0
4.413790996E1,-3.777970818E-1,-2.055424941E-1,-4.371780418E-1
4.415790996E1,-1.241721879E0,-2.656126946E-1,1.205092873E-1
4.417790996E1,-9.960704090E-1,-7.247360677E-1,2.853540641E-1
4.419790996E1,5.674664319E-1,2.024458086E-1,-3.424791683E-1
4.421790996E1,9.819311106E-1,1.702456014E0,-6.485145418E-1
4.423790996E1,9.911586016E-2,7.019757807E-2,-2.345800593E-2
4.425790996E1,-5.895813324E-1,-2.007349133E-3,-1.071154359E-1
4.427790996E1,-7.688723132E-1,-4.347755671E-2,-5.155760475E-1
4.429790996E1,-1.718706449E0,3.097036242E-1,-3.191493626E-1
4.431790996E1,-3.117549444E0,9.227070022E-1,5.579962814E-1
4.433790996E1,-1.368027146E0,8.848831183E-1,4.217026547E-1
4.435790996E1,1.815361801E0,-1.229916789E0,1.094719661E0
4.437790996E1,2.800720988E0,-7.434068120E-1,1.680067610E0
4.439790996E1,1.721902976E0,2.424021721E0,3.098857650E0
4.441790996E1,1.592639456E0,2.098946936E0,5.190262263E0
4.443790996E1,3.930224712E0,-1.719341603E0,3.310860148E0
4.445790996E1,4.827732553E0,-1.744222090E0,-1.577465201E0
4.447790996E1,1.955040673E0,7.663530403E-1,-1.012327423E0
4.449790996E1,-2.009606451E0,-1.094014049E0,1.641014056E0
4.451790996E1,-1.814822980E0,-4.140515730E0,2.946112297E-1
4.453790996E1,6.795797753E-1,-3.231823919E0,-7.936490124E-1
4.455790996E1,1.064694647E0,2.358945134E0,1.009404838E-2
4.457790996E1,4.410412972E-1,1.801593801E0,3.481592998E-1
4.459790996E1,1.001523815E0,-8.505909526E-1,-1.802463282E0
4.461790996E1,-1.074585651E0,2.915655613E-1,1.233632402E-1
4.463790996E1,-3.870438394E0,-2.955247110E-1,-1.215502964E0
4.465790996E1,-3.966068436E0,-8.609370160E-1,-7.126967968E-1
4.467790996E1,-2.221698119E0,-3.734166402E-1,3.632067000E0
4.469790996E1,1.661728987E-1,2.621231933E0,3.083021051E0
4.471790996E1,3.520117086E0,2.872325991E0,5.389834750E-1
4.473790996E1,4.799930797E0,-3.709532082E-2,4.723614693E-2
4.475790996E1,2.588442209E0,-1.864864767E0,2.352038988E0
4.477790996E1,3.026004267E-1,-9.957626992E-1,-2.769599183E0
4.479790996E1,-1.417153405E0,1.796346509E0,-2.270653932E0
4.481790996E1,-3.191696524E0,3.183165729E-1,-2.727232012E0
4.483790996E1,-4.004664445E0,-1.012700329E0,-1.384102603E0
4.485790996E1,-1.390326380E0,-6.860953277E-1,-5.244291705E-1
4.487790996E1,4.823140150E-1,-6.019299209E-2,1.450534574E0
4.489790996E1,2.207726051E0,3.325235528E-1,1.537832335E0
4.491790996E1,2.824448989E0,1.045503793E0,-1.443911433E-1
4.493790996E1,1.068482620E0,9.843758315E-1,-3.480847478E-1
4.495790996E1,-9.663735701E-1,3.852923352E-1,-4.165550584E-1
4.497790996E1,-1.541745291E0,3.336690223E-1,-9.985453892E-1
4.499790996E1,-2.601856014E-1,1.039963557E0,-6.995374187E-1
4.501790996E1,3.874882570E-1,-1.830938637E-1,1.861440199E0
4.503790996E1,1.885570635E-1,-7.842075133E-1,8.157785310E-1
4.505790996E1,-8.183426812E-2,-1.588996056E0,-6.644004035E-1
4.507790996E1,7.114014924E-2,-1.671457585E0,-1.822315602E0
4.509790996E1,-7.240659767E-1,-7.128019005E-1,-6.640842153E-1
4.511790996E1,-1.735138148E0,-1.643389195E-1,4.034700130E-1
4.513790996E1,-1.262581528E0,-3.791398948E-1,-3.334421504E-1
4.515790996E1,1.221245222E0,1.167004257E0,-1.073502016E0
4.517790996E1,3.022329584E0,1.626014194E0,-1.849293047E-1
4.519790996E1,2.722687264E0,1.590091825E-2,1.762142052E0
4.521790996E1,1.999754770E0,2.872544092E-1,1.359450742E0
4.523790996E1,1.742702837E0,1.619631958E-1,-4.417373351E-1
4.525790996E1,-2.057765289E-1,-1.178746051E-1,-1.321409926E0
4.527790996E1,-1.945297019E0,-7.913118804E-1,-2.279600611E-1
4.529790996E1,-1.841511426E0,-6.492344803E-1,-3.932025216E-1
4.531790996E1,-2.022974356E-1,-4.255574316E-1,2.080089227E-1
4.533790996E1,3.060621245E-1,-1.438824356E-2,7.312380984E-1
4.535790996E1,-6.178021878E-3,1.085839641E-1,-5.724945257E-1
4.537790996E1,3.014135881E-1,8.907297492E-2,-6.012096170E-1
4.539790996E1,1.266243639E0,4.393515980E-1,-3.467574298E-2
4.541790996E1,9.480361171E-1,-1.023916458E0,1.212380478E0
4.543790996E1,-2.765597056E-1,-1.465896964E0,2.053030506E0
4.545790996E1,-1.069687585E0,-5.027219671E-1,4.260316408E-1
4.547790996E1,-3.301478291E-1,-5.645217741E-1,-9.917175955E-1
4.549790996E1,5.688899365E-1,-1.747124063E0,1.933159296E-1
4.551790996E1,3.904896328E-1,-2.212176513E0,2.237651078E0
4.553790996E1,-5.336929142E-1,-1.351851116E0,1.274167348E0
4.555790996E1,1.513376355E-2,7.313785046E-1,5.327257848E-1
4.557790996E1,1.852170462E0,-4.963923562E-1,-1.556977873E0
4.559790996E1,2.937525077E0,-2.110665926E0,3.154209952E-1
4.561790996E1,1.539580652E0,-2.081939140E0,3.160722946E0
4.563790996E1,2.032731897E-1,-1.004300804E0,1.602241169E0
4.565790996E1,1.087682099E0,4.066977053E0,1.065872569E0
4.567790996E1,2.902051481E0,3.980433583E-2,-6.070954974E-1
4.569790996E1,1.804150788E0,-1.482237593E0,8.604997174E-1
4.571790996E1,-8.222530067E-1,-1.496941586E0,2.582729187E0
4.573790996E1,-6.019269973E-1,-1.062774130E0,-4.112849629E-1
4.575790996E1,-4.525820929E-1,2.419004225E0,-1.139911183E0
4.577790996E1,-9.437464535E-2,2.759584656E0,-1.411972772E0
4.579790996E1,-5.611315584E-1,2.608074528E-1,4.015774155E-1
4.581790996E1,-6.268583554E-1,1.598044038E-1,3.489584680E-1
4.583790996E1,-6.175694686E-1,1.311916387E0,3.327520327E-1
4.585790996E1,2.462356067E-1,8.903701454E-1,-2.054721813E-1
4.587790996E1,8.257052028E-1,1.595541430E-1,-5.477791491E-1
4.589790996E1,6.034759247E-1,-5.035715675E-1,-1.263167273E0
4.591790996E1,-3.415224177E-1,-8.866276351E-1,-2.035234359E0
4.593790996E1,-1.993519299E0,-9.030849159E-2,-1.058659444E0
4.595790996E1,-3.467717555E0,2.616500950E0,2.003827940E0
4.597790996E1,-6.196364594E-1,2.437952127E0,2.213543007E0
4.599790996E1,2.358235867E0,5.073365897E-2,-6.216288981E-1
4.601790996E1,1.618467777E0,-2.230329486E0,-3.038255938E0
4.603790996E1,-1.201914473E0,-1.960307406E0,-4.855066240E0
4.605790996E1,-4.052233883E0,-3.219489802E0,-2.443877550E0
4.607790996E1,-2.190610228E0,-2.756331266E0,1.032408662E0
4.609790996E1,2.734909406E0,2.935615084E-1,5.044825637E-1
4.611790996E1,1.294928471E0,5.044560174E0,1.014865845E0
4.613790996E1,-2.002772518E0,5.127882997E0,5.436191475E-1
4.615790996E1,-2.031843705E0,-1.322561243E0,1.414491021E0
4.617790996E1,1.586308676E-1,-4.547927789E0,-3.453181377E-1
4.619790996E1,7.565829277E-2,-2.249849831E0,-9.863842039E-1
4.621790996E1,-1.159126888E0,1.056020595E0,1.038345924E0
4.623790996E1,8.764198583E-1,1.212418704E0,2.063611042E-1
4.625790996E1,1.252364835E0,6.717336890E-1,-1.043538252E0
4.627790996E1,-2.657655408E0,1.113030948E0,-2.787523237E0
4.629790996E1,-4.568355330E0,-1.300923329E0,-1.690750473E0
4.631790996E1,-1.042562644E0,-3.625879476E0,-6.402174890E-1
4.633790996E1,2.457078955E0,-2.583159834E0,-5.805020683E-1
4.635790996E1,1.842623713E0,3.042070076E0,1.876421204E0
4.637790996E1,-4.590836120E-1,6.770130231E0,7.092802687E-1
4.639790996E1,-4.754002672E-1,1.300321651E0,-8.675969946E-1
4.641790996E1,-1.676810126E0,-3.329464234E0,-6.689895907E-1
4.643790996E1,-2.029189653E0,-3.171591166E0,-2.194643345E0
4.645790996E1,-1.493157853E0,-6.915884945E-1,-6.920119791E-1
4.647790996E1,1.692429793E-1,-5.603035927E-2,1.203927670E0
4.649790996E1,1.385167966E0,7.387676311E-1,-1.410220654E0
4.651790996E1,-7.682609868E-1,2.620658321E0,-9.283940041E-1
4.653790996E1,-3.328341569E0,9.453921524E-1,6.114119120E-1
4.655790996E1,-2.116028992E0,-1.894930273E0,-1.040638325E0
4.657790996E1,6.419055802E-1,-1.824876244E0,-8.040649500E-1
4.659790996E1,1.559730742E0,9.992569953E-1,1.772018584E0
4.661790996E1,-2.526242745E-1,4.373876937E0,7.413100004E-3
4.663790996E1,-7.572424936E-1,1.988042797E0,-1.560365603E0
4.665790996E1,-1.247722730E0,-1.409209378E0,-1.007552440E0
4.667790996E1,-1.989760709E-1,-3.061657664E0,-1.314966295E0
4.669790996E1,-8.181658030E-2,-1.488186550E0,-3.206086814E-1
4.671790996E1,-5.914177966E-1,1.855285274E0,-1.036443387E0
4.673790996E1,-3.359511906E-1,1.717409683E0,-1.994576476E0
4.675790996E1,-8.590816945E-1,-3.318938076E-2,6.552753849E-1
4.677790996E1,-1.155536698E0,-1.412342316E0,1.605226758E0
4.679790996E1,1.979925692E-2,-2.601531494E-1,-3.679432078E-1
4.681790996E1,1.253761150E0,1.744598066E0,-9.557601428E-1
4.683790996E1,1.359156335E0,-6.818730533E-2,4.397808567E-1
4.685790996E1,3.453388953E-1,-1.618158460E-2,7.840250802E-1
4.687790996E1,1.973749278E0,-1.684498630E0,1.096919530E0
4.689790996E1,2.825713742E0,-3.882305025E0,1.800682220E0
4.691790996E1,9.188643582E-1,-4.438606784E0,2.348928854E0
4.693790996E1,-3.305067019E-1,-4.395825046E0,1.885454568E0
4.695790996E1,3.980515444E-1,-3.580343115E0,6.819988415E-1
4.697790996E1,-9.253457044E-1,1.382790488E-1,-7.395335432E-1
4.699790996E1,-4.098038632E0,1.344842058E-1,-1.967097486E0
4.701790996E1,-3.461904253E0,-1.113906861E0,-1.328506107E0
4.703790996E1,-2.342141698E-1,1.806883192E-1,-3.032160654E-1
4.705790996E1,2.307008411E0,1.210451408E0,2.742411384E0
4.707790996E1,3.378006064E0,-5.029353905E-1,1.360685089E0
4.709790996E1,1.528955530E0,-7.185485440E-1,-3.203013518E0
4.711790996E1,-8.041795555E-1,9.515454698E-1,-2.593982738E-1
4.713790996E1,-6.167036422E-1,2.441750479E-1,3.603361849E0
4.715790996E1,-8.378193180E-1,-1.566334587E-1,-1.634103817E0
4.717790996E1,-2.897078716E0,-6.463219821E-1,-2.935597542E0
4.719790996E1,-4.521688117E0,-1.161214929E0,-8.084598635E-1
4.721790996E1,-3.358898533E0,-1.330869552E0,2.614016469E0
4.723790996E1,-1.603083753E0,-1.572320967E0,9.242179227E-1
4.725790996E1,3.577487335E-1,-1.972497389E0,-1.785850757E-1
4.727790996E1,1.683768605E0,-1.961944919E0,1.430946987E0
4.729790996E1,8.504921347E-1,-3.272497151E0,2.332078348E0
4.731790996E1,-1.306805921E-1,-2.654637076E0,8.880792063E-1
4.733790996E1,9.222623214E-1,1.271639012E0,1.231789067E0
4.735790996E1,2.471900477E0,1.071474202E0,1.678949622E0
4.737790996E1,3.381644494E0,-9.380091655E-1,2.996467642E0
4.739790996E1,2.587905435E0,-4.041706556E-1,2.668526552E0
4.741790996E1,1.985333782E0,-1.712584561E0,1.238674164E0
4.743790996E1,2.055120301E0,-3.747028522E0,6.263093019E-1
4.745790996E1,9.373800051E-1,-2.431866930E0,2.266336494E0
4.747790996E1,5.620793921E-1,6.014596878E0,4.163733269E0
4.749790996E1,1.921466984E0,4.525031555E0,-9.506379819E-1
4.751790996E1,1.794318695E0,6.175718075E-1,-1.410409080E0
4.753790996E1,-6.137717021E-1,-1.182995222E0,8.679361331E-1
4.755790996E1,-2.636197296E0,-3.067391444E0,-2.016730406E0
4.757790996E1,-1.775740921E-1,-2.067940321E0,-5.114864756E0
4.759790996E1,1.827040299E0,-4.297019380E-1,-1.846571899E0
4.761790996E1,1.835721075E0,4.333906540E-1,1.613008963E0
4.763790996E1,8.140090173E-1,1.323171985E0,5.171745300E-2
4.765790996E1,-6.020813638E-1,3.745585721E0,-9.960743558E-1
4.767790996E1,-2.541753069E0,3.132871781E0,2.109111443E0
4.769790996E1,-2.372894837E0,6.654710287E-1,3.265471137E-1
4.771790996E1,-1.473556232E0,-1.029374541E0,-1.709674401E0
4.773790996E1,-4.420617825E-1,-2.274566012E0,-1.813699730E0
4.775790996E1,-4.108546078E-1,-1.926065673E0,-2.067433075E0
4.777790996E1,-5.004479849E-1,1.802928866E0,-3.181013077E0
4.779790996E1,-2.079240650E-1,4.653144050E0,1.884043050E0
4.781790996E1,7.274760729E-1,2.396075831E0,3.006139813E0
4.783790996E1,-5.879433811E-2,-1.791081969E0,-1.681742252E0
4.785790996E1,-3.629738054E0,-4.291596088E0,-3.857451435E0
4.787790996E1,-2.996346604E0,-3.774670942E0,-4.128748793E0
4.789790996E1,-4.538010619E0,2.534179609E-2,-5.269399649E-1
4.791790996E1,-5.458036673E-1,5.224421112E0,1.056221447E0
4.793790996E1,2.300070105E0,6.448758926E-1,1.623256062E0
4.795790996E1,-5.665893495E-2,-2.733538527E0,-3.181584057E-1
4.797790996E1,-4.775060250E0,-2.645509572E0,-1.938367484E0
4.799790996E1,-3.207167380E0,1.741001736E0,-3.558190646E0
4.801790996E1,1.144588371E0,1.733790365E0,1.723361856E0
4.803790996E1,2.887423502E0,2.789404725E-1,2.455975877E0
4.805790996E1,6.278962362E-1,-1.003890037E0,-1.108657523E0
4.807790996E1,-2.235476498E0,-2.820124681E0,-2.618804753E0
4.809790996E1,-2.466366672E0,-9.831569794E-1,-2.164763780E0
4.811790996E1,-4.323787934E-1,2.175913690E0,1.421308436E0
4.813790996E1,9.206236392E-1,2.153640330E0,3.034707555E0
4.815790996E1,-6.622790337E-2,-4.932613184E-1,-2.626700833E-1
4.817790996E1,-3.100032356E0,-3.034331871E0,-1.710376360E0
4.819790996E1,-1.965216436E0,-2.708015138E0,-2.926410689E0
4.821790996E1,8.310741162E-1,2.440800306E-1,-1.104872620E0
4.823790996E1,2.013660033E0,3.504029057E0,2.527079189E0
4.825790996E1,9.459900302E-1,4.080605158E0,1.726499180E0
4.827790996E1,-1.172673132E0,1.212361986E0,-5.112887228E-1
4.829790996E1,-2.946086277E0,-2.114679162E0,-1.395665911E0
4.831790996E1,-2.387215837E0,-3.380859506E0,-1.582468517E0
4.833790996E1,5.634078795E-1,-1.932652415E0,-6.977599382E-1
4.835790996E1,2.710286196E0,6.604930016E-1,1.624636298E0
4.837790996E1,2.278251804E0,2.097771938E0,4.935482705E-1
4.839790996E1,-3.239269763E-1,1.072820815E0,-1.386458154E0
4.841790996E1,-2.463855878E0,-3.581527761E-1,-1.870214677E0
4.843790996E1,-2.718667011E0,-1.588450511E0,3.019889541E-1
4.845790996E1,-1.798603535E-3,-1.337846450E0,-4.943885154E-1
4.847790996E1,1.822967128E0,-1.156047159E-1,-2.384015071E-1
4.849790996E1,1.339574887E0,9.749126977E-1,1.142261910E0
4.851790996E1,-5.693533283E-1,5.776458496E-1,5.071722829E-1
4.853790996E1,-4.046372634E-1,8.314682186E-1,-1.730610795E0
4.855790996E1,2.761809522E-1,2.143225561E0,-3.333716914E-2
4.857790996E1,5.529349315E-1,-1.970447356E-1,1.929527517E0
4.859790996E1,2.747021914E-3,-5.789690745E-1,7.504316568E-1
4.861790996E1,9.573880076E-2,5.174499339E-1,-2.546089364E0
4.863790996E1,5.016022253E-1,-4.267789149E-1,-8.039243245E-1
4.865790996E1,6.095055735E-1,-7.633382159E-1,1.675385013E0
4.867790996E1,-3.455260062E-1,6.920121253E-2,-1.464048513E-1
4.869790996E1,-1.611323065E0,-8.883774143E-1,-1.494577557E0
4.871790996E1,-2.436742923E0,-3.136545294E0,-3.518620491E-2
4.873790996E1,-1.087569540E0,-2.815740146E0,8.270968401E-1
4.875790996E1,2.917842472E0,1.065269721E0,1.748235619E0
4.877790996E1,4.473623419E0,-9.165183091E-1,1.508787460E0
4.879790996E1,3.379095693E0,-3.799641184E0,3.369587828E0
4.881790996E1,2.866025324E0,-4.551757423E0,1.739467134E0
4.883790996E1,3.347910445E0,-3.348699819E0,-2.301203295E0
4.885790996E1,4.991869598E-1,1.848567408E0,-1.348191051E-1
4.887790996E1,-4.977357540E0,-1.809462984E0,-2.899017946E0
4.889790996E1,-8.962755994E0,2.611010415E0,-4.827788687E-1
4.891790996E1,-6.899072446E0,2.802526608E0,1.686622338E0
4.893790996E1,-5.941835296E0,-1.078104944E0,-1.128085043E0
4.895790996E1,-4.570603876E0,-7.199489522E-1,-3.226481318E0
4.897790996E1,-1.026131822E0,2.182145798E0,2.554035146E0
4.899790996E1,1.085475067E0,-5.448874086E-1,-9.792150789E-1
4.901790996E1,5.755791512E-1,-3.473308078E0,-2.872789675E0
4.903790996E1,6.024503231E-2,-3.220766249E0,9.162492641E-1
4.905790996E1,2.676425555E-1,-2.636455743E0,3.717854424E0
4.907790996E1,2.379191996E0,-1.267312072E0,2.092832503E0
4.909790996E1,6.702969697E0,3.283052545E0,1.147014381E0
4.911790996E1,4.959457458E0,4.272532411E0,1.159441468E0
4.913790996E1,-6.560637358E-1,-2.433807621E0,5.730569547E-1
4.915790996E1,-1.561675526E0,-4.861300249E0,-3.057555842E0
4.917790996E1,1.167855319E0,-1.138724783E0,2.487720119E0
4.919790996E1,1.805753510E0,3.718597021E0,7.170714204E0
4.921790996E1,7.011103928E-2,-1.683139737E0,1.017723160E0
4.923790996E1,-8.483865523E-1,-4.092397823E0,1.358975510E-1
4.925790996E1,1.733886552E-1,-1.574580916E0,-2.854564196E0
4.927790996E1,1.891823940E0,2.683123541E0,2.164029955E0
4.929790996E1,3.231361404E0,7.479658860E-1,3.012036730E0
4.931790996E1,2.467264220E0,-2.009289240E0,2.556250656E0
4.933790996E1,1.310213678E0,-2.692104864E0,7.337998366E-1
4.935790996E1,8.835177934E-1,3.789042521E-1,-1.011341728E0
4.937790996E1,-5.828504562E-1,3.656479710E0,-1.234892039E0
4.939790996E1,-9.958047992E-1,3.879370308E-1,-9.966751572E-1
4.941790996E1,-1.999502170E-1,-1.871410140E0,-9.776690751E-1
4.943790996E1,-4.461653584E-1,-1.626015071E0,-1.649222378E0
4.945790996E1,-1.880980863E0,3.313421229E-1,-1.482368571E0
4.947790996E1,-1.274424040E0,2.750000193E0,-1.522910533E0
4.949790996E1,3.549704289E-1,3.196838858E0,2.133501642E0
4.951790996E1,1.760472087E0,1.154011451E0,2.367714788E0
4.953790996E1,1.803262596E0,-1.865729863E0,-1.386292970E0
4.955790996E1,-1.734751940E-1,-2.333758399E0,-4.013444916E0
4.957790996E1,-2.893184178E0,-4.421585539E-1,-2.611325580E0
4.959790996E1,-2.695564077E0,2.306538441E0,-5.093018389E-1
4.961790996E1,1.498098750E0,3.554709798E0,3.096827205E0
4.963790996E1,9.901248139E-1,1.861105885E0,2.692412135E0
4.965790996E1,-2.290303500E0,-1.418656578E-1,5.897715130E-1
4.967790996E1,-4.547093684E0,-9.752139755E-1,-2.386718824E0
4.969790996E1,-3.063244599E0,-2.034478168E0,-4.565260398E0
4.971790996E1,-2.397266616E0,-2.783386040E0,-2.561264058E0
4.973790996E1,-1.723431730E0,-9.154802091E-1,-1.940243563E0
4.975790996E1,-4.069322956E-1,1.312698160E0,-8.562829247E-1
4.977790996E1,7.827720219E-1,1.103206968E-2,7.065404096E-1
4.979790996E1,-6.444187135E-1,-1.256749369E0,-1.771121621E-2
4.981790996E1,-2.733289728E0,-5.808797984E-1,-1.214862548E0
4.983790996E1,-2.945308598E0,-3.862261355E-1,-9.224842232E-1
4.985790996E1,-1.031794412E0,-3.648252531E-1,-5.529466259E-1
4.987790996E1,6.819771338E-1,2.965652961E-1,1.951215863E-2
4.989790996E1,2.279555148E0,5.166311775E-1,1.151549774E0
4.991790996E1,1.896770684E0,1.063126424E0,1.970263168E-1
4.993790996E1,-2.827328743E0,8.258070906E-1,1.121074963E-1
4.995790996E1,-5.514148309E0,-1.266697237E0,-1.071163422E0
4.997790996E1,-1.718713612E0,-2.005972991E0,-1.782889435E0
4.999790996E1,2.043311264E0,-1.429282723E0,-2.177528544E0
5.001790996E1,2.620611543E0,5.256494844E-1,4.115220675E-1
5.003790996E1,1.480649489E0,2.295152304E0,2.165396741E0
5.005790996E1,1.851620239E-1,2.387020833E0,9.054436827E-1
5.007790996E1,-1.410722052E0,1.470603096E0,3.098006880E-1
5.009790996E1,-1.878765938E0,-1.158172622E-1,7.292208821E-1
5.011790996E1,-1.246534576E0,-1.379645855E0,-4.868359593E-1
5.013790996E1,-1.174857652E0,-2.381348156E0,-2.197936789E0
5.015790996E1,-5.311786115E-2,-2.505968109E0,-1.911381122E0
5.017790996E1,1.166366326E0,-2.405199534E-1,-1.999000333E0
5.019790996E1,1.836516296E0,1.264491960E0,-1.013664973E0
5.021790996E1,1.484996894E0,1.958872207E0,2.617510765E0
5.023790996E1,-8.352613074E-1,1.190541054E0,9.669927903E-1
5.025790996E1,-2.123916886E0,-5.291081125E-1,-7.622491720E-1
5.027790996E1,-1.252929676E0,-1.202282848E0,-1.441197156E0
5.029790996E1,7.190262616E-2,-9.680965984E-1,1.185427225E0
5.031790996E1,1.022874484E0,-6.718485868E-1,1.340292925E0
5.033790996E1,1.659390101E0,-1.438678175E-1,-3.647678773E-1
5.035790996E1,8.864291221E-1,5.877434063E-1,-1.452057920E0
5.037790996E1,-1.102030581E0,7.408036315E-1,3.635939026E-1
5.039790996E1,-2.023192164E0,-7.065331006E-1,1.639674751E-1
5.041790996E1,-9.004969382E-1,-1.269530506E0,-2.744531000E-1
5.043790996E1,-4.270689368E-2,-1.187475944E0,-1.139452908E0
5.045790996E1,-5.897419846E-1,-1.459672603E0,7.364720142E-1
5.047790996E1,-6.853258342E-1,-1.755117792E-1,1.315004448E-1
5.049790996E1,9.197278458E-1,1.076858318E0,-5.875902092E-1
5.051790996E1,1.699789976E0,-1.926044185E0,8.069274545E-2
5.053790996E1,1.578085444E0,-2.418372141E0,3.771442401E-1
5.055790996E1,1.273161042E0,1.430459329E0,-4.054254681E-1
5.057790996E1,-2.763742027E-1,1.985205728E-1,1.759288026E0
5.059790996E1,2.448357832E-1,-1.932787778E0,3.268597643E0
5.061790996E1,1.778187689E0,-2.217117995E0,2.153273417E0
5.063790996E1,2.477903813E0,-1.515601805E0,-6.209837309E-1
5.065790996E1,1.318046900E0,-1.493757777E0,-3.297822319E-1
5.067790996E1,9.902556454E-1,-7.096432346E-1,-2.192788315E0
5.069790996E1,-1.182465903E0,-3.864454061E-1,-3.525204456E0
5.071790996E1,-3.897584969E0,-3.274733126E-1,-7.658542728E-1
5.073790996E1,-5.907532021E0,-1.741129498E0,5.094192948E-1
5.075790996E1,-5.527862953E0,-1.184318447E0,1.003256491E0
5.077790996E1,-2.189666779E0,-2.064833111E-1,1.969631084E0
5.079790996E1,8.572374827E-1,-1.316488910E-1,3.235673726E-1
5.081790996E1,1.932365317E0,1.614702755E-1,3.573553620E-1
5.083790996E1,2.749992299E0,-6.728320885E-1,-3.009607943E-1
5.085790996E1,2.099498621E0,-5.870452487E-1,-8.001329899E-3
5.087790996E1,6.273694021E-1,-1.209479016E-1,8.334334677E-1
5.089790996E1,-9.114166135E-1,-2.048795367E0,-1.164461303E-1
5.091790996E1,-2.532800690E0,-4.141896257E0,-1.214859039E0
5.093790996E1,-3.072497817E0,-4.099236141E0,6.107989776E-1
5.095790996E1,7.779808134E-2,-1.334819931E-1,3.256064136E0
5.097790996E1,3.359138854E0,3.294875615E0,4.219560145E0
5.099790996E1,3.238839993E0,-3.882451791E-1,2.017888155E0
5.101790996E1,2.345122316E0,-2.943328730E0,3.877405643E-2
5.103790996E1,2.863570955E0,-2.262614011E0,-3.343636715E-1
5.105790996E1,2.476571817E0,2.433890651E0,1.429572599E-1
5.107790996E1,3.040639848E-1,1.502713957E0,1.156649423E0
5.109790996E1,1.344415212E-1,-1.016360101E0,3.194882380E0
5.111790996E1,-3.495933294E-2,-3.891216767E-1,1.538550665E0
5.113790996E1,-8.825255209E-1,5.568689382E-1,-8.267790440E-1
5.115790996E1,1.643418431E-2,3.597493583E-1,-1.425162044E0
5.117790996E1,-9.893138051E-1,-1.311998248E-1,-7.934519613E-1
5.119790996E1,-2.031877618E0,-2.163487918E0,-1.087348223E-2
5.121790996E1,1.466592783E0,-9.964895082E-1,-3.394133270E0
5.123790996E1,3.364070980E0,3.861447130E0,-1.642277932E0
5.125790996E1,2.546750684E0,5.842488763E0,3.722082253E0
5.127790996E1,2.119299924E-1,-2.729945120E-1,8.423112953E-1
5.129790996E1,-3.608568209E-1,-3.827497611E0,-2.398974880E0
5.131790996E1,-2.338669914E0,-3.051318617E0,-2.757645720E0
5.133790996E1,-4.540829562E0,7.231836319E-3,-8.080395949E-1
5.135790996E1,-1.292068598E0,1.889354368E0,-9.372993135E-1
5.137790996E1,2.114097657E0,2.233500431E0,-7.454758492E-1
5.139790996E1,6.950725579E-1,3.046939638E0,1.274324345E0
5.141790996E1,-1.876393138E0,1.445856071E0,1.289254041E0
5.143790996E1,-1.197917317E0,-1.609641259E0,-7.671584943E-1
5.145790996E1,-8.540133280E-1,-2.636825580E0,-1.186701480E0
5.147790996E1,-2.478150566E0,-1.172960231E-1,-5.281155476E-1
5.149790996E1,-1.321806368E0,2.780048742E0,6.324246123E-1
5.151790996E1,1.300193304E0,5.930314089E-1,5.686504930E-2
5.153790996E1,3.245906353E-2,-1.853029710E0,-2.018855577E0
5.155790996E1,-2.930419832E0,-2.771923451E0,-2.649137477E0
5.157790996E1,-2.657241426E0,-2.586626356E0,-2.574776097E0
5.159790996E1,4.632865906E-2,2.791299954E-2,-1.556264805E0
5.161790996E1,7.934548849E-1,4.692464821E0,-1.705702972E-1
5.163790996E1,-5.117746264E-1,3.426762487E0,3.246601295E0
5.165790996E1,-5.268610275E-1,-1.230855267E0,1.517138746E0
5.167790996E1,-5.589306664E-1,-3.144993059E0,-8.478354523E-1
5.169790996E1,-1.281910815E0,-2.109252654E0,-2.845052530E0
5.171790996E1,-2.220503533E0,4.986404644E-1,-2.188798760E0
5.173790996E1,-6.630304009E-1,1.380117287E0,2.129465309E-1
5.175790996E1,8.730922079E-1,1.425712413E0,1.415051916E0
5.177790996E1,1.162191414E0,8.882300645E-1,1.039501334E0
5.179790996E1,-8.486344743E-1,-2.347560605E-1,1.978303090E-1
5.181790996E1,-2.366976870E0,-2.117154142E0,2.449983358E-3
5.183790996E1,-1.260142801E0,-1.611222054E0,-4.980292842E-1
5.185790996E1,1.235755818E0,1.004248910E0,-1.102006315E0
5.187790996E1,2.772820414E0,1.465525081E0,7.747306386E-1
5.189790996E1,7.079223990E-1,7.294226110E-1,1.307353805E0
5.191790996E1,-4.120666187E0,-1.627038626E0,-3.696935718E-1
5.193790996E1,-3.387201396E0,-2.775452830E0,-2.649400309E0
5.195790996E1,-6.615118790E-1,-9.653557160E-1,-3.105941844E0
5.197790996E1,4.785361290E-3,1.810790302E0,2.507919618E0
5.199790996E1,4.679573464E-1,2.520919147E0,3.029625155E0
5.201790996E1,1.131415179E0,1.169245495E0,-2.849760416E-1
5.203790996E1,-1.436883080E-1,-2.562185580E-1,-1.276679750E0
5.205790996E1,-9.007127005E-1,-9.471349150E-1,-2.370923156E0
5.207790996E1,-6.884137487E-1,-9.741905665E-1,-1.227175030E0
5.209790996E1,5.501534110E-1,-1.090987530E0,9.458967671E-1
5.211790996E1,1.525464304E0,-1.505891919E-1,9.163928863E-1
5.213790996E1,1.287677339E0,9.333436722E-1,-5.751588826E-1
5.215790996E1,-3.410330057E-2,5.612403166E-1,-1.857110775E-1
5.217790996E1,-2.009174634E0,-1.595931439E0,4.868245572E-3
5.219790996E1,-2.584193915E0,-2.924248681E0,-1.186025834E-1
5.221790996E1,-1.319669795E-1,-2.949394047E-1,-2.450212423E0
5.223790996E1,1.650273707E0,2.148141900E0,-1.594542725E0
5.225790996E1,1.953529606E0,8.768467051E-1,2.275971536E0
5.227790996E1,2.454918408E-1,-1.000541629E0,5.587936954E-1
5.229790996E1,-6.940335077E-1,-1.220727305E0,-1.460507001E0
5.231790996E1,-6.549670905E-1,-7.927070260E-2,-1.149247944E0
5.233790996E1,-3.379667258E-1,9.542077070E-1,7.210575843E-1
5.235790996E1,6.310823840E-1,6.938697857E-1,1.745321367E0
5.237790996E1,1.580468477E0,-3.137382030E-2,1.546022530E0
5.239790996E1,1.245491725E0,-1.159030409E0,2.356907380E-1
5.241790996E1,5.050424346E-1,-2.243247448E0,-1.294034432E0
5.243790996E1,-3.913518047E-1,-1.611353470E0,-8.947707599E-1
5.245790996E1,-2.250210312E-1,-6.428768027E-1,8.406056625E-1
5.247790996E1,3.462838054E-2,-9.915714151E-1,2.649409665E0
5.249790996E1,1.103659031E-1,-1.366791921E0,6.669046929E-1
5.251790996E1,3.163168252E-1,-1.184574555E0,-7.162101694E-1
5.253790996E1,7.416310126E-1,-6.377359307E-1,4.363915913E-1
5.255790996E1,1.378553888E0,-5.585435808E-1,1.653877931E0
5.257790996E1,2.469752502E0,-3.296578324E-1,9.256605770E-1
5.259790996E1,1.806729410E0,-1.587628393E0,-1.035574052E0
5.261790996E1,8.723690535E-1,-1.588289713E0,-1.351616642E0
5.263790996E1,-1.586870009E-1,-6.643664896E-2,1.797494756E0
5.265790996E1,-1.167728142E0,-7.120674902E-1,-1.830419697E-1
5.267790996E1,-2.289146044E0,7.968030006E-1,-5.119418567E-1
5.269790996E1,-1.424056628E0,1.293067303E0,-1.259340709E0
5.271790996E1,-2.057032633E0,2.105947223E0,-1.402777441E0
5.273790996E1,-4.489495102E0,3.457914698E-1,2.742306134E-1
5.275790996E1,-6.337314066E0,-1.931430640E0,-1.282411922E0
5.277790996E1,-2.770301433E0,8.453460002E-1,-4.221328636E-1
5.279790996E1,3.680482530E0,2.690779885E0,1.420628990E0
5.281790996E1,1.798725595E0,-1.187919163E0,-1.046804945E0
5.283790996E1,-2.721770420E0,-1.687261439E0,-1.665565491E0
5.285790996E1,-2.853635074E0,-1.280520932E0,1.957195811E0
5.287790996E1,-2.891945446E0,-3.589942489E0,1.254655189E0
5.289790996E1,4.542415327E-1,-3.098186975E0,2.185108582E0
5.291790996E1,5.879596363E0,1.720553731E0,2.361538374E0
5.293790996E1,5.988208394E0,4.492080156E0,3.305894108E0
5.295790996E1,2.103504548E0,-4.336780447E-1,1.997275843E-1
5.297790996E1,4.120024163E-1,-3.809445795E0,-3.103410292E0
5.299790996E1,1.456910671E0,-4.006482929E0,-1.163534519E0
5.301790996E1,1.096143020E0,-3.388923401E-1,4.254408381E0
5.303790996E1,-1.202529600E0,1.180716562E0,3.972115334E0
5.305790996E1,-2.044808151E0,-1.073942896E0,1.127822723E0
5.307790996E1,-2.094104272E-1,-2.605422816E0,4.936594407E-1
5.309790996E1,1.592742952E0,-1.391214572E0,6.693810618E-1
5.311790996E1,3.006590341E0,1.701509349E0,4.090361968E-1
5.313790996E1,3.060318652E0,2.767825137E0,1.688358961E0
5.315790996E1,1.986842948E0,1.540309215E0,2.148040305E0
5.317790996E1,4.665154231E-1,-5.473607808E-1,-1.321912933E0
5.319790996E1,-5.602252400E-1,-1.756586028E0,-3.609032478E0
5.321790996E1,-8.394865054E-1,-2.324544210E0,-1.758887053E0
5.323790996E1,-6.203369558E-2,-1.513696783E0,1.975769053E0
5.325790996E1,9.067142826E-1,2.439349027E0,1.530935836E0
5.327790996E1,2.094790735E0,4.515695598E0,-5.017905056E-1
5.329790996E1,2.407250152E0,1.952382967E0,7.605783302E-1
5.331790996E1,-1.311869609E0,-1.668088126E0,1.470605142E0
5.333790996E1,-3.014318606E0,-3.162186212E0,-2.673199939E0
5.335790996E1,-1.812082536E0,-6.067953891E-1,-4.350219687E0
5.337790996E1,-6.533392256E-1,8.160143200E-1,-2.339880288E-1
5.339790996E1,1.053101081E0,1.712141634E0,1.401620861E0
5.341790996E1,1.421748147E0,3.150817178E0,1.584744546E-1
5.343790996E1,-1.163572526E-1,1.720638077E0,1.167726680E0
5.345790996E1,-2.277804492E0,-8.795387632E-1,-1.573781016E-1
5.347790996E1,-3.163249528E0,-1.856357946E0,-2.516600102E0
5.349790996E1,-1.849008873E0,-1.100112621E0,-3.870703565E0
5.351790996E1,-2.598754066E-1,-8.019263309E-1,-2.831183812E-1
5.353790996E1,1.864133281E-1,6.647772565E-1,1.162104582E0
5.355790996E1,-5.127861947E-1,4.734236525E-1,-1.792014015E0
5.357790996E1,-3.253466803E0,-1.289077163E0,-1.568008645E0
5.359790996E1,-3.510829661E0,-2.393781968E0,-1.786612942E0
5.361790996E1,-1.553757811E0,-9.829494763E-1,-1.363719209E0
5.363790996E1,2.418928796E-1,-1.361992216E-1,-1.841537593E0
5.365790996E1,-1.028008924E0,-3.995615148E-1,-8.963430762E-2
5.367790996E1,-2.281930872E0,3.926931925E-1,6.637127709E-1
5.369790996E1,-6.509254950E-1,1.622536855E0,-1.158134615E-1
5.371790996E1,7.906628394E-1,1.050184124E0,5.653050086E-1
5.373790996E1,5.401067251E-1,-2.748260792E-1,6.491075957E-1
5.375790996E1,-9.871895117E-1,-1.084575912E0,-1.565757467E0
5.377790996E1,-1.993921003E0,-9.641245117E-1,-2.052543725E0
5.379790996E1,-1.387626135E0,-2.918171377E-1,-1.125814131E-1
5.381790996E1,1.090698677E-1,7.596351743E-1,5.538608381E-1
5.383790996E1,2.125862839E0,1.375321255E0,4.460373044E-2
5.385790996E1,1.346539505E0,8.880913393E-1,7.448621839E-1
5.387790996E1,-2.029522360E0,-6.440104316E-1,2.052875555E-1
5.389790996E1,-3.188746312E0,-2.334421619E0,-1.536020136E0
5.391790996E1,-2.134555310E-1,-2.360285901E0,-2.548442576E0
5.393790996E1,1.626063311E0,-2.842042091E-1,-8.975154430E-1
5.395790996E1,1.187908638E0,1.989549040E0,2.133741378E0
5.397790996E1,4.629322493E-1,2.401141274E0,1.954561640E0
5.399790996E1,-4.461302751E-1,1.367131937E0,7.199106529E-1
5.401790996E1,-1.747970740E0,-4.374784425E-1,3.706152391E-1
5.403790996E1,-1.594715218E0,-1.617705300E0,-1.052920840E0
5.405790996E1,-7.337004340E-1,-2.048484003E0,-2.990442671E0
5.407790996E1,8.227851033E-2,-1.498834915E0,-2.239254384E0
5.409790996E1,1.233998145E0,-1.169706255E0,2.016074641E-1
5.411790996E1,1.719947959E0,-2.824667090E-1,8.307148048E-1
5.413790996E1,7.490178001E-1,2.075835232E0,2.575686800E-1
5.415790996E1,-2.489335120E-2,4.163382436E0,2.020506246E0
5.417790996E1,-1.267217932E0,6.890136731E-1,1.417144196E0
5.419790996E1,-2.137397642E0,-2.991294610E0,-1.124312858E-1
5.421790996E1,-1.961930886E0,-3.292456037E0,-2.601408702E0
5.423790996E1,-3.618204421E-1,6.317916512E-2,-5.403682418E-1
5.425790996E1,2.689264287E0,3.909268291E0,-8.178515151E-2
5.427790996E1,3.650147760E0,1.446426905E0,2.043989249E-1
5.429790996E1,1.493633816E0,-1.441973666E0,1.365757549E0
5.431790996E1,-1.196932645E0,-1.792897822E0,-6.996403297E-1
5.433790996E1,-2.038871473E0,-1.013950464E0,-6.821676799E-1
5.435790996E1,-4.414636123E-1,9.211756164E-1,-4.634280566E-1
5.437790996E1,1.528287925E0,-4.962473452E-2,1.130113589E0
5.439790996E1,2.185446259E0,-1.915105214E0,7.021839416E-1
5.441790996E1,1.244262640E0,-1.711260166E0,4.260059130E-1
5.443790996E1,2.805798125E-1,5.818330407E-2,1.239375830E-1
5.445790996E1,2.862124354E-1,-2.648578191E-1,7.825609374E-1
5.447790996E1,1.104631423E0,-2.797973966E0,7.907733518E-1
5.449790996E1,1.266829677E0,-2.962071980E0,-2.772159094E-1
5.451790996E1,1.071181695E0,-1.375970880E0,-5.147292244E-1
5.453790996E1,-3.153394631E-1,-5.536178863E-1,2.757219458E-1
5.455790996E1,-1.716807858E0,-7.358071858E-1,5.825462548E-1
5.457790996E1,-1.562176048E0,-3.966885585E-1,3.896830094E-1
5.459790996E1,-1.764379781E0,5.093737596E-1,-5.233838345E-1
5.461790996E1,-5.436483836E0,1.065811173E0,-1.084024081E0
5.463790996E1,-7.724578843E0,-7.459790021E-1,-3.157189474E0
5.465790996E1,-3.861600620E0,-3.763735771E-2,6.736460209E-1
5.467790996E1,6.628957687E-1,-3.268593550E-1,1.163915319E0
5.469790996E1,4.610453528E-1,-1.001677743E0,-2.019251141E0
5.471790996E1,-1.657276332E-2,-1.289480036E0,5.698643750E-1
5.473790996E1,3.465042454E-1,-1.216279913E0,2.096188805E0
5.475790996E1,2.066739888E0,-7.319567943E-1,2.233995983E0
5.477790996E1,4.011626432E0,1.188831328E0,1.407959243E0
5.479790996E1,4.060553594E0,1.606690900E0,-3.738950155E-1
5.481790996E1,2.443186555E0,-6.104738724E-1,-2.060207378E0
5.483790996E1,-9.272903422E-1,-2.661874759E0,-6.806416297E-1
5.485790996E1,-1.584303373E0,-1.258269353E0,2.382761428E0
5.487790996E1,-2.124429102E0,-1.802129990E0,2.484380189E0
5.489790996E1,-1.557083415E0,-4.109275226E0,1.222800143E0
5.491790996E1,1.566957316E0,-2.219864432E0,4.255369663E-2
5.493790996E1,3.133650922E0,1.940935289E0,2.676851817E0
5.495790996E1,3.247544158E0,2.649431300E0,9.941073525E-1
5.497790996E1,2.095865453E0,7.937004679E-1,1.166520254E-1
5.499790996E1,4.677363217E-1,-1.068757001E0,4.939120404E-1
5.501790996E1,7.881695867E-1,-1.097984893E0,7.417612593E-1
5.503790996E1,3.124635685E0,1.653279760E0,3.609392667E0
5.505790996E1,2.175852440E0,1.983811752E0,1.506353995E0
5.507790996E1,2.627452201E-1,-6.114959657E-2,-8.006194782E-1
5.509790996E1,-1.575921097E0,-1.227800682E0,-1.609311476E0
5.511790996E1,-2.422318427E0,-1.555000345E0,-1.021577279E0
5.513790996E1,-2.281431520E-1,-1.895448044E0,-6.638191903E-1
5.515790996E1,2.890479841E0,-1.551639073E0,-3.178687639E0
5.517790996E1,2.286571807E0,4.541295585E-1,-3.180553485E0
5.519790996E1,-1.341719061E0,3.598044098E0,7.718538085E-1
5.521790996E1,-2.580039468E0,4.956560748E0,1.013822410E0
5.523790996E1,-8.950368083E-1,1.435944602E0,2.078896834E0
5.525790996E1,-9.089023107E-1,-9.887103724E-1,2.120109471E0
5.527790996E1,-1.712700335E0,4.298492879E-1,4.135501742E-1
5.529790996E1,-1.300476310E0,1.018889168E0,-1.385046051E0
5.531790996E1,6.863929510E-2,-6.801134799E-1,-2.385672172E0
5.533790996E1,-5.267054915E-2,-9.309072836E-1,-2.144768349E0
5.535790996E1,-9.302259368E-1,6.926999040E-1,-2.003477984E0
5.537790996E1,-6.200516117E-1,1.918654912E0,-1.180453145E0
5.539790996E1,5.668647534E-1,4.475277597E-1,1.984159076E-1
5.541790996E1,8.693312788E-1,-1.470156076E0,1.251894718E0
5.543790996E1,-1.546342957E-1,-2.328371944E0,1.778161376E0
5.545790996E1,-7.649356753E-1,-1.434663185E0,-3.087899968E-1
5.547790996E1,-1.487429920E0,-1.248271199E0,-1.056376983E0
5.549790996E1,-2.459089227E0,-1.510681958E0,-2.460180025E0
5.551790996E1,-3.837389638E0,-6.083601040E-1,-2.919373565E0
5.553790996E1,-3.107041998E0,-3.569761335E-1,-1.874758256E0
5.555790996E1,-6.980721796E-1,-1.462786611E-1,5.633783510E-1
5.557790996E1,1.563374727E0,8.678145111E-1,3.736370802E-3
5.559790996E1,2.051587998E0,1.441145115E0,1.105088675E-1
5.561790996E1,4.147307271E-1,9.534863799E-1,2.790995899E-1
5.563790996E1,-2.307545770E0,7.811858185E-2,-1.476775709E-1
5.565790996E1,-2.114633846E0,-1.981527098E-1,-1.088677880E0
5.567790996E1,-5.605140924E-1,1.346420514E0,-4.202034286E-1
5.569790996E1,1.692266071E-1,1.717849101E0,1.324323886E0
5.571790996E1,1.199332927E0,2.291716772E-1,5.148774514E-1
5.573790996E1,7.961913818E-1,-1.356815402E0,-1.204606239E0
5.575790996E1,-1.056369674E0,-2.259487651E0,-2.252088730E0
5.577790996E1,-2.122151027E0,-1.361539221E0,-2.243068815E0
5.579790996E1,-1.992311264E0,6.295697093E-1,-8.941614801E-1
5.581790996E1,-2.200055820E-1,1.820445809E0,1.054019971E0
5.583790996E1,1.154882979E0,1.481720407E0,2.608525641E0
5.585790996E1,1.650080164E0,1.756673151E-1,1.968569230E0
5.587790996E1,8.973879737E-1,-1.352289072E0,4.559459960E-1
5.589790996E1,-6.875781816E-1,-1.616830557E0,-1.273571516E0
5.591790996E1,-2.731000543E0,-5.677766266E-1,-1.829858364E0
5.593790996E1,-2.506523595E0,-1.855692825E-1,-1.527685661E0
5.595790996E1,3.965464711E-2,-8.217141858E-1,-4.934112994E-1
5.597790996E1,1.540576433E0,-9.049484235E-1,-4.151371086E-1
5.599790996E1,1.351096240E0,3.664499751E-1,4.444676194E-1
5.601790996E1,1.882499385E-1,1.887308135E0,8.878996968E-1
5.603790996E1,-7.109465790E-1,1.571234554E0,5.784372702E-1
5.605790996E1,-1.039335566E0,-5.423874316E-1,-2.178193080E-1
5.607790996E1,-1.372383614E0,-1.878923228E0,-1.725523864E0
5.609790996E1,-5.269937593E-1,-1.309446523E0,-1.652842973E0
5.611790996E1,7.226135284E-1,3.171225715E-1,-3.351083145E-1
5.613790996E1,1.654695371E0,7.333993024E-1,-2.645596111E-1
5.615790996E1,1.959064581E0,-2.607402098E-1,-1.267955558E-1
5.617790996E1,6.585134268E-3,-7.662378502E-1,9.250341940E-1
5.619790996E1,-2.753080214E0,4.027117753E-1,-7.099440739E-2
5.621790996E1,-2.550186508E0,7.661676836E-1,-1.971270351E-1
5.623790996E1,-9.456351042E-2,-5.766933382E-2,8.972435474E-1
5.625790996E1,1.240445285E0,-6.908613932E-1,1.059965785E0
5.627790996E1,1.355366462E0,6.476978320E-1,-2.558848281E-1
5.629790996E1,4.295171660E-1,1.106138250E0,-1.917465004E-1
5.631790996E1,-4.756768405E-2,5.241093278E-2,6.411132824E-1
5.633790996E1,8.640670305E-1,-7.182427347E-1,5.344588995E-2
5.635790996E1,1.795514743E0,-9.762634045E-1,1.386714152E-1
5.637790996E1,1.677800059E0,-1.175857526E0,3.616385937E-2
5.639790996E1,6.795914698E-1,-1.576444423E-1,1.483087595E-1
5.641790996E1,-1.548901114E-1,4.484779322E-1,2.428301883E0
5.643790996E1,6.516689685E-1,-1.773566342E0,2.111971609E0
5.645790996E1,2.541214833E0,-3.402707627E0,-3.585085791E-1
5.647790996E1,3.686095272E0,-3.508397804E0,-1.607118332E0
5.649790996E1,3.501333783E0,-1.910314590E0,-5.207214510E-1
5.651790996E1,1.160752852E0,-2.283980906E-2,3.506662935E-1
5.653790996E1,-3.007893978E0,-5.411253101E-1,-5.530296564E-2
5.655790996E1,-6.562134830E0,6.975143552E-3,-2.144878131E0
5.657790996E1,-8.025680628E0,2.354829279E0,-1.989653997E0
5.659790996E1,-7.188901384E0,8.472890300E-1,-4.335266018E-1
5.661790996E1,-5.125799049E0,-8.311530536E-1,-1.581360177E0
5.663790996E1,-1.284970225E0,7.273123509E-1,4.263147922E-1
5.665790996E1,2.920481028E0,8.166168755E-1,1.140690032E0
5.667790996E1,1.131286248E0,-1.719183728E0,-2.220738737E0
5.669790996E1,-1.469867516E0,-2.139702614E0,-3.547551929E0
5.671790996E1,-2.126527375E0,-1.612605359E0,-1.217103785E-1
5.673790996E1,-1.499038105E0,-4.400325063E0,1.794651986E0
5.675790996E1,1.295606748E0,-4.052198215E0,3.426532692E0
5.677790996E1,5.531731471E0,2.012038016E0,4.192579923E0
5.679790996E1,5.045898601E0,5.758007022E0,3.060464247E0
5.681790996E1,1.249917775E0,6.331376803E-1,-4.589964885E-1
5.683790996E1,2.114473048E0,-1.475149598E0,-2.287332530E0
5.685790996E1,2.025245122E0,-1.579527075E0,4.851328408E0
5.687790996E1,-3.796708220E-1,-2.598440071E0,2.230351413E0
5.689790996E1,-6.405642289E-1,-1.250974951E0,1.647334896E0
5.691790996E1,-3.714420354E-1,1.091887416E0,2.065098720E0
5.693790996E1,6.346538633E-1,2.068268350E0,2.137938509E0
5.695790996E1,1.270169606E0,9.047086877E-1,1.613832982E-1
5.697790996E1,2.533140121E0,-7.375391310E-1,-1.671301171E0
5.699790996E1,3.218527935E0,-1.907553535E0,-2.345926309E-1
5.701790996E1,1.665451909E0,-2.084356379E0,6.451864529E-1
5.703790996E1,3.419989657E-1,4.421617699E-1,-2.076387501E0
5.705790996E1,-6.574422169E-1,2.197736814E0,-9.843550739E-1
5.707790996E1,-3.059339243E-1,5.097994369E-1,2.516581098E0
5.709790996E1,-5.453475845E-1,-1.901126567E0,1.476050946E0
5.711790996E1,3.281311244E-1,-1.855175054E0,-2.501747297E0
5.713790996E1,-4.196260160E-1,3.064037481E-1,-3.031646537E0
5.715790996E1,-1.579545786E0,2.717090894E0,2.578476799E0
5.717790996E1,-1.079162121E0,4.212652829E0,1.933660475E0
5.719790996E1,1.444316061E0,1.725898378E0,-1.095519999E0
5.721790996E1,6.247001481E-1,-1.060189660E0,-3.942318508E-1
5.723790996E1,-2.241573390E0,-2.572564680E0,-8.706875405E-1
5.725790996E1,-3.613665227E0,-7.391807368E-1,-2.305760323E0
5.727790996E1,-1.646650187E0,1.960299220E0,-4.876736606E0
5.729790996E1,-6.159053510E-1,1.122109554E0,-1.883908271E0
5.731790996E1,-6.487485766E-3,7.767894432E-1,1.983729891E0
5.733790996E1,7.662600696E-2,9.803232725E-1,-2.245476991E-2
5.735790996E1,-5.705233562E-1,-7.676033212E-1,-1.381830083E0
5.737790996E1,-2.241347103E0,-1.536294517E0,-1.228785645E0
5.739790996E1,-3.003164458E0,2.815660916E-2,-1.160285221E0
5.741790996E1,-2.179695815E0,1.039000812E0,-1.248209803E0
5.743790996E1,-9.301230258E-1,-7.167331298E-1,-2.817200196E-1
5.745790996E1,2.158593214E-1,-2.031908901E0,-6.095137596E-1
5.747790996E1,1.373727304E-1,-8.582179146E-1,-1.814528719E0
5.749790996E1,-7.795420200E-1,2.911120366E-1,-1.331312771E0
5.751790996E1,-1.198578052E0,-1.306538410E-1,1.101796985E0
5.753790996E1,-2.353767425E-1,-2.469354453E-1,4.876577854E-1
5.755790996E1,3.669718391E-1,2.156165888E-1,-5.644679797E-1
5.757790996E1,-2.923485035E-1,3.377926250E-1,-5.641104224E-1
5.759790996E1,-2.011802373E0,-1.438881366E-1,4.375187883E-1
5.761790996E1,-9.960363489E-1,-7.953281866E-1,-2.323437917E-1
5.763790996E1,1.344799958E0,-6.135869300E-1,-1.702903326E0
5.765790996E1,2.216542629E0,-7.431094810E-2,-6.931806913E-1
5.767790996E1,7.996909404E-1,6.547565907E-1,1.664607571E0
5.769790996E1,-1.231654581E0,1.263269746E0,1.390038989E0
5.771790996E1,-1.539828574E0,5.173006837E-1,-3.628627083E-1
5.773790996E1,-1.142043663E0,-1.151831025E0,-4.413528076E-1
5.775790996E1,-2.200593764E-1,-2.167219318E0,-1.308852446E-1
5.777790996E1,5.014648157E-1,-1.252729408E0,-4.681561518E-1
5.779790996E1,1.213946289E0,6.619396028E-1,-1.483302663E0
5.781790996E1,9.746741313E-1,1.601297429E0,-5.629406869E-1
5.783790996E1,-7.637972224E-1,2.883022302E-1,1.274382233E0
5.785790996E1,-1.857606034E0,-1.607887825E0,1.024164672E0
5.787790996E1,-1.290519671E0,-1.621234680E0,-7.231643361E-1
5.789790996E1,4.162223518E-1,-2.410736847E-1,-2.017720048E0
5.791790996E1,5.558398283E-1,7.441578868E-1,1.475429095E0
5.793790996E1,-2.015079153E-1,2.984108967E-1,2.464396745E0
5.795790996E1,-2.102208513E-1,-4.693852365E-2,-6.932435489E-1
5.797790996E1,-2.984910035E-1,5.120932996E-2,-3.270445071E0
5.799790996E1,9.655214846E-2,-2.276905775E-2,1.517003968E0
5.801790996E1,5.554808092E-1,4.048565340E-1,1.962124721E0
5.803790996E1,1.122835559E0,1.428882920E0,-1.329637836E0
5.805790996E1,1.182950199E0,1.284251456E0,-1.643129433E0
5.807790996E1,1.829143542E-1,-6.398444366E-1,1.239113728E0
5.809790996E1,-2.198837260E0,-2.071352756E0,7.392998739E-1
5.811790996E1,-7.675160515E-1,1.234721446E-1,-2.064237718E0
5.813790996E1,1.520036334E0,1.398784962E0,-4.067030847E-1
5.815790996E1,1.469188946E0,-5.934456110E-1,2.220232076E0
5.817790996E1,-4.012341839E-1,-2.304879439E0,8.731261218E-1
5.819790996E1,-1.004574453E0,-6.424359226E-1,-1.589283739E0
5.821790996E1,-6.102896851E-1,1.043887038E0,-3.203319912E0
5.823790996E1,4.976155937E-2,-2.889635503E-1,1.691703569E0
5.825790996E1,6.031233376E-1,-4.441334510E-1,1.244330760E0
5.827790996E1,1.118800980E0,1.339422274E0,9.854652409E-1
5.829790996E1,4.863702285E-1,-1.769308984E-1,-8.190538488E-2
5.831790996E1,-1.162870860E-1,-1.663593079E0,3.094265028E-1
5.833790996E1,2.857008040E-1,-2.876239532E-1,-4.454514134E-1
5.835790996E1,3.652694222E-1,1.815665710E0,7.438804364E-1
5.837790996E1,4.353252053E-3,8.191083741E-1,1.076022751E0
5.839790996E1,4.477145782E-1,-1.650949645E0,-1.035518503E-1
5.841790996E1,1.176339044E0,-2.586911700E0,-1.731242441E0
5.843790996E1,1.150133578E0,-1.522020879E0,-6.952947521E-1
5.845790996E1,2.188261986E-2,-3.969961220E-1,1.734867130E0
5.847790996E1,-5.799388352E-1,-1.737994806E0,1.764380951E0
5.849790996E1,-3.212705863E-1,-2.365112193E0,1.240315623E0
5.851790996E1,3.878500535E-1,-9.874614072E-1,-8.412782384E-1
5.853790996E1,-2.122969052E-1,6.764287108E-1,-1.681398436E0
5.855790996E1,-2.448040767E0,1.010146850E0,-1.224898708E0
5.857790996E1,-4.361308639E0,-1.972242451E-1,-1.491392578E0
5.859790996E1,-3.568614477E0,-3.903402364E-1,-1.281357376E-1
5.861790996E1,-4.094849853E0,-1.150550777E0,-6.593083557E-1
5.863790996E1,-6.049614683E0,-2.655471473E0,-2.522475969E0
5.865790996E1,-4.037817865E0,-3.031217059E0,-3.720589167E-1
5.867790996E1,8.907613242E-1,-2.501372783E0,2.603387400E0
5.869790996E1,5.934244441E0,5.030307001E-1,3.823955076E0
5.871790996E1,8.877682514E0,4.495403713E0,1.954432417E0
5.873790996E1,4.292081114E0,1.822655472E0,-6.591800825E-1
5.875790996E1,4.983049804E-1,-1.937257390E0,-3.559950950E0
5.877790996E1,-1.454085588E-2,-1.590686486E0,-1.714289024E0
5.879790996E1,1.931072205E-2,5.388296932E-1,3.725290328E0
5.881790996E1,-1.022560489E0,-1.786222056E0,3.153177699E0
5.883790996E1,3.674840552E-1,-2.034491909E0,2.047480913E0
5.885790996E1,1.070152146E0,6.529293358E-2,9.621956614E-1
5.887790996E1,2.079015532E0,-8.754018581E-1,9.181204462E-1
5.889790996E1,2.116737090E0,-2.422362281E0,3.470625083E-1
5.891790996E1,7.149870050E-1,-3.978001142E-1,3.313546944E-1
5.893790996E1,2.169246840E-1,3.818399051E0,4.555097938E-2
5.895790996E1,2.644539519E0,3.042205147E0,7.863116339E-1
5.897790996E1,3.409681601E0,4.858428097E-1,2.840497549E0
5.899790996E1,4.346095061E-1,-6.225425255E-1,6.220466816E-1
5.901790996E1,-2.287803231E0,-9.586328799E-1,-2.015138648E0
5.903790996E1,-1.877583046E0,-1.198024905E0,-2.164499778E0
5.905790996E1,-4.766790533E-1,-1.473465308E0,-2.280295698E-1
5.907790996E1,5.035955411E-1,-3.195456576E-1,-8.873652613E-1
5.909790996E1,1.341238419E0,2.465331715E0,-1.890857103E0
5.911790996E1,2.012540876E0,2.279910074E0,1.098820167E0
5.913790996E1,1.077424913E0,6.080048856E-1,2.115843928E0
5.915790996E1,-5.187164408E-1,5.001088464E-1,-4.793965468E-1
5.917790996E1,-2.000526602E0,5.336054984E-1,-8.131257954E-1
5.919790996E1,-3.026834571E0,-4.192509171E-1,8.683436841E-2
5.921790996E1,-2.734221774E0,-1.516692457E0,-8.009051147E-1
5.923790996E1,-1.503945966E0,-1.803115100E0,-1.629785063E0
5.925790996E1,-4.715118688E-1,1.659175216E-1,-2.412331675E0
5.927790996E1,4.472213656E-1,2.474050498E0,-1.313876666E0
5.929790996E1,1.051416498E0,2.481064233E0,1.522718159E0
5.931790996E1,6.706382132E-1,3.258871823E-1,1.526637548E0
5.933790996E1,-4.292563802E-1,-9.908975966E-1,-4.104660603E-1
5.935790996E1,-1.906401048E0,-1.788672624E0,-1.492071440E0
5.937790996E1,-2.253318692E0,-2.584894996E0,-2.039391291E0
5.939790996E1,-7.146794415E-1,-1.421033325E0,-1.771707512E0
5.941790996E1,8.348134106E-1,1.430572473E0,-9.345625243E-1
5.943790996E1,3.963944435E-1,2.265801766E0,8.354700530E-1
5.945790996E1,-1.435554008E0,2.120379467E-2,1.421447308E0
5.947790996E1,-1.153208336E0,-1.676040194E0,-7.927301225E-1
5.949790996E1,-1.378920801E0,-2.421831646E0,-1.391295848E0
5.951790996E1,-2.079967459E0,-2.300416260E0,-1.687549414E0
5.953790996E1,-2.371645287E0,-1.146242110E-1,-2.475921607E0
5.955790996E1,-1.337132505E0,5.498671898E-1,-8.566340500E-1
5.957790996E1,1.715542667E0,2.452217543E-1,1.820440839E0
5.959790996E1,2.146992922E0,1.408893043E0,1.248767627E0
5.961790996E1,-1.808286524E-1,1.262821995E0,-1.314597335E-1
5.963790996E1,-2.364433916E0,-3.426370797E-1,-1.318531635E0
5.965790996E1,-2.724823544E0,-1.177729001E0,-2.010877051E0
5.967790996E1,-8.363927436E-1,-9.286659727E-1,-1.502632973E0
5.969790996E1,1.921606733E0,-4.058542883E-1,9.511265168E-1
5.971790996E1,2.691285084E0,-2.387479547E-1,2.246578314E0
5.973790996E1,1.540435515E0,-1.318618758E-1,-4.665113300E-1
5.975790996E1,-1.037243432E0,5.246224210E-2,-1.689618452E0
5.977790996E1,-2.457692912E0,-1.026018532E0,-1.796049179E0
5.979790996E1,-1.568669965E0,-2.011016507E0,-3.883475053E-1
5.981790996E1,7.415906668E-2,-1.285302639E0,5.537664056E-2
5.983790996E1,1.443055986E0,5.889265904E-1,7.007195064E-1
5.985790996E1,1.133564615E0,2.545487393E0,1.292362421E0
5.987790996E1,-4.407613617E-1,2.070861882E0,1.914534233E0
5.989790996E1,-2.055372900E0,-9.472752482E-2,2.627513596E-1
5.991790996E1,-9.314135063E-1,-1.075200047E0,-7.402303120E-1
5.993790996E1,-2.534767985E-2,-7.467084423E-1,2.450860441E-3
5.995790996E1,1.167920516E0,-2.495769981E-1,-6.591215372E-2
5.997790996E1,1.957473553E0,7.788271978E-1,-8.089736876E-1
5.999790996E1,3.495278406E-1,1.261487660E0,3.119369683E-1
6.001790996E1,-1.247625082E0,1.772983959E-1,-2.752680556E-1
6.003790996E1,-1.456323903E0,-1.243149623E0,-1.146116102E0
6.005790996E1,-7.892589229E-1,-2.101845401E0,-1.083598550E0
6.007790996E1,-1.285861194E-2,-1.337740030E0,2.992816932E-1
6.009790996E1,1.592931817E0,2.952604169E-1,1.205442245E0
6.011790996E1,2.232840573E0,2.329793841E0,1.482528784E0
6.013790996E1,1.246054519E0,1.995979223E0,4.977069564E-1
6.015790996E1,-9.846103048E-1,8.882914603E-2,-1.021005714E0
6.017790996E1,-2.244312226E0,-1.702813278E0,-1.427083147E0
6.019790996E1,-1.260893583E0,-1.724098313E0,-7.190614910E-1
6.021790996E1,4.821947318E-1,1.395660210E-1,-4.406064105E-1
6.023790996E1,1.336809738E0,1.817440340E0,5.214593697E-1
6.025790996E1,8.633466536E-1,9.631486845E-1,1.676425817E0
6.027790996E1,-1.678934419E-1,-6.217473042E-1,1.031590490E0
6.029790996E1,-7.401803184E-1,-1.086048971E0,-2.742648196E-1
6.031790996E1,-1.997046340E-1,-4.707382822E-1,-2.915715255E0
6.033790996E1,2.685269469E-1,-1.157130648E0,-1.428730892E0
6.035790996E1,-2.673487329E-1,-1.189513113E0,2.862375784E-1
6.037790996E1,-7.779545009E-2,-7.007420182E-2,3.392330866E-1
6.039790996E1,6.368518317E-1,1.183476448E0,1.728963927E-1
6.041790996E1,1.704942834E-1,3.355915868E-1,9.905861592E-1
6.043790996E1,6.638870180E-2,-5.957488292E-1,1.155636685E0
6.045790996E1,1.027407246E0,3.539091593E-1,1.531362756E-1
6.047790996E1,1.180229489E0,4.246610534E-1,1.915653098E-1
6.049790996E1,6.078513962E-1,-4.546473294E-1,-3.101006502E-1
6.051790996E1,1.350680503E-1,6.932575822E-2,-2.272935333E-1
6.053790996E1,-4.728380173E-2,-1.637308091E-1,5.419498040E-1
6.055790996E1,1.027702822E0,-1.181976053E0,1.143165816E0
6.057790996E1,1.661748283E0,-1.581682359E0,6.862058401E-2
6.059790996E1,1.094567195E0,-1.648758109E0,-1.110563496E0
6.061790996E1,-4.213828120E-1,-1.353878930E0,-2.006933981E0
6.063790996E1,-8.927528858E-1,-5.276895779E-1,5.030241951E-1
6.065790996E1,-8.496305475E-1,-9.563472033E-2,2.550477700E0
6.067790996E1,-1.070691552E0,-1.590716892E0,1.099196436E0
6.069790996E1,-1.260523601E0,-1.114278744E0,-4.767018574E-1
6.071790996E1,-1.571369040E0,1.718040597E-1,-1.603259900E0
6.073790996E1,-2.920659660E0,6.140085143E-1,-1.334496580E0
6.075790996E1,-3.618307332E0,-3.152532166E-1,-2.170294954E-1
6.077790996E1,-2.465173255E0,-7.595714396E-1,1.793209332E0
6.079790996E1,-5.106019673E-1,-7.283437997E-1,3.483113274E-2
6.081790996E1,2.511380877E0,1.229692256E0,-9.382310674E-2
6.083790996E1,4.770237467E0,-1.086517918E-1,-5.565778930E-1
6.085790996E1,1.974334877E0,-5.210184896E-1,-9.679023246E-1
6.087790996E1,-1.036094454E-1,4.023024702E-1,1.428134184E-1
6.089790996E1,1.706353475E-1,-4.199984837E-1,1.589956023E0
6.091790996E1,1.125030458E0,-7.732884228E-1,1.082092161E0
6.093790996E1,5.008235224E-1,-2.437061012E-2,-2.759260136E-1
6.095790996E1,-1.029056453E0,6.966191465E-1,-1.461030326E0
6.097790996E1,-2.501336530E0,1.548042158E0,-1.688788439E0
6.099790996E1,-4.590873542E0,1.250974951E0,-1.062367456E0
6.101790996E1,-4.053642770E0,-1.344156180E0,9.096396446E-1
6.103790996E1,8.793946293E-1,-4.477651566E-1,1.491617404E0
6.105790996E1,2.608433839E0,1.598757983E0,5.655412361E-2
6.107790996E1,-1.199472676E0,-2.203055441E-2,-4.738701971E-1
6.109790996E1,-2.956427078E0,-6.367097443E-1,-1.329437276E0
6.111790996E1,-3.785062028E-1,-3.773442149E-2,4.106347525E-1
6.113790996E1,6.348563232E-1,-1.897286993E-1,4.405222106E-1
6.115790996E1,-3.739367500E-1,-8.359466010E-1,-3.885860717E-1
6.117790996E1,-1.081956798E0,-6.866198230E-1,-8.288847725E-1
6.119790996E1,-9.032878143E-1,-1.103242124E0,-2.264767686E-1
6.121790996E1,-7.272383836E-1,-2.866520290E0,3.014380002E-1
6.123790996E1,4.702477008E-2,-3.430495934E0,1.206881610E0
6.125790996E1,2.264144812E0,-1.511259663E-1,1.977863964E0
6.127790996E1,2.535698862E0,2.689560156E0,2.319689852E0
6.129790996E1,3.445068365E-1,-4.261158407E-2,1.311067956E0
6.131790996E1,1.568103370E-1,-4.173872341E0,-1.400591167E0
6.133790996E1,2.364028119E0,-4.486097869E0,-2.065360529E0
6.135790996E1,3.597387164E0,7.328023016E-2,3.556623884E0
6.137790996E1,1.861590911E0,8.215808693E0,4.842934145E0
6.139790996E1,-2.319316215E0,3.752893279E0,3.614352275E0
6.141790996E1,-4.649676651E-1,-3.082524038E0,1.045040109E0
6.143790996E1,2.885023220E0,-5.507632756E0,-1.357789109E0
6.145790996E1,4.679043122E0,-3.403602251E0,8.224576592E-2
6.147790996E1,1.651409821E0,2.391733396E-1,1.895553294E-1
6.149790996E1,-2.340349234E0,2.288275686E0,6.403098750E-1
6.151790996E1,-1.817277787E0,2.238852096E-1,-1.622652630E0
6.153790996E1,3.886603314E-1,-1.043098834E0,-1.348913913E0
6.155790996E1,9.595029455E-1,7.950932747E-1,1.463968845E-1
6.157790996E1,3.483595669E-1,2.778300424E0,7.942901596E-2
6.159790996E1,2.651694757E-1,1.907156509E0,6.033829540E-2
6.161790996E1,9.062663859E-1,5.800902781E-1,-5.061314785E-1
6.163790996E1,5.002105880E-1,6.313677281E-2,3.479508466E-1
6.165790996E1,1.463341731E-1,1.575125876E-1,5.140988946E-2
6.167790996E1,-2.418408394E-1,4.345264757E-1,-8.102460417E-1
6.169790996E1,-1.196867741E0,-4.451514512E-1,-7.247287586E-1
6.171790996E1,-1.536304457E0,-9.655018964E-1,-1.805865777E0
6.173790996E1,-1.094775941E0,8.897348455E-1,-1.637056953E0
6.175790996E1,-2.994826913E-2,3.285562462E0,1.713299967E0
6.177790996E1,1.116153361E0,2.688457956E0,1.921394771E0
6.179790996E1,7.313533616E-1,-5.434280898E-1,1.624862292E-1
6.181790996E1,-1.202061238E0,-2.531566635E0,-8.617544568E-1
6.183790996E1,-2.152684017E0,-1.029930027E0,-2.152425863E0
6.185790996E1,-1.499322572E0,7.078156143E-1,-1.995031389E0
6.187790996E1,4.422933322E-1,-1.770840955E-1,1.744078249E-2
6.189790996E1,3.206905425E-2,-6.575555067E-1,1.889600828E-1
6.191790996E1,-2.070334171E0,-6.222702646E-1,-1.417792798E0
6.193790996E1,-2.254873466E0,-1.180381151E0,-2.989117692E0
6.195790996E1,-1.218808249E0,-2.098887148E0,-2.193184172E0
6.197790996E1,-9.659676272E-1,-1.549046417E0,-1.181121190E0
6.199790996E1,-2.133765351E0,8.786935481E-1,-6.466190207E-1
6.201790996E1,-1.863398870E0,2.305881068E0,-1.492264983E-1
6.203790996E1,9.244331002E-2,7.429671744E-1,2.397416890E0
6.205790996E1,1.669499937E0,-1.019354460E0,1.478716107E0
6.207790996E1,7.958329475E-1,-1.178202040E0,-5.797090396E-1
6.209790996E1,-1.267345401E0,-1.937289257E-1,-1.954130116E0
6.211790996E1,-1.801587954E0,2.141838017E-1,-1.691287539E0
6.213790996E1,2.705951071E-1,6.622614920E-2,-4.873622087E-1
6.215790996E1,1.670706802E0,2.155868411E-2,6.881354213E-2
6.217790996E1,1.310116029E0,-2.271099490E-1,3.179087296E-1
6.219790996E1,-5.053456128E-1,-3.087955517E-1,8.327850115E-1
6.221790996E1,-1.764765698E0,-4.523262772E-1,3.872993919E-1
6.223790996E1,-1.963391520E0,-6.141320367E-1,1.596208012E-1
6.225790996E1,-7.377782822E-1,-1.067523823E0,-1.844597733E-1
6.227790996E1,6.529094553E-1,-7.455732054E-1,-1.429802394E0
6.229790996E1,2.941476917E-1,-5.416582838E-1,-1.595300524E0
6.231790996E1,1.442782921E-1,-6.436673462E-1,-4.761133352E-1
6.233790996E1,4.032082039E-1,7.999762845E-1,-1.263869816E-1
6.235790996E1,-5.483694255E-2,3.131379571E0,2.009084295E0
6.237790996E1,2.850120020E-1,2.665677204E0,4.024945512E0
6.239790996E1,3.843614584E-1,3.879753301E-1,1.557822211E0
6.241790996E1,-1.380387867E0,-1.268331242E0,-4.976918998E-1
6.243790996E1,-2.311389145E0,-1.807755889E0,-2.314204287E0
6.245790996E1,-8.397151315E-1,-1.386712508E0,-2.939833850E0
6.247790996E1,1.111752747E0,-2.717736134E-1,-1.613454959E0
6.249790996E1,2.340245154E0,9.715198508E-1,1.117758422E0
6.251790996E1,2.649422529E0,2.734195461E0,3.088378270E0
6.253790996E1,1.055356352E0,2.801051356E0,2.269764863E0
6.255790996E1,-1.070432813E0,9.193390059E-1,3.404206561E-1
6.257790996E1,-3.283402793E0,-1.150889331E0,-8.176699591E-1
6.259790996E1,-2.970281471E0,-2.731802196E0,-1.149610544E0
6.261790996E1,-1.917799026E-1,-2.687808915E0,-1.720556070E0
6.263790996E1,2.656201206E0,-7.085305095E-1,-2.769039896E0
6.265790996E1,3.712904171E0,1.716011614E0,-7.289516178E-1
6.267790996E1,2.010042946E0,2.041460620E0,1.305398934E0
6.269790996E1,-1.461704510E0,1.193445951E-1,3.767561312E-1
6.271790996E1,-2.641815886E0,-1.407010825E0,-1.347557505E0
6.273790996E1,-1.667730569E0,-2.049613393E0,-2.716033132E-1
6.275790996E1,-1.739406323E-1,-1.791647102E0,1.634302476E0
6.277790996E1,7.785409766E-1,-2.391534591E-1,7.366532779E-1
6.279790996E1,3.320440811E-1,1.696867830E0,-2.529958650E-2
6.281790996E1,5.383759493E-1,3.180902857E-1,5.576595549E-1
6.283790996E1,6.918653601E-1,-8.140172035E-1,-1.546319568E-1
6.285790996E1,6.466207749E-1,-2.690227908E-1,-2.103384973E0
6.287790996E1,-1.934311563E-1,-2.088204432E-1,-1.377052031E0
6.289790996E1,-1.008400871E0,-1.059637683E0,4.964519978E-1
6.291790996E1,-5.448289365E-1,-3.027009988E-1,1.682581912E0
6.293790996E1,9.770369911E-1,4.414805692E-1,7.274007169E-1
6.295790996E1,9.543609041E-1,-8.955589646E-1,-5.809559584E-2
6.297790996E1,-1.806418338E-1,-2.194393376E0,6.511108518E-2
6.299790996E1,-1.694691496E0,-1.133795580E0,-3.166383855E-1
6.301790996E1,-1.138600530E0,1.247131577E0,-5.203823125E-1
6.303790996E1,9.449372390E-1,1.252303439E0,-3.245005882E-1
6.305790996E1,1.602630301E0,-4.680941713E-1,1.002847186E0
6.307790996E1,1.211832813E0,-5.657836032E-1,1.135535127E0
6.309790996E1,1.344437723E0,-3.507206726E-1,4.907692350E-2
6.311790996E1,1.786094002E0,-9.085736972E-1,-8.961137923E-1
6.313790996E1,1.315505993E0,-1.222747518E0,-1.732179165E-1
6.315790996E1,7.852164504E-1,-4.164755362E-1,2.860908133E-1
6.317790996E1,-2.310088724E-2,-2.746144831E-1,8.038272607E-1
6.319790996E1,-1.768791506E0,-1.108363701E0,1.065560766E-1
6.321790996E1,-3.394896331E0,-8.738307112E-1,-1.454518282E0
6.323790996E1,-3.318356863E0,5.542675120E-1,-6.820842109E-1
6.325790996E1,-1.912981797E0,4.388814819E-1,2.682648455E-1
6.327790996E1,-2.225971118E0,-7.598041588E-1,2.225157917E-1
6.329790996E1,-1.369429016E0,4.164328516E-2,-2.950236046E-1
6.331790996E1,9.822661561E-1,1.249819542E0,9.506362277E-1
6.333790996E1,-6.403714170E-1,1.659550899E-1,-1.274977041E0
6.335790996E1,-4.319842817E0,-1.017217303E0,-3.393186021E0
6.337790996E1,-5.171595612E0,-1.700345169E0,-2.214011954E0
6.339790996E1,-4.012832128E0,-2.237698440E0,-3.816296393E-1
6.341790996E1,-2.045855095E0,-3.832251690E0,2.945333156E0
6.343790996E1,2.693632742E0,-1.664975946E0,3.416568452E0
6.345790996E1,8.072368891E0,5.165637299E0,2.763338569E0
6.347790996E1,5.706383125E0,6.220027106E0,2.502739862E0
6.349790996E1,1.128943853E0,1.189616024E-2,-5.057703545E0
6.351790996E1,1.354196142E0,-3.263065592E0,-6.083321543E0
6.353790996E1,2.984379400E0,-3.523164362E0,1.818274153E0
6.355790996E1,4.771775284E-1,-1.836833215E0,3.611971289E0
6.357790996E1,-4.492419586E0,-1.660689937E0,2.178742719E0
6.359790996E1,-5.919757379E0,-2.033882629E0,6.340287960E-1
6.361790996E1,-2.299583616E0,-6.064965963E-1,5.808273196E-1
6.363790996E1,2.941557024E0,2.116385672E0,2.199632481E0
6.365790996E1,4.829429415E0,1.710046284E0,2.103126526E0
6.367790996E1,3.965217374E0,-3.467819881E-1,8.627091609E-2
6.369790996E1,2.660918155E0,-2.173234642E-1,-3.098339002E0
6.371790996E1,1.844336947E0,3.210458778E0,1.919478346E0
6.373790996E1,5.835258096E-1,1.520208827E0,3.296580663E0
6.375790996E1,7.878304482E-1,-1.614149609E0,1.826153276E0
6.377790996E1,-2.092355955E-1,-3.674759275E0,-7.303558266E-1
6.379790996E1,-1.297888917E0,-4.329247479E0,-2.236893425E0
6.381790996E1,-9.961831141E-1,-3.376502160E0,-3.933994997E-1
6.383790996E1,3.736107677E-1,-1.672748065E-1,1.269588539E0
6.385790996E1,2.281416317E0,4.196766529E0,-1.302461147E0
6.387790996E1,2.599346389E0,6.020525955E0,3.062493816E-1
6.389790996E1,8.615445417E-1,2.391543069E0,2.736681697E0
6.391790996E1,-7.667681926E-1,-1.619387252E0,-8.347379816E-1
6.393790996E1,-1.859314590E0,-3.402336913E0,-2.539961190E0
6.395790996E1,-2.968211557E0,-3.000696640E0,-9.278148374E-1
6.397790996E1,-2.001099045E0,1.057512805E0,-2.189185846E-1
6.399790996E1,4.327389818E-1,4.769229991E0,-1.515835694E0
6.401790996E1,2.205004903E0,1.914410272E0,2.191127121E-1
6.403790996E1,3.653416353E-1,-1.027577400E0,7.480041853E-1
6.405790996E1,-2.971807010E0,-1.609338227E0,-7.741131726E-1
6.407790996E1,-3.342346820E0,1.075997608E0,-3.078633593E0
6.409790996E1,-1.774456873E0,1.138956479E0,-2.220650883E0
6.411790996E1,4.004237598E-1,-1.072875341E0,5.828171271E-1
6.413790996E1,1.078207855E0,-6.737498090E-1,2.206169084E-1
6.415790996E1,8.121308917E-1,1.718000983E0,-1.664724808E0
6.417790996E1,-1.460459054E-2,1.392935407E0,-2.073899218E-1
6.419790996E1,-6.998415470E-1,-7.827082872E-2,1.854097997E0
6.421790996E1,-6.906082088E-1,-3.296921117E-1,9.443516403E-1
6.423790996E1,-5.935140234E-1,-4.795513518E-2,1.584212449E-1
6.425790996E1,-9.819217551E-1,-6.852210959E-1,-1.266503987E-1
6.427790996E1,-9.704062486E-1,-1.148971225E0,-1.220535224E0
6.429790996E1,1.352490216E-1,-9.860248194E-1,-2.320650550E0
6.431790996E1,3.208969492E-1,-3.172405390E-1,-1.803611090E0
6.433790996E1,-1.359127391E0,-3.505076878E-1,5.771377265E-1
6.435790996E1,-1.803714001E0,-4.699599447E-1,1.644041160E-1
6.437790996E1,-3.055795830E-1,3.705213913E-1,-1.262081445E0
6.439790996E1,1.714046949E-1,-5.081455520E-1,-2.766367427E-1
6.441790996E1,-4.206317371E-1,-9.811248527E-1,6.111553654E-1
6.443790996E1,-1.040440105E0,-4.890565125E-1,-5.595960796E-1
6.445790996E1,-3.872622621E-1,-2.090439530E-1,-1.539625383E0
6.447790996E1,4.694752836E-1,-3.627292456E-1,-1.611913633E0
6.449790996E1,6.664422512E-1,-6.434735110E-1,-8.262565953E-1
6.451790996E1,4.326904500E-1,-6.810795861E-1,-1.604432121E-1
6.453790996E1,2.423700124E-1,1.922335003E-1,2.044671911E-1
6.455790996E1,-1.473673761E-2,7.430872616E-1,7.645070744E-1
6.457790996E1,-2.907481205E-1,1.456595506E0,4.642888033E-1
6.459790996E1,1.182365477E-1,1.381360698E0,6.951283988E-1
6.461790996E1,9.163007927E-1,2.565579888E-1,9.291111651E-1
6.463790996E1,6.804586118E-1,-5.926566754E-1,4.167325214E-1
6.465790996E1,-6.405724150E-1,-5.869141249E-1,-4.523183835E-1
6.467790996E1,-1.320577868E0,-9.723086402E-2,-7.376826802E-1
6.469790996E1,-9.572213620E-1,-2.265211344E-3,-3.281220612E-1
6.471790996E1,-3.184457964E-1,6.223103911E-2,2.312945089E-1
6.473790996E1,4.429757023E-1,4.054055876E-1,7.575357315E-1
6.475790996E1,8.356244195E-1,6.648170176E-1,1.632264283E0
6.477790996E1,8.913752818E-1,3.889199477E-1,5.888929689E-1
6.479790996E1,4.157569134E-1,-1.372091545E0,-1.548670149E-1
6.481790996E1,-1.998757235E0,-1.408689560E0,-3.094969252E-1
6.483790996E1,-1.574804279E0,6.360139257E-1,1.339155641E-1
6.485790996E1,9.676615655E-1,2.070495847E0,-9.254926157E-1
6.487790996E1,2.334915417E0,1.253218528E0,-6.165538073E-2
6.489790996E1,5.593885034E-1,-5.702245635E-1,1.838652284E0
6.491790996E1,-1.588345261E0,-1.080456402E0,4.147371590E-1
6.493790996E1,-1.464062108E0,-5.664379066E-1,-1.019702370E0
6.495790996E1,7.195408165E-2,4.267502636E-2,-1.148082082E0
6.497790996E1,2.256276798E-1,1.151560006E0,2.502073279E-1
6.499790996E1,-7.662863821E-1,2.000230733E0,2.129319128E-1
6.501790996E1,-5.607772171E-1,-5.267990470E-2,-4.794594043E-1
6.503790996E1,3.799538273E-1,-2.609732798E0,-1.469636551E0
6.505790996E1,4.972858107E-1,-3.463559600E0,-1.136787601E0
6.507790996E1,6.592905217E-1,-9.166978186E-1,-9.213383152E-1
6.509790996E1,1.325439243E0,1.823195754E0,6.924566598E-1
6.511790996E1,1.010100072E0,1.572355465E0,1.938210486E0
6.513790996E1,-3.396273351E-1,2.938225865E-1,7.542495963E-1
6.515790996E1,-1.720615711E0,-4.206369996E-1,5.279655665E-2
6.517790996E1,-1.424588724E0,-1.051185533E0,-1.076893401E0
6.519790996E1,-3.843374848E-2,-1.131143283E0,-2.531572482E-1
6.521790996E1,1.021325557E0,-9.280338156E-1,5.670995191E-2
6.523790996E1,1.366148728E0,-3.001171142E-1,-5.179814458E-2
6.525790996E1,4.862462676E-1,1.169774083E0,-6.687928319E-2
6.527790996E1,-3.633050501E-2,1.818506287E0,-3.969591384E-1
6.529790996E1,-1.671175164E-1,6.975026608E-1,6.518394148E-1
6.531790996E1,-9.919567466E-2,-1.188200998E0,4.747962499E-1
6.533790996E1,-6.897200167E-2,-1.531940680E0,-3.931012917E-1
6.535790996E1,4.288792348E-1,-3.230539870E-1,-1.428608247E0
6.537790996E1,9.648975867E-1,5.319510287E-1,-1.039291273E0
6.539790996E1,7.865358746E-1,3.962856853E-1,1.046885344E0
6.541790996E1,-3.666765547E-1,4.662137067E-1,-1.566586018E-2
6.543790996E1,-1.523399652E0,2.740198213E-1,-1.070787446E-1
6.545790996E1,-1.209522870E0,-9.332723361E-1,-1.113194378E-1
6.547790996E1,-2.766709489E-1,-1.771696402E0,2.360192053E-1
6.549790996E1,1.037707116E0,-4.882623875E-1,-3.343554854E-2
6.551790996E1,1.732714770E0,1.176862662E0,2.505531176E-1
6.553790996E1,4.336096323E-1,5.903588659E-1,1.121449184E-1
6.555790996E1,-9.975554556E-1,-6.718450785E-1,-6.330605701E-1
6.557790996E1,-1.521170109E0,-1.507139130E0,-6.867122090E-1
6.559790996E1,-4.116375500E-1,-1.062184730E0,5.016723919E-1
6.561790996E1,1.498503377E0,-1.289954245E-2,1.944682184E0
6.563790996E1,1.208659236E0,5.623606431E-1,1.126128126E0
6.565790996E1,-7.635633337E-1,4.226689070E-1,-3.809121494E-1
6.567790996E1,-2.150531657E0,2.433622849E-1,-1.352180314E0
6.569790996E1,-1.197178228E0,-2.525774968E-1,-1.015603069E-1
6.571790996E1,1.312783529E0,-6.444684148E-2,7.468379581E-1
6.573790996E1,2.215009489E0,-3.864126617E-1,2.142852509E-1
6.575790996E1,6.745719275E-1,2.106313258E-1,2.515939951E-1
6.577790996E1,-1.016458919E0,9.594678622E-1,7.147080928E-1
6.579790996E1,-5.574995604E-1,8.234838456E-1,8.022748250E-1
6.581790996E1,7.682422757E-1,-7.351218921E-1,-3.525456252E-1
6.583790996E1,6.218277034E-1,-1.866468074E0,-1.024341477E0
6.585790996E1,2.664283812E-1,-1.077325510E0,-3.575888121E-1
6.587790996E1,-2.025832182E-1,8.953490496E-1,1.105612586E0
6.589790996E1,-7.153103560E-1,9.160125250E-1,1.739843110E0
6.591790996E1,-4.392495641E-1,-6.293539470E-1,2.901072657E-1
6.593790996E1,4.795681626E-2,-1.108671849E0,-1.197760026E0
6.595790996E1,2.397279480E-1,-5.489044458E-1,-1.562633300E0
6.597790996E1,1.769861546E-1,3.225441098E-1,-1.002170371E-1
6.599790996E1,7.488941315E-1,4.935342371E-2,5.853179812E-1
6.601790996E1,2.305327921E0,-3.615046924E-1,2.667897391E-1
6.603790996E1,2.486273225E0,1.708328372E-1,1.051906787E-1
6.605790996E1,1.712017965E0,3.394238520E-1,7.441318667E-1
6.607790996E1,-7.307163075E-2,-6.480626982E-1,-1.672622350E0
6.609790996E1,-2.699899787E0,-2.799249244E-1,-1.424661815E0
6.611790996E1,-3.636406218E0,1.673724550E-1,-1.351127231E0
6.613790996E1,-4.292027028E0,9.192349255E-2,-1.416364177E0
6.615790996E1,-4.028336897E0,-3.875008285E-2,2.322170533E-1
6.617790996E1,-3.138808166E0,-6.294667983E-1,-7.421242252E-2
6.619790996E1,-1.170138364E0,-2.820246595E-1,2.997316365E-1
6.621790996E1,1.583960288E0,1.103843218E-1,5.728891397E-1
6.623790996E1,3.130948047E0,-1.014392513E-1,5.495027621E-1
6.625790996E1,3.283831101E0,3.455786312E-1,1.391037986E-2
6.627790996E1,2.999192444E0,1.075412301E0,7.561958420E-1
6.629790996E1,2.068532936E0,1.689804393E-1,9.997598559E-1
6.631790996E1,2.410187209E-1,-4.053827834E-1,2.478193250E-1
6.633790996E1,-1.353407937E0,-1.830020624E-1,-3.434039055E-1
6.635790996E1,-1.470975856E0,-2.379173577E-2,-7.011235490E-2
6.637790996E1,-2.269362867E-1,-1.232768476E-1,7.441792291E-1
6.639790996E1,1.222707757E0,-1.003674567E-2,5.850840926E-1
6.641790996E1,9.696298845E-1,4.382768798E-1,-1.432794561E0
6.643790996E1,-1.119735950E-1,5.647223336E-1,-1.829508993E0
6.645790996E1,-8.783608416E-1,1.727776212E-1,-1.029342674E0
6.647790996E1,-1.521312489E0,-5.709355849E-1,3.349600875E-1
6.649790996E1,-1.747563189E0,-7.124089676E-1,7.294078468E-1
6.651790996E1,-1.512201357E0,-3.077740431E-1,-1.781763554E-1
6.653790996E1,-8.252467811E-1,4.566500008E-2,-1.076554263E-1
6.655790996E1,2.312246346E-1,5.832656085E-2,5.606754756E-1
6.657790996E1,1.124297071E0,-5.302547514E-2,1.103695868E0
6.659790996E1,1.242519000E0,6.520931840E-2,2.598344761E-1
6.661790996E1,7.824463320E-1,3.556481212E-1,-4.146839494E-1
6.663790996E1,3.999583215E-2,2.250382805E-1,1.367599422E-1
6.665790996E1,-5.062107083E-1,-4.041946292E-1,8.583981550E-1
6.667790996E1,-4.045790836E-1,-3.145480424E-1,9.206943905E-1
6.669790996E1,4.431011251E-1,2.790226990E-1,-1.540413880E-1
6.671790996E1,6.087743792E-1,1.409342694E-1,-5.763097608E-1
6.673790996E1,-5.187225804E-1,-5.579641217E-1,-4.881634234E-1
6.675790996E1,-1.329846289E0,-9.063728052E-1,-5.346384090E-1
6.677790996E1,-1.032109869E0,-9.285004234E-1,1.584295772E-1
6.679790996E1,5.532167673E-2,-1.133563446E0,7.754594940E-1
6.681790996E1,-5.880796212E-1,-2.177890195E0,1.924739671E-1
6.683790996E1,-1.425316118E0,-2.522391769E0,-9.739689571E-1
6.685790996E1,-1.677899462E-1,-1.397921328E0,-7.003087395E-1
6.687790996E1,1.585329852E0,5.884327930E-1,2.166705641E0
6.689790996E1,2.313630382E0,1.708165820E0,3.678416709E0
6.691790996E1,2.826301387E0,2.792710887E0,3.182230175E0
6.693790996E1,3.089508537E0,2.280068534E0,1.067701578E0
6.695790996E1,1.831360222E0,-1.139809442E-1,2.558355653E-1
6.697790996E1,1.382691085E-2,-1.961224542E0,-7.194437528E-1
6.699790996E1,-1.213546924E0,-2.414296632E0,-1.242535665E0
6.701790996E1,-1.009069208E0,-2.554491813E0,-6.419320388E-1
6.703790996E1,5.899606705E-1,-2.860094785E0,3.333428939E-1
6.705790996E1,7.603532124E-1,-1.546264020E0,5.911185654E-1
6.707790996E1,5.819909155E-2,4.998141468E-2,-1.099028036E-2
6.709790996E1,5.426742375E-2,2.096751307E0,-1.372941584E0
6.711790996E1,-2.577937979E-1,2.812576218E0,4.530984020E-1
6.713790996E1,-9.880139691E-1,1.822273648E0,5.447464907E-1
6.715790996E1,7.213470215E-1,-1.116128218E-1,-1.218241800E0
6.717790996E1,2.405648015E0,-5.509006852E-1,-8.896816358E-1
6.719790996E1,1.806796653E0,3.064894098E-1,9.584092239E-1
6.721790996E1,3.033365911E-1,4.329804718E-1,1.044156449E0
6.723790996E1,-2.508122224E-1,4.667159826E-1,-8.003586924E-1
6.725790996E1,-5.532758242E-1,1.007474087E0,-2.835899591E-3
6.727790996E1,-1.236214825E0,1.410308070E0,1.751793942E0
6.729790996E1,-8.558435065E-1,6.510877553E-1,2.533923063E-1
6.731790996E1,-4.283138090E-1,-3.192091504E-1,-1.698922541E0
6.733790996E1,-1.194120719E0,-1.206719423E0,-1.928867805E0
6.735790996E1,-2.466318725E0,-1.818595165E0,-1.314258635E0
6.737790996E1,-1.859754885E0,1.842802638E-1,-2.495209817E0
6.739790996E1,-3.078705221E-1,2.690089621E0,-2.968639573E0
6.741790996E1,6.248925215E-1,3.621202873E0,1.973178882E0
6.743790996E1,2.142992842E-1,2.073622645E0,3.185885269E0
6.745790996E1,-3.590552938E-1,-5.755847061E-1,1.300058234E-1
6.747790996E1,-1.372161419E0,-2.567507423E0,-2.092168844E0
6.749790996E1,-2.627384373E0,-2.870155797E0,-2.487831216E0
6.751790996E1,-2.236380478E0,-7.290197378E-1,-1.466248966E0
6.753790996E1,-1.278271508E-1,4.496791842E0,-1.797927597E0
6.755790996E1,2.321558622E0,4.237917771E0,1.280956842E0
6.757790996E1,2.692857985E0,-6.282540858E-3,3.053480625E0
6.759790996E1,5.087410909E-1,-2.148013262E0,6.693386695E-1
6.761790996E1,-2.025286052E0,-1.434606174E0,-2.368323776E0
6.763790996E1,-3.058282067E0,-1.464221737E-1,-2.918944964E0
6.765790996E1,-1.887432096E0,-1.477272722E-1,-1.963495016E-1
6.767790996E1,3.104333568E-1,-2.888907525E-1,4.773161075E-1
6.769790996E1,1.265003006E0,4.872806400E-2,-2.013263592E-1
6.771790996E1,4.054336542E-1,5.699927214E-1,-2.844252339E-1
6.773790996E1,-3.711830038E-1,1.052533901E0,-3.332620561E-1
6.775790996E1,-3.616853714E-2,7.679686260E-1,1.297739520E0
6.777790996E1,3.292619759E-1,-1.319798434E-1,5.884650989E-1
6.779790996E1,-1.025989296E0,-5.980894697E-1,-1.131452455E0
6.781790996E1,-2.530856783E0,-1.294267151E0,-8.422058992E-1
6.783790996E1,-9.261451650E-1,-9.678516001E-1,-1.371069160E0
6.785790996E1,1.298663673E0,1.003134869E0,-1.185617698E0
6.787790996E1,2.038333529E0,2.060000387E0,3.265402139E0
6.789790996E1,9.179245645E-1,1.056430485E0,4.108009596E-1
6.791790996E1,-1.729018160E0,-1.132343717E0,-1.368569036E0
6.793790996E1,-3.387777931E0,-2.476939607E0,-1.502962610E0
6.795790996E1,-1.057164896E0,-1.413270854E0,-3.748968043E0
6.797790996E1,1.530630319E0,5.038265061E-1,9.917285590E-1
6.799790996E1,1.947271332E0,2.563961379E0,5.088164030E0
6.801790996E1,3.895157790E-1,1.584685489E0,5.882391040E-1
6.803790996E1,-1.325720494E0,-8.647453076E-1,-7.153390074E-1
6.805790996E1,-2.076046316E0,-2.881879756E0,-2.580130684E0
6.807790996E1,-1.171227701E0,-2.073309819E0,-2.301052437E0
6.809790996E1,1.018461590E0,1.490219627E0,-5.274994703E-1
6.811790996E1,2.372065117E0,2.623518779E0,1.018420002E0
6.813790996E1,9.515203267E-1,-1.877780682E-1,2.060676910E0
6.815790996E1,-5.812886649E-1,-2.085832801E0,2.598210823E-1
6.817790996E1,-8.040067703E-2,-1.181704742E0,-1.803994485E-1
6.819790996E1,1.651631723E0,1.174289888E0,1.154898182E0
6.821790996E1,1.974832475E0,1.300397957E0,1.836077755E0
6.823790996E1,9.147825631E-1,-4.081262970E-1,8.842293996E-1
6.825790996E1,7.666395539E-1,-1.525851390E0,-3.116291124E-1
6.827790996E1,1.381731557E0,-1.720771832E0,-6.117883265E-1
6.829790996E1,8.777957082E-1,-1.086320282E0,-4.536562264E-2
6.831790996E1,1.213153991E-1,-9.190127313E-2,1.085980559E0
6.833790996E1,7.032449189E-1,-4.818304503E-1,1.732958599E0
6.835790996E1,1.971390658E0,-1.720548468E0,1.084673122E0
6.837790996E1,1.614921733E0,-1.544323913E0,-7.162529272E-1
6.839790996E1,-5.042150536E-1,2.852669406E-1,-3.314141605E0
6.841790996E1,-3.726046373E0,7.849840236E-1,-2.312970232E0
6.843790996E1,-6.620328659E0,-5.131218249E-1,-1.136466150E0
6.845790996E1,-6.694454396E0,-1.298293544E0,8.587981045E-2
6.847790996E1,-2.907319822E0,-4.002951211E-1,1.292492814E0
6.849790996E1,2.662145193E-1,3.776623034E-1,9.399346536E-1
6.851790996E1,1.352948931E0,1.820980829E-1,-1.008445456E0
6.853790996E1,1.716583033E0,3.611942053E-2,-1.088823621E0
6.855790996E1,1.659797652E0,2.965403724E-1,-5.204232430E-1
6.857790996E1,6.769859505E-1,-1.538022369E-1,2.631258738E-1
6.859790996E1,-8.637922114E-1,-8.220770055E-1,7.551094294E-3
6.861790996E1,-1.780852557E0,-9.887969112E-1,-4.137488334E-1
6.863790996E1,-2.407288744E0,-7.889741635E-1,-9.159037668E-1
6.865790996E1,-2.077897545E0,-1.691996514E0,-4.998188976E-1
6.867790996E1,-7.655826697E-1,-2.617131280E0,1.035628942E0
6.869790996E1,1.115569809E0,-2.279207824E0,2.133660101E0
6.871790996E1,2.515662793E0,-2.075878501E-1,2.139397389E0
6.873790996E1,2.775573283E0,1.649366804E0,2.309551365E0
6.875790996E1,2.910079123E0,1.931536474E0,8.998128140E-1
6.877790996E1,3.770596894E0,1.623132101E0,1.779056877E0
6.879790996E1,2.296719650E0,8.603651583E-2,1.820815938E0
6.881790996E1,-5.277878112E-1,-2.892253302E0,-3.653363729E-1
6.883790996E1,-9.837414086E-1,-3.344934213E0,-8.898745939E-2
6.885790996E1,-2.067815191E-1,-1.959187372E0,1.417155598E0
6.887790996E1,1.054483947E0,6.910438263E-1,1.749772267E0
6.889790996E1,9.427424866E-1,1.175806071E0,-4.046131437E-1
6.891790996E1,-2.368800616E-1,-7.623611462E-1,-1.042349221E0
6.893790996E1,1.357320017E-1,-2.183060887E0,-5.499434960E-1
6.895790996E1,3.015439517E0,-8.430293334E-1,6.618440008E-1
6.897790996E1,4.406085155E0,1.832644270E0,1.284983819E0
6.899790996E1,1.765575537E0,1.620019044E0,5.129209730E-1
6.901790996E1,-1.471819024E0,5.823961276E-1,-3.146424749E-1
6.903790996E1,-4.180218324E0,3.001998523E-1,-1.079767015E0
6.905790996E1,-2.344080927E0,-8.203412595E-1,-7.125532477E-1
6.907790996E1,1.168597623E0,-1.339624296E0,-1.215874993E0
6.909790996E1,9.787665975E-1,1.127312480E0,-1.423124582E-1
6.911790996E1,-1.169724966E0,5.505533606E0,9.580876270E-1
6.913790996E1,5.364820361E-3,2.850722283E0,1.559920776E0
6.915790996E1,1.434726042E0,-2.175982541E0,-3.028866479E-1
6.917790996E1,-9.719879204E-1,-4.052884678E0,-2.048973415E0
6.919790996E1,-3.468723861E0,-2.746717274E0,-2.835039758E0
6.921790996E1,-2.820483407E0,2.101231005E0,-4.065932448E0
6.923790996E1,-1.103155001E0,4.837807014E0,-1.652133121E0
6.925790996E1,1.172045141E0,2.425694609E0,4.158903761E0
6.927790996E1,7.634943366E-1,-5.779120441E-1,1.371366490E0
6.929790996E1,-2.442807655E0,-2.108504941E0,-1.435910980E0
6.931790996E1,-5.027949988E0,-1.688142907E0,-3.859530705E0
6.933790996E1,-3.986891833E0,-5.634561921E-1,-3.911522685E0
6.935790996E1,-2.710207844E-1,-1.523293233E-1,-1.505398706E0
6.937790996E1,1.676468064E0,2.862789474E-1,-3.071238327E-1
6.939790996E1,1.468753329E0,2.760423732E-1,-4.812243864E-1
6.941790996E1,1.315354550E-1,2.268936020E-1,-1.131557266E0
6.943790996E1,-1.649786634E0,9.730624925E-1,-2.468273449E-1
6.945790996E1,-1.455771341E0,6.479469234E-1,2.364497943E0
6.947790996E1,5.611941236E-1,-2.373906697E-1,1.882491491E0
6.949790996E1,1.676003210E0,-9.067948280E-1,-2.231239021E-2
6.951790996E1,2.818445653E-1,-6.602652526E-1,-2.197700561E0
6.953790996E1,-1.694508478E0,-7.583977573E-1,-1.659608202E0
6.955790996E1,-2.162759355E0,-6.843301995E-1,-3.984096864E-1
6.957790996E1,-7.832930088E-2,-6.886637172E-1,-9.156739712E-3
6.959790996E1,1.376509994E0,-1.286460534E-1,-2.119419792E-1
6.961790996E1,8.706024635E-1,1.373948328E0,-1.771867141E-1
6.963790996E1,3.665414840E-1,8.761172649E-1,1.888276434E0
6.965790996E1,-5.538786721E-1,-1.239086685E0,1.944098048E0
6.967790996E1,-2.386151059E0,-5.067565459E-1,3.669671613E-1
6.969790996E1,-1.636098887E0,-7.290191531E-1,1.255228801E0
6.971790996E1,1.679640178E0,-5.065948704E-1,2.188404950E0
6.973790996E1,2.624605191E0,1.423490910E0,-1.553137422E-1
6.975790996E1,1.364804453E0,8.514949322E-2,-2.131017160E0
6.977790996E1,3.797795802E-1,-2.551866998E0,-3.577793729E0
6.979790996E1,1.140002400E0,-3.567504676E0,-1.208663914E0
6.981790996E1,2.325141211E0,-1.472876201E0,2.509704188E0
6.983790996E1,9.749612296E-1,5.773050739E0,2.300279143E0
6.985790996E1,7.253219587E-1,5.233819342E0,4.462440327E0
6.987790996E1,1.270273102E0,3.296578324E-1,2.965898398E0
6.989790996E1,5.877287883E-1,-3.299001995E0,-1.048054934E0
6.991790996E1,-1.871349329E0,-5.823807494E0,-3.851795131E0
6.993790996E1,-3.455217378E0,-5.728517175E0,-5.028059331E0
6.995790996E1,-2.679484234E0,-9.587676582E-1,-4.812287718E0
6.997790996E1,-2.520682043E-1,7.964346845E0,-5.052194299E0
6.999790996E1,3.333715160E0,4.025615603E0,4.432221332E0
7.001790996E1,1.382523855E0,-2.144774196E0,3.699140703E0
7.003790996E1,-3.749848634E0,-2.996751524E0,3.075267351E0
7.005790996E1,-5.062521066E0,4.937041572E0,-6.324278283E-1
7.007790996E1,3.711964524E-1,3.582738427E0,1.737342256E-1
7.009790996E1,2.499506351E0,-3.711923593E-1,6.593890473E-1
7.011790996E1,-1.380246364E0,-1.808051466E0,-1.623242906E0
7.013790996E1,-4.680896105E0,-2.168368004E0,-2.291030309E0
7.015790996E1,1.850444949E-1,-1.985159535E0,-4.052156700E0
7.017790996E1,4.610603802E0,-1.083491399E0,-3.153259560E0
7.019790996E1,3.968495323E0,9.684661424E-1,4.507909738E0
7.021790996E1,1.043492351E0,8.621076286E-1,2.093581677E0
7.023790996E1,-9.080509561E-1,-1.330376047E-1,-2.201602408E-1
7.025790996E1,-5.179887548E0,1.495464579E0,1.616508375E0
7.027790996E1,-2.866723189E0,3.459617992E0,1.189107463E0
7.029790996E1,2.347184045E0,2.875935477E0,7.544055708E-1
7.031790996E1,3.798754746E0,-1.220258943E0,1.768348579E-1
7.033790996E1,2.074123167E0,-5.414840367E0,-9.512574944E-1
7.035790996E1,-6.634250879E-3,-6.177171108E0,-1.884959893E0
7.037790996E1,-8.762578905E-1,-1.169816768E0,-1.761077274E0
7.039790996E1,-1.045052388E0,5.384056531E0,-2.676808548E-1
7.041790996E1,-7.856710714E-1,2.782244371E0,4.760183179E-1
7.043790996E1,-1.610654143E0,-1.861105592E0,6.306760025E-1
7.045790996E1,-2.075540532E0,-3.027232767E0,-9.659974480E-1
7.047790996E1,-3.447682071E-1,-8.021929640E-1,-4.707394516E-1
7.049790996E1,1.380671457E0,1.822909241E0,-1.326078636E0
7.051790996E1,6.323705256E-1,1.017860497E0,-1.016388752E0
7.053790996E1,-5.808442765E-1,-5.830451685E-1,1.882123994E0
7.055790996E1,1.729314029E-1,1.120841659E0,3.560310408E-1
7.057790996E1,1.050339441E0,1.942535672E0,-9.011869097E-1
7.059790996E1,5.521145672E-1,-1.272839445E0,-1.676575652E0
7.061790996E1,-5.166740084E-1,-2.814900486E0,-9.027200496E-1
7.063790996E1,-6.982242072E-1,-3.126693320E-1,6.581105536E-1
7.065790996E1,7.501585919E-1,2.763731502E0,1.879610860E0
7.067790996E1,1.728257730E0,8.673771393E-1,8.394461596E-1
7.069790996E1,1.218997114E0,-1.848746333E0,-7.080405128E-1
7.071790996E1,3.352185345E-1,-2.103910053E0,-1.528359261E0
7.073790996E1,2.451795995E-1,-3.798123246E-1,-6.702108548E-1
7.075790996E1,8.024014172E-1,3.478590453E-1,6.243306041E-2
7.077790996E1,9.349633509E-1,-5.189649475E-1,1.130015355E0
7.079790996E1,-5.001693651E-1,-1.821707638E0,6.648559016E-1
7.081790996E1,-1.959615973E0,-1.808839670E0,-3.798194875E-1
7.083790996E1,-3.626427945E0,-1.250721182E0,-1.115928390E0
7.085790996E1,-4.917664484E0,-1.243344920E0,-7.820159769E-1
7.087790996E1,-4.454158038E0,-1.555246512E0,5.086865656E-1
7.089790996E1,-2.524132485E0,-1.240646430E0,1.358476742E0
7.091790996E1,1.932580787E-1,-4.323027796E-1,1.253318662E0
7.093790996E1,2.554923922E0,1.079985994E0,8.426089185E-1
7.095790996E1,3.433201734E0,1.403556874E0,1.115186816E-1
7.097790996E1,2.412261801E0,-1.198100334E-1,-5.500709653E-1
7.099790996E1,1.237206805E0,-1.397444195E0,-2.889815305E-1
7.101790996E1,5.354119956E-1,-1.352194347E0,-2.673890787E-1
7.103790996E1,-2.841679564E-1,-1.114944742E0,9.696279842E-1
7.105790996E1,-1.262308609E0,-1.487771983E0,1.479495834E0
7.107790996E1,-6.532278362E-1,-1.009659777E0,1.464311199E0
7.109790996E1,8.625327212E-1,2.588316786E-1,8.947976571E-1
7.111790996E1,7.908411795E-1,2.954867041E-1,5.468397939E-1
7.113790996E1,6.098271704E-1,-1.569569267E0,5.498552396E-1
7.115790996E1,1.275376552E0,-2.271373724E0,9.438224673E-2
7.117790996E1,2.382606477E0,-1.759953439E-1,-5.417948163E-1
7.119790996E1,1.486525356E0,2.760588039E0,2.251797466E-1
7.121790996E1,-1.644997180E-1,2.098287370E0,8.630021795E-1
7.123790996E1,-6.902965522E-1,-3.219248897E-1,1.364873450E0
7.125790996E1,2.402036190E-2,-1.068616083E0,8.676098585E-2
7.127790996E1,1.111945705E0,-2.147729087E-1,2.349484339E-3
7.129790996E1,1.331016317E0,-4.608126336E-1,9.624612712E-1
7.131790996E1,2.110306907E-1,-1.807911717E0,1.261736459E0
7.133790996E1,-5.779920048E-1,-1.554623199E0,-4.676111913E-1
7.135790996E1,-5.109033912E-1,1.428752527E0,-1.056035360E0
7.137790996E1,-5.268645358E-1,3.580168283E0,-3.027933848E-1
7.139790996E1,-3.410218960E-1,1.588266324E0,1.076699420E0
7.141790996E1,4.454291940E-1,-4.341528386E-1,1.858186662E-1
7.143790996E1,1.169354253E0,-2.201365596E-1,-1.102188164E0
7.145790996E1,5.878550881E-1,9.204955852E-1,-5.724158075E-1
7.147790996E1,-3.386058265E-1,1.015867181E0,4.520121355E-1
7.149790996E1,-2.951955128E-1,7.279929668E-2,2.909083343E-1
7.151790996E1,-1.712783951E-1,-6.819841504E-1,-3.332924616E-1
7.153790996E1,-7.489429557E-1,-8.680595094E-1,-5.333926597E-1
7.155790996E1,-6.204334348E-1,-1.952818000E-1,-5.673559195E-1
7.157790996E1,7.360574466E-1,6.897013056E-1,-4.562719783E-1
7.159790996E1,1.475188774E0,1.061907280E0,4.919636750E-1
7.161790996E1,1.913694280E-1,6.597276011E-1,4.470585206E-1
7.163790996E1,-1.368685250E0,5.902492306E-1,-9.765288681E-2
7.165790996E1,-8.320067471E-1,3.619932273E-1,-2.463069427E-1
7.167790996E1,6.438877863E-1,2.737596202E-1,-1.867337555E-2
7.169790996E1,5.734843862E-1,1.147463447E-1,-4.874379301E-1
7.171790996E1,-7.645386493E-1,2.513849571E-2,-9.193261421E-1
7.173790996E1,-1.320049864E0,3.189816937E-2,-1.041144986E0
7.175790996E1,-5.937420648E-1,1.424694559E-1,-5.313724467E-1
7.177790996E1,2.376442927E-1,4.045606649E-1,-7.517180443E-2
7.179790996E1,2.254288745E-1,3.906653416E-1,-6.087390035E-2
7.181790996E1,-5.990595227E-1,1.516997243E-1,1.872176126E-1
7.183790996E1,-1.064596707E0,-5.488516746E-1,-8.771700561E-3
7.185790996E1,-3.863647145E-1,-1.226329522E0,-3.929492640E-1
7.187790996E1,4.601010275E-1,-1.305890247E0,-7.900477123E-1
7.189790996E1,7.073932260E-1,-5.019216295E-1,-1.034741116E0
7.191790996E1,3.440332121E-1,5.042553994E-1,-4.022790813E-1
7.193790996E1,-2.665365547E-1,5.225392042E-1,6.025617126E-1
7.195790996E1,-5.445155257E-1,-3.616850790E-1,4.444456923E-1
7.197790996E1,-3.675752717E-1,-8.477535181E-1,-1.330586547E-1
7.199790996E1,-2.458543682E-1,-7.364975227E-1,-5.913031912E-1
7.201790996E1,-6.567516607E-1,-1.165621244E-1,-3.449521020E-1
7.203790996E1,-4.839091355E-1,5.644339196E-1,-2.042160532E-1
7.205790996E1,-1.334568501E-2,9.041682588E-1,-1.373920262E-1
7.207790996E1,-7.585826755E-2,2.441770944E-1,5.849934608E-2
7.209790996E1,-6.718690521E-1,-4.643326575E-1,-2.808207178E-1
7.211790996E1,-8.288492507E-1,3.816177256E-1,-8.551459336E-1
7.213790996E1,-1.670713234E-1,6.960744052E-1,-5.389823055E-1
7.215790996E1,-3.904717988E-1,5.602742835E-1,5.856419170E-1
7.217790996E1,-7.236783063E-1,1.483246384E-1,2.654279226E-1
7.219790996E1,-7.039480466E-1,-2.916180401E-1,-3.311558890E-1
7.221790996E1,-3.389408720E-1,-6.783031820E-1,-6.629295364E-1
7.223790996E1,-4.172935617E-1,-8.571357411E-1,-1.008790003E0
7.225790996E1,-1.202074102E0,-9.766137989E-1,-8.416216162E-1
7.227790996E1,-5.576156276E-1,-5.284780750E-1,-1.035287246E0
7.229790996E1,8.703253055E-1,1.114891532E-1,-1.010166438E0
7.231790996E1,1.436362678E0,1.759678620E-1,-4.836065421E-1
7.233790996E1,5.012326813E-1,2.121885855E-1,2.638985834E-1
7.235790996E1,-7.532459217E-1,1.890603626E-1,7.021102667E-2
7.237790996E1,-1.624270554E0,-1.701566067E-1,-1.940740576E-1
7.239790996E1,-1.581639674E0,-6.177156490E-1,-6.516955733E-2
7.241790996E1,-1.026141323E0,-7.657361591E-1,-2.058430409E-1
7.243790996E1,-2.029328817E-1,-2.805675334E-1,-5.124546576E-1
7.245790996E1,-1.398694915E-1,1.331320372E-1,-7.362150291E-1
7.247790996E1,-3.706503224E-1,-3.487715033E-1,-7.222097781E-1
7.249790996E1,-1.509131277E-1,-9.229964393E-1,-6.723678195E-1
7.251790996E1,9.314497590E-1,-5.415568346E-1,-1.041298768E0
7.253790996E1,1.519062188E0,3.179262713E-1,-1.103526007E0
7.255790996E1,9.269848251E-1,7.822475266E-1,1.235029010E0
7.257790996E1,-2.207967103E-2,4.391440219E-1,1.380600121E0
7.259790996E1,-1.082771607E0,-5.948325706E-1,-2.465352765E-1
7.261790996E1,-1.920867060E0,-1.446273708E0,-1.708142723E0
7.263790996E1,-2.186640553E0,-1.735047224E0,-1.700608732E0
7.265790996E1,-1.029970080E0,-1.131515751E0,-3.820230107E-1
7.267790996E1,1.254801369E0,4.620107281E-1,-3.033861463E-1
7.269790996E1,2.094882537E0,1.603404765E0,-2.310315304E-1
7.271790996E1,1.219276026E0,7.050993633E-1,4.085401337E-1
7.273790996E1,-7.672073185E-2,-3.784119165E-1,2.067540371E-1
7.275790996E1,-3.625712246E-1,1.046686685E-1,-8.597583635E-1
7.277790996E1,2.733292651E-1,8.933826309E-1,1.123631219E0
7.279790996E1,3.122056478E-1,-2.766487294E-1,1.434361761E0
7.281790996E1,-2.970397246E-1,-4.717995518E-1,6.693144035E-1
7.283790996E1,-6.126069367E-2,-4.917882586E-1,-1.087761036E0
7.285790996E1,1.135262647E0,-2.840881419E-1,-1.228822775E0
7.287790996E1,1.907822506E0,6.395456439E-1,9.517834514E-1
7.289790996E1,1.890890724E0,1.324151101E0,1.232527571E0
7.291790996E1,8.944971102E-1,3.839983463E-1,3.302080554E-1
7.293790996E1,-7.041012436E-2,-1.222487901E0,-1.092887363E0
7.295790996E1,-6.251512608E-1,-1.549552494E0,-9.966812968E-1
7.297790996E1,-5.297384423E-1,-3.790966254E-1,-2.083954237E-1
7.299790996E1,7.369026616E-1,7.537622309E-1,4.563050882E-1
7.301790996E1,2.216857502E0,8.172477901E-2,7.808444872E-2
7.303790996E1,2.439727342E0,-1.128158280E0,-6.733668163E-2
7.305790996E1,1.363017251E0,-1.732563912E0,-1.318360019E-1
7.307790996E1,4.246822496E-1,-1.950977297E0,-4.354162757E-1
7.309790996E1,-7.081856699E-1,-1.561633426E0,-4.608775377E-1
7.311790996E1,-2.892084317E0,-9.005945867E-1,-2.964709367E-1
7.313790996E1,-4.882417468E0,-8.208730638E-1,-3.571485168E-1
7.315790996E1,-6.274256523E0,-8.722981560E-1,-4.265251458E-2
7.317790996E1,-4.736454594E0,-7.866908258E-1,4.752464855E-1
7.319790996E1,-7.259223215E-1,-3.788124508E-1,4.067422611E-1
7.321790996E1,2.384365027E0,3.131283385E-1,1.006060669E0
7.323790996E1,3.678159724E0,6.389889890E-1,1.732997775E-1
7.325790996E1,3.694436325E0,8.804538524E-1,-1.075169642E0
7.327790996E1,3.013607585E0,1.106879092E0,-4.487863728E-1
7.329790996E1,1.695307062E0,4.737735718E-1,8.093233511E-1
7.331790996E1,-2.224669674E-1,-5.760735333E-1,4.685163403E-1
7.333790996E1,-2.474501903E0,-6.559008908E-1,-4.485697335E-1
7.335790996E1,-3.657646814E0,-3.630308157E-1,-8.311904758E-1
7.337790996E1,-2.783071167E0,-4.197452992E-1,4.756889735E-1
7.339790996E1,-6.991470440E-1,-3.009497577E-1,6.214724851E-1
7.341790996E1,7.334516349E-1,5.829674006E-3,8.729629844E-2
7.343790996E1,1.573474476E0,3.384163767E-1,-4.236307740E-1
7.345790996E1,2.027789538E0,6.413243669E-1,-1.945047051E-1
7.347790996E1,1.916571988E0,5.552896053E-1,5.913932383E-2
7.349790996E1,7.774497400E-1,-4.462010264E-3,3.360388988E-1
7.351790996E1,-8.220049386E-1,-1.803111738E-1,-1.896386522E-1
7.353790996E1,-1.255655501E0,-2.600671953E-1,-2.315509093E-1
7.355790996E1,-3.185837907E-1,-5.243782997E-2,7.696630029E-1
7.357790996E1,1.202976912E-1,9.569377720E-2,4.669814461E-1
7.359790996E1,-1.373968501E-1,-1.518416655E-1,-4.885508014E-1
7.361790996E1,-1.463495220E-1,3.360628724E-2,-2.874445899E-1
7.363790996E1,1.543303867E-1,1.959074521E-1,4.629784423E-1
7.365790996E1,-2.378618091E-2,-6.121333122E-2,7.030088376E-1
7.367790996E1,-4.167535713E-1,-4.460098225E-1,2.125641230E-1
7.369790996E1,-5.653728363E-1,-3.291520482E-1,-2.929650924E-1
7.371790996E1,-6.249799374E-1,-1.932966703E-1,-3.894777721E-1
7.373790996E1,-8.741751122E-1,-4.670112669E-1,-2.859200746E-1
7.375790996E1,-1.062959486E0,-1.298376575E0,-2.060455008E-1
7.377790996E1,-1.233593226E0,-2.137685325E0,-1.934814423E-1
7.379790996E1,-2.043832251E0,-2.950923094E0,-9.130433089E-1
7.381790996E1,-2.057158640E0,-4.095944159E0,-3.021775268E-1
7.383790996E1,1.373470026E-1,-3.800375594E0,1.971409807E0
7.385790996E1,3.474002143E0,-2.525669718E-1,2.456694208E0
7.387790996E1,4.909852020E0,6.292339622E0,2.648127955E0
7.389790996E1,1.976482267E0,6.171660107E0,9.880964148E-1
7.391790996E1,2.688877201E-1,4.160831881E-1,-1.183579359E0
7.393790996E1,8.530040985E-1,-3.174039395E0,-2.030913413E0
7.395790996E1,1.877371377E0,-4.067861152E0,4.962309730E-1
7.397790996E1,1.130670244E0,-2.142638501E0,1.606156465E0
7.399790996E1,-6.523481226E-1,9.777714014E-3,1.190392535E0
7.401790996E1,-2.282178794E0,-1.494828987E-1,6.748832917E-1
7.403790996E1,-1.539604626E0,-6.778764814E-1,-3.958342072E-1
7.405790996E1,8.104580033E-1,2.080848634E-2,-6.969881058E-3
7.407790996E1,2.447246861E0,6.668299216E-1,1.836481067E-1
7.409790996E1,2.249839014E0,9.612261200E-1,-7.105232406E-1
7.411790996E1,1.488632108E0,9.753021222E-1,-1.109015665E0
7.413790996E1,1.230837141E0,4.754926533E-1,-2.827245712E-1
7.415790996E1,5.785112375E-1,4.926618326E-1,5.603902777E-1
7.417790996E1,-1.400651978E0,1.128623718E0,3.758590221E-3
7.419790996E1,-2.455834667E0,9.720367447E-1,-4.604179466E-1
7.421790996E1,-1.517727268E0,4.669916788E-1,-4.607547462E-1
7.423790996E1,-6.479592025E-2,3.481227547E-2,-5.266343017E-1
7.425790996E1,5.701994205E-1,-8.456170186E-1,-5.080622292E-1
7.427790996E1,1.034947815E0,-1.079589260E0,-1.671805348E0
7.429790996E1,5.742427701E-1,1.485031685E0,-1.471291751E0
7.431790996E1,-3.665859228E-1,3.495008557E0,1.637268184E0
7.433790996E1,-1.658211887E-1,1.018500474E0,2.440168222E0
7.435790996E1,-1.696978927E-2,-1.316886520E0,1.027287816E0
7.437790996E1,-4.409361935E-1,-1.452040232E0,-8.518280773E-1
7.439790996E1,-8.994777685E-1,-1.027253464E-1,-2.036149009E0
7.441790996E1,-1.746013677E0,3.298420197E-1,-1.116074424E0
7.443790996E1,-1.557098325E0,4.189236192E-1,-1.738212030E-1
7.445790996E1,-7.820990074E-1,1.220069055E0,6.081807406E-1
7.447790996E1,3.279381663E-1,8.788590243E-1,1.005499044E0
7.449790996E1,-4.576843733E-1,3.013662256E-2,5.053210545E-1
7.451790996E1,-1.615966339E0,-3.956815217E-1,-4.306195123E-1
7.453790996E1,-1.989355497E0,2.491626497E-1,-1.074083083E0
7.455790996E1,-1.395514614E0,1.969386817E-1,-5.457989895E-1
7.457790996E1,-8.900514722E-2,-1.953261658E-1,-1.008516061E-1
7.459790996E1,-9.810458422E-2,9.241044136E-1,2.390002620E-1
7.461790996E1,-9.456146389E-1,1.629610524E0,9.994809437E-1
7.463790996E1,-5.962049121E-1,6.204508303E-1,1.085934512E0
7.465790996E1,-1.554160684E-1,-6.412351238E-1,5.945850872E-1
7.467790996E1,-2.210259211E-1,-1.382753066E0,-4.210544908E-1
7.469790996E1,-2.206014132E-1,-7.391685308E-1,-1.444566175E0
7.471790996E1,1.462757009E-1,2.833353860E-1,-1.151570677E0
7.473790996E1,1.207304437E0,7.415899359E-2,-8.661480546E-1
7.475790996E1,1.448615518E0,-4.002241505E-1,-1.409484489E-1
7.477790996E1,-3.697521901E-1,-1.882478189E-1,-2.553161864E-1
7.479790996E1,-1.510874332E0,-3.466827317E-1,-7.835372762E-1
7.481790996E1,4.462665153E-1,-7.287745202E-1,-4.107901423E-1
7.483790996E1,1.167799478E0,-6.820132403E-1,8.424140601E-1
7.485790996E1,-5.355751330E-1,6.702033265E-1,2.945043719E-1
7.487790996E1,-1.705304192E0,2.367043528E-1,-8.529669687E-2
7.489790996E1,-8.268962806E-1,-1.672571187E0,-7.364065254E-1
7.491790996E1,-7.177924991E-1,-9.878864998E-1,-9.535884869E-1
7.493790996E1,-1.271254849E0,2.423280586E-1,-1.263293281E0
7.495790996E1,-6.550050974E-1,8.153758040E-1,-7.427766283E-1
7.497790996E1,4.493672937E-1,5.110190199E-1,-1.304127896E-1
7.499790996E1,2.849979687E-1,5.756566268E-1,1.129622715E0
7.501790996E1,-9.297511429E-1,1.047846480E0,1.909594213E0
7.503790996E1,-1.289782337E0,4.721708500E-1,8.689759143E-1
7.505790996E1,-9.475652701E-1,-2.789437616E-1,-4.478325458E-1
7.507790996E1,-1.397596807E0,-4.534223378E-3,-1.035797854E0
7.509790996E1,-1.116038756E0,-2.767954946E-1,-1.236998206E0
7.511790996E1,2.432698989E-1,-9.808242327E-1,-1.064035374E0
7.513790996E1,1.332169388E0,-1.445322951E0,-1.179753087E0
7.515790996E1,1.882533883E0,-7.338281956E-1,-1.380829332E0
7.517790996E1,1.919486532E0,4.301129973E-1,-5.460236688E-1
7.519790996E1,9.542188168E-1,7.294509700E-1,9.010851681E-1
7.521790996E1,-1.466744810E0,1.023461837E0,1.147914706E0
7.523790996E1,-2.292951120E0,5.005275071E-1,5.727568464E-1
7.525790996E1,-5.837462497E-1,-9.425559604E-1,-2.670890435E-1
7.527790996E1,2.909586203E-1,-1.063383994E0,-3.457144327E-1
7.529790996E1,-4.488498151E-1,-2.021131021E-1,-1.671602742E-1
7.531790996E1,-2.703197032E-1,-4.489246595E-1,-6.203697002E-1
7.533790996E1,9.146565557E-2,3.901379228E-2,-1.380538945E-1
7.535790996E1,-1.922570354E-1,2.024946329E0,5.292969044E-1
7.537790996E1,3.596680820E-1,2.886356969E0,4.451836840E-1
7.539790996E1,5.992255837E-1,1.042128780E0,2.458836043E-1
7.541790996E1,-7.430360985E-1,-9.195027280E-1,-1.741958633E0
7.543790996E1,-1.395823932E0,-1.974622852E0,-4.000791249E0
7.545790996E1,-7.905686992E-1,-1.832837228E0,-4.692551944E0
7.547790996E1,-4.856381571E-1,-5.247227007E-1,-1.954755183E0
7.549790996E1,1.972337176E0,6.283277607E-1,1.855368889E0
7.551790996E1,3.614512489E0,7.479606235E-1,5.275065016E0
7.553790996E1,2.651733933E0,7.548924977E-1,3.403491154E0
7.555790996E1,-4.476107901E-1,5.141977125E-1,1.599252657E0
7.557790996E1,-2.903126784E0,-1.735224395E0,3.835076188E-1
7.559790996E1,-2.034674342E0,-2.882834022E0,-8.927974708E-1
7.561790996E1,1.823404792E0,-1.291541179E0,-1.873074258E0
7.563790996E1,4.029706315E0,3.564842731E-1,-2.942699570E0
7.565790996E1,1.503208047E0,1.764455795E-2,-1.260891391E0
7.567790996E1,-1.208549309E0,-1.486051732E0,6.315913841E-2
7.569790996E1,-5.699269402E-1,-1.453326035E0,5.525915538E-1
7.571790996E1,9.680863658E-1,-4.311596489E-1,2.126645343E0
7.573790996E1,4.564359927E-1,-8.719274426E-1,6.924711317E-1
7.575790996E1,6.684800059E-2,-1.023271510E0,-8.077568820E-1
7.577790996E1,3.319214357E-1,-5.038510644E-1,-1.028952080E0
7.579790996E1,-4.654722798E-1,-2.886057007E-1,-1.013605039E0
7.581790996E1,-1.748389839E0,-8.806965119E-1,-2.813487214E-1
7.583790996E1,-1.255835011E0,-8.715263236E-1,6.829939646E-1
7.585790996E1,-4.066212237E-2,3.449594110E-1,7.224486369E-1
7.587790996E1,-5.433042750E-2,4.231010163E-1,2.124226204E-1
7.589790996E1,-6.165251559E-1,-2.277601594E-1,-6.907216448E-1
7.591790996E1,-1.051622320E0,-4.688016844E-1,-1.298888791E0
7.593790996E1,-8.581579806E-1,-8.127752548E-1,-5.868984836E-1
7.595790996E1,3.869810110E-1,4.109908479E-1,1.181626974E0
7.597790996E1,9.506394437E-1,9.316783851E-1,6.622755253E-1
7.599790996E1,-4.335397580E-1,-5.015332282E-2,1.192633188E-1
7.601790996E1,-1.022326015E0,-5.874668330E-1,2.188299993E-1
7.603790996E1,-2.808433758E-1,-1.638518465E-1,-3.643715823E-1
7.605790996E1,-5.150613463E-1,6.762696666E-1,-5.325702488E-1
7.607790996E1,-1.465307272E0,1.314921856E-2,-9.594199151E-2
7.609790996E1,-1.210492923E0,-5.432741618E-1,9.221699354E-1
7.611790996E1,8.447025141E-1,-1.331668282E-1,6.714752421E-1
7.613790996E1,1.478982887E0,8.766631025E-1,-6.845861614E-2
7.615790996E1,2.051882990E-1,1.914553821E-1,-4.891014630E-1
7.617790996E1,-2.605361420E-1,-5.864523411E-1,3.587795976E-1
7.619790996E1,2.338440411E-1,1.189516622E-1,1.597988489E-1
7.621790996E1,-4.088070591E-1,3.655193907E-1,-1.338152844E-1
7.623790996E1,-1.101525820E0,-2.671054888E-1,2.703901622E-1
7.625790996E1,-5.906810474E-1,-2.525313038E-1,3.711409038E-1
7.627790996E1,2.810509519E-1,-3.702632368E-2,2.913959920E-1
7.629790996E1,8.688056141E-1,6.037560064E-1,5.047869113E-1
7.631790996E1,5.239016055E-1,3.735908872E-1,6.674289688E-1
7.633790996E1,9.435491100E-2,-4.080964762E-1,4.995065832E-1
7.635790996E1,1.842557055E-1,-1.849702352E-1,-3.373983765E-1
7.637790996E1,1.867214763E-1,2.266544509E-1,-3.476763198E-1
7.639790996E1,4.386736134E-1,1.411313206E-1,2.099308294E-1
7.641790996E1,1.823397191E-1,-6.184950829E-2,1.101770380E-1
7.643790996E1,-3.209346637E-2,9.570605636E-2,-8.068338990E-2
7.645790996E1,8.491121918E-2,1.077565831E-1,-2.542448303E-1
7.647790996E1,2.876416411E-1,-8.672765672E-2,2.342979312E-1
7.649790996E1,5.858009613E-1,1.167162716E-1,1.721946537E-1
7.651790996E1,2.699792491E-1,2.345049226E-1,-1.864677072E-1
7.653790996E1,-8.029089555E-2,-3.924592674E-2,-7.872544974E-2
7.655790996E1,3.208484173E-2,-1.275254345E-1,-5.083306164E-2
7.657790996E1,2.174667209E-1,3.065718555E-1,-1.152325407E-1
7.659790996E1,-1.470295532E-1,1.939012724E-1,3.955992222E-2
7.661790996E1,-7.222846225E-1,-2.338623136E-1,2.454023784E-1
7.663790996E1,-6.019578414E-1,-2.980705887E-1,1.696788892E-1
7.665790996E1,1.433056077E-1,1.229195827E-1,-2.161505127E-1
7.667790996E1,4.121374869E-1,3.859565789E-1,-1.301674989E-1
7.669790996E1,1.353526635E-1,-1.090558344E-1,7.362697005E-2
7.671790996E1,5.572411135E-2,-1.850743157E-1,-1.595216909E-1
7.673790996E1,2.466783871E-1,8.501851559E-2,-4.497207579E-1
7.675790996E1,5.253433827E-1,3.315669483E-1,-2.925329831E-1
7.677790996E1,4.893625411E-1,2.882045817E-1,-1.076583499E-1
7.679790996E1,-2.452754939E-1,-1.856508511E-1,-1.856300935E-1
7.681790996E1,-6.305865401E-1,-1.139306581E-1,-4.692168367E-1
7.683790996E1,-6.045585367E-1,-5.481472313E-2,-5.423064476E-1
7.685790996E1,-2.845459789E-1,-2.416069508E-2,-3.560603499E-1
7.687790996E1,-1.072753572E-1,8.240656435E-2,-5.494991076E-1
7.689790996E1,-5.930765055E-1,1.650084257E-3,-4.950612375E-1
7.691790996E1,-8.515292846E-1,-7.931163311E-2,7.885876626E-2
7.693790996E1,-2.990289474E-1,-2.857791567E-1,1.014652714E-1
7.695790996E1,5.385225682E-1,1.748481202E-1,-1.703077573E-1
7.697790996E1,7.221998379E-1,4.138536447E-1,-6.081636375E-1
7.699790996E1,2.877471833E-1,1.281943560E-1,-6.548524851E-1
7.701790996E1,1.898297100E-1,-6.797388196E-3,-5.564274734E-1
7.703790996E1,2.507853252E-1,-2.104763746E-2,-5.246493182E-1
7.705790996E1,3.920178026E-1,1.550675744E-1,-3.660669824E-1
7.707790996E1,2.798603126E-1,2.167258787E-1,-5.757156837E-1
7.709790996E1,-4.677428998E-1,1.195346296E-1,-7.052806270E-1
7.711790996E1,-9.217924976E-1,-1.785552549E-1,-7.971079329E-1
7.713790996E1,-7.033940229E-1,-2.647052068E-1,-8.188815022E-1
7.715790996E1,-1.519223571E-1,1.317161340E-1,-6.799390867E-1
7.717790996E1,3.535738215E-1,6.142850876E-2,-1.150167784E-1
7.719790996E1,6.425290395E-1,-1.121484268E-1,-5.172528827E-1
7.721790996E1,4.852746065E-1,2.706296057E-1,-5.618478423E-1
7.723790996E1,4.167174648E-1,5.667711979E-1,-8.477123684E-1
7.725790996E1,4.966480257E-1,1.300555247E-1,-8.922225434E-1
7.727790996E1,4.856514595E-1,-1.446320486E-1,-1.120287343E0
7.729790996E1,-1.995455897E-1,6.412927920E-1,-1.409746445E0
7.731790996E1,-1.633339732E0,4.276899111E-1,-1.386397051E0
7.733790996E1,-2.449430797E0,-4.243909121E-2,-7.474355435E-1
7.735790996E1,-1.938434727E0,-3.468615103E-1,-3.214261222E-1
7.737790996E1,1.547015387E-1,4.488240874E-1,-2.322420502E-1
7.739790996E1,6.571938564E-1,1.552515278E0,-6.452612972E-1
7.741790996E1,-3.653736489E-1,1.274355043E0,-7.146197999E-1
7.743790996E1,-8.324813949E-1,8.714023626E-1,-1.236158107E0
7.745790996E1,-6.430036873E-3,1.005732202E0,-1.293766630E0
7.747790996E1,5.130668610E-1,9.204376978E-1,-1.195809395E0
7.749790996E1,-5.309865305E-1,4.534305239E-1,-1.306472629E-1
7.751790996E1,-1.377957326E0,1.045413746E0,6.108942872E-1
7.753790996E1,-8.388060357E-1,9.919514841E-1,6.790786690E-1
7.755790996E1,-2.551673748E-1,3.849280536E-2,2.007659036E-1
7.757790996E1,-1.365855490E-1,-8.938328665E-1,-5.402359486E-2
7.759790996E1,4.080669478E-2,-7.533330452E-1,-1.073461086E-1
7.761790996E1,5.733440530E-1,-1.511323982E-1,6.282575941E-1
7.763790996E1,1.042576970E0,-1.923728102E-1,1.249358196E0
7.765790996E1,7.823985310E-1,-3.777593672E-1,1.630720618E0
7.767790996E1,7.922404182E-1,-1.147749960E-2,1.406988605E0
7.769790996E1,1.246214148E0,5.451534569E-1,1.288560269E0
7.771790996E1,1.253286648E0,3.336725307E-1,1.152245885E0
7.773790996E1,6.231778255E-1,-4.072199786E-1,8.277692699E-1
7.775790996E1,-6.947661638E-3,-7.585206950E-1,4.096723008E-1
7.777790996E1,-3.083916552E-1,-7.636621517E-1,4.857398987E-1
7.779790996E1,-7.030655555E-1,-3.856045765E-1,8.514914238E-1
7.781790996E1,-8.925381468E-1,-5.528355289E-1,1.248407439E0
7.783790996E1,7.083463222E-2,-1.084106526E0,1.390628096E0
7.785790996E1,1.375145254E0,-6.798598570E-1,8.172875512E-1
7.787790996E1,1.447427949E0,4.854370129E-1,5.239754266E-1
7.789790996E1,4.995131613E-1,9.072890639E-1,7.469063705E-1
7.791790996E1,2.958645804E-1,8.943082452E-2,9.180151963E-1
7.793790996E1,8.171729457E-1,-5.127201211E-1,4.800464648E-1
7.795790996E1,6.570524999E-1,-4.490299094E-1,4.597665668E-2
7.797790996E1,2.204837380E-1,-5.042352265E-1,-2.303042829E-2
7.799790996E1,3.642281793E-1,-4.857568556E-1,-5.742141187E-2
7.801790996E1,5.276954252E-1,-4.789623910E-1,9.712576032E-2
7.803790996E1,3.303548205E-1,-8.273289746E-1,3.252683276E-1
7.805790996E1,1.318225533E-1,-7.780445480E-1,7.104583365E-1
7.807790996E1,2.573624195E-1,-3.839509839E-1,9.842992330E-1
7.809790996E1,4.264524941E-1,1.412342316E-1,1.118027979E0
7.811790996E1,4.617818096E-1,1.907466996E-1,8.749598086E-1
7.813790996E1,1.055578838E-1,-2.346996349E-1,8.036085749E-1
7.815790996E1,2.768288237E-1,-6.711328876E-1,2.951580906E-1
7.817790996E1,3.668622038E-1,-1.070502394E-1,3.228832483E-3
7.819790996E1,-4.561860242E-1,2.962146825E-1,3.452640510E-1
7.821790996E1,-9.827298403E-1,-2.940079433E-1,5.909710693E-1
7.823790996E1,-3.947218475E-1,-5.221253675E-1,6.400075740E-1
7.825790996E1,3.449111715E-2,-8.013492107E-2,3.923212731E-1
7.827790996E1,-9.789072230E-2,4.136057228E-1,2.624505204E-1
7.829790996E1,-1.381119646E-1,5.459135950E-2,1.514007854E-1
7.831790996E1,-3.019044618E-1,-6.724485111E-1,5.343782079E-1
7.833790996E1,-4.453748149E-1,1.156614339E-1,3.425532818E-2
7.835790996E1,1.044322948E-1,6.346503550E-1,4.331248981E-1
7.837790996E1,3.511693002E-1,7.478471875E-2,3.838626909E-1
7.839790996E1,4.164666192E-1,-7.993202269E-2,-1.213437581E-1
7.841790996E1,4.353128531E-1,5.275591850E-2,-6.010516691E-1
7.843790996E1,1.401945966E-1,-5.105145514E-2,-5.533103228E-1
7.845790996E1,-6.027814217E-2,-6.240557849E-2,-6.825513303E-2
7.847790996E1,-4.360663399E-1,4.114276350E-2,1.695569748E-1
7.849790996E1,-6.844595692E-1,6.423575699E-2,7.515777111E-2
7.851790996E1,-4.512505357E-1,1.689377546E-1,-3.215033054E-1
7.853790996E1,7.447393924E-2,2.777269560E-1,-4.847803706E-1
7.855790996E1,3.674706066E-1,-1.732939303E-2,-2.128450817E-1
7.857790996E1,4.401989327E-1,-9.197027028E-2,1.299988067E-1
7.859790996E1,3.318244451E-1,2.468174046E-1,1.284107029E-1
7.861790996E1,4.275973789E-2,4.087823546E-1,4.047892910E-1
7.863790996E1,-1.655669079E-1,3.799579203E-2,1.884809035E-1
7.865790996E1,1.825204711E-1,-1.511885315E-1,-2.683597165E-1
7.867790996E1,3.476383860E-1,5.092457056E-2,-5.444517910E-1
7.869790996E1,1.506645479E-1,2.722013372E-1,-4.175637031E-1
7.871790996E1,-1.278411110E-1,1.692687070E-1,1.094318104E-1
7.873790996E1,-3.091795675E-2,-1.412967968E-1,4.384107810E-1
7.875790996E1,2.478240028E-1,3.890035629E-2,2.587632662E-1
7.877790996E1,2.554192436E-1,1.061170238E-1,-3.101000655E-1
7.879790996E1,1.079925182E-1,2.811218494E-1,-1.865519071E-1
7.881790996E1,-1.317687589E-1,2.040912151E-1,1.705866694E-2
7.883790996E1,5.923799559E-2,-1.308267725E-1,4.865058839E-2
7.885790996E1,1.720112704E-1,-9.207142711E-2,-9.081895351E-2
7.887790996E1,4.519239888E-2,1.626356256E-1,3.878516614E-2
7.889790996E1,-6.553595848E-2,1.234592807E-1,2.609530485E-1
7.891790996E1,4.691747367E-2,-2.679837406E-2,2.461268485E-2
7.893790996E1,3.408115424E-1,8.590846181E-2,-2.075872654E-1
7.895790996E1,4.194602475E-2,1.195451546E-1,-4.346820116E-2
7.897790996E1,-2.556552518E-1,-2.813914061E-2,2.583627319E-1
7.899790996E1,2.808315352E-2,-5.485682309E-2,3.840708518E-1
7.901790996E1,2.054104932E-1,1.376364398E-1,5.875165343E-2
7.903790996E1,1.803152668E-1,4.180653942E-1,-1.582835430E-1
7.905790996E1,5.825763680E-2,-1.135324627E-1,1.611147648E-1
7.907790996E1,1.552554162E-1,-2.097022033E-1,3.588477176E-1
7.909790996E1,2.347296750E-1,2.629042643E-1,7.289431393E-2
7.911790996E1,9.722669788E-2,2.971011204E-1,-1.507435584E-1
7.913790996E1,-1.843062839E-1,-2.247687238E-1,-3.228013873E-2
7.915790996E1,-2.590609626E-1,-4.106733441E-1,7.524314046E-2
7.917790996E1,-8.719367981E-2,4.697711527E-2,-8.398005009E-2
7.919790996E1,2.645960100E-2,5.459176880E-1,-1.360454124E-1
7.921790996E1,-1.502671565E-1,2.502099591E-1,1.293830949E-1
7.923790996E1,1.849569328E-2,-4.330547315E-1,3.416867244E-1
7.925790996E1,3.789516876E-1,-7.812523305E-2,-7.464555502E-3
7.927790996E1,1.853057923E-1,5.063337922E-1,-1.273517722E-1
7.929790996E1,-5.234032765E-2,1.365821868E-1,6.469593287E-2
7.931790996E1,1.041883197E-1,-4.518558687E-1,1.466300422E-1
7.933790996E1,5.415808082E-2,2.581545711E-2,-9.637731671E-2
7.935790996E1,-2.462754408E-1,2.949756575E-1,-9.523067772E-2
7.937790996E1,-1.622955369E-1,-1.102550983E-2,2.062874293E-1
7.939790996E1,-8.010451555E-2,-1.976089919E-1,-2.144057035E-2
7.941790996E1,-9.328786723E-2,9.195448279E-2,-1.802322364E-1
7.943790996E1,-2.179750632E-1,2.457228059E-1,-1.129144120E-1
7.945790996E1,-9.685620368E-2,3.561305165E-2,2.823544425E-1
7.947790996E1,1.673452654E-1,-2.175573528E-2,3.344268215E-1
7.949790996E1,3.312351188E-1,-1.418125212E-2,1.951356196E-1
7.951790996E1,5.449239537E-3,5.789503634E-2,-2.575388592E-1
7.953790996E1,-2.046779832E-1,1.562300009E-1,-3.294935256E-1
7.955790996E1,-2.495769981E-1,-1.603563809E-1,-3.184107131E-1
7.957790996E1,-3.447218679E-2,-9.105635047E-2,-2.762633979E-2
7.959790996E1,1.071082000E-1,2.167258787E-1,2.652238548E-1
7.961790996E1,8.270871922E-2,2.059325033E-1,5.348898393E-1
7.963790996E1,1.015226472E-1,4.602752745E-2,3.011386228E-1
7.965790996E1,2.556385873E-1,1.504605532E-1,-1.423264915E-1
7.967790996E1,2.108120048E-1,1.580157405E-1,-3.316552413E-1
7.969790996E1,-1.497577178E-1,-1.102784872E-2,-1.656791013E-1
7.971790996E1,-3.655951121E-1,-6.251901448E-2,-2.327016413E-2
7.973790996E1,-3.015556023E-1,-8.281119168E-2,1.220220351E-1
7.975790996E1,-1.606538580E-1,-1.787382728E-1,1.501401258E-1
7.977790996E1,1.650657284E-1,5.950068176E-2,9.794086218E-2
7.979790996E1,1.656642640E-1,3.488729525E-1,-4.770275474E-2
7.981790996E1,1.390858184E-1,2.051612556E-1,1.777261198E-2
7.983790996E1,2.913085031E-1,-2.294447422E-3,1.471434277E-1
7.985790996E1,1.547499244E-1,-1.254280382E-1,-7.664237916E-2
7.987790996E1,-2.279288515E-2,2.261586070E-2,-9.610191286E-2
7.989790996E1,-9.085330591E-2,1.093382549E-1,7.740544081E-3
7.991790996E1,-6.717098616E-2,1.118443716E-1,9.193928003E-2
7.993790996E1,-6.712895930E-3,2.141338080E-1,3.936696410E-2
7.995790996E1,2.013236549E-1,1.632261944E-1,9.005881548E-3
7.997790996E1,1.778295424E-1,-6.292071819E-2,8.529450417E-2
7.999790996E1,-1.155637123E-1,-5.145549774E-2,1.161128390E-1
8.001790996E1,-1.815788502E-1,-5.870429099E-2,-6.893750310E-2
8.003790996E1,1.152263572E0,-9.980612397E-3,-6.837324679E-1
8.005790996E1,2.329969257E-1,6.166099405E-1,3.004673624E-1
8.007790996E1,-7.296078216E-1,8.390111268E-2,7.571302271E-1
8.009790996E1,-5.218701366E-1,-2.792314446E-1,3.622665846E-1
8.011790996E1,-1.493479011E-1,-2.992107958E-1,4.013359255E-1
8.013790996E1,1.345138805E-1,-9.019856393E-2,3.912103021E-1
8.018179875E1,3.825911408E-1,-1.830470860E-2,1.088020653E-1
8.020179875E1,2.904131665E-1,-3.079494596E-1,4.199236393E-2
8.022179875E1,2.608675695E-1,-2.583451903E-1,8.329592586E-2
8.024179875E1,5.264616444E-2,-2.727685171E-1,1.893556470E-1
8.026179875E1,-3.002073806E-1,-4.540251857E-1,1.129980272E-1
8.028179875E1,-1.708833425E-1,-4.456806242E-1,1.047411740E-1
8.030179875E1,1.687385838E-1,-2.774211466E-1,-1.735418522E-1
8.032179875E1,-1.213746113E-1,-1.937930989E-1,1.023642808E-1
8.034179875E1,-3.276018052E-1,-3.619262767E-1,4.011879909E-1
8.036179875E1,-1.781388053E-1,-5.452832651E-1,4.319104314E-1
8.038179875E1,-2.643774338E-1,-4.650401706E-1,3.408412170E-1
8.040179875E1,-1.464201637E-1,-6.091044545E-3,2.600005370E-1
8.042179875E1,-1.230288891E-2,3.970657039E-1,2.614915770E-1
8.044179875E1,-2.867567198E-1,1.124635917E-1,4.484697461E-1
8.046179875E1,-1.741803316E-2,-1.252116913E-1,6.746078879E-1
8.048179875E1,-2.820477560E-3,-3.628518909E-1,8.140306520E-1
8.050179875E1,1.965841760E-1,-7.875959748E-1,5.221680522E-1
8.052179875E1,4.498646725E-2,-7.862932152E-1,2.740829712E-1
8.054179875E1,-3.739465075E-1,-7.034919637E-1,3.067975581E-1
8.056179875E1,-7.505411460E-1,-8.509330148E-1,3.260039073E-1
8.058179875E1,-9.924087363E-1,-1.060466233E0,7.164417922E-1
8.060179875E1,-1.035308369E0,-1.074001368E0,1.062646075E0
8.062179875E1,-6.815236822E-1,-6.945030391E-1,1.435945187E0
8.064179875E1,-1.647857564E-1,-7.066734338E-1,1.871284425E0
8.066179875E1,4.229326165E-1,-1.015356134E0,1.885465677E0
8.068179875E1,9.472927167E-1,-1.149489507E0,1.722698489E0
8.070179875E1,8.806203519E-1,-1.504043030E0,1.345374740E0
8.072179875E1,3.097440066E-1,-1.603559716E0,8.521468967E-1
8.074179875E1,-1.738097643E-1,-1.068027268E0,4.737665552E-1
8.076179875E1,-1.929018736E-1,-9.727971750E-1,3.518526936E-1
8.078179875E1,-3.147547049E-1,-1.618394687E0,4.903130060E-1
8.080179875E1,-8.863082309E-1,-1.941932239E0,7.603707540E-1
8.082179875E1,-1.218303634E0,-1.821733366E0,1.265249467E0
8.084179875E1,-5.518044455E-1,-1.528704246E0,1.762851319E0
8.086179875E1,5.042900442E-1,-1.668064445E0,1.971505117E0
8.088179875E1,9.487002146E-1,-2.252537504E0,2.020193127E0
8.090179875E1,6.081750030E-1,-2.543448762E0,1.692848454E0
8.092179875E1,6.030593928E-2,-2.457893472E0,1.199489048E0
8.094179875E1,-4.015266909E-1,-2.306421350E0,8.644845217E-1
8.096179875E1,-8.206118394E-1,-1.841168926E0,8.894533020E-1
8.098179875E1,-9.188036934E-1,-4.316239178E-1,7.474367130E-1
8.100179875E1,-4.551864793E-1,1.048275374E0,6.520686257E-1
8.102179875E1,1.228865277E-1,2.464192092E-1,5.137416297E-1
8.104179875E1,6.809682698E-1,-7.321240246E-1,2.251025999E-1
8.106179875E1,1.147488590E0,1.757421595E-1,-4.041876125E-1
8.108179875E1,1.423116980E0,2.656959590E0,-7.419944170E-1
8.110179875E1,1.189086778E0,3.214820800E0,-9.049589485E-1
8.112179875E1,1.813840648E-1,2.080554519E0,-9.327525187E-1
8.114179875E1,-1.239735580E0,1.609243210E0,-1.419071292E0
8.116179875E1,-2.344991193E0,1.476438324E0,-1.600135587E0
8.118179875E1,-2.273077603E0,1.718707180E0,-1.443657079E0
8.120179875E1,-1.119673677E0,2.119790506E0,-1.282965068E0
8.122179875E1,-2.047579987E-1,2.143067102E0,-1.195204208E0
8.124179875E1,9.317044783E-3,1.907787423E0,-1.383526945E0
8.126179875E1,6.231483702E-2,1.563747194E0,-1.467559327E0
8.128179875E1,1.193350568E-1,1.225895074E0,-1.418997324E0
8.130179875E1,-2.768510431E-3,8.753217512E-1,-1.477432643E0
8.132179875E1,-4.485388894E-1,7.383062857E-1,-1.625446722E0
8.134179875E1,-1.026968485E0,1.123280532E0,-1.508355351E0
8.136179875E1,-1.430303939E0,1.291923003E0,-1.318131685E0
8.138179875E1,-1.221755830E0,9.068405825E-1,-1.384015772E0
8.140179875E1,-5.572106714E-1,5.838672870E-1,-1.414593202E0
8.142179875E1,-4.862800352E-2,5.212289894E-1,-1.256103252E0
8.144179875E1,5.265304405E-2,7.574073851E-1,-1.096213186E0
8.146179875E1,-4.289400458E-2,8.104960102E-1,-9.871325013E-1
8.148179875E1,-1.141125065E-1,6.911046374E-1,-1.041987570E0
8.150179875E1,-1.475771450E-1,4.707663488E-1,-1.149232522E0
8.152179875E1,-1.695858454E-1,3.318060994E-1,-8.577771807E-1
8.154179875E1,-1.788226189E-1,3.545693099E-1,-8.779132372E-1
8.156179875E1,-2.690443524E-1,4.413408208E-1,-9.096881765E-1
8.158179875E1,-4.660874800E-1,3.414873344E-1,-8.962702784E-1
8.160179875E1,-5.601520036E-1,2.459058237E-1,-7.391149557E-1
8.162179875E1,-3.591742115E-1,2.740490574E-1,-6.840736529E-1
8.164179875E1,-1.243493731E-1,1.027232999E-1,-6.367974526E-1
8.166179875E1,-8.034607865E-2,-9.842618108E-2,-5.574928361E-1
8.168179875E1,-2.505600612E-1,-1.771215177E-1,-3.534033751E-1
8.170179875E1,-3.666728271E-1,-1.825717074E-1,-2.048466754E-1
8.172179875E1,-3.416864321E-1,-1.405179477E-1,-2.655629933E-1
8.174179875E1,-2.317483990E-1,1.941801846E-2,-2.576593119E-1
8.176179875E1,-2.048371006E-1,7.476834655E-3,-1.451670688E-1
8.178179875E1,-6.993781552E-2,-3.635389388E-2,-1.194527686E-1
8.180179875E1,1.213456585E-1,-1.039991623E-1,-2.115429068E-1
8.182179875E1,-2.813775189E-2,3.036459088E-2,-3.400278693E-1
8.184179875E1,-1.820222884E-1,3.294935256E-1,-3.847432816E-1
8.186179875E1,-1.028672875E-1,4.608377767E-1,-3.289421332E-1
8.188179875E1,-1.036196780E-1,4.052792877E-1,-6.969530225E-2
8.190179875E1,-1.767168903E-1,2.819065458E-1,4.184735298E-2
8.192179875E1,-9.545747660E-2,1.070239270E-1,1.259981418E-1
8.194179875E1,-5.279363304E-2,-6.435328603E-2,2.387087783E-1
8.196179875E1,-1.040767841E-1,2.900628269E-2,2.967467791E-1
8.198179875E1,-9.514092296E-2,1.797399008E-1,3.755897579E-1
8.200179875E1,1.087947562E-2,-1.009679657E-1,3.542421582E-1
8.202179875E1,4.119268410E-2,-3.715817839E-1,4.034298134E-1
8.204179875E1,1.191241550E-1,-3.867629099E-1,3.667166081E-1
8.206179875E1,2.320975509E-1,-1.219454366E-1,2.843234923E-1
8.208179875E1,2.503820135E-1,9.081369102E-2,1.396297556E-1
8.210179875E1,2.363673339E-1,-1.517352462E-3,1.530801058E-3
8.212179875E1,1.185655998E-1,-4.461484015E-2,1.353609958E-1
8.214179875E1,-3.700468898E-2,-2.691941142E-2,1.717306772E-1
8.216179875E1,-1.806047771E-1,-2.566793185E-1,1.779050446E-1
8.218179875E1,-4.027983872E-1,-4.706996906E-1,2.964140725E-1
8.220179875E1,-3.878855022E-1,-4.574200791E-1,2.836151022E-1
8.222179875E1,-1.027003495E-1,-3.979106265E-1,3.911284411E-1
8.224179875E1,2.046792258E-1,-3.370095366E-1,5.039887664E-1
8.226179875E1,4.916495334E-1,-5.256272650E-1,4.352217096E-1
8.228179875E1,5.866660568E-1,-7.870340574E-1,4.469295895E-1
8.230179875E1,5.080283153E-1,-9.295330417E-1,5.140819377E-1
8.232179875E1,5.295074773E-1,-9.938325334E-1,4.192824921E-1
8.234179875E1,6.192316858E-1,-1.030596317E0,4.018039951E-1
8.236179875E1,6.317691395E-1,-1.247706358E0,4.574791360E-1
8.238179875E1,5.164605850E-1,-1.809342531E0,3.510337910E-1
8.240179875E1,3.569663029E-1,-2.277350748E0,4.565196079E-1
8.242179875E1,3.853656446E-1,-2.391220011E0,4.704500145E-1
8.244179875E1,6.221155326E-1,-2.147066597E0,4.505326438E-1
8.246179875E1,1.027646981E0,-1.799903955E0,5.208775717E-1
8.248179875E1,1.199921669E0,-2.031434399E0,4.182007572E-1
8.250179875E1,7.525370199E-1,-2.447915198E0,2.831476173E-1
8.252179875E1,2.618547622E-1,-2.186823571E0,1.921780980E-1
8.254179875E1,2.666893132E-1,-1.849804094E0,3.826219118E-1
8.256179875E1,6.254722729E-1,-1.962093439E0,2.955796748E-1
8.258179875E1,1.021829733E0,-1.914588904E0,3.011653738E-1
8.260179875E1,1.272334245E0,-1.620417239E0,3.463916865E-1
8.262179875E1,1.237109157E0,-1.304776352E0,2.851964816E-2
8.264179875E1,1.015517371E0,-1.202924287E0,-5.403676571E-1
8.266179875E1,3.795794593E-1,-1.605849486E0,-6.580064732E-1
8.268179875E1,2.105668603E-1,-1.978159248E0,-2.913006824E-1
8.270179875E1,9.198791425E-1,-1.897193438E0,2.268327910E-1
8.272179875E1,1.133901415E0,-1.464855575E0,-5.698029792E-1
8.274179875E1,4.246085747E-1,-1.323532466E0,-7.635990018E-1
8.276179875E1,-4.053019457E-1,-1.343272666E0,-8.108026966E-1
8.278179875E1,-3.710175276E-2,-1.244596809E0,-1.341517916E-1
8.280179875E1,8.812525821E-1,-3.629103631E-1,-2.334342974E-1
8.282179875E1,1.320132895E0,3.584436750E-1,-7.830219904E-1
8.284179875E1,9.700823128E-1,6.141330600E-2,-4.316473067E-1
8.286179875E1,4.889675617E-2,-3.257951617E-1,5.889315605E-2
8.288179875E1,-1.069510999E0,2.120732492E-1,-3.910316697E-1
8.290179875E1,-1.282049394E0,6.139734310E-1,-3.213976170E-1
8.292179875E1,-4.409739080E-1,1.418142754E-1,-1.598140517E-1
8.294179875E1,8.338801950E-2,-5.609596503E-1,4.150757128E-1
8.296179875E1,-4.886328086E-1,-6.343346053E-1,7.568219326E-1
8.298179875E1,-5.286385810E-1,-3.338064319E-1,5.598695831E-1
8.300179875E1,3.000136185E-1,3.637371594E-1,3.701778674E-1
8.302179875E1,6.801560184E-1,1.351673360E0,3.062043580E-1
8.304179875E1,6.302971029E-1,1.761088969E0,2.879896966E-1
8.306179875E1,9.447530517E-1,2.046990917E0,-7.309209600E-2
8.308179875E1,1.430275142E0,2.023972183E0,5.039393574E-1
8.310179875E1,8.935136086E-1,1.880738204E0,1.143349054E0
8.312179875E1,-3.539261162E-2,1.420566425E0,1.154995684E0
8.314179875E1,-4.019501755E-1,1.423149140E0,6.048318940E-1
8.316179875E1,8.431720054E-1,1.615790922E0,1.319756334E0
8.318179875E1,6.251407358E-1,7.926859760E-1,1.101718340E0
8.320179875E1,2.388382941E-1,-4.117346138E-1,1.968164018E-1
8.322179875E1,1.145796990E-1,-6.627520734E-1,-2.700767514E-1
8.324179875E1,-2.600540391E-1,8.127015799E-1,-6.099803674E-1
8.326179875E1,-1.370713941E0,2.213364083E0,-6.178437030E-1
8.328179875E1,-1.958997045E0,1.600236744E0,4.900355557E-1
8.330179875E1,-1.223641557E0,8.771899366E-1,6.632894325E-1
8.332179875E1,-1.108356684E0,1.117550846E0,1.138965396E0
8.334179875E1,-1.655481530E0,1.452606828E0,3.204815045E-1
8.336179875E1,-2.481671759E0,2.503823935E0,1.129498169E0
8.338179875E1,-2.036683737E0,2.710622411E0,1.136102599E0
8.340179875E1,-1.226556394E0,2.255992624E0,6.432384530E-1
8.342179875E1,-1.041894892E0,2.348335946E0,4.520573053E-1
8.344179875E1,-4.417091954E-1,2.667168828E0,4.476511359E-2
8.346179875E1,-6.202904704E-1,2.310644209E0,1.393213150E-1
8.348179875E1,-2.015710652E0,1.612852111E0,8.424200535E-1
8.350179875E1,-3.127772716E0,8.775390154E-1,1.286333357E0
8.352179875E1,-2.930527714E0,-3.052375209E-1,-2.403661716E-1
8.354179875E1,-9.652726856E-1,-4.553191745E-1,-1.727267504E-3
8.356179875E1,1.163207952E0,3.567456436E-1,-8.241840497E-2
8.358179875E1,1.231523896E0,7.951523316E-1,-1.665920856E0
8.360179875E1,4.361935169E-2,-7.940168023E-2,-1.926675099E0
8.362179875E1,-1.089509646E0,1.082840019E-1,2.536451983E-1
8.364179875E1,-1.440937832E0,9.288670439E-1,7.711481957E-1
8.366179875E1,-6.690182421E-1,1.909285480E-1,1.504442541E0
8.368179875E1,3.846693143E-1,-1.063326691E0,1.918874913E-1
8.370179875E1,1.491072151E-1,-4.705160880E-1,-9.757848099E-2
8.372179875E1,-3.358415553E-1,6.071777970E-1,-6.956514323E-1
8.374179875E1,-2.662205127E-1,5.066612363E-2,1.223488214E-1
8.376179875E1,-4.102269092E-1,5.324462879E-1,1.628732564E0
8.378179875E1,-5.441237622E-1,4.896809220E-1,3.524905078E0
8.380179875E1,2.003548443E-2,-1.340055528E0,2.663570452E0
8.382179875E1,1.081309218E0,-1.043428032E0,6.113180642E-1
8.384179875E1,2.942448432E0,7.078434616E-1,7.571705729E-1
8.386179875E1,4.165868087E0,2.664677914E0,1.849464517E0
8.388179875E1,5.041617855E0,1.823223821E0,3.108455855E-1
8.390179875E1,2.086770694E0,5.507603520E-1,-6.913679083E-1
8.392179875E1,-7.607460283E0,5.033339367E0,-1.791503992E0
8.394179875E1,-4.678906005E0,-5.411075930E0,-8.011220464E0
8.396179875E1,-4.170555215E0,-5.624603966E0,-1.922584387E0
8.398179875E1,-3.886200733E0,-2.232533594E0,6.414860424E0
8.400179875E1,-4.453956894E0,5.516188402E0,1.664537989E0
8.402179875E1,1.555018471E0,3.310874766E-1,1.848969696E0
8.404179875E1,5.172884338E0,-5.575051153E-1,-5.818285968E0
8.406179875E1,4.520309928E0,2.768449620E0,-2.829760015E0
8.408179875E1,1.985011893E0,4.123626047E-1,1.505912969E0
8.410179875E1,-1.318985963E0,-5.033692539E-2,1.484651324E0
8.412179875E1,-2.037866337E0,-9.454778141E-1,-8.287953101E-2
8.414179875E1,-2.364916311E0,-2.762529899E0,-1.416933550E0
8.416179875E1,3.350960353E-1,5.151373601E-1,-1.393503172E0
8.418179875E1,2.244163122E0,2.158942877E0,-7.056882510E-1
8.420179875E1,7.780553654E-1,9.895131952E-1,-3.458441313E-1
8.422179875E1,-6.392377880E-1,-1.630203724E-3,-1.527642977E0
8.424179875E1,3.978185329E-1,-8.603470320E-1,3.749695145E-2
8.426179875E1,2.610030422E-1,-7.004987741E-1,7.232280707E-1
8.428179875E1,-1.648646134E0,-6.293580401E-1,-1.198992620E0
8.430179875E1,-2.155123476E0,-1.886136938E0,-2.187311229E0
8.432179875E1,-8.347414899E-1,-1.818753625E0,-6.542461288E-1
8.434179875E1,-5.626746386E-1,9.019774532E-1,-2.488235843E-1
8.436179875E1,1.987667406E-1,9.831251121E-1,-7.999289221E-1
8.438179875E1,1.425344477E0,1.529576651E0,-1.050968601E0
8.440179875E1,1.975893745E0,2.233557442E0,-3.926738602E-1
8.442179875E1,9.217425039E-1,2.016464943E-1,4.141308028E-1
8.444179875E1,2.695274055E-3,-1.552103634E0,-9.327631167E-1
8.446179875E1,-6.401829904E-1,-1.321233341E0,-2.236986249E0
8.448179875E1,-1.262218855E0,1.459336388E-1,-7.792005426E-1
8.450179875E1,-9.779403859E-1,7.052280021E-1,7.527810681E-1
8.452179875E1,-4.734089980E-1,4.674264193E-1,5.111014657E-3
8.454179875E1,4.719071406E-1,4.532936990E-1,-8.290568999E-1
8.456179875E1,1.478531920E0,-1.171898961E-2,-7.725938467E-1
8.458179875E1,1.246283730E0,-7.792233467E-2,5.070769733E-1
8.460179875E1,6.752276927E-2,2.691718948E-1,6.836324805E-1
8.462179875E1,-2.420177177E-1,-3.792632711E-1,1.362605169E-1
8.464179875E1,-3.137113059E-1,-9.250534898E-1,-3.995911894E-1
8.466179875E1,-7.369815990E-1,-9.345715874E-1,-1.860087738E-1
8.468179875E1,-1.430609018E0,-1.997174978E-1,6.761492870E-1
8.470179875E1,-6.252313676E-1,3.786539912E-2,1.329056330E0
8.472179875E1,9.942327753E-1,2.785291940E-1,1.690615987E0
8.474179875E1,2.028811046E0,2.131590772E-1,1.887335617E0
8.476179875E1,1.244762577E0,9.469741166E-2,2.029381442E0
8.478179875E1,3.880566064E-1,5.828282368E-1,1.649518247E0
8.480179875E1,6.648117551E-1,1.291801965E-1,4.227717450E-1
8.482179875E1,4.474499917E-1,-6.194996345E-1,4.819684446E-2
8.484179875E1,-9.122024792E-1,-1.641933239E-1,-4.688730204E-1
8.486179875E1,-1.885423870E0,3.940654975E-1,6.294632900E-1
8.488179875E1,-1.059819239E0,4.011441368E-1,1.140647348E0
8.490179875E1,1.170420200E0,-2.766095531E-1,-8.656527223E-1
8.492179875E1,1.452812650E0,-5.303383666E-1,-1.694232489E0
8.494179875E1,-2.506365135E-1,-1.109112729E0,-2.735385954E-1
8.496179875E1,-1.919980330E0,9.958252645E-1,1.015402912E0
8.498179875E1,-8.564738363E-2,4.867310017E-1,1.691806480E0
8.500179875E1,6.550740945E-1,-8.410512203E-1,-1.722098565E-1
8.502179875E1,-2.041195449E0,-3.256530744E-1,-2.084869764E0
8.504179875E1,-2.531794969E0,-8.152597368E-1,-3.288330826E0
8.506179875E1,-1.409646749E-1,1.444466919E-1,-5.558589779E-2
8.508179875E1,1.861781530E0,1.400036266E0,2.794416520E0
8.510179875E1,1.405125682E0,-9.616330862E-2,1.041976168E0
8.512179875E1,-6.888291934E-1,-1.763796229E0,-1.808505794E0
8.514179875E1,-2.094616488E0,-1.078011389E0,-2.849832337E0
8.516179875E1,-1.746779370E0,1.212158795E0,-1.219712228E0
8.518179875E1,-6.889715731E-2,2.102974498E-1,9.131244390E-1
8.520179875E1,7.309852794E-1,-7.368561763E-1,1.653429449E0
8.522179875E1,1.516939356E0,-9.664365739E-1,2.486838359E-1
8.524179875E1,1.506464654E0,-5.977661186E-1,7.366899692E-2
8.526179875E1,3.488723677E-1,5.180866957E-1,1.334796542E-1
8.528179875E1,-2.634243742E-1,8.307332236E-1,-9.693267795E-1
8.530179875E1,-5.986490482E-1,-1.021864670E0,1.818869984E-1
8.532179875E1,-1.706405808E0,-2.975399539E0,1.236285576E0
8.534179875E1,-8.021309835E-1,-1.724566675E0,2.388849549E0
8.536179875E1,6.872656479E-1,3.264889339E0,2.246470433E0
8.538179875E1,1.832268294E0,2.519034882E0,1.707178810E0
8.540179875E1,1.191174892E0,-1.494927805E0,4.625615358E-1
8.542179875E1,2.405983061E-1,-1.330148005E-1,-1.851259466E0
8.544179875E1,-2.734421164E-1,2.195294432E0,-9.962158585E-1
8.546179875E1,2.530189615E-1,-8.830143481E-1,9.367011434E-1
8.548179875E1,-1.685518384E-2,-2.691942896E0,-1.322980489E0
8.550179875E1,-5.018612570E-1,7.141157699E-1,1.358091849E-1
8.552179875E1,-2.381547546E-1,3.566488137E0,1.691581362E0
8.554179875E1,9.928794372E-1,-9.505695695E-1,2.031872941E0
8.556179875E1,1.712126724E0,-3.436060145E0,-5.915710302E-1
8.558179875E1,1.319727098E0,-2.165727986E0,-1.689985072E0
8.560179875E1,-5.164898211E-1,2.555639622E0,3.690481853E-1
8.562179875E1,-2.172801948E-1,6.102809143E-1,1.726086366E0
8.564179875E1,3.478923744E-1,-3.805543363E-2,1.703808475E0
8.566179875E1,1.952416881E0,-4.844178432E-1,2.541837269E0
8.568179875E1,2.249675292E0,-1.569203231E0,-1.771983501E0
8.570179875E1,3.572900194E-1,-2.981132149E0,1.093139305E0
8.572179875E1,-1.784184301E0,-1.885784351E0,1.318327274E0
8.574179875E1,3.017835706E-1,9.077042162E-2,3.354317386E-2
8.576179875E1,3.621723275E0,8.613346267E-1,-1.312801656E0
8.578179875E1,2.951617159E0,7.246758413E-1,-8.582671773E-1
8.580179875E1,-1.900117630E0,5.643083507E-1,2.737516680E0
8.582179875E1,-1.613228672E0,7.210990995E-1,-4.237640174E-1
8.584179875E1,1.058674647E0,3.323937446E-1,-2.089258100E0
8.586179875E1,1.945753394E0,2.520740515E-1,4.817368218E-1
8.588179875E1,-1.122602840E0,4.828309089E-1,1.031834757E0
8.590179875E1,-2.293263946E0,8.818858355E-2,-1.141371818E0
8.592179875E1,4.983792400E-1,-3.117454720E-1,-1.566228168E0
8.594179875E1,1.704504878E0,-1.356406974E0,-2.212644144E-1
8.596179875E1,3.326112610E-1,-2.483056964E0,4.064704386E-1
8.598179875E1,-1.041133584E0,-1.129871514E0,-2.086067274E-2
8.600179875E1,-2.260319563E0,4.684383384E0,-4.742605718E-1
8.602179875E1,-1.217755750E0,3.404162706E0,3.485802408E0
8.604179875E1,1.681979064E0,-3.121635479E-1,9.976541273E-1
8.606179875E1,2.024245833E0,-1.448511145E0,-9.328367186E-1
8.608179875E1,-1.431251627E0,-1.968444684E-1,-6.820929817E-1
8.610179875E1,-3.481593583E0,6.094681513E-1,-1.391011673E0
8.612179875E1,3.357710963E-1,4.780294678E-1,-6.339573137E-1
8.614179875E1,2.595708836E0,-3.080263504E-1,-1.798314682E0
8.616179875E1,-1.855020395E0,-2.098263689E0,1.460008818E0
8.618179875E1,-1.637609223E0,1.387058809E0,-1.224325243E0
8.620179875E1,-7.281771541E-1,4.712331321E0,1.440997035E0
8.622179875E1,-1.716862968E0,1.763505915E0,5.782184382E-1
8.624179875E1,-2.412913765E0,-3.483926622E0,-1.408823462E0
8.626179875E1,-1.965358524E0,-5.088865696E0,-3.297580537E0
8.628179875E1,2.437470317E-1,-1.723790603E0,-3.520257711E0
8.630179875E1,1.233678887E0,1.675351245E0,9.152997494E-1
8.632179875E1,-1.125400148E0,2.499030096E0,3.270705564E0
8.634179875E1,-2.806496283E0,1.260642153E0,-5.246107265E-2
8.636179875E1,-2.716791224E0,-1.121742276E0,-1.245831156E0
8.638179875E1,-1.134047011E0,-1.862969392E0,-1.428996356E0
8.640179875E1,8.716239721E-1,-1.556067315E0,-1.790954207E0
8.642179875E1,1.545553583E-1,-2.025354172E-1,-6.482048587E-1
8.644179875E1,-4.376091278E-1,-1.584867337E-1,1.859952521E-1
8.646179875E1,-4.079052722E-1,-1.200509387E-1,-3.719003110E-1
8.648179875E1,2.634498096E-1,1.811472379E0,-8.563527989E-1
8.650179875E1,-1.641686486E0,2.585662735E0,7.832848958E-1
8.652179875E1,-3.169529437E0,-2.175211000E0,1.033274269E0
8.654179875E1,-8.908864546E-1,-3.839413652E0,-6.891551026E-1
8.656179875E1,1.255297798E0,-2.660339865E-1,-1.826245662E0
8.658179875E1,2.240787524E-1,3.762400267E0,8.921050143E-1
8.660179875E1,-1.092462782E0,-1.247772431E-1,-8.888949660E-1
8.662179875E1,-2.170600471E0,-2.680512174E0,-1.113004636E0
8.664179875E1,3.112373489E-1,-1.714024730E0,-3.125698563E-1
8.666179875E1,1.710125222E0,2.050054858E0,2.068589362E0
8.668179875E1,9.280110115E-1,4.275970573E0,1.024655619E0
8.670179875E1,-4.350088710E-1,2.814657826E0,-2.589334202E-1
8.672179875E1,-1.259037677E0,-1.939057748E0,8.034858564E-1
8.674179875E1,-1.960628126E0,-3.941535566E0,2.935115147E-1
8.676179875E1,-4.697436708E-1,-1.819555863E0,-1.312245001E0
8.678179875E1,5.054964709E-1,4.352931041E0,-2.612891464E0
8.680179875E1,2.343050648E0,-2.063482404E-2,1.449682635E0
8.682179875E1,1.294291710E0,-2.021118742E0,1.528623555E0
8.684179875E1,-1.015265502E0,1.453067588E0,-1.821370254E0
8.686179875E1,5.645779073E-2,-1.426073917E0,1.119840031E0
8.688179875E1,1.334907054E0,-1.793653867E0,2.297949904E0
8.690179875E1,1.236809487E0,1.540640168E0,-1.940263846E-1
8.692179875E1,6.310525632E-1,-3.653252631E-1,-2.367025986E0
8.694179875E1,-7.886473042E-1,-2.972416289E0,1.036641753E0
8.696179875E1,-1.135393332E0,-3.276234106E0,8.995390912E-1
8.698179875E1,3.634477222E-1,-1.256688266E0,8.267125319E-1
8.700179875E1,1.354083875E0,-3.693656892E-1,-6.419916073E-1
8.702179875E1,1.532479793E0,-2.963251948E-1,4.257661041E-1
8.704179875E1,-4.243184066E-1,-3.027173710E-1,2.583892198E0
8.706179875E1,-3.094393301E-1,-1.745509062E0,1.169516221E0
8.708179875E1,4.773845199E-1,-1.873320426E0,-1.742959969E-1
8.710179875E1,-1.076454860E-1,-1.446695877E0,-2.476453704E-1
8.712179875E1,-1.168697318E0,-5.952383673E-1,-2.385452902E0
8.714179875E1,-9.194872329E-1,1.336872888E0,-6.358706689E-1
8.716179875E1,-2.836017120E0,2.621833026E-2,2.127456059E0
8.718179875E1,-1.095387852E0,-1.556815905E0,1.327392213E0
8.720179875E1,2.731603098E0,8.567071402E-1,-6.807967271E-1
8.722179875E1,3.003244565E0,1.977109673E0,-3.492343104E-1
8.724179875E1,1.059728607E0,-6.880161381E-1,-5.588963141E-1
8.726179875E1,1.831154984E-1,-8.480930221E-1,-9.413432479E-3
8.728179875E1,-3.976089102E-1,6.029648781E-2,1.254752253E0
8.730179875E1,-2.744344766E0,3.768723446E-1,2.299984735E-1
8.732179875E1,-2.159417379E0,-1.011791672E0,-8.627413206E-1
8.734179875E1,1.187681181E0,-6.201878518E-1,8.015538633E-2
8.736179875E1,2.652999855E0,9.167440116E-1,8.696365035E-1
8.738179875E1,-1.070417610E-1,8.314804977E-1,4.038964212E-2
8.740179875E1,-3.941587606E-1,-1.270815724E0,1.817981207E-1
8.742179875E1,-8.744437918E-1,8.691008985E-2,-1.126276061E-2
8.744179875E1,-3.382123089E-1,-2.232385075E-1,3.982700841E-1
8.746179875E1,3.937447777E-1,-1.087083344E0,1.500888603E0
8.748179875E1,-4.441808134E-1,2.685123289E-1,2.983594412E-1
8.750179875E1,-1.570156912E0,1.355572869E0,-1.059338306E0
8.752179875E1,4.377038527E-1,-6.173858660E-1,1.019705439E0
8.754179875E1,1.693326756E0,-4.833314306E-1,1.836712763E0
8.756179875E1,1.482590765E0,8.789341611E-1,4.010135977E-1
8.758179875E1,-1.578917795E-1,2.546070653E-1,-8.317746127E-1
8.760179875E1,-7.400733143E-1,-1.343374992E0,-1.236198599E0
8.762179875E1,-4.222417679E-1,-1.661664083E0,3.226281635E-1
8.764179875E1,-8.356574562E-1,-7.544492787E-1,6.711434126E-2
8.766179875E1,-9.887322995E-1,-4.691811687E-1,7.834858207E-1
8.768179875E1,-6.738228992E-1,-2.673803079E-1,1.030123716E0
8.770179875E1,9.054311112E-1,-1.004313667E0,7.102138498E-1
8.772179875E1,1.560660742E0,-1.989673585E0,2.388977896E-1
8.774179875E1,8.539957863E-1,-3.010714967E0,-1.569004426E0
8.776179875E1,-2.334190947E-1,-2.905764463E0,-2.825901584E-1
8.778179875E1,7.999809623E-2,3.261512572E-1,2.500233745E0
8.780179875E1,2.338457660E0,5.598613678E0,3.028668843E0
8.782179875E1,2.653644803E0,-5.127663141E-1,5.109039029E-1
8.784179875E1,1.816870236E0,-4.697790465E0,4.243493603E-1
8.786179875E1,7.098309302E-1,-3.323039314E0,-1.554269443E0
8.788179875E1,-1.198823635E0,7.010185915E0,1.712659405E0
8.790179875E1,2.832514054E0,-2.189659470E-1,1.569459339E0
8.792179875E1,3.591146430E0,-3.465352356E0,-1.076206938E0
8.794179875E1,1.486306670E0,-9.270269251E-1,1.449206672E0
8.796179875E1,-2.728069918E0,5.980581286E0,5.766687799E-1
8.798179875E1,-3.826388687E-1,-2.785040510E-1,-1.603929845E0
8.800179875E1,4.552519315E-1,-2.086981779E0,-2.094880782E0
8.802179875E1,-3.064490640E-1,-1.233020491E0,1.273558835E-1
8.804179875E1,-2.183792959E0,2.020883099E0,3.088651701E-1
8.806179875E1,5.994278973E-1,1.694828321E0,-4.668639171E-1
8.808179875E1,2.903417975E0,2.272321558E-1,-1.342447624E-3
8.810179875E1,2.120900892E0,-1.838513705E-1,2.554771310E0
8.812179875E1,1.444882071E-1,1.176091415E-1,1.867330538E0
8.814179875E1,-3.523491806E0,1.224437363E0,-2.499731469E0
8.816179875E1,-3.716001441E0,2.004750046E-1,-4.863526869E-1
8.818179875E1,-2.840000829E0,-9.540629885E-1,7.718242069E-1
8.820179875E1,2.458598646E0,-1.178812124E0,-9.909567996E-1
8.822179875E1,4.801514223E0,-5.793877351E-1,-1.475120362E0
8.824179875E1,4.645104128E-1,1.132516209E0,-1.194940499E0
8.826179875E1,-8.604800561E0,2.924922865E0,-1.207332942E0
8.828179875E1,-4.088850902E0,3.915437396E-1,-6.885260153E-1
8.830179875E1,2.705512530E0,-1.663886756E0,2.286004774E-1
8.832179875E1,3.316275254E0,-2.797769898E0,7.797098351E-1
8.834179875E1,-2.541775873E0,1.033464961E0,3.026738092E-2
8.836179875E1,-6.908719182E0,3.791401287E0,2.506175101E-1
8.838179875E1,-1.329332319E0,9.689464912E-1,-1.990883374E-1
8.840179875E1,1.112153866E0,-2.327736644E0,-6.647570837E-1
8.842179875E1,1.144252741E0,-2.713072979E0,-2.470149236E0
8.844179875E1,-1.524555647E0,2.129362983E-1,-2.199236040E0
8.846179875E1,-2.231074129E0,2.635265543E-1,-4.279189758E-1
8.848179875E1,-1.149663169E0,-5.633292344E-1,7.085398650E-1
8.850179875E1,1.454836956E0,-5.485846031E-1,1.953179066E-1
8.852179875E1,3.021911216E-1,5.791023910E-1,-3.412225286E-1
8.854179875E1,-3.668642503E0,-3.896496803E-2,-1.126081349E0
8.856179875E1,-2.840898961E0,-2.281557820E0,-4.884296179E-1
8.858179875E1,1.524537520E0,-1.227251336E0,-2.675975904E0
8.860179875E1,9.698080784E-1,1.975870063E0,1.826363922E0
8.862179875E1,-1.283527570E0,2.394958428E0,1.057844269E0
8.864179875E1,-1.955893636E-1,-1.056188703E0,6.254906917E-1
8.866179875E1,1.191440356E-1,-1.969664413E0,-1.298850053E0
8.868179875E1,-2.785788953E-2,1.453756390E0,2.439247870E-1
8.870179875E1,-1.391871214E0,5.228383185E0,-1.238292779E0
8.872179875E1,-3.918850708E-1,-1.185427372E0,3.560088944E-1
8.874179875E1,-8.676695001E-1,-4.622335655E0,8.350748543E-1
8.876179875E1,-4.486130029E-1,-3.701645942E0,-2.307024783E0
8.878179875E1,-2.124571774E0,5.990844319E0,-4.359918610E-1
8.880179875E1,9.305077726E-1,3.270517868E0,1.201205937E-1
8.882179875E1,1.340269536E0,-2.535014738E0,2.492425958E0
8.884179875E1,-4.146026731E-1,-1.896740863E0,-1.766691771E0
8.886179875E1,-3.536343402E-1,2.369080698E0,-1.062497556E0
8.888179875E1,6.833985919E-1,5.050906742E-1,1.410678198E0
8.890179875E1,4.965397060E-1,-1.213765025E-1,1.037260973E0
8.892179875E1,4.894669139E-1,1.365549388E0,-1.729209364E0
8.894179875E1,1.434596234E0,-9.775866294E-1,8.789511180E-1
8.896179875E1,6.898059708E-1,-1.628396350E0,8.931575131E-1
8.898179875E1,3.708298320E-1,-1.295754098E0,-1.325212955E-2
8.900179875E1,8.569343045E-1,-2.353983772E0,-6.702207220E-1
8.902179875E1,-5.584529489E-2,-2.983683289E0,3.454674610E-1
8.904179875E1,-7.127405047E-2,-2.461143939E0,1.795154847E0
8.906179875E1,8.024391317E-1,-1.020964783E0,2.232234217E0
8.908179875E1,2.767281931E0,-1.389510693E0,1.899966772E0
8.910179875E1,1.400865401E0,-1.184754065E0,-9.359967001E-1
8.912179875E1,-8.168829238E-1,-5.154987180E-1,-1.633472902E0
8.914179875E1,-2.855873972E0,-2.101904458E-1,2.112470961E0
8.916179875E1,-1.199633913E0,-1.190819381E0,1.169285402E0
8.918179875E1,-2.698795833E0,3.856759125E-1,-1.986965155E0
8.920179875E1,-2.342014229E0,2.421829015E-1,1.368863882E-1
8.922179875E1,-2.058048294E0,-2.230871816E0,8.308039018E-1
8.924179875E1,-3.086863257E0,-1.071751360E0,-9.584831911E-1
8.926179875E1,-1.571107669E0,-2.488543991E0,9.516824408E-1
8.928179875E1,-4.417939800E-1,-4.023038151E0,5.272171229E-1
8.930179875E1,1.376835099E0,-1.905785921E0,9.369104737E-1
8.932179875E1,3.812905885E0,4.669188225E0,1.556810058E0
8.934179875E1,1.834567127E0,-5.015156865E-2,2.260923581E0
8.936179875E1,2.607031969E0,-4.330365466E0,-1.354402256E-1
8.938179875E1,5.052213594E0,-5.551533651E-1,1.038015264E0
8.940179875E1,4.222062753E0,4.890248644E0,1.227208943E0
8.942179875E1,-8.233546221E-1,-3.670687859E0,5.385169037E-1
8.944179875E1,-1.824212585E0,-5.538968570E0,5.673120654E-1
8.946179875E1,-1.820735246E-1,2.866385220E0,2.304954869E-1
8.948179875E1,4.005834473E0,7.134026434E0,9.029399049E-1
8.950179875E1,3.544269887E0,-1.776140871E0,-1.021710888E0
8.952179875E1,-9.512513548E-1,-3.714072445E0,1.093914646E0
8.954179875E1,-2.500555927E0,-9.804196054E-1,-3.900209785E-1
8.956179875E1,1.951533952E0,1.926970968E0,1.208537249E-1
8.958179875E1,4.688170626E0,6.989972091E-1,1.141984606E-1
8.960179875E1,1.140459067E0,-1.875137156E0,9.864300314E-1
8.962179875E1,-1.425653502E0,-3.933833906E0,-1.063379316E0
8.964179875E1,-2.221993988E0,1.342923587E0,1.124730642E0
8.966179875E1,-1.280796336E0,6.349038903E0,-2.594316030E-1
8.968179875E1,-6.699225140E-1,2.339128920E-1,6.844247782E-1
8.970179875E1,1.193118507E0,-3.293911116E0,-1.852870374E0
8.972179875E1,5.129721361E-1,-1.703448871E0,-1.081015688E0
8.974179875E1,-4.651623189E0,4.260518137E-1,-1.267719623E0
8.976179875E1,-2.290477747E0,1.477200363E0,-1.746679090E0
8.978179875E1,1.429462963E-1,5.597912596E0,2.472964085E0
8.980179875E1,2.129915544E0,3.555681313E0,2.042418540E0
8.982179875E1,1.228014690E-1,-1.156205619E0,-5.498663127E-1
8.984179875E1,-4.425364010E0,-5.501851614E0,-2.729372678E0
8.986179875E1,-3.904038541E0,-3.540870316E0,-2.500329055E0
8.988179875E1,-1.659027573E0,2.589538270E0,-2.749371763E-1
8.990179875E1,6.582117105E-1,4.417900916E0,1.030936625E0
8.992179875E1,2.203853002E0,2.843129674E-1,1.059362279E0
8.994179875E1,-2.979249930E-1,-2.412616142E0,-3.430386007E-1
8.996179875E1,-4.649169697E0,-2.536903973E0,-2.815762950E0
8.998179875E1,-4.465572388E0,-1.090193551E0,-1.759491509E0
9.000179875E1,3.830154294E-1,-1.001350299E-2,1.120718282E0
9.002179875E1,2.956763878E0,5.462726871E-1,4.736748270E-1
9.004179875E1,-1.115917718E-1,8.555887871E-1,-1.180363390E0
9.006179875E1,-4.537239372E0,3.968809319E-1,-1.164409774E0
9.008179875E1,-1.403965595E0,-2.301537171E-1,-4.938113221E-1
9.010179875E1,2.110862392E0,-1.031211810E0,-2.503111160E-1
9.012179875E1,3.481900561E0,-1.363910560E0,8.562943268E-1
9.014179875E1,-9.215954465E-1,2.689600502E0,1.644476631E0
9.016179875E1,-3.363672785E0,2.925470749E0,-9.027621496E-1
9.018179875E1,-2.632043434E0,-5.028908055E-1,-9.811243410E-1
9.020179875E1,-6.454466540E-1,-3.104086523E0,-1.228020537E0
9.022179875E1,2.820942414E-1,-3.705276186E0,-1.829544661E0
9.024179875E1,6.886043680E-1,-2.076396710E0,-8.142598629E-1
9.026179875E1,1.056529303E0,5.704407643E-1,5.019318621E-1
9.028179875E1,1.084588337E-1,3.300890353E0,1.024645167E0
9.030179875E1,-2.403585702E0,2.794057501E0,3.784117703E-1
9.032179875E1,-2.961106605E0,-9.476257887E-1,-1.939130838E0
9.034179875E1,-1.744307460E0,-3.401538476E0,-1.093715841E0
9.036179875E1,9.648987561E-1,-2.501969491E0,9.530384101E-2
9.038179875E1,2.254223256E0,-1.691687196E-2,8.576916651E-1
9.040179875E1,1.864772966E0,2.705170760E0,1.319675642E0
9.042179875E1,-3.671794152E-1,5.003950092E0,7.025208874E-1
9.044179875E1,-2.004252448E0,1.700058948E0,-2.151588249E-1
9.046179875E1,-1.730819687E0,-2.760688903E0,1.186411896E0
9.048179875E1,-4.231869704E-1,-4.099050785E0,-1.067268811E0
9.050179875E1,6.313987184E-1,-9.031287700E-1,-2.085303043E0
9.052179875E1,-2.995499343E-1,5.696637570E0,-2.719196184E0
9.054179875E1,2.654518962E-2,-7.622126269E-1,1.976292232E0
9.056179875E1,-5.825703746E-1,-3.166100630E0,1.650569576E0
9.058179875E1,-3.376860595E-1,8.584203744E-1,-2.096437311E0
9.060179875E1,2.069701502E0,1.873244997E0,2.000823641E0
9.062179875E1,1.388799087E0,-8.193861169E-1,1.296520814E0
9.064179875E1,-5.571484351E-1,-3.750135148E-1,-1.742934533E0
9.066179875E1,-1.724925109E0,8.506236970E-2,-3.512845781E0
9.068179875E1,-1.361087378E0,-1.481792035E0,2.729737544E-1
9.070179875E1,-9.600239325E-1,1.621409512E-1,2.473724223E0
9.072179875E1,2.032383987E0,6.907169670E-1,9.102594495E-1
9.074179875E1,4.128942921E0,-9.130111492E-1,4.475195736E-1
9.076179875E1,3.023851614E0,-7.279660696E-1,5.375199169E-1
9.078179875E1,-8.509096259E-1,-3.538746607E-1,-2.124059558E-1
9.080179875E1,-2.371717792E0,-1.814988018E0,-1.065715864E0
9.082179875E1,-5.408101451E-1,-3.330834821E0,-2.539064958E-1
9.084179875E1,1.576161126E0,-2.681716116E0,-5.186351645E-1
9.086179875E1,1.639368504E0,-1.186658503E0,2.080384365E0
9.088179875E1,-1.934211283E0,-4.458952171E-1,6.232641889E0
9.090179875E1,-5.597317350E0,-3.019024445E0,-4.182589370E-1
9.092179875E1,-3.293756165E0,2.411099374E-2,-4.295457004E0
9.094179875E1,-1.667653678E-1,-6.712773138E-1,5.948055564E0
9.096179875E1,-1.537133592E-1,-1.061070836E0,-1.894430482E0
9.098179875E1,1.061432194E0,5.899033678E-1,-1.707526134E0
9.100179875E1,9.676624426E-1,7.898073918E-1,1.682236342E0
9.102179875E1,-1.401937196E-1,-2.321252228E0,1.943123901E0
9.104179875E1,8.095382363E-1,-1.539764839E0,-1.407266348E0
9.106179875E1,1.740856433E0,8.679361331E-1,6.884616959E-1
9.108179875E1,3.753520685E-1,-5.059268260E-1,2.908580482E-1
9.110179875E1,-6.895861155E-1,-1.965499442E0,8.156409752E-1
9.112179875E1,-1.914781570E0,-2.873912925E0,2.297768641E0
9.114179875E1,1.957950979E0,-4.483708112E0,5.331904192E-2
9.116179875E1,4.892698043E0,-1.217103201E0,-1.032109576E-1
9.118179875E1,1.798842686E0,4.237583603E0,5.127012346E0
9.120179875E1,1.326222185E0,-1.829223649E0,-1.513528967E0
9.122179875E1,6.710633057E-1,-1.216016203E0,-1.431047559E-2
9.124179875E1,3.427053094E-2,5.728993723E0,3.088168355E0
9.126179875E1,1.947980014E0,7.075323898E-1,-7.592410719E-1
9.128179875E1,2.025252138E0,-3.028254860E0,-3.054924595E-1
9.130179875E1,3.384490042E0,-3.717044585E0,3.904423434E-2
9.132179875E1,-1.597564566E0,2.672184570E0,-1.967459246E-1
9.134179875E1,-3.307168801E0,1.175362267E0,-4.105587387E-1
9.136179875E1,1.642203380E0,-2.209195018E0,-2.586215297E0
9.138179875E1,6.731407630E0,-2.158448203E0,2.385184515E-1
9.140179875E1,2.336471361E-1,3.074160181E0,1.098459102E0
9.142179875E1,-4.754618969E0,2.987921351E-1,-1.696140436E0
9.144179875E1,-1.271219181E0,-1.021977229E0,-1.390315855E0
9.146179875E1,1.724965455E0,-6.444713384E-2,1.746094369E0
9.148179875E1,-1.554179980E0,1.442158730E0,-2.517436838E-1
9.150179875E1,-3.421133958E0,5.760720715E-1,-1.456473591E0
9.152179875E1,-2.111909044E-1,2.588422036E-1,2.019698453E0
9.154179875E1,1.170112637E0,5.876922432E-1,1.161585204E-1
9.156179875E1,-7.270866483E-1,8.392833146E-1,-2.846225774E-1
9.158179875E1,-1.006988769E0,1.566582217E0,6.268109930E-1
9.160179875E1,1.847907257E-1,2.612643835E0,3.139274336E-1
9.162179875E1,-1.163203567E0,4.939156218E-1,-1.201416802E0
9.164179875E1,-2.817574418E0,-1.745401181E0,-7.590937952E-1
9.166179875E1,-1.267234889E0,-1.140465353E0,-5.731160847E-1
9.168179875E1,6.131407875E-1,9.581534082E-1,-6.149540091E-1
9.170179875E1,1.108209919E0,1.104418072E0,2.459116709E-1
9.172179875E1,2.872994328E-1,-2.088262173E-1,-3.903004754E-1
9.174179875E1,-2.057961463E0,-1.054728726E0,-1.959494351E0
9.176179875E1,-3.906368657E0,-1.591931651E0,-1.103802214E0
9.178179875E1,-9.509993398E-1,-1.650062330E0,2.493534151E-1
9.180179875E1,1.627504649E0,-3.409563341E-1,-3.618795720E-1
9.182179875E1,-1.544828528E-1,1.325913160E0,6.500877352E-1
9.184179875E1,-2.602415593E0,1.902932626E0,8.276067173E-1
9.186179875E1,-2.585948079E0,6.112251665E-1,-4.884810734E-1
9.188179875E1,1.384228903E-1,-1.152373792E0,-6.493088130E-1
9.190179875E1,8.670122731E-1,-1.732124201E0,-5.113109422E-1
9.192179875E1,1.009504241E-1,-1.469223299E-1,-1.096338902E0
9.194179875E1,-1.194807767E0,1.637249326E0,1.348285338E-1
9.196179875E1,-2.389459999E0,2.056572457E0,5.606895820E-1
9.198179875E1,-1.646310464E0,4.665476558E-1,-5.878205895E-2
9.200179875E1,3.043358803E-1,-1.069232233E0,1.210407992E-1
9.202179875E1,9.287512690E-1,-7.036064230E-1,-3.072162187E-1
9.204179875E1,-1.788411838E-1,3.642634088E-1,-5.743602991E-2
9.206179875E1,-7.939518982E-1,8.193349537E-1,7.862936537E-1
9.208179875E1,1.090376496E0,-3.215649936E-1,2.717329752E-1
9.210179875E1,1.064633544E0,-1.901204335E0,-1.795994215E-1
9.212179875E1,-3.916180285E0,-8.476742153E-1,-2.543879117E0
9.214179875E1,-3.563627679E0,-8.412165503E-1,4.173309839E-1
9.216179875E1,6.739722955E-1,-3.192576823E-1,9.857506581E-1
9.218179875E1,3.715716682E0,7.420482114E-1,1.346042053E0
9.220179875E1,2.175109844E0,2.657921164E0,1.008206232E0
9.222179875E1,-1.467627740E0,1.340911852E0,-7.912042916E-1
9.224179875E1,-3.801248583E0,-1.780724796E0,-1.175919507E0
9.226179875E1,-1.898725408E0,-1.671301171E0,-1.672138785E0
9.228179875E1,1.353610543E0,3.343554854E-2,7.628289235E-1
9.230179875E1,2.879079525E0,1.402767500E0,4.136402214E-1
9.232179875E1,6.110363746E-1,1.349577426E0,2.042689705E-1
9.234179875E1,-1.558254320E0,3.114507723E-1,8.183061361E-2
9.236179875E1,-8.640009570E-1,7.399277186E-1,2.046968405E-1
9.238179875E1,8.089470828E-1,1.942129290E-1,1.007065952E0
9.240179875E1,-5.320732355E-2,1.421461049E0,-6.497635071E-1
9.242179875E1,-6.732589352E-1,-1.150525049E0,4.929589442E-1
9.244179875E1,1.600236744E-1,-3.249408250E0,7.583919831E-1
9.246179875E1,3.468135631E-1,-1.504518993E0,-2.721649675E0
9.248179875E1,-3.119010079E-1,2.669421760E0,-3.021975535E0
9.250179875E1,5.190041238E-1,-1.469046859E0,4.870262130E-1
9.252179875E1,-6.846808863E-1,-2.644975721E0,2.449251287E0
9.254179875E1,-8.090575951E-1,-9.862808543E-1,-2.305400426E0
9.256179875E1,6.464447737E-2,1.601610839E0,-1.155976993E0
9.258179875E1,2.151533285E0,1.495185667E0,1.688155478E0
9.260179875E1,7.376016963E-1,-1.486198497E-1,3.188713567E0
9.262179875E1,-9.274432468E-1,-9.475670242E-1,-5.588371110E-1
9.264179875E1,-4.896025693E-1,-2.925687681E0,-2.989560910E0
9.266179875E1,8.715345097E-1,-4.778244059E0,4.887588161E-1
9.268179875E1,-1.218179673E-1,-9.472372413E-2,8.842831939E-1
9.270179875E1,-1.900187797E0,3.972323495E0,-5.990758950E-1
9.272179875E1,-7.186228037E-2,-2.526544461E0,7.459485966E-1
9.274179875E1,5.784951577E-1,-3.932792809E0,3.635635702E-1
9.276179875E1,-1.741499627E-1,-2.413482699E0,1.678560197E-2
9.278179875E1,-1.328164045E0,1.104298716E0,-8.079810496E-1
9.280179875E1,1.573690092E0,2.468554700E0,1.755626500E0
9.282179875E1,5.174388242E0,2.216026320E0,4.696701713E0
9.284179875E1,4.106765601E0,-4.868105239E-1,1.654949141E0
9.286179875E1,1.454299304E0,-1.381748514E0,-1.384034775E0
9.288179875E1,1.001279547E0,-1.213956229E0,-6.140226061E0
9.290179875E1,-9.541309623E-1,-1.068028437E0,-3.477540293E0
9.292179875E1,-5.298390144E0,7.318082750E-2,7.353985823E0
9.294179875E1,-4.664145586E0,-1.356905449E0,3.317782667E0
9.296179875E1,-1.449786862E0,-1.068393304E0,-2.988404916E0
9.298179875E1,-5.986532874E-1,1.080374249E0,-4.298299921E0
9.300179875E1,-2.276202063E0,1.467371632E0,1.982261070E0
9.302179875E1,-5.276906304E0,-9.995470172E-1,1.390321702E0
9.304179875E1,-4.094295829E0,-1.458681500E0,-1.301794126E0
9.306179875E1,1.239392787E0,3.666350394E-1,6.038834026E-1
9.308179875E1,2.708061623E0,-5.195631176E-1,1.208806732E0
9.310179875E1,1.447875261E0,-1.726701493E0,-4.230309959E-1
9.312179875E1,2.470193967E0,2.091232705E0,8.058464505E-1
9.314179875E1,4.885209514E0,3.421604658E0,1.703959917E0
9.316179875E1,3.964694341E0,-1.965699416E-1,1.015322805E0
9.318179875E1,4.136115700E-1,-1.338131794E0,-5.707272778E-1
9.320179875E1,-2.905264526E0,-1.936485558E0,-2.764763535E0
9.322179875E1,-4.135045660E0,-2.444081764E0,4.932879963E-1
9.324179875E1,-1.499734801E0,-1.012238984E0,3.368625961E0
9.326179875E1,1.147752299E0,1.160291069E0,1.365769243E0
9.328179875E1,5.301193884E-1,-1.727206693E0,1.172387715E0
9.330179875E1,1.123504773E0,-5.458325526E0,-3.445566548E0
9.332179875E1,4.086527218E0,-3.517480284E0,1.547175601E0
9.334179875E1,4.214125743E0,6.648200582E0,4.905744351E0
9.336179875E1,1.877957268E0,1.862992489E0,2.561419594E-1
9.338179875E1,-8.229663670E-1,-2.109192427E0,1.605795692E0
9.340179875E1,-2.543064600E0,-1.489776408E0,2.372344029E-1
9.342179875E1,2.892570806E-1,-8.361582702E-1,-8.618409956E-1
9.344179875E1,2.806232573E0,-1.047438052E0,-4.542994201E-1
9.346179875E1,8.635010201E-1,-1.388747047E0,7.330256653E-1
9.348179875E1,-8.524796033E-1,4.938991034E-1,-1.217295574E0
9.350179875E1,-1.407834113E-2,4.768506691E0,-2.033966829E0
9.352179875E1,2.258297596E0,2.173374975E-1,3.652505357E0
9.354179875E1,2.788868682E0,-2.245782216E0,9.034065127E-2
9.356179875E1,2.828716287E0,-5.761682582E-1,-7.120410316E-2
9.358179875E1,-2.507112409E0,8.400091295E0,1.081117576E0
9.360179875E1,-1.926476294E0,-7.521761736E-1,4.912887602E-1
9.362179875E1,5.277457112E-1,-4.459571683E0,-1.657387429E0
9.364179875E1,7.274760729E-1,-5.993549241E0,-2.843040211E0
9.366179875E1,-1.889340627E0,-3.422204290E0,-1.446423397E0
9.368179875E1,-2.604717641E0,1.376857318E0,2.272746066E0
9.370179875E1,2.001887249E0,6.055422138E0,-1.260588066E-1
9.372179875E1,3.237647746E0,6.340686740E0,2.706667355E-1
9.374179875E1,-3.155268078E0,3.275119919E0,2.238873146E0
9.376179875E1,-6.330513169E0,-2.409718262E0,8.328059153E-1
9.378179875E1,-4.003939390E-1,-3.894015244E0,-2.962839135E0
9.380179875E1,3.483107427E0,-3.471159811E0,-9.237114807E-1
9.382179875E1,2.560098124E0,-1.446820569E0,-7.253950489E-1
9.384179875E1,-2.530221775E0,3.408125657E0,-1.747780706E0
9.386179875E1,-4.378952320E0,4.481458981E0,-9.322262692E-1
9.388179875E1,-1.304734837E0,1.360103730E0,8.517451930E-1
9.390179875E1,-5.836690664E-2,-1.771808084E0,1.093348928E-1
9.392179875E1,4.639303690E-1,-3.950722126E0,-1.305792013E0
9.394179875E1,-2.237340590E0,-3.482954814E0,-3.389665997E0
9.396179875E1,-4.200550847E0,-1.563284972E0,-1.819227834E0
9.398179875E1,-1.098552657E0,9.328146453E-1,3.389807792E-1
9.400179875E1,2.856624463E0,1.819673976E0,-2.604804473E-1
9.402179875E1,2.391415308E0,1.742050142E0,1.530624618E0
9.404179875E1,-3.137232342E0,2.216547453E0,5.707303476E-1
9.406179875E1,-4.280394577E0,-7.151173979E-2,-1.578795004E0
9.408179875E1,-1.053139088E0,-2.138525569E0,-2.119575913E0
9.410179875E1,1.126651452E0,-1.338901433E0,-1.547294884E0
9.412179875E1,1.587660552E0,1.928210724E0,1.014185449E0
9.414179875E1,1.842326090E0,8.271262224E-1,1.475782267E0
9.416179875E1,7.403019404E-1,-3.393139243E-1,2.666037246E-1
9.418179875E1,-1.053581137E0,1.850037105E-1,-3.392671466E-1
9.420179875E1,-2.773359527E0,6.542217167E-1,-1.651737557E0
9.422179875E1,-2.843498633E0,-1.683717295E0,-9.501935935E-1
9.424179875E1,-9.850921154E-1,-2.270033835E0,1.558564369E-1
9.426179875E1,1.654639823E0,-5.886739907E-1,-4.145418620E-1
9.428179875E1,1.107107719E0,2.605559933E0,6.397438645E-1
9.430179875E1,-2.479607692E0,3.234111642E0,8.123757438E-1
9.432179875E1,-1.875525995E0,-2.365409231E-1,1.323824826E0
9.434179875E1,2.206791812E-1,-1.096614013E0,-4.047816896E-1
9.436179875E1,1.500561597E0,2.442118853E-1,-1.843849289E-1
9.438179875E1,1.229856563E-1,1.864833192E0,-3.347213750E-1
9.440179875E1,-1.418380151E0,5.030061418E-1,-2.136863645E0
9.442179875E1,-2.136360930E0,-2.151812782E0,-6.073736787E-1
9.444179875E1,-1.371714692E0,-3.103216749E0,-6.767823943E-1
9.446179875E1,9.212457830E-1,-1.131682981E0,-1.301191132E-1
9.448179875E1,1.198994958E0,3.548344812E0,1.786053071E0
9.450179875E1,2.286270091E0,1.704780282E0,1.887496269E0
9.452179875E1,1.247149703E0,-7.836157751E-1,-8.897364534E-2
9.454179875E1,-1.391546693E0,-1.117339761E0,-1.478081392E0
9.456179875E1,-2.449482837E0,-2.342275892E0,-4.933038568E-1
9.458179875E1,-1.927503065E0,-1.215572399E0,-1.010209488E0
9.460179875E1,-9.035994709E-2,1.446531571E0,-5.986881515E-1
9.462179875E1,2.340051611E0,-9.481944305E-1,2.064668219E0
9.464179875E1,1.036866286E0,4.701161385E-2,1.611859839E0
9.466179875E1,-6.897439903E-1,2.394897324E0,-4.878039658E-1
9.468179875E1,-1.031682730E-2,3.813027799E-2,-1.796407320E0
9.470179875E1,7.659396422E-1,-1.989665984E0,3.598054916E-1
9.472179875E1,5.508077145E-2,-1.060231760E0,1.444022530E-1
9.474179875E1,-1.824839991E-1,-5.775189650E-1,-5.864552647E-1
9.476179875E1,7.559873888E-1,-2.714925962E0,-6.442766261E-1
9.478179875E1,7.545706084E-1,-3.641678653E0,4.707599169E-1
9.480179875E1,-2.416893965E-1,-2.015249307E0,2.022471787E0
9.482179875E1,-8.821746880E-1,1.469464935E0,1.334517045E0
9.484179875E1,4.077602613E-1,-3.992794597E-1,7.941874679E-1
9.486179875E1,5.810109222E-1,-2.042960431E0,-1.430869803E0
9.488179875E1,-5.847838381E-1,-1.973431774E0,-2.926361865E-1
9.490179875E1,1.762900436E-1,-1.719531637E-1,2.499329473E-1
9.492179875E1,2.423794849E0,4.111797715E0,2.152719685E0
9.494179875E1,3.556537346E0,5.838509148E-1,1.366701874E0
9.496179875E1,3.183506037E0,-2.110736677E0,8.798239611E-2
9.498179875E1,3.171808682E0,-2.245689830E0,-1.037928725E0
9.500179875E1,1.388532308E0,1.960426982E0,-7.640369582E-1
9.502179875E1,-3.496145256E0,1.344345630E0,4.008777961E-2
9.504179875E1,-7.127430190E0,-1.154521621E0,6.433264536E-1
9.506179875E1,-6.478375804E0,-2.082359555E0,8.770061879E-1
9.508179875E1,-6.673925407E0,-1.237689493E0,1.020169562E-1
9.510179875E1,-4.755086454E0,-9.071048766E-1,-9.115072453E-1
9.512179875E1,-7.247033232E-1,-2.379760053E0,1.840421359E-1
9.514179875E1,3.131541831E0,-3.191658225E0,1.788240807E-1
9.516179875E1,4.531068220E0,-2.703077749E0,-5.226966405E-1
9.518179875E1,3.851900381E0,-2.485885262E-2,1.824245914E0
9.520179875E1,1.674072459E0,2.931972853E0,2.891633497E0
9.522179875E1,2.424788876E0,3.793555986E0,4.055412430E-1
9.524179875E1,3.933157091E0,-5.986847162E-1,1.947622749E0
9.526179875E1,4.044413232E0,-3.418595096E0,8.362855934E-2
9.528179875E1,7.606169218E-1,-1.572153736E0,6.271723509E-2
9.530179875E1,-1.958911968E0,3.513497161E0,1.621743388E0
9.532179875E1,-9.658898592E-2,7.647865713E-1,-2.736432606E0
9.534179875E1,2.657454264E-1,-2.026481808E0,3.317804886E0
9.536179875E1,1.365060561E0,-2.823247971E0,1.610780443E0
9.538179875E1,2.541250793E0,2.055844186E0,-1.747728081E0
9.540179875E1,1.497706402E0,2.503087186E0,-3.036661402E0
9.542179875E1,6.287458366E-1,-1.894090905E0,1.688326217E0
9.544179875E1,-2.843705624E-1,-3.224352931E0,7.269644415E-1
9.546179875E1,-3.426064914E-1,-2.174392390E-1,-3.253533461E0
9.548179875E1,-2.137363143E0,4.393277706E0,-3.089797390E-1
9.550179875E1,-1.363016374E0,1.024793248E0,2.909319570E0
9.552179875E1,-1.402961043E0,-1.397908172E0,1.244508223E-1
9.554179875E1,1.129387364E0,-2.841969878E0,9.876368967E-1
9.556179875E1,1.189743494E0,-1.887649612E0,-4.377307498E-1
9.558179875E1,-2.198569458E0,1.732043802E0,1.855591668E0
9.560179875E1,-1.557066751E-1,2.723714327E0,2.037472819E0
9.562179875E1,4.313808491E0,3.950811881E0,-3.006579816E0
9.564179875E1,4.258329524E0,2.933200184E0,-9.938839889E-1
9.566179875E1,-4.931503090E0,-1.131871846E-1,-6.558609105E-1
9.568179875E1,-7.937207578E0,-4.934305075E0,-2.817113657E0
9.570179875E1,-1.771618050E0,-3.175771048E0,-2.032324930E0
9.572179875E1,2.024747524E0,1.265536126E0,-1.349459020E0
9.574179875E1,3.537996410E0,2.529782065E0,8.035619433E-1
9.576179875E1,1.424553056E0,1.141256774E0,1.211931192E0
9.578179875E1,-3.429874375E0,3.848419534E-1,-1.557129900E0
9.580179875E1,-7.661327757E0,-7.221442162E-1,-9.955937147E-1
9.582179875E1,-7.821837920E-1,-1.064431888E0,8.791861761E-1
9.584179875E1,4.313857023E0,-1.588020448E0,1.333586168E-1
9.586179875E1,2.988668041E0,-4.733152232E-1,-3.850882673E-1
9.588179875E1,-7.084928534E0,2.426291610E0,-5.398748830E-2
9.590179875E1,-6.779825499E0,6.768748534E-1,-2.062929257E0
9.592179875E1,1.459494263E-1,-1.360257658E0,-1.260483109E0
9.594179875E1,3.688880301E0,-2.827542166E0,-1.639786141E0
9.596179875E1,1.660737299E0,-1.439535962E0,5.336964957E-1
9.598179875E1,-1.061266133E0,1.438259222E0,-1.127825573E-2
9.600179875E1,-1.720589399E0,3.673127317E0,-5.486631019E-1
9.602179875E1,-9.980138773E-1,2.597345764E0,9.917928784E-1
9.604179875E1,-8.423978341E-1,-3.512742577E-1,4.199386959E-1
9.606179875E1,-9.034415960E-2,-2.742691466E0,-1.669060811E0
9.608179875E1,-5.059297496E-1,-3.173072265E0,-1.981737159E0
9.610179875E1,-4.396538991E-1,3.915836468E-1,-1.099291161E-2
9.612179875E1,9.184186542E-1,2.168704511E0,6.927651004E-1
9.614179875E1,1.715138040E0,9.650601393E-1,-5.127057955E-2
9.616179875E1,-1.074700111E0,3.608810869E-1,-6.952035356E-1
9.618179875E1,-3.795966793E0,-1.767691352E0,2.824672937E-1
9.620179875E1,-1.150482364E0,-1.799329759E0,1.902581647E-2
9.622179875E1,1.220078849E0,2.439364815E-1,-1.785622862E0
9.624179875E1,1.819225495E0,1.096086594E0,-5.402089783E-1
9.626179875E1,-1.296327710E-2,3.859036615E-1,1.152450976E0
9.628179875E1,-1.122478879E0,-9.163940558E-1,5.399412489E-1
9.630179875E1,-1.503248978E-1,1.994023329E-1,-1.275022795E0
9.632179875E1,-1.309209126E-1,2.547538889E0,1.166602115E-1
9.634179875E1,-7.396797967E-1,7.850003958E-2,1.572808625E0
9.636179875E1,-2.864299518E-1,-1.780104114E0,-2.515823007E-1
9.638179875E1,2.716119379E-1,-1.122585298E0,-1.146482284E0
9.640179875E1,-1.336936623E0,2.960468674E-1,-6.304000139E-1
9.642179875E1,-4.136823213E-1,2.803412461E-1,8.081822670E-1
9.644179875E1,1.759710780E0,1.683877071E0,1.563221530E0
9.646179875E1,2.481728477E0,1.579323592E0,-2.132456890E-1
9.648179875E1,2.757307166E-1,-3.146772659E-1,-3.428830282E-1
9.650179875E1,-3.038945909E0,-2.139464048E0,3.493383908E-1
9.652179875E1,-3.112130830E0,-2.022677025E0,-1.037899489E0
9.654179875E1,7.798174238E-1,3.462650943E-1,-2.489071995E-1
9.656179875E1,3.905910820E0,-7.533809924E-1,1.176017740E0
9.658179875E1,1.872406506E0,-1.142562311E0,4.217134720E-1
9.660179875E1,-4.889409569E-1,7.221252859E-2,-1.461675859E0
9.662179875E1,1.194697840E0,-2.019145891E0,-1.398321862E0
9.664179875E1,1.751417089E0,-2.769907916E0,9.176853403E-1
9.666179875E1,-1.685794373E0,-1.244483957E0,6.710889604E-1
9.668179875E1,-3.565209936E0,-5.923188525E-1,-3.878021063E-1
9.670179875E1,-1.734702531E0,-2.009512019E0,5.653040584E-1
9.672179875E1,3.046348484E0,-1.551762156E0,2.102285550E0
9.674179875E1,4.429975124E0,-6.722631544E-1,2.798261064E-1
9.676179875E1,9.999972528E-1,4.114825988E-1,7.290629341E-1
9.678179875E1,-1.328779757E-3,8.840101290E-1,-2.318759560E0
9.680179875E1,-1.017085302E0,1.409960745E0,2.785165055E0
9.682179875E1,-4.667116556E0,-6.918729615E-1,1.954681946E0
9.684179875E1,-5.249796274E0,-2.600576643E0,-1.534843823E0
9.686179875E1,-4.649480769E0,-1.786175278E0,4.007506192E-1
9.688179875E1,-1.580919590E0,-1.336049016E0,1.845076620E0
9.690179875E1,4.977435308E0,5.125762796E-1,-1.725804530E0
9.692179875E1,6.404918404E0,2.975093729E0,-3.588284218E-1
9.694179875E1,2.245861738E0,2.322323438E0,1.957124475E0
9.696179875E1,1.230640674E0,-5.245098621E-1,-1.105021286E0
9.698179875E1,8.285837871E-1,-1.739687575E0,1.027104360E0
9.700179875E1,-2.221908034E0,-1.369879836E0,4.838143375E-1
9.702179875E1,-3.040494837E0,-1.651332053E0,-1.559791699E0
9.704179875E1,-5.901691237E-1,-1.057739677E0,-2.509227347E-1
9.706179875E1,1.126133681E0,1.601930097E0,1.394497929E0
9.708179875E1,-1.119975686E-2,5.970293695E-1,1.099974846E0
9.710179875E1,2.872514856E-1,-2.013965843E0,-3.287735872E-1
9.712179875E1,3.901386829E0,-6.187956297E-1,4.465080053E-1
9.714179875E1,3.945984128E0,5.099321687E-1,3.410165166E0
9.716179875E1,-1.483438611E-3,-2.666372437E0,-1.708896722E0
9.718179875E1,-1.995420229E0,-1.025859488E0,5.992904147E-1
9.720179875E1,-4.176590127E-1,2.507876056E0,1.135749720E0
9.722179875E1,2.053819295E0,5.365615582E-1,2.180480511E0
9.724179875E1,1.925979280E0,-3.551891148E-1,-1.441418765E0
9.726179875E1,1.881624057E0,3.157052064E-1,-2.722884242E-1
9.728179875E1,1.642073572E-1,5.171868092E-1,2.029061599E0
9.730179875E1,1.386264319E0,7.362808102E-1,1.029434475E0
9.732179875E1,3.541204777E0,-1.761493596E0,9.011728764E-1
9.734179875E1,3.664900870E0,-3.756325595E0,-6.498373282E-1
9.736179875E1,-5.449868113E-1,-2.572076730E0,-2.070483860E0
9.738179875E1,-6.096312302E0,4.961900425E-1,-5.239665388E0
9.740179875E1,-4.066837889E0,-1.563392853E0,-1.374843756E-1
9.742179875E1,1.133866916E0,-6.589198083E-1,3.798697443E0
9.744179875E1,4.878487555E0,2.362664548E0,6.370553879E-1
9.746179875E1,3.738862885E0,7.431125801E0,-1.039321532E0
9.748179875E1,-3.800508910E-1,3.689684001E0,2.933197260E0
9.750179875E1,-3.431171873E0,-1.268970635E0,1.138442436E0
9.752179875E1,-9.310954177E-1,-2.736291688E0,-2.366439657E0
9.754179875E1,5.531635576E-1,-2.209249982E0,-8.543027651E-1
9.756179875E1,5.663846970E-2,-1.040575175E0,2.670411694E-1
9.758179875E1,-1.409563134E0,1.101025445E0,-1.708743525E0
9.760179875E1,-1.047002435E0,1.683673295E0,-2.111374754E0
9.762179875E1,1.283627558E-1,2.867749375E-1,9.131210768E-1
9.764179875E1,1.123856483E0,-6.886701491E-1,2.029419888E0
9.766179875E1,4.873011053E-2,1.230201548E-1,-2.029930788E0
9.768179875E1,-4.030250691E0,1.015370752E0,-2.255955201E0
9.770179875E1,-4.198620096E0,-1.393242094E0,1.256728027E0
9.772179875E1,1.975815099E-1,-1.794373951E0,2.386656551E-1
9.774179875E1,4.897424347E0,-2.842066942E-1,1.128035634E0
9.776179875E1,2.501757529E0,3.699476041E0,2.522574202E0
9.778179875E1,-5.238590670E0,5.617918260E0,-1.168322950E0
9.780179875E1,-6.732126253E0,-1.966169386E0,-2.309754117E0
9.782179875E1,-1.812940907E0,-5.811856955E0,-2.853052983E0
9.784179875E1,1.726192201E0,-5.752567357E0,-2.868377366E0
9.786179875E1,1.411997915E0,-4.876624632E-1,-7.534979367E-1
9.788179875E1,-9.281069058E-1,5.775253385E0,1.874170465E0
9.790179875E1,5.566157538E-1,3.735031790E0,1.154904760E0
9.792179875E1,-4.386914474E-1,-1.496241090E-1,9.263616581E-1
9.794179875E1,-9.333249611E-1,-1.210144868E0,-7.379618847E-1
9.796179875E1,-8.296719539E-1,-3.794385414E-1,-1.637375919E0
9.798179875E1,-2.130906647E-1,-1.323111905E0,-6.171069539E-1
9.800179875E1,-8.680717885E-2,-1.069002145E0,-9.854629751E-1
9.802179875E1,-6.539794958E-1,9.700834823E-1,-9.179603787E-1
9.804179875E1,-1.852565149E0,1.428127752E0,4.361310978E-1
9.806179875E1,2.355135673E-1,-6.127338213E-1,1.046406019E0
9.808179875E1,2.122782526E0,-6.749841562E-1,6.215100534E-1
9.810179875E1,1.028682523E0,1.301614763E0,3.826030545E-1
9.812179875E1,-1.413721674E0,-1.157889032E-1,-9.135561097E-1
9.814179875E1,-2.510254118E0,-3.810633364E-1,-1.918293700E0
9.816179875E1,-1.839170347E0,-7.683931339E-1,-1.087103809E0
9.818179875E1,-6.258210593E-1,-1.876901553E0,5.229796457E-1
9.820179875E1,9.334348887E-1,-1.280385277E0,-1.516669653E0
9.822179875E1,1.978278531E0,1.070275230E0,9.847811897E-1
9.824179875E1,-2.286489362E-1,3.008657040E0,1.779587512E0
9.826179875E1,-1.378193992E0,8.689050168E-2,-4.252457750E-1
9.828179875E1,-2.774435415E0,5.052821705E-1,-2.341165506E0
9.830179875E1,-1.598528187E0,-8.933399463E-1,3.310366789E-1
9.832179875E1,1.294717972E0,-1.324957432E0,7.614688611E-1
9.834179875E1,2.710908340E0,-3.425158596E-1,-7.966609863E-1
9.836179875E1,1.918721132E0,5.339186168E-1,2.503579668E-1
9.838179875E1,-4.600793928E-1,-2.698302913E-1,-1.038833801E0
9.840179875E1,-2.723030203E0,-1.559814942E0,-1.532362264E0
9.842179875E1,-3.028220946E0,-7.845951837E-1,-1.126357410E0
9.844179875E1,-1.557988856E0,9.362111467E-1,2.125100362E-1
9.846179875E1,1.341049554E0,-9.504649043E-3,3.564328176E0
9.848179875E1,3.288931335E0,1.219980615E-1,1.125491949E0
9.850179875E1,3.517976713E0,3.632571030E-1,-1.321563123E0
9.852179875E1,2.293342883E0,-1.035181119E0,-5.683154476E-1
9.854179875E1,-8.641196555E-1,-1.236601326E0,-2.380600297E-1
9.856179875E1,-3.852769570E0,-7.577465236E-1,-4.119363427E-1
9.858179875E1,-2.801969953E0,-1.019529877E0,-1.626141078E0
9.860179875E1,5.177077961E-1,-2.681718455E0,8.859519893E-1
9.862179875E1,1.504620150E0,-1.794861317E0,1.310247592E0
9.864179875E1,-7.674137253E-1,1.859658406E0,6.638952041E-1
9.866179875E1,-5.662812012E-1,5.979128838E-1,-1.966505747E0
9.868179875E1,1.493081547E0,-1.493481204E0,1.785605174E-1
9.870179875E1,2.436359054E0,3.868892097E-1,1.348435757E0
9.872179875E1,1.040146867E0,1.259890201E0,-1.384421861E-1
9.874179875E1,2.910112453E-1,-1.376603549E0,-1.056569064E0
9.876179875E1,-5.165444925E-1,-2.430814431E0,-2.777860129E-1
9.878179875E1,-1.977687670E0,-1.100238994E0,1.227107787E0
9.880179875E1,-1.500650183E0,1.391667731E0,2.640338295E0
9.882179875E1,2.631329782E0,8.618947899E-1,7.460737270E-1
9.884179875E1,5.304719170E0,-1.314002674E0,-1.376169978E-1
9.886179875E1,6.902079669E-1,-1.878487610E0,-1.085613500E0
9.888179875E1,-4.263495831E0,-5.082218581E-1,-2.305288160E-1
9.890179875E1,-3.481129021E0,-3.548072916E-1,-1.468562856E0
9.892179875E1,-9.137546226E-1,-1.347851620E0,1.357795395E0
9.894179875E1,-1.441554421E0,-6.441526651E-1,2.335157345E0
9.896179875E1,-5.437822849E-1,5.485237920E-1,-8.886558880E-1
9.898179875E1,1.273128005E0,6.718889326E-1,-1.609073202E0
9.900179875E1,-2.991435528E-3,2.029194331E-1,-4.509454572E-1
9.902179875E1,1.247375405E0,1.111263335E-2,1.539069605E0
9.904179875E1,3.473446657E0,5.950220203E-1,1.181163728E0
9.906179875E1,8.807678479E-1,3.493208492E-1,-2.178940062E-1
9.908179875E1,-2.619268145E0,-2.093490314E-1,-1.280993387E0
9.910179875E1,-1.446995839E0,-1.600323867E0,5.012337045E-1
9.912179875E1,1.351262009E0,-5.615233219E-1,1.239798583E0
9.914179875E1,2.196316525E-1,1.472543494E0,1.995654702E-1
9.916179875E1,-1.362590404E0,4.705336297E-1,-9.005951715E-1
9.918179875E1,1.376105074E0,-6.916624618E-1,1.715818655E0
9.920179875E1,2.533060014E0,3.747468817E-1,1.653846356E0
9.922179875E1,1.779547459E-1,4.364227277E-1,-1.389975108E0
9.924179875E1,-1.739642843E0,-4.079368472E-2,-2.879221612E0
9.926179875E1,-1.062955686E0,-3.421521628E-1,1.185727626E0
9.928179875E1,7.458123565E-1,-9.444364250E-2,1.238219250E0
9.930179875E1,6.986881837E-1,-9.657132733E-1,6.456388812E-1
9.932179875E1,-1.277704328E-2,2.359094238E-1,-2.898616827E-1
9.934179875E1,3.518570205E0,1.759297382E0,3.737684671E0
9.936179875E1,3.253077671E0,2.835544081E0,2.310276273E0
9.938179875E1,2.254803300E-1,1.005488958E0,-1.958618000E0
9.940179875E1,-1.868375435E0,-4.441556704E-1,-3.323074982E0
9.942179875E1,-1.551269529E0,-2.232495003E0,-2.418402547E-1
9.944179875E1,-1.271118317E0,-2.120612624E0,1.434393920E0
9.946179875E1,-2.173028527E0,-1.258151239E0,-1.211970368E0
9.948179875E1,-2.306631850E0,-1.302315259E-1,-1.594129327E0
9.950179875E1,-6.791602376E-1,1.942708749E0,1.199159996E0
9.952179875E1,2.220186906E0,2.709714924E0,2.086640448E0
9.954179875E1,4.807331326E0,1.136163118E0,3.413030301E0
9.956179875E1,4.005664319E0,-5.826896578E-1,-1.020184619E0
9.958179875E1,7.923810437E-1,-1.895829867E0,-3.964451973E0
9.960179875E1,-3.054746255E0,-2.451987784E0,-4.078889000E0
9.962179875E1,-6.310344368E0,-1.326711597E0,-1.048095864E-1
9.964179875E1,-4.659117565E0,3.469147199E-1,1.748982309E0
9.966179875E1,6.432825994E-1,5.018583333E-1,2.544545699E0
9.968179875E1,3.670984605E0,2.260937029E-1,2.389581036E0
9.970179875E1,4.202396813E0,1.049320271E0,-1.236050226E-1
9.972179875E1,2.141044258E0,1.615490375E0,-2.819074813E0
9.974179875E1,-3.633743396E-1,-4.405701578E-1,-2.187708254E0
9.976179875E1,-2.225321054E0,-2.015116575E0,2.015867796E-1
9.978179875E1,-1.987071282E0,-2.184017492E0,1.412384416E0
9.980179875E1,-1.122274519E0,-6.623959780E-1,-3.817045567E-1
9.982179875E1,-4.068001485E-1,8.032513100E-1,-5.669740963E-1
9.984179875E1,4.231568572E-1,-1.186170845E0,2.117966759E-1
9.986179875E1,9.784835923E-1,-1.988343344E0,2.478113728E0
9.988179875E1,2.106979841E0,1.224705750E0,9.610410556E-3
9.990179875E1,2.088498546E0,2.738347569E0,-5.032699243E-1
9.992179875E1,8.279651517E-1,-1.600440812E0,1.551963885E0
9.994179875E1,-7.639112431E-1,-3.065409238E0,2.177304888E0
9.996179875E1,2.108120048E-1,-5.349933350E-1,-1.025554848E-1
9.998179875E1,1.578400902E0,1.293897607E0,8.430215858E-2
1.000017987E2,1.280542567E0,-1.785269544E0,7.490528834E-1
1.000217987E2,5.553802371E-1,-3.937068293E0,1.516604603E0
1.000417987E2,9.133438557E-1,-2.523336679E0,-4.314923555E-1
1.000617987E2,1.237829241E0,2.887805325E0,-1.232491903E0
1.000817987E2,5.673605973E-1,-6.369372010E-3,-7.967182159E-1
1.001017987E2,-2.741993893E0,-1.325844455E0,3.086721754E-1
1.001217987E2,-3.094888560E0,1.725019249E0,-1.064015493E0
1.001417987E2,2.003001729E0,2.754561313E0,2.470821666E0
1.001617987E2,4.811689548E0,1.059457589E0,1.645184290E0
1.001817987E2,2.290474824E0,-5.002176046E-1,1.561427604E0
1.002017987E2,3.582290822E-1,-3.379067334E0,7.636697531E-1
1.002217987E2,1.433363056E-1,-2.816877429E0,-2.126262789E0
1.002417987E2,-2.157019728E0,3.238941734E0,-1.987531750E0
1.002617987E2,-2.658585700E0,3.249193073E0,-1.414858958E0
1.002817987E2,5.140170336E-1,-7.170352846E-2,2.821853849E-1
1.003017987E2,3.232211589E0,-8.853564504E-1,1.791419792E0
1.003217987E2,1.774612994E0,1.429530499E0,1.193125816E-1
1.003417987E2,-1.969336385E0,2.379134693E0,-4.265777707E-2
1.003617987E2,-2.145367396E0,4.072992083E-1,7.209149122E-1
1.003817987E2,-2.085439283E0,-4.339037472E-1,-1.957219784E0
1.004017987E2,-2.870771216E0,-1.435803392E0,-2.278689176E0
1.004217987E2,2.582516348E-1,-2.054873841E0,-4.602834606E-1
1.004417987E2,2.538591480E0,3.401274182E-1,4.622317529E-1
1.004617987E2,1.052651430E0,2.944524486E0,-3.795065153E-1
1.004817987E2,-1.802373819E0,1.880810563E0,6.739933455E-1
1.005017987E2,-3.258153346E0,-1.920187613E-1,5.889505640E-1
1.005217987E2,-1.494243681E0,-1.796746751E0,4.243302472E-1
1.005417987E2,6.690448469E-1,-2.290041106E0,-4.458642268E-1
1.005617987E2,1.488028091E0,-1.893464084E0,-1.184196679E0
1.005817987E2,-7.349026215E-1,-6.260281970E-1,-1.247111696E0
1.006017987E2,-1.915072469E0,-1.103436106E-1,-8.370569873E-1
1.006217987E2,-1.311748572E0,2.143182877E-1,-8.035418435E-1
1.006417987E2,5.968907905E-1,6.370773149E-1,-1.247960858E0
1.006617987E2,-6.443982482E-1,8.086934598E-1,2.222190455E-1
1.006817987E2,-1.717953474E0,-8.037151404E-2,8.515463877E-1
1.007017987E2,-7.001947188E-1,-8.434623928E-1,-1.143535068E0
1.007217987E2,8.996794975E-1,-5.472108728E-1,-6.561171647E-1
1.007417987E2,5.306272191E-1,4.493920713E-1,-1.797071564E-1
1.007617987E2,-2.211223417E0,1.533036448E0,-8.454920344E-1
1.007817987E2,-2.109695873E0,1.138985277E0,-1.243970718E0
1.008017987E2,-1.580671960E-1,-2.831463017E-1,2.197594142E-1
1.008217987E2,1.755679125E-1,-1.388783299E0,3.474111485E-1
1.008417987E2,2.164381957E-1,-8.763773198E-1,-6.700850666E-1
1.008617987E2,1.109251893E-1,4.474906299E-1,1.327743777E0
1.008817987E2,-4.963303757E-1,1.345260134E0,7.211733592E-1
1.009017987E2,-1.643619576E0,7.061892843E-1,-1.119096411E0
1.009217987E2,-2.647257305E0,-1.103605821E0,-2.334081019E0
1.009417987E2,-3.205052442E0,-2.306876556E0,-1.706311083E0
1.009617987E2,-1.732030061E0,-1.454829354E0,-1.594431628E0
1.009817987E2,1.936379138E0,5.500563473E-1,7.450178660E-2
1.010017987E2,4.215476450E0,2.428573778E0,1.523410470E0
1.010217987E2,2.339596698E0,2.831994821E0,4.400019546E-1
1.010417987E2,-1.409711069E0,1.025197875E0,-8.252268275E-1
1.010617987E2,-3.601209489E0,-8.786686975E-1,-9.301237567E-1
1.010817987E2,-2.578799858E0,-1.925801233E0,-3.240220667E-1
1.011017987E2,-2.953235668E-1,-1.607858297E0,-2.228572690E-1
1.011217987E2,4.590333259E-1,-1.677051616E-1,3.484940529E-2
1.011417987E2,2.754892266E-1,9.497918898E-1,5.978860597E-1
1.011617987E2,6.490000069E-2,1.597384472E0,3.714443743E-1
1.011817987E2,1.240060539E0,4.157446343E-1,3.828968040E-1
1.012017987E2,1.348701805E0,-2.067879510E-1,-1.042601820E0
1.012217987E2,-1.106889033E0,-3.007030052E-1,-2.061697834E0
1.012417987E2,-2.509204543E0,-2.619581264E0,-1.690044129E-1
1.012617987E2,-6.586841655E-1,-2.198891639E0,1.287636409E0
1.012817987E2,2.423790171E0,9.816902053E-1,1.566490123E0
1.013017987E2,4.071922628E0,1.052478937E0,-1.132267118E0
1.013217987E2,1.749439561E0,5.045919067E-1,-4.449841843E-1
1.013417987E2,-2.346887006E0,-6.982265460E-1,7.264257668E-1
1.013617987E2,-1.595712168E0,-9.820480549E-1,9.451585561E-1
1.013817987E2,1.487041665E0,-1.143387353E0,-5.631085020E-1
1.014017987E2,2.290366943E0,-2.147357789E0,1.717765047E-1
1.014217987E2,1.007710315E0,-2.231738958E0,3.045210908E-1
1.014417987E2,-1.181433431E0,-3.710134345E-1,-5.376292598E-1
1.014617987E2,-2.227504112E0,-7.333215344E-1,-6.135764050E-1
1.014817987E2,-1.995550037E0,-2.152689865E0,1.776316872E0
1.015017987E2,-6.483214375E-1,-3.114588999E0,2.835741132E0
1.015217987E2,1.972228417E0,-1.243741361E0,3.902086741E-1
1.015417987E2,1.356455798E0,1.819802030E0,-6.801007622E-1
1.015617987E2,1.119260279E0,1.399621114E0,2.069995617E0
1.015817987E2,1.478138987E0,-1.061508792E0,6.127860077E-1
1.016017987E2,-4.735233110E-1,-1.764166358E0,-2.183950687E0
1.016217987E2,-2.428536648E0,-2.111806133E0,-4.062236130E-1
1.016417987E2,-3.640025645E0,-4.918654418E-1,1.206918374E0
1.016617987E2,-1.973953638E0,-3.094440079E-1,-4.567090577E-1
1.016817987E2,1.402729786E0,5.006298333E-1,2.162731580E-1
1.017017987E2,2.368325822E0,2.056393239E0,1.445682555E0
1.017217987E2,1.880737911E0,7.627646041E-1,4.520418102E-1
1.017417987E2,1.088734598E0,-8.123729664E-1,-2.047988598E0
1.017617987E2,7.498419651E-1,-1.710217023E0,-8.086566223E-1
1.017817987E2,-9.184818041E-1,-5.448435545E-1,2.632177336E0
1.018017987E2,-2.455757191E0,-6.572247005E-1,1.525116249E0
1.018217987E2,-1.476335706E0,-1.217699617E0,-1.074929468E0
1.018417987E2,2.128035665E-1,-1.417329991E0,1.347765666E-1
1.018617987E2,1.761352386E0,-3.270324326E-1,1.720000584E0
1.018817987E2,1.396256333E0,1.255962626E0,-2.417436294E-1
1.019017987E2,6.530901343E-2,2.673241746E-1,-3.592077599E-1
1.019217987E2,5.002819240E-2,-1.288354447E0,-7.960579922E-1
1.019417987E2,1.146425566E0,-4.827642506E-1,2.469725313E0
1.019617987E2,2.884206948E0,1.168698195E0,1.196494177E0
1.019817987E2,2.309451377E0,4.956392348E-1,-5.478058270E-1
1.020017987E2,3.236919183E-1,-1.510145769E0,1.280536573E-2
1.020217987E2,-1.003874542E0,-2.430120952E0,-1.449325955E-1
1.020417987E2,-4.937581855E-1,-1.716277662E0,1.134671493E0
1.020617987E2,1.159182436E0,2.820731914E-1,3.739130688E-1
1.020817987E2,1.066454952E0,1.141770598E0,1.214287766E0
1.021017987E2,1.000076190E0,3.314786553E-3,1.116835731E0
1.021217987E2,1.187270122E0,6.138465464E-2,4.416787899E-1
1.021417987E2,4.554904979E-1,1.695756859E-1,-1.731650577E0
1.021617987E2,5.226826072E-3,-1.637555428E0,2.270403671E-1
1.021817987E2,2.112406057E-1,-1.762085334E0,9.183181552E-1
1.022017987E2,1.025664191E0,1.993918664E0,-4.987078536E-1
1.022217987E2,8.800755376E-1,1.704901904E0,-3.940145537E-1
1.022417987E2,4.621691877E-1,-1.165714361E0,2.584750716E-1
1.022617987E2,-1.148964427E0,-4.422021157E-1,1.917336365E-1
1.022817987E2,-1.849687734E0,1.186829826E0,-9.377543731E-1
1.023017987E2,1.513367000E0,-2.766306031E-1,5.739545023E-1
1.023217987E2,3.233564050E0,-3.461086813E-1,-2.965544057E-1
1.023417987E2,3.003053945E-1,1.102117997E0,-1.124262865E0
1.023617987E2,-3.340206154E0,3.370276630E-1,-2.077971804E0
1.023817987E2,-1.775577784E0,-2.820375234E-2,-7.426067667E-1
1.024017987E2,-7.770072520E-2,1.256321938E0,1.809209068E0
1.024217987E2,-2.890296239E-1,1.890527904E0,7.469246431E-1
1.024417987E2,-9.626165879E-1,7.567317393E-1,4.929050767E-1
1.024617987E2,-1.215109300E0,-3.424918860E-1,-5.406348749E-1
1.024817987E2,-1.395294759E0,-1.341857055E0,-1.616824271E0
1.025017987E2,-7.441219264E-1,-1.901887144E0,-1.505784330E0
1.025217987E2,1.602911260E0,-1.384933931E0,6.275547588E-1
1.025417987E2,3.780627208E0,5.919073547E-1,2.207896936E-1
1.025617987E2,7.191689336E-1,2.597021244E0,-8.648967505E-2
1.025817987E2,-3.503160453E0,1.368929956E0,-2.119226834E-1
1.026017987E2,-2.687217761E0,-5.945355685E-1,-1.621443133E-1
1.026217987E2,-9.010945237E-1,-1.336546321E0,-8.831624289E-1
1.026417987E2,-1.577862958E0,-8.793983569E-1,-1.132500349E0
1.026617987E2,1.470013404E-1,-6.009199240E-1,-2.634780224E-1
1.026817987E2,6.757855171E-1,4.082633411E-1,-8.326654360E-2
1.027017987E2,-2.104836836E0,1.037893204E0,-1.015835313E-1
1.027217987E2,-2.238298949E0,1.753308992E-1,-1.940762503E-1
1.027417987E2,-1.321260238E-1,-1.064876130E0,9.363497257E-2
1.027617987E2,1.144420556E0,-1.642104123E0,-2.879287393E-1
1.027817987E2,2.127392471E-2,-6.580863608E-1,-6.019122331E-1
1.028017987E2,-1.485185759E0,1.138443167E0,-1.627875363E0
1.028217987E2,-2.567586068E0,3.257356298E-1,-6.056543780E-1
1.028417987E2,-1.441981852E-2,-1.698845796E0,-1.204770546E-1
1.028617987E2,1.159423342E0,-1.750551994E0,-9.038275123E-1
1.028817987E2,2.402646055E0,3.764553650E-1,1.013044437E0
1.029017987E2,1.166586766E0,2.624062862E0,1.813150092E0
1.029217987E2,-2.850387238E0,1.597984104E0,6.128582208E-1
1.029417987E2,-3.641605563E0,-1.490406446E0,-1.042737476E0
1.029617987E2,-1.533719403E0,-1.988549166E0,-1.642589442E0
1.029817987E2,2.802593851E-1,-9.920624350E-1,-1.004223182E0
1.030017987E2,4.956713945E-1,-5.739173725E-2,-4.973105152E-1
1.030217987E2,6.821122044E-1,-2.048199244E-1,-4.892355104E-1
1.030417987E2,1.030836638E0,-3.595640016E-1,-1.200772512E0
1.030617987E2,-1.241665599E0,9.697364500E-1,-6.993036032E-1
1.030817987E2,-3.441589857E0,9.289750712E-1,9.245475595E-1
1.031017987E2,-2.679533350E-1,-1.190396628E-1,1.054841212E0
1.031217987E2,1.797155179E0,-4.960526329E-1,5.363590984E-1
1.031417987E2,1.452793939E0,8.146662444E-2,7.388658643E-2
1.031617987E2,-4.658681363E-1,1.361894001E0,-4.329734552E-1
1.031817987E2,-2.016555575E0,7.432960072E-1,-1.531692173E0
1.032017987E2,-2.385937051E0,-1.853165366E0,-5.856245215E-1
1.032217987E2,-6.817812520E-1,-2.402034728E0,-9.661272562E-1
1.032417987E2,1.094180110E0,-3.659345430E-1,-3.713766928E-1
1.032617987E2,2.338417899E0,1.338827905E0,4.207328939E-1
1.032817987E2,7.179743475E-1,9.548213723E-1,-5.425819977E-1
1.033017987E2,-2.482524283E0,-1.253632511E0,7.218497358E-2
1.033217987E2,-2.636823533E0,-1.532042422E0,-5.212289894E-1
1.033417987E2,3.939672643E-1,7.220200360E-1,3.132294953E-1
1.033617987E2,2.606853045E0,1.087738232E0,4.491679037E-1
1.033817987E2,1.192051390E0,8.280300558E-1,-2.653174102E-1
1.034017987E2,-1.609335596E0,9.044063866E-2,-1.554388360E-1
1.034217987E2,-9.698156798E-1,-1.352305444E0,4.034426773E-1
1.034417987E2,1.822359602E0,-9.457941484E-1,4.019609928E-1
1.034617987E2,3.522008952E0,-7.787812972E-1,9.432155263E-1
1.034817987E2,1.281359423E0,1.824214339E-2,-1.307868944E0
1.035017987E2,-2.677786202E0,9.716838652E-1,-2.947268000E0
1.035217987E2,-3.963564951E0,-2.450505515E0,7.731749868E-1
1.035417987E2,-2.487939389E0,-9.152769452E-1,-6.444451173E-2
1.035617987E2,2.152101050E0,2.159610629E0,1.752446784E0
1.035817987E2,4.954373304E0,2.514494519E0,1.162815312E0
1.036017987E2,3.866951407E0,-8.138201523E-1,1.235883288E0
1.036217987E2,1.167562958E0,-2.420618641E0,-5.921903600E-1
1.036417987E2,-1.666716077E0,-1.840323418E0,-2.128450232E0
1.036617987E2,-1.800707071E0,-1.766894669E0,-1.638300656E-1
1.036817987E2,-3.987862471E-1,-1.395712835E0,7.192863896E-1
1.037017987E2,-1.181619665E0,-1.417439919E0,4.684987255E-1
1.037217987E2,-2.799832211E0,-2.228681449E0,-4.951656103E-2
1.037417987E2,-1.181625512E0,-2.328382908E0,6.154972154E-1
1.037617987E2,1.870212631E0,7.080703336E-1,2.757926971E-1
1.037817987E2,3.587877837E0,3.239588436E0,1.230110916E0
1.038017987E2,1.913810932E0,4.011102229E-1,8.443290232E-1
1.038217987E2,2.766376197E-2,-1.588065764E0,-1.183221509E0
1.038417987E2,-4.556910574E-1,-1.780315198E0,-2.476121582E0
1.038617987E2,-1.504752882E0,-3.587120622E-1,8.484748453E-1
1.038817987E2,-2.796755406E0,5.934116971E-1,1.691387234E0
1.039017987E2,-3.148941391E0,5.144660997E-1,2.372304560E-1
1.039217987E2,2.345003910E-1,-1.513061775E0,-1.803994668E0
1.039417987E2,4.534114619E0,-8.870723158E-1,-4.758434862E-1
1.039617987E2,5.760761061E0,1.909790094E0,1.764186823E0
1.039817987E2,4.623835174E0,4.491778439E-1,-9.881246276E-1
1.040017987E2,2.631152611E0,-1.858525801E-1,-1.177459078E0
1.040217987E2,-1.257348416E0,1.124512541E0,6.576158792E-1
1.040417987E2,-5.763399324E0,1.671144758E0,-1.550408526E0
1.040617987E2,-8.797899595E0,-2.810437306E0,1.070283124E0
1.040817987E2,-5.463956394E0,-3.611309969E0,5.610771793E-1
1.041017987E2,-1.110966004E0,-7.376408726E-1,4.161159325E-1
1.041217987E2,3.889040433E0,1.812910502E0,2.862796783E-1
1.041417987E2,6.530000871E0,1.749726659E0,5.848855796E-1
1.041617987E2,6.047824851E0,9.903627956E-1,-1.310971769E0
1.041817987E2,2.921151996E0,9.969181091E-1,-2.265223915E0
1.042017987E2,2.487449393E-2,7.972842264E-1,3.047617915E0
1.042217987E2,-1.237196280E0,-1.084621081E0,9.108358388E-1
1.042417987E2,-2.177352689E0,-1.255222369E0,-1.105309115E0
1.042617987E2,-1.736811037E0,-4.125865531E-1,-6.199142021E-1
1.042817987E2,-1.227790741E0,2.101705652E-1,7.613669734E-1
1.043017987E2,-8.538421507E-1,-8.688962460E-3,-2.847687578E-1
1.043217987E2,9.998270988E-2,-5.724541068E-1,-3.079905362E-1
1.043417987E2,1.912374710E0,3.896654677E-1,2.009921908E-2
1.043617987E2,1.970842043E0,1.293012339E0,1.732019828E-1
1.043817987E2,3.835027948E-2,-3.594341934E-2,4.725111580E-1
1.044017987E2,-9.844307953E-1,-5.007596415E-1,-4.833840555E-1
1.044217987E2,-3.890265132E-1,-1.899795449E-1,-7.807934703E-1
1.044417987E2,1.056571403E-1,-2.951820642E-1,7.787845132E-1
1.044617987E2,-6.809211266E-1,9.702401876E-2,1.276636481E0
1.044817987E2,-2.484514090E-1,1.767578208E-1,-4.845523292E-1
1.045017987E2,1.231900603E0,-6.769380033E-2,-8.554996902E-1
1.045217987E2,9.101463059E-1,-1.049084044E-1,8.663600162E-1
1.045417987E2,-8.035892791E-1,-1.534362012E-1,7.708776158E-1
1.045617987E2,-1.027822106E0,-3.839995158E-1,-3.868588042E-1
1.045817987E2,-3.650121447E-1,-7.390886432E-1,1.136336195E-1
1.046017987E2,2.711535162E-1,-8.649540532E-1,2.030290099E0
1.046217987E2,-3.555165589E-2,-9.220047516E-1,1.007816734E0
1.046417987E2,2.379851854E-1,-5.151654267E-1,-6.804363924E-1
1.046617987E2,7.501533294E-1,4.187617975E-1,-4.406096265E-2
1.046817987E2,1.176087322E0,5.008379942E-1,3.412891722E0
1.047017987E2,1.604421304E0,-4.178344291E-1,1.664513285E0
1.047217987E2,1.664194758E0,-1.170990304E0,-9.626623423E-1
1.047417987E2,6.049970779E-1,-1.198239498E0,-1.276796256E0
1.047617987E2,-2.041262984E-2,-7.004122353E-1,4.503363235E-1
1.047817987E2,-6.181810874E-1,-7.081323141E-1,1.841460117E0
1.048017987E2,-2.024306059E0,-1.580471985E0,1.112630998E0
1.048217987E2,-9.534656954E-1,-2.580805453E0,-7.874345917E-1
1.048417987E2,1.182580070E0,-1.838245903E0,5.163238332E-1
1.048617987E2,3.006014391E0,4.027679086E-1,1.556649844E0
1.048817987E2,2.738260446E0,2.801965860E0,-1.069776609E0
1.049017987E2,7.463929850E-1,2.217779315E0,-2.942915917E0
1.049217987E2,-7.446078300E-2,-1.293180739E0,1.433183547E0
1.049417987E2,1.854350889E-1,-2.677302053E0,1.455959036E0
1.049617987E2,1.637957717E0,-1.459705347E0,1.048893424E0
1.049817987E2,1.867261541E0,1.052055014E0,-3.944644969E-2
1.050017987E2,2.414373815E-1,1.574203185E0,-8.000265706E-1
1.050217987E2,-1.604856044E0,-1.962559462E-2,3.293526077E-1
1.050417987E2,-6.859906626E-1,-2.487779760E-1,-5.893104601E-1
1.050617987E2,1.976769365E0,1.093744492E0,5.537313223E-1
1.050817987E2,3.350141743E0,8.828123268E-1,1.561721500E-1
1.051017987E2,1.611613671E0,6.524030864E-2,-1.810725982E0
1.051217987E2,-1.061102411E0,-3.634374896E-1,-7.154337323E-1
1.051417987E2,-3.252691462E0,-3.007103142E-1,-1.420370543E0
1.051617987E2,-2.510151207E0,-5.329441783E-1,-1.035557168E0
1.051817987E2,-3.481093061E-1,-9.530873805E-1,-1.512840750E0
1.052017987E2,1.258883311E0,-3.175739765E-2,-4.490917437E-1
1.052217987E2,1.455112360E0,2.518869991E0,1.217462804E0
1.052417987E2,1.201338522E0,3.698121241E0,1.170020982E0
1.052617987E2,-2.565483409E-1,1.980214837E0,6.570026524E-1
1.052817987E2,-2.696487352E0,-5.701326160E-1,-2.919617102E-2
1.053017987E2,-2.708679966E0,-1.577219325E0,-8.559752150E-1
1.053217987E2,-1.328305548E0,-8.034822750E-1,-9.117866691E-1
1.053417987E2,-1.999665892E-1,-4.369873495E-1,-8.422469759E-1
1.053617987E2,1.322954761E0,-6.264921735E-1,4.058113843E-3
1.053817987E2,1.680481008E0,1.093517766E-1,2.023962535E-2
1.054017987E2,-1.269822282E-1,1.009074763E0,-3.627003019E-1
1.054217987E2,-2.625931925E0,5.624875277E-1,-2.617833531E-1
1.054417987E2,-1.779960857E0,-1.266283254E-1,-1.800791855E-1
1.054617987E2,-7.721148866E-1,-6.742235065E-1,-7.338676643E-1
1.054817987E2,-1.187536170E0,-1.959919882E0,-6.949684775E-1
1.055017987E2,-2.013664126E-1,-2.027576260E0,-7.129429646E-1
1.055217987E2,2.629481184E-1,6.192100511E-1,-4.751294681E-1
1.055417987E2,-1.468370336E0,2.099776364E0,4.817603568E-1
1.055617987E2,-1.679884007E0,5.160741937E-1,3.646195773E-1
1.055817987E2,-4.876887757E-1,-1.444430666E0,-5.649930596E-1
1.056017987E2,6.674970889E-1,-1.103468046E0,-9.418263741E-1
1.056217987E2,-4.984154928E-1,3.944117989E-1,2.961429079E-1
1.056417987E2,-1.392918450E0,1.728161945E-1,-2.412338984E-1
1.056617987E2,-2.164497732E0,-6.771761312E-1,-9.367612966E-1
1.056817987E2,-1.232559730E0,-1.251998653E0,-6.573790669E-1
1.057017987E2,3.514854884E-1,-5.380070630E-1,-4.483937323E-1
1.057217987E2,1.116535769E0,1.868380552E-1,7.343390961E-1
1.057417987E2,2.657810944E-1,7.377070923E-1,1.231389995E-1
1.057617987E2,-1.999480535E0,-1.178030498E-1,-1.596361209E0
1.057817987E2,-2.542712597E0,-2.069210921E0,-1.488691750E0
1.058017987E2,-1.730951250E-2,-2.498478118E0,-6.724987241E-1
1.058217987E2,2.513825013E0,-9.571377468E-1,-5.688859896E-1
1.058417987E2,2.656657289E0,1.380568692E0,1.265539781E0
1.058617987E2,-1.370301420E0,2.997364604E0,1.028677115E0
1.058817987E2,-4.404963659E0,1.414255233E0,-1.140384808E0
1.059017987E2,-2.728261707E0,-2.193098510E0,-6.869143765E-1
1.059217987E2,1.753722646E0,-2.730024350E0,-3.133218813E-1
1.059417987E2,2.958487052E0,-1.012486321E-1,7.195795543E-1
1.059617987E2,6.698517627E-1,3.847774293E0,-3.780413492E-1
1.059817987E2,-1.636231034E0,1.916195135E0,-1.333685571E0
1.060017987E2,-2.976451453E0,-1.849121724E0,-4.389236549E-1
1.060217987E2,-1.999011589E0,-1.879978358E0,-1.848132960E0
1.060417987E2,4.397977406E-1,4.297110012E-1,7.295162395E-1
1.060617987E2,3.781918273E0,-2.722142011E-2,1.142769229E0
1.060817987E2,5.638394040E-1,-8.659179667E-1,-1.642950289E-1
1.061017987E2,-2.821766286E0,-8.221460027E-1,-6.543186343E-1
1.061217987E2,-4.947867107E-1,-1.148532903E0,1.799422510E-1
1.061417987E2,3.060653113E0,-8.515779626E-1,1.556348712E0
1.061617987E2,2.781428685E0,8.406156027E-1,1.293100047E-1
1.061817987E2,-9.719154149E-1,2.603205552E0,-1.017822417E0
1.062017987E2,-2.244091201E0,-1.824351749E0,4.901755599E-1
1.062217987E2,-1.791766970E0,-2.739393636E0,-8.536034381E-1
1.062417987E2,1.155023897E-1,-4.234881020E-1,4.537326057E-2
1.062617987E2,7.484582216E-1,2.738751027E0,1.220617962E-1
1.062817987E2,1.987718861E0,2.968321484E-1,1.107779564E0
1.063017987E2,1.546443529E0,-1.284070777E0,-2.818679541E-1
1.063217987E2,-1.462657607E-1,-1.180572136E0,-4.752599341E-1
1.063417987E2,-1.509669220E0,4.305889606E-1,-8.966044468E-1
1.063617987E2,-1.276622593E-1,7.790771663E-1,6.365992320E-1
1.063817987E2,-6.597647309E-2,6.398467755E-1,-9.244734460E-1
1.064017987E2,-1.375135898E0,-1.667865640E0,1.531028917E-1
1.064217987E2,-1.290902079E0,-2.023971013E0,-9.234796386E-2
1.064417987E2,3.179470289E-1,1.373809165E-1,8.105843031E-1
1.064617987E2,1.902938327E0,1.613698204E0,8.353016531E-1
1.064817987E2,2.456890090E0,1.605072391E-1,-4.032819519E-1
1.065017987E2,6.985946283E-1,-1.062035041E0,1.045106183E0
1.065217987E2,-9.495734963E-1,-2.469056976E-1,-1.744726120E0
1.065417987E2,-1.430045054E0,4.339815152E-1,-7.398318974E-1
1.065617987E2,3.482894003E-3,-6.586227697E-1,1.407741142E0
1.065817987E2,1.865130231E0,-5.282199204E-1,1.383945459E0
1.066017987E2,2.330049072E0,-1.149843264E0,3.722220540E-1
1.066217987E2,1.540723783E0,-2.116828306E0,3.150450557E-1
1.066417987E2,2.776886567E-1,-8.284066164E-1,-4.864902426E-1
1.066617987E2,-1.723125336E0,1.567711022E0,-9.854944038E-1
1.066817987E2,-2.276264043E0,7.024610996E-2,4.354563291E-1
1.067017987E2,-1.437317236E0,-2.072460219E0,9.260872775E-1
1.067217987E2,-8.843942910E-2,-1.652315555E0,2.033380938E-1
1.067417987E2,3.236599047E-1,7.098584121E-1,-1.417511839E0
1.067617987E2,-8.119031426E-1,-1.648265773E-1,-1.376803524E0
1.067817987E2,-5.083143903E-1,-1.648136550E0,2.013453627E-1
1.068017987E2,9.606150860E-1,-1.952970028E-2,2.075680280E0
1.068217987E2,-1.431956216E0,5.518865258E-1,-5.368737996E-2
1.068417987E2,-1.028407120E0,-4.435610086E-1,-5.386063296E-1
1.068617987E2,9.727359255E-1,-5.244449580E-1,6.908602238E-1
1.068817987E2,2.402224470E0,2.933653343E-1,1.832192280E0
1.069017987E2,1.459456987E0,1.086231405E0,-7.468078449E-2
1.069217987E2,-4.841190505E-1,-4.004009557E-1,8.238297084E-1
1.069417987E2,-1.232922258E0,-1.597277468E0,2.594609852E-1
1.069617987E2,-1.160079399E0,-1.299651852E0,-5.227878571E-1
1.069817987E2,-1.358447360E0,2.063944334E-1,2.493211824E-1
1.070017987E2,-1.155979916E-1,8.826278472E-1,1.071042531E0
1.070217987E2,1.011713319E0,-5.320779133E-1,1.359516231E0
1.070417987E2,7.508178654E-1,-1.824247084E0,9.430335318E-1
1.070617987E2,5.303491840E-1,-2.070245878E0,-1.392197050E0
1.070817987E2,1.213670008E0,-3.806215793E-1,-5.691207553E-1
1.071017987E2,6.436097512E-1,1.614730237E0,1.792714658E0
1.071217987E2,-1.288740948E-1,-7.039451230E-1,8.910262030E-1
1.071417987E2,5.859035799E-1,-2.068285307E0,6.725525916E-1
1.071617987E2,1.438038490E0,-2.069414989E0,4.882441881E-1
1.071817987E2,1.502699339E0,-1.898186880E0,-1.086495991E-1
1.072017987E2,4.723971373E-1,-1.282452267E-1,-6.742797860E-1
1.072217987E2,-6.089863408E-1,2.130472199E0,5.325310725E-1
1.072417987E2,6.961344123E-2,1.431351614E-1,1.138752119E0
1.072617987E2,1.450589538E0,-2.530400115E-1,3.790298941E-1
1.072817987E2,1.781064811E0,1.354426230E0,-2.649086899E-1
1.073017987E2,1.272048317E0,-6.550939751E-1,1.184852883E0
1.073217987E2,5.179943097E-1,-1.851700931E0,6.758410656E-1
1.073417987E2,8.196445638E-1,3.838463187E-2,-1.979826472E-1
1.073617987E2,4.430107856E-1,2.954868795E0,-8.557633996E-2
1.073817987E2,1.052421634E0,1.574052912E-1,2.624744940E-1
1.074017987E2,1.153501866E0,-1.544401681E-1,9.303013659E-1
1.074217987E2,-3.615929854E-1,2.818608790E0,5.262166643E-1
1.074417987E2,-2.469185615E-1,6.325254768E-1,7.672353852E-1
1.074617987E2,1.174181129E0,-1.599935027E0,4.685841680E-2
1.074817987E2,6.040577227E-1,-1.821746814E0,-1.112725139E-1
1.075017987E2,6.711434126E-3,-1.181736609E0,-5.458411626E-1
1.075217987E2,-1.770472580E-1,7.153796455E-1,-2.993224776E0
1.075417987E2,-1.968809550E0,1.743064049E0,-2.037013228E0
1.075617987E2,-1.223201262E0,-1.017110591E0,5.186667395E-1
1.075817987E2,1.085807481E0,-1.420161797E0,1.102582558E0
1.076017987E2,2.172299672E0,5.998556212E-1,1.505026531E0
1.076217987E2,2.833227414E-1,3.315449628E0,-2.517670727E-1
1.076417987E2,-3.805001326E0,1.586643429E0,-9.838957751E-1
1.076617987E2,-3.524841344E0,-1.900763017E0,-5.715009376E-1
1.076817987E2,-7.306329846E-2,-2.737958729E0,-1.367262622E0
1.077017987E2,1.639593768E0,-5.877969083E-1,-1.619562961E0
1.077217987E2,4.969636291E-1,2.152275882E0,-5.498546183E-1
1.077417987E2,-1.807128775E-1,1.958296110E0,3.664906132E-1
1.077617987E2,-1.271491662E0,8.135991275E-2,-4.893115242E-1
1.077817987E2,-1.918338139E0,-1.239999874E0,-1.184838995E0
1.078017987E2,-1.754876302E0,-9.366392360E-1,-5.847974329E-1
1.078217987E2,-2.194350107E0,3.015118944E-1,-3.032857203E-1
1.078417987E2,-7.635990018E-1,4.787804695E-1,2.820236363E-2
1.078617987E2,1.294903328E0,-3.716458109E-1,-7.591206193E-1
1.078817987E2,1.068647073E0,-6.818505415E-1,-7.286716823E-1
1.079017987E2,-4.739858258E-1,7.471674487E-2,-3.902758440E-1
1.079217987E2,-1.757209926E0,9.023645389E-1,-4.551858580E-1
1.079417987E2,-2.104708782E0,4.537501473E-1,-4.538795900E-1
1.079617987E2,-1.607184990E0,-9.399010321E-1,2.327321199E-1
1.079817987E2,-3.978521544E-1,-1.525563414E0,2.863249943E-2
1.080017987E2,1.228770735E0,-3.390133774E-1,-3.158994801E-2
1.080217987E2,7.073990732E-1,1.665516229E0,-1.193207677E-1
1.080417987E2,-2.746492741E0,1.670882072E0,7.983554363E-2
1.080617987E2,-6.624117655E-1,-1.669181848E0,-6.127682468E-1
1.080817987E2,5.821452820E-1,-1.711611584E0,-5.114607771E-1
1.081017987E2,-5.210453868E-3,-5.276467471E-1,1.499752343E-1
1.081217987E2,-1.087731800E0,1.663224413E-1,-4.044027901E-1
1.081417987E2,-1.530061385E0,2.503744121E-1,-1.273676620E0
1.081617987E2,1.783178580E-1,-2.958711585E-1,-5.202489960E-1
1.081817987E2,7.950225234E-1,-8.039184773E-1,-2.401637118E-1
1.082017987E2,-2.908714968E-1,-1.173260485E0,-4.352749193E-1
1.082217987E2,-1.725255477E0,-5.046348837E-1,-8.486262882E-1
1.082417987E2,-1.574217803E0,6.213017464E-1,-2.535889920E-1
1.082617987E2,1.218273228E-1,7.417649138E-1,1.148061032E0
1.082817987E2,1.249696750E0,5.935415053E-1,-1.027892272E-1
1.083017987E2,6.516189748E-1,6.542706871E-1,-9.744805153E-1
1.083217987E2,-1.752074901E0,9.887203127E-2,-1.249085716E0
1.083417987E2,-3.561875854E0,-1.423110548E0,-1.226604341E0
1.083617987E2,-1.511987057E0,-8.702440292E-1,-1.149981258E0
1.083817987E2,1.433399309E0,3.173751712E-1,1.382788295E0
1.084017987E2,3.205020867E0,1.483217586E0,1.731395638E0
1.084217987E2,1.957610378E0,1.847042454E0,1.230043674E-1
1.084417987E2,-1.345192891E-1,-3.960529661E-1,-7.452981669E-2
1.084617987E2,-1.455507047E0,-2.112356941E0,-1.661424201E-2
1.084817987E2,-2.280676060E0,-8.240925407E-1,-8.055135977E-1
1.085017987E2,-9.014541274E-1,1.341181701E-1,-4.663269600E-2
1.085217987E2,1.139001941E0,-3.172061867E-1,-1.165677524E-1
1.085417987E2,1.426585549E0,-1.509695533E0,4.852300215E-1
1.085617987E2,7.556555593E-1,-2.527946039E0,1.559200984E-1
1.085817987E2,6.020918888E-1,-6.862777609E-1,-1.006281329E0
1.086017987E2,5.975912869E-1,1.348180819E0,-6.572124213E-1
1.086217987E2,-3.400261152E-1,5.330947441E-1,1.730372960E0
1.086417987E2,3.893894792E-2,-1.600049633E-1,1.476246536E0
1.086617987E2,1.335634740E0,6.175560200E-1,-1.257234980E0
1.086817987E2,1.674869727E0,-5.794485462E-1,-8.471254541E-1
1.087017987E2,-1.818133235E-2,-1.364788665E0,-1.011161926E0
1.087217987E2,-1.556521205E0,-6.383791244E-1,-5.037376285E-1
1.087417987E2,-3.435870695E-1,-8.659989506E-1,4.083531690E-1
1.087617987E2,1.342901075E0,-1.136375957E0,-3.369645131E-1
1.087817987E2,1.100344098E0,-1.556917062E0,-6.675609697E-1
1.088017987E2,1.429237846E0,-2.155509392E0,1.474063624E0
1.088217987E2,3.112715551E0,-1.538303035E0,3.114621744E0
1.088417987E2,2.332325831E0,6.091038698E-1,2.146888696E0
1.088617987E2,-7.760119097E-1,1.271222690E0,-1.810606845E0
1.088817987E2,-3.236418369E0,-9.258066112E-1,-5.289936532E-1
1.089017987E2,-5.409999458E0,-1.012696236E0,-6.186979812E-1
1.089217987E2,-5.057370839E0,-1.508919023E0,7.440628695E-1
1.089417987E2,-1.986364938E0,-1.387607424E0,2.850850922E-1
1.089617987E2,1.257729801E0,5.001310658E-1,1.228640342E-1
1.089817987E2,2.214044698E0,1.078164001E0,3.805625224E-1
1.090017987E2,1.915759809E0,5.349886572E-1,-5.645472094E-2
1.090217987E2,2.594154646E0,-2.122129977E-1,-1.028340461E0
1.090417987E2,1.712212239E0,1.290170007E0,1.130660742E0
1.090617987E2,9.247853950E-2,5.998395413E-1,1.975061832E0
1.090817987E2,-4.188736255E-1,-1.007964084E0,9.286213146E-1
1.091017987E2,1.525473221E0,3.064841473E-1,-1.283985700E-1
1.091217987E2,1.766612102E0,1.349909840E0,-7.071600683E-1
1.091417987E2,-7.078355679E-1,-9.319263071E-1,2.243927479E-1
1.091617987E2,-2.521877214E0,-1.805764620E0,-4.034027700E-1
1.091817987E2,-2.453742533E0,-2.488428801E-1,7.121664543E-1
1.092017987E2,-4.156083941E-1,-4.151230752E-2,6.570609784E-1
1.092217987E2,9.249330372E-1,-1.639173353E-1,5.988440529E-2
1.092417987E2,1.094592923E0,3.281738091E-1,-3.670203710E-1
1.092617987E2,1.101631216E0,4.238892210E-1,-8.428704353E-1
1.092817987E2,1.829648741E0,4.630901241E-1,7.915924005E-1
1.093017987E2,8.431939325E-1,2.594585001E-2,7.633503489E-1
1.093217987E2,-7.881903443E-1,-3.304559773E-1,-1.315683163E0
1.093417987E2,-1.486282112E0,-2.496228987E-1,-7.889798646E-1
1.093617987E2,-7.425700754E-2,3.390513843E-1,1.656083939E0
1.093817987E2,5.133779329E-1,-3.012193143E-1,6.577733155E-1
1.094017987E2,4.519020617E-2,-1.299417964E0,-4.635872836E-1
1.094217987E2,3.503008425E-2,-1.678390628E-1,-8.862016654E-1
1.094417987E2,1.449253742E0,2.340357420E0,1.592160569E0
1.094617987E2,2.608844314E0,1.203928839E0,1.557415245E0
1.094817987E2,1.445619990E0,-9.815071875E-1,4.596553966E-1
1.095017987E2,5.600024611E-2,-1.882311105E0,5.855859299E-1
1.095217987E2,-8.842358315E-1,-2.421709732E0,7.561321074E-1
1.095417987E2,-1.318146011E0,-1.834904219E0,2.588199842E0
1.095617987E2,9.215814131E-1,-9.310638428E-1,5.203331959E-1
1.095817987E2,1.711853659E0,-7.402165711E-2,-2.171368210E0
1.096017987E2,8.991906703E-1,-2.033861579E0,3.010373197E-2
1.096217987E2,6.703423440E-1,-3.977549736E0,7.361983645E-1
1.096417987E2,1.138140061E0,-2.767612299E0,1.995105064E-1
1.096617987E2,1.530048521E0,1.173699319E0,-8.808736825E-1
1.096817987E2,1.315597209E0,3.298415519E0,7.350891477E-1
1.097017987E2,9.441949350E-1,5.543891340E-1,2.093618953E0
1.097217987E2,1.302371977E0,-3.832920027E-1,9.100278997E-1
1.097417987E2,8.280025738E-1,9.026563150E-1,-1.592754647E0
1.097617987E2,-2.706874931E-1,1.144846818E0,4.337616964E-1
1.097817987E2,-8.537718379E-1,-7.775867110E-1,-1.352694869E-2
1.098017987E2,5.581108868E-1,-1.570092593E0,-3.006823938E-1
1.098217987E2,4.024784714E-1,2.981971809E-1,-1.964688579E-1
1.098417987E2,-3.070255995E-2,1.125851261E0,-6.833816350E-1
1.098617987E2,7.593118232E-1,-1.794858393E-1,-1.281015022E0
1.098817987E2,-1.144007742E-2,-7.936495972E-1,-6.557114410E-1
1.099017987E2,-1.216535436E0,-5.364411056E-1,-6.013427874E-1
1.099217987E2,-1.702223879E0,-5.102718920E-2,-2.169646498E0
1.099417987E2,-1.311089006E0,7.124130607E-2,-9.436329444E-1
1.099617987E2,-1.184230739E0,8.492737211E-1,4.079024948E-2
1.099817987E2,7.131778765E-1,1.956885616E0,3.349355292E-1
1.100017987E2,1.814945918E0,3.116826144E0,1.578800997E0
1.100217987E2,-3.620502377E-1,2.659901324E0,3.598215714E-1
1.100417987E2,-3.400334242E0,-1.880262386E0,-8.101375759E-1
1.100617987E2,-1.511563134E0,-3.119698296E0,-1.778023821E0
1.100817987E2,4.501087207E-1,-2.315263071E0,-1.510317238E0
1.101017987E2,-1.920284092E-2,4.117331520E-2,-1.423419135E0
1.101217987E2,-7.060992372E-1,1.443925467E0,1.780851388E-1
1.101417987E2,-2.108073270E-1,9.674994515E-1,5.851180065E-1
1.101617987E2,-1.686777290E0,6.353459361E-2,-1.172588933E-1
1.101817987E2,-2.640931202E0,-9.202188657E-1,-6.195195150E-1
1.102017987E2,-1.312993444E0,-1.046251725E0,-3.400986207E-1
1.102217987E2,-3.036581880E-1,-5.914101587E-1,-5.051666149E-1
1.102417987E2,-1.345426780E-1,-4.208059110E-1,-6.831209953E-1
1.102617987E2,1.041897815E-1,-1.088416070E-1,5.012948079E-1
1.102817987E2,-8.340585351E-2,7.047725040E-1,6.466565891E-1
1.103017987E2,-1.593113081E0,1.083711255E0,6.049624331E-1
1.103217987E2,-2.266614676E0,-1.448510634E-1,-4.664918880E-1
1.103417987E2,-2.889810335E0,-2.037739014E0,-1.696217619E0
1.103617987E2,-1.431589011E0,-2.223465148E0,-1.611979122E0
1.103817987E2,8.300719035E-1,-7.261201767E-1,-5.499036618E-1
1.104017987E2,2.453244351E0,1.248947722E0,4.127561224E-1
1.104217987E2,2.827315294E0,2.444718818E0,1.753465369E0
1.104417987E2,3.855121905E-1,2.101840431E0,1.108792301E0
1.104617987E2,-3.539418452E0,-1.028466761E-2,-6.239025879E-1
1.104817987E2,-5.220023421E0,-2.714941750E0,-1.434305481E0
1.105017987E2,-1.152752253E0,-3.467169671E0,-4.364606615E-1
1.105217987E2,2.604439314E0,-2.392502305E0,2.579348619E-1
1.105417987E2,3.538522659E0,2.947686660E-1,1.009545902E-1
1.105617987E2,1.453214353E0,3.641062064E0,-1.773670276E-1
1.105817987E2,-9.557250595E-1,4.586871707E0,-1.327203348E0
1.106017987E2,-1.363344988E0,8.942638063E-1,-4.800809634E-1
1.106217987E2,-6.451788515E-1,-1.747486006E0,-4.858277531E-1
1.106417987E2,-1.658773220E0,-6.196431836E-1,-1.084340561E0
1.106617987E2,-1.343500707E0,-4.150263038E-1,-1.140031636E-1
1.106817987E2,5.927334201E-1,-1.817305854E0,5.731266097E-1
1.107017987E2,2.082253720E0,-1.772518229E0,5.578606260E-1
1.107217987E2,7.768107855E-1,1.820262206E0,-1.816248970E-1
1.107417987E2,-7.220060027E-1,2.518740767E0,-1.216401973E0
1.107617987E2,4.894119501E-4,-2.151228645E0,-2.596655647E-1
1.107817987E2,3.742574698E-1,-4.014037532E0,-4.509512313E-1
1.108017987E2,-7.798753113E-1,-1.573552390E0,-1.706506380E0
1.108217987E2,-1.732748684E0,2.789817685E0,8.390162431E-2
1.108417987E2,4.730748296E-2,-1.000148696E-1,2.685426613E-1
1.108617987E2,-1.413260329E-1,-2.252919912E0,2.517229993E-2
1.108817987E2,-3.425410026E-1,-6.912648511E-1,-1.197336688E0
1.109017987E2,-4.125122935E-1,-6.437310809E-1,-2.986777636E0
1.109217987E2,-1.564735374E0,-3.027070799E0,-2.933027691E0
1.109417987E2,-1.645649729E0,-3.836589739E0,1.557821041E-1
1.109617987E2,1.073186266E-1,8.158924055E-1,2.152832537E0
1.109817987E2,4.071433216E0,6.435184177E0,3.310474817E0
1.110017987E2,6.239504766E0,1.588359879E0,3.365807018E0
1.110217987E2,2.705249990E0,-3.096457368E-1,8.212730134E-1
1.110417987E2,-1.896738524E0,1.589390159E-1,-2.365953607E0
1.110617987E2,-3.788232096E0,-1.271142583E0,-2.040619791E0
1.110817987E2,-2.090450932E0,-3.078032207E0,2.161177683E-1
1.111017987E2,8.596851271E-1,-1.831550256E0,8.675203961E-1
1.111217987E2,2.263957701E0,1.792379174E0,7.272152871E-1
1.111417987E2,1.633401859E0,1.405776477E0,-5.014382109E-2
1.111617987E2,-6.244253290E-1,-7.782872075E-1,1.082193317E0
1.111817987E2,-9.534692037E-1,-6.688226527E-1,2.915209763E-1
1.112017987E2,9.281352648E-1,-4.563050151E-1,2.126515388E-2
1.112217987E2,1.808376863E0,-1.270847883E0,-3.255583495E-3
1.112417987E2,1.576537979E-1,-8.505897832E-1,-2.462287362E-1
1.112617987E2,-1.013669505E0,4.230694413E-1,3.455727839E-1
1.112817987E2,-6.048710704E-1,-3.824839175E-2,5.156793970E-1
1.113017987E2,4.370071569E-1,-1.192665932E0,1.404056811E-1
1.113217987E2,4.866292602E-1,-6.799937582E-1,-4.781746249E-1
1.113417987E2,7.265428573E-2,5.580091453E-1,2.703676504E-1
1.113617987E2,4.100093928E-1,5.273299742E-1,3.318943924E-1
1.113817987E2,3.309670240E-1,-2.168486702E-1,5.516210622E-1
1.114017987E2,2.103644004E-1,-5.883649653E-1,6.917475387E-2
1.114217987E2,-4.212875023E-2,-3.176727945E-1,-4.609184682E-1
1.114417987E2,-1.436972689E0,1.587080508E-1,-1.945566868E0
1.114617987E2,-2.121669801E0,-5.860611624E-1,-8.902578789E-1
1.114817987E2,-4.098287138E-1,-1.811877299E0,1.988843427E0
1.115017987E2,2.686490075E0,-7.287443340E-1,3.392885474E0
1.115217987E2,4.030472885E0,1.627526869E0,2.677485363E-1
1.115417987E2,2.205504840E0,1.226298532E0,-1.736237133E0
1.115617987E2,-9.286109358E-1,-1.304431951E-1,-1.578545328E0
1.115817987E2,-2.882275905E0,-1.044065378E0,1.298062433E0
1.116017987E2,-3.154034024E0,-7.688574028E-1,3.627123179E0
1.116217987E2,-2.984099611E0,-7.055133462E-2,3.834520702E-1
1.116417987E2,-6.797152846E-1,-6.112667549E-1,-2.333591900E0
1.116617987E2,2.175514909E0,-4.770515209E-1,-1.040823974E0
1.116817987E2,2.753485718E0,1.349748457E0,1.650209388E0
1.117017987E2,1.053956455E0,1.022555226E0,8.153667408E-1
1.117217987E2,-1.486322750E-1,4.053482848E-1,-8.221882488E-1
1.117417987E2,-1.045887517E0,-6.625865972E-1,-4.435247558E-1
1.117617987E2,-1.363896380E0,-1.417568557E0,1.441317024E0
1.117817987E2,-1.878003607E0,-4.927162117E-1,7.298107199E-1
1.118017987E2,-1.394526435E0,2.370607406E-1,-7.604919375E-1
1.118217987E2,1.050404783E0,-2.405240464E-1,6.362323192E-1
1.118417987E2,2.867317851E0,-5.486413211E-1,9.701799613E-1
1.118617987E2,1.323409820E0,5.374848336E-1,-5.305646539E-2
1.118817987E2,2.972363372E-1,3.751585257E-1,3.050778919E-1
1.119017987E2,6.398026291E-1,-1.271439037E0,1.219989971E0
1.119217987E2,4.837003899E-1,-1.816246923E0,-1.510003974E-1
1.119417987E2,-1.324862123E-1,-1.787650530E0,4.030322027E-1
1.119617987E2,8.238726854E-4,-1.709300179E0,1.683021038E0
1.119817987E2,1.257158090E0,7.208909386E-1,2.448998249E0
1.120017987E2,9.560332078E-1,1.562899348E0,-2.647701108E-1
1.120217987E2,1.002276497E0,-1.503909713E-1,-1.625384303E0
1.120417987E2,2.105409571E0,5.229299444E-1,7.027609156E-1
1.120617987E2,2.677522493E0,1.527152980E0,2.639217968E0
1.120817987E2,1.878039129E0,-5.996717262E-1,-1.649276610E-1
1.121017987E2,8.635963297E-1,-2.134472864E0,-6.589578152E-1
1.121217987E2,-8.548015326E-1,-1.234165376E0,9.289009577E-1
1.121417987E2,-1.513790338E0,-3.650065899E-2,8.637343240E-1
1.121617987E2,1.248947722E-1,-2.199646515E-1,-6.813690233E-1
1.121817987E2,1.287032976E0,-5.383952451E-1,-1.865805584E0
1.122017987E2,8.818010509E-1,-9.213071787E-1,-8.421399719E-1
1.122217987E2,-2.814381838E-2,-1.680627773E0,-4.657044508E-1
1.122417987E2,2.732819027E-1,-5.814816231E-1,4.721345973E-1
1.122617987E2,1.825958564E0,1.362980121E0,9.309375429E-1
1.122817987E2,2.619915140E0,2.005021942E0,5.201452810E-2
1.123017987E2,6.485538644E-1,1.141894559E0,7.160570455E-1
1.123217987E2,-2.072439753E0,-4.696998167E-1,1.109333754E-2
1.123417987E2,-1.449335895E0,-1.791006832E0,-5.206033373E-1
1.123617987E2,5.790766633E-1,-1.091118507E0,-7.950903511E-1
1.123817987E2,-1.790762419E-1,1.772224991E0,-9.444492158E-1
1.124017987E2,-6.303076279E-1,2.030093048E0,-2.593262800E-1
1.124217987E2,4.684128445E-1,-1.065693060E-1,1.253487500E0
1.124417987E2,4.002372336E-1,-1.028703281E0,7.655374999E-1
1.124617987E2,-1.128562322E0,-1.029636204E-2,-1.444450108E-1
1.124817987E2,-1.317330909E0,4.768386823E-1,-2.140280904E0
1.125017987E2,-7.259844482E-2,2.154432920E-1,-8.380893863E-1
1.125217987E2,7.779889995E-1,-8.186014205E-2,8.487686679E-2
1.125417987E2,-3.864243561E-1,1.591758281E-2,-3.845422836E-1
1.125617987E2,-1.035296309E0,-1.302395658E-1,-1.319107293E0
1.125817987E2,2.091975886E-1,-5.311625317E-2,-5.724972300E-1
1.126017987E2,-1.091330177E-1,6.917378908E-1,1.286885772E0
1.126217987E2,-1.490982104E0,1.324020416E0,4.620376253E-1
1.126417987E2,-1.125198419E0,7.105049680E-1,-3.527309453E-1
1.126617987E2,-4.036683798E-2,-4.648194382E-1,-3.960095505E-1
1.126817987E2,3.420673782E-1,-1.231607073E0,-7.541001999E-1
1.127017987E2,-6.073134524E-1,-9.278568643E-1,-1.211002654E0
1.127217987E2,-1.043854294E0,1.647165766E-1,-1.111951113E0
1.127417987E2,-1.288457358E-1,9.897626520E-1,1.271876116E-1
1.127617987E2,2.145191395E-1,8.939761233E-1,6.129823279E-1
1.127817987E2,-1.661572866E0,2.144971577E-1,1.023145795E-2
1.128017987E2,-1.801897271E0,-8.375649641E-1,-6.562822755E-1
1.128217987E2,-2.109400588E-1,-1.198163631E0,-5.111973600E-1
1.128417987E2,-1.934995687E-1,-3.329059972E-1,-3.221934231E-1
1.128617987E2,-5.242034680E-1,8.479534381E-2,-3.139324768E-1
1.128817987E2,8.104240894E-2,-4.567972410E-1,-1.947834711E-1
1.129017987E2,-2.301972789E-1,-3.221914496E-1,-1.496548069E-1
1.129217987E2,-1.313451866E0,-1.763202664E-1,-4.142761791E-1
1.129417987E2,-1.335410500E0,-3.701350731E-1,-3.745550200E-1
1.129617987E2,-2.668458724E-1,-3.952317978E-1,-5.343922412E-1
1.129817987E2,-1.318634838E0,-4.401902715E-2,8.012688115E-2
1.130017987E2,-6.657405853E-1,2.159654849E-1,1.458609872E-1
1.130217987E2,1.234557139E0,9.305295534E-3,-1.807784394E-1
1.130417987E2,2.410115873E0,-2.631099036E-1,-3.134341478E-1
1.130617987E2,1.598757983E0,2.397394232E-1,2.225768220E-1
1.130817987E2,-2.114454921E0,6.273949836E-1,1.329741624E-1
1.131017987E2,-3.128816444E0,-8.742169929E-1,-4.119095917E-1
1.131217987E2,-6.976476717E-1,-1.960472444E0,-7.477033460E-1
1.131417987E2,1.238264274E0,-1.067889712E0,-3.443017454E-1
1.131617987E2,1.325633370E0,5.080432257E-1,7.928087676E-1
1.131817987E2,3.311822015E-1,9.478460826E-1,-5.235479951E-1
1.132017987E2,-1.759806674E0,-5.708198100E-2,-1.357376150E0
1.132217987E2,-3.252602000E0,-1.128281802E0,-1.585050501E0
1.132417987E2,-1.105125512E0,-1.032754817E0,-8.491269560E-1
1.132617987E2,1.860612087E0,2.494378343E-1,9.661050367E-1
1.132817987E2,2.310266479E0,2.375837448E0,2.558797703E0
1.133017987E2,8.652165931E-1,2.695302999E0,1.432926708E0
1.133217987E2,-9.916515219E-1,2.020172077E-1,8.043181345E-2
1.133417987E2,-2.205418301E0,-2.466557584E0,-5.887925430E-1
1.133617987E2,-1.748325666E0,-3.579848440E0,-9.400182688E-1
1.133817987E2,-5.783890307E-2,-2.649766637E0,-6.658094363E-1
1.134017987E2,5.960137081E-1,4.338028827E-1,-5.072121902E-1
1.134217987E2,-1.474965996E-1,2.862361458E0,-5.179244354E-2
1.134417987E2,2.666798115E-1,6.178586134E-1,6.530674763E-1
1.134617987E2,8.010720527E-1,-1.473728725E0,4.775749198E-1
1.134817987E2,1.836033316E0,-3.671086639E-1,-4.720527363E-1
1.135017987E2,1.556027700E0,2.846636249E0,8.710420279E-1
1.135217987E2,6.764099997E-1,2.184699862E0,9.315865839E-1
1.135417987E2,-1.045679210E0,-9.943041113E-1,7.678493428E-1
1.135617987E2,-1.697841391E0,-2.707515493E0,-6.881646574E-1
1.135817987E2,-1.281542441E0,-1.566198932E0,-9.869771846E-1
1.136017987E2,-4.303638428E-1,4.464343303E-1,3.186896253E-1
1.136217987E2,1.111774966E0,1.006326864E0,-5.007800337E-1
1.136417987E2,1.713159927E0,6.948304832E-1,-6.013416910E-1
1.136617987E2,1.166894329E0,-9.756377524E-1,-2.698950492E-2
1.136817987E2,1.322593403E-1,-1.715798775E0,-5.314768195E-2
1.137017987E2,-1.127558940E0,2.555987531E-1,1.914037804E-1
1.137217987E2,-1.409256740E0,2.047083887E0,1.349259045E0
1.137417987E2,2.259738350E-1,-1.881318247E-1,1.448298161E0
1.137617987E2,4.444082701E-1,-1.429043718E0,3.963102436E-1
1.137817987E2,-1.192627341E-1,-1.393082172E0,-1.072205104E0
1.138017987E2,-7.860780376E-1,-8.858824074E-1,-2.318152400E-1
1.138217987E2,1.071923268E-1,-5.298542172E-1,-5.445991409E-1
1.138417987E2,1.146035557E0,1.268130682E0,-2.284222981E0
1.138617987E2,1.624844166E0,1.412417745E0,-5.023623268E-1
1.138817987E2,4.489726067E-1,-2.023990309E-1,7.169107389E-1
1.139017987E2,-1.254955151E0,-8.558394134E-1,2.697121958E-1
1.139217987E2,-1.140611095E0,1.426018953E-1,-1.527369912E0
1.139417987E2,-4.468798882E-1,-1.329294312E-1,-9.227093410E-1
1.139617987E2,-4.663739204E-3,-1.071250838E0,3.102152556E-1
1.139817987E2,5.120973927E-1,3.234644616E-1,3.164583278E-1
1.140017987E2,1.387092869E0,1.490062922E0,-3.960576439E-1
1.140217987E2,1.086786305E0,1.746464497E0,8.873541516E-1
1.140417987E2,-5.153215474E-1,-3.757356459E-1,1.239241928E0
1.140617987E2,-1.271027393E0,-1.753401049E0,1.015474613E-1
1.140817987E2,-4.619390997E-1,-2.402708035E0,-1.361282090E0
1.141017987E2,-5.672068155E-1,-1.930869892E0,-9.846575942E-1
1.141217987E2,-1.127759792E0,-2.236811417E-1,8.974598944E-2
1.141417987E2,-1.206029159E-1,1.188467631E0,1.041152953E0
1.141617987E2,2.220440968E0,-4.076772308E-1,3.879498216E-1
1.141817987E2,2.601475653E0,-7.346967995E-1,4.896674003E-1
1.142017987E2,1.174626395E0,6.894919753E-1,1.073151914E-1
1.142217987E2,-9.549842173E-1,1.495846403E-1,-2.091216917E0
1.142417987E2,-1.924124251E0,-1.589709417E0,5.442705274E-2
1.142617987E2,-1.260405048E0,-1.839069191E0,6.511846729E-1
1.142817987E2,-4.206843621E-1,-2.375244248E-1,1.290616735E0
1.143017987E2,1.876631704E-1,-8.699370503E-2,1.111989924E0
1.143217987E2,6.641036573E-1,-8.479322237E-1,7.338529732E-1
1.143417987E2,-1.557885361E-1,-3.438080943E-1,-1.242741341E0
1.143617987E2,-8.112584871E-1,2.256925839E-1,-7.292610817E-1
1.143817987E2,-1.019697984E0,5.165944862E-1,1.298405372E0
1.144017987E2,-2.914018393E-1,-1.430065227E-1,1.193667560E0
1.144217987E2,2.403571084E-2,-3.857788235E-1,-5.381006916E-1
1.144417987E2,9.881576644E-1,-1.447355443E-1,-4.782583863E-1
1.144617987E2,2.865323365E0,8.348941022E-1,5.918925905E-1
1.144817987E2,3.092401155E0,9.308036417E-1,1.157049226E0
1.145017987E2,7.666541719E-1,1.566393059E-1,-2.209751965E-1
1.145217987E2,-1.957293752E0,-3.363388610E-1,-1.287223011E0
1.145417987E2,-2.997459914E0,-8.460885966E-1,-5.527250165E-1
1.145617987E2,-2.071819656E0,-8.909034115E-1,1.796272835E0
1.145817987E2,-1.479502412E0,-6.713802248E-1,7.233553939E-1
1.146017987E2,-1.256599973E0,-1.310162222E-1,-6.460017009E-1
1.146217987E2,6.826554108E-1,5.699877512E-1,-7.973438680E-1
1.146417987E2,2.455555170E0,2.420969474E-1,1.233820975E-1
1.146617987E2,2.158460920E0,7.844688839E-1,6.419108427E-1
1.146817987E2,1.255333612E0,4.628234911E-1,8.345939939E-1
1.147017987E2,5.951038814E-1,2.044180745E-1,-4.921700817E-1
1.147217987E2,-6.576753746E-1,-2.405731630E-1,2.248442991E-1
1.147417987E2,-1.036723468E0,-7.205629098E-1,-2.303510606E-2
1.147617987E2,-3.199736738E-1,4.068317235E-1,-3.862619497E-1
1.147817987E2,-2.035132179E-1,2.431272268E-3,-1.922437330E-1
1.148017987E2,-4.907801986E-2,-2.511414206E-1,-6.172924568E-1
1.148217987E2,1.704195853E-1,9.747483909E-2,1.220805073E-1
1.148417987E2,5.030030720E-1,1.054627204E-1,2.989774919E-1
1.148617987E2,2.335706837E-1,5.443751925E-1,-3.284357643E-1
1.148817987E2,1.497074318E-1,-2.132795298E-1,-2.863901907E-1
1.149017987E2,6.880858661E-1,-4.600279373E-1,-5.152961120E-2
1.149217987E2,3.702490573E-1,5.572513461E-1,-5.347389811E-1
1.149417987E2,4.113384649E-2,4.709259778E-1,-2.422578920E-1
1.149617987E2,-9.851251522E-1,-6.286218756E-1,6.271008687E-1
1.149817987E2,-7.967636050E-1,-4.642233145E-1,1.615321098E-1
1.150017987E2,3.863179368E-1,1.261209333E-1,-1.475001079E-1
1.150217987E2,8.815576605E-2,6.034618914E-2,3.053866249E-1
1.150417987E2,-5.962451117E-1,2.242483217E-1,2.174760765E-1
1.150617987E2,-4.225205339E-1,9.936699808E-2,2.082580872E-1
1.150817987E2,1.161748195E-1,-1.816028237E-2,-3.759876609E-2
1.151017987E2,-2.510526160E-1,1.107608825E-1,1.999559180E-1
1.151217987E2,-9.010955469E-1,-1.158888906E-1,2.405765252E-1
1.151417987E2,-5.743823723E-1,-3.656825280E-1,1.014205402E-1
1.151617987E2,4.130895598E-1,-3.877990365E-2,-4.273917031E-1
1.151817987E2,8.686107557E-1,8.660544991E-2,8.966763675E-2
1.152017987E2,2.365418733E-1,-8.211303413E-2,2.400052522E-1
1.152217987E2,9.268589638E-1,7.184029484E-1,-2.353100842E-1
1.152417987E2,1.106276975E0,4.999375230E-1,-4.598104209E-1
1.152617987E2,-4.107848067E-1,-2.165223956E-2,3.250005251E-1
1.152817987E2,-1.143397732E0,-4.325922167E-1,4.278828692E-1
1.153017987E2,-4.405969088E-1,-3.415142316E-1,-2.783859372E-2
1.153217987E2,8.376751111E-1,3.080839455E-2,6.131317243E-2
1.153417987E2,1.652466998E0,3.070162439E-1,-2.880898301E-1
1.153617987E2,1.324808036E0,2.948920423E-1,-3.174410985E-1
1.153817987E2,2.372967488E-1,-7.135357261E-2,-2.311945215E-2
1.154017987E2,-3.839196647E-1,-2.928156960E-1,4.431369393E-1
1.154217987E2,-5.907345495E-1,-1.540606838E-1,6.640690126E-1
1.154417987E2,-4.437277273E-1,2.148009753E-1,-3.585698287E-1
1.154617987E2,-9.297340398E-1,1.854093611E-2,-2.851349397E-1
1.154817987E2,-1.167591610E0,1.915892833E-1,4.028100085E-1
1.155017987E2,-5.281619599E-1,3.773003608E-1,5.373426001E-1
1.155217987E2,-2.759402296E-1,-1.208613628E-1,3.811406659E-1
1.155417987E2,-1.206951192E-1,2.797249496E-1,-1.936482342E-1
1.155617987E2,5.733928773E-1,4.114504391E-1,-4.663812295E-2
1.155817987E2,8.005222683E-1,-1.794446164E-1,5.188741694E-1
1.156017987E2,1.089527041E-1,-2.539083230E-1,-9.673297361E-2
1.156217987E2,-1.824948530E-1,-1.131816298E-1,-3.795193791E-1
1.156417987E2,-6.721557118E-3,-7.192893863E-2,2.345053612E-1
1.156617987E2,6.780187149E-1,4.843541086E-2,6.875752580E-1
1.156817987E2,1.330729657E0,3.644195294E-1,-8.445292903E-1
1.157017987E2,-4.262048280E-1,3.110017061E-2,-6.523108466E-1
1.157217987E2,-1.497728768E0,-4.722971499E-2,-1.861969811E-1
1.157417987E2,-6.233498798E-1,-4.448386252E-2,6.685924186E-1
1.157617987E2,3.129594270E-2,-1.003089845E-2,3.175673984E-1
1.157817987E2,-4.496801198E-3,-1.060720003E-1,-9.012563454E-1
1.158017987E2,2.704663587E-1,7.555830538E-2,-6.081222685E-1
1.158217987E2,8.531166574E-1,5.152917266E-2,8.360905887E-1
1.158417987E2,5.068728689E-1,2.622131234E-1,6.051565607E-1
1.158617987E2,-5.158991061E-1,1.740300947E-1,-6.722236857E-1
1.158817987E2,-6.714517801E-1,7.881169617E-2,-1.800902952E-1
1.159017987E2,1.811495183E-1,5.003667086E-1,1.064095600E0
1.159217987E2,1.164710175E-1,3.928995627E-1,3.770465916E-1
1.159417987E2,-1.696024369E0,1.961577129E-1,-9.319146127E-1
1.159617987E2,-2.719810141E0,-1.907373440E-1,-5.294321944E-1
1.159817987E2,-1.686630232E0,-3.577098495E-1,1.490630832E0
1.160017987E2,-5.110881633E-1,-1.352420050E-1,1.464823854E0
1.160217987E2,-3.212460279E-1,-1.494335482E0,-2.277271226E-2
1.160417987E2,-8.575218035E-1,-2.459746454E0,9.399048328E-2
1.160617987E2,-4.044109762E-2,-3.535749909E0,5.198357441E-1
1.160817987E2,1.893329890E0,-1.534226357E0,2.185814780E0
1.161017987E2,4.119763084E0,5.021553134E0,2.363718655E0
1.161217987E2,5.362731736E0,4.692908040E0,3.885087423E-1
1.161417987E2,4.357578700E0,-2.450316650E-1,9.829105192E-1
1.161617987E2,1.746589920E0,-2.501738234E0,-6.936211328E-1
1.161817987E2,5.544873673E-1,-3.913329182E0,-1.240006890E0
1.162017987E2,-1.431316531E-1,-2.322698829E0,-7.699427191E-1
1.162217987E2,-1.748105226E0,1.535059585E0,1.160526638E0
1.162417987E2,-2.482885056E0,-1.189873302E0,6.118315959E-1
1.162617987E2,-1.177009428E0,-3.032567182E0,1.430516047E0
1.162817987E2,9.222789860E-1,-1.231228319E0,1.025817388E0
1.163017987E2,3.306234416E0,2.681744183E0,4.743606688E-1
1.163217987E2,4.141005142E0,2.251794323E0,-8.587712073E-1
1.163417987E2,2.256393743E0,-2.344908893E-2,2.729731331E-1
1.163617987E2,-3.540418911E-1,-8.417283279E-1,4.059903091E-1
1.163817987E2,-7.935560417E-1,-1.024766643E0,-3.685359693E-1
1.164017987E2,4.787641704E-2,-7.352288961E-3,2.185069041E-1
1.164217987E2,-2.787671757E-1,6.743471020E-1,1.085191770E0
1.164417987E2,-4.694343531E-1,1.956221080E-1,-1.155034129E-1
1.164617987E2,1.085986991E0,-4.558354837E-1,-2.199079335E-1
1.164817987E2,1.370775629E0,4.277504298E-1,-1.427241021E0
1.165017987E2,-7.941653216E-1,4.497298211E-2,-9.934735143E-1
1.165217987E2,-9.016733980E-1,-7.792201307E-1,-1.531050149E0
1.165417987E2,9.769878745E-1,1.140220501E0,4.577655034E-1
1.165617987E2,2.441434729E0,2.936744181E0,1.698566446E-1
1.165817987E2,9.076141691E-1,1.763546553E0,-6.036621585E-1
1.166017987E2,-2.006428782E0,-2.353609550E-1,-3.071119921E-1
1.166217987E2,-2.628839160E0,-8.990058982E-1,-3.584284723E-1
1.166417987E2,-1.620069914E0,2.622186783E-1,-4.572300446E-1
1.166617987E2,-2.833122164E-1,3.067518036E-1,-2.429825082E-1
1.166817987E2,5.933888930E-1,-1.268917425E-1,4.326824100E-1
1.167017987E2,1.386023998E-1,1.339392453E-2,-1.155326490E-1
1.167217987E2,-1.331409835E0,4.670098051E-1,-3.780049503E-1
1.167417987E2,-1.690318948E0,-9.985659275E-2,-7.376168990E-1
1.167617987E2,-6.647313559E-1,-1.173540128E0,-1.592813996E0
1.167817987E2,-1.526621468E0,-1.393912185E0,-1.634984407E0
1.168017987E2,-2.688304759E0,-1.177211668E0,-1.030430256E0
1.168217987E2,-8.049949497E-1,-7.026830745E-1,-5.027084454E-1
1.168417987E2,2.088321961E0,-2.595807435E-1,6.597754021E-1
1.168617987E2,1.007295163E0,5.269212538E-1,1.164165287E0
1.168817987E2,-2.471936730E0,1.987088714E-1,-2.673078024E-1
1.169017987E2,-3.338668921E0,-9.341745615E-1,-1.104413833E0
1.169217987E2,-1.580176116E0,-1.135891003E0,-7.486657977E-1
1.169417987E2,1.501108897E-1,-9.426365058E-1,-5.538355489E-1
1.169617987E2,7.117312753E-1,-8.470177191E-1,-7.040924728E-1
1.169817987E2,-6.899667692E-1,-6.452378353E-1,-1.517781501E0
1.170017987E2,-1.749044874E0,-9.205122498E-1,-5.789703170E-1
1.170217987E2,5.684440863E-1,-4.985156263E-1,5.967118657E-1
1.170417987E2,1.588497874E0,8.670975693E-1,4.888636275E-1
1.170617987E2,8.845264381E-1,2.503079585E0,1.768671638E0
1.170817987E2,-2.946230704E-1,2.053711414E0,1.528381772E-1
1.171017987E2,-1.920823206E0,-4.151712417E-1,-1.387141986E0
1.171217987E2,-2.378643819E0,-2.486614410E0,-2.446347560E0
1.171417987E2,-4.538971317E-1,-2.747266035E0,-2.790699445E0
1.171617987E2,7.775276542E-1,-1.570136008E0,-1.229035614E0
1.171817987E2,3.311061877E-1,2.213527805E-1,2.613003731E-2
1.172017987E2,-8.315617740E-2,1.660124511E0,-2.017757177E-2
1.172217987E2,-4.100804365E-1,1.308029012E0,3.100296065E-2
1.172417987E2,-8.297631705E-1,-6.685529499E-1,4.042239384E-1
1.172617987E2,-1.413303013E0,-2.242958010E0,9.284574464E-2
1.172817987E2,-8.891948551E-1,-1.277253508E0,-7.815030299E-2
1.173017987E2,3.968920416E-1,7.765052685E-1,8.988352326E-1
1.173217987E2,1.034626218E0,1.696291586E0,1.504352932E0
1.173417987E2,7.575038642E-1,1.310886400E0,1.234407012E0
1.173617987E2,-6.713849026E-1,5.979734024E-1,2.085503749E-1
1.173817987E2,-2.905372115E0,3.279928377E-1,-7.962902728E-1
1.174017987E2,-1.540355993E0,-1.490323415E0,3.726009536E-1
1.174217987E2,1.305297924E0,-1.599761950E0,-9.535164200E-2
1.174417987E2,2.793520727E0,3.087891197E-1,-1.047446458E-1
1.174617987E2,1.084409997E0,3.360418809E0,3.895321512E-1
1.174817987E2,-3.628577381E-1,1.367985338E-1,1.266073485E-1
1.175017987E2,-1.424337294E0,-2.798793161E0,1.477638539E-1
1.175217987E2,-7.183626026E-1,-3.318124729E0,-4.594402921E-1
1.175417987E2,-2.364555538E-2,4.740226632E-1,-6.738272846E-1
1.175617987E2,-3.437250638E-1,2.631906025E0,2.152933292E-1
1.175817987E2,1.400536788E0,-1.418905231E0,1.732477373E0
1.176017987E2,1.531596279E0,-2.164029370E0,-5.201987100E-1
1.176217987E2,2.137334492E0,-8.622239882E-1,-1.806511309E0
1.176417987E2,6.560447323E-1,2.265325364E0,-1.521633793E0
1.176617987E2,-2.862860518E0,-1.231469225E0,7.904809910E-1
1.176817987E2,-2.737935340E0,-2.573076603E0,-1.037610637E0
1.177017987E2,1.467873908E0,-1.239112705E0,2.636334121E-2
1.177217987E2,3.431503994E0,3.194427466E-1,1.692048554E0
1.177417987E2,9.266100186E-1,1.976496300E0,-4.182622992E-2
1.177617987E2,-6.854363465E-1,1.949400887E0,-2.197787685E0
1.177817987E2,9.583428580E-1,-7.627926707E-2,1.013745884E0
1.178017987E2,1.471021464E0,3.014005780E-2,1.322256603E0
1.178217987E2,9.291167200E-1,1.344621034E0,-7.593224213E-1
1.178417987E2,1.564966339E-1,-8.517755985E-1,-1.119321383E0
1.178617987E2,-3.773395371E-1,-3.047417355E0,2.245447755E-1
1.178817987E2,-1.823951215E0,-1.591138476E0,6.956948479E-1
1.179017987E2,-2.052728205E0,7.000140399E-1,-8.942065767E-1
1.179217987E2,-1.067084697E-1,-3.359576225E-1,-1.101082017E0
1.179417987E2,1.103205579E0,-1.012913167E-1,9.832033917E-1
1.179617987E2,7.035562831E-1,6.558196145E-1,1.830310062E0
1.179817987E2,1.038056195E-1,2.959655911E-1,1.405456635E0
1.180017987E2,9.444060194E-1,-7.173773468E-2,-1.117317103E0
1.180217987E2,8.932896602E-1,4.646115696E-1,-2.227724698E0
1.180417987E2,-8.509505564E-1,-3.359576225E-2,1.172815220E0
1.180617987E2,-1.511936771E0,-4.941593045E-1,1.982557378E0
1.180817987E2,1.067953593E0,-8.743136913E-1,4.634254619E-2
1.181017987E2,2.734981619E0,-9.074235499E-1,-1.050410777E0
1.181217987E2,1.780310228E0,-9.816533679E-1,1.930595657E-1
1.181417987E2,-6.818604818E-1,9.491492808E-2,-1.299182613E-1
1.181617987E2,-3.123218612E0,-2.842220432E-1,-4.446534146E-1
1.181817987E2,-2.418212951E0,-1.506874251E0,8.262969410E-1
1.182017987E2,-4.539529726E-1,-6.766655231E-1,1.279889725E-1
1.182217987E2,1.368342018E0,5.263798016E-1,-5.831194282E-2
1.182417987E2,1.275828103E0,-1.165735996E-1,9.469855186E-1
1.182617987E2,-5.862647916E-1,2.690672296E-1,-5.751906037E-3
1.182817987E2,-6.827995446E-1,2.356316811E-1,-1.099828227E0
1.183017987E2,4.022603703E-1,-1.315652758E-1,3.849181134E-1
1.183217987E2,3.145120820E-1,4.829215407E-3,1.358979310E0
1.183417987E2,-8.429828480E-1,1.527234256E-1,5.610852192E-1
1.183617987E2,-9.870466934E-1,-3.971797246E-1,-2.168188494E-1
1.183817987E2,-3.484132151E-1,-2.982594538E-1,1.314440922E-1
1.184017987E2,9.467130384E-1,2.641070366E-2,4.077795571E-1
1.184217987E2,1.658082956E0,1.396642542E-1,-3.215706946E-1
1.184417987E2,1.210748885E0,5.158302552E-1,-7.779014374E-1
1.184617987E2,1.025459465E0,1.594336903E-1,4.696647334E-1
1.184817987E2,4.461814383E-1,-4.481656909E-1,6.170209998E-1
1.185017987E2,3.270830110E-2,-2.501906633E-1,-2.048088147E-1
1.185217987E2,-5.492405876E-1,2.007126939E-1,-3.514014347E-1
1.185417987E2,-7.497847355E-1,3.791024727E-1,4.733186585E-1
1.185617987E2,-1.604903114E0,1.071262532E-1,5.361203858E-1
1.185817987E2,-2.065631694E0,2.029720581E-1,-6.048476815E-2
1.186017987E2,-1.547319442E0,4.113235545E-1,-6.567651093E-2
1.186217987E2,-1.843890805E0,2.680170697E-1,1.957805675E-1
1.186417987E2,-1.928036916E0,-3.120974743E-1,1.813945167E-1
1.186617987E2,-3.368129240E-1,-8.164508146E-1,3.516761076E-1
1.186817987E2,8.686138254E-1,-2.763019896E-1,5.914929333E-1
1.187017987E2,9.529654661E-1,5.963540161E-1,-4.431438097E-1
1.187217987E2,1.616621811E0,2.581750363E-1,-4.656471115E-1
1.187417987E2,1.905666784E0,6.388200045E-2,6.377482098E-1
1.187617987E2,5.533085686E-1,3.219301522E-2,1.104640047E0
1.187817987E2,-9.701422468E-2,-8.454313695E-2,-1.525509328E-2
1.188017987E2,9.413302378E-1,-6.118467987E-2,-6.809298974E-1
1.188217987E2,7.962175481E-1,2.871988606E-1,5.707110518E-1
1.188417987E2,-6.229057838E-1,-4.124169838E-1,1.081226188E0
1.188617987E2,-1.076153436E0,-7.197963399E-1,2.249301070E-1
1.188817987E2,-2.004068846E-1,-8.686407226E-1,4.885576719E-1
1.189017987E2,3.625776565E-1,-1.332043088E0,1.326367196E0
1.189217987E2,-2.811753514E-1,-1.286988537E0,-8.911215127E-2
1.189417987E2,2.850467929E-1,-6.796990585E-1,-1.306643514E0
1.189617987E2,1.030602457E0,8.650955558E-3,5.653444773E-1
1.189817987E2,1.043111113E0,3.981152791E-1,2.710585574E0
1.190017987E2,8.836701134E-1,9.572353953E-1,1.779468375E0
1.190217987E2,1.730126207E0,8.181938696E-1,-1.709838416E-1
1.190417987E2,2.847031813E0,-1.447554249E-1,8.410634995E-3
1.190617987E2,1.887888179E0,-1.241879607E0,3.753647862E-1
1.190817987E2,-7.243413806E-1,-1.896137431E0,-2.687708489E-1
1.191017987E2,-2.256793107E0,-1.883085276E0,-1.025271185E0
1.191217987E2,-1.453431870E0,-1.199678498E0,6.449074676E-1
1.191417987E2,1.874348366E-1,-4.849446774E-2,1.514498436E0
1.191617987E2,1.585785935E0,8.344836277E-1,4.952919102E-1
1.191817987E2,1.887076585E0,-1.102375567E-2,6.991761339E-1
1.192017987E2,1.837369405E0,-7.904090703E-1,6.556067759E-1
1.192217987E2,1.287151675E0,8.944333756E-1,-1.591120350E0
1.192417987E2,6.722900516E-1,5.253278875E-1,-8.200474370E-1
1.192617987E2,-1.319739962E-1,-9.422495663E-1,-2.910451591E-1
1.192817987E2,-8.199801940E-1,-2.716528684E-1,-7.584891200E-1
1.193017987E2,5.988665646E-1,5.798543429E-1,2.907738483E-1
1.193217987E2,2.222631335E0,6.808252323E-1,-4.090326154E-1
1.193417987E2,1.677584882E0,7.094134390E-2,-2.165657016E-1
1.193617987E2,-1.533693091E0,3.588026941E-2,-4.623101787E-1
1.193817987E2,-2.359639784E0,9.454953557E-1,-6.794814690E-1
1.194017987E2,9.668593276E-1,2.300935200E0,1.885412614E0
1.194217987E2,1.992580821E0,2.158269863E0,-4.490592916E-1
1.194417987E2,-5.810904443E-2,-3.242971051E-1,-7.889004886E-1
1.194617987E2,-2.262033967E0,-2.490622384E0,-1.273546958E0
1.194817987E2,-1.752529230E0,-2.134342179E0,-3.454184905E-1
1.195017987E2,9.379635572E-1,-7.181313452E-1,-3.138376057E-1
1.195217987E2,2.610122808E0,4.483583567E-1,-1.884348567E-1
1.195417987E2,6.551039153E-1,1.116832808E0,2.208222918E-1
1.195617987E2,-2.222169989E0,6.427317917E-1,-1.412139125E-1
1.195817987E2,-2.823148568E0,-2.004650643E-1,-2.924730492E-1
1.196017987E2,-1.336774070E0,-1.990857062E-1,-1.670935428E-1
1.196217987E2,4.562804568E-1,2.184411594E-1,-1.893679261E-1
1.196417987E2,5.197753716E-1,5.429524188E-1,-2.341480963E-1
1.196617987E2,-8.719215953E-1,1.715660781E-1,-7.425846934E-2
1.196817987E2,-1.044529647E0,-6.799379173E-1,-5.823442335E-1
1.197017987E2,6.418371677E-2,-1.106423448E0,-9.773879702E-1
1.197217987E2,2.108687228E-1,-4.294880761E-1,-4.882916236E-1
1.197417987E2,-2.210428780E0,1.165873990E0,-2.492128627E-1
1.197617987E2,-2.339533548E0,1.143695209E0,-1.650654361E-2
1.197817987E2,5.639388067E-1,2.759859475E-1,-4.400075094E-1
1.198017987E2,7.498311478E-1,-1.938346142E-1,-2.590328228E-1
1.198217987E2,-1.990103356E0,-2.225141837E-1,-9.935515746E-3
1.198417987E2,-2.068748406E0,-1.846302196E-1,-1.560906032E0
1.198617987E2,4.696676570E-1,3.004454353E-1,-7.022037490E-1
1.198817987E2,1.270261992E0,7.061780284E-1,-5.885645016E-1
1.199017987E2,-5.310037798E-1,3.428238617E-1,-3.945582716E-1
1.199217987E2,-1.092006115E0,-1.642408325E-1,8.395688049E-2
1.199417987E2,9.581013680E-2,9.298800740E-1,1.740238967E0
1.199617987E2,6.395333648E-1,2.049417365E0,1.572878937E0
1.199817987E2,-8.592255360E-1,9.560536730E-1,-1.729056752E-1
1.200017987E2,-2.037297403E0,-2.051683015E0,-2.359302399E0
1.200217987E2,-9.130462325E-1,-2.531762809E0,-2.331917549E0
1.200417987E2,1.103245633E0,-1.930015029E0,-1.110304391E0
1.200617987E2,2.499309300E0,-5.831457406E-2,-1.087410203E0
1.200817987E2,2.050669985E0,2.057114494E0,5.892730379E-1
1.201017987E2,-3.985257536E-1,2.036847459E0,9.475063594E-1
1.201217987E2,-2.596328641E0,-3.946230295E-1,3.079531141E-1
1.201417987E2,-2.335724087E0,-1.901315432E0,-5.775669122E-1
1.201617987E2,-1.021086990E0,-1.513059436E0,-8.631823468E-1
1.201817987E2,1.840294182E-1,-8.045879835E-1,-3.860111041E-1
1.202017987E2,4.615172231E-1,-5.707174838E-2,-4.556372631E-1
1.202217987E2,2.217527300E-1,8.405705792E-1,-7.863189429E-3
1.202417987E2,3.699381316E-1,6.718854243E-1,4.206006007E-1
1.202617987E2,1.671707261E-1,-3.267383176E-1,9.108916797E-2
1.202817987E2,-2.647970080E-1,-1.111541955E0,-4.966741920E-1
1.203017987E2,-9.694934982E-1,-6.999093747E-1,-2.168640192E-1
1.203217987E2,-1.411936519E0,-6.353584528E-2,2.627119640E-1
1.203417987E2,-4.602910620E-1,2.407567656E-1,-3.122494289E-1
1.203617987E2,3.476421136E-1,6.781033534E-1,-8.185119581E-1
1.203817987E2,-1.039979929E-1,8.636337519E-2,1.427300663E0
1.204017987E2,6.828425217E-1,-1.548739731E0,1.809189334E0
1.204217987E2,2.151436222E0,2.526207662E-1,-6.363665128E-1
1.204417987E2,2.887958522E0,2.857258886E0,2.501077060E-1
1.204617987E2,1.193166454E0,1.193814325E0,-1.044113910E-1
1.204817987E2,-1.546855758E0,-2.595411798E0,1.635838101E0
1.205017987E2,-3.053171600E0,-2.232177499E0,-1.523658099E0
1.205217987E2,-1.248239039E0,9.477237296E-1,-2.174369367E-1
1.205417987E2,2.758843814E0,1.237758490E0,1.957943670E0
1.205617987E2,2.513041486E0,4.044986844E-2,-4.001481732E-2
1.205817987E2,-8.508201635E-1,7.900459582E-1,-2.156957163E0
1.206017987E2,-1.560698456E0,-3.085610783E-1,-1.040667561E0
1.206217987E2,-3.175938570E-1,-1.965912840E0,8.769770980E-1
1.206417987E2,4.078158098E-1,-8.582952440E-1,-1.378227321E0
1.206617987E2,4.538257957E-2,8.050306177E-1,-1.605005733E0
1.206817987E2,-3.407903463E-1,-5.201051545E-1,-6.534479839E-1
1.207017987E2,-1.851913185E0,-8.979194856E-1,4.639724690E-1
1.207217987E2,-1.619608569E0,-8.077899188E-1,-6.014551270E-1
1.207417987E2,8.599704713E-1,-3.378679079E-1,4.952653784E-2
1.207617987E2,2.033639969E0,1.313925490E0,4.869742459E-1
1.207817987E2,7.447844160E-1,2.817188501E-3,1.685057623E0
1.208017987E2,-9.767048693E-1,2.398410916E-2,-1.364495281E-1
1.208217987E2,1.515756172E-1,-1.350110984E0,-6.929804242E-1
1.208417987E2,1.761496519E0,-1.693424989E0,-7.273534276E-2
1.208617987E2,7.203363302E-1,3.347817475E-1,1.078201423E0
1.208817987E2,-8.005595443E-1,1.270109965E0,5.722377598E-1
1.209017987E2,5.233851501E-1,-7.365299016E-1,6.238419230E-1
1.209217987E2,1.240478030E0,-2.187109500E0,1.029877110E0
1.209417987E2,-5.658379823E-2,-5.933807069E-1,-5.194660538E-1
1.209617987E2,-2.150473770E0,8.062439150E-1,-1.630731143E0
1.209817987E2,-2.865079244E0,-7.369427150E-1,-1.023639300E0
1.210017987E2,-1.466779017E0,-1.090327964E0,1.589779583E0
1.210217987E2,1.108470705E0,5.935543692E-1,1.202159618E0
1.210417987E2,2.489877157E0,7.065518117E-1,-6.701862234E-1
1.210617987E2,6.947024292E-1,3.907939804E-1,-2.633249130E0
1.210817987E2,-1.164920894E0,-2.904873347E-1,1.440856994E0
1.211017987E2,1.784257245E0,-4.579077369E-1,1.141958147E0
1.211217987E2,5.323189355E0,2.769592166E-2,6.026041049E-1
1.211417987E2,4.716489276E0,-6.245451969E-1,-1.656399835E0
1.211617987E2,8.361019908E-1,-1.528862121E0,-2.243919293E0
1.211817987E2,-1.064928902E0,-1.415288143E0,-4.233892840E-1
1.212017987E2,-6.365958698E-1,-7.483617425E-1,2.082357216E0
1.212217987E2,-3.375134789E0,1.045763994E0,2.207890943E0
1.212417987E2,-5.110220312E0,1.210748447E0,6.787461086E-1
1.212617987E2,-4.989084131E0,2.963251948E0,-1.985425583E0
1.212817987E2,-3.579452291E0,2.128982913E-1,1.639351693E-1
1.213017987E2,3.508056400E-1,-1.822971221E0,8.059234875E-1
1.213217987E2,4.323053523E0,2.946727717E-1,8.838436295E-1
1.213417987E2,4.127163905E0,1.407816571E-1,8.441290484E-1
1.213617987E2,2.542324342E0,-2.263451332E-1,-1.252363957E-1
1.213817987E2,1.463273172E0,1.812192464E-1,-5.466887896E-1
1.214017987E2,-1.829997053E-1,1.912945837E-1,-5.798566818E-2
1.214217987E2,-1.946955290E0,6.412191170E-1,1.077838165E0
1.214417987E2,-3.058734349E0,-5.858617723E-2,6.917048541E-1
1.214617987E2,-2.151568661E0,-7.409626758E-1,4.503934801E-2
1.214817987E2,-1.823602574E-1,4.540269399E-1,-7.751232791E-1
1.215017987E2,1.253885988E0,6.547238463E-1,-2.845214206E-1
1.215217987E2,1.089504384E0,4.065042794E-2,6.483451188E-1
1.215417987E2,-3.425613217E-2,1.808461940E-1,-9.573587716E-2
1.215617987E2,-6.294559079E-1,1.381925100E-1,-6.015726560E-1
1.215817987E2,-8.489003033E-1,7.292647362E-2,-1.074700695E-1
1.216017987E2,-7.685614606E-1,3.758888429E-1,1.726062977E-1
1.216217987E2,-6.673757592E-1,1.418563753E-1,-7.858804017E-2
1.216417987E2,-8.478771868E-1,-2.321116573E-1,-2.978045404E-2
1.216617987E2,-1.607046703E0,8.408880830E-3,4.452482226E-1
1.216817987E2,-2.434004818E0,-7.059647512E-1,1.067610069E0
1.217017987E2,-3.102890182E0,-1.012551810E0,-8.006036907E-1
1.217217987E2,-1.689611581E0,-2.164004812E0,-8.109937544E-1
1.217417987E2,1.669263124E-2,-2.138926688E0,1.115543497E-1
1.217617987E2,2.483948665E0,3.306483507E-2,4.723642467E-1
1.217817987E2,4.310841906E0,3.901637090E0,2.027985419E-1
1.218017987E2,4.882110490E0,2.447683064E0,1.950721627E0
1.218217987E2,4.764151685E0,3.806397057E-1,2.916455220E-1
1.218417987E2,5.357575661E0,3.659620249E-1,-2.324264714E0
1.218617987E2,4.049104453E0,1.478930408E-1,1.732781428E-1
1.218817987E2,-8.042041138E-1,-1.091279891E0,3.549794337E0
1.219017987E2,-5.202405760E0,-2.538704916E0,-2.051805514E-1
1.219217987E2,-4.370297856E0,-4.486676159E0,-2.227353107E0
1.219417987E2,-1.933676555E0,-4.161918293E0,-9.827415347E-3
1.219617987E2,5.401920944E-2,-6.081928736E-1,1.409937356E0
1.219817987E2,2.273530177E0,4.319145244E0,4.020322558E-1
1.220017987E2,2.985433946E0,-8.455097222E-1,-5.090288470E-1
1.220217987E2,2.872186827E0,-2.310658827E0,3.845490079E-1
1.220417987E2,2.281780014E0,-9.859288520E-1,7.968293130E-1
1.220617987E2,1.511360820E0,8.892252606E-1,2.325292215E-1
1.220817987E2,7.197442997E-1,3.397431099E-1,2.633212074E-1
1.221017987E2,-1.067557737E0,-3.322259295E-1,3.383520573E-1
1.221217987E2,-2.228014281E0,-4.747412860E-2,-1.349146194E0
1.221417987E2,-1.375924103E0,-1.788201338E-1,-1.423290642E0
1.221617987E2,1.469658478E0,-1.338155767E0,2.998891093E-1
1.221817987E2,2.780720002E0,1.431030017E-1,2.655074447E-1
1.222017987E2,3.558925933E0,1.543077287E0,1.091923084E0
1.222217987E2,3.214516160E0,1.013504321E0,2.324490782E-1
1.222417987E2,1.010146850E0,3.635050249E-1,1.148955218E-1
1.222617987E2,-1.743781795E0,-4.367513412E-1,-4.975044966E-2
1.222817987E2,-3.413370025E0,-1.092240880E0,-1.076630423E0
1.223017987E2,-3.062660462E0,-9.991070142E-1,-1.062122604E-1
1.223217987E2,-1.113260159E0,4.517006251E-1,-3.882831860E-1
1.223417987E2,8.308466595E-1,1.385162996E0,-1.579930679E0
1.223617987E2,1.310277413E0,6.364413571E-1,-1.011790648E0
1.223817987E2,-1.468820572E-2,1.980375928E-1,-4.463869679E-1
1.224017987E2,-5.490424401E-1,-6.932020336E-2,-1.034957170E-1
1.224217987E2,4.297498852E-1,1.293051808E-1,-1.482200463E-1
1.224417987E2,5.177177364E-1,5.286419432E-1,-4.627546401E-1
1.224617987E2,-1.505792516E0,6.744929901E-1,-3.869349642E-1
1.224817987E2,-3.333052086E0,-5.186158687E-2,-3.851723211E-1
1.225017987E2,-1.631716983E0,-1.131858982E0,-6.620954311E-1
1.225217987E2,9.258516347E-1,-1.393415317E0,-6.842552090E-1
1.225417987E2,1.047433375E0,-4.434441373E-1,-2.594221743E-1
1.225617987E2,-6.419079190E-1,9.876302455E-1,5.288021569E-1
1.225817987E2,-1.443602700E0,1.569281730E0,3.401106074E-2
1.226017987E2,-1.198653481E0,2.763355380E-1,-7.264229894E-2
1.226217987E2,-5.414638638E-1,-1.193887635E0,-5.552432661E-1
1.226417987E2,-1.658407184E0,-1.194265219E0,-1.254960998E0
1.226617987E2,-1.216970469E0,-1.087526417E0,-1.436180245E0
1.226817987E2,6.495911604E-1,-1.274542300E0,-1.113581171E0
1.227017987E2,-7.685983711E-1,-9.754178971E-3,-2.817539334E-1
1.227217987E2,-2.648503931E0,1.515740823E0,-5.409658273E-1
1.227417987E2,-1.243228560E0,3.429673377E-1,-5.303059146E-2
1.227617987E2,5.092749417E-2,-1.277016403E0,-1.008791027E0
1.227817987E2,-2.053107689E0,-1.265961950E0,-4.386861849E-1
1.228017987E2,-8.448051327E-1,-4.013677928E-1,-4.446982189E-1
1.228217987E2,1.323537143E0,6.663033798E-2,-7.114716589E-1
1.228417987E2,1.528379141E0,5.714708975E-1,6.955979303E-2
1.228617987E2,5.990016353E-1,1.299158932E0,8.603103407E-1
1.228817987E2,-3.643341601E-1,2.447825736E-1,-1.810251188E-1
1.229017987E2,-1.209950302E0,-1.861939698E0,-8.958508869E-1
1.229217987E2,-2.534442880E0,-2.000795136E0,-1.243604536E0
1.229417987E2,-2.047049389E0,-1.363415739E-1,5.784707455E-1
1.229617987E2,1.654333429E0,2.432193205E-1,8.293704569E-1
1.229817987E2,3.393405876E0,-1.243071270E-1,-3.932593127E-1
1.230017987E2,1.487428751E0,-2.788493291E-1,-9.238529833E-1
1.230217987E2,-1.491824103E0,-5.038946262E-1,-8.310798904E-1
1.230417987E2,-1.283663226E0,-1.734277731E0,-1.548038650E-1
1.230617987E2,6.259461898E-1,-2.469714788E0,-8.480930221E-1
1.230817987E2,8.938585943E-1,-1.575540736E0,-6.471509711E-1
1.231017987E2,-5.446757394E-1,-6.645652950E-3,-3.807146231E-1
1.231217987E2,-1.574545832E0,-2.763294715E-1,3.777477459E-1
1.231417987E2,5.538424194E-2,-7.005543226E-1,2.676527151E-1
1.231617987E2,1.376608227E0,1.674953050E0,-7.964141607E-2
1.231817987E2,-9.592819208E-1,6.201861561E0,-4.945247555E-1
1.232017987E2,-1.790180036E0,2.832250637E0,7.367479297E-1
1.232217987E2,-7.733246756E-1,-7.799291056E-1,1.559469956E0
1.232417987E2,6.708253241E-1,-5.652696329E-1,1.660536155E-3
1.232617987E2,9.346856081E-1,7.173679912E-1,-4.398942927E-1
1.232817987E2,2.615915644E-1,2.004156554E-1,-2.288483628E-1
1.233017987E2,-5.302103126E-1,-1.366834021E0,-5.514590943E-1
1.233217987E2,6.089068186E-1,-1.996072778E0,1.965833902E-1
1.233417987E2,2.916727992E0,-2.472638395E0,6.062393188E-3
1.233617987E2,2.477016791E0,-3.197783768E-1,-6.275430644E-1
1.233817987E2,-2.885242490E0,6.006002056E0,6.317530596E-1
1.234017987E2,-3.189652630E0,1.527816054E0,7.536300838E-1
1.234217987E2,8.445104331E-1,-2.917995084E0,2.732928954E0
1.234417987E2,3.961680393E0,-4.454563251E0,-1.167436366E0
1.234617987E2,1.890870259E0,-1.934535511E0,-3.756765890E0
1.234817987E2,-4.447328491E0,3.597633331E0,-4.196835526E0
1.235017987E2,-4.788708236E0,-6.350888962E-1,-1.471280496E0
1.235217987E2,-3.899309313E-1,-2.266425810E0,4.467862158E0
1.235417987E2,4.064005498E0,-8.491560459E-1,3.557017402E0
1.235617987E2,4.164530829E0,2.097744164E0,-5.826574981E-2
1.235817987E2,-7.042912781E-1,3.833562051E0,-6.831032344E-1
1.236017987E2,-3.886726105E0,-8.769607258E-1,2.076517017E0
1.236217987E2,-1.006674188E0,-2.785381987E0,1.211834275E0
1.236417987E2,2.618414159E0,-5.299758393E-1,-1.920974210E0
1.236617987E2,3.451574562E0,2.942831717E0,-2.348022535E0
1.236817987E2,3.687166482E-2,2.022739005E-1,2.330950128E-1
1.237017987E2,-2.800218127E0,-2.760815495E0,1.043433733E0
1.237217987E2,-2.112979084E-1,-1.991896112E0,7.203453934E-1
1.237417987E2,2.251804848E0,1.380717065E0,-1.667929959E-1
1.237617987E2,7.134787157E-1,1.814337223E0,-9.714295113E-1
1.237817987E2,-1.221760508E0,-7.889238775E-1,-2.324566430E-1
1.238017987E2,9.237138927E-3,-1.616996033E0,2.613980216E-1
1.238217987E2,1.764107009E0,-3.709187096E-1,1.165835398E-1
1.238417987E2,1.064055547E0,4.057172441E-1,-8.706328690E-1
1.238617987E2,8.990474135E-2,-3.574402928E-1,-9.014449181E-1
1.238817987E2,-4.873547535E-1,-1.125670874E0,9.675859903E-1
1.239017987E2,7.183351207E-1,-1.140323412E0,1.705790973E0
1.239217987E2,1.573455034E0,-4.411344141E-1,-4.529662549E-2
1.239417987E2,5.681998189E-1,-1.472884387E-1,-1.769699871E0
1.239617987E2,-1.380395176E0,-7.299120229E-1,-1.702001393E0
1.239817987E2,-1.237601054E0,-1.055579715E0,1.524757668E0
1.240017987E2,-6.370135803E-1,1.277669245E-1,1.957962965E0
1.240217987E2,-1.348800331E0,4.498245460E-1,3.270433961E-1
1.240417987E2,-6.829414127E-1,1.132061881E-1,-1.561258181E0
1.240617987E2,4.624537278E-1,-8.045417905E-2,-1.258452955E0
1.240817987E2,1.754804418E-1,4.991522419E-1,1.591375142E0
1.241017987E2,-1.197081969E0,-3.515755355E-2,1.425428385E0
1.241217987E2,-4.342647123E-2,-4.686227596E-1,-1.698431960E-1
1.241417987E2,1.317596080E0,-3.470147073E-2,-1.096704060E0
1.241617987E2,9.024329513E-1,2.860264939E-1,-3.136949337E-1
1.241817987E2,-5.217134677E-1,4.234448326E-1,2.520103168E-1
1.242017987E2,-1.137320282E0,5.552457511E-1,-3.283240825E-2
1.242217987E2,-1.005639670E0,-2.556636572E-1,6.294040869E-1
1.242417987E2,-1.657334074E0,-2.568640906E-1,1.094416922E0
1.242617987E2,-1.066215070E0,-6.877904356E-2,-8.957361352E-1
1.242817987E2,4.371055729E-1,-1.261069000E-1,-1.187577685E0
1.243017987E2,9.139024110E-1,5.421362936E-2,4.630525558E-1
1.243217987E2,1.452227197E0,3.839287645E-1,9.187162775E-1
1.243417987E2,2.082186185E-2,5.421269381E-1,-1.069069827E-1
1.243617987E2,-1.029836691E0,1.957191718E-1,-2.680322725E-1
1.243817987E2,-1.090749036E0,-5.144614220E-2,1.030514456E0
1.244017987E2,-4.318810491E-1,-8.421569288E-2,1.379522772E0
1.244217987E2,1.250308844E-1,-2.945184052E-2,-6.200399172E-1
1.244417987E2,6.197739420E-1,1.851345420E-2,-1.319551827E0
1.244617987E2,7.888359500E-1,-8.746908367E-2,5.504796857E-1
1.244817987E2,6.597993757E-1,5.516479594E-1,1.695374743E0
1.245017987E2,-2.985685705E-1,1.716970557E-1,7.827021477E-1
1.245217987E2,-1.036657833E0,-1.573760551E-1,-5.976506361E-1
1.245417987E2,-4.998647252E-1,-5.457808632E-1,-7.946965411E-1
1.245617987E2,5.171618854E-1,3.784902692E-2,6.650316104E-1
1.245817987E2,1.135417744E0,3.088341433E-1,1.537090323E0
1.246017987E2,1.733592437E0,-2.974332422E-1,1.012940942E0
1.246217987E2,1.690453873E0,3.984000385E-1,-6.311972818E-1
1.246417987E2,3.277498128E-1,2.513565981E-1,-8.935726655E-1
1.246617987E2,-1.093057444E0,-2.093367523E-1,5.100374186E-1
1.246817987E2,-8.269647662E-1,-1.105065286E-2,6.747631314E-1
1.247017987E2,2.720912634E-1,7.797495961E-2,1.068306765E0
1.247217987E2,-4.637935624E-2,7.858599365E-2,1.941369152E-1
1.247417987E2,-5.779367486E-1,-1.523538816E-1,-1.019690675E0
1.247617987E2,3.299590005E-1,-5.123067230E-1,-6.009391102E-1
1.247817987E2,4.456323116E-1,5.218335915E-1,1.206543714E-2
1.248017987E2,-5.101232265E-1,2.652419811E-1,1.021156280E-1
1.248217987E2,-9.225596523E-1,4.920256555E-2,-3.725570995E-1
1.248417987E2,4.006729243E-1,-3.448746264E-2,-9.289184994E-1
1.248617987E2,1.395568664E-2,4.468810576E-1,-7.009843853E-1
1.248817987E2,-4.723786455E-1,-2.040701652E-1,-6.214537740E-2
1.249017987E2,5.257058004E-1,-9.832467341E-1,4.260129297E-1
1.249217987E2,1.540596167E0,2.394259393E-1,6.035671413E-1
1.249417987E2,2.319077795E0,1.175793791E0,9.848079407E-1
1.249617987E2,3.896314077E-1,1.031717813E0,4.986742321E-1
1.249817987E2,-1.509557539E0,-3.630419254E-1,2.625630793E-1
1.250017987E2,-1.075387305E0,-1.159529761E0,2.456649184E-2
1.250217987E2,8.117695338E-1,-3.848613954E-1,7.272866231E-1
1.250417987E2,1.692875497E0,5.315914249E-1,1.649674952E0
1.250617987E2,2.041427254E-1,1.079777248E0,5.397691946E-1
1.250817987E2,-8.810602818E-1,-3.430514646E-1,1.360698245E-1
1.251017987E2,-7.869178440E-1,-1.419182389E0,2.934126967E-1
1.251217987E2,1.423200595E-1,1.040804386E-2,4.972464882E-1
1.251417987E2,3.721136612E-1,1.260044568E0,5.091204290E-1
1.251617987E2,-4.799525439E-1,-2.100846112E-1,-4.776964688E-1
1.251817987E2,-1.032808465E0,-5.228673792E-1,-5.367463303E-1
1.252017987E2,-1.260632797E0,-4.497812766E-1,-7.774317598E-1
1.252217987E2,2.566103214E-1,-3.101556140E-1,4.309222519E-2
1.252417987E2,-6.603025286E-1,4.730262977E-1,1.991719526E-1
1.252617987E2,-2.326085975E0,5.470730978E-1,-1.059675836E0
1.252817987E2,-6.459444713E-1,-1.629940599E-1,-8.146437326E-1
1.253017987E2,1.197705867E0,-1.166256398E-1,-1.569433612E-1
1.253217987E2,1.578524132E0,2.133227992E-1,1.289611014E0
1.253417987E2,1.064294917E0,2.648262441E-2,4.919481799E-1
1.253617987E2,-4.359927929E-2,-3.101667237E-1,-3.418077618E-1
1.253817987E2,-9.051122186E-1,2.984073883E-1,-1.427917837E0
1.254017987E2,-5.956211772E-1,4.101862711E-1,-1.279472234E0
1.254217987E2,2.939430940E-1,-1.130664396E-1,-1.247076613E-1
1.254417987E2,4.129868681E-1,2.037924224E-1,5.755420214E-1
1.254617987E2,-3.545069640E-1,2.167966300E-1,4.657646406E-1
1.254817987E2,-3.099029412E-1,-5.086013424E-1,-1.228413762E-1
1.255017987E2,6.165253021E-1,-1.897012174E-1,-3.639261706E-1
1.255217987E2,1.551337795E0,2.995025718E-1,2.040741120E-1
1.255417987E2,1.673750716E0,1.780880624E-1,1.293308647E0
1.255617987E2,8.859041152E-1,-3.140364110E-1,1.312300403E0
1.255817987E2,4.680278054E-1,-5.441477358E-2,1.908553116E-1
1.256017987E2,7.293789762E-1,1.887510449E-1,-5.532838641E-1
1.256217987E2,9.643532109E-1,3.309705323E-1,-5.477757870E-1
1.256417987E2,3.874853334E-1,3.460850000E-1,1.738459074E-1
1.256617987E2,-6.333180669E-1,2.956667984E-1,4.486779070E-1
1.256817987E2,-1.297239145E0,-3.279340732E-1,3.838572823E-1
1.257017987E2,-1.187725620E0,-4.985885704E-1,3.211782002E-1
1.257217987E2,-5.560598297E-1,-3.694914043E-2,-1.654036975E-1
1.257417987E2,2.075807421E-1,4.614798009E-2,-3.082833356E-1
1.257617987E2,2.978936191E-1,6.272425175E-2,-1.796827443E-1
1.257817987E2,-1.004186929E-1,9.269590974E-2,-1.635173857E-2
1.258017987E2,-2.725168128E-1,1.249029583E-1,-5.913420752E-2
1.258217987E2,-2.797445378E-1,-1.609972358E-2,-2.702577227E-1
1.258417987E2,-2.321271707E-1,-1.617263836E-1,-1.930333994E-1
1.258617987E2,-4.554168230E-1,5.171961647E-1,-4.604911830E-1
1.258817987E2,-1.165038496E0,4.419185257E-1,-9.935217538E-1
1.259017987E2,-1.639728546E0,-3.874043494E-1,-6.985041426E-1
1.259217987E2,-7.510159399E-1,-2.938231713E-1,-3.512679720E-1
1.259417987E2,1.249602793E-1,-1.346906126E-2,-1.130838351E-1
1.259617987E2,1.172656724E-1,2.816042447E-1,-2.313016717E-1
1.259817987E2,-4.918755282E-1,-2.489744425E-2,-1.347566861E-1
1.260017987E2,-5.092696061E-1,-3.533004642E-1,-1.777917548E-1
1.260217987E2,-1.036904111E-1,-1.474047983E-1,-9.920035243E-2
1.260417987E2,8.533668634E-2,3.549248207E-1,2.015536697E-1
1.260617987E2,1.582810579E-1,2.842214584E-2,-2.451810613E-2
1.260817987E2,4.191932490E-1,-2.545135099E-1,-1.634706080E-2
1.261017987E2,5.018139311E-1,6.335516632E-2,-2.623471709E-1
1.261217987E2,5.253585489E-1,2.033012563E-1,-2.594298488E-1
1.261417987E2,8.345874158E-1,2.605209392E-1,4.352516766E-1
1.261617987E2,7.398047809E-1,2.337541401E-2,5.574570219E-1
1.261817987E2,5.695088460E-2,-1.361477387E-1,-1.040219665E-2
1.262017987E2,7.486064485E-1,3.057894981E-1,-6.304678416E-1
1.262217987E2,1.660479729E0,-8.840112984E-2,-3.058780834E-2
1.262417987E2,1.287283822E0,1.187978804E-2,1.216700327E-1
1.262617987E2,3.631838666E-1,2.348183334E-1,3.562562317E-3
1.262817987E2,-4.407457204E-1,6.160041690E-3,1.292221503E-1
1.263017987E2,-1.112260577E0,3.074027449E-1,-3.002903379E-1
1.263217987E2,-1.875844376E0,3.434473211E-1,-1.390180784E0
1.263417987E2,-1.602431058E0,-3.018245012E-1,-1.828777506E0
1.263617987E2,-1.568501712E-1,-3.612175941E-2,-6.362834823E-1
1.263817987E2,-1.800131120E-2,3.474292749E-1,2.739923394E-1
1.264017987E2,-1.463460429E0,2.540936798E-1,-2.974099995E-1
1.264217987E2,-1.655439430E0,-2.348417222E-1,-6.312833820E-1
1.264417987E2,-7.938440902E-1,-2.339049983E-1,-8.403304048E-1
1.264617987E2,-4.179010509E-1,2.619213474E-1,-7.898911531E-1
1.264817987E2,-4.545525315E-1,-6.409542382E-2,-5.781348230E-1
1.265017987E2,-6.278800102E-1,-5.189871669E-2,-6.400432420E-1
1.265217987E2,-1.157777497E0,1.556277376E-1,-9.935390031E-1
1.265417987E2,-1.620850225E0,-5.398149490E-2,-1.100848859E0
1.265617987E2,-1.619435638E0,-1.253385758E-1,-8.900280833E-1
1.265817987E2,-1.561366647E0,1.103568399E-1,-8.470693208E-1
1.266017987E2,-1.732023921E0,1.788938087E-1,-8.484966262E-1
1.266217987E2,-1.648648620E0,1.171489656E-2,-6.994956842E-1
1.266417987E2,-1.494915526E0,-4.572060710E-1,-1.911068881E-1
1.266617987E2,-1.573155072E0,-3.550253928E-1,-2.350089526E-1
1.266817987E2,-1.225851147E0,6.266928792E-2,-1.256955484E-1
1.267017987E2,-9.599972545E-1,-3.631120920E-3,7.178655893E-2
1.267217987E2,-1.093649182E0,-4.384259838E-1,-5.145541003E-1
1.267417987E2,-1.011654408E0,3.820629179E-1,-8.518586290E-1
1.267617987E2,-3.094778486E-1,6.987282372E-1,-2.485484728E-1
1.267817987E2,6.325343938E-1,1.429053074E0,1.560169283E0
1.268017987E2,1.839520011E0,4.313348899E0,2.140059879E0
1.268217987E2,3.036387752E0,6.065530220E0,1.421177751E0
1.268417987E2,3.021762989E0,6.358920697E0,9.835092741E-1
1.268617987E2,2.492606345E0,6.049935696E0,5.660888278E-1
1.268817987E2,1.892521805E0,4.124459860E0,-1.539601117E-1
1.269017987E2,8.970723702E-1,2.396023498E0,-1.812132238E0
1.269217987E2,-7.705191815E-1,1.709442267E0,-2.491555892E0
1.269417987E2,-2.298118012E0,7.807763672E-1,-1.948688989E0
1.269617987E2,-3.774556044E0,-7.227181935E-1,-1.212945830E0
1.269817987E2,-4.500111306E0,-1.618064904E0,-6.923299214E-1
1.270017987E2,-3.903579243E0,-1.440777910E0,-1.079750351E0
1.270217987E2,-2.015708313E0,-9.165422827E-1,-1.116241654E0
1.270417987E2,-1.106980030E0,-8.812847418E-1,-8.560601458E-1
1.270617987E2,-1.203723529E0,-1.435134763E0,-8.957393512E-1
1.270817987E2,-4.116763609E-1,-1.683578278E0,-6.054818121E-1
1.271017987E2,6.114651217E-1,-1.442197030E0,3.268067300E-2
1.271217987E2,1.064934822E0,-9.188209426E-1,-5.006619930E-2
1.271417987E2,1.879720642E0,-3.885147357E-1,2.552224848E-1
1.271617987E2,2.436887057E0,-1.992912358E-1,5.760375729E-1
1.271817987E2,2.523368838E0,-4.921934706E-1,1.647268823E-1
1.272017987E2,2.416354267E0,-1.094650810E0,-6.479220727E-1
1.272217987E2,2.369300261E0,-1.327478752E0,-1.121250964E0
1.272417987E2,1.960288111E0,-1.297651520E0,-7.074660239E-1
1.272617987E2,7.156986111E-1,-1.333082723E0,-6.623342898E-1
1.272817987E2,-6.461326785E-1,-1.270343269E0,-7.653242227E-1
1.273017987E2,-1.412259432E0,-7.411901325E-1,-4.461314446E-1
1.273217987E2,-1.162810780E0,-3.462428749E-2,6.744412422E-2
1.273417987E2,-3.997583467E-1,-5.328099847E-2,6.483392715E-3
1.273617987E2,3.387810968E-1,-4.043536735E-1,4.693095151E-1
1.273817987E2,7.575968349E-1,-1.322704500E-1,1.033622251E0
1.274017987E2,9.635825479E-1,2.365900397E-1,1.224179501E0
1.274217987E2,1.016424201E0,-2.850833380E-1,1.169063939E0
1.274417987E2,1.217399070E0,-6.511342406E-1,1.452045203E0
1.274617987E2,1.235906677E0,-3.030342901E-1,1.471572272E0
1.274817987E2,6.957896458E-1,-1.159853697E-1,1.036001191E0
1.275017987E2,1.856015883E-1,-3.823535246E-1,9.316248831E-1
1.275217987E2,4.292952642E-2,-5.738317108E-1,9.051840663E-1
1.275417987E2,-1.016998909E-2,-4.124620074E-1,6.639884672E-1
1.275617987E2,-2.651640670E-1,-2.903031474E-1,5.006070292E-1
1.275817987E2,-3.599282466E-1,-4.087484407E-1,6.259953064E-1
1.276017987E2,-1.670560841E-1,-6.561160684E-1,5.853673902E-1
1.276217987E2,3.289533891E-2,-7.149168384E-1,5.425090536E-1
1.276417987E2,5.725721475E-2,-7.297962481E-1,7.608762458E-1
1.276617987E2,1.324186952E-1,-7.132784486E-1,1.083089403E0
1.276817987E2,4.842063933E-1,-3.332655644E-1,1.004157839E0
1.277017987E2,1.002226358E0,1.316588312E-1,8.216168296E-1
1.277217987E2,1.437223973E0,1.112701750E-1,7.083413520E-1
1.277417987E2,1.462727919E0,-2.806125569E-1,6.773303515E-1
1.277617987E2,1.025599433E0,-7.093678308E-1,6.003035179E-1
1.277817987E2,4.146979461E-1,-7.911779791E-1,4.594245046E-1
1.278017987E2,-2.466746595E-2,-6.449981725E-1,2.845100185E-1
1.278217987E2,-1.236978197E-1,-3.642522991E-1,3.877393949E-1
1.278417987E2,-1.264781434E-1,-2.010939324E-1,4.244119620E-1
1.278617987E2,-5.503894558E-2,-2.281753117E-1,4.674755359E-1
1.278817987E2,1.558887336E-2,-1.518071669E-1,5.876358175E-1
1.279017987E2,9.563197944E-2,1.627338588E-1,5.495265895E-1
1.279217987E2,4.435587428E-1,4.605553561E-1,5.974667412E-1
1.279417987E2,7.987019569E-1,3.977480739E-1,3.312111452E-1
1.279617987E2,4.892161415E-1,-2.170258409E-1,3.024881601E-1
1.279817987E2,-1.930071235E-1,-3.310892308E-1,3.461768013E-1
1.280017987E2,-3.626978533E-1,1.095768213E-2,2.389008594E-1
1.280217987E2,-4.663180064E-2,3.366224509E-1,2.376325983E-1
1.280417987E2,7.269441225E-3,8.809415102E-3,1.859394112E-1
1.280617987E2,-3.007380337E-1,-4.549472916E-1,2.229201266E-1
1.280817987E2,-6.647287247E-1,-6.782676601E-1,3.385938397E-1
1.281017987E2,-4.968049869E-1,-5.595247436E-1,1.958837709E-1
1.281217987E2,1.478725755E-1,-3.842626405E-1,4.009520558E-1
1.281417987E2,4.535257604E-1,-3.143398815E-1,4.243403336E-1
1.281617987E2,3.549685286E-1,-3.137925822E-1,3.767928225E-1
1.281817987E2,4.507932834E-1,-3.644341475E-1,1.900058573E-1
1.282017987E2,4.339222756E-1,-2.407386392E-1,2.998262152E-1
1.282217987E2,1.976821734E-1,4.118310928E-2,3.017107728E-1
1.282417987E2,3.117006311E-1,2.870743150E-1,1.453968644E-1
1.282617987E2,7.494869661E-1,1.989281237E-1,-1.807608247E-2
1.282817987E2,8.557672734E-1,1.551114285E-1,-7.862780124E-2
1.283017987E2,4.307373337E-1,2.282823157E-1,-9.610483646E-3
1.283217987E2,-1.572761408E-1,1.500331217E-1,1.458178639E-2
1.283417987E2,-2.176270077E-1,1.485268790E-1,-6.281722248E-2
1.283617987E2,7.592035767E-2,2.727603310E-1,2.815726697E-3
1.283817987E2,-2.631005846E-2,1.867781943E-1,9.495235026E-2
1.284017987E2,-1.987489431E-1,-2.696034193E-2,-1.625371000E-1
1.284217987E2,-3.742492106E-3,-4.183975160E-2,-9.649601519E-2
1.284417987E2,3.739916407E-1,1.884107369E-1,-7.302587628E-3
1.284617987E2,5.605021787E-1,2.283372796E-1,-8.995093435E-2
1.284817987E2,4.861581208E-1,4.010722160E-2,7.649035156E-3
1.285017987E2,2.999206660E-1,1.197539002E-1,1.192858306E-1
1.285217987E2,1.732312189E-1,2.306124312E-1,7.991623521E-2
1.285417987E2,4.581375690E-2,1.078986704E-1,1.413839203E-1
1.285617987E2,1.286179136E-1,-3.613988578E-2,1.916430777E-1
1.285817987E2,1.838319285E-1,-2.684339762E-2,8.416599154E-2
1.286017987E2,3.647476679E-2,-1.539747298E-2,1.107854408E-1
1.286217987E2,4.617800189E-2,-1.176225901E-2,1.767110431E-1
1.286417987E2,2.227606073E-1,5.645954490E-2,1.073940557E-1
1.286617987E2,1.619898554E-1,3.685675442E-2,1.955399546E-1
1.286817987E2,8.870774321E-3,2.904955208E-2,1.659802330E-1
1.287017987E2,1.025829301E-1,9.725030601E-2,5.127686530E-2
1.287217987E2,2.338931394E-1,2.097723699E-1,2.596192986E-2
1.287417987E2,1.306165650E-1,1.373815012E-1,-3.423895597E-2
1.287617987E2,7.709718291E-2,-1.008884436E-1,-5.264949918E-2
1.287817987E2,-6.982899335E-2,-2.293576187E-1,-5.030359626E-2
1.288017987E2,-1.622599055E-1,-1.412172747E-1,-9.084351182E-2
1.288217987E2,-1.964249307E-1,3.517334104E-2,4.164182335E-2
1.288417987E2,-2.291617918E-1,1.268237686E-1,1.149854958E-1
1.288617987E2,2.215587669E-2,1.070584255E-1,-2.251645803E-2
1.288817987E2,3.107000994E-1,2.328478217E-1,-1.403653353E-2
1.289017987E2,1.766110375E-1,3.924481577E-1,-1.782816052E-1
1.289217987E2,-3.398159169E-2,2.545368987E-1,6.938890815E-3
1.289417987E2,2.904838492E-2,-3.100310683E-2,-2.003963596E-1
1.289617987E2,1.828355630E-1,-2.938869059E-2,-2.870398164E-2
1.289817987E2,-2.325498695E-1,-1.603423476E-1,3.356740326E-1