"Time (s)","w","x","y","z","Direct (°)","Yaw (°)","Pitch (°)","Roll (°)"
1.203745836E-2,4.742173365E-1,5.329780051E-1,-5.595353218E-1,-4.218678212E-1,1.233831938E2,1.012406962E2,-4.645482443E0,-8.897122680E1
2.200545836E-2,4.741848676E-1,5.332849790E-1,-5.594010656E-1,-4.216944449E-1,1.233874198E2,1.012612338E2,-4.631815818E0,-8.893715590E1
3.197445837E-2,4.741346839E-1,5.336530343E-1,-5.592862286E-1,-4.214374624E-1,1.233939513E2,1.012920227E2,-4.620251565E0,-8.889748743E1
4.194345837E-2,4.741405871E-1,5.340361702E-1,-5.591221720E-1,-4.211633367E-1,1.233931830E2,1.013183014E2,-4.609955466E0,-8.884984659E1
5.191145837E-2,4.741779661E-1,5.343850355E-1,-5.589119699E-1,-4.209577917E-1,1.233883181E2,1.013342328E2,-4.596635584E0,-8.880294186E1
6.188045838E-2,4.741646529E-1,5.346769288E-1,-5.586778178E-1,-4.209126893E-1,1.233900508E2,1.013397398E2,-4.571663312E0,-8.876852800E1
7.184845838E-2,4.740695644E-1,5.349137058E-1,-5.584549492E-1,-4.210148586E-1,1.234024265E2,1.013396650E2,-4.535671856E0,-8.874985349E1
8.181745838E-2,4.739400392E-1,5.351097861E-1,-5.582342552E-1,-4.212039794E-1,1.234192830E2,1.013347156E2,-4.494211989E0,-8.873990310E1
9.178645839E-2,4.737835453E-1,5.352776544E-1,-5.580581261E-1,-4.214000913E-1,1.234396474E2,1.013321065E2,-4.454385969E0,-8.873636552E1
1.017544584E-1,4.735868697E-1,5.354509780E-1,-5.579372331E-1,-4.215611950E-1,1.234652379E2,1.013374606E2,-4.416881094E0,-8.873653198E1
1.117240833E-1,4.733993557E-1,5.356444373E-1,-5.578391100E-1,-4.216559016E-1,1.234896334E2,1.013484136E2,-4.384314829E0,-8.873318167E1
1.216920833E-1,4.732483146E-1,5.358778466E-1,-5.577331528E-1,-4.216690383E-1,1.235092818E2,1.013634519E2,-4.356748883E0,-8.872091409E1
1.316610833E-1,4.731376449E-1,5.361508265E-1,-5.575912497E-1,-4.216337956E-1,1.235236772E2,1.013788096E2,-4.330882810E0,-8.869934882E1
1.416300833E-1,4.730543864E-1,5.364313216E-1,-5.574055006E-1,-4.216161545E-1,1.235345065E2,1.013893729E2,-4.302946734E0,-8.867388055E1
1.515980833E-1,4.729654012E-1,5.367170799E-1,-5.571919820E-1,-4.216345015E-1,1.235460801E2,1.013969359E2,-4.270665913E0,-8.864836007E1
1.615670833E-1,4.728761105E-1,5.370044793E-1,-5.569563390E-1,-4.216800438E-1,1.235576927E2,1.014018048E2,-4.235410310E0,-8.862266033E1
1.715360833E-1,4.727913558E-1,5.372975783E-1,-5.567050496E-1,-4.217336099E-1,1.235687149E2,1.014053656E2,-4.198826797E0,-8.859575340E1
1.815040833E-1,4.727457845E-1,5.376359609E-1,-5.563944840E-1,-4.217632496E-1,1.235746410E2,1.014069211E2,-4.160815246E0,-8.855896467E1
1.914730833E-1,4.727334381E-1,5.380711172E-1,-5.559948996E-1,-4.217489592E-1,1.235762466E2,1.014090663E2,-4.118120491E0,-8.850657310E1
2.014410833E-1,4.727231359E-1,5.386498402E-1,-5.555040949E-1,-4.216685615E-1,1.235775863E2,1.014174321E2,-4.067742195E0,-8.843618123E1
2.114100833E-1,4.726829989E-1,5.393606764E-1,-5.549493706E-1,-4.215354749E-1,1.235828056E2,1.014342047E2,-4.008872368E0,-8.835261011E1
2.213790833E-1,4.725735225E-1,5.401530385E-1,-5.543758350E-1,-4.213980551E-1,1.235970409E2,1.014589328E2,-3.940919674E0,-8.826632246E1
2.313470833E-1,4.724173420E-1,5.409489883E-1,-5.538140530E-1,-4.212910706E-1,1.236173476E2,1.014858152E2,-3.868614519E0,-8.818457516E1
2.413160834E-1,4.722873138E-1,5.416427129E-1,-5.532829310E-1,-4.212433235E-1,1.236342525E2,1.015039989E2,-3.800939710E0,-8.811253236E1
2.512840834E-1,4.721862324E-1,5.421622848E-1,-5.528421737E-1,-4.212669389E-1,1.236473931E2,1.015120924E2,-3.744011528E0,-8.805892429E1
2.612530834E-1,4.720942707E-1,5.425055597E-1,-5.525368310E-1,-4.213284706E-1,1.236593475E2,1.015156078E2,-3.701180501E0,-8.802619511E1
2.712220834E-1,4.720515390E-1,5.427363729E-1,-5.523307158E-1,-4.213493702E-1,1.236649020E2,1.015179283E2,-3.674827282E0,-8.800211179E1
2.811900834E-1,4.720371169E-1,5.429222873E-1,-5.521733770E-1,-4.213325194E-1,1.236667767E2,1.015209859E2,-3.657440048E0,-8.798055283E1
2.911590834E-1,4.719622667E-1,5.430791957E-1,-5.520620714E-1,-4.213599965E-1,1.236765058E2,1.015262908E2,-3.637357861E0,-8.796913690E1
3.011270834E-1,4.717385196E-1,5.431834071E-1,-5.520338930E-1,-4.215128526E-1,1.237055862E2,1.015355226E2,-3.607073318E0,-8.798043232E1
3.110960834E-1,4.713482714E-1,5.432280489E-1,-5.520963885E-1,-4.218100405E-1,1.237562972E2,1.015487528E2,-3.565024005E0,-8.801724557E1
3.210650834E-1,4.709002425E-1,5.432263534E-1,-5.522004165E-1,-4.221761360E-1,1.238145018E2,1.015614248E2,-3.519498508E0,-8.806603355E1
3.310330834E-1,4.704762689E-1,5.431583502E-1,-5.523208505E-1,-4.225787832E-1,1.238695668E2,1.015678255E2,-3.477313348E0,-8.812047119E1
3.410020834E-1,4.700896138E-1,5.430314035E-1,-5.524681119E-1,-4.229793469E-1,1.239197726E2,1.015702967E2,-3.441931135E0,-8.817813031E1
3.509710834E-1,4.697329381E-1,5.428873308E-1,-5.526448906E-1,-4.233295319E-1,1.239660753E2,1.015745127E2,-3.414014314E0,-8.823465901E1
3.609390834E-1,4.694290989E-1,5.427741609E-1,-5.528175718E-1,-4.235862510E-1,1.240055110E2,1.015822335E2,-3.393548145E0,-8.828158966E1
3.709080834E-1,4.692035895E-1,5.427087556E-1,-5.529472932E-1,-4.237505631E-1,1.240347756E2,1.015905481E2,-3.379168311E0,-8.831407743E1
3.808760834E-1,4.690373360E-1,5.427344948E-1,-5.529991885E-1,-4.238338716E-1,1.240563479E2,1.016003764E2,-3.364967601E0,-8.832880185E1
3.908450834E-1,4.689423686E-1,5.429260568E-1,-5.529197371E-1,-4.237972565E-1,1.240686695E2,1.016142420E2,-3.347624647E0,-8.831517709E1
4.008140834E-1,4.689559215E-1,5.433564321E-1,-5.526340098E-1,-4.236032309E-1,1.240669111E2,1.016317317E2,-3.324269510E0,-8.826006077E1
4.107820834E-1,4.691260920E-1,5.440451548E-1,-5.520664172E-1,-4.232707107E-1,1.240448316E2,1.016456314E2,-3.291777983E0,-8.815577410E1
4.207510834E-1,4.694498141E-1,5.449003219E-1,-5.512551671E-1,-4.228691856E-1,1.240028226E2,1.016493985E2,-3.252144774E0,-8.801404052E1
4.307190834E-1,4.698504409E-1,5.457530377E-1,-5.503354377E-1,-4.225223381E-1,1.239508225E2,1.016391449E2,-3.208234364E0,-8.786409332E1
4.406880834E-1,4.701819522E-1,5.464405696E-1,-5.495054495E-1,-4.223451685E-1,1.239077838E2,1.016196422E2,-3.162156047E0,-8.774215551E1
4.506570832E-1,4.703985238E-1,5.468841804E-1,-5.489004163E-1,-4.223166562E-1,1.238796626E2,1.015981671E2,-3.123438816E0,-8.766314439E1
4.606250834E-1,4.705073470E-1,5.470549239E-1,-5.485969103E-1,-4.223685811E-1,1.238655309E2,1.015807924E2,-3.102370743E0,-8.762997024E1
4.705940832E-1,4.705410776E-1,5.470610920E-1,-5.485309779E-1,-4.224086074E-1,1.238611504E2,1.015730626E2,-3.098122177E0,-8.762555503E1
4.805620832E-1,4.706091105E-1,5.470762830E-1,-5.485054188E-1,-4.223463908E-1,1.238523150E2,1.015717917E2,-3.104194139E0,-8.761628422E1
4.905310832E-1,4.707701668E-1,5.471747194E-1,-5.483542145E-1,-4.222357421E-1,1.238313973E2,1.015650274E2,-3.108340158E0,-8.758649125E1
5.005000832E-1,4.710458046E-1,5.473957651E-1,-5.479660144E-1,-4.221458034E-1,1.237955932E2,1.015434201E2,-3.099639726E0,-8.752890306E1
5.104680832E-1,4.713282833E-1,5.477177817E-1,-5.473941513E-1,-4.221547280E-1,1.237588943E2,1.015110361E2,-3.070310752E0,-8.745788502E1
5.204370832E-1,4.714664407E-1,5.481215170E-1,-5.467931687E-1,-4.222552061E-1,1.237409429E2,1.014853031E2,-3.020596094E0,-8.739221308E1
5.304060832E-1,4.713985632E-1,5.486518260E-1,-5.462414491E-1,-4.223563796E-1,1.237497627E2,1.014820930E2,-2.954429279E0,-8.733291635E1
5.403740832E-1,4.711499468E-1,5.492802342E-1,-5.457283547E-1,-4.224801570E-1,1.237820640E2,1.014964325E2,-2.872854991E0,-8.728076524E1
5.503430832E-1,4.707709781E-1,5.499640497E-1,-5.452185214E-1,-4.226711507E-1,1.238312919E2,1.015183520E2,-2.776393003E0,-8.723564731E1
5.603110832E-1,4.703930921E-1,5.507038356E-1,-5.445871372E-1,-4.229426581E-1,1.238803680E2,1.015320498E2,-2.665660298E0,-8.718324261E1
5.702800832E-1,4.701474340E-1,5.515140422E-1,-5.437489451E-1,-4.232384710E-1,1.239122656E2,1.015286990E2,-2.547087517E0,-8.710748812E1
5.802490832E-1,4.699855110E-1,5.522735225E-1,-5.428647944E-1,-4.235629122E-1,1.239332879E2,1.015133461E2,-2.431905377E0,-8.702895839E1
5.902170832E-1,4.697373846E-1,5.527576904E-1,-5.422375801E-1,-4.240095502E-1,1.239654981E2,1.014954552E2,-2.330830455E0,-8.699448971E1
6.001860832E-1,4.693789178E-1,5.528936123E-1,-5.420011801E-1,-4.245313782E-1,1.240120234E2,1.014824366E2,-2.256116151E0,-8.701606182E1
6.101540832E-1,4.691018365E-1,5.528396680E-1,-5.420158436E-1,-4.248888757E-1,1.240479788E2,1.014770290E2,-2.219643928E0,-8.705283140E1
6.201230832E-1,4.689782843E-1,5.527960842E-1,-5.420734201E-1,-4.250084661E-1,1.240640096E2,1.014786158E2,-2.209603262E0,-8.707168967E1
6.300920832E-1,4.688389837E-1,5.528476541E-1,-5.420721735E-1,-4.250967690E-1,1.240820824E2,1.014849970E2,-2.192765204E0,-8.708018740E1
6.400600832E-1,4.684893967E-1,5.530411279E-1,-5.418908380E-1,-4.254615289E-1,1.241274308E2,1.014865425E2,-2.128728595E0,-8.709336416E1
6.500290832E-1,4.678052085E-1,5.534520281E-1,-5.414393083E-1,-4.262542874E-1,1.242161561E2,1.014815026E2,-1.991638944E0,-8.711497466E1
6.599970832E-1,4.669069380E-1,5.541273174E-1,-5.406436476E-1,-4.273703728E-1,1.243325885E2,1.014669224E2,-1.789371259E0,-8.712584314E1
6.699660833E-1,4.660458212E-1,5.550647199E-1,-5.395266995E-1,-4.285037582E-1,1.244441464E2,1.014460518E2,-1.558275780E0,-8.709904125E1
6.799350833E-1,4.653670212E-1,5.561860843E-1,-5.382548709E-1,-4.293858747E-1,1.245320448E2,1.014303463E2,-1.337131866E0,-8.702885383E1
6.899030833E-1,4.648531365E-1,5.573361473E-1,-5.370537259E-1,-4.299550560E-1,1.245985646E2,1.014282332E2,-1.148469338E0,-8.693696292E1
6.998720833E-1,4.644579663E-1,5.584276078E-1,-5.360062667E-1,-4.302728445E-1,1.246497036E2,1.014386217E2,-9.942629184E-1,-8.683948507E1
7.098400833E-1,4.641420560E-1,5.594763715E-1,-5.350353061E-1,-4.304597856E-1,1.246905770E2,1.014536708E2,-8.595042288E-1,-8.673870605E1
7.198090833E-1,4.638097979E-1,5.605301376E-1,-5.340606918E-1,-4.306570895E-1,1.247335573E2,1.014694582E2,-7.226683584E-1,-8.663870807E1
7.297780833E-1,4.634390584E-1,5.616282658E-1,-5.330067335E-1,-4.309313127E-1,1.247815054E2,1.014816969E2,-5.721574698E-1,-8.653682197E1
7.397460833E-1,4.630628530E-1,5.627020924E-1,-5.318641232E-1,-4.313462932E-1,1.248301498E2,1.014803157E2,-4.087580389E-1,-8.643829531E1
7.497150833E-1,4.627671665E-1,5.635291980E-1,-5.306349367E-1,-4.320970813E-1,1.248683753E2,1.014363310E2,-2.361858360E-1,-8.636283398E1
7.596840833E-1,4.629709491E-1,5.639481087E-1,-5.291062995E-1,-4.332054144E-1,1.248420316E2,1.013020988E2,-7.511152949E-2,-8.628697036E1
7.696520833E-1,4.636644821E-1,5.644798030E-1,-5.273134028E-1,-4.339565911E-1,1.247523524E2,1.011509115E2,5.308285240E-2,-8.614426229E1
7.796210833E-1,4.639995417E-1,5.652411845E-1,-5.258667979E-1,-4.343627260E-1,1.247090134E2,1.010734861E2,1.739214424E-1,-8.600975765E1
7.895890833E-1,4.637365493E-1,5.658987886E-1,-5.248208527E-1,-4.350518230E-1,1.247430314E2,1.010321489E2,3.227704248E-1,-8.595229187E1
7.995580833E-1,4.631566192E-1,5.663778126E-1,-5.237173810E-1,-4.363739591E-1,1.248180266E2,1.009606891E2,5.259089395E-1,-8.595162364E1
8.095270833E-1,4.624071665E-1,5.668240200E-1,-5.224534405E-1,-4.381011343E-1,1.249149061E2,1.008659151E2,7.723740569E-1,-8.597303348E1
8.194950833E-1,4.614841229E-1,5.673421997E-1,-5.213776580E-1,-4.396823432E-1,1.250341664E2,1.008041806E2,1.013367254E0,-8.600321766E1
8.294640833E-1,4.604928784E-1,5.678436866E-1,-5.208429594E-1,-4.407069679E-1,1.251621668E2,1.008062387E2,1.192777538E0,-8.604259146E1
8.394320833E-1,4.597542259E-1,5.680841712E-1,-5.208763449E-1,-4.411285076E-1,1.252575014E2,1.008425131E2,1.274709568E0,-8.608917301E1
8.494010833E-1,4.594459902E-1,5.677922147E-1,-5.212841210E-1,-4.413437673E-1,1.252972719E2,1.008533907E2,1.270885176E0,-8.615982325E1
8.593700833E-1,4.594834034E-1,5.669455794E-1,-5.217939187E-1,-4.417903685E-1,1.252924450E2,1.008031568E2,1.227994220E0,-8.626627315E1
8.693380833E-1,4.595650867E-1,5.658178825E-1,-5.222424613E-1,-4.426203216E-1,1.252819062E2,1.007086319E2,1.196204034E0,-8.640440443E1
8.793070833E-1,4.593289886E-1,5.647842020E-1,-5.225471698E-1,-4.438246171E-1,1.253123663E2,1.006095493E2,1.219812630E0,-8.656352185E1
8.892750833E-1,4.587171474E-1,5.640942173E-1,-5.225610348E-1,-4.453160630E-1,1.253912834E2,1.005208226E2,1.317060486E0,-8.671731863E1
8.992440833E-1,4.579286075E-1,5.637281113E-1,-5.221586351E-1,-4.470599034E-1,1.254929502E2,1.004244190E2,1.479410577E0,-8.684748971E1
9.092130833E-1,4.571342326E-1,5.634297959E-1,-5.214766148E-1,-4.490403749E-1,1.255953224E2,1.003032750E2,1.675328346E0,-8.696922334E1
9.191810833E-1,4.564696586E-1,5.629586837E-1,-5.207722514E-1,-4.511199028E-1,1.256809308E2,1.001569703E2,1.861883003E0,-8.709954285E1
9.291500833E-1,4.560306750E-1,5.622347721E-1,-5.202499651E-1,-4.530651305E-1,1.257374614E2,9.999964483E1,2.003357213E0,-8.723880058E1
9.391180833E-1,4.558627272E-1,5.613080788E-1,-5.199619862E-1,-4.547109998E-1,1.257590853E2,9.984409053E1,2.086218537E0,-8.737578272E1
9.490870833E-1,4.559774889E-1,5.603141587E-1,-5.197699783E-1,-4.560391775E-1,1.257443095E2,9.969138206E1,2.122927483E0,-8.749165391E1
9.590560833E-1,4.562925032E-1,5.594001081E-1,-5.194699467E-1,-4.571866589E-1,1.257037459E2,9.953622630E1,2.145658224E0,-8.757610567E1
9.690240833E-1,4.566407874E-1,5.586659824E-1,-5.189641121E-1,-4.583098055E-1,1.256588897E2,9.937998533E1,2.184864261E0,-8.763377062E1
9.789930834E-1,4.568710097E-1,5.581229875E-1,-5.182991784E-1,-4.594925985E-1,1.256292339E2,9.922980356E1,2.253165738E0,-8.767909591E1
9.889620834E-1,4.568874296E-1,5.577834050E-1,-5.176043929E-1,-4.606705359E-1,1.256271186E2,9.910277301E1,2.346051318E0,-8.772074401E1
9.989300834E-1,4.566894638E-1,5.576267676E-1,-5.170283495E-1,-4.617021663E-1,1.256526198E2,9.901392746E1,2.445678070E0,-8.776139045E1
1.008899083E0,4.563291261E-1,5.575301473E-1,-5.166429785E-1,-4.626054398E-1,1.256990296E2,9.895580757E1,2.539864439E0,-8.781134193E1
1.018867083E0,4.558237011E-1,5.573613333E-1,-5.164976298E-1,-4.634686916E-1,1.257641097E2,9.891711002E1,2.623650210E0,-8.788572905E1
1.028836083E0,4.550838253E-1,5.570903133E-1,-5.166661487E-1,-4.643329848E-1,1.258593443E2,9.890280797E1,2.699515341E0,-8.799763682E1
1.038805083E0,4.539620998E-1,5.567278965E-1,-5.172492464E-1,-4.652156534E-1,1.260036525E2,9.892648969E1,2.772705623E0,-8.816090226E1
1.048773083E0,4.524252340E-1,5.563529673E-1,-5.182401939E-1,-4.660578548E-1,1.262012175E2,9.899776677E1,2.846218679E0,-8.836859890E1
1.058742083E0,4.506051632E-1,5.560578736E-1,-5.194369774E-1,-4.668403545E-1,1.264349655E2,9.910455971E1,2.926711530E0,-8.859481742E1
1.068710083E0,4.487580473E-1,5.557117650E-1,-5.205354072E-1,-4.678071913E-1,1.266719411E2,9.919341436E1,3.023354956E0,-8.882953343E1
1.078679083E0,4.471196597E-1,5.552869932E-1,-5.213545049E-1,-4.689669593E-1,1.268819321E2,9.923869661E1,3.130296651E0,-8.905207692E1
1.088648083E0,4.457435868E-1,5.547702346E-1,-5.219692970E-1,-4.702029361E-1,1.270581539E2,9.924750086E1,3.232064405E0,-8.925885399E1
1.098616083E0,4.445180671E-1,5.540581347E-1,-5.226446449E-1,-4.714508779E-1,1.272149821E2,9.923846235E1,3.311959563E0,-8.947467042E1
1.108585083E0,4.433841825E-1,5.529117338E-1,-5.235658973E-1,-4.728401724E-1,1.273599890E2,9.920341841E1,3.359232521E0,-8.973587895E1
1.118553167E0,4.425326568E-1,5.512184828E-1,-5.245686143E-1,-4.745004961E-1,1.274688268E2,9.910836821E1,3.372623742E0,-9.003707178E1
1.128522167E0,4.420257303E-1,5.492403390E-1,-5.254624041E-1,-4.762746098E-1,1.275335954E2,9.896433035E1,3.361905154E0,-9.033842806E1
1.138491167E0,4.415332075E-1,5.473962016E-1,-5.262623954E-1,-4.779684021E-1,1.275965064E2,9.882706734E1,3.356675280E0,-9.062054744E1
1.148459167E0,4.405578992E-1,5.459764765E-1,-5.270863327E-1,-4.795814765E-1,1.277210346E2,9.874794192E1,3.397126781E0,-9.089753587E1
1.158428167E0,4.388248458E-1,5.450721500E-1,-5.278943115E-1,-4.813072807E-1,1.279421486E2,9.873348410E1,3.519492450E0,-9.118594922E1
1.168396167E0,4.366173585E-1,5.449011760E-1,-5.283778465E-1,-4.829749511E-1,1.282234927E2,9.877316247E1,3.723945452E0,-9.142959681E1
1.178365167E0,4.342878864E-1,5.452607650E-1,-5.285529324E-1,-4.844755633E-1,1.285200207E2,9.884279778E1,3.970495077E0,-9.161809436E1
1.188334167E0,4.323404649E-1,5.459346293E-1,-5.284452689E-1,-4.855747373E-1,1.287676323E2,9.891763272E1,4.200539156E0,-9.172804230E1
1.198302167E0,4.311699573E-1,5.467133502E-1,-5.280957715E-1,-4.861192799E-1,1.289163370E2,9.897561555E1,4.366596810E0,-9.174679917E1
1.208271167E0,4.306197013E-1,5.471744289E-1,-5.279025782E-1,-4.862978007E-1,1.289862113E2,9.901154333E1,4.446543260E0,-9.174349008E1
1.218239167E0,4.306612080E-1,5.473706639E-1,-5.278004149E-1,-4.861510955E-1,1.289809412E2,9.902404052E1,4.450820415E0,-9.171469303E1
1.228208167E0,4.309693041E-1,5.474036912E-1,-5.277463985E-1,-4.858995604E-1,1.289418193E2,9.902124244E1,4.420825753E0,-9.167995304E1
1.238177167E0,4.311792296E-1,5.475273830E-1,-5.276599645E-1,-4.856678871E-1,1.289151594E2,9.902618864E1,4.404704822E0,-9.164354732E1
1.248145167E0,4.311911546E-1,5.481975331E-1,-5.272485961E-1,-4.853479530E-1,1.289136448E2,9.906159772E1,4.441618063E0,-9.155801203E1
1.258114167E0,4.309165810E-1,5.494430192E-1,-5.264452304E-1,-4.850553143E-1,1.289485145E2,9.912355188E1,4.549052488E0,-9.142824502E1
1.268082167E0,4.306690157E-1,5.513364585E-1,-5.250170924E-1,-4.846744701E-1,1.289799499E2,9.919358318E1,4.716195687E0,-9.121340205E1
1.278051167E0,4.304768603E-1,5.534466827E-1,-5.232176590E-1,-4.843859828E-1,1.290043466E2,9.924817403E1,4.916131608E0,-9.096461597E1
1.288020167E0,4.303267543E-1,5.553573086E-1,-5.213431950E-1,-4.843535930E-1,1.290234028E2,9.926983593E1,5.122346477E0,-9.073601669E1
1.297988167E0,4.303187122E-1,5.569373334E-1,-5.194886257E-1,-4.845392419E-1,1.290244238E2,9.925254684E1,5.314618458E0,-9.053478030E1
1.307957167E0,4.303683348E-1,5.580437474E-1,-5.178926339E-1,-4.849303067E-1,1.290181243E2,9.920583691E1,5.477535477E0,-9.038796905E1
1.317926167E0,4.304271086E-1,5.587617230E-1,-5.166514474E-1,-4.853751878E-1,1.290106628E2,9.915158437E1,5.604241547E0,-9.028990454E1
1.327894167E0,4.306272218E-1,5.594443386E-1,-5.155970123E-1,-4.855327327E-1,1.289852564E2,9.911507288E1,5.692923940E0,-9.018221880E1
1.337863167E0,4.309392692E-1,5.601249048E-1,-5.147693535E-1,-4.853493175E-1,1.289456334E2,9.910526024E1,5.741693980E0,-9.006350985E1
1.347831167E0,4.314356932E-1,5.608532709E-1,-5.140372786E-1,-4.848426940E-1,1.288825852E2,9.911288802E1,5.756628171E0,-8.992015805E1
1.357800167E0,4.318220218E-1,5.613483567E-1,-5.135986695E-1,-4.843905320E-1,1.288335082E2,9.912507512E1,5.753982920E0,-8.981777259E1
1.367769167E0,4.320256701E-1,5.615212721E-1,-5.133657370E-1,-4.842554145E-1,1.288076338E2,9.911982737E1,5.754435142E0,-8.977514769E1
1.377737167E0,4.321486493E-1,5.614385062E-1,-5.131334131E-1,-4.844878175E-1,1.287920074E2,9.908140737E1,5.769138796E0,-8.977360524E1
1.387706167E0,4.322048864E-1,5.611333788E-1,-5.129205557E-1,-4.850163258E-1,1.287848613E2,9.901637940E1,5.793541897E0,-8.980745720E1
1.397674167E0,4.323295067E-1,5.608848915E-1,-5.125682818E-1,-4.855646221E-1,1.287690248E2,9.894225213E1,5.825262037E0,-8.982713327E1
1.407643167E0,4.324324293E-1,5.606969219E-1,-5.121332367E-1,-4.861489460E-1,1.287559449E2,9.886637854E1,5.868081895E0,-8.984117442E1
1.417612167E0,4.322736648E-1,5.604712834E-1,-5.118269819E-1,-4.868721411E-1,1.287761212E2,9.880126898E1,5.926757441E0,-8.988609913E1
1.427580167E0,4.318146856E-1,5.603399117E-1,-5.116083662E-1,-4.876599500E-1,1.288344402E2,9.875933219E1,6.008191927E0,-8.994876511E1
1.437549167E0,4.309757262E-1,5.601664432E-1,-5.115223787E-1,-4.886903404E-1,1.289410037E2,9.872821978E1,6.118688934E0,-9.005455762E1
1.447517167E0,4.302104896E-1,5.598903998E-1,-5.111770090E-1,-4.900406595E-1,1.290381618E2,9.865319894E1,6.252525951E0,-9.016620499E1
1.457486167E0,4.299993523E-1,5.594569484E-1,-5.102989348E-1,-4.916335391E-1,1.290649619E2,9.849429269E1,6.386753564E0,-9.024313050E1
1.467455167E0,4.305090658E-1,5.588924625E-1,-5.089405129E-1,-4.932350456E-1,1.290002579E2,9.826112453E1,6.495414106E0,-9.026540909E1
1.477423167E0,4.316400659E-1,5.584823974E-1,-5.072375036E-1,-4.944637632E-1,1.288566241E2,9.800732175E1,6.569628044E0,-9.020581743E1
1.487392167E0,4.327289087E-1,5.581800280E-1,-5.056377014E-1,-4.954910294E-1,1.287182628E2,9.778033079E1,6.634673862E0,-9.013622733E1
1.497360167E0,4.333445872E-1,5.580372397E-1,-5.042473559E-1,-4.965294461E-1,1.286399918E2,9.759976882E1,6.726963866E0,-9.009310341E1
1.507329167E0,4.334143613E-1,5.581617731E-1,-5.029347871E-1,-4.976585812E-1,1.286311199E2,9.746428894E1,6.868422048E0,-9.007011339E1
1.517298167E0,4.330390331E-1,5.585666726E-1,-5.016888894E-1,-4.987874108E-1,1.286788400E2,9.737407607E1,7.048547967E0,-9.005549473E1
1.527266167E0,4.325201211E-1,5.592751848E-1,-5.005603417E-1,-4.995768213E-1,1.287448000E2,9.733747396E1,7.226783781E0,-9.001590053E1
1.537235167E0,4.320620165E-1,5.601109937E-1,-4.997348166E-1,-4.998632197E-1,1.288030155E2,9.735248516E1,7.361251111E0,-8.995356584E1
1.547203167E0,4.318123780E-1,5.609069791E-1,-4.993308812E-1,-4.995899000E-1,1.288347334E2,9.741049059E1,7.424083038E0,-8.987535622E1
1.557172167E0,4.317527086E-1,5.615871950E-1,-4.994405816E-1,-4.987670987E-1,1.288423141E2,9.751196998E1,7.407926347E0,-8.979309796E1
1.567141167E0,4.318176938E-1,5.622142453E-1,-4.999926315E-1,-4.974494249E-1,1.288340580E2,9.765703568E1,7.327171110E0,-8.970521826E1
1.577109167E0,4.318577518E-1,5.627326726E-1,-5.009263318E-1,-4.958866856E-1,1.288289687E2,9.783188747E1,7.206480150E0,-8.963394168E1
1.587078167E0,4.320068989E-1,5.633144861E-1,-5.018234511E-1,-4.941862815E-1,1.288100189E2,9.801089111E1,7.075792019E0,-8.954352189E1
1.597046167E0,4.322752769E-1,5.639330807E-1,-5.024663960E-1,-4.925900249E-1,1.287759164E2,9.816547632E1,6.959517093E0,-8.943633441E1
1.607015167E0,4.325632426E-1,5.643921046E-1,-5.028976821E-1,-4.913701924E-1,1.287393194E2,9.827484468E1,6.867910558E0,-8.934795035E1
1.616984167E0,4.328524385E-1,5.644996134E-1,-5.032227687E-1,-4.906585165E-1,1.287025605E2,9.832586833E1,6.794617181E0,-8.930513955E1
1.626952167E0,4.330581045E-1,5.639998308E-1,-5.036948186E-1,-4.905673213E-1,1.286764154E2,9.831431682E1,6.724852716E0,-8.934976227E1
1.636921167E0,4.330847124E-1,5.631019685E-1,-5.043688811E-1,-4.908826930E-1,1.286730327E2,9.827442787E1,6.659294691E0,-8.946395885E1
1.646890167E0,4.328255830E-1,5.618449151E-1,-5.053417805E-1,-4.915505625E-1,1.287059743E2,9.822306260E1,6.597895682E0,-8.965303955E1
1.656858167E0,4.324865221E-1,5.603778360E-1,-5.064774168E-1,-4.923543345E-1,1.287490702E2,9.816397543E1,6.529779048E0,-8.987683599E1
1.666827167E0,4.323828383E-1,5.591060021E-1,-5.074924077E-1,-4.928457694E-1,1.287622473E2,9.811661717E1,6.444690884E0,-9.005137478E1
1.676795167E0,4.324991636E-1,5.581602005E-1,-5.084270826E-1,-4.928524286E-1,1.287474636E2,9.810243236E1,6.337950309E0,-9.016160113E1
1.686764167E0,4.327726545E-1,5.576108637E-1,-5.092762520E-1,-4.923571610E-1,1.287127022E2,9.812978758E1,6.216504989E0,-9.020493495E1
1.696733167E0,4.331603054E-1,5.575803705E-1,-5.099101195E-1,-4.913940370E-1,1.286634222E2,9.819922059E1,6.098479983E0,-9.017014951E1
1.706701167E0,4.334124094E-1,5.580970724E-1,-5.103418903E-1,-4.901352976E-1,1.286313681E2,9.831628492E1,6.010408723E0,-9.007852064E1
1.716670167E0,4.334736619E-1,5.593030913E-1,-5.104416651E-1,-4.886000012E-1,1.286235794E2,9.848449354E1,5.970992486E0,-8.991711941E1
1.726638167E0,4.332784878E-1,5.611198418E-1,-5.102691475E-1,-4.868672942E-1,1.286483963E2,9.870132901E1,5.981336869E0,-8.970208487E1
1.736607167E0,4.329011655E-1,5.634432289E-1,-5.099269151E-1,-4.848741092E-1,1.286963664E2,9.896594207E1,6.021529364E0,-8.943864508E1
1.746576167E0,4.325960618E-1,5.662630349E-1,-5.093727551E-1,-4.824378132E-1,1.287351482E2,9.927254675E1,6.065660290E0,-8.910190591E1
1.756544167E0,4.323458966E-1,5.692812128E-1,-5.087770094E-1,-4.797310399E-1,1.287669420E2,9.960268104E1,6.100251263E0,-8.873174031E1
1.766513167E0,4.322318762E-1,5.724311102E-1,-5.080140566E-1,-4.768856772E-1,1.287814316E2,9.993309424E1,6.131381094E0,-8.832842180E1
1.776481167E0,4.320579164E-1,5.755043715E-1,-5.071670762E-1,-4.742384955E-1,1.288035365E2,1.002463130E2,6.177074055E0,-8.793876145E1
1.786450167E0,4.316739546E-1,5.783740187E-1,-5.062641695E-1,-4.720568943E-1,1.288523190E2,1.005286949E2,6.255873318E0,-8.759472337E1
1.796419167E0,4.311341918E-1,5.811284312E-1,-5.051731246E-1,-4.703331185E-1,1.289208793E2,1.007764067E2,6.376024621E0,-8.727929879E1
1.806387167E0,4.302337507E-1,5.835758670E-1,-5.041382825E-1,-4.692363890E-1,1.290352091E2,1.009920451E2,6.538767379E0,-8.703880212E1
1.816356167E0,4.289335073E-1,5.855260281E-1,-5.033321555E-1,-4.688626439E-1,1.292002063E2,1.011690545E2,6.734601965E0,-8.690326743E1
1.826324167E0,4.272162076E-1,5.868469314E-1,-5.029497782E-1,-4.691890976E-1,1.294179541E2,1.013110628E2,6.946804257E0,-8.689280832E1
1.836293167E0,4.250697252E-1,5.875905651E-1,-5.031767021E-1,-4.699641215E-1,1.296898463E2,1.014459515E2,7.153187519E0,-8.700200953E1
1.846262167E0,4.227255043E-1,5.880140250E-1,-5.038764557E-1,-4.707985580E-1,1.299864401E2,1.015924204E2,7.334939556E0,-8.717313738E1
1.856230167E0,4.202214600E-1,5.881291465E-1,-5.050506906E-1,-4.716375490E-1,1.303028601E2,1.017522759E2,7.487003696E0,-8.740072918E1
1.866199167E0,4.176579859E-1,5.880092045E-1,-5.065197533E-1,-4.724879222E-1,1.306263712E2,1.019147367E2,7.616998299E0,-8.766481826E1
1.876167167E0,4.152798342E-1,5.877721627E-1,-5.079317649E-1,-4.733622744E-1,1.309261196E2,1.020544865E2,7.734952571E0,-8.792565167E1
1.886136167E0,4.130997568E-1,5.873051598E-1,-5.091699708E-1,-4.745177619E-1,1.312005880E2,1.021421201E2,7.856788268E0,-8.819758288E1
1.896105167E0,4.111336959E-1,5.867450598E-1,-5.100699430E-1,-4.759496536E-1,1.314478566E2,1.021770378E2,7.996252690E0,-8.846071635E1
1.906073167E0,4.091566241E-1,5.862039364E-1,-5.107873245E-1,-4.775480781E-1,1.316962675E2,1.021935446E2,8.157637672E0,-8.872139185E1
1.916042167E0,4.069972804E-1,5.858297251E-1,-5.114820205E-1,-4.791063235E-1,1.319673046E2,1.022313661E2,8.337619047E0,-8.897575606E1
1.926010167E0,4.046061843E-1,5.857830685E-1,-5.122252802E-1,-4.803929193E-1,1.322670980E2,1.023212707E2,8.529177656E0,-8.920648691E1
1.935979167E0,4.018534472E-1,5.860006174E-1,-5.132430554E-1,-4.813508750E-1,1.326118047E2,1.024818250E2,8.722375285E0,-8.943390461E1
1.945948167E0,3.989864921E-1,5.866276835E-1,-5.143553898E-1,-4.817846082E-1,1.329703310E2,1.027113753E2,8.906047995E0,-8.961466399E1
1.955916167E0,3.962116569E-1,5.876124340E-1,-5.153933508E-1,-4.817651917E-1,1.333168731E2,1.029823562E2,9.077640900E0,-8.973634560E1
1.965885167E0,3.936299411E-1,5.887646235E-1,-5.162263622E-1,-4.815830014E-1,1.336388913E2,1.032526427E2,9.246006040E0,-8.981561486E1
1.975853167E0,3.913757775E-1,5.900495940E-1,-5.165975942E-1,-4.814492089E-1,1.339197372E2,1.034862914E2,9.426964858E0,-8.984509020E1
1.985822167E0,3.893841440E-1,5.912874917E-1,-5.165145202E-1,-4.816346813E-1,1.341676311E2,1.036591525E2,9.632266862E0,-8.985578330E1
1.995791167E0,3.875651598E-1,5.925257872E-1,-5.159522601E-1,-4.821821794E-1,1.343938378E2,1.037752635E2,9.873910232E0,-8.984953414E1
2.005759167E0,3.856238601E-1,5.938018568E-1,-5.151484038E-1,-4.830276610E-1,1.346350486E2,1.038696286E2,1.015655482E1,-8.984791408E1
2.015728167E0,3.834892803E-1,5.953527449E-1,-5.141563829E-1,-4.838741489E-1,1.349000302E2,1.039827781E2,1.047489516E1,-8.982414790E1
2.025696167E0,3.810637450E-1,5.972613254E-1,-5.131092840E-1,-4.845495784E-1,1.352008219E2,1.041434104E2,1.082154992E1,-8.977476719E1
2.035665167E0,3.785536157E-1,5.997653935E-1,-5.117937570E-1,-4.848151352E-1,1.355117620E2,1.043602628E2,1.119027959E1,-8.964705672E1
2.045634167E0,3.759299058E-1,6.027262597E-1,-5.102934478E-1,-4.847662291E-1,1.358364033E2,1.046251397E2,1.157751808E1,-8.946165429E1
2.055602167E0,3.733633630E-1,6.060965535E-1,-5.084201257E-1,-4.845160980E-1,1.361536105E2,1.049097821E2,1.198620502E1,-8.920887582E1
2.065571167E0,3.709654496E-1,6.097911094E-1,-5.060145891E-1,-4.842402996E-1,1.364496572E2,1.051843483E2,1.242391693E1,-8.888983367E1
2.075540167E0,3.684310806E-1,6.134337719E-1,-5.033847153E-1,-4.843154000E-1,1.367622191E2,1.054330151E2,1.290091578E1,-8.858416056E1
2.085508167E0,3.656717370E-1,6.169181678E-1,-5.005903476E-1,-4.848767012E-1,1.371021432E2,1.056480055E2,1.342397937E1,-8.831461182E1
2.095477167E0,3.623875123E-1,6.200257076E-1,-4.979860412E-1,-4.860588940E-1,1.375062122E2,1.058395260E2,1.399340296E1,-8.813887107E1
2.105445167E0,3.583811224E-1,6.227005573E-1,-4.958571617E-1,-4.877835377E-1,1.379983831E2,1.060322867E2,1.460030261E1,-8.808215312E1
2.115414333E0,3.537028222E-1,6.251803831E-1,-4.941779575E-1,-4.897265075E-1,1.385720714E2,1.062579054E2,1.523333194E1,-8.810463712E1
2.125383333E0,3.482821211E-1,6.275988957E-1,-4.930346399E-1,-4.916664689E-1,1.392354442E2,1.065470704E2,1.588505597E1,-8.819102481E1
2.135351333E0,3.422792456E-1,6.301997566E-1,-4.921222660E-1,-4.934661236E-1,1.399684020E2,1.069020506E2,1.656351024E1,-8.828932531E1
2.145320333E0,3.357576530E-1,6.329420413E-1,-4.912252547E-1,-4.953272020E-1,1.407627660E2,1.072933435E2,1.728719835E1,-8.839777407E1
2.155288333E0,3.288658319E-1,6.357010636E-1,-4.901163658E-1,-4.975111357E-1,1.416000989E2,1.076760555E2,1.806957603E1,-8.852102137E1
2.165257333E0,3.217004568E-1,6.383819035E-1,-4.887072650E-1,-5.001424373E-1,1.424684150E2,1.080253783E2,1.891281780E1,-8.866468117E1
2.175226333E0,3.143044435E-1,6.407720091E-1,-4.871225013E-1,-5.033246086E-1,1.433623424E2,1.083214469E2,1.980518767E1,-8.885796646E1
2.185194333E0,3.068664098E-1,6.429296801E-1,-4.852709850E-1,-5.069384058E-1,1.442590262E2,1.085606223E2,2.073368628E1,-8.907788125E1
2.195163333E0,2.994935562E-1,6.449394052E-1,-4.832049517E-1,-5.107540654E-1,1.451456250E2,1.087604592E2,2.167721936E1,-8.930409979E1
2.205131333E0,2.922140685E-1,6.468088497E-1,-4.811679313E-1,-5.145158929E-1,1.460188887E2,1.089482857E2,2.260518008E1,-8.953441481E1
2.215100333E0,2.850917884E-1,6.487441329E-1,-4.793099455E-1,-5.177988479E-1,1.468713294E2,1.091731502E2,2.348714280E1,-8.973182984E1
2.225069333E0,2.779240003E-1,6.507605277E-1,-4.779690804E-1,-5.203984234E-1,1.477273169E2,1.094781520E2,2.430735477E1,-8.990808041E1
2.235037333E0,2.707946607E-1,6.528354171E-1,-4.771665201E-1,-5.222914385E-1,1.485768815E2,1.098608148E2,2.505653986E1,-9.006024182E1
2.245006333E0,2.640099559E-1,6.549960910E-1,-4.766061619E-1,-5.235699948E-1,1.493837350E2,1.102880464E2,2.573535721E1,-9.016269781E1
2.254974333E0,2.576300188E-1,6.570983442E-1,-4.761480573E-1,-5.245299314E-1,1.501410356E2,1.107182280E2,2.635908476E1,-9.023641755E1
2.264943333E0,2.518955186E-1,6.593121812E-1,-4.753634199E-1,-5.252483666E-1,1.508205848E2,1.111280469E2,2.694413079E1,-9.023861000E1
2.274912333E0,2.466793825E-1,6.616773359E-1,-4.741819173E-1,-5.258172226E-1,1.514377965E2,1.115187025E2,2.750983554E1,-9.017212600E1
2.284880333E0,2.416603883E-1,6.641693105E-1,-4.726865471E-1,-5.263522136E-1,1.520308829E2,1.119017696E2,2.808070216E1,-9.006224190E1
2.294849333E0,2.366830878E-1,6.669380318E-1,-4.707709623E-1,-5.268297480E-1,1.526182883E2,1.122966874E2,2.867746960E1,-8.989222866E1
2.304817333E0,2.313976412E-1,6.698787965E-1,-4.687034803E-1,-5.272899705E-1,1.532412586E2,1.127239001E2,2.930949623E1,-8.970006768E1
2.314786333E0,2.258873201E-1,6.730595981E-1,-4.664125673E-1,-5.276600620E-1,1.538898775E2,1.131885266E2,2.997221485E1,-8.946634384E1
2.324755333E0,2.201570135E-1,6.763115541E-1,-4.640595193E-1,-5.279983536E-1,1.545634894E2,1.136793758E2,3.065389602E1,-8.921852670E1
2.334723333E0,2.142036447E-1,6.794251420E-1,-4.617557409E-1,-5.284694290E-1,1.552623778E2,1.141708794E2,3.135179391E1,-8.899334106E1
2.344692333E0,2.081907962E-1,6.823893509E-1,-4.593836109E-1,-5.291200183E-1,1.559673014E2,1.146441846E2,3.206309675E1,-8.878313041E1
2.354660333E0,2.020596730E-1,6.850861276E-1,-4.570706235E-1,-5.300144798E-1,1.566851420E2,1.150915972E2,3.278581248E1,-8.861349526E1
2.364629333E0,1.958271973E-1,6.874853791E-1,-4.548834549E-1,-5.311276307E-1,1.574138996E2,1.155127567E2,3.351311567E1,-8.849012239E1
2.374598333E0,1.895879675E-1,6.897036942E-1,-4.528636515E-1,-5.322402021E-1,1.581425211E2,1.159304564E2,3.422616849E1,-8.838727987E1
2.384566333E0,1.833458085E-1,6.917981923E-1,-4.512222319E-1,-5.331023159E-1,1.588705906E2,1.163767586E2,3.489952172E1,-8.829511685E1
2.394535333E0,1.772593821E-1,6.939930843E-1,-4.498363066E-1,-5.334791087E-1,1.595796658E2,1.168775505E2,3.551993752E1,-8.816273925E1
2.404503333E0,1.712896814E-1,6.962539782E-1,-4.486769627E-1,-5.334597001E-1,1.602743754E2,1.174243894E2,3.609596180E1,-8.799861131E1
2.414472333E0,1.654100696E-1,6.984583006E-1,-4.476025974E-1,-5.333361677E-1,1.609578859E2,1.179787527E2,3.665178216E1,-8.782778789E1
2.424441333E0,1.596775713E-1,7.006150391E-1,-4.463026200E-1,-5.333439017E-1,1.616236364E2,1.185081425E2,3.721506151E1,-8.764551283E1
2.434409333E0,1.539882947E-1,7.026363493E-1,-4.447529330E-1,-5.336519951E-1,1.622837492E2,1.189957470E2,3.780333811E1,-8.747414219E1
2.444378333E0,1.485176970E-1,7.046811247E-1,-4.427185257E-1,-5.341978600E-1,1.629179306E2,1.194437226E2,3.841663045E1,-8.727383652E1
2.454346333E0,1.431662063E-1,7.067585218E-1,-4.403908607E-1,-5.348380496E-1,1.635377947E2,1.198780183E2,3.904307862E1,-8.704724772E1
2.464315333E0,1.381958284E-1,7.092071378E-1,-4.375378035E-1,-5.352455253E-1,1.641130799E2,1.203375682E2,3.966279665E1,-8.671250994E1
2.474284333E0,1.333692345E-1,7.119402555E-1,-4.344633806E-1,-5.353460666E-1,1.646713376E2,1.208470612E2,4.026927726E1,-8.629599765E1
2.484252333E0,1.285317246E-1,7.149045488E-1,-4.310378322E-1,-5.353481107E-1,1.652304909E2,1.213922204E2,4.089247423E1,-8.581110176E1
2.494221333E0,1.234169306E-1,7.178353985E-1,-4.272097604E-1,-5.356982035E-1,1.658213106E2,1.219262082E2,4.157780103E1,-8.531967653E1
2.504189333E0,1.181506398E-1,7.207139228E-1,-4.230153271E-1,-5.363486137E-1,1.664292345E2,1.224452875E2,4.231055556E1,-8.481921854E1
2.514158333E0,1.128375448E-1,7.235583504E-1,-4.185379620E-1,-5.371749659E-1,1.670421728E2,1.229585641E2,4.307077682E1,-8.430126691E1
2.524127333E0,1.074599863E-1,7.263859087E-1,-4.139166339E-1,-5.380416737E-1,1.676621690E2,1.234858982E2,4.384364941E1,-8.376198670E1
2.534095333E0,1.021492305E-1,7.292971918E-1,-4.090426564E-1,-5.388648438E-1,1.682741076E2,1.240356415E2,4.462136002E1,-8.317228593E1
2.544064333E0,9.685162449E-2,7.322513171E-1,-4.039422450E-1,-5.396836728E-1,1.688841968E2,1.246064818E2,4.540793120E1,-8.254050670E1
2.554032333E0,9.154371361E-2,7.352981865E-1,-3.985402097E-1,-5.404830931E-1,1.694951559E2,1.252085787E2,4.620865508E1,-8.185157655E1
2.564001333E0,8.637318038E-2,7.385794135E-1,-3.927921276E-1,-5.410680071E-1,1.700900145E2,1.258676557E2,4.700304722E1,-8.106485319E1
2.573970333E0,8.127322205E-2,7.420684350E-1,-3.870039113E-1,-5.412552444E-1,1.706764914E2,1.266113082E2,4.776471252E1,-8.018870553E1
2.583938333E0,7.630419290E-2,7.457713517E-1,-3.811323706E-1,-5.410553841E-1,1.712476764E2,1.274366707E2,4.849027267E1,-7.921690446E1
2.593907333E0,7.148859936E-2,7.494515934E-1,-3.754530195E-1,-5.405984912E-1,1.718010162E2,1.283047285E2,4.916743756E1,-7.821193180E1
2.603875333E0,6.675944900E-2,7.528970772E-1,-3.701530744E-1,-5.400703279E-1,1.723442367E2,1.291769215E2,4.980144548E1,-7.723408517E1
2.613844333E0,6.208713367E-2,7.560454257E-1,-3.651259037E-1,-5.396513040E-1,1.728807597E2,1.300271290E2,5.041342333E1,-7.630041226E1
2.623813333E0,5.740445021E-2,7.588399515E-1,-3.604298807E-1,-5.394043656E-1,1.734183164E2,1.308455613E2,5.101062107E1,-7.543101858E1
2.633781333E0,5.297605977E-2,7.615265602E-1,-3.558241574E-1,-5.391290413E-1,1.739265476E2,1.316546591E2,5.157495290E1,-7.456007362E1
2.643750333E0,4.895777923E-2,7.642654099E-1,-3.514041542E-1,-5.385320733E-1,1.743876082E2,1.324851091E2,5.206931024E1,-7.365448959E1
2.653719333E0,4.540321939E-2,7.671090367E-1,-3.473830288E-1,-5.374079958E-1,1.747953851E2,1.333527617E2,5.246266055E1,-7.271464853E1
2.663687333E0,4.242716720E-2,7.700455762E-1,-3.437089194E-1,-5.358114521E-1,1.751367450E2,1.342331365E2,5.275296125E1,-7.175027383E1
2.673656333E0,3.984891804E-2,7.728160150E-1,-3.404909653E-1,-5.340725996E-1,1.754324410E2,1.350721090E2,5.297219131E1,-7.083824869E1
2.683624333E0,3.753353877E-2,7.752138967E-1,-3.375795664E-1,-5.326111155E-1,1.756979628E2,1.358139878E2,5.317156297E1,-7.002879696E1
2.693593333E0,3.537125792E-2,7.771502283E-1,-3.349500035E-1,-5.315965355E-1,1.759459067E2,1.364408425E2,5.337579574E1,-6.934548779E1
2.703562333E0,3.332521809E-2,7.786578843E-1,-3.327910101E-1,-5.308780371E-1,1.761805041E2,1.369702852E2,5.356817638E1,-6.879163693E1
2.713530333E0,3.165740407E-2,7.799096247E-1,-3.309766936E-1,-5.302766648E-1,1.763717225E2,1.374117558E2,5.372437087E1,-6.832564403E1
2.723499333E0,3.044500783E-2,7.809253426E-1,-3.295022493E-1,-5.297708183E-1,1.765107199E2,1.377585221E2,5.383874567E1,-6.794742531E1
2.733467333E0,2.974509619E-2,7.817358897E-1,-3.282865867E-1,-5.293696857E-1,1.765909602E2,1.380065693E2,5.391311524E1,-6.764876261E1
2.743436333E0,2.959440013E-2,7.824314181E-1,-3.271571144E-1,-5.290497279E-1,1.766082363E2,1.381676130E2,5.395218809E1,-6.739929774E1
2.753405333E0,2.986161115E-2,7.829815820E-1,-3.262263645E-1,-5.287952873E-1,1.765776027E2,1.382512677E2,5.395846193E1,-6.721049437E1
2.763373333E0,3.047438418E-2,7.833579744E-1,-3.255497179E-1,-5.286197879E-1,1.765073521E2,1.382594364E2,5.393553972E1,-6.709136735E1
2.773342333E0,3.128642751E-2,7.834238289E-1,-3.252730449E-1,-5.286451603E-1,1.764142544E2,1.381769019E2,5.389642976E1,-6.708168722E1
2.783310333E0,3.209630028E-2,7.830361411E-1,-3.254582592E-1,-5.290569982E-1,1.763214031E2,1.379901492E2,5.386691171E1,-6.721606298E1
2.793279333E0,3.294092312E-2,7.823045561E-1,-3.259344343E-1,-5.297935565E-1,1.762245653E2,1.377186146E2,5.384720848E1,-6.745683137E1
2.803248333E0,3.386800628E-2,7.814069757E-1,-3.267275748E-1,-5.305705969E-1,1.761182700E2,1.374063967E2,5.380888682E1,-6.776014192E1
2.813216333E0,3.507412264E-2,7.805831734E-1,-3.276769747E-1,-5.311191803E-1,1.759799771E2,1.370914611E2,5.372431299E1,-6.805884199E1
2.823185333E0,3.661600187E-2,7.799632776E-1,-3.286747592E-1,-5.313092415E-1,1.758031771E2,1.367996769E2,5.358456283E1,-6.831330889E1
2.833153333E0,3.838035325E-2,7.795507653E-1,-3.296751357E-1,-5.311702833E-1,1.756008550E2,1.365430414E2,5.340238619E1,-6.851652857E1
2.843122333E0,4.036129727E-2,7.793807449E-1,-3.304652205E-1,-5.307819844E-1,1.753736794E2,1.363228746E2,5.319570902E1,-6.864778966E1
2.853091333E0,4.249432820E-2,7.793341305E-1,-3.311275161E-1,-5.302708906E-1,1.751290420E2,1.361172846E2,5.297514097E1,-6.874097181E1
2.863059333E0,4.488196825E-2,7.793568898E-1,-3.316375773E-1,-5.297216118E-1,1.748551770E2,1.359002496E2,5.274179193E1,-6.881089775E1
2.873028333E0,4.755669155E-2,7.794082879E-1,-3.320256865E-1,-5.291693195E-1,1.745483483E2,1.356593920E2,5.249477485E1,-6.886980976E1
2.882996333E0,5.033823603E-2,7.793786165E-1,-3.325177931E-1,-5.286463404E-1,1.742292242E2,1.353945991E2,5.223736888E1,-6.895304955E1
2.892965333E0,5.317450820E-2,7.792646936E-1,-3.330616139E-1,-5.281939782E-1,1.739037750E2,1.351085746E2,5.197900123E1,-6.905724276E1
2.902934333E0,5.610643265E-2,7.790447502E-1,-3.335132806E-1,-5.279300757E-1,1.735672984E2,1.347855250E2,5.173342739E1,-6.918097197E1
2.912902333E0,5.906524678E-2,7.785177039E-1,-3.340698298E-1,-5.280330194E-1,1.732276796E2,1.343893064E2,5.150866328E1,-6.938308353E1
2.922871333E0,6.222002268E-2,7.777353741E-1,-3.347318725E-1,-5.284040381E-1,1.728655022E2,1.339186110E2,5.128465947E1,-6.965153822E1
2.932839333E0,6.578640471E-2,7.769161869E-1,-3.352352955E-1,-5.288578754E-1,1.724559851E2,1.333989539E2,5.104578825E1,-6.991991697E1
2.942808333E0,6.955998065E-2,7.760654527E-1,-3.356673428E-1,-5.293499820E-1,1.720225713E2,1.328562265E2,5.079800117E1,-7.018742136E1
2.952777333E0,7.344906002E-2,7.752255082E-1,-3.358454133E-1,-5.299420820E-1,1.715757716E2,1.323010157E2,5.056215743E1,-7.043389455E1
2.962745333E0,7.726313907E-2,7.743221326E-1,-3.358146461E-1,-5.307393318E-1,1.711374639E2,1.317329289E2,5.035696324E1,-7.067911182E1
2.972714333E0,8.092302389E-2,7.733187637E-1,-3.357017136E-1,-5.317274014E-1,1.707167537E2,1.311551663E2,5.017977824E1,-7.093819593E1
2.982682333E0,8.463064000E-2,7.722680428E-1,-3.355906988E-1,-5.327463858E-1,1.702904289E2,1.305680304E2,4.999991647E1,-7.120267924E1
2.992651333E0,8.855468019E-2,7.711520153E-1,-3.357853962E-1,-5.336017139E-1,1.698390713E2,1.299700490E2,4.977420288E1,-7.148887266E1
3.002620333E0,9.303874662E-2,7.701078693E-1,-3.361249312E-1,-5.341326167E-1,1.693231035E2,1.293618808E2,4.947602816E1,-7.175357136E1
3.012588333E0,9.799083273E-2,7.691018872E-1,-3.366860111E-1,-5.343430559E-1,1.687530292E2,1.287498270E2,4.910794218E1,-7.200492891E1
3.022557333E0,1.032293699E-1,7.681090761E-1,-3.374177647E-1,-5.343233523E-1,1.681496749E2,1.281415730E2,4.869220951E1,-7.224512310E1
3.032525333E0,1.086170015E-1,7.670978046E-1,-3.382054893E-1,-5.342100194E-1,1.675288042E2,1.275345898E2,4.825478078E1,-7.247675113E1
3.042494333E0,1.139208242E-1,7.659172503E-1,-3.391743821E-1,-5.341848788E-1,1.669172325E2,1.269165442E2,4.781707761E1,-7.274223267E1
3.052463333E0,1.191238737E-1,7.646008145E-1,-3.401572677E-1,-5.343109611E-1,1.663169169E2,1.262872263E2,4.739410906E1,-7.302760031E1
3.062431333E0,1.242959874E-1,7.632431802E-1,-3.409975072E-1,-5.345381537E-1,1.657197965E2,1.256551346E2,4.698674926E1,-7.330426792E1
3.072400333E0,1.294245424E-1,7.618058884E-1,-3.417821130E-1,-5.348701023E-1,1.651273198E2,1.250165324E2,4.659080533E1,-7.358507439E1
3.082368333E0,1.347260470E-1,7.603479025E-1,-3.423866252E-1,-5.352488128E-1,1.645144424E2,1.243636910E2,4.619450391E1,-7.384833781E1
3.092337333E0,1.402235133E-1,7.588540074E-1,-3.429800950E-1,-5.355770524E-1,1.638784396E2,1.237028895E2,4.577955881E1,-7.410180805E1
3.102306333E0,1.460009822E-1,7.573384068E-1,-3.434936122E-1,-5.358492578E-1,1.632095037E2,1.230290495E2,4.534385362E1,-7.433693647E1
3.112273542E0,1.520042318E-1,7.557913856E-1,-3.438467817E-1,-5.361375212E-1,1.625138147E2,1.223388626E2,4.490099796E1,-7.455374854E1
3.122242542E0,1.579087103E-1,7.541094735E-1,-3.442342798E-1,-5.365505603E-1,1.618289378E2,1.216399236E2,4.446878183E1,-7.478952826E1
3.132210542E0,1.636477834E-1,7.523303496E-1,-3.445664181E-1,-5.371148013E-1,1.611626191E2,1.209382718E2,4.405913820E1,-7.503547268E1
3.142179542E0,1.691816435E-1,7.504484086E-1,-3.449380690E-1,-5.377940610E-1,1.605195170E2,1.202403232E2,4.366645491E1,-7.529760117E1
3.152148542E0,1.745960174E-1,7.484527974E-1,-3.454477508E-1,-5.385170269E-1,1.598897006E2,1.195454636E2,4.327348991E1,-7.557872239E1
3.162116542E0,1.801305940E-1,7.463979489E-1,-3.460524106E-1,-5.391574694E-1,1.592452667E2,1.188516052E2,4.285792980E1,-7.585698151E1
3.172085542E0,1.857856685E-1,7.442382812E-1,-3.468791421E-1,-5.396924182E-1,1.585861160E2,1.181585014E2,4.240983756E1,-7.614443949E1
3.182053542E0,1.916231650E-1,7.420092608E-1,-3.478370135E-1,-5.401040349E-1,1.579049491E2,1.174662426E2,4.192961092E1,-7.642723630E1
3.192022542E0,1.975330804E-1,7.396399336E-1,-3.490177153E-1,-5.404629575E-1,1.572145255E2,1.167719052E2,4.142284390E1,-7.672585888E1
3.201991542E0,2.033564156E-1,7.370402738E-1,-3.505797197E-1,-5.408433854E-1,1.565333958E2,1.160754661E2,4.089398378E1,-7.706851469E1
3.211959542E0,2.092210337E-1,7.343365324E-1,-3.523703075E-1,-5.411206590E-1,1.558465865E2,1.153895305E2,4.033704678E1,-7.741790509E1
3.221928542E0,2.151653304E-1,7.315795806E-1,-3.543944099E-1,-5.412021816E-1,1.551495459E2,1.147251315E2,3.974397495E1,-7.776034983E1
3.231896542E0,2.213117423E-1,7.289128652E-1,-3.563666295E-1,-5.410268823E-1,1.544278208E2,1.140872184E2,3.912295487E1,-7.805368760E1
3.241865542E0,2.276195134E-1,7.263740233E-1,-3.581080530E-1,-5.406743766E-1,1.536860741E2,1.134706977E2,3.849445418E1,-7.828919959E1
3.251834542E0,2.338497870E-1,7.239166935E-1,-3.596923530E-1,-5.402596094E-1,1.529523373E2,1.128781975E2,3.787769307E1,-7.849139456E1
3.261802542E0,2.399101561E-1,7.215473241E-1,-3.610611562E-1,-5.398586349E-1,1.522375245E2,1.123074899E2,3.728806097E1,-7.866472441E1
3.271771542E0,2.456300524E-1,7.190762122E-1,-3.624104033E-1,-5.396795318E-1,1.515618582E2,1.117386168E2,3.673420228E1,-7.886220818E1
3.281739542E0,2.509984230E-1,7.164819472E-1,-3.637508838E-1,-5.397579671E-1,1.509267969E2,1.111673031E2,3.621748368E1,-7.909024786E1
3.291708542E0,2.561319196E-1,7.139059213E-1,-3.649589916E-1,-5.399440771E-1,1.503186659E2,1.106075807E2,3.573119396E1,-7.931344026E1
3.301677542E0,2.609293795E-1,7.113811881E-1,-3.662455347E-1,-5.401081442E-1,1.497495693E2,1.100845322E2,3.526206260E1,-7.953597641E1
3.311645542E0,2.656586458E-1,7.090453782E-1,-3.674137927E-1,-5.400807804E-1,1.491878134E2,1.096007847E2,3.479697834E1,-7.971340054E1
3.321614542E0,2.702710915E-1,7.067270802E-1,-3.686473150E-1,-5.399903543E-1,1.486392020E2,1.091378712E2,3.433164248E1,-7.988565198E1
3.331583542E0,2.748329821E-1,7.043269542E-1,-3.699141966E-1,-5.399571426E-1,1.480958775E2,1.086718750E2,3.386814077E1,-8.006756620E1
3.341551542E0,2.794524347E-1,7.017560596E-1,-3.711303228E-1,-5.400991037E-1,1.475449459E2,1.081763660E2,3.340880934E1,-8.026784565E1
3.351520542E0,2.841827336E-1,6.991540713E-1,-3.722537998E-1,-5.402322140E-1,1.469799943E2,1.076739465E2,3.294508061E1,-8.045528774E1
3.361488542E0,2.888249245E-1,6.965690997E-1,-3.736386820E-1,-5.401534310E-1,1.464247619E2,1.072080866E2,3.245764855E1,-8.063824693E1
3.371457542E0,2.934647656E-1,6.939790599E-1,-3.753926125E-1,-5.397702529E-1,1.458689984E2,1.067821792E2,3.192775277E1,-8.081619049E1
3.381426542E0,2.981949381E-1,6.912509155E-1,-3.776056382E-1,-5.391343940E-1,1.453015617E2,1.063781588E2,3.134258926E1,-8.100748367E1
3.391394542E0,3.028949650E-1,6.883141863E-1,-3.803543081E-1,-5.383389354E-1,1.447368706E2,1.059935058E2,3.070899107E1,-8.123299940E1
3.401363542E0,3.075614956E-1,6.853213281E-1,-3.832616083E-1,-5.374488467E-1,1.441753276E2,1.056245800E2,3.005938186E1,-8.146060745E1
3.411331542E0,3.120008548E-1,6.822762077E-1,-3.861530612E-1,-5.366940493E-1,1.436402945E2,1.052599040E2,2.943178530E1,-8.170233811E1
3.421300542E0,3.162842074E-1,6.792949715E-1,-3.886472485E-1,-5.361679196E-1,1.431232847E2,1.048842492E2,2.885445857E1,-8.192996938E1
3.431269542E0,3.204906315E-1,6.766090687E-1,-3.904252238E-1,-5.357744367E-1,1.426148024E2,1.045067673E2,2.834401334E1,-8.209598743E1
3.441237542E0,3.244103095E-1,6.741921788E-1,-3.917384564E-1,-5.355034113E-1,1.421402948E2,1.041458143E2,2.789783603E1,-8.222545425E1
3.451206542E0,3.282417846E-1,6.721184379E-1,-3.925903601E-1,-5.351512428E-1,1.416758127E2,1.038096886E2,2.749304346E1,-8.229236001E1
3.461174542E0,3.319215206E-1,6.702082163E-1,-3.933816672E-1,-5.346961622E-1,1.412291089E2,1.035028808E2,2.710173346E1,-8.233718949E1
3.471143542E0,3.354568509E-1,6.683054125E-1,-3.943579147E-1,-5.341520780E-1,1.407993576E2,1.032200718E2,2.670348400E1,-8.238859111E1
3.481112542E0,3.389101846E-1,6.662811626E-1,-3.955959573E-1,-5.335852134E-1,1.403790189E2,1.029454424E2,2.628858368E1,-8.246423601E1
3.491080542E0,3.422065739E-1,6.640376543E-1,-3.971698365E-1,-5.331086169E-1,1.399772648E2,1.026705718E2,2.586041136E1,-8.258685544E1
3.501049542E0,3.454080590E-1,6.617113379E-1,-3.988156499E-1,-5.327075369E-1,1.395865856E2,1.023941658E2,2.543513231E1,-8.272628662E1
3.511017542E0,3.484557398E-1,6.594197084E-1,-4.003351491E-1,-5.324246051E-1,1.392142194E2,1.021182147E2,2.503579551E1,-8.286665107E1
3.520986542E0,3.511612830E-1,6.571554638E-1,-4.017707024E-1,-5.323652097E-1,1.388832784E2,1.018468422E2,2.467816274E1,-8.302563419E1
3.530955542E0,3.536834031E-1,6.550168484E-1,-4.028795017E-1,-5.324931991E-1,1.385744505E2,1.015713401E2,2.436829588E1,-8.317322963E1
3.540923542E0,3.559771716E-1,6.528955237E-1,-4.037624676E-1,-5.329010436E-1,1.382933103E2,1.012829030E2,2.410417464E1,-8.333241235E1
3.550892542E0,3.582206272E-1,6.509612468E-1,-4.043136536E-1,-5.333459669E-1,1.380180824E2,1.009971686E2,2.387283836E1,-8.346046632E1
3.560860542E0,3.604178215E-1,6.492753307E-1,-4.047045656E-1,-5.336241413E-1,1.377482838E2,1.007395120E2,2.365399999E1,-8.354869149E1
3.570829542E0,3.624345482E-1,6.476535621E-1,-4.053174229E-1,-5.337637317E-1,1.375004291E2,1.005166263E2,2.342734731E1,-8.364095677E1
3.580798542E0,3.643435001E-1,6.460382842E-1,-4.061670612E-1,-5.337757488E-1,1.372656277E2,1.003198392E2,2.318557426E1,-8.374063450E1
3.590766542E0,3.660504896E-1,6.443714711E-1,-4.073226330E-1,-5.337422421E-1,1.370555081E2,1.001471921E2,2.293304969E1,-8.386559105E1
3.600735542E0,3.675110834E-1,6.428053785E-1,-4.086147711E-1,-5.336392826E-1,1.368755980E2,1.000074645E2,2.268791739E1,-8.399461924E1
3.610703542E0,3.688379610E-1,6.417049349E-1,-4.096089204E-1,-5.332859972E-1,1.367120617E2,9.991623123E1,2.247410692E1,-8.405839237E1
3.620672542E0,3.698418094E-1,6.410204490E-1,-4.103261965E-1,-5.328624266E-1,1.365882768E2,9.986806816E1,2.231137642E1,-8.408236876E1
3.630641542E0,3.709540489E-1,6.406957286E-1,-4.104401827E-1,-5.323918307E-1,1.364510640E2,9.981897058E1,2.219088254E1,-8.403674189E1
3.640609542E0,3.724247368E-1,6.404839828E-1,-4.099894643E-1,-5.319669747E-1,1.362695300E2,9.973137686E1,2.208936118E1,-8.393883953E1
3.650578542E0,3.743352113E-1,6.402882212E-1,-4.090275362E-1,-5.316019408E-1,1.360335384E2,9.959464916E1,2.199527336E1,-8.379669910E1
3.660546542E0,3.765569561E-1,6.402162871E-1,-4.076960646E-1,-5.311421029E-1,1.357588501E2,9.944070626E1,2.190384654E1,-8.360485688E1
3.670515542E0,3.787044961E-1,6.402611313E-1,-4.064174978E-1,-5.305406779E-1,1.354930815E2,9.931148084E1,2.181092574E1,-8.340040762E1
3.680484542E0,3.806142594E-1,6.404281804E-1,-4.053760702E-1,-5.297686266E-1,1.352565270E2,9.922621850E1,2.171399467E1,-8.319822381E1
3.690452542E0,3.822440938E-1,6.406539927E-1,-4.046500592E-1,-5.288764464E-1,1.350544871E2,9.918226782E1,2.161102301E1,-8.301282493E1
3.700421542E0,3.835495714E-1,6.408301770E-1,-4.043473500E-1,-5.279486046E-1,1.348925493E2,9.917269839E1,2.149846438E1,-8.286619243E1
3.710389542E0,3.847804121E-1,6.410159498E-1,-4.042412347E-1,-5.269076775E-1,1.347397827E2,9.918368182E1,2.137215331E1,-8.272556325E1
3.720358542E0,3.857845608E-1,6.410311753E-1,-4.044160915E-1,-5.260197698E-1,1.346150892E2,9.919570526E1,2.124490596E1,-8.263353460E1
3.730327542E0,3.866106443E-1,6.409711055E-1,-4.045591063E-1,-5.253761822E-1,1.345124650E2,9.919409105E1,2.114246621E1,-8.256916855E1
3.740295542E0,3.870928411E-1,6.408551596E-1,-4.046210200E-1,-5.251149191E-1,1.344525440E2,9.917839800E1,2.108750918E1,-8.254414819E1
3.750264542E0,3.870381292E-1,6.406859084E-1,-4.046946821E-1,-5.253050067E-1,1.344593435E2,9.915903294E1,2.109076847E1,-8.257609977E1
3.760232542E0,3.865064204E-1,6.405156667E-1,-4.047548362E-1,-5.258574518E-1,1.345254149E2,9.914144030E1,2.114682760E1,-8.265125676E1
3.770201542E0,3.855775565E-1,6.402926256E-1,-4.048698971E-1,-5.267215781E-1,1.346407993E2,9.912335736E1,2.124116958E1,-8.277081954E1
3.780170542E0,3.844590371E-1,6.400943457E-1,-4.049781513E-1,-5.276960396E-1,1.347796785E2,9.910981406E1,2.135561888E1,-8.290344642E1
3.790138542E0,3.833012316E-1,6.400781719E-1,-4.049971911E-1,-5.285426328E-1,1.349233619E2,9.911686099E1,2.147808712E1,-8.301033002E1
3.800107542E0,3.821548584E-1,6.403813236E-1,-4.048662514E-1,-5.291055250E-1,1.350655529E2,9.916016285E1,2.160559736E1,-8.306491092E1
3.810076542E0,3.807868296E-1,6.409791240E-1,-4.047450476E-1,-5.294607650E-1,1.352351416E2,9.925267918E1,2.174666832E1,-8.309262778E1
3.820044542E0,3.790630288E-1,6.419123395E-1,-4.046077332E-1,-5.296719997E-1,1.354486868E2,9.939975005E1,2.191695422E1,-8.309836693E1
3.830013542E0,3.768069449E-1,6.430375339E-1,-4.045810542E-1,-5.299373194E-1,1.357279257E2,9.959237283E1,2.212578985E1,-8.312047592E1
3.839981542E0,3.740624896E-1,6.442262963E-1,-4.046490266E-1,-5.303856987E-1,1.360672384E2,9.980884176E1,2.237387561E1,-8.317442437E1
3.849950542E0,3.711255234E-1,6.454850646E-1,-4.045972597E-1,-5.309576367E-1,1.364299040E2,1.000281815E2,2.265228969E1,-8.323126763E1
3.859919542E0,3.681066236E-1,6.467067648E-1,-4.044652242E-1,-5.316727054E-1,1.368022097E2,1.002362729E2,2.294827815E1,-8.329831269E1
3.869887542E0,3.653381289E-1,6.480860731E-1,-4.039885328E-1,-5.322648212E-1,1.371432136E2,1.004369946E2,2.324863744E1,-8.331395766E1
3.879856542E0,3.627122696E-1,6.495472622E-1,-4.033915227E-1,-5.327320032E-1,1.374662810E2,1.006402862E2,2.354311977E1,-8.330095914E1
3.889824542E0,3.601192058E-1,6.509766831E-1,-4.028460898E-1,-5.331592247E-1,1.377849659E2,1.008448107E2,2.382867882E1,-8.328820189E1
3.899793542E0,3.576181380E-1,6.524354909E-1,-4.022297975E-1,-5.335244588E-1,1.380920208E2,1.010485091E2,2.411009215E1,-8.325998769E1
3.909762542E0,3.549005198E-1,6.537797646E-1,-4.018338278E-1,-5.339917725E-1,1.384253048E2,1.012578484E2,2.439367921E1,-8.326773922E1
3.919730542E0,3.519485334E-1,6.550893199E-1,-4.016096382E-1,-5.345090197E-1,1.387869150E2,1.014815787E2,2.468381712E1,-8.329939490E1
3.929699542E0,3.487488501E-1,6.563572867E-1,-4.015993333E-1,-5.350582563E-1,1.391783834E2,1.017227640E2,2.497761608E1,-8.335712034E1
3.939667542E0,3.454145707E-1,6.576735012E-1,-4.017108012E-1,-5.355210709E-1,1.395857905E2,1.019867847E2,2.526987829E1,-8.341577011E1
3.949636542E0,3.421125864E-1,6.591757624E-1,-4.017861808E-1,-5.357370629E-1,1.399887268E2,1.022804802E2,2.555501504E1,-8.343744363E1
3.959605542E0,3.388303901E-1,6.609001270E-1,-4.017931245E-1,-5.356932829E-1,1.403887377E2,1.026074999E2,2.583621483E1,-8.341656235E1
3.969573542E0,3.355772223E-1,6.629340074E-1,-4.015509909E-1,-5.354094028E-1,1.407847153E2,1.029663175E2,2.612809530E1,-8.333605983E1
3.979542542E0,3.323413980E-1,6.651661888E-1,-4.008802659E-1,-5.351617058E-1,1.411780988E2,1.033224254E2,2.645435572E1,-8.321365685E1
3.989510542E0,3.289250693E-1,6.674501160E-1,-3.998057847E-1,-5.352326705E-1,1.415929109E2,1.036564616E2,2.683803200E1,-8.308925111E1
3.999479542E0,3.252596738E-1,6.699215229E-1,-3.982421366E-1,-5.355506790E-1,1.420373840E2,1.039858711E2,2.728968948E1,-8.294334989E1
4.009448542E0,3.211316850E-1,6.724833769E-1,-3.965311431E-1,-5.361002318E-1,1.425372436E2,1.043299186E2,2.779824599E1,-8.280979124E1
4.019416542E0,3.165593210E-1,6.750579066E-1,-3.949306271E-1,-5.367650773E-1,1.430900515E2,1.046997607E2,2.833702467E1,-8.270081691E1
4.029385542E0,3.117372368E-1,6.777260340E-1,-3.935388750E-1,-5.372471318E-1,1.436720886E2,1.051167007E2,2.887179063E1,-8.258688755E1
4.039353542E0,3.068433555E-1,6.805014356E-1,-3.925258017E-1,-5.372974130E-1,1.442618020E2,1.055966374E2,2.936526203E1,-8.245259136E1
4.049322542E0,3.023628610E-1,6.835904624E-1,-3.915844940E-1,-5.366026960E-1,1.448008451E2,1.061413698E2,2.979061098E1,-8.222279508E1
4.059291542E0,2.983829341E-1,6.868251171E-1,-3.906246733E-1,-5.353981391E-1,1.452789915E2,1.067110991E2,3.015482209E1,-8.192080332E1
4.069259542E0,2.945751244E-1,6.899824850E-1,-3.895933610E-1,-5.341973016E-1,1.457358765E2,1.072658271E2,3.050706057E1,-8.161073933E1
4.079228542E0,2.906211599E-1,6.931864885E-1,-3.881559848E-1,-5.332605457E-1,1.462097048E2,1.078045648E2,3.090962071E1,-8.128934739E1
4.089196542E0,2.859744910E-1,6.962742719E-1,-3.865294326E-1,-5.329312735E-1,1.467657852E2,1.083287363E2,3.140321686E1,-8.102458075E1
4.099165542E0,2.807155020E-1,6.992185876E-1,-3.846607888E-1,-5.332242678E-1,1.473941745E2,1.088288515E2,3.198654817E1,-8.081306265E1
4.109134542E0,2.752396570E-1,7.020087511E-1,-3.825254188E-1,-5.339485614E-1,1.480474067E2,1.092935959E2,3.262244705E1,-8.062850249E1
4.119103417E0,2.698571884E-1,7.045354020E-1,-3.803694915E-1,-5.349074654E-1,1.486884622E2,1.097163519E2,3.325948121E1,-8.047401226E1
4.129072417E0,2.650162751E-1,7.069699725E-1,-3.781958943E-1,-5.356562569E-1,1.492641603E2,1.101181826E2,3.384372699E1,-8.029020135E1
4.139040417E0,2.608248553E-1,7.094192629E-1,-3.761530681E-1,-5.359137741E-1,1.497619765E2,1.105280282E2,3.434363148E1,-8.005392220E1
4.149009417E0,2.572704535E-1,7.119406349E-1,-3.742013529E-1,-5.356547291E-1,1.501836761E2,1.109523827E2,3.476186029E1,-7.975645579E1
4.158978417E0,2.542358067E-1,7.146255472E-1,-3.721285815E-1,-5.349717710E-1,1.505433843E2,1.113935401E2,3.512710065E1,-7.938564946E1
4.168946417E0,2.514017472E-1,7.173936995E-1,-3.699403698E-1,-5.341232074E-1,1.508790483E2,1.118445873E2,3.547487767E1,-7.897678398E1
4.178915417E0,2.485072492E-1,7.202256621E-1,-3.675975635E-1,-5.332834947E-1,1.512216071E2,1.123062915E2,3.583603050E1,-7.854797773E1
4.188883417E0,2.451844338E-1,7.230272053E-1,-3.652757357E-1,-5.326255402E-1,1.516145331E2,1.127858136E2,3.623408803E1,-7.814056071E1
4.198852417E0,2.411332787E-1,7.256101749E-1,-3.632126053E-1,-5.323732492E-1,1.520931259E2,1.132742876E2,3.668574148E1,-7.781139273E1
4.208821417E0,2.364088277E-1,7.279493250E-1,-3.614174868E-1,-5.325205524E-1,1.526506342E2,1.137663768E2,3.718649745E1,-7.756135272E1
4.218789417E0,2.312463762E-1,7.300681735E-1,-3.599204729E-1,-5.329005168E-1,1.532590756E2,1.142620806E2,3.770867309E1,-7.737263857E1
4.228758417E0,2.260625245E-1,7.320790418E-1,-3.585648195E-1,-5.332798806E-1,1.538692674E2,1.147582670E2,3.822052786E1,-7.719765707E1
4.238726417E0,2.210309284E-1,7.339184356E-1,-3.573870469E-1,-5.336511311E-1,1.544608168E2,1.152373941E2,3.870609147E1,-7.704232560E1
4.248695417E0,2.162499374E-1,7.355293093E-1,-3.564179854E-1,-5.340399990E-1,1.550222626E2,1.156843481E2,3.915743401E1,-7.691619921E1
4.258664417E0,2.115575075E-1,7.368327216E-1,-3.558807185E-1,-5.344810763E-1,1.555727164E2,1.161031831E2,3.957351984E1,-7.685014651E1
4.268632417E0,2.068820627E-1,7.379007438E-1,-3.556502385E-1,-5.349908951E-1,1.561206091E2,1.165009330E2,3.996989738E1,-7.683138366E1
4.278601417E0,2.020448268E-1,7.387137355E-1,-3.557604314E-1,-5.356438763E-1,1.566868791E2,1.168820139E2,4.036208878E1,-7.687378737E1
4.288569417E0,1.971139195E-1,7.394779211E-1,-3.559303886E-1,-5.363134843E-1,1.572635212E2,1.172670858E2,4.075805830E1,-7.692481137E1
4.298538417E0,1.922269397E-1,7.404282271E-1,-3.558651663E-1,-5.368192149E-1,1.578344511E2,1.176802135E2,4.115805488E1,-7.692147445E1
4.308507417E0,1.872598072E-1,7.415638318E-1,-3.556857893E-1,-5.371260018E-1,1.584141746E2,1.181367539E2,4.156085287E1,-7.687056361E1
4.318475417E0,1.822674181E-1,7.428574240E-1,-3.552829287E-1,-5.373226695E-1,1.589962831E2,1.186214395E2,4.197415066E1,-7.677228882E1
4.328444417E0,1.770837983E-1,7.441082160E-1,-3.547858909E-1,-5.376535855E-1,1.596001097E2,1.191077234E2,4.241465409E1,-7.667851711E1
4.338412417E0,1.715972691E-1,7.453172826E-1,-3.542780635E-1,-5.380925239E-1,1.602385987E2,1.196083304E2,4.288374518E1,-7.659381420E1
4.348381417E0,1.660637040E-1,7.466693535E-1,-3.536198140E-1,-5.383871514E-1,1.608819345E2,1.201440333E2,4.335743429E1,-7.646352796E1
4.358350417E0,1.606855343E-1,7.481322074E-1,-3.529081013E-1,-5.384555347E-1,1.615066214E2,1.207053639E2,4.380906850E1,-7.628949248E1
4.368318417E0,1.558576128E-1,7.498145832E-1,-3.519373329E-1,-5.381697790E-1,1.620669233E2,1.212820953E2,4.421484861E1,-7.603014217E1
4.378287417E0,1.515830794E-1,7.516089010E-1,-3.508010117E-1,-5.376292457E-1,1.625626410E2,1.218546124E2,4.457343570E1,-7.571354664E1
4.388256417E0,1.474228694E-1,7.532995375E-1,-3.497354130E-1,-5.371140637E-1,1.630447851E2,1.224118139E2,4.491828222E1,-7.540892626E1
4.398224417E0,1.429401516E-1,7.547744032E-1,-3.487971609E-1,-5.368652498E-1,1.635639679E2,1.229555583E2,4.529271707E1,-7.515533075E1
4.408193417E0,1.378066655E-1,7.558698631E-1,-3.482451425E-1,-5.370244806E-1,1.641581055E2,1.234844048E2,4.571374317E1,-7.500498273E1
4.418161417E0,1.323605551E-1,7.567903081E-1,-3.479254587E-1,-5.373052840E-1,1.647879577E2,1.240170904E2,4.614964475E1,-7.489741070E1
4.428130417E0,1.269981062E-1,7.577250830E-1,-3.478052137E-1,-5.373598852E-1,1.654076829E2,1.245725777E2,4.655217641E1,-7.477876530E1
4.438099417E0,1.219845910E-1,7.587048708E-1,-3.478817103E-1,-5.370892392E-1,1.659866943E2,1.251402678E2,4.689578653E1,-7.463781272E1
4.448067417E0,1.175986425E-1,7.598242068E-1,-3.478717636E-1,-5.364914494E-1,1.664929328E2,1.257044620E2,4.717723816E1,-7.444106852E1
4.458036417E0,1.136972984E-1,7.610932906E-1,-3.477105519E-1,-5.356374067E-1,1.669430142E2,1.262710719E2,4.741485644E1,-7.418839681E1
4.468004417E0,1.098046365E-1,7.624624520E-1,-3.474376300E-1,-5.346783341E-1,1.673918923E2,1.268624040E2,4.765002405E1,-7.390023738E1
4.477973417E0,1.057078996E-1,7.637897616E-1,-3.469946455E-1,-5.338968262E-1,1.678640936E2,1.274555970E2,4.791999060E1,-7.361054780E1
4.487942417E0,1.013580709E-1,7.648633894E-1,-3.465152884E-1,-5.335144067E-1,1.683652408E2,1.280112042E2,4.823534498E1,-7.337397343E1
4.497910417E0,9.714892836E-2,7.658358015E-1,-3.457491429E-1,-5.333995776E-1,1.688499669E2,1.285230654E2,4.857432647E1,-7.314141444E1
4.507879417E0,9.331470311E-2,7.669057625E-1,-3.446070266E-1,-5.332860340E-1,1.692913430E2,1.290176218E2,4.890724060E1,-7.286012646E1
4.517847417E0,9.004027230E-2,7.682769048E-1,-3.429103420E-1,-5.329689211E-1,1.696681521E2,1.295211916E2,4.921656571E1,-7.247316970E1
4.527816417E0,8.732786972E-2,7.700292443E-1,-3.405870812E-1,-5.323808462E-1,1.699802002E2,1.300502919E2,4.950054585E1,-7.195789348E1
4.537785417E0,8.483783391E-2,7.719886513E-1,-3.380320550E-1,-5.315736497E-1,1.702666005E2,1.306114614E2,4.976324696E1,-7.137224482E1
4.547753417E0,8.244914020E-2,7.739531159E-1,-3.354171802E-1,-5.307487305E-1,1.705412873E2,1.311729536E2,5.001739439E1,-7.077287905E1
4.557722417E0,7.998000922E-2,7.756127534E-1,-3.330168540E-1,-5.302148143E-1,1.708251667E2,1.316848661E2,5.028330190E1,-7.024828532E1
4.567690417E0,7.717985690E-2,7.768081856E-1,-3.310756755E-1,-5.300954122E-1,1.711470359E2,1.321390352E2,5.057532639E1,-6.984908355E1
4.577659417E0,7.412473722E-2,7.777317495E-1,-3.292658477E-1,-5.303045660E-1,1.714981331E2,1.325609906E2,5.090086304E1,-6.951368760E1
4.587628417E0,7.093398898E-2,7.785121405E-1,-3.275860429E-1,-5.306361563E-1,1.718647316E2,1.329731422E2,5.123672224E1,-6.921064089E1
4.597596417E0,6.809630489E-2,7.794878190E-1,-3.258223026E-1,-5.306613390E-1,1.721906949E2,1.334082056E2,5.152811313E1,-6.884947662E1
4.607565417E0,6.574937870E-2,7.806746742E-1,-3.241273250E-1,-5.302504705E-1,1.724602371E2,1.338631490E2,5.174694189E1,-6.843655181E1
4.617533417E0,6.363398623E-2,7.818796948E-1,-3.227903848E-1,-5.295482619E-1,1.727031521E2,1.343225803E2,5.190651593E1,-6.803427503E1
4.627502417E0,6.150333660E-2,7.829725626E-1,-3.216515769E-1,-5.288777898E-1,1.729477860E2,1.347675332E2,5.205750873E1,-6.766567891E1
4.637471417E0,5.901199424E-2,7.838007481E-1,-3.207892524E-1,-5.284584286E-1,1.732337926E2,1.351947568E2,5.223707024E1,-6.736847419E1
4.647439417E0,5.619867102E-2,7.844109713E-1,-3.201832440E-1,-5.282270635E-1,1.735567120E2,1.356121841E2,5.243915883E1,-6.712995434E1
4.657408417E0,5.350150453E-2,7.849852010E-1,-3.196108687E-1,-5.280007560E-1,1.738662506E2,1.360147016E2,5.263129343E1,-6.689976106E1
4.667376417E0,5.109586778E-2,7.855741400E-1,-3.190593561E-1,-5.276965611E-1,1.741422941E2,1.363964202E2,5.279567858E1,-6.666856159E1
4.677345417E0,4.912997018E-2,7.862956941E-1,-3.183837421E-1,-5.272165085E-1,1.743678528E2,1.367664190E2,5.292164726E1,-6.640249390E1
4.687314417E0,4.748027931E-2,7.871315082E-1,-3.177290751E-1,-5.265148689E-1,1.745571144E2,1.371369335E2,5.300625020E1,-6.611295251E1
4.697282417E0,4.601447514E-2,7.880321231E-1,-3.170552945E-1,-5.257034367E-1,1.747252670E2,1.375065435E2,5.306942357E1,-6.580808874E1
4.707251417E0,4.454287578E-2,7.888838899E-1,-3.162639664E-1,-5.250287921E-1,1.748940731E2,1.378619284E2,5.314909996E1,-6.550652838E1
4.717219417E0,4.303730605E-2,7.896957436E-1,-3.150937802E-1,-5.246373743E-1,1.750667643E2,1.382003345E2,5.327226195E1,-6.518890131E1
4.727188417E0,4.138388519E-2,7.904274971E-1,-3.136772246E-1,-5.245172979E-1,1.752564014E2,1.385292748E2,5.343902875E1,-6.486917558E1
4.737157417E0,3.980803559E-2,7.911943380E-1,-3.119596352E-1,-5.245074566E-1,1.754371295E2,1.388537469E2,5.362355192E1,-6.451977292E1
4.747125417E0,3.832440331E-2,7.919111926E-1,-3.103974833E-1,-5.244627599E-1,1.756072711E2,1.391636754E2,5.379068309E1,-6.419165772E1
4.757094417E0,3.696154281E-2,7.924676364E-1,-3.093754012E-1,-5.243241389E-1,1.757635542E2,1.394363076E2,5.391555745E1,-6.394028392E1
4.767062417E0,3.575624831E-2,7.927811247E-1,-3.088526117E-1,-5.242419736E-1,1.759017622E2,1.396425492E2,5.401115946E1,-6.378698326E1
4.777031417E0,3.453108157E-2,7.927729482E-1,-3.087224622E-1,-5.244130898E-1,1.760422427E2,1.397777524E2,5.411156499E1,-6.374028197E1
4.787000417E0,3.331097245E-2,7.926458544E-1,-3.084872617E-1,-5.248222936E-1,1.761821374E2,1.398788715E2,5.423729511E1,-6.371635097E1
4.796968417E0,3.212047150E-2,7.925710437E-1,-3.079644300E-1,-5.253163179E-1,1.763186319E2,1.399837075E2,5.438192500E1,-6.365984413E1
4.806937417E0,3.115351743E-2,7.927392729E-1,-3.071934167E-1,-5.255721703E-1,1.764294922E2,1.401217389E2,5.450272041E1,-6.353075129E1
4.816906417E0,3.074391328E-2,7.932832622E-1,-3.063053404E-1,-5.252938957E-1,1.764764518E2,1.402923866E2,5.454582089E1,-6.331565721E1
4.826874417E0,3.088084839E-2,7.940262269E-1,-3.057585272E-1,-5.244810095E-1,1.764607528E2,1.404601942E2,5.449049661E1,-6.309208081E1
4.836843417E0,3.137261782E-2,7.947003868E-1,-3.057849322E-1,-5.234143992E-1,1.764043728E2,1.405812545E2,5.436339634E1,-6.293908172E1
4.846811417E0,3.198469543E-2,7.951469959E-1,-3.062663124E-1,-5.224168043E-1,1.763341987E2,1.406385785E2,5.421379510E1,-6.288044470E1
4.856780417E0,3.254828308E-2,7.953184071E-1,-3.070679033E-1,-5.216499846E-1,1.762695826E2,1.406370537E2,5.407313422E1,-6.291215749E1
4.866749417E0,3.326244036E-2,7.954069366E-1,-3.076949431E-1,-5.210999893E-1,1.761877019E2,1.405923339E2,5.394999765E1,-6.295760425E1
4.876717417E0,3.419578232E-2,7.954925368E-1,-3.079470234E-1,-5.207599907E-1,1.760806879E2,1.405124026E2,5.384854193E1,-6.298513037E1
4.886686417E0,3.548345283E-2,7.956964433E-1,-3.078226902E-1,-5.204357128E-1,1.759330421E2,1.404132980E2,5.374301078E1,-6.296845550E1
4.896654417E0,3.719792341E-2,7.960088568E-1,-3.074407344E-1,-5.200637458E-1,1.757364483E2,1.402873724E2,5.361782575E1,-6.292028980E1
4.906623417E0,3.899346345E-2,7.961090398E-1,-3.074488687E-1,-5.197741548E-1,1.755305451E2,1.401078957E2,5.347688404E1,-6.295364929E1
4.916592417E0,4.079349213E-2,7.959139631E-1,-3.078561969E-1,-5.196936754E-1,1.753241127E2,1.398631680E2,5.333550699E1,-6.308660045E1
4.926560417E0,4.245026367E-2,7.954297380E-1,-3.086156410E-1,-5.198517471E-1,1.751340959E2,1.395711278E2,5.320746855E1,-6.330906523E1
4.936529417E0,4.389562662E-2,7.947488978E-1,-3.095464963E-1,-5.202194573E-1,1.749683150E2,1.392588063E2,5.310262881E1,-6.358361776E1
4.946497417E0,4.532358292E-2,7.940188722E-1,-3.103321557E-1,-5.207434059E-1,1.748045202E2,1.389336812E2,5.301846831E1,-6.385843642E1
4.956466417E0,4.695869099E-2,7.933551647E-1,-3.109737782E-1,-5.212271042E-1,1.746169508E2,1.386008789E2,5.292343520E1,-6.411104351E1
4.966435417E0,4.908407226E-2,7.929068487E-1,-3.114595207E-1,-5.214236349E-1,1.743731187E2,1.382685021E2,5.277872264E1,-6.431025074E1
4.976403417E0,5.174705766E-2,7.925981441E-1,-3.119846072E-1,-5.213214499E-1,1.740675744E2,1.379192708E2,5.257110919E1,-6.448698219E1
4.986372417E0,5.478392776E-2,7.922396430E-1,-3.128162488E-1,-5.210575896E-1,1.737190798E2,1.375322325E2,5.231000932E1,-6.469915228E1
4.996340417E0,5.807759860E-2,7.918566546E-1,-3.137033978E-1,-5.207496858E-1,1.733410504E2,1.371201906E2,5.202505741E1,-6.492027099E1
5.006309417E0,6.124978116E-2,7.913785829E-1,-3.146047925E-1,-5.205690865E-1,1.729768962E2,1.367034282E2,5.175727223E1,-6.515666762E1
5.016278417E0,6.411821137E-2,7.907331461E-1,-3.153978276E-1,-5.207247348E-1,1.726475505E2,1.362767287E2,5.154189432E1,-6.541648665E1
5.026246417E0,6.671774470E-2,7.898713484E-1,-3.160893520E-1,-5.212863416E-1,1.723490264E2,1.358228325E2,5.138166193E1,-6.571431787E1
5.036215417E0,6.927536298E-2,7.887784595E-1,-3.170307651E-1,-5.220353121E-1,1.720552649E2,1.353280960E2,5.122539137E1,-6.607818435E1
5.046183417E0,7.246760743E-2,7.877011650E-1,-3.179558252E-1,-5.226657026E-1,1.716885383E2,1.347812450E2,5.101637334E1,-6.644070188E1
5.056152417E0,7.634585506E-2,7.866227958E-1,-3.188827187E-1,-5.231727081E-1,1.712428883E2,1.341772122E2,5.074961648E1,-6.680422864E1
5.066121417E0,8.068150137E-2,7.855180004E-1,-3.196881871E-1,-5.236901028E-1,1.707445210E2,1.335291728E2,5.045728476E1,-6.716258098E1
5.076089417E0,8.531556844E-2,7.845250628E-1,-3.200140244E-1,-5.242449871E-1,1.702116569E2,1.328729697E2,5.017125670E1,-6.746033940E1
5.086058417E0,8.984424731E-2,7.835810788E-1,-3.200632308E-1,-5.248697720E-1,1.696907064E2,1.322368209E2,4.991093901E1,-6.772103686E1
5.096026417E0,9.417357159E-2,7.826930025E-1,-3.198761410E-1,-5.255495164E-1,1.691924886E2,1.316306533E2,4.967978656E1,-6.794637395E1
5.105995417E0,9.823566377E-2,7.817362058E-1,-3.197861785E-1,-5.262841149E-1,1.687248376E2,1.310424231E2,4.946436356E1,-6.818442849E1
5.115964083E0,1.020668123E-1,7.805629008E-1,-3.201559117E-1,-5.270713337E-1,1.682836016E2,1.304482369E2,4.924166977E1,-6.848921320E1
5.125932083E0,1.060134011E-1,7.792153818E-1,-3.209253446E-1,-5.278176701E-1,1.678288879E2,1.298286301E2,4.898366611E1,-6.884625263E1
5.135901083E0,1.104130684E-1,7.778343138E-1,-3.217939069E-1,-5.284236153E-1,1.673217446E2,1.291796818E2,4.867634087E1,-6.920436636E1
5.145869083E0,1.153785362E-1,7.765208073E-1,-3.224473094E-1,-5.288961026E-1,1.667490822E2,1.285048752E2,4.833036767E1,-6.952177840E1
5.155838083E0,1.208672781E-1,7.753854766E-1,-3.226235465E-1,-5.292283462E-1,1.661156834E2,1.278232835E2,4.796386612E1,-6.975883990E1
5.165807083E0,1.266945857E-1,7.744005679E-1,-3.223605712E-1,-5.294675296E-1,1.654427470E2,1.271443051E2,4.759166443E1,-6.992459243E1
5.175775083E0,1.326421803E-1,7.734311483E-1,-3.219098107E-1,-5.297023297E-1,1.647553988E2,1.264639065E2,4.722100678E1,-7.006387334E1
5.185744083E0,1.387269630E-1,7.724792617E-1,-3.212853208E-1,-5.299117995E-1,1.640516244E2,1.257822410E2,4.684867197E1,-7.017629793E1
5.195712083E0,1.447793137E-1,7.714499935E-1,-3.208153413E-1,-5.300767833E-1,1.633510001E2,1.251058029E2,4.646557134E1,-7.029962179E1
5.205681083E0,1.507979258E-1,7.703746167E-1,-3.205466552E-1,-5.301253365E-1,1.626536593E2,1.244449557E2,4.606394815E1,-7.042812353E1
5.215650083E0,1.567889106E-1,7.692616027E-1,-3.204650589E-1,-5.300529071E-1,1.619588761E2,1.238006974E2,4.564385174E1,-7.055891275E1
5.225618083E0,1.625726384E-1,7.679821508E-1,-3.208279854E-1,-5.299462335E-1,1.612874940E2,1.231682534E2,4.520748580E1,-7.073518099E1
5.235587083E0,1.682726625E-1,7.665747411E-1,-3.213777910E-1,-5.298716335E-1,1.606251937E2,1.225349165E2,4.476609759E1,-7.093551918E1
5.245556083E0,1.737964706E-1,7.649631510E-1,-3.221069947E-1,-5.299748512E-1,1.599827445E2,1.218880324E2,4.433564081E1,-7.117932740E1
5.255524083E0,1.790832237E-1,7.632198309E-1,-3.229516597E-1,-5.302140135E-1,1.593672705E2,1.212439978E2,4.392126833E1,-7.144982254E1
5.265493083E0,1.842456015E-1,7.614625813E-1,-3.238185993E-1,-5.304431448E-1,1.587656950E2,1.206176689E2,4.351155953E1,-7.171458963E1
5.275461083E0,1.894099076E-1,7.596948371E-1,-3.247924655E-1,-5.305633792E-1,1.581633018E2,1.200079606E2,4.308594957E1,-7.197191961E1
5.285430083E0,1.948573667E-1,7.580177718E-1,-3.256884653E-1,-5.304401629E-1,1.575272171E2,1.194124787E2,4.262838419E1,-7.218351082E1
5.295399083E0,2.005454316E-1,7.563933691E-1,-3.264727128E-1,-5.301568413E-1,1.568622876E2,1.188230127E2,4.214962571E1,-7.235758743E1
5.305367083E0,2.061866081E-1,7.546819331E-1,-3.272421667E-1,-5.299574972E-1,1.562020584E2,1.182281318E2,4.167870383E1,-7.253841006E1
5.315336083E0,2.116576800E-1,7.529468948E-1,-3.277810774E-1,-5.299355914E-1,1.555609715E2,1.176330557E2,4.124437126E1,-7.271132582E1
5.325304083E0,2.166450641E-1,7.510281174E-1,-3.283895936E-1,-5.302659595E-1,1.549758850E2,1.170343197E2,4.085911762E1,-7.293424878E1
5.335273083E0,2.212001374E-1,7.489272866E-1,-3.290999155E-1,-5.309159376E-1,1.544409348E2,1.164309388E2,4.051453818E1,-7.320715290E1
5.345242083E0,2.255336553E-1,7.467230065E-1,-3.299714281E-1,-5.316560574E-1,1.539314780E2,1.158346274E2,4.017769486E1,-7.350623726E1
5.355210083E0,2.298211067E-1,7.444752518E-1,-3.311832975E-1,-5.322183595E-1,1.534269204E2,1.152636441E2,3.980829869E1,-7.381521411E1
5.365179083E0,2.344326779E-1,7.423772660E-1,-3.325259275E-1,-5.323005143E-1,1.528836331E2,1.147318631E2,3.937740373E1,-7.406922395E1
5.375147083E0,2.393680106E-1,7.404107573E-1,-3.339998238E-1,-5.319199072E-1,1.523015143E2,1.142361573E2,3.888657543E1,-7.427109871E1
5.385116083E0,2.444798438E-1,7.385248965E-1,-3.355245704E-1,-5.312569267E-1,1.516978076E2,1.137658022E2,3.836251632E1,-7.443650975E1
5.395085083E0,2.496239721E-1,7.366967138E-1,-3.369256370E-1,-5.305157111E-1,1.510894762E2,1.133083729E2,3.783930307E1,-7.457369024E1
5.405053083E0,2.545239331E-1,7.348139930E-1,-3.382925647E-1,-5.299283843E-1,1.505092444E2,1.128552388E2,3.734337837E1,-7.472351895E1
5.415022083E0,2.591744163E-1,7.329370884E-1,-3.395065836E-1,-5.294971377E-1,1.499578388E2,1.124094453E2,3.688374583E1,-7.487252589E1
5.424990083E0,2.636746882E-1,7.310193857E-1,-3.405498234E-1,-5.292562263E-1,1.494235652E2,1.119558817E2,3.645593534E1,-7.502540330E1
5.434959083E0,2.681365854E-1,7.290410970E-1,-3.414867479E-1,-5.291395849E-1,1.488931743E2,1.114913182E2,3.604346617E1,-7.518166189E1
5.444928083E0,2.727153769E-1,7.271030374E-1,-3.423511587E-1,-5.289074822E-1,1.483481766E2,1.110340650E2,3.562034274E1,-7.531261944E1
5.454896083E0,2.773539642E-1,7.251547571E-1,-3.434706632E-1,-5.284442989E-1,1.477953114E2,1.106000635E2,3.516141522E1,-7.543808863E1
5.464865083E0,2.822541781E-1,7.232376656E-1,-3.447608626E-1,-5.276360383E-1,1.472104254E2,1.101863815E2,3.465210861E1,-7.553504557E1
5.474833083E0,2.874032059E-1,7.211851562E-1,-3.462603210E-1,-5.266833193E-1,1.465948931E2,1.097641992E2,3.410005097E1,-7.563665873E1
5.484802083E0,2.926870509E-1,7.189502985E-1,-3.478487304E-1,-5.257812292E-1,1.459622110E2,1.093194154E2,3.353178530E1,-7.575550251E1
5.494771083E0,2.980057725E-1,7.167756686E-1,-3.491911286E-1,-5.248722481E-1,1.453242710E2,1.088764833E2,3.297748097E1,-7.584475057E1
5.504739083E0,3.030046732E-1,7.147185231E-1,-3.504138508E-1,-5.239996925E-1,1.447236791E2,1.084631855E2,3.245727195E1,-7.592040409E1
5.514708083E0,3.075603577E-1,7.128323252E-1,-3.515458730E-1,-5.231560495E-1,1.441754647E2,1.080928010E2,3.197856330E1,-7.598349188E1
5.524676083E0,3.118376306E-1,7.110602188E-1,-3.525353124E-1,-5.223690414E-1,1.436599808E2,1.077450998E2,3.153397965E1,-7.603452860E1
5.534645083E0,3.159133151E-1,7.092366932E-1,-3.536136817E-1,-5.216699095E-1,1.431680828E2,1.074044368E2,3.110127226E1,-7.610419658E1
5.544614083E0,3.200596167E-1,7.074694548E-1,-3.547082564E-1,-5.207981652E-1,1.426669394E2,1.070796895E2,3.065330673E1,-7.615199013E1
5.554582083E0,3.243169226E-1,7.057054301E-1,-3.559858222E-1,-5.196850142E-1,1.421516078E2,1.067734191E2,3.017114493E1,-7.618742271E1
5.564551083E0,3.286244359E-1,7.039135041E-1,-3.575354038E-1,-5.183435432E-1,1.416293888E2,1.064884477E2,2.965315426E1,-7.622154654E1
5.574519083E0,3.329251214E-1,7.020841202E-1,-3.592455964E-1,-5.168957779E-1,1.411071701E2,1.062154524E2,2.911767256E1,-7.625843503E1
5.584488083E0,3.369932195E-1,7.001374521E-1,-3.611044305E-1,-5.156033870E-1,1.406124195E2,1.059429856E2,2.859446206E1,-7.632937470E1
5.594457083E0,3.406772281E-1,6.980441972E-1,-3.630718349E-1,-5.146379344E-1,1.401637203E2,1.056650813E2,2.810568693E1,-7.645084552E1
5.604425083E0,3.441435271E-1,6.958804729E-1,-3.648832959E-1,-5.139803856E-1,1.397409555E2,1.053709381E2,2.765803139E1,-7.659323671E1
5.614394083E0,3.474685658E-1,6.936715460E-1,-3.665627740E-1,-5.135340610E-1,1.393348815E2,1.050654238E2,2.723942671E1,-7.674691891E1
5.624362083E0,3.507132514E-1,6.915233422E-1,-3.681945946E-1,-5.130579175E-1,1.389381061E2,1.047730164E2,2.682850841E1,-7.688986380E1
5.634331083E0,3.539583849E-1,6.895413656E-1,-3.697845213E-1,-5.123529746E-1,1.385407606E2,1.045111020E2,2.641057396E1,-7.699771302E1
5.644300083E0,3.570067190E-1,6.875515707E-1,-3.715742029E-1,-5.116167324E-1,1.381670365E2,1.042716676E2,2.599016132E1,-7.712032456E1
5.654268083E0,3.598236984E-1,6.853405681E-1,-3.735169830E-1,-5.111949583E-1,1.378212617E2,1.040142033E2,2.558723145E1,-7.729713919E1
5.664237083E0,3.623138975E-1,6.825754082E-1,-3.755975937E-1,-5.116110373E-1,1.375152629E2,1.036818311E2,2.523030209E1,-7.759278551E1
5.674206083E0,3.644895916E-1,6.790652395E-1,-3.776721565E-1,-5.132069804E-1,1.372476506E2,1.032309302E2,2.494113455E1,-7.803601037E1
5.684174083E0,3.666065119E-1,6.751254575E-1,-3.793433422E-1,-5.156586942E-1,1.369870326E2,1.026796957E2,2.471652880E1,-7.854594573E1
5.694143083E0,3.687951925E-1,6.713092711E-1,-3.804537009E-1,-5.182557039E-1,1.367173343E2,1.021068308E2,2.453195779E1,-7.901620795E1
5.704111083E0,3.710671447E-1,6.681086710E-1,-3.811160492E-1,-5.202793585E-1,1.364371082E2,1.016033188E2,2.435361385E1,-7.936564362E1
5.714080083E0,3.734190864E-1,6.656683369E-1,-3.815337561E-1,-5.214171759E-1,1.361467272E2,1.012089535E2,2.415696580E1,-7.957436175E1
5.724049083E0,3.755441094E-1,6.635499731E-1,-3.822520859E-1,-5.220645726E-1,1.358841078E2,1.008998895E2,2.393668193E1,-7.974844278E1
5.734017083E0,3.774919787E-1,6.613612135E-1,-3.832397446E-1,-5.227126120E-1,1.356431674E2,1.006073028E2,2.370726237E1,-7.994894961E1
5.743986083E0,3.791116083E-1,6.588348365E-1,-3.845349278E-1,-5.237785796E-1,1.354426710E2,1.002922046E2,2.349092674E1,-8.023330246E1
5.753954083E0,3.802535772E-1,6.563120632E-1,-3.859460359E-1,-5.250784305E-1,1.353012186E2,9.999530812E1,2.331063006E1,-8.055684110E1
5.763923083E0,3.808569936E-1,6.542854741E-1,-3.872392698E-1,-5.262169433E-1,1.352264462E2,9.977589621E1,2.318034838E1,-8.084363305E1
5.773892083E0,3.808865227E-1,6.527686090E-1,-3.884432367E-1,-5.271910992E-1,1.352227865E2,9.963754744E1,2.310155085E1,-8.109631176E1
5.783860083E0,3.807090898E-1,6.517770939E-1,-3.891817021E-1,-5.280006506E-1,1.352447756E2,9.954482491E1,2.307572895E1,-8.127808866E1
5.793829083E0,3.803583700E-1,6.511554911E-1,-3.893381723E-1,-5.289042527E-1,1.352882346E2,9.946091006E1,2.311773112E1,-8.141105669E1
5.803797083E0,3.797181331E-1,6.508646252E-1,-3.889081586E-1,-5.300375235E-1,1.353675515E2,9.937959175E1,2.324192662E1,-8.151215974E1
5.813766083E0,3.787968820E-1,6.510047529E-1,-3.878885104E-1,-5.312704084E-1,1.354816427E2,9.931685712E1,2.344429020E1,-8.156432922E1
5.823735083E0,3.773487532E-1,6.513763616E-1,-3.867625573E-1,-5.326645050E-1,1.356608906E2,9.928636407E1,2.370585824E1,-8.162468496E1
5.833703083E0,3.756226342E-1,6.519673974E-1,-3.856048150E-1,-5.339991640E-1,1.358743987E2,9.929135868E1,2.399245239E1,-8.167312992E1
5.843672083E0,3.737352457E-1,6.525238728E-1,-3.847261691E-1,-5.352759290E-1,1.361076703E2,9.931775108E1,2.426698906E1,-8.174255279E1
5.853640083E0,3.718436108E-1,6.528020526E-1,-3.843061231E-1,-5.365543272E-1,1.363412749E2,9.934035825E1,2.450193535E1,-8.186032185E1
5.863609083E0,3.701440866E-1,6.528463278E-1,-3.842173408E-1,-5.377378897E-1,1.365509925E2,9.935310203E1,2.468876131E1,-8.200135689E1
5.873578083E0,3.685777991E-1,6.526800374E-1,-3.844750898E-1,-5.388302781E-1,1.367441336E2,9.936151713E1,2.483140351E1,-8.216728670E1
5.883546083E0,3.670373897E-1,6.523378893E-1,-3.850963344E-1,-5.398515226E-1,1.369339579E2,9.937373850E1,2.493827826E1,-8.236193152E1
5.893515083E0,3.656149283E-1,6.519588206E-1,-3.858534603E-1,-5.407333242E-1,1.371091373E2,9.939141907E1,2.501933945E1,-8.255287346E1
5.903483083E0,3.642603444E-1,6.515993817E-1,-3.867322327E-1,-5.414525865E-1,1.372758597E2,9.942306187E1,2.507965934E1,-8.273509691E1
5.913452083E0,3.631833976E-1,6.515661700E-1,-3.874027890E-1,-5.417364982E-1,1.374083429E2,9.948745971E1,2.512267860E1,-8.283798395E1
5.923421083E0,3.622337026E-1,6.519263780E-1,-3.878958018E-1,-5.415861604E-1,1.375251223E2,9.959965292E1,2.515893929E1,-8.286383516E1
5.933389083E0,3.613522224E-1,6.527484418E-1,-3.880885499E-1,-5.410465333E-1,1.376334723E2,9.976034581E1,2.520518947E1,-8.280563075E1
5.943358083E0,3.606544497E-1,6.539928591E-1,-3.877389102E-1,-5.402595568E-1,1.377192131E2,9.994031745E1,2.527556490E1,-8.265807795E1
5.953326083E0,3.602768350E-1,6.555052144E-1,-3.868275688E-1,-5.393310406E-1,1.377656032E2,1.001116394E2,2.536216930E1,-8.243431016E1
5.963295083E0,3.606589067E-1,6.574706695E-1,-3.850001869E-1,-5.379892852E-1,1.377186655E2,1.002699293E2,2.544959259E1,-8.206301484E1
5.973264083E0,3.617004607E-1,6.598260040E-1,-3.824685943E-1,-5.362090655E-1,1.375906722E2,1.004263033E2,2.552667327E1,-8.156327767E1
5.983232083E0,3.629915188E-1,6.624289407E-1,-3.797143504E-1,-5.340805495E-1,1.374319410E2,1.006052867E2,2.558913000E1,-8.099617606E1
5.993201083E0,3.641345571E-1,6.651126729E-1,-3.771952438E-1,-5.317469470E-1,1.372913368E2,1.008236686E2,2.563544830E1,-8.042674680E1
6.003170083E0,3.648650252E-1,6.676668456E-1,-3.752860021E-1,-5.293911279E-1,1.372014473E2,1.010808439E2,2.566167984E1,-7.991671329E1
6.013138083E0,3.653010080E-1,6.700761597E-1,-3.739168723E-1,-5.270096465E-1,1.371477832E2,1.013658354E2,2.566374216E1,-7.945889283E1
6.023107083E0,3.655795618E-1,6.723122713E-1,-3.729030193E-1,-5.246819973E-1,1.371134914E2,1.016555377E2,2.564849138E1,-7.904555653E1
6.033075083E0,3.659359977E-1,6.744240602E-1,-3.717687001E-1,-5.225236993E-1,1.370696061E2,1.019143187E2,2.564017591E1,-7.864407303E1
6.043044083E0,3.663573977E-1,6.765551840E-1,-3.703420187E-1,-5.204826802E-1,1.370177136E2,1.021521922E2,2.565272373E1,-7.822926260E1
6.053013083E0,3.669884572E-1,6.789333094E-1,-3.683807257E-1,-5.183286865E-1,1.369399858E2,1.023865726E2,2.568596030E1,-7.774667733E1
6.062981083E0,3.676724163E-1,6.812310713E-1,-3.662329223E-1,-5.163474474E-1,1.368557188E2,1.025933024E2,2.573416820E1,-7.726896038E1
6.072950083E0,3.682706434E-1,6.833000284E-1,-3.641209753E-1,-5.146782689E-1,1.367819943E2,1.027670547E2,2.579606209E1,-7.683601410E1
6.082918083E0,3.686458293E-1,6.851465556E-1,-3.621840853E-1,-5.133196284E-1,1.367357474E2,1.029217122E2,2.587205835E1,-7.646044093E1
6.092887083E0,3.685028883E-1,6.866281649E-1,-3.608479669E-1,-5.123826829E-1,1.367533678E2,1.030705911E2,2.595631435E1,-7.619781034E1
6.102856083E0,3.677925558E-1,6.877129615E-1,-3.602625261E-1,-5.118500204E-1,1.368409145E2,1.032201094E2,2.604060707E1,-7.606057480E1
6.112824083E0,3.664153233E-1,6.882558024E-1,-3.606067921E-1,-5.118657412E-1,1.370105798E2,1.033602800E2,2.612464633E1,-7.608511086E1
6.122792708E0,3.644869943E-1,6.883098663E-1,-3.616904403E-1,-5.124049943E-1,1.372479703E2,1.034832598E2,2.621392478E1,-7.624986004E1
6.132760708E0,3.622621886E-1,6.881185723E-1,-3.631296182E-1,-5.132210838E-1,1.375216201E2,1.035970980E2,2.630936133E1,-7.648565091E1
6.142729708E0,3.598434495E-1,6.877705025E-1,-3.648397055E-1,-5.141755571E-1,1.378188359E2,1.037093062E2,2.640409568E1,-7.676703668E1
6.152698708E0,3.575222698E-1,6.874441911E-1,-3.665241570E-1,-5.150323867E-1,1.381037842E2,1.038228960E2,2.648931740E1,-7.703493525E1
6.162666708E0,3.553906086E-1,6.872467858E-1,-3.680633494E-1,-5.156730610E-1,1.383652285E2,1.039453160E2,2.656269361E1,-7.726185508E1
6.172635708E0,3.533375724E-1,6.871621128E-1,-3.695398799E-1,-5.161405327E-1,1.386168152E2,1.040819853E2,2.662824287E1,-7.746087899E1
6.182603708E0,3.513364189E-1,6.872826317E-1,-3.707960456E-1,-5.164450227E-1,1.388618435E2,1.042361355E2,2.670128784E1,-7.761618902E1
6.192572708E0,3.491493558E-1,6.876204703E-1,-3.718584096E-1,-5.167148257E-1,1.391294105E2,1.044153647E2,2.680395383E1,-7.774513694E1
6.202541708E0,3.467330401E-1,6.882599328E-1,-3.725487645E-1,-5.169932847E-1,1.394247541E2,1.046202427E2,2.695570903E1,-7.783387902E1
6.212509708E0,3.440231715E-1,6.891974894E-1,-3.728196423E-1,-5.173590297E-1,1.397556441E2,1.048475265E2,2.716843699E1,-7.788686854E1
6.222478708E0,3.410619814E-1,6.903359496E-1,-3.726855415E-1,-5.178980405E-1,1.401168222E2,1.050813921E2,2.744064869E1,-7.791715742E1
6.232446708E0,3.379564330E-1,6.916745124E-1,-3.720910392E-1,-5.185751718E-1,1.404951645E2,1.053162261E2,2.776649860E1,-7.791494281E1
6.242415708E0,3.345980351E-1,6.931502106E-1,-3.712606093E-1,-5.193771104E-1,1.409038069E2,1.055623336E2,2.813603387E1,-7.790146834E1
6.252384708E0,3.309746811E-1,6.947663104E-1,-3.703911830E-1,-5.201594297E-1,1.413441093E2,1.058379720E2,2.852865956E1,-7.787847189E1
6.262352708E0,3.271630887E-1,6.965146881E-1,-3.696460689E-1,-5.207622139E-1,1.418066466E2,1.061549537E2,2.891869176E1,-7.784265767E1
6.272321708E0,3.230823676E-1,6.982335525E-1,-3.693913017E-1,-5.211887189E-1,1.423011276E2,1.065164194E2,2.928376114E1,-7.783322434E1
6.282289708E0,3.189211460E-1,6.999102384E-1,-3.694873122E-1,-5.214348355E-1,1.428046142E2,1.069052080E2,2.961968222E1,-7.783643285E1
6.292258708E0,3.145674714E-1,7.013809422E-1,-3.699208031E-1,-5.217955177E-1,1.433305912E2,1.072921148E2,2.994872379E1,-7.789003338E1
6.302227708E0,3.097026925E-1,7.026857348E-1,-3.706567608E-1,-5.224275729E-1,1.439173714E2,1.076876436E2,3.030599845E1,-7.800902718E1
6.312195708E0,3.044092275E-1,7.042336832E-1,-3.712552672E-1,-5.230290822E-1,1.445547497E2,1.081304042E2,3.070662488E1,-7.810495390E1
6.322164708E0,2.987171164E-1,7.060786510E-1,-3.717459935E-1,-5.234749221E-1,1.452388671E2,1.086343156E2,3.114027854E1,-7.816382801E1
6.332132708E0,2.930295994E-1,7.082568106E-1,-3.718773125E-1,-5.236536774E-1,1.459211579E2,1.091788378E2,3.158887022E1,-7.814553298E1
6.342101708E0,2.875700020E-1,7.104236433E-1,-3.717254363E-1,-5.238530952E-1,1.465749372E2,1.097012146E2,3.204066886E1,-7.809980775E1
6.352070708E0,2.823894589E-1,7.123551596E-1,-3.712392198E-1,-5.243928488E-1,1.471942660E2,1.101526691E2,3.250952566E1,-7.806564724E1
6.362038708E0,2.771748928E-1,7.140993754E-1,-3.703472133E-1,-5.254321796E-1,1.478166688E2,1.105431114E2,3.303284280E1,-7.805424971E1
6.372007708E0,2.714498651E-1,7.157236938E-1,-3.692721526E-1,-5.269655346E-1,1.484988790E2,1.109160355E2,3.363124524E1,-7.808584969E1
6.381976708E0,2.652928111E-1,7.172751404E-1,-3.681145262E-1,-5.287984905E-1,1.492312952E2,1.112880639E2,3.428236428E1,-7.814627061E1
6.391944708E0,2.590672790E-1,7.187051197E-1,-3.668963769E-1,-5.307864098E-1,1.499705500E2,1.116424452E2,3.494963338E1,-7.822218987E1
6.401913708E0,2.528477318E-1,7.199639302E-1,-3.659028387E-1,-5.327617694E-1,1.507078190E2,1.119899418E2,3.559860048E1,-7.832370060E1
6.411881708E0,2.468968708E-1,7.212573116E-1,-3.651117634E-1,-5.343436881E-1,1.514120787E2,1.123617434E2,3.619311401E1,-7.839534098E1
6.421850708E0,2.413420426E-1,7.226986917E-1,-3.646051161E-1,-5.352790531E-1,1.520684753E2,1.127831180E2,3.670548190E1,-7.840940967E1
6.431819708E0,2.362515673E-1,7.244866032E-1,-3.642785202E-1,-5.353556550E-1,1.526691803E2,1.132838693E2,3.712768154E1,-7.832126986E1
6.441787708E0,2.315972487E-1,7.267404059E-1,-3.639262990E-1,-5.345734517E-1,1.532177466E2,1.138733519E2,3.747560572E1,-7.810505171E1
6.451756708E0,2.271046791E-1,7.293231015E-1,-3.635541212E-1,-5.332350047E-1,1.537466564E2,1.145334625E2,3.778292373E1,-7.780298584E1
6.461724708E0,2.227489077E-1,7.322115304E-1,-3.628268142E-1,-5.316068509E-1,1.542589179E2,1.152349489E2,3.808710696E1,-7.741440412E1
6.471693708E0,2.183761300E-1,7.351695016E-1,-3.616731495E-1,-5.301227339E-1,1.547726536E2,1.159297757E2,3.842565053E1,-7.699288699E1
6.481662708E0,2.140099167E-1,7.380840616E-1,-3.598805387E-1,-5.290724029E-1,1.552851044E2,1.165784705E2,3.882647132E1,-7.655508947E1
6.491630708E0,2.093627420E-1,7.409166880E-1,-3.576242283E-1,-5.285022192E-1,1.558299802E2,1.171994888E2,3.930184935E1,-7.612384060E1
6.501599708E0,2.044005722E-1,7.437124782E-1,-3.549866574E-1,-5.282959209E-1,1.564111773E2,1.178128921E2,3.984266239E1,-7.569011914E1
6.511567708E0,1.989965981E-1,7.463351080E-1,-3.524314626E-1,-5.283713533E-1,1.570434221E2,1.184310709E2,4.042249633E1,-7.529612828E1
6.521536708E0,1.932550172E-1,7.487871905E-1,-3.501165258E-1,-5.285722251E-1,1.577143909E2,1.190624336E2,4.101470259E1,-7.493945719E1
6.531505708E0,1.871305744E-1,7.508592982E-1,-3.483833631E-1,-5.289816396E-1,1.584292501E2,1.196866400E2,4.160528657E1,-7.467558675E1
6.541473708E0,1.806962047E-1,7.524827105E-1,-3.473164578E-1,-5.296129783E-1,1.591793712E2,1.202888188E2,4.218539152E1,-7.452041529E1
6.551442708E0,1.741360267E-1,7.538869381E-1,-3.466406120E-1,-5.302559917E-1,1.599432317E2,1.208905559E2,4.274845112E1,-7.441142774E1
6.561410708E0,1.674988463E-1,7.551253390E-1,-3.462549262E-1,-5.308835794E-1,1.607151432E2,1.214936117E2,4.329640473E1,-7.433327692E1
6.571379708E0,1.609303021E-1,7.562702581E-1,-3.459740175E-1,-5.314684512E-1,1.614782032E2,1.220935513E2,4.382929850E1,-7.426091678E1
6.581348708E0,1.546043130E-1,7.573589323E-1,-3.456424693E-1,-5.320114712E-1,1.622123031E2,1.226781091E2,4.434455717E1,-7.417759137E1
6.591316708E0,1.485305939E-1,7.583795604E-1,-3.452289244E-1,-5.325562824E-1,1.629164362E2,1.232406751E2,4.484614721E1,-7.408624788E1
6.601285708E0,1.426837513E-1,7.594833020E-1,-3.446012735E-1,-5.329881823E-1,1.635936535E2,1.238088023E2,4.533697443E1,-7.394981727E1
6.611253708E0,1.368876956E-1,7.606561435E-1,-3.439578808E-1,-5.332512840E-1,1.642644192E2,1.244029489E2,4.581347316E1,-7.378148538E1
6.621222708E0,1.311855431E-1,7.618577080E-1,-3.434193705E-1,-5.333162955E-1,1.649237886E2,1.250187604E2,4.626284294E1,-7.359337685E1
6.631191708E0,1.259395249E-1,7.630082537E-1,-3.428962228E-1,-5.332727156E-1,1.655299692E2,1.256068924E2,4.667008583E1,-7.339599718E1
6.641159708E0,1.213688677E-1,7.640953684E-1,-3.424089420E-1,-5.330889554E-1,1.660577792E2,1.261480680E2,4.701616046E1,-7.319253538E1
6.651128708E0,1.175137798E-1,7.652677673E-1,-3.419683810E-1,-5.325536483E-1,1.665027253E2,1.266729501E2,4.728358615E1,-7.295122072E1
6.661096708E0,1.140245897E-1,7.664987925E-1,-3.417752641E-1,-5.316651295E-1,1.669052638E2,1.272088265E2,4.748494476E1,-7.269267285E1
6.671065708E0,1.105128722E-1,7.677202924E-1,-3.418743935E-1,-5.305793002E-1,1.673102375E2,1.277677304E2,4.765565196E1,-7.244075630E1
6.681034708E0,1.067168952E-1,7.687760921E-1,-3.422353180E-1,-5.295940965E-1,1.677478135E2,1.283281329E2,4.783663797E1,-7.223467746E1
6.691002708E0,1.024518448E-1,7.694791226E-1,-3.427905395E-1,-5.290560077E-1,1.682392476E2,1.288541775E2,4.806951049E1,-7.211763546E1
6.700971708E0,9.776920353E-2,7.699171548E-1,-3.431978888E-1,-5.290405398E-1,1.687785486E2,1.293448949E2,4.837655945E1,-7.205407885E1
6.710939708E0,9.277880593E-2,7.702728742E-1,-3.431956129E-1,-5.294228960E-1,1.693530199E2,1.298237784E2,4.875676335E1,-7.198769161E1
6.720908708E0,8.765644655E-2,7.707689426E-1,-3.426406232E-1,-5.299329151E-1,1.699424031E2,1.303269801E2,4.918661135E1,-7.185575158E1
6.730877708E0,8.264255208E-2,7.715397663E-1,-3.414442006E-1,-5.303888807E-1,1.705190480E2,1.308669869E2,4.964053006E1,-7.161876988E1
6.740845708E0,7.780331416E-2,7.724404866E-1,-3.399069786E-1,-5.307971783E-1,1.710753775E2,1.314206447E2,5.009656396E1,-7.132231367E1
6.750814708E0,7.321472354E-2,7.733245167E-1,-3.383712739E-1,-5.311438994E-1,1.716026971E2,1.319627738E2,5.052893217E1,-7.101695940E1
6.760782708E0,6.896242263E-2,7.741469071E-1,-3.370154730E-1,-5.313768239E-1,1.720912112E2,1.324817790E2,5.091801283E1,-7.072390860E1
6.770751708E0,6.482764820E-2,7.748299179E-1,-3.361044478E-1,-5.314787350E-1,1.725660855E2,1.329878948E2,5.126364524E1,-7.047544005E1
6.780720708E0,6.065641675E-2,7.753889115E-1,-3.355489945E-1,-5.315070577E-1,1.730450174E2,1.334925664E2,5.158611985E1,-7.026431843E1
6.790688708E0,5.630119323E-2,7.758224972E-1,-3.352156340E-1,-5.315639349E-1,1.735449452E2,1.340019198E2,5.191090420E1,-7.008369470E1
6.800657708E0,5.171808171E-2,7.762070240E-1,-3.348461958E-1,-5.317010175E-1,1.740708992E2,1.345283701E2,5.225892439E1,-6.990079670E1
6.810626708E0,4.715829846E-2,7.767360934E-1,-3.341562940E-1,-5.317863649E-1,1.745940521E2,1.350867592E2,5.261738173E1,-6.965482074E1
6.820594708E0,4.283782502E-2,7.774705444E-1,-3.333581170E-1,-5.315796767E-1,1.750896442E2,1.356825874E2,5.294090842E1,-6.934336495E1
6.830563708E0,3.912245388E-2,7.785320760E-1,-3.323984122E-1,-5.309129136E-1,1.755157526E2,1.363076909E2,5.319288543E1,-6.894067079E1
6.840531708E0,3.606598550E-2,7.798334021E-1,-3.314425217E-1,-5.298159365E-1,1.758662460E2,1.369373590E2,5.336265853E1,-6.848214515E1
6.850500708E0,3.339313774E-2,7.811211569E-1,-3.306459462E-1,-5.285904958E-1,1.761727168E2,1.375359550E2,5.348526182E1,-6.803855599E1
6.860469708E0,3.074439797E-2,7.822009591E-1,-3.297907024E-1,-5.276879843E-1,1.764763963E2,1.380796310E2,5.363321384E1,-6.764071125E1
6.870437708E0,2.789539745E-2,7.830870756E-1,-3.287191398E-1,-5.272004717E-1,1.768030082E2,1.385913469E2,5.383765140E1,-6.726914633E1
6.880406708E0,2.498836072E-2,7.839981851E-1,-3.272511862E-1,-5.269051065E-1,1.771362467E2,1.391091074E2,5.407935976E1,-6.685908624E1
6.890374708E0,2.218924100E-2,7.850005846E-1,-3.255472944E-1,-5.265934938E-1,1.774570916E2,1.396393947E2,5.432176182E1,-6.640645042E1
6.900343708E0,1.955710709E-2,7.859478561E-1,-3.239087303E-1,-5.262951152E-1,1.777587777E2,1.401463611E2,5.454897582E1,-6.596937585E1
6.910312708E0,1.712734127E-2,7.867340002E-1,-3.223616670E-1,-5.261551034E-1,1.780372553E2,1.405966957E2,5.477028355E1,-6.557973923E1
6.920280708E0,1.474406343E-2,7.872811927E-1,-3.210426814E-1,-5.262152469E-1,1.783103936E2,1.409906007E2,5.499398124E1,-6.526222223E1
6.930249708E0,1.234135589E-2,7.876114555E-1,-3.198613896E-1,-5.265021405E-1,1.785857489E2,1.413380877E2,5.523153383E1,-6.500382757E1
6.940217708E0,9.833976649E-3,7.877532585E-1,-3.188314681E-1,-5.269674207E-1,1.788730911E2,1.416570403E2,5.548418778E1,-6.479522264E1
6.950186708E0,7.317367251E-3,7.878024860E-1,-3.179016243E-1,-5.274961739E-1,1.791614840E2,1.419598946E2,5.573813547E1,-6.461211169E1
6.960155708E0,4.837804933E-3,7.878144136E-1,-3.172386122E-1,-5.279058624E-1,1.794456262E2,1.422595631E2,5.596688275E1,-6.445403398E1
6.970123708E0,2.637613000E-3,7.879060409E-1,-3.167894954E-1,-5.280546408E-1,1.796977515E2,1.425546952E2,5.614434851E1,-6.429854299E1
6.980092708E0,7.605820282E-4,7.880181093E-1,-3.167549772E-1,-5.279139335E-1,1.799128437E2,1.428265987E2,5.625619147E1,-6.417891602E1
6.990060708E0,7.577371160E-4,-7.881764972E-1,3.170788335E-1,5.274830031E-1,1.799131697E2,1.430746526E2,5.630266577E1,-6.408792011E1
7.000029708E0,2.041909443E-3,-7.884074830E-1,3.175333241E-1,5.268606205E-1,1.797660143E2,1.433159290E2,5.631077593E1,-6.399750320E1
7.009998708E0,3.380135104E-3,-7.885627309E-1,3.180322795E-1,5.263201504E-1,1.796126643E2,1.435451900E2,5.632776475E1,-6.392707273E1
7.019966708E0,4.672483920E-3,-7.887120361E-1,3.183921083E-1,5.258687998E-1,1.794645708E2,1.437643294E2,5.635573595E1,-6.384986276E1
7.029935708E0,5.742444889E-3,-7.889419050E-1,3.186807299E-1,5.253382764E-1,1.793419607E2,1.439750887E2,5.636497274E1,-6.375685363E1
7.039903708E0,6.380927497E-3,-7.892734321E-1,3.189324309E-1,5.246797740E-1,1.792687946E2,1.441557927E2,5.633591778E1,-6.365594748E1
7.049872708E0,6.431925184E-3,-7.897563507E-1,3.189873061E-1,5.239184755E-1,1.792629506E2,1.442952242E2,5.626750297E1,-6.353086787E1
7.059841708E0,6.216006879E-3,-7.902265620E-1,3.190012777E-1,5.232032435E-1,1.792876935E2,1.443944821E2,5.618759723E1,-6.342002500E1
7.069809708E0,5.910631888E-3,-7.906328577E-1,3.187793324E-1,5.227280167E-1,1.793226875E2,1.444592302E2,5.613370740E1,-6.331332296E1
7.079778708E0,5.702552897E-3,-7.908982774E-1,3.183548505E-1,5.225874148E-1,1.793465320E2,1.444944139E2,5.612523384E1,-6.322357738E1
7.089746708E0,5.720886776E-3,-7.909524994E-1,3.178619641E-1,5.228051876E-1,1.793444311E2,1.445012221E2,5.616711484E1,-6.317223848E1
7.099715708E0,5.886650332E-3,-7.907786015E-1,3.173122006E-1,5.233999217E-1,1.793254357E2,1.444648675E2,5.625547821E1,-6.316848232E1
7.109684708E0,6.025165949E-3,-7.904543868E-1,3.168695955E-1,5.241558044E-1,1.793095627E2,1.443862900E2,5.635236745E1,-6.321335580E1
7.119653292E0,5.971934479E-3,-7.901117751E-1,3.166004879E-1,5.248350430E-1,1.793156626E2,1.442804908E2,5.642246238E1,-6.328584746E1
7.129622292E0,5.662724125E-3,-7.898521927E-1,3.164131451E-1,5.253420485E-1,1.793510961E2,1.441646398E2,5.645671955E1,-6.335591682E1
7.139591292E0,5.243341909E-3,-7.895952444E-1,3.165210621E-1,5.256672747E-1,1.793991545E2,1.440409100E2,5.645457926E1,-6.345262519E1
7.149559292E0,4.674106573E-3,-7.892925879E-1,3.168629995E-1,5.259212937E-1,1.794643849E2,1.438898449E2,5.642614346E1,-6.358601211E1
7.159528292E0,4.043737234E-3,-7.888360321E-1,3.174487775E-1,5.262581103E-1,1.795366206E2,1.436943424E2,5.639056258E1,-6.378024868E1
7.169496292E0,3.236098249E-3,-7.882507178E-1,3.180982394E-1,5.267485521E-1,1.796291698E2,1.434423781E2,5.635420286E1,-6.402114896E1
7.179465292E0,2.039001311E-3,-7.876985941E-1,3.186223776E-1,5.272634180E-1,1.797663475E2,1.431466518E2,5.629943482E1,-6.426227307E1
7.189434292E0,3.852432688E-4,-7.873016550E-1,3.190302748E-1,5.276131525E-1,1.799558544E2,1.428329287E2,5.620440388E1,-6.447441595E1
7.199402292E0,1.860930876E-3,7.872033264E-1,-3.190887325E-1,-5.277213013E-1,1.797867529E2,1.425184364E2,5.606386082E1,-6.460860329E1
7.209371292E0,4.535127340E-3,7.873184084E-1,-3.188381062E-1,-5.276848654E-1,1.794803109E2,1.422029244E2,5.589588568E1,-6.468156888E1
7.219339292E0,7.315533863E-3,7.875028430E-1,-3.184035722E-1,-5.276408851E-1,1.791616941E2,1.418915171E2,5.572853147E1,-6.472508581E1
7.229308292E0,9.989456373E-3,7.877034831E-1,-3.177842453E-1,-5.276709359E-1,1.788552736E2,1.415961311E2,5.558316742E1,-6.474412090E1
7.239277292E0,1.233929069E-2,7.878572137E-1,-3.171365537E-1,-5.277813817E-1,1.785859856E2,1.413299786E2,5.546765010E1,-6.475751172E1
7.249245292E0,1.443019585E-2,7.879512433E-1,-3.163985202E-1,-5.280309332E-1,1.783463640E2,1.410789630E2,5.538562497E1,-6.476805404E1
7.259214292E0,1.642127619E-2,7.878976747E-1,-3.156458196E-1,-5.285027882E-1,1.781181758E2,1.408012692E2,5.533036452E1,-6.481077286E1
7.269182292E0,1.854159985E-2,7.876702925E-1,-3.151496248E-1,-5.290673874E-1,1.778751674E2,1.404693889E2,5.526283168E1,-6.491968883E1
7.279151292E0,2.107487832E-2,7.874027021E-1,-3.147967292E-1,-5.295807781E-1,1.775848180E2,1.400832773E2,5.515673963E1,-6.506211095E1
7.289120292E0,2.381035630E-2,7.869585586E-1,-3.146959139E-1,-5.301847214E-1,1.772712763E2,1.396357633E2,5.503285003E1,-6.527151393E1
7.299088292E0,2.654338977E-2,7.863042920E-1,-3.147480707E-1,-5.309940463E-1,1.769579943E2,1.391400812E2,5.491864933E1,-6.554188720E1
7.309057292E0,2.936830336E-2,7.856325345E-1,-3.147169031E-1,-5.318573191E-1,1.766341564E2,1.386307594E2,5.480581773E1,-6.581053858E1
7.319025292E0,3.231400983E-2,7.849860861E-1,-3.147101596E-1,-5.326444326E-1,1.762964425E2,1.381197970E2,5.467623548E1,-6.607359309E1
7.328994292E0,3.564613967E-2,7.844841171E-1,-3.145643315E-1,-5.332572477E-1,1.759143877E2,1.376051835E2,5.451205444E1,-6.629692011E1
7.338963292E0,3.935000472E-2,7.841216543E-1,-3.144205264E-1,-5.336146952E-1,1.754896571E2,1.370934156E2,5.430090821E1,-6.648835639E1
7.348931292E0,4.340413115E-2,7.839124162E-1,-3.142587879E-1,-5.337028453E-1,1.750246899E2,1.365915535E2,5.404440713E1,-6.664073350E1
7.358900292E0,4.778609684E-2,7.838864538E-1,-3.138505535E-1,-5.336069612E-1,1.745220305E2,1.361033043E2,5.376303913E1,-6.673106662E1
7.368868292E0,5.217906286E-2,7.839356391E-1,-3.132475586E-1,-5.334774861E-1,1.740180033E2,1.356351211E2,5.348817684E1,-6.678276319E1
7.378837292E0,5.634976748E-2,7.839449747E-1,-3.124807599E-1,-5.334891818E-1,1.735393701E2,1.351806138E2,5.324828375E1,-6.682337946E1
7.388806292E0,6.022761471E-2,7.837511624E-1,-3.117333487E-1,-5.337874972E-1,1.730942445E2,1.347089364E2,5.305027091E1,-6.690548370E1
7.398774292E0,6.389738296E-2,7.832458427E-1,-3.113990189E-1,-5.342974320E-1,1.726729076E2,1.341969090E2,5.286139541E1,-6.708124226E1
7.408743292E0,6.761513539E-2,7.824892436E-1,-3.117376056E-1,-5.347507424E-1,1.722459602E2,1.336462024E2,5.262853819E1,-6.735264625E1
7.418711292E0,7.170873235E-2,7.816444943E-1,-3.125395337E-1,-5.349848260E-1,1.717757259E2,1.330631826E2,5.232705996E1,-6.766811020E1
7.428680292E0,7.618801512E-2,7.807793038E-1,-3.135889902E-1,-5.350149610E-1,1.712610282E2,1.324599844E2,5.196865020E1,-6.799503060E1
7.438649292E0,8.109715359E-2,7.800401324E-1,-3.144081563E-1,-5.348908385E-1,1.706967341E2,1.318536185E2,5.158007743E1,-6.826918868E1
7.448617292E0,8.617907307E-2,7.794214799E-1,-3.149477414E-1,-5.346803782E-1,1.701123408E2,1.312642834E2,5.118728900E1,-6.848670988E1
7.458586292E0,9.124799025E-2,7.788448267E-1,-3.152056801E-1,-5.345278066E-1,1.695291858E2,1.306869025E2,5.081452275E1,-6.866722341E1
7.468555292E0,9.616671713E-2,7.781513846E-1,-3.153098249E-1,-5.346140602E-1,1.689630495E2,1.300968198E2,5.047767865E1,-6.885746727E1
7.478523292E0,1.008254190E-1,7.772407387E-1,-3.156223228E-1,-5.348958961E-1,1.684265925E2,1.294934194E2,5.016033998E1,-6.910031160E1
7.488492292E0,1.053882368E-1,7.762341455E-1,-3.161207935E-1,-5.351837170E-1,1.679009300E2,1.288930165E2,4.983808706E1,-6.936470809E1
7.498460292E0,1.100013780E-1,7.751959843E-1,-3.166349851E-1,-5.354560278E-1,1.673692100E2,1.282922989E2,4.950883979E1,-6.962638381E1
7.508429292E0,1.146051836E-1,7.740695044E-1,-3.171887736E-1,-5.357921699E-1,1.668382936E2,1.276829987E2,4.918095373E1,-6.990043785E1
7.518397292E0,1.193248299E-1,7.729882270E-1,-3.176370896E-1,-5.360573579E-1,1.662937236E2,1.270820271E2,4.884465695E1,-7.014687879E1
7.528366292E0,1.241660909E-1,7.719223754E-1,-3.182120991E-1,-5.361525466E-1,1.657347977E2,1.264938059E2,4.847910219E1,-7.038215284E1
7.538335292E0,1.292349027E-1,7.708239231E-1,-3.190580074E-1,-5.360325756E-1,1.651492350E2,1.259076102E2,4.806527032E1,-7.062142728E1
7.548303292E0,1.344934174E-1,7.695983139E-1,-3.202764517E-1,-5.357731828E-1,1.645413446E2,1.253105268E2,4.760465544E1,-7.088956581E1
7.558272292E0,1.398252045E-1,7.681524452E-1,-3.217833491E-1,-5.355803610E-1,1.639245366E2,1.246856088E2,4.712399228E1,-7.120496759E1
7.568241292E0,1.450947196E-1,7.664290394E-1,-3.233480297E-1,-5.357051367E-1,1.633144715E2,1.240167504E2,4.666283633E1,-7.157313675E1
7.578209292E0,1.501807273E-1,7.645616812E-1,-3.247449449E-1,-5.361267948E-1,1.627251998E2,1.233310679E2,4.624164722E1,-7.195681408E1
7.588178292E0,1.549662070E-1,7.626929531E-1,-3.259089776E-1,-5.367198853E-1,1.621703273E2,1.226642317E2,4.586451765E1,-7.232465192E1
7.598146292E0,1.597534567E-1,7.610478984E-1,-3.265072732E-1,-5.372876876E-1,1.616148275E2,1.220290529E2,4.551893129E1,-7.260858093E1
7.608115292E0,1.646145900E-1,7.595679751E-1,-3.268483044E-1,-5.377068381E-1,1.610503081E2,1.214240937E2,4.517325864E1,-7.283239618E1
7.618084292E0,1.697805503E-1,7.581801004E-1,-3.270592705E-1,-5.379308696E-1,1.604498799E2,1.208265385E2,4.480049625E1,-7.301109122E1
7.628052292E0,1.752404005E-1,7.567824898E-1,-3.273385566E-1,-5.379781795E-1,1.598147035E2,1.202264734E2,4.439003383E1,-7.317341417E1
7.638021292E0,1.807455587E-1,7.552896906E-1,-3.278750438E-1,-5.379279193E-1,1.591736210E2,1.196303391E2,4.395227167E1,-7.335093155E1
7.647989292E0,1.860548182E-1,7.535596678E-1,-3.286923344E-1,-5.380454880E-1,1.585547264E2,1.190199659E2,4.351853321E1,-7.358382545E1
7.657958292E0,1.909859468E-1,7.516079316E-1,-3.297211390E-1,-5.384180345E-1,1.579793430E2,1.184036250E2,4.311102986E1,-7.387290019E1
7.667927292E0,1.955944940E-1,7.495813004E-1,-3.307456024E-1,-5.389601694E-1,1.574410913E2,1.177970806E2,4.273472032E1,-7.417829230E1
7.677895292E0,2.002716983E-1,7.476630498E-1,-3.314447133E-1,-5.394772270E-1,1.568943047E2,1.172010568E2,4.237160886E1,-7.443684891E1
7.687864292E0,2.052023317E-1,7.458683738E-1,-3.320255601E-1,-5.397511393E-1,1.563173128E2,1.166240713E2,4.198235944E1,-7.464363543E1
7.697832292E0,2.105764026E-1,7.443100994E-1,-3.325032735E-1,-5.395382872E-1,1.556877339E2,1.160843809E2,4.153924597E1,-7.476580935E1
7.707801292E0,2.161979809E-1,7.428710795E-1,-3.331264990E-1,-5.389136393E-1,1.550283606E2,1.155816348E2,4.104443684E1,-7.484294836E1
7.717770292E0,2.216960794E-1,7.413172095E-1,-3.341299312E-1,-5.381976908E-1,1.543826571E2,1.150959903E2,4.052651155E1,-7.494761902E1
7.727738292E0,2.269194859E-1,7.395586112E-1,-3.353489655E-1,-5.376817501E-1,1.537684469E2,1.146025748E2,4.002336207E1,-7.510223910E1
7.737707292E0,2.316303234E-1,7.375354571E-1,-3.367691668E-1,-5.375644133E-1,1.532138506E2,1.140962894E2,3.956355350E1,-7.533109221E1
7.747675292E0,2.359842931E-1,7.354080739E-1,-3.380802499E-1,-5.377620504E-1,1.527006989E2,1.135829442E2,3.915244219E1,-7.558655772E1
7.757644292E0,2.401560303E-1,7.333007104E-1,-3.391378197E-1,-5.381269157E-1,1.522085009E2,1.130710743E2,3.877955763E1,-7.583200915E1
7.767613292E0,2.443104030E-1,7.313327265E-1,-3.399936325E-1,-5.383950118E-1,1.517178313E2,1.125827775E2,3.841579645E1,-7.603623886E1
7.777581292E0,2.485415146E-1,7.295640129E-1,-3.408774309E-1,-5.382990961E-1,1.512175534E2,1.121434859E2,3.802482982E1,-7.618726124E1
7.787550292E0,2.527056653E-1,7.277953415E-1,-3.421647853E-1,-5.379376869E-1,1.507246451E2,1.117437042E2,3.759551373E1,-7.634190722E1
7.797518292E0,2.567032307E-1,7.258772384E-1,-3.439402634E-1,-5.375043119E-1,1.502509339E2,1.113624261E2,3.713845315E1,-7.653764418E1
7.807487292E0,2.605051293E-1,7.238066480E-1,-3.460268696E-1,-5.371280248E-1,1.497999263E2,1.109874342E2,3.667463368E1,-7.677276177E1
7.817456292E0,2.641113717E-1,7.216131996E-1,-3.482106243E-1,-5.369068487E-1,1.493716859E2,1.106089345E2,3.622412303E1,-7.703716004E1
7.827424292E0,2.676138802E-1,7.194073179E-1,-3.502254122E-1,-5.368222811E-1,1.489553439E2,1.102260074E2,3.579856715E1,-7.729888029E1
7.837393292E0,2.713099481E-1,7.174592484E-1,-3.516407455E-1,-5.366488468E-1,1.485155375E2,1.098503109E2,3.539711247E1,-7.747974528E1
7.847361292E0,2.751200021E-1,7.157658301E-1,-3.526101652E-1,-5.363342838E-1,1.480616687E2,1.094935743E2,3.501279067E1,-7.758926974E1
7.857330292E0,2.791266080E-1,7.142902058E-1,-3.532002843E-1,-5.358428094E-1,1.475838303E2,1.091504338E2,3.463311164E1,-7.763150453E1
7.867299292E0,2.830946705E-1,7.128188593E-1,-3.538265865E-1,-5.353068490E-1,1.471100170E2,1.088168365E2,3.425109973E1,-7.767018588E1
7.877267292E0,2.868468253E-1,7.112256873E-1,-3.547198678E-1,-5.348371750E-1,1.466614522E2,1.084905612E2,3.386785393E1,-7.774508776E1
7.887236292E0,2.902616157E-1,7.095265582E-1,-3.558801074E-1,-5.344808129E-1,1.462527616E2,1.081775478E2,3.349471009E1,-7.786131116E1
7.897205292E0,2.932682770E-1,7.077729543E-1,-3.572398911E-1,-5.342571923E-1,1.458925506E2,1.078837232E2,3.314305610E1,-7.801317278E1
7.907173292E0,2.960350280E-1,7.059757284E-1,-3.585700457E-1,-5.342181853E-1,1.455607749E2,1.075886713E2,3.281931601E1,-7.818455768E1
7.917142292E0,2.988658948E-1,7.042765044E-1,-3.594811236E-1,-5.342726075E-1,1.452210023E2,1.072809540E2,3.252570926E1,-7.832275965E1
7.927110292E0,3.017713194E-1,7.027579324E-1,-3.599842094E-1,-5.343002663E-1,1.448719524E2,1.069761870E2,3.225590540E1,-7.841223855E1
7.937079292E0,3.049314585E-1,7.016200834E-1,-3.599228963E-1,-5.340426964E-1,1.444919193E2,1.066949945E2,3.199778877E1,-7.840138295E1
7.947048292E0,3.081928976E-1,7.008095257E-1,-3.596407548E-1,-5.334243705E-1,1.440992804E2,1.064576267E2,3.173426055E1,-7.831623388E1
7.957016292E0,3.113448707E-1,7.001870695E-1,-3.595541324E-1,-5.324690911E-1,1.437194053E2,1.062754036E2,3.145073733E1,-7.820400550E1
7.966985292E0,3.142212351E-1,6.995151328E-1,-3.600350596E-1,-5.313362576E-1,1.433723862E2,1.061370600E2,3.113753613E1,-7.812619568E1
7.976953292E0,3.167073828E-1,6.985530677E-1,-3.613144904E-1,-5.302564659E-1,1.430721645E2,1.060190456E2,3.079464810E1,-7.813892999E1
7.986922292E0,3.189942814E-1,6.973138766E-1,-3.630724249E-1,-5.293151476E-1,1.427957716E2,1.058950067E2,3.043506587E1,-7.822101152E1
7.996891292E0,3.212883976E-1,6.959369812E-1,-3.647723338E-1,-5.285703496E-1,1.425182808E2,1.057434961E2,3.008664522E1,-7.832409644E1
8.006859292E0,3.235771189E-1,6.944431389E-1,-3.661634221E-1,-5.281769720E-1,1.422412151E2,1.055478537E2,2.977620527E1,-7.844198519E1
8.016828292E0,3.259570250E-1,6.929901895E-1,-3.669644440E-1,-5.280660836E-1,1.419528677E2,1.053115003E2,2.951556306E1,-7.853545641E1
8.026796292E0,3.282983773E-1,6.916491716E-1,-3.674178493E-1,-5.280585710E-1,1.416689472E2,1.050691598E2,2.928914199E1,-7.860487246E1
8.036765292E0,3.305752870E-1,6.904553832E-1,-3.678529101E-1,-5.278973487E-1,1.413926064E2,1.048547529E2,2.906312770E1,-7.865028579E1
8.046734292E0,3.328586979E-1,6.893382283E-1,-3.684755982E-1,-5.274882082E-1,1.411152421E2,1.046714981E2,2.881185361E1,-7.868169938E1
8.056702292E0,3.349392139E-1,6.880607889E-1,-3.696403369E-1,-5.270239396E-1,1.408623168E2,1.045100876E2,2.853104900E1,-7.876161556E1
8.066671292E0,3.369287559E-1,6.867217730E-1,-3.710790723E-1,-5.264908241E-1,1.406202653E2,1.043643118E2,2.823252678E1,-7.886044206E1
8.076639292E0,3.387962827E-1,6.854661446E-1,-3.725322851E-1,-5.259020326E-1,1.403928919E2,1.042384562E2,2.794027796E1,-7.895203815E1
8.086608292E0,3.404656878E-1,6.844869680E-1,-3.737111535E-1,-5.252626122E-1,1.401895024E2,1.041426065E2,2.768428449E1,-7.900574038E1
8.096577292E0,3.419862091E-1,6.839805420E-1,-3.742295492E-1,-5.245648817E-1,1.400041381E2,1.040766271E2,2.749179950E1,-7.897989129E1
8.106545292E0,3.432084572E-1,6.838205842E-1,-3.741805429E-1,-5.240098182E-1,1.398550567E2,1.040274612E2,2.737507664E1,-7.891033755E1
8.116513917E0,3.442874376E-1,6.839262990E-1,-3.734860366E-1,-5.236593883E-1,1.397233912E2,1.039718379E2,2.733006341E1,-7.879836767E1
8.126481917E0,3.452838523E-1,6.841206065E-1,-3.724071511E-1,-5.235178802E-1,1.396017518E2,1.039003033E2,2.733074927E1,-7.867296569E1
8.136450917E0,3.462551580E-1,6.843110470E-1,-3.712781845E-1,-5.234294667E-1,1.394831318E2,1.038244975E2,2.733957077E1,-7.854938888E1
8.146419917E0,3.473726132E-1,6.845481125E-1,-3.702468195E-1,-5.231093456E-1,1.393466073E2,1.037635422E2,2.732000692E1,-7.840666696E1
8.156387917E0,3.484295719E-1,6.846747111E-1,-3.697509302E-1,-5.225912765E-1,1.392174185E2,1.037295892E2,2.725462948E1,-7.829398856E1
8.166356917E0,3.493573821E-1,6.846734151E-1,-3.698173853E-1,-5.219260412E-1,1.391039704E2,1.037225713E2,2.714866790E1,-7.822033729E1
8.176324917E0,3.499955802E-1,6.845838847E-1,-3.703193648E-1,-5.212597733E-1,1.390259104E2,1.037408381E2,2.703095401E1,-7.819037544E1
8.186293917E0,3.501690408E-1,6.844216720E-1,-3.710824229E-1,-5.208132011E-1,1.390046905E2,1.037747719E2,2.693815805E1,-7.821342740E1
8.196262917E0,3.500947043E-1,6.843628455E-1,-3.715302648E-1,-5.206211695E-1,1.390137845E2,1.038034615E2,2.690072627E1,-7.823479552E1
8.206230917E0,3.498045022E-1,6.843618129E-1,-3.715140172E-1,-5.208291010E-1,1.390492839E2,1.038057702E2,2.693353155E1,-7.825817066E1
8.216199917E0,3.494021578E-1,6.844475712E-1,-3.710056946E-1,-5.213486978E-1,1.390984944E2,1.037830256E2,2.702706388E1,-7.826982825E1
8.226168917E0,3.490491358E-1,6.845950009E-1,-3.702124909E-1,-5.219551067E-1,1.391416659E2,1.037463718E2,2.714288007E1,-7.826340689E1
8.236136917E0,3.487699551E-1,6.845362060E-1,-3.697330705E-1,-5.225581438E-1,1.391758030E2,1.036992044E2,2.722695887E1,-7.829064234E1
8.246105917E0,3.487656614E-1,6.841972505E-1,-3.697545759E-1,-5.229896380E-1,1.391763279E2,1.036415862E2,2.724141781E1,-7.835057089E1
8.256073917E0,3.488566354E-1,6.834292191E-1,-3.705885251E-1,-5.233428075E-1,1.391652045E2,1.035764087E2,2.717894154E1,-7.848696509E1
8.266042917E0,3.489729923E-1,6.823462874E-1,-3.720754764E-1,-5.236232210E-1,1.391509768E2,1.035118926E2,2.705825170E1,-7.868304883E1
8.276011917E0,3.490937535E-1,6.811487058E-1,-3.739048393E-1,-5.237989207E-1,1.391362099E2,1.034577249E2,2.690510888E1,-7.890151570E1
8.285979917E0,3.493056205E-1,6.800718854E-1,-3.755793863E-1,-5.238588166E-1,1.391103007E2,1.034114792E2,2.675262325E1,-7.908890742E1
8.295948917E0,3.494790600E-1,6.791357723E-1,-3.769507921E-1,-5.239723971E-1,1.390890892E2,1.033650957E2,2.662979334E1,-7.925102741E1
8.305916917E0,3.497039925E-1,6.784099403E-1,-3.777163264E-1,-5.242113329E-1,1.390615779E2,1.033027319E2,2.655665647E1,-7.936594519E1
8.315885917E0,3.499457152E-1,6.777717106E-1,-3.779034162E-1,-5.247404760E-1,1.390320103E2,1.032054260E2,2.653965744E1,-7.945828732E1
8.325854917E0,3.500782091E-1,6.770794276E-1,-3.777059793E-1,-5.256871943E-1,1.390158024E2,1.030668455E2,2.657767835E1,-7.956489802E1
8.335822917E0,3.501718804E-1,6.764424306E-1,-3.770844713E-1,-5.268896228E-1,1.390043431E2,1.029015129E2,2.666237467E1,-7.966091697E1
8.345791917E0,3.500500392E-1,6.757806935E-1,-3.764499400E-1,-5.282715706E-1,1.390192485E2,1.027334151E2,2.677184194E1,-7.977870091E1
8.355759917E0,3.499213543E-1,6.752575563E-1,-3.758743089E-1,-5.294343705E-1,1.390349903E2,1.025944724E2,2.686926269E1,-7.987381427E1
8.365728917E0,3.498570277E-1,6.748683828E-1,-3.756411420E-1,-5.301381491E-1,1.390428589E2,1.025076773E2,2.691740308E1,-7.994392007E1
8.375697917E0,3.500256362E-1,6.745875267E-1,-3.759295845E-1,-5.301798534E-1,1.390222337E2,1.024822097E2,2.688077485E1,-7.998126799E1
8.385665917E0,3.505862314E-1,6.743487965E-1,-3.767872834E-1,-5.295038601E-1,1.389536483E2,1.025090330E2,2.674032940E1,-7.998458236E1
8.395634917E0,3.515679158E-1,6.739736474E-1,-3.781186602E-1,-5.283805623E-1,1.388335083E2,1.025489708E2,2.651040781E1,-7.998109018E1
8.405602917E0,3.528098043E-1,6.734272556E-1,-3.796501081E-1,-5.271498006E-1,1.386814562E2,1.025745056E2,2.623829936E1,-7.998691398E1
8.415571917E0,3.542826680E-1,6.731182455E-1,-3.808485853E-1,-5.256900867E-1,1.385010257E2,1.026095371E2,2.596659633E1,-7.992943903E1
8.425540917E0,3.558228298E-1,6.733532457E-1,-3.814340156E-1,-5.239213204E-1,1.383122357E2,1.026832913E2,2.572946280E1,-7.976758256E1
8.435508917E0,3.573009777E-1,6.742284356E-1,-3.810947651E-1,-5.220332522E-1,1.381309359E2,1.027859405E2,2.556966784E1,-7.949298740E1
8.445477917E0,3.585406588E-1,6.757499579E-1,-3.797812796E-1,-5.201698821E-1,1.379788002E2,1.029168632E2,2.551043617E1,-7.911816494E1
8.455445917E0,3.594673837E-1,6.779350613E-1,-3.775705509E-1,-5.182931672E-1,1.378650203E2,1.030884618E2,2.554943079E1,-7.864559108E1
8.465414917E0,3.600178110E-1,6.806366953E-1,-3.747750137E-1,-5.163958109E-1,1.377974203E2,1.033059661E2,2.566474251E1,-7.810667479E1
8.475383917E0,3.601847599E-1,6.836832276E-1,-3.717314317E-1,-5.144511922E-1,1.377769136E2,1.035711755E2,2.582725422E1,-7.753314593E1
8.485351917E0,3.601619848E-1,6.868161187E-1,-3.685546236E-1,-5.125763476E-1,1.377797112E2,1.038481546E2,2.601539722E1,-7.695368352E1
8.495320917E0,3.601671478E-1,6.897633741E-1,-3.652903396E-1,-5.109492053E-1,1.377790770E2,1.040909913E2,2.621475711E1,-7.639794534E1
8.505288917E0,3.601739545E-1,6.923116674E-1,-3.621959074E-1,-5.096992352E-1,1.377782409E2,1.042833098E2,2.641274358E1,-7.590943786E1
8.515257917E0,3.602703075E-1,6.944879094E-1,-3.592937281E-1,-5.087236989E-1,1.377664051E2,1.044290318E2,2.659744360E1,-7.547795266E1
8.525226917E0,3.601771366E-1,6.962074692E-1,-3.570406735E-1,-5.080250148E-1,1.377778500E2,1.045525485E2,2.675560818E1,-7.514897828E1
8.535194917E0,3.596935700E-1,6.974897344E-1,-3.557530135E-1,-5.075119770E-1,1.378372434E2,1.046836228E2,2.687494212E1,-7.494164590E1
8.545163917E0,3.586781365E-1,6.983169084E-1,-3.556103886E-1,-5.071931256E-1,1.379619239E2,1.048340507E2,2.695327496E1,-7.487435615E1
8.555131917E0,3.570642547E-1,6.986788656E-1,-3.566431550E-1,-5.071081523E-1,1.381599781E2,1.050049624E2,2.699562433E1,-7.495502562E1
8.565100917E0,3.551541437E-1,6.988248517E-1,-3.582135571E-1,-5.071414641E-1,1.383942164E2,1.051855970E2,2.702402410E1,-7.510511648E1
8.575069917E0,3.529730496E-1,6.988606028E-1,-3.599081870E-1,-5.074149919E-1,1.386614634E2,1.053616162E2,2.707451599E1,-7.529718715E1
8.585037917E0,3.504932660E-1,6.988585481E-1,-3.614271911E-1,-5.080567514E-1,1.389650231E2,1.055223060E2,2.717849156E1,-7.551580561E1
8.595006917E0,3.477384110E-1,6.989488056E-1,-3.624942018E-1,-5.090643666E-1,1.393019031E2,1.056680756E2,2.735572201E1,-7.573158346E1
8.604974917E0,3.445626091E-1,6.991445777E-1,-3.631917743E-1,-5.104557553E-1,1.396898038E2,1.058103047E2,2.761190335E1,-7.595437528E1
8.614943917E0,3.411435777E-1,6.995432237E-1,-3.633954910E-1,-5.120585947E-1,1.401068754E2,1.059537715E2,2.793529673E1,-7.615053959E1
8.624912917E0,3.376524805E-1,7.000172071E-1,-3.632081062E-1,-5.138547142E-1,1.405321702E2,1.060814812E2,2.830324324E1,-7.633066716E1
8.634880917E0,3.343850355E-1,7.005674974E-1,-3.625824573E-1,-5.156799783E-1,1.409297068E2,1.061850153E2,2.868886150E1,-7.647120011E1
8.644849917E0,3.315050887E-1,7.013618602E-1,-3.614612036E-1,-5.172443534E-1,1.412796925E2,1.062875924E2,2.907135431E1,-7.652876244E1
8.654818917E0,3.287392544E-1,7.023886206E-1,-3.602421692E-1,-5.184652528E-1,1.416154575E2,1.064246815E2,2.943768729E1,-7.653157181E1
8.664786917E0,3.260375782E-1,7.036453764E-1,-3.591087351E-1,-5.192529563E-1,1.419431036E2,1.066121153E2,2.977359529E1,-7.648606323E1
8.674755917E0,3.234203116E-1,7.050299425E-1,-3.582682005E-1,-5.195921858E-1,1.422602050E2,1.068477477E2,3.006046647E1,-7.641220164E1
8.684723917E0,3.209383258E-1,7.063558929E-1,-3.579247774E-1,-5.195669398E-1,1.425606393E2,1.071123298E2,3.028189560E1,-7.634388374E1
8.694692917E0,3.188237447E-1,7.075998466E-1,-3.578503145E-1,-5.192272257E-1,1.428163903E2,1.073781596E2,3.043947281E1,-7.626586612E1
8.704661917E0,3.169672498E-1,7.087645853E-1,-3.578564995E-1,-5.187707859E-1,1.430407684E2,1.076321543E2,3.056497455E1,-7.618346834E1
8.714629917E0,3.150211823E-1,7.099411041E-1,-3.577986424E-1,-5.183873970E-1,1.432758149E2,1.078863704E2,3.070518572E1,-7.610276431E1
8.724598917E0,3.126062521E-1,7.112788977E-1,-3.575299458E-1,-5.182008551E-1,1.435672685E2,1.081652182E2,3.090649200E1,-7.601997236E1
8.734566917E0,3.095605417E-1,7.129104654E-1,-3.568916949E-1,-5.182269967E-1,1.439345026E2,1.084857483E2,3.119415358E1,-7.591755771E1
8.744535917E0,3.057341242E-1,7.146572205E-1,-3.561690240E-1,-5.185897862E-1,1.443953280E2,1.088420890E2,3.156340653E1,-7.584164507E1
8.754504917E0,3.013430232E-1,7.163685511E-1,-3.554211703E-1,-5.193113297E-1,1.449234279E2,1.092073679E2,3.199391730E1,-7.580440334E1
8.764472917E0,2.965736963E-1,7.179059839E-1,-3.547532271E-1,-5.203895199E-1,1.454961458E2,1.095600395E2,3.246338646E1,-7.581993175E1
8.774441917E0,2.916280797E-1,7.191303288E-1,-3.542245581E-1,-5.218521209E-1,1.460890961E2,1.098731116E2,3.295332999E1,-7.590211943E1
8.784409917E0,2.868885507E-1,7.203184695E-1,-3.534534183E-1,-5.233611782E-1,1.466564611E2,1.101606147E2,3.344731474E1,-7.596676505E1
8.794378917E0,2.822189749E-1,7.216669790E-1,-3.525864787E-1,-5.246256258E-1,1.472146304E2,1.104757325E2,3.393118539E1,-7.598741911E1
8.804347917E0,2.777383435E-1,7.233696274E-1,-3.515279184E-1,-5.253818246E-1,1.477494635E2,1.108470089E2,3.439013612E1,-7.591643889E1
8.814315917E0,2.734872121E-1,7.253084246E-1,-3.504108162E-1,-5.256848921E-1,1.482562357E2,1.112613685E2,3.481312153E1,-7.577599647E1
8.824284917E0,2.693323021E-1,7.273607653E-1,-3.495289777E-1,-5.255814532E-1,1.487509224E2,1.117208370E2,3.519042619E1,-7.560378917E1
8.834252917E0,2.653093327E-1,7.295918931E-1,-3.487340460E-1,-5.250630153E-1,1.492293316E2,1.122262812E2,3.552926066E1,-7.538195651E1
8.844221917E0,2.608699419E-1,7.317512236E-1,-3.482821685E-1,-5.245823516E-1,1.497566247E2,1.127629261E2,3.587471741E1,-7.519722259E1
8.854190917E0,2.555722095E-1,7.336258101E-1,-3.480963220E-1,-5.246952630E-1,1.503850122E2,1.132962003E2,3.629426327E1,-7.511457976E1
8.864158917E0,2.493509659E-1,7.351591546E-1,-3.478998756E-1,-5.256717528E-1,1.511217820E2,1.137977213E2,3.682740049E1,-7.514079712E1
8.874127917E0,2.423954398E-1,7.366266235E-1,-3.474948443E-1,-5.271366403E-1,1.519440712E2,1.143056702E2,3.745538200E1,-7.520232908E1
8.884095917E0,2.352294325E-1,7.384595057E-1,-3.465663493E-1,-5.284282199E-1,1.527897052E2,1.148722185E2,3.812655074E1,-7.517252923E1
8.894064917E0,2.284302713E-1,7.406922350E-1,-3.450373038E-1,-5.292863613E-1,1.535906543E2,1.154822411E2,3.878815382E1,-7.500994335E1
8.904033917E0,2.224985765E-1,7.432294963E-1,-3.429189821E-1,-5.296328400E-1,1.542883421E2,1.160994037E2,3.939621965E1,-7.470948385E1
8.914001917E0,2.175186208E-1,7.459447438E-1,-3.403634711E-1,-5.295327518E-1,1.548733373E2,1.167034832E2,3.993615178E1,-7.429923653E1
8.923970917E0,2.128224819E-1,7.485149430E-1,-3.381412364E-1,-5.292376080E-1,1.554243832E2,1.173035058E2,4.041779591E1,-7.389951210E1
8.933938917E0,2.080365176E-1,7.509962333E-1,-3.364054395E-1,-5.287312768E-1,1.559853761E2,1.179355738E2,4.085759047E1,-7.352072330E1
8.943907917E0,2.026021346E-1,7.531746142E-1,-3.354432480E-1,-5.283541995E-1,1.566216676E2,1.185954883E2,4.129704375E1,-7.324060098E1
8.953876917E0,1.962729634E-1,7.547930954E-1,-3.352314601E-1,-5.285680315E-1,1.573618077E2,1.192358747E2,4.178407599E1,-7.312360397E1
8.963844917E0,1.892664713E-1,7.560202641E-1,-3.353662247E-1,-5.292836007E-1,1.581800412E2,1.198580671E2,4.232623351E1,-7.311183079E1
8.973813917E0,1.818695203E-1,7.571773847E-1,-3.356119197E-1,-5.300664468E-1,1.590426539E2,1.205064591E2,4.289316637E1,-7.311528389E1
8.983782917E0,1.746748741E-1,7.586138968E-1,-3.355496478E-1,-5.304716150E-1,1.598805233E2,1.212049757E2,4.344217044E1,-7.302222758E1
8.993750917E0,1.679742628E-1,7.602893605E-1,-3.351905145E-1,-5.304640918E-1,1.606598815E2,1.219305237E2,4.394803333E1,-7.283252760E1
9.003719917E0,1.618162710E-1,7.620861439E-1,-3.346519831E-1,-5.301398139E-1,1.613753303E2,1.226597543E2,4.440455519E1,-7.257648054E1
9.013687917E0,1.560464518E-1,7.639410267E-1,-3.338656072E-1,-5.296954176E-1,1.620450159E2,1.233808785E2,4.483883834E1,-7.227239922E1
9.023656917E0,1.500641913E-1,7.656189559E-1,-3.328411227E-1,-5.296463376E-1,1.627387069E2,1.240746093E2,4.532607278E1,-7.198953631E1
9.033625917E0,1.432828055E-1,7.671112916E-1,-3.314480850E-1,-5.302381215E-1,1.635242942E2,1.247700338E2,4.593256188E1,-7.173503195E1
9.043593917E0,1.356202134E-1,7.685896766E-1,-3.296173524E-1,-5.312528911E-1,1.644110293E2,1.255165530E2,4.665429310E1,-7.146056459E1
9.053562917E0,1.274767047E-1,7.701878218E-1,-3.276111413E-1,-5.321947678E-1,1.653523901E2,1.263439799E2,4.741330770E1,-7.112838177E1
9.063530917E0,1.196337874E-1,7.720718913E-1,-3.255573043E-1,-5.325458300E-1,1.662580642E2,1.272512458E2,4.811033742E1,-7.068809544E1
9.073499917E0,1.124927414E-1,7.740062209E-1,-3.239100790E-1,-5.322989127E-1,1.670819375E2,1.281736978E2,4.868838080E1,-7.021282022E1
9.083468917E0,1.062348406E-1,7.758528219E-1,-3.227666561E-1,-5.315902345E-1,1.678033687E2,1.290597551E2,4.913851627E1,-6.974757323E1
9.093436917E0,1.007192722E-1,7.776181005E-1,-3.220924751E-1,-5.304923723E-1,1.684388183E2,1.299107367E2,4.947822602E1,-6.929972816E1
9.103405917E0,9.540550290E-2,7.792580344E-1,-3.217793240E-1,-5.292568585E-1,1.690506811E2,1.307475257E2,4.976985087E1,-6.888258788E1
9.113373917E0,8.990493877E-2,7.808060249E-1,-3.213830383E-1,-5.281779203E-1,1.696837234E2,1.315881546E2,5.008714004E1,-6.846862077E1
9.123343583E0,8.405906552E-2,7.821824356E-1,-3.208016015E-1,-5.274571460E-1,1.703561607E2,1.324234387E2,5.046202825E1,-6.806987759E1
9.133312583E0,7.804310865E-2,7.834609392E-1,-3.200199249E-1,-5.269587595E-1,1.710478152E2,1.332589130E2,5.087330759E1,-6.766541072E1
9.143280583E0,7.220909974E-2,7.847205399E-1,-3.189171948E-1,-5.265847062E-1,1.717182390E2,1.340790892E2,5.129595121E1,-6.723100372E1
9.153249583E0,6.677173481E-2,7.858932549E-1,-3.175430179E-1,-5.263837079E-1,1.723428257E2,1.348478760E2,5.171670282E1,-6.678929158E1
9.163217583E0,6.185591606E-2,7.870638204E-1,-3.158919783E-1,-5.262286707E-1,1.729073063E2,1.355728725E2,5.211748598E1,-6.632266718E1
9.173186583E0,5.736342026E-2,7.883674435E-1,-3.141829868E-1,-5.258091620E-1,1.734230259E2,1.363049777E2,5.246830173E1,-6.581007047E1
9.183155583E0,5.304322077E-2,7.897608183E-1,-3.127748606E-1,-5.250105003E-1,1.739188407E2,1.370688834E2,5.275778821E1,-6.528076400E1
9.193123583E0,4.846238517E-2,7.909252303E-1,-3.118724333E-1,-5.242370003E-1,1.744444436E2,1.378313586E2,5.303818136E1,-6.482016561E1
9.203092583E0,4.344271659E-2,7.915810564E-1,-3.114179850E-1,-5.239569977E-1,1.750202642E2,1.385360058E2,5.336481455E1,-6.449125326E1
9.213060583E0,3.799355054E-2,7.916542233E-1,-3.113910110E-1,-5.242858274E-1,1.756452117E2,1.391619186E2,5.374998784E1,-6.431148482E1
9.223029583E0,3.243473947E-2,7.913955681E-1,-3.115046810E-1,-5.249817351E-1,1.762826007E2,1.397305899E2,5.416724640E1,-6.420820415E1
9.232998583E0,2.707387108E-2,7.911055767E-1,-3.114126534E-1,-5.257766668E-1,1.768971838E2,1.402759290E2,5.459007265E1,-6.409237219E1
9.242966583E0,2.192980607E-2,7.909925389E-1,-3.110512863E-1,-5.263999766E-1,1.774868279E2,1.408494354E2,5.499623172E1,-6.390690576E1
9.252935583E0,1.716902450E-2,7.912228292E-1,-3.102730026E-1,-5.266899469E-1,1.780324780E2,1.414724670E2,5.536648309E1,-6.360457198E1
9.262903583E0,1.277125374E-2,7.916847587E-1,-3.093099471E-1,-5.266873759E-1,1.785364823E2,1.421228362E2,5.569409220E1,-6.323008307E1
9.272872583E0,8.676434528E-3,7.923066776E-1,-3.083614744E-1,-5.263915893E-1,1.790057414E2,1.427916739E2,5.597322722E1,-6.281528767E1
9.282841583E0,4.538899483E-3,7.928539544E-1,-3.078047567E-1,-5.259451488E-1,1.794798786E2,1.434654488E2,5.622232795E1,-6.243530854E1
9.292809583E0,2.025788274E-4,7.931753663E-1,-3.077524946E-1,-5.255105305E-1,1.799767862E2,1.441242576E2,5.646197372E1,-6.213198197E1
9.302778583E0,4.108242985E-3,-7.932941150E-1,3.080473750E-1,5.251421249E-1,1.795292287E2,1.447407064E2,5.669040224E1,-6.189964531E1
9.312746583E0,8.154909425E-3,-7.932798483E-1,3.086750470E-1,5.247478201E-1,1.790655059E2,1.452990386E2,5.688525775E1,-6.173379717E1
9.322715583E0,1.173047946E-2,-7.932829883E-1,3.094767433E-1,5.242029035E-1,1.786557552E2,1.458064345E2,5.702868264E1,-6.159675584E1
9.332684583E0,1.487075685E-2,-7.933623719E-1,3.102542051E-1,5.235430524E-1,1.782958740E2,1.462784501E2,5.713443314E1,-6.145789755E1
9.342652583E0,1.799495522E-2,-7.933462296E-1,3.109779086E-1,5.230397558E-1,1.779378187E2,1.467258479E2,5.725596234E1,-6.133649520E1
9.352621583E0,2.123027375E-2,-7.932692484E-1,3.113371894E-1,5.228216038E-1,1.775670070E2,1.471727960E2,5.742593106E1,-6.119000627E1
9.362590583E0,2.446055574E-2,-7.932964120E-1,3.111765889E-1,5.227347180E-1,1.771967472E2,1.476471394E2,5.762806186E1,-6.096798285E1
9.372558583E0,2.743458488E-2,-7.935584390E-1,3.105303512E-1,5.225736538E-1,1.768558337E2,1.481494577E2,5.782482912E1,-6.065377726E1
9.382527583E0,3.001437240E-2,-7.940610402E-1,3.095536823E-1,5.222478376E-1,1.765600897E2,1.486623818E2,5.799214530E1,-6.026805236E1
9.392495583E0,3.220729401E-2,-7.946574602E-1,3.084252005E-1,5.218774301E-1,1.763086776E2,1.491474683E2,5.813503632E1,-5.986503984E1
9.402464583E0,3.430393113E-2,-7.950798559E-1,3.074301134E-1,5.216876428E-1,1.760682877E2,1.495766099E2,5.828339597E1,-5.952083006E1
9.412433583E0,3.630417842E-2,-7.953508391E-1,3.064851178E-1,5.216952714E-1,1.758389332E2,1.499548407E2,5.844245077E1,-5.922271450E1
9.422401583E0,3.839040527E-2,-7.953817327E-1,3.058653484E-1,5.218624679E-1,1.755997023E2,1.502865145E2,5.861028818E1,-5.900627890E1
9.432370583E0,4.049226861E-2,-7.952183083E-1,3.054994927E-1,5.221669368E-1,1.753586589E2,1.505720797E2,5.878340135E1,-5.885902829E1
9.442338583E0,4.254991990E-2,-7.948842946E-1,3.055083857E-1,5.225066404E-1,1.751226659E2,1.508075521E2,5.894398422E1,-5.879153653E1
9.452307583E0,4.453004206E-2,-7.944244724E-1,3.060339569E-1,5.227332007E-1,1.748955451E2,1.509984482E2,5.907040196E1,-5.880929827E1
9.462276583E0,4.623880174E-2,-7.939896645E-1,3.068516268E-1,5.227661174E-1,1.746995337E2,1.511537898E2,5.915066629E1,-5.886786293E1
9.472244583E0,4.782923414E-2,-7.935286201E-1,3.080084313E-1,5.226429433E-1,1.745170816E2,1.512836550E2,5.919641782E1,-5.897376256E1
9.482213583E0,4.930302514E-2,-7.930988276E-1,3.091877634E-1,5.224620068E-1,1.743479981E2,1.514040799E2,5.922864603E1,-5.908197700E1
9.492181583E0,5.060230711E-2,-7.927611471E-1,3.102604007E-1,5.222142887E-1,1.741989252E2,1.515221592E2,5.924728486E1,-5.916913959E1
9.502150583E0,5.163791840E-2,-7.925535317E-1,3.112266593E-1,5.218527741E-1,1.740800976E2,1.516335190E2,5.924196626E1,-5.923264429E1
9.512119583E0,5.226363051E-2,-7.924914915E-1,3.120501245E-1,5.213928256E-1,1.740082993E2,1.517183084E2,5.920633437E1,-5.927694602E1
9.522087583E0,5.241044906E-2,-7.925436693E-1,3.127501836E-1,5.208790766E-1,1.739914520E2,1.517565900E2,5.913981775E1,-5.931763069E1
9.532056583E0,5.215242605E-2,-7.926819110E-1,3.132739846E-1,5.203795100E-1,1.740210598E2,1.517527111E2,5.905561715E1,-5.935116056E1
9.542024583E0,5.169365761E-2,-7.928598761E-1,3.134959089E-1,5.200206296E-1,1.740737018E2,1.517270273E2,5.898344878E1,-5.936177270E1
9.551993583E0,5.133555691E-2,-7.929807321E-1,3.134793241E-1,5.198816925E-1,1.741147916E2,1.517019735E2,5.894778758E1,-5.935685929E1
9.561962583E0,5.122652301E-2,-7.929317786E-1,3.132919181E-1,5.200801198E-1,1.741273025E2,1.516709042E2,5.896736701E1,-5.936055621E1
9.571930583E0,5.149080483E-2,-7.925450602E-1,3.132058332E-1,5.206948106E-1,1.740969780E2,1.516085919E2,5.904846384E1,-5.943215310E1
9.581899583E0,5.187351928E-2,-7.919648877E-1,3.132388552E-1,5.215191397E-1,1.740530635E2,1.515126696E2,5.915386274E1,-5.955626705E1
9.591867583E0,5.205782745E-2,-7.913998882E-1,3.134466181E-1,5.222329809E-1,1.740319147E2,1.513885707E2,5.922967085E1,-5.970873645E1
9.601836583E0,5.181074155E-2,-7.909583578E-1,3.137251245E-1,5.227591632E-1,1.740602669E2,1.512282295E2,5.925714009E1,-5.986974527E1
9.611805583E0,5.134428131E-2,-7.905047734E-1,3.141375736E-1,5.232431987E-1,1.741137906E2,1.510294300E2,5.926170301E1,-6.006345878E1
9.621773583E0,5.076061068E-2,-7.899933846E-1,3.145252192E-1,5.238394291E-1,1.741807616E2,1.507959039E2,5.927061865E1,-6.027922816E1
9.631742583E0,5.005732729E-2,-7.894534413E-1,3.150046396E-1,5.244327935E-1,1.742614546E2,1.505358357E2,5.926801471E1,-6.051998515E1
9.641710583E0,4.900437257E-2,-7.890128171E-1,3.155516425E-1,5.248663581E-1,1.743822626E2,1.502483052E2,5.922456912E1,-6.076671147E1
9.651679583E0,4.741724870E-2,-7.887595778E-1,3.159094060E-1,5.251774861E-1,1.745643453E2,1.499283480E2,5.914150108E1,-6.098579594E1
9.661648583E0,4.549263393E-2,-7.886065636E-1,3.160995094E-1,5.254628835E-1,1.747851283E2,1.495842051E2,5.904007798E1,-6.118638463E1
9.671616583E0,4.329985985E-2,-7.885727829E-1,3.159835002E-1,5.257685325E-1,1.750366498E2,1.492317074E2,5.893445983E1,-6.134560584E1
9.681585583E0,4.090931167E-2,-7.886485840E-1,3.156516991E-1,5.260454162E-1,1.753108296E2,1.488801310E2,5.882122834E1,-6.146843597E1
9.691554583E0,3.840148989E-2,-7.887467651E-1,3.153097406E-1,5.262923124E-1,1.755984311E2,1.485197238E2,5.869786221E1,-6.158980297E1
9.701522583E0,3.562418116E-2,-7.888887368E-1,3.147275030E-1,5.266232916E-1,1.759169056E2,1.481315935E2,5.857442890E1,-6.169451979E1
9.711491583E0,3.266224816E-2,-7.890322257E-1,3.138559694E-1,5.271203505E-1,1.762565163E2,1.477168612E2,5.846626429E1,-6.178349465E1
9.721459583E0,2.961941429E-2,-7.891287841E-1,3.125756746E-1,5.279156615E-1,1.766053687E2,1.472764576E2,5.839743821E1,-6.185270966E1
9.731428583E0,2.652459227E-2,-7.891926788E-1,3.109294187E-1,5.289558668E-1,1.769601491E2,1.468188800E2,5.836325843E1,-6.190045232E1
9.741397583E0,2.341289045E-2,-7.892035948E-1,3.093550232E-1,5.300084844E-1,1.773168352E2,1.463484248E2,5.832660228E1,-6.196632581E1
9.751365583E0,2.012651101E-2,-7.891732491E-1,3.079281837E-1,5.310186390E-1,1.776935160E2,1.458465195E2,5.826897514E1,-6.206308084E1
9.761334583E0,1.672245757E-2,-7.890381263E-1,3.068531019E-1,5.319590827E-1,1.780836582E2,1.453070133E2,5.818282253E1,-6.221997673E1
9.771302583E0,1.316551644E-2,-7.888363482E-1,3.061327912E-1,5.327726011E-1,1.784912994E2,1.447368919E2,5.805989360E1,-6.242768187E1
9.781271583E0,9.474843353E-3,-7.885730358E-1,3.056122566E-1,5.335392102E-1,1.789142467E2,1.441398098E2,5.791494754E1,-6.266968910E1
9.791240583E0,5.879169266E-3,-7.881244669E-1,3.053902691E-1,5.343801662E-1,1.793262929E2,1.435154027E2,5.776924934E1,-6.297319929E1
9.801208583E0,2.359422726E-3,-7.875342424E-1,3.053542757E-1,5.352970920E-1,1.797296298E2,1.428718202E2,5.762594759E1,-6.331841110E1
9.811177583E0,1.098325799E-3,7.868418540E-1,-3.055995704E-1,-5.361786565E-1,1.798741411E2,1.422202741E2,5.746939479E1,-6.370223703E1
9.821145583E0,4.460927814E-3,7.860338357E-1,-3.062851099E-1,-5.369547486E-1,1.794888136E2,1.415653978E2,5.728788910E1,-6.413742708E1
9.831114583E0,8.007669409E-3,7.852794703E-1,-3.070671236E-1,-5.375702612E-1,1.790823789E2,1.409129747E2,5.707344161E1,-6.456469807E1
9.841083583E0,1.175779062E-2,7.846318208E-1,-3.080068508E-1,-5.379093537E-1,1.786526254E2,1.402787195E2,5.681196384E1,-6.497294613E1
9.851051583E0,1.604056371E-2,7.843190279E-1,-3.086138287E-1,-5.379070145E-1,1.781618080E2,1.396754134E2,5.649947181E1,-6.527856964E1
9.861020583E0,2.079732025E-2,7.843107672E-1,-3.087691820E-1,-5.376668407E-1,1.776166308E2,1.390997715E2,5.615554956E1,-6.547821883E1
9.870988583E0,2.577098555E-2,7.844560052E-1,-3.084848593E-1,-5.374028750E-1,1.770465356E2,1.385409393E2,5.581604099E1,-6.560370145E1
9.880957583E0,3.079571176E-2,7.846769390E-1,-3.076974719E-1,-5.372671832E-1,1.764705133E2,1.379940810E2,5.550856117E1,-6.566682045E1
9.890926583E0,3.563547652E-2,7.847937490E-1,-3.068323025E-1,-5.372920920E-1,1.759156104E2,1.374478229E2,5.523108490E1,-6.573650067E1
9.900894583E0,4.029483169E-2,7.847304023E-1,-3.062251771E-1,-5.374018635E-1,1.753813020E2,1.368899267E2,5.496011618E1,-6.585525844E1
9.910863583E0,4.490116613E-2,7.845003226E-1,-3.059521920E-1,-5.375281143E-1,1.748529749E2,1.363125012E2,5.467711697E1,-6.602764830E1
9.920831583E0,4.943302709E-2,7.840583708E-1,-3.061410942E-1,-5.376675572E-1,1.743330828E2,1.357108052E2,5.437616577E1,-6.627168633E1
9.930800583E0,5.402686499E-2,7.835232322E-1,-3.064304323E-1,-5.378408650E-1,1.738059615E2,1.350919814E2,5.406767319E1,-6.653645212E1
9.940769583E0,5.851179544E-2,7.829310690E-1,-3.067188853E-1,-5.380695117E-1,1.732912104E2,1.344804981E2,5.376984193E1,-6.680233596E1
9.950737583E0,6.270728240E-2,7.822409565E-1,-3.070809267E-1,-5.383940635E-1,1.728095571E2,1.338853541E2,5.349407581E1,-6.708179127E1
9.960706583E0,6.673850202E-2,7.814285971E-1,-3.075301489E-1,-5.388326014E-1,1.723466424E2,1.332868816E2,5.323242124E1,-6.738533412E1
9.970674583E0,7.071090571E-2,7.803413348E-1,-3.083045130E-1,-5.394585875E-1,1.718903594E2,1.326431553E2,5.297022784E1,-6.776726296E1
9.980643583E0,7.480475555E-2,7.790059119E-1,-3.093822500E-1,-5.402190010E-1,1.714199918E2,1.319451697E2,5.269126291E1,-6.822010565E1
9.990612583E0,7.903840648E-2,7.775405292E-1,-3.106830071E-1,-5.409802152E-1,1.709334091E2,1.312220131E2,5.238748071E1,-6.870663486E1
1.000058058E1,8.350706824E-2,7.761966137E-1,-3.119437247E-1,-5.415132042E-1,1.704196381E2,1.305223353E2,5.204950617E1,-6.914763924E1
1.001054958E1,8.828919719E-2,7.752097242E-1,-3.129192346E-1,-5.416055269E-1,1.698696130E2,1.298908386E2,5.167085168E1,-6.947050721E1
1.002051858E1,9.320876701E-2,7.744535887E-1,-3.138016421E-1,-5.413523719E-1,1.693035355E2,1.293174947E2,5.126116559E1,-6.971661466E1
1.003048658E1,9.831146488E-2,7.738608986E-1,-3.145060213E-1,-5.408883561E-1,1.687161092E2,1.287761380E2,5.083274784E1,-6.989993094E1
1.004045558E1,1.034541180E-1,7.732469876E-1,-3.152091993E-1,-5.403975350E-1,1.681237820E2,1.282387682E2,5.039900317E1,-7.007546154E1
1.005042358E1,1.086087197E-1,7.725037279E-1,-3.159009556E-1,-5.400450188E-1,1.675297589E2,1.276794743E2,4.997415210E1,-7.026982625E1
1.006039258E1,1.137561564E-1,7.715987930E-1,-3.165773703E-1,-5.398831327E-1,1.669362255E2,1.270916938E2,4.956313128E1,-7.049067861E1
1.007036158E1,1.190095293E-1,7.706414062E-1,-3.170708046E-1,-5.398283207E-1,1.663301137E2,1.264863327E2,4.916179793E1,-7.070266347E1
1.008032958E1,1.241880494E-1,7.695382335E-1,-3.176716711E-1,-5.398823741E-1,1.657322618E2,1.258684448E2,4.876550490E1,-7.094228366E1
1.009029858E1,1.294337936E-1,7.683783101E-1,-3.183567681E-1,-5.398988324E-1,1.651262507E2,1.252494291E2,4.835538309E1,-7.118468342E1
1.010026658E1,1.347615768E-1,7.671701496E-1,-3.193053883E-1,-5.397530043E-1,1.645103335E2,1.246410663E2,4.791100436E1,-7.143353062E1
1.011023558E1,1.401716727E-1,7.659036158E-1,-3.204956364E-1,-5.394683024E-1,1.638844394E2,1.240409067E2,4.743518619E1,-7.168920042E1
1.012020429E1,1.456021044E-1,7.646478293E-1,-3.217363343E-1,-5.390728174E-1,1.632557055E2,1.234598295E2,4.694601142E1,-7.192846259E1
1.013017229E1,1.509320581E-1,7.634484565E-1,-3.229448108E-1,-5.385838086E-1,1.626381109E2,1.229111465E2,4.645857546E1,-7.214047837E1
1.014014129E1,1.562476187E-1,7.622812206E-1,-3.239622568E-1,-5.381102466E-1,1.620216776E2,1.223730668E2,4.598401829E1,-7.232497115E1
1.015010929E1,1.617322513E-1,7.611110344E-1,-3.246191787E-1,-5.377500386E-1,1.613850868E2,1.218153595E2,4.552630724E1,-7.248065554E1
1.016007829E1,1.673634496E-1,7.599204913E-1,-3.250251161E-1,-5.374653366E-1,1.607308806E2,1.212416288E2,4.507787389E1,-7.261588318E1
1.017004729E1,1.732343580E-1,7.588196367E-1,-3.250730581E-1,-5.371313861E-1,1.600481500E2,1.206659759E2,4.463147083E1,-7.269908705E1
1.018001529E1,1.792517479E-1,7.577811594E-1,-3.248953459E-1,-5.367304852E-1,1.593476414E2,1.200950260E2,4.418459965E1,-7.274352314E1
1.018998429E1,1.851914717E-1,7.567228942E-1,-3.247425636E-1,-5.362991860E-1,1.586554084E2,1.195367379E2,4.373949792E1,-7.278301467E1
1.019995229E1,1.908311625E-1,7.555095075E-1,-3.248361085E-1,-5.359759829E-1,1.579974123E2,1.189845914E2,4.330581386E1,-7.286305418E1
1.020992129E1,1.958670366E-1,7.540156546E-1,-3.254710929E-1,-5.358779493E-1,1.574092442E2,1.184429873E2,4.289231505E1,-7.303228024E1
1.021989029E1,2.003831241E-1,7.522848732E-1,-3.264906041E-1,-5.360205216E-1,1.568812721E2,1.179072041E2,4.250339132E1,-7.327412690E1
1.022985829E1,2.044703990E-1,7.503182591E-1,-3.278479434E-1,-5.364047744E-1,1.564030031E2,1.173699195E2,4.213488042E1,-7.358421151E1
1.023982729E1,2.082613500E-1,7.481735535E-1,-3.294830936E-1,-5.369400288E-1,1.559590353E2,1.168342357E2,4.177533339E1,-7.394305065E1
1.024979529E1,2.121752433E-1,7.460500056E-1,-3.311347654E-1,-5.373460189E-1,1.555002848E2,1.163091707E2,4.139579423E1,-7.428218436E1
1.025976429E1,2.164581428E-1,7.439054054E-1,-3.329319070E-1,-5.375007610E-1,1.549978252E2,1.157847408E2,4.096271747E1,-7.460256119E1
1.026973329E1,2.212508401E-1,7.416392747E-1,-3.349185198E-1,-5.374465497E-1,1.544349771E2,1.152385931E2,4.046481242E1,-7.491805319E1
1.027970129E1,2.264618027E-1,7.393209451E-1,-3.368829001E-1,-5.372425484E-1,1.538222954E2,1.146772191E2,3.992670422E1,-7.521020010E1
1.028967029E1,2.316332421E-1,7.369374144E-1,-3.388888793E-1,-5.370509277E-1,1.532135068E2,1.141205970E2,3.938661565E1,-7.550405209E1
1.029963829E1,2.365320967E-1,7.346936637E-1,-3.406463397E-1,-5.368778306E-1,1.526360963E2,1.135989200E2,3.888313058E1,-7.576276308E1
1.030960729E1,2.409412366E-1,7.326360546E-1,-3.420910494E-1,-5.368103219E-1,1.521158009E2,1.131216009E2,3.844225025E1,-7.598981656E1
1.031957629E1,2.449414994E-1,7.308063966E-1,-3.431046600E-1,-5.368473058E-1,1.516432469E2,1.126824234E2,3.806694321E1,-7.617354004E1
1.032954429E1,2.488849166E-1,7.291491193E-1,-3.436367008E-1,-5.369466143E-1,1.511769258E2,1.122519655E2,3.773254126E1,-7.630785338E1
1.033951329E1,2.529411609E-1,7.275076050E-1,-3.440283082E-1,-5.370269146E-1,1.506967531E2,1.118168324E2,3.739773896E1,-7.642320314E1
1.034948129E1,2.573773590E-1,7.259899180E-1,-3.443624273E-1,-5.367587025E-1,1.501709987E2,1.113975932E2,3.702049270E1,-7.648363296E1
1.035945029E1,2.621467069E-1,7.245182554E-1,-3.449599643E-1,-5.360550925E-1,1.496050433E2,1.110044707E2,3.657704340E1,-7.651281504E1
1.036941929E1,2.670064388E-1,7.229162748E-1,-3.461816961E-1,-5.350308082E-1,1.490275803E2,1.106369154E2,3.606477314E1,-7.656599723E1
1.037938729E1,2.717673994E-1,7.211471608E-1,-3.480517939E-1,-5.338063053E-1,1.484610710E2,1.102960200E2,3.550173029E1,-7.666105049E1
1.038935629E1,2.761076187E-1,7.191656478E-1,-3.506156077E-1,-5.325729831E-1,1.479439362E2,1.099861369E2,3.491783260E1,-7.682671764E1
1.039932529E1,2.799958130E-1,7.170521520E-1,-3.535162381E-1,-5.314742358E-1,1.474800904E2,1.096971763E2,3.434837713E1,-7.704285653E1
1.040929329E1,2.836202312E-1,7.148587246E-1,-3.562095271E-1,-5.307082169E-1,1.470472184E2,1.093917482E2,3.382832393E1,-7.727886988E1
1.041926229E1,2.870625224E-1,7.125304062E-1,-3.584006996E-1,-5.305134247E-1,1.466356500E2,1.090327507E2,3.338396495E1,-7.753644669E1
1.042923029E1,2.905887806E-1,7.102518001E-1,-3.597165875E-1,-5.307583822E-1,1.462135825E2,1.086184929E2,3.301680417E1,-7.775798669E1
1.043919929E1,2.943177863E-1,7.081844023E-1,-3.602999947E-1,-5.310705849E-1,1.457667333E2,1.081872689E2,3.269088333E1,-7.790824611E1
1.044916829E1,2.984222887E-1,7.065753305E-1,-3.604061099E-1,-5.308511790E-1,1.452742665E2,1.078019944E2,3.234840526E1,-7.793322052E1
1.045913629E1,3.029546870E-1,7.055144732E-1,-3.603193928E-1,-5.297525687E-1,1.447296896E2,1.075006238E2,3.194975085E1,-7.781709426E1
1.046910529E1,3.074756636E-1,7.046927467E-1,-3.606657872E-1,-5.280028317E-1,1.441856641E2,1.072835158E2,3.149120165E1,-7.765797415E1
1.047907329E1,3.116287930E-1,7.038392625E-1,-3.616120788E-1,-5.260555841E-1,1.436851669E2,1.071197390E2,3.100679168E1,-7.753473214E1
1.048904229E1,3.149012534E-1,7.025902090E-1,-3.633691703E-1,-5.245636594E-1,1.432902947E2,1.069685572E2,3.054771701E1,-7.755502144E1
1.049901129E1,3.173963152E-1,7.011202744E-1,-3.654539431E-1,-5.235775391E-1,1.429889241E2,1.068215088E2,3.014527266E1,-7.767281433E1
1.050897929E1,3.195142681E-1,6.996965855E-1,-3.672391677E-1,-5.229442511E-1,1.427328951E2,1.066685461E2,2.981019142E1,-7.780217954E1
1.051894829E1,3.216440327E-1,6.984652442E-1,-3.682248771E-1,-5.225915663E-1,1.424752436E2,1.064868709E2,2.954779507E1,-7.788245736E1
1.052891629E1,3.237938275E-1,6.973725556E-1,-3.684439459E-1,-5.225689229E-1,1.422149692E2,1.062681466E2,2.935706065E1,-7.792407606E1
1.053888529E1,3.260972897E-1,6.966136805E-1,-3.679042766E-1,-5.225287464E-1,1.419358656E2,1.060456735E2,2.921289924E1,-7.788236404E1
1.054885429E1,3.285341573E-1,6.961621929E-1,-3.670694424E-1,-5.221911290E-1,1.416403421E2,1.058532890E2,2.906947134E1,-7.776992372E1
1.055882229E1,3.309489399E-1,6.956990307E-1,-3.665581695E-1,-5.216424403E-1,1.413472352E2,1.056870085E2,2.889383657E1,-7.766403533E1
1.056879129E1,3.332446155E-1,6.950650262E-1,-3.665694122E-1,-5.210178029E-1,1.410683416E2,1.055360959E2,2.868330815E1,-7.760332223E1
1.057875929E1,3.350328852E-1,6.941236658E-1,-3.673209432E-1,-5.205963555E-1,1.408509246E2,1.054004806E2,2.846275007E1,-7.764471364E1
1.058872829E1,3.363025064E-1,6.930182066E-1,-3.685013394E-1,-5.204162304E-1,1.406964757E2,1.052805485E2,2.825912788E1,-7.775944563E1
1.059869729E1,3.371511016E-1,6.918430050E-1,-3.698068591E-1,-5.205048969E-1,1.405932030E2,1.051664494E2,2.808973049E1,-7.791944708E1
1.060866529E1,3.378552700E-1,6.906819752E-1,-3.708833423E-1,-5.208242225E-1,1.405074814E2,1.050390401E2,2.795889643E1,-7.808419290E1
1.061863429E1,3.387273199E-1,6.896982572E-1,-3.714210623E-1,-5.211779715E-1,1.404012910E2,1.048961413E2,2.785853794E1,-7.819708305E1
1.062860229E1,3.396747916E-1,6.888498095E-1,-3.716699289E-1,-5.215058634E-1,1.402858763E2,1.047523600E2,2.777396347E1,-7.827609506E1
1.063857129E1,3.407441204E-1,6.881458518E-1,-3.717772559E-1,-5.216611535E-1,1.401555672E2,1.046209258E2,2.768408479E1,-7.831784788E1
1.064854029E1,3.420045746E-1,6.875861943E-1,-3.718087290E-1,-5.215519826E-1,1.400018985E2,1.045062721E2,2.757461227E1,-7.831774688E1
1.065850829E1,3.432112072E-1,6.870227858E-1,-3.720977616E-1,-5.212955085E-1,1.398547212E2,1.044139685E2,2.744310252E1,-7.832498176E1
1.066847729E1,3.443448679E-1,6.865352311E-1,-3.725567408E-1,-5.208623285E-1,1.397163816E2,1.043509044E2,2.729710630E1,-7.832615075E1
1.067844529E1,3.453422731E-1,6.860890751E-1,-3.731794921E-1,-5.203437115E-1,1.395946184E2,1.043113263E2,2.714570989E1,-7.833229119E1
1.068841429E1,3.462952344E-1,6.856588822E-1,-3.737588848E-1,-5.198613619E-1,1.394782365E2,1.042718147E2,2.700275096E1,-7.833831401E1
1.069838329E1,3.472442655E-1,6.850858642E-1,-3.741291765E-1,-5.197174199E-1,1.393622912E2,1.041897945E2,2.688965559E1,-7.836687305E1
1.070835129E1,3.481911893E-1,6.843551432E-1,-3.741514089E-1,-5.200305183E-1,1.392465600E2,1.040508301E2,2.682189957E1,-7.841878916E1
1.071832029E1,3.492728724E-1,6.836752618E-1,-3.736483125E-1,-5.205607836E-1,1.391143056E2,1.038744583E2,2.679365046E1,-7.844471940E1
1.072828929E1,3.504646746E-1,6.831268997E-1,-3.728988889E-1,-5.210169231E-1,1.389685214E2,1.036989587E2,2.677355870E1,-7.843573975E1
1.073825729E1,3.516807218E-1,6.826821872E-1,-3.723428666E-1,-5.211780663E-1,1.388196998E2,1.035580897E2,2.672484513E1,-7.840849058E1
1.074822629E1,3.528896989E-1,6.822762288E-1,-3.722050464E-1,-5.209907288E-1,1.386716716E2,1.034600057E2,2.662982832E1,-7.837929922E1
1.075819429E1,3.537847821E-1,6.816593570E-1,-3.728828626E-1,-5.207064378E-1,1.385620303E2,1.033990646E2,2.649042609E1,-7.842092309E1
1.076816329E1,3.542293576E-1,6.807551174E-1,-3.743667899E-1,-5.205224141E-1,1.385075582E2,1.033634162E2,2.632569454E1,-7.855734760E1
1.077813229E1,3.542859977E-1,6.797009510E-1,-3.762117998E-1,-5.205311860E-1,1.385006176E2,1.033387346E2,2.617012447E1,-7.875438564E1
1.078810029E1,3.539808650E-1,6.786642123E-1,-3.780532061E-1,-5.207574197E-1,1.385380062E2,1.033225111E2,2.605231636E1,-7.897703823E1
1.079806929E1,3.536421782E-1,6.778687748E-1,-3.793474094E-1,-5.210821980E-1,1.385795009E2,1.033018525E2,2.598553452E1,-7.915458522E1
1.080803729E1,3.533502955E-1,6.772434104E-1,-3.800564774E-1,-5.215765542E-1,1.386152567E2,1.032594647E2,2.596884981E1,-7.929288798E1
1.081800629E1,3.531433228E-1,6.767512617E-1,-3.802710470E-1,-5.221987576E-1,1.386406085E2,1.031960116E2,2.599017229E1,-7.939633255E1
1.082797529E1,3.529907249E-1,6.763625940E-1,-3.801444274E-1,-5.228970730E-1,1.386592986E2,1.031199522E2,2.603761575E1,-7.947418598E1
1.083794329E1,3.526917088E-1,6.760306454E-1,-3.799381607E-1,-5.236775746E-1,1.386959186E2,1.030484593E2,2.610656726E1,-7.955358104E1
1.084791229E1,3.522501626E-1,6.759096207E-1,-3.795896695E-1,-5.243831287E-1,1.387499860E2,1.030025488E2,2.619644356E1,-7.960709075E1
1.085788029E1,3.515968917E-1,6.759905953E-1,-3.792294298E-1,-5.249774783E-1,1.388299614E2,1.029929678E2,2.630106782E1,-7.964314965E1
1.086784929E1,3.508048682E-1,6.762233302E-1,-3.789207463E-1,-5.254303883E-1,1.389268953E2,1.030158031E2,2.640811830E1,-7.966489054E1
1.087781829E1,3.500843520E-1,6.766207223E-1,-3.785374313E-1,-5.256756566E-1,1.390150509E2,1.030598233E2,2.650820855E1,-7.965156725E1
1.088778629E1,3.494504212E-1,6.770723574E-1,-3.781591317E-1,-5.257879780E-1,1.390925918E2,1.031127896E2,2.659603926E1,-7.962163967E1
1.089775529E1,3.490507848E-1,6.776080755E-1,-3.776471002E-1,-5.257313326E-1,1.391414643E2,1.031659802E2,2.666951212E1,-7.955666617E1
1.090772329E1,3.487069350E-1,6.780787293E-1,-3.772515520E-1,-5.256368552E-1,1.391835083E2,1.032175194E2,2.672738084E1,-7.949938354E1
1.091769229E1,3.483842271E-1,6.784741827E-1,-3.770075744E-1,-5.255155882E-1,1.392229619E2,1.032690385E2,2.677002640E1,-7.945473545E1
1.092766129E1,3.480365683E-1,6.787775557E-1,-3.769678721E-1,-5.253826043E-1,1.392654604E2,1.033226785E2,2.679750237E1,-7.942999327E1
1.093762929E1,3.475464215E-1,6.789133212E-1,-3.772368849E-1,-5.253384976E-1,1.393253669E2,1.033758168E2,2.681453429E1,-7.944883328E1
1.094759829E1,3.468965804E-1,6.789127839E-1,-3.777273372E-1,-5.254161532E-1,1.394047737E2,1.034265715E2,2.683089940E1,-7.950631074E1
1.095756729E1,3.460605871E-1,6.788546107E-1,-3.783344310E-1,-5.256058667E-1,1.395068972E2,1.034799229E2,2.685708773E1,-7.958985201E1
1.096753529E1,3.450507486E-1,6.788821536E-1,-3.788385283E-1,-5.258710547E-1,1.396302126E2,1.035415982E2,2.690881532E1,-7.967132447E1
1.097750429E1,3.437561449E-1,6.790182985E-1,-3.792380699E-1,-5.262550335E-1,1.397882306E2,1.036169269E2,2.699693023E1,-7.975555027E1
1.098747229E1,3.422524823E-1,6.793692553E-1,-3.793498012E-1,-5.267014846E-1,1.399716660E2,1.037075832E2,2.712818512E1,-7.981601662E1
1.099744129E1,3.404799334E-1,6.798765137E-1,-3.792453824E-1,-5.272706567E-1,1.401877662E2,1.038106487E2,2.730370314E1,-7.986800548E1
1.100741029E1,3.385327385E-1,6.805876996E-1,-3.788568728E-1,-5.278859269E-1,1.404249885E2,1.039276307E2,2.751846354E1,-7.989463642E1
1.101737829E1,3.363641883E-1,6.814200788E-1,-3.783456526E-1,-5.285645017E-1,1.406889702E2,1.040591601E2,2.776363238E1,-7.991510634E1
1.102734729E1,3.341412476E-1,6.823912476E-1,-3.776765924E-1,-5.291996020E-1,1.409593478E2,1.042033718E2,2.802441072E1,-7.991240708E1
1.103731529E1,3.318929240E-1,6.834374166E-1,-3.770164885E-1,-5.297349092E-1,1.412325828E2,1.043633887E2,2.828275021E1,-7.989686005E1
1.104728429E1,3.297226247E-1,6.845703977E-1,-3.763843806E-1,-5.300766253E-1,1.414961184E2,1.045416236E2,2.852516104E1,-7.985835920E1
1.105725329E1,3.276062734E-1,6.857236935E-1,-3.758756787E-1,-5.302589420E-1,1.417528995E2,1.047348918E2,2.874705992E1,-7.981151549E1
1.106722129E1,3.254897429E-1,6.869194207E-1,-3.754069003E-1,-5.303469446E-1,1.420095029E2,1.049407392E2,2.896197361E1,-7.975576377E1
1.107719029E1,3.231166225E-1,6.881210589E-1,-3.750188648E-1,-5.305147734E-1,1.422969798E2,1.051602298E2,2.919392604E1,-7.971733009E1
1.108715829E1,3.204301086E-1,6.893811759E-1,-3.745552390E-1,-5.308357532E-1,1.426221240E2,1.053906467E2,2.946282848E1,-7.968896914E1
1.109712729E1,3.173998872E-1,6.907844447E-1,-3.739069045E-1,-5.312888635E-1,1.429884925E2,1.056391225E2,2.977901792E1,-7.965567360E1
1.110709629E1,3.140533642E-1,6.923520757E-1,-3.730710272E-1,-5.318244446E-1,1.433926486E2,1.059098339E2,3.013844236E1,-7.961038014E1
1.111706429E1,3.104901115E-1,6.940079411E-1,-3.721627626E-1,-5.323944280E-1,1.438224613E2,1.061980111E2,3.052180305E1,-7.955966679E1
1.112703329E1,3.068040852E-1,6.956716774E-1,-3.713299935E-1,-5.329410199E-1,1.442665301E2,1.065003826E2,3.090745062E1,-7.951235458E1
1.113700129E1,3.031585408E-1,6.973215263E-1,-3.705873134E-1,-5.333878714E-1,1.447051769E2,1.068112999E2,3.127808620E1,-7.946073246E1
1.114697029E1,2.996512592E-1,6.989026337E-1,-3.698670975E-1,-5.338002256E-1,1.451266837E2,1.071127876E2,3.163368004E1,-7.940741828E1
1.115693929E1,2.961513111E-1,7.002164880E-1,-3.692262441E-1,-5.344749018E-1,1.455468243E2,1.073744766E2,3.199211859E1,-7.939971897E1
1.116690729E1,2.926639439E-1,7.013354236E-1,-3.684459163E-1,-5.354660798E-1,1.459649801E2,1.075907782E2,3.237246641E1,-7.942175462E1
1.117687629E1,2.890181045E-1,7.024509137E-1,-3.675756366E-1,-5.365811695E-1,1.464016390E2,1.078053529E2,3.277707472E1,-7.945030167E1
1.118684429E1,2.852689106E-1,7.038025315E-1,-3.666215478E-1,-5.374685082E-1,1.468501533E2,1.080637630E2,3.318690282E1,-7.943583213E1
1.119681329E1,2.817238232E-1,7.054637179E-1,-3.655832918E-1,-5.378675018E-1,1.472737703E2,1.083744683E2,3.356653520E1,-7.934274234E1
1.120678229E1,2.784661142E-1,7.072684776E-1,-3.647184912E-1,-5.377811113E-1,1.476626422E2,1.087254952E2,3.388913983E1,-7.920033986E1
1.121675029E1,2.756528120E-1,7.092545846E-1,-3.639421673E-1,-5.371400578E-1,1.479981575E2,1.091132779E2,3.414538455E1,-7.899035458E1
1.122671929E1,2.731070581E-1,7.114180877E-1,-3.632915675E-1,-5.360186987E-1,1.483015222E2,1.095439213E2,3.434896401E1,-7.872618091E1
1.123668729E1,2.703725073E-1,7.135713913E-1,-3.629163551E-1,-5.347954918E-1,1.486271312E2,1.100039301E2,3.454019956E1,-7.847544276E1
1.124665629E1,2.673037321E-1,7.154964169E-1,-3.624912515E-1,-5.340539391E-1,1.489922280E2,1.104277950E2,3.478069293E1,-7.828465726E1
1.125662529E1,2.637035694E-1,7.169480703E-1,-3.617524699E-1,-5.343977520E-1,1.494201342E2,1.107510489E2,3.513325656E1,-7.820942612E1
1.126659329E1,2.594946902E-1,7.183520451E-1,-3.603394757E-1,-5.355261180E-1,1.499198381E2,1.110321053E2,3.561812815E1,-7.816426431E1
1.127656229E1,2.547578586E-1,7.201984563E-1,-3.582568735E-1,-5.367164609E-1,1.504815248E2,1.113703365E2,3.619585059E1,-7.804430577E1
1.128653129E1,2.497300241E-1,7.224820147E-1,-3.559116964E-1,-5.375700715E-1,1.510769260E2,1.117950618E2,3.679872242E1,-7.783855249E1
1.129649929E1,2.448119399E-1,7.249635158E-1,-3.536078022E-1,-5.380117389E-1,1.516585595E2,1.122727345E2,3.736878432E1,-7.757417483E1
1.130646829E1,2.400511900E-1,7.273455503E-1,-3.518337781E-1,-5.381048940E-1,1.522208767E2,1.127784746E2,3.786914455E1,-7.731767791E1
1.131643629E1,2.354324222E-1,7.295474914E-1,-3.507182985E-1,-5.378928742E-1,1.527657721E2,1.133035747E2,3.829392920E1,-7.709102930E1
1.132640529E1,2.309239528E-1,7.315526277E-1,-3.500022657E-1,-5.375902809E-1,1.532970504E2,1.138235030E2,3.867509409E1,-7.689675629E1
1.133637429E1,2.262540714E-1,7.332212214E-1,-3.495202744E-1,-5.376162539E-1,1.538467339E2,1.143040385E2,3.906654175E1,-7.677621642E1
1.134634229E1,2.212968961E-1,7.347553878E-1,-3.488873762E-1,-5.379961129E-1,1.544295653E2,1.147631867E2,3.950723846E1,-7.668611050E1
1.135631129E1,2.159477445E-1,7.364392387E-1,-3.479599770E-1,-5.384680312E-1,1.550577294E2,1.152563765E2,4.000209575E1,-7.656706686E1
1.136627929E1,2.103637296E-1,7.384266522E-1,-3.467354214E-1,-5.387463479E-1,1.557126629E2,1.158138618E2,4.052412828E1,-7.637559156E1
1.137624829E1,2.048882955E-1,7.406161178E-1,-3.453139557E-1,-5.387641866E-1,1.563540799E2,1.164102537E2,4.103601576E1,-7.611725052E1
1.138621729E1,1.996433310E-1,7.427720977E-1,-3.439921462E-1,-5.386108985E-1,1.569677944E2,1.170108943E2,4.151214717E1,-7.584376361E1
1.139618529E1,1.945432989E-1,7.448226051E-1,-3.429839304E-1,-5.382883170E-1,1.575639087E2,1.176174009E2,4.194432460E1,-7.558081801E1
1.140615429E1,1.894698615E-1,7.468306074E-1,-3.422291225E-1,-5.377958417E-1,1.581563049E2,1.182434048E2,4.234557137E1,-7.531936452E1
1.141612229E1,1.841940243E-1,7.487314935E-1,-3.417508611E-1,-5.372895526E-1,1.587717082E2,1.188860446E2,4.274013369E1,-7.508352137E1
1.142609129E1,1.787769847E-1,7.505268649E-1,-3.412075039E-1,-5.369596166E-1,1.594029385E2,1.195193625E2,4.315741702E1,-7.486163648E1
1.143606029E1,1.731610858E-1,7.522280592E-1,-3.403780750E-1,-5.369460453E-1,1.600566752E2,1.201345393E2,4.362467005E1,-7.464646363E1
1.144602829E1,1.672558697E-1,7.538362776E-1,-3.393303254E-1,-5.372256686E-1,1.607433846E2,1.207427380E2,4.414290984E1,-7.444071545E1
1.145599729E1,1.613288638E-1,7.554321259E-1,-3.380471225E-1,-5.376053906E-1,1.614319267E2,1.213490813E2,4.468231314E1,-7.421562902E1
1.146596529E1,1.556072184E-1,7.570386162E-1,-3.367252077E-1,-5.378615170E-1,1.620959708E2,1.219600403E2,4.519995078E1,-7.396458905E1
1.147593429E1,1.502036131E-1,7.586499113E-1,-3.356532236E-1,-5.377974538E-1,1.627225472E2,1.225853996E2,4.565691392E1,-7.369584015E1
1.148590329E1,1.452494407E-1,7.603416648E-1,-3.348036485E-1,-5.372986247E-1,1.632965520E2,1.232313725E2,4.603805111E1,-7.339017515E1
1.149587129E1,1.405409423E-1,7.620630685E-1,-3.342530000E-1,-5.364541494E-1,1.638417011E2,1.239005506E2,4.635842986E1,-7.306900810E1
1.150584029E1,1.358607666E-1,7.637687936E-1,-3.337729052E-1,-5.355320817E-1,1.643832064E2,1.245800610E2,4.666486802E1,-7.274159263E1
1.151580829E1,1.308429735E-1,7.653249185E-1,-3.332816626E-1,-5.348657401E-1,1.649633855E2,1.252563693E2,4.701036204E1,-7.244335576E1
1.152577729E1,1.253652108E-1,7.667553825E-1,-3.325895271E-1,-5.345594800E-1,1.655963065E2,1.259342195E2,4.742246323E1,-7.216164350E1
1.153574629E1,1.196003438E-1,7.681457227E-1,-3.315664545E-1,-5.345200516E-1,1.662619243E2,1.266182889E2,4.789075540E1,-7.186574418E1
1.154571429E1,1.138253616E-1,7.695726675E-1,-3.302454669E-1,-5.345460773E-1,1.669282433E2,1.273126688E2,4.837975767E1,-7.153218077E1
1.155568329E1,1.082989825E-1,7.710633172E-1,-3.288183746E-1,-5.344259588E-1,1.675654627E2,1.280170164E2,4.884492200E1,-7.115843162E1
1.156565229E1,1.032606639E-1,7.725778853E-1,-3.274551137E-1,-5.340727682E-1,1.681460696E2,1.287110836E2,4.925299939E1,-7.076086197E1
1.157562029E1,9.856053168E-2,7.739962321E-1,-3.264405337E-1,-5.335281888E-1,1.686874290E2,1.293878484E2,4.960097271E1,-7.038498834E1
1.158558929E1,9.391957361E-2,7.753276300E-1,-3.256580564E-1,-5.329100209E-1,1.692217242E2,1.300629143E2,4.992375542E1,-7.002720891E1
1.159555729E1,8.891048388E-2,7.764406651E-1,-3.250765774E-1,-5.325034935E-1,1.697981377E2,1.307357825E2,5.027397216E1,-6.971931089E1
1.160552629E1,8.336003896E-2,7.772611799E-1,-3.246083259E-1,-5.324900908E-1,1.704365454E2,1.313992958E2,5.068270877E1,-6.947383525E1
1.161549529E1,7.746653977E-2,7.779459608E-1,-3.240051413E-1,-5.327474184E-1,1.711140858E2,1.320672201E2,5.114154611E1,-6.923828406E1
1.162546329E1,7.145772679E-2,7.785985205E-1,-3.232846409E-1,-5.330715066E-1,1.718045630E2,1.327492760E2,5.161859461E1,-6.898662593E1
1.163543229E1,6.569922396E-2,7.792971677E-1,-3.224407556E-1,-5.333024924E-1,1.724659969E2,1.334328362E2,5.207668280E1,-6.870156980E1
1.164540029E1,6.053412767E-2,7.800565907E-1,-3.215423323E-1,-5.333458615E-1,1.730590565E2,1.340905155E2,5.248099208E1,-6.838901492E1
1.165536929E1,5.587443532E-2,7.808457904E-1,-3.208375949E-1,-5.331239794E-1,1.735939252E2,1.347293497E2,5.281820594E1,-6.807236453E1
1.166533829E1,5.149731651E-2,7.816696560E-1,-3.202715838E-1,-5.326976640E-1,1.740962308E2,1.353671048E2,5.311109823E1,-6.774701579E1
1.167530629E1,4.702595736E-2,7.824339469E-1,-3.198367126E-1,-5.322501066E-1,1.746092341E2,1.360153284E2,5.340022804E1,-6.743087110E1
1.168527529E1,4.238495713E-2,7.831341325E-1,-3.194296162E-1,-5.318544320E-1,1.751415863E2,1.366771304E2,5.370197584E1,-6.711728341E1
1.169524329E1,3.779046596E-2,7.837936675E-1,-3.190281885E-1,-5.314699053E-1,1.756685002E2,1.373355522E2,5.399961499E1,-6.680358600E1
1.170521229E1,3.344818152E-2,7.844572696E-1,-3.187896795E-1,-5.309247990E-1,1.761664057E2,1.379847982E2,5.425743263E1,-6.649390623E1
1.171518129E1,2.969867144E-2,7.852601460E-1,-3.184805956E-1,-5.301458831E-1,1.765962825E2,1.386127724E2,5.445783676E1,-6.615159733E1
1.172514929E1,2.641697030E-2,7.861515940E-1,-3.181041821E-1,-5.292236047E-1,1.769724860E2,1.392170200E2,5.461636943E1,-6.578926571E1
1.173511829E1,2.324704260E-2,7.870524618E-1,-3.176343079E-1,-5.283147290E-1,1.773358451E2,1.398146962E2,5.477116532E1,-6.541582575E1
1.174508629E1,2.003941455E-2,7.879379249E-1,-3.169218998E-1,-5.275536412E-1,1.777034985E2,1.404123467E2,5.495059775E1,-6.502278503E1
1.175505529E1,1.668172264E-2,7.887345636E-1,-3.160971070E-1,-5.269746067E-1,1.780883267E2,1.410086235E2,5.515894780E1,-6.463226943E1
1.176502429E1,1.328814269E-2,7.894399754E-1,-3.151464848E-1,-5.265839476E-1,1.784772462E2,1.415898870E2,5.539001672E1,-6.424722867E1
1.177499229E1,9.925182429E-3,7.900083678E-1,-3.141766858E-1,-5.263852462E-1,1.788626392E2,1.421387430E2,5.563525514E1,-6.388921949E1
1.178496129E1,6.532129316E-3,7.903520964E-1,-3.134251443E-1,-5.263702630E-1,1.792514678E2,1.426443561E2,5.588780774E1,-6.359545569E1
1.179492929E1,3.200631676E-3,7.905460773E-1,-3.128182086E-1,-5.264708254E-1,1.796332340E2,1.431126358E2,5.613948559E1,-6.334626219E1
1.180489829E1,2.926044958E-4,-7.905323796E-1,3.125480895E-1,5.266613924E-1,1.799664700E2,1.435599441E2,5.639455780E1,-6.316109266E1
1.181486729E1,4.011726702E-3,-7.903064303E-1,3.126091603E-1,5.269488760E-1,1.795402887E2,1.439929499E2,5.665859349E1,-6.303795661E1
1.182483529E1,7.835267726E-3,-7.899103342E-1,3.129932866E-1,5.272715734E-1,1.791021353E2,1.444064961E2,5.691895141E1,-6.297165219E1
1.183480429E1,1.166812320E-2,-7.894118213E-1,3.136920814E-1,5.275322306E-1,1.786629012E2,1.448054142E2,5.716132478E1,-6.294946751E1
1.184477229E1,1.537209362E-2,-7.889525892E-1,3.145423519E-1,5.276178940E-1,1.782384184E2,1.452060958E2,5.737331269E1,-6.292961231E1
1.185474129E1,1.882556424E-2,-7.886671708E-1,3.152666876E-1,5.275003886E-1,1.778426218E2,1.456232660E2,5.755583271E1,-6.286269646E1
1.186471029E1,2.205839611E-2,-7.885269482E-1,3.158704412E-1,5.272234838E-1,1.774720890E2,1.460526339E2,5.771428589E1,-6.275567185E1
1.187467829E1,2.499278614E-2,-7.885642271E-1,3.162923944E-1,5.267836393E-1,1.771357394E2,1.464903462E2,5.784544118E1,-6.260053677E1
1.188464729E1,2.746855524E-2,-7.888410055E-1,3.165183437E-1,5.261098587E-1,1.768519395E2,1.469290807E2,5.793244083E1,-6.239069057E1
1.189461629E1,2.946722202E-2,-7.893060749E-1,3.167878938E-1,5.251409659E-1,1.766228162E2,1.473534487E2,5.795845469E1,-6.216204848E1
1.190458429E1,3.100136730E-2,-7.899299536E-1,3.170367078E-1,5.239630036E-1,1.764469357E2,1.477542657E2,5.793488224E1,-6.191847687E1
1.191455329E1,3.238041219E-2,-7.905185554E-1,3.173200400E-1,5.228191382E-1,1.762888294E2,1.481232843E2,5.790263585E1,-6.169693835E1
1.192452129E1,3.385466680E-2,-7.909254832E-1,3.174912826E-1,5.220057040E-1,1.761197995E2,1.484558936E2,5.791190852E1,-6.150721134E1
1.193449029E1,3.545460332E-2,-7.911970354E-1,3.172087723E-1,5.216598048E-1,1.759363501E2,1.487665148E2,5.799095225E1,-6.130552014E1
1.194445929E1,3.723398004E-2,-7.913464249E-1,3.166226571E-1,5.216650521E-1,1.757323137E2,1.490700074E2,5.812625969E1,-6.109571690E1
1.195442729E1,3.888786452E-2,-7.915536820E-1,3.156607185E-1,5.218129454E-1,1.755426550E2,1.493699180E2,5.828098358E1,-6.084431032E1
1.196439629E1,4.029514779E-2,-7.919056503E-1,3.145201827E-1,5.218608663E-1,1.753812657E2,1.496735217E2,5.841634860E1,-6.055362071E1
1.197436429E1,4.147475379E-2,-7.922773645E-1,3.133759168E-1,5.218927294E-1,1.752459797E2,1.499503542E2,5.853530612E1,-6.027081668E1
1.198433329E1,4.241797919E-2,-7.925738886E-1,3.122524715E-1,5.220400958E-1,1.751377988E2,1.501725443E2,5.864953706E1,-6.002425429E1
1.199430229E1,4.318798104E-2,-7.927588290E-1,3.112613462E-1,5.222879404E-1,1.750494822E2,1.503397422E2,5.875777392E1,-5.982960333E1
1.200427029E1,4.384528221E-2,-7.928479064E-1,3.104481860E-1,5.225818514E-1,1.749740896E2,1.504650829E2,5.885700450E1,-5.968321994E1
1.201423929E1,4.428615932E-2,-7.928710871E-1,3.098120214E-1,5.228869735E-1,1.749235197E2,1.505396219E2,5.893746934E1,-5.958564528E1
1.202420729E1,4.452452082E-2,-7.927360065E-1,3.095667689E-1,5.232164987E-1,1.748961785E2,1.505400897E2,5.899381960E1,-5.958033829E1
1.203417629E1,4.464662024E-2,-7.924085887E-1,3.097072233E-1,5.236190432E-1,1.748821730E2,1.504702728E2,5.903649848E1,-5.966987047E1
1.204414529E1,4.477982536E-2,-7.918993915E-1,3.102144817E-1,5.240773691E-1,1.748668935E2,1.503531207E2,5.907221854E1,-5.984010262E1
1.205411329E1,4.486253855E-2,-7.913333804E-1,3.108877144E-1,5.245260434E-1,1.748574057E2,1.502126762E2,5.909770759E1,-6.004446003E1
1.206408229E1,4.487170549E-2,-7.907769156E-1,3.116565150E-1,5.249082521E-1,1.748563542E2,1.500635097E2,5.910835427E1,-6.026060542E1
1.207405029E1,4.476581153E-2,-7.903106871E-1,3.126383680E-1,5.250354723E-1,1.748685010E2,1.499221912E2,5.907863037E1,-6.048044191E1
1.208401929E1,4.437846092E-2,-7.900451199E-1,3.137163580E-1,5.248250542E-1,1.749129323E2,1.497932355E2,5.899423164E1,-6.067594617E1
1.209398829E1,4.386945343E-2,-7.898845404E-1,3.149221793E-1,5.243871484E-1,1.749713171E2,1.496762686E2,5.887498983E1,-6.086268360E1
1.210395629E1,4.343479298E-2,-7.897345187E-1,3.161965946E-1,5.238821871E-1,1.750211730E2,1.495758526E2,5.875129115E1,-6.104578071E1
1.211392529E1,4.309839791E-2,-7.896244100E-1,3.173491634E-1,5.233789326E-1,1.750597572E2,1.495022206E2,5.863842788E1,-6.119931906E1
1.212389292E1,4.284385202E-2,-7.895315816E-1,3.184846206E-1,5.228496314E-1,1.750889530E2,1.494470364E2,5.852881270E1,-6.133983838E1
1.213386192E1,4.233937531E-2,-7.895592299E-1,3.193568918E-1,5.223168320E-1,1.751468142E2,1.493850820E2,5.841268202E1,-6.144297345E1
1.214383092E1,4.158214396E-2,-7.896139154E-1,3.200070701E-1,5.218966912E-1,1.752336631E2,1.492905575E2,5.829954534E1,-6.153695563E1
1.215379892E1,4.068367852E-2,-7.895744660E-1,3.205801830E-1,5.216756099E-1,1.753367068E2,1.491488001E2,5.819951631E1,-6.165815236E1
1.216376792E1,3.943520457E-2,-7.895557739E-1,3.209785339E-1,5.215548170E-1,1.754798863E2,1.489588516E2,5.809319754E1,-6.178215417E1
1.217373692E1,3.797774548E-2,-7.894951878E-1,3.212543218E-1,5.215847202E-1,1.756470241E2,1.487259199E2,5.799245247E1,-6.191969725E1
1.218370492E1,3.648958240E-2,-7.893643218E-1,3.213073847E-1,5.218562302E-1,1.758176734E2,1.484678515E2,5.792116083E1,-6.205793342E1
1.219367392E1,3.499680425E-2,-7.892325918E-1,3.210066037E-1,5.223427945E-1,1.759888426E2,1.482054458E2,5.788344300E1,-6.216659917E1
1.220364192E1,3.358163952E-2,-7.890965418E-1,3.205461915E-1,5.229234516E-1,1.761511039E2,1.479521494E2,5.786564172E1,-6.225741109E1
1.221361092E1,3.212040828E-2,-7.889806801E-1,3.198479447E-1,5.236172730E-1,1.763186391E2,1.476950558E2,5.786478103E1,-6.232602110E1
1.222357992E1,3.073415628E-2,-7.887307072E-1,3.191777677E-1,5.244851609E-1,1.764775704E2,1.474130977E2,5.788410009E1,-6.242698494E1
1.223354792E1,2.935350982E-2,-7.883828903E-1,3.186537348E-1,5.254052266E-1,1.766358523E2,1.471075013E2,5.790283278E1,-6.256501429E1
1.224351692E1,2.777232865E-2,-7.880493823E-1,3.183336295E-1,5.261849012E-1,1.768171163E2,1.467802848E2,5.788697586E1,-6.272761727E1
1.225348492E1,2.594429339E-2,-7.877614139E-1,3.183792535E-1,5.266816018E-1,1.770266693E2,1.464368420E2,5.781354706E1,-6.292122110E1
1.226345392E1,2.379238067E-2,-7.876392934E-1,3.184935347E-1,5.268966561E-1,1.772733367E2,1.460963193E2,5.768956055E1,-6.309346450E1
1.227342292E1,2.162105933E-2,-7.876130781E-1,3.186385198E-1,5.269419218E-1,1.775222160E2,1.457830873E2,5.754693501E1,-6.324083351E1
1.228339092E1,1.944611336E-2,-7.877274225E-1,3.185893344E-1,5.268854029E-1,1.777714991E2,1.455076999E2,5.740238353E1,-6.333320998E1
1.229335992E1,1.723999980E-2,-7.878650741E-1,3.185057994E-1,5.268067779E-1,1.780243437E2,1.452363652E2,5.725512536E1,-6.341600928E1
1.230332792E1,1.465437493E-2,-7.880223662E-1,3.182067254E-1,5.268305488E-1,1.783206722E2,1.449165987E2,5.710157047E1,-6.349585608E1
1.231329692E1,1.161798953E-2,-7.881531900E-1,3.177128486E-1,5.270086192E-1,1.786686465E2,1.445275215E2,5.694101401E1,-6.358927085E1
1.232326592E1,8.061954550E-3,-7.883981685E-1,3.167863555E-1,5.272662418E-1,1.790761581E2,1.440953214E2,5.677228121E1,-6.364346116E1
1.233323392E1,4.235147146E-3,-7.887223199E-1,3.154925737E-1,5.276018150E-1,1.795146864E2,1.436464435E2,5.660906744E1,-6.365843444E1
1.234320292E1,4.826235623E-4,-7.889648118E-1,3.139455525E-1,5.281786157E-1,1.799446954E2,1.431852070E2,5.648400619E1,-6.366753159E1
1.235317092E1,3.068627746E-3,7.890713380E-1,-3.122972104E-1,-5.289871609E-1,1.796483606E2,1.427159398E2,5.639785947E1,-6.369070796E1
1.236313992E1,6.301860010E-3,7.889803429E-1,-3.110456597E-1,-5.298311304E-1,1.792778553E2,1.422466591E2,5.631841026E1,-6.377581228E1
1.237310892E1,9.399337274E-3,7.887558688E-1,-3.102625712E-1,-5.305780779E-1,1.789228994E2,1.417725511E2,5.621814704E1,-6.391978331E1
1.238307692E1,1.252871970E-2,7.884315067E-1,-3.099540563E-1,-5.311754042E-1,1.785642769E2,1.412822398E2,5.608068265E1,-6.412099513E1
1.239304592E1,1.575841163E-2,7.879964880E-1,-3.101172278E-1,-5.316394620E-1,1.781941443E2,1.407656914E2,5.590263815E1,-6.438346106E1
1.240301392E1,1.921632874E-2,7.875700883E-1,-3.104209802E-1,-5.319801139E-1,1.777978354E2,1.402336611E2,5.569132341E1,-6.465600328E1
1.241298292E1,2.278231038E-2,7.871513805E-1,-3.107433403E-1,-5.322707375E-1,1.773891136E2,1.396987191E2,5.546665270E1,-6.492451729E1
1.242295192E1,2.633575332E-2,7.867210611E-1,-3.109072916E-1,-5.326472353E-1,1.769817960E2,1.391653576E2,5.525670551E1,-6.517772032E1
1.243291992E1,2.984275044E-2,7.862273108E-1,-3.109581628E-1,-5.331613847E-1,1.765797649E2,1.386240535E2,5.506601766E1,-6.543167574E1
1.244288892E1,3.358916273E-2,7.856872832E-1,-3.110509280E-1,-5.336803178E-1,1.761502413E2,1.380511314E2,5.485678570E1,-6.570126280E1
1.245285792E1,3.794402800E-2,7.852389461E-1,-3.111967351E-1,-5.339630810E-1,1.756508906E2,1.374449418E2,5.458351560E1,-6.595996999E1
1.246282592E1,4.283689779E-2,7.848782955E-1,-3.113914957E-1,-5.340096533E-1,1.750897506E2,1.368158973E2,5.425128467E1,-6.620276122E1
1.247279492E1,4.775598292E-2,7.844457846E-1,-3.118060521E-1,-5.339861353E-1,1.745254852E2,1.361849913E2,5.389953838E1,-6.646527062E1
1.248276292E1,5.228202761E-2,7.839298650E-1,-3.124296990E-1,-5.339553471E-1,1.740061882E2,1.355933636E2,5.356181864E1,-6.673965106E1
1.249273192E1,5.599685084E-2,7.832234417E-1,-3.135108921E-1,-5.339816046E-1,1.735798754E2,1.350624360E2,5.325850075E1,-6.706121815E1
1.250270092E1,5.890468836E-2,7.822217375E-1,-3.149470459E-1,-5.342918054E-1,1.732461103E2,1.345572168E2,5.301238827E1,-6.745435897E1
1.251266892E1,6.125582923E-2,7.808565800E-1,-3.165887711E-1,-5.350535886E-1,1.729762018E2,1.340265608E2,5.282696918E1,-6.793534467E1
1.252263792E1,6.364622989E-2,7.793757294E-1,-3.181727128E-1,-5.359931261E-1,1.727017463E2,1.334661241E2,5.265327975E1,-6.843685647E1
1.253260592E1,6.662936275E-2,7.780637613E-1,-3.193583248E-1,-5.368309422E-1,1.723591768E2,1.328842002E2,5.244984273E1,-6.887545679E1
1.254257492E1,7.032996142E-2,7.770087835E-1,-3.199514574E-1,-5.375332141E-1,1.719341214E2,1.322851644E2,5.221652114E1,-6.921884148E1
1.255254392E1,7.440939704E-2,7.760964518E-1,-3.199950583E-1,-5.382757573E-1,1.714654231E2,1.316729021E2,5.198844095E1,-6.949405590E1
1.256251192E1,7.855038812E-2,7.752605112E-1,-3.197241383E-1,-5.390523340E-1,1.709895063E2,1.310692629E2,5.177463691E1,-6.972670049E1
1.257248092E1,8.260563145E-2,7.745135426E-1,-3.195784367E-1,-5.396061858E-1,1.705232933E2,1.305105073E2,5.154221800E1,-6.993388379E1
1.258244892E1,8.683348719E-2,7.739804692E-1,-3.194350531E-1,-5.397919902E-1,1.700370683E2,1.300008586E2,5.126987842E1,-7.007932365E1
1.259241792E1,9.114055793E-2,7.735266952E-1,-3.193713481E-1,-5.397699895E-1,1.695415481E2,1.295170246E2,5.097193648E1,-7.020028331E1
1.260238692E1,9.543435242E-2,7.731353406E-1,-3.192728720E-1,-5.396470050E-1,1.690473601E2,1.290566433E2,5.066933792E1,-7.029590778E1
1.261235492E1,9.973122362E-2,7.728759268E-1,-3.188816228E-1,-5.394729385E-1,1.685526133E2,1.286228193E2,5.037961301E1,-7.033798900E1
1.262232392E1,1.038831940E-1,7.726415271E-1,-3.183839318E-1,-5.393191868E-1,1.680743472E2,1.282082083E2,5.010769742E1,-7.036280309E1
1.263229192E1,1.080251334E-1,7.723769713E-1,-3.177879332E-1,-5.392359046E-1,1.675970287E2,1.277878056E2,4.984730018E1,-7.038465584E1
1.264226092E1,1.122330326E-1,7.719063807E-1,-3.174355645E-1,-5.392576946E-1,1.671118876E2,1.273286700E2,4.957534981E1,-7.046105572E1
1.265222992E1,1.166616127E-1,7.711122076E-1,-3.175823619E-1,-5.393675714E-1,1.666010528E2,1.268042904E2,4.926417870E1,-7.062894403E1
1.266219792E1,1.214475981E-1,7.700794412E-1,-3.180398238E-1,-5.395170663E-1,1.660486901E2,1.262195385E2,4.891118055E1,-7.085504265E1
1.267216692E1,1.264253305E-1,7.689227210E-1,-3.186963453E-1,-5.396361522E-1,1.654738515E2,1.256122987E2,4.852929489E1,-7.110541391E1
1.268213492E1,1.314958071E-1,7.678795022E-1,-3.192257097E-1,-5.395969978E-1,1.648879243E2,1.250322046E2,4.813653680E1,-7.130938463E1
1.269210392E1,1.365206809E-1,7.670383775E-1,-3.194425552E-1,-5.394170307E-1,1.643068746E2,1.244992158E2,4.775579242E1,-7.144157081E1
1.270207292E1,1.413898009E-1,7.663303947E-1,-3.193083597E-1,-5.392483380E-1,1.637434480E2,1.239992931E2,4.740794099E1,-7.152112986E1
1.271204092E1,1.461267906E-1,7.656683942E-1,-3.188529630E-1,-5.391953383E-1,1.631949308E2,1.235093237E2,4.709670392E1,-7.157159820E1
1.272200992E1,1.507507635E-1,7.649905675E-1,-3.182727062E-1,-5.392274542E-1,1.626591262E2,1.230230665E2,4.680665431E1,-7.161565648E1
1.273197792E1,1.553352237E-1,7.643102963E-1,-3.177284429E-1,-5.392119231E-1,1.621275227E2,1.225479028E2,4.651392222E1,-7.165479409E1
1.274194692E1,1.599633059E-1,7.635778262E-1,-3.173391325E-1,-5.391257960E-1,1.615904673E2,1.220736731E2,4.620360480E1,-7.170305280E1
1.275191592E1,1.645577760E-1,7.626753147E-1,-3.172950258E-1,-5.390463492E-1,1.610569085E2,1.215883092E2,4.587379688E1,-7.179606886E1
1.276188392E1,1.691415619E-1,7.616963488E-1,-3.174783435E-1,-5.389039139E-1,1.605241772E2,1.211066667E2,4.552569602E1,-7.190658052E1
1.277185292E1,1.738096836E-1,7.607585603E-1,-3.176865700E-1,-5.386204131E-1,1.599812070E2,1.206396928E2,4.516061263E1,-7.199727238E1
1.278182192E1,1.784955491E-1,7.597676668E-1,-3.180410461E-1,-5.382772746E-1,1.594357159E2,1.201762343E2,4.478056790E1,-7.209574148E1
1.279178992E1,1.831612896E-1,7.585905053E-1,-3.186820997E-1,-5.379907603E-1,1.588920992E2,1.196962551E2,4.438601409E1,-7.223770361E1
1.280175892E1,1.879239783E-1,7.572233880E-1,-3.194359803E-1,-5.378269671E-1,1.583366907E2,1.191834692E2,4.398348163E1,-7.241349817E1
1.281172692E1,1.926732538E-1,7.556324077E-1,-3.202561791E-1,-5.378964251E-1,1.577823330E2,1.186339335E2,4.359009493E1,-7.263197257E1
1.282169592E1,1.974298733E-1,7.540018094E-1,-3.207984615E-1,-5.381366516E-1,1.572265898E2,1.180677562E2,4.322315264E1,-7.283995605E1
1.283166492E1,2.020377672E-1,7.524767467E-1,-3.209926953E-1,-5.384451033E-1,1.566877051E2,1.175198678E2,4.289285747E1,-7.300968974E1
1.284163292E1,2.063678185E-1,7.511067002E-1,-3.209670911E-1,-5.387311434E-1,1.561808369E2,1.170135868E2,4.259522225E1,-7.314096897E1
1.285160192E1,2.106190236E-1,7.498581630E-1,-3.207256528E-1,-5.389689149E-1,1.556827379E2,1.165310142E2,4.231441948E1,-7.323502950E1
1.286156992E1,2.148832837E-1,7.485969607E-1,-3.205254553E-1,-5.391578908E-1,1.551826402E2,1.160540599E2,4.202638768E1,-7.332556681E1
1.287153892E1,2.192325118E-1,7.473608780E-1,-3.204940138E-1,-5.391404315E-1,1.546720825E2,1.155965710E2,4.170837749E1,-7.340445968E1
1.288150792E1,2.236763596E-1,7.461212759E-1,-3.207190568E-1,-5.388982030E-1,1.541498889E2,1.151579271E2,4.135269196E1,-7.347946492E1
1.289147592E1,2.281021686E-1,7.447362040E-1,-3.213629343E-1,-5.385753055E-1,1.536292716E2,1.147227338E2,4.096409039E1,-7.359026131E1
1.290144492E1,2.326072452E-1,7.432921055E-1,-3.221385838E-1,-5.381797994E-1,1.530987601E2,1.142879595E2,4.055563112E1,-7.370511466E1
1.291141292E1,2.370307572E-1,7.417496783E-1,-3.230842958E-1,-5.378107300E-1,1.525772815E2,1.138541476E2,4.014169032E1,-7.384082652E1
1.292138192E1,2.414061374E-1,7.401604261E-1,-3.240345176E-1,-5.374824588E-1,1.520609068E2,1.134201566E2,3.973209068E1,-7.398048137E1
1.293135092E1,2.458053201E-1,7.386099278E-1,-3.248822593E-1,-5.371096488E-1,1.515411387E2,1.129942935E2,3.932462956E1,-7.409973831E1
1.294131892E1,2.501581412E-1,7.370826103E-1,-3.257959187E-1,-5.366444530E-1,1.510262593E2,1.125868563E2,3.891019942E1,-7.420997297E1
1.295128792E1,2.545556275E-1,7.357309398E-1,-3.266708241E-1,-5.358989911E-1,1.505054888E2,1.122193491E2,3.848012637E1,-7.427229998E1
1.296125592E1,2.588986179E-1,7.344498442E-1,-3.276764479E-1,-5.349607075E-1,1.499905599E2,1.118840250E2,3.803434012E1,-7.431856991E1
1.297122492E1,2.632165941E-1,7.330399689E-1,-3.288336107E-1,-5.340767721E-1,1.494779812E2,1.115397270E2,3.758157243E1,-7.438906018E1
1.298119392E1,2.677486237E-1,7.314885012E-1,-3.299115163E-1,-5.332856969E-1,1.489393187E2,1.111609249E2,3.712227363E1,-7.446665238E1
1.299116192E1,2.723427250E-1,7.297898990E-1,-3.310592593E-1,-5.325749219E-1,1.483925594E2,1.107624786E2,3.665622739E1,-7.456371285E1
1.300113092E1,2.769250779E-1,7.281124965E-1,-3.321677636E-1,-5.318168897E-1,1.478464617E2,1.103734218E2,3.619064330E1,-7.464771856E1
1.301109992E1,2.812497344E-1,7.264583170E-1,-3.333703817E-1,-5.310566765E-1,1.473303862E2,1.100100437E2,3.573664043E1,-7.473676835E1
1.302106792E1,2.850993643E-1,7.247493045E-1,-3.347825962E-1,-5.304502466E-1,1.468704237E2,1.096700502E2,3.530959455E1,-7.486334640E1
1.303103692E1,2.884457820E-1,7.230238968E-1,-3.362595061E-1,-5.300612733E-1,1.464701398E2,1.093503378E2,3.492534833E1,-7.501998067E1
1.304100492E1,2.911802379E-1,7.212734960E-1,-3.377687425E-1,-5.299913411E-1,1.461427433E2,1.090483934E2,3.459933904E1,-7.521622990E1
1.305097392E1,2.933025108E-1,7.195425882E-1,-3.392363169E-1,-5.302365410E-1,1.458884473E2,1.087662487E2,3.433689013E1,-7.544349744E1
1.306094292E1,2.950573370E-1,7.178990086E-1,-3.404992261E-1,-5.306811059E-1,1.456780488E2,1.084979082E2,3.412617934E1,-7.567079179E1
1.307091092E1,2.965770048E-1,7.163040032E-1,-3.417028558E-1,-5.312154226E-1,1.454957488E2,1.082427445E2,3.394114766E1,-7.590050962E1
1.308087992E1,2.981470276E-1,7.148016788E-1,-3.427542933E-1,-5.316824413E-1,1.453073135E2,1.079953008E2,3.375981478E1,-7.610375260E1
1.309084792E1,2.998172862E-1,7.133019254E-1,-3.438062786E-1,-5.320780527E-1,1.451067415E2,1.077484631E2,3.356663822E1,-7.629740911E1
1.310081692E1,3.016115723E-1,7.117949648E-1,-3.449359406E-1,-5.323509851E-1,1.448911527E2,1.075059398E2,3.335165787E1,-7.648282015E1
1.311078592E1,3.036254436E-1,7.103720029E-1,-3.460471844E-1,-5.323857879E-1,1.446490272E2,1.072760409E2,3.310988337E1,-7.663405218E1
1.312075367E1,3.057082671E-1,7.089803350E-1,-3.473167950E-1,-5.322221633E-1,1.443984400E2,1.070656624E2,3.284136115E1,-7.677433059E1
1.313072267E1,3.079471288E-1,7.077250965E-1,-3.485223845E-1,-5.318138235E-1,1.441288832E2,1.068757412E2,3.255459796E1,-7.687398285E1
1.314069067E1,3.102974899E-1,7.065993753E-1,-3.496513932E-1,-5.312030314E-1,1.438456810E2,1.067045923E2,3.225603276E1,-7.693742772E1
1.315065967E1,3.128796482E-1,7.056728400E-1,-3.505045086E-1,-5.303571547E-1,1.435342851E2,1.065469403E2,3.195046076E1,-7.694015385E1
1.316062867E1,3.156809490E-1,7.048364358E-1,-3.510832270E-1,-5.294258253E-1,1.431961461E2,1.063822127E2,3.164513203E1,-7.690370984E1
1.317059667E1,3.186383091E-1,7.040512400E-1,-3.514436669E-1,-5.284589766E-1,1.428388089E2,1.062086314E2,3.134282117E1,-7.684070603E1
1.318056567E1,3.215904956E-1,7.033044927E-1,-3.516687205E-1,-5.275144973E-1,1.424817228E2,1.060332922E2,3.105228039E1,-7.676650140E1
1.319053367E1,3.244634882E-1,7.026214820E-1,-3.517400962E-1,-5.266170118E-1,1.421338525E2,1.058605973E2,3.078188155E1,-7.668176367E1
1.320050267E1,3.270812606E-1,7.019526852E-1,-3.518318183E-1,-5.258276540E-1,1.418165694E2,1.056980567E2,3.053449913E1,-7.661166634E1
1.321047167E1,3.292563857E-1,7.012149046E-1,-3.522014040E-1,-5.252068204E-1,1.415527053E2,1.055537868E2,3.030723059E1,-7.658986514E1
1.322043967E1,3.311080970E-1,7.004704227E-1,-3.527303469E-1,-5.246807118E-1,1.413279075E2,1.054275763E2,3.009683145E1,-7.659459011E1
1.323040867E1,3.325491293E-1,6.996318585E-1,-3.535645279E-1,-5.243267309E-1,1.411528590E2,1.053163664E2,2.990188227E1,-7.665098743E1
1.324037667E1,3.338213635E-1,6.988160114E-1,-3.544086134E-1,-5.240363497E-1,1.409982368E2,1.052138497E2,2.972196621E1,-7.671517706E1
1.325034567E1,3.349332079E-1,6.980366951E-1,-3.551502504E-1,-5.238631999E-1,1.408630472E2,1.051132075E2,2.956747802E1,-7.678258214E1
1.326031467E1,3.358978545E-1,6.973052260E-1,-3.556156886E-1,-5.239041772E-1,1.407457095E2,1.050020237E2,2.945508654E1,-7.684803497E1
1.327028267E1,3.367677022E-1,6.967075521E-1,-3.556389852E-1,-5.241250899E-1,1.406398662E2,1.048813971E2,2.939241196E1,-7.688979777E1
1.328025167E1,3.373944364E-1,6.961894725E-1,-3.555498973E-1,-5.244707678E-1,1.405635833E2,1.047702304E2,2.936299303E1,-7.693403195E1
1.329021967E1,3.379455380E-1,6.957300718E-1,-3.554711670E-1,-5.247787032E-1,1.404964910E2,1.046718977E2,2.933722036E1,-7.697343619E1
1.330018867E1,3.385388076E-1,6.952418954E-1,-3.555613086E-1,-5.249822619E-1,1.404242494E2,1.045815158E2,2.929042592E1,-7.701697256E1
1.331015767E1,3.390599745E-1,6.945584948E-1,-3.561209661E-1,-5.251711009E-1,1.403607740E2,1.044951922E2,2.921127099E1,-7.710755454E1
1.332012567E1,3.396126461E-1,6.937347979E-1,-3.570149639E-1,-5.252956448E-1,1.402934477E2,1.044106565E2,2.910018114E1,-7.722507836E1
1.333009467E1,3.401353619E-1,6.928069561E-1,-3.581905449E-1,-5.253817825E-1,1.402297575E2,1.043314474E2,2.896726003E1,-7.736683147E1
1.334006367E1,3.406498695E-1,6.919081324E-1,-3.593524492E-1,-5.254395447E-1,1.401670549E2,1.042573047E2,2.883474942E1,-7.750308302E1
1.335003167E1,3.411153604E-1,6.911616696E-1,-3.602768561E-1,-5.254868967E-1,1.401103152E2,1.041924516E2,2.872465265E1,-7.761215290E1
1.336000067E1,3.414910258E-1,6.906483104E-1,-3.608659953E-1,-5.255135651E-1,1.400645171E2,1.041435156E2,2.864786203E1,-7.768191369E1
1.336996867E1,3.418634985E-1,6.904667418E-1,-3.609482659E-1,-5.254535691E-1,1.400191016E2,1.041123787E2,2.860877734E1,-7.768608252E1
1.337993767E1,3.422680661E-1,6.906005896E-1,-3.605337200E-1,-5.252987637E-1,1.399697654E2,1.040962793E2,2.860346239E1,-7.762501929E1
1.338990667E1,3.425660654E-1,6.909527371E-1,-3.598868818E-1,-5.250849738E-1,1.399334201E2,1.041017476E2,2.862322644E1,-7.753034313E1
1.339987467E1,3.427070256E-1,6.914676873E-1,-3.591715655E-1,-5.248048448E-1,1.399162264E2,1.041332028E2,2.865862422E1,-7.741791591E1
1.340984367E1,3.426276104E-1,6.920135206E-1,-3.585606575E-1,-5.245549245E-1,1.399259132E2,1.041821961E2,2.870451638E1,-7.731849156E1
1.341981167E1,3.424099957E-1,6.925122653E-1,-3.580692463E-1,-5.243744201E-1,1.399524556E2,1.042347542E2,2.875455435E1,-7.723975675E1
1.342978067E1,3.422083019E-1,6.930003258E-1,-3.576055467E-1,-5.241777418E-1,1.399770540E2,1.042876029E2,2.880038209E1,-7.716189825E1
1.343974967E1,3.420010342E-1,6.933565088E-1,-3.573530449E-1,-5.240140329E-1,1.400023303E2,1.043341782E2,2.883094296E1,-7.711081820E1
1.344971767E1,3.419260023E-1,6.935709625E-1,-3.571875658E-1,-5.238921548E-1,1.400114799E2,1.043604193E2,2.884549478E1,-7.707597538E1
1.345968667E1,3.418049671E-1,6.935790231E-1,-3.572301658E-1,-5.239314251E-1,1.400262387E2,1.043671491E2,2.885336168E1,-7.708458966E1
1.346965467E1,3.415875947E-1,6.934521400E-1,-3.574056020E-1,-5.241214020E-1,1.400527431E2,1.043618464E2,2.886421973E1,-7.712677216E1
1.347962367E1,3.414270995E-1,6.933577311E-1,-3.574834894E-1,-5.242979130E-1,1.400723109E2,1.043535927E2,2.887778588E1,-7.715737965E1
1.348959267E1,3.412742118E-1,6.932763982E-1,-3.575720715E-1,-5.244444787E-1,1.400909501E2,1.043484571E2,2.888869947E1,-7.718514012E1
1.349956067E1,3.413060011E-1,6.933309573E-1,-3.574939945E-1,-5.244048501E-1,1.400870746E2,1.043514393E2,2.889084834E1,-7.717179675E1
1.350952967E1,3.414176481E-1,6.934774598E-1,-3.574264752E-1,-5.241843800E-1,1.400734632E2,1.043706490E2,2.887868691E1,-7.713581408E1
1.351949767E1,3.414855256E-1,6.936616309E-1,-3.574881045E-1,-5.238544334E-1,1.400651876E2,1.044078226E2,2.885544279E1,-7.709824398E1
1.352946667E1,3.415086642E-1,6.938818166E-1,-3.575878134E-1,-5.234797057E-1,1.400623665E2,1.044552535E2,2.883098000E1,-7.705823038E1
1.353943567E1,3.413843416E-1,6.940796855E-1,-3.577030955E-1,-5.232195648E-1,1.400775238E2,1.045021594E2,2.882157848E1,-7.703394132E1
1.354940367E1,3.412147532E-1,6.943567800E-1,-3.575681203E-1,-5.230546758E-1,1.400981986E2,1.045436610E2,2.883952586E1,-7.699554352E1
1.355937267E1,3.408965339E-1,6.946389531E-1,-3.573162085E-1,-5.230595754E-1,1.401369897E2,1.045788714E2,2.888540748E1,-7.696619813E1
1.356934067E1,3.404325077E-1,6.949022656E-1,-3.570543291E-1,-5.231908944E-1,1.401935461E2,1.046121723E2,2.894876172E1,-7.695141543E1
1.357930967E1,3.400309536E-1,6.951997802E-1,-3.566789271E-1,-5.233127621E-1,1.402424801E2,1.046415754E2,2.901575375E1,-7.692392439E1
1.358927867E1,3.396131624E-1,6.954280686E-1,-3.564250977E-1,-5.234537327E-1,1.402933848E2,1.046686795E2,2.907509495E1,-7.691176692E1
1.359924667E1,3.392247265E-1,6.955953705E-1,-3.562964023E-1,-5.235709115E-1,1.403407055E2,1.046945102E2,2.912115105E1,-7.690997637E1
1.360921567E1,3.389349669E-1,6.957703958E-1,-3.562044063E-1,-5.235886553E-1,1.403760004E2,1.047232261E2,2.915242802E1,-7.689959526E1
1.361918467E1,3.386334905E-1,6.959021574E-1,-3.562772255E-1,-5.235591947E-1,1.404127184E2,1.047576719E2,2.916964658E1,-7.690019501E1
1.362915267E1,3.383346272E-1,6.959869042E-1,-3.564391221E-1,-5.235295654E-1,1.404491140E2,1.047908014E2,2.917954889E1,-7.691027635E1
1.363912167E1,3.380946747E-1,6.961028607E-1,-3.565489884E-1,-5.234555240E-1,1.404783324E2,1.048244678E2,2.918710238E1,-7.690940390E1
1.364908967E1,3.378358930E-1,6.962678867E-1,-3.566319545E-1,-5.233465322E-1,1.405098406E2,1.048651599E2,2.919691244E1,-7.690072623E1
1.365905867E1,3.375841920E-1,6.965457925E-1,-3.566028837E-1,-5.231589787E-1,1.405404837E2,1.049171541E2,2.921192814E1,-7.686951963E1
1.366902767E1,3.372490087E-1,6.968807651E-1,-3.565685867E-1,-5.229523222E-1,1.405812857E2,1.049804487E2,2.923324154E1,-7.683428553E1
1.367899567E1,3.368145800E-1,6.972631002E-1,-3.565226677E-1,-5.227538738E-1,1.406341611E2,1.050530550E2,2.926370381E1,-7.679787925E1
1.368896467E1,3.363144761E-1,6.977208361E-1,-3.563879453E-1,-5.225569532E-1,1.406950192E2,1.051333432E2,2.930646824E1,-7.675149941E1
1.369893267E1,3.357191097E-1,6.982097395E-1,-3.561689503E-1,-5.224362446E-1,1.407674549E2,1.052141910E2,2.936652754E1,-7.670542972E1
1.370890167E1,3.349069399E-1,6.985954043E-1,-3.560014376E-1,-5.225561102E-1,1.408662418E2,1.052841189E2,2.944947664E1,-7.669518335E1
1.371887067E1,3.339973688E-1,6.989721339E-1,-3.557138907E-1,-5.228301069E-1,1.409768400E2,1.053445476E2,2.955589112E1,-7.669200528E1
1.372883867E1,3.330020288E-1,6.993408345E-1,-3.553880956E-1,-5.231934127E-1,1.410978239E2,1.054020893E2,2.967575920E1,-7.669598488E1
1.373880767E1,3.319961627E-1,6.997659065E-1,-3.550252323E-1,-5.235106837E-1,1.412200414E2,1.054674134E2,2.979748214E1,-7.668961738E1
1.374877567E1,3.309862399E-1,7.002347059E-1,-3.547330282E-1,-5.237214179E-1,1.413427057E2,1.055468142E2,2.990955644E1,-7.667619707E1
1.375874467E1,3.299861057E-1,7.007681586E-1,-3.545377619E-1,-5.237710563E-1,1.414641357E2,1.056460351E2,3.000655574E1,-7.665118284E1
1.376871367E1,3.289587973E-1,7.013850409E-1,-3.544403816E-1,-5.236576181E-1,1.415888182E2,1.057692655E2,3.009125450E1,-7.661397977E1
1.377868167E1,3.277940797E-1,7.020310573E-1,-3.544695577E-1,-5.235024650E-1,1.417301206E2,1.059107884E2,3.017507591E1,-7.658307381E1
1.378865067E1,3.264752943E-1,7.026588767E-1,-3.544999877E-1,-5.234637005E-1,1.418900415E2,1.060522180E2,3.027573028E1,-7.656648449E1
1.379861867E1,3.251299247E-1,7.032722820E-1,-3.542603408E-1,-5.236394950E-1,1.420531068E2,1.061703745E2,3.040845311E1,-7.654985804E1
1.380858767E1,3.236837926E-1,7.038279039E-1,-3.538547616E-1,-5.240628917E-1,1.422282960E2,1.062669499E2,3.057235625E1,-7.654815906E1
1.381855667E1,3.222217395E-1,7.044176015E-1,-3.533239853E-1,-5.245295205E-1,1.424053208E2,1.063607685E2,3.074901525E1,-7.653870878E1
1.382852467E1,3.207574316E-1,7.050299215E-1,-3.528769653E-1,-5.249050911E-1,1.425825254E2,1.064661708E2,3.091539381E1,-7.652569091E1
1.383849367E1,3.191987568E-1,7.055809599E-1,-3.527950213E-1,-5.251698576E-1,1.427710480E2,1.065915505E2,3.105604209E1,-7.653572709E1
1.384846167E1,3.176611028E-1,7.061726595E-1,-3.529631451E-1,-5.251940182E-1,1.429569258E2,1.067445870E2,3.116537424E1,-7.653975601E1
1.385843067E1,3.159877781E-1,7.067486173E-1,-3.534826682E-1,-5.250792208E-1,1.431590893E2,1.069257881E2,3.125216894E1,-7.656112995E1
1.386839967E1,3.142568175E-1,7.074661568E-1,-3.540145298E-1,-5.247932017E-1,1.433680912E2,1.071363495E2,3.133519628E1,-7.655954676E1
1.387836767E1,3.122894132E-1,7.083201890E-1,-3.545574128E-1,-5.244492729E-1,1.436054891E2,1.073789716E2,3.143339001E1,-7.654851524E1
1.388833667E1,3.099169039E-1,7.092723495E-1,-3.550556096E-1,-5.242324484E-1,1.438915544E2,1.076458620E2,3.157213982E1,-7.654560242E1
1.389830567E1,3.072605144E-1,7.103427530E-1,-3.551616090E-1,-5.242750589E-1,1.442115726E2,1.079113797E2,3.177437929E1,-7.653234556E1
1.390827367E1,3.042998037E-1,7.114501614E-1,-3.547628576E-1,-5.247700104E-1,1.445679132E2,1.081523647E2,3.205863666E1,-7.652271159E1
1.391824267E1,3.011458813E-1,7.126226657E-1,-3.537786655E-1,-5.256621644E-1,1.449471192E2,1.083662553E2,3.241986977E1,-7.650147637E1
1.392821067E1,2.977932681E-1,7.138374643E-1,-3.524359091E-1,-5.268246587E-1,1.453497804E2,1.085676550E2,3.283545638E1,-7.647606230E1
1.393817967E1,2.941866885E-1,7.150174075E-1,-3.511366060E-1,-5.281168706E-1,1.457824519E2,1.087752157E2,3.327280733E1,-7.647074025E1
1.394814867E1,2.904951935E-1,7.161860974E-1,-3.500223698E-1,-5.293148737E-1,1.462247903E2,1.090009142E2,3.369806121E1,-7.647166704E1
1.395811667E1,2.866970565E-1,7.172551944E-1,-3.494388045E-1,-5.303227207E-1,1.466793669E2,1.092547727E2,3.408258628E1,-7.650326695E1
1.396808567E1,2.829768280E-1,7.183294754E-1,-3.493671127E-1,-5.309137987E-1,1.471240965E2,1.095509872E2,3.440343477E1,-7.653318379E1
1.397805367E1,2.795915509E-1,7.195909095E-1,-3.494760412E-1,-5.309274964E-1,1.475283426E2,1.098931081E2,3.465823653E1,-7.650412309E1
1.398802267E1,2.764422436E-1,7.209021612E-1,-3.496653860E-1,-5.306731086E-1,1.479040382E2,1.102485174E2,3.487599548E1,-7.644801318E1
1.399799167E1,2.735496738E-1,7.223002565E-1,-3.494549046E-1,-5.304093852E-1,1.482487944E2,1.105867609E2,3.510265194E1,-7.634817859E1
1.400795967E1,2.705957065E-1,7.238952196E-1,-3.486746400E-1,-5.302638732E-1,1.486005641E2,1.109256579E2,3.538102888E1,-7.619917340E1
1.401792867E1,2.673417064E-1,7.257189138E-1,-3.473468457E-1,-5.302930493E-1,1.489877121E2,1.112815402E2,3.573003228E1,-7.600784722E1
1.402789667E1,2.638063761E-1,7.277748160E-1,-3.454733550E-1,-5.304696973E-1,1.494079209E2,1.116572815E2,3.614628110E1,-7.576991213E1
1.403786567E1,2.599028192E-1,7.299425970E-1,-3.434626975E-1,-5.307237585E-1,1.498714083E2,1.120643065E2,3.660264320E1,-7.551999324E1
1.404783467E1,2.558287995E-1,7.322295904E-1,-3.414896981E-1,-5.308258593E-1,1.503545981E2,1.125129375E2,3.705971150E1,-7.524680294E1
1.405780267E1,2.516386757E-1,7.344634576E-1,-3.398840718E-1,-5.307733127E-1,1.508509964E2,1.129907898E2,3.748915486E1,-7.498862020E1
1.406777167E1,2.475764466E-1,7.365532459E-1,-3.385347194E-1,-5.306501069E-1,1.513317100E2,1.134621572E2,3.788493280E1,-7.474900915E1
1.407773967E1,2.436055496E-1,7.384540055E-1,-3.374470567E-1,-5.305389973E-1,1.518011180E2,1.139177763E2,3.825404163E1,-7.454084294E1
1.408770867E1,2.397058703E-1,7.402351524E-1,-3.364147750E-1,-5.304885897E-1,1.522616375E2,1.143570288E2,3.861553048E1,-7.434722943E1
1.409767767E1,2.356864624E-1,7.419047788E-1,-3.354608022E-1,-5.305613667E-1,1.527358184E2,1.147895527E2,3.898558778E1,-7.417726620E1
1.410764567E1,2.315906632E-1,7.436465394E-1,-3.343906094E-1,-5.306019647E-1,1.532185223E2,1.152394966E2,3.936639216E1,-7.398518561E1
1.411761467E1,2.274476596E-1,7.454674940E-1,-3.332387782E-1,-5.305637480E-1,1.537062976E2,1.157105315E2,3.975061801E1,-7.376818846E1
1.412758271E1,2.231509992E-1,7.472150920E-1,-3.322758702E-1,-5.305336130E-1,1.542116519E2,1.161930432E2,4.013194890E1,-7.356983619E1
1.413755171E1,2.187081523E-1,7.489030101E-1,-3.314162220E-1,-5.305415998E-1,1.547336642E2,1.166839371E2,4.051759589E1,-7.338461403E1
1.414752071E1,2.139368973E-1,7.504865304E-1,-3.307452653E-1,-5.306679350E-1,1.552936702E2,1.171871287E2,4.091972904E1,-7.323185881E1
1.415748871E1,2.088836166E-1,7.520654778E-1,-3.300116994E-1,-5.309024822E-1,1.558861253E2,1.177067249E2,4.135166123E1,-7.308016672E1
1.416745771E1,2.034606975E-1,7.536225299E-1,-3.292422033E-1,-5.312779790E-1,1.565211909E2,1.182461189E2,4.181982800E1,-7.293583749E1
1.417742671E1,1.978731212E-1,7.552407160E-1,-3.282648179E-1,-5.316953171E-1,1.571747751E2,1.188050965E2,4.231501630E1,-7.276577667E1
1.418739471E1,1.924053157E-1,7.570578984E-1,-3.268414556E-1,-5.319945703E-1,1.578136219E2,1.193878247E2,4.282249445E1,-7.251996176E1
1.419736371E1,1.870903558E-1,7.590478197E-1,-3.250571266E-1,-5.321480586E-1,1.584339417E2,1.199940950E2,4.333175026E1,-7.220396391E1
1.420733171E1,1.817443652E-1,7.610520077E-1,-3.232469827E-1,-5.322408660E-1,1.590572387E2,1.206192942E2,4.383860472E1,-7.186881713E1
1.421730071E1,1.764423654E-1,7.630224361E-1,-3.214464904E-1,-5.322941501E-1,1.596747884E2,1.212510135E2,4.433651024E1,-7.152375264E1
1.422726971E1,1.710604447E-1,7.648384806E-1,-3.199425012E-1,-5.323507322E-1,1.603010375E2,1.218847053E2,4.481869012E1,-7.121000512E1
1.423723771E1,1.657734176E-1,7.665866054E-1,-3.185812844E-1,-5.323251070E-1,1.609156664E2,1.225206540E2,4.527740069E1,-7.089854658E1
1.424720671E1,1.605931484E-1,7.682722686E-1,-3.173906781E-1,-5.321944096E-1,1.615173473E2,1.231599141E2,4.570870828E1,-7.059006595E1
1.425717471E1,1.555519006E-1,7.698966082E-1,-3.163526012E-1,-5.319623280E-1,1.621023879E2,1.237985439E2,4.611176574E1,-7.028405589E1
1.426714371E1,1.505702485E-1,7.714862819E-1,-3.154864202E-1,-5.316068404E-1,1.626800505E2,1.244477504E2,4.648956831E1,-6.997797547E1
1.427711271E1,1.454687307E-1,7.729860354E-1,-3.148845632E-1,-5.312052863E-1,1.632711534E2,1.251100982E2,4.685428042E1,-6.969256268E1
1.428708071E1,1.402672828E-1,7.743674194E-1,-3.143365067E-1,-5.309170229E-1,1.638733739E2,1.257660380E2,4.722847418E1,-6.942596844E1
1.429704971E1,1.349012093E-1,7.756586303E-1,-3.136874452E-1,-5.308064506E-1,1.644941853E2,1.264193088E2,4.763061845E1,-6.916542557E1
1.430701771E1,1.293031173E-1,7.768549686E-1,-3.130393531E-1,-5.308327292E-1,1.651413520E2,1.270799226E2,4.805665917E1,-6.891600840E1
1.431698671E1,1.236830458E-1,7.780103823E-1,-3.123519380E-1,-5.308847806E-1,1.657905806E2,1.277449996E2,4.848674984E1,-6.865965561E1
1.432695571E1,1.181015808E-1,7.791064743E-1,-3.117572249E-1,-5.308978039E-1,1.664348959E2,1.284119845E2,4.890439280E1,-6.840607103E1
1.433692371E1,1.127653683E-1,7.802322166E-1,-3.110582616E-1,-5.308148589E-1,1.670504967E2,1.290771943E2,4.930265118E1,-6.812414375E1
1.434689271E1,1.076544307E-1,7.813393300E-1,-3.103072891E-1,-5.306871961E-1,1.676397573E2,1.297315740E2,4.968346559E1,-6.782924486E1
1.435686071E1,1.027459877E-1,7.824115669E-1,-3.094786609E-1,-5.305643170E-1,1.682053625E2,1.303706716E2,5.005346637E1,-6.752526846E1
1.436682971E1,9.811162560E-2,7.835355391E-1,-3.083604208E-1,-5.304338514E-1,1.687391203E2,1.310005256E2,5.041859400E1,-6.718120038E1
1.437679871E1,9.356235799E-2,7.846761171E-1,-3.071659791E-1,-5.302628827E-1,1.692628391E2,1.316372867E2,5.077701628E1,-6.681623396E1
1.438676671E1,8.903178251E-2,7.857670040E-1,-3.060974300E-1,-5.300451100E-1,1.697841826E2,1.322778989E2,5.112153489E1,-6.645718055E1
1.439673571E1,8.471503907E-2,7.868126041E-1,-3.050385958E-1,-5.298119747E-1,1.702807226E2,1.329003959E2,5.144799150E1,-6.609927714E1
1.440670371E1,8.050547506E-2,7.877216062E-1,-3.042223167E-1,-5.295869737E-1,1.707647579E2,1.334983023E2,5.175316044E1,-6.577871905E1
1.441667271E1,7.638802299E-2,7.885082139E-1,-3.036666737E-1,-5.293450087E-1,1.712380420E2,1.340755229E2,5.203556704E1,-6.549456328E1
1.442664171E1,7.219972206E-2,7.891267400E-1,-3.035094028E-1,-5.291013999E-1,1.717193164E2,1.346391890E2,5.230056250E1,-6.526558063E1
1.443660971E1,6.781980049E-2,7.895721058E-1,-3.038142509E-1,-5.288413749E-1,1.722224534E2,1.352010983E2,5.255219265E1,-6.509569294E1
1.444657871E1,6.341509657E-2,7.900130461E-1,-3.043341745E-1,-5.284302113E-1,1.727282858E2,1.357799284E2,5.278150944E1,-6.493086600E1
1.445654671E1,5.897943580E-2,7.904251580E-1,-3.051285583E-1,-5.278693632E-1,1.732375300E2,1.363714744E2,5.298613269E1,-6.478124128E1
1.446651571E1,5.466732850E-2,7.908058705E-1,-3.060413326E-1,-5.272346527E-1,1.737324612E2,1.369534170E2,5.317018922E1,-6.464193056E1
1.447648471E1,5.053763277E-2,7.911869833E-1,-3.068301319E-1,-5.266158738E-1,1.742063459E2,1.375195207E2,5.334937100E1,-6.449199167E1
1.448645271E1,4.628170723E-2,7.914391058E-1,-3.075580923E-1,-5.262034037E-1,1.746946118E2,1.380706852E2,5.355690938E1,-6.436076927E1
1.449642171E1,4.186438033E-2,7.916106856E-1,-3.081394238E-1,-5.259753049E-1,1.752012930E2,1.386218811E2,5.379756500E1,-6.422852225E1
1.450639071E1,3.742732871E-2,7.917594851E-1,-3.086854572E-1,-5.257655822E-1,1.757101421E2,1.391766866E2,5.404254477E1,-6.409083600E1
1.451635871E1,3.332106663E-2,7.919630543E-1,-3.092750074E-1,-5.253885997E-1,1.761809801E2,1.397175681E2,5.424921469E1,-6.394450393E1
1.452632771E1,2.988525553E-2,7.923103233E-1,-3.098254663E-1,-5.247469139E-1,1.765748920E2,1.402243450E2,5.439071032E1,-6.377489811E1
1.453629571E1,2.695855730E-2,7.927223720E-1,-3.102863631E-1,-5.240102924E-1,1.769104026E2,1.406908049E2,5.449448494E1,-6.359610057E1
1.454626471E1,2.415100821E-2,7.931388039E-1,-3.104609986E-1,-5.234133034E-1,1.772322292E2,1.411407950E2,5.461534505E1,-6.339730631E1
1.455623371E1,2.118696787E-2,7.935970877E-1,-3.100492450E-1,-5.230911539E-1,1.775719706E2,1.416108265E2,5.479645441E1,-6.313685085E1
1.456620171E1,1.799520810E-2,7.940778778E-1,-3.091327407E-1,-5.230234450E-1,1.779377897E2,1.421092264E2,5.503646065E1,-6.281972367E1
1.457617071E1,1.480287935E-2,7.946059357E-1,-3.079318505E-1,-5.230297670E-1,1.783036530E2,1.426221831E2,5.529441632E1,-6.246201887E1
1.458613871E1,1.190715905E-2,7.951904493E-1,-3.066031922E-1,-5.229961128E-1,1.786355078E2,1.431186479E2,5.553393177E1,-6.208520838E1
1.459610771E1,9.340521347E-3,7.957720968E-1,-3.053638852E-1,-5.228884487E-1,1.789296395E2,1.435813666E2,5.574041221E1,-6.172352792E1
1.460607671E1,7.044171379E-3,7.963466216E-1,-3.041692117E-1,-5.227460977E-1,1.791927907E2,1.440140255E2,5.592336964E1,-6.137395148E1
1.461604471E1,4.716548450E-3,7.967918398E-1,-3.033287403E-1,-5.225821675E-1,1.794595214E2,1.444270244E2,5.609022147E1,-6.107861076E1
1.462601371E1,2.211381921E-3,7.971083205E-1,-3.029877302E-1,-5.223139028E-1,1.797465941E2,1.448408968E2,5.623678727E1,-6.084257401E1
1.463598171E1,6.120986809E-4,-7.972857377E-1,3.031387213E-1,5.219598482E-1,1.799298587E2,1.452711040E2,5.637434692E1,-6.066119375E1
1.464595071E1,3.855888730E-3,-7.972451714E-1,3.037369747E-1,5.216598891E-1,1.795581466E2,1.457102161E2,5.652473373E1,-6.054532076E1
1.465591971E1,7.333783449E-3,-7.970455639E-1,3.045391135E-1,5.214600077E-1,1.791596028E2,1.461462966E2,5.669105308E1,-6.046946002E1
1.466588771E1,1.071427680E-2,-7.968293505E-1,3.053290297E-1,5.212698622E-1,1.787722108E2,1.465692588E2,5.685284766E1,-6.039748874E1
1.467585671E1,1.370413209E-2,-7.966934480E-1,3.061640642E-1,5.209176831E-1,1.784295730E2,1.469635623E2,5.697310680E1,-6.032715605E1
1.468582471E1,1.595306685E-2,-7.967461737E-1,3.068800127E-1,5.203515877E-1,1.781718356E2,1.473048672E2,5.703126369E1,-6.023957565E1
1.469579371E1,1.764239683E-2,-7.969229165E-1,3.074474146E-1,5.196911466E-1,1.779782254E2,1.475994482E2,5.705107990E1,-6.013994610E1
1.470576271E1,1.926524016E-2,-7.971228823E-1,3.078830234E-1,5.190682372E-1,1.777922295E2,1.478904763E2,5.707525715E1,-6.002628326E1
1.471573071E1,2.104396361E-2,-7.973401493E-1,3.079849766E-1,5.186050012E-1,1.775883614E2,1.482069032E2,5.713712367E1,-5.986908749E1
1.472569971E1,2.299580524E-2,-7.975659299E-1,3.078358189E-1,5.182634221E-1,1.773646425E2,1.485506492E2,5.723066006E1,-5.967542310E1
1.473566771E1,2.471725112E-2,-7.979121031E-1,3.072547193E-1,5.179959160E-1,1.771673232E2,1.488918831E2,5.733274600E1,-5.942592248E1
1.474563671E1,2.609260815E-2,-7.983122874E-1,3.064512739E-1,5.177879003E-1,1.770096680E2,1.491972624E2,5.742688495E1,-5.916340548E1
1.475560571E1,2.706803374E-2,-7.987528695E-1,3.056329717E-1,5.175419945E-1,1.768978529E2,1.494555737E2,5.749260313E1,-5.891393064E1
1.476557371E1,2.774213043E-2,-7.992169695E-1,3.049218069E-1,5.172092451E-1,1.768205781E2,1.496765609E2,5.752685310E1,-5.868720084E1
1.477554271E1,2.855581749E-2,-7.994507792E-1,3.044901599E-1,5.170578115E-1,1.767272995E2,1.498594080E2,5.757718258E1,-5.853389436E1
1.478551171E1,2.966836785E-2,-7.993380996E-1,3.042566453E-1,5.173068572E-1,1.765997565E2,1.499972885E2,5.767833885E1,-5.846509647E1
1.479547971E1,3.099552996E-2,-7.989070848E-1,3.043412973E-1,5.178446931E-1,1.764476049E2,1.500852128E2,5.780998605E1,-5.849035386E1
1.480544871E1,3.228844776E-2,-7.982950493E-1,3.049054539E-1,5.183774504E-1,1.762993732E2,1.501214743E2,5.792202708E1,-5.860747568E1
1.481541671E1,3.313446145E-2,-7.977266991E-1,3.056712200E-1,5.187479633E-1,1.762023753E2,1.501015705E2,5.798341875E1,-5.876314933E1
1.482538571E1,3.348063459E-2,-7.973061368E-1,3.064837480E-1,5.188928010E-1,1.761626847E2,1.500446856E2,5.798997567E1,-5.892040876E1
1.483535471E1,3.346053055E-2,-7.971167288E-1,3.069954108E-1,5.188826436E-1,1.761649898E2,1.499926657E2,5.796935342E1,-5.901675941E1
1.484532271E1,3.335783975E-2,-7.970827795E-1,3.070483261E-1,5.189101444E-1,1.761767639E2,1.499680882E2,5.796385391E1,-5.903741782E1
1.485529171E1,3.345397671E-2,-7.970489356E-1,3.069865810E-1,5.189922465E-1,1.761657412E2,1.499735567E2,5.798013090E1,-5.903370391E1
1.486525971E1,3.350309886E-2,-7.971549349E-1,3.068076676E-1,5.189322504E-1,1.761601091E2,1.500087690E2,5.798364792E1,-5.898695535E1
1.487522871E1,3.337025200E-2,-7.973587360E-1,3.065925712E-1,5.187546015E-1,1.761753407E2,1.500421474E2,5.796553368E1,-5.892459703E1
1.488519771E1,3.295318786E-2,-7.976085404E-1,3.063607214E-1,5.185342788E-1,1.762231591E2,1.500442389E2,5.792631163E1,-5.886893012E1
1.489516571E1,3.212072438E-2,-7.979840478E-1,3.060338515E-1,5.182016770E-1,1.763186029E2,1.500161200E2,5.785382632E1,-5.880147938E1
1.490513471E1,3.105837092E-2,-7.984340918E-1,3.057768400E-1,5.177247854E-1,1.764404004E2,1.499731616E2,5.775045923E1,-5.873722826E1
1.491510271E1,3.000944122E-2,-7.988077025E-1,3.055812576E-1,5.173255072E-1,1.765606550E2,1.499124843E2,5.765349562E1,-5.869670220E1
1.492507171E1,2.919849371E-2,-7.989726021E-1,3.055457488E-1,5.171383752E-1,1.766536235E2,1.498334352E2,5.758650929E1,-5.870702950E1
1.493504071E1,2.862993272E-2,-7.989889761E-1,3.057213115E-1,5.170409317E-1,1.767188030E2,1.497527392E2,5.753564730E1,-5.875724423E1
1.494500871E1,2.816248203E-2,-7.989246600E-1,3.060075729E-1,5.169967618E-1,1.767723905E2,1.496666064E2,5.749225304E1,-5.883082749E1
1.495497771E1,2.773056112E-2,-7.987743222E-1,3.062812324E-1,5.170903699E-1,1.768219044E2,1.495632738E2,5.746506920E1,-5.892239432E1
1.496494571E1,2.716678381E-2,-7.986111718E-1,3.063582347E-1,5.173265819E-1,1.768865328E2,1.494361332E2,5.745094449E1,-5.900818455E1
1.497491471E1,2.632723966E-2,-7.984626884E-1,3.063480773E-1,5.176051094E-1,1.769827719E2,1.492715207E2,5.742712129E1,-5.910056778E1
1.498488371E1,2.518084538E-2,-7.983487023E-1,3.064752133E-1,5.177626543E-1,1.771141826E2,1.490716484E2,5.736731329E1,-5.921610327E1
1.499485171E1,2.377594340E-2,-7.983363743E-1,3.067574497E-1,5.176810791E-1,1.772752208E2,1.488624187E2,5.726219823E1,-5.933535549E1
1.500482071E1,2.222496045E-2,-7.984568932E-1,3.070074015E-1,5.174159965E-1,1.774529974E2,1.486682129E2,5.713116528E1,-5.942595396E1
1.501478871E1,2.062784777E-2,-7.986644875E-1,3.070976169E-1,5.171079873E-1,1.776360551E2,1.484907532E2,5.699900369E1,-5.948191663E1
1.502475771E1,1.882701830E-2,-7.990262339E-1,3.067126054E-1,5.168463186E-1,1.778424551E2,1.483222181E2,5.687669308E1,-5.946910805E1
1.503472671E1,1.669807562E-2,-7.995314482E-1,3.056540873E-1,5.167652913E-1,1.780864526E2,1.481402388E2,5.677735906E1,-5.938084209E1
1.504469471E1,1.439007205E-2,-7.999411156E-1,3.041979137E-1,5.170597292E-1,1.783509623E2,1.479059104E2,5.671901615E1,-5.929178340E1
1.505466371E1,1.188703393E-2,-8.002326664E-1,3.024178205E-1,5.177160188E-1,1.786378142E2,1.476121428E2,5.669675255E1,-5.921461664E1
1.506463271E1,9.257344541E-3,-8.004211682E-1,3.004901711E-1,5.186000700E-1,1.789391713E2,1.472744691E2,5.669510257E1,-5.915633387E1
1.507460071E1,6.626706845E-3,-8.004927757E-1,2.984887437E-1,5.196844242E-1,1.792406298E2,1.469077515E2,5.671627190E1,-5.911932440E1
1.508456971E1,4.170662468E-3,-8.004087981E-1,2.966710555E-1,5.208786340E-1,1.795220759E2,1.465279981E2,5.675210640E1,-5.912580055E1
1.509453771E1,1.895154117E-3,-8.002270609E-1,2.952549214E-1,5.219748314E-1,1.797828312E2,1.461521881E2,5.677401323E1,-5.918010879E1
1.510450671E1,3.137411403E-4,8.000460823E-1,-2.942204692E-1,-5.228388207E-1,1.799640479E2,1.457901610E2,5.676249240E1,-5.926185887E1
1.511447571E1,2.434233383E-3,7.998675272E-1,-2.936554696E-1,-5.234237347E-1,1.797210571E2,1.454461508E2,5.671067577E1,-5.937670040E1
1.512444417E1,4.500271897E-3,7.997174001E-1,-2.935040781E-1,-5.237243682E-1,1.794843051E2,1.451223982E2,5.661805448E1,-5.951453759E1
1.513441317E1,6.700674564E-3,7.996917959E-1,-2.933707887E-1,-5.238145624E-1,1.792321535E2,1.448159721E2,5.649616238E1,-5.962686096E1
1.514438117E1,8.980882288E-3,7.997816951E-1,-2.932519767E-1,-5.237097221E-1,1.789708529E2,1.445321782E2,5.635016309E1,-5.971244708E1
1.515435017E1,1.145433331E-2,8.000613605E-1,-2.929440729E-1,-5.234064545E-1,1.786874014E2,1.442737469E2,5.618137607E1,-5.974098553E1
1.516431917E1,1.417067663E-2,8.005659848E-1,-2.924053098E-1,-5.228693983E-1,1.783761057E2,1.440430535E2,5.598547109E1,-5.970247371E1
1.517428717E1,1.720236266E-2,8.013226261E-1,-2.915881456E-1,-5.220752884E-1,1.780286572E2,1.438372901E2,5.575811697E1,-5.958956608E1
1.518425617E1,2.061235881E-2,8.022735433E-1,-2.904673766E-1,-5.211151200E-1,1.776378304E2,1.436330330E2,5.550537415E1,-5.941755814E1
1.519422417E1,2.419117415E-2,8.032513923E-1,-2.892615974E-1,-5.201245848E-1,1.772276252E2,1.434163620E2,5.524391908E1,-5.923638830E1
1.520419317E1,2.766763588E-2,8.041187323E-1,-2.881702891E-1,-5.192161727E-1,1.768291178E2,1.431885962E2,5.499249636E1,-5.908432502E1
1.521416217E1,3.088710720E-2,8.047831774E-1,-2.873393640E-1,-5.184651580E-1,1.764600352E2,1.429469150E2,5.476115559E1,-5.898956309E1
1.522413017E1,3.372637179E-2,8.051198675E-1,-2.870092488E-1,-5.179480161E-1,1.761345094E2,1.426771496E2,5.455384772E1,-5.899755643E1
1.523409917E1,3.627570822E-2,8.051073920E-1,-2.869813476E-1,-5.178107017E-1,1.758421978E2,1.423601375E2,5.438669334E1,-5.910155896E1
1.524406717E1,3.853806675E-2,8.047684892E-1,-2.871401147E-1,-5.180858785E-1,1.755827690E2,1.419996510E2,5.426694437E1,-5.928708107E1
1.525403617E1,4.064092054E-2,8.042487342E-1,-2.873927429E-1,-5.185920411E-1,1.753416106E2,1.416158972E2,5.417359708E1,-5.951621172E1
1.526400517E1,4.290858958E-2,8.038105335E-1,-2.875717406E-1,-5.189892751E-1,1.750815278E2,1.412350036E2,5.406267664E1,-5.972282608E1
1.527397317E1,4.533100077E-2,8.033901186E-1,-2.878144643E-1,-5.192997499E-1,1.748036693E2,1.408443942E2,5.393082370E1,-5.993250706E1
1.528394217E1,4.788663815E-2,8.028874543E-1,-2.880398867E-1,-5.197227146E-1,1.745104961E2,1.404201386E2,5.380105343E1,-6.016261444E1
1.529391017E1,5.046750042E-2,8.023149525E-1,-2.883215752E-1,-5.202061389E-1,1.742143927E2,1.399796572E2,5.367177901E1,-6.041152917E1
1.530387917E1,5.299793398E-2,8.017025378E-1,-2.887858859E-1,-5.206408626E-1,1.739240375E2,1.395419340E2,5.353191749E1,-6.067844247E1
1.531384817E1,5.563752788E-2,8.011071924E-1,-2.891485806E-1,-5.210805174E-1,1.736211150E2,1.390983514E2,5.338944990E1,-6.093306830E1
1.532381617E1,5.831914219E-2,8.004715548E-1,-2.894863244E-1,-5.215763540E-1,1.733133245E2,1.386433318E2,5.324952782E1,-6.119308685E1
1.533378517E1,6.122067876E-2,7.999202740E-1,-2.897129902E-1,-5.219636204E-1,1.729802373E2,1.381878253E2,5.309055901E1,-6.142592970E1
1.534375317E1,6.443382805E-2,7.995056754E-1,-2.898994057E-1,-5.221084791E-1,1.726113085E2,1.377377365E2,5.289190790E1,-6.162501579E1
1.535372217E1,6.784167471E-2,7.990905290E-1,-2.902638916E-1,-5.221099331E-1,1.722199410E2,1.372766072E2,5.265924439E1,-6.183552066E1
1.536369117E1,7.133520591E-2,7.985914260E-1,-2.907657763E-1,-5.221286253E-1,1.718186387E2,1.367948238E2,5.241517490E1,-6.207161596E1
1.537365917E1,7.475833079E-2,7.979617099E-1,-2.915073501E-1,-5.221990105E-1,1.714253266E2,1.363000743E2,5.216723845E1,-6.234764045E1
1.538362817E1,7.829194365E-2,7.972968855E-1,-2.924070167E-1,-5.221935525E-1,1.710192133E2,1.357969702E2,5.189678141E1,-6.263722691E1
1.539359617E1,8.217529105E-2,7.966693400E-1,-2.932867690E-1,-5.220612325E-1,1.705727749E2,1.352763791E2,5.159308668E1,-6.291386474E1
1.540356517E1,8.645155245E-2,7.960471893E-1,-2.940725337E-1,-5.218775986E-1,1.700810000E2,1.347255267E2,5.126353624E1,-6.317963105E1
1.541353417E1,9.114624775E-2,7.955050123E-1,-2.944935808E-1,-5.216682552E-1,1.695408934E2,1.341540965E2,5.092263096E1,-6.339817826E1
1.542350217E1,9.609097924E-2,7.950582768E-1,-2.944812528E-1,-5.214687953E-1,1.689717688E2,1.335801647E2,5.058814085E1,-6.355893373E1
1.543347117E1,1.010396936E-1,7.946314135E-1,-2.939915064E-1,-5.214604502E-1,1.684019124E2,1.330052368E2,5.029358983E1,-6.367617019E1
1.544344017E1,1.057438509E-1,7.940337079E-1,-2.932438003E-1,-5.218588854E-1,1.678599507E2,1.324097951E2,5.006111433E1,-6.380902947E1
1.545340817E1,1.104962242E-1,7.933285701E-1,-2.921679809E-1,-5.225497355E-1,1.673121570E2,1.317802054E2,4.986611697E1,-6.394105855E1
1.546337717E1,1.155023636E-1,7.925322265E-1,-2.910873568E-1,-5.232780541E-1,1.667347971E2,1.311143316E2,4.965737018E1,-6.408722925E1
1.547334517E1,1.210725965E-1,7.916830728E-1,-2.900049203E-1,-5.239050939E-1,1.660919816E2,1.303976361E2,4.940343241E1,-6.423678688E1
1.548331417E1,1.270342260E-1,7.906521820E-1,-2.891608665E-1,-5.245163075E-1,1.654035100E2,1.296245182E2,4.910873444E1,-6.443076907E1
1.549328317E1,1.331586057E-1,7.894656007E-1,-2.884706486E-1,-5.251643363E-1,1.646956911E2,1.288195994E2,4.879641192E1,-6.465593608E1
1.550325117E1,1.391553014E-1,7.882382423E-1,-2.878871255E-1,-5.257730211E-1,1.640020597E2,1.280331408E2,4.848193508E1,-6.488240972E1
1.551322017E1,1.446566031E-1,7.870326949E-1,-2.875836471E-1,-5.262600279E-1,1.633652113E2,1.273139005E2,4.817335468E1,-6.510832602E1
1.552318817E1,1.494037923E-1,7.857792477E-1,-2.877900824E-1,-5.266938665E-1,1.628152459E2,1.266703930E2,4.787953768E1,-6.536759719E1
1.553315717E1,1.534740399E-1,7.843468449E-1,-2.885748567E-1,-5.272288786E-1,1.623433874E2,1.260655404E2,4.760236021E1,-6.569665000E1
1.554312617E1,1.570866992E-1,7.826373898E-1,-2.900772022E-1,-5.278803846E-1,1.619243239E2,1.254654152E2,4.731932719E1,-6.612358975E1
1.555309417E1,1.607617990E-1,7.808480664E-1,-2.920340171E-1,-5.283446532E-1,1.614977670E2,1.248722852E2,4.698859850E1,-6.657948698E1
1.556306317E1,1.648783449E-1,7.791926435E-1,-2.942445140E-1,-5.282936345E-1,1.610196653E2,1.243060950E2,4.657342694E1,-6.699512225E1
1.557303117E1,1.698704706E-1,7.778743955E-1,-2.961775159E-1,-5.275739349E-1,1.604394239E2,1.237652938E2,4.606677389E1,-6.728745745E1
1.558300017E1,1.756399421E-1,7.767806005E-1,-2.977161288E-1,-5.264290263E-1,1.597681981E2,1.232252257E2,4.550061913E1,-6.747771878E1
1.559296917E1,1.818460866E-1,7.757823734E-1,-2.988160140E-1,-5.251693202E-1,1.590453847E2,1.226748624E2,4.492310505E1,-6.760057160E1
1.560293717E1,1.880525683E-1,7.747888458E-1,-2.996364867E-1,-5.239812638E-1,1.583216878E2,1.221262525E2,4.436725147E1,-6.769475948E1
1.561290617E1,1.938910448E-1,7.736637146E-1,-3.004128106E-1,-5.230706811E-1,1.576401024E2,1.215793442E2,4.385747988E1,-6.781283595E1
1.562287417E1,1.991576412E-1,7.722892005E-1,-3.013484917E-1,-5.225844645E-1,1.570245910E2,1.210272046E2,4.340421556E1,-6.799757803E1
1.563284317E1,2.040258130E-1,7.706914767E-1,-3.024151652E-1,-5.224491310E-1,1.564550460E2,1.204637171E2,4.299176089E1,-6.823826949E1
1.564281217E1,2.086568455E-1,7.689440894E-1,-3.036320080E-1,-5.224891494E-1,1.559126969E2,1.198976508E2,4.259565083E1,-6.851454898E1
1.565278017E1,2.133727196E-1,7.672472362E-1,-3.046892406E-1,-5.224636295E-1,1.553598483E2,1.193406791E2,4.219785134E1,-6.875933148E1
1.566274917E1,2.182146865E-1,7.656393129E-1,-3.056471752E-1,-5.222628735E-1,1.547916109E2,1.188024046E2,4.178494529E1,-6.896500214E1
1.567271817E1,2.230924783E-1,7.640356042E-1,-3.067282630E-1,-5.219167952E-1,1.542185313E2,1.182807358E2,4.135087568E1,-6.916159309E1
1.568268617E1,2.280067692E-1,7.624493654E-1,-3.078475147E-1,-5.214536330E-1,1.536404995E2,1.177738297E2,4.090307273E1,-6.934300697E1
1.569265517E1,2.326916443E-1,7.608145524E-1,-3.092103120E-1,-5.209651510E-1,1.530888159E2,1.172908353E2,4.045227409E1,-6.954183656E1
1.570262317E1,2.370581421E-1,7.591052869E-1,-3.108538283E-1,-5.205116509E-1,1.525740514E2,1.168317809E2,4.000582078E1,-6.976940216E1
1.571259217E1,2.411548895E-1,7.573907321E-1,-3.126801566E-1,-5.200332947E-1,1.520905742E2,1.164032935E2,3.956313505E1,-7.000618901E1
1.572256117E1,2.449726353E-1,7.556826467E-1,-3.147024889E-1,-5.195136241E-1,1.516395669E2,1.160084446E2,3.912304307E1,-7.025136700E1
1.573252917E1,2.487789804E-1,7.541535802E-1,-3.165214415E-1,-5.188211724E-1,1.511894594E2,1.156479361E2,3.868614561E1,-7.044438460E1
1.574249817E1,2.526399268E-1,7.527795297E-1,-3.181054676E-1,-5.179817336E-1,1.507324308E2,1.153107724E2,3.825188661E1,-7.058741857E1
1.575246617E1,2.566599986E-1,7.515539415E-1,-3.193480831E-1,-5.170193314E-1,1.502560597E2,1.149838286E2,3.782183095E1,-7.067423189E1
1.576243517E1,2.608981698E-1,7.504396420E-1,-3.201856463E-1,-5.159976391E-1,1.497532739E2,1.146522334E2,3.740018963E1,-7.070837530E1
1.577240417E1,2.650678312E-1,7.492497100E-1,-3.209587460E-1,-5.151207423E-1,1.492580332E2,1.143087502E2,3.699579840E1,-7.075341868E1
1.578237217E1,2.690282758E-1,7.479517768E-1,-3.218385825E-1,-5.144045093E-1,1.487870964E2,1.139625734E2,3.660765825E1,-7.082855668E1
1.579234117E1,2.726224431E-1,7.464522551E-1,-3.231749959E-1,-5.138521643E-1,1.483592455E2,1.136227253E2,3.622251316E1,-7.097124977E1
1.580230917E1,2.759824215E-1,7.447888244E-1,-3.249372188E-1,-5.133606162E-1,1.479588628E2,1.132911268E2,3.582677131E1,-7.116540212E1
1.581227817E1,2.793542115E-1,7.430667463E-1,-3.269248220E-1,-5.127700124E-1,1.475566684E2,1.129687141E2,3.540758227E1,-7.136988106E1
1.582224717E1,2.827121036E-1,7.412928697E-1,-3.291963686E-1,-5.120435166E-1,1.471557231E2,1.126623255E2,3.496058721E1,-7.158575559E1
1.583221517E1,2.861449117E-1,7.395009332E-1,-3.315427047E-1,-5.112131078E-1,1.467454048E2,1.123623133E2,3.449585568E1,-7.179524172E1
1.584218417E1,2.895753280E-1,7.376347972E-1,-3.338749006E-1,-5.104591850E-1,1.463349335E2,1.120537473E2,3.403512568E1,-7.201183263E1
1.585215217E1,2.928839083E-1,7.356886033E-1,-3.361453724E-1,-5.098896441E-1,1.459386189E2,1.117355089E2,3.359623802E1,-7.224287214E1
1.586212117E1,2.962068501E-1,7.337997923E-1,-3.381838047E-1,-5.093438424E-1,1.455401610E2,1.114184280E2,3.317294836E1,-7.244949896E1
1.587209017E1,2.996691400E-1,7.320591485E-1,-3.398962944E-1,-5.086829693E-1,1.451245360E2,1.111093774E2,3.275577111E1,-7.260459766E1
1.588205817E1,3.031784236E-1,7.305332429E-1,-3.414060156E-1,-5.077854416E-1,1.447027860E2,1.108317128E2,3.233675122E1,-7.270468225E1
1.589202717E1,3.066145402E-1,7.292378385E-1,-3.428514628E-1,-5.066089018E-1,1.442893502E2,1.106006018E2,3.191295457E1,-7.275843692E1
1.590199517E1,3.099693451E-1,7.281739888E-1,-3.441531893E-1,-5.052129982E-1,1.438852338E2,1.104095047E2,3.149418661E1,-7.276562914E1
1.591196417E1,3.130355915E-1,7.271513376E-1,-3.454857041E-1,-5.038841291E-1,1.435154702E2,1.102388460E2,3.109786312E1,-7.278108175E1
1.592193317E1,3.158934534E-1,7.261148413E-1,-3.466974470E-1,-5.027618744E-1,1.431704816E2,1.100643868E2,3.073624873E1,-7.280746168E1
1.593190117E1,3.185418349E-1,7.250226478E-1,-3.477619078E-1,-5.019312865E-1,1.428504717E2,1.098757961E2,3.041567209E1,-7.285271430E1
1.594187017E1,3.209986169E-1,7.238508179E-1,-3.486795923E-1,-5.014204245E-1,1.425533445E2,1.096678496E2,3.013610642E1,-7.292053205E1
1.595183817E1,3.234415115E-1,7.227194279E-1,-3.492880242E-1,-5.010589942E-1,1.422576377E2,1.094466713E2,2.988770130E1,-7.297317477E1
1.596180717E1,3.257394103E-1,7.216120616E-1,-3.498370290E-1,-5.007833855E-1,1.419792441E2,1.092306012E2,2.965862321E1,-7.302810962E1
1.597177617E1,3.279373527E-1,7.206384273E-1,-3.502885482E-1,-5.004352683E-1,1.417127422E2,1.090359972E2,2.944056023E1,-7.306133653E1
1.598174417E1,3.297995901E-1,7.197022615E-1,-3.509174635E-1,-5.001177129E-1,1.414867762E2,1.088703910E2,2.923592060E1,-7.311324130E1
1.599171317E1,3.312964618E-1,7.188514220E-1,-3.517518657E-1,-4.997660554E-1,1.413050313E2,1.087451364E2,2.904174850E1,-7.317821247E1
1.600168217E1,3.325422488E-1,7.181149480E-1,-3.527139940E-1,-4.993189511E-1,1.411536950E2,1.086570540E2,2.885222302E1,-7.324144793E1
1.601165017E1,3.336793814E-1,7.174249830E-1,-3.537016000E-1,-4.988533021E-1,1.410154964E2,1.085826019E2,2.866801631E1,-7.330361622E1
1.602161917E1,3.348434141E-1,7.168286051E-1,-3.544357981E-1,-4.984093905E-1,1.408739674E2,1.085060573E2,2.850185620E1,-7.334125975E1
1.603158717E1,3.359824854E-1,7.164256812E-1,-3.547699383E-1,-4.979842868E-1,1.407354131E2,1.084351985E2,2.836875834E1,-7.333744736E1
1.604155617E1,3.369538648E-1,7.162636898E-1,-3.547783466E-1,-4.975547472E-1,1.406172093E2,1.083869967E2,2.827297963E1,-7.329561547E1
1.605152517E1,3.377924185E-1,7.163808370E-1,-3.544239970E-1,-4.970697213E-1,1.405151335E2,1.083647188E2,2.821223624E1,-7.320576458E1
1.606149317E1,3.384200641E-1,7.165094902E-1,-3.540165002E-1,-4.967478932E-1,1.404387099E2,1.083446085E2,2.817957639E1,-7.312840349E1
1.607146217E1,3.390356031E-1,7.165192261E-1,-3.536138713E-1,-4.966008586E-1,1.403637426E2,1.083033131E2,2.815592907E1,-7.307370205E1
1.608143017E1,3.398445486E-1,7.164090543E-1,-3.531435125E-1,-4.965414527E-1,1.402651932E2,1.082310919E2,2.812688750E1,-7.302525670E1
1.609139917E1,3.406678925E-1,7.160798874E-1,-3.528806847E-1,-4.966388488E-1,1.401648582E2,1.081345209E2,2.808857312E1,-7.301943744E1
1.610136817E1,3.414975006E-1,7.156072737E-1,-3.527978030E-1,-4.968091326E-1,1.400637276E2,1.080255717E2,2.803957545E1,-7.304243537E1
1.611133617E1,3.420964442E-1,7.149458843E-1,-3.531694750E-1,-4.970850733E-1,1.399906953E2,1.079217510E2,2.797860406E1,-7.312510088E1
1.612130517E1,3.422936440E-1,7.141303006E-1,-3.541102348E-1,-4.974524726E-1,1.399666460E2,1.078417039E2,2.790924458E1,-7.327588013E1
1.613127258E1,3.421476947E-1,7.132708842E-1,-3.554567001E-1,-4.978254248E-1,1.399844453E2,1.077921910E2,2.783528948E1,-7.346703257E1
1.614124158E1,3.416929197E-1,7.123408508E-1,-3.571747110E-1,-4.982396546E-1,1.400399010E2,1.077653822E2,2.775843353E1,-7.370002702E1
1.615121058E1,3.413278121E-1,7.114767034E-1,-3.586778046E-1,-4.986445488E-1,1.400844156E2,1.077329649E2,2.769045492E1,-7.390985871E1
1.616117858E1,3.410694045E-1,7.106278975E-1,-3.598191940E-1,-4.992092797E-1,1.401159173E2,1.076734979E2,2.764923857E1,-7.410228761E1
1.617114758E1,3.408539077E-1,7.097865621E-1,-3.606183825E-1,-4.999761416E-1,1.401421855E2,1.075879207E2,2.764011090E1,-7.428406381E1
1.618111558E1,3.407039544E-1,7.090051595E-1,-3.611120064E-1,-5.008298629E-1,1.401604629E2,1.074880042E2,2.765311253E1,-7.444478723E1
1.619108458E1,3.405037885E-1,7.081597886E-1,-3.617556625E-1,-5.016968762E-1,1.401848589E2,1.073895675E2,2.765876764E1,-7.462310041E1
1.620105358E1,3.404238202E-1,7.073155240E-1,-3.625930151E-1,-5.023373134E-1,1.401946048E2,1.073050125E2,2.762944220E1,-7.479487349E1
1.621102158E1,3.404687698E-1,7.064587312E-1,-3.637429813E-1,-5.026807892E-1,1.401891268E2,1.072415882E2,2.755243725E1,-7.496384542E1
1.622099058E1,3.404708033E-1,7.055209955E-1,-3.653464687E-1,-5.028337717E-1,1.401888789E2,1.072016557E2,2.743486575E1,-7.515704871E1
1.623095858E1,3.405307941E-1,7.046018043E-1,-3.671367509E-1,-5.027778270E-1,1.401815676E2,1.071803031E2,2.728865481E1,-7.534442392E1
1.624092758E1,3.405955896E-1,7.036997985E-1,-3.689299939E-1,-5.026848774E-1,1.401736705E2,1.071633711E2,2.714002281E1,-7.552757393E1
1.625089658E1,3.406183489E-1,7.029001780E-1,-3.704397046E-1,-5.026777967E-1,1.401708966E2,1.071433479E2,2.702038670E1,-7.569063567E1
1.626086458E1,3.406722442E-1,7.023878725E-1,-3.713233238E-1,-5.027053292E-1,1.401643278E2,1.071233844E2,2.694848156E1,-7.579057443E1
1.627083358E1,3.406481468E-1,7.021931962E-1,-3.716047383E-1,-5.027858191E-1,1.401672648E2,1.071121424E2,2.693199482E1,-7.583114521E1
1.628080258E1,3.406474671E-1,7.024405877E-1,-3.711579922E-1,-5.027705672E-1,1.401673477E2,1.071196092E2,2.696620311E1,-7.578071096E1
1.629077058E1,3.406014744E-1,7.030032376E-1,-3.702696315E-1,-5.026703104E-1,1.401729533E2,1.071481391E2,2.703462991E1,-7.567105523E1
1.630073958E1,3.405495547E-1,7.037885387E-1,-3.690961579E-1,-5.024696018E-1,1.401792811E2,1.071937494E2,2.712115917E1,-7.551759930E1
1.631070758E1,3.404050069E-1,7.046408639E-1,-3.678681357E-1,-5.022734346E-1,1.401968976E2,1.072491943E2,2.721923322E1,-7.535785281E1
1.632067658E1,3.401561613E-1,7.055013024E-1,-3.666158158E-1,-5.021498706E-1,1.402272229E2,1.073066579E2,2.733043519E1,-7.520363708E1
1.633064558E1,3.396446356E-1,7.062222137E-1,-3.655890027E-1,-5.022315828E-1,1.402895503E2,1.073625562E2,2.745381835E1,-7.509726069E1
1.634061358E1,3.389406251E-1,7.067847055E-1,-3.648220144E-1,-5.024734952E-1,1.403753112E2,1.074147848E2,2.757925636E1,-7.503741978E1
1.635058258E1,3.381809493E-1,7.071858592E-1,-3.643186124E-1,-5.027859087E-1,1.404678273E2,1.074604327E2,2.769177510E1,-7.501456477E1
1.636055058E1,3.374243923E-1,7.074110604E-1,-3.641836055E-1,-5.030750571E-1,1.405599368E2,1.075040234E2,2.777449690E1,-7.502872489E1
1.637051958E1,3.368934105E-1,7.075798901E-1,-3.642746532E-1,-5.031278408E-1,1.406245671E2,1.075516218E2,2.781141231E1,-7.503954217E1
1.638048858E1,3.366382692E-1,7.076494535E-1,-3.646136614E-1,-5.029551915E-1,1.406556178E2,1.075962339E2,2.779737474E1,-7.505136157E1
1.639045658E1,3.366486742E-1,7.076485368E-1,-3.650336021E-1,-5.026446166E-1,1.406543516E2,1.076297864E2,2.775005038E1,-7.505721993E1
1.640042558E1,3.368556732E-1,7.076843721E-1,-3.653136995E-1,-5.022520029E-1,1.406291599E2,1.076551621E2,2.769441914E1,-7.503957613E1
1.641039358E1,3.370164108E-1,7.077441996E-1,-3.655253820E-1,-5.019055664E-1,1.406095968E2,1.076802147E2,2.764975323E1,-7.501996371E1
1.642036258E1,3.370859425E-1,7.079022081E-1,-3.654881664E-1,-5.016632325E-1,1.406011339E2,1.077046162E2,2.763615601E1,-7.498566178E1
1.643033158E1,3.369494447E-1,7.081411386E-1,-3.652393735E-1,-5.015989428E-1,1.406177473E2,1.077303786E2,2.766307104E1,-7.494888393E1
1.644029958E1,3.365220282E-1,7.084616865E-1,-3.648855297E-1,-5.016907860E-1,1.406697634E2,1.077678710E2,2.772791511E1,-7.491744570E1
1.645026858E1,3.359370247E-1,7.089595040E-1,-3.643464925E-1,-5.017713761E-1,1.407409440E2,1.078257391E2,2.781875807E1,-7.486264483E1
1.646023658E1,3.352042227E-1,7.095379905E-1,-3.637878150E-1,-5.018489632E-1,1.408300858E2,1.078997631E2,2.792240624E1,-7.480360826E1
1.647020558E1,3.344778165E-1,7.101980102E-1,-3.631477729E-1,-5.018635091E-1,1.409184253E2,1.079824062E2,2.802879100E1,-7.472761209E1
1.648017458E1,3.337474011E-1,7.108398961E-1,-3.625367385E-1,-5.018828229E-1,1.410072279E2,1.080645765E2,2.813335131E1,-7.465524269E1
1.649014258E1,3.330768184E-1,7.114426382E-1,-3.619670395E-1,-5.018855466E-1,1.410887348E2,1.081421608E2,2.822920308E1,-7.458583587E1
1.650011158E1,3.324287685E-1,7.119572723E-1,-3.615404080E-1,-5.018929645E-1,1.411674834E2,1.082149104E2,2.831246997E1,-7.453280716E1
1.651008058E1,3.318121759E-1,7.124303075E-1,-3.612332629E-1,-5.018508018E-1,1.412423917E2,1.082891844E2,2.838176662E1,-7.448673189E1
1.652004858E1,3.312278888E-1,7.129145432E-1,-3.609735856E-1,-5.017359569E-1,1.413133594E2,1.083688718E2,2.844146479E1,-7.443680649E1
1.653001758E1,3.306471000E-1,7.134304943E-1,-3.607190292E-1,-5.015686392E-1,1.413838870E2,1.084549381E2,2.849795039E1,-7.438067674E1
1.653998558E1,3.299372206E-1,7.139585206E-1,-3.605323081E-1,-5.014191443E-1,1.414700698E2,1.085513628E2,2.856000600E1,-7.433268304E1
1.654995458E1,3.291021809E-1,7.145284830E-1,-3.603229542E-1,-5.013064700E-1,1.415714188E2,1.086564798E2,2.863508258E1,-7.428540969E1
1.655992358E1,3.280488258E-1,7.150691638E-1,-3.601719631E-1,-5.013345609E-1,1.416992203E2,1.087655009E2,2.872915628E1,-7.425997825E1
1.656989158E1,3.268310032E-1,7.156312553E-1,-3.599232756E-1,-5.015062987E-1,1.418469146E2,1.088745006E2,2.885005111E1,-7.424030798E1
1.657986058E1,3.255216428E-1,7.163031603E-1,-3.594366481E-1,-5.017477422E-1,1.420056369E2,1.089874896E2,2.899924994E1,-7.420234289E1
1.658982858E1,3.240597846E-1,7.170457035E-1,-3.588428833E-1,-5.020582328E-1,1.421827559E2,1.091090435E2,2.917142858E1,-7.415955698E1
1.659979758E1,3.224843565E-1,7.178435855E-1,-3.582129987E-1,-5.023822367E-1,1.423735301E2,1.092413219E2,2.935553923E1,-7.411300563E1
1.660976658E1,3.208389225E-1,7.186708649E-1,-3.576118792E-1,-5.026810789E-1,1.425726661E2,1.093838157E2,2.954143624E1,-7.406530486E1
1.661973458E1,3.192077973E-1,7.195376781E-1,-3.570197792E-1,-5.029002847E-1,1.427699548E2,1.095351472E2,2.972148864E1,-7.400821349E1
1.662970358E1,3.176420524E-1,7.204846545E-1,-3.563515620E-1,-5.030100245E-1,1.429592280E2,1.096952661E2,2.989668117E1,-7.392904400E1
1.663967158E1,3.159032420E-1,7.213269804E-1,-3.558197742E-1,-5.032742010E-1,1.431692994E2,1.098512490E2,3.008215639E1,-7.388261543E1
1.664964058E1,3.140842051E-1,7.221455775E-1,-3.551829985E-1,-5.036882305E-1,1.433889261E2,1.099975863E2,3.028872545E1,-7.384290076E1
1.665960958E1,3.120287455E-1,7.229285185E-1,-3.545579397E-1,-5.042828804E-1,1.436369305E2,1.101447024E2,3.052115169E1,-7.382491380E1
1.666957758E1,3.096340880E-1,7.236549615E-1,-3.541041024E-1,-5.050350752E-1,1.439256394E2,1.103034757E2,3.077425646E1,-7.384211957E1
1.667954658E1,3.071462860E-1,7.244619472E-1,-3.536468512E-1,-5.057172220E-1,1.442253274E2,1.104810157E2,3.103109103E1,-7.384845934E1
1.668951458E1,3.045698280E-1,7.252995737E-1,-3.533591568E-1,-5.062756888E-1,1.445354288E2,1.106811570E2,3.127578922E1,-7.385606160E1
1.669948358E1,3.020899391E-1,7.262333161E-1,-3.530679853E-1,-5.066260661E-1,1.448336539E2,1.108988272E2,3.150284379E1,-7.383678904E1
1.670945258E1,2.997698183E-1,7.271762675E-1,-3.526636706E-1,-5.069331691E-1,1.451124432E2,1.111074302E2,3.172371027E1,-7.380097450E1
1.671942058E1,2.975573722E-1,7.280726678E-1,-3.520006796E-1,-5.074105138E-1,1.453780957E2,1.112863939E2,3.196375303E1,-7.375999363E1
1.672938958E1,2.953434193E-1,7.291042329E-1,-3.508629044E-1,-5.080102423E-1,1.456437371E2,1.114575470E2,3.224459531E1,-7.368165633E1
1.673935758E1,2.928458708E-1,7.302819845E-1,-3.495001282E-1,-5.087034842E-1,1.459431776E2,1.116500792E2,3.256762298E1,-7.358613186E1
1.674932658E1,2.901696407E-1,7.316324960E-1,-3.479573428E-1,-5.093536310E-1,1.462637751E2,1.118708718E2,3.291443891E1,-7.346133678E1
1.675929558E1,2.872893040E-1,7.330285682E-1,-3.465884974E-1,-5.099121821E-1,1.466085200E2,1.121228207E2,3.325855262E1,-7.334006709E1
1.676926358E1,2.843654613E-1,7.345180167E-1,-3.454111884E-1,-5.102063987E-1,1.469581542E2,1.124124351E2,3.357757848E1,-7.320303041E1
1.677923258E1,2.814242224E-1,7.360471255E-1,-3.445742995E-1,-5.101996341E-1,1.473095497E2,1.127392368E2,3.385677955E1,-7.306241871E1
1.678920058E1,2.785402083E-1,7.376166109E-1,-3.438861047E-1,-5.099797014E-1,1.476538018E2,1.130869907E2,3.410884252E1,-7.290952377E1
1.679916958E1,2.755111354E-1,7.391376485E-1,-3.432700442E-1,-5.098379826E-1,1.480150464E2,1.134383643E2,3.436976109E1,-7.277231341E1
1.680913858E1,2.722223115E-1,7.405727487E-1,-3.424738060E-1,-5.100575044E-1,1.484068996E2,1.137714749E2,3.468131319E1,-7.265869790E1
1.681910658E1,2.684965933E-1,7.417797080E-1,-3.414633353E-1,-5.109553377E-1,1.488503501E2,1.140614074E2,3.507646361E1,-7.260557006E1
1.682907558E1,2.643006954E-1,7.428049090E-1,-3.402096141E-1,-5.124873862E-1,1.493491917E2,1.143172842E2,3.555759416E1,-7.260375251E1
1.683904458E1,2.598360481E-1,7.438739849E-1,-3.387439363E-1,-5.141880431E-1,1.498793319E2,1.145817059E2,3.608228039E1,-7.259628753E1
1.684901258E1,2.553519711E-1,7.450416212E-1,-3.373093419E-1,-5.156847515E-1,1.504111158E2,1.148756340E2,3.659451345E1,-7.256327339E1
1.685898158E1,2.510803986E-1,7.462918442E-1,-3.360450418E-1,-5.167986821E-1,1.509170924E2,1.151976636E2,3.705753123E1,-7.249900633E1
1.686894958E1,2.471513113E-1,7.476353804E-1,-3.349638276E-1,-5.174522849E-1,1.513819895E2,1.155457610E2,3.745641685E1,-7.239556230E1
1.687891858E1,2.434022122E-1,7.490097680E-1,-3.342283862E-1,-5.177172727E-1,1.518251418E2,1.159231268E2,3.779562605E1,-7.227922558E1
1.688888758E1,2.396456109E-1,7.503851040E-1,-3.337379655E-1,-5.177945384E-1,1.522687500E2,1.163229990E2,3.810706751E1,-7.216355588E1
1.689885558E1,2.355987969E-1,7.516602780E-1,-3.333391088E-1,-5.180588413E-1,1.527461552E2,1.167244891E2,3.844330422E1,-7.207915222E1
1.690882458E1,2.309369129E-1,7.527426301E-1,-3.329994684E-1,-5.188045244E-1,1.532955240E2,1.171192693E2,3.884743632E1,-7.205892381E1
1.691879258E1,2.259184666E-1,7.538099569E-1,-3.322863437E-1,-5.199205097E-1,1.538862137E2,1.175074702E2,3.932387476E1,-7.203981796E1
1.692876158E1,2.208158425E-1,7.549273120E-1,-3.311909893E-1,-5.211886136E-1,1.544860883E2,1.178928506E2,3.984064897E1,-7.199390608E1
1.693873058E1,2.159394205E-1,7.562054363E-1,-3.297828841E-1,-5.222708077E-1,1.550587063E2,1.182919019E2,4.035050457E1,-7.188520567E1
1.694869858E1,2.115022214E-1,7.577162954E-1,-3.282000382E-1,-5.228933798E-1,1.555791984E2,1.187205140E2,4.081203488E1,-7.169307219E1
1.695866758E1,2.073639487E-1,7.593973435E-1,-3.267888142E-1,-5.229960074E-1,1.560641650E2,1.191932703E2,4.120804638E1,-7.144753990E1
1.696863558E1,2.033757716E-1,7.611956442E-1,-3.254865819E-1,-5.227600588E-1,1.565311305E2,1.197008427E2,4.156376750E1,-7.116473956E1
1.697860458E1,1.991295714E-1,7.628612455E-1,-3.242773467E-1,-5.227182386E-1,1.570278733E2,1.202060863E2,4.194188986E1,-7.091406446E1
1.698857358E1,1.941684132E-1,7.643586387E-1,-3.231076030E-1,-5.231213838E-1,1.576077026E2,1.207215183E2,4.239439282E1,-7.071651677E1
1.699854158E1,1.884772716E-1,7.659075776E-1,-3.218126411E-1,-5.237350945E-1,1.582721343E2,1.212907957E2,4.291844185E1,-7.051479951E1
1.700851058E1,1.824428860E-1,7.676010379E-1,-3.203867289E-1,-5.242668719E-1,1.589758331E2,1.219185973E2,4.346813328E1,-7.027116474E1
1.701847858E1,1.765636535E-1,7.694104021E-1,-3.187518527E-1,-5.246238978E-1,1.596606681E2,1.225692265E2,4.400667625E1,-6.997176809E1
1.702844758E1,1.711039402E-1,7.712225691E-1,-3.169379998E-1,-5.248710153E-1,1.602959787E2,1.232033398E2,4.451741829E1,-6.963630068E1
1.703841658E1,1.659663869E-1,7.729483350E-1,-3.151813824E-1,-5.250398345E-1,1.608932431E2,1.238173820E2,4.499445145E1,-6.929835126E1
1.704838458E1,1.610327400E-1,7.746743749E-1,-3.135265707E-1,-5.250229547E-1,1.614663096E2,1.244394411E2,4.543604016E1,-6.894441673E1
1.705835358E1,1.559458472E-1,7.762697596E-1,-3.123732222E-1,-5.248897496E-1,1.620566872E2,1.250808990E2,4.584726417E1,-6.862968936E1
1.706832158E1,1.506370723E-1,7.776656000E-1,-3.115809247E-1,-5.248447368E-1,1.626723047E2,1.257214882E2,4.625597883E1,-6.836653197E1
1.707829058E1,1.449472689E-1,7.787928807E-1,-3.110306343E-1,-5.251018536E-1,1.633315487E2,1.263490722E2,4.669601769E1,-6.816884082E1
1.708825958E1,1.388726014E-1,7.796886909E-1,-3.107337309E-1,-5.255895348E-1,1.640347724E2,1.269741293E2,4.716272040E1,-6.802740352E1
1.709822758E1,1.327757016E-1,7.805936048E-1,-3.104125508E-1,-5.260116144E-1,1.647399618E2,1.276165443E2,4.762692349E1,-6.786757465E1
1.710819658E1,1.269985909E-1,7.815956250E-1,-3.099565008E-1,-5.262193141E-1,1.654076269E2,1.282677158E2,4.806070467E1,-6.765982566E1
1.711816558E1,1.218311976E-1,7.827314405E-1,-3.092263067E-1,-5.261822459E-1,1.660044040E2,1.289070955E2,4.844954748E1,-6.738806636E1
1.712813371E1,1.172760505E-1,7.840021258E-1,-3.081494968E-1,-5.259572239E-1,1.665301567E2,1.295294070E2,4.880096923E1,-6.705099895E1
1.713810271E1,1.129632478E-1,7.853373169E-1,-3.069434437E-1,-5.256141486E-1,1.670276756E2,1.301547841E2,4.913227375E1,-6.667905335E1
1.714807071E1,1.086594856E-1,7.867708155E-1,-3.055935644E-1,-5.251642520E-1,1.675239069E2,1.308098966E2,4.946036623E1,-6.626393734E1
1.715803971E1,1.042151847E-1,7.882238913E-1,-3.043136279E-1,-5.246289449E-1,1.680360962E2,1.314973541E2,4.978454858E1,-6.583473113E1
1.716800871E1,9.982127036E-2,7.896702236E-1,-3.030981760E-1,-5.240115568E-1,1.685422429E2,1.321943284E2,5.009251580E1,-6.539784780E1
1.717797671E1,9.571730528E-2,7.911016571E-1,-3.017973978E-1,-5.233687331E-1,1.690147870E2,1.328711370E2,5.038095094E1,-6.494926329E1
1.718794571E1,9.186750677E-2,7.924829779E-1,-3.005109917E-1,-5.227085659E-1,1.694578950E2,1.335242783E2,5.064762390E1,-6.450441769E1
1.719791371E1,8.826095880E-2,7.938493787E-1,-2.991444223E-1,-5.220401169E-1,1.698728616E2,1.341588254E2,5.089913611E1,-6.405070857E1
1.720788271E1,8.474915694E-2,7.951278191E-1,-2.977758720E-1,-5.214584482E-1,1.702767989E2,1.347719566E2,5.114898394E1,-6.360992367E1
1.721785171E1,8.113643445E-2,7.961990444E-1,-2.967078497E-1,-5.210072030E-1,1.706922180E2,1.353611540E2,5.139841747E1,-6.322789789E1
1.722781971E1,7.744285324E-2,7.970537614E-1,-2.961145275E-1,-5.205996851E-1,1.711168082E2,1.359262445E2,5.163086623E1,-6.291907700E1
1.723778871E1,7.379076559E-2,7.977396803E-1,-2.959350451E-1,-5.201815673E-1,1.715365085E2,1.364637000E2,5.183777217E1,-6.267160594E1
1.724775671E1,6.999750708E-2,7.982069414E-1,-2.962048482E-1,-5.198352888E-1,1.719723119E2,1.369790143E2,5.203671161E1,-6.249787034E1
1.725772571E1,6.595547679E-2,7.984822446E-1,-2.966129983E-1,-5.197082793E-1,1.724365687E2,1.374813492E2,5.226306574E1,-6.236896186E1
1.726769471E1,6.156428094E-2,7.986356591E-1,-2.970792267E-1,-5.197450313E-1,1.729407890E2,1.379980331E2,5.252274052E1,-6.225888209E1
1.727766271E1,5.683816516E-2,7.987268438E-1,-2.976816105E-1,-5.197986210E-1,1.734833140E2,1.385464777E2,5.279857406E1,-6.215672703E1
1.728763171E1,5.212233320E-2,7.988593114E-1,-2.982148946E-1,-5.197837221E-1,1.740245129E2,1.391117837E2,5.307101567E1,-6.203074293E1
1.729759971E1,4.752196254E-2,7.989924322E-1,-2.987294865E-1,-5.197245901E-1,1.745523325E2,1.396730736E2,5.333298916E1,-6.189750762E1
1.730756871E1,4.336133102E-2,7.991864341E-1,-2.990865125E-1,-5.195845993E-1,1.750295991E2,1.402050841E2,5.356704522E1,-6.174318058E1
1.731753771E1,3.979119793E-2,7.994763834E-1,-2.994076083E-1,-5.192391638E-1,1.754390605E2,1.407000616E2,5.374677526E1,-6.157480149E1
1.732750571E1,3.685312004E-2,7.998608469E-1,-2.997035634E-1,-5.186929195E-1,1.757759870E2,1.411502201E2,5.386932196E1,-6.139775883E1
1.733747471E1,3.437918433E-2,8.002079262E-1,-3.000010780E-1,-5.181552101E-1,1.760596592E2,1.415393013E2,5.396290036E1,-6.124344791E1
1.734744271E1,3.209897661E-2,8.004483108E-1,-3.002014652E-1,-5.178139259E-1,1.763210963E2,1.418782369E2,5.406606908E1,-6.111333636E1
1.735741171E1,2.976088018E-2,8.005865524E-1,-3.002563404E-1,-5.177081374E-1,1.765891507E2,1.421973004E2,5.420046435E1,-6.099341086E1
1.736738071E1,2.746773338E-2,8.007693012E-1,-2.999527145E-1,-5.177281782E-1,1.768520337E2,1.425185803E2,5.435896323E1,-6.083452740E1
1.737734871E1,2.515376603E-2,8.010477654E-1,-2.994347719E-1,-5.177147123E-1,1.771172867E2,1.428667604E2,5.452458358E1,-6.063139984E1
1.738731771E1,2.292539893E-2,8.014590765E-1,-2.986589749E-1,-5.176299339E-1,1.773727126E2,1.432382326E2,5.468880481E1,-6.037523503E1
1.739728571E1,2.065104961E-2,8.017940596E-1,-2.978731890E-1,-5.176594999E-1,1.776333958E2,1.435995283E2,5.486614709E1,-6.013141257E1
1.740725471E1,1.827969933E-2,8.020099569E-1,-2.970754967E-1,-5.178725101E-1,1.779051841E2,1.439462244E2,5.506647068E1,-5.990803366E1
1.741722371E1,1.589871849E-2,8.022027998E-1,-2.962797010E-1,-5.181082585E-1,1.781780643E2,1.442926259E2,5.526889391E1,-5.968578966E1
1.742719171E1,1.357474126E-2,8.023922288E-1,-2.957438249E-1,-5.181873260E-1,1.784444015E2,1.446381617E2,5.544172490E1,-5.948396761E1
1.743716071E1,1.139709789E-2,8.025710789E-1,-2.955183603E-1,-5.180913154E-1,1.786939605E2,1.449687112E2,5.557572996E1,-5.931387307E1
1.744712971E1,9.425257586E-3,8.027125870E-1,-2.954546553E-1,-5.179481426E-1,1.789199290E2,1.452665486E2,5.568568899E1,-5.917427774E1
1.745709771E1,7.492171305E-3,8.027689373E-1,-2.955947093E-1,-5.178123665E-1,1.791414524E2,1.455410484E2,5.578547699E1,-5.907296797E1
1.746706671E1,5.583804152E-3,8.027884513E-1,-2.956689299E-1,-5.177637291E-1,1.793601399E2,1.458038237E2,5.589460793E1,-5.897487550E1
1.747703471E1,3.647957253E-3,8.027481800E-1,-2.957631492E-1,-5.177897337E-1,1.795819740E2,1.460567339E2,5.601169237E1,-5.889024097E1
1.748700371E1,1.944360562E-3,8.027838994E-1,-2.959207995E-1,-5.176534518E-1,1.797771926E2,1.463000322E2,5.609637129E1,-5.880272393E1
1.749697271E1,7.155481206E-4,8.029538145E-1,-2.962261323E-1,-5.172182645E-1,1.799180042E2,1.465154573E2,5.611731797E1,-5.871902646E1
1.750694071E1,1.552689899E-4,-8.031717347E-1,2.968562909E-1,5.165187322E-1,1.799822075E2,1.466969485E2,5.607806287E1,-5.867054680E1
1.751690971E1,8.431687779E-4,-8.033934061E-1,2.974880090E-1,5.158092111E-1,1.799033800E2,1.468542981E2,5.602660107E1,-5.863132211E1
1.752687771E1,1.628027391E-3,-8.035446922E-1,2.979670711E-1,5.152950617E-1,1.798134417E2,1.470056419E2,5.600592766E1,-5.859123735E1
1.753684671E1,2.617508953E-3,-8.035929293E-1,2.982527214E-1,5.150501885E-1,1.797000552E2,1.471573526E2,5.603128036E1,-5.854852851E1
1.754681571E1,3.596264143E-3,-8.036342753E-1,2.981485765E-1,5.150401365E-1,1.795878976E2,1.473033810E2,5.609383383E1,-5.847415165E1
1.755678371E1,4.509607424E-3,-8.036512394E-1,2.978798272E-1,5.151620462E-1,1.794832353E2,1.474334448E2,5.617152280E1,-5.839469226E1
1.756675271E1,5.145940542E-3,-8.036785506E-1,2.974955322E-1,5.153356070E-1,1.794103160E2,1.475272528E2,5.624180451E1,-5.831789860E1
1.757672071E1,5.570422527E-3,-8.036310933E-1,2.972599313E-1,5.155409253E-1,1.793616733E2,1.475731680E2,5.629659651E1,-5.828455276E1
1.758668971E1,6.001879815E-3,-8.033990959E-1,2.973146590E-1,5.158660461E-1,1.793122311E2,1.475739162E2,5.635243261E1,-5.832215913E1
1.759665871E1,6.500055565E-3,-8.030221556E-1,2.975102836E-1,5.163341290E-1,1.792551433E2,1.475471355E2,5.642091132E1,-5.840447078E1
1.760662671E1,7.051694591E-3,-8.025897711E-1,2.978016448E-1,5.168308086E-1,1.791919286E2,1.475139257E2,5.649174096E1,-5.850594897E1
1.761659571E1,7.506142986E-3,-8.022013879E-1,2.981488926E-1,5.172270943E-1,1.791398513E2,1.474787024E2,5.654473259E1,-5.860712090E1
1.762656371E1,7.685098504E-3,-8.019712661E-1,2.983919957E-1,5.174411160E-1,1.791193439E2,1.474452558E2,5.656715463E1,-5.867566519E1
1.763653271E1,7.792594041E-3,-8.017717218E-1,2.987841510E-1,5.175225648E-1,1.791070255E2,1.474106516E2,5.656656866E1,-5.875372477E1
1.764650171E1,7.820010566E-3,-8.015999734E-1,2.992364288E-1,5.175267584E-1,1.791038837E2,1.473724979E2,5.655122400E1,-5.883459982E1
1.765646971E1,7.921668765E-3,-8.013852563E-1,2.999311143E-1,5.174556145E-1,1.790922341E2,1.473353587E2,5.652374724E1,-5.894285135E1
1.766643871E1,8.126565669E-3,-8.011074453E-1,3.008579867E-1,5.173445365E-1,1.790687539E2,1.472981993E2,5.648974326E1,-5.908075693E1
1.767640771E1,8.309714799E-3,-8.008180440E-1,3.018385963E-1,5.172184121E-1,1.790477659E2,1.472557783E2,5.645085123E1,-5.922708315E1
1.768637571E1,8.341746404E-3,-8.005380414E-1,3.027882281E-1,5.170961019E-1,1.790440952E2,1.471948264E2,5.640419610E1,-5.937668701E1
1.769634471E1,8.162833032E-3,-8.002555100E-1,3.037773935E-1,5.169562587E-1,1.790645978E2,1.471045779E2,5.634126978E1,-5.954193121E1
1.770631271E1,7.595431084E-3,-8.001064366E-1,3.046435534E-1,5.166856970E-1,1.791296193E2,1.469947888E2,5.624642050E1,-5.968449811E1
1.771628171E1,6.676271538E-3,-8.000865854E-1,3.053738318E-1,5.162981778E-1,1.792349500E2,1.468696534E2,5.612381184E1,-5.980207085E1
1.772625071E1,5.623380042E-3,-8.000806427E-1,3.058621031E-1,5.160307771E-1,1.793556047E2,1.467281683E2,5.601382010E1,-5.990234082E1
1.773621871E1,4.594154002E-3,-8.000371683E-1,3.060740807E-1,5.159827297E-1,1.794735469E2,1.465778340E2,5.593708388E1,-5.998707281E1
1.774618771E1,3.575359306E-3,-7.999069977E-1,3.061356361E-1,5.161560164E-1,1.795902931E2,1.464050881E2,5.588798081E1,-6.008001061E1
1.775615571E1,2.404793809E-3,-7.997177794E-1,3.060263704E-1,5.165207763E-1,1.797244307E2,1.461946420E2,5.585436740E1,-6.018146583E1
1.776612471E1,1.081361692E-3,-7.994630650E-1,3.059363237E-1,5.169725695E-1,1.798760851E2,1.459471976E2,5.581855971E1,-6.030841671E1
1.777609371E1,3.709765606E-4,7.991880778E-1,-3.059293484E-1,-5.174025516E-1,1.799574892E2,1.456790246E2,5.576905901E1,-6.045309201E1
1.778606171E1,1.931063232E-3,7.989116577E-1,-3.059634241E-1,-5.178058759E-1,1.797787163E2,1.453977187E2,5.570837245E1,-6.060594624E1
1.779603071E1,3.578752127E-3,7.986151336E-1,-3.060595821E-1,-5.181973780E-1,1.795899043E2,1.451017379E2,5.563819253E1,-6.077187202E1
1.780599871E1,5.397198980E-3,7.983267859E-1,-3.060419437E-1,-5.186361477E-1,1.793815236E2,1.447851778E2,5.556606327E1,-6.093377172E1
1.781596771E1,7.375677416E-3,7.980581208E-1,-3.056546352E-1,-5.192532830E-1,1.791548020E2,1.444486492E2,5.551553971E1,-6.106803537E1
1.782593671E1,9.439671808E-3,7.977811528E-1,-3.049033044E-1,-5.200867158E-1,1.789182772E2,1.440944299E2,5.549476008E1,-6.117888585E1
1.783590471E1,1.171617061E-2,7.974741130E-1,-3.038798525E-1,-5.211093459E-1,1.786573950E2,1.437017719E2,5.548944286E1,-6.128505932E1
1.784587371E1,1.422409776E-2,7.970855191E-1,-3.029469742E-1,-5.221834794E-1,1.783699835E2,1.432610891E2,5.547020000E1,-6.142810772E1
1.785584171E1,1.704574497E-2,7.965853203E-1,-3.022728775E-1,-5.232517334E-1,1.780466069E2,1.427577352E2,5.541897367E1,-6.163133732E1
1.786581071E1,2.023879021E-2,7.959492190E-1,-3.018787412E-1,-5.243325051E-1,1.776806471E2,1.421800825E2,5.533229375E1,-6.190341279E1
1.787577971E1,2.367093453E-2,7.951247845E-1,-3.019339114E-1,-5.254067018E-1,1.772872573E2,1.415363066E2,5.520847973E1,-6.226231345E1
1.788574771E1,2.734940610E-2,7.941886819E-1,-3.021928827E-1,-5.264939430E-1,1.768655981E2,1.408436165E2,5.505892222E1,-6.266812752E1
1.789571671E1,3.115360172E-2,7.931723739E-1,-3.026001688E-1,-5.275794561E-1,1.764294825E2,1.401258431E2,5.489193080E1,-6.310204401E1
1.790568471E1,3.500243085E-2,7.921660546E-1,-3.031367193E-1,-5.285411418E-1,1.759881974E2,1.394175876E2,5.470258477E1,-6.353517407E1
1.791565371E1,3.890973874E-2,7.913002741E-1,-3.036633863E-1,-5.292623166E-1,1.755401465E2,1.387494587E2,5.448662185E1,-6.392391742E1
1.792562271E1,4.277403576E-2,7.905525679E-1,-3.042708277E-1,-5.297323593E-1,1.750969607E2,1.381296178E2,5.424595878E1,-6.427652094E1
1.793559071E1,4.667375722E-2,7.899653148E-1,-3.048253749E-1,-5.299602051E-1,1.746496376E2,1.375567014E2,5.398330304E1,-6.457578178E1
1.794555971E1,5.065260938E-2,7.895293899E-1,-3.053568045E-1,-5.299385627E-1,1.741931536E2,1.370240867E2,5.369435031E1,-6.482738652E1
1.795552771E1,5.471423795E-2,7.891677911E-1,-3.060922460E-1,-5.296489928E-1,1.737270777E2,1.365181150E2,5.336649130E1,-6.506513313E1
1.796549671E1,5.907095768E-2,7.889252359E-1,-3.069095998E-1,-5.290690943E-1,1.732270241E2,1.360254548E2,5.299024470E1,-6.527388101E1
1.797546571E1,6.375442085E-2,7.887575126E-1,-3.077418104E-1,-5.282916325E-1,1.726893233E2,1.355305625E2,5.257487356E1,-6.545992861E1
1.798543371E1,6.868878421E-2,7.885963641E-1,-3.083805669E-1,-5.275405124E-1,1.721226424E2,1.350174108E2,5.215454193E1,-6.562549216E1
1.799540271E1,7.372535368E-2,7.883308389E-1,-3.087661263E-1,-5.270317367E-1,1.715440246E2,1.344701328E2,5.175981370E1,-6.579224907E1
1.800537171E1,7.881540751E-2,7.878968950E-1,-3.089573887E-1,-5.268321082E-1,1.709590428E2,1.338790580E2,5.139605914E1,-6.597889830E1
1.801533971E1,8.398138887E-2,7.872945322E-1,-3.089567144E-1,-5.269346936E-1,1.703650934E2,1.332423356E2,5.106071292E1,-6.618561748E1
1.802530871E1,8.909921747E-2,7.865195360E-1,-3.089373268E-1,-5.272628701E-1,1.697764243E2,1.325771852E2,5.074640536E1,-6.642166380E1
1.803527671E1,9.416516329E-2,7.856519852E-1,-3.088703976E-1,-5.277148739E-1,1.691934564E2,1.319030895E2,5.044654549E1,-6.666574298E1
1.804524571E1,9.920858163E-2,7.847198445E-1,-3.087464227E-1,-5.282498860E-1,1.686128022E2,1.312238370E2,5.015635944E1,-6.691097031E1
1.805521471E1,1.041544300E-1,7.836759092E-1,-3.087612162E-1,-5.288386775E-1,1.680430963E2,1.305419170E2,4.986773605E1,-6.717902123E1
1.806518271E1,1.092084483E-1,7.826609288E-1,-3.087257286E-1,-5.293428170E-1,1.674606238E2,1.298676367E2,4.956665327E1,-6.742588414E1
1.807515171E1,1.143942387E-1,7.816812674E-1,-3.086827388E-1,-5.297201999E-1,1.668626262E2,1.292029420E2,4.924619743E1,-6.765160282E1
1.808511971E1,1.195720001E-1,7.806129502E-1,-3.087262133E-1,-5.301264745E-1,1.662651957E2,1.285325817E2,4.892212296E1,-6.789086488E1
1.809508871E1,1.246948020E-1,7.794001114E-1,-3.088692807E-1,-5.306472620E-1,1.656737373E2,1.278471466E2,4.860287764E1,-6.815795364E1
1.810505771E1,1.297498950E-1,7.780197600E-1,-3.093130449E-1,-5.312021674E-1,1.650897201E2,1.271518996E2,4.827130232E1,-6.846719018E1
1.811502571E1,1.347123071E-1,7.764767217E-1,-3.103546200E-1,-5.316168924E-1,1.645160313E2,1.264655750E2,4.789857015E1,-6.882955468E1
1.812499471E1,1.396919151E-1,7.748856782E-1,-3.118627185E-1,-5.317706862E-1,1.639399618E2,1.258041304E2,4.747594026E1,-6.920848439E1
1.813496292E1,1.445487704E-1,7.732176323E-1,-3.137871015E-1,-5.317686000E-1,1.633776993E2,1.251692535E2,4.702327079E1,-6.960918213E1
1.814493192E1,1.492659300E-1,7.715342029E-1,-3.158253230E-1,-5.317037781E-1,1.628312229E2,1.245616456E2,4.656638027E1,-7.000466352E1
1.815490092E1,1.539691811E-1,7.699652233E-1,-3.175596869E-1,-5.316039322E-1,1.622859659E2,1.239806986E2,4.612422906E1,-7.034683460E1
1.816486892E1,1.586956973E-1,7.684973960E-1,-3.189041925E-1,-5.315332520E-1,1.617376041E2,1.234139867E2,4.570440227E1,-7.063680042E1
1.817483792E1,1.636530728E-1,7.671616149E-1,-3.197515759E-1,-5.314504545E-1,1.611620047E2,1.228484518E2,4.529679463E1,-7.086014078E1
1.818480592E1,1.690244990E-1,7.660146938E-1,-3.200393757E-1,-5.312505309E-1,1.605377876E2,1.222822261E2,4.488632070E1,-7.099764401E1
1.819477492E1,1.747396117E-1,7.649825175E-1,-3.200202410E-1,-5.309002063E-1,1.598729890E2,1.217166092E2,4.446057611E1,-7.107678605E1
1.820474392E1,1.806972794E-1,7.640632736E-1,-3.197773277E-1,-5.303755202E-1,1.591792460E2,1.211619619E2,4.402045425E1,-7.110318222E1
1.821471192E1,1.866289005E-1,7.631686435E-1,-3.194845967E-1,-5.297855908E-1,1.584877686E2,1.206224959E2,4.358115993E1,-7.111100545E1
1.822468092E1,1.921913045E-1,7.621527148E-1,-3.192906580E-1,-5.293762290E-1,1.578386122E2,1.200907573E2,4.317282499E1,-7.114999962E1
1.823464892E1,1.970348309E-1,7.608378596E-1,-3.194519540E-1,-5.293897897E-1,1.572727653E2,1.195581243E2,4.281811613E1,-7.128191146E1
1.824461792E1,2.012894815E-1,7.592965915E-1,-3.198690814E-1,-5.297498818E-1,1.567752509E2,1.190271668E2,4.250868799E1,-7.148453660E1
1.825458692E1,2.053720887E-1,7.576930725E-1,-3.203274705E-1,-5.302016012E-1,1.562974367E2,1.185006931E2,4.221291196E1,-7.170051674E1
1.826455492E1,2.095833386E-1,7.561030826E-1,-3.207997259E-1,-5.305379120E-1,1.558041281E2,1.179797604E2,4.189858291E1,-7.190089582E1
1.827452392E1,2.140802176E-1,7.545717823E-1,-3.213206820E-1,-5.306073068E-1,1.552768574E2,1.174700684E2,4.154329493E1,-7.206980839E1
1.828449292E1,2.189826021E-1,7.531196758E-1,-3.217164199E-1,-5.304299212E-1,1.547014333E2,1.169607039E2,4.115161464E1,-7.219155827E1
1.829446092E1,2.240725400E-1,7.516229780E-1,-3.220774287E-1,-5.302079443E-1,1.541033076E2,1.164403099E2,4.074514317E1,-7.230399081E1
1.830442992E1,2.292248763E-1,7.501108334E-1,-3.223942044E-1,-5.299545048E-1,1.534971174E2,1.159203333E2,4.033440927E1,-7.240552609E1
1.831439792E1,2.343251929E-1,7.486117332E-1,-3.227379752E-1,-5.296343152E-1,1.528963029E2,1.154161226E2,3.992091629E1,-7.249727682E1
1.832436692E1,2.392353324E-1,7.470530374E-1,-3.233007410E-1,-5.292966030E-1,1.523171731E2,1.149295932E2,3.950424217E1,-7.260697892E1
1.833433592E1,2.438896931E-1,7.454710765E-1,-3.240844406E-1,-5.289235191E-1,1.517675449E2,1.144707544E2,3.908795586E1,-7.273075235E1
1.834430392E1,2.481980810E-1,7.439024551E-1,-3.250701710E-1,-5.285228185E-1,1.512581810E2,1.140487055E2,3.868037157E1,-7.286582453E1
1.835427292E1,2.520776352E-1,7.423592482E-1,-3.262515051E-1,-5.281283029E-1,1.507990199E2,1.136674403E2,3.828988255E1,-7.301507383E1
1.836424092E1,2.557796563E-1,7.409562218E-1,-3.272943445E-1,-5.276733593E-1,1.503604233E2,1.133184820E2,3.791815829E1,-7.313441488E1
1.837420992E1,2.593544255E-1,7.396245078E-1,-3.281443200E-1,-5.272686231E-1,1.499364810E2,1.129807764E2,3.757144505E1,-7.323522749E1
1.838417892E1,2.630109491E-1,7.384367885E-1,-3.285730588E-1,-5.268549623E-1,1.495024070E2,1.126459230E2,3.724766507E1,-7.328643296E1
1.839414692E1,2.666550710E-1,7.373746669E-1,-3.287654381E-1,-5.263903987E-1,1.490693588E2,1.123251752E2,3.693867978E1,-7.330212315E1
1.840411592E1,2.702707016E-1,7.364383325E-1,-3.288356548E-1,-5.258132187E-1,1.486392484E2,1.120263799E2,3.663453994E1,-7.328655209E1
1.841408392E1,2.738924646E-1,7.355930353E-1,-3.288886755E-1,-5.250886301E-1,1.482079537E2,1.117482223E2,3.632343857E1,-7.324757716E1
1.842405292E1,2.773599069E-1,7.346789334E-1,-3.292876587E-1,-5.242977655E-1,1.477946026E2,1.114880847E2,3.599528380E1,-7.323570276E1
1.843402192E1,2.808376331E-1,7.337321044E-1,-3.299325476E-1,-5.233661305E-1,1.473795928E2,1.112416233E2,3.564110219E1,-7.323140312E1
1.844398992E1,2.842581132E-1,7.327145741E-1,-3.308803670E-1,-5.223454076E-1,1.469709849E2,1.110074086E2,3.526432364E1,-7.324739898E1
1.845395892E1,2.875028727E-1,7.315923089E-1,-3.321316016E-1,-5.213477495E-1,1.465829689E2,1.107822618E2,3.487936282E1,-7.329768479E1
1.846392692E1,2.907015550E-1,7.304786838E-1,-3.333516053E-1,-5.203557918E-1,1.462000765E2,1.105615950E2,3.449998129E1,-7.334414471E1
1.847389592E1,2.936824120E-1,7.293324371E-1,-3.346306989E-1,-5.194682003E-1,1.458429083E2,1.103480137E2,3.413742224E1,-7.340811853E1
1.848386492E1,2.965134158E-1,7.282104037E-1,-3.357936148E-1,-5.186830045E-1,1.455033788E2,1.101379941E2,3.379934369E1,-7.347072856E1
1.849383292E1,2.992292955E-1,7.271130472E-1,-3.367786077E-1,-5.180237224E-1,1.451773626E2,1.099257502E2,3.348890953E1,-7.352891004E1
1.850380192E1,3.017898746E-1,7.260641597E-1,-3.376661571E-1,-5.174314012E-1,1.448697222E2,1.097223334E2,3.320035011E1,-7.358284604E1
1.851376992E1,3.042850312E-1,7.251318714E-1,-3.384263177E-1,-5.167805063E-1,1.445696903E2,1.095361521E2,3.292303104E1,-7.361328935E1
1.852373892E1,3.065746377E-1,7.241156055E-1,-3.393388180E-1,-5.162535653E-1,1.442941540E2,1.093518532E2,3.265567664E1,-7.367436276E1
1.853370792E1,3.086798096E-1,7.229253574E-1,-3.404137523E-1,-5.159595278E-1,1.440406246E2,1.091523797E2,3.240108255E1,-7.378223971E1
1.854367592E1,3.106202505E-1,7.215283791E-1,-3.417050264E-1,-5.158967290E-1,1.438067727E2,1.089353388E2,3.215335861E1,-7.394264406E1
1.855364492E1,3.125089245E-1,7.200130734E-1,-3.431908292E-1,-5.158870458E-1,1.435790097E2,1.087140087E2,3.189676777E1,-7.413021156E1
1.856361392E1,3.142967306E-1,7.184605310E-1,-3.449860532E-1,-5.157680020E-1,1.433632734E2,1.085141063E2,3.161856989E1,-7.433464438E1
1.857358192E1,3.160984241E-1,7.169968974E-1,-3.469446594E-1,-5.153897762E-1,1.431457252E2,1.083463901E2,3.131403627E1,-7.452119817E1
1.858355092E1,3.179020036E-1,7.155475516E-1,-3.491008079E-1,-5.148384638E-1,1.429278114E2,1.081997000E2,3.098563228E1,-7.470536696E1
1.859351892E1,3.197184696E-1,7.140317613E-1,-3.513526508E-1,-5.142858976E-1,1.427082000E2,1.080510268E2,3.064818223E1,-7.489951068E1
1.860348792E1,3.216867063E-1,7.125448837E-1,-3.532845148E-1,-5.137970152E-1,1.424700791E2,1.078832104E2,3.032557761E1,-7.506867509E1
1.861345692E1,3.236621291E-1,7.111368628E-1,-3.547951210E-1,-5.134661624E-1,1.422309196E2,1.076999575E2,3.004115597E1,-7.521265375E1
1.862342492E1,3.256686352E-1,7.099734412E-1,-3.556573613E-1,-5.132109422E-1,1.419878221E2,1.075128060E2,2.980696088E1,-7.529606166E1
1.863339392E1,3.276870794E-1,7.090117766E-1,-3.560364722E-1,-5.129925899E-1,1.417430988E2,1.073262245E2,2.961032009E1,-7.533170474E1
1.864336192E1,3.297339833E-1,7.081491887E-1,-3.560932124E-1,-5.128331905E-1,1.414947397E2,1.071331089E2,2.943874293E1,-7.534037538E1
1.865333092E1,3.316828430E-1,7.072095247E-1,-3.561885907E-1,-5.128069014E-1,1.412581018E2,1.069317901E2,2.927753994E1,-7.536963955E1
1.866329992E1,3.334604074E-1,7.060731192E-1,-3.566393512E-1,-5.129066419E-1,1.410421134E2,1.067268614E2,2.910744921E1,-7.545183146E1
1.867326792E1,3.352172250E-1,7.048610812E-1,-3.573887854E-1,-5.129069264E-1,1.408285044E2,1.065336425E2,2.891100368E1,-7.555246220E1
1.868323692E1,3.370384430E-1,7.036167271E-1,-3.584172634E-1,-5.127043160E-1,1.406069152E2,1.063573331E2,2.867847091E1,-7.565660023E1
1.869320492E1,3.388727529E-1,7.022679647E-1,-3.598056438E-1,-5.123716983E-1,1.403835781E2,1.061926324E2,2.841065611E1,-7.578201016E1
1.870317392E1,3.408014454E-1,7.008816601E-1,-3.613243738E-1,-5.119219388E-1,1.401485801E2,1.060323125E2,2.811960281E1,-7.590662085E1
1.871314292E1,3.427892751E-1,6.995366909E-1,-3.628306811E-1,-5.113685348E-1,1.399061936E2,1.058798313E2,2.781985645E1,-7.601656717E1
1.872311092E1,3.448014184E-1,6.983559259E-1,-3.641807079E-1,-5.106696031E-1,1.396606518E2,1.057458912E2,2.752387820E1,-7.609072857E1
1.873307992E1,3.468678362E-1,6.974934011E-1,-3.651327525E-1,-5.097682928E-1,1.394082856E2,1.056371646E2,2.724616602E1,-7.609638048E1
1.874304792E1,3.487305741E-1,6.968201579E-1,-3.658798370E-1,-5.088816759E-1,1.391806180E2,1.055496850E2,2.700132137E1,-7.608008981E1
1.875301692E1,3.504396815E-1,6.963906394E-1,-3.662442808E-1,-5.080326171E-1,1.389715793E2,1.054771850E2,2.680049549E1,-7.602640250E1
1.876298592E1,3.518842173E-1,6.961835930E-1,-3.662513826E-1,-5.073124170E-1,1.387947887E2,1.054191749E2,2.665447382E1,-7.594874558E1
1.877295392E1,3.530225985E-1,6.962492156E-1,-3.658280175E-1,-5.067365277E-1,1.386553948E2,1.053788856E2,2.657306582E1,-7.584085734E1
1.878292292E1,3.538025048E-1,6.966186538E-1,-3.648642244E-1,-5.063796071E-1,1.385598590E2,1.053535835E2,2.657232923E1,-7.570006684E1
1.879289092E1,3.540163105E-1,6.971680802E-1,-3.636129688E-1,-5.063740069E-1,1.385336633E2,1.053454853E2,2.665426513E1,-7.556819999E1
1.880285992E1,3.538760353E-1,6.979163764E-1,-3.620980214E-1,-5.065270105E-1,1.385508502E2,1.053571228E2,2.679190110E1,-7.542512356E1
1.881282892E1,3.535315216E-1,6.986374563E-1,-3.606943311E-1,-5.067749235E-1,1.385930569E2,1.053768541E2,2.694083965E1,-7.530407148E1
1.882279692E1,3.530821361E-1,6.991595820E-1,-3.597264604E-1,-5.070558902E-1,1.386481027E2,1.053986035E2,2.706493386E1,-7.523259669E1
1.883276592E1,3.527338978E-1,6.994890333E-1,-3.592000146E-1,-5.072170808E-1,1.386907520E2,1.054203215E2,2.714098166E1,-7.519370086E1
1.884273392E1,3.523891524E-1,6.995609991E-1,-3.593340627E-1,-5.072626679E-1,1.387329677E2,1.054492808E2,2.715965355E1,-7.521016325E1
1.885270292E1,3.520140665E-1,6.994844604E-1,-3.599853158E-1,-5.071668892E-1,1.387788920E2,1.054939071E2,2.713386067E1,-7.526309592E1
1.886267192E1,3.515632322E-1,6.994004301E-1,-3.608750252E-1,-5.069630143E-1,1.388340816E2,1.055577513E2,2.709064299E1,-7.532674512E1
1.887263992E1,3.509609063E-1,6.993587574E-1,-3.618160274E-1,-5.067670789E-1,1.389078006E2,1.056358503E2,2.705576124E1,-7.539543725E1
1.888260892E1,3.503098007E-1,6.995066297E-1,-3.624284000E-1,-5.065760905E-1,1.389874698E2,1.057220673E2,2.705092316E1,-7.542931868E1
1.889257792E1,3.495430073E-1,6.998037965E-1,-3.626693641E-1,-5.065226219E-1,1.390812681E2,1.058067386E2,2.709040535E1,-7.544010103E1
1.890254592E1,3.487933413E-1,7.002658946E-1,-3.624244066E-1,-5.065761906E-1,1.391729435E2,1.058813318E2,2.717138156E1,-7.541290494E1
1.891251492E1,3.481385690E-1,7.008606182E-1,-3.617554202E-1,-5.066822952E-1,1.392529923E2,1.059440636E2,2.728038449E1,-7.534807294E1
1.892248292E1,3.475459263E-1,7.014696823E-1,-3.609891483E-1,-5.067928622E-1,1.393254275E2,1.060008999E2,2.739220794E1,-7.527400903E1
1.893245192E1,3.471494404E-1,7.020948571E-1,-3.601878841E-1,-5.067690598E-1,1.393738781E2,1.060550422E2,2.748535380E1,-7.518087428E1
1.894242092E1,3.468126660E-1,7.025875854E-1,-3.596338743E-1,-5.067102439E-1,1.394150261E2,1.061046130E2,2.755277806E1,-7.511028008E1
1.895238892E1,3.465186180E-1,7.029962412E-1,-3.593315971E-1,-5.065588840E-1,1.394509491E2,1.061587451E2,2.759300288E1,-7.505508916E1
1.896235792E1,3.463252324E-1,7.034814041E-1,-3.590679580E-1,-5.062044448E-1,1.394745722E2,1.062282111E2,2.761333254E1,-7.497884063E1
1.897232592E1,3.461013220E-1,7.039975239E-1,-3.589046074E-1,-5.057556072E-1,1.395019219E2,1.063119038E2,2.762396544E1,-7.490080401E1
1.898229492E1,3.459155018E-1,7.045192070E-1,-3.587155471E-1,-5.052902586E-1,1.395246172E2,1.063940129E2,2.763277188E1,-7.481833743E1
1.899226392E1,3.458245279E-1,7.049623917E-1,-3.584429729E-1,-5.049278168E-1,1.395357277E2,1.064537905E2,2.764510246E1,-7.474129420E1
1.900223192E1,3.457832029E-1,7.052522566E-1,-3.581715683E-1,-5.047438247E-1,1.395407746E2,1.064852098E2,2.766130720E1,-7.468797413E1
1.901220092E1,3.457352661E-1,7.053636191E-1,-3.580178061E-1,-5.047300585E-1,1.395466288E2,1.064938957E2,2.767642354E1,-7.466916357E1
1.902216892E1,3.456781308E-1,7.053622494E-1,-3.579817494E-1,-5.047968876E-1,1.395536062E2,1.064917403E2,2.768669381E1,-7.467327832E1
1.903213792E1,3.454620492E-1,7.052492221E-1,-3.582288880E-1,-5.049272425E-1,1.395799930E2,1.064946551E2,2.769016890E1,-7.471418516E1
1.904210692E1,3.451214552E-1,7.051308842E-1,-3.586436025E-1,-5.050311398E-1,1.396215800E2,1.065120987E2,2.768918445E1,-7.476828338E1
1.905207492E1,3.446225946E-1,7.049796930E-1,-3.592271361E-1,-5.051678747E-1,1.396824815E2,1.065398300E2,2.768890664E1,-7.484301660E1
1.906204392E1,3.439313599E-1,7.048122541E-1,-3.599074179E-1,-5.053884976E-1,1.397668487E2,1.065757282E2,2.769993990E1,-7.493692293E1
1.907201192E1,3.431903393E-1,7.047607717E-1,-3.604130747E-1,-5.056038628E-1,1.398572671E2,1.066195543E2,2.772827776E1,-7.501092770E1
1.908198092E1,3.423649459E-1,7.047552821E-1,-3.608127216E-1,-5.058857303E-1,1.399579500E2,1.066647301E2,2.777444313E1,-7.508127812E1
1.909194992E1,3.415919201E-1,7.048129284E-1,-3.610196732E-1,-5.061803052E-1,1.400522157E2,1.067050322E2,2.783209258E1,-7.513318367E1
1.910191792E1,3.409330226E-1,7.050021045E-1,-3.609959656E-1,-5.063779476E-1,1.401325419E2,1.067487191E2,2.789444616E1,-7.514897991E1
1.911188692E1,3.402524405E-1,7.052570824E-1,-3.609692550E-1,-5.064995781E-1,1.402154903E2,1.068045518E2,2.795535915E1,-7.515436124E1
1.912185592E1,3.396683010E-1,7.056621769E-1,-3.608247124E-1,-5.064306101E-1,1.402866671E2,1.068765820E2,2.800940037E1,-7.512335973E1
1.913182379E1,3.391004723E-1,7.061389526E-1,-3.606719617E-1,-5.062552212E-1,1.403558411E2,1.069608400E2,2.805799196E1,-7.507780741E1
1.914179279E1,3.385283710E-1,7.067018343E-1,-3.604256028E-1,-5.060281340E-1,1.404255204E2,1.070535069E2,2.811179301E1,-7.501535396E1
1.915176079E1,3.378493747E-1,7.073423399E-1,-3.600550056E-1,-5.058507063E-1,1.405081992E2,1.071525215E2,2.818568277E1,-7.494465760E1
1.916172979E1,3.368898438E-1,7.080662542E-1,-3.595941719E-1,-5.058057093E-1,1.406250012E2,1.072649542E2,2.829430296E1,-7.487811913E1
1.917169879E1,3.356377189E-1,7.089517911E-1,-3.589255227E-1,-5.058726648E-1,1.407773561E2,1.073962792E2,2.844668378E1,-7.480013656E1
1.918166679E1,3.340573174E-1,7.099026135E-1,-3.582022091E-1,-5.060980451E-1,1.409695518E2,1.075422038E2,2.863581038E1,-7.473283384E1
1.919163579E1,3.321833684E-1,7.108124585E-1,-3.576199293E-1,-5.064660029E-1,1.411972985E2,1.076984204E2,2.884317692E1,-7.469576149E1
1.920160379E1,3.302074399E-1,7.117048127E-1,-3.571619405E-1,-5.068280443E-1,1.414372665E2,1.078643746E2,2.904843826E1,-7.467003094E1
1.921157279E1,3.281011511E-1,7.124582719E-1,-3.570121928E-1,-5.072428115E-1,1.416928729E2,1.080326588E2,2.924246212E1,-7.468305668E1
1.922154179E1,3.258763138E-1,7.130394559E-1,-3.571346083E-1,-5.077740198E-1,1.419626507E2,1.081938342E2,2.943016771E1,-7.473961005E1
1.923150979E1,3.235657814E-1,7.135509290E-1,-3.573572490E-1,-5.083757504E-1,1.422425882E2,1.083526212E2,2.962009723E1,-7.481549626E1
1.924147879E1,3.210459162E-1,7.140256078E-1,-3.576931383E-1,-5.090703199E-1,1.425476215E2,1.085186892E2,2.982196857E1,-7.491375578E1
1.925144679E1,3.183154537E-1,7.145011929E-1,-3.580326734E-1,-5.098784646E-1,1.428778376E2,1.086906481E2,3.004518905E1,-7.502526011E1
1.926141579E1,3.152916491E-1,7.149640706E-1,-3.583839884E-1,-5.108604230E-1,1.432431574E2,1.088685718E2,3.029834854E1,-7.515808155E1
1.927138479E1,3.119555575E-1,7.154789365E-1,-3.587542063E-1,-5.119269068E-1,1.436457579E2,1.090659167E2,3.057828110E1,-7.530114082E1
1.928135279E1,3.085077767E-1,7.161660988E-1,-3.589482504E-1,-5.129182850E-1,1.440613496E2,1.092861209E2,3.087673027E1,-7.541396476E1
1.929132179E1,3.049511833E-1,7.169641915E-1,-3.591000634E-1,-5.138232516E-1,1.444895460E2,1.095286016E2,3.118277035E1,-7.550964938E1
1.930128979E1,3.015304713E-1,7.179279213E-1,-3.590248734E-1,-5.145483354E-1,1.449009000E2,1.097840524E2,3.148688322E1,-7.555771070E1
1.931125879E1,2.981983520E-1,7.189480226E-1,-3.587903051E-1,-5.152291651E-1,1.453011519E2,1.100382896E2,3.179385381E1,-7.558308350E1
1.932122779E1,2.947763966E-1,7.199626869E-1,-3.584992179E-1,-5.159835621E-1,1.457117408E2,1.102919255E2,3.211522126E1,-7.561096610E1
1.933119579E1,2.912839191E-1,7.211206505E-1,-3.579561768E-1,-5.167264635E-1,1.461303239E2,1.105581450E2,3.245998721E1,-7.560798884E1
1.934116479E1,2.874882056E-1,7.223281155E-1,-3.574744805E-1,-5.174984779E-1,1.465847237E2,1.108498318E2,3.282452829E1,-7.561183232E1
1.935113279E1,2.835552618E-1,7.236231617E-1,-3.569811516E-1,-5.181990955E-1,1.470549820E2,1.111651863E2,3.319662738E1,-7.560243937E1
1.936110179E1,2.795921621E-1,7.249337180E-1,-3.565508745E-1,-5.188166627E-1,1.475282696E2,1.114936053E2,3.356191140E1,-7.558786239E1
1.937107079E1,2.756876570E-1,7.262194498E-1,-3.561700355E-1,-5.193694818E-1,1.479940036E2,1.118237626E2,3.391546168E1,-7.557018495E1
1.938103879E1,2.719308765E-1,7.275627752E-1,-3.556420830E-1,-5.198315588E-1,1.484416048E2,1.121542255E2,3.426352660E1,-7.552438723E1
1.939100779E1,2.681923668E-1,7.290405491E-1,-3.549595359E-1,-5.201695765E-1,1.488865392E2,1.125036057E2,3.461467481E1,-7.544287993E1
1.940097679E1,2.643760645E-1,7.306524131E-1,-3.541714741E-1,-5.203988449E-1,1.493402365E2,1.128790882E2,3.497314448E1,-7.533175618E1
1.941094479E1,2.605473921E-1,7.323302160E-1,-3.532012326E-1,-5.206308738E-1,1.497949102E2,1.132599809E2,3.534483713E1,-7.519844294E1
1.942091379E1,2.564846255E-1,7.338727063E-1,-3.522408745E-1,-5.211264997E-1,1.502768520E2,1.136274430E2,3.574594960E1,-7.509896433E1
1.943088179E1,2.521244392E-1,7.352938770E-1,-3.512230492E-1,-5.219374156E-1,1.507934775E2,1.139815821E2,3.618901502E1,-7.503223466E1
1.944085079E1,2.473937294E-1,7.366066670E-1,-3.503077039E-1,-5.229640917E-1,1.513533201E2,1.143399443E2,3.666318258E1,-7.500207093E1
1.945081979E1,2.424414747E-1,7.378927359E-1,-3.495420643E-1,-5.239816009E-1,1.519386338E2,1.147184435E2,3.714235665E1,-7.498416202E1
1.946078779E1,2.374366840E-1,7.391587219E-1,-3.489564128E-1,-5.248786755E-1,1.525293988E2,1.151152056E2,3.760593245E1,-7.496852827E1
1.947075679E1,2.326917180E-1,7.404495324E-1,-3.483207329E-1,-5.256062039E-1,1.530888072E2,1.155114495E2,3.804404319E1,-7.492527847E1
1.948072479E1,2.281639242E-1,7.417335783E-1,-3.476426744E-1,-5.262291765E-1,1.536220033E2,1.159021563E2,3.846267407E1,-7.486389958E1
1.949069379E1,2.238482872E-1,7.432170209E-1,-3.466403802E-1,-5.266506133E-1,1.541296749E2,1.163106901E2,3.887634416E1,-7.473560227E1
1.950066279E1,2.194765631E-1,7.448658477E-1,-3.453750054E-1,-5.269925086E-1,1.546434182E2,1.167456899E2,3.930689593E1,-7.456065466E1
1.951063079E1,2.148401359E-1,7.466434964E-1,-3.439199486E-1,-5.273388924E-1,1.551877028E2,1.172146951E2,3.976890813E1,-7.435623194E1
1.952059979E1,2.099502901E-1,7.485348784E-1,-3.423515801E-1,-5.276472915E-1,1.557611217E2,1.177215634E2,4.025354306E1,-7.412467502E1
1.953056779E1,2.049023410E-1,7.504260286E-1,-3.408216284E-1,-5.279360185E-1,1.563524355E2,1.182496328E2,4.074423772E1,-7.388848596E1
1.954053679E1,1.998359105E-1,7.523319301E-1,-3.393236241E-1,-5.281304419E-1,1.569452726E2,1.187962843E2,4.122675200E1,-7.363776738E1
1.955050579E1,1.947976130E-1,7.542101202E-1,-3.379721011E-1,-5.282005531E-1,1.575341981E2,1.193578397E2,4.168816294E1,-7.338294843E1
1.956047379E1,1.898809091E-1,7.559788127E-1,-3.368690759E-1,-5.281672782E-1,1.581083314E2,1.199176464E2,4.211621159E1,-7.314211848E1
1.957044279E1,1.852819715E-1,7.577290448E-1,-3.357248311E-1,-5.280209022E-1,1.586448552E2,1.204660443E2,4.251521978E1,-7.288137090E1
1.958041079E1,1.807249383E-1,7.594297123E-1,-3.346035142E-1,-5.278686994E-1,1.591760235E2,1.210131565E2,4.290743721E1,-7.261995932E1
1.959037979E1,1.759473928E-1,7.611874677E-1,-3.334315157E-1,-5.276925993E-1,1.597324096E2,1.215925602E2,4.331533981E1,-7.233993912E1
1.960034879E1,1.708720272E-1,7.630822846E-1,-3.321410846E-1,-5.274377373E-1,1.603229512E2,1.222245073E2,4.374496283E1,-7.202152125E1
1.961031679E1,1.655261209E-1,7.649780077E-1,-3.308928214E-1,-5.271809366E-1,1.609444015E2,1.228884910E2,4.418847117E1,-7.169732194E1
1.962028579E1,1.600690523E-1,7.667075247E-1,-3.297303481E-1,-5.270820812E-1,1.615781914E2,1.235402221E2,4.464212403E1,-7.140152240E1
1.963025379E1,1.545366252E-1,7.681942548E-1,-3.286947579E-1,-5.272152441E-1,1.622201539E2,1.241617133E2,4.510623813E1,-7.115245989E1
1.964022279E1,1.490116159E-1,7.695489178E-1,-3.276475983E-1,-5.274817597E-1,1.628606948E2,1.247651649E2,4.557762861E1,-7.091849629E1
1.965019179E1,1.435289853E-1,7.708241128E-1,-3.265500101E-1,-5.278207047E-1,1.634957895E2,1.253583192E2,4.605242218E1,-7.068566846E1
1.966015979E1,1.381244949E-1,7.720661172E-1,-3.253783067E-1,-5.281709450E-1,1.641213333E2,1.259484614E2,4.652547464E1,-7.044177200E1
1.967012879E1,1.328592577E-1,7.733130528E-1,-3.240523879E-1,-5.285125452E-1,1.647303014E2,1.265362094E2,4.699587338E1,-7.017388381E1
1.968009779E1,1.275517472E-1,7.744727023E-1,-3.227460674E-1,-5.289212853E-1,1.653437201E2,1.271212724E2,4.747110589E1,-6.991321649E1
1.969006579E1,1.220580530E-1,7.755184920E-1,-3.215584956E-1,-5.294082711E-1,1.659782128E2,1.277129219E2,4.795629511E1,-6.967152398E1
1.970003479E1,1.164769041E-1,7.765185314E-1,-3.204475258E-1,-5.298730033E-1,1.666223641E2,1.283189963E2,4.844013171E1,-6.942920370E1
1.971000279E1,1.110038619E-1,7.774701229E-1,-3.194965243E-1,-5.302267207E-1,1.672536259E2,1.289281692E2,4.889797614E1,-6.918926032E1
1.971997179E1,1.060160774E-1,7.784299963E-1,-3.185696097E-1,-5.303966990E-1,1.678285795E2,1.295168025E2,4.930633221E1,-6.893180042E1
1.972994079E1,1.017873998E-1,7.795458341E-1,-3.175385714E-1,-5.302045936E-1,1.683157876E2,1.300908839E2,4.964036438E1,-6.861742883E1
1.973990879E1,9.826946555E-2,7.809185991E-1,-3.164467573E-1,-5.295005516E-1,1.687209454E2,1.306786891E2,4.988916245E1,-6.822675414E1
1.974987779E1,9.526216147E-2,7.825768247E-1,-3.152176709E-1,-5.283337583E-1,1.690671820E2,1.312981009E2,5.007336476E1,-6.775159695E1
1.975984579E1,9.233691730E-2,7.843903404E-1,-3.138527662E-1,-5.269744803E-1,1.694038749E2,1.319516855E2,5.024150261E1,-6.722410597E1
1.976981479E1,8.899618950E-2,7.861522262E-1,-3.123392097E-1,-5.258218904E-1,1.697882775E2,1.326309723E2,5.045799946E1,-6.669122706E1
1.977978379E1,8.512567581E-2,7.877094890E-1,-3.106300496E-1,-5.251442955E-1,1.702334965E2,1.333087926E2,5.075402628E1,-6.618401352E1
1.978975179E1,8.086180559E-2,7.890437318E-1,-3.089394974E-1,-5.248121783E-1,1.707237919E2,1.339799358E2,5.109941239E1,-6.571621743E1
1.979972079E1,7.659553299E-2,7.902984013E-1,-3.072336880E-1,-5.245655771E-1,1.712141933E2,1.346445965E2,5.144968791E1,-6.525330057E1
1.980968879E1,7.250271576E-2,7.914259560E-1,-3.056331614E-1,-5.243820908E-1,1.716845046E2,1.352773741E2,5.178553343E1,-6.481702409E1
1.981965779E1,6.851575033E-2,7.923626275E-1,-3.043694303E-1,-5.242387915E-1,1.721425175E2,1.358742410E2,5.209833680E1,-6.443804272E1
1.982962679E1,6.460163573E-2,7.932041737E-1,-3.033463998E-1,-5.240559374E-1,1.725920390E2,1.364578472E2,5.238908234E1,-6.408807170E1
1.983959479E1,6.049448856E-2,7.939446516E-1,-3.026502603E-1,-5.238273119E-1,1.730636071E2,1.370555008E2,5.267060119E1,-6.376967057E1
1.984956379E1,5.614630357E-2,7.946010256E-1,-3.020130211E-1,-5.236841601E-1,1.735627224E2,1.376689654E2,5.297055379E1,-6.346019804E1
1.985953179E1,5.141827010E-2,7.950093232E-1,-3.014948045E-1,-5.238484906E-1,1.741053009E2,1.382736130E2,5.331424338E1,-6.319985053E1
1.986950079E1,4.643773486E-2,7.952279389E-1,-3.009847012E-1,-5.242750589E-1,1.746767131E2,1.388693511E2,5.369554551E1,-6.296840089E1
1.987946979E1,4.147180351E-2,7.954860462E-1,-3.003887448E-1,-5.246415047E-1,1.752463181E2,1.394851800E2,5.407392156E1,-6.270799367E1
1.988943779E1,3.695852931E-2,7.960017129E-1,-2.995937287E-1,-5.246513881E-1,1.757638998E2,1.401255642E2,5.440009438E1,-6.236952946E1
1.989940679E1,3.307581411E-2,7.967878148E-1,-2.987927911E-1,-5.241737168E-1,1.762090995E2,1.407749683E2,5.464126923E1,-6.197205166E1
1.990937579E1,2.978536750E-2,7.978007511E-1,-2.980669592E-1,-5.232426929E-1,1.765863434E2,1.414239854E2,5.479859461E1,-6.153539076E1
1.991934379E1,2.672137591E-2,7.988367417E-1,-2.975548539E-1,-5.221176671E-1,1.769375914E2,1.420622707E2,5.491212693E1,-6.111111888E1
1.992931279E1,2.338201788E-2,7.995931723E-1,-2.972896870E-1,-5.212705365E-1,1.773203739E2,1.426712934E2,5.505539988E1,-6.075949297E1
1.993928079E1,1.954728687E-2,8.000988923E-1,-2.969728691E-1,-5.208326729E-1,1.777599033E2,1.432830265E2,5.526792905E1,-6.043900451E1
1.994924979E1,1.527123621E-2,8.005445109E-1,-2.964746512E-1,-5.205747342E-1,1.782499772E2,1.439422914E2,5.553088863E1,-6.009014245E1
1.995921879E1,1.093978351E-2,8.011528164E-1,-2.954924189E-1,-5.203062798E-1,1.787463681E2,1.446574660E2,5.581466734E1,-5.964665894E1
1.996918679E1,6.791163847E-3,8.019350198E-1,-2.941289262E-1,-5.199445545E-1,1.792217840E2,1.454036569E2,5.609139780E1,-5.912363452E1
1.997915579E1,3.088141737E-3,8.028354872E-1,-2.925004141E-1,-5.195086297E-1,1.796461245E2,1.461319027E2,5.634124962E1,-5.855864447E1
1.998912379E1,1.055778555E-4,-8.038011558E-1,2.907342083E-1,5.190158066E-1,1.799879017E2,1.468181757E2,5.655678204E1,-5.798180647E1
1.999909279E1,2.912347232E-3,-8.047533374E-1,2.890964661E-1,5.184466134E-1,1.796662691E2,1.474570588E2,5.673339129E1,-5.743252007E1
2.000906179E1,5.463453826E-3,-8.055936613E-1,2.878942694E-1,5.177894176E-1,1.793739312E2,1.480386851E2,5.686673729E1,-5.695889967E1
2.001902979E1,7.740648051E-3,-8.063263210E-1,2.870381194E-1,5.170948796E-1,1.791129782E2,1.485581086E2,5.696504577E1,-5.655604271E1
2.002899879E1,9.995694107E-3,-8.068325679E-1,2.866857085E-1,5.164615600E-1,1.788545588E2,1.490187559E2,5.704807472E1,-5.625463833E1
2.003896679E1,1.214227525E-2,-8.071727983E-1,2.865039502E-1,5.159846684E-1,1.786085636E2,1.494231333E2,5.713327722E1,-5.601476849E1
2.004893579E1,1.418610237E-2,-8.073800554E-1,2.864619087E-1,5.156314778E-1,1.783743379E2,1.497801024E2,5.721926495E1,-5.582543585E1
2.005890479E1,1.612955678E-2,-8.074460152E-1,2.865183433E-1,5.154396043E-1,1.781516088E2,1.500875595E2,5.731181178E1,-5.568499915E1
2.006887279E1,1.800500724E-2,-8.073187107E-1,2.867391296E-1,5.154542293E-1,1.779366667E2,1.503362875E2,5.741539894E1,-5.561091015E1
2.007884179E1,1.982288511E-2,-8.069929155E-1,2.872511295E-1,5.156124064E-1,1.777283159E2,1.505253531E2,5.752004942E1,-5.561660620E1
2.008880979E1,2.158892236E-2,-8.065041385E-1,2.880120066E-1,5.158818933E-1,1.775258995E2,1.506644026E2,5.762455679E1,-5.568944642E1
2.009877879E1,2.320683451E-2,-8.059768604E-1,2.887067763E-1,5.162472011E-1,1.773404539E2,1.507722004E2,5.773268658E1,-5.577470031E1
2.010874779E1,2.471272033E-2,-8.054554828E-1,2.893076429E-1,5.166545294E-1,1.771678425E2,1.508655833E2,5.784200507E1,-5.585644142E1
2.011871579E1,2.587586798E-2,-8.051183291E-1,2.894585918E-1,5.170383396E-1,1.770345130E2,1.509570665E2,5.794446597E1,-5.587182748E1
2.012868479E1,2.679873645E-2,-8.049674645E-1,2.893162830E-1,5.173058246E-1,1.769287233E2,1.510619961E2,5.803107052E1,-5.582861570E1
2.013865279E1,2.753670669E-2,-8.049577075E-1,2.890622007E-1,5.174242362E-1,1.768441269E2,1.511760448E2,5.809536063E1,-5.575209343E1
2.014862179E1,2.814610798E-2,-8.049895073E-1,2.889255395E-1,5.174182935E-1,1.767742676E2,1.512803673E2,5.813527342E1,-5.568600306E1
2.015859079E1,2.868493436E-2,-8.049712998E-1,2.890261019E-1,5.173608263E-1,1.767124977E2,1.513591480E2,5.815761308E1,-5.566109437E1
2.016855879E1,2.915634686E-2,-8.048837187E-1,2.893374828E-1,5.172966788E-1,1.766584552E2,1.514079121E2,5.816812429E1,-5.567944807E1
2.017852779E1,2.954386606E-2,-8.047753802E-1,2.898307906E-1,5.171671826E-1,1.766140296E2,1.514368509E2,5.816083354E1,-5.572737240E1
2.018849579E1,2.979706325E-2,-8.047027822E-1,2.904167372E-1,5.169369133E-1,1.765850026E2,1.514534211E2,5.813217207E1,-5.578553675E1
2.019846479E1,2.985018936E-2,-8.046833525E-1,2.908778658E-1,5.167047052E-1,1.765789121E2,1.514534501E2,5.809579120E1,-5.583261106E1
2.020843379E1,2.987278007E-2,-8.046288145E-1,2.913133271E-1,5.165429456E-1,1.765763222E2,1.514399076E2,5.806571807E1,-5.588796366E1
2.021840179E1,2.998090781E-2,-8.044399966E-1,2.916771387E-1,5.166255323E-1,1.765639261E2,1.514055414E2,5.806816836E1,-5.596310469E1
2.022837079E1,3.037519157E-2,-8.039479954E-1,2.922180303E-1,5.170624266E-1,1.765187240E2,1.513361884E2,5.811770715E1,-5.611011221E1
2.023833979E1,3.097363468E-2,-8.031280285E-1,2.931565984E-1,5.177694821E-1,1.764501152E2,1.512108735E2,5.819325119E1,-5.636349419E1
2.024830779E1,3.139078311E-2,-8.021675018E-1,2.943523045E-1,5.185543618E-1,1.764022902E2,1.510187385E2,5.825681538E1,-5.669110238E1
2.025827679E1,3.141135077E-2,-8.012639366E-1,2.957473020E-1,5.191560080E-1,1.763999322E2,1.507786254E2,5.827062768E1,-5.705308072E1
2.026824479E1,3.085509667E-2,-8.006658939E-1,2.968280104E-1,5.194952059E-1,1.764637051E2,1.505309922E2,5.823359247E1,-5.734885142E1
2.027821379E1,2.990074450E-2,-8.003818873E-1,2.972666959E-1,5.197376135E-1,1.765731163E2,1.503072598E2,5.818493782E1,-5.753123824E1
2.028818279E1,2.893830014E-2,-8.002069990E-1,2.971505181E-1,5.201277036E-1,1.766834521E2,1.501128658E2,5.817011475E1,-5.763306061E1
2.029815079E1,2.799459006E-2,-8.000596747E-1,2.965739281E-1,5.207348290E-1,1.767916371E2,1.499296916E2,5.819457630E1,-5.768260919E1
2.030811979E1,2.700531923E-2,-7.998668528E-1,2.959591320E-1,5.214326965E-1,1.769050421E2,1.497276822E2,5.822672589E1,-5.774324694E1
2.031808779E1,2.579456671E-2,-7.996408825E-1,2.955576201E-1,5.220679338E-1,1.770438325E2,1.494828918E2,5.823139276E1,-5.784790956E1
2.032805679E1,2.417134406E-2,-7.995052540E-1,2.953697294E-1,5.224592884E-1,1.772298982E2,1.491997946E2,5.817871337E1,-5.797760216E1
2.033802579E1,2.228685310E-2,-7.994325296E-1,2.955550702E-1,5.225497144E-1,1.774459033E2,1.488953766E2,5.806627171E1,-5.814250166E1
2.034799379E1,2.033486396E-2,-7.994022892E-1,2.959074811E-1,5.224762103E-1,1.776696356E2,1.485947609E2,5.792695586E1,-5.831405082E1
2.035796279E1,1.853089455E-2,-7.993894766E-1,2.962218123E-1,5.223847095E-1,1.778763944E2,1.483234563E2,5.779602441E1,-5.846520699E1
2.036793079E1,1.704418554E-2,-7.992559343E-1,2.965299268E-1,5.224649360E-1,1.780467856E2,1.480689439E2,5.770137144E1,-5.862405513E1
2.037789979E1,1.570604417E-2,-7.989573871E-1,2.967605333E-1,5.228322248E-1,1.782001459E2,1.477934774E2,5.764657406E1,-5.880723172E1
2.038786879E1,1.417423804E-2,-7.985449169E-1,2.968313611E-1,5.234655865E-1,1.783756976E2,1.474598188E2,5.761158852E1,-5.901664211E1
2.039783679E1,1.212185510E-2,-7.981605377E-1,2.966836785E-1,5.241867613E-1,1.786109037E2,1.470586107E2,5.756100890E1,-5.923064469E1
2.040780579E1,9.234311288E-3,-7.980677935E-1,2.960358182E-1,5.247527724E-1,1.789418108E2,1.466154826E2,5.746296284E1,-5.937409024E1
2.041777379E1,5.696525898E-3,-7.983249736E-1,2.948868951E-1,5.250584845E-1,1.793472227E2,1.461749373E2,5.731946446E1,-5.941830301E1
2.042774279E1,1.980691146E-3,-7.987669044E-1,2.934660617E-1,5.252096653E-1,1.797730294E2,1.457621942E2,5.716153341E1,-5.939682944E1
2.043771179E1,1.700583191E-3,7.993044453E-1,-2.918595081E-1,-5.252881427E-1,1.798051274E2,1.453836513E2,5.700705581E1,-5.932791393E1
2.044767979E1,5.170617522E-3,7.997359447E-1,-2.904125225E-1,-5.254107057E-1,1.794074882E2,1.450115748E2,5.686410532E1,-5.928392811E1
2.045764879E1,8.629946554E-3,8.000396760E-1,-2.890927150E-1,-5.256305437E-1,1.790110687E2,1.446120966E2,5.672646539E1,-5.927895301E1
2.046761679E1,1.217437007E-2,8.002428449E-1,-2.879162068E-1,-5.258967432E-1,1.786048855E2,1.441799357E2,5.658251304E1,-5.931213933E1
2.047758579E1,1.582272772E-2,8.003806440E-1,-2.867561780E-1,-5.262237184E-1,1.781867733E2,1.437215299E2,5.643757993E1,-5.936412533E1
2.048755479E1,1.958009819E-2,8.004764016E-1,-2.854274565E-1,-5.266739100E-1,1.777561426E2,1.432412918E2,5.630501437E1,-5.941322992E1
2.049752279E1,2.326803173E-2,8.005079907E-1,-2.841159519E-1,-5.271846034E-1,1.773334393E2,1.427584019E2,5.618196647E1,-5.947191934E1
2.050749179E1,2.682067389E-2,8.005015212E-1,-2.829883341E-1,-5.276319500E-1,1.769262086E2,1.422895624E2,5.605361527E1,-5.954448691E1
2.051745979E1,3.025758079E-2,8.004064168E-1,-2.820977079E-1,-5.280671584E-1,1.765322074E2,1.418190715E2,5.592097258E1,-5.964941628E1
2.052742879E1,3.350259310E-2,8.001149503E-1,-2.816447768E-1,-5.285544602E-1,1.761601671E2,1.413299502E2,5.578536660E1,-5.982741513E1
2.053739779E1,3.674225276E-2,7.997832335E-1,-2.814988855E-1,-5.289189883E-1,1.757887001E2,1.408393724E2,5.562452691E1,-6.003523952E1
2.054736579E1,4.001204741E-2,7.994856346E-1,-2.817259306E-1,-5.290107842E-1,1.754137328E2,1.403646097E2,5.541935888E1,-6.025922379E1
2.055733479E1,4.324460533E-2,7.991691539E-1,-2.823257224E-1,-5.289145840E-1,1.750429874E2,1.399009784E2,5.518164262E1,-6.050912797E1
2.056730379E1,4.634284123E-2,7.987847536E-1,-2.832989985E-1,-5.287124266E-1,1.746875989E2,1.394480378E2,5.492465671E1,-6.079318241E1
2.057727179E1,4.926321744E-2,7.982813727E-1,-2.847056706E-1,-5.284530338E-1,1.743525653E2,1.389992393E2,5.465241525E1,-6.112666086E1
2.058724079E1,5.220787023E-2,7.977154670E-1,-2.862965034E-1,-5.281654027E-1,1.740146977E2,1.385427853E2,5.436623417E1,-6.148236640E1
2.059720879E1,5.534148842E-2,7.971292886E-1,-2.878210392E-1,-5.279026592E-1,1.736550910E2,1.380671697E2,5.407214304E1,-6.183557022E1
2.060717779E1,5.883807527E-2,7.965574612E-1,-2.891069185E-1,-5.276851393E-1,1.732537569E2,1.375592099E2,5.376913910E1,-6.216954875E1
2.061714679E1,6.302759845E-2,7.961968106E-1,-2.898647610E-1,-5.273295464E-1,1.727727788E2,1.370289675E2,5.343458721E1,-6.242170626E1
2.062711479E1,6.793098388E-2,7.960719506E-1,-2.901203605E-1,-5.267683822E-1,1.722096832E2,1.364827869E2,5.306090121E1,-6.258644577E1
2.063708379E1,7.321630405E-2,7.960434593E-1,-2.899370217E-1,-5.262040569E-1,1.716025155E2,1.359222273E2,5.268420182E1,-6.269417878E1
2.064705179E1,7.842236707E-2,7.959261225E-1,-2.894578121E-1,-5.258952891E-1,1.710042218E2,1.353503690E2,5.234913456E1,-6.279166048E1
2.065702079E1,8.306168142E-2,7.954527291E-1,-2.891680103E-1,-5.260586503E-1,1.704708536E2,1.347590078E2,5.208022422E1,-6.297017773E1
2.066698979E1,8.716619441E-2,7.946116466E-1,-2.892475836E-1,-5.266215636E-1,1.699987978E2,1.341451447E2,5.185906999E1,-6.324675224E1
2.067695779E1,9.084097813E-2,7.934758733E-1,-2.899508459E-1,-5.273258375E-1,1.695760204E2,1.335239287E2,5.164322336E1,-6.362157325E1
2.068692679E1,9.423173424E-2,7.921368890E-1,-2.912191921E-1,-5.280445255E-1,1.691857939E2,1.329036951E2,5.141492094E1,-6.406957781E1
2.069689479E1,9.755631980E-2,7.906928326E-1,-2.927896047E-1,-5.287361974E-1,1.688030604E2,1.322819815E2,5.116991973E1,-6.455177329E1
2.070686379E1,1.009597410E-1,7.891922784E-1,-2.946685534E-1,-5.292950014E-1,1.684111214E2,1.316597908E2,5.088958337E1,-6.505613736E1
2.071683279E1,1.047662547E-1,7.877873553E-1,-2.965441725E-1,-5.296005029E-1,1.679726007E2,1.310382035E2,5.055993278E1,-6.552703280E1
2.072680079E1,1.089879149E-1,7.864013984E-1,-2.984423822E-1,-5.297421374E-1,1.674860468E2,1.304000074E2,5.018596393E1,-6.598254808E1
2.073676979E1,1.135889388E-1,7.849824193E-1,-3.003157043E-1,-5.298213524E-1,1.669555122E2,1.297357367E2,4.978045562E1,-6.643030870E1
2.074673779E1,1.186052989E-1,7.835776649E-1,-3.019046405E-1,-5.298986075E-1,1.663767655E2,1.290456124E2,4.936014520E1,-6.684336729E1
2.075670679E1,1.239731637E-1,7.822250250E-1,-3.030323005E-1,-5.300246266E-1,1.657570777E2,1.283373297E2,4.894341637E1,-6.720294938E1
2.076667579E1,1.295938252E-1,7.809931780E-1,-3.036022734E-1,-5.301704547E-1,1.651077567E2,1.276307728E2,4.854094520E1,-6.748865734E1
2.077664379E1,1.353033324E-1,7.798778459E-1,-3.037933250E-1,-5.302766648E-1,1.644476790E2,1.269439446E2,4.814995630E1,-6.771246969E1
2.078661279E1,1.410599597E-1,7.788875425E-1,-3.037131828E-1,-5.302779713E-1,1.637816276E2,1.262856181E2,4.776296672E1,-6.787889306E1
2.079658179E1,1.468084526E-1,7.778666194E-1,-3.036014515E-1,-5.302801629E-1,1.631159665E2,1.256320259E2,4.737756219E1,-6.803759179E1
2.080654979E1,1.524152479E-1,7.766293144E-1,-3.038658387E-1,-5.303603684E-1,1.624661605E2,1.249669145E2,4.698366582E1,-6.825271078E1
2.081651879E1,1.577521979E-1,7.750970657E-1,-3.049142415E-1,-5.304394991E-1,1.618471005E2,1.243011600E2,4.655896663E1,-6.856147418E1
2.082648679E1,1.628426732E-1,7.732930963E-1,-3.068863769E-1,-5.303966568E-1,1.612561323E2,1.236484221E2,4.608385964E1,-6.896153810E1
2.083645579E1,1.679752743E-1,7.712921746E-1,-3.093188822E-1,-5.302966845E-1,1.606597639E2,1.229877814E2,4.557043207E1,-6.940751143E1
2.084642479E1,1.731666491E-1,7.691150370E-1,-3.118618545E-1,-5.302996137E-1,1.600560279E2,1.223069389E2,4.504927745E1,-6.987806815E1
2.085639279E1,1.785410783E-1,7.669602583E-1,-3.140276757E-1,-5.303598100E-1,1.594304135E2,1.216189392E2,4.453912202E1,-7.030527040E1
2.086636179E1,1.839264761E-1,7.648436436E-1,-3.159080152E-1,-5.304595715E-1,1.588028999E2,1.209409019E2,4.404551355E1,-7.069494561E1
2.087632979E1,1.893393221E-1,7.627365119E-1,-3.175357686E-1,-5.306173588E-1,1.581715394E2,1.202656510E2,4.356669288E1,-7.105563109E1
2.088629879E1,1.947364895E-1,7.605182811E-1,-3.191362952E-1,-5.308875096E-1,1.575413391E2,1.195803629E2,4.309455248E1,-7.142415390E1
2.089626779E1,2.001708093E-1,7.582148083E-1,-3.207031253E-1,-5.312169399E-1,1.569061047E2,1.188879878E2,4.262229055E1,-7.179265695E1
2.090623579E1,2.056880109E-1,7.560282088E-1,-3.220838772E-1,-5.313904058E-1,1.562604450E2,1.182223477E2,4.214388188E1,-7.210981527E1
2.091620479E1,2.112370439E-1,7.541147629E-1,-3.232809109E-1,-5.312054865E-1,1.556102879E2,1.176195219E2,4.165179847E1,-7.234445686E1
2.092617279E1,2.168057384E-1,7.525008758E-1,-3.243459618E-1,-5.306010164E-1,1.549570248E2,1.170870554E2,4.114107695E1,-7.249478269E1
2.093614179E1,2.224733937E-1,7.511572343E-1,-3.251980867E-1,-5.296363593E-1,1.542913021E2,1.166077682E2,4.061587178E1,-7.256330498E1
2.094611079E1,2.280418986E-1,7.498532951E-1,-3.260534149E-1,-5.285886940E-1,1.536363650E2,1.161520937E2,4.009225824E1,-7.261588293E1
2.095607879E1,2.333280617E-1,7.484235686E-1,-3.270237407E-1,-5.277080567E-1,1.530138236E2,1.156980802E2,3.959008645E1,-7.270037029E1
2.096604779E1,2.382113747E-1,7.468310921E-1,-3.281432453E-1,-5.270869702E-1,1.524380035E2,1.152442035E2,3.912061354E1,-7.283195588E1
2.097601579E1,2.426836716E-1,7.450811549E-1,-3.294483646E-1,-5.267090710E-1,1.519100257E2,1.147937296E2,3.868061151E1,-7.301189153E1
2.098598479E1,2.469712494E-1,7.432615280E-1,-3.308128899E-1,-5.264316815E-1,1.514032832E2,1.143479489E2,3.825411041E1,-7.320790246E1
2.099595379E1,2.511993897E-1,7.413449843E-1,-3.323678979E-1,-5.261541340E-1,1.509030055E2,1.139056175E2,3.781705511E1,-7.342264149E1
2.100592179E1,2.555600396E-1,7.393745770E-1,-3.340715156E-1,-5.257476171E-1,1.503864547E2,1.134668812E2,3.735114121E1,-7.363538550E1
2.101589079E1,2.601412967E-1,7.373970679E-1,-3.357870399E-1,-5.251849777E-1,1.498431073E2,1.130296878E2,3.685812237E1,-7.382771638E1
2.102585879E1,2.646425274E-1,7.353441792E-1,-3.376339148E-1,-5.246299564E-1,1.493085744E2,1.125985383E2,3.636041011E1,-7.403243565E1
2.103582779E1,2.689908283E-1,7.333671970E-1,-3.393307890E-1,-5.240908034E-1,1.487915518E2,1.121860672E2,3.588415129E1,-7.421731598E1
2.104579679E1,2.730653959E-1,7.315184677E-1,-3.407734757E-1,-5.236310867E-1,1.483064850E2,1.117973664E2,3.544946879E1,-7.437820907E1
2.105576479E1,2.768296153E-1,7.298089283E-1,-3.419046760E-1,-5.233025098E-1,1.478578460E2,1.114294992E2,3.506623499E1,-7.451599385E1
2.106573379E1,2.804854540E-1,7.284097793E-1,-3.425149202E-1,-5.229059712E-1,1.474216395E2,1.110936411E2,3.472503786E1,-7.458217909E1
2.107570279E1,2.840465677E-1,7.273275958E-1,-3.428026357E-1,-5.223011218E-1,1.469962684E2,1.108036047E2,3.440397281E1,-7.458038906E1
2.108567079E1,2.877877432E-1,7.266763427E-1,-3.427628491E-1,-5.211845148E-1,1.465488846E2,1.105729697E2,3.406817911E1,-7.447214875E1
2.109563979E1,2.917564590E-1,7.264058231E-1,-3.427661576E-1,-5.193496096E-1,1.460737161E2,1.104172047E2,3.367688058E1,-7.427232111E1
2.110560779E1,2.961133158E-1,7.264665567E-1,-3.429742366E-1,-5.166546874E-1,1.455513827E2,1.103337810E2,3.319883619E1,-7.398385770E1
2.111557679E1,3.009391404E-1,7.265577625E-1,-3.434064104E-1,-5.134409797E-1,1.449719624E2,1.102630916E2,3.264281711E1,-7.365990716E1
2.112554579E1,3.060061926E-1,7.263019522E-1,-3.441266789E-1,-5.103162229E-1,1.443625818E2,1.101430791E2,3.205124547E1,-7.338826504E1
2.113551342E1,3.111864512E-1,7.259159082E-1,-3.447684701E-1,-5.072907640E-1,1.437385078E2,1.099927363E2,3.146155402E1,-7.312700478E1
2.114548242E1,3.162853664E-1,7.257886457E-1,-3.449896357E-1,-5.041592637E-1,1.431231447E2,1.098657296E2,3.090364187E1,-7.280809948E1
2.115545042E1,3.208943034E-1,7.260084837E-1,-3.448212169E-1,-5.010356660E-1,1.425659656E2,1.097893365E2,3.041170518E1,-7.244485920E1
2.116541942E1,3.249416548E-1,7.265743684E-1,-3.440866605E-1,-4.981033516E-1,1.420759196E2,1.097504832E2,3.001337031E1,-7.204074137E1
2.117538842E1,3.281836852E-1,7.271923465E-1,-3.431218138E-1,-4.957359526E-1,1.416828608E2,1.097232833E2,2.972098769E1,-7.167638276E1
2.118535642E1,3.307744836E-1,7.278228002E-1,-3.418769434E-1,-4.939456072E-1,1.413684196E2,1.096929190E2,2.952751100E1,-7.134835617E1
2.119532542E1,3.328608632E-1,7.284351939E-1,-3.403475185E-1,-4.926959268E-1,1.411149789E2,1.096501311E2,2.942062711E1,-7.105239865E1
2.120529342E1,3.343813793E-1,7.288965122E-1,-3.388089268E-1,-4.920441416E-1,1.409301513E2,1.095914619E2,2.938763495E1,-7.082407927E1
2.121526242E1,3.354366731E-1,7.292305260E-1,-3.373087940E-1,-4.918616247E-1,1.408018120E2,1.095225254E2,2.941090381E1,-7.065316106E1
2.122523142E1,3.360544985E-1,7.294001249E-1,-3.360927731E-1,-4.920209029E-1,1.407266516E2,1.094532637E2,2.946351547E1,-7.055033824E1
2.123519942E1,3.363352545E-1,7.293135974E-1,-3.353965493E-1,-4.924321139E-1,1.406924909E2,1.093808142E2,2.951579690E1,-7.053113642E1
2.124516842E1,3.364447309E-1,7.289394388E-1,-3.353347410E-1,-4.929530700E-1,1.406791695E2,1.093035783E2,2.953944628E1,-7.059230975E1
2.125513642E1,3.365882409E-1,7.282926954E-1,-3.359293909E-1,-4.934061065E-1,1.406617059E2,1.092216028E2,2.950821601E1,-7.071660355E1
2.126510542E1,3.368690548E-1,7.273477209E-1,-3.372801552E-1,-4.936866886E-1,1.406275313E2,1.091356711E2,2.940141579E1,-7.090289944E1
2.127507442E1,3.375222941E-1,7.262313352E-1,-3.390917953E-1,-4.936431456E-1,1.405480189E2,1.090442870E2,2.921552433E1,-7.110315388E1
2.128504242E1,3.385326436E-1,7.249998043E-1,-3.412082415E-1,-4.933030153E-1,1.404250000E2,1.089480443E2,2.896458533E1,-7.130361710E1
2.129501142E1,3.399291373E-1,7.238315147E-1,-3.431730222E-1,-4.926950048E-1,1.402548864E2,1.088466960E2,2.868196175E1,-7.145885969E1
2.130497942E1,3.414964311E-1,7.228581543E-1,-3.447869304E-1,-4.919128225E-1,1.400638580E2,1.087541074E2,2.840359345E1,-7.155628767E1
2.131494842E1,3.430146818E-1,7.221771034E-1,-3.458871739E-1,-4.910837572E-1,1.398786968E2,1.086797732E2,2.816485791E1,-7.159153519E1
2.132491742E1,3.443275245E-1,7.218444172E-1,-3.462853562E-1,-4.903728557E-1,1.397184985E2,1.086220509E2,2.800020083E1,-7.156301059E1
2.133488542E1,3.453316837E-1,7.218398654E-1,-3.459637758E-1,-4.899001683E-1,1.395959114E2,1.085772330E2,2.792493849E1,-7.148252681E1
2.134485442E1,3.460017554E-1,7.219672542E-1,-3.452216330E-1,-4.897633385E-1,1.395140827E2,1.085319518E2,2.792345785E1,-7.139427746E1
2.135482342E1,3.465704797E-1,7.221536908E-1,-3.442068422E-1,-4.898004330E-1,1.394446136E2,1.084793833E2,2.795892874E1,-7.129711589E1
2.136479142E1,3.471424124E-1,7.222866852E-1,-3.432487812E-1,-4.898718298E-1,1.393747369E2,1.084213691E2,2.799168237E1,-7.121055280E1
2.137476042E1,3.479386085E-1,7.224132311E-1,-3.423708412E-1,-4.897346418E-1,1.392774341E2,1.083639412E2,2.799104139E1,-7.110970388E1
2.138472842E1,3.488021237E-1,7.224303216E-1,-3.418903882E-1,-4.894307525E-1,1.391718697E2,1.083146314E2,2.794702796E1,-7.103181231E1
2.139469742E1,3.495860182E-1,7.223628445E-1,-3.418025963E-1,-4.890323331E-1,1.390760075E2,1.082804368E2,2.787465017E1,-7.098331530E1
2.140466642E1,3.501158884E-1,7.222629986E-1,-3.419458535E-1,-4.887003002E-1,1.390111929E2,1.082623762E2,2.780727382E1,-7.096450865E1
2.141463442E1,3.502101709E-1,7.221380543E-1,-3.422373622E-1,-4.886133512E-1,1.389996587E2,1.082591481E2,2.777383145E1,-7.098627052E1
2.142460342E1,3.499643599E-1,7.220515268E-1,-3.424786529E-1,-4.887482317E-1,1.390297296E2,1.082658726E2,2.778092826E1,-7.102567047E1
2.143457142E1,3.496909902E-1,7.221585166E-1,-3.423391257E-1,-4.888837812E-1,1.390631683E2,1.082805088E2,2.781883182E1,-7.102386693E1
2.144454042E1,3.494804877E-1,7.224439140E-1,-3.418896085E-1,-4.889269607E-1,1.390889146E2,1.083038583E2,2.787065516E1,-7.097806714E1
2.145450942E1,3.494201387E-1,7.228615893E-1,-3.412220024E-1,-4.888191438E-1,1.390962954E2,1.083326583E2,2.791994872E1,-7.089202636E1
2.146447742E1,3.494247433E-1,7.232979988E-1,-3.406124536E-1,-4.885954599E-1,1.390957322E2,1.083681051E2,2.795405595E1,-7.079865808E1
2.147444642E1,3.493911048E-1,7.236652032E-1,-3.402617708E-1,-4.883200777E-1,1.390998462E2,1.084107153E2,2.796886059E1,-7.072614001E1
2.148441442E1,3.493166471E-1,7.239078848E-1,-3.401104636E-1,-4.881189792E-1,1.391089522E2,1.084458555E2,2.797549322E1,-7.068376030E1
2.149438342E1,3.491681743E-1,7.239730860E-1,-3.400818459E-1,-4.881484294E-1,1.391271092E2,1.084587214E2,2.799023897E1,-7.068229049E1
2.150435242E1,3.490415652E-1,7.239522865E-1,-3.399731702E-1,-4.883454237E-1,1.391425917E2,1.084494070E2,2.801794233E1,-7.069341778E1
2.151432042E1,3.490488882E-1,7.239981633E-1,-3.396218130E-1,-4.885166348E-1,1.391416962E2,1.084319633E2,2.805254230E1,-7.067712006E1
2.152428942E1,3.490217140E-1,7.240726579E-1,-3.392823834E-1,-4.886615672E-1,1.391450191E2,1.084213905E2,2.808748063E1,-7.065836167E1
2.153425742E1,3.489169370E-1,7.241855693E-1,-3.390415984E-1,-4.887361672E-1,1.391578311E2,1.084267042E2,2.811719840E1,-7.064033925E1
2.154422642E1,3.486126367E-1,7.242214152E-1,-3.391299172E-1,-4.888390055E-1,1.391950375E2,1.084458226E2,2.813855730E1,-7.065842466E1
2.155419542E1,3.481350497E-1,7.241637372E-1,-3.395368239E-1,-4.889822837E-1,1.392534224E2,1.084744385E2,2.815101601E1,-7.071340973E1
2.156416342E1,3.476589378E-1,7.241112222E-1,-3.399652045E-1,-4.891010746E-1,1.393116160E2,1.085056088E2,2.816051251E1,-7.076770469E1
2.157413242E1,3.471175194E-1,7.240706138E-1,-3.403891807E-1,-4.892509488E-1,1.393777785E2,1.085400151E2,2.817683260E1,-7.082455045E1
2.158410142E1,3.465779344E-1,7.241611030E-1,-3.405777879E-1,-4.893681381E-1,1.394437029E2,1.085813982E2,2.820900358E1,-7.085201903E1
2.159406942E1,3.459450995E-1,7.243730385E-1,-3.405609923E-1,-4.895140926E-1,1.395210024E2,1.086320863E2,2.826503519E1,-7.085967267E1
2.160403842E1,3.452127663E-1,7.246990022E-1,-3.403096285E-1,-4.897233833E-1,1.396104313E2,1.086887920E2,2.834930001E1,-7.084857229E1
2.161400642E1,3.444925294E-1,7.251809303E-1,-3.397192987E-1,-4.899268999E-1,1.396983581E2,1.087495507E2,2.845769654E1,-7.080031547E1
2.162397542E1,3.437583998E-1,7.257242032E-1,-3.390039824E-1,-4.901333510E-1,1.397879554E2,1.088132176E2,2.857654093E1,-7.073867512E1
2.163394442E1,3.431552520E-1,7.262744514E-1,-3.382274899E-1,-4.902776038E-1,1.398615478E2,1.088714462E2,2.868691179E1,-7.066440072E1
2.164391242E1,3.426750625E-1,7.266609591E-1,-3.376682645E-1,-4.904261820E-1,1.399201252E2,1.089127756E2,2.877204968E1,-7.061583101E1
2.165388142E1,3.422177850E-1,7.267684335E-1,-3.375671963E-1,-4.906557822E-1,1.399758975E2,1.089350034E2,2.882547630E1,-7.062726588E1
2.166384942E1,3.418280688E-1,7.267383196E-1,-3.377440656E-1,-4.908501899E-1,1.400234218E2,1.089503574E2,2.885132587E1,-7.066528117E1
2.167381842E1,3.412916396E-1,7.265747266E-1,-3.383268511E-1,-4.910644486E-1,1.400888254E2,1.089733955E2,2.885886872E1,-7.074761063E1
2.168378742E1,3.406532149E-1,7.264349466E-1,-3.390112527E-1,-4.912422082E-1,1.401666471E2,1.090105237E2,2.886453981E1,-7.083494212E1
2.169375542E1,3.398723919E-1,7.263409380E-1,-3.396846961E-1,-4.914569991E-1,1.402618006E2,1.090585083E2,2.888359996E1,-7.092383939E1
2.170372442E1,3.388906706E-1,7.262657059E-1,-3.403096918E-1,-4.918135140E-1,1.403813957E2,1.091108346E2,2.892858004E1,-7.102265833E1
2.171369242E1,3.377089836E-1,7.262393641E-1,-3.407621382E-1,-4.923518715E-1,1.405252914E2,1.091640323E2,2.901075257E1,-7.112309510E1
2.172366142E1,3.364469910E-1,7.263847708E-1,-3.408309218E-1,-4.929533387E-1,1.406788945E2,1.092230909E2,2.913076742E1,-7.118891792E1
2.173363042E1,3.350220746E-1,7.265925969E-1,-3.408114921E-1,-4.936304014E-1,1.408522394E2,1.092910951E2,2.927340723E1,-7.125259177E1
2.174359842E1,3.335407656E-1,7.268025514E-1,-3.408235672E-1,-4.943156407E-1,1.410323459E2,1.093633317E2,2.941834213E1,-7.132009509E1
2.175356742E1,3.322041468E-1,7.270401332E-1,-3.408147585E-1,-4.948720371E-1,1.411947741E2,1.094363982E2,2.954740571E1,-7.137109396E1
2.176353542E1,3.309714463E-1,7.272728259E-1,-3.409049949E-1,-4.952938322E-1,1.413445021E2,1.095138046E2,2.965444337E1,-7.141725668E1
2.177350442E1,3.298948262E-1,7.276007916E-1,-3.409146255E-1,-4.955237222E-1,1.414752160E2,1.096000637E2,2.974593877E1,-7.143233267E1
2.178347342E1,3.288164516E-1,7.279977307E-1,-3.408568000E-1,-4.956972882E-1,1.416060907E2,1.096946984E2,2.983964994E1,-7.143278452E1
2.179344142E1,3.275677195E-1,7.284461731E-1,-3.407088646E-1,-4.959666961E-1,1.417575754E2,1.097966245E2,2.995764263E1,-7.143318620E1
2.180341042E1,3.260696151E-1,7.289315573E-1,-3.404278926E-1,-4.964335515E-1,1.419392202E2,1.099019235E2,3.011424250E1,-7.144075118E1
2.181337842E1,3.242998478E-1,7.294672438E-1,-3.400162865E-1,-4.970876073E-1,1.421536762E2,1.100140986E2,3.031036414E1,-7.145413989E1
2.182334742E1,3.223802696E-1,7.301248189E-1,-3.394302767E-1,-4.977709342E-1,1.423861305E2,1.101411120E2,3.053193813E1,-7.144996564E1
2.183331642E1,3.203524003E-1,7.308479113E-1,-3.388537710E-1,-4.984111606E-1,1.426315242E2,1.102849782E2,3.075847984E1,-7.143957631E1
2.184328442E1,3.181744830E-1,7.315091321E-1,-3.385481853E-1,-4.990437216E-1,1.428948776E2,1.104413866E2,3.097575350E1,-7.145569559E1
2.185325342E1,3.160148785E-1,7.321424096E-1,-3.383853509E-1,-4.995971940E-1,1.431558161E2,1.106034561E2,3.117695803E1,-7.147748052E1
2.186322142E1,3.138157718E-1,7.326898339E-1,-3.384477072E-1,-5.001384122E-1,1.434213244E2,1.107672896E2,3.136393130E1,-7.152194937E1
2.187319042E1,3.115974673E-1,7.331992629E-1,-3.386469354E-1,-5.006436160E-1,1.436889446E2,1.109351428E2,3.154042442E1,-7.157662876E1
2.188315942E1,3.093979919E-1,7.337639042E-1,-3.387894339E-1,-5.010838819E-1,1.439540911E2,1.111101026E2,3.171625381E1,-7.161684329E1
2.189312742E1,3.070184546E-1,7.343182407E-1,-3.390024230E-1,-5.015911720E-1,1.442407195E2,1.112938204E2,3.190383067E1,-7.167101511E1
2.190309642E1,3.045627579E-1,7.349690723E-1,-3.390143927E-1,-5.021268268E-1,1.445362794E2,1.114850254E2,3.211315475E1,-7.170540247E1
2.191306542E1,3.019787768E-1,7.356935766E-1,-3.388308853E-1,-5.027498836E-1,1.448470162E2,1.116813845E2,3.235071021E1,-7.172749156E1
2.192303342E1,2.992000983E-1,7.364962844E-1,-3.385036782E-1,-5.034558644E-1,1.451808690E2,1.118896987E2,3.261736444E1,-7.174137266E1
2.193300242E1,2.964315982E-1,7.374970824E-1,-3.378309513E-1,-5.040799328E-1,1.455131957E2,1.121140645E2,3.290361488E1,-7.170547664E1
2.194297042E1,2.936222052E-1,7.385897184E-1,-3.370672293E-1,-5.046354810E-1,1.458501257E2,1.123537491E2,3.319541830E1,-7.164907934E1
2.195293942E1,2.908993291E-1,7.398683695E-1,-3.360967560E-1,-5.049865853E-1,1.461763896E2,1.126160282E2,3.348416915E1,-7.154267822E1
2.196290842E1,2.881369298E-1,7.412782658E-1,-3.351278842E-1,-5.051465853E-1,1.465071009E2,1.129088909E2,3.376465801E1,-7.140925030E1
2.197287642E1,2.852208315E-1,7.427137032E-1,-3.343399068E-1,-5.052151582E-1,1.468559016E2,1.132275464E2,3.403775183E1,-7.128051748E1
2.198284542E1,2.822641669E-1,7.441733750E-1,-3.335322467E-1,-5.052614144E-1,1.472092323E2,1.135545705E2,3.431316026E1,-7.114482141E1
2.199281342E1,2.790921319E-1,7.455660123E-1,-3.328476765E-1,-5.054219728E-1,1.475879444E2,1.138870883E2,3.460117004E1,-7.103394336E1
2.200278242E1,2.757565354E-1,7.469960338E-1,-3.320951235E-1,-5.056364265E-1,1.479857924E2,1.142317531E2,3.490811361E1,-7.091867729E1
2.201275142E1,2.722060638E-1,7.484862410E-1,-3.312789287E-1,-5.058918574E-1,1.484088345E2,1.145958531E2,3.523658177E1,-7.079667524E1
2.202271942E1,2.682503292E-1,7.499092871E-1,-3.307111263E-1,-5.062685660E-1,1.488796445E2,1.149816733E2,3.558318100E1,-7.071144715E1
2.203268842E1,2.640187540E-1,7.512141325E-1,-3.304067629E-1,-5.067571639E-1,1.493826897E2,1.153757911E2,3.593726794E1,-7.066604725E1
2.204265642E1,2.595673198E-1,7.523312347E-1,-3.304873055E-1,-5.073466824E-1,1.499112200E2,1.157700731E2,3.628613278E1,-7.067463838E1
2.205262542E1,2.550262603E-1,7.532984206E-1,-3.309028734E-1,-5.079433869E-1,1.504497176E2,1.161640509E2,3.661878520E1,-7.072151935E1
2.206259442E1,2.506134431E-1,7.541404936E-1,-3.314287186E-1,-5.085468876E-1,1.509723689E2,1.165394680E2,3.693514367E1,-7.078468859E1
2.207256242E1,2.463030322E-1,7.547674069E-1,-3.320213665E-1,-5.093357607E-1,1.514822961E2,1.168748666E2,3.725074398E1,-7.088368126E1
2.208253142E1,2.421856328E-1,7.552265125E-1,-3.322408251E-1,-5.104852633E-1,1.519688517E2,1.171467444E2,3.759934462E1,-7.099272865E1
2.209250042E1,2.378049842E-1,7.555831380E-1,-3.320870102E-1,-5.121143971E-1,1.524859502E2,1.173865086E2,3.802069882E1,-7.112031152E1
2.210246842E1,2.327357193E-1,7.560322338E-1,-3.318121495E-1,-5.139552977E-1,1.530836227E2,1.176703727E2,3.851243443E1,-7.125126955E1
2.211243742E1,2.269995649E-1,7.566026071E-1,-3.317404577E-1,-5.157245908E-1,1.537590246E2,1.180274241E2,3.903442876E1,-7.138477752E1
2.212240542E1,2.206999386E-1,7.569528685E-1,-3.323435581E-1,-5.175536165E-1,1.544997059E2,1.184128243E2,3.955591775E1,-7.159956882E1
2.213237529E1,2.142468873E-1,7.570588678E-1,-3.334042678E-1,-5.194244624E-1,1.552573048E2,1.187897802E2,4.006139845E1,-7.187622769E1
2.214234429E1,2.078728614E-1,7.570569923E-1,-3.348006140E-1,-5.211163949E-1,1.560045489E2,1.191692949E2,4.052936611E1,-7.217294449E1
2.215231229E1,2.019058370E-1,7.572441664E-1,-3.360680961E-1,-5.223729189E-1,1.567031413E2,1.195706903E2,4.095146409E1,-7.239998851E1
2.216228129E1,1.963785307E-1,7.576945476E-1,-3.368765570E-1,-5.233054601E-1,1.573494704E2,1.199866928E2,4.135333721E1,-7.253148685E1
2.217224929E1,1.911671256E-1,7.584423802E-1,-3.369031306E-1,-5.241341831E-1,1.579581917E2,1.204097506E2,4.177764425E1,-7.255540776E1
2.218221829E1,1.859869618E-1,7.595033429E-1,-3.361595337E-1,-5.249384924E-1,1.585626403E2,1.208596970E2,4.224811845E1,-7.247742621E1
2.219218729E1,1.807525866E-1,7.609199406E-1,-3.347830598E-1,-5.255945819E-1,1.591728022E2,1.213625171E2,4.275345213E1,-7.229218701E1
2.220215529E1,1.754289971E-1,7.625443433E-1,-3.331573926E-1,-5.260769315E-1,1.597927519E2,1.219144305E2,4.326888609E1,-7.204225469E1
2.221212429E1,1.700906668E-1,7.642674119E-1,-3.315476148E-1,-5.263465976E-1,1.604138187E2,1.225051175E2,4.376901835E1,-7.175630761E1
2.222209229E1,1.649345056E-1,7.661261300E-1,-3.299903309E-1,-5.262639055E-1,1.610131404E2,1.231349074E2,4.422800849E1,-7.142119122E1
2.223206129E1,1.599933777E-1,7.679620678E-1,-3.286908382E-1,-5.259265199E-1,1.615869763E2,1.237766295E2,4.463650141E1,-7.108003561E1
2.224203029E1,1.554295273E-1,7.697075374E-1,-3.274688325E-1,-5.255054940E-1,1.621165835E2,1.243918883E2,4.500548156E1,-7.074037487E1
2.225199829E1,1.512448510E-1,7.714022622E-1,-3.260587675E-1,-5.251182909E-1,1.626018512E2,1.249723459E2,4.535916652E1,-7.038576810E1
2.226196729E1,1.472705717E-1,7.730502461E-1,-3.244688620E-1,-5.248092281E-1,1.630624297E2,1.255290559E2,4.571194933E1,-7.002013515E1
2.227193529E1,1.434491802E-1,7.747190084E-1,-3.227266798E-1,-5.244810095E-1,1.635050301E2,1.260830774E2,4.605952189E1,-6.963026390E1
2.228190429E1,1.395936497E-1,7.763261310E-1,-3.212184338E-1,-5.240707731E-1,1.639513336E2,1.266479505E2,4.638734814E1,-6.925405292E1
2.229187329E1,1.356233112E-1,7.777986997E-1,-3.201514020E-1,-5.235825230E-1,1.644106710E2,1.272217491E2,4.668921283E1,-6.891906215E1
2.230184129E1,1.314792434E-1,7.789873252E-1,-3.196387278E-1,-5.231856050E-1,1.648898390E2,1.277770926E2,4.697517968E1,-6.866719360E1
2.231181029E1,1.271859758E-1,7.798414521E-1,-3.194535556E-1,-5.230873396E-1,1.653859786E2,1.282870720E2,4.727261311E1,-6.850153440E1
2.232177829E1,1.228665560E-1,7.805671576E-1,-3.191031256E-1,-5.232512487E-1,1.658848626E2,1.287673657E2,4.759965461E1,-6.835121208E1
2.233174729E1,1.186128221E-1,7.813496139E-1,-3.183001860E-1,-5.235540528E-1,1.663758973E2,1.292426404E2,4.795752257E1,-6.815814652E1
2.234171629E1,1.144301899E-1,7.822131185E-1,-3.170619959E-1,-5.239465453E-1,1.668584792E2,1.297206417E2,4.834089428E1,-6.791598177E1
2.235168429E1,1.105059601E-1,7.832046231E-1,-3.154265717E-1,-5.242947415E-1,1.673110345E2,1.302013325E2,4.872457063E1,-6.761334521E1
2.236165329E1,1.068168464E-1,7.842958261E-1,-3.137945404E-1,-5.244074421E-1,1.677362940E2,1.306983513E2,4.907293036E1,-6.727597027E1
2.237162229E1,1.033307963E-1,7.854573300E-1,-3.122782443E-1,-5.242725722E-1,1.681379898E2,1.312111168E2,4.938065585E1,-6.691743726E1
2.238159029E1,1.000011742E-1,7.866095406E-1,-3.109251619E-1,-5.239948877E-1,1.685215238E2,1.317243942E2,4.965614048E1,-6.656075767E1
2.239155929E1,9.673544670E-2,7.876973086E-1,-3.098135387E-1,-5.236323616E-1,1.688975726E2,1.322341906E2,4.990589792E1,-6.622448798E1
2.240152729E1,9.364258452E-2,7.887661105E-1,-3.087733124E-1,-5.232000614E-1,1.692536053E2,1.327342513E2,5.013316267E1,-6.589027368E1
2.241149629E1,9.065079048E-2,7.898046299E-1,-3.078763221E-1,-5.226884408E-1,1.695979046E2,1.332299121E2,5.033817994E1,-6.556529803E1
2.242146529E1,8.783135597E-2,7.908656558E-1,-3.070317624E-1,-5.220618225E-1,1.699222824E2,1.337235653E2,5.051828151E1,-6.523325882E1
2.243143329E1,8.521473210E-2,7.919903023E-1,-3.060872516E-1,-5.213447993E-1,1.702232542E2,1.342163072E2,5.068132859E1,-6.487666876E1
2.244140229E1,8.244720144E-2,7.930473452E-1,-3.052943007E-1,-5.206473954E-1,1.705415102E2,1.347168350E2,5.084627980E1,-6.453846737E1
2.245137029E1,7.939853023E-2,7.940158798E-1,-3.045790687E-1,-5.200638090E-1,1.708920118E2,1.352300434E2,5.103329974E1,-6.421748423E1
2.246133929E1,7.598358183E-2,7.947996426E-1,-3.040964030E-1,-5.196589464E-1,1.712845227E2,1.357459893E2,5.124563740E1,-6.394427415E1
2.247130829E1,7.223386101E-2,7.953471723E-1,-3.039383102E-1,-5.194482964E-1,1.717153941E2,1.362522493E2,5.147847115E1,-6.373679016E1
2.248127629E1,6.833862820E-2,7.957413718E-1,-3.039051406E-1,-5.193912507E-1,1.721628618E2,1.367449635E2,5.172671736E1,-6.356530481E1
2.249124529E1,6.440403023E-2,7.960224702E-1,-3.040131419E-1,-5.193998697E-1,1.726147302E2,1.372241608E2,5.197560885E1,-6.342273330E1
2.250121329E1,6.072600120E-2,7.963371596E-1,-3.039581614E-1,-5.193927047E-1,1.730370289E2,1.376870860E2,5.221421928E1,-6.326035183E1
2.251118229E1,5.724161586E-2,7.967141843E-1,-3.038111742E-1,-5.192964203E-1,1.734370066E2,1.381491471E2,5.243670583E1,-6.307483150E1
2.252115129E1,5.388617881E-2,7.971646919E-1,-3.035925585E-1,-5.190917973E-1,1.738221065E2,1.386202693E2,5.264434015E1,-6.286353611E1
2.253111929E1,5.059185469E-2,7.976169487E-1,-3.033217861E-1,-5.188869636E-1,1.742001245E2,1.390896329E2,5.284977448E1,-6.264417647E1
2.254108829E1,4.719776898E-2,7.979229770E-1,-3.031416926E-1,-5.188413607E-1,1.745895240E2,1.395405612E2,5.307052387E1,-6.245866541E1
2.255105629E1,4.373683837E-2,7.980914590E-1,-3.029696702E-1,-5.189861352E-1,1.749865282E2,1.399696008E2,5.331143800E1,-6.230015309E1
2.256102529E1,4.026315834E-2,7.982090487E-1,-3.027686298E-1,-5.192035918E-1,1.753849344E2,1.403923066E2,5.356056439E1,-6.214583182E1
2.257099429E1,3.686734461E-2,7.983429492E-1,-3.025867661E-1,-5.193559105E-1,1.757743559E2,1.408167800E2,5.379774990E1,-6.198528307E1
2.258096229E1,3.380857922E-2,7.985896980E-1,-3.022364204E-1,-5.193887008E-1,1.761250838E2,1.412330725E2,5.401009687E1,-6.179047958E1
2.259093129E1,3.114064156E-2,7.989518026E-1,-3.017494768E-1,-5.192816478E-1,1.764309683E2,1.416351364E2,5.419068159E1,-6.156604731E1
2.260089929E1,2.873013686E-2,7.993605428E-1,-3.013345833E-1,-5.190326442E-1,1.767073157E2,1.420240755E2,5.433832405E1,-6.134079681E1
2.261086829E1,2.651093670E-2,7.997878907E-1,-3.009370753E-1,-5.187228649E-1,1.769617145E2,1.423984567E2,5.446693710E1,-6.111616859E1
2.262083729E1,2.433297723E-2,8.001672756E-1,-3.005483338E-1,-5.184698363E-1,1.772113710E2,1.427585517E2,5.459712439E1,-6.090287386E1
2.263080529E1,2.214279517E-2,8.004709647E-1,-3.001386875E-1,-5.183365469E-1,1.774624152E2,1.431031437E2,5.473941250E1,-6.070348643E1
2.264077429E1,1.996386632E-2,8.007669620E-1,-2.996724169E-1,-5.182374807E-1,1.777121574E2,1.434465561E2,5.488604713E1,-6.049902466E1
2.265074329E1,1.779968887E-2,8.010725899E-1,-2.992932849E-1,-5.180630138E-1,1.779601982E2,1.437951322E2,5.502052923E1,-6.029648133E1
2.266071129E1,1.568800532E-2,8.013462704E-1,-2.990669774E-1,-5.178388347E-1,1.782022133E2,1.441338085E2,5.514018044E1,-6.011355166E1
2.267068029E1,1.381240734E-2,8.016390225E-1,-2.987921800E-1,-5.175976915E-1,1.784171644E2,1.444488274E2,5.524517520E1,-5.993049022E1
2.268064829E1,1.211117087E-2,8.019021031E-1,-2.985937526E-1,-5.173470653E-1,1.786121281E2,1.447364830E2,5.533491123E1,-5.976727434E1
2.269061729E1,1.068827219E-2,8.022266970E-1,-2.983789934E-1,-5.169991641E-1,1.787751909E2,1.450050505E2,5.539862609E1,-5.959935197E1
2.270058629E1,9.551002708E-3,8.026385139E-1,-2.982689479E-1,-5.164453335E-1,1.789055191E2,1.452609651E2,5.542058165E1,-5.943115972E1
2.271055429E1,8.491156982E-3,8.030399837E-1,-2.984063677E-1,-5.157600889E-1,1.790269734E2,1.455072600E2,5.541493083E1,-5.928929707E1
2.272052329E1,7.276716616E-3,8.032718967E-1,-2.987748787E-1,-5.152038981E-1,1.791661423E2,1.457330579E2,5.542150333E1,-5.920061302E1
2.273049129E1,5.831606547E-3,8.032460186E-1,-2.992497894E-1,-5.149867786E-1,1.793317433E2,1.459245938E2,5.547024652E1,-5.917257746E1
2.274046029E1,4.195803063E-3,8.030362116E-1,-2.997341410E-1,-5.150481865E-1,1.795191950E2,1.460949768E2,5.555701774E1,-5.918048373E1
2.275042929E1,2.564235337E-3,8.028004632E-1,-3.001838268E-1,-5.151645751E-1,1.797061600E2,1.462586693E2,5.565030709E1,-5.919125248E1
2.276039729E1,1.156741331E-3,8.026499568E-1,-3.005949693E-1,-5.151644486E-1,1.798674472E2,1.464146442E2,5.572031247E1,-5.918851468E1
2.277036629E1,1.421191732E-4,8.026289044E-1,-3.007738194E-1,-5.150940423E-1,1.799837143E2,1.465491155E2,5.576868480E1,-5.915441932E1
2.278033429E1,5.578556869E-4,-8.026827470E-1,3.008554368E-1,5.149621648E-1,1.799360744E2,1.466595032E2,5.579567655E1,-5.911010251E1
2.279030329E1,1.017530290E-3,-8.027663031E-1,3.008849185E-1,5.148139554E-1,1.798833996E2,1.467444062E2,5.580839383E1,-5.906684363E1
2.280027229E1,1.315360995E-3,-8.028377842E-1,3.008093071E-1,5.147461622E-1,1.798492707E2,1.468030748E2,5.582305507E1,-5.902649186E1
2.281024029E1,1.561856839E-3,-8.028513766E-1,3.007960519E-1,5.147320641E-1,1.798210243E2,1.468403080E2,5.583729730E1,-5.900854603E1
2.282020929E1,1.706736630E-3,-8.028331270E-1,3.008459116E-1,5.147308208E-1,1.798044223E2,1.468559332E2,5.584408764E1,-5.900936345E1
2.283017729E1,1.834125480E-3,-8.027322485E-1,3.010084088E-1,5.147927556E-1,1.797898246E2,1.468487375E2,5.585152052E1,-5.904125347E1
2.284014629E1,2.016810995E-3,-8.025084487E-1,3.013562889E-1,5.149375089E-1,1.797688903E2,1.468189400E2,5.586308609E1,-5.911638910E1
2.285011529E1,2.051835026E-3,-8.023209795E-1,3.015891081E-1,5.150931994E-1,1.797648769E2,1.467772207E2,5.587113470E1,-5.918084046E1
2.286008329E1,2.023406977E-3,-8.021409703E-1,3.017940682E-1,5.152533363E-1,1.797681345E2,1.467284782E2,5.587676649E1,-5.924450316E1
2.287005229E1,1.754151835E-3,-8.020644949E-1,3.016402533E-1,5.154636702E-1,1.797989889E2,1.466701037E2,5.588652533E1,-5.926542735E1
2.288002129E1,1.288344865E-3,-8.020218001E-1,3.012404904E-1,5.157651044E-1,1.798523665E2,1.465912110E2,5.590261467E1,-5.926790118E1
2.288998929E1,7.243146651E-4,-8.018518219E-1,3.008875949E-1,5.162361165E-1,1.799169996E2,1.464661986E2,5.592712049E1,-5.931144511E1
2.289995829E1,7.755020126E-5,8.015823349E-1,-3.007771701E-1,-5.167194355E-1,1.799911134E2,1.462851738E2,5.592856014E1,-5.941308866E1
2.290992629E1,1.175117357E-3,8.012898569E-1,-3.011618655E-1,-5.169474289E-1,1.798653414E2,1.460634525E2,5.586744614E1,-5.957708622E1
2.291989529E1,2.648170786E-3,8.011233347E-1,-3.017453043E-1,-5.168598267E-1,1.796965416E2,1.458273381E2,5.574481246E1,-5.974443140E1
2.292986429E1,4.393998618E-3,8.011482646E-1,-3.020909295E-1,-5.166074724E-1,1.794964832E2,1.456037644E2,5.559899473E1,-5.985647148E1
2.293983229E1,6.101051350E-3,8.012760538E-1,-3.021286931E-1,-5.163697431E-1,1.793008667E2,1.454102231E2,5.546932365E1,-5.991389864E1
2.294980129E1,7.756326678E-3,8.015160590E-1,-3.016531713E-1,-5.162529542E-1,1.791111815E2,1.452474942E2,5.537521215E1,-5.989787147E1
2.295976929E1,9.282126888E-3,8.018010139E-1,-3.009153907E-1,-5.162157807E-1,1.789363313E2,1.451110262E2,5.530748495E1,-5.984220427E1
2.296973829E1,1.082642956E-2,8.021148814E-1,-3.000133217E-1,-5.162234093E-1,1.787593583E2,1.449782444E2,5.524978623E1,-5.976632954E1
2.297970729E1,1.249384319E-2,8.023707550E-1,-2.991459817E-1,-5.162914764E-1,1.785682738E2,1.448155438E2,5.518897718E1,-5.971289713E1
2.298967529E1,1.425341089E-2,8.024716756E-1,-2.986053852E-1,-5.164017536E-1,1.783666241E2,1.446058298E2,5.511316028E1,-5.972786240E1
2.299964429E1,1.615315901E-2,8.024535314E-1,-2.984491257E-1,-5.164645314E-1,1.781489038E2,1.443534679E2,5.500836558E1,-5.980870030E1
2.300961229E1,1.795394634E-2,8.022296052E-1,-2.988187114E-1,-5.165390681E-1,1.779425188E2,1.440695616E2,5.488866188E1,-5.997629948E1
2.301958129E1,1.952979593E-2,8.018039220E-1,-2.995211308E-1,-5.167361678E-1,1.777619079E2,1.437690193E2,5.477993673E1,-6.020829536E1
2.302955029E1,2.111426455E-2,8.013341322E-1,-3.001752710E-1,-5.170229771E-1,1.775803037E2,1.434574011E2,5.468044866E1,-6.044576555E1
2.303951829E1,2.287619248E-2,8.009001671E-1,-3.006706018E-1,-5.173323139E-1,1.773783527E2,1.431324356E2,5.457813529E1,-6.066749239E1
2.304948729E1,2.490680657E-2,8.004933025E-1,-3.009362745E-1,-5.177135532E-1,1.771455950E2,1.427794743E2,5.447496839E1,-6.087394806E1
2.305945529E1,2.718593955E-2,8.000550807E-1,-3.010796370E-1,-5.181927629E-1,1.768843369E2,1.423881453E2,5.436993992E1,-6.108665415E1
2.306942429E1,2.969555257E-2,7.995185302E-1,-3.013731687E-1,-5.187124546E-1,1.765966400E2,1.419491589E2,5.424681991E1,-6.134123324E1
2.307939329E1,3.240565815E-2,7.988750532E-1,-3.019952351E-1,-5.191795892E-1,1.762859349E2,1.414689802E2,5.409070809E1,-6.165024419E1
2.308936129E1,3.531939623E-2,7.982375610E-1,-3.027433206E-1,-5.195342128E-1,1.759518534E2,1.409742332E2,5.390468152E1,-6.196899561E1
2.309933029E1,3.820457982E-2,7.976778088E-1,-3.034482266E-1,-5.197784327E-1,1.756210119E2,1.405079926E2,5.371131876E1,-6.225838344E1
2.310929829E1,4.098595572E-2,7.972500815E-1,-3.038364202E-1,-5.199961001E-1,1.753020395E2,1.400858671E2,5.353574685E1,-6.248391597E1
2.311926729E1,4.353371163E-2,7.968022501E-1,-3.040779848E-1,-5.203342232E-1,1.750098271E2,1.396857881E2,5.339175542E1,-6.269281819E1
2.312923629E1,4.604707573E-2,7.962876792E-1,-3.042997194E-1,-5.207756061E-1,1.747215273E2,1.392753721E2,5.325922850E1,-6.291248080E1
2.313920442E1,4.880718854E-2,7.956016971E-1,-3.046900835E-1,-5.213442513E-1,1.744048853E2,1.388013364E2,5.311316616E1,-6.318983217E1
2.314917342E1,5.203671188E-2,7.947018619E-1,-3.053728625E-1,-5.220043342E-1,1.740343377E2,1.382337306E2,5.292950335E1,-6.354767830E1
2.315914242E1,5.586231810E-2,7.936736685E-1,-3.063605949E-1,-5.225942004E-1,1.735953159E2,1.375854357E2,5.268459170E1,-6.396472709E1
2.316911042E1,6.028876979E-2,7.926837655E-1,-3.073263057E-1,-5.230375642E-1,1.730872239E2,1.368940534E2,5.238690016E1,-6.437385001E1
2.317907942E1,6.496862941E-2,7.917589582E-1,-3.082526302E-1,-5.233328029E-1,1.725498961E2,1.362051245E2,5.205984412E1,-6.475665140E1
2.318904742E1,6.972903166E-2,7.909988187E-1,-3.088368487E-1,-5.235250768E-1,1.720031523E2,1.355521271E2,5.173415073E1,-6.506629330E1
2.319901642E1,7.431812804E-2,7.903221932E-1,-3.091744450E-1,-5.237163603E-1,1.714759108E2,1.349406090E2,5.143071361E1,-6.532619415E1
2.320898542E1,7.866473252E-2,7.896242204E-1,-3.094424357E-1,-5.239760270E-1,1.709763627E2,1.343547523E2,5.115119268E1,-6.557371719E1
2.321895342E1,8.296605022E-2,7.888858919E-1,-3.097730356E-1,-5.242293506E-1,1.704818501E2,1.337746843E2,5.086971924E1,-6.582469767E1
2.322892242E1,8.734007123E-2,7.880394356E-1,-3.104879937E-1,-5.243688778E-1,1.699787967E2,1.331851046E2,5.055281793E1,-6.611424722E1
2.323889042E1,9.201826605E-2,7.871567120E-1,-3.113906106E-1,-5.243593737E-1,1.694405457E2,1.325776330E2,5.019241284E1,-6.641383992E1
2.324885942E1,9.688327677E-2,7.862468459E-1,-3.124259058E-1,-5.242324695E-1,1.688805526E2,1.319650254E2,4.980164504E1,-6.671532003E1
2.325882842E1,1.016285694E-1,7.852599142E-1,-3.137056737E-1,-5.240488989E-1,1.683340831E2,1.313671643E2,4.939955643E1,-6.703414441E1
2.326879642E1,1.062369690E-1,7.842462193E-1,-3.150219830E-1,-5.238633053E-1,1.678031234E2,1.307888726E2,4.900280274E1,-6.734790852E1
2.327876542E1,1.105696861E-1,7.831563018E-1,-3.164249673E-1,-5.237516793E-1,1.673036870E2,1.302305067E2,4.862372473E1,-6.767209298E1
2.328873342E1,1.147053245E-1,7.820612845E-1,-3.177722756E-1,-5.236826639E-1,1.668267422E2,1.296954254E2,4.826257741E1,-6.798401215E1
2.329870242E1,1.189080397E-1,7.810658391E-1,-3.187372910E-1,-5.236445210E-1,1.663418267E2,1.291716269E2,4.791923249E1,-6.824386592E1
2.330867142E1,1.232059646E-1,7.801229720E-1,-3.194138743E-1,-5.236441838E-1,1.658456714E2,1.286488044E2,4.758733960E1,-6.846798240E1
2.331863942E1,1.278591242E-1,7.793427074E-1,-3.196429424E-1,-5.235507653E-1,1.653082065E2,1.281259769E2,4.724914741E1,-6.862145310E1
2.332860842E1,1.328319254E-1,7.786646067E-1,-3.196219112E-1,-5.233344466E-1,1.647334615E2,1.276012159E2,4.689411017E1,-6.872713221E1
2.333857642E1,1.379892667E-1,7.779462980E-1,-3.195461733E-1,-5.231144822E-1,1.641369791E2,1.270603894E2,4.652894835E1,-6.882772398E1
2.334854542E1,1.432414384E-1,7.771445385E-1,-3.194250854E-1,-5.229684434E-1,1.635290840E2,1.265005498E2,4.616475467E1,-6.893421684E1
2.335851442E1,1.484224240E-1,7.762266434E-1,-3.194608470E-1,-5.228649729E-1,1.629289704E2,1.259362431E2,4.579856438E1,-6.906460810E1
2.336848242E1,1.536732049E-1,7.753449313E-1,-3.194640501E-1,-5.226542386E-1,1.623202908E2,1.253844119E2,4.542142039E1,-6.917330654E1
2.337845142E1,1.590242530E-1,7.745346581E-1,-3.193693462E-1,-5.223128070E-1,1.616994701E2,1.248478043E2,4.503380032E1,-6.924901979E1
2.338842042E1,1.642805340E-1,7.736581301E-1,-3.193361766E-1,-5.220052404E-1,1.610891164E2,1.243147829E2,4.465093551E1,-6.933380718E1
2.339838842E1,1.693673742E-1,7.726725261E-1,-3.193319198E-1,-5.218419951E-1,1.604979222E2,1.237777298E2,4.428733982E1,-6.943836350E1
2.340835742E1,1.740828689E-1,7.714894851E-1,-3.196414252E-1,-5.218511620E-1,1.599494176E2,1.232435292E2,4.394099281E1,-6.959911625E1
2.341832542E1,1.786248451E-1,7.702275452E-1,-3.201335107E-1,-5.218786207E-1,1.594206577E2,1.227202967E2,4.359552492E1,-6.977971487E1
2.342829442E1,1.831741549E-1,7.689506011E-1,-3.206847704E-1,-5.218463151E-1,1.588905995E2,1.222053009E2,4.324077838E1,-6.995646139E1
2.343826342E1,1.877923431E-1,7.677232638E-1,-3.211906379E-1,-5.217007083E-1,1.583520484E2,1.217038799E2,4.287563204E1,-7.010925119E1
2.344823142E1,1.925717536E-1,7.667446140E-1,-3.213778542E-1,-5.212821480E-1,1.577941860E2,1.212398961E2,4.250106911E1,-7.018158993E1
2.345820042E1,1.973953445E-1,7.659026464E-1,-3.214027630E-1,-5.207000473E-1,1.572306259E2,1.208024709E2,4.212298895E1,-7.020827448E1
2.346816842E1,2.021986101E-1,7.650282889E-1,-3.214532339E-1,-5.201107922E-1,1.566688854E2,1.203675728E2,4.174404678E1,-7.023559586E1
2.347813742E1,2.070202412E-1,7.640475107E-1,-3.215607294E-1,-5.195890669E-1,1.561044247E2,1.199186999E2,4.136414357E1,-7.027944913E1
2.348810642E1,2.118289753E-1,7.629107259E-1,-3.217361446E-1,-5.192124954E-1,1.555408871E2,1.194474509E2,4.098940721E1,-7.035170775E1
2.349807442E1,2.164085781E-1,7.615933419E-1,-3.221596783E-1,-5.189952600E-1,1.550036428E2,1.189699639E2,4.062386639E1,-7.047159620E1
2.350804342E1,2.207997424E-1,7.602971788E-1,-3.226710671E-1,-5.187282491E-1,1.544879799E2,1.185186634E2,4.026200415E1,-7.058904621E1
2.351801142E1,2.248612972E-1,7.590078013E-1,-3.235060172E-1,-5.183516776E-1,1.540105558E2,1.181106512E2,3.989464807E1,-7.072121646E1
2.352798042E1,2.287002534E-1,7.578308716E-1,-3.244714540E-1,-5.177903975E-1,1.535588754E2,1.177513074E2,3.952253725E1,-7.083590448E1
2.353794942E1,2.322925874E-1,7.567031062E-1,-3.255411410E-1,-5.171688263E-1,1.531358328E2,1.174253659E2,3.915680724E1,-7.094791237E1
2.354791742E1,2.355413508E-1,7.555058407E-1,-3.267911744E-1,-5.166612096E-1,1.527529286E2,1.171155139E2,3.880967882E1,-7.108985200E1
2.355788642E1,2.385572317E-1,7.542879022E-1,-3.280135805E-1,-5.162822884E-1,1.523971947E2,1.168137028E2,3.848801692E1,-7.124100527E1
2.356785442E1,2.413673202E-1,7.530618082E-1,-3.291709751E-1,-5.160293336E-1,1.520654905E2,1.165184199E2,3.819222386E1,-7.139713632E1
2.357782342E1,2.440303477E-1,7.518312256E-1,-3.302443500E-1,-5.158854231E-1,1.517509249E2,1.162262882E2,3.791837657E1,-7.155480850E1
2.358779242E1,2.467922728E-1,7.506936821E-1,-3.309867246E-1,-5.157522812E-1,1.514244475E2,1.159315409E2,3.765996476E1,-7.167542170E1
2.359776042E1,2.497032082E-1,7.496555210E-1,-3.313506205E-1,-5.156273369E-1,1.510800995E2,1.156299650E2,3.741668355E1,-7.175425695E1
2.360772942E1,2.528921968E-1,7.488224674E-1,-3.311610229E-1,-5.154054864E-1,1.507025525E2,1.153268102E2,3.718555923E1,-7.175855149E1
2.361769742E1,2.562680856E-1,7.482380803E-1,-3.305475966E-1,-5.149804671E-1,1.503025237E2,1.150429134E2,3.695864257E1,-7.168754544E1
2.362766642E1,2.596202352E-1,7.478044946E-1,-3.298787050E-1,-5.143597704E-1,1.499049411E2,1.147899262E2,3.672641481E1,-7.158226696E1
2.363763542E1,2.629674852E-1,7.474578368E-1,-3.292596099E-1,-5.135591173E-1,1.495075693E2,1.145607153E2,3.648116001E1,-7.145786131E1
2.364760342E1,2.662021926E-1,7.470320693E-1,-3.289581757E-1,-5.127046953E-1,1.491232010E2,1.143425597E2,3.621912005E1,-7.136131724E1
2.365757242E1,2.693180143E-1,7.465420279E-1,-3.290086255E-1,-5.117580033E-1,1.487526225E2,1.141410370E2,3.593604322E1,-7.129084441E1
2.366754142E1,2.722411511E-1,7.460039180E-1,-3.294226550E-1,-5.107286087E-1,1.484046560E2,1.139627184E2,3.563688399E1,-7.124763129E1
2.367750942E1,2.748891111E-1,7.453490192E-1,-3.302570151E-1,-5.097266517E-1,1.480891880E2,1.138001536E2,3.532968617E1,-7.125181761E1
2.368747842E1,2.774736823E-1,7.446531747E-1,-3.312524394E-1,-5.086962877E-1,1.477810322E2,1.136444766E2,3.501402568E1,-7.126941865E1
2.369744642E1,2.801065960E-1,7.439766967E-1,-3.322674409E-1,-5.075799020E-1,1.474668664E2,1.134947756E2,3.468850954E1,-7.127827409E1
2.370741542E1,2.828259317E-1,7.433627225E-1,-3.331644733E-1,-5.063821517E-1,1.471421244E2,1.133490475E2,3.436036764E1,-7.126411070E1
2.371738442E1,2.856453662E-1,7.427995563E-1,-3.337527590E-1,-5.052372115E-1,1.468051418E2,1.131911431E2,3.404958044E1,-7.122376955E1
2.372735242E1,2.883108910E-1,7.421461538E-1,-3.341699707E-1,-5.044069291E-1,1.464862830E2,1.130098518E2,3.377945733E1,-7.120392388E1
2.373732142E1,2.908662439E-1,7.414731529E-1,-3.342366470E-1,-5.038853303E-1,1.461803522E2,1.128052601E2,3.355921942E1,-7.118387370E1
2.374728942E1,2.932719333E-1,7.407453611E-1,-3.340664580E-1,-5.036740587E-1,1.458921124E2,1.125791896E2,3.338374116E1,-7.117601241E1
2.375725842E1,2.955714443E-1,7.399589641E-1,-3.338266635E-1,-5.036447455E-1,1.456163863E2,1.123411352E2,3.323084615E1,-7.118277374E1
2.376722742E1,2.978566464E-1,7.391586165E-1,-3.336503000E-1,-5.035906290E-1,1.453421726E2,1.121065635E2,3.307297618E1,-7.119300058E1
2.377719542E1,2.999155937E-1,7.382684751E-1,-3.339878963E-1,-5.034504591E-1,1.450949329E2,1.118980116E2,3.288992827E1,-7.124554705E1
2.378716442E1,3.016557949E-1,7.372629567E-1,-3.350076604E-1,-5.032065553E-1,1.448858376E2,1.117250293E2,3.267527299E1,-7.135517445E1
2.379713242E1,3.031282267E-1,7.361345802E-1,-3.365863338E-1,-5.029202201E-1,1.447088222E2,1.115766089E2,3.243729645E1,-7.151694049E1
2.380710142E1,3.043354599E-1,7.348757381E-1,-3.386153674E-1,-5.026699732E-1,1.445636239E2,1.114441821E2,3.218770008E1,-7.172916876E1
2.381707042E1,3.055562856E-1,7.336423949E-1,-3.405286236E-1,-5.024384184E-1,1.444167310E2,1.113105722E2,3.194594355E1,-7.193068232E1
2.382703842E1,3.067836545E-1,7.324285656E-1,-3.421114906E-1,-5.023862722E-1,1.442689899E2,1.111588984E2,3.173664399E1,-7.211865870E1
2.383700742E1,3.080500303E-1,7.313308931E-1,-3.431118039E-1,-5.025281912E-1,1.441164890E2,1.109879544E2,3.157657092E1,-7.226744227E1
2.384697542E1,3.093479320E-1,7.304221438E-1,-3.434357235E-1,-5.028313640E-1,1.439601235E2,1.108042249E2,3.147161308E1,-7.236235755E1
2.385694442E1,3.104965705E-1,7.295993320E-1,-3.434914627E-1,-5.032796695E-1,1.438216826E2,1.106217525E2,3.140466857E1,-7.244428400E1
2.386691342E1,3.115483662E-1,7.288493710E-1,-3.434263880E-1,-5.037603333E-1,1.436948659E2,1.104472908E2,3.135525830E1,-7.251563402E1
2.387688142E1,3.123670371E-1,7.279872993E-1,-3.436897215E-1,-5.043199486E-1,1.435961256E2,1.102816407E2,3.130289970E1,-7.263039954E1
2.388685042E1,3.130020953E-1,7.269714338E-1,-3.445114586E-1,-5.048306946E-1,1.435195117E2,1.101328201E2,3.122025558E1,-7.279777427E1
2.389681942E1,3.137424258E-1,7.259548518E-1,-3.457098621E-1,-5.050146446E-1,1.434301762E2,1.100102890E2,3.108492108E1,-7.296488858E1
2.390678742E1,3.146675175E-1,7.250031971E-1,-3.470269300E-1,-5.049030713E-1,1.433185134E2,1.099058641E2,3.091170103E1,-7.310840892E1
2.391675642E1,3.158814521E-1,7.243247803E-1,-3.478649147E-1,-5.045420203E-1,1.431719311E2,1.098118751E2,3.073955628E1,-7.316991882E1
2.392672442E1,3.171526327E-1,7.239742661E-1,-3.480083194E-1,-5.041484214E-1,1.430183694E2,1.097271646E2,3.061305050E1,-7.315125312E1
2.393669342E1,3.183187306E-1,7.240413849E-1,-3.472260528E-1,-5.038563649E-1,1.428774415E2,1.096545946E2,3.056853237E1,-7.304262457E1
2.394666242E1,3.192509346E-1,7.245628889E-1,-3.455655723E-1,-5.036584433E-1,1.427647387E2,1.096079243E2,3.061189958E1,-7.284681526E1
2.395663042E1,3.200132341E-1,7.255060722E-1,-3.433088404E-1,-5.033601806E-1,1.426725495E2,1.096016688E2,3.070746817E1,-7.257037733E1
2.396659942E1,3.205084280E-1,7.265637263E-1,-3.411493834E-1,-5.029876340E-1,1.426126495E2,1.096320138E2,3.081199202E1,-7.229149371E1
2.397656742E1,3.208174592E-1,7.274503906E-1,-3.395028114E-1,-5.026231375E-1,1.425752629E2,1.096730778E2,3.089256741E1,-7.206749540E1
2.398653642E1,3.211667512E-1,7.280468317E-1,-3.384865034E-1,-5.022215834E-1,1.425330005E2,1.097046442E2,3.092131586E1,-7.190846006E1
2.399650542E1,3.215801064E-1,7.282682713E-1,-3.382754320E-1,-5.017782197E-1,1.424829801E2,1.097219959E2,3.088342580E1,-7.183326220E1
2.400647342E1,3.221643566E-1,7.283278669E-1,-3.384013667E-1,-5.012318174E-1,1.424122668E2,1.097290590E2,3.080250934E1,-7.178411946E1
2.401644242E1,3.226458843E-1,7.283113243E-1,-3.386545218E-1,-5.007746505E-1,1.423539751E2,1.097332576E2,3.072437826E1,-7.175917950E1
2.402641042E1,3.229568122E-1,7.283877787E-1,-3.386389275E-1,-5.004735007E-1,1.423163301E2,1.097395421E2,3.068688377E1,-7.172272720E1
2.403637942E1,3.228723393E-1,7.284905748E-1,-3.384477915E-1,-5.005079031E-1,1.423265579E2,1.097471521E2,3.070911614E1,-7.170503892E1
2.404634842E1,3.224768122E-1,7.286790977E-1,-3.380522433E-1,-5.007556634E-1,1.423744434E2,1.097634387E2,3.078062356E1,-7.168822774E1
2.405631642E1,3.220034188E-1,7.290053986E-1,-3.374634519E-1,-5.009824134E-1,1.424317470E2,1.097939118E2,3.087114131E1,-7.164634726E1
2.406628542E1,3.216224535E-1,7.294030541E-1,-3.368515218E-1,-5.010600058E-1,1.424778552E2,1.098344141E2,3.094876485E1,-7.158376523E1
2.407625342E1,3.213742612E-1,7.297884449E-1,-3.364165663E-1,-5.009502870E-1,1.425078905E2,1.098824579E2,3.099372604E1,-7.151801616E1
2.408622242E1,3.213513017E-1,7.302093865E-1,-3.360582548E-1,-5.005919861E-1,1.425106688E2,1.099376774E2,3.100336521E1,-7.143150870E1
2.409619142E1,3.214848440E-1,7.306412021E-1,-3.357428489E-1,-5.000875515E-1,1.424945085E2,1.099944645E2,3.099054817E1,-7.133300674E1
2.410615942E1,3.218015249E-1,7.310955451E-1,-3.352611104E-1,-4.995429405E-1,1.424561830E2,1.100393753E2,3.097420795E1,-7.121388113E1
2.411612842E1,3.222798284E-1,7.315693600E-1,-3.344877158E-1,-4.990590736E-1,1.423982892E2,1.100634515E2,3.097041258E1,-7.107326539E1
2.412609742E1,3.228145033E-1,7.320655548E-1,-3.335204034E-1,-4.986331375E-1,1.423335604E2,1.100768736E2,3.097966629E1,-7.091994377E1
2.413606471E1,3.233541779E-1,7.325937602E-1,-3.325096166E-1,-4.981826457E-1,1.422682137E2,1.100935171E2,3.099038663E1,-7.075890229E1
2.414603371E1,3.236964841E-1,7.329920479E-1,-3.318807857E-1,-4.977936408E-1,1.422267589E2,1.101172267E2,3.099078936E1,-7.064477177E1
2.415600171E1,3.237504215E-1,7.331510469E-1,-3.318596069E-1,-4.975384100E-1,1.422202263E2,1.101449124E2,3.097488112E1,-7.061014425E1
2.416597071E1,3.237007673E-1,7.331701184E-1,-3.322029983E-1,-4.973133511E-1,1.422262401E2,1.101739924E2,3.094144806E1,-7.061778588E1
2.417593971E1,3.235013020E-1,7.330461223E-1,-3.329122455E-1,-4.971517022E-1,1.422503969E2,1.102051505E2,3.089558727E1,-7.067146233E1
2.418590771E1,3.233702885E-1,7.329611332E-1,-3.335101618E-1,-4.969613038E-1,1.422662628E2,1.102343749E2,3.085132360E1,-7.071032451E1
2.419587671E1,3.232677927E-1,7.328596857E-1,-3.339182697E-1,-4.969037259E-1,1.422786746E2,1.102463682E2,3.082591840E1,-7.074605110E1
2.420584471E1,3.231779251E-1,7.327052175E-1,-3.340655729E-1,-4.970907842E-1,1.422895568E2,1.102294243E2,3.083161741E1,-7.078504803E1
2.421581371E1,3.230690123E-1,7.325054204E-1,-3.339539891E-1,-4.975307182E-1,1.423027447E2,1.101858562E2,3.087104301E1,-7.082815651E1
2.422578271E1,3.228234595E-1,7.322485986E-1,-3.338578733E-1,-4.981324119E-1,1.423324761E2,1.101357002E2,3.092791273E1,-7.089195953E1
2.423575071E1,3.225312607E-1,7.319965815E-1,-3.338900524E-1,-4.986703269E-1,1.423678519E2,1.100966744E2,3.097539921E1,-7.096096007E1
2.424571971E1,3.221988748E-1,7.316762865E-1,-3.342755064E-1,-4.990966159E-1,1.424080885E2,1.100706947E2,3.099397482E1,-7.105364942E1
2.425568771E1,3.218001235E-1,7.312241351E-1,-3.351396854E-1,-4.994371203E-1,1.424563526E2,1.100553190E2,3.097773670E1,-7.118674256E1
2.426565671E1,3.214512003E-1,7.307643762E-1,-3.361814079E-1,-4.996343991E-1,1.424985799E2,1.100503140E2,3.093719684E1,-7.132148874E1
2.427562571E1,3.211008757E-1,7.303436032E-1,-3.372481236E-1,-4.997560349E-1,1.425409715E2,1.100549327E2,3.089096326E1,-7.144919187E1
2.428559371E1,3.208416093E-1,7.300720721E-1,-3.379836915E-1,-4.998223530E-1,1.425723410E2,1.100622909E2,3.085947500E1,-7.153475654E1
2.429556271E1,3.206577753E-1,7.299592450E-1,-3.382758956E-1,-4.999074791E-1,1.425945820E2,1.100662089E2,3.085602841E1,-7.157522611E1
2.430553071E1,3.204639736E-1,7.299466431E-1,-3.382481208E-1,-5.000690807E-1,1.426180273E2,1.100663428E2,3.088087590E1,-7.159037781E1
2.431549971E1,3.203135409E-1,7.300370059E-1,-3.379568861E-1,-5.002303029E-1,1.426362249E2,1.100660702E2,3.092188272E1,-7.157718320E1
2.432546871E1,3.201252499E-1,7.301088452E-1,-3.376973247E-1,-5.004211228E-1,1.426590007E2,1.100654705E2,3.096490178E1,-7.157078120E1
2.433543671E1,3.198980995E-1,7.301568716E-1,-3.375545523E-1,-5.005926394E-1,1.426864750E2,1.100696946E2,3.100121098E1,-7.157412395E1
2.434540571E1,3.196631308E-1,7.302330520E-1,-3.374710383E-1,-5.006879334E-1,1.427148926E2,1.100837862E2,3.102978885E1,-7.157390232E1
2.435537471E1,3.192701220E-1,7.302757467E-1,-3.375914518E-1,-5.007952709E-1,1.427624186E2,1.101099546E2,3.105572860E1,-7.159531654E1
2.436534271E1,3.187658771E-1,7.303650348E-1,-3.377671831E-1,-5.008677634E-1,1.428233865E2,1.101517095E2,3.108407389E1,-7.161660715E1
2.437531171E1,3.180637106E-1,7.304577158E-1,-3.380869513E-1,-5.009634368E-1,1.429082667E2,1.102092912E2,3.111776759E1,-7.165385329E1
2.438527971E1,3.172559030E-1,7.305931336E-1,-3.384339463E-1,-5.010436212E-1,1.430058911E2,1.102796649E2,3.115651822E1,-7.169053233E1
2.439524871E1,3.163886473E-1,7.307615945E-1,-3.387739449E-1,-5.011166617E-1,1.431106689E2,1.103574218E2,3.119987620E1,-7.172466744E1
2.440521771E1,3.156275174E-1,7.310367081E-1,-3.388656775E-1,-5.011335625E-1,1.432025988E2,1.104352481E2,3.125067935E1,-7.172566381E1
2.441518571E1,3.148830881E-1,7.313567923E-1,-3.387843973E-1,-5.011895652E-1,1.432924878E2,1.105089444E2,3.131493563E1,-7.171291087E1
2.442515471E1,3.141753688E-1,7.317671762E-1,-3.384444830E-1,-5.012642388E-1,1.433779225E2,1.105806028E2,3.139637262E1,-7.167453521E1
2.443512271E1,3.132880722E-1,7.321440112E-1,-3.381537119E-1,-5.014658062E-1,1.434850057E2,1.106540167E2,3.149413781E1,-7.165549077E1
2.444509171E1,3.123253118E-1,7.325339749E-1,-3.378278957E-1,-5.017162849E-1,1.436011588E2,1.107296064E2,3.160256553E1,-7.163779977E1
2.445506071E1,3.112474377E-1,7.328934454E-1,-3.376055710E-1,-5.020105647E-1,1.437311541E2,1.108099480E2,3.171421816E1,-7.163554178E1
2.446502871E1,3.099779536E-1,7.331627005E-1,-3.377038364E-1,-5.023369710E-1,1.438841962E2,1.109010071E2,3.181835070E1,-7.167013794E1
2.447499771E1,3.086219209E-1,7.333937074E-1,-3.380484712E-1,-5.026025804E-1,1.440475987E2,1.110048818E2,3.190772558E1,-7.172278692E1
2.448496571E1,3.072336985E-1,7.336205839E-1,-3.385648122E-1,-5.027746133E-1,1.442148017E2,1.111214599E2,3.198211861E1,-7.178176768E1
2.449493471E1,3.057591383E-1,7.337880122E-1,-3.392643445E-1,-5.029574569E-1,1.443923174E2,1.112422949E2,3.205019156E1,-7.186139493E1
2.450490371E1,3.043092446E-1,7.339863764E-1,-3.398425782E-1,-5.031568536E-1,1.445667775E2,1.113601574E2,3.212621233E1,-7.193023564E1
2.451487171E1,3.027929590E-1,7.341506437E-1,-3.402896931E-1,-5.035297795E-1,1.447491356E2,1.114640399E2,3.222590286E1,-7.200656881E1
2.452484071E1,3.012220617E-1,7.342972304E-1,-3.404299578E-1,-5.041630780E-1,1.449379645E2,1.115441243E2,3.236568863E1,-7.208248567E1
2.453480871E1,2.996256444E-1,7.345181642E-1,-3.401227916E-1,-5.049989975E-1,1.451297603E2,1.116074785E2,3.255050643E1,-7.213508757E1
2.454477771E1,2.978328018E-1,7.347798751E-1,-3.397225019E-1,-5.059474702E-1,1.453450348E2,1.116778634E2,3.276257386E1,-7.218954032E1
2.455474671E1,2.959147936E-1,7.351305790E-1,-3.393528319E-1,-5.068107114E-1,1.455751990E2,1.117719657E2,3.297718645E1,-7.223434309E1
2.456471471E1,2.939019338E-1,7.355218493E-1,-3.392102280E-1,-5.075091795E-1,1.458165916E2,1.118937610E2,3.317370162E1,-7.228122081E1
2.457468371E1,2.917751828E-1,7.359054488E-1,-3.394261252E-1,-5.080356990E-1,1.460714729E2,1.120437915E2,3.334370705E1,-7.234365056E1
2.458465271E1,2.896899042E-1,7.363508567E-1,-3.397462727E-1,-5.083696917E-1,1.463212161E2,1.122132490E2,3.349297821E1,-7.239257505E1
2.459462071E1,2.876106000E-1,7.368194032E-1,-3.401391235E-1,-5.086087803E-1,1.465700798E2,1.123932584E2,3.363156972E1,-7.243704256E1
2.460458971E1,2.855669204E-1,7.374192372E-1,-3.403303016E-1,-5.087628481E-1,1.468145218E2,1.125847883E2,3.377747413E1,-7.244768478E1
2.461455771E1,2.834740449E-1,7.381543625E-1,-3.402664069E-1,-5.089099722E-1,1.470646870E2,1.127874759E2,3.394486296E1,-7.242751514E1
2.462452671E1,2.812581743E-1,7.389206133E-1,-3.400555673E-1,-5.091682902E-1,1.473293783E2,1.129908278E2,3.413765477E1,-7.240358138E1
2.463449571E1,2.790527140E-1,7.397163458E-1,-3.396131097E-1,-5.095215651E-1,1.475926483E2,1.131847610E2,3.435112423E1,-7.236604564E1
2.464446371E1,2.767993960E-1,7.404412716E-1,-3.391570808E-1,-5.100012595E-1,1.478614497E2,1.133665844E2,3.457572939E1,-7.234319292E1
2.465443271E1,2.745782149E-1,7.411136613E-1,-3.386681984E-1,-5.105500536E-1,1.481262398E2,1.135360795E2,3.480389721E1,-7.232634903E1
2.466440071E1,2.724382824E-1,7.417519332E-1,-3.381003961E-1,-5.111453041E-1,1.483811790E2,1.136920794E2,3.503404356E1,-7.230796408E1
2.467436971E1,2.702064488E-1,7.423148676E-1,-3.376145062E-1,-5.118334673E-1,1.486468958E2,1.138429462E2,3.527012175E1,-7.231020096E1
2.468433871E1,2.678271959E-1,7.429333726E-1,-3.371104720E-1,-5.125183325E-1,1.489299737E2,1.140100759E2,3.551803890E1,-7.230734720E1
2.469430671E1,2.650558615E-1,7.436249813E-1,-3.368533973E-1,-5.131248362E-1,1.492594558E2,1.142239873E2,3.577296846E1,-7.231547133E1
2.470427571E1,2.619509032E-1,7.444715218E-1,-3.368613420E-1,-5.134862875E-1,1.496282932E2,1.145014585E2,3.602013839E1,-7.231431419E1
2.471424371E1,2.586606884E-1,7.454271595E-1,-3.370944140E-1,-5.136151515E-1,1.500187861E2,1.148260420E2,3.625210105E1,-7.230340176E1
2.472421271E1,2.551803070E-1,7.462576420E-1,-3.376491298E-1,-5.137856566E-1,1.504314611E2,1.151567476E2,3.647771811E1,-7.233250887E1
2.473418171E1,2.515661199E-1,7.470067391E-1,-3.382164474E-1,-5.141059832E-1,1.508595871E2,1.154792718E2,3.672062089E1,-7.238188068E1
2.474414971E1,2.477270899E-1,7.477368278E-1,-3.386218791E-1,-5.146417961E-1,1.513138925E2,1.157979705E2,3.700334323E1,-7.243873148E1
2.475411871E1,2.436932572E-1,7.485391142E-1,-3.386122906E-1,-5.154071407E-1,1.517907551E2,1.161139008E2,3.734188434E1,-7.247550233E1
2.476408671E1,2.395646152E-1,7.494664291E-1,-3.379867471E-1,-5.164048620E-1,1.522783099E2,1.164215890E2,3.774272548E1,-7.247009512E1
2.477405571E1,2.351357084E-1,7.503862209E-1,-3.370262415E-1,-5.177306648E-1,1.528007551E2,1.167216337E2,3.820683264E1,-7.246582247E1
2.478402471E1,2.304448695E-1,7.513959540E-1,-3.357657346E-1,-5.191922965E-1,1.533534710E2,1.170370885E2,3.871794089E1,-7.243990105E1
2.479399271E1,2.253963514E-1,7.524586868E-1,-3.345341616E-1,-5.206622943E-1,1.539476277E2,1.173879335E2,3.925317008E1,-7.241141594E1
2.480396171E1,2.200011228E-1,7.535018213E-1,-3.335968157E-1,-5.220609901E-1,1.545818021E2,1.177772484E2,3.978916985E1,-7.240089273E1
2.481393071E1,2.145393549E-1,7.545249150E-1,-3.328078899E-1,-5.233582280E-1,1.552229926E2,1.181839587E2,4.031375577E1,-7.239139184E1
2.482389871E1,2.092005082E-1,7.554442010E-1,-3.320950392E-1,-5.246446551E-1,1.558489918E2,1.185764563E2,4.082346898E1,-7.239124613E1
2.483386771E1,2.040567909E-1,7.563679967E-1,-3.313248266E-1,-5.258253043E-1,1.564514199E2,1.189658857E2,4.131640183E1,-7.237113311E1
2.484383571E1,1.990691750E-1,7.574860261E-1,-3.304019370E-1,-5.267077328E-1,1.570349356E2,1.193900026E2,4.178995873E1,-7.228853253E1
2.485380471E1,1.941354438E-1,7.587556156E-1,-3.294762658E-1,-5.273014344E-1,1.576115539E2,1.198545883E2,4.224171828E1,-7.216047162E1
2.486377371E1,1.892780090E-1,7.600413263E-1,-3.286807230E-1,-5.277121239E-1,1.581786947E2,1.203368764E2,4.266744434E1,-7.201985678E1
2.487374171E1,1.846076957E-1,7.613510607E-1,-3.279392967E-1,-5.279398222E-1,1.587234779E2,1.208278529E2,4.306399899E1,-7.185930693E1
2.488371071E1,1.800003392E-1,7.626029485E-1,-3.274870189E-1,-5.280045914E-1,1.592604409E2,1.213291907E2,4.342623812E1,-7.170941669E1
2.489367871E1,1.756215239E-1,7.638950234E-1,-3.271236919E-1,-5.278366467E-1,1.597703420E2,1.218413104E2,4.375084051E1,-7.153755778E1
2.490364771E1,1.714368371E-1,7.652619511E-1,-3.267564875E-1,-5.274597801E-1,1.602572594E2,1.223677132E2,4.404742957E1,-7.133471168E1
2.491361671E1,1.672698625E-1,7.666315551E-1,-3.264243704E-1,-5.270143301E-1,1.607417583E2,1.229036158E2,4.433478891E1,-7.112386876E1
2.492358471E1,1.631048688E-1,7.680157208E-1,-3.259064067E-1,-5.266247246E-1,1.612256798E2,1.234397030E2,4.463583880E1,-7.089497736E1
2.493355371E1,1.586943275E-1,7.693250969E-1,-3.252809896E-1,-5.264478765E-1,1.617377631E2,1.239750973E2,4.497341669E1,-7.067662132E1
2.494352171E1,1.539407109E-1,7.705866785E-1,-3.245623437E-1,-5.264577810E-1,1.622892677E2,1.245243899E2,4.535187183E1,-7.046367992E1
2.495349071E1,1.489516199E-1,7.718344571E-1,-3.237188377E-1,-5.265844322E-1,1.628676474E2,1.250889594E2,4.576093691E1,-7.024292993E1
2.496345971E1,1.438427475E-1,7.730523956E-1,-3.228212995E-1,-5.267692040E-1,1.634594580E2,1.256630043E2,4.618420422E1,-7.001706426E1
2.497342771E1,1.388428036E-1,7.742545291E-1,-3.217012681E-1,-5.270301984E-1,1.640382204E2,1.262262247E2,4.661706024E1,-6.977159179E1
2.498339671E1,1.339411462E-1,7.753293791E-1,-3.204392861E-1,-5.274872599E-1,1.646052081E2,1.267568337E2,4.706380521E1,-6.953625533E1
2.499336571E1,1.289549211E-1,7.762007863E-1,-3.192456241E-1,-5.281716826E-1,1.651815892E2,1.272597971E2,4.752719878E1,-6.934050878E1
2.500333371E1,1.238535298E-1,7.769408849E-1,-3.181002413E-1,-5.289947051E-1,1.657708932E2,1.277536502E2,4.800468640E1,-6.916680532E1
2.501330271E1,1.185327009E-1,7.776030330E-1,-3.172559346E-1,-5.297473636E-1,1.663851437E2,1.282722057E2,4.847408222E1,-6.901392241E1
2.502327071E1,1.132604252E-1,7.783074333E-1,-3.167186044E-1,-5.301876295E-1,1.669934016E2,1.288252937E2,4.889923182E1,-6.885102210E1
2.503323971E1,1.083694520E-1,7.791725395E-1,-3.163810082E-1,-5.301407201E-1,1.675573397E2,1.294103312E2,4.925044984E1,-6.864401252E1
2.504320871E1,1.038003333E-1,7.801857708E-1,-3.163119506E-1,-5.296058555E-1,1.680838939E2,1.300301992E2,4.952730075E1,-6.840147830E1
2.505317671E1,9.941288847E-2,7.812825582E-1,-3.163925775E-1,-5.287818846E-1,1.685892740E2,1.306727464E2,4.976034582E1,-6.813574646E1
2.506314571E1,9.496350890E-2,7.823802729E-1,-3.164029035E-1,-5.279697781E-1,1.691015609E2,1.313267374E2,5.000074653E1,-6.785710839E1
2.507311371E1,9.027631573E-2,7.834547014E-1,-3.161828758E-1,-5.273304525E-1,1.696409929E2,1.319950291E2,5.028133219E1,-6.756208415E1
2.508308271E1,8.554370933E-2,7.846092722E-1,-3.155545506E-1,-5.267788135E-1,1.701854180E2,1.326815664E2,5.059188525E1,-6.721483858E1
2.509305171E1,8.084724385E-2,7.858273794E-1,-3.146919100E-1,-5.262204942E-1,1.707254660E2,1.333840030E2,5.090968448E1,-6.682727766E1
2.510301971E1,7.634676122E-2,7.871089597E-1,-3.135539662E-1,-5.256562743E-1,1.712427841E2,1.340867246E2,5.122578394E1,-6.639810200E1
2.511298871E1,7.201147316E-2,7.883741870E-1,-3.122499637E-1,-5.251480466E-1,1.717409444E2,1.347764966E2,5.154116123E1,-6.595277803E1
2.512295671E1,6.778155223E-2,7.896112813E-1,-3.108651869E-1,-5.246737470E-1,1.722268464E2,1.354590495E2,5.185357230E1,-6.549840770E1
2.513292621E1,6.364117227E-2,7.907710782E-1,-3.094906096E-1,-5.242580526E-1,1.727023270E2,1.361261060E2,5.216154957E1,-6.505271883E1
2.514289521E1,5.951803037E-2,7.917253883E-1,-3.083445314E-1,-5.239772703E-1,1.731757030E2,1.367582655E2,5.246563726E1,-6.466039679E1
2.515286321E1,5.551582886E-2,7.924990990E-1,-3.073669142E-1,-5.238213481E-1,1.736350823E2,1.373476624E2,5.276196944E1,-6.431529799E1
2.516283221E1,5.156921904E-2,7.931047492E-1,-3.066027075E-1,-5.237558308E-1,1.740879804E2,1.379041887E2,5.305033940E1,-6.401711341E1
2.517280021E1,4.746662373E-2,7.935383560E-1,-3.061822505E-1,-5.237330083E-1,1.745586810E2,1.384523027E2,5.333471429E1,-6.377092726E1
2.518276921E1,4.324443674E-2,7.938812417E-1,-3.059790395E-1,-5.236978578E-1,1.750430068E2,1.390052815E2,5.361450764E1,-6.354926462E1
2.519273821E1,3.883334757E-2,7.940759812E-1,-3.061358047E-1,-5.236564696E-1,1.755489070E2,1.395595831E2,5.388829441E1,-6.337415815E1
2.520270621E1,3.432911387E-2,7.941381268E-1,-3.066364039E-1,-5.235842299E-1,1.760654002E2,1.401076011E2,5.414904603E1,-6.324406742E1
2.521267521E1,2.995916003E-2,7.941828867E-1,-3.073862806E-1,-5.233447094E-1,1.765664194E2,1.406501408E2,5.437481015E1,-6.313158301E1
2.522264321E1,2.576963685E-2,7.942386259E-1,-3.084466743E-1,-5.228589248E-1,1.770466902E2,1.411893164E2,5.455300553E1,-6.303693094E1
2.523261221E1,2.199504939E-2,7.944012706E-1,-3.095029164E-1,-5.221597929E-1,1.774793497E2,1.417131690E2,5.468573967E1,-6.292432215E1
2.524258121E1,1.854990277E-2,7.946021846E-1,-3.106042557E-1,-5.213332721E-1,1.778742158E2,1.422132097E2,5.478378739E1,-6.281324063E1
2.525254921E1,1.535628855E-2,7.947854602E-1,-3.116543656E-1,-5.205302271E-1,1.782402298E2,1.426806492E2,5.486994725E1,-6.270929470E1
2.526251821E1,1.239753764E-2,7.950024743E-1,-3.123055765E-1,-5.198871926E-1,1.785793104E2,1.431226016E2,5.497279106E1,-6.257455601E1
2.527248721E1,9.349035010E-3,7.952052007E-1,-3.126162831E-1,-5.194539441E-1,1.789286639E2,1.435686543E2,5.511479958E1,-6.241101804E1
2.528245521E1,6.118816247E-3,7.954074423E-1,-3.125788356E-1,-5.192148872E-1,1.792988309E2,1.440353812E2,5.530055405E1,-6.220909652E1
2.529242421E1,2.923916542E-3,7.957452072E-1,-3.120084202E-1,-5.190682162E-1,1.796649434E2,1.445290452E2,5.551429893E1,-6.192860054E1
2.530239221E1,7.569573993E-5,-7.962403694E-1,3.110832758E-1,5.188722965E-1,1.799913259E2,1.450392932E2,5.572470832E1,-6.158377119E1
2.531236121E1,2.738449335E-3,-7.968384543E-1,3.101090724E-1,5.185298955E-1,1.796861964E2,1.455379138E2,5.590073810E1,-6.121941382E1
2.532233021E1,5.073974799E-3,-7.974197647E-1,3.092991575E-1,5.181023579E-1,1.794185628E2,1.459959241E2,5.604011407E1,-6.088415400E1
2.533229821E1,7.521421218E-3,-7.977092292E-1,3.089588639E-1,5.178299418E-1,1.791381005E2,1.464028092E2,5.618132098E1,-6.065049584E1
2.534226721E1,1.021822947E-2,-7.976458193E-1,3.089918438E-1,5.178615940E-1,1.788290568E2,1.467594099E2,5.635175491E1,-6.051917226E1
2.535223521E1,1.316665440E-2,-7.972766550E-1,3.094276000E-1,5.181033484E-1,1.784911689E2,1.470787889E2,5.654215305E1,-6.048060732E1
2.536220421E1,1.607560881E-2,-7.968344714E-1,3.100398041E-1,5.183355143E-1,1.781577916E2,1.473789390E2,5.672254914E1,-6.047390591E1
2.537217321E1,1.862351225E-2,-7.965281902E-1,3.104757289E-1,5.184601425E-1,1.778657793E2,1.476651957E2,5.687711590E1,-6.043618562E1
2.538214121E1,2.069585171E-2,-7.964318215E-1,3.107322557E-1,5.183757434E-1,1.776282608E2,1.479398829E2,5.698875003E1,-6.035610734E1
2.539211021E1,2.229245863E-2,-7.965405182E-1,3.108146528E-1,5.180930645E-1,1.774452608E2,1.482005694E2,5.705804325E1,-6.023658164E1
2.540207821E1,2.359450122E-2,-7.967151115E-1,3.108529011E-1,5.177440043E-1,1.772960184E2,1.484367607E2,5.710399993E1,-6.011379620E1
2.541204721E1,2.490450956E-2,-7.967235198E-1,3.111123782E-1,5.175137982E-1,1.771458583E2,1.486327206E2,5.715353633E1,-6.005094420E1
2.542201621E1,2.614902171E-2,-7.966469811E-1,3.113688839E-1,5.174158490E-1,1.770032012E2,1.487971889E2,5.721194619E1,-6.001293774E1
2.543198421E1,2.733018714E-2,-7.965788929E-1,3.116114601E-1,5.173136850E-1,1.768678012E2,1.489551163E2,5.726653777E1,-5.997505704E1
2.544195321E1,2.833233383E-2,-7.966059933E-1,3.117145091E-1,5.171558661E-1,1.767529192E2,1.491113719E2,5.730968865E1,-5.991191451E1
2.545192221E1,2.914387140E-2,-7.967072722E-1,3.117234864E-1,5.169494309E-1,1.766598854E2,1.492587945E2,5.733964587E1,-5.983380613E1
2.546189021E1,2.984669117E-2,-7.968362626E-1,3.117016332E-1,5.167235027E-1,1.765793131E2,1.493975192E2,5.736196693E1,-5.975276643E1
2.547185921E1,3.044180467E-2,-7.969409343E-1,3.115666158E-1,5.166087790E-1,1.765110871E2,1.495131581E2,5.739258519E1,-5.967493428E1
2.548182721E1,3.107162610E-2,-7.968718135E-1,3.115570906E-1,5.166836528E-1,1.764388808E2,1.495889407E2,5.743937455E1,-5.964970233E1
2.549179621E1,3.181621340E-2,-7.965993552E-1,3.118755733E-1,5.168662962E-1,1.763535151E2,1.496302914E2,5.749196799E1,-5.969708434E1
2.550176521E1,3.250790640E-2,-7.962512433E-1,3.123102548E-1,5.170971134E-1,1.762742119E2,1.496444753E2,5.754183598E1,-5.977736357E1
2.551173321E1,3.313722207E-2,-7.958619539E-1,3.128326439E-1,5.173407433E-1,1.762020588E2,1.496389641E2,5.758594293E1,-5.988000885E1
2.552170221E1,3.360056345E-2,-7.955276662E-1,3.133124226E-1,5.175346820E-1,1.761489342E2,1.496228844E2,5.761640007E1,-5.997606368E1
2.553167021E1,3.384731218E-2,-7.952791895E-1,3.137279694E-1,5.176486682E-1,1.761206428E2,1.495966840E2,5.762783354E1,-6.005917773E1
2.554163921E1,3.378451337E-2,-7.951199165E-1,3.140586957E-1,5.176970106E-1,1.761278431E2,1.495471344E2,5.761659099E1,-6.013299415E1
2.555160821E1,3.345888682E-2,-7.949718125E-1,3.143778317E-1,5.177518858E-1,1.761651783E2,1.494610861E2,5.758993388E1,-6.022052529E1
2.556157621E1,3.303737619E-2,-7.947221346E-1,3.147888477E-1,5.179122967E-1,1.762135065E2,1.493344418E2,5.756413226E1,-6.034821186E1
2.557154521E1,3.270738744E-2,-7.941988182E-1,3.153839823E-1,5.183738258E-1,1.762513409E2,1.491499569E2,5.756650435E1,-6.055567675E1
2.558151321E1,3.250792748E-2,-7.934352438E-1,3.160652861E-1,5.191402873E-1,1.762742095E2,1.489212088E2,5.760317916E1,-6.082368166E1
2.559148221E1,3.255403613E-2,-7.924979611E-1,3.169530041E-1,5.200269727E-1,1.762689230E2,1.486839861E2,5.765874165E1,-6.113812768E1
2.560145121E1,3.268454385E-2,-7.915528180E-1,3.179316118E-1,5.208601526E-1,1.762539600E2,1.484578201E2,5.771047838E1,-6.145711960E1
2.561141921E1,3.280931959E-2,-7.906359976E-1,3.190967614E-1,5.215318259E-1,1.762396541E2,1.482405866E2,5.773867870E1,-6.178480311E1
2.562138821E1,3.280883490E-2,-7.897474999E-1,3.205634296E-1,5.219784771E-1,1.762397096E2,1.480168639E2,5.772522661E1,-6.213764295E1
2.563135621E1,3.239276121E-2,-7.889763601E-1,3.221177422E-1,5.222136987E-1,1.762874135E2,1.477666434E2,5.766091187E1,-6.249234693E1
2.564132521E1,3.153701160E-2,-7.882507810E-1,3.236724340E-1,5.224003671E-1,1.763855254E2,1.474668573E2,5.756284935E1,-6.286092297E1
2.565129421E1,3.015821960E-2,-7.876440139E-1,3.247104477E-1,5.227528833E-1,1.765435985E2,1.471179093E2,5.746592321E1,-6.318775214E1
2.566126221E1,2.843620474E-2,-7.871356597E-1,3.252932332E-1,5.232525553E-1,1.767410117E2,1.467411463E2,5.737760025E1,-6.347187352E1
2.567123121E1,2.624608590E-2,-7.868449518E-1,3.253434512E-1,5.237728581E-1,1.769920747E2,1.463501084E2,5.728126052E1,-6.368341170E1
2.568120021E1,2.345476334E-2,-7.868217921E-1,3.248130542E-1,5.242689476E-1,1.773120356E2,1.459394766E2,5.716645365E1,-6.381266651E1
2.569116821E1,2.027381425E-2,-7.869935405E-1,3.238468377E-1,5.247414138E-1,1.776766328E2,1.455229792E2,5.704177289E1,-6.387651234E1
2.570113721E1,1.685749607E-2,-7.873031934E-1,3.225065258E-1,5.252227519E-1,1.780681817E2,1.451084105E2,5.691822739E1,-6.388516789E1
2.571110521E1,1.336204719E-2,-7.876330557E-1,3.210365912E-1,5.257290198E-1,1.784687766E2,1.446903718E2,5.679771974E1,-6.387903420E1
2.572107421E1,9.918017465E-3,-7.878400600E-1,3.195807758E-1,5.263816638E-1,1.788634603E2,1.442504330E2,5.669384090E1,-6.389943495E1
2.573104321E1,6.698230046E-3,-7.877412467E-1,3.183569367E-1,5.273213488E-1,1.792324336E2,1.437658971E2,5.662108753E1,-6.400209713E1
2.574101121E1,3.605473229E-3,-7.873713449E-1,3.173301763E-1,5.285215435E-1,1.795868423E2,1.432319551E2,5.657147374E1,-6.418084484E1
2.575098021E1,6.868039699E-4,-7.867625547E-1,3.166140381E-1,5.298677982E-1,1.799212981E2,1.426657369E2,5.653212851E1,-6.443349295E1
2.576094821E1,2.123231787E-3,7.860943375E-1,-3.159598558E-1,-5.312445039E-1,1.797566954E2,1.421019931E2,5.649886421E1,-6.469821822E1
2.577091721E1,4.777492793E-3,7.854304614E-1,-3.154881272E-1,-5.324879835E-1,1.794525376E2,1.415670528E2,5.645479325E1,-6.496442479E1
2.578088621E1,7.441426500E-3,7.848985260E-1,-3.152126132E-1,-5.334040874E-1,1.791472675E2,1.410757405E2,5.637139971E1,-6.520608780E1
2.579085421E1,1.029156498E-2,7.845757444E-1,-3.149739146E-1,-5.339723112E-1,1.788206527E2,1.406239490E2,5.624285231E1,-6.539845685E1
2.580082321E1,1.326538339E-2,7.843649469E-1,-3.148096894E-1,-5.343132581E-1,1.784798544E2,1.401943289E2,5.608241225E1,-6.556660912E1
2.581079121E1,1.628798678E-2,7.841976239E-1,-3.148868181E-1,-5.344297520E-1,1.781334517E2,1.397823996E2,5.588763652E1,-6.573612366E1
2.582076021E1,1.962839848E-2,7.841892367E-1,-3.150718006E-1,-5.342207247E-1,1.777506068E2,1.393847469E2,5.563836117E1,-6.587683159E1
2.583072921E1,2.348190591E-2,7.843699835E-1,-3.153503702E-1,-5.336351575E-1,1.773089244E2,1.389878075E2,5.531819121E1,-6.598515673E1
2.584069721E1,2.807966347E-2,7.847996706E-1,-3.153612862E-1,-5.327741395E-1,1.767818846E2,1.385723199E2,5.493805639E1,-6.602802071E1
2.585066621E1,3.324895337E-2,7.854482474E-1,-3.149317888E-1,-5.317739737E-1,1.761892483E2,1.381466577E2,5.453001032E1,-6.599469282E1
2.586063421E1,3.867946943E-2,7.862982861E-1,-3.139097909E-1,-5.307537460E-1,1.755665533E2,1.377367982E2,5.413285928E1,-6.587018802E1
2.587060321E1,4.391037802E-2,7.871761207E-1,-3.125109370E-1,-5.298704956E-1,1.749666229E2,1.373529837E2,5.378036390E1,-6.570087916E1
2.588057221E1,4.865638712E-2,7.878507653E-1,-3.110255556E-1,-5.293268223E-1,1.744221864E2,1.369722870E2,5.349397668E1,-6.555837037E1
2.589054021E1,5.278066698E-2,7.880864926E-1,-3.098178377E-1,-5.292891009E-1,1.739489694E2,1.365570445E2,5.327802725E1,-6.552387830E1
2.590050921E1,5.648299366E-2,7.878939447E-1,-3.088758767E-1,-5.297437179E-1,1.735240792E2,1.360873608E2,5.311781099E1,-6.559988788E1
2.591047821E1,5.992967864E-2,7.873175233E-1,-3.083082640E-1,-5.305522630E-1,1.731284472E2,1.355606555E2,5.298448885E1,-6.578600818E1
2.592044621E1,6.347319600E-2,7.865836835E-1,-3.079828693E-1,-5.314168845E-1,1.727216147E2,1.349963867E2,5.283607069E1,-6.602318702E1
2.593041521E1,6.723800539E-2,7.858217528E-1,-3.080370701E-1,-5.320492980E-1,1.722892747E2,1.344225190E2,5.263336962E1,-6.628700604E1
2.594038321E1,7.124886809E-2,7.849989620E-1,-3.085560664E-1,-5.324410529E-1,1.718285576E2,1.338336687E2,5.236931903E1,-6.658844643E1
2.595035221E1,7.546287859E-2,7.840644610E-1,-3.094040821E-1,-5.327452689E-1,1.713443627E2,1.332185779E2,5.206570148E1,-6.692928428E1
2.596032121E1,7.966232735E-2,7.829655451E-1,-3.105747319E-1,-5.330687249E-1,1.708616869E2,1.325862184E2,5.174534941E1,-6.731751087E1
2.597028921E1,8.389144750E-2,7.818653649E-1,-3.116977557E-1,-5.333791154E-1,1.703754364E2,1.319610604E2,5.142234861E1,-6.769173778E1
2.598025821E1,8.817358838E-2,7.809164286E-1,-3.125822073E-1,-5.335609579E-1,1.698829127E2,1.313719934E2,5.109697977E1,-6.800436155E1
2.599022621E1,9.260598278E-2,7.802088673E-1,-3.131575118E-1,-5.335078318E-1,1.693729096E2,1.308294243E2,5.075923045E1,-6.823087477E1
2.600019521E1,9.746384961E-2,7.797803603E-1,-3.133074282E-1,-5.331807512E-1,1.688137075E2,1.303133887E2,5.039480643E1,-6.835780835E1
2.601016421E1,1.027447865E-1,7.795393014E-1,-3.132054117E-1,-5.326015481E-1,1.682055009E2,1.298087318E2,4.999668317E1,-6.841594354E1
2.602013221E1,1.084692979E-1,7.794356833E-1,-3.127928152E-1,-5.318599322E-1,1.675458304E2,1.292992462E2,4.957402329E1,-6.841373578E1
2.603010121E1,1.144035742E-1,7.793091164E-1,-3.122302812E-1,-5.311323512E-1,1.668615493E2,1.287716209E2,4.914715280E1,-6.839772281E1
2.604006921E1,1.202481830E-1,7.790160061E-1,-3.117990557E-1,-5.305241511E-1,1.661871477E2,1.282271865E2,4.872804250E1,-6.841648980E1
2.605003821E1,1.260070020E-1,7.786123657E-1,-3.113797367E-1,-5.300260596E-1,1.655221748E2,1.276739747E2,4.832235128E1,-6.845098924E1
2.606000721E1,1.314837953E-1,7.780137330E-1,-3.111557473E-1,-5.297063968E-1,1.648893128E2,1.271141846E2,4.793744441E1,-6.853198366E1
2.606997521E1,1.366464049E-1,7.771521460E-1,-3.112097163E-1,-5.296326398E-1,1.642923314E2,1.265370455E2,4.757481800E1,-6.868025900E1
2.607994421E1,1.416947755E-1,7.760949766E-1,-3.114579191E-1,-5.297104218E-1,1.637081450E2,1.259407315E2,4.721833692E1,-6.887381961E1
2.608991221E1,1.467327990E-1,7.748620338E-1,-3.120707975E-1,-5.297831252E-1,1.631247307E2,1.253323831E2,4.683910064E1,-6.911283288E1
2.609988121E1,1.520830253E-1,7.736145714E-1,-3.127861138E-1,-5.296755032E-1,1.625046795E2,1.247175613E2,4.641816470E1,-6.934127199E1
2.610985021E1,1.576685575E-1,7.723249832E-1,-3.136424324E-1,-5.294177541E-1,1.618568064E2,1.240985232E2,4.596060615E1,-6.956660614E1
2.611981821E1,1.634353001E-1,7.710572060E-1,-3.143622163E-1,-5.290899359E-1,1.611873002E2,1.234801859E2,4.549272517E1,-6.976285385E1
2.612978721E1,1.692517970E-1,7.699135723E-1,-3.147442564E-1,-5.286992979E-1,1.605113604E2,1.228833554E2,4.503701661E1,-6.990179875E1
2.613975558E1,1.749034575E-1,7.689222784E-1,-3.149148668E-1,-5.282005953E-1,1.598539200E2,1.223325016E2,4.459822644E1,-6.998879432E1
2.614972358E1,1.805302409E-1,7.681921053E-1,-3.147473963E-1,-5.274692948E-1,1.591987073E2,1.218355863E2,4.416704578E1,-6.999273675E1
2.615969258E1,1.861152041E-1,7.676447864E-1,-3.144115702E-1,-5.265245310E-1,1.585476837E2,1.213831279E2,4.373580547E1,-6.993982732E1
2.616966058E1,1.916750689E-1,7.671856597E-1,-3.139588920E-1,-5.254681413E-1,1.578988891E2,1.209541107E2,4.330698416E1,-6.985399541E1
2.617962958E1,1.971872761E-1,7.667629479E-1,-3.134212457E-1,-5.243651689E-1,1.572549468E2,1.205389720E2,4.288446323E1,-6.974940568E1
2.618959858E1,2.025089374E-1,7.663251896E-1,-3.129296660E-1,-5.232694878E-1,1.566325733E2,1.201402631E2,4.247333960E1,-6.964770682E1
2.619956658E1,2.075385947E-1,7.658315657E-1,-3.125905524E-1,-5.222231290E-1,1.560437070E2,1.197592313E2,4.207638157E1,-6.956607215E1
2.620953558E1,2.123558215E-1,7.653064160E-1,-3.123249430E-1,-5.212141230E-1,1.554791095E2,1.193920563E2,4.169222154E1,-6.949441893E1
2.621950358E1,2.170182639E-1,7.647002179E-1,-3.121792413E-1,-5.202699598E-1,1.549320772E2,1.190270968E2,4.131542592E1,-6.944374997E1
2.622947258E1,2.215037107E-1,7.639583490E-1,-3.122979269E-1,-5.193975095E-1,1.544052630E2,1.186616415E2,4.093829260E1,-6.943194212E1
2.623944158E1,2.259841103E-1,7.631837110E-1,-3.125142034E-1,-5.184754840E-1,1.538784917E2,1.183007572E2,4.055197708E1,-6.942408886E1
2.624940958E1,2.303327589E-1,7.622744771E-1,-3.130409969E-1,-5.175806853E-1,1.533666731E2,1.179406317E2,4.015592168E1,-6.945434856E1
2.625937858E1,2.345686647E-1,7.612282026E-1,-3.138347274E-1,-5.167369265E-1,1.528676032E2,1.175776940E2,3.975289567E1,-6.952079517E1
2.626934658E1,2.385545870E-1,7.599858611E-1,-3.150454588E-1,-5.160035608E-1,1.523975068E2,1.172145935E2,3.934583664E1,-6.964655378E1
2.627931558E1,2.423884435E-1,7.586403861E-1,-3.165348231E-1,-5.152848622E-1,1.519448976E2,1.168593825E2,3.893092721E1,-6.980270752E1
2.628928458E1,2.463280885E-1,7.572694545E-1,-3.179658561E-1,-5.145514122E-1,1.514793336E2,1.164977325E2,3.851066436E1,-6.995004458E1
2.629925258E1,2.503352212E-1,7.558642154E-1,-3.193040818E-1,-5.138545772E-1,1.510053005E2,1.161272271E2,3.809319871E1,-7.009107904E1
2.630922158E1,2.543559357E-1,7.545412047E-1,-3.204306881E-1,-5.131226656E-1,1.505291506E2,1.157668430E2,3.768627541E1,-7.020064939E1
2.631919058E1,2.583108696E-1,7.533340347E-1,-3.213578345E-1,-5.123401251E-1,1.500602826E2,1.154265265E2,3.729406976E1,-7.027689432E1
2.632915858E1,2.621147596E-1,7.521777148E-1,-3.222716414E-1,-5.115326231E-1,1.496088368E2,1.151068474E2,3.691163265E1,-7.034399602E1
2.633912758E1,2.658219753E-1,7.511141391E-1,-3.231579475E-1,-5.106224408E-1,1.491683992E2,1.148129854E2,3.653163277E1,-7.039073121E1
2.634909558E1,2.693564627E-1,7.501182723E-1,-3.240707007E-1,-5.096545279E-1,1.487480475E2,1.145452666E2,3.615851779E1,-7.042851330E1
2.635906458E1,2.726562238E-1,7.491601901E-1,-3.250158859E-1,-5.087065610E-1,1.483552221E2,1.142993704E2,3.580088478E1,-7.046785134E1
2.636903358E1,2.757421528E-1,7.481846170E-1,-3.259791521E-1,-5.078617485E-1,1.479875070E2,1.140617719E2,3.546294424E1,-7.051899540E1
2.637900158E1,2.787532923E-1,7.471810163E-1,-3.268805889E-1,-5.071154964E-1,1.476283772E2,1.138200938E2,3.513998424E1,-7.057461186E1
2.638897058E1,2.819201327E-1,7.462583585E-1,-3.274981035E-1,-5.063246424E-1,1.472503246E2,1.135739507E2,3.482287600E1,-7.059389436E1
2.639893858E1,2.852646643E-1,7.454723198E-1,-3.278565203E-1,-5.053763277E-1,1.468506610E2,1.133353190E2,3.450209472E1,-7.056506378E1
2.640890758E1,2.886885689E-1,7.447842936E-1,-3.281919460E-1,-5.042274257E-1,1.464410823E2,1.131151738E2,3.416588424E1,-7.050788467E1
2.641887658E1,2.920959835E-1,7.441193638E-1,-3.287187184E-1,-5.029018125E-1,1.460330375E2,1.129158212E2,3.380741260E1,-7.044854638E1
2.642884458E1,2.952909148E-1,7.432585145E-1,-3.297512740E-1,-5.016315592E-1,1.456500346E2,1.127209865E2,3.343143861E1,-7.045027252E1
2.643881358E1,2.983242762E-1,7.421012884E-1,-3.311537104E-1,-5.006252083E-1,1.452860339E2,1.125007247E2,3.305520456E1,-7.052577653E1
2.644878158E1,3.011484206E-1,7.406884839E-1,-3.327528883E-1,-4.999656418E-1,1.449468140E2,1.122534149E2,3.269872355E1,-7.066505437E1
2.645875058E1,3.037982351E-1,7.392303083E-1,-3.343065686E-1,-4.994839454E-1,1.446282451E2,1.120028656E2,3.236723354E1,-7.081883177E1
2.646871958E1,3.063384784E-1,7.379678627E-1,-3.355925322E-1,-4.989366581E-1,1.443225838E2,1.117783059E2,3.205875468E1,-7.093139187E1
2.647868758E1,3.087091649E-1,7.368783877E-1,-3.367984167E-1,-4.982728347E-1,1.440370880E2,1.115891154E2,3.176169276E1,-7.101643742E1
2.648865658E1,3.110156827E-1,7.358858505E-1,-3.379816263E-1,-4.975035809E-1,1.437590982E2,1.114211988E2,3.146492611E1,-7.108376670E1
2.649862458E1,3.134392530E-1,7.350172040E-1,-3.390654746E-1,-4.965280921E-1,1.434667628E2,1.112693012E2,3.115536647E1,-7.111479676E1
2.650859358E1,3.158807251E-1,7.341992812E-1,-3.401920810E-1,-4.954192191E-1,1.431720189E2,1.111318368E2,3.083400900E1,-7.113351969E1
2.651856258E1,3.184184395E-1,7.334483718E-1,-3.411115777E-1,-4.942731936E-1,1.428653885E2,1.109918430E2,3.051841761E1,-7.112600934E1
2.652853058E1,3.209310292E-1,7.327348046E-1,-3.417343606E-1,-4.932753617E-1,1.425615222E2,1.108398457E2,3.023406648E1,-7.110439071E1
2.653849958E1,3.231545704E-1,7.321165314E-1,-3.419913510E-1,-4.925630378E-1,1.422923848E2,1.106877664E2,3.001289857E1,-7.107461624E1
2.654846858E1,3.250005919E-1,7.317478729E-1,-3.416720043E-1,-4.921178933E-1,1.420687783E2,1.105509946E2,2.987604393E1,-7.100988107E1
2.655843658E1,3.262876249E-1,7.315231038E-1,-3.410662277E-1,-4.920204972E-1,1.419127928E2,1.104342646E2,2.982003340E1,-7.094976607E1
2.656840558E1,3.271626514E-1,7.313947245E-1,-3.402633302E-1,-4.921863292E-1,1.418066997E2,1.103313448E2,2.982298669E1,-7.089554102E1
2.657837358E1,3.277683912E-1,7.312360416E-1,-3.394584519E-1,-4.925744965E-1,1.417332365E2,1.102289909E2,2.985778934E1,-7.086556797E1
2.658834258E1,3.284109779E-1,7.310660423E-1,-3.385911329E-1,-4.929956963E-1,1.416552867E2,1.101193035E2,2.989623245E1,-7.083370330E1
2.659831158E1,3.293088217E-1,7.309237967E-1,-3.375870686E-1,-4.932962560E-1,1.415463417E2,1.099993780E2,2.991952613E1,-7.077550006E1
2.660827958E1,3.303926173E-1,7.307794648E-1,-3.366702271E-1,-4.934117910E-1,1.414147850E2,1.098814000E2,2.991295205E1,-7.070620945E1
2.661824858E1,3.316196280E-1,7.306628234E-1,-3.359609589E-1,-4.932448579E-1,1.412657803E2,1.097806240E2,2.986571190E1,-7.062584209E1
2.662821658E1,3.327411451E-1,7.304247569E-1,-3.357945842E-1,-4.929554039E-1,1.411295269E2,1.096984602E2,2.977982108E1,-7.058755220E1
2.663818558E1,3.336173570E-1,7.299710040E-1,-3.362609812E-1,-4.927174638E-1,1.410230359E2,1.096267165E2,2.966803086E1,-7.062106530E1
2.664815458E1,3.340733121E-1,7.292029409E-1,-3.374730192E-1,-4.927169475E-1,1.409676072E2,1.095591951E2,2.954452923E1,-7.075962039E1
2.665812258E1,3.343978534E-1,7.283436931E-1,-3.389031882E-1,-4.927862264E-1,1.409281482E2,1.094940208E2,2.941806930E1,-7.092877239E1
2.666809158E1,3.347366877E-1,7.275344736E-1,-3.402972374E-1,-4.927908046E-1,1.408869463E2,1.094362418E2,2.928963327E1,-7.108590977E1
2.667805958E1,3.352452843E-1,7.269352718E-1,-3.413492648E-1,-4.926017655E-1,1.408250915E2,1.093899274E2,2.916377981E1,-7.118363074E1
2.668802858E1,3.358844623E-1,7.266030704E-1,-3.419605627E-1,-4.922322430E-1,1.407473388E2,1.093588997E2,2.905155684E1,-7.121235406E1
2.669799758E1,3.365539334E-1,7.264941418E-1,-3.421512562E-1,-4.918030932E-1,1.406658809E2,1.093382330E2,2.896527342E1,-7.118824719E1
2.670796558E1,3.371389896E-1,7.265456453E-1,-3.419154867E-1,-4.914899685E-1,1.405946772E2,1.093180426E2,2.892299548E1,-7.113130603E1
2.671793458E1,3.374707275E-1,7.266761741E-1,-3.413894519E-1,-4.914350511E-1,1.405542963E2,1.092967299E2,2.893456191E1,-7.107190580E1
2.672790358E1,3.374365042E-1,7.268265751E-1,-3.407944016E-1,-4.916493257E-1,1.405584624E2,1.092819456E2,2.899246852E1,-7.103386539E1
2.673787158E1,3.372631542E-1,7.270867055E-1,-3.399791972E-1,-4.919477675E-1,1.405795638E2,1.092746856E2,2.908144912E1,-7.098062381E1
2.674784058E1,3.369132932E-1,7.273379217E-1,-3.391798190E-1,-4.923676766E-1,1.406221472E2,1.092709119E2,2.918866689E1,-7.094201570E1
2.675780858E1,3.365026249E-1,7.276351835E-1,-3.383519285E-1,-4.927788507E-1,1.406721246E2,1.092752435E2,2.930206191E1,-7.089839792E1
2.676777758E1,3.360332512E-1,7.279465222E-1,-3.376085002E-1,-4.931490950E-1,1.407292367E2,1.092898838E2,2.941139251E1,-7.085794440E1
2.677774658E1,3.355219204E-1,7.282330365E-1,-3.370851207E-1,-4.934321585E-1,1.407914425E2,1.093169337E2,2.950294555E1,-7.082969209E1
2.678771458E1,3.350158105E-1,7.284512729E-1,-3.368748922E-1,-4.935975532E-1,1.408530012E2,1.093538108E2,2.956474123E1,-7.082052611E1
2.679768358E1,3.345206219E-1,7.285344497E-1,-3.370352399E-1,-4.937011976E-1,1.409132203E2,1.093918713E2,2.959501302E1,-7.084390258E1
2.680765158E1,3.341322124E-1,7.285631728E-1,-3.373672095E-1,-4.936948598E-1,1.409604463E2,1.094297896E2,2.959890720E1,-7.087348874E1
2.681762058E1,3.338595697E-1,7.286251286E-1,-3.376793491E-1,-4.935746939E-1,1.409935922E2,1.094700188E2,2.958978795E1,-7.088813053E1
2.682758958E1,3.336275355E-1,7.287486611E-1,-3.378845621E-1,-4.934086932E-1,1.410217986E2,1.095132382E2,2.958318455E1,-7.088591361E1
2.683755758E1,3.333982250E-1,7.289810166E-1,-3.378699371E-1,-4.932305280E-1,1.410496715E2,1.095609958E2,2.959202974E1,-7.085827736E1
2.684752658E1,3.330549389E-1,7.292779833E-1,-3.377209059E-1,-4.931254559E-1,1.410913938E2,1.096137705E2,2.962306461E1,-7.082364015E1
2.685749458E1,3.325103753E-1,7.295830633E-1,-3.375724436E-1,-4.931431839E-1,1.411575679E2,1.096726765E2,2.967536536E1,-7.080172193E1
2.686746358E1,3.318533691E-1,7.298976052E-1,-3.373901585E-1,-4.932449474E-1,1.412373878E2,1.097335648E2,2.974287203E1,-7.078513614E1
2.687743258E1,3.310783834E-1,7.300942835E-1,-3.373731944E-1,-4.934863541E-1,1.413315159E2,1.097869014E2,2.981421179E1,-7.080262063E1
2.688740058E1,3.303981649E-1,7.302594991E-1,-3.373089626E-1,-4.937416481E-1,1.414141115E2,1.098288591E2,2.988273755E1,-7.081813042E1
2.689736958E1,3.297708091E-1,7.303739278E-1,-3.372435085E-1,-4.940365496E-1,1.414902697E2,1.098600077E2,2.994951338E1,-7.083936699E1
2.690733758E1,3.290792004E-1,7.303908287E-1,-3.372800498E-1,-4.944475445E-1,1.415742075E2,1.098815657E2,3.001959873E1,-7.088567655E1
2.691730658E1,3.284004043E-1,7.304515413E-1,-3.372039959E-1,-4.948608155E-1,1.416565695E2,1.099030736E2,3.009715870E1,-7.092023172E1
2.692727558E1,3.275645638E-1,7.305133707E-1,-3.372013406E-1,-4.953251736E-1,1.417579582E2,1.099337419E2,3.018362407E1,-7.096709930E1
2.693724358E1,3.266340562E-1,7.306753621E-1,-3.371576132E-1,-4.957302786E-1,1.418707936E2,1.099827480E2,3.027703251E1,-7.100052371E1
2.694721258E1,3.255947729E-1,7.309593265E-1,-3.371134644E-1,-4.960251643E-1,1.419967740E2,1.100575934E2,3.037276214E1,-7.101813135E1
2.695718158E1,3.243945413E-1,7.312938882E-1,-3.372068618E-1,-4.962550912E-1,1.421422050E2,1.101559610E2,3.046689921E1,-7.104004340E1
2.696714958E1,3.231595648E-1,7.317022911E-1,-3.372855079E-1,-4.964052920E-1,1.422917800E2,1.102684794E2,3.056048723E1,-7.104952729E1
2.697711858E1,3.218800497E-1,7.321099144E-1,-3.373768190E-1,-4.965734790E-1,1.424466790E2,1.103831789E2,3.065736883E1,-7.106203441E1
2.698708658E1,3.205969943E-1,7.325360612E-1,-3.373553663E-1,-4.967894605E-1,1.426019352E2,1.104937898E2,3.076527310E1,-7.106823544E1
2.699705558E1,3.194363597E-1,7.330909876E-1,-3.369836943E-1,-4.969709396E-1,1.427423165E2,1.106014020E2,3.088790764E1,-7.103319609E1
2.700702458E1,3.182825054E-1,7.336874498E-1,-3.364483450E-1,-4.971936857E-1,1.428818203E2,1.107056429E2,3.102408098E1,-7.098543242E1
2.701699258E1,3.172431852E-1,7.343701866E-1,-3.356527389E-1,-4.973876244E-1,1.430074279E2,1.108057168E2,3.116913795E1,-7.090681588E1
2.702696158E1,3.162296694E-1,7.350783380E-1,-3.348280094E-1,-4.975427775E-1,1.431298724E2,1.109087152E2,3.131217950E1,-7.082015971E1
2.703692958E1,3.151350630E-1,7.357606744E-1,-3.342056058E-1,-4.976471015E-1,1.432620648E2,1.110238258E2,3.144356795E1,-7.074779749E1
2.704689858E1,3.139418752E-1,7.364315258E-1,-3.338007853E-1,-4.976806609E-1,1.434061048E2,1.111552332E2,3.156243465E1,-7.068856283E1
2.705686758E1,3.125212630E-1,7.369860308E-1,-3.337211067E-1,-4.978074492E-1,1.435775212E2,1.112934454E2,3.167931047E1,-7.067375142E1
2.706683558E1,3.108611408E-1,7.374269290E-1,-3.338589691E-1,-4.981015077E-1,1.437777310E2,1.114317108E2,3.180698279E1,-7.070102858E1
2.707680458E1,3.090537048E-1,7.378553517E-1,-3.339100932E-1,-4.985573786E-1,1.439955768E2,1.115659430E2,3.196047754E1,-7.073746893E1
2.708677258E1,3.069708918E-1,7.382337672E-1,-3.339714379E-1,-4.992421806E-1,1.442464463E2,1.116991795E2,3.214581931E1,-7.080068978E1
2.709674158E1,3.047820796E-1,7.387091204E-1,-3.338190982E-1,-4.999815627E-1,1.445098924E2,1.118400614E2,3.235732149E1,-7.084567230E1
2.710671058E1,3.024957500E-1,7.392387588E-1,-3.336107874E-1,-5.007258234E-1,1.447848690E2,1.119913693E2,3.258023804E1,-7.088354583E1
2.711667858E1,3.000926842E-1,7.397659526E-1,-3.335506649E-1,-5.014326471E-1,1.450736599E2,1.121569716E2,3.279898852E1,-7.093123569E1
2.712664758E1,2.976844449E-1,7.403126183E-1,-3.336075420E-1,-5.020231771E-1,1.453628431E2,1.123359662E2,3.300338851E1,-7.097662225E1
2.713661683E1,2.953528180E-1,7.408711484E-1,-3.337133306E-1,-5.025058218E-1,1.456426098E2,1.125197907E2,3.319278062E1,-7.101445717E1
2.714658483E1,2.930356054E-1,7.413383251E-1,-3.339064264E-1,-5.030447746E-1,1.459204380E2,1.126923848E2,3.337797645E1,-7.106992617E1
2.715655383E1,2.907561352E-1,7.418015400E-1,-3.339407129E-1,-5.036616359E-1,1.461935397E2,1.128531405E2,3.357604984E1,-7.111857228E1
2.716652183E1,2.883285083E-1,7.422831732E-1,-3.339022117E-1,-5.043725373E-1,1.464841746E2,1.130180276E2,3.379529959E1,-7.116920242E1
2.717649083E1,2.857871693E-1,7.428995919E-1,-3.337191469E-1,-5.050320196E-1,1.467881856E2,1.132045426E2,3.403027322E1,-7.119464759E1
2.718645983E1,2.831307588E-1,7.436412078E-1,-3.335367353E-1,-5.055571482E-1,1.471057052E2,1.134213368E2,3.426610438E1,-7.120000839E1
2.719642783E1,2.803751451E-1,7.444741139E-1,-3.334896152E-1,-5.058980846E-1,1.474348084E2,1.136708206E2,3.448925389E1,-7.119399728E1
2.720639683E1,2.776933201E-1,7.454144311E-1,-3.334604285E-1,-5.060116493E-1,1.477548341E2,1.139429736E2,3.469287659E1,-7.116016331E1
2.721636483E1,2.750680877E-1,7.463051626E-1,-3.335015638E-1,-5.061055420E-1,1.480678564E2,1.142102178E2,3.488611366E1,-7.113237817E1
2.722633383E1,2.723758103E-1,7.470140937E-1,-3.336059826E-1,-5.064467839E-1,1.483886191E2,1.144490762E2,3.509356573E1,-7.114413972E1
2.723630283E1,2.695570817E-1,7.476932691E-1,-3.334812069E-1,-5.070344269E-1,1.487241753E2,1.146723121E2,3.534005334E1,-7.116067959E1
2.724627083E1,2.663649110E-1,7.484075106E-1,-3.332364812E-1,-5.078281047E-1,1.491038564E2,1.149093239E2,3.563360189E1,-7.118482948E1
2.725623983E1,2.629299640E-1,7.492983686E-1,-3.327625399E-1,-5.086147967E-1,1.495120257E2,1.151781766E2,3.596011899E1,-7.117682467E1
2.726620783E1,2.592821437E-1,7.503098086E-1,-3.323049094E-1,-5.092948888E-1,1.499450573E2,1.154840505E2,3.629454479E1,-7.115169530E1
2.727617683E1,2.554983261E-1,7.513592652E-1,-3.320562430E-1,-5.098221880E-1,1.503937694E2,1.158208045E2,3.661532758E1,-7.112677966E1
2.728614583E1,2.517233171E-1,7.522834191E-1,-3.320000612E-1,-5.103733002E-1,1.508409746E2,1.161482156E2,3.692337543E1,-7.112744272E1
2.729611383E1,2.479116615E-1,7.530518405E-1,-3.320311656E-1,-5.110850551E-1,1.512920612E2,1.164541448E2,3.723735419E1,-7.115988618E1
2.730608283E1,2.437863912E-1,7.537735210E-1,-3.321516635E-1,-5.119267488E-1,1.517797509E2,1.167720595E2,3.757544393E1,-7.121523328E1
2.731605083E1,2.393957222E-1,7.545408043E-1,-3.322455245E-1,-5.128067539E-1,1.522982437E2,1.171125732E2,3.793673021E1,-7.126778551E1
2.732601983E1,2.347760799E-1,7.552163551E-1,-3.324537931E-1,-5.138121354E-1,1.528431524E2,1.174552535E2,3.831425479E1,-7.134755358E1
2.733598883E1,2.302443981E-1,7.558795779E-1,-3.325186993E-1,-5.148445330E-1,1.533770782E2,1.177872963E2,3.869685382E1,-7.141577365E1
2.734595683E1,2.258697132E-1,7.565662344E-1,-3.324559848E-1,-5.158133310E-1,1.538919486E2,1.181143954E2,3.907302869E1,-7.146248890E1
2.735592583E1,2.216450606E-1,7.573506715E-1,-3.322695271E-1,-5.166143107E-1,1.543886526E2,1.184530226E2,3.943664397E1,-7.147260677E1
2.736589483E1,2.175282408E-1,7.583209762E-1,-3.318289240E-1,-5.172237542E-1,1.548722079E2,1.188158671E2,3.979770464E1,-7.142526196E1
2.737586283E1,2.131822369E-1,7.593337229E-1,-3.313635806E-1,-5.178454096E-1,1.553821901E2,1.192024304E2,4.017717086E1,-7.137098070E1
2.738583183E1,2.086466038E-1,7.604204794E-1,-3.307271211E-1,-5.185045442E-1,1.559138969E2,1.196095243E2,4.058329111E1,-7.129584994E1
2.739579983E1,2.038931558E-1,7.614812945E-1,-3.301836164E-1,-5.191845836E-1,1.564705738E2,1.200344663E2,4.099964391E1,-7.122935205E1
2.740576883E1,1.990706607E-1,7.624825561E-1,-3.298009862E-1,-5.198293988E-1,1.570347619E2,1.204674057E2,4.140782451E1,-7.117486654E1
2.741573783E1,1.944510605E-1,7.634820264E-1,-3.293724371E-1,-5.203823338E-1,1.575746843E2,1.208945993E2,4.179838661E1,-7.110379289E1
2.742570583E1,1.900495492E-1,7.645409660E-1,-3.288527243E-1,-5.207823390E-1,1.580886483E2,1.213257189E2,4.216919820E1,-7.100136219E1
2.743567483E1,1.858659371E-1,7.657924745E-1,-3.280741877E-1,-5.209442988E-1,1.585767548E2,1.217804193E2,4.252523117E1,-7.083286807E1
2.744564283E1,1.817261894E-1,7.672413146E-1,-3.270784262E-1,-5.208992438E-1,1.590593568E2,1.222722914E2,4.287752046E1,-7.060361384E1
2.745561183E1,1.773549395E-1,7.687500242E-1,-3.260278528E-1,-5.208401013E-1,1.595685395E2,1.227961060E2,4.324712025E1,-7.035673111E1
2.746558083E1,1.725914500E-1,7.701869578E-1,-3.249111510E-1,-5.210153163E-1,1.601229485E2,1.233317004E2,4.366214734E1,-7.012416906E1
2.747554883E1,1.672524558E-1,7.714569056E-1,-3.239533428E-1,-5.214739583E-1,1.607437814E2,1.238827543E2,4.412494541E1,-6.993812698E1
2.748551783E1,1.615840840E-1,7.727187401E-1,-3.231002484E-1,-5.219220214E-1,1.614022918E2,1.244703464E2,4.460234050E1,-6.975233117E1
2.749548583E1,1.559181567E-1,7.739469836E-1,-3.224226957E-1,-5.222442762E-1,1.620598996E2,1.250732579E2,4.505909039E1,-6.956661312E1
2.750545483E1,1.505642004E-1,7.751151678E-1,-3.218776105E-1,-5.224191435E-1,1.626807516E2,1.256623529E2,4.547491519E1,-6.938017121E1
2.751542383E1,1.455994492E-1,7.762915495E-1,-3.214046596E-1,-5.223707800E-1,1.632560130E2,1.262434257E2,4.584281407E1,-6.917556000E1
2.752539183E1,1.408830904E-1,7.775360406E-1,-3.209216778E-1,-5.221100174E-1,1.638020998E2,1.268340768E2,4.617795241E1,-6.893977022E1
2.753536083E1,1.360585407E-1,7.787723341E-1,-3.205254553E-1,-5.217903336E-1,1.643603308E2,1.274451544E2,4.650973361E1,-6.870038576E1
2.754532983E1,1.309983479E-1,7.799390432E-1,-3.201354284E-1,-5.215820860E-1,1.649454264E2,1.280674111E2,4.686376728E1,-6.846928470E1
2.755529783E1,1.256321901E-1,7.809415481E-1,-3.196859744E-1,-5.216778647E-1,1.655654692E2,1.286810669E2,4.726280032E1,-6.826524545E1
2.756526683E1,1.199188054E-1,7.817651397E-1,-3.191754496E-1,-5.221012720E-1,1.662251667E2,1.292871837E2,4.771190090E1,-6.809022857E1
2.757523483E1,1.141159219E-1,7.826222801E-1,-3.183018719E-1,-5.226508037E-1,1.668947292E2,1.299052866E2,4.819602055E1,-6.787634753E1
2.758520383E1,1.084742080E-1,7.835723544E-1,-3.170502791E-1,-5.231890400E-1,1.675452644E2,1.305315920E2,4.868830318E1,-6.760570736E1
2.759517283E1,1.032373357E-1,7.846017911E-1,-3.155733270E-1,-5.235985809E-1,1.681487572E2,1.311505597E2,4.915440805E1,-6.728815744E1
2.760514083E1,9.858773747E-2,7.857258476E-1,-3.140074873E-1,-5.237506889E-1,1.686842962E2,1.317552559E2,4.956430043E1,-6.692867788E1
2.761510983E1,9.438251459E-2,7.868701978E-1,-3.127088797E-1,-5.235842299E-1,1.691684384E2,1.323515375E2,4.990318024E1,-6.656607841E1
2.762507783E1,9.050460413E-2,7.881033724E-1,-3.116324070E-1,-5.230556874E-1,1.696147255E2,1.329616836E2,5.017781074E1,-6.618409319E1
2.763504683E1,8.656507498E-2,7.893127551E-1,-3.108431441E-1,-5.223679983E-1,1.700679423E2,1.335927164E2,5.042642364E1,-6.581307581E1
2.764501583E1,8.218032760E-2,7.903339311E-1,-3.103006720E-1,-5.218545654E-1,1.705721958E2,1.342365005E2,5.070337508E1,-6.548779724E1
2.765498383E1,7.735010910E-2,7.912821931E-1,-3.096888262E-1,-5.215192240E-1,1.711274679E2,1.349124282E2,5.102575984E1,-6.516006619E1
2.766495283E1,7.232538289E-2,7.923386671E-1,-3.089072340E-1,-5.210996732E-1,1.717048790E2,1.356419149E2,5.136059102E1,-6.477981341E1
2.767492083E1,6.751094839E-2,7.936273491E-1,-3.078588733E-1,-5.204045452E-1,1.722579265E2,1.364153109E2,5.166954944E1,-6.431533996E1
2.768488983E1,6.315998170E-2,7.951432448E-1,-3.065112278E-1,-5.194313113E-1,1.727575786E2,1.372044329E2,5.193632970E1,-6.377106086E1
2.769485883E1,5.915512493E-2,7.966812887E-1,-3.051831595E-1,-5.183270849E-1,1.732173623E2,1.379769028E2,5.216464717E1,-6.321729926E1
2.770482683E1,5.537826155E-2,7.981326575E-1,-3.039034969E-1,-5.172623291E-1,1.736508706E2,1.387158136E2,5.237549537E1,-6.268242170E1
2.771479583E1,5.154521641E-2,7.993659165E-1,-3.028434615E-1,-5.163748429E-1,1.740907346E2,1.394214269E2,5.259151224E1,-6.220438168E1
2.772476383E1,4.749361879E-2,8.003466526E-1,-3.020155499E-1,-5.157286685E-1,1.745555841E2,1.401027386E2,5.282899744E1,-6.178838551E1
2.773473283E1,4.322072914E-2,8.010983416E-1,-3.012770950E-1,-5.153693244E-1,1.750457260E2,1.407631600E2,5.309957367E1,-6.141803894E1
2.774470183E1,3.852955309E-2,8.014755138E-1,-3.009086893E-1,-5.153701042E-1,1.755837453E2,1.413953435E2,5.341036137E1,-6.114166132E1
2.775466983E1,3.359565334E-2,8.015735684E-1,-3.008204971E-1,-5.156144084E-1,1.761494972E2,1.420019942E2,5.374502330E1,-6.093450851E1
2.776463883E1,2.857512075E-2,8.015357627E-1,-3.011115211E-1,-5.158060501E-1,1.767250866E2,1.426031767E2,5.406325251E1,-6.077415808E1
2.777460783E1,2.367649791E-2,8.014330087E-1,-3.018218640E-1,-5.157984847E-1,1.772866196E2,1.431912835E2,5.433734411E1,-6.065544784E1
2.778457583E1,1.912240449E-2,8.013512648E-1,-3.026690789E-1,-5.156180541E-1,1.778086003E2,1.437537661E2,5.456826699E1,-6.054712460E1
2.779454483E1,1.494244864E-2,8.013486517E-1,-3.035332579E-1,-5.152520930E-1,1.782876578E2,1.442976931E2,5.475799483E1,-6.042903159E1
2.780451283E1,1.120235838E-2,8.015212642E-1,-3.041420481E-1,-5.147189986E-1,1.787162774E2,1.448333016E2,5.491519966E1,-6.026094887E1
2.781448183E1,7.779064903E-3,8.018655618E-1,-3.043595679E-1,-5.141170994E-1,1.791085758E2,1.453722119E2,5.506180929E1,-6.002870431E1
2.782445083E1,4.449927486E-3,8.023164909E-1,-3.042935238E-1,-5.134919774E-1,1.794900742E2,1.459280829E2,5.521092282E1,-5.974639225E1
2.783441883E1,1.320819012E-3,8.029328043E-1,-3.039225051E-1,-5.127653657E-1,1.798486452E2,1.465019716E2,5.534888091E1,-5.940282777E1
2.784438783E1,1.517518354E-3,-8.036545058E-1,3.034972645E-1,5.118854238E-1,1.798261051E2,1.470684714E2,5.545480801E1,-5.903890611E1
2.785435583E1,4.056044113E-3,-8.043382120E-1,3.031920370E-1,5.109776860E-1,1.795352103E2,1.475896279E2,5.553350609E1,-5.870659505E1
2.786432483E1,6.385352917E-3,-8.048707796E-1,3.029469952E-1,5.102601149E-1,1.792682875E2,1.480468847E2,5.561443002E1,-5.842505695E1
2.787429383E1,8.800009088E-3,-8.051272642E-1,3.028287523E-1,5.098897073E-1,1.789915802E2,1.484493908E2,5.572885622E1,-5.821432333E1
2.788426183E1,1.129042422E-2,-8.052578984E-1,3.026158474E-1,5.097607379E-1,1.787061852E2,1.488330680E2,5.587453150E1,-5.801845127E1
2.789423083E1,1.388483670E-2,-8.052867268E-1,3.024074734E-1,5.097746253E-1,1.784088638E2,1.492092986E2,5.603994614E1,-5.783798212E1
2.790419883E1,1.633443261E-2,-8.052980854E-1,3.020704040E-1,5.098839332E-1,1.781281287E2,1.495635024E2,5.621039758E1,-5.765532796E1
2.791416783E1,1.848807335E-2,-8.052955987E-1,3.016069151E-1,5.100886615E-1,1.778813021E2,1.498743412E2,5.637674563E1,-5.747951044E1
2.792413683E1,2.041608093E-2,-8.052214835E-1,3.012067940E-1,5.103684744E-1,1.776603269E2,1.501370627E2,5.653452404E1,-5.733828172E1
2.793410483E1,2.212907637E-2,-8.051682731E-1,3.006848685E-1,5.106888537E-1,1.774639876E2,1.503756644E2,5.668761668E1,-5.719219350E1
2.794407383E1,2.374719925E-2,-8.051585161E-1,3.001142634E-1,5.109669597E-1,1.772785156E2,1.506135834E2,5.683226649E1,-5.703485759E1
2.795404283E1,2.532650489E-2,-8.051258523E-1,2.996443682E-1,5.112182603E-1,1.770974860E2,1.508420401E2,5.696817982E1,-5.689302598E1
2.796401083E1,2.676807462E-2,-8.050366274E-1,2.993558730E-1,5.114543458E-1,1.769322382E2,1.510369872E2,5.708791987E1,-5.678969633E1
2.797397983E1,2.800293513E-2,-8.048916212E-1,2.993165289E-1,5.116396234E-1,1.767906805E2,1.511872852E2,5.718157662E1,-5.673662781E1
2.798394783E1,2.919628100E-2,-8.046024095E-1,2.996908772E-1,5.118083794E-1,1.766538771E2,1.512944465E2,5.725690778E1,-5.676036704E1
2.799391683E1,3.036699401E-2,-8.042133520E-1,3.003331531E-1,5.119754495E-1,1.765196638E2,1.513725420E2,5.732170897E1,-5.683536893E1
2.800388583E1,3.146719535E-2,-8.037786915E-1,3.011775652E-1,5.120953994E-1,1.763935297E2,1.514282087E2,5.737074221E1,-5.694538824E1
2.801385383E1,3.236351130E-2,-8.033883274E-1,3.020371923E-1,5.121458281E-1,1.762907671E2,1.514642762E2,5.740016288E1,-5.706007616E1
2.802382283E1,3.296825536E-2,-8.030997058E-1,3.028089854E-1,5.121041238E-1,1.762214315E2,1.514821046E2,5.740586150E1,-5.716173597E1
2.803379083E1,3.313500936E-2,-8.030195636E-1,3.033937940E-1,5.118727587E-1,1.762023125E2,1.514867105E2,5.737248750E1,-5.722510323E1
2.804375983E1,3.284383786E-2,-8.031702385E-1,3.037120448E-1,5.114663577E-1,1.762356964E2,1.514807636E2,5.730301947E1,-5.723863745E1
2.805372883E1,3.229519126E-2,-8.034056076E-1,3.036734172E-1,5.111544078E-1,1.762986001E2,1.514573486E2,5.723983429E1,-5.721559749E1
2.806369683E1,3.184556868E-2,-8.034764775E-1,3.035832441E-1,5.111248207E-1,1.763501495E2,1.514068340E2,5.721295890E1,-5.722108121E1
2.807366583E1,3.150668694E-2,-8.033840706E-1,3.034693001E-1,5.113586725E-1,1.763890020E2,1.513312792E2,5.722019091E1,-5.725662171E1
2.808363383E1,3.125431161E-2,-8.031558454E-1,3.034813962E-1,5.117253501E-1,1.764179364E2,1.512339467E2,5.724169780E1,-5.733140124E1
2.809360283E1,3.098528828E-2,-8.028646528E-1,3.035975108E-1,5.121297912E-1,1.764487791E2,1.511177930E2,5.726238468E1,-5.743270575E1
2.810357183E1,3.069915333E-2,-8.025183743E-1,3.038149885E-1,5.125604899E-1,1.764815834E2,1.509848106E2,5.728105965E1,-5.755829334E1
2.811353983E1,3.037873191E-2,-8.021447214E-1,3.040735805E-1,5.130109765E-1,1.765183181E2,1.508395058E2,5.729809647E1,-5.769694491E1
2.812350883E1,3.008273459E-2,-8.017105035E-1,3.044197115E-1,5.135017344E-1,1.765522524E2,1.506822594E2,5.731742287E1,-5.785712701E1
2.813347683E1,2.999055944E-2,-8.010770785E-1,3.050828922E-1,5.141017369E-1,1.765628197E2,1.505045448E2,5.734867656E1,-5.808226024E1
2.814344567E1,3.017863975E-2,-8.001547790E-1,3.062037033E-1,5.148601484E-1,1.765412575E2,1.502947391E2,5.739626130E1,-5.840256343E1
2.815341467E1,3.041502035E-2,-7.990923834E-1,3.076765249E-1,5.156175062E-1,1.765141578E2,1.500565769E2,5.743358037E1,-5.878686859E1
2.816338267E1,3.042136345E-2,-7.980522624E-1,3.093459827E-1,5.162289094E-1,1.765134306E2,1.497909215E2,5.743450983E1,-5.919856014E1
2.817335167E1,2.992462069E-2,-7.972548019E-1,3.108023670E-1,5.166151853E-1,1.765703791E2,1.495140024E2,5.738902290E1,-5.956260110E1
2.818332067E1,2.868689419E-2,-7.968731833E-1,3.115354061E-1,5.168325366E-1,1.767122730E2,1.492336048E2,5.730669930E1,-5.980521770E1
2.819328867E1,2.679053889E-2,-7.968854691E-1,3.115427607E-1,5.169108033E-1,1.769296630E2,1.489565078E2,5.719615120E1,-5.992591713E1
2.820325767E1,2.435529398E-2,-7.972493860E-1,3.108903064E-1,5.168632195E-1,1.772088129E2,1.486901647E2,5.706431679E1,-5.993298475E1
2.821322567E1,2.167724108E-2,-7.977106201E-1,3.098884969E-1,5.168723232E-1,1.775157766E2,1.484136447E2,5.693625845E1,-5.989828148E1
2.822319467E1,1.898871469E-2,-7.980590691E-1,3.087593196E-1,5.171158266E-1,1.778239228E2,1.481072202E2,5.683554369E1,-5.987949091E1
2.823316367E1,1.645061040E-2,-7.981667543E-1,3.076299105E-1,5.177094018E-1,1.781148139E2,1.477611864E2,5.677844579E1,-5.991027911E1
2.824313167E1,1.422816493E-2,-7.979844903E-1,3.068905916E-1,5.184945133E-1,1.783695174E2,1.473891805E2,5.674456478E1,-6.002691574E1
2.825310067E1,1.212080143E-2,-7.976706859E-1,3.065165594E-1,5.192517025E-1,1.786110245E2,1.470040039E2,5.670071118E1,-6.019933410E1
2.826306867E1,1.014967762E-2,-7.972133083E-1,3.064598297E-1,5.200292697E-1,1.788369126E2,1.466050085E2,5.665432705E1,-6.042524227E1
2.827303767E1,8.371754960E-3,-7.966612689E-1,3.065871975E-1,5.208312399E-1,1.790406563E2,1.462116050E2,5.661432825E1,-6.067794678E1
2.828300667E1,6.627381194E-3,-7.962149759E-1,3.066120220E-1,5.215236283E-1,1.792405525E2,1.458514593E2,5.656941740E1,-6.089174159E1
2.829297467E1,4.927872748E-3,-7.958248015E-1,3.067145020E-1,5.220775011E-1,1.794353051E2,1.455150893E2,5.651054067E1,-6.109344647E1
2.830294367E1,3.056426234E-3,-7.954417499E-1,3.066942926E-1,5.226870710E-1,1.796497588E2,1.451571799E2,5.645053547E1,-6.129114777E1
2.831291267E1,1.000629404E-3,-7.949819910E-1,3.066235913E-1,5.234354305E-1,1.798853363E2,1.447549050E2,5.639336122E1,-6.151260947E1
2.832288067E1,1.254901341E-3,7.944773457E-1,-3.066001366E-1,-5.242142199E-1,1.798561989E2,1.443167760E2,5.632365657E1,-6.175757356E1
2.833284967E1,3.919361884E-3,7.940823665E-1,-3.064809242E-1,-5.248688237E-1,1.795508731E2,1.438553239E2,5.621970461E1,-6.198441471E1
2.834281767E1,7.060397916E-3,7.938390738E-1,-3.063555162E-1,-5.252770581E-1,1.791909313E2,1.433762912E2,5.606228026E1,-6.219060745E1
2.835278667E1,1.072715266E-2,7.937891298E-1,-3.062252403E-1,-5.253665148E-1,1.787707353E2,1.428869467E2,5.584181904E1,-6.236534384E1
2.836275567E1,1.491682336E-2,7.939839957E-1,-3.059722960E-1,-5.251171108E-1,1.782905946E2,1.424017716E2,5.556223078E1,-6.248377354E1
2.837272367E1,1.934420228E-2,7.943091587E-1,-3.056190633E-1,-5.246863911E-1,1.777831794E2,1.419281309E2,5.525558523E1,-6.256298829E1
2.838269267E1,2.384725587E-2,7.946863519E-1,-3.049996100E-1,-5.242901685E-1,1.772670467E2,1.414619934E2,5.495942744E1,-6.260410656E1
2.839266067E1,2.819459793E-2,7.949871750E-1,-3.043563016E-1,-5.239920850E-1,1.767687089E2,1.410020205E2,5.468354187E1,-6.264897054E1
2.840262967E1,3.249220670E-2,7.951539290E-1,-3.038247244E-1,-5.237987363E-1,1.762760119E2,1.405227201E2,5.441541770E1,-6.272651150E1
2.841259867E1,3.682998142E-2,7.950918889E-1,-3.035012052E-1,-5.237934890E-1,1.757786403E2,1.399912351E2,5.415185718E1,-6.287033847E1
2.842256667E1,4.135697442E-2,7.949078968E-1,-3.030892409E-1,-5.239731610E-1,1.752594878E2,1.394124291E2,5.389622856E1,-6.303661512E1
2.843253567E1,4.591618869E-2,7.946491151E-1,-3.026310203E-1,-5.242508877E-1,1.747365418E2,1.388183403E2,5.364887245E1,-6.321068545E1
2.844250367E1,5.055820044E-2,7.944809914E-1,-3.019221525E-1,-5.244871208E-1,1.742039860E2,1.382413140E2,5.340416495E1,-6.333832788E1
2.845247267E1,5.510820561E-2,7.944401511E-1,-3.010556554E-1,-5.245889054E-1,1.736818641E2,1.377119080E2,5.316140724E1,-6.341237591E1
2.846244167E1,5.937508934E-2,7.944032094E-1,-3.002945044E-1,-5.246154790E-1,1.731921119E2,1.372245253E2,5.292550964E1,-6.347748558E1
2.847240967E1,6.348223650E-2,7.943057869E-1,-2.996695299E-1,-5.246393973E-1,1.727205766E2,1.367490630E2,5.269313190E1,-6.355596052E1
2.848237867E1,6.747430170E-2,7.940401353E-1,-2.993258223E-1,-5.247395382E-1,1.722621355E2,1.362568448E2,5.246063519E1,-6.368543796E1
2.849234767E1,7.159074225E-2,7.937234861E-1,-2.989487345E-1,-5.248881059E-1,1.717892814E2,1.357446791E2,5.222553713E1,-6.382108868E1
2.850231567E1,7.596158117E-2,7.934806570E-1,-2.984320773E-1,-5.249349310E-1,1.712870511E2,1.352290992E2,5.197226901E1,-6.392673624E1
2.851228467E1,8.077685861E-2,7.935037535E-1,-2.976986379E-1,-5.245973769E-1,1.707335580E2,1.347392255E2,5.166943704E1,-6.395173094E1
2.852225267E1,8.613110996E-2,7.938273780E-1,-2.967914480E-1,-5.237694442E-1,1.701178575E2,1.342772865E2,5.130079617E1,-6.389012037E1
2.853222167E1,9.187231151E-2,7.941887030E-1,-2.959145828E-1,-5.227411454E-1,1.694573420E2,1.337989489E2,5.089010804E1,-6.381555612E1
2.854219067E1,9.774762434E-2,7.943449203E-1,-2.952312770E-1,-5.218238193E-1,1.687810333E2,1.332735997E2,5.047076161E1,-6.379290737E1
2.855215867E1,1.036339164E-1,7.942709315E-1,-2.946685113E-1,-5.211182178E-1,1.681030673E2,1.327053494E2,5.006228946E1,-6.382129553E1
2.856212767E1,1.092611740E-1,7.939496460E-1,-2.943307886E-1,-5.206488916E-1,1.674545455E2,1.321181672E2,4.967802013E1,-6.390873359E1
2.857209567E1,1.146052258E-1,7.934706260E-1,-2.940743461E-1,-5.203751899E-1,1.668382888E2,1.315307417E2,4.932334262E1,-6.402599782E1
2.858206467E1,1.196844057E-1,7.928895685E-1,-2.939840043E-1,-5.201685650E-1,1.662522218E2,1.309572755E2,4.898186211E1,-6.416559071E1
2.859203367E1,1.247084365E-1,7.923108501E-1,-2.940305766E-1,-5.198436128E-1,1.656721627E2,1.304043461E2,4.862671051E1,-6.430143935E1
2.860200167E1,1.298625746E-1,7.917569984E-1,-2.941159239E-1,-5.193769208E-1,1.650766978E2,1.298588220E2,4.824947912E1,-6.442232696E1
2.861197067E1,1.349808457E-1,7.910749570E-1,-2.944339851E-1,-5.189307964E-1,1.644849754E2,1.293045860E2,4.786280140E1,-6.457514924E1
2.862193867E1,1.401132993E-1,7.903283888E-1,-2.946650974E-1,-5.185766996E-1,1.638911951E2,1.287409658E2,4.748655451E1,-6.472732039E1
2.863190767E1,1.452050179E-1,7.895650672E-1,-2.947213634E-1,-5.183066648E-1,1.633016970E2,1.281797229E2,4.712868696E1,-6.486379385E1
2.864187667E1,1.503002769E-1,7.888363482E-1,-2.945871678E-1,-5.180400859E-1,1.627113431E2,1.276285252E2,4.678125524E1,-6.497204074E1
2.865184467E1,1.556884143E-1,7.881910589E-1,-2.941125311E-1,-5.177005509E-1,1.620865516E2,1.270715961E2,4.642843866E1,-6.502989553E1
2.866181367E1,1.613563857E-1,7.874589049E-1,-2.936182118E-1,-5.173594354E-1,1.614287311E2,1.264837999E2,4.605813327E1,-6.509211861E1
2.867178167E1,1.672888075E-1,7.866232804E-1,-2.931226702E-1,-5.170273604E-1,1.607395563E2,1.258646350E2,4.567100741E1,-6.516205465E1
2.868175067E1,1.731278635E-1,7.856193636E-1,-2.929592880E-1,-5.167241243E-1,1.600605406E2,1.252386349E2,4.527220181E1,-6.527557652E1
2.869171967E1,1.785110592E-1,7.844096015E-1,-2.934464845E-1,-5.164538050E-1,1.594339096E2,1.246350715E2,4.486637608E1,-6.546323450E1
2.870168767E1,1.835284729E-1,7.831242912E-1,-2.943612397E-1,-5.161250174E-1,1.588492975E2,1.240681226E2,4.445370582E1,-6.568351876E1
2.871165667E1,1.882700987E-1,7.817950639E-1,-2.955175806E-1,-5.157715529E-1,1.582963074E2,1.235302851E2,4.404164712E1,-6.591955767E1
2.872162567E1,1.929893657E-1,7.805722995E-1,-2.964024115E-1,-5.153714529E-1,1.577454164E2,1.230156137E2,4.364311869E1,-6.610918755E1
2.873159367E1,1.977453425E-1,7.795450123E-1,-2.968314664E-1,-5.148762695E-1,1.571897127E2,1.225304828E2,4.326269637E1,-6.622428532E1
2.874156267E1,2.026117967E-1,7.786825192E-1,-2.968029752E-1,-5.143053378E-1,1.566205370E2,1.220620845E2,4.289755309E1,-6.627092511E1
2.875153067E1,2.078334119E-1,7.779835347E-1,-2.961146539E-1,-5.136759589E-1,1.560091704E2,1.215857562E2,4.254568307E1,-6.623408687E1
2.876149967E1,2.133107426E-1,7.773158233E-1,-2.950137150E-1,-5.130745128E-1,1.553671177E2,1.210896007E2,4.220480286E1,-6.615624845E1
2.877146867E1,2.190559165E-1,7.766694171E-1,-2.935563191E-1,-5.124684728E-1,1.546928230E2,1.205741339E2,4.186876429E1,-6.604087177E1
2.878143667E1,2.250439090E-1,7.761131208E-1,-2.917763313E-1,-5.117325677E-1,1.539890796E2,1.200583635E2,4.152905389E1,-6.587413040E1
2.879140567E1,2.310001859E-1,7.755599013E-1,-2.899808755E-1,-5.109371724E-1,1.532880720E2,1.195523914E2,4.118964709E1,-6.569748525E1
2.880137367E1,2.367164260E-1,7.749000502E-1,-2.883876404E-1,-5.102231732E-1,1.526143563E2,1.190526841E2,4.085990705E1,-6.555222458E1
2.881134267E1,2.419623704E-1,7.740093187E-1,-2.873057308E-1,-5.097245654E-1,1.519952199E2,1.185577179E2,4.054377149E1,-6.548813228E1
2.882131167E1,2.467726956E-1,7.728406709E-1,-2.868411882E-1,-5.094533715E-1,1.514267625E2,1.180603294E2,4.023194395E1,-6.551921602E1
2.883127967E1,2.513911894E-1,7.714984413E-1,-2.868804901E-1,-5.092075289E-1,1.508802982E2,1.175665188E2,3.990131021E1,-6.560809800E1
2.884124867E1,2.559109859E-1,7.700405818E-1,-2.873725967E-1,-5.088852215E-1,1.503448559E2,1.170827038E2,3.954179607E1,-6.573569786E1
2.885121667E1,2.602843009E-1,7.684763015E-1,-2.882272927E-1,-5.085483101E-1,1.498261356E2,1.166087933E2,3.916623944E1,-6.589823513E1
2.886118567E1,2.644172525E-1,7.668321951E-1,-2.892853050E-1,-5.082970833E-1,1.493353425E2,1.161461012E2,3.879774109E1,-6.608842489E1
2.887115467E1,2.682599176E-1,7.651438345E-1,-2.904288755E-1,-5.081759005E-1,1.488785040E2,1.156974324E2,3.845022070E1,-6.629746638E1
2.888112267E1,2.716664156E-1,7.634251071E-1,-2.917499895E-1,-5.081942555E-1,1.484730952E2,1.152756347E2,3.812791184E1,-6.653403855E1
2.889109167E1,2.748083473E-1,7.617366411E-1,-2.931589376E-1,-5.082277517E-1,1.480988135E2,1.148811625E2,3.781735426E1,-6.677452778E1
2.890105967E1,2.778358502E-1,7.599947330E-1,-2.948765692E-1,-5.081957938E-1,1.477378323E2,1.145030212E2,3.748817565E1,-6.703664489E1
2.891102867E1,2.811106603E-1,7.583039489E-1,-2.967753058E-1,-5.078152078E-1,1.473469929E2,1.141434938E2,3.710683648E1,-6.727417386E1
2.892099767E1,2.847688171E-1,7.565938405E-1,-2.988520074E-1,-5.071095220E-1,1.469099397E2,1.137840869E2,3.666565413E1,-6.749292634E1
2.893096567E1,2.888180861E-1,7.548293838E-1,-3.009059287E-1,-5.062334893E-1,1.464255804E2,1.134068579E2,3.618722133E1,-6.769152015E1
2.894093467E1,2.929637766E-1,7.530336752E-1,-3.029352152E-1,-5.053146458E-1,1.459290468E2,1.130269926E2,3.569990044E1,-6.788105448E1
2.895090367E1,2.968822218E-1,7.513019244E-1,-3.049780940E-1,-5.043757299E-1,1.454591240E2,1.126763641E2,3.522520738E1,-6.806246423E1
2.896087167E1,3.003932650E-1,7.497201953E-1,-3.070041352E-1,-5.034202187E-1,1.450375499E2,1.123748350E2,3.477844877E1,-6.822967289E1
2.897084067E1,3.035115101E-1,7.483066532E-1,-3.088845800E-1,-5.025018705E-1,1.446627296E2,1.121157553E2,3.437111326E1,-6.837647690E1
2.898080867E1,3.062531310E-1,7.469352791E-1,-3.106322413E-1,-5.018010000E-1,1.443328577E2,1.118725131E2,3.401165596E1,-6.852932900E1
2.899077767E1,3.088631589E-1,7.455708381E-1,-3.120074718E-1,-5.013772135E-1,1.440185349E2,1.116146138E2,3.370308568E1,-6.867435307E1
2.900074667E1,3.114950294E-1,7.441663786E-1,-3.129628988E-1,-5.012400149E-1,1.437012980E2,1.113245453E2,3.343833285E1,-6.881052569E1
2.901071467E1,3.142040075E-1,7.427727931E-1,-3.135630277E-1,-5.012411634E-1,1.433744657E2,1.110145735E2,3.320053783E1,-6.892639033E1
2.902068367E1,3.169789034E-1,7.414577693E-1,-3.139811666E-1,-5.011792603E-1,1.430393604E2,1.107093249E2,3.296698605E1,-6.901424429E1
2.903065167E1,3.196228700E-1,7.401769265E-1,-3.146024112E-1,-5.010036660E-1,1.427197616E2,1.104302516E2,3.272139106E1,-6.910624035E1
2.904062067E1,3.220390013E-1,7.389075267E-1,-3.156318269E-1,-5.006826545E-1,1.424274401E2,1.101888371E2,3.245417178E1,-6.921887193E1
2.905058967E1,3.241692400E-1,7.376002368E-1,-3.171476593E-1,-5.002774863E-1,1.421694975E2,1.099822698E2,3.216711763E1,-6.936774342E1
2.906055767E1,3.260348808E-1,7.361394692E-1,-3.191646811E-1,-4.999338525E-1,1.419434306E2,1.097890755E2,3.186532485E1,-6.957402306E1
2.907052667E1,3.279304985E-1,7.346320239E-1,-3.212146406E-1,-4.995983425E-1,1.417135736E2,1.095918584E2,3.155855889E1,-6.978461336E1
2.908049567E1,3.298465417E-1,7.331966919E-1,-3.230976564E-1,-4.992311118E-1,1.414810771E2,1.094000627E2,3.126009716E1,-6.997242094E1
2.909046367E1,3.318201574E-1,7.319794910E-1,-3.245947124E-1,-4.987381148E-1,1.412414221E2,1.092250834E2,3.097860795E1,-7.010216980E1
2.910043267E1,3.338806747E-1,7.310232422E-1,-3.255942039E-1,-4.981136249E-1,1.409910265E2,1.090656528E2,3.072020110E1,-7.016182398E1
2.911040067E1,3.358393125E-1,7.301606859E-1,-3.263814017E-1,-4.975465075E-1,1.407528316E2,1.089131493E2,3.048776693E1,-7.020408925E1
2.912036967E1,3.376441775E-1,7.293587156E-1,-3.270347621E-1,-4.970719656E-1,1.405331811E2,1.087674636E2,3.028123162E1,-7.024127046E1
2.913033867E1,3.392391407E-1,7.286239064E-1,-3.276791242E-1,-4.966391596E-1,1.403389496E2,1.086394676E2,3.009287582E1,-7.027943185E1
2.914030729E1,3.405435383E-1,7.279664156E-1,-3.284123951E-1,-4.962261679E-1,1.401800144E2,1.085394024E2,2.992027884E1,-7.032510344E1
2.915027629E1,3.415817100E-1,7.274034812E-1,-3.291016014E-1,-4.958812276E-1,1.400534606E2,1.084603332E2,2.977407633E1,-7.037062263E1
2.916024429E1,3.422611751E-1,7.268563308E-1,-3.297533603E-1,-4.957819559E-1,1.399706058E2,1.083895633E2,2.966981374E1,-7.043816790E1
2.917021329E1,3.427049340E-1,7.264106700E-1,-3.301266971E-1,-4.958803741E-1,1.399164816E2,1.083232594E2,2.961394623E1,-7.049756862E1
2.918018229E1,3.430394852E-1,7.261225331E-1,-3.301156757E-1,-4.960783062E-1,1.398756710E2,1.082615329E2,2.959999889E1,-7.052680523E1
2.919015029E1,3.432491183E-1,7.258960781E-1,-3.299373523E-1,-4.963832018E-1,1.398500959E2,1.082020643E2,2.961330923E1,-7.054997727E1
2.920011929E1,3.434890024E-1,7.257459510E-1,-3.295359457E-1,-4.967031122E-1,1.398208278E2,1.081404301E2,2.964183464E1,-7.055165171E1
2.921008729E1,3.436370748E-1,7.255889750E-1,-3.291879181E-1,-4.970607176E-1,1.398027601E2,1.080832094E2,2.967510535E1,-7.056260192E1
2.922005629E1,3.437507712E-1,7.255136376E-1,-3.288480249E-1,-4.973171549E-1,1.397888863E2,1.080425964E2,2.970518225E1,-7.056093618E1
2.923002529E1,3.437326217E-1,7.254959148E-1,-3.286566993E-1,-4.974820597E-1,1.397911011E2,1.080260468E2,2.972926968E1,-7.056143696E1
2.923999329E1,3.434394904E-1,7.254638411E-1,-3.287959946E-1,-4.976392253E-1,1.398268689E2,1.080358948E2,2.974861192E1,-7.059224226E1
2.924996229E1,3.430536887E-1,7.254750521E-1,-3.290291510E-1,-4.977348038E-1,1.398739382E2,1.080624430E2,2.976468695E1,-7.062378162E1
2.925993129E1,3.426418349E-1,7.254774334E-1,-3.293201960E-1,-4.978225483E-1,1.399241782E2,1.080920118E2,2.977797164E1,-7.066014639E1
2.926989929E1,3.423315235E-1,7.254705846E-1,-3.295345760E-1,-4.979042552E-1,1.399620262E2,1.081123394E2,2.978915068E1,-7.068905037E1
2.927986829E1,3.422756104E-1,7.255100340E-1,-3.295247136E-1,-4.978916375E-1,1.399688453E2,1.081201906E2,2.979341415E1,-7.068552562E1
2.928983629E1,3.423068623E-1,7.255269138E-1,-3.295383481E-1,-4.978365305E-1,1.399650339E2,1.081236904E2,2.978726861E1,-7.068033868E1
2.929980529E1,3.423186055E-1,7.255396632E-1,-3.296558325E-1,-4.977322328E-1,1.399636017E2,1.081342094E2,2.977229519E1,-7.067965329E1
2.930977429E1,3.422637724E-1,7.255603995E-1,-3.298999470E-1,-4.975779332E-1,1.399702891E2,1.081566216E2,2.975023649E1,-7.068511392E1
2.931974229E1,3.420320333E-1,7.255499681E-1,-3.303880707E-1,-4.974284120E-1,1.399985501E2,1.081942396E2,2.972329097E1,-7.071476484E1
2.932971129E1,3.416567735E-1,7.255674169E-1,-3.310346877E-1,-4.972309804E-1,1.400443083E2,1.082514219E2,2.969274726E1,-7.075318533E1
2.933967929E1,3.413274275E-1,7.257326537E-1,-3.314913699E-1,-4.969115178E-1,1.400844625E2,1.083218860E2,2.966682496E1,-7.075624082E1
2.934964829E1,3.409324589E-1,7.259162664E-1,-3.318403247E-1,-4.966816173E-1,1.401326106E2,1.083894904E2,2.965842590E1,-7.075833812E1
2.935961729E1,3.406438794E-1,7.262110204E-1,-3.316747929E-1,-4.965593493E-1,1.401677849E2,1.084389650E2,2.968608971E1,-7.072052159E1
2.936958529E1,3.403585083E-1,7.266012159E-1,-3.310201681E-1,-4.966210048E-1,1.402025643E2,1.084714549E2,2.975945650E1,-7.065374755E1
2.937955429E1,3.398678611E-1,7.269775451E-1,-3.302171442E-1,-4.969408731E-1,1.402623527E2,1.084953110E2,2.987234943E1,-7.060115554E1
2.938952229E1,3.392336458E-1,7.273414621E-1,-3.294227393E-1,-4.973685688E-1,1.403396190E2,1.085207952E2,3.000072843E1,-7.056124232E1
2.939949129E1,3.384338146E-1,7.276126138E-1,-3.289572063E-1,-4.978249032E-1,1.404370354E2,1.085558970E2,3.011828920E1,-7.055796113E1
2.940946029E1,3.376888901E-1,7.278688245E-1,-3.287654803E-1,-4.980827787E-1,1.405277377E2,1.086065887E2,3.020112742E1,-7.055934230E1
2.941942829E1,3.369262060E-1,7.280157063E-1,-3.290060123E-1,-4.982256513E-1,1.406205756E2,1.086677038E2,3.024712985E1,-7.059215539E1
2.942939729E1,3.362136029E-1,7.281062377E-1,-3.294763712E-1,-4.982641577E-1,1.407072932E2,1.087334532E2,3.026695667E1,-7.063704521E1
2.943936529E1,3.355639197E-1,7.281822285E-1,-3.299166793E-1,-4.982995926E-1,1.407863335E2,1.087930724E2,3.028420229E1,-7.067930357E1
2.944933429E1,3.348494885E-1,7.282352703E-1,-3.302856960E-1,-4.984581912E-1,1.408732286E2,1.088447811E2,3.031792273E1,-7.072889400E1
2.945930329E1,3.341592285E-1,7.283871465E-1,-3.303872067E-1,-4.986320681E-1,1.409571616E2,1.088957714E2,3.037055959E1,-7.075194364E1
2.946927129E1,3.335603481E-1,7.286512175E-1,-3.302303572E-1,-4.987511487E-1,1.410299656E2,1.089477799E2,3.043282094E1,-7.074131688E1
2.947924029E1,3.329646867E-1,7.289026235E-1,-3.301225877E-1,-4.988532705E-1,1.411023619E2,1.090009097E2,3.049030683E1,-7.073382907E1
2.948920929E1,3.324645933E-1,7.291906761E-1,-3.300342269E-1,-4.988241681E-1,1.411631306E2,1.090603711E2,3.053246341E1,-7.071282693E1
2.949917729E1,3.319902200E-1,7.295149751E-1,-3.300309183E-1,-4.986681089E-1,1.412207633E2,1.091322612E2,3.055981710E1,-7.068491962E1
2.950914629E1,3.314323063E-1,7.298402223E-1,-3.301513319E-1,-4.984835636E-1,1.412885325E2,1.092150396E2,3.058267182E1,-7.066544307E1
2.951911429E1,3.308785810E-1,7.302409545E-1,-3.301046332E-1,-4.982956730E-1,1.413557791E2,1.093003695E2,3.061739480E1,-7.062745739E1
2.952908329E1,3.301122828E-1,7.306477770E-1,-3.299571824E-1,-4.983050981E-1,1.414488185E2,1.093847009E2,3.068549270E1,-7.060083778E1
2.953905229E1,3.292392530E-1,7.311865401E-1,-3.294176606E-1,-4.984494089E-1,1.415547845E2,1.094692326E2,3.079744419E1,-7.054739987E1
2.954902029E1,3.282074297E-1,7.317840771E-1,-3.286696594E-1,-4.987466127E-1,1.416799803E2,1.095544609E2,3.094439841E1,-7.048858125E1
2.955898929E1,3.270133304E-1,7.323541343E-1,-3.280129483E-1,-4.991263505E-1,1.418248066E2,1.096452149E2,3.110079965E1,-7.044778937E1
2.956895729E1,3.258063501E-1,7.328822975E-1,-3.275820600E-1,-4.994234647E-1,1.419711308E2,1.097446179E2,3.123708915E1,-7.042050986E1
2.957892629E1,3.246317385E-1,7.333203086E-1,-3.275614713E-1,-4.995589036E-1,1.421134691E2,1.098550324E2,3.133222997E1,-7.041728202E1
2.958889529E1,3.235388338E-1,7.336795895E-1,-3.279027554E-1,-4.995162879E-1,1.422458517E2,1.099739217E2,3.138534262E1,-7.043156462E1
2.959886329E1,3.225820424E-1,7.340389967E-1,-3.283335172E-1,-4.993241562E-1,1.423617041E2,1.100960684E2,3.141397543E1,-7.043828797E1
2.960883229E1,3.215415210E-1,7.343478067E-1,-3.288635981E-1,-4.991924894E-1,1.424876496E2,1.102176591E2,3.144468892E1,-7.046253556E1
2.961880029E1,3.204256305E-1,7.347166970E-1,-3.292184535E-1,-4.991333258E-1,1.426226657E2,1.103406992E2,3.149761793E1,-7.047591393E1
2.962876929E1,3.190663419E-1,7.351367746E-1,-3.293938266E-1,-4.992696814E-1,1.427870588E2,1.104673940E2,3.159193694E1,-7.049128679E1
2.963873829E1,3.174177469E-1,7.355913284E-1,-3.294134249E-1,-4.996379395E-1,1.429863343E2,1.105975318E2,3.173123104E1,-7.051525362E1
2.964870629E1,3.156300356E-1,7.361396589E-1,-3.292317719E-1,-5.000825150E-1,1.432022947E2,1.107359620E2,3.189945587E1,-7.052479920E1
2.965867529E1,3.137228907E-1,7.367047006E-1,-3.291229277E-1,-5.005220223E-1,1.434325338E2,1.108865610E2,3.207081853E1,-7.053972024E1
2.966864429E1,3.119641344E-1,7.373226577E-1,-3.290054223E-1,-5.007886117E-1,1.436447234E2,1.110439153E2,3.222258550E1,-7.053323211E1
2.967861229E1,3.104436130E-1,7.379017343E-1,-3.289895119E-1,-5.008909758E-1,1.438280666E2,1.111953209E2,3.234060565E1,-7.052010452E1
2.968858129E1,3.090929751E-1,7.383428221E-1,-3.291989185E-1,-5.009386018E-1,1.439908451E2,1.113314961E2,3.242686967E1,-7.052745974E1
2.969854929E1,3.078909049E-1,7.387426061E-1,-3.294474374E-1,-5.009259999E-1,1.441356550E2,1.114587785E2,3.249615562E1,-7.053363695E1
2.970851829E1,3.065697065E-1,7.390731849E-1,-3.298647122E-1,-5.009741105E-1,1.442947477E2,1.115877349E2,3.256526834E1,-7.056467367E1
2.971848729E1,3.051192438E-1,7.394555622E-1,-3.302870026E-1,-5.010171213E-1,1.444693239E2,1.117310818E2,3.264320866E1,-7.059352223E1
2.972845529E1,3.034007166E-1,7.399011176E-1,-3.308018896E-1,-5.010633459E-1,1.446760539E2,1.119010603E2,3.273427318E1,-7.062877602E1
2.973842429E1,3.015139813E-1,7.404991181E-1,-3.312331150E-1,-5.010340854E-1,1.449028819E2,1.121005611E2,3.283951323E1,-7.064196431E1
2.974839229E1,2.994358256E-1,7.412151720E-1,-3.315846408E-1,-5.009890515E-1,1.451525587E2,1.123240814E2,3.296350527E1,-7.064095783E1
2.975836129E1,2.972297331E-1,7.420784027E-1,-3.316632236E-1,-5.009726564E-1,1.454174196E2,1.125626155E2,3.311776216E1,-7.061084480E1
2.976833029E1,2.947569353E-1,7.429286732E-1,-3.316151762E-1,-5.012050963E-1,1.457140745E2,1.127990420E2,3.331403431E1,-7.059479116E1
2.977829829E1,2.920873540E-1,7.437695028E-1,-3.313548773E-1,-5.016928196E-1,1.460340715E2,1.130265570E2,3.355371402E1,-7.058512220E1
2.978826729E1,2.893491048E-1,7.446250417E-1,-3.308741082E-1,-5.023274352E-1,1.463620162E2,1.132460014E2,3.382201871E1,-7.056860960E1
2.979823529E1,2.865005152E-1,7.453862560E-1,-3.305084843E-1,-5.030716327E-1,1.467028750E2,1.134599995E2,3.409617130E1,-7.057768361E1
2.980820429E1,2.837504755E-1,7.461107392E-1,-3.301903809E-1,-5.037644847E-1,1.470316541E2,1.136689476E2,3.435680743E1,-7.058680515E1
2.981817329E1,2.809954730E-1,7.467451336E-1,-3.301187313E-1,-5.044154323E-1,1.473607468E2,1.138785872E2,3.459805490E1,-7.061822170E1
2.982814129E1,2.782358343E-1,7.473382872E-1,-3.302069236E-1,-5.050085543E-1,1.476901161E2,1.140926826E2,3.482512919E1,-7.066001383E1
2.983811029E1,2.752985678E-1,7.478414785E-1,-3.305665626E-1,-5.056376909E-1,1.480403847E2,1.143144361E2,3.504815312E1,-7.073481490E1
2.984807929E1,2.721964017E-1,7.482436437E-1,-3.310936511E-1,-5.063769361E-1,1.484099851E2,1.145342193E2,3.527782026E1,-7.084125657E1
2.985804729E1,2.691145082E-1,7.485840006E-1,-3.314497288E-1,-5.072872553E-1,1.487768365E2,1.147309833E2,3.552783429E1,-7.095209718E1
2.986801629E1,2.659812588E-1,7.488153446E-1,-3.316068944E-1,-5.084942251E-1,1.491494650E2,1.148954674E2,3.581246543E1,-7.108024410E1
2.987798429E1,2.627431270E-1,7.489353156E-1,-3.315836082E-1,-5.100138614E-1,1.495342159E2,1.150301628E2,3.613516572E1,-7.122955852E1
2.988795329E1,2.595019500E-1,7.490392287E-1,-3.314044209E-1,-5.116347449E-1,1.499189766E2,1.151527773E2,3.647477348E1,-7.137587696E1
2.989792229E1,2.563436338E-1,7.492270983E-1,-3.312562537E-1,-5.130459057E-1,1.502935673E2,1.152936551E2,3.679437090E1,-7.149910305E1
2.990789029E1,2.533659906E-1,7.495450330E-1,-3.312400061E-1,-5.140700425E-1,1.506464321E2,1.154657767E2,3.706979163E1,-7.158735093E1
2.991785929E1,2.505629406E-1,7.499484837E-1,-3.314785361E-1,-5.147014339E-1,1.509783468E2,1.156683140E2,3.729267129E1,-7.165358543E1
2.992782729E1,2.479646717E-1,7.504259232E-1,-3.319583359E-1,-5.149544835E-1,1.512857909E2,1.158966971E2,3.746253304E1,-7.169854173E1
2.993779629E1,2.454971845E-1,7.509578797E-1,-3.325916555E-1,-5.149525869E-1,1.515775646E2,1.161435215E2,3.759780245E1,-7.172795588E1
2.994776529E1,2.430564078E-1,7.514606916E-1,-3.331710061E-1,-5.150023729E-1,1.518659950E2,1.163810763E2,3.773783465E1,-7.175890809E1
2.995773329E1,2.404337991E-1,7.518270741E-1,-3.334832721E-1,-5.154963972E-1,1.521757101E2,1.165803867E2,3.793499175E1,-7.181808791E1
2.996770229E1,2.373820195E-1,7.522207678E-1,-3.332450159E-1,-5.164896404E-1,1.525358472E2,1.167669873E2,3.822970341E1,-7.187507344E1
2.997767029E1,2.336141018E-1,7.527390476E-1,-3.326422739E-1,-5.178393405E-1,1.529801142E2,1.169867011E2,3.862172858E1,-7.192649426E1
2.998763929E1,2.294221236E-1,7.534867327E-1,-3.316942226E-1,-5.192324308E-1,1.534738957E2,1.172537763E2,3.907030447E1,-7.193475170E1
2.999760829E1,2.249913413E-1,7.542499489E-1,-3.308136696E-1,-5.206229080E-1,1.539952620E2,1.175439850E2,3.953126482E1,-7.194606512E1
3.000757629E1,2.205251241E-1,7.549251204E-1,-3.301478548E-1,-5.219763276E-1,1.545202442E2,1.178364636E2,3.997806492E1,-7.197724745E1
3.001754529E1,2.161808376E-1,7.555901555E-1,-3.295872595E-1,-5.231842142E-1,1.550303727E2,1.181338448E2,4.040036736E1,-7.200205679E1
3.002751429E1,2.118486790E-1,7.562471827E-1,-3.292010680E-1,-5.242491491E-1,1.555385768E2,1.184456017E2,4.080163924E1,-7.202702854E1
3.003748229E1,2.076081265E-1,7.569693900E-1,-3.287961421E-1,-5.251564759E-1,1.560355619E2,1.187717317E2,4.118810599E1,-7.202751249E1
3.004745129E1,2.033353317E-1,7.577208262E-1,-3.284990490E-1,-5.259299022E-1,1.565358634E2,1.191182370E2,4.156162063E1,-7.201992362E1
3.005741929E1,1.989501312E-1,7.584437500E-1,-3.283775607E-1,-5.266404876E-1,1.570488554E2,1.194805464E2,4.192774124E1,-7.202178522E1
3.006738829E1,1.945426772E-1,7.592343617E-1,-3.281553414E-1,-5.272859139E-1,1.575639814E2,1.198586125E2,4.229800279E1,-7.199988302E1
3.007735729E1,1.899560675E-1,7.601162634E-1,-3.278924926E-1,-5.278507870E-1,1.580995593E2,1.202700536E2,4.267863641E1,-7.195566929E1
3.008732529E1,1.853650745E-1,7.611645187E-1,-3.274188674E-1,-5.282662917E-1,1.586351644E2,1.207135865E2,4.306370242E1,-7.186001551E1
3.009729429E1,1.809607078E-1,7.623849229E-1,-3.267034668E-1,-5.284764570E-1,1.591485534E2,1.211797116E2,4.343758514E1,-7.170352869E1
3.010726229E1,1.767684977E-1,7.636791051E-1,-3.259260050E-1,-5.285066236E-1,1.596368196E2,1.216558401E2,4.378800290E1,-7.151321020E1
3.011723129E1,1.728195698E-1,7.650400268E-1,-3.250171503E-1,-5.284041014E-1,1.600964091E2,1.221341065E2,4.411988028E1,-7.128797024E1
3.012720029E1,1.688552583E-1,7.663697178E-1,-3.240937550E-1,-5.283261508E-1,1.605574639E2,1.226130690E2,4.445400420E1,-7.106155997E1
3.013716829E1,1.646813927E-1,7.675973501E-1,-3.231395714E-1,-5.284461218E-1,1.610425471E2,1.230866883E2,4.481642034E1,-7.085445056E1
3.014713729E1,1.602017306E-1,7.687879564E-1,-3.220141241E-1,-5.287792926E-1,1.615627888E2,1.235688185E2,4.522383997E1,-7.064788715E1
3.015710529E1,1.552093521E-1,7.698918034E-1,-3.209101085E-1,-5.293329336E-1,1.621421236E2,1.240733009E2,4.567940762E1,-7.046301869E1
3.016707429E1,1.499251488E-1,7.709555899E-1,-3.196713283E-1,-5.300566793E-1,1.627548223E2,1.245909500E2,4.617405854E1,-7.027609057E1
3.017704329E1,1.445447032E-1,7.719623517E-1,-3.183938152E-1,-5.308542873E-1,1.633781703E2,1.251121415E2,4.668179150E1,-7.008925468E1
3.018701129E1,1.394455246E-1,7.728611121E-1,-3.170961770E-1,-5.316865190E-1,1.639684751E2,1.256006007E2,4.717255998E1,-6.990882794E1
3.019698029E1,1.349773686E-1,7.736357712E-1,-3.156515516E-1,-5.325719821E-1,1.644853775E2,1.260197017E2,4.763115094E1,-6.973062407E1
3.020694929E1,1.310835477E-1,7.743877974E-1,-3.140252311E-1,-5.334123481E-1,1.649355783E2,1.263936191E2,4.805689800E1,-6.953267246E1
3.021691729E1,1.272468780E-1,7.750519475E-1,-3.125849047E-1,-5.342222420E-1,1.653789425E2,1.267600248E2,4.846484983E1,-6.935424449E1
3.022688629E1,1.233813798E-1,7.756953191E-1,-3.112603557E-1,-5.349681569E-1,1.658254158E2,1.271375457E2,4.886286111E1,-6.917762572E1
3.023685429E1,1.193845730E-1,7.763488060E-1,-3.101915538E-1,-5.355475286E-1,1.662868282E2,1.275483398E2,4.924247055E1,-6.900223750E1
3.024682329E1,1.153280653E-1,7.770070555E-1,-3.093355513E-1,-5.359766256E-1,1.667549046E2,1.279836090E2,4.960236842E1,-6.882688319E1
3.025679229E1,1.113084571E-1,7.777065457E-1,-3.085191458E-1,-5.362825064E-1,1.672185042E2,1.284368362E2,4.994786632E1,-6.863428074E1
3.026676029E1,1.072380831E-1,7.784376670E-1,-3.078196345E-1,-5.364531590E-1,1.676877450E2,1.289161841E2,5.027947817E1,-6.843060796E1
3.027672929E1,1.032081911E-1,7.791942240E-1,-3.071382675E-1,-5.365355350E-1,1.681521148E2,1.294083615E2,5.059989495E1,-6.821240031E1
3.028669729E1,9.921802252E-2,7.798814073E-1,-3.064624639E-1,-5.366764319E-1,1.686117149E2,1.298883841E2,5.092074851E1,-6.800310942E1
3.029666629E1,9.513180126E-2,7.803622818E-1,-3.060481814E-1,-5.369535474E-1,1.690821883E2,1.303429873E2,5.124288607E1,-6.784992931E1
3.030663529E1,9.107805415E-2,7.806316212E-1,-3.058669289E-1,-5.373681249E-1,1.695487404E2,1.307574924E2,5.155981091E1,-6.775428217E1
3.031660329E1,8.707471467E-2,7.807260723E-1,-3.059004356E-1,-5.378752569E-1,1.700093206E2,1.311377719E2,5.186835313E1,-6.770729436E1
3.032657229E1,8.314412066E-2,7.808045708E-1,-3.059910303E-1,-5.383315597E-1,1.704613740E2,1.315160198E2,5.216502926E1,-6.766133949E1
3.033654029E1,7.922315719E-2,7.809384503E-1,-3.060392252E-1,-5.387010611E-1,1.709121716E2,1.319125726E2,5.245678466E1,-6.759253457E1
3.034650929E1,7.526617925E-2,7.811566235E-1,-3.058853681E-1,-5.390393950E-1,1.713669670E2,1.323335227E2,5.275953677E1,-6.748400497E1
3.035647829E1,7.127609495E-2,7.815143448E-1,-3.054045780E-1,-5.393358559E-1,1.718254296E2,1.327897070E2,5.307869340E1,-6.731352422E1
3.036644629E1,6.727751806E-2,7.819697837E-1,-3.047447269E-1,-5.395623741E-1,1.722847366E2,1.332748269E2,5.340197322E1,-6.709878811E1
3.037641529E1,6.331122567E-2,7.824559687E-1,-3.041031044E-1,-5.396996675E-1,1.727402125E2,1.337749818E2,5.371431536E1,-6.686827667E1
3.038638329E1,5.957414890E-2,7.829981879E-1,-3.034961476E-1,-5.396802799E-1,1.731692609E2,1.342775212E2,5.399603468E1,-6.662010472E1
3.039635229E1,5.602045308E-2,7.835309240E-1,-3.032285994E-1,-5.394381884E-1,1.735771665E2,1.347784128E2,5.422892244E1,-6.638990863E1
3.040632129E1,5.275980429E-2,7.841425169E-1,-3.031056570E-1,-5.389469669E-1,1.739513634E2,1.352817477E2,5.441359590E1,-6.614713587E1
3.041628929E1,4.966209522E-2,7.847861836E-1,-3.030684835E-1,-5.383248794E-1,1.743068012E2,1.357850850E2,5.457132941E1,-6.589923753E1
3.042625829E1,4.657799958E-2,7.854088190E-1,-3.030348082E-1,-5.377111792E-1,1.746606226E2,1.362867026E2,5.472768318E1,-6.565221968E1
3.043622729E1,4.350614760E-2,7.860898699E-1,-3.027384737E-1,-5.371400262E-1,1.750129887E2,1.368004960E2,5.489890191E1,-6.536823570E1
3.044619529E1,4.041490807E-2,7.868343308E-1,-3.022908110E-1,-5.365432057E-1,1.753675310E2,1.373354245E2,5.507549696E1,-6.505124735E1
3.045616429E1,3.754106198E-2,7.877088357E-1,-3.016085799E-1,-5.358524399E-1,1.756971001E2,1.378811022E2,5.523985410E1,-6.468510250E1
3.046613229E1,3.493956883E-2,7.886617971E-1,-3.007809633E-1,-5.350912889E-1,1.759954053E2,1.384191635E2,5.538561743E1,-6.429149164E1
3.047610129E1,3.247834039E-2,7.895295585E-1,-2.999383214E-1,-5.344392140E-1,1.762776017E2,1.389227972E2,5.553055378E1,-6.391887777E1
3.048607029E1,3.007101777E-2,7.903013305E-1,-2.988858514E-1,-5.340288933E-1,1.765535956E2,1.393943326E2,5.570138196E1,-6.355389320E1
3.049603829E1,2.738851838E-2,7.909677354E-1,-2.977816250E-1,-5.338034287E-1,1.768611145E2,1.398750294E2,5.590722078E1,-6.319685324E1
3.050600729E1,2.448388402E-2,7.915832902E-1,-2.965368178E-1,-5.337250778E-1,1.771940732E2,1.403732552E2,5.614550180E1,-6.282727590E1
3.051597529E1,2.161591742E-2,7.921934501E-1,-2.951754325E-1,-5.336981459E-1,1.775228054E2,1.408714957E2,5.638986881E1,-6.244400213E1
3.052594429E1,1.909241701E-2,7.928406149E-1,-2.938439714E-1,-5.335679965E-1,1.778120372E2,1.413449762E2,5.660005311E1,-6.206042881E1
3.053591329E1,1.717979302E-2,7.935997008E-1,-2.924707217E-1,-5.332591443E-1,1.780312439E2,1.417768380E2,5.675556662E1,-6.166554183E1
3.054588129E1,1.562453217E-2,7.943384507E-1,-2.913766738E-1,-5.328058128E-1,1.782094876E2,1.421653234E2,5.686144404E1,-6.131033696E1
3.055585029E1,1.408199966E-2,7.948995728E-1,-2.906821991E-1,-5.323910457E-1,1.783862684E2,1.425116060E2,5.695137575E1,-6.103170052E1
3.056581929E1,1.219967926E-2,7.951774680E-1,-2.902988524E-1,-5.322317728E-1,1.786019851E2,1.428313097E2,5.707200021E1,-6.083395991E1
3.057578729E1,9.749050749E-3,7.951324763E-1,-2.905418501E-1,-5.322169371E-1,1.788828234E2,1.431478082E2,5.721421003E1,-6.074117406E1
3.058575629E1,7.192823314E-3,7.949951618E-1,-2.912403920E-1,-5.320809503E-1,1.791757561E2,1.434607758E2,5.733215956E1,-6.070185569E1
3.059572429E1,4.927472353E-3,7.948477322E-1,-2.920997662E-1,-5.318558018E-1,1.794353510E2,1.437356826E2,5.741677788E1,-6.069146027E1
3.060569329E1,2.980203658E-3,7.946813575E-1,-2.929024740E-1,-5.316773520E-1,1.796584933E2,1.439633060E2,5.748836737E1,-6.069683746E1
3.061566229E1,1.348214464E-3,7.946643302E-1,-2.932576034E-1,-5.315137591E-1,1.798455060E2,1.441857800E2,5.756060459E1,-6.064145434E1
3.062563029E1,1.493684311E-4,-7.948661714E-1,2.932360663E-1,5.312253271E-1,1.799828836E2,1.444475988E2,5.762842861E1,-6.050281375E1
3.063559929E1,1.364736028E-3,-7.953167423E-1,2.928034500E-1,5.307878639E-1,1.798436127E2,1.447362807E2,5.768138147E1,-6.027840016E1
3.064556729E1,2.314304525E-3,-7.958403115E-1,2.923317214E-1,5.302593846E-1,1.797348000E2,1.450086694E2,5.771017101E1,-6.004542318E1
3.065553629E1,2.959931024E-3,-7.963845959E-1,2.918986204E-1,5.296772734E-1,1.796608164E2,1.452449634E2,5.771284876E1,-5.982732148E1
3.066550529E1,3.552410347E-3,-7.968674934E-1,2.917207817E-1,5.290449231E-1,1.795929229E2,1.454588475E2,5.769658979E1,-5.965031261E1
3.067547329E1,4.176668394E-3,-7.973270627E-1,2.916722286E-1,5.283743457E-1,1.795213877E2,1.456716288E2,5.767308943E1,-5.948881704E1
3.068544229E1,5.007045603E-3,-7.977448222E-1,2.918330609E-1,5.276473125E-1,1.794262324E2,1.459033817E2,5.764818669E1,-5.934437663E1
3.069541029E1,6.050222251E-3,-7.981371462E-1,2.921442522E-1,5.268701668E-1,1.793066914E2,1.461593354E2,5.762529258E1,-5.920700683E1
3.070537929E1,7.256949744E-3,-7.984746160E-1,2.924874540E-1,5.261528907E-1,1.791684075E2,1.464241857E2,5.761675575E1,-5.907680820E1
3.071534829E1,8.724081540E-3,-7.986249117E-1,2.930238148E-1,5.256036751E-1,1.790002812E2,1.466773014E2,5.763264734E1,-5.899597395E1
3.072531629E1,1.023481425E-2,-7.986314866E-1,2.936865318E-1,5.251963890E-1,1.788271562E2,1.468993257E2,5.765998083E1,-5.896024162E1
3.073528529E1,1.162751471E-2,-7.985148030E-1,2.944642466E-1,5.249093268E-1,1.786675549E2,1.470723868E2,5.768731506E1,-5.897326432E1
3.074525429E1,1.276564821E-2,-7.983094214E-1,2.951790992E-1,5.247937602E-1,1.785371247E2,1.471850620E2,5.771824115E1,-5.901897596E1
3.075522229E1,1.358215911E-2,-7.981056414E-1,2.958040106E-1,5.247312985E-1,1.784435514E2,1.472514482E2,5.773813849E1,-5.907609143E1
3.076519129E1,1.419868321E-2,-7.979432075E-1,2.963922963E-1,5.246299354E-1,1.783728961E2,1.472999199E2,5.774342139E1,-5.913162365E1
3.077515929E1,1.459033280E-2,-7.979191416E-1,2.967221797E-1,5.244692926E-1,1.783280117E2,1.473518979E2,5.773914671E1,-5.914245600E1
3.078512829E1,1.481590273E-2,-7.980285548E-1,2.968709580E-1,5.242124076E-1,1.783021605E2,1.474148284E2,5.772230204E1,-5.911313926E1
3.079509729E1,1.492344041E-2,-7.981677237E-1,2.968618543E-1,5.240026217E-1,1.782898362E2,1.474678701E2,5.770884998E1,-5.906955116E1
3.080506529E1,1.492554776E-2,-7.982190797E-1,2.966546393E-1,5.240416497E-1,1.782895947E2,1.474811302E2,5.772077746E1,-5.903769635E1
3.081503429E1,1.486898669E-2,-7.981432153E-1,2.964864734E-1,5.242539855E-1,1.782960768E2,1.474518172E2,5.774448235E1,-5.904592703E1
3.082500229E1,1.471909142E-2,-7.979571791E-1,2.965217925E-1,5.245212176E-1,1.783132555E2,1.473800633E2,5.775989936E1,-5.910668123E1
3.083497129E1,1.439799565E-2,-7.976701591E-1,2.966981349E-1,5.248668007E-1,1.783500542E2,1.472567328E2,5.776686836E1,-5.921698597E1
3.084494029E1,1.390443498E-2,-7.973200242E-1,2.970285451E-1,5.252251964E-1,1.784066178E2,1.470920722E2,5.775830507E1,-5.936810547E1
3.085490829E1,1.307841997E-2,-7.970943699E-1,2.973180940E-1,5.254251621E-1,1.785012807E2,1.469129393E2,5.771522328E1,-5.950369900E1
3.086487729E1,1.181266582E-2,-7.971241678E-1,2.973514321E-1,5.253908967E-1,1.786463367E2,1.467386158E2,5.763216405E1,-5.957685032E1
3.087484529E1,9.860739898E-3,-7.975678687E-1,2.966979242E-1,5.251272050E-1,1.788700241E2,1.465744063E2,5.751163031E1,-5.952348634E1
3.088481429E1,7.204034375E-3,-7.984592956E-1,2.950915181E-1,5.247206354E-1,1.791744713E2,1.464258801E2,5.737187603E1,-5.931212559E1
3.089478329E1,4.018449124E-3,-7.997575028E-1,2.925178629E-1,5.242186243E-1,1.795395184E2,1.463081091E2,5.722961533E1,-5.894074602E1
3.090475129E1,5.216936909E-4,-8.012888243E-1,2.891421111E-1,5.237679480E-1,1.799402183E2,1.462079791E2,5.710639592E1,-5.845433022E1
3.091472029E1,3.079838808E-3,8.028326212E-1,-2.852984450E-1,-5.235026336E-1,1.796470759E2,1.460991648E2,5.701494857E1,-5.792540046E1
3.092468929E1,6.555478671E-3,8.042006025E-1,-2.815856659E-1,-5.233813350E-1,1.792487921E2,1.459669015E2,5.694163312E1,-5.744148665E1
3.093465729E1,9.959911432E-3,8.052917634E-1,-2.782913207E-1,-5.234117861E-1,1.788586594E2,1.457770517E2,5.687232980E1,-5.705756625E1
3.094462629E1,1.316893033E-2,8.059946253E-1,-2.758287435E-1,-5.235625032E-1,1.784909081E2,1.455168492E2,5.679456705E1,-5.683341134E1
3.095459429E1,1.632534996E-2,8.064074115E-1,-2.739774854E-1,-5.238101159E-1,1.781291696E2,1.451914016E2,5.670582386E1,-5.673257532E1
3.096456329E1,1.924439854E-2,8.065463275E-1,-2.727440157E-1,-5.241407580E-1,1.777946182E2,1.448299789E2,5.661479880E1,-5.674158262E1
3.097453229E1,2.165608336E-2,8.063953786E-1,-2.721269647E-1,-5.245993157E-1,1.775182016E2,1.444644016E2,5.654120293E1,-5.685053593E1
3.098450029E1,2.355338697E-2,8.060212621E-1,-2.718062483E-1,-5.252584292E-1,1.773007311E2,1.441116682E2,5.650510632E1,-5.701437387E1
3.099446929E1,2.499516744E-2,8.055106530E-1,-2.717532697E-1,-5.260020049E-1,1.771354665E2,1.437854455E2,5.649269030E1,-5.721264336E1
3.100443729E1,2.642470424E-2,8.050978247E-1,-2.716774475E-1,-5.266029347E-1,1.769715994E2,1.434873587E2,5.646782676E1,-5.738256103E1
3.101440629E1,2.833294496E-2,8.050217074E-1,-2.711858467E-1,-5.268733910E-1,1.767528491E2,1.432149260E2,5.640008342E1,-5.745224601E1
3.102437529E1,3.079189747E-2,8.052862843E-1,-2.702477632E-1,-5.268130157E-1,1.764709506E2,1.429605678E2,5.628694823E1,-5.742053980E1
3.103434329E1,3.365855751E-2,8.057737758E-1,-2.689162389E-1,-5.265737480E-1,1.761422848E2,1.427129097E2,5.614971976E1,-5.731454073E1
3.104431229E1,3.651752576E-2,8.062729209E-1,-2.675460870E-1,-5.263168840E-1,1.758144692E2,1.424717393E2,5.601355682E1,-5.719924495E1
3.105428029E1,3.911246508E-2,8.066577638E-1,-2.663384534E-1,-5.261532700E-1,1.755168981E2,1.422372857E2,5.589556477E1,-5.711295364E1
3.106424929E1,4.136264317E-2,8.068952402E-1,-2.654528427E-1,-5.260646773E-1,1.752588377E2,1.420111387E2,5.579163529E1,-5.707492689E1
3.107421829E1,4.338803105E-2,8.070822669E-1,-2.650229659E-1,-5.258313734E-1,1.750265366E2,1.418034844E2,5.566772276E1,-5.707790004E1
3.108418629E1,4.573093221E-2,8.074283768E-1,-2.644791030E-1,-5.253749231E-1,1.747577929E2,1.415988156E2,5.550903455E1,-5.704247022E1
3.109415529E1,4.834104440E-2,8.077404531E-1,-2.639328588E-1,-5.249360901E-1,1.744583646E2,1.413542340E2,5.533651204E1,-5.702441813E1
3.110412429E1,5.112419046E-2,8.078736161E-1,-2.632781707E-1,-5.247962258E-1,1.741390443E2,1.410440945E2,5.518685802E1,-5.704646181E1
3.111409229E1,5.379526806E-2,8.077799026E-1,-2.627423789E-1,-5.249421592E-1,1.738325392E2,1.406923625E2,5.506546428E1,-5.712850349E1
3.112406129E1,5.643060513E-2,8.076322622E-1,-2.622209802E-1,-5.251532096E-1,1.735300921E2,1.403339355E2,5.495155436E1,-5.722108237E1
3.113402929E1,5.902316315E-2,8.074613356E-1,-2.618520899E-1,-5.253152431E-1,1.732325105E2,1.399784015E2,5.482862860E1,-5.732797516E1
3.114399767E1,6.172186801E-2,8.072546686E-1,-2.614947479E-1,-5.255006471E-1,1.729226965E2,1.396041463E2,5.470081531E1,-5.744559524E1
3.115396667E1,6.449746979E-2,8.069771948E-1,-2.612280215E-1,-5.257260695E-1,1.726040005E2,1.392065465E2,5.456767068E1,-5.758791851E1
3.116393467E1,6.735825035E-2,8.067143670E-1,-2.609318135E-1,-5.259176480E-1,1.722754643E2,1.388061856E2,5.442737766E1,-5.772338197E1
3.117390367E1,7.014122783E-2,8.064789769E-1,-2.606590812E-1,-5.260501366E-1,1.719558022E2,1.384255949E2,5.428501253E1,-5.784780826E1
3.118387167E1,7.274676708E-2,8.062652291E-1,-2.605104504E-1,-5.260974886E-1,1.716564644E2,1.380752063E2,5.413949436E1,-5.796799644E1
3.119384067E1,7.523100770E-2,8.060891185E-1,-2.605417444E-1,-5.260023843E-1,1.713710089E2,1.377530958E2,5.397962891E1,-5.808636340E1
3.120380967E1,7.775334907E-2,8.059649750E-1,-2.606816509E-1,-5.257566049E-1,1.710811204E2,1.374445038E2,5.379852185E1,-5.819816742E1
3.121377767E1,8.014903916E-2,8.057565588E-1,-2.611687420E-1,-5.254743685E-1,1.708057349E2,1.371355757E2,5.360484652E1,-5.835149287E1
3.122374667E1,8.253528836E-2,8.055611028E-1,-2.617366918E-1,-5.251219577E-1,1.705313817E2,1.368355810E2,5.340126320E1,-5.850402182E1
3.123371467E1,8.492954545E-2,8.055260366E-1,-2.623589479E-1,-5.244831590E-1,1.702560531E2,1.365801413E2,5.316885448E1,-5.861717780E1
3.124368367E1,8.765551932E-2,8.058691963E-1,-2.626889577E-1,-5.233411058E-1,1.699425098E2,1.363854063E2,5.288601568E1,-5.861795577E1
3.125365267E1,9.074772823E-2,8.064677869E-1,-2.626564836E-1,-5.219064060E-1,1.695867504E2,1.362148891E2,5.257320145E1,-5.853279569E1
3.126362067E1,9.402104214E-2,8.070825408E-1,-2.622806180E-1,-5.205640078E-1,1.692100451E2,1.360272591E2,5.227498328E1,-5.841854191E1
3.127358967E1,9.721288620E-2,8.075731091E-1,-2.617163771E-1,-5.194997788E-1,1.688426030E2,1.358165361E2,5.201609741E1,-5.831612259E1
3.128355867E1,1.000906730E-1,8.078909595E-1,-2.611646959E-1,-5.187361201E-1,1.685112163E2,1.355971216E2,5.180252480E1,-5.824839470E1
3.129352667E1,1.024901985E-1,8.080317089E-1,-2.608401862E-1,-5.182111178E-1,1.682348294E2,1.353873144E2,5.162781462E1,-5.823013687E1
3.130349567E1,1.045933051E-1,8.080523398E-1,-2.607107322E-1,-5.178240201E-1,1.679925287E2,1.351820612E2,5.147354372E1,-5.824888337E1
3.131346367E1,1.065926041E-1,8.079129391E-1,-2.609842442E-1,-5.174957172E-1,1.677621379E2,1.349559690E2,5.131050141E1,-5.833244801E1
3.132343267E1,1.087996449E-1,8.076795088E-1,-2.615124495E-1,-5.171340341E-1,1.675077500E2,1.346931221E2,5.111907811E1,-5.845792665E1
3.133340167E1,1.114013488E-1,8.074189991E-1,-2.621230309E-1,-5.166776891E-1,1.672077930E2,1.343902458E2,5.089115583E1,-5.859778908E1
3.134336967E1,1.144324026E-1,8.071831032E-1,-2.625390625E-1,-5.161724116E-1,1.668582240E2,1.340528977E2,5.064260524E1,-5.871876557E1
3.135333867E1,1.177793260E-1,8.070366218E-1,-2.624659588E-1,-5.156854469E-1,1.664720831E2,1.337025286E2,5.040132240E1,-5.878248183E1
3.136330667E1,1.210818477E-1,8.069223828E-1,-2.620436684E-1,-5.153141964E-1,1.660909136E2,1.333610880E2,5.019070373E1,-5.880941311E1
3.137327567E1,1.242857879E-1,8.067878079E-1,-2.613920360E-1,-5.150930308E-1,1.657209744E2,1.330224311E2,5.001091875E1,-5.882074501E1
3.138324467E1,1.275257004E-1,8.065884533E-1,-2.607233341E-1,-5.149519653E-1,1.653467294E2,1.326677301E2,4.983682935E1,-5.884303247E1
3.139321267E1,1.308408873E-1,8.063400609E-1,-2.603497234E-1,-5.146982412E-1,1.649636267E2,1.323045262E2,4.963329841E1,-5.889373108E1
3.140318167E1,1.344265093E-1,8.061437830E-1,-2.601631393E-1,-5.141760629E-1,1.645490820E2,1.319387497E2,4.938087387E1,-5.894123983E1
3.141314967E1,1.381670210E-1,8.059334491E-1,-2.601779117E-1,-5.135063705E-1,1.641164130E2,1.315658130E2,4.909601303E1,-5.900064430E1
3.142311867E1,1.418345134E-1,8.056312352E-1,-2.603825979E-1,-5.128765280E-1,1.636919689E2,1.311867962E2,4.880881356E1,-5.908861361E1
3.143308767E1,1.453585589E-1,8.052179642E-1,-2.606782791E-1,-5.123884043E-1,1.632839138E2,1.308006632E2,4.853713773E1,-5.920316013E1
3.144305567E1,1.486907730E-1,8.046322495E-1,-2.612858259E-1,-5.120427158E-1,1.628978749E2,1.304021950E2,4.827179180E1,-5.937328845E1
3.145302467E1,1.521550754E-1,8.039462674E-1,-2.620340168E-1,-5.117199553E-1,1.624963259E2,1.299784568E2,4.799197387E1,-5.956958026E1
3.146299367E1,1.558273514E-1,8.031538013E-1,-2.629101865E-1,-5.114098598E-1,1.620704339E2,1.295227674E2,4.769261562E1,-5.979116413E1
3.147296167E1,1.596107370E-1,8.022501518E-1,-2.639210576E-1,-5.111406784E-1,1.616313945E2,1.290431534E2,4.738129773E1,-6.003871840E1
3.148293067E1,1.636470564E-1,8.013850455E-1,-2.646126874E-1,-5.108638158E-1,1.611627035E2,1.285517615E2,4.707039504E1,-6.024769023E1
3.149289867E1,1.678060442E-1,8.005933591E-1,-2.649842540E-1,-5.105631613E-1,1.606794355E2,1.280664374E2,4.676706676E1,-6.041117555E1
3.150286767E1,1.721787270E-1,7.999231610E-1,-2.648720381E-1,-5.102157975E-1,1.601709619E2,1.275861316E2,4.647352374E1,-6.050781055E1
3.151283667E1,1.768895962E-1,7.993448220E-1,-2.642218808E-1,-5.098478239E-1,1.596227206E2,1.270928646E2,4.618775025E1,-6.053989491E1
3.152280467E1,1.818899826E-1,7.987363901E-1,-2.633228885E-1,-5.095068559E-1,1.590402693E2,1.265713310E2,4.590044826E1,-6.055233935E1
3.153277367E1,1.872346771E-1,7.981075169E-1,-2.622191890E-1,-5.091253321E-1,1.584171062E2,1.260224719E2,4.560063704E1,-6.054344005E1
3.154274167E1,1.927952794E-1,7.974450739E-1,-2.610891266E-1,-5.086686710E-1,1.577680827E2,1.254590262E2,4.528352184E1,-6.052726758E1
3.155271067E1,1.983324481E-1,7.967076094E-1,-2.601515910E-1,-5.081754264E-1,1.571210759E2,1.248953049E2,4.495421072E1,-6.052942611E1
3.156267967E1,2.038105901E-1,7.959187679E-1,-2.593420554E-1,-5.076576313E-1,1.564802380E2,1.243369694E2,4.461948514E1,-6.054160515E1
3.157264767E1,2.092329613E-1,7.950227048E-1,-2.586383927E-1,-5.072144888E-1,1.558451888E2,1.237701869E2,4.428778711E1,-6.057519028E1
3.158261667E1,2.146718540E-1,7.939795282E-1,-2.579407359E-1,-5.069309142E-1,1.552074472E2,1.231780275E2,4.396671015E1,-6.063191859E1
3.159258467E1,2.201688041E-1,7.927970983E-1,-2.571965490E-1,-5.068020397E-1,1.545621043E2,1.225583137E2,4.365616245E1,-6.070569598E1
3.160255367E1,2.255852009E-1,7.914340482E-1,-2.565893183E-1,-5.068583268E-1,1.539254151E2,1.219167812E2,4.335560837E1,-6.081922113E1
3.161252267E1,2.307247984E-1,7.898648578E-1,-2.564314151E-1,-5.070724750E-1,1.533205052E2,1.212705182E2,4.305556368E1,-6.100050451E1
3.162249067E1,2.355335641E-1,7.881922390E-1,-2.568660967E-1,-5.072442023E-1,1.527538467E2,1.206511714E2,4.273517438E1,-6.123568020E1
3.163245967E1,2.398512559E-1,7.864463901E-1,-2.582344784E-1,-5.072360258E-1,1.522444769E2,1.200876628E2,4.237283179E1,-6.154057072E1
3.164242867E1,2.439183951E-1,7.847820111E-1,-2.602311432E-1,-5.068538698E-1,1.517641535E2,1.195907057E2,4.195827736E1,-6.185646536E1
3.165239667E1,2.478793033E-1,7.832843017E-1,-2.625166614E-1,-5.060698225E-1,1.512958886E2,1.191584109E2,4.150215374E1,-6.214244554E1
3.166236567E1,2.517548114E-1,7.819735980E-1,-2.648284371E-1,-5.049779452E-1,1.508372456E2,1.187825555E2,4.102704331E1,-6.238149679E1
3.167233367E1,2.555560040E-1,7.808912880E-1,-2.669030525E-1,-5.036493395E-1,1.503869330E2,1.184586855E2,4.055467735E1,-6.255353414E1
3.168230267E1,2.592773706E-1,7.800254653E-1,-2.686960216E-1,-5.021333490E-1,1.499456236E2,1.181803869E2,4.009223833E1,-6.266137093E1
3.169227167E1,2.630799751E-1,7.793654035E-1,-2.701851962E-1,-5.003783226E-1,1.494942085E2,1.179352161E2,3.962755513E1,-6.270099870E1
3.170223967E1,2.670988668E-1,7.789027154E-1,-2.713725572E-1,-4.983228840E-1,1.490165896E2,1.177142604E2,3.914783486E1,-6.266917077E1
3.171220867E1,2.711003623E-1,7.784135380E-1,-2.727388948E-1,-4.961759341E-1,1.485404894E2,1.175017327E2,3.865143340E1,-6.264559263E1
3.172217667E1,2.751536564E-1,7.778352621E-1,-2.742416197E-1,-4.940185739E-1,1.480576574E2,1.172797180E2,3.814202931E1,-6.263811539E1
3.173214567E1,2.791260390E-1,7.771219478E-1,-2.760290886E-1,-4.919127066E-1,1.475838982E2,1.170518711E2,3.762266355E1,-6.266848501E1
3.174211467E1,2.828284816E-1,7.761951807E-1,-2.782860945E-1,-4.899856579E-1,1.471418198E2,1.168193653E2,3.710190784E1,-6.276954309E1
3.175208267E1,2.863903328E-1,7.750533594E-1,-2.808132827E-1,-4.882793638E-1,1.467160532E2,1.165678912E2,3.658685710E1,-6.292623760E1
3.176205167E1,2.898787537E-1,7.736293017E-1,-2.835524064E-1,-4.868942392E-1,1.462986053E2,1.162790506E2,3.608321753E1,-6.314583365E1
3.177201967E1,2.935662026E-1,7.720680138E-1,-2.860713549E-1,-4.856881439E-1,1.458568390E2,1.159510434E2,3.559181430E1,-6.336611535E1
3.178198867E1,2.974862388E-1,7.704833345E-1,-2.882678380E-1,-4.845194540E-1,1.453866336E2,1.156006873E2,3.510781913E1,-6.355762571E1
3.179195767E1,3.015091976E-1,7.690085741E-1,-2.901268933E-1,-4.832643630E-1,1.449034568E2,1.152585221E2,3.463294989E1,-6.369995294E1
3.180192567E1,3.054250824E-1,7.676505816E-1,-2.917004248E-1,-4.820154465E-1,1.444325206E2,1.149348933E2,3.418408530E1,-6.380662775E1
3.181189467E1,3.088679110E-1,7.662677856E-1,-2.932974110E-1,-4.810518642E-1,1.440179624E2,1.146294023E2,3.378298230E1,-6.394020306E1
3.182186367E1,3.117292236E-1,7.649032603E-1,-2.948844717E-1,-4.804072229E-1,1.436730550E2,1.143511662E2,3.344126665E1,-6.409890734E1
3.183183167E1,3.140404304E-1,7.635827363E-1,-2.964703522E-1,-4.800264261E-1,1.433942096E2,1.141034291E2,3.315271204E1,-6.427769845E1
3.184180067E1,3.158677122E-1,7.622410968E-1,-2.981199167E-1,-4.799381232E-1,1.431735905E2,1.138737480E2,3.291022028E1,-6.448912021E1
3.185176867E1,3.174585556E-1,7.609186340E-1,-2.996521021E-1,-4.800328166E-1,1.429814029E2,1.136511794E2,3.270253713E1,-6.470465401E1
3.186173767E1,3.189293963E-1,7.596048325E-1,-3.011257245E-1,-4.802164926E-1,1.428036167E2,1.134329739E2,3.251183759E1,-6.492162477E1
3.187170667E1,3.205197075E-1,7.583491303E-1,-3.024312443E-1,-4.803219176E-1,1.426112850E2,1.132148969E2,3.231903049E1,-6.511183862E1
3.188167467E1,3.223523842E-1,7.570962099E-1,-3.035604215E-1,-4.803595495E-1,1.423895062E2,1.129817721E2,3.211700237E1,-6.527817267E1
3.189164367E1,3.244078175E-1,7.557118124E-1,-3.046155679E-1,-4.804878287E-1,1.421405967E2,1.127141239E2,3.190964986E1,-6.545135436E1
3.190161167E1,3.266410315E-1,7.541944415E-1,-3.055778647E-1,-4.807478537E-1,1.418699479E2,1.124122473E2,3.170367220E1,-6.563346314E1
3.191158067E1,3.288189067E-1,7.525415053E-1,-3.066618185E-1,-4.811631055E-1,1.416057928E2,1.120957169E2,3.150130654E1,-6.584646233E1
3.192154967E1,3.308650572E-1,7.508748293E-1,-3.078489477E-1,-4.816059793E-1,1.413574213E2,1.117894467E2,3.130131320E1,-6.607084694E1
3.193151767E1,3.327347598E-1,7.493478701E-1,-3.090588783E-1,-4.819210850E-1,1.411303028E2,1.115192386E2,3.110337818E1,-6.627756611E1
3.194148667E1,3.343470348E-1,7.479554435E-1,-3.103799924E-1,-4.821192700E-1,1.409343273E2,1.112912888E2,3.090780962E1,-6.647626878E1
3.195145467E1,3.357861864E-1,7.466990249E-1,-3.116461891E-1,-4.822499199E-1,1.407592948E2,1.110926688E2,3.072367155E1,-6.665673759E1
3.196142367E1,3.369172919E-1,7.454854275E-1,-3.129320262E-1,-4.825057829E-1,1.406216605E2,1.109131290E2,3.056647155E1,-6.684894839E1
3.197139267E1,3.378139345E-1,7.443218794E-1,-3.140903480E-1,-4.829225204E-1,1.405125140E2,1.107422856E2,3.044369600E1,-6.704287385E1
3.198136067E1,3.386324105E-1,7.432407706E-1,-3.149475728E-1,-4.834556939E-1,1.404128500E2,1.105707283E2,3.035426046E1,-6.721704966E1
3.199132967E1,3.395416497E-1,7.423195037E-1,-3.153779975E-1,-4.839525578E-1,1.403020973E2,1.104004641E2,3.028668160E1,-6.734182195E1
3.200129867E1,3.404775837E-1,7.415702592E-1,-3.155660989E-1,-4.843207316E-1,1.401880526E2,1.102471095E2,3.022714354E1,-6.742457757E1
3.201126667E1,3.415030007E-1,7.410811661E-1,-3.154245908E-1,-4.844397701E-1,1.400630570E2,1.101200291E2,3.017093754E1,-6.744191309E1
3.202123567E1,3.424200898E-1,7.407891306E-1,-3.151326396E-1,-4.844290068E-1,1.399512244E2,1.100234751E2,3.012604726E1,-6.742483236E1
3.203120367E1,3.430479093E-1,7.406400993E-1,-3.147949590E-1,-4.844322100E-1,1.398746433E2,1.099581238E2,3.010593392E1,-6.739961002E1
3.204117267E1,3.434788239E-1,7.407073236E-1,-3.141774656E-1,-4.844250398E-1,1.398220697E2,1.099203136E2,3.011967113E1,-6.733955217E1
3.205114167E1,3.437359460E-1,7.408816219E-1,-3.133778766E-1,-4.844938814E-1,1.397906954E2,1.098951770E2,3.016333307E1,-6.726645376E1
3.206110967E1,3.440446506E-1,7.411145043E-1,-3.123543193E-1,-4.845796713E-1,1.397530228E2,1.098655810E2,3.022058188E1,-6.717232685E1
3.207107867E1,3.444294303E-1,7.412545372E-1,-3.113596326E-1,-4.847320954E-1,1.397060601E2,1.098186255E2,3.027407383E1,-6.709112134E1
3.208104667E1,3.450669488E-1,7.413114776E-1,-3.103241267E-1,-4.848556647E-1,1.396282348E2,1.097474902E2,3.031097111E1,-6.700648292E1
3.209101567E1,3.459122249E-1,7.412382053E-1,-3.094113313E-1,-4.849486617E-1,1.395250174E2,1.096548282E2,3.032249918E1,-6.693502967E1
3.210098467E1,3.468522471E-1,7.410211279E-1,-3.088277872E-1,-4.849810515E-1,1.394101902E2,1.095539612E2,3.029997106E1,-6.689312223E1
3.211095267E1,3.478696879E-1,7.406845853E-1,-3.086433104E-1,-4.848837608E-1,1.392858581E2,1.094544319E2,3.023557977E1,-6.687911535E1
3.212092167E1,3.490539932E-1,7.402448251E-1,-3.087426084E-1,-4.846411003E-1,1.391410719E2,1.093499763E2,3.013044993E1,-6.688015027E1
3.213088967E1,3.502821629E-1,7.396125170E-1,-3.092411424E-1,-4.844022857E-1,1.389908511E2,1.092341234E2,2.999316432E1,-6.692506998E1
3.214085842E1,3.517089181E-1,7.388911526E-1,-3.097979655E-1,-4.841136641E-1,1.388162483E2,1.091013634E2,2.983455324E1,-6.697326774E1
3.215082742E1,3.532012747E-1,7.380978857E-1,-3.103615320E-1,-4.838761034E-1,1.386335103E2,1.089548117E2,2.967342202E1,-6.702950201E1
3.216079542E1,3.546788695E-1,7.373920946E-1,-3.106745145E-1,-4.836705848E-1,1.384524714E2,1.088096105E2,2.953336830E1,-6.706256465E1
3.217076442E1,3.558712407E-1,7.368143667E-1,-3.107817993E-1,-4.836062319E-1,1.383062997E2,1.086819036E2,2.943655088E1,-6.708634985E1
3.218073342E1,3.566250845E-1,7.363820032E-1,-3.106471191E-1,-4.837960560E-1,1.382138501E2,1.085754615E2,2.940293015E1,-6.710863492E1
3.219070142E1,3.568648579E-1,7.360538689E-1,-3.103525758E-1,-4.843071708E-1,1.381844388E2,1.084892194E2,2.943556721E1,-6.714540111E1
3.220067042E1,3.566414375E-1,7.357650998E-1,-3.100539022E-1,-4.851012596E-1,1.382118442E2,1.084199266E2,2.951721309E1,-6.720945447E1
3.221063842E1,3.559740053E-1,7.353528826E-1,-3.100907596E-1,-4.861917619E-1,1.382936986E2,1.083586793E2,2.962205507E1,-6.733910175E1
3.222060742E1,3.551826297E-1,7.348863380E-1,-3.103026529E-1,-4.873393626E-1,1.383907245E2,1.083012285E2,2.972580634E1,-6.749287590E1
3.223057642E1,3.542963605E-1,7.343756657E-1,-3.108009340E-1,-4.884354389E-1,1.384993478E2,1.082562691E2,2.981221310E1,-6.766941461E1
3.224054442E1,3.534023310E-1,7.339233668E-1,-3.114375832E-1,-4.893566109E-1,1.386088827E2,1.082316862E2,2.987933007E1,-6.783877646E1
3.225051342E1,3.526887058E-1,7.336765127E-1,-3.118667646E-1,-4.899679035E-1,1.386962863E2,1.082284772E2,2.993201891E1,-6.795005350E1
3.226048142E1,3.520392756E-1,7.336341130E-1,-3.120733684E-1,-4.903668129E-1,1.387758057E2,1.082478530E2,2.998514689E1,-6.801185599E1
3.227045042E1,3.514653145E-1,7.338676698E-1,-3.118155351E-1,-4.905929782E-1,1.388460670E2,1.082870944E2,3.005797006E1,-6.800356663E1
3.228041942E1,3.507886996E-1,7.343216124E-1,-3.112013502E-1,-4.907879390E-1,1.389288738E2,1.083468475E2,3.016292247E1,-6.795161043E1
3.229038742E1,3.498838858E-1,7.349277684E-1,-3.103628807E-1,-4.910572626E-1,1.390395736E2,1.084259876E2,3.030488900E1,-6.788129245E1
3.230035642E1,3.487791220E-1,7.356870649E-1,-3.092532596E-1,-4.914062490E-1,1.391746821E2,1.085214811E2,3.048549930E1,-6.778869139E1
3.231032542E1,3.472821187E-1,7.364569614E-1,-3.081788943E-1,-4.919877386E-1,1.393576657E2,1.086309532E2,3.070417363E1,-6.772264449E1
3.232029342E1,3.454742349E-1,7.372594374E-1,-3.071016208E-1,-4.927318359E-1,1.395785050E2,1.087546419E2,3.095408460E1,-6.767154977E1
3.233026242E1,3.434200501E-1,7.380792568E-1,-3.060682012E-1,-4.935828124E-1,1.398292409E2,1.088915460E2,3.122408701E1,-6.763437900E1
3.234023042E1,3.411748665E-1,7.388557704E-1,-3.052330192E-1,-4.944944698E-1,1.401030611E2,1.090388618E2,3.149636808E1,-6.762271171E1
3.235019942E1,3.389934088E-1,7.396650320E-1,-3.044336200E-1,-4.952769893E-1,1.403688821E2,1.091949021E2,3.175419345E1,-6.759909774E1
3.236016842E1,3.369027881E-1,7.404374573E-1,-3.037921871E-1,-4.959426250E-1,1.406234258E2,1.093532571E2,3.198735723E1,-6.757866954E1
3.237013642E1,3.350492277E-1,7.412339695E-1,-3.031302919E-1,-4.964134316E-1,1.408489370E2,1.095106499E2,3.219414871E1,-6.753469441E1
3.238010542E1,3.333231720E-1,7.420573714E-1,-3.025082676E-1,-4.967244490E-1,1.410587938E2,1.096739471E2,3.237986506E1,-6.747614506E1
3.239007342E1,3.315971005E-1,7.428859574E-1,-3.019593681E-1,-4.969751279E-1,1.412685166E2,1.098440523E2,3.255670128E1,-6.741725392E1
3.240004242E1,3.299343388E-1,7.438262114E-1,-3.012728381E-1,-4.970921118E-1,1.414704196E2,1.100270252E2,3.273128829E1,-6.732672203E1
3.241001142E1,3.281709568E-1,7.448120473E-1,-3.006924549E-1,-4.971348065E-1,1.416844049E2,1.102294783E2,3.290085129E1,-6.723557424E1
3.241997942E1,3.263763282E-1,7.457971034E-1,-3.002815232E-1,-4.970877865E-1,1.419020394E2,1.104444818E2,3.305498980E1,-6.714999266E1
3.242994842E1,3.246831471E-1,7.467147035E-1,-3.000869944E-1,-4.969363686E-1,1.421072407E2,1.106581379E2,3.318013025E1,-6.707583143E1
3.243991742E1,3.232123959E-1,7.475293811E-1,-3.001001653E-1,-4.966623246E-1,1.422853827E2,1.108592901E2,3.326739997E1,-6.701229057E1
3.244988542E1,3.219209322E-1,7.482394712E-1,-3.003862581E-1,-4.962586420E-1,1.424417309E2,1.110523634E2,3.331484548E1,-6.696494522E1
3.245985442E1,3.208653064E-1,7.488775323E-1,-3.007744727E-1,-4.957445506E-1,1.425694740E2,1.112314612E2,3.333187584E1,-6.691895504E1
3.246982242E1,3.198780428E-1,7.493199478E-1,-3.013723258E-1,-4.953508305E-1,1.426889008E2,1.113830951E2,3.333599140E1,-6.691329648E1
3.247979142E1,3.188797789E-1,7.495831759E-1,-3.020811725E-1,-4.951644308E-1,1.428096156E2,1.115065978E2,3.334497312E1,-6.694702773E1
3.248976042E1,3.178307333E-1,7.497364851E-1,-3.027905251E-1,-4.951735451E-1,1.429364251E2,1.116100120E2,3.336887059E1,-6.700564778E1
3.249972842E1,3.167216179E-1,7.498421051E-1,-3.034330116E-1,-4.953308161E-1,1.430704447E2,1.117017886E2,3.341039637E1,-6.707532250E1
3.250969742E1,3.155455417E-1,7.499010053E-1,-3.040362384E-1,-4.956222299E-1,1.432124984E2,1.117840047E2,3.346727801E1,-6.715712971E1
3.251966542E1,3.143460003E-1,7.499554801E-1,-3.045591754E-1,-4.959809417E-1,1.433573261E2,1.118612856E2,3.353548522E1,-6.723861873E1
3.252963442E1,3.131066090E-1,7.500176467E-1,-3.050600064E-1,-4.963629818E-1,1.435069014E2,1.119401083E2,3.360948195E1,-6.732010635E1
3.253960342E1,3.118890603E-1,7.501649710E-1,-3.054326899E-1,-4.966775764E-1,1.436537781E2,1.120275670E2,3.368716260E1,-6.737906461E1
3.254957142E1,3.106064263E-1,7.503747569E-1,-3.057840471E-1,-4.969483489E-1,1.438084393E2,1.121283090E2,3.376845444E1,-6.742868337E1
3.255954042E1,3.092268757E-1,7.506692159E-1,-3.060982730E-1,-4.971702942E-1,1.439747108E2,1.122468104E2,3.385639353E1,-6.746588270E1
3.256950842E1,3.077444972E-1,7.510565454E-1,-3.063669170E-1,-4.973397140E-1,1.441532883E2,1.123844849E2,3.395178276E1,-6.748907697E1
3.257947742E1,3.060630277E-1,7.514539059E-1,-3.067503690E-1,-4.975408177E-1,1.443557408E2,1.125377258E2,3.405497397E1,-6.752536178E1
3.258944642E1,3.041378123E-1,7.517765400E-1,-3.073176234E-1,-4.978837560E-1,1.445873997E2,1.126953421E2,3.417073358E1,-6.759625688E1
3.259941442E1,3.019767010E-1,7.519882858E-1,-3.080508943E-1,-4.984259226E-1,1.448472658E2,1.128488953E2,3.430322348E1,-6.770776504E1
3.260938342E1,2.996271301E-1,7.521707606E-1,-3.088179037E-1,-4.990935813E-1,1.451295818E2,1.130052759E2,3.445416324E1,-6.783642759E1
3.261935242E1,2.971351977E-1,7.524441251E-1,-3.094875328E-1,-4.997559190E-1,1.454287651E2,1.131793056E2,3.462184453E1,-6.795104675E1
3.262932042E1,2.944136071E-1,7.528320868E-1,-3.101309888E-1,-5.003832327E-1,1.457552439E2,1.133832456E2,3.480571986E1,-6.805386283E1
3.263928942E1,2.915600442E-1,7.534444173E-1,-3.105937401E-1,-5.008452149E-1,1.460972466E2,1.136271000E2,3.500197084E1,-6.811169917E1
3.264925742E1,2.884486479E-1,7.542287912E-1,-3.110278316E-1,-5.011965826E-1,1.464697968E2,1.139144264E2,3.521194561E1,-6.814631568E1
3.265922642E1,2.850939485E-1,7.551604262E-1,-3.114171631E-1,-5.014712747E-1,1.468710712E2,1.142394971E2,3.543761798E1,-6.816054080E1
3.266919542E1,2.816803488E-1,7.562248027E-1,-3.115020468E-1,-5.017435012E-1,1.472789624E2,1.145778289E2,3.568818580E1,-6.813817630E1
3.267916342E1,2.782034656E-1,7.573645589E-1,-3.111963768E-1,-5.021539483E-1,1.476939777E2,1.149131636E2,3.597805787E1,-6.808786206E1
3.268913242E1,2.747222096E-1,7.586835445E-1,-3.102723915E-1,-5.026508702E-1,1.481090793E2,1.152518171E2,3.631530602E1,-6.797702594E1
3.269910042E1,2.712108819E-1,7.601980704E-1,-3.088222659E-1,-5.031623538E-1,1.485273318E2,1.156052767E2,3.669064172E1,-6.780520977E1
3.270906942E1,2.675967686E-1,7.618139595E-1,-3.072110973E-1,-5.036395615E-1,1.489573790E2,1.159802141E2,3.708088778E1,-6.760584151E1
3.271903842E1,2.639844676E-1,7.635552566E-1,-3.055435572E-1,-5.039232730E-1,1.493867631E2,1.163849067E2,3.746155955E1,-6.737106109E1
3.272900642E1,2.602025466E-1,7.652712444E-1,-3.042470148E-1,-5.040716299E-1,1.498358382E2,1.168196701E2,3.781916723E1,-6.715489270E1
3.273897542E1,2.562892011E-1,7.668703591E-1,-3.033117130E-1,-5.042099664E-1,1.503000204E2,1.172626355E2,3.815976024E1,-6.697464566E1
3.274894342E1,2.522582976E-1,7.683141837E-1,-3.025758712E-1,-5.044869344E-1,1.507776261E2,1.176952932E2,3.850291017E1,-6.683251147E1
3.275891242E1,2.480188410E-1,7.696583521E-1,-3.019262829E-1,-5.049287914E-1,1.512793834E2,1.181267972E2,3.886433558E1,-6.671684155E1
3.276888142E1,2.436809925E-1,7.710694918E-1,-3.010493123E-1,-5.054115520E-1,1.517922042E2,1.185711887E2,3.924922594E1,-6.657540050E1
3.277884942E1,2.393140943E-1,7.724900513E-1,-2.999995608E-1,-5.059528650E-1,1.523078776E2,1.190169990E2,3.965020214E1,-6.641840387E1
3.278881842E1,2.351462346E-1,7.738970817E-1,-2.987979541E-1,-5.064674359E-1,1.527995141E2,1.194503564E2,4.004468957E1,-6.624172342E1
3.279878742E1,2.313605309E-1,7.753015622E-1,-2.974778516E-1,-5.068400878E-1,1.532456298E2,1.198663572E2,4.041043280E1,-6.603767698E1
3.280875542E1,2.278645657E-1,7.766359525E-1,-2.963112900E-1,-5.070641088E-1,1.536572353E2,1.202678559E2,4.073570680E1,-6.583637829E1
3.281872442E1,2.245393058E-1,7.779544956E-1,-2.953397841E-1,-5.070931480E-1,1.540484217E2,1.206734570E2,4.102285359E1,-6.563367735E1
3.282869242E1,2.211776521E-1,7.792296063E-1,-2.946640015E-1,-5.070059251E-1,1.544435768E2,1.210917632E2,4.128476408E1,-6.544810282E1
3.283866142E1,2.176635427E-1,7.803678241E-1,-2.942469163E-1,-5.070180528E-1,1.548563228E2,1.215056753E2,4.154648706E1,-6.530305486E1
3.284863042E1,2.140168604E-1,7.814630732E-1,-2.937519227E-1,-5.071706771E-1,1.552842899E2,1.219182446E2,4.183091307E1,-6.516316083E1
3.285859842E1,2.100973194E-1,7.826070440E-1,-2.931373162E-1,-5.074011045E-1,1.557438891E2,1.223562490E2,4.214557723E1,-6.501004413E1
3.286856742E1,2.060539509E-1,7.839442792E-1,-2.922094112E-1,-5.075301265E-1,1.562175934E2,1.228361491E2,4.247969414E1,-6.479705495E1
3.287853542E1,2.019978225E-1,7.854527992E-1,-2.910243261E-1,-5.075091374E-1,1.566923788E2,1.233512043E2,4.281835979E1,-6.452651606E1
3.288850442E1,1.979233392E-1,7.869948892E-1,-2.897512174E-1,-5.074539039E-1,1.571689045E2,1.238795993E2,4.315938560E1,-6.423588003E1
3.289847342E1,1.938175934E-1,7.885535218E-1,-2.882995535E-1,-5.074460752E-1,1.576486821E2,1.244147745E2,4.351478459E1,-6.392452378E1
3.290844142E1,1.894710627E-1,7.901339865E-1,-2.867983249E-1,-5.074798453E-1,1.581561647E2,1.249775179E2,4.388985069E1,-6.360134533E1
3.291841042E1,1.847871148E-1,7.916381232E-1,-2.855432760E-1,-5.075704611E-1,1.587025580E2,1.255654336E2,4.427435015E1,-6.330360407E1
3.292837942E1,1.799846816E-1,7.929884450E-1,-2.846554737E-1,-5.076869655E-1,1.592622649E2,1.261519507E2,4.464503903E1,-6.304987525E1
3.293834742E1,1.753683794E-1,7.942401853E-1,-2.839572058E-1,-5.077370359E-1,1.597998076E2,1.267213613E2,4.498617042E1,-6.281387012E1
3.294831642E1,1.708702149E-1,7.953023913E-1,-2.835386665E-1,-5.078418973E-1,1.603231619E2,1.272590237E2,4.530648843E1,-6.262387526E1
3.295828442E1,1.663777401E-1,7.963016509E-1,-2.831042590E-1,-5.080101054E-1,1.608454409E2,1.277894988E2,4.563124156E1,-6.243839658E1
3.296825342E1,1.615750857E-1,7.973113208E-1,-2.826910513E-1,-5.082067415E-1,1.614033367E2,1.283542235E2,4.597579847E1,-6.224638482E1
3.297822242E1,1.565386532E-1,7.983915024E-1,-2.821570085E-1,-5.083838109E-1,1.619879120E2,1.289583044E2,4.633936731E1,-6.202346974E1
3.298819042E1,1.514179270E-1,7.994832322E-1,-2.815997008E-1,-5.085280901E-1,1.625817871E2,1.295818522E2,4.670569120E1,-6.178561344E1
3.299815942E1,1.464581702E-1,8.005671649E-1,-2.810210245E-1,-5.085956515E-1,1.631565446E2,1.302019413E2,4.705552743E1,-6.153520128E1
3.300812742E1,1.419330738E-1,8.016912424E-1,-2.802508119E-1,-5.085326841E-1,1.636805593E2,1.308018418E2,4.737643887E1,-6.125069994E1
3.301809642E1,1.378452931E-1,8.028666759E-1,-2.792936992E-1,-5.083294520E-1,1.641536365E2,1.313826014E2,4.766696309E1,-6.093161794E1
3.302806542E1,1.339890672E-1,8.040640678E-1,-2.782376677E-1,-5.080469417E-1,1.645996668E2,1.319555527E2,4.793993704E1,-6.059182814E1
3.303803342E1,1.303145153E-1,8.053664687E-1,-2.769877819E-1,-5.076225440E-1,1.650244654E2,1.325413956E2,4.819804826E1,-6.020669689E1
3.304800242E1,1.266197539E-1,8.066754023E-1,-2.758396806E-1,-5.071043485E-1,1.654513917E2,1.331421160E2,4.844192493E1,-5.981774171E1
3.305797142E1,1.228466838E-1,8.078938044E-1,-2.748173456E-1,-5.066475188E-1,1.658871571E2,1.337399124E2,4.868696696E1,-5.944916486E1
3.306793942E1,1.189028556E-1,8.089427552E-1,-2.739618489E-1,-5.063780530E-1,1.663424250E2,1.343250541E2,4.894784062E1,-5.912173213E1
3.307790842E1,1.148589709E-1,8.098067024E-1,-2.733235559E-1,-5.062753200E-1,1.668090184E2,1.348886205E2,4.921648019E1,-5.884281564E1
3.308787642E1,1.109007285E-1,8.105683381E-1,-2.728322501E-1,-5.062041129E-1,1.672655176E2,1.354310934E2,4.947402516E1,-5.859053314E1
3.309784542E1,1.070064651E-1,8.112664374E-1,-2.725676733E-1,-5.060664402E-1,1.677144401E2,1.359646580E2,4.970957696E1,-5.836198924E1
3.310781442E1,1.032660798E-1,8.119459078E-1,-2.724812090E-1,-5.058004725E-1,1.681454456E2,1.364893745E2,4.991492074E1,-5.814554756E1
3.311778242E1,9.985644191E-2,8.126707282E-1,-2.724438880E-1,-5.053406083E-1,1.685381923E2,1.369994840E2,5.007993650E1,-5.792083130E1
3.312775142E1,9.666617836E-2,8.134211107E-1,-2.725704971E-1,-5.046850140E-1,1.689055475E2,1.375019118E2,5.020560981E1,-5.770075666E1
3.313771942E1,9.365973829E-2,8.142631837E-1,-2.725995152E-1,-5.038778808E-1,1.692516310E2,1.380102511E2,5.031037565E1,-5.745123568E1
3.314768929E1,9.053985997E-2,8.150551651E-1,-2.725623838E-1,-5.031872204E-1,1.696106688E2,1.385209032E2,5.043434216E1,-5.720244446E1
3.315765829E1,8.707817072E-2,8.157056174E-1,-2.723461284E-1,-5.028611724E-1,1.700089230E2,1.390345554E2,5.061886864E1,-5.696165514E1
3.316762629E1,8.323315587E-2,8.162550648E-1,-2.718296398E-1,-5.029002004E-1,1.704511358E2,1.395657951E2,5.087209857E1,-5.670682284E1
3.317759529E1,7.904150427E-2,8.167441790E-1,-2.712857347E-1,-5.030759317E-1,1.709330530E2,1.401273105E2,5.115841854E1,-5.644745900E1
3.318756329E1,7.483489054E-2,8.172736909E-1,-2.706866805E-1,-5.031819942E-1,1.714165289E2,1.407086571E2,5.144049296E1,-5.616469598E1
3.319753229E1,7.071701700E-2,8.177509408E-1,-2.702112008E-1,-5.032578164E-1,1.718896573E2,1.412780632E2,5.170792095E1,-5.589737843E1
3.320750129E1,6.668404829E-2,8.180404264E-1,-2.700820418E-1,-5.034072902E-1,1.723528963E2,1.418043121E2,5.196129729E1,-5.569635812E1
3.321746929E1,6.286558596E-2,8.181837257E-1,-2.701203954E-1,-5.036451249E-1,1.727913810E2,1.422792265E2,5.220289085E1,-5.554295453E1
3.322743829E1,5.918536530E-2,8.182081498E-1,-2.703322466E-1,-5.039374133E-1,1.732138909E2,1.427168365E2,5.243403761E1,-5.543020601E1
3.323740729E1,5.567377417E-2,8.182737724E-1,-2.704807299E-1,-5.041513928E-1,1.736169551E2,1.431496282E2,5.265056708E1,-5.530278648E1
3.324737529E1,5.234735523E-2,8.184854339E-1,-2.704935426E-1,-5.041574409E-1,1.739986920E2,1.436001463E2,5.284189586E1,-5.513106037E1
3.325734429E1,4.919179961E-2,8.188129781E-1,-2.703575979E-1,-5.040160171E-1,1.743607591E2,1.440623296E2,5.301480200E1,-5.492081572E1
3.326731229E1,4.626446917E-2,8.192188312E-1,-2.698752061E-1,-5.038924636E-1,1.746965893E2,1.445187697E2,5.318983882E1,-5.466636287E1
3.327728129E1,4.338215157E-2,8.195627284E-1,-2.693281611E-1,-5.038821587E-1,1.750272110E2,1.449592700E2,5.337507269E1,-5.441762574E1
3.328725029E1,4.063725376E-2,8.198758584E-1,-2.687541421E-1,-5.039079526E-1,1.753420311E2,1.453798034E2,5.355631085E1,-5.417475638E1
3.329721829E1,3.806364075E-2,8.201297721E-1,-2.682733941E-1,-5.039521646E-1,1.756371741E2,1.457687094E2,5.372528119E1,-5.395742439E1
3.330718729E1,3.556709326E-2,8.202443483E-1,-2.680933217E-1,-5.040439816E-1,1.759234515E2,1.461177694E2,5.388230244E1,-5.379987143E1
3.331715529E1,3.325152433E-2,8.202762535E-1,-2.681151959E-1,-5.041382008E-1,1.761889535E2,1.464262514E2,5.402122790E1,-5.368562623E1
3.332712429E1,3.103487405E-2,8.201606236E-1,-2.684691241E-1,-5.042793296E-1,1.764430943E2,1.466879880E2,5.414640485E1,-5.363907183E1
3.333709329E1,2.891526689E-2,8.198910313E-1,-2.690822132E-1,-5.045169535E-1,1.766860926E2,1.469010074E2,5.426595870E1,-5.365553719E1
3.334706129E1,2.689972030E-2,8.195246066E-1,-2.698159898E-1,-5.048317904E-1,1.769171472E2,1.470779484E2,5.438301906E1,-5.370960881E1
3.335703029E1,2.496180821E-2,8.191681496E-1,-2.704956288E-1,-5.051462059E-1,1.771392903E2,1.472482994E2,5.449799981E1,-5.375896682E1
3.336699929E1,2.301057771E-2,8.188660832E-1,-2.710953363E-1,-5.054069263E-1,1.773629493E2,1.474350786E2,5.461160005E1,-5.378613817E1
3.337696729E1,2.112402155E-2,8.186934286E-1,-2.714553758E-1,-5.055757034E-1,1.775791854E2,1.476465885E2,5.472151809E1,-5.376243902E1
3.338693629E1,1.925251181E-2,8.185830882E-1,-2.717906961E-1,-5.056488914E-1,1.777936883E2,1.478727261E2,5.482197839E1,-5.372120273E1
3.339690429E1,1.757563622E-2,8.185293299E-1,-2.720996114E-1,-5.056308736E-1,1.779858767E2,1.480875131E2,5.490329190E1,-5.367333417E1
3.340687329E1,1.611727097E-2,8.184851178E-1,-2.722636891E-1,-5.056626945E-1,1.781530168E2,1.482762433E2,5.498266652E1,-5.362017328E1
3.341684229E1,1.471325408E-2,8.183915518E-1,-2.724314336E-1,-5.057666075E-1,1.783139244E2,1.484463261E2,5.506613193E1,-5.358101089E1
3.342681029E1,1.358156905E-2,8.184273766E-1,-2.724353111E-1,-5.057381584E-1,1.784436190E2,1.486117795E2,5.512683048E1,-5.351009998E1
3.343677929E1,1.278406638E-2,8.185257684E-1,-2.725062653E-1,-5.055616053E-1,1.785350140E2,1.487462564E2,5.515121040E1,-5.344930102E1
3.344674729E1,1.218966938E-2,8.185228392E-1,-2.728837114E-1,-5.053773393E-1,1.786031322E2,1.488265000E2,5.515222698E1,-5.345309930E1
3.345671629E1,1.179665002E-2,8.184656249E-1,-2.732177463E-1,-5.052989461E-1,1.786481721E2,1.488657395E2,5.515427885E1,-5.347667973E1
3.346668529E1,1.138122960E-2,8.183493417E-1,-2.735349013E-1,-5.053252668E-1,1.786957790E2,1.488938427E2,5.516885642E1,-5.351109493E1
3.347665329E1,1.087974533E-2,8.182438692E-1,-2.736704666E-1,-5.054334789E-1,1.787532484E2,1.489375170E2,5.520316770E1,-5.352040957E1
3.348662229E1,1.024556170E-2,8.181289137E-1,-2.734919115E-1,-5.057296026E-1,1.788259246E2,1.489990700E2,5.527543217E1,-5.349383196E1
3.349659029E1,9.377694867E-3,8.179116467E-1,-2.732093169E-1,-5.062503480E-1,1.789253796E2,1.490693254E2,5.538744953E1,-5.346727210E1
3.350655929E1,8.552185619E-3,8.176697659E-1,-2.729107908E-1,-5.068161905E-1,1.790199798E2,1.491281973E2,5.550226554E1,-5.344685064E1
3.351652829E1,8.006952913E-3,8.174370521E-1,-2.728016936E-1,-5.072591328E-1,1.790824610E2,1.491489171E2,5.558202350E1,-5.345893379E1
3.352649629E1,7.750531487E-3,8.172037693E-1,-2.729791740E-1,-5.075434555E-1,1.791118456E2,1.491269405E2,5.561905878E1,-5.351615338E1
3.353646529E1,7.881292084E-3,8.170587209E-1,-2.732111292E-1,-5.076500238E-1,1.790968611E2,1.490714672E2,5.561417487E1,-5.358066707E1
3.354643429E1,8.283373019E-3,8.170231911E-1,-2.735020689E-1,-5.075441930E-1,1.790507845E2,1.490042781E2,5.557021727E1,-5.364097525E1
3.355640229E1,8.783234642E-3,8.170905629E-1,-2.737155638E-1,-5.073123011E-1,1.789935025E2,1.489491921E2,5.551070207E1,-5.367499393E1
3.356637129E1,9.098640583E-3,8.171303284E-1,-2.739466339E-1,-5.071178566E-1,1.789573582E2,1.489133950E2,5.546476153E1,-5.370633822E1
3.357633929E1,9.152441035E-3,8.170685833E-1,-2.743241432E-1,-5.070122577E-1,1.789511929E2,1.488888458E2,5.543732406E1,-5.376060387E1
3.358630829E1,9.182323151E-3,8.169717931E-1,-2.747232949E-1,-5.069516505E-1,1.789477685E2,1.488590408E2,5.541502021E1,-5.382377133E1
3.359627729E1,9.241391959E-3,8.167837128E-1,-2.752226718E-1,-5.069827759E-1,1.789409994E2,1.488023979E2,5.539670052E1,-5.391967247E1
3.360624529E1,9.416027426E-3,8.165487651E-1,-2.755738605E-1,-5.071671473E-1,1.789209868E2,1.487187750E2,5.539267783E1,-5.401882122E1
3.361621429E1,9.811111984E-3,8.163731392E-1,-2.757312789E-1,-5.073566817E-1,1.788757113E2,1.486197361E2,5.538364784E1,-5.409783679E1
3.362618229E1,1.064694721E-2,8.163506539E-1,-2.757515726E-1,-5.073651743E-1,1.787799267E2,1.484975568E2,5.533624088E1,-5.415240705E1
3.363615129E1,1.214640564E-2,8.165526216E-1,-2.754144822E-1,-5.071896327E-1,1.786080902E2,1.483400642E2,5.524562949E1,-5.415657661E1
3.364612029E1,1.403955778E-2,8.168241527E-1,-2.747866416E-1,-5.070439732E-1,1.783911323E2,1.481470750E2,5.514648143E1,-5.413748254E1
3.365608829E1,1.597500428E-2,8.169986406E-1,-2.740181360E-1,-5.071215023E-1,1.781693215E2,1.479260315E2,5.507281054E1,-5.412904041E1
3.366605729E1,1.784990684E-2,8.170202619E-1,-2.732671213E-1,-5.074291321E-1,1.779544427E2,1.476768792E2,5.502519425E1,-5.415385476E1
3.367602529E1,1.962376233E-2,8.168518642E-1,-2.728262442E-1,-5.078716951E-1,1.777511381E2,1.473951369E2,5.498522696E1,-5.424640505E1
3.368599429E1,2.145845679E-2,8.166212367E-1,-2.726300928E-1,-5.082737339E-1,1.775408532E2,1.470905322E2,5.492831787E1,-5.437879273E1
3.369596329E1,2.340366029E-2,8.164127151E-1,-2.726130444E-1,-5.085319676E-1,1.773178932E2,1.467778115E2,5.484363353E1,-5.452686165E1
3.370593129E1,2.556960791E-2,8.163564069E-1,-2.724057662E-1,-5.086291794E-1,1.770696194E2,1.464752527E2,5.473741457E1,-5.463048358E1
3.371590029E1,2.778807050E-2,8.164283937E-1,-2.719389477E-1,-5.086470285E-1,1.768153117E2,1.461994904E2,5.463034058E1,-5.468032667E1
3.372586929E1,2.975649691E-2,8.163724860E-1,-2.715401753E-1,-5.088384595E-1,1.765896532E2,1.459268113E2,5.455210425E1,-5.475288704E1
3.373583729E1,3.153016274E-2,8.161216490E-1,-2.712260759E-1,-5.093013162E-1,1.763863106E2,1.456328498E2,5.450834181E1,-5.486887313E1
3.374580629E1,3.321972453E-2,8.156830899E-1,-2.710991085E-1,-5.099636329E-1,1.761925995E2,1.453046689E2,5.448128038E1,-5.504157381E1
3.375577429E1,3.496091621E-2,8.151030229E-1,-2.712596458E-1,-5.106886640E-1,1.759929575E2,1.449363528E2,5.444530226E1,-5.527530119E1
3.376574329E1,3.706703637E-2,8.146101576E-1,-2.713267436E-1,-5.112907739E-1,1.757514572E2,1.445443236E2,5.437933567E1,-5.549488606E1
3.377571229E1,3.959502542E-2,8.143232640E-1,-2.711760686E-1,-5.116379164E-1,1.754615579E2,1.441517141E2,5.427245250E1,-5.566201541E1
3.378568029E1,4.253641183E-2,8.143128959E-1,-2.707843558E-1,-5.116256938E-1,1.751242152E2,1.437782556E2,5.411649423E1,-5.575614203E1
3.379564929E1,4.599517188E-2,8.146475208E-1,-2.700501788E-1,-5.111816979E-1,1.747274814E2,1.434286585E2,5.390329797E1,-5.575518495E1
3.380561829E1,4.973081565E-2,8.151107357E-1,-2.693898009E-1,-5.104415149E-1,1.742989167E2,1.430819198E2,5.364298473E1,-5.573619961E1
3.381558629E1,5.351244163E-2,8.154834403E-1,-2.690140617E-1,-5.096612925E-1,1.738649955E2,1.427140404E2,5.336465217E1,-5.575968661E1
3.382555529E1,5.719390563E-2,8.155944762E-1,-2.689667519E-1,-5.091083047E-1,1.734424828E2,1.423014458E2,5.310006353E1,-5.586394204E1
3.383552329E1,6.063804073E-2,8.153909491E-1,-2.693454413E-1,-5.088355514E-1,1.730471270E2,1.418486956E2,5.285734587E1,-5.606438298E1
3.384549229E1,6.405383206E-2,8.150702116E-1,-2.699074274E-1,-5.086332044E-1,1.726549430E2,1.413784090E2,5.261431425E1,-5.630051517E1
3.385546129E1,6.773396843E-2,8.148240107E-1,-2.703315722E-1,-5.083255324E-1,1.722323117E2,1.409016092E2,5.235127082E1,-5.650916979E1
3.386542929E1,7.169412847E-2,8.146254359E-1,-2.706126706E-1,-5.079509733E-1,1.717774037E2,1.404106397E2,5.207135615E1,-5.669598318E1
3.387539829E1,7.593728351E-2,8.143890131E-1,-2.705968023E-1,-5.077219684E-1,1.712898434E2,1.398830929E2,5.180117855E1,-5.686833555E1
3.388536629E1,8.021864468E-2,8.139651844E-1,-2.705610618E-1,-5.077620079E-1,1.707977329E2,1.393132486E2,5.155387045E1,-5.707642773E1
3.389533529E1,8.445545663E-2,8.134118595E-1,-2.705693437E-1,-5.079572743E-1,1.703105755E2,1.387252169E2,5.132056992E1,-5.730943355E1
3.390530429E1,8.861941775E-2,8.127680875E-1,-2.705691962E-1,-5.082783279E-1,1.698316236E2,1.381305534E2,5.110239889E1,-5.755362890E1
3.391527229E1,9.267504039E-2,8.120300329E-1,-2.704649038E-1,-5.087902014E-1,1.693649620E2,1.375298195E2,5.091169810E1,-5.780271676E1
3.392524129E1,9.682058334E-2,8.113560205E-1,-2.699691725E-1,-5.093563811E-1,1.688877706E2,1.369356640E2,5.073813341E1,-5.800238414E1
3.393520929E1,1.011741210E-1,8.107975748E-1,-2.691369409E-1,-5.098396158E-1,1.683864288E2,1.363494818E2,5.056034286E1,-5.814681316E1
3.394517829E1,1.057304060E-1,8.102424586E-1,-2.681762878E-1,-5.103036947E-1,1.678615000E2,1.357486981E2,5.037460688E1,-5.827724093E1
3.395514729E1,1.104850342E-1,8.096086965E-1,-2.671962471E-1,-5.108159897E-1,1.673134472E2,1.351167071E2,5.018176493E1,-5.841997682E1
3.396511529E1,1.152883208E-1,8.088596416E-1,-2.666006489E-1,-5.112521885E-1,1.667594895E2,1.344681714E2,4.995956676E1,-5.860934142E1
3.397508429E1,1.201837616E-1,8.080462285E-1,-2.664676967E-1,-5.114803294E-1,1.661945838E2,1.338146327E2,4.968945886E1,-5.883743108E1
3.398505329E1,1.251435816E-1,8.071654015E-1,-2.666976920E-1,-5.115617360E-1,1.656219050E2,1.331575244E2,4.938305932E1,-5.909597920E1
3.399502129E1,1.300270948E-1,8.062263697E-1,-2.670774351E-1,-5.116263893E-1,1.650576839E2,1.325077532E2,4.907071915E1,-5.936652233E1
3.400499029E1,1.345864988E-1,8.052375836E-1,-2.675272474E-1,-5.117696886E-1,1.645305804E2,1.318864684E2,4.877968060E1,-5.964155148E1
3.401495829E1,1.387172692E-1,8.041908666E-1,-2.680998966E-1,-5.120126230E-1,1.640527461E2,1.313002330E2,4.851520848E1,-5.992801660E1
3.402492729E1,1.426010381E-1,8.031106850E-1,-2.687549008E-1,-5.122978939E-1,1.636032296E2,1.307370282E2,4.826351036E1,-6.021935354E1
3.403489629E1,1.465619568E-1,8.020666865E-1,-2.693931937E-1,-5.124802212E-1,1.631445218E2,1.301837151E2,4.799796324E1,-6.049272436E1
3.404486429E1,1.507962188E-1,8.010599037E-1,-2.701640385E-1,-5.124206045E-1,1.626538572E2,1.296299321E2,4.768711873E1,-6.075550127E1
3.405483329E1,1.556344242E-1,8.001781495E-1,-2.708535188E-1,-5.119874613E-1,1.620928148E2,1.290662460E2,4.731178733E1,-6.097009868E1
3.406480129E1,1.610360591E-1,7.993729550E-1,-2.714758802E-1,-5.112445704E-1,1.614659242E2,1.284872078E2,4.687929837E1,-6.114613314E1
3.407477029E1,1.667182340E-1,7.986007615E-1,-2.720670109E-1,-5.103150006E-1,1.608058705E2,1.279068278E2,4.641553641E1,-6.129629677E1
3.408473929E1,1.724214402E-1,7.979093846E-1,-2.725346723E-1,-5.092506452E-1,1.601427267E2,1.273525317E2,4.594643800E1,-6.140673411E1
3.409470729E1,1.778113161E-1,7.972514934E-1,-2.730773340E-1,-5.081358505E-1,1.595153979E2,1.268425197E2,4.548865509E1,-6.150548300E1
3.410467629E1,1.829689419E-1,7.966600888E-1,-2.735539306E-1,-5.069747154E-1,1.589145195E2,1.263719563E2,4.504559795E1,-6.157783520E1
3.411464529E1,1.879228192E-1,7.960267903E-1,-2.741850375E-1,-5.058151502E-1,1.583368259E2,1.259204986E2,4.460647949E1,-6.166145088E1
3.412461329E1,1.927317325E-1,7.952592119E-1,-2.752242102E-1,-5.046473032E-1,1.577755038E2,1.254724158E2,4.415181592E1,-6.178986241E1
3.413458229E1,1.977058720E-1,7.944347141E-1,-2.764467428E-1,-5.033518671E-1,1.571943267E2,1.250178770E2,4.366574911E1,-6.192625161E1
3.414454946E1,2.029963762E-1,7.935195796E-1,-2.777356355E-1,-5.019781538E-1,1.565755322E2,1.245366696E2,4.314918575E1,-6.206697439E1
3.415451846E1,2.087272834E-1,7.925509818E-1,-2.787271612E-1,-5.006066216E-1,1.559044435E2,1.240165243E2,4.262184830E1,-6.218037462E1
3.416448746E1,2.147959870E-1,7.916170498E-1,-2.791628332E-1,-4.992726949E-1,1.551928828E2,1.234732630E2,4.210871293E1,-6.223581505E1
3.417445546E1,2.208815916E-1,7.906778283E-1,-2.792456307E-1,-4.980579173E-1,1.544783633E2,1.229245404E2,4.162452695E1,-6.226150751E1
3.418442446E1,2.268442221E-1,7.896735532E-1,-2.791424552E-1,-4.970279853E-1,1.537773024E2,1.223711489E2,4.117309016E1,-6.228387838E1
3.419439246E1,2.325088323E-1,7.884946637E-1,-2.792249366E-1,-4.962352137E-1,1.531103553E2,1.218139025E2,4.074647230E1,-6.235112715E1
3.420436146E1,2.379856045E-1,7.871935695E-1,-2.795515957E-1,-4.955199395E-1,1.524646409E2,1.212607425E2,4.032193487E1,-6.245126359E1
3.421433046E1,2.433456722E-1,7.858118061E-1,-2.802421508E-1,-4.947191494E-1,1.518318217E2,1.207226374E2,3.987545063E1,-6.257822559E1
3.422429846E1,2.486557641E-1,7.843434520E-1,-2.813105312E-1,-4.938015177E-1,1.512040370E2,1.201962508E2,3.939929491E1,-6.273074824E1
3.423426746E1,2.538492885E-1,7.827286798E-1,-2.827850387E-1,-4.928782277E-1,1.505891784E2,1.196741278E2,3.890347722E1,-6.292480743E1
3.424423646E1,2.588834029E-1,7.810617930E-1,-2.844628837E-1,-4.919377524E-1,1.499923649E2,1.191693625E2,3.840251115E1,-6.313291826E1
3.425420446E1,2.636245019E-1,7.793763616E-1,-2.862882426E-1,-4.910331967E-1,1.494295270E2,1.186920055E2,3.791226797E1,-6.335205159E1
3.426417346E1,2.680885380E-1,7.777544456E-1,-2.881418821E-1,-4.901030053E-1,1.488988893E2,1.182516560E2,3.743525282E1,-6.356067343E1
3.427414146E1,2.724583338E-1,7.764153137E-1,-2.896980702E-1,-4.888975949E-1,1.483787909E2,1.178683086E2,3.696405343E1,-6.369290550E1
3.428411046E1,2.767071260E-1,7.753401476E-1,-2.910451678E-1,-4.874152375E-1,1.478724528E2,1.175415347E2,3.649528693E1,-6.375955737E1
3.429407946E1,2.809758536E-1,7.744768748E-1,-2.920129648E-1,-4.857637449E-1,1.473630893E2,1.172440347E2,3.603847520E1,-6.375950626E1
3.430404746E1,2.852031615E-1,7.735766813E-1,-2.927606709E-1,-4.842824728E-1,1.468580142E2,1.169340581E2,3.561012998E1,-6.375443247E1
3.431401646E1,2.895086306E-1,7.726423068E-1,-2.930607354E-1,-4.830364434E-1,1.463429185E2,1.165949004E2,3.522168611E1,-6.372928190E1
3.432398446E1,2.937275091E-1,7.716936655E-1,-2.930324970E-1,-4.820219055E-1,1.458375021E2,1.162428835E2,3.487605674E1,-6.369360690E1
3.433395346E1,2.975801209E-1,7.706565369E-1,-2.930481546E-1,-4.813078852E-1,1.453753652E2,1.158928149E2,3.457159005E1,-6.369236971E1
3.434392246E1,3.009402889E-1,7.694556257E-1,-2.933676909E-1,-4.809452853E-1,1.449718244E2,1.155475427E2,3.430234060E1,-6.375848212E1
3.435389046E1,3.039132855E-1,7.680759065E-1,-2.940542631E-1,-4.808619610E-1,1.446144070E2,1.152034850E2,3.405185444E1,-6.389195887E1
3.436385946E1,3.065004909E-1,7.664491856E-1,-2.953846916E-1,-4.810000552E-1,1.443030803E2,1.148625074E2,3.379706831E1,-6.411642381E1
3.437382846E1,3.089357200E-1,7.646700407E-1,-2.971572616E-1,-4.811819768E-1,1.440097925E2,1.145252564E2,3.352397693E1,-6.439142165E1
3.438379646E1,3.112749702E-1,7.627505257E-1,-2.993076570E-1,-4.813880590E-1,1.437278342E2,1.141896060E2,3.323155824E1,-6.470817798E1
3.439376546E1,3.136790053E-1,7.608382811E-1,-3.014788519E-1,-4.814988420E-1,1.434378301E2,1.138598673E2,3.292565381E1,-6.501484772E1
3.440373346E1,3.162524761E-1,7.590721385E-1,-3.033922556E-1,-4.814011614E-1,1.431271176E2,1.135438107E2,3.261146251E1,-6.526824942E1
3.441370246E1,3.187533278E-1,7.573124443E-1,-3.053477640E-1,-4.812868329E-1,1.428249036E2,1.132386169E2,3.229697918E1,-6.552119997E1
3.442367146E1,3.212537212E-1,7.555933797E-1,-3.072033844E-1,-4.811453986E-1,1.425224768E2,1.129400621E2,3.198654472E1,-6.575815776E1
3.443363946E1,3.237296115E-1,7.538403659E-1,-3.090098405E-1,-4.810786222E-1,1.422227467E2,1.126370205E2,3.168451566E1,-6.599714100E1
3.444360846E1,3.262229453E-1,7.520346263E-1,-3.107363440E-1,-4.811085359E-1,1.419206335E2,1.123226093E2,3.139142657E1,-6.623835069E1
3.445357646E1,3.289754717E-1,7.503763585E-1,-3.120706710E-1,-4.809596732E-1,1.415867948E2,1.120093117E2,3.109605320E1,-6.641756098E1
3.446354546E1,3.318759915E-1,7.488874368E-1,-3.131520327E-1,-4.805849298E-1,1.412346397E2,1.117126065E2,3.079398918E1,-6.654240020E1
3.447351446E1,3.347494003E-1,7.475498855E-1,-3.140039681E-1,-4.801183589E-1,1.408854003E2,1.114345202E2,3.050407007E1,-6.662928351E1
3.448348246E1,3.372837166E-1,7.462844685E-1,-3.147315913E-1,-4.798367073E-1,1.405770609E2,1.111737854E2,3.025714406E1,-6.671876896E1
3.449345146E1,3.392051071E-1,7.450025721E-1,-3.154811730E-1,-4.799821139E-1,1.403430954E2,1.109288779E2,3.007612377E1,-6.685215387E1
3.450342046E1,3.405013019E-1,7.436534304E-1,-3.162436305E-1,-4.806541770E-1,1.401851620E2,1.106889923E2,2.996808447E1,-6.704086269E1
3.451338846E1,3.412600768E-1,7.422086997E-1,-3.170338207E-1,-4.818272450E-1,1.400926733E2,1.104469220E2,2.992399690E1,-6.728538127E1
3.452335746E1,3.416879095E-1,7.407147203E-1,-3.177787663E-1,-4.833298223E-1,1.400405119E2,1.102013172E2,2.992438891E1,-6.756065983E1
3.453332546E1,3.420194313E-1,7.393020212E-1,-3.183058758E-1,-4.849089014E-1,1.400000868E2,1.099596852E2,2.995070177E1,-6.782090397E1
3.454329446E1,3.421490329E-1,7.379889361E-1,-3.188705171E-1,-4.864441847E-1,1.399842821E2,1.097446918E2,2.998533846E1,-6.807699170E1
3.455326346E1,3.422831020E-1,7.369370351E-1,-3.192866751E-1,-4.876701100E-1,1.399679317E2,1.095696491E2,3.001266788E1,-6.827873698E1
3.456323146E1,3.424283664E-1,7.360699269E-1,-3.197414186E-1,-4.885786855E-1,1.399502150E2,1.094323217E2,3.001846625E1,-6.844506034E1
3.457320046E1,3.425956841E-1,7.352931394E-1,-3.203378175E-1,-4.892400591E-1,1.399298074E2,1.093214801E2,2.999847903E1,-6.859585731E1
3.458316846E1,3.429624407E-1,7.346271138E-1,-3.209117101E-1,-4.896074163E-1,1.398850698E2,1.092259764E2,2.994949609E1,-6.871023811E1
3.459313746E1,3.434758473E-1,7.340252147E-1,-3.214919458E-1,-4.897697080E-1,1.398224329E2,1.091401310E2,2.987815559E1,-6.880161430E1
3.460310646E1,3.443056134E-1,7.336039780E-1,-3.217534459E-1,-4.896464917E-1,1.397211728E2,1.090600766E2,2.979182833E1,-6.882753729E1
3.461307446E1,3.452922395E-1,7.333210673E-1,-3.217604633E-1,-4.893707143E-1,1.396007277E2,1.089855908E2,2.970463444E1,-6.880926762E1
3.462304346E1,3.462833595E-1,7.330741078E-1,-3.216917429E-1,-4.890856383E-1,1.394796870E2,1.089128118E2,2.962222071E1,-6.878177062E1
3.463301246E1,3.473430735E-1,7.328731517E-1,-3.215030936E-1,-4.887592794E-1,1.393502171E2,1.088392184E2,2.954146852E1,-6.873731858E1
3.464298046E1,3.483562522E-1,7.326458958E-1,-3.214145852E-1,-4.884370562E-1,1.392263819E2,1.087686969E2,2.945693563E1,-6.870341622E1
3.465294946E1,3.493324785E-1,7.324736417E-1,-3.213637140E-1,-4.880314139E-1,1.391070161E2,1.087120594E2,2.936784412E1,-6.866246494E1
3.466291746E1,3.501551218E-1,7.323335456E-1,-3.214259227E-1,-4.876108516E-1,1.390063933E2,1.086725887E2,2.928076783E1,-6.862932470E1
3.467288646E1,3.508181971E-1,7.322888488E-1,-3.214372391E-1,-4.871938296E-1,1.389252643E2,1.086510023E2,2.920928754E1,-6.858869222E1
3.468285546E1,3.511945948E-1,7.323184359E-1,-3.213934064E-1,-4.869069518E-1,1.388792014E2,1.086456486E2,2.916974338E1,-6.855398380E1
3.469282346E1,3.512263261E-1,7.324733888E-1,-3.211663824E-1,-4.868007048E-1,1.388753179E2,1.086585451E2,2.917855790E1,-6.851688672E1
3.470279246E1,3.508630413E-1,7.327110549E-1,-3.208047203E-1,-4.869434773E-1,1.389197767E2,1.086861329E2,2.923945785E1,-6.849033360E1
3.471276046E1,3.503033049E-1,7.330401164E-1,-3.201918419E-1,-4.872546317E-1,1.389882646E2,1.087180656E2,2.934228149E1,-6.845491011E1
3.472272946E1,3.495967077E-1,7.333178431E-1,-3.195570472E-1,-4.877604413E-1,1.390747001E2,1.087422215E2,2.946782240E1,-6.843927228E1
3.473269846E1,3.488499182E-1,7.335324127E-1,-3.189812791E-1,-4.883492644E-1,1.391660258E2,1.087595768E2,2.959637419E1,-6.843983011E1
3.474266646E1,3.481732084E-1,7.337844930E-1,-3.183931198E-1,-4.888369877E-1,1.392487580E2,1.087818899E2,2.971526623E1,-6.842749549E1
3.475263546E1,3.473867798E-1,7.340039516E-1,-3.180633207E-1,-4.892814367E-1,1.393448761E2,1.088180648E2,2.982067311E1,-6.843557598E1
3.476260446E1,3.464784362E-1,7.341959726E-1,-3.179915025E-1,-4.896840182E-1,1.394558577E2,1.088692621E2,2.991361154E1,-6.846400361E1
3.477257246E1,3.455737330E-1,7.344290236E-1,-3.179980985E-1,-4.899694156E-1,1.395663550E2,1.089335940E2,2.999417410E1,-6.848603796E1
3.478254146E1,3.446302284E-1,7.346415281E-1,-3.182028478E-1,-4.901825153E-1,1.396815496E2,1.090084027E2,3.005904663E1,-6.851951432E1
3.479250946E1,3.439252012E-1,7.349647944E-1,-3.182763519E-1,-4.901453365E-1,1.397676003E2,1.090902615E2,3.010277353E1,-6.851101532E1
3.480247846E1,3.434992757E-1,7.353044558E-1,-3.182315498E-1,-4.899635045E-1,1.398195743E2,1.091611843E2,3.012711313E1,-6.847601393E1
3.481244746E1,3.433505131E-1,7.355919816E-1,-3.180690316E-1,-4.897417962E-1,1.398377251E2,1.092081688E2,3.013783632E1,-6.842788581E1
3.482241546E1,3.434568602E-1,7.358685914E-1,-3.177533939E-1,-4.894564937E-1,1.398247496E2,1.092371253E2,3.013785015E1,-6.835946625E1
3.483238446E1,3.436313903E-1,7.361158670E-1,-3.174407064E-1,-4.891648796E-1,1.398034538E2,1.092592189E2,3.013233295E1,-6.829172867E1
3.484235246E1,3.437485005E-1,7.363536173E-1,-3.172136613E-1,-4.888720170E-1,1.397891634E2,1.092865561E2,3.012458482E1,-6.823211508E1
3.485232146E1,3.437846836E-1,7.366447045E-1,-3.170226307E-1,-4.885318708E-1,1.397847480E2,1.093282805E2,3.011742200E1,-6.816905358E1
3.486229046E1,3.436126349E-1,7.369192913E-1,-3.170018523E-1,-4.882521896E-1,1.398057423E2,1.093829669E2,3.011606081E1,-6.812849768E1
3.487225846E1,3.433550176E-1,7.372419465E-1,-3.169429521E-1,-4.879844044E-1,1.398371755E2,1.094462171E2,3.012427501E1,-6.808392439E1
3.488222746E1,3.430127746E-1,7.376038614E-1,-3.168392287E-1,-4.877455266E-1,1.398789295E2,1.095159248E2,3.014341588E1,-6.803676586E1
3.489219646E1,3.426158040E-1,7.380435163E-1,-3.165743990E-1,-4.875314522E-1,1.399273533E2,1.095910436E2,3.017959191E1,-6.797445587E1
3.490216446E1,3.422569078E-1,7.386253957E-1,-3.159568634E-1,-4.873026527E-1,1.399711262E2,1.096691319E2,3.023789035E1,-6.787287809E1
3.491213346E1,3.417398976E-1,7.391815444E-1,-3.153380844E-1,-4.872232007E-1,1.400341729E2,1.097461993E2,3.031579271E1,-6.778728430E1
3.492210146E1,3.411946439E-1,7.397343846E-1,-3.146520602E-1,-4.872097558E-1,1.401006501E2,1.098192144E2,3.040416242E1,-6.770220481E1
3.493207046E1,3.405802587E-1,7.401925630E-1,-3.141181017E-1,-4.872883702E-1,1.401755390E2,1.098861143E2,3.049143847E1,-6.764390198E1
3.494203946E1,3.398381528E-1,7.405003193E-1,-3.139294524E-1,-4.874603979E-1,1.402659724E2,1.099501656E2,3.056787641E1,-6.763243396E1
3.495200746E1,3.390666337E-1,7.407600914E-1,-3.139218028E-1,-4.876078907E-1,1.403599629E2,1.100177569E2,3.063187004E1,-6.763687456E1
3.496197646E1,3.381222176E-1,7.409364971E-1,-3.142322775E-1,-4.877957709E-1,1.404749787E2,1.100944910E2,3.068738243E1,-6.767783462E1
3.497194446E1,3.370852682E-1,7.411592431E-1,-3.146011046E-1,-4.879372684E-1,1.406012160E2,1.101863424E2,3.074270346E1,-6.771765664E1
3.498191346E1,3.359737715E-1,7.414637752E-1,-3.149293653E-1,-4.880293171E-1,1.407364733E2,1.102932617E2,3.080355148E1,-6.774554621E1
3.499188246E1,3.347858889E-1,7.418391561E-1,-3.152285026E-1,-4.880821007E-1,1.408809630E2,1.104140206E2,3.086978763E1,-6.776398335E1
3.500185046E1,3.336483718E-1,7.423354985E-1,-3.153120166E-1,-4.880524873E-1,1.410192658E2,1.105429996E2,3.094337498E1,-6.774939545E1
3.501181946E1,3.325034685E-1,7.428893924E-1,-3.152661608E-1,-4.880204821E-1,1.411584071E2,1.106751551E2,3.102662200E1,-6.772023616E1
3.502178846E1,3.314732467E-1,7.435685888E-1,-3.148909274E-1,-4.879291762E-1,1.412835600E2,1.108075252E2,3.112198046E1,-6.764956601E1
3.503175646E1,3.305265073E-1,7.443494224E-1,-3.142298752E-1,-4.878072401E-1,1.413985291E2,1.109393735E2,3.123004439E1,-6.754513401E1
3.504172546E1,3.294656711E-1,7.451209205E-1,-3.135712464E-1,-4.877707409E-1,1.415273058E2,1.110731967E2,3.135066250E1,-6.744957665E1
3.505169346E1,3.283658228E-1,7.459728979E-1,-3.127695922E-1,-4.877248693E-1,1.416607649E2,1.112151910E2,3.148352547E1,-6.733624153E1
3.506166246E1,3.270815767E-1,7.468411441E-1,-3.120109279E-1,-4.877450471E-1,1.418165310E2,1.113688782E2,3.162988481E1,-6.723237974E1
3.507163146E1,3.255545174E-1,7.477354159E-1,-3.113242714E-1,-4.878352361E-1,1.420016527E2,1.115397423E2,3.179201332E1,-6.714055044E1
3.508159946E1,3.237919467E-1,7.487228955E-1,-3.106486785E-1,-4.879244926E-1,1.422151970E2,1.117370900E2,3.196961113E1,-6.704507394E1
3.509156846E1,3.217480563E-1,7.497573478E-1,-3.100976506E-1,-4.880385631E-1,1.424626542E2,1.119607194E2,3.215925366E1,-6.696076216E1
3.510153646E1,3.195515786E-1,7.507865738E-1,-3.095858193E-1,-4.882242989E-1,1.427283831E2,1.121917438E2,3.236067900E1,-6.688658417E1
3.511150546E1,3.172092464E-1,7.517052908E-1,-3.092289198E-1,-4.885643186E-1,1.430115288E2,1.124166325E2,3.257017793E1,-6.684607676E1
3.512147446E1,3.148627154E-1,7.525986565E-1,-3.088384503E-1,-4.889535501E-1,1.432949475E2,1.126362900E2,3.278500079E1,-6.680769641E1
3.513144246E1,3.124556298E-1,7.534469882E-1,-3.085150997E-1,-4.893949909E-1,1.435854387E2,1.128547224E2,3.300223874E1,-6.678194559E1
3.514141146E1,3.101077869E-1,7.543299858E-1,-3.081199098E-1,-4.897770205E-1,1.438685473E2,1.130755759E2,3.321664022E1,-6.674132279E1
3.515138054E1,3.076869141E-1,7.552006975E-1,-3.078865427E-1,-4.901086740E-1,1.441602233E2,1.133079428E2,3.342160504E1,-6.671042242E1
3.516134854E1,3.052460742E-1,7.561419631E-1,-3.076798124E-1,-4.903136236E-1,1.444540621E2,1.135584460E2,3.361828280E1,-6.666531584E1
3.517131754E1,3.027677025E-1,7.571268085E-1,-3.075210452E-1,-4.904298330E-1,1.447521723E2,1.138236869E2,3.380859512E1,-6.661290615E1
3.518128554E1,3.001460527E-1,7.580757870E-1,-3.074751051E-1,-4.906041840E-1,1.450672488E2,1.140951267E2,3.400432122E1,-6.657744849E1
3.519125454E1,2.974408677E-1,7.590154931E-1,-3.073563353E-1,-4.908731968E-1,1.453920793E2,1.143650586E2,3.421639719E1,-6.654398645E1
3.520122354E1,2.946394089E-1,7.599557261E-1,-3.071149814E-1,-4.912588826E-1,1.457281680E2,1.146330975E2,3.445047337E1,-6.650942914E1
3.521119154E1,2.917754146E-1,7.609499702E-1,-3.066677190E-1,-4.917085368E-1,1.460714451E2,1.149042692E2,3.470665347E1,-6.645801100E1
3.522116054E1,2.887897951E-1,7.619549829E-1,-3.061450349E-1,-4.922401139E-1,1.464289666E2,1.151800538E2,3.498112081E1,-6.640554138E1
3.523112854E1,2.856804113E-1,7.629548747E-1,-3.056102757E-1,-4.928375455E-1,1.468009513E2,1.154614057E2,3.526871299E1,-6.635704016E1
3.524109754E1,2.825024230E-1,7.640317899E-1,-3.049689903E-1,-4.933981302E-1,1.471807719E2,1.157579613E2,3.556560497E1,-6.628923371E1
3.525106654E1,2.790423670E-1,7.651032260E-1,-3.045501560E-1,-4.939653951E-1,1.475938830E2,1.160802646E2,3.586689628E1,-6.624098261E1
3.526103454E1,2.753635055E-1,7.661894346E-1,-3.043577978E-1,-4.944643611E-1,1.480326442E2,1.164308078E2,3.616330134E1,-6.620426368E1
3.527100354E1,2.716175463E-1,7.672852316E-1,-3.042605439E-1,-4.948968194E-1,1.484789140E2,1.167954699E2,3.645341725E1,-6.616748447E1
3.528097254E1,2.677947113E-1,7.682242002E-1,-3.042836193E-1,-4.955089919E-1,1.489338373E2,1.171414842E2,3.675202436E1,-6.616631652E1
3.529094054E1,2.640141706E-1,7.691236350E-1,-3.040022259E-1,-4.963144708E-1,1.493832342E2,1.174641849E2,3.708021883E1,-6.615573008E1
3.530090954E1,2.600958624E-1,7.701090072E-1,-3.033947423E-1,-4.972261071E-1,1.498484993E2,1.177963826E2,3.744598069E1,-6.611713833E1
3.531087754E1,2.559991887E-1,7.712812375E-1,-3.025558093E-1,-4.980458633E-1,1.503344003E2,1.181676408E2,3.783276261E1,-6.603349111E1
3.532084654E1,2.517853573E-1,7.725476239E-1,-3.017623948E-1,-4.987120259E-1,1.508336288E2,1.185725355E2,3.821388905E1,-6.593007467E1
3.533081554E1,2.475262391E-1,7.737771107E-1,-3.012694664E-1,-4.992359218E-1,1.513376482E2,1.189944651E2,3.856854566E1,-6.584042189E1
3.534078354E1,2.434148667E-1,7.750051645E-1,-3.009479913E-1,-4.995461542E-1,1.518236468E2,1.194249283E2,3.888735366E1,-6.574419585E1
3.535075254E1,2.393466106E-1,7.761823049E-1,-3.008342159E-1,-4.997530847E-1,1.523040400E2,1.198593680E2,3.918243514E1,-6.565857405E1
3.536072154E1,2.351163103E-1,7.772449744E-1,-3.009353894E-1,-5.000484709E-1,1.528030421E2,1.202936861E2,3.948013743E1,-6.560601343E1
3.537068954E1,2.307299614E-1,7.783075808E-1,-3.009080782E-1,-5.004549772E-1,1.533198972E2,1.207343556E2,3.980366084E1,-6.554807544E1
3.538065854E1,2.260577619E-1,7.793438454E-1,-3.008413598E-1,-5.010146557E-1,1.538698277E2,1.211875682E2,4.015895249E1,-6.549795716E1
3.539062654E1,2.212867176E-1,7.803650635E-1,-3.006761441E-1,-5.016536230E-1,1.544307613E2,1.216443197E2,4.053215160E1,-6.544274301E1
3.540059554E1,2.166787394E-1,7.814120123E-1,-3.003556384E-1,-5.022272206E-1,1.549719322E2,1.220975478E2,4.089928671E1,-6.536181900E1
3.541056454E1,2.123013677E-1,7.824289525E-1,-3.000868047E-1,-5.026738086E-1,1.554854951E2,1.225415884E2,4.123853863E1,-6.527402353E1
3.542053254E1,2.082568297E-1,7.834618664E-1,-2.998364735E-1,-5.029063327E-1,1.559595649E2,1.229784654E2,4.153901444E1,-6.516585477E1
3.543050154E1,2.044514961E-1,7.846010957E-1,-2.995271157E-1,-5.028759659E-1,1.564052159E2,1.234287102E2,4.180799862E1,-6.501814149E1
3.544046954E1,2.005700875E-1,7.858549223E-1,-2.991721127E-1,-5.026924796E-1,1.568594037E2,1.239124807E2,4.207298987E1,-6.483922147E1
3.545043854E1,1.963859486E-1,7.871717374E-1,-2.986706706E-1,-5.025821919E-1,1.573486035E2,1.244273606E2,4.237092346E1,-6.464138741E1
3.546040754E1,1.916308674E-1,7.883262449E-1,-2.982367899E-1,-5.028661247E-1,1.579040499E2,1.249504694E2,4.272984406E1,-6.448927406E1
3.547037554E1,1.864674253E-1,7.893585477E-1,-2.977077205E-1,-5.035008035E-1,1.585066029E2,1.254754004E2,4.314599815E1,-6.436006595E1
3.548034454E1,1.809664081E-1,7.903107714E-1,-2.972749988E-1,-5.042693197E-1,1.591478892E2,1.260179290E2,4.358780336E1,-6.424971142E1
3.549031354E1,1.754033402E-1,7.912707924E-1,-2.969172564E-1,-5.049400657E-1,1.597957383E2,1.265807056E2,4.402148756E1,-6.413044868E1
3.550028154E1,1.701718205E-1,7.923416173E-1,-2.964122950E-1,-5.053474993E-1,1.604043816E2,1.271518232E2,4.442168258E1,-6.396079360E1
3.551025054E1,1.653684812E-1,7.935075888E-1,-2.958543339E-1,-5.054396218E-1,1.609627181E2,1.277242548E2,4.477224400E1,-6.374856529E1
3.552021854E1,1.611306366E-1,7.948509775E-1,-2.950493291E-1,-5.051680907E-1,1.614549430E2,1.282977791E2,4.507110186E1,-6.346514398E1
3.553018754E1,1.571012188E-1,7.963061606E-1,-2.942749861E-1,-5.045967164E-1,1.619226391E2,1.288925506E2,4.532978458E1,-6.314606318E1
3.554015654E1,1.529570456E-1,7.977587939E-1,-2.935887511E-1,-5.039748818E-1,1.624033385E2,1.295070324E2,4.558486639E1,-6.282494015E1
3.555012454E1,1.484995528E-1,7.991035523E-1,-2.928547848E-1,-5.036044531E-1,1.629200331E2,1.301266587E2,4.588026923E1,-6.251982379E1
3.556009354E1,1.435084176E-1,8.003230925E-1,-2.921555054E-1,-5.035209813E-1,1.634981710E2,1.307692150E2,4.622857996E1,-6.223882945E1
3.557006154E1,1.381413325E-1,8.014918035E-1,-2.915032619E-1,-5.035411907E-1,1.641193852E2,1.314430128E2,4.660469545E1,-6.196182188E1
3.558003054E1,1.327525419E-1,8.026585758E-1,-2.908114003E-1,-5.035321081E-1,1.647426394E2,1.321299097E2,4.698010326E1,-6.166941852E1
3.558999954E1,1.276128391E-1,8.038250109E-1,-2.900460346E-1,-5.034417242E-1,1.653366618E2,1.328068898E2,4.733518437E1,-6.135896558E1
3.559996754E1,1.227375023E-1,8.048977746E-1,-2.893536883E-1,-5.033385065E-1,1.658997638E2,1.334539343E2,4.766696977E1,-6.106224613E1
3.560993654E1,1.181664448E-1,8.059160636E-1,-2.885816212E-1,-5.032461839E-1,1.664274106E2,1.340702802E2,4.798306684E1,-6.076284325E1
3.561990554E1,1.136616632E-1,8.068436525E-1,-2.878565058E-1,-5.032126350E-1,1.669471243E2,1.346708854E2,4.829596587E1,-6.047720132E1
3.562987354E1,1.090887091E-1,8.076667172E-1,-2.871202636E-1,-5.033250617E-1,1.674744274E2,1.352625111E2,4.862457463E1,-6.020431531E1
3.563984254E1,1.043375581E-1,8.083226697E-1,-2.864978600E-1,-5.036339770E-1,1.680219964E2,1.358441492E2,4.897406591E1,-5.996539578E1
3.564981054E1,9.948938500E-2,8.089059821E-1,-2.859217126E-1,-5.040057754E-1,1.685804645E2,1.364295808E2,4.933163112E1,-5.973426769E1
3.565977954E1,9.468565580E-2,8.095197877E-1,-2.853237541E-1,-5.042844083E-1,1.691335447E2,1.370287351E2,4.967838576E1,-5.948370834E1
3.566974854E1,9.003725880E-2,8.102019766E-1,-2.847242574E-1,-5.043788804E-1,1.696684989E2,1.376402300E2,4.999835148E1,-5.920808964E1
3.567971654E1,8.550906462E-2,8.108736077E-1,-2.842569542E-1,-5.043511689E-1,1.701894026E2,1.382506153E2,5.029259661E1,-5.893564717E1
3.568968554E1,8.110518256E-2,8.115031973E-1,-2.839443932E-1,-5.042420085E-1,1.706958110E2,1.388511133E2,5.056351947E1,-5.867666437E1
3.569965354E1,7.668659126E-2,8.119915529E-1,-2.840530056E-1,-5.040860652E-1,1.712037280E2,1.394361997E2,5.081057608E1,-5.847206868E1
3.570962254E1,7.235977472E-2,8.124270984E-1,-2.843775363E-1,-5.038408759E-1,1.717009276E2,1.400108960E2,5.103342618E1,-5.828973168E1
3.571959154E1,6.809183732E-2,8.128148072E-1,-2.848502975E-1,-5.035432981E-1,1.721912080E2,1.405777221E2,5.124070564E1,-5.812369905E1
3.572955954E1,6.391367272E-2,8.132086063E-1,-2.852905003E-1,-5.032058072E-1,1.726710371E2,1.411426840E2,5.143989217E1,-5.794913778E1
3.573952854E1,5.978227004E-2,8.136625068E-1,-2.856220485E-1,-5.027917144E-1,1.731453693E2,1.417222728E2,5.163338602E1,-5.774658320E1
3.574949754E1,5.563173269E-2,8.141687115E-1,-2.859397303E-1,-5.022676183E-1,1.736217801E2,1.423236702E2,5.181757187E1,-5.752302953E1
3.575946554E1,5.155670142E-2,8.147069479E-1,-2.862104606E-1,-5.016753497E-1,1.740894168E2,1.429305410E2,5.199198773E1,-5.728384429E1
3.576943454E1,4.767310114E-2,8.152367548E-1,-2.863342670E-1,-5.011278411E-1,1.745349936E2,1.435177489E2,5.216446978E1,-5.703483472E1
3.577940254E1,4.391075734E-2,8.156730169E-1,-2.863601030E-1,-5.007466439E-1,1.749665794E2,1.440730210E2,5.234864780E1,-5.679779455E1
3.578937154E1,4.026345336E-2,8.159972526E-1,-2.861555643E-1,-5.006419090E-1,1.753849006E2,1.445909112E2,5.256105779E1,-5.656618168E1
3.579934054E1,3.659914314E-2,8.161644913E-1,-2.859254426E-1,-5.007820684E-1,1.758051103E2,1.450789717E2,5.279828606E1,-5.636191355E1
3.580930854E1,3.301954807E-2,8.162003161E-1,-2.858589348E-1,-5.010103568E-1,1.762155506E2,1.455324943E2,5.303202430E1,-5.619909139E1
3.581927754E1,2.970288612E-2,8.161576213E-1,-2.859668729E-1,-5.012258536E-1,1.765957993E2,1.459409301E2,5.324202441E1,-5.607503447E1
3.582924554E1,2.660281683E-2,8.160441620E-1,-2.863944948E-1,-5.013405773E-1,1.769511821E2,1.463114788E2,5.341699603E1,-5.599998560E1
3.583921454E1,2.377094900E-2,8.159891393E-1,-2.868514299E-1,-5.013113485E-1,1.772757933E2,1.466656520E2,5.356120128E1,-5.592247771E1
3.584918354E1,2.091946182E-2,8.159533355E-1,-2.872481793E-1,-5.012693281E-1,1.776026314E2,1.470299221E2,5.370758094E1,-5.583108987E1
3.585915154E1,1.780552621E-2,8.159089971E-1,-2.874730748E-1,-5.013330120E-1,1.779595292E2,1.474291398E2,5.388610881E1,-5.571047806E1
3.586912054E1,1.452688072E-2,8.159236431E-1,-2.873635984E-1,-5.014776600E-1,1.783352835E2,1.478676951E2,5.409456019E1,-5.553365499E1
3.587908954E1,1.113172026E-2,8.159614910E-1,-2.872879027E-1,-5.015461697E-1,1.787243725E2,1.483332459E2,5.430050829E1,-5.534295213E1
3.588905754E1,8.009861046E-3,8.160939374E-1,-2.872227226E-1,-5.014275263E-1,1.790821277E2,1.487903065E2,5.447111895E1,-5.514019279E1
3.589902654E1,5.318784768E-3,8.162672663E-1,-2.873543682E-1,-5.011056086E-1,1.793905093E2,1.492028452E2,5.458889043E1,-5.496514828E1
3.590899454E1,2.950953745E-3,8.164115772E-1,-2.878375397E-1,-5.006126802E-1,1.796618451E2,1.495666940E2,5.465794116E1,-5.484460893E1
3.591896354E1,8.784035432E-4,8.165522212E-1,-2.883894527E-1,-5.000731373E-1,1.798993424E2,1.498903846E2,5.470271957E1,-5.474618429E1
3.592893254E1,1.195052816E-3,-8.166146617E-1,2.888857950E-1,4.996839112E-1,1.798630570E2,1.501966881E2,5.476462861E1,-5.465925562E1
3.593890054E1,3.322878610E-3,-8.166517088E-1,2.890622639E-1,4.995117834E-1,1.796192255E2,1.505063596E2,5.486271289E1,-5.454333020E1
3.594886954E1,5.506464685E-3,-8.165845057E-1,2.890131418E-1,4.996307218E-1,1.793690024E2,1.508010994E2,5.500122360E1,-5.442466152E1
3.595883754E1,7.663624685E-3,-8.164116825E-1,2.889404174E-1,4.999265927E-1,1.791218047E2,1.510689463E2,5.515698205E1,-5.432726669E1
3.596880654E1,9.574604943E-3,-8.162036246E-1,2.888793255E-1,5.002687408E-1,1.789028143E2,1.512949202E2,5.530302844E1,-5.425201052E1
3.597877554E1,1.118705907E-2,-8.159782443E-1,2.890264812E-1,5.005177444E-1,1.787180307E2,1.514743122E2,5.541549378E1,-5.421778911E1
3.598874354E1,1.247647868E-2,-8.157925242E-1,2.893739609E-1,5.005892465E-1,1.785702638E2,1.516164119E2,5.548467547E1,-5.421325905E1
3.599871254E1,1.351670505E-2,-8.157275970E-1,2.895115493E-1,5.005886986E-1,1.784510525E2,1.517526788E2,5.553930162E1,-5.417565381E1
3.600868154E1,1.463515597E-2,-8.157235931E-1,2.893570811E-1,5.006528883E-1,1.783228748E2,1.519170308E2,5.561468954E1,-5.408981095E1
3.601864954E1,1.610519590E-2,-8.156812776E-1,2.890933261E-1,5.008289778E-1,1.781544007E2,1.521255225E2,5.572513733E1,-5.397842059E1
3.602861854E1,1.783062466E-2,-8.156139059E-1,2.886929521E-1,5.011113406E-1,1.779566526E2,1.523682704E2,5.586542902E1,-5.384099909E1
3.603858654E1,1.969395790E-2,-8.154510926E-1,2.885480934E-1,5.013896573E-1,1.777430928E2,1.526090449E2,5.600463392E1,-5.373978814E1
3.604855554E1,2.134931753E-2,-8.152566060E-1,2.887102956E-1,5.015449263E-1,1.775533625E2,1.528104399E2,5.610933693E1,-5.368907597E1
3.605852454E1,2.264314148E-2,-8.150372316E-1,2.890764252E-1,5.016337719E-1,1.774050653E2,1.529506226E2,5.618014035E1,-5.368825961E1
3.606849254E1,2.377613306E-2,-8.147680397E-1,2.894668315E-1,5.017934663E-1,1.772751991E2,1.530546416E2,5.624853035E1,-5.371189658E1
3.607846154E1,2.495329454E-2,-8.144996697E-1,2.897532404E-1,5.020066029E-1,1.771402662E2,1.531668481E2,5.632839781E1,-5.372130337E1
3.608843054E1,2.620200030E-2,-8.143058785E-1,2.899157587E-1,5.021636210E-1,1.769971283E2,1.533096939E2,5.641046702E1,-5.369536650E1
3.609839854E1,2.747220094E-2,-8.141392509E-1,2.901104560E-1,5.022534570E-1,1.768515215E2,1.534629074E2,5.648574249E1,-5.366420569E1
3.610836754E1,2.847729791E-2,-8.140434090E-1,2.902001445E-1,5.023010619E-1,1.767363008E2,1.535939676E2,5.654488716E1,-5.362415497E1
3.611833554E1,2.916064584E-2,-8.139913576E-1,2.903318534E-1,5.022700629E-1,1.766579624E2,1.536859193E2,5.657623968E1,-5.360087135E1
3.612830454E1,2.948585092E-2,-8.140050342E-1,2.902819305E-1,5.022577138E-1,1.766206806E2,1.537401093E2,5.659491809E1,-5.356927899E1
3.613827354E1,2.977162763E-2,-8.139619391E-1,2.901662163E-1,5.023776427E-1,1.765879186E2,1.537750274E2,5.662729404E1,-5.354681812E1
3.614824217E1,3.018591008E-2,-8.139047037E-1,2.899666931E-1,5.025606232E-1,1.765404240E2,1.538273722E2,5.667614741E1,-5.350958615E1
3.615821117E1,3.084213651E-2,-8.138106951E-1,2.898579753E-1,5.027356591E-1,1.764651909E2,1.539077927E2,5.673504246E1,-5.347253033E1
3.616817917E1,3.172715711E-2,-8.136070205E-1,2.899686740E-1,5.029464987E-1,1.763637254E2,1.539954033E2,5.680387749E1,-5.346659165E1
3.617814817E1,3.266557776E-2,-8.133268282E-1,2.903330757E-1,5.031293949E-1,1.762561345E2,1.540705348E2,5.686501045E1,-5.350040862E1
3.618811717E1,3.330273275E-2,-8.131699366E-1,2.905175314E-1,5.032347831E-1,1.761830822E2,1.541304780E2,5.690651934E1,-5.350895855E1
3.619808517E1,3.370407611E-2,-8.131207301E-1,2.905578870E-1,5.032643070E-1,1.761370658E2,1.541811928E2,5.693112477E1,-5.349489890E1
3.620805417E1,3.378685252E-2,-8.132174361E-1,2.902834056E-1,5.032608510E-1,1.761275749E2,1.542206550E2,5.694386106E1,-5.343781284E1
3.621802217E1,3.360208074E-2,-8.133648868E-1,2.899538805E-1,5.032248997E-1,1.761487602E2,1.542309539E2,5.693971338E1,-5.338305241E1
3.622799117E1,3.309450624E-2,-8.135114104E-1,2.896645634E-1,5.031883584E-1,1.762069563E2,1.541897986E2,5.691603876E1,-5.335658344E1
3.623796017E1,3.230928938E-2,-8.135646418E-1,2.894621321E-1,5.032696807E-1,1.762969837E2,1.540814925E2,5.688644185E1,-5.338107600E1
3.624792817E1,3.133719339E-2,-8.135086287E-1,2.893201394E-1,5.035034061E-1,1.764084342E2,1.539169042E2,5.686046447E1,-5.345062124E1
3.625789717E1,3.022493806E-2,-8.134039570E-1,2.890478497E-1,5.038966783E-1,1.765359497E2,1.537202306E2,5.684729442E1,-5.352778466E1
3.626786617E1,2.898046806E-2,-8.133129619E-1,2.884856529E-1,5.044385604E-1,1.766786180E2,1.535095259E2,5.685124728E1,-5.358107171E1
3.627783417E1,2.768582224E-2,-8.132693399E-1,2.878000501E-1,5.049728770E-1,1.768270330E2,1.533042439E2,5.685545354E1,-5.361387366E1
3.628780317E1,2.642455673E-2,-8.132788862E-1,2.870517539E-1,5.054508434E-1,1.769716163E2,1.531182370E2,5.685771186E1,-5.362507489E1
3.629777117E1,2.539895532E-2,-8.131878912E-1,2.864076236E-1,5.060148103E-1,1.770891811E2,1.529434073E2,5.687906694E1,-5.365332037E1
3.630774017E1,2.469931763E-2,-8.127945135E-1,2.859584857E-1,5.069348339E-1,1.771693788E2,1.527427247E2,5.694986352E1,-5.374929916E1
3.631770917E1,2.413113597E-2,-8.120945387E-1,2.855602823E-1,5.083065874E-1,1.772345071E2,1.524856436E2,5.707342044E1,-5.391388868E1
3.632767717E1,2.360484827E-2,-8.111338434E-1,2.853238384E-1,5.099950323E-1,1.772948324E2,1.521675545E2,5.722665378E1,-5.415519961E1
3.633764617E1,2.289163930E-2,-8.101310013E-1,2.851142000E-1,5.117359500E-1,1.773765822E2,1.518081106E2,5.737314498E1,-5.442460534E1
3.634761517E1,2.192487489E-2,-8.092227367E-1,2.849703107E-1,5.132930232E-1,1.774873931E2,1.514312954E2,5.748307014E1,-5.469768013E1
3.635758317E1,2.076499362E-2,-8.084912992E-1,2.848706966E-1,5.145476927E-1,1.776203360E2,1.510683217E2,5.754843402E1,-5.494714394E1
3.636755217E1,1.956671657E-2,-8.079264050E-1,2.846045393E-1,5.156281272E-1,1.777576763E2,1.507428631E2,5.759880085E1,-5.514241905E1
3.637752017E1,1.866565909E-2,-8.073792968E-1,2.842693454E-1,5.167023660E-1,1.778609488E2,1.504675888E2,5.766783636E1,-5.530609980E1
3.638748917E1,1.790996610E-2,-8.069640450E-1,2.837379790E-1,5.176689197E-1,1.779475593E2,1.502494041E2,5.774098869E1,-5.540807985E1
3.639745817E1,1.706981082E-2,-8.067782827E-1,2.831752975E-1,5.182946318E-1,1.780438488E2,1.500776245E2,5.777549739E1,-5.545626563E1
3.640742617E1,1.595336188E-2,-8.068174793E-1,2.826793134E-1,5.185397790E-1,1.781718018E2,1.499217436E2,5.775273423E1,-5.547419213E1
3.641739517E1,1.442029134E-2,-8.070280239E-1,2.821504758E-1,5.185449420E-1,1.783474991E2,1.497478888E2,5.768243554E1,-5.547433791E1
3.642736317E1,1.255109968E-2,-8.073589820E-1,2.815485134E-1,5.184056677E-1,1.785617122E2,1.495560016E2,5.758059805E1,-5.545921993E1
3.643733217E1,1.041115667E-2,-8.078328812E-1,2.807574171E-1,5.181436618E-1,1.788069478E2,1.493630403E2,5.745753509E1,-5.540675485E1
3.644730117E1,8.188057921E-3,-8.083482739E-1,2.799319078E-1,5.178264014E-1,1.790617072E2,1.491701955E2,5.732562900E1,-5.534459714E1
3.645726917E1,5.979626279E-3,-8.087565083E-1,2.792291513E-1,5.175985766E-1,1.793147812E2,1.489529958E2,5.719949268E1,-5.531827588E1
3.646723817E1,3.690925965E-3,-8.090853380E-1,2.785926496E-1,5.174489553E-1,1.795770501E2,1.487051600E2,5.707441765E1,-5.532128632E1
3.647720717E1,1.233596109E-3,-8.094283923E-1,2.780004231E-1,5.172426886E-1,1.798586403E2,1.484383300E2,5.693243362E1,-5.533360812E1
3.648717517E1,1.298228301E-3,8.097862822E-1,-2.774843139E-1,-5.169593564E-1,1.798512340E2,1.481666835E2,5.677577385E1,-5.535174837E1
3.649714417E1,3.806829798E-3,8.100844712E-1,-2.769638425E-1,-5.167588850E-1,1.795637684E2,1.478857507E2,5.662916750E1,-5.538014846E1
3.650711217E1,6.258617343E-3,8.102661241E-1,-2.762966578E-1,-5.168072906E-1,1.792828106E2,1.475861771E2,5.651646640E1,-5.541729466E1
3.651708117E1,8.608978497E-3,8.103242025E-1,-2.755987903E-1,-5.170549876E-1,1.790134715E2,1.472717338E2,5.643085083E1,-5.547377409E1
3.652705017E1,1.098580787E-2,8.103419252E-1,-2.748050598E-1,-5.174045536E-1,1.787410938E2,1.469456196E2,5.635757941E1,-5.553064263E1
3.653701817E1,1.350760133E-2,8.103051310E-1,-2.739011363E-1,-5.178816770E-1,1.784520958E2,1.465877796E2,5.629284892E1,-5.559675533E1
3.654698717E1,1.627372007E-2,8.102338396E-1,-2.729835784E-1,-5.183976598E-1,1.781350867E2,1.461898486E2,5.621826197E1,-5.568129347E1
3.655695517E1,1.932852365E-2,8.101650560E-1,-2.721353309E-1,-5.188462709E-1,1.777849764E2,1.457559705E2,5.611746792E1,-5.578449799E1
3.656692417E1,2.271660344E-2,8.101625271E-1,-2.712688760E-1,-5.191665658E-1,1.773966451E2,1.452978347E2,5.598528998E1,-5.588344635E1
3.657689317E1,2.645001343E-2,8.102861228E-1,-2.700726431E-1,-5.194205006E-1,1.769686982E2,1.448305329E2,5.583987919E1,-5.593411258E1
3.658686117E1,3.034383432E-2,8.104867629E-1,-2.685328290E-1,-5.196929378E-1,1.765223189E2,1.443667745E2,5.570137952E1,-5.593743059E1
3.659683017E1,3.420124034E-2,8.106876137E-1,-2.667431263E-1,-5.200614699E-1,1.760800621E2,1.439128154E2,5.558533762E1,-5.591132748E1
3.660679917E1,3.799390879E-2,8.109096643E-1,-2.646897951E-1,-5.205009351E-1,1.756451706E2,1.434772774E2,5.549181612E1,-5.584858864E1
3.661676717E1,4.169619333E-2,8.110378961E-1,-2.626325020E-1,-5.210596969E-1,1.752205826E2,1.430338958E2,5.541618787E1,-5.580035762E1
3.662673617E1,4.547071757E-2,8.109923986E-1,-2.607424477E-1,-5.217634439E-1,1.747876424E2,1.425415361E2,5.534391007E1,-5.580922435E1
3.663670417E1,4.958734778E-2,8.109070302E-1,-2.589280891E-1,-5.224244119E-1,1.743153772E2,1.420010423E2,5.524489436E1,-5.584482809E1
3.664667317E1,5.418757093E-2,8.109665204E-1,-2.569831174E-1,-5.228352804E-1,1.737875190E2,1.414436430E2,5.510013605E1,-5.584681141E1
3.665664217E1,5.921472058E-2,8.112325513E-1,-2.547375333E-1,-5.229763459E-1,1.732105212E2,1.408938120E2,5.491920892E1,-5.578043613E1
3.666661017E1,6.447595382E-2,8.116225783E-1,-2.522541567E-1,-5.229526594E-1,1.726064712E2,1.403553381E2,5.472123666E1,-5.566283943E1
3.667657917E1,6.986297434E-2,8.120262397E-1,-2.496285134E-1,-5.228940120E-1,1.719877661E2,1.398138818E2,5.452094407E1,-5.552518362E1
3.668654717E1,7.529578741E-2,8.123688514E-1,-2.469068807E-1,-5.228999547E-1,1.713635645E2,1.392603282E2,5.433041448E1,-5.538688236E1
3.669651617E1,8.050052280E-2,8.125400730E-1,-2.443864780E-1,-5.230426008E-1,1.707653273E2,1.386989633E2,5.415847582E1,-5.529233502E1
3.670648517E1,8.552057071E-2,8.125612307E-1,-2.419943915E-1,-5.233250479E-1,1.701880792E2,1.381291523E2,5.400578068E1,-5.523218713E1
3.671645317E1,9.035816491E-2,8.124095653E-1,-2.399071321E-1,-5.237087317E-1,1.696315752E2,1.375447024E2,5.385985227E1,-5.522815717E1
3.672642217E1,9.511736597E-2,8.121753342E-1,-2.381614728E-1,-5.240258235E-1,1.690838500E2,1.369567675E2,5.369678993E1,-5.526404501E1
3.673639117E1,1.000006474E-1,8.120137221E-1,-2.365613466E-1,-5.240919308E-1,1.685215845E2,1.363821256E2,5.349713376E1,-5.528952500E1
3.674635917E1,1.049232096E-1,8.120210346E-1,-2.351990130E-1,-5.237313013E-1,1.679545153E2,1.358552607E2,5.324542127E1,-5.528562191E1
3.675632817E1,1.099045456E-1,8.122746743E-1,-2.338643066E-1,-5.229133153E-1,1.673803739E2,1.353925783E2,5.294837978E1,-5.521577124E1
3.676629617E1,1.146314200E-1,8.125467111E-1,-2.328246913E-1,-5.219389855E-1,1.668352672E2,1.349700676E2,5.263840500E1,-5.515273375E1
3.677626517E1,1.189419679E-1,8.127264253E-1,-2.322302522E-1,-5.209584602E-1,1.663379110E2,1.345764316E2,5.233055771E1,-5.513410814E1
3.678623417E1,1.229662754E-1,8.128732860E-1,-2.319665604E-1,-5.199112796E-1,1.658733482E2,1.342117671E2,5.201722932E1,-5.513915021E1
3.679620217E1,1.268656597E-1,8.129287091E-1,-2.320520764E-1,-5.188485889E-1,1.654229839E2,1.338455202E2,5.169247345E1,-5.518639993E1
3.680617117E1,1.310586600E-1,8.128619906E-1,-2.322182614E-1,-5.178357369E-1,1.649384550E2,1.334281855E2,5.135126694E1,-5.526636114E1
3.681614017E1,1.360689088E-1,8.128562376E-1,-2.320280316E-1,-5.166361955E-1,1.643591315E2,1.329531002E2,5.096471975E1,-5.530348355E1
3.682610817E1,1.418875973E-1,8.129439030E-1,-2.315649220E-1,-5.151386126E-1,1.636858238E2,1.324331648E2,5.051987729E1,-5.529277511E1
3.683607717E1,1.482601376E-1,8.129943528E-1,-2.308268886E-1,-5.135933616E-1,1.629477751E2,1.318629960E2,5.005419961E1,-5.525999968E1
3.684604517E1,1.546766370E-1,8.127471194E-1,-2.300690039E-1,-5.124309726E-1,1.622039145E2,1.312302652E2,4.962145896E1,-5.528208520E1
3.685601417E1,1.607877193E-1,8.121113763E-1,-2.294698443E-1,-5.118262075E-1,1.614947576E2,1.305463037E2,4.924674554E1,-5.539306450E1
3.686598317E1,1.665025054E-1,8.112490940E-1,-2.290168922E-1,-5.115691855E-1,1.608309416E2,1.298564313E2,4.891681669E1,-5.555495836E1
3.687595117E1,1.717758242E-1,8.102760918E-1,-2.287522942E-1,-5.114861246E-1,1.602178294E2,1.291908558E2,4.861652129E1,-5.574571530E1
3.688592017E1,1.768437825E-1,8.093198641E-1,-2.284080388E-1,-5.114268555E-1,1.596280545E2,1.285547016E2,4.833382219E1,-5.591688544E1
3.689588817E1,1.817949414E-1,8.084615436E-1,-2.281237583E-1,-5.111751967E-1,1.590513449E2,1.279615125E2,4.803791777E1,-5.605983032E1
3.690585717E1,1.867683433E-1,8.077202226E-1,-2.280993553E-1,-5.105646259E-1,1.584715037E2,1.274084853E2,4.769592859E1,-5.618301514E1
3.691582617E1,1.920439802E-1,8.070138204E-1,-2.282679637E-1,-5.096486168E-1,1.578558147E2,1.268548416E2,4.729977888E1,-5.629702723E1
3.692579417E1,1.976298707E-1,8.061497257E-1,-2.286726578E-1,-5.086981211E-1,1.572032111E2,1.262577816E2,4.686867507E1,-5.644714291E1
3.693576317E1,2.034581160E-1,8.050969396E-1,-2.291385912E-1,-5.078574495E-1,1.565214930E2,1.256136845E2,4.642799650E1,-5.662735688E1
3.694573217E1,2.094488374E-1,8.039775614E-1,-2.293820735E-1,-5.070848451E-1,1.558198907E2,1.249515107E2,4.599523751E1,-5.679057922E1
3.695570017E1,2.153819652E-1,8.028946192E-1,-2.293674275E-1,-5.063213654E-1,1.551241254E2,1.243086584E2,4.558112787E1,-5.691538531E1
3.696566917E1,2.212130554E-1,8.019970178E-1,-2.289533347E-1,-5.054165674E-1,1.544394169E2,1.237170554E2,4.518532409E1,-5.696134867E1
3.697563717E1,2.268532732E-1,8.012474361E-1,-2.283014494E-1,-5.043991004E-1,1.537762375E2,1.231756162E2,4.480653279E1,-5.695146637E1
3.698560617E1,2.323040935E-1,8.004886242E-1,-2.276530623E-1,-5.034152559E-1,1.531344772E2,1.226529093E2,4.444200052E1,-5.693835273E1
3.699557517E1,2.376504317E-1,7.996635364E-1,-2.270918559E-1,-5.024836315E-1,1.525041834E2,1.221323440E2,4.408292237E1,-5.693850192E1
3.700554317E1,2.429457302E-1,7.988350558E-1,-2.266518007E-1,-5.014667439E-1,1.518790696E2,1.216257304E2,4.371330320E1,-5.693841242E1
3.701551217E1,2.479440198E-1,7.979344831E-1,-2.267571467E-1,-5.004053071E-1,1.512882337E2,1.211434169E2,4.332494525E1,-5.698678764E1
3.702548017E1,2.526450371E-1,7.969048145E-1,-2.275210373E-1,-4.993469576E-1,1.507318255E2,1.206760342E2,4.291400194E1,-5.710322662E1
3.703544917E1,2.570323554E-1,7.956636952E-1,-2.291054848E-1,-4.983618172E-1,1.502119096E2,1.202119190E2,4.247603471E1,-5.731544230E1
3.704541817E1,2.611439491E-1,7.941463665E-1,-2.314385236E-1,-4.975657475E-1,1.497240983E2,1.197344751E2,4.202096781E1,-5.763074432E1
3.705538617E1,2.649082949E-1,7.923623114E-1,-2.344234267E-1,-4.970223482E-1,1.492769925E2,1.192486711E2,4.156292078E1,-5.804254938E1
3.706535517E1,2.683028337E-1,7.904432390E-1,-2.378137613E-1,-4.966464510E-1,1.488733990E2,1.187778452E2,4.111172542E1,-5.850817464E1
3.707532417E1,2.713000541E-1,7.884839584E-1,-2.415030857E-1,-4.963522765E-1,1.485167154E2,1.183406067E2,4.066929437E1,-5.900234647E1
3.708529217E1,2.739648413E-1,7.865628419E-1,-2.453410409E-1,-4.960542035E-1,1.481993301E2,1.179449473E2,4.023513702E1,-5.949814861E1
3.709526117E1,2.763914988E-1,7.846678563E-1,-2.493348552E-1,-4.957179454E-1,1.479100888E2,1.175835218E2,3.980075374E1,-5.999533912E1
3.710522917E1,2.788600924E-1,7.828155866E-1,-2.532247565E-1,-4.952918724E-1,1.476156335E2,1.172365007E2,3.936184882E1,-6.046541580E1
3.711519817E1,2.813927387E-1,7.809429600E-1,-2.570025049E-1,-4.948696874E-1,1.473133094E2,1.168884818E2,3.892427450E1,-6.092110096E1
3.712516717E1,2.838794133E-1,7.790014654E-1,-2.606830628E-1,-4.945840898E-1,1.470162453E2,1.165339923E2,3.850320050E1,-6.137911926E1
3.713513517E1,2.860220537E-1,7.769156390E-1,-2.645927520E-1,-4.945546081E-1,1.467600973E2,1.161836637E2,3.810435547E1,-6.188521245E1
3.714510371E1,2.877386000E-1,7.746404678E-1,-2.689929672E-1,-4.947538889E-1,1.465547647E2,1.158440756E2,3.771349982E1,-6.246382781E1
3.715507171E1,2.892989606E-1,7.722564102E-1,-2.738765858E-1,-4.948917091E-1,1.463680190E2,1.155230011E2,3.729378906E1,-6.308238670E1
3.716504071E1,2.909960878E-1,7.698159602E-1,-2.791219929E-1,-4.947682610E-1,1.461648005E2,1.152165430E2,3.682079603E1,-6.370751277E1
3.717500971E1,2.930914499E-1,7.674238315E-1,-2.841708060E-1,-4.943732713E-1,1.459137448E2,1.149095283E2,3.631410711E1,-6.428033553E1
3.718497771E1,2.955215740E-1,7.651929567E-1,-2.885160197E-1,-4.938676566E-1,1.456223683E2,1.145992872E2,3.582296315E1,-6.476312134E1
3.719494671E1,2.979292654E-1,7.631513844E-1,-2.919725459E-1,-4.935484258E-1,1.453334553E2,1.142902486E2,3.540343196E1,-6.516658198E1
3.720491571E1,3.002129292E-1,7.614436152E-1,-2.942596657E-1,-4.934440070E-1,1.450592148E2,1.139949441E2,3.508411943E1,-6.546142050E1
3.721488371E1,3.022203309E-1,7.599756194E-1,-2.957676168E-1,-4.935802783E-1,1.448179795E2,1.137173833E2,3.485098047E1,-6.569276439E1
3.722485271E1,3.040780270E-1,7.586884968E-1,-2.968456910E-1,-4.937720992E-1,1.445945912E2,1.134593628E2,3.466031341E1,-6.587892667E1
3.723482071E1,3.061054485E-1,7.577076975E-1,-2.976143231E-1,-4.935627241E-1,1.443506346E2,1.132419709E2,3.445437628E1,-6.598041577E1
3.724478971E1,3.083112881E-1,7.569546176E-1,-2.985112923E-1,-4.928031115E-1,1.440850194E2,1.130743484E2,3.419355781E1,-6.602710376E1
3.725475871E1,3.108222076E-1,7.563569542E-1,-2.994635793E-1,-4.915641838E-1,1.437824250E2,1.129337237E2,3.387867287E1,-6.602329682E1
3.726472671E1,3.135156283E-1,7.558124380E-1,-3.004845235E-1,-4.900659634E-1,1.434575463E2,1.128042771E2,3.353063108E1,-6.599722199E1
3.727469571E1,3.161473987E-1,7.552908496E-1,-3.016813886E-1,-4.884413341E-1,1.431398098E2,1.126938578E2,3.316684784E1,-6.597337832E1
3.728466371E1,3.186389571E-1,7.547975419E-1,-3.030435958E-1,-4.867387648E-1,1.428387305E2,1.126052069E2,3.279640415E1,-6.595546514E1
3.729463271E1,3.208302402E-1,7.541459516E-1,-3.048091273E-1,-4.852042138E-1,1.425737166E2,1.125206452E2,3.242842552E1,-6.599809569E1
3.730460171E1,3.228327160E-1,7.533099056E-1,-3.067876057E-1,-4.839263267E-1,1.423313553E2,1.124207080E2,3.207377861E1,-6.609330609E1
3.731456971E1,3.247505030E-1,7.522827448E-1,-3.088624529E-1,-4.829200074E-1,1.420990800E2,1.122944668E2,3.173412554E1,-6.623165267E1
3.732453871E1,3.266772725E-1,7.511184170E-1,-3.109475208E-1,-4.820942822E-1,1.418655539E2,1.121448989E2,3.140343561E1,-6.639357509E1
3.733450771E1,3.287805478E-1,7.500445996E-1,-3.126635718E-1,-4.812254038E-1,1.416104472E2,1.119878494E2,3.108342705E1,-6.651225880E1
3.734447571E1,3.309155227E-1,7.491586518E-1,-3.139432555E-1,-4.803081356E-1,1.413512932E2,1.118410373E2,3.078891000E1,-6.657718047E1
3.735444471E1,3.329731055E-1,7.485122877E-1,-3.146427246E-1,-4.794352164E-1,1.411013388E2,1.117070992E2,3.054341949E1,-6.658243249E1
3.736441271E1,3.345850750E-1,7.479063425E-1,-3.151117769E-1,-4.789503380E-1,1.409053829E2,1.115788067E2,3.036830742E1,-6.660248123E1
3.737438171E1,3.356756194E-1,7.472838335E-1,-3.154081535E-1,-4.789638724E-1,1.407727455E2,1.114502823E2,3.027124595E1,-6.665590982E1
3.738435071E1,3.362100783E-1,7.465941846E-1,-3.156399191E-1,-4.795115760E-1,1.407077220E2,1.113192417E2,3.024897109E1,-6.675845671E1
3.739431871E1,3.363915100E-1,7.459256092E-1,-3.156703069E-1,-4.804041303E-1,1.406856456E2,1.111882747E2,3.028581576E1,-6.687568080E1
3.740428771E1,3.363158195E-1,7.452397535E-1,-3.156835832E-1,-4.815115757E-1,1.406948558E2,1.110593757E2,3.035421507E1,-6.701355427E1
3.741425671E1,3.361534909E-1,7.445043964E-1,-3.157832816E-1,-4.826953753E-1,1.407146072E2,1.109287600E2,3.042661428E1,-6.716930102E1
3.742422471E1,3.360111031E-1,7.436933646E-1,-3.161248818E-1,-4.838199533E-1,1.407319313E2,1.107989352E2,3.047646784E1,-6.734479298E1
3.743419371E1,3.359320040E-1,7.427755959E-1,-3.168664766E-1,-4.847986347E-1,1.407415548E2,1.106734547E2,3.048428440E1,-6.754695734E1
3.744416171E1,3.360962028E-1,7.418767511E-1,-3.178086484E-1,-4.854439925E-1,1.407215775E2,1.105592628E2,3.044098856E1,-6.773340227E1
3.745413071E1,3.365432597E-1,7.411216482E-1,-3.188023868E-1,-4.856361347E-1,1.406671798E2,1.104697230E2,3.034790393E1,-6.787322579E1
3.746409971E1,3.372271872E-1,7.405853927E-1,-3.196681463E-1,-4.854105964E-1,1.405839418E2,1.104084026E2,3.022350173E1,-6.795050752E1
3.747406771E1,3.380983941E-1,7.402893533E-1,-3.202053500E-1,-4.849017680E-1,1.404778795E2,1.103669588E2,3.009355415E1,-6.795963712E1
3.748403671E1,3.389400772E-1,7.401928581E-1,-3.203838630E-1,-4.843433961E-1,1.403753780E2,1.103404899E2,2.998896407E1,-6.792318391E1
3.749400471E1,3.397308469E-1,7.403328699E-1,-3.200769496E-1,-4.837778591E-1,1.402790467E2,1.103278840E2,2.992284009E1,-6.783244126E1
3.750397371E1,3.404210121E-1,7.405657734E-1,-3.195142892E-1,-4.833079534E-1,1.401949471E2,1.103183204E2,2.988785030E1,-6.772438003E1
3.751394271E1,3.410692939E-1,7.407847052E-1,-3.189342432E-1,-4.828982228E-1,1.401159308E2,1.103060232E2,2.986049357E1,-6.762136865E1
3.752391071E1,3.417839200E-1,7.410327605E-1,-3.183491817E-1,-4.823982084E-1,1.400288051E2,1.102974642E2,2.982367529E1,-6.750781462E1
3.753387971E1,3.423576071E-1,7.412396172E-1,-3.179682585E-1,-4.819246622E-1,1.399588450E2,1.102980160E2,2.978360286E1,-6.741739389E1
3.754384871E1,3.427250065E-1,7.414596237E-1,-3.176712918E-1,-4.815206794E-1,1.399140332E2,1.103115379E2,2.975607088E1,-6.734129424E1
3.755381671E1,3.428019719E-1,7.417507109E-1,-3.173619971E-1,-4.812214315E-1,1.399046448E2,1.103446576E2,2.975604108E1,-6.727198134E1
3.756378571E1,3.424973977E-1,7.421420023E-1,-3.169974269E-1,-4.810753716E-1,1.399417955E2,1.104023118E2,2.979583580E1,-6.720919773E1
3.757375371E1,3.418526931E-1,7.426485653E-1,-3.164273065E-1,-4.811274914E-1,1.400204192E2,1.104766921E2,2.988588941E1,-6.714288312E1
3.758372271E1,3.409085563E-1,7.432110150E-1,-3.156555555E-1,-4.814358009E-1,1.401355242E2,1.105561026E2,3.002629664E1,-6.708129535E1
3.759369171E1,3.396903596E-1,7.437130261E-1,-3.148866706E-1,-4.820246608E-1,1.402839795E2,1.106313963E2,3.020186677E1,-6.705007637E1
3.760365971E1,3.384190948E-1,7.441737965E-1,-3.140617514E-1,-4.827455722E-1,1.404388280E2,1.106970989E2,3.039272359E1,-6.702830172E1
3.761362871E1,3.370822336E-1,7.445227092E-1,-3.134228684E-1,-4.835572836E-1,1.406015853E2,1.107556667E2,3.057995125E1,-6.703696689E1
3.762359771E1,3.358215740E-1,7.448680394E-1,-3.128395771E-1,-4.842798123E-1,1.407549897E2,1.108157693E2,3.075263107E1,-6.704191202E1
3.763356571E1,3.345981932E-1,7.451961526E-1,-3.124410786E-1,-4.848785767E-1,1.409037877E2,1.108840133E2,3.090224407E1,-6.705208264E1
3.764353471E1,3.333242942E-1,7.454982823E-1,-3.123179888E-1,-4.853706517E-1,1.410586574E2,1.109666494E2,3.102951938E1,-6.707788956E1
3.765350271E1,3.320994330E-1,7.458442658E-1,-3.122768956E-1,-4.857051186E-1,1.412074957E2,1.110621386E2,3.113838036E1,-6.709360266E1
3.766347171E1,3.308393476E-1,7.462031462E-1,-3.123706723E-1,-4.859535953E-1,1.413605432E2,1.111700471E2,3.123511791E1,-6.711249776E1
3.767344071E1,3.295659912E-1,7.465982939E-1,-3.124972182E-1,-4.861302907E-1,1.415151299E2,1.112877983E2,3.132629385E1,-6.712562078E1
3.768340871E1,3.283648060E-1,7.470458513E-1,-3.125056055E-1,-4.862501564E-1,1.416608882E2,1.114066230E2,3.141752210E1,-6.711989219E1
3.769337771E1,3.272380522E-1,7.475364196E-1,-3.123705037E-1,-4.863427951E-1,1.417975561E2,1.115230333E2,3.151211717E1,-6.709628073E1
3.770334571E1,3.262252318E-1,7.481545663E-1,-3.119413434E-1,-4.863481373E-1,1.419203564E2,1.116428721E2,3.161446281E1,-6.703130714E1
3.771331471E1,3.251722560E-1,7.488597463E-1,-3.113441437E-1,-4.863506450E-1,1.420479772E2,1.117706063E2,3.173126804E1,-6.694660622E1
3.772328371E1,3.239854481E-1,7.496074946E-1,-3.105684099E-1,-4.864866476E-1,1.421917600E2,1.118996905E2,3.187776177E1,-6.685653303E1
3.773325171E1,3.226278507E-1,7.504162927E-1,-3.095353906E-1,-4.868001833E-1,1.423561583E2,1.120301508E2,3.206466864E1,-6.675725462E1
3.774322071E1,3.209472820E-1,7.511941127E-1,-3.085034250E-1,-4.873662207E-1,1.425595557E2,1.121648647E2,3.228876543E1,-6.668386244E1
3.775318971E1,3.191119185E-1,7.520041752E-1,-3.074119059E-1,-4.880115258E-1,1.427815480E2,1.123080663E2,3.253235615E1,-6.661075471E1
3.776315771E1,3.171934572E-1,7.528033848E-1,-3.064051652E-1,-4.886628843E-1,1.430134366E2,1.124584039E2,3.277590816E1,-6.654584588E1
3.777312671E1,3.153131124E-1,7.536028262E-1,-3.054959734E-1,-4.892164463E-1,1.432405657E2,1.126153198E2,3.300389320E1,-6.647954269E1
3.778309471E1,3.136087676E-1,7.544926305E-1,-3.045381441E-1,-4.895376158E-1,1.434463064E2,1.127835789E2,3.320891286E1,-6.638093061E1
3.779306371E1,3.119043490E-1,7.554234015E-1,-3.037325493E-1,-4.896914518E-1,1.436519341E2,1.129708065E2,3.339293263E1,-6.627713198E1
3.780303271E1,3.101570671E-1,7.564873776E-1,-3.029556775E-1,-4.896399905E-1,1.438626073E2,1.131891952E2,3.356517964E1,-6.614858850E1
3.781300071E1,3.081300566E-1,7.576043534E-1,-3.023660431E-1,-4.895572984E-1,1.441068498E2,1.134397655E2,3.374139480E1,-6.603063745E1
3.782296971E1,3.059067998E-1,7.587403163E-1,-3.017306161E-1,-4.895843672E-1,1.443745451E2,1.136995059E2,3.394051590E1,-6.591714440E1
3.783293771E1,3.034310413E-1,7.596697386E-1,-3.011421618E-1,-4.900457593E-1,1.446724071E2,1.139306918E2,3.417996331E1,-6.585942615E1
3.784290671E1,3.008413808E-1,7.604582851E-1,-3.003851412E-1,-4.908833752E-1,1.449837092E2,1.141293828E2,3.446176143E1,-6.582884481E1
3.785287571E1,2.980505219E-1,7.611962975E-1,-2.996320402E-1,-4.919010320E-1,1.453188990E2,1.143269999E2,3.476804562E1,-6.581761206E1
3.786284371E1,2.952437104E-1,7.620164330E-1,-2.987823176E-1,-4.928400637E-1,1.456556962E2,1.145387105E2,3.507703328E1,-6.578444085E1
3.787281271E1,2.924471195E-1,7.628909169E-1,-2.979671765E-1,-4.936473234E-1,1.459909631E2,1.147658665E2,3.537453502E1,-6.573753704E1
3.788278171E1,2.897170890E-1,7.638358492E-1,-2.971901572E-1,-4.942640266E-1,1.463179614E2,1.150100863E2,3.565273004E1,-6.567059006E1
3.789274971E1,2.870765467E-1,7.648632840E-1,-2.964354125E-1,-4.946688471E-1,1.466339723E2,1.152721579E2,3.590964926E1,-6.557929215E1
3.790271871E1,2.843980935E-1,7.659196948E-1,-2.958250840E-1,-4.949466159E-1,1.469542538E2,1.155525318E2,3.615094409E1,-6.548594674E1
3.791268671E1,2.815797969E-1,7.669915734E-1,-2.953205862E-1,-4.951994338E-1,1.472909709E2,1.158500150E2,3.639260272E1,-6.539742980E1
3.792265571E1,2.786353654E-1,7.680531472E-1,-2.947763229E-1,-4.955436576E-1,1.476424481E2,1.161508839E2,3.665087673E1,-6.531279558E1
3.793262471E1,2.754933284E-1,7.689974684E-1,-2.943016019E-1,-4.961177715E-1,1.480171691E2,1.164419036E2,3.693225840E1,-6.526158038E1
3.794259271E1,2.722704326E-1,7.699104956E-1,-2.937365391E-1,-4.968153966E-1,1.484011688E2,1.167278935E2,3.723281610E1,-6.521381132E1
3.795256171E1,2.689798701E-1,7.708332798E-1,-2.930884680E-1,-4.975591094E-1,1.487928556E2,1.170176398E2,3.754616379E1,-6.516016790E1
3.796253071E1,2.656420399E-1,7.718079467E-1,-2.923479690E-1,-4.982765857E-1,1.491897872E2,1.173190599E2,3.786679801E1,-6.509010112E1
3.797249871E1,2.623033878E-1,7.728728290E-1,-2.914800811E-1,-4.989027509E-1,1.495864379E2,1.176369524E2,3.818949754E1,-6.499152073E1
3.798246771E1,2.589605000E-1,7.740150296E-1,-2.905137171E-1,-4.994415246E-1,1.499832183E2,1.179707554E2,3.851264481E1,-6.486795141E1
3.799243571E1,2.556791466E-1,7.752619231E-1,-2.893688190E-1,-4.998629615E-1,1.503723370E2,1.183197689E2,3.883489197E1,-6.470713653E1
3.800240471E1,2.523291992E-1,7.764878695E-1,-2.882503470E-1,-5.003081481E-1,1.507692298E2,1.186738101E2,3.916076275E1,-6.454923022E1
3.801237371E1,2.488022666E-1,7.775528150E-1,-2.873848404E-1,-5.009181816E-1,1.511867044E2,1.190191224E2,3.949246107E1,-6.443805348E1
3.802234171E1,2.451801453E-1,7.785110236E-1,-2.866294424E-1,-5.016481018E-1,1.516150400E2,1.193562137E2,3.983101273E1,-6.435275976E1
3.803231071E1,2.414261782E-1,7.793697446E-1,-2.860595117E-1,-5.024602189E-1,1.520585403E2,1.196919719E2,4.017167953E1,-6.429651122E1
3.804227871E1,2.376424554E-1,7.802433855E-1,-2.855334979E-1,-5.032067555E-1,1.525051243E2,1.200394660E2,4.050675715E1,-6.423446738E1
3.805224771E1,2.338916177E-1,7.812474710E-1,-2.848951628E-1,-5.037677511E-1,1.529474071E2,1.204136072E2,4.083367310E1,-6.413227423E1
3.806221671E1,2.300315565E-1,7.823426568E-1,-2.843249581E-1,-5.041673875E-1,1.534021408E2,1.208220599E2,4.115177128E1,-6.401107258E1
3.807218471E1,2.261664797E-1,7.835145921E-1,-2.837616234E-1,-5.044134830E-1,1.538570383E2,1.212539150E2,4.145838660E1,-6.386712047E1
3.808215371E1,2.223210856E-1,7.846840196E-1,-2.831991104E-1,-5.046212669E-1,1.543092036E2,1.216902177E2,4.176018077E1,-6.371652059E1
3.809212271E1,2.185124118E-1,7.858098252E-1,-2.825390276E-1,-5.049029238E-1,1.547566504E2,1.221163761E2,4.207005854E1,-6.356335706E1
3.810209071E1,2.147135056E-1,7.869675148E-1,-2.815999115E-1,-5.052543021E-1,1.552025603E2,1.225427848E2,4.240065555E1,-6.338329889E1
3.811205971E1,2.107381622E-1,7.881522417E-1,-2.805467671E-1,-5.056668038E-1,1.556687721E2,1.229870254E2,4.275314327E1,-6.318981686E1
3.812202771E1,2.067856202E-1,7.894394486E-1,-2.792324176E-1,-5.060179819E-1,1.561319049E2,1.234494543E2,4.311450627E1,-6.295224698E1
3.813199671E1,2.029079732E-1,7.907849024E-1,-2.778345331E-1,-5.062564171E-1,1.565858777E2,1.239254066E2,4.346648710E1,-6.268688768E1
3.814196571E1,1.991266422E-1,7.920957958E-1,-2.765517938E-1,-5.064108432E-1,1.570282158E2,1.244006580E2,4.379769520E1,-6.242393385E1
3.815193342E1,1.955990669E-1,7.933877021E-1,-2.752363696E-1,-5.064798060E-1,1.574405569E2,1.248623018E2,4.410677798E1,-6.214945263E1
3.816190242E1,1.921562489E-1,7.946295169E-1,-2.739886543E-1,-5.065274846E-1,1.578427055E2,1.253169488E2,4.440343045E1,-6.188046315E1
3.817187142E1,1.887254533E-1,7.958705519E-1,-2.725876298E-1,-5.066248860E-1,1.582431751E2,1.257718723E2,4.471068184E1,-6.159602699E1
3.818183942E1,1.849968586E-1,7.970573650E-1,-2.711006468E-1,-5.069322103E-1,1.586781015E2,1.262383994E2,4.505640627E1,-6.131724679E1
3.819180842E1,1.808063449E-1,7.981730553E-1,-2.695820327E-1,-5.074982635E-1,1.591665387E2,1.267273683E2,4.545163969E1,-6.105202668E1
3.820177642E1,1.762578676E-1,7.992492751E-1,-2.680115147E-1,-5.082358228E-1,1.596962669E2,1.272405268E2,4.588433051E1,-6.078786001E1
3.821174542E1,1.714537696E-1,8.002906183E-1,-2.665302426E-1,-5.090188586E-1,1.602552899E2,1.277783179E2,4.633016700E1,-6.052825795E1
3.822171442E1,1.666366061E-1,8.012989606E-1,-2.652020900E-1,-5.097256507E-1,1.608153571E2,1.283263761E2,4.676083386E1,-6.027269557E1
3.823168242E1,1.621992068E-1,8.023191040E-1,-2.638553928E-1,-5.102508531E-1,1.613308617E2,1.288599764E2,4.715312427E1,-5.999727096E1
3.824165142E1,1.580913220E-1,8.032501068E-1,-2.627561398E-1,-5.106422287E-1,1.618077459E2,1.293647761E2,4.749920126E1,-5.974434806E1
3.825161942E1,1.541581676E-1,8.040792828E-1,-2.619461828E-1,-5.109558540E-1,1.622640480E2,1.298484820E2,4.781118790E1,-5.952315519E1
3.826158842E1,1.500853701E-1,8.047679623E-1,-2.615865016E-1,-5.112683518E-1,1.627362522E2,1.303296111E2,4.810623065E1,-5.935601191E1
3.827155742E1,1.457877402E-1,8.053086432E-1,-2.616589731E-1,-5.116234390E-1,1.632342037E2,1.308121072E2,4.839466045E1,-5.924442275E1
3.828152542E1,1.412216771E-1,8.056383580E-1,-2.621957132E-1,-5.121101086E-1,1.637629088E2,1.312850598E2,4.868537645E1,-5.920546267E1
3.829149442E1,1.365612261E-1,8.058822618E-1,-2.628555221E-1,-5.126518010E-1,1.643021845E2,1.317554539E2,4.898014968E1,-5.918719762E1
3.830146342E1,1.318254587E-1,8.061109085E-1,-2.635486270E-1,-5.131758339E-1,1.648498173E2,1.322367333E2,4.927664273E1,-5.916678838E1
3.831143142E1,1.272630624E-1,8.064239752E-1,-2.638284821E-1,-5.136915427E-1,1.653770727E2,1.327211077E2,4.958380753E1,-5.909132212E1
3.832140042E1,1.228249992E-1,8.068017585E-1,-2.636932118E-1,-5.142477968E-1,1.658896610E2,1.332085715E2,4.990839914E1,-5.896472835E1
3.833136842E1,1.183899074E-1,8.072102668E-1,-2.632936386E-1,-5.148512765E-1,1.664016227E2,1.337060100E2,5.025018113E1,-5.880378662E1
3.834133742E1,1.139820425E-1,8.076381417E-1,-2.627008853E-1,-5.154773047E-1,1.669101714E2,1.342108330E2,5.060165413E1,-5.861546453E1
3.835130642E1,1.094477159E-1,8.080072427E-1,-2.622049223E-1,-5.161336997E-1,1.674330404E2,1.347246833E2,5.095796713E1,-5.843677938E1
3.836127442E1,1.048434888E-1,8.083094988E-1,-2.618209012E-1,-5.168107256E-1,1.679637013E2,1.352406809E2,5.131422403E1,-5.827116917E1
3.837124342E1,1.001811623E-1,8.084986749E-1,-2.617590929E-1,-5.174706609E-1,1.685007946E2,1.357495913E2,5.165617030E1,-5.814563559E1
3.838121242E1,9.559432078E-2,8.086423957E-1,-2.620024488E-1,-5.179903737E-1,1.690289449E2,1.362536021E2,5.196607321E1,-5.804568953E1
3.839118042E1,9.113771302E-2,8.087671925E-1,-2.624806891E-1,-5.183564613E-1,1.695418755E2,1.367513842E2,5.224307944E1,-5.796196896E1
3.840114942E1,8.672940554E-2,8.088979742E-1,-2.630965810E-1,-5.185964876E-1,1.700490403E2,1.372552681E2,5.249939162E1,-5.788041282E1
3.841111742E1,8.229831770E-2,8.090729468E-1,-2.637101759E-1,-5.187338231E-1,1.705586292E2,1.377802131E2,5.274803073E1,-5.777952621E1
3.842108642E1,7.785403789E-2,8.093235098E-1,-2.642047691E-1,-5.187773818E-1,1.710695473E2,1.383319392E2,5.299458667E1,-5.764252433E1
3.843105542E1,7.332247196E-2,8.096136277E-1,-2.647845623E-1,-5.186894003E-1,1.715903168E2,1.389124924E2,5.323017109E1,-5.749178803E1
3.844102342E1,6.895957772E-2,8.100041814E-1,-2.652735289E-1,-5.184281952E-1,1.720915380E2,1.395068253E2,5.344367336E1,-5.730568436E1
3.845099242E1,6.473077367E-2,8.103971587E-1,-2.657871304E-1,-5.180962466E-1,1.725772099E2,1.400945953E2,5.364100061E1,-5.711728370E1
3.846096042E1,6.057170159E-2,8.107624032E-1,-2.662208215E-1,-5.178049908E-1,1.730547429E2,1.406740505E2,5.384100070E1,-5.692394960E1
3.847092942E1,5.647169831E-2,8.111661911E-1,-2.664206608E-1,-5.175329329E-1,1.735253756E2,1.412620108E2,5.404905880E1,-5.669622380E1
3.848089842E1,5.240969042E-2,8.116781700E-1,-2.663786193E-1,-5.171792576E-1,1.739915391E2,1.418790778E2,5.425692441E1,-5.641513892E1
3.849086642E1,4.851483693E-2,8.124027164E-1,-2.659478364E-1,-5.166430022E-1,1.744384260E2,1.425358003E2,5.445306247E1,-5.604686770E1
3.850083542E1,4.477529457E-2,8.132138958E-1,-2.653183100E-1,-5.160276793E-1,1.748674132E2,1.432028898E2,5.463904324E1,-5.563810256E1
3.851080442E1,4.107149274E-2,8.138882032E-1,-2.646928086E-1,-5.155937564E-1,1.752922294E2,1.438393978E2,5.483816629E1,-5.525637876E1
3.852077242E1,3.736052595E-2,8.143539891E-1,-2.640149397E-1,-5.154880732E-1,1.757178025E2,1.444328412E2,5.506998748E1,-5.491193600E1
3.853074142E1,3.354172645E-2,8.146254569E-1,-2.634512256E-1,-5.156101305E-1,1.761556802E2,1.450001855E2,5.532426488E1,-5.461135597E1
3.854070942E1,2.978382914E-2,8.148782748E-1,-2.628856782E-1,-5.157300382E-1,1.765865198E2,1.455637012E2,5.557378555E1,-5.430929885E1
3.855067842E1,2.617483665E-2,8.151685823E-1,-2.624106832E-1,-5.157088805E-1,1.770002421E2,1.461247772E2,5.579609266E1,-5.400598077E1
3.856064742E1,2.274079573E-2,8.155130063E-1,-2.621874735E-1,-5.154406580E-1,1.773938721E2,1.466816605E2,5.597284135E1,-5.371585698E1
3.857061542E1,1.950035636E-2,8.159400382E-1,-2.621750823E-1,-5.149037704E-1,1.777652821E2,1.472371255E2,5.610245567E1,-5.343117731E1
3.858058442E1,1.636418828E-2,8.163570813E-1,-2.622610197E-1,-5.143079614E-1,1.781247184E2,1.477797401E2,5.621545712E1,-5.315972356E1
3.859055342E1,1.320538736E-2,8.166933921E-1,-2.622101274E-1,-5.138905601E-1,1.784867301E2,1.483114931E2,5.635195207E1,-5.288792014E1
3.860052142E1,9.956855786E-3,8.170036982E-1,-2.618250527E-1,-5.136666971E-1,1.788590095E2,1.488586045E2,5.652444979E1,-5.257759899E1
3.861049042E1,6.477633441E-3,8.172900861E-1,-2.612823277E-1,-5.135430804E-1,1.792577127E2,1.494419056E2,5.672453178E1,-5.223573943E1
3.862045842E1,2.941892173E-3,8.176030896E-1,-2.605189430E-1,-5.134650666E-1,1.796628835E2,1.500511415E2,5.693880781E1,-5.185290874E1
3.863042742E1,4.681461198E-4,-8.179351225E-1,2.596731400E-1,5.133730811E-1,1.799463544E2,1.506561858E2,5.714591505E1,-5.145670947E1
3.864039642E1,3.560797570E-3,-8.182918745E-1,2.588422360E-1,5.132119116E-1,1.795919618E2,1.512270261E2,5.732619054E1,-5.107012016E1
3.865036442E1,6.148045086E-3,-8.187388629E-1,2.579666984E-1,5.129154717E-1,1.792954815E2,1.517497794E2,5.746463471E1,-5.068668933E1
3.866033342E1,8.456427979E-3,-8.191362655E-1,2.573176791E-1,5.125739136E-1,1.790309532E2,1.522174339E2,5.757432608E1,-5.035545560E1
3.867030142E1,1.066561826E-2,-8.193821292E-1,2.568766755E-1,5.123606717E-1,1.787777870E2,1.526319782E2,5.768456507E1,-5.008662403E1
3.868027042E1,1.300809796E-2,-8.194417459E-1,2.567798010E-1,5.122598564E-1,1.785093397E2,1.530178690E2,5.780231068E1,-4.988710562E1
3.869023942E1,1.542509328E-2,-8.193568832E-1,2.569152399E-1,5.122606993E-1,1.782323444E2,1.533783253E2,5.792724818E1,-4.973897658E1
3.870020742E1,1.768351108E-2,-8.192041852E-1,2.570305958E-1,5.123739690E-1,1.779735133E2,1.537004860E2,5.805627945E1,-4.961347977E1
3.871017642E1,1.965882851E-2,-8.190616867E-1,2.572018385E-1,5.124439960E-1,1.777471191E2,1.539804969E2,5.816374278E1,-4.951185800E1
3.872014542E1,2.115594778E-2,-8.190164842E-1,2.573434729E-1,5.123854329E-1,1.775755261E2,1.542087998E2,5.823265882E1,-4.942049002E1
3.873011342E1,2.210151233E-2,-8.190892507E-1,2.573347696E-1,5.122333671E-1,1.774671470E2,1.543804582E2,5.826660201E1,-4.932742233E1
3.874008242E1,2.259669565E-2,-8.192199903E-1,2.571379438E-1,5.121014896E-1,1.774103890E2,1.544978837E2,5.828445268E1,-4.923460966E1
3.875005042E1,2.284814375E-2,-8.193467891E-1,2.568943983E-1,5.120099467E-1,1.773815677E2,1.545759180E2,5.829513973E1,-4.915664907E1
3.876001942E1,2.284721652E-2,-8.195332256E-1,2.565328837E-1,5.118927363E-1,1.773816740E2,1.546302036E2,5.829315597E1,-4.907127214E1
3.876998842E1,2.272336801E-2,-8.197586481E-1,2.562604254E-1,5.116738045E-1,1.773958697E2,1.546711893E2,5.827091469E1,-4.899751276E1
3.877995642E1,2.240121857E-2,-8.200679006E-1,2.559159381E-1,5.113648049E-1,1.774327947E2,1.547016228E2,5.823053233E1,-4.891211087E1
3.878992542E1,2.204189561E-2,-8.203575969E-1,2.556699902E-1,5.110385250E-1,1.774739802E2,1.547185336E2,5.818335543E1,-4.884589226E1
3.879989442E1,2.171258121E-2,-8.206273789E-1,2.554244005E-1,5.107421695E-1,1.775117259E2,1.547355559E2,5.814102702E1,-4.878190010E1
3.880986242E1,2.145845679E-2,-8.209212899E-1,2.551572105E-1,5.104142459E-1,1.775408532E2,1.547710935E2,5.809986063E1,-4.870396347E1
3.881983142E1,2.121986348E-2,-8.213069758E-1,2.548890301E-1,5.099375229E-1,1.775682002E2,1.548307700E2,5.804325473E1,-4.860402660E1
3.882979942E1,2.093191621E-2,-8.217849842E-1,2.546416492E-1,5.093024963E-1,1.776012039E2,1.549033509E2,5.796611631E1,-4.848994319E1
3.883976842E1,2.047833183E-2,-8.223089749E-1,2.543382551E-1,5.086263766E-1,1.776531920E2,1.549610461E2,5.787747185E1,-4.837235108E1
3.884973742E1,1.991484954E-2,-8.227793759E-1,2.541796565E-1,5.079667573E-1,1.777177755E2,1.549840553E2,5.778063798E1,-4.829291106E1
3.885970542E1,1.913365770E-2,-8.232310005E-1,2.539815874E-1,5.073638467E-1,1.778073105E2,1.549684319E2,5.767991750E1,-4.823020418E1
3.886967442E1,1.837539375E-2,-8.235880896E-1,2.538349796E-1,5.068853113E-1,1.778942165E2,1.549331789E2,5.759252856E1,-4.819270033E1
3.887964242E1,1.785300463E-2,-8.237980863E-1,2.538415334E-1,5.065594530E-1,1.779540877E2,1.548976570E2,5.752961841E1,-4.818754587E1
3.888961142E1,1.757321278E-2,-8.238888074E-1,2.540252726E-1,5.063296473E-1,1.779861545E2,1.548687287E2,5.748457221E1,-4.821089435E1
3.889958042E1,1.748097440E-2,-8.238680501E-1,2.545920845E-1,5.060816342E-1,1.779967259E2,1.548338385E2,5.743592158E1,-4.828954447E1
3.890954842E1,1.722482693E-2,-8.238458176E-1,2.552725665E-1,5.057839721E-1,1.780260826E2,1.547695942E2,5.736998828E1,-4.839433028E1
3.891951742E1,1.669495675E-2,-8.238000672E-1,2.559305420E-1,5.055436507E-1,1.780868100E2,1.546572400E2,5.729665977E1,-4.852212721E1
3.892948642E1,1.594676590E-2,-8.236815292E-1,2.565286268E-1,5.054575869E-1,1.781725578E2,1.544953948E2,5.723038469E1,-4.867499640E1
3.893945442E1,1.494398700E-2,-8.235580179E-1,2.568349712E-1,5.055342309E-1,1.782874815E2,1.542999380E2,5.717707770E1,-4.881365935E1
3.894942342E1,1.377919562E-2,-8.234615016E-1,2.569129429E-1,5.056849270E-1,1.784209705E2,1.540914299E2,5.713000961E1,-4.893130014E1
3.895939142E1,1.247411846E-2,-8.234090077E-1,2.567615303E-1,5.058809098E-1,1.785705342E2,1.538772864E2,5.708731031E1,-4.902241125E1
3.896936042E1,1.103785923E-2,-8.233701904E-1,2.562248745E-1,5.062494629E-1,1.787351288E2,1.536554127E2,5.706814901E1,-4.907537720E1
3.897932942E1,9.686273018E-3,-8.232296728E-1,2.555243096E-1,5.068594332E-1,1.788900175E2,1.534272164E2,5.708457551E1,-4.912577901E1
3.898929742E1,8.307396723E-3,-8.231335780E-1,2.545533305E-1,5.075279665E-1,1.790480315E2,1.532118830E2,5.711435994E1,-4.913694572E1
3.899926642E1,6.811794730E-3,-8.231793284E-1,2.535271601E-1,5.079897063E-1,1.792194198E2,1.530136276E2,5.711765534E1,-4.911791449E1
3.900923542E1,5.203049522E-3,-8.232841898E-1,2.527133888E-1,5.082440204E-1,1.794037718E2,1.528075701E2,5.708612408E1,-4.911724932E1
3.901920342E1,3.544592107E-3,-8.232788793E-1,2.521911050E-1,5.085262567E-1,1.795938188E2,1.525619002E2,5.704580207E1,-4.917756425E1
3.902917242E1,2.060664791E-3,-8.229680673E-1,2.521857313E-1,5.090400479E-1,1.797638650E2,1.522599138E2,5.702274914E1,-4.935273751E1
3.903914042E1,6.439616984E-4,-8.224505040E-1,2.525207987E-1,5.097137021E-1,1.799262074E2,1.519123783E2,5.700875804E1,-4.960801017E1
3.904910942E1,8.962316602E-4,8.219844021E-1,-2.529442481E-1,-5.102549730E-1,1.798972994E2,1.515574024E2,5.697048182E1,-4.986908212E1
3.905907842E1,2.676683129E-3,8.217577784E-1,-2.533024542E-1,-5.104358672E-1,1.796932743E2,1.512263558E2,5.688264551E1,-5.008269204E1
3.906904642E1,4.928926419E-3,8.219169039E-1,-2.533302922E-1,-5.101490579E-1,1.794351844E2,1.509257512E2,5.673086283E1,-5.020043257E1
3.907901542E1,7.595009616E-3,8.223349585E-1,-2.531531490E-1,-5.095301736E-1,1.791296676E2,1.506324533E2,5.652884120E1,-5.026034932E1
3.908898442E1,1.069598507E-2,8.229094200E-1,-2.525766644E-1,-5.088327065E-1,1.787743070E2,1.503230677E2,5.630921439E1,-5.026544868E1
3.909895242E1,1.412956238E-2,8.235262181E-1,-2.515339303E-1,-5.082673487E-1,1.783808175E2,1.499870441E2,5.610231771E1,-5.022762892E1
3.910892142E1,1.778169217E-2,8.241652064E-1,-2.501435479E-1,-5.078027850E-1,1.779622608E2,1.496346229E2,5.590720441E1,-5.015670527E1
3.911888942E1,2.180888676E-2,8.248964121E-1,-2.482995811E-1,-5.073634673E-1,1.775006875E2,1.492622691E2,5.571179983E1,-5.003437767E1
3.912885842E1,2.613458641E-2,8.255282987E-1,-2.461663395E-1,-5.071707720E-1,1.770048560E2,1.488337140E2,5.553790644E1,-4.991648015E1
3.913882742E1,3.052900650E-2,8.258494156E-1,-2.438527725E-1,-5.075199797E-1,1.765010899E2,1.483301739E2,5.542469031E1,-4.984909236E1
3.914879642E1,3.473115266E-2,8.257418147E-1,-2.414752266E-1,-5.085605643E-1,1.760193025E2,1.477578203E2,5.539693799E1,-4.985753141E1
3.915876542E1,3.845510068E-2,8.251333828E-1,-2.393275918E-1,-5.102923994E-1,1.755922833E2,1.471323942E2,5.545810957E1,-4.997600416E1
3.916873442E1,4.172337805E-2,8.241881765E-1,-2.374948993E-1,-5.124150832E-1,1.752174648E2,1.464857875E2,5.557173878E1,-5.017987435E1
3.917870242E1,4.468347766E-2,8.231336623E-1,-2.361649977E-1,-5.144711751E-1,1.748779452E2,1.458479931E2,5.567493975E1,-5.044540076E1
3.918867142E1,4.755302477E-2,8.221284600E-1,-2.354633369E-1,-5.161400006E-1,1.745487690E2,1.452263089E2,5.571774461E1,-5.075932472E1
3.919863942E1,5.045171642E-2,8.212674420E-1,-2.352800403E-1,-5.173178365E-1,1.742162037E2,1.446310978E2,5.568716420E1,-5.109198721E1
3.920860842E1,5.335791021E-2,8.205359835E-1,-2.354744637E-1,-5.180978060E-1,1.738827288E2,1.440655347E2,5.559933440E1,-5.142911727E1
3.921857742E1,5.604898649E-2,8.198150827E-1,-2.361685591E-1,-5.186387187E-1,1.735738917E2,1.435293724E2,5.547729512E1,-5.179944673E1
3.922854542E1,5.861406477E-2,8.191811519E-1,-2.370921230E-1,-5.189354536E-1,1.732794710E2,1.430337036E2,5.532681900E1,-5.216084956E1
3.923851442E1,6.121277622E-2,8.187519284E-1,-2.381086207E-1,-5.188473035E-1,1.729811446E2,1.425893428E2,5.513125702E1,-5.247780990E1
3.924848242E1,6.399415213E-2,8.185917704E-1,-2.391609432E-1,-5.182801544E-1,1.726617959E2,1.421948197E2,5.487611419E1,-5.273476077E1
3.925845142E1,6.721750095E-2,8.187542044E-1,-2.398837616E-1,-5.172806419E-1,1.722916297E2,1.418341540E2,5.456785075E1,-5.289379343E1
3.926842042E1,7.087690107E-2,8.191776327E-1,-2.402926493E-1,-5.159301726E-1,1.718712899E2,1.414930698E2,5.421476340E1,-5.297049421E1
3.927838842E1,7.513735740E-2,8.198920850E-1,-2.400714837E-1,-5.142927253E-1,1.713817709E2,1.411604334E2,5.382834519E1,-5.293405254E1
3.928835742E1,7.981123217E-2,8.207596989E-1,-2.392244374E-1,-5.125968205E-1,1.708445691E2,1.408246553E2,5.344178017E1,-5.281095897E1
3.929832642E1,8.457401571E-2,8.215781486E-1,-2.378808380E-1,-5.111450090E-1,1.702969409E2,1.404738416E2,5.309708067E1,-5.265024677E1
3.930829442E1,8.912081773E-2,8.221668558E-1,-2.362906374E-1,-5.101625660E-1,1.697739392E2,1.400984060E2,5.282187364E1,-5.250832639E1
3.931826342E1,9.323928132E-2,8.223654096E-1,-2.349161865E-1,-5.097412240E-1,1.693000235E2,1.396824420E2,5.261562886E1,-5.245938230E1
3.932823142E1,9.703555334E-2,8.221538745E-1,-2.339653115E-1,-5.098112088E-1,1.688630204E2,1.392083338E2,5.245553017E1,-5.253077963E1
3.933820042E1,1.007834618E-1,8.216470797E-1,-2.333553834E-1,-5.101802466E-1,1.684314251E2,1.386733114E2,5.231086595E1,-5.269581751E1
3.934816942E1,1.045426657E-1,8.209366525E-1,-2.331657226E-1,-5.106541879E-1,1.679983636E2,1.380937197E2,5.215542530E1,-5.294086466E1
3.935813742E1,1.084827428E-1,8.201462726E-1,-2.331218477E-1,-5.111221654E-1,1.675442806E2,1.374819780E2,5.198136592E1,-5.321540643E1
3.936810642E1,1.125985933E-1,8.192815247E-1,-2.330857489E-1,-5.116349661E-1,1.670697302E2,1.368407791E2,5.179990756E1,-5.350492682E1
3.937807542E1,1.167096811E-1,8.182768070E-1,-2.329836060E-1,-5.123676891E-1,1.665955066E2,1.361731174E2,5.164068313E1,-5.381472665E1
3.938804342E1,1.206170523E-1,8.171535303E-1,-2.327321369E-1,-5.133686978E-1,1.661445685E2,1.355032244E2,5.152310790E1,-5.412996290E1
3.939801242E1,1.241553434E-1,8.159734396E-1,-2.324219150E-1,-5.145413707E-1,1.657360389E2,1.348614765E2,5.144326383E1,-5.444255795E1
3.940798042E1,1.273747094E-1,8.148593298E-1,-2.320903036E-1,-5.156683985E-1,1.653641740E2,1.342714085E2,5.137696081E1,-5.472863810E1
3.941794942E1,1.304529887E-1,8.139102671E-1,-2.318482121E-1,-5.165058985E-1,1.650084608E2,1.337400088E2,5.128698159E1,-5.497650353E1
3.942791842E1,1.335442493E-1,8.131596528E-1,-2.319785934E-1,-5.168397015E-1,1.646511014E2,1.332635838E2,5.113143596E1,-5.520200156E1
3.943788642E1,1.369513163E-1,8.126351142E-1,-2.324737978E-1,-5.165505742E-1,1.642570595E2,1.328217815E2,5.088298518E1,-5.539926266E1
3.944785542E1,1.408004826E-1,8.122159848E-1,-2.333020887E-1,-5.158008028E-1,1.638116613E2,1.323755116E2,5.055052735E1,-5.559335946E1
3.945782442E1,1.452099912E-1,8.118025664E-1,-2.340588354E-1,-5.148856472E-1,1.633011210E2,1.318876156E2,5.017423661E1,-5.577520135E1
3.946779242E1,1.500226345E-1,8.113361272E-1,-2.346452245E-1,-5.139733155E-1,1.627435235E2,1.313588282E2,4.978313889E1,-5.594806777E1
3.947776142E1,1.551086422E-1,8.109214233E-1,-2.348959771E-1,-5.130026946E-1,1.621538056E2,1.308244843E2,4.938852509E1,-5.607314232E1
3.948772942E1,1.603018399E-1,8.105942373E-1,-2.347667128E-1,-5.119814870E-1,1.615511670E2,1.303063557E2,4.900365361E1,-5.613869975E1
3.949769842E1,1.652990442E-1,8.102464415E-1,-2.345406371E-1,-5.110455530E-1,1.609707860E2,1.298073937E2,4.864298508E1,-5.619221833E1
3.950766742E1,1.698776355E-1,8.098074610E-1,-2.344853193E-1,-5.102648564E-1,1.604385908E2,1.293321541E2,4.831091978E1,-5.627179259E1
3.951763542E1,1.741026569E-1,8.093813775E-1,-2.344703783E-1,-5.095228927E-1,1.599471150E2,1.288962143E2,4.800068711E1,-5.634509547E1
3.952760442E1,1.779000985E-1,8.089193848E-1,-2.347137974E-1,-5.088323061E-1,1.595050594E2,1.284964802E2,4.770564649E1,-5.644096182E1
3.953757342E1,1.815548308E-1,8.084751148E-1,-2.350155267E-1,-5.081078755E-1,1.590793252E2,1.281186743E2,4.741283839E1,-5.653184536E1
3.954754142E1,1.851284094E-1,8.079619770E-1,-2.354662872E-1,-5.074254443E-1,1.586627619E2,1.277393123E2,4.711978623E1,-5.664379899E1
3.955751042E1,1.886069785E-1,8.072294226E-1,-2.361334297E-1,-5.070000772E-1,1.582569996E2,1.273258070E2,4.684096996E1,-5.681636099E1
3.956747842E1,1.920638946E-1,8.062849539E-1,-2.368210555E-1,-5.068843525E-1,1.578534894E2,1.268706049E2,4.658684560E1,-5.703353361E1
3.957744742E1,1.954208068E-1,8.052015480E-1,-2.375779075E-1,-5.069692363E-1,1.574613860E2,1.263976714E2,4.634997641E1,-5.728261756E1
3.958741642E1,1.988355129E-1,8.041321350E-1,-2.382506345E-1,-5.070233844E-1,1.570622575E2,1.259277354E2,4.611083446E1,-5.751602350E1
3.959738442E1,2.023252614E-1,8.031085355E-1,-2.389601556E-1,-5.069311777E-1,1.566540659E2,1.254701547E2,4.585225668E1,-5.773353205E1
3.960735342E1,2.060330356E-1,8.021787971E-1,-2.396333883E-1,-5.065920325E-1,1.562200427E2,1.250248433E2,4.556212255E1,-5.791645539E1
3.961732142E1,2.097793636E-1,8.013209823E-1,-2.404657464E-1,-5.060172549E-1,1.557811546E2,1.246044165E2,4.524101664E1,-5.808482133E1
3.962729042E1,2.134733030E-1,8.005669331E-1,-2.413606504E-1,-5.052393715E-1,1.553480505E2,1.242194574E2,4.490292715E1,-5.822744308E1
3.963725942E1,2.169105576E-1,7.998766309E-1,-2.423709315E-1,-5.043843700E-1,1.549447206E2,1.238747247E2,4.456716683E1,-5.836193410E1
3.964722742E1,2.201703846E-1,7.992675879E-1,-2.432645500E-1,-5.035062615E-1,1.545619186E2,1.235613314E2,4.424701742E1,-5.846979381E1
3.965719642E1,2.233929747E-1,7.986999330E-1,-2.439491202E-1,-5.026556960E-1,1.541832054E2,1.232577339E2,4.394353328E1,-5.855218794E1
3.966716542E1,2.266654247E-1,7.981692621E-1,-2.445380381E-1,-5.017465885E-1,1.537983391E2,1.229607077E2,4.363808637E1,-5.861470212E1
3.967713342E1,2.302296572E-1,7.977708901E-1,-2.449350614E-1,-5.005623885E-1,1.533788140E2,1.226742940E2,4.330529237E1,-5.862355394E1
3.968710242E1,2.339570613E-1,7.973908309E-1,-2.453456349E-1,-4.992370176E-1,1.529396938E2,1.223872225E2,4.295105513E1,-5.861925153E1
3.969707042E1,2.376721900E-1,7.969638622E-1,-2.457462197E-1,-4.979652259E-1,1.525016165E2,1.220944075E2,4.260237604E1,-5.862007965E1
3.970703942E1,2.410624720E-1,7.964221909E-1,-2.462762584E-1,-4.969392978E-1,1.521014864E2,1.218028296E2,4.228439482E1,-5.865911924E1
3.971700842E1,2.440912499E-1,7.957897985E-1,-2.468573160E-1,-4.961850168E-1,1.517437284E2,1.215165910E2,4.200585371E1,-5.872875076E1
3.972697642E1,2.469791414E-1,7.950866205E-1,-2.472768457E-1,-4.956741232E-1,1.514023499E2,1.212200431E2,4.176394919E1,-5.880640043E1
3.973694542E1,2.500277916E-1,7.943116664E-1,-2.474263406E-1,-4.953133462E-1,1.510416865E2,1.208926930E2,4.153974428E1,-5.887615479E1
3.974691442E1,2.533315987E-1,7.934912780E-1,-2.473803584E-1,-4.949723782E-1,1.506505060E2,1.205382875E2,4.131314487E1,-5.893243382E1
3.975688242E1,2.568293025E-1,7.926508909E-1,-2.472649392E-1,-4.945739008E-1,1.502359860E2,1.201706245E2,4.107444846E1,-5.897795317E1
3.976685142E1,2.602152854E-1,7.916904907E-1,-2.474878539E-1,-4.942307517E-1,1.498343264E2,1.197986799E2,4.082533954E1,-5.906719807E1
3.977681942E1,2.632908147E-1,7.905746529E-1,-2.481853421E-1,-4.940382354E-1,1.494691651E2,1.194300021E2,4.057617001E1,-5.922261383E1
3.978678842E1,2.658979029E-1,7.893050001E-1,-2.494372931E-1,-4.940415545E-1,1.491593737E2,1.190758846E2,4.033452540E1,-5.945442123E1
3.979675742E1,2.681265755E-1,7.879874896E-1,-2.510256393E-1,-4.941355946E-1,1.488943649E2,1.187466778E2,4.010063022E1,-5.972499280E1
3.980672542E1,2.701756500E-1,7.867035491E-1,-2.526076423E-1,-4.942591060E-1,1.486505614E2,1.184368629E2,3.987941139E1,-5.999165303E1
3.981669442E1,2.722457346E-1,7.855101822E-1,-2.539219707E-1,-4.943476987E-1,1.484041101E2,1.181383316E2,3.967052712E1,-6.022116977E1
3.982666342E1,2.745164171E-1,7.844427079E-1,-2.548589584E-1,-4.943048985E-1,1.481336043E2,1.178453763E2,3.946314960E1,-6.039321772E1
3.983663142E1,2.771992431E-1,7.835417979E-1,-2.553199395E-1,-4.939986490E-1,1.478137647E2,1.175528098E2,3.924133377E1,-6.048488770E1
3.984660042E1,2.801833138E-1,7.827180378E-1,-2.555350149E-1,-4.935095032E-1,1.474577085E2,1.172560345E2,3.900323623E1,-6.053108610E1
3.985656842E1,2.833286488E-1,7.819979799E-1,-2.555452355E-1,-4.928495679E-1,1.470820605E2,1.169685957E2,3.875622206E1,-6.053444996E1
3.986653742E1,2.862366443E-1,7.813267703E-1,-2.557193652E-1,-4.921429022E-1,1.467344341E2,1.167112947E2,3.851037523E1,-6.054316792E1
3.987650642E1,2.884807428E-1,7.805733532E-1,-2.564137767E-1,-4.916666112E-1,1.464659557E2,1.164889934E2,3.828859728E1,-6.062332102E1
3.988647442E1,2.899325963E-1,7.796676596E-1,-2.576421466E-1,-4.916075424E-1,1.462921586E2,1.162923032E2,3.811073396E1,-6.079769428E1
3.989644342E1,2.906919877E-1,7.785955281E-1,-2.594685381E-1,-4.918976075E-1,1.462012223E2,1.161169705E2,3.796120013E1,-6.106741207E1
3.990641242E1,2.913543465E-1,7.775044304E-1,-2.614066188E-1,-4.922053006E-1,1.461218876E2,1.159486844E2,3.781106914E1,-6.134902471E1
3.991638042E1,2.923227441E-1,7.764136068E-1,-2.631262734E-1,-4.924366552E-1,1.460058668E2,1.157605318E2,3.764979129E1,-6.160315749E1
3.992634942E1,2.936423198E-1,7.752683505E-1,-2.644504853E-1,-4.927465610E-1,1.458477145E2,1.155309677E2,3.749656893E1,-6.183141560E1
3.993631742E1,2.951719343E-1,7.740860260E-1,-2.651907736E-1,-4.932932688E-1,1.456643048E2,1.152599059E2,3.738364894E1,-6.202982383E1
3.994628642E1,2.965786591E-1,7.728360980E-1,-2.656131061E-1,-4.941814399E-1,1.454955503E2,1.149656637E2,3.732188171E1,-6.223432796E1
3.995625542E1,2.978718930E-1,7.715877083E-1,-2.658350514E-1,-4.952337624E-1,1.453403423E2,1.146674740E2,3.729096742E1,-6.243522147E1
3.996622342E1,2.991400285E-1,7.703783256E-1,-2.660444580E-1,-4.962386065E-1,1.451880829E2,1.143787052E2,3.725862737E1,-6.262779154E1
3.997619242E1,3.006341975E-1,7.692696738E-1,-2.663503809E-1,-4.968910608E-1,1.450086031E2,1.141085479E2,3.718124740E1,-6.278941645E1
3.998616042E1,3.027882491E-1,7.684077286E-1,-2.666044843E-1,-4.967803726E-1,1.447497019E2,1.138651624E2,3.701401412E1,-6.285844844E1
3.999612942E1,3.055881486E-1,7.677028647E-1,-2.668781859E-1,-4.960081581E-1,1.444128964E2,1.136346513E2,3.675997924E1,-6.285626282E1
4.000609842E1,3.088018036E-1,7.670090433E-1,-2.671209517E-1,-4.949596709E-1,1.440259271E2,1.133930099E2,3.646290520E1,-6.282359912E1
4.001606642E1,3.120427066E-1,7.662576704E-1,-2.674274226E-1,-4.939242282E-1,1.436352466E2,1.131444642E2,3.616047861E1,-6.280025265E1
4.002603542E1,3.149068062E-1,7.653229586E-1,-2.681150695E-1,-4.931823067E-1,1.432896243E2,1.128927408E2,3.587543205E1,-6.284866083E1
4.003600442E1,3.174307018E-1,7.642199545E-1,-2.691576350E-1,-4.927065794E-1,1.429847689E2,1.126385405E2,3.560504800E1,-6.296265872E1
4.004597242E1,3.197277208E-1,7.628517414E-1,-2.708295583E-1,-4.924253598E-1,1.427070812E2,1.123730841E2,3.531783559E1,-6.316536052E1
4.005594142E1,3.221134221E-1,7.612050429E-1,-2.731564226E-1,-4.921335140E-1,1.424184321E2,1.120868236E2,3.497747296E1,-6.343935880E1
4.006590942E1,3.248201296E-1,7.593127759E-1,-2.759484406E-1,-4.917198479E-1,1.420906441E2,1.117719061E2,3.457406609E1,-6.375383544E1
4.007587842E1,3.278772565E-1,7.572680637E-1,-2.789010802E-1,-4.911779606E-1,1.417200317E2,1.114323171E2,3.412609867E1,-6.407459535E1
4.008584742E1,3.310086936E-1,7.551172468E-1,-2.819525752E-1,-4.906464783E-1,1.413399790E2,1.110834166E2,3.366483591E1,-6.440649141E1
4.009581542E1,3.340637553E-1,7.529387815E-1,-2.848525102E-1,-4.902485225E-1,1.409687691E2,1.107312518E2,3.322555980E1,-6.473503421E1
4.010578442E1,3.367898398E-1,7.506985080E-1,-2.876724716E-1,-4.901724633E-1,1.406371720E2,1.103791810E2,3.283169695E1,-6.508732831E1
4.011575342E1,3.391473765E-1,7.484114724E-1,-2.903788682E-1,-4.904483460E-1,1.403501277E2,1.100282029E2,3.248996429E1,-6.546317306E1
4.012572142E1,3.412455151E-1,7.460570652E-1,-2.929779801E-1,-4.910340344E-1,1.400944485E2,1.096708333E2,3.218968846E1,-6.586043985E1
4.013569042E1,3.431565744E-1,7.436332842E-1,-2.956373619E-1,-4.917841271E-1,1.398613865E2,1.093144530E2,3.190512574E1,-6.628005482E1
4.014565842E1,3.450020532E-1,7.413018681E-1,-2.983510500E-1,-4.923735561E-1,1.396361578E2,1.089870242E2,3.160978954E1,-6.668179286E1
4.015562683E1,3.468743584E-1,7.391785309E-1,-3.011288434E-1,-4.925593657E-1,1.394074887E2,1.087090580E2,3.128335546E1,-6.703708486E1
4.016559583E1,3.487300210E-1,7.371295619E-1,-3.040261442E-1,-4.925399571E-1,1.391806856E2,1.084590901E2,3.093634398E1,-6.737685379E1
4.017556383E1,3.505103987E-1,7.350820680E-1,-3.068568952E-1,-4.925805761E-1,1.389629269E2,1.082124374E2,3.060131908E1,-6.771460187E1
4.018553283E1,3.519727257E-1,7.330547203E-1,-3.096122875E-1,-4.928347216E-1,1.387839532E2,1.079767738E2,3.030476833E1,-6.806508754E1
4.019550183E1,3.532474414E-1,7.313447173E-1,-3.118486204E-1,-4.930534374E-1,1.386278554E2,1.077751212E2,3.005721792E1,-6.835184702E1
4.020546983E1,3.544085185E-1,7.301139029E-1,-3.134027011E-1,-4.930589007E-1,1.384856036E2,1.076234222E2,2.985674512E1,-6.853643759E1
4.021543883E1,3.555744584E-1,7.294058569E-1,-3.141077968E-1,-4.928186742E-1,1.383426886E2,1.075142984E2,2.970617195E1,-6.859942758E1
4.022540683E1,3.569293532E-1,7.291220189E-1,-3.138781176E-1,-4.924054244E-1,1.381765272E2,1.074185935E2,2.960268730E1,-6.854444557E1
4.023537583E1,3.584901721E-1,7.290377674E-1,-3.129405609E-1,-4.919927698E-1,1.379849975E2,1.073089164E2,2.953732146E1,-6.841830807E1
4.024534483E1,3.602796641E-1,7.291319866E-1,-3.114167205E-1,-4.915127805E-1,1.377652557E2,1.071893881E2,2.949589208E1,-6.822591919E1
4.025531283E1,3.623134076E-1,7.294875796E-1,-3.093846102E-1,-4.907727766E-1,1.375153231E2,1.070810529E2,2.946138768E1,-6.795163770E1
4.026528183E1,3.643938076E-1,7.300221913E-1,-3.072111605E-1,-4.898021031E-1,1.372594373E2,1.069972150E2,2.942218949E1,-6.763492297E1
4.027525083E1,3.664948017E-1,7.307483815E-1,-3.049185405E-1,-4.885826525E-1,1.370007913E2,1.069424021E2,2.937738521E1,-6.727562714E1
4.028521883E1,3.684466223E-1,7.316299039E-1,-3.026103473E-1,-4.872285586E-1,1.367603034E2,1.069199896E2,2.933732461E1,-6.689638087E1
4.029518783E1,3.699749355E-1,7.325380210E-1,-3.005200954E-1,-4.859983079E-1,1.365718570E2,1.069261338E2,2.931788666E1,-6.654938054E1
4.030515583E1,3.710922115E-1,7.334587189E-1,-2.985359482E-1,-4.849795711E-1,1.364340149E2,1.069505397E2,2.933113436E1,-6.623374723E1
4.031512483E1,3.716753606E-1,7.342615531E-1,-2.968592412E-1,-4.843468574E-1,1.363620435E2,1.069837256E2,2.938028982E1,-6.598976390E1
4.032509383E1,3.717860119E-1,7.349244177E-1,-2.954864551E-1,-4.840961100E-1,1.363483850E2,1.070197658E2,2.946110715E1,-6.581719626E1
4.033506183E1,3.715262451E-1,7.355075404E-1,-2.944005205E-1,-4.840715542E-1,1.363804488E2,1.070666409E2,2.955913002E1,-6.569627285E1
4.034503083E1,3.709641905E-1,7.359884149E-1,-2.937223988E-1,-4.841836490E-1,1.364498126E2,1.071260897E2,2.965564842E1,-6.562947504E1
4.035499983E1,3.703542150E-1,7.363892736E-1,-2.933340156E-1,-4.842764827E-1,1.365250714E2,1.071896957E2,2.973287822E1,-6.558950237E1
4.036496783E1,3.697403672E-1,7.366322291E-1,-2.933610528E-1,-4.843597016E-1,1.366007881E2,1.072495042E2,2.977894796E1,-6.559153469E1
4.037493683E1,3.691907617E-1,7.367052485E-1,-2.938004548E-1,-4.844015218E-1,1.366685638E2,1.073015856E2,2.978755463E1,-6.563257556E1
4.038490483E1,3.687468079E-1,7.365880803E-1,-2.946465949E-1,-4.844039453E-1,1.367232991E2,1.073409965E2,2.975632623E1,-6.571312992E1
4.039487383E1,3.683198393E-1,7.361753994E-1,-2.960815897E-1,-4.844811794E-1,1.367759306E2,1.073613157E2,2.968431148E1,-6.586508084E1
4.040484283E1,3.680647191E-1,7.355339033E-1,-2.978658555E-1,-4.845556581E-1,1.368073742E2,1.073576695E2,2.957394419E1,-6.605647275E1
4.041481083E1,3.680518959E-1,7.347637328E-1,-2.997685117E-1,-4.845604734E-1,1.368089545E2,1.073335125E2,2.943357439E1,-6.625593493E1
4.042477983E1,3.683431623E-1,7.340147412E-1,-3.015393116E-1,-4.843756700E-1,1.367730559E2,1.073001050E2,2.927079519E1,-6.642318003E1
4.043474883E1,3.691804884E-1,7.335986464E-1,-3.026402926E-1,-4.836813060E-1,1.366698305E2,1.072763529E2,2.909099987E1,-6.646594946E1
4.044471683E1,3.704657671E-1,7.336188348E-1,-3.030526995E-1,-4.824081656E-1,1.365113096E2,1.072815771E2,2.889893636E1,-6.637229650E1
4.045468583E1,3.724378867E-1,7.342061722E-1,-3.023430520E-1,-4.804372261E-1,1.362679063E2,1.073073027E2,2.870316428E1,-6.608714721E1
4.046465383E1,3.750452382E-1,7.352125757E-1,-3.005243944E-1,-4.780049526E-1,1.359457823E2,1.073282609E2,2.851899073E1,-6.564189641E1
4.047462283E1,3.781583730E-1,7.364719446E-1,-2.977198377E-1,-4.753611651E-1,1.355606908E2,1.073253675E2,2.835998969E1,-6.507946738E1
4.048459183E1,3.817075065E-1,7.378720418E-1,-2.939977863E-1,-4.726623022E-1,1.351210206E2,1.072855323E2,2.823482037E1,-6.442619149E1
4.049455983E1,3.854813432E-1,7.391812073E-1,-2.899142624E-1,-4.700692516E-1,1.346527482E2,1.072061639E2,2.812648764E1,-6.375645992E1
4.050452883E1,3.894410291E-1,7.404023279E-1,-2.857223790E-1,-4.674430077E-1,1.341605539E2,1.071048247E2,2.801143349E1,-6.307920561E1
4.051449683E1,3.931725372E-1,7.414774097E-1,-2.818119101E-1,-4.649825642E-1,1.336959029E2,1.070018917E2,2.790109649E1,-6.245079433E1
4.052446583E1,3.963908916E-1,7.423065436E-1,-2.783916723E-1,-4.629830966E-1,1.332945026E2,1.068954047E2,2.781685993E1,-6.192159129E1
4.053443483E1,3.989372540E-1,7.428693515E-1,-2.756259329E-1,-4.615459550E-1,1.329764842E2,1.067926253E2,2.776341940E1,-6.151593132E1
4.054440283E1,4.008296107E-1,7.432477670E-1,-2.734935342E-1,-4.605644760E-1,1.327398966E2,1.067057943E2,2.773471569E1,-6.121791627E1
4.055437183E1,4.019710817E-1,7.434057966E-1,-2.721114758E-1,-4.601330108E-1,1.325970835E2,1.066355432E2,2.773411907E1,-6.104788577E1
4.056434083E1,4.022882130E-1,7.433294055E-1,-2.714645427E-1,-4.603614283E-1,1.325573923E2,1.065789480E2,2.777407899E1,-6.101531894E1
4.057430883E1,4.019038232E-1,7.430715721E-1,-2.712861562E-1,-4.612177785E-1,1.326055005E2,1.065281546E2,2.786395575E1,-6.109160435E1
4.058427783E1,4.009425273E-1,7.425889696E-1,-2.715125058E-1,-4.626961319E-1,1.327257727E2,1.064690772E2,2.799952657E1,-6.127244321E1
4.059424583E1,3.997132776E-1,7.418775097E-1,-2.718899098E-1,-4.646750055E-1,1.328794894E2,1.063808436E2,2.817120936E1,-6.152431861E1
4.060421483E1,3.984757355E-1,7.409405221E-1,-2.722470411E-1,-4.670179751E-1,1.330341523E2,1.062494419E2,2.836569223E1,-6.181932588E1
4.061418383E1,3.973645497E-1,7.398516372E-1,-2.724876786E-1,-4.695437778E-1,1.331729464E2,1.060805057E2,2.856996716E1,-6.212904661E1
4.062415183E1,3.962671511E-1,7.387589169E-1,-2.726270371E-1,-4.721039249E-1,1.333099470E2,1.059045086E2,2.878182607E1,-6.243506459E1
4.063412083E1,3.949079258E-1,7.377696250E-1,-2.727871319E-1,-4.746904665E-1,1.334795365E2,1.057534727E2,2.901069127E1,-6.274350612E1
4.064408983E1,3.931736646E-1,7.370098859E-1,-2.729031200E-1,-4.772365602E-1,1.336957624E2,1.056493632E2,2.926564643E1,-6.303729154E1
4.065405783E1,3.909873996E-1,7.364394915E-1,-2.731118102E-1,-4.797870583E-1,1.339680955E2,1.055941035E2,2.954465343E1,-6.333435909E1
4.066402683E1,3.884856891E-1,7.359697438E-1,-2.735562697E-1,-4.822804237E-1,1.342793854E2,1.055771262E2,2.982431712E1,-6.364423973E1
4.067399583E1,3.862084949E-1,7.357023642E-1,-2.739212615E-1,-4.843060013E-1,1.345624288E2,1.055896995E2,3.006808188E1,-6.389315912E1
4.068396383E1,3.843812077E-1,7.355356945E-1,-2.742791936E-1,-4.858079148E-1,1.347893395E2,1.056127843E2,3.025189774E1,-6.408484224E1
4.069393283E1,3.831161121E-1,7.353053620E-1,-2.746631935E-1,-4.869375504E-1,1.349463282E2,1.056150699E2,3.037383252E1,-6.424346912E1
4.070390083E1,3.824743895E-1,7.348074602E-1,-2.751187799E-1,-4.879354982E-1,1.350259270E2,1.055593706E2,3.043931715E1,-6.440534536E1
4.071386983E1,3.823192311E-1,7.338771107E-1,-2.758603115E-1,-4.890373591E-1,1.350451693E2,1.054297200E2,3.045445227E1,-6.461978239E1
4.072383883E1,3.825043980E-1,7.325841929E-1,-2.769789942E-1,-4.901973510E-1,1.350222053E2,1.052480496E2,3.041970016E1,-6.488720280E1
4.073380683E1,3.827699179E-1,7.310771691E-1,-2.786195392E-1,-4.913090215E-1,1.349892727E2,1.050567083E2,3.033634847E1,-6.520333105E1
4.074377583E1,3.828474101E-1,7.294790449E-1,-2.809484898E-1,-4.922968330E-1,1.349796606E2,1.048948530E2,3.020660949E1,-6.557002025E1
4.075374383E1,3.827044586E-1,7.278954403E-1,-2.837671657E-1,-4.931347018E-1,1.349973920E2,1.047720957E2,3.004652650E1,-6.596306588E1
4.076371283E1,3.821812792E-1,7.263070520E-1,-2.870125994E-1,-4.940034011E-1,1.350622766E2,1.046845975E2,2.988195054E1,-6.639677858E1
4.077368183E1,3.815268019E-1,7.248801494E-1,-2.901492311E-1,-4.947722649E-1,1.351434232E2,1.046261790E2,2.972923168E1,-6.680452990E1
4.078364983E1,3.808004589E-1,7.235639876E-1,-2.930494401E-1,-4.955485098E-1,1.352334525E2,1.045776413E2,2.959957316E1,-6.718834123E1
4.079361883E1,3.800906796E-1,7.222970533E-1,-2.955879448E-1,-4.964332828E-1,1.353214007E2,1.045172528E2,2.950135538E1,-6.755006758E1
4.080358783E1,3.794938960E-1,7.211090179E-1,-2.975852839E-1,-4.974225378E-1,1.353953261E2,1.044364069E2,2.944107253E1,-6.787242186E1
4.081355583E1,3.789224216E-1,7.199979638E-1,-2.991342438E-1,-4.985373694E-1,1.354660981E2,1.043412906E2,2.941911876E1,-6.816610177E1
4.082352483E1,3.784701175E-1,7.190341707E-1,-3.001878097E-1,-4.996374706E-1,1.355220993E2,1.042396124E2,2.942531259E1,-6.840962160E1
4.083349283E1,3.780439496E-1,7.180534979E-1,-3.010728935E-1,-5.008363588E-1,1.355748542E2,1.041236548E2,2.944691958E1,-6.864965682E1
4.084346183E1,3.775082895E-1,7.169572794E-1,-3.020869256E-1,-5.021984343E-1,1.356411489E2,1.039970440E2,2.947402992E1,-6.892293563E1
4.085343083E1,3.767965557E-1,7.157441456E-1,-3.033183511E-1,-5.037188818E-1,1.357292109E2,1.038666657E2,2.950431206E1,-6.923701616E1
4.086339883E1,3.757313362E-1,7.141907603E-1,-3.051204871E-1,-5.056273754E-1,1.358609578E2,1.037183018E2,2.953414420E1,-6.965580669E1
4.087336783E1,3.744887839E-1,7.123904366E-1,-3.073752382E-1,-5.077187653E-1,1.360145598E2,1.035594560E2,2.954920479E1,-7.014362880E1
4.088333683E1,3.733852003E-1,7.106085942E-1,-3.098326945E-1,-5.095317647E-1,1.361509131E2,1.034179774E2,2.952356055E1,-7.061876957E1
4.089330483E1,3.725102317E-1,7.089632445E-1,-3.125698162E-1,-5.107909439E-1,1.362589734E2,1.033201792E2,2.943218721E1,-7.105316287E1
4.090327383E1,3.720018512E-1,7.075825137E-1,-3.154566224E-1,-5.113010103E-1,1.363217406E2,1.032788727E2,2.926662685E1,-7.140891798E1
4.091324183E1,3.715600837E-1,7.062987418E-1,-3.187738955E-1,-5.113397696E-1,1.363762722E2,1.032880517E2,2.904064614E1,-7.174736157E1
4.092321083E1,3.710064216E-1,7.049783021E-1,-3.225508221E-1,-5.111954799E-1,1.364446014E2,1.033289796E2,2.877861639E1,-7.210780423E1
4.093317983E1,3.703879166E-1,7.035418322E-1,-3.265991323E-1,-5.110525599E-1,1.365209138E2,1.033739937E2,2.849988291E1,-7.249652233E1
4.094314783E1,3.698020280E-1,7.019253109E-1,-3.306834358E-1,-5.110731750E-1,1.365931833E2,1.033935823E2,2.822241992E1,-7.291217863E1
4.095311683E1,3.696102599E-1,7.003471432E-1,-3.341306477E-1,-5.111347937E-1,1.366168340E2,1.033715293E2,2.796598868E1,-7.327347837E1
4.096308583E1,3.699084067E-1,6.989534733E-1,-3.365686321E-1,-5.112272639E-1,1.365800628E2,1.033027823E2,2.775223299E1,-7.354107858E1
4.097305383E1,3.706769755E-1,6.979103388E-1,-3.378067379E-1,-5.112792099E-1,1.364852517E2,1.032006623E2,2.759506697E1,-7.368509332E1
4.098302283E1,3.716119717E-1,6.972110805E-1,-3.381676414E-1,-5.113156985E-1,1.363698677E2,1.030912599E2,2.749399548E1,-7.373836481E1
4.099299083E1,3.725969015E-1,6.970130957E-1,-3.378437639E-1,-5.110830058E-1,1.362482713E2,1.030182316E2,2.743254575E1,-7.368623164E1
4.100295983E1,3.733014387E-1,6.971788171E-1,-3.372898701E-1,-5.107084783E-1,1.361612596E2,1.029960866E2,2.740573694E1,-7.358851294E1
4.101292883E1,3.737472575E-1,6.974568177E-1,-3.365802014E-1,-5.104711178E-1,1.361061863E2,1.029855026E2,2.741752176E1,-7.348971371E1
4.102289683E1,3.739911930E-1,6.976181980E-1,-3.358616398E-1,-5.105450539E-1,1.360760478E2,1.029562648E2,2.745891521E1,-7.342841509E1
4.103286583E1,3.741408143E-1,6.976217804E-1,-3.352476867E-1,-5.108340127E-1,1.360575603E2,1.029082271E2,2.750836971E1,-7.340500024E1
4.104283483E1,3.743024106E-1,6.973245398E-1,-3.349021036E-1,-5.113479461E-1,1.360375918E2,1.028269036E2,2.754477290E1,-7.343895663E1
4.105280283E1,3.744732844E-1,6.966976476E-1,-3.350022445E-1,-5.120114113E-1,1.360164753E2,1.027206963E2,2.755084073E1,-7.353858971E1
4.106277183E1,3.745973542E-1,6.957370366E-1,-3.356493672E-1,-5.128023496E-1,1.360011419E2,1.025976031E2,2.752169489E1,-7.371068925E1
4.107273983E1,3.746912837E-1,6.945048735E-1,-3.368301112E-1,-5.136291601E-1,1.359895328E2,1.024680547E2,2.745302954E1,-7.394198849E1
4.108270883E1,3.746458810E-1,6.930368355E-1,-3.386434161E-1,-5.144521721E-1,1.359951444E2,1.023482507E2,2.734361689E1,-7.423610094E1
4.109267783E1,3.745675353E-1,6.914984018E-1,-3.408086578E-1,-5.151491493E-1,1.360048272E2,1.022454651E2,2.720257565E1,-7.454940372E1
4.110264583E1,3.743869782E-1,6.899429091E-1,-3.431891328E-1,-5.157853138E-1,1.360271412E2,1.021598842E2,2.704909152E1,-7.487576831E1
4.111261483E1,3.741261630E-1,6.884890114E-1,-3.454368243E-1,-5.164165156E-1,1.360593707E2,1.020848748E2,2.691192343E1,-7.518717972E1
4.112258383E1,3.736935572E-1,6.872094542E-1,-3.473635885E-1,-5.171410304E-1,1.361128206E2,1.020188076E2,2.681770519E1,-7.547634919E1
4.113255183E1,3.730835184E-1,6.862284863E-1,-3.487865083E-1,-5.179257257E-1,1.361881760E2,1.019680251E2,2.678075964E1,-7.572009113E1
4.114252083E1,3.724528909E-1,6.857040215E-1,-3.495029942E-1,-5.185909136E-1,1.362660536E2,1.019411467E2,2.679842144E1,-7.587538466E1
4.115248896E1,3.717851637E-1,6.855208091E-1,-3.497328209E-1,-5.191569827E-1,1.363484897E2,1.019353209E2,2.685504674E1,-7.596724761E1
4.116245796E1,3.711694035E-1,6.855524614E-1,-3.497335374E-1,-5.195552651E-1,1.364244890E2,1.019480355E2,2.691987321E1,-7.601389641E1
4.117242696E1,3.708680535E-1,6.857461788E-1,-3.495625793E-1,-5.196298651E-1,1.364616753E2,1.019716676E2,2.696108333E1,-7.600311051E1
4.118239496E1,3.709185455E-1,6.858983184E-1,-3.494617745E-1,-5.194606876E-1,1.364554450E2,1.019895958E2,2.695886664E1,-7.597075968E1
4.119236396E1,3.714001470E-1,6.859822433E-1,-3.493974901E-1,-5.190488813E-1,1.363960122E2,1.019935034E2,2.690959670E1,-7.591440919E1
4.120233296E1,3.720710247E-1,6.858528314E-1,-3.495712404E-1,-5.186222024E-1,1.363132009E2,1.019770370E2,2.682496089E1,-7.588262286E1
4.121230096E1,3.726680032E-1,6.853895638E-1,-3.501454386E-1,-5.184187069E-1,1.362394913E2,1.019354001E2,2.672197078E1,-7.592091730E1
4.122226996E1,3.731792971E-1,6.846412044E-1,-3.509801148E-1,-5.184752996E-1,1.361763462E2,1.018663327E2,2.661428995E1,-7.601953808E1
4.123223796E1,3.736414900E-1,6.836711420E-1,-3.519127508E-1,-5.187901260E-1,1.361192530E2,1.017677025E2,2.651200184E1,-7.616182479E1
4.124220696E1,3.740467688E-1,6.824862149E-1,-3.529358339E-1,-5.193630755E-1,1.360691808E2,1.016404656E2,2.641612609E1,-7.634691323E1
4.125217596E1,3.745306305E-1,6.813408954E-1,-3.538481657E-1,-5.198970603E-1,1.360093882E2,1.015110672E2,2.632103602E1,-7.651614406E1
4.126214396E1,3.748535702E-1,6.802924820E-1,-3.548591526E-1,-5.203479367E-1,1.359694743E2,1.014089927E2,2.622754364E1,-7.668288255E1
4.127211296E1,3.748879146E-1,6.793476761E-1,-3.560052519E-1,-5.207745945E-1,1.359652291E2,1.013396563E2,2.614535391E1,-7.685753109E1
4.128208196E1,3.745341392E-1,6.783457612E-1,-3.574267808E-1,-5.213611891E-1,1.360089545E2,1.012879716E2,2.607767610E1,-7.707813094E1
4.129204996E1,3.738889710E-1,6.771876923E-1,-3.591433798E-1,-5.221494037E-1,1.360886778E2,1.012378160E2,2.601629848E1,-7.735338896E1
4.130201896E1,3.732611674E-1,6.759517886E-1,-3.608894289E-1,-5.229953594E-1,1.361662339E2,1.011777145E2,2.595258988E1,-7.763988173E1
4.131198696E1,3.726913841E-1,6.746666048E-1,-3.626431171E-1,-5.238472737E-1,1.362366041E2,1.011104312E2,2.588311002E1,-7.792884923E1
4.132195596E1,3.722658959E-1,6.735519787E-1,-3.641750813E-1,-5.245210911E-1,1.362891420E2,1.010533198E2,2.581358222E1,-7.817283724E1
4.133192496E1,3.717008278E-1,6.726207019E-1,-3.656088328E-1,-5.251191180E-1,1.363588999E2,1.010214788E2,2.576097435E1,-7.839568835E1
4.134189296E1,3.707755781E-1,6.718516168E-1,-3.669953693E-1,-5.257900537E-1,1.364730857E2,1.010175769E2,2.574457381E1,-7.862071837E1
4.135186196E1,3.694938503E-1,6.712968905E-1,-3.682268897E-1,-5.265393825E-1,1.366311898E2,1.010410760E2,2.577341815E1,-7.883771766E1
4.136183096E1,3.677344511E-1,6.708375214E-1,-3.694915164E-1,-5.274698374E-1,1.368480746E2,1.010889162E2,2.584535162E1,-7.907911012E1
4.137179896E1,3.657717831E-1,6.704982815E-1,-3.705984191E-1,-5.284881632E-1,1.370898255E2,1.011462125E2,2.595033690E1,-7.931506807E1
4.138176796E1,3.637402523E-1,6.701582512E-1,-3.716332822E-1,-5.295938964E-1,1.373398476E2,1.011983151E2,2.606990864E1,-7.955556418E1
4.139173596E1,3.618504561E-1,6.697912997E-1,-3.726430575E-1,-5.306420200E-1,1.375722351E2,1.012426155E2,2.617770619E1,-7.978759464E1
4.140170496E1,3.604258768E-1,6.694765470E-1,-3.735136428E-1,-5.313962115E-1,1.377472943E2,1.012792635E2,2.624859117E1,-7.996957264E1
4.141167396E1,3.594819296E-1,6.692085773E-1,-3.743471389E-1,-5.317865177E-1,1.378632341E2,1.013159059E2,2.627053693E1,-8.010237574E1
4.142164196E1,3.590005231E-1,6.689998978E-1,-3.751421654E-1,-5.318140870E-1,1.379223452E2,1.013546664E2,2.624527154E1,-8.018562256E1
4.143161096E1,3.588335636E-1,6.688110483E-1,-3.758947712E-1,-5.316328292E-1,1.379428431E2,1.013899656E2,2.619046318E1,-8.023855874E1
4.144157996E1,3.586773463E-1,6.685874698E-1,-3.767368968E-1,-5.314232118E-1,1.379620209E2,1.014272157E2,2.612633081E1,-8.029719416E1
4.145154796E1,3.584607747E-1,6.684880348E-1,-3.774791555E-1,-5.311677387E-1,1.379886060E2,1.014776227E2,2.607425528E1,-8.033887526E1
4.146151696E1,3.582393878E-1,6.685983226E-1,-3.779175354E-1,-5.308664203E-1,1.380157798E2,1.015371808E2,2.604665684E1,-8.034261328E1
4.147148496E1,3.581206812E-1,6.689773176E-1,-3.779299161E-1,-5.304599772E-1,1.380303492E2,1.016040120E2,2.604279508E1,-8.028833132E1
4.148145396E1,3.582767721E-1,6.696495071E-1,-3.774312029E-1,-5.298611759E-1,1.380111913E2,1.016730989E2,2.605239532E1,-8.015659097E1
4.149142296E1,3.589400213E-1,6.706027635E-1,-3.762808679E-1,-5.290242817E-1,1.379297733E2,1.017279571E2,2.606597276E1,-7.992836969E1
4.150139096E1,3.600074745E-1,6.716387120E-1,-3.747371342E-1,-5.280796444E-1,1.377986899E2,1.017589502E2,2.607460682E1,-7.964788462E1
4.151135996E1,3.614494025E-1,6.726673058E-1,-3.728998267E-1,-5.270850630E-1,1.376215290E2,1.017601105E2,2.607433979E1,-7.933350679E1
4.152132896E1,3.631334325E-1,6.735647176E-1,-3.710445856E-1,-5.260898811E-1,1.374144880E2,1.017357228E2,2.605500328E1,-7.901993897E1
4.153129696E1,3.648945649E-1,6.742595716E-1,-3.694374209E-1,-5.251115000E-1,1.371978116E2,1.016980336E2,2.600894724E1,-7.873601614E1
4.154126596E1,3.665783526E-1,6.746753502E-1,-3.682624089E-1,-5.242292611E-1,1.369905009E2,1.016509231E2,2.593651960E1,-7.851004385E1
4.155123396E1,3.679650471E-1,6.747419844E-1,-3.676686863E-1,-5.235883129E-1,1.368196578E2,1.015970221E2,2.584866134E1,-7.837463883E1
4.156120296E1,3.690130338E-1,6.745820160E-1,-3.675076642E-1,-5.231698316E-1,1.366904772E2,1.015448775E2,2.576058725E1,-7.831110949E1
4.157117196E1,3.696990264E-1,6.743481748E-1,-3.675871637E-1,-5.229311013E-1,1.366058867E2,1.015044572E2,2.568874263E1,-7.829342800E1
4.158113996E1,3.698070435E-1,6.740039193E-1,-3.679910991E-1,-5.230144309E-1,1.365925647E2,1.014788969E2,2.564895574E1,-7.834727095E1
4.159110896E1,3.693964173E-1,6.736004159E-1,-3.686245557E-1,-5.233782741E-1,1.366432048E2,1.014682845E2,2.564274711E1,-7.845783631E1
4.160107796E1,3.684802502E-1,6.729886018E-1,-3.696641604E-1,-5.240773849E-1,1.367561583E2,1.014622778E2,2.565608575E1,-7.865106051E1
4.161104596E1,3.679031703E-1,6.723321646E-1,-3.705876400E-1,-5.246727566E-1,1.368272833E2,1.014355348E2,2.564716679E1,-7.882145204E1
4.162101496E1,3.694168532E-1,6.721890655E-1,-3.698410191E-1,-5.243193763E-1,1.366406848E2,1.013316026E2,2.557120689E1,-7.870903775E1
4.163098296E1,3.715149655E-1,6.722994270E-1,-3.683988172E-1,-5.237101436E-1,1.363818410E2,1.012057979E2,2.549603985E1,-7.849562630E1
4.164095196E1,3.718000995E-1,6.722693342E-1,-3.681480434E-1,-5.237229879E-1,1.363466460E2,1.011764273E2,2.549363656E1,-7.847367463E1
4.165092096E1,3.700167135E-1,6.718721212E-1,-3.696511054E-1,-5.244362653E-1,1.365667039E2,1.012553377E2,2.554082059E1,-7.870962310E1
4.166088896E1,3.673254318E-1,6.710704038E-1,-3.723174837E-1,-5.254676356E-1,1.368984720E2,1.013756320E2,2.557728589E1,-7.910245093E1
4.167085796E1,3.648366498E-1,6.700858956E-1,-3.751761779E-1,-5.264237052E-1,1.372049396E2,1.014815431E2,2.557817291E1,-7.950866106E1
4.168082696E1,3.630191776E-1,6.690721796E-1,-3.777144298E-1,-5.271540416E-1,1.374285395E2,1.015497707E2,2.554202751E1,-7.985788852E1
4.169079496E1,3.620048979E-1,6.682320770E-1,-3.795359639E-1,-5.276085269E-1,1.375532504E2,1.015777850E2,2.548927439E1,-8.010200604E1
4.170076396E1,3.613389514E-1,6.674855510E-1,-3.808472577E-1,-5.280648350E-1,1.376351032E2,1.015739345E2,2.544988061E1,-8.029572683E1
4.171073196E1,3.606776199E-1,6.668404092E-1,-3.819182513E-1,-5.285585063E-1,1.377163664E2,1.015664398E2,2.543136718E1,-8.046949912E1
4.172070096E1,3.601153335E-1,6.663760141E-1,-3.827184724E-1,-5.289484121E-1,1.377854416E2,1.015647742E2,2.542387340E1,-8.060183845E1
4.173066996E1,3.596089392E-1,6.659348314E-1,-3.834719632E-1,-5.293029935E-1,1.378476368E2,1.015624948E2,2.541443521E1,-8.072505568E1
4.174063796E1,3.593058822E-1,6.655461321E-1,-3.840917958E-1,-5.295481407E-1,1.378848520E2,1.015552487E2,2.539552322E1,-8.082102080E1
4.175060696E1,3.592665382E-1,6.652587538E-1,-3.845139597E-1,-5.296295473E-1,1.378896831E2,1.015448602E2,2.536577039E1,-8.087605691E1
4.176057596E1,3.592256557E-1,6.649396811E-1,-3.849776804E-1,-5.297210060E-1,1.378947030E2,1.015329361E2,2.533292441E1,-8.093681050E1
4.177054396E1,3.592919580E-1,6.646958194E-1,-3.852996824E-1,-5.297481011E-1,1.378865618E2,1.015199868E2,2.530093024E1,-8.097474360E1
4.178051296E1,3.593538243E-1,6.644022350E-1,-3.856560656E-1,-5.298151199E-1,1.378789651E2,1.015018501E2,2.526761186E1,-8.102160334E1
4.179048096E1,3.595019441E-1,6.640604030E-1,-3.859822190E-1,-5.299056355E-1,1.378607763E2,1.014720920E2,2.523018900E1,-8.106896595E1
4.180044996E1,3.598759816E-1,6.636783102E-1,-3.862041537E-1,-5.299684923E-1,1.378148403E2,1.014240371E2,2.518142881E1,-8.110307413E1
4.181041896E1,3.603948936E-1,6.631561319E-1,-3.864911527E-1,-5.300604567E-1,1.377511005E2,1.013569804E2,2.511565322E1,-8.114880052E1
4.182038696E1,3.610959379E-1,6.625716077E-1,-3.867481115E-1,-5.301269065E-1,1.376649668E2,1.012751747E2,2.503600639E1,-8.118904983E1
4.183035596E1,3.617803079E-1,6.618973635E-1,-3.870748971E-1,-5.302640629E-1,1.375808577E2,1.011850580E2,2.495388147E1,-8.124592238E1
4.184032496E1,3.623725660E-1,6.612330344E-1,-3.874175615E-1,-5.304382874E-1,1.375080498E2,1.010992108E2,2.487927213E1,-8.130878895E1
4.185029296E1,3.628438099E-1,6.606503963E-1,-3.876751630E-1,-5.306537842E-1,1.374501056E2,1.010207398E2,2.482336271E1,-8.136744837E1
4.186026196E1,3.630891309E-1,6.600969661E-1,-3.879327224E-1,-5.309863808E-1,1.374199365E2,1.009494563E2,2.479019242E1,-8.144035241E1
4.187022996E1,3.631783716E-1,6.596320126E-1,-3.881236371E-1,-5.313634529E-1,1.374089610E2,1.008884783E2,2.477730437E1,-8.151127789E1
4.188019896E1,3.632682286E-1,6.593923340E-1,-3.880703951E-1,-5.316384189E-1,1.373979093E2,1.008429659E2,2.478215339E1,-8.154296953E1
4.189016796E1,3.632895233E-1,6.593153422E-1,-3.878955173E-1,-5.318469931E-1,1.373952902E2,1.008141714E2,2.480132084E1,-8.155264385E1
4.190013596E1,3.632419290E-1,6.593678572E-1,-3.876810741E-1,-5.319706204E-1,1.374011440E2,1.008039913E2,2.482730288E1,-8.154641625E1
4.191010496E1,3.632336840E-1,6.595552526E-1,-3.873975839E-1,-5.319505427E-1,1.374021581E2,1.008096657E2,2.485162516E1,-8.151396170E1
4.192007296E1,3.631696155E-1,6.597465256E-1,-3.872310090E-1,-5.318783082E-1,1.374100379E2,1.008270813E2,2.486923143E1,-8.148645174E1
4.193004196E1,3.631306034E-1,6.599844024E-1,-3.870687437E-1,-5.317278282E-1,1.374148359E2,1.008524333E2,2.488201873E1,-8.144907150E1
4.194001096E1,3.630795477E-1,6.602084340E-1,-3.869424928E-1,-5.315764946E-1,1.374211150E2,1.008788607E2,2.489273254E1,-8.141528332E1
4.194997896E1,3.629827470E-1,6.603736707E-1,-3.868457868E-1,-5.315077426E-1,1.374330198E2,1.008986037E2,2.490726018E1,-8.139536453E1
4.195994796E1,3.629233884E-1,6.605724247E-1,-3.866396150E-1,-5.314514502E-1,1.374403195E2,1.009137447E2,2.492826533E1,-8.136585993E1
4.196991696E1,3.628265455E-1,6.607322455E-1,-3.864765910E-1,-5.314374469E-1,1.374522287E2,1.009266559E2,2.495003693E1,-8.134630711E1
4.197988496E1,3.627554859E-1,6.608631115E-1,-3.863623309E-1,-5.314061740E-1,1.374609668E2,1.009388934E2,2.496492505E1,-8.132971059E1
4.198985396E1,3.627063479E-1,6.610002468E-1,-3.862736644E-1,-5.313337604E-1,1.374670091E2,1.009542765E2,2.497455143E1,-8.131042714E1
4.199982296E1,3.625271079E-1,6.610721599E-1,-3.863594649E-1,-5.313042049E-1,1.374890486E2,1.009757037E2,2.498173211E1,-8.131437697E1
4.200979096E1,3.622773773E-1,6.611479610E-1,-3.865123526E-1,-5.312690228E-1,1.375197528E2,1.010044936E2,2.498907865E1,-8.132418493E1
4.201975996E1,3.619916322E-1,6.612360689E-1,-3.866799917E-1,-5.312321760E-1,1.375548811E2,1.010370252E2,2.499820757E1,-8.133510632E1
4.202972796E1,3.617368018E-1,6.613486326E-1,-3.867961168E-1,-5.311810202E-1,1.375862053E2,1.010687281E2,2.500863857E1,-8.133890118E1
4.203969696E1,3.615580834E-1,6.614994551E-1,-3.868162419E-1,-5.311001984E-1,1.376081717E2,1.010974665E2,2.501982982E1,-8.132911440E1
4.204966596E1,3.614414420E-1,6.616524271E-1,-3.867806067E-1,-5.310150407E-1,1.376225073E2,1.011209594E2,2.503031333E1,-8.131327048E1
4.205963396E1,3.614981190E-1,6.618727287E-1,-3.865785969E-1,-5.308490348E-1,1.376155417E2,1.011390811E2,2.503767573E1,-8.127020137E1
4.206960296E1,3.617225878E-1,6.621681254E-1,-3.862018567E-1,-5.306018909E-1,1.375879524E2,1.011524664E2,2.504307145E1,-8.119898300E1
4.207957196E1,3.619391225E-1,6.624004178E-1,-3.858819832E-1,-5.303967359E-1,1.375613360E2,1.011605256E2,2.504553897E1,-8.113932743E1
4.208953996E1,3.622831514E-1,6.626803993E-1,-3.854284410E-1,-5.301419740E-1,1.375190429E2,1.011633844E2,2.504695962E1,-8.105984719E1
4.209950896E1,3.626184928E-1,6.629151151E-1,-3.850347473E-1,-5.299052562E-1,1.374778120E2,1.011641707E2,2.504455886E1,-8.098904964E1
4.210947696E1,3.629339567E-1,6.630943130E-1,-3.847439446E-1,-5.296761933E-1,1.374390199E2,1.011650965E2,2.503534426E1,-8.092998110E1
4.211944596E1,3.632685869E-1,6.632208799E-1,-3.845153822E-1,-5.294543481E-1,1.373978653E2,1.011626035E2,2.501943354E1,-8.087855913E1
4.212941496E1,3.634915016E-1,6.632098796E-1,-3.844863430E-1,-5.293362948E-1,1.373704468E2,1.011559899E2,2.499929338E1,-8.086120206E1
4.213938296E1,3.637880573E-1,6.632007338E-1,-3.844398551E-1,-5.291777278E-1,1.373339666E2,1.011474159E2,2.497310943E1,-8.083709668E1
4.214935196E1,3.640400007E-1,6.631196327E-1,-3.845279525E-1,-5.290421941E-1,1.373029707E2,1.011392516E2,2.494002981E1,-8.082989284E1
4.215932046E1,3.642866493E-1,6.630512810E-1,-3.846240368E-1,-5.288881000E-1,1.372726230E2,1.011339976E2,2.490614306E1,-8.082102813E1
4.216928846E1,3.645072775E-1,6.630291013E-1,-3.846561632E-1,-5.287405544E-1,1.372454743E2,1.011310142E2,2.488010344E1,-8.080617594E1
4.217925746E1,3.645689436E-1,6.629775240E-1,-3.847710450E-1,-5.286791412E-1,1.372378857E2,1.011320495E2,2.486323031E1,-8.081044276E1
4.218922546E1,3.646252992E-1,6.629755537E-1,-3.848325267E-1,-5.285980032E-1,1.372309504E2,1.011366641E2,2.485073557E1,-8.080645808E1
4.219919446E1,3.646825136E-1,6.629861852E-1,-3.848955679E-1,-5.284990635E-1,1.372239093E2,1.011435188E2,2.483747842E1,-8.080027765E1
4.220916346E1,3.647069166E-1,6.629308886E-1,-3.850728375E-1,-5.284226512E-1,1.372209061E2,1.011498735E2,2.481804372E1,-8.080886344E1
4.221913146E1,3.647382580E-1,6.628358580E-1,-3.853634295E-1,-5.283082805E-1,1.372170489E2,1.011596631E2,2.478723157E1,-8.082433853E1
4.222910046E1,3.644965669E-1,6.625686575E-1,-3.860111317E-1,-5.283375515E-1,1.372467923E2,1.011753307E2,2.475382352E1,-8.089463863E1
4.223906946E1,3.639670655E-1,6.622380154E-1,-3.868055577E-1,-5.285359472E-1,1.373119441E2,1.011964858E2,2.473766557E1,-8.100105779E1
4.224903746E1,3.631386482E-1,6.619110718E-1,-3.876106994E-1,-5.289252787E-1,1.374138465E2,1.012223046E2,2.475191849E1,-8.113224932E1
4.225900646E1,3.620704099E-1,6.616234512E-1,-3.883724721E-1,-5.294584206E-1,1.375451969E2,1.012533045E2,2.479468394E1,-8.127674822E1
4.226897446E1,3.610978135E-1,6.615301275E-1,-3.888158675E-1,-5.299136223E-1,1.376647364E2,1.012872343E2,2.485394172E1,-8.137816830E1
4.227894346E1,3.603287230E-1,6.615914617E-1,-3.889863410E-1,-5.302352818E-1,1.377592292E2,1.013204263E2,2.491494344E1,-8.143439562E1
4.228891246E1,3.598995048E-1,6.617669612E-1,-3.889350904E-1,-5.303453641E-1,1.378119512E2,1.013493596E2,2.495933961E1,-8.144111290E1
4.229888046E1,3.598983616E-1,6.620134149E-1,-3.887710759E-1,-5.301587853E-1,1.378120916E2,1.013757651E2,2.496776559E1,-8.139892202E1
4.230884946E1,3.601768521E-1,6.621887142E-1,-3.887461566E-1,-5.297691113E-1,1.377778850E2,1.014000589E2,2.493434937E1,-8.134600779E1
4.231881846E1,3.606137464E-1,6.622472140E-1,-3.888702369E-1,-5.293074348E-1,1.377242139E2,1.014166902E2,2.487252697E1,-8.130022975E1
4.232878646E1,3.611351608E-1,6.622286483E-1,-3.890464318E-1,-5.288454473E-1,1.376601470E2,1.014243074E2,2.479901776E1,-8.126050773E1
4.233875546E1,3.616100136E-1,6.621495281E-1,-3.892847828E-1,-5.284445202E-1,1.376017891E2,1.014278978E2,2.472604602E1,-8.123525322E1
4.234872346E1,3.620217935E-1,6.621186556E-1,-3.894711772E-1,-5.280638446E-1,1.375511734E2,1.014354957E2,2.466346905E1,-8.120689493E1
4.235869246E1,3.622523210E-1,6.620930830E-1,-3.896950086E-1,-5.277725414E-1,1.375228333E2,1.014491586E2,2.461591005E1,-8.119328290E1
4.236866146E1,3.623907207E-1,6.621594116E-1,-3.897895967E-1,-5.275243070E-1,1.375058177E2,1.014673920E2,2.458848835E1,-8.117122265E1
4.237862946E1,3.624603684E-1,6.623114669E-1,-3.897501578E-1,-5.273148161E-1,1.374972545E2,1.014884968E2,2.457949240E1,-8.113976196E1
4.238859846E1,3.624657895E-1,6.625342446E-1,-3.896193445E-1,-5.271277420E-1,1.374965879E2,1.015137982E2,2.458438590E1,-8.110124936E1
4.239856746E1,3.623230698E-1,6.627515959E-1,-3.895376217E-1,-5.270130288E-1,1.375141352E2,1.015441130E2,2.459998272E1,-8.107658239E1
4.240853546E1,3.621702664E-1,6.630596261E-1,-3.893519017E-1,-5.268680226E-1,1.375329211E2,1.015803193E2,2.462430560E1,-8.103687493E1
4.241850446E1,3.618651706E-1,6.633153626E-1,-3.892810212E-1,-5.268080423E-1,1.375704264E2,1.016197144E2,2.465448587E1,-8.101957835E1
4.242847246E1,3.615662546E-1,6.635704354E-1,-3.892154407E-1,-5.267405336E-1,1.376071674E2,1.016594556E2,2.468344497E1,-8.100187632E1
4.243844146E1,3.612572444E-1,6.637679882E-1,-3.892288750E-1,-5.266935715E-1,1.376451444E2,1.016968345E2,2.470719533E1,-8.099516274E1
4.244841046E1,3.609735803E-1,6.639151228E-1,-3.893476027E-1,-5.266150256E-1,1.376800021E2,1.017350251E2,2.471891415E1,-8.099554938E1
4.245837846E1,3.607351978E-1,6.640373592E-1,-3.895432378E-1,-5.264794813E-1,1.377092922E2,1.017755358E2,2.471848603E1,-8.099681078E1
4.246834746E1,3.604263457E-1,6.640681791E-1,-3.899341393E-1,-5.263627346E-1,1.377472367E2,1.018190837E2,2.470815706E1,-8.102077908E1
4.247831646E1,3.601565953E-1,6.640633217E-1,-3.903896308E-1,-5.262158212E-1,1.377803732E2,1.018621245E2,2.468810497E1,-8.104787294E1
4.248828446E1,3.600480988E-1,6.641081976E-1,-3.907201148E-1,-5.259880701E-1,1.377937001E2,1.019005824E2,2.466234505E1,-8.105209869E1
4.249825346E1,3.599875496E-1,6.641689312E-1,-3.909910769E-1,-5.257514841E-1,1.378011372E2,1.019358395E2,2.463724575E1,-8.104918894E1
4.250822146E1,3.599938294E-1,6.643338202E-1,-3.910798276E-1,-5.254728513E-1,1.378003659E2,1.019713829E2,2.462050254E1,-8.102187829E1
4.251819046E1,3.599930708E-1,6.646134645E-1,-3.910119290E-1,-5.251701526E-1,1.378004590E2,1.020120680E2,2.461678505E1,-8.097478353E1
4.252815946E1,3.598892210E-1,6.649476153E-1,-3.908888497E-1,-5.249098537E-1,1.378132143E2,1.020580014E2,2.462778977E1,-8.092680712E1
4.253812746E1,3.597201120E-1,6.653416356E-1,-3.906919923E-1,-5.246729199E-1,1.378339837E2,1.021080481E2,2.465125143E1,-8.087368739E1
4.254809646E1,3.594065816E-1,6.656926872E-1,-3.905972778E-1,-5.245128883E-1,1.378724867E2,1.021616886E2,2.468078216E1,-8.084060803E1
4.255806546E1,3.590716511E-1,6.660352358E-1,-3.905342472E-1,-5.243544478E-1,1.379136122E2,1.022170486E2,2.470948853E1,-8.081095524E1
4.256803346E1,3.587217480E-1,6.663689124E-1,-3.905296532E-1,-5.241733849E-1,1.379565701E2,1.022764066E2,2.473378661E1,-8.078442184E1
4.257800246E1,3.582411686E-1,6.665952093E-1,-3.907348557E-1,-5.240612954E-1,1.380155612E2,1.023380733E2,2.475373112E1,-8.078840360E1
4.258797046E1,3.577668585E-1,6.668003486E-1,-3.910071559E-1,-5.239212730E-1,1.380737713E2,1.024022141E2,2.476660883E1,-8.079589500E1
4.259793946E1,3.573100973E-1,6.669417196E-1,-3.913771104E-1,-5.237769358E-1,1.381298170E2,1.024642945E2,2.476966430E1,-8.081333945E1
4.260790846E1,3.569626281E-1,6.670602998E-1,-3.917079000E-1,-5.236154396E-1,1.381724453E2,1.025178695E2,2.476616777E1,-8.082508999E1
4.261787646E1,3.567197727E-1,6.671775945E-1,-3.919646164E-1,-5.234396083E-1,1.382022357E2,1.025634279E2,2.475956259E1,-8.082776736E1
4.262784546E1,3.564698840E-1,6.672113225E-1,-3.922794428E-1,-5.233307430E-1,1.382328858E2,1.026002747E2,2.475082282E1,-8.084540758E1
4.263781446E1,3.563122706E-1,6.672869445E-1,-3.924589779E-1,-5.232071526E-1,1.382522163E2,1.026309521E2,2.474514004E1,-8.084730650E1
4.264778246E1,3.561466809E-1,6.673441061E-1,-3.926348040E-1,-5.231149722E-1,1.382725236E2,1.026582878E2,2.474145050E1,-8.085289466E1
4.265775146E1,3.561010517E-1,6.674645091E-1,-3.926636008E-1,-5.229708563E-1,1.382781192E2,1.026816608E2,2.473822724E1,-8.083675799E1
4.266771946E1,3.561873368E-1,6.676163748E-1,-3.925703193E-1,-5.227882235E-1,1.382675379E2,1.026978448E2,2.473278150E1,-8.080339243E1
4.267768846E1,3.567726459E-1,6.678045288E-1,-3.921501890E-1,-5.224640562E-1,1.381957501E2,1.026851136E2,2.470780344E1,-8.071981957E1
4.268765746E1,3.578868189E-1,6.681327053E-1,-3.913832639E-1,-5.218572470E-1,1.380590501E2,1.026589426E2,2.465780932E1,-8.056580402E1
4.269762546E1,3.587292607E-1,6.685041771E-1,-3.908103301E-1,-5.212319458E-1,1.379556479E2,1.026606726E2,2.461389389E1,-8.042852091E1
4.270759446E1,3.590712297E-1,6.688678201E-1,-3.904623657E-1,-5.207905945E-1,1.379136640E2,1.026868938E2,2.459947972E1,-8.033609693E1
4.271756346E1,3.590786159E-1,6.692763284E-1,-3.902136783E-1,-5.204469607E-1,1.379127571E2,1.027333373E2,2.460819823E1,-8.026484110E1
4.272753146E1,3.589259864E-1,6.696554077E-1,-3.900959937E-1,-5.201529180E-1,1.379314964E2,1.027883986E2,2.462107773E1,-8.021294882E1
4.273750046E1,3.588273258E-1,6.700391126E-1,-3.899165325E-1,-5.198612144E-1,1.379436089E2,1.028381658E2,2.463456791E1,-8.015515816E1
4.274746846E1,3.586750493E-1,6.703175136E-1,-3.898105963E-1,-5.196867686E-1,1.379623029E2,1.028773925E2,2.465034821E1,-8.012012346E1
4.275743746E1,3.585512535E-1,6.705588675E-1,-3.896794143E-1,-5.195592849E-1,1.379774997E2,1.029078170E2,2.466740006E1,-8.008871320E1
4.276740646E1,3.583911481E-1,6.707047483E-1,-3.896351917E-1,-5.195146408E-1,1.379971525E2,1.029303221E2,2.468304855E1,-8.007710594E1
4.277737446E1,3.583084665E-1,6.708339811E-1,-3.895669033E-1,-5.194560462E-1,1.380073011E2,1.029469967E2,2.469370756E1,-8.006164061E1
4.278734346E1,3.583044099E-1,6.709075063E-1,-3.895358621E-1,-5.193871888E-1,1.380077990E2,1.029566963E2,2.469430018E1,-8.004933671E1
4.279731246E1,"","","","","","","",""