"Time (s)","X (m/s^2)","Y (m/s^2)","Z (m/s^2)"
2.775666668E-3,1.142124939E0,7.964936829E0,3.870501251E0
2.267366667E-2,1.148711243E0,7.856262817E0,4.386777649E0
4.257166667E-2,1.592089233E0,7.953111420E0,4.042343903E0
6.246966667E-2,1.328038330E0,7.926017761E0,4.245172119E0
8.236766667E-2,1.092278595E0,8.059989166E0,4.540358276E0
1.022666667E-1,1.174906769E0,8.274942169E0,4.938380585E0
1.221646667E-1,1.374292145E0,8.588989105E0,5.263803864E0
1.420626667E-1,1.554966431E0,8.509354706E0,5.401966553E0
1.619606667E-1,1.589245148E0,8.348888397E0,5.149890747E0
1.818586667E-1,1.143172760E0,8.246800690E0,4.851112061E0
2.017576667E-1,9.035211182E-1,8.164920959E0,4.725822601E0
2.216556667E-1,1.165626068E0,8.172704773E0,4.808301086E0
2.415536667E-1,1.224603424E0,7.926766205E0,4.749772797E0
2.614516667E-1,1.192570038E0,7.909252625E0,4.526137848E0
2.813496667E-1,9.280700684E-1,8.137827301E0,4.502187653E0
3.012486667E-1,8.860075378E-1,8.321495361E0,4.583618317E0
3.211466667E-1,8.976832581E-1,8.570727081E0,4.694837036E0
3.410446667E-1,1.143472137E0,8.676257629E0,4.609813843E0
3.609426667E-1,1.532213745E0,9.562115479E0,4.489913177E0
3.808406667E-1,2.101330261E0,1.076082275E1,4.639751587E0
4.013596667E-1,1.368005219E0,9.939630432E0,4.773573303E0
4.212586667E-1,1.122515717E0,9.670789490E0,4.736450500E0
4.411566667E-1,1.726809082E0,9.809251556E0,5.225184174E0
4.610546667E-1,2.947520599E0,1.027164001E1,5.660179596E0
4.809526667E-1,3.704346771E0,1.079974182E1,5.541476440E0
5.008506667E-1,3.397185516E0,1.009336075E1,5.234315186E0
5.207496667E-1,2.640958099E0,9.046587524E0,4.666396179E0
5.406476667E-1,2.060016174E0,7.889344025E0,3.996239777E0
5.605456667E-1,1.981878662E0,7.145690460E0,3.092568970E0
5.804436667E-1,2.352358246E0,7.195985870E0,2.299817505E0
6.003416667E-1,2.755619659E0,7.955805817E0,1.972597961E0
6.202406667E-1,2.949017487E0,8.694819031E0,2.125280457E0
6.401386667E-1,2.696342926E0,9.115294647E0,2.418221283E0
6.600366667E-1,1.942061462E0,9.107510834E0,3.092718658E0
6.799346667E-1,1.482966156E0,8.514593811E0,3.528911591E0
6.998326667E-1,1.936223602E0,8.281678162E0,3.961661682E0
7.197306667E-1,2.456691284E0,8.366401978E0,4.053121490E0
7.396296667E-1,2.992127838E0,8.471633148E0,3.910617828E0
7.595276667E-1,3.387605438E0,7.940687256E0,3.843706970E0
7.794256667E-1,3.411705322E0,7.612120514E0,3.689527588E0
7.993236667E-1,3.038681030E0,7.728428650E0,3.634142761E0
8.192216667E-1,2.644850006E0,7.650141449E0,3.779490509E0
8.391206667E-1,2.397264862E0,7.835456085E0,3.853885803E0
8.590186667E-1,2.618055725E0,8.769962769E0,3.779041443E0
8.789166667E-1,3.033441925E0,8.543034668E0,3.671265564E0
8.988146667E-1,3.799249420E0,8.120762787E0,3.962859192E0
9.187126667E-1,4.112697601E0,8.227790222E0,3.915856934E0
9.386106667E-1,3.807182922E0,8.577163696E0,3.857178955E0
9.585096667E-1,3.614832916E0,8.848249969E0,3.930227051E0
9.784076667E-1,3.787424011E0,8.799451447E0,3.848946075E0
9.983058333E-1,4.253105621E0,8.963959351E0,3.722459106E0
1.018203833E0,4.332740021E0,9.100475464E0,3.582200775E0
1.038101833E0,3.949836273E0,9.172326050E0,3.533551941E0
1.057999833E0,3.498973846E0,8.785380707E0,3.529360657E0
1.077898833E0,3.219954071E0,8.880882111E0,3.503913574E0
1.097796833E0,2.863694916E0,9.464368744E0,3.385210419E0
1.117694833E0,2.457888794E0,9.698631592E0,3.414699097E0
1.137592833E0,2.307002563E0,9.897418213E0,3.893403625E0
1.157490833E0,2.291884003E0,1.036818924E1,4.408482513E0
1.177388833E0,2.809357910E0,1.112785950E1,4.826413422E0
1.197287833E0,3.343746643E0,1.026205994E1,4.479734344E0
1.217185833E0,3.403771820E0,9.035959625E0,3.858376465E0
1.237083833E0,2.931054840E0,8.669072571E0,3.228935394E0
1.256981833E0,1.463656311E0,8.814270630E0,2.701731720E0
1.276879833E0,-4.065545654E-1,8.387358398E0,2.651885376E0
1.296778833E0,-1.178050232E0,7.783813477E0,3.035836945E0
1.316676833E0,-9.190887451E-1,8.184380493E0,3.025807800E0
1.336574833E0,-8.680448914E-1,9.073381805E0,2.990032196E0
1.356472833E0,-8.321195984E-1,9.644294586E0,3.573818207E0
1.376370833E0,-1.094224548E-1,1.003662872E1,3.805386658E0
1.396268833E0,8.735833740E-1,9.652377777E0,3.774999847E0
1.416166833E0,1.700463867E0,9.230405273E0,3.393592987E0
1.436065833E0,1.912572784E0,8.946445770E0,2.813100128E0
1.455963833E0,1.609602814E0,8.911418610E0,2.401905212E0
1.475861833E0,1.014290771E0,8.903485107E0,2.169887695E0
1.495759833E0,4.851411438E-1,8.734336853E0,2.110012207E0
1.515657833E0,3.227288818E-1,8.805438995E0,1.961071930E0
1.535555833E0,3.924838257E-1,9.004674683E0,1.739233246E0
1.555454833E0,3.571572876E-1,9.368418274E0,1.556313629E0
1.575352833E0,2.091151428E-1,9.448352051E0,1.667382660E0
1.595250833E0,3.038681030E-1,9.456884308E0,1.924996948E0
1.615148833E0,6.012995911E-1,9.549841003E0,1.932032318E0
1.635046833E0,5.065466309E-1,9.654623108E0,1.921853485E0
1.654944833E0,2.215393066E-1,9.759704590E0,2.048190765E0
1.674843833E0,-1.422042847E-2,9.732311554E0,2.045047302E0
1.694741833E0,-1.877096558E-1,1.004875351E1,1.862427063E0
1.714639833E0,-6.122268677E-1,1.005444168E1,1.820663910E0
1.734537833E0,-1.112486572E0,9.812245331E0,1.949396210E0
1.754435833E0,-1.369352417E0,9.617051239E0,2.154469757E0
1.774333833E0,-1.111139374E0,1.023825943E1,2.408641205E0
1.794231833E0,-5.074447632E-1,1.254466324E1,2.054777069E0
1.814130833E0,3.531156921E-1,1.299582504E1,1.899100800E0
1.834028833E0,1.447190552E0,1.176418625E1,1.913470917E0
1.853926833E0,1.936972046E0,9.591903534E0,1.562750244E0
1.873824833E0,2.033670959E0,8.990603943E0,1.054407349E0
1.893722833E0,1.890119476E0,9.905202026E0,4.583468628E-1
1.913620833E0,1.559906158E0,1.106828339E1,2.680924988E-1
1.933519833E0,1.316512299E0,1.172511749E1,4.016148376E-1
1.953417833E0,9.785151672E-1,1.201701050E1,3.715274048E-1
1.973315833E0,2.182461548E-1,1.110375961E1,5.405259705E-1
1.993213833E0,-3.004252625E-1,9.612710266E0,8.848100281E-1
2.013111792E0,-7.095245361E-2,8.330925751E0,8.773255920E-1
2.033009792E0,4.852908325E-1,7.804470520E0,5.117857361E-1
2.052908792E0,7.313790894E-1,7.577392731E0,4.715194702E-2
2.072806792E0,5.340893555E-1,7.682025146E0,-3.089575195E-1
2.092704792E0,3.296145630E-1,8.234975281E0,-4.978646851E-1
2.112602792E0,3.751199341E-1,9.005423126E0,-2.800675964E-1
2.132500792E0,4.478686523E-1,9.690099335E0,1.202000427E-1
2.152398792E0,5.815406799E-1,9.680219879E0,1.712438965E-1
2.172296792E0,7.270381165E-1,9.495953064E0,5.195695496E-1
2.192195792E0,9.092092896E-1,9.837243347E0,2.592608643E-1
2.212093792E0,1.471889191E0,1.020442978E1,-7.619155884E-2
2.231991792E0,1.747017059E0,9.937684479E0,4.403842163E-1
2.251889792E0,1.477427673E0,1.016191818E1,1.012943573E0
2.271787792E0,9.806108093E-1,1.006881180E1,1.771715698E0
2.291685792E0,7.367678833E-1,1.016820511E1,2.771636353E0
2.311583792E0,1.065634003E0,1.033720367E1,2.708318024E0
2.331482792E0,2.147434387E0,1.119881195E1,2.792742462E0
2.351380792E0,2.892734528E0,1.342034225E1,4.432582397E0
2.371278792E0,2.205663300E0,1.201581299E1,5.261857910E0
2.391176792E0,1.998194733E0,9.772727509E0,3.771856384E0
2.411074792E0,1.887574768E0,7.970774689E0,2.571203156E0
2.430972792E0,4.867877197E-1,6.837930450E0,2.217937775E0
2.450871792E0,-9.892927551E-1,7.006629639E0,1.977088623E0
2.470769792E0,-1.496737518E0,9.299711151E0,2.257455597E0
2.490667792E0,-1.548380127E0,1.000788849E1,2.680176544E0
2.510565792E0,-1.540895691E0,9.856403503E0,3.021317139E0
2.530463792E0,-1.122216339E0,9.319020996E0,2.893333282E0
2.550361792E0,-1.538800049E-1,8.630153503E0,3.084635468E0
2.570259792E0,1.097368011E0,8.165519714E0,2.972368927E0
2.590157792E0,2.253414001E0,8.068072357E0,2.512674866E0
2.610056792E0,2.764750671E0,8.109236755E0,2.586022339E0
2.629954792E0,2.681074677E0,8.186625824E0,2.772085419E0
2.649852792E0,2.235750732E0,8.414302368E0,2.671045532E0
2.669750792E0,1.508712616E0,8.742120667E0,2.377955017E0
2.689648792E0,8.675958252E-1,9.195527802E0,2.178270264E0
2.709546792E0,3.947291565E-1,9.443412323E0,2.014510803E0
2.729445792E0,1.646575928E-3,9.295070801E0,1.994452515E0
2.749343792E0,-1.706451416E-2,8.759933624E0,2.397713928E0
2.769241792E0,3.213816833E-1,8.387059021E0,2.567311249E0
2.789139792E0,7.391629028E-1,8.717122650E0,2.521805878E0
2.809037792E0,9.587562561E-1,9.337432709E0,2.388283539E0
2.828935792E0,1.044078827E0,1.007779312E1,2.591411133E0
2.848833792E0,1.047072601E0,1.083506836E1,3.004252625E0
2.868731792E0,1.008901978E0,1.095451996E1,3.475921783E0
2.888630792E0,7.932005310E-1,1.037223083E1,4.014202423E0
2.908528792E0,2.869532776E-1,9.326655121E0,4.463418274E0
2.928426792E0,1.377136230E-1,8.612041168E0,4.431235199E0
2.948324792E0,6.068380737E-1,7.976313171E0,4.153412933E0
2.968222792E0,1.479223938E0,9.058263245E0,3.214265900E0
2.988120792E0,2.931204529E0,1.390383682E1,1.753303986E0
3.008019417E0,3.046614532E0,1.100002533E1,1.374741211E0
3.027918417E0,2.148931274E0,8.922645264E0,1.217268677E0
3.047816417E0,1.843266907E0,8.331075439E0,7.899073792E-1
3.067714417E0,1.528321838E0,1.010024643E1,9.316625977E-1
3.087612417E0,1.081501007E0,1.184711380E1,8.756790161E-1
3.107510417E0,3.559597778E-1,1.279748749E1,8.964857483E-1
3.127408417E0,-1.116977234E0,1.202808746E1,7.334747314E-1
3.147306417E0,-2.398761749E0,1.050739975E1,1.098415833E0
3.167204417E0,-2.462978210E0,9.533375244E0,1.175954590E0
3.187103417E0,-1.491049347E0,9.255852356E0,9.812095642E-1
3.207001417E0,-5.632786560E-1,8.773854675E0,7.439529419E-1
3.226899417E0,-2.392025757E-1,8.408165131E0,7.252418518E-1
3.246797417E0,-1.517843628E-1,8.165370026E0,7.845185852E-1
3.266695417E0,-1.721420288E-2,8.261170807E0,9.051676941E-1
3.286593417E0,2.942880249E-1,8.376131744E0,9.056167603E-1
3.306491417E0,9.937834167E-1,8.870104523E0,9.063652039E-1
3.326389417E0,2.008672943E0,9.093589783E0,1.000669098E0
3.346288417E0,2.688858490E0,9.405391388E0,1.178199921E0
3.366186417E0,2.812800751E0,9.329798584E0,9.586065674E-1
3.386084417E0,3.245401154E0,8.798253937E0,9.767189026E-1
3.405982417E0,4.057612152E0,8.181686096E0,1.206042023E0
3.425880417E0,4.465364227E0,8.098459167E0,8.999285889E-1
3.445778417E0,3.952231293E0,9.438023529E0,1.180744629E0
3.465676417E0,2.949167175E0,1.006162674E1,2.066303101E0
3.485574417E0,2.432142334E0,1.014874557E1,2.492616577E0
3.505473417E0,2.678080902E0,9.935139771E0,2.217039642E0
3.525371417E0,3.032543793E0,1.067684738E1,2.332749023E0
3.545269417E0,3.102897491E0,1.429392563E1,4.892725525E0
3.565167417E0,2.145039368E0,1.454225922E1,4.821922760E0
3.585065417E0,2.184856567E0,1.197898956E1,1.583257599E0
3.604963417E0,1.989363098E0,9.721833344E0,2.713706818E0
3.624861417E0,-7.529342651E-2,8.521030426E0,3.877087555E0
3.644759417E0,-2.094294891E0,8.449179840E0,3.972888336E0
3.664658417E0,-2.223326569E0,9.364975433E0,3.481609955E0
3.684556417E0,-1.019978943E0,1.010219238E1,2.645598450E0
3.704454417E0,9.366023254E-1,1.008692413E1,2.766397247E0
3.724352417E0,1.948049011E0,9.422755280E0,2.907104645E0
3.744250417E0,1.950444031E0,8.902586975E0,2.831960907E0
3.764148417E0,1.851948853E0,8.319399719E0,2.858605499E0
3.784046417E0,2.006128235E0,7.895331573E0,2.949915619E0
3.803944417E0,2.542462921E0,7.514523468E0,3.642974396E0
3.823843417E0,2.826871490E0,7.043902130E0,3.940405884E0
3.843741417E0,2.589764557E0,7.078480225E0,3.895349579E0
3.863639417E0,2.129172363E0,7.811805267E0,3.781885529E0
3.883537417E0,1.883533173E0,8.398734741E0,4.103566589E0
3.903435417E0,2.006876678E0,7.670349426E0,4.821024628E0
3.923333417E0,2.412982178E0,7.093449097E0,5.169649658E0
3.943231417E0,2.797532501E0,7.479945374E0,4.863985291E0
3.963129417E0,2.849923553E0,8.980275421E0,5.071453857E0
3.983027417E0,2.501148834E0,1.075857742E1,5.389542389E0
4.002925792E0,2.276615753E0,1.035801041E1,5.082680511E0
4.022823792E0,2.206112366E0,9.980794830E0,3.691473541E0
4.042721792E0,1.962568817E0,1.101215012E1,2.122735748E0
4.062619792E0,1.276096344E0,1.064391586E1,1.882635040E0
4.082517792E0,3.896397400E-1,8.276289368E0,2.308649139E0
4.102415792E0,-1.558259583E-1,9.273964691E0,2.213297424E0
4.122313792E0,-4.875361633E-1,1.184980820E1,2.806962891E0
4.142211792E0,-1.113684082E-1,1.223435852E1,3.830085297E0
4.162110792E0,1.840572510E0,1.133308273E1,4.388124847E0
4.182008792E0,3.564986572E0,9.224717102E0,5.015919342E0
4.201906792E0,3.779490509E0,7.763605499E0,4.986430664E0
4.221804792E0,2.937341766E0,8.080795898E0,4.566853180E0
4.241702792E0,2.142045593E0,8.758137360E0,4.569697266E0
4.261600792E0,1.799857178E0,8.523126068E0,3.922293549E0
4.281498792E0,1.686692505E0,7.977510681E0,3.434607697E0
4.301396792E0,1.027613068E0,7.804320831E0,3.331023102E0
4.321294792E0,8.620573425E-1,7.785310364E0,3.456761627E0
4.341193792E0,1.435215454E0,7.968828735E0,3.201392670E0
4.361091792E0,1.836979980E0,8.419691162E0,2.989882507E0
4.380989792E0,1.748663635E0,8.624016266E0,2.906655579E0
4.400887792E0,1.723515930E0,8.287366333E0,2.856659546E0
4.420785792E0,1.597328339E0,8.023465118E0,3.039728851E0
4.440683792E0,1.495390320E0,8.462053070E0,4.030967560E0
4.460581792E0,1.883533173E0,9.175020447E0,5.288203125E0
4.480479792E0,2.604434052E0,9.266929321E0,6.015989685E0
4.500378792E0,2.143093414E0,1.008901978E1,5.955365753E0
4.520276792E0,3.153941345E-1,9.801467743E0,6.860683136E0
4.540174792E0,-4.096980286E-1,9.216933289E0,6.937024384E0
4.560072792E0,-6.691085815E-2,9.720186768E0,6.787335663E0
4.579970792E0,-7.289840698E-2,8.341553650E0,6.896009674E0
4.599868792E0,-9.898915100E-1,8.090825043E0,5.942193146E0
4.619766792E0,-8.596623230E-1,7.227570190E0,5.526357880E0
4.639664792E0,-8.916957092E-1,7.548203430E0,4.955744476E0
4.659562792E0,-1.091979218E0,7.768844604E0,4.805756378E0
4.679461792E0,-1.399739227E0,8.080346832E0,4.702471161E0
4.699359792E0,-7.987390137E-1,8.475075989E0,4.686753845E0
4.719257792E0,7.035369873E-3,8.019124146E0,4.177213440E0
4.739155792E0,-4.608915710E-1,7.163503418E0,4.715194702E0
4.759053792E0,-1.891766052E0,7.212451630E0,4.864584045E0
4.778951792E0,-1.340761871E0,7.868237915E0,4.833897858E0
4.798849792E0,-1.069226532E0,8.897198181E0,4.955744476E0
4.818747792E0,-1.218915253E0,9.320817261E0,4.651427307E0
4.838645792E0,-1.726210327E0,8.983269196E0,4.513863373E0
4.858544792E0,-1.742376709E0,8.863218842E0,4.329147491E0
4.878442792E0,-1.298549652E0,8.443641357E0,4.581223297E0
4.898340792E0,-1.277742920E0,7.943531342E0,4.850064240E0
4.918238792E0,-1.017583923E0,9.050329742E0,4.299359436E0
4.938136792E0,-7.009922791E-1,8.652457123E0,4.665797424E0
4.958034792E0,-7.246430969E-1,8.559500427E0,4.524640961E0
4.977932792E0,-1.543141022E0,7.355703735E0,4.487817535E0
4.997830792E0,-1.785037994E0,7.740852814E0,4.658013611E0
5.017729292E0,-5.870791626E-1,9.279503174E0,4.588108978E0
5.037628292E0,4.340972900E-3,9.241631927E0,4.852159882E0
5.057526292E0,-5.914201355E-1,8.512647858E0,4.772375793E0
5.077424292E0,-1.300495605E0,8.179291077E0,4.516857147E0
5.097322292E0,-3.838018799E-1,8.651708679E0,4.723577271E0
5.117220292E0,4.846920776E-1,7.695646820E0,5.297034760E0
5.137118292E0,-6.471043396E-1,7.820038147E0,4.931045837E0
5.157016292E0,-9.360035706E-1,8.206085358E0,4.532574463E0
5.176914292E0,-2.128573608E-1,8.267308044E0,4.680317230E0
5.196812292E0,4.002676392E-1,7.940387878E0,4.671784973E0
5.216711292E0,-5.375321960E-1,6.794071655E0,5.062771912E0
5.236609292E0,-1.776206360E0,7.445367279E0,5.115612030E0
5.256507292E0,-1.854643250E0,8.759783936E0,4.268673248E0
5.276405292E0,-2.956352234E-1,9.464219055E0,3.974684601E0
5.296303292E0,1.075064392E0,9.463171234E0,4.513414307E0
5.316201292E0,1.215622101E0,9.047934723E0,4.446653137E0
5.336099292E0,-1.770817566E-1,8.500074005E0,3.717220001E0
5.355997292E0,-5.054988098E-1,1.011671219E1,3.586242371E0
5.375895292E0,1.077758789E-1,1.070828201E1,3.921844482E0
5.395794292E0,3.754193115E-1,9.477840729E0,3.559897156E0
5.415692292E0,-2.306703186E-1,8.649163971E0,3.464096375E0
5.435590292E0,-5.733078003E-1,8.036787415E0,3.824397125E0
5.455488292E0,-7.274871826E-2,8.463549957E0,4.470902710E0
5.475386292E0,8.009843445E-1,9.581275635E0,4.237837372E0
5.495284292E0,9.948312378E-1,1.042028091E1,3.857777710E0
5.515182292E0,5.763015747E-2,9.235195312E0,4.065845032E0
5.535080292E0,-5.258564758E-1,8.286019135E0,3.735032959E0
5.554978292E0,-4.074526978E-1,8.485554199E0,4.053271179E0
5.574877292E0,-2.065704346E-2,9.410181427E0,4.590803375E0
5.594775292E0,3.906875610E-1,9.994416504E0,4.343218231E0
5.614673292E0,6.387217712E-1,9.509275360E0,4.445156250E0
5.634571292E0,2.149530029E-1,9.241931305E0,4.219575348E0
5.654469292E0,-3.999682617E-1,8.697663116E0,4.133803711E0
5.674367292E0,-3.760180664E-1,8.728648682E0,3.891307983E0
5.694265292E0,1.877096558E-1,9.282496948E0,4.362228699E0
5.714163292E0,5.774990845E-1,9.461374969E0,4.739444275E0
5.734061292E0,2.282752991E-1,9.449549561E0,4.102219391E0
5.753960292E0,-5.498066711E-1,8.879534912E0,3.950884094E0
5.773858292E0,-7.451504517E-1,8.707243195E0,4.140240326E0
5.793756292E0,-2.020797729E-2,8.702153778E0,4.536915436E0
5.813654292E0,4.510121155E-1,9.043893127E0,4.216132507E0
5.833552292E0,9.270222473E-1,9.615404663E0,4.125570831E0
5.853450292E0,4.974156189E-1,9.342671814E0,4.322112122E0
5.873348292E0,-1.125060425E0,8.296497345E0,4.185296631E0
5.893246292E0,-2.215842133E0,7.339836731E0,4.241878967E0
5.913144292E0,-9.821076965E-1,8.474177856E0,4.859794006E0
5.933043292E0,-4.120930481E-1,9.208999786E0,4.989274750E0
5.952941292E0,-7.478448486E-1,8.542884979E0,5.227579193E0
5.972839292E0,5.658233643E-2,7.715106354E0,4.605173492E0
5.992737292E0,8.707392883E-1,8.941206665E0,4.411775665E0
6.012634667E0,-3.444337463E-1,9.559421082E0,4.296215973E0
6.032532667E0,-1.286424866E0,8.686286774E0,3.956572266E0
6.052430667E0,-6.598278809E-1,8.269703064E0,3.821702728E0
6.072328667E0,-1.576222229E-1,8.809779968E0,4.142335968E0
6.092226667E0,-2.522254944E-1,9.474996643E0,4.279750214E0
6.112124667E0,-8.177494812E-1,9.380243683E0,3.688779144E0
6.132023667E0,-1.136436768E0,8.634943542E0,3.799099731E0
6.151921667E0,1.145118713E-1,8.163274384E0,3.967649231E0
6.171819667E0,3.448828125E-1,9.078321533E0,4.216431885E0
6.191717667E0,-7.427554321E-1,8.831185455E0,3.946543121E0
6.211615667E0,-7.015910339E-1,8.145910492E0,3.893253937E0
6.231513667E0,7.694000244E-2,8.557853851E0,4.468956757E0
6.251411667E0,-3.833528137E-1,9.552236023E0,4.393813019E0
6.271309667E0,-9.277706909E-1,8.901838531E0,4.233646088E0
6.291207667E0,-7.714956665E-1,9.179361420E0,4.108955383E0
6.311106667E0,2.157014465E-1,8.653504944E0,4.297862549E0
6.331004667E0,-1.359173584E-1,8.242759094E0,4.252806244E0
6.350902667E0,-8.310717773E-1,7.643255768E0,4.199966125E0
6.370800667E0,-8.770262146E-1,7.720794525E0,4.141437836E0
6.390698667E0,-1.663341064E0,7.775879974E0,4.319717102E0
6.410596667E0,-2.134860535E0,7.532336426E0,4.083358612E0
6.430494667E0,-1.389560394E0,7.696245575E0,3.754043427E0
6.450392667E0,3.620970154E-1,9.188642120E0,3.630101166E0
6.470290667E0,1.287023621E0,1.067445236E1,4.214485931E0
6.490188667E0,7.482939148E-1,1.069765411E1,5.324427795E0
6.510087667E0,-3.752696228E-1,9.487121429E0,5.585335236E0
6.529985667E0,-1.592687988E-1,9.099577332E0,4.999752960E0
6.549883667E0,6.791377258E-1,9.400152283E0,4.783303070E0
6.569781667E0,-1.622625732E-1,9.197623444E0,4.602479095E0
6.589679667E0,-9.030720520E-1,8.588090973E0,4.320764923E0
6.609577667E0,-6.188131714E-1,8.059091034E0,3.729045410E0
6.629475667E0,-3.242257690E-1,8.230933685E0,3.714824982E0
6.649373667E0,-1.010548553E0,8.599167938E0,4.647535400E0
6.669271667E0,-1.593885498E0,8.352780304E0,5.062771912E0
6.689170667E0,-2.452500000E0,9.288484497E0,5.982010345E0
6.709068667E0,5.830375671E-1,7.728728027E0,4.909041595E0
6.728966667E0,-4.357438660E-1,8.941356354E0,5.583988037E0
6.748864667E0,-1.042132874E0,7.429051208E0,5.848787384E0
6.768762667E0,1.556762695E-1,7.311695251E0,5.374723206E0
6.788660667E0,-2.107617188E-1,8.135881348E0,4.996310120E0
6.808558667E0,-1.316961365E0,7.894882507E0,4.596341858E0
6.828456667E0,-1.560654602E0,7.280410309E0,4.692442017E0
6.848354667E0,-1.271605682E0,7.062613220E0,4.494403839E0
6.868252667E0,-1.000968475E0,7.372768250E0,4.033362579E0
6.888151667E0,-9.455836487E-1,7.679330750E0,4.097728729E0
6.908049667E0,-1.007704468E0,7.076234894E0,4.922363892E0
6.927947667E0,-1.009051666E0,6.217171326E0,5.467829590E0
6.947845667E0,-5.363346863E-1,6.123615875E0,5.699248352E0
6.967743667E0,-2.978805542E-2,6.669830017E0,5.907315674E0
6.987641667E0,4.153862000E-1,6.941215668E0,5.596561890E0
7.007539833E0,1.838177490E0,6.661746826E0,5.227130127E0
7.027437833E0,2.707270203E0,6.680008850E0,3.951632538E0
7.047335833E0,2.454895020E0,6.852001190E0,4.031865692E0
7.067233833E0,1.490450592E0,6.871460724E0,3.955374756E0
7.087132833E0,1.175655212E0,6.453679504E0,3.671265564E0
7.107030833E0,1.977986755E0,7.260950775E0,2.273172913E0
7.126928833E0,3.137924652E0,9.480235748E0,2.580783234E0
7.146826833E0,3.096909943E0,9.001381531E0,3.466042328E0
7.166724833E0,2.056573334E0,8.066425781E0,3.156336365E0
7.186622833E0,1.710343323E0,7.903564453E0,2.571352844E0
7.206520833E0,2.072889404E0,7.999514923E0,2.631827087E0
7.226418833E0,1.614991608E0,8.237969055E0,2.015708313E0
7.246316833E0,3.140469360E-1,8.363707581E0,1.639989624E0
7.266214833E0,-1.568737793E-1,8.119864655E0,1.303489380E0
7.286113833E0,1.511856079E-2,7.895930328E0,4.159849548E-1
7.306011833E0,-4.977149963E-1,8.149353333E0,1.249900818E-1
7.325909833E0,-9.584568787E-1,9.860295410E0,-3.248245239E-1
7.345807833E0,-1.428629150E0,1.107157654E1,5.252577209E-1
7.365705833E0,-1.430425415E0,1.029783554E1,8.238867188E-1
7.385603833E0,-7.220983887E-1,9.626032562E0,8.500822449E-1
7.405501833E0,-5.816903687E-1,9.413923645E0,1.565744019E-1
7.425399833E0,-1.712438965E0,9.269923096E0,5.593867493E-1
7.445297833E0,-2.476001129E0,1.006656647E1,7.819738770E-1
7.465196833E0,-2.081571350E0,1.092338470E1,4.367916870E-1
7.485094833E0,-1.516346741E0,1.099269058E1,3.860472107E-1
7.504992833E0,-1.375789032E0,1.066756668E1,1.468446350E-1
7.524890833E0,-2.004481659E0,1.055470139E1,1.435514832E-1
7.544788833E0,-2.456541595E0,1.079001205E1,1.047821045E-1
7.564686833E0,-2.890189819E0,1.126377686E1,-6.197113037E-2
7.584584833E0,-2.737058258E0,1.163455582E1,2.023791504E-1
7.604482833E0,-2.495610352E0,1.194875244E1,1.655557251E-1
7.624380833E0,-2.658621368E0,1.200533478E1,1.736389160E-1
7.644278833E0,-2.394570465E0,1.155806488E1,2.670446777E-1
7.664177833E0,-2.042652283E0,1.228375580E1,4.153862000E-1
7.684075833E0,-1.619033203E0,1.219723572E1,4.227209473E-1
7.703973833E0,-1.458566895E0,1.137080429E1,6.715036011E-1
7.723871833E0,-1.298998718E0,1.082758392E1,1.013093262E0
7.743769833E0,-1.447040863E0,1.071516769E1,1.073118439E0
7.763667833E0,-1.147214355E0,1.027927414E1,1.197060699E0
7.783565833E0,-6.912625122E-1,1.068732559E1,3.320095825E-1
7.803463833E0,-4.203259277E-1,1.265169067E1,-6.500981140E-1
7.823361833E0,-9.144483948E-1,1.295271469E1,-6.554869080E-1
7.843259833E0,-1.478774872E0,1.263447647E1,-6.077362061E-2
7.863157833E0,-1.764380951E0,1.257759476E1,1.960922241E-1
7.883056833E0,-2.298021240E0,1.243673767E1,5.634283447E-1
7.902954833E0,-2.516716461E0,1.276754974E1,4.302053833E-1
7.922852833E0,-1.901196442E0,1.267414398E1,4.472698975E-1
7.942750833E0,-1.793570251E0,1.211266159E1,7.701484680E-1
7.962648833E0,-1.749711456E0,1.170745422E1,7.289840698E-1
7.982546833E0,-1.840123444E0,1.105106918E1,5.950126648E-1
8.002445167E0,-1.216520233E0,1.070229446E1,3.733236694E-1
8.022343167E0,-6.770420837E-1,1.083671494E1,1.689985657E-1
8.042241167E0,-8.478369141E-1,1.085916824E1,2.517764282E-1
8.062139167E0,-1.207239532E0,1.043749512E1,5.806425476E-1
8.082038167E0,-1.543440399E0,9.989327087E0,2.290237427E-1
8.101936167E0,-1.042432251E0,9.586963806E0,2.344125366E-1
8.121834167E0,-1.151555328E0,9.028175812E0,1.604663086E-1
8.141732167E0,-1.134341125E0,8.553213501E0,2.305206299E-2
8.161630167E0,-8.343649292E-1,8.481961670E0,2.824626160E-1
8.181528167E0,-9.472302246E-1,8.653205566E0,7.619155884E-1
8.201426167E0,-6.896159363E-1,8.783434753E0,1.081501007E0
8.221324167E0,-3.050656128E-1,8.566535797E0,1.081501007E0
8.241222167E0,-2.718347168E-1,7.948171692E0,1.451980591E0
8.261120167E0,9.131011963E-3,7.426805878E0,1.101708984E0
8.281019167E0,1.048868866E0,6.924300842E0,1.155297546E0
8.300917167E0,1.581161957E0,6.206094360E0,9.360035706E-1
8.320815167E0,1.670226746E0,5.454956360E0,9.099577332E-1
8.340713167E0,2.065404968E0,5.007237396E0,1.244062958E0
8.360611167E0,2.103425903E0,5.668711853E0,1.330283661E0
8.380509167E0,1.531764679E0,7.438331909E0,1.341660004E0
8.400407167E0,1.614542542E0,8.881031799E0,1.505569153E0
8.420305167E0,1.271905060E0,8.844058685E0,1.650467834E0
8.440203167E0,5.866300964E-1,8.467741241E0,1.814227295E0
8.460101167E0,1.160087585E-1,8.349187775E0,1.851350098E0
8.480000167E0,-4.405339050E-1,8.999285889E0,1.635498962E0
8.499898167E0,5.358856201E-2,8.728199615E0,1.874851227E0
8.519796167E0,3.332070923E-1,7.191944275E0,1.875150604E0
8.539694167E0,-2.541714478E-1,5.862708435E0,6.774911499E-1
8.559592167E0,-8.445437622E-1,6.360423431E0,-9.922865295E-1
8.579490167E0,-1.125958557E0,8.633147278E0,-1.448537750E0
8.599388167E0,-6.364764404E-1,1.117082016E1,-1.210233307E0
8.619286167E0,-1.086740112E-1,1.204634949E1,-3.312611389E-1
8.639184167E0,-6.259982300E-1,1.117725677E1,4.483177185E-1
8.659082167E0,-1.054407349E0,1.021730301E1,2.151026917E-1
8.678981167E0,-1.068927155E0,9.814939728E0,-5.128335571E-1
8.698879167E0,-6.500981140E-1,9.304650879E0,-5.453160095E-1
8.718777167E0,-1.211131439E0,8.391849060E0,-4.514611816E-1
8.738675167E0,-2.718945923E0,8.793463898E0,2.140548706E-1
8.758573167E0,-2.955753479E0,1.039468414E1,5.026547241E-1
8.778471167E0,-2.474653931E0,1.068567902E1,-7.021897888E-1
8.798369167E0,-3.021616516E0,9.385931854E0,2.405497742E-1
8.818267167E0,-2.565065918E0,9.370513916E0,6.500981140E-1
8.838165167E0,-1.747316437E0,1.129925308E1,3.842509460E-1
8.858063167E0,-1.313817902E0,1.179726746E1,4.393363953E-1
8.877961167E0,-3.028951263E0,1.252445526E1,-9.262738037E-1
8.897860167E0,-1.364562378E0,1.405651932E1,-3.013982391E0
8.917758167E0,-2.823129272E0,1.444720688E1,-7.361691284E-1
8.937656167E0,-4.793930969E0,1.345192657E1,-1.058598633E0
8.957554167E0,-6.205645294E0,1.502365814E1,-2.068249054E0
8.977452167E0,-5.778433685E0,1.548020874E1,-2.024839325E0
8.997350167E0,-4.078718262E0,1.140433456E1,-3.716770935E-1
9.017247667E0,-2.897973633E0,9.940378876E0,8.625064087E-1
9.037145667E0,-1.556912384E0,1.089539291E1,3.577560425E-1
9.057043667E0,-1.343456268E0,1.107217529E1,-6.295907593E-1
9.076941667E0,-3.066074066E0,9.451345825E0,-1.699715424E0
9.096839667E0,-3.519032135E0,8.114775238E0,-1.983225861E0
9.116738667E0,-3.586691437E0,7.981552277E0,-1.483415222E-1
9.136636667E0,-2.557880859E0,9.719438324E0,1.829196167E-1
9.156534667E0,-2.802172852E0,1.047551605E1,1.180445251E0
9.176432667E0,-2.347568207E0,9.208700409E0,2.300715637E-1
9.196330667E0,-2.297272797E0,1.005758514E1,-3.267255707E0
9.216228667E0,-3.293600922E0,9.074579315E0,-3.266656952E0
9.236126667E0,-4.241729279E0,7.889044647E0,-3.607947235E0
9.256024667E0,-3.683540039E0,9.908345490E0,-3.079845428E0
9.275922667E0,-4.107458496E0,9.554631042E0,-1.730551300E0
9.295820667E0,-3.630849609E0,8.703650665E0,-4.547543335E-1
9.315719667E0,-3.467389526E0,9.200018463E0,-7.339237976E-1
9.335617667E0,-2.950514374E0,1.001881577E1,-1.066382446E0
9.355515667E0,-1.720372467E0,1.061322968E1,-1.237925720E0
9.375413667E0,-1.390757904E0,8.767418060E0,-6.212081909E-1
9.395311667E0,-2.237546997E0,8.231981506E0,-1.613045654E0
9.415209667E0,-3.350332947E0,8.988508301E0,-2.856809235E0
9.435107667E0,-3.429069214E0,8.363258514E0,-2.452200623E0
9.455005667E0,-3.892206116E0,8.201894073E0,-2.755619659E0
9.474903667E0,-3.552113342E0,9.687554626E0,-1.493743744E0
9.494801667E0,-2.314636688E0,9.538464661E0,-3.183879089E-1
9.514700667E0,-2.155367889E0,8.829688568E0,1.916015625E-1
9.534598667E0,-2.068698120E0,9.550589447E0,9.265731812E-2
9.554496667E0,-1.612746277E0,1.027568161E1,-8.158035278E-1
9.574394667E0,-2.118394775E0,9.597591705E0,-4.276606750E-1
9.594292667E0,-2.430196381E0,8.851243744E0,-3.026705933E-1
9.614190667E0,-1.945504303E0,1.025008484E1,5.763015747E-2
9.634088667E0,-1.868564301E0,9.927206268E0,4.444258118E-1
9.653986667E0,-2.338137817E0,8.973539429E0,8.521778870E-1
9.673884667E0,-2.761307831E0,9.299262085E0,8.530760193E-1
9.693782667E0,-2.182162170E0,9.414223022E0,6.484515381E-1
9.713680667E0,-2.166893921E0,9.081165619E0,7.068301392E-1
9.733579667E0,-2.486629028E0,9.418863373E0,2.510279846E-1
9.753477667E0,-2.545007629E0,9.500743103E0,6.804849243E-1
9.773375667E0,-2.448009338E0,9.424401855E0,9.349557495E-1
9.793273667E0,-2.098037109E0,9.995164948E0,8.927435303E-1
9.813171667E0,-6.915618896E-1,1.061547501E1,8.433462524E-1
9.833069667E0,-8.535250854E-1,9.461075592E0,3.101550293E-1
9.852967667E0,-2.468816071E0,9.727371826E0,-3.620970154E-1
9.872865667E0,-2.407892761E0,9.475146332E0,-8.427474976E-2
9.892763667E0,-1.076860657E0,9.674232330E0,-9.557624817E-1
9.912661667E0,-2.091600494E0,9.601034546E0,-3.222798157E-1
9.932559667E0,-3.192710724E0,9.097481689E0,-2.001338196E-1
9.952458667E0,-2.172881470E0,1.029648834E1,-2.722837830E-1
9.972356667E0,-1.047072601E0,9.918674011E0,-2.691403198E-1
9.992254667E0,-2.264640656E0,9.382788391E0,-6.861730957E-1
1.001215308E1,-3.566633148E0,9.241182861E0,-1.254092102E0
1.003205108E1,-2.717898102E0,9.372160492E0,-1.873204651E0
1.005194908E1,-1.538800049E0,9.160500641E0,-1.087638245E0
1.007184708E1,-2.184856567E0,9.249116364E0,-1.300196228E0
1.009174508E1,-2.581232300E0,1.026744873E1,-1.323996735E0
1.011164308E1,-1.912722473E0,9.559570770E0,5.216651917E-1
1.013154108E1,-2.185605011E0,9.515711975E0,1.041534119E0
1.015143908E1,-3.105292511E0,8.544381866E0,-1.682501221E-1
1.017133808E1,-3.683240662E0,8.781788177E0,8.994795227E-1
1.019123608E1,-3.267405396E0,1.070229446E1,-1.198258209E0
1.021113408E1,-2.564018097E0,1.122485779E1,-2.038760376E-1
1.023103208E1,-2.597997437E0,7.600744171E0,-7.246430969E-1
1.025093008E1,-3.052602081E0,7.975714417E0,3.177891541E-1
1.027082808E1,-2.058070221E0,9.770182800E0,-3.128494263E-1
1.029072608E1,-1.039438477E0,1.005623795E1,-4.020639038E-1
1.031062408E1,-2.161056061E0,9.139095154E0,-5.538482666E-3
1.033052208E1,-3.095263367E0,9.168134766E0,8.120613098E-1
1.035042008E1,-1.815424805E0,1.006521927E1,1.401385803E0
1.037031908E1,-4.165837097E-1,1.034214340E1,4.635859680E-1
1.039021708E1,-2.043251038E0,8.483907623E0,5.882766724E-1
1.041011508E1,-3.746109924E0,8.431965637E0,6.831793213E-1
1.043001308E1,-2.832110596E0,9.897567902E0,3.674858093E-1
1.044991108E1,-1.584604797E0,9.972262573E0,7.506889343E-1
1.046980908E1,-1.591640167E0,8.950786743E0,4.011657715E-1
1.048970708E1,-2.956202545E0,9.322014771E0,9.464817810E-1
1.050960508E1,-3.861819305E0,1.059047699E1,4.014651489E-1
1.052950308E1,-3.319497070E0,1.142184814E1,-4.827461243E-1
1.054940108E1,-1.474284210E0,9.894873505E0,-1.004261627E0
1.056930008E1,-2.118095398E0,7.217541046E0,2.667453003E-1
1.058919808E1,-3.967948608E0,8.088579712E0,5.065466309E-1
1.060909608E1,-2.698588257E0,1.344384338E1,6.093827820E-1
1.062899408E1,-1.221459961E0,1.191866501E1,-9.804611206E-2
1.064889208E1,-3.165317688E0,7.585775299E0,1.003363495E0
1.066879008E1,-4.401896210E0,6.741081848E0,1.537303162E0
1.068868808E1,-4.175417175E0,9.439969482E0,-5.578898621E-1
1.070858608E1,-2.074835358E0,1.408765457E1,-5.209167480E-1
1.072848408E1,-2.082469482E0,9.236841888E0,-8.089178467E-1
1.074838208E1,-2.815794525E0,7.207212524E0,2.035766602E-2
1.076828108E1,-3.630250854E0,7.208260345E0,5.403762817E-2
1.078817908E1,-3.514391785E0,9.935588837E0,8.610095215E-1
1.080807708E1,-2.893782349E0,1.041474243E1,1.593885498E0
1.082797508E1,-2.428549805E0,9.296567688E0,2.441423035E-1
1.084787308E1,-2.014660492E0,1.096829132E1,1.177152100E0
1.086777108E1,-6.842271423E-1,1.079689774E1,2.753973083E0
1.088766908E1,4.888833618E-1,6.980134735E0,1.945953369E-3
1.090756708E1,-3.390299835E0,6.998845825E0,-1.945653992E0
1.092746508E1,-4.245621185E0,1.591984451E1,3.473377075E0
1.094736308E1,1.236428833E0,9.093739471E0,4.678820343E0
1.096726208E1,7.996371460E-1,6.156996460E0,-7.601193237E-1
1.098716008E1,-5.262157288E0,7.820786591E0,-3.472778320E0
1.100705792E1,-9.302555237E0,7.108867035E0,-4.438569946E0
1.102695592E1,-7.822582855E0,7.528294830E0,-5.517526245E-1
1.104685392E1,-1.884880371E0,1.406190811E1,1.388811951E0
1.106675192E1,3.159928894E-1,1.095212494E1,3.179837494E0
1.108664992E1,-9.551637268E-1,7.439828796E0,2.228865051E0
1.110654792E1,-6.676116943E-1,7.354057159E0,-1.954335938E0
1.112644592E1,-7.858657837E-1,1.078447357E1,-2.390678558E0
1.114634492E1,-1.947599945E0,1.103595062E1,-8.454418945E-1
1.116624292E1,-3.521127777E0,8.204139404E0,2.315235443E0
1.118614092E1,-4.572990417E0,7.804021454E0,1.349743195E0
1.120603892E1,-3.322341156E0,1.258283386E1,4.505630493E-1
1.122593692E1,-2.362088013E-1,1.122979752E1,-2.496807861E-1
1.124583492E1,-1.058299255E-1,8.418793030E0,4.239184570E-1
1.126573292E1,-1.483115845E0,8.351882172E0,6.111790466E-1
1.128563092E1,-2.588417358E0,8.801547089E0,7.490423584E-1
1.130552892E1,-2.924767914E0,1.147019760E1,-3.923341370E-1
1.132542792E1,-2.564167786E0,9.569749603E0,1.541793823E-2
1.134532592E1,-3.747307434E0,9.063951416E0,1.023870850E-1
1.136522392E1,-4.154011688E0,9.493408356E0,5.016069031E-1
1.138512192E1,-1.629810791E0,9.153914337E0,9.678872681E-1
1.140501992E1,-5.599855042E-1,8.836723938E0,6.962022400E-1
1.142491792E1,-2.065704346E0,8.908125458E0,9.651928711E-1
1.144481592E1,-3.477119293E0,9.909692688E0,-2.933898926E-1
1.146471392E1,-3.501219177E0,1.086680237E1,-2.552192688E-1
1.148461192E1,-3.058439941E0,9.976753235E0,1.247954865E0
1.150450992E1,-3.497027893E0,1.002345612E1,3.649710388E0
1.152440892E1,-2.463427277E0,1.144175674E1,4.497696991E0
1.154430692E1,3.781137085E-1,1.240260864E1,3.793112183E0
1.156420492E1,6.551875305E-1,1.165191971E1,1.686692505E0
1.158410292E1,-3.510649567E0,1.253149063E1,-2.199076996E0
1.160400092E1,-5.568270721E0,1.069825287E1,3.589535522E0
1.162389892E1,-2.124382324E0,8.195756836E0,4.456233215E0
1.164379692E1,-5.522316284E0,6.042783966E0,2.952909393E0
1.166369492E1,-4.341871033E0,6.270759888E0,-7.776329041E-1
1.168359292E1,1.146615601E-1,7.814050598E0,-1.459764404E0
1.170349192E1,3.085084534E-1,5.756429443E0,-9.250762939E-2
1.172338992E1,-2.728376312E0,2.313738556E0,-2.287992096E0
1.174328792E1,-2.560874634E0,2.525997162E0,-8.514294434E-1
1.176318592E1,-3.318898315E0,6.804549866E0,4.264931030E0
1.178308392E1,-3.558699646E0,1.343426331E1,6.707102509E0
1.180298192E1,-1.805695038E0,1.854403748E1,6.954987030E0
1.182287992E1,6.122268677E-2,1.319266571E1,3.872896271E0
1.184277792E1,-9.283694458E-1,7.952812042E0,-7.626640320E-1
1.186267592E1,-2.813249817E0,6.480922852E0,-3.489393768E0
1.188257392E1,-3.875590668E0,8.079299011E0,-2.230361938E0
1.190247292E1,-5.423521729E0,9.909243622E0,2.784210205E-1
1.192237092E1,-5.285359039E0,1.007869125E1,1.478325806E0
1.194226892E1,-3.215912476E0,1.073896820E1,6.750961304E-1
1.196216692E1,-9.165440369E-1,1.146286285E1,4.182302856E-1
1.198206492E1,6.553372192E-1,8.513995056E0,2.325114899E0
1.200196292E1,-9.621990967E-1,8.505762177E0,1.993704071E0
1.202186129E1,-2.886297913E0,1.230680786E1,1.049317932E-1
1.204175929E1,-2.838247833E0,1.122949814E1,1.458417206E0
1.206165729E1,-1.773661652E0,9.301058350E0,2.854713593E0
1.208155529E1,-1.868414612E0,9.620494080E0,1.832788696E0
1.210145329E1,-2.307900696E0,1.096709381E1,1.529219971E0
1.212135229E1,-9.906399536E-1,1.006611740E1,7.024891663E-1
1.214125029E1,-9.377998352E-1,7.594606934E0,-8.544232178E-1
1.216114829E1,-4.687651978E0,8.127648468E0,5.342390442E-1
1.218104629E1,-7.209906921E0,8.691525879E0,5.022056580E-1
1.220094429E1,-2.963088226E0,1.097592545E1,-4.787045288E-1
1.222084229E1,-7.869136047E-1,7.956554260E0,-2.802172852E-1
1.224074029E1,-3.796405334E0,6.632707214E0,1.090182953E0
1.226063829E1,-4.846771088E0,8.361911316E0,5.107379150E-1
1.228053629E1,-1.808688812E0,1.051742889E1,-7.188052368E-1
1.230043429E1,-2.215692444E0,9.157207489E0,-1.373394012E0
1.232033329E1,-5.039869537E0,8.900940399E0,-1.275198212E0
1.234023129E1,-3.713777161E0,8.647218018E0,-1.166224823E0
1.236012929E1,-1.624721375E0,1.123952728E1,1.703457642E-1
1.238002729E1,-1.865720215E0,1.137768997E1,2.564766541E0
1.239992529E1,-1.765877838E0,9.011410675E0,3.500321045E0
1.241982329E1,-6.140231323E-1,9.473050690E0,2.344574432E0
1.243972129E1,3.342549133E-1,9.841584320E0,-5.213658142E-1
1.245961929E1,-2.560126190E0,9.255552979E0,-4.162843323E-1
1.247951729E1,-5.019960938E0,1.001312759E1,1.740281067E0
1.249941529E1,-2.816692657E0,1.045066772E1,1.650617523E0
1.251931429E1,5.310955811E-1,8.906778259E0,1.040336609E0
1.253921229E1,-6.812333679E-1,8.281678162E0,4.496649170E-1
1.255911029E1,-3.322790222E0,1.047686325E1,8.993298340E-1
1.257900829E1,-2.492766266E0,1.067639832E1,1.127455444E0
1.259890629E1,-8.372090149E-1,9.074279938E0,7.932005310E-1
1.261880429E1,-1.732497253E0,8.450527039E0,8.518785095E-1
1.263870229E1,-2.802621918E0,9.560019836E0,1.420096893E0
1.265860029E1,-1.406325531E0,1.084509750E1,8.268804932E-1
1.267849829E1,-9.213340759E-1,9.096284180E0,8.484356689E-1
1.269839629E1,-2.932551727E0,8.217312012E0,1.051114197E0
1.271829429E1,-3.753145294E0,9.382039948E0,3.995191956E-1
1.273819329E1,-2.058818665E0,1.131212631E1,6.890171814E-1
1.275809129E1,4.311035156E-2,9.917476501E0,9.925859070E-1
1.277798929E1,-6.786886597E-1,8.732241211E0,1.221310272E0
1.279788729E1,-2.329755249E0,9.229058075E0,9.783654785E-1
1.281778529E1,-2.646346893E0,1.040516235E1,1.293759613E0
1.283768329E1,-1.625320129E0,9.851463776E0,1.507365417E0
1.285758129E1,-1.206640778E0,9.272168427E0,1.222507782E0
1.287747929E1,-1.733994141E0,9.534722443E0,6.345304871E-1
1.289737729E1,-2.266586609E0,9.755213928E0,1.122964783E0
1.291727529E1,-2.197280731E0,9.165739746E0,1.166973267E0
1.293717429E1,-1.609902191E0,9.294322357E0,9.858499146E-1
1.295707229E1,-1.944456482E0,9.517358551E0,1.154249725E0
1.297697029E1,-2.474953308E0,8.219856720E0,7.887098694E-1
1.299686829E1,-3.095413055E0,7.848778381E0,9.571096802E-1
1.301676617E1,-3.247646484E0,9.633367310E0,1.556762695E-1
1.303666417E1,-2.299518127E0,1.065184937E1,1.714534607E0
1.305656217E1,-2.085313568E0,7.833809509E0,7.836204529E-1
1.307646017E1,-3.094664612E0,6.654561768E0,1.095272369E0
1.309635817E1,-4.237388306E0,8.272247772E0,3.188369751E-2
1.311625617E1,-4.076622620E0,9.977950745E0,2.390528870E-1
1.313615417E1,-3.018622742E0,9.554032288E0,-1.060694275E0
1.315605317E1,-2.811453552E0,7.367978210E0,3.550616455E-1
1.317595117E1,-2.906206512E0,6.813231812E0,1.523980865E0
1.319584917E1,-2.802172852E0,1.188947571E1,1.499731293E0
1.321574717E1,-3.151995392E0,1.147034729E1,1.381626892E-1
1.323564517E1,-1.913171539E0,6.327192535E0,1.138981476E0
1.325554317E1,-1.407822418E0,4.828059998E0,4.706063690E0
1.327544117E1,-3.659290466E0,1.026235931E1,1.091230774E0
1.329533917E1,-5.088069305E0,1.127006378E1,2.130070496E-1
1.331523717E1,-4.228257294E0,5.572312317E0,-1.947450256E-1
1.333513517E1,-4.574786682E0,6.270909576E0,-1.319655762E0
1.335503317E1,-8.165220337E0,1.276081375E1,-1.999092865E0
1.337493217E1,-6.708898773E0,5.001399536E0,8.849597168E-1
1.339483017E1,-2.831661530E0,6.869664459E0,-3.689377899E0
1.341472817E1,-5.063819733E0,1.394724655E1,-1.190923462E0
1.343462617E1,-7.344776459E0,4.384532318E0,2.143392792E0
1.345452417E1,-4.737947388E0,4.344864807E0,-2.024689636E0
1.347442217E1,-5.858816528E0,1.043674667E1,-2.952460327E0
1.349432017E1,-8.987909546E0,8.152496796E0,-1.853146362E-1
1.351421817E1,-7.661667480E0,2.936443634E0,1.538051605E0
1.353411617E1,-4.889132996E0,5.281167755E0,-4.710704041E0
1.355401417E1,-6.596931610E0,1.018990997E1,-4.840035095E0
1.357391217E1,-1.159069702E1,6.020330658E0,-3.067121887E0
1.359381117E1,-1.027867538E1,5.348377991E-1,1.759890289E0
1.361370917E1,-4.451143799E0,3.112327881E0,-3.007396088E0
1.363360717E1,-5.293142853E0,8.641380157E0,-6.062393188E0
1.365350517E1,-9.867929535E0,5.013075256E0,-1.779798889E0
1.367340317E1,-1.177122162E1,1.128353577E0,-5.466632080E-1
1.369330117E1,-8.881031799E0,6.470893707E0,-5.050347748E0
1.371319917E1,-7.322023773E0,7.721393280E0,-3.994144135E0
1.373309717E1,-8.818910980E0,1.452878723E0,-1.810634766E0
1.375299517E1,-7.404651947E0,-9.183403015E-1,-1.481319580E0
1.377289317E1,-7.231761475E0,4.219275970E0,-2.018103333E0
1.379279117E1,-8.897048492E0,8.672365723E0,-4.563709717E0
1.381269017E1,-1.121213425E1,6.047574005E0,-5.685626678E0
1.383258817E1,-1.190369614E1,1.507964172E0,-6.219566345E-1
1.385248617E1,-7.583529968E0,8.116122437E-1,-1.941163330E0
1.387238417E1,-6.507567444E0,4.089196472E0,-2.970123596E0
1.389228217E1,-1.062146255E1,5.826783142E0,-2.485880585E0
1.391218017E1,-1.076396622E1,4.387077026E0,-2.742147675E0
1.393207817E1,-9.148375854E0,3.528163147E0,-3.040477295E0
1.395197617E1,-8.104147339E0,1.006656647E0,-4.557422791E0
1.397187417E1,-9.162296906E0,1.401086426E-1,-5.703439636E0
1.399177217E1,-1.095990875E1,2.188898163E0,-1.382674713E0
1.401167054E1,-8.963061218E0,5.087021484E0,-2.867137756E0
1.403156854E1,-7.741601257E0,4.708159332E0,-5.776936798E0
1.405146654E1,-1.096065720E1,1.297651520E0,-3.473975830E0
1.407136454E1,-1.088132217E1,6.143225098E-1,5.426216125E-1
1.409126254E1,-7.554190979E0,4.549189911E0,-1.533411255E0
1.411116054E1,-7.259753265E0,6.404431915E0,-3.153641968E0
1.413105854E1,-1.031250504E1,3.508703613E0,-2.881956940E0
1.415095654E1,-1.234003876E1,7.946974182E-1,-2.826123047E0
1.417085454E1,-1.134865036E1,1.283580780E0,-4.114493866E0
1.419075254E1,-9.893376617E0,2.316582642E0,-4.496349792E0
1.421065054E1,-1.071666458E1,3.993395691E0,-6.551875305E0
1.423054954E1,-9.546098785E0,2.810106354E0,-2.956352234E0
1.425044754E1,-7.707472229E0,5.001100159E-1,-7.816744995E-1
1.427034554E1,-7.049440613E0,1.628613281E0,-1.645079041E0
1.429024354E1,-8.396040344E0,6.754104767E0,-3.424877930E0
1.431014154E1,-1.074794952E1,6.723867645E0,-4.013453979E0
1.433003954E1,-1.132919083E1,1.735790405E0,-3.462150421E0
1.434993754E1,-1.059990738E1,-2.788700867E-1,-2.802621918E0
1.436983554E1,-8.056546326E0,1.453327789E0,-2.572101288E0
1.438973354E1,-6.633455658E0,4.581822052E0,-3.497476959E0
1.440963154E1,-8.142467651E0,7.093898163E0,-2.784659271E0
1.442952954E1,-9.972561951E0,7.015311584E0,-2.225721588E0
1.444942854E1,-9.232051849E0,4.940176849E0,-3.192710724E0
1.446932654E1,-8.067473602E0,4.147575073E0,-3.766766968E0
1.448922454E1,-7.833659821E0,4.787045288E0,-1.515747986E0
1.450912254E1,-7.035220184E0,6.617888031E0,-1.650767212E0
1.452902054E1,-6.774013367E0,8.875193939E0,-4.214485931E0
1.454891854E1,-8.411607971E0,5.271288300E0,-2.966531067E0
1.456881654E1,-7.997419281E0,3.396736450E0,-4.977149963E-1
1.458871454E1,-7.311246185E0,6.412964172E0,-2.899769897E0
1.460861254E1,-7.211553497E0,1.147573608E1,-4.221670990E0
1.462851054E1,-6.382876740E0,6.614594879E0,-2.558329926E0
1.464840854E1,-5.870791626E0,4.836442566E0,-5.432203674E-1
1.466830754E1,-6.181844788E0,7.452702026E0,-1.916015625E0
1.468820554E1,-6.627917175E0,9.977202301E0,-3.554508362E0
1.470810354E1,-6.030659180E0,6.395749969E0,-1.662592621E0
1.472800154E1,-5.861061859E0,5.653293915E0,-3.215313721E-1
1.474789954E1,-5.810167694E0,7.298672333E0,-1.302441559E0
1.476779754E1,-5.044060822E0,9.972861328E0,4.161346436E-2
1.478769554E1,-4.242028656E0,9.013656006E0,-5.450166321E-1
1.480759354E1,-3.519780579E0,1.070394104E1,-2.315534821E0
1.482749154E1,-3.898193665E0,5.272485809E0,-3.742218018E-1
1.484738954E1,-3.953728180E0,4.362228699E0,1.316661987E0
1.486728754E1,-2.520159302E0,1.008527756E1,-1.424737244E0
1.488718554E1,-3.075205078E0,1.465976486E1,-1.181942139E0
1.490708454E1,-4.151017914E0,5.432952118E0,4.212689667E0
1.492698254E1,-3.867956543E0,5.726042633E0,-7.147636414E-1
1.494688054E1,-1.529818726E-1,8.603059845E0,-1.525777130E0
1.496677854E1,2.019300842E0,9.970166931E0,-2.878963165E0
1.498667654E1,2.224075012E0,5.959557037E0,4.050277405E0
1.500657454E1,-2.337688751E0,6.786287842E0,1.159937897E0
1.502647354E1,-4.691843262E0,5.686225433E0,-4.220473480E0
1.504637154E1,-1.456620941E0,1.055425232E1,3.520978088E0
1.506626954E1,-1.279688873E0,1.233315308E1,3.284320221E0
1.508616754E1,-4.953499146E0,1.062730042E1,2.238594818E0
1.510606554E1,-4.496798859E0,7.714657288E0,-6.294410706E0
1.512596454E1,2.030976563E0,1.155956177E1,1.547332306E0
1.514586254E1,5.951623535E-1,9.431137848E0,4.541406097E0
1.516576054E1,-4.812192993E0,1.026056305E1,3.944148102E0
1.518565854E1,-2.281106415E0,7.529043274E0,-4.126918030E0
1.520555654E1,5.741011505E0,1.127799728E1,1.196461945E0
1.522545454E1,1.260828094E0,1.164712967E1,3.402574310E0
1.524535254E1,-7.839647369E0,1.036968613E1,2.714305573E0
1.526525054E1,-3.157234497E0,6.567891998E0,-1.105451202E0
1.528514854E1,6.225853271E0,8.625213776E0,-1.776056671E0
1.530504654E1,3.146157532E0,1.253418503E1,4.016447754E0
1.532494454E1,-6.083050232E0,1.007659561E1,5.464386749E0
1.534484354E1,-2.070344696E0,7.193441162E0,-1.457968140E-1
1.536474154E1,3.683989105E0,1.181478104E1,-1.404828644E0
1.538463954E1,-1.389111328E0,1.079390396E1,7.488926697E-1
1.540453754E1,-7.405101013E0,7.240443420E0,3.850442963E0
1.542443554E1,-6.147117004E0,6.867119751E0,1.874701538E0
1.544433354E1,-1.380728760E0,8.270301819E0,6.824308777E-1
1.546423154E1,7.542814636E-1,8.488098907E0,-8.681945801E-2
1.548412954E1,-1.742526398E0,6.322851562E0,1.455872498E0
1.550402754E1,-3.555705872E0,5.878126373E0,9.385482788E-2
1.552392554E1,-1.716480560E0,1.363200211E1,9.351054382E-1
1.554382354E1,-1.963766327E0,1.083102676E1,1.453028412E0
1.556372254E1,-3.425925751E0,6.915618896E0,1.484163666E0
1.558362054E1,-3.902384949E0,6.046975250E0,-5.459147644E-1
1.560351854E1,-2.096989288E0,1.246158600E1,7.813751221E-2
1.562341654E1,-1.828447723E0,9.907147980E0,1.585053864E0
1.564331454E1,-3.086731110E0,4.689747620E0,-4.337979126E-1
1.566321254E1,-2.793041840E0,5.808970184E0,-6.646179199E-1
1.568311054E1,-4.407584381E0,1.054242691E1,-9.171427917E-1
1.570300854E1,-4.468507690E0,1.089674011E1,-1.289268951E0
1.572290654E1,-4.524491272E0,1.002360580E1,-1.686991882E0
1.574280454E1,-5.364993439E0,6.179898834E0,-3.516188049E-1
1.576270354E1,-4.810696106E0,3.823199615E0,-1.143621826E0
1.578260154E1,-3.137176208E0,4.552483063E0,-1.595232697E0
1.580249954E1,-3.653003540E0,1.553080353E1,-3.231031036E0
1.582239754E1,-6.453080750E0,7.200326843E0,-1.607357483E0
1.584229554E1,-7.241341553E0,2.367476807E0,-1.056802368E-1
1.586219354E1,-3.660038910E0,3.245850220E0,-2.509381714E0
1.588209154E1,-5.634732513E0,1.557241699E1,-3.964805145E0
1.590198954E1,-9.545050964E0,7.827971649E0,-1.229992218E0
1.592188754E1,-8.682993622E0,2.921025696E0,-3.401526489E0
1.594178554E1,-5.644162903E0,7.287894745E0,-4.506229248E0
1.596168454E1,-7.821984100E0,1.124611359E1,-7.375762024E0
1.598158254E1,-9.695188751E0,3.701053619E0,-9.211843872E-1
1.600148054E1,-6.914720764E0,4.122127991E0,5.957611084E-2
1.602137804E1,-3.494632874E0,8.185278625E0,-2.641407166E0
1.604127604E1,-6.552773438E0,8.255482635E0,-3.715124359E0
1.606117404E1,-1.005758514E1,2.805316315E0,-3.225642242E0
1.608107204E1,-9.141340485E0,2.974464569E0,-5.082680511E0
1.610097004E1,-9.816436615E0,6.703360291E0,-5.057682495E0
1.612086804E1,-7.435787201E0,2.974464569E0,-2.249971161E0
1.614076604E1,-5.835764465E0,2.496658173E0,-5.126688995E0
1.616066504E1,-1.002046234E1,7.195087738E0,-4.342320099E0
1.618056304E1,-1.187315964E1,5.386997681E0,-3.393143921E0
1.620046104E1,-7.341483307E0,2.800825653E0,-2.370919647E0
1.622035904E1,-5.243595886E0,4.060456238E0,-5.320386200E0
1.624025704E1,-1.114537308E1,4.119882660E0,-4.723876648E0
1.626015504E1,-1.278940430E1,1.626667328E0,-4.181255035E0
1.628005304E1,-8.088879089E0,4.288432159E0,-3.328478394E0
1.629995104E1,-6.593788147E0,5.613626404E0,-5.307962036E0
1.631984904E1,-9.855505371E0,2.102078705E0,-4.605921936E0
1.633974704E1,-1.141975250E1,8.791218567E-1,-3.747457123E0
1.635964604E1,-8.755592651E0,5.733527069E0,-4.289180603E0
1.637954404E1,-7.324418793E0,5.376818848E0,-4.495152283E0
1.639944204E1,-8.763975220E0,1.137484589E0,-3.827390900E0
1.641934004E1,-9.450747070E0,2.145488434E0,-3.291954346E0
1.643923804E1,-8.597820740E0,6.057154083E0,-4.738995209E0
1.645913604E1,-8.931626587E0,4.090543671E0,-2.128723297E0
1.647903404E1,-8.119714966E0,2.321672058E0,-2.589165802E0
1.649893204E1,-8.540939026E0,6.846612396E0,-3.888164520E0
1.651883004E1,-9.707912292E0,7.626041565E0,-7.091503143E0
1.653872804E1,-1.137754028E1,1.950144653E0,-4.204456787E0
1.655862704E1,-8.925938416E0,-6.655160522E-1,-2.911146240E0
1.657852504E1,-5.000351715E0,2.606529694E0,-3.546275482E0
1.659842304E1,-7.274273071E0,9.524693298E0,-5.926026764E0
1.661832104E1,-1.008108627E1,4.505031738E0,-4.177961884E0
1.663821904E1,-1.016176849E1,2.781964874E0,-4.208498383E0
1.665811704E1,-6.857689362E0,3.853436737E0,-4.618944855E0
1.667801504E1,-7.131020966E0,5.158572693E0,-3.923191681E0
1.669791304E1,-8.582402802E0,5.904022522E0,-4.405788116E0
1.671781104E1,-8.228987732E0,4.548890533E0,-4.543950806E0
1.673770904E1,-8.214467926E0,4.390370178E0,-3.178041229E0
1.675760804E1,-7.463479614E0,5.568121033E0,-4.161196747E0
1.677750604E1,-6.419251099E0,5.511089630E0,-3.778292999E0
1.679740404E1,-6.049370270E0,5.762416992E0,-4.001628571E0
1.681730204E1,-7.102580109E0,6.530769196E0,-3.907025299E0
1.683720004E1,-6.623576202E0,4.595294037E0,-2.673739929E0
1.685709804E1,-5.173541565E0,4.060605927E0,-2.836601257E0
1.687699604E1,-5.528303833E0,8.131240997E0,-5.332361298E0
1.689689404E1,-9.847721558E0,8.671916656E0,-4.227508850E0
1.691679204E1,-8.857530670E0,6.302194519E0,-2.159858551E0
1.693669004E1,-4.158652039E0,4.781506805E0,-2.688708801E0
1.695658904E1,-3.215164032E0,9.092092896E0,-5.998176727E0
1.697648704E1,-8.962163086E0,9.093739471E0,-3.132984924E0
1.699638504E1,-7.997119904E0,5.377567291E0,-4.644841003E-1
1.701628354E1,-2.688708801E0,1.001866608E1,-2.094594269E0
1.703618154E1,-1.439855804E0,1.001492386E1,-5.216502228E0
1.705607954E1,-7.160809021E0,6.917564850E0,-2.209405518E0
1.707597754E1,-8.730145569E0,6.905589752E0,-2.775378571E0
1.709587554E1,-4.909191284E0,8.298443298E0,-3.540437622E0
1.711577354E1,-3.649710388E0,9.987231445E0,-4.898862762E0
1.713567154E1,-5.152734833E0,7.557334442E0,-2.252366180E0
1.715556954E1,-4.433330841E0,5.991590424E0,-6.066883850E-1
1.717546854E1,-2.645897827E0,8.616232452E0,-3.752696228E0
1.719536654E1,-2.154769135E0,1.413360901E1,-2.890788574E0
1.721526454E1,-5.016667786E0,5.066514130E0,2.841091919E-1
1.723516254E1,-4.072131958E0,6.773713989E0,-3.570075989E-1
1.725506054E1,-1.146914978E0,1.003109024E1,-3.990551605E0
1.727495854E1,-2.749781799E-1,9.218579865E0,-3.687731323E0
1.729485654E1,-1.846560059E0,4.569996643E0,6.167175293E-2
1.731475454E1,-8.729846191E-1,6.804400177E0,1.836680603E0
1.733465254E1,3.412902832E-2,9.573791199E0,-8.123606873E-1
1.735455054E1,4.149371338E-1,9.389674072E0,4.549040222E-1
1.737444854E1,8.309220886E-1,7.049141235E0,2.429298248E0
1.739434754E1,5.477110291E-1,7.382797394E0,-7.869136047E-1
1.741424554E1,-3.007246399E0,8.478818207E0,-1.257235565E0
1.743414354E1,-6.022126923E0,1.032298325E1,9.415420532E-2
1.745404154E1,-1.589245148E0,1.042432251E1,1.432371368E0
1.747393954E1,-1.222657471E0,1.151285889E1,-6.631210327E-2
1.749383754E1,-5.342689819E0,8.192763062E0,-2.038011932E0
1.751373554E1,-1.451082458E0,6.875502319E0,1.557361450E0
1.753363354E1,5.715714111E0,1.173649384E1,2.367327118E0
1.755353154E1,3.629652100E0,1.280018188E1,3.025209045E0
1.757342954E1,-1.511706390E0,8.148604889E0,1.618284760E0
1.759332754E1,-5.914201355E-1,8.308771820E0,-6.809339905E-1
1.761322654E1,1.814826050E0,1.081231567E1,3.793112183E-1
1.763312454E1,-7.259902954E-1,1.069196594E1,2.492017822E0
1.765302254E1,-4.192481689E0,8.333171082E0,2.531835022E0
1.767292054E1,-1.440903625E0,1.016625916E1,7.533833313E-1
1.769281854E1,1.854942627E0,1.023361908E1,-1.275347900E0
1.771271654E1,-5.337899780E-1,9.526788940E0,1.967957611E0
1.773261454E1,-3.987557831E0,9.077273712E0,3.679049377E0
1.775251254E1,-4.133803711E0,9.115144958E0,1.457818451E0
1.777241054E1,-2.752775574E-1,9.415869598E0,5.514532471E-1
1.779230854E1,6.243516541E-1,9.373807068E0,-5.646258545E-1
1.781220654E1,-1.170865173E0,8.493487701E0,1.116228790E0
1.783210554E1,-2.202519836E0,7.548203430E0,1.285227356E0
1.785200354E1,-1.336271210E0,8.669970703E0,9.916877747E-1
1.787190154E1,-2.221679993E0,9.606273651E0,-1.293310547E0
1.789179954E1,-4.333638153E0,8.594976654E0,1.856140137E-2
1.791169754E1,-4.328399048E0,8.301886139E0,6.430627441E-1
1.793159554E1,-1.474134521E0,1.018526962E1,1.120120697E0
1.795149354E1,3.736230469E-1,9.217232666E0,-9.376501465E-1
1.797139154E1,-1.988315277E0,6.322402496E0,3.969744873E-1
1.799128954E1,-4.220024414E0,7.016958160E0,6.366261292E-1
1.801118754E1,-2.132914581E0,1.105062012E1,2.334844666E0
1.803108554E1,1.028361511E-1,1.267863464E1,-1.879491577E0
1.805098454E1,-2.174078979E0,5.777685242E0,-3.302133179E-1
1.807088254E1,-5.211263123E0,5.641019440E0,1.782792664E-1
1.809078054E1,-5.522915039E0,9.672585754E0,2.589614868E-2
1.811067854E1,-3.666475525E0,1.429826660E1,-2.902314606E0
1.813057654E1,-2.892435150E0,5.296436005E0,-2.534080353E0
1.815047454E1,-6.301446075E0,3.845054169E0,-1.864373016E0
1.817037254E1,-7.489226074E0,3.492088165E0,-1.585652618E0
1.819027054E1,-6.012097778E0,8.442593536E0,-2.355950775E0
1.821016854E1,-4.296365662E0,1.130583939E1,-5.098697205E0
1.823006654E1,-5.015919342E0,5.624403992E0,-1.360071716E0
1.824996454E1,-5.938750305E0,5.682782593E0,-1.084644470E0
1.826986354E1,-6.395899658E0,1.154519165E1,-3.249891815E0
1.828976154E1,-7.266938324E0,8.812474365E0,-5.151237946E0
1.830965954E1,-7.645800476E0,4.148772583E0,-1.788331146E0
1.832955754E1,-7.639214172E0,2.901266785E0,-1.384021912E0
1.834945554E1,-6.567442932E0,4.080813904E0,-1.214873657E0
1.836935354E1,-7.534282379E0,1.050919601E1,-4.397854614E0
1.838925154E1,-8.090226288E0,1.021251297E1,-4.879403229E0
1.840914954E1,-7.501799927E0,3.888613586E0,-3.951931915E0
1.842904754E1,-8.185128937E0,1.261875916E0,-4.030069427E0
1.844894554E1,-8.891060944E0,3.586541748E-1,-3.483106842E0
1.846884354E1,-7.881260834E0,3.445385284E0,-3.644620972E0
1.848874154E1,-7.128476257E0,6.409671021E0,-2.410287781E0
1.850864054E1,-7.081174622E0,6.931934967E0,-4.915178833E0
1.852853854E1,-1.092563004E1,6.803202667E0,-3.667673035E0
1.854843654E1,-1.198692307E1,2.606679382E0,-2.799927521E0
1.856833454E1,-9.325008545E0,3.833528137E-1,-3.182681580E0
1.858823254E1,-7.224426727E0,3.313509521E0,-3.353326721E0
1.860813054E1,-8.590635681E0,8.207282867E0,-6.834637299E0
1.862802854E1,-1.047027695E1,3.705095215E0,-6.136189728E0
1.864792654E1,-9.497300262E0,-1.979483643E0,-5.449118500E0
1.866782454E1,-7.603438568E0,-2.134860535E0,-3.728895721E0
1.868772254E1,-8.034093018E0,5.121599579E0,-5.038672028E0
1.870762054E1,-1.063224014E1,9.008716278E0,-5.037175140E0
1.872751954E1,-1.098685272E1,2.736758881E0,-3.340453491E0
1.874741754E1,-8.843310242E0,-6.146218872E-1,-3.920646973E0
1.876731554E1,-8.330626373E0,8.146060181E-1,-4.540507965E0
1.878721354E1,-8.775501251E0,3.719764709E0,-4.168980560E0
1.880711154E1,-8.700956268E0,3.492836609E0,-4.307442627E0
1.882700954E1,-1.025382706E1,3.484753418E0,-4.878954163E0
1.884690754E1,-1.066666855E1,4.375251617E0,-3.635340271E0
1.886680554E1,-9.869576111E0,4.027225342E0,-2.918480988E0
1.888670354E1,-8.224197693E0,2.115251312E0,-5.039719849E0
1.890660154E1,-9.369466095E0,1.665586395E0,-5.345833282E0
1.892649954E1,-1.007075775E1,3.300336914E0,-3.378175049E0
1.894639854E1,-8.679251404E0,6.250102844E0,-1.404529266E0
1.896629654E1,-5.958509216E0,6.768025818E0,-3.882925415E0
1.898619454E1,-6.938970337E0,5.323379974E0,-4.011807404E0
1.900609254E1,-9.839039612E0,3.651955719E0,-2.593057709E0
1.902598992E1,-9.996512146E0,3.208577728E0,-2.846331024E0
1.904588792E1,-9.011410675E0,5.066364441E0,-4.738995209E0
1.906578592E1,-8.710087280E0,5.433999939E0,-4.553081818E0
1.908568392E1,-7.664212189E0,2.933449860E0,-1.192570038E0
1.910558192E1,-5.786367188E0,3.068319397E0,-2.258653107E0
1.912547992E1,-6.819369049E0,8.843759308E0,-2.904859314E0
1.914537792E1,-8.376730499E0,8.904682617E0,-3.846251678E0
1.916527592E1,-7.668702850E0,4.248614960E0,-2.024090881E0
1.918517492E1,-6.780899048E0,4.620292053E0,-2.499801636E0
1.920507292E1,-7.726333008E0,8.645272064E0,-3.182531891E0
1.922497092E1,-7.823930054E0,7.902666321E0,-2.515219574E0
1.924486892E1,-6.044280853E0,5.040318604E0,-2.924618225E0
1.926476692E1,-5.405409393E0,6.474635925E0,-4.362528076E0
1.928466492E1,-7.918982391E0,7.103478241E0,-3.746259613E0
1.930456292E1,-9.301357727E0,7.166497192E0,-1.258882141E0
1.932446092E1,-4.332740021E0,7.887847137E0,-2.145039368E0
1.934435892E1,-2.255659332E0,8.875493317E0,-5.086871796E0
1.936425692E1,-6.333030396E0,7.354057159E0,-3.769910431E0
1.938415492E1,-1.013721954E1,5.986950073E0,-5.785469055E-1
1.940405292E1,-5.626649323E0,8.521479492E0,-1.834734650E0
1.942395192E1,-1.299148407E0,1.041698776E1,-1.995350647E0
1.944384992E1,-2.242636414E0,7.938292236E0,-1.718127136E0
1.946374792E1,-6.121370544E0,7.521109772E0,-1.248104553E0
1.948364592E1,-6.701564026E0,7.935597839E0,-3.179089050E0
1.950354392E1,-5.046904907E0,7.137756958E0,-2.806813202E0
1.952344192E1,-4.316274261E0,5.061424713E0,-9.874964905E-1
1.954333992E1,-3.310216370E0,9.356892242E0,-6.122268677E-2
1.956323792E1,-1.232387238E0,1.365849701E1,-1.230291595E0
1.958313592E1,-1.980830841E0,8.121361542E0,4.956193542E-1
1.960303392E1,-2.610271912E0,6.554270325E0,1.700014801E0
1.962293192E1,-2.387385406E0,5.028343506E0,-2.590363312E0
1.964282992E1,-2.564167786E-1,7.326215057E0,-1.898502045E0
1.966272892E1,-2.123184814E0,1.085512665E1,-2.963836670E-1
1.968262692E1,-2.022743683E0,8.461154938E0,4.831353149E0
1.970252492E1,-1.232387238E0,7.268435211E0,9.446855164E-1
1.972242292E1,1.561253357E-1,8.339308319E0,-3.193608856E0
1.974232092E1,2.638263702E0,7.879614258E0,-8.542735291E-1
1.976221892E1,1.551074524E0,1.131871262E1,2.331252136E0
1.978211692E1,-2.532583466E0,1.155552017E1,2.054477692E0
1.980201492E1,-6.187383270E0,9.298962708E0,-1.911974030E0
1.982191292E1,-3.384911041E0,6.162235565E0,3.240461426E0
1.984181092E1,4.537514191E0,1.037687119E1,7.702981567E-1
1.986170892E1,7.017407227E0,1.381088013E1,2.116598511E0
1.988160692E1,-1.500928802E0,8.136180725E0,-2.065404968E0
1.990150592E1,-1.663490753E0,6.314468994E0,-8.201445007E-1
1.992140392E1,3.485651550E0,8.070467377E0,1.118474121E0
1.994130192E1,3.243305511E0,1.287577469E1,5.252876587E0
1.996119992E1,-3.235970764E0,1.081022003E1,1.034798126E0
1.998109792E1,-2.968926086E0,1.156105865E1,-6.692582703E-1
2.000099592E1,-2.185455322E-2,9.760453033E0,-3.451821899E-1
2.002089408E1,9.674382019E-1,1.024484573E1,2.083517303E0
2.004079208E1,4.704716492E-1,1.083925964E1,1.488804016E0
2.006069008E1,-1.179247742E0,9.693093109E0,1.790277100E-1
2.008058808E1,8.596623230E-1,9.913734283E0,5.960604858E-1
2.010048608E1,2.524350586E0,9.774074707E0,6.412664795E-1
2.012038408E1,-8.325686646E-1,1.003992188E1,2.746189270E0
2.014028308E1,-1.446891174E0,9.786648560E0,3.246748352E-1
2.016018108E1,2.149380341E0,1.011027557E1,-3.366499329E-1
2.018007908E1,1.157542877E0,9.633067932E0,7.815248108E-1
2.019997708E1,-3.902384949E0,9.182654572E0,2.311493225E0
2.021987508E1,-6.455625458E0,8.048014069E0,-1.377136230E-1
2.023977308E1,-5.425767059E0,8.459658051E0,-1.378633118E0
2.025967108E1,-1.166374512E0,7.359745331E0,2.039209442E0
2.027956908E1,3.293750610E0,7.738008728E0,-5.352868652E-1
2.029946708E1,2.826572113E0,1.076651093E1,2.620600433E0
2.031936508E1,1.128802643E0,1.347108673E1,1.902244263E0
2.033926308E1,1.269360352E0,1.007075775E1,1.217268677E0
2.035916108E1,-1.204694824E0,7.090455322E0,2.110610962E-1
2.037906008E1,-4.734953613E0,5.307812347E0,4.775070190E-2
2.039895808E1,-4.865332489E0,6.564299469E0,6.779402161E-1
2.041885608E1,-3.666475525E0,1.291484344E1,-1.458417206E0
2.043875408E1,-2.491269379E0,1.221235428E1,-9.295669556E-1
2.045865208E1,-2.021246796E0,6.278992767E0,2.259102173E0
2.047855008E1,-2.217339020E0,4.352798309E0,1.050665131E0
2.049844808E1,-1.556313629E0,6.091283112E0,-1.965263214E0
2.051834608E1,-1.394200745E0,1.571686661E1,-6.316864014E-1
2.053824408E1,-1.961071930E0,1.017853363E1,1.923200684E0
2.055814208E1,-4.020639038E0,4.606670380E0,1.844464417E0
2.057804008E1,-4.024081879E0,4.118236084E0,-2.692750397E0
2.059793808E1,-5.159021759E0,8.312663727E0,-4.336482239E-1
2.061783708E1,-5.455704803E0,1.511796204E1,-1.337917786E0
2.063773508E1,-3.948339386E0,8.529113617E0,-3.346890106E0
2.065763308E1,-5.741310883E0,6.795568542E0,-3.852538605E0
2.067753108E1,-6.832541656E0,4.771777039E0,6.518943787E-1
2.069742908E1,-3.019670563E0,3.723207550E0,-5.733078003E-1
2.071732708E1,-1.251098328E0,1.665721115E1,-3.512894897E0
2.073722508E1,-7.021598511E0,1.087428680E1,-2.576741638E0
2.075712308E1,-8.236621857E0,2.448458405E0,1.951342163E0
2.077702108E1,-4.450245667E0,2.352358246E0,-3.357967072E0
2.079691908E1,-6.474186859E0,1.088461533E1,-6.026916962E0
2.081681708E1,-1.047222290E1,8.632847900E0,-3.688928833E0
2.083671508E1,-8.696315918E0,2.892285461E0,-1.259780273E0
2.085661308E1,-5.106780396E0,3.045117645E0,-4.750970306E0
2.087651208E1,-6.698869629E0,1.235949829E1,-5.971083069E0
2.089641008E1,-9.210047607E0,7.622449036E0,-1.977837067E0
2.091630808E1,-7.341632996E0,2.096989288E0,2.670446777E-1
2.093620608E1,-5.523813171E0,3.538641357E-1,-1.400637360E0
2.095610408E1,-6.865622864E0,4.885390778E0,-5.651347961E0
2.097600208E1,-1.265977386E1,1.231174759E1,-4.930297394E0
2.099590008E1,-1.378079269E1,4.137695618E0,-2.758314056E0
2.101579917E1,-8.146060181E0,3.891906738E-3,-4.170028381E0
2.103569717E1,-5.367238770E0,6.755451965E-1,-6.319408722E0
2.105559517E1,-9.171727295E0,2.184407501E0,-3.360362091E0
2.107549317E1,-1.200129318E1,3.423081665E0,-2.738405457E0
2.109539117E1,-8.576564941E0,5.707032166E0,-3.266357574E0
2.111529017E1,-7.921826477E0,7.923323364E0,-4.919070740E0
2.113518817E1,-1.034633469E1,3.973636780E0,-1.481319580E0
2.115508617E1,-1.020323227E1,-1.531315613E-1,-3.273991699E0
2.117498417E1,-8.439150696E0,1.263821869E0,-4.507426758E0
2.119488217E1,-9.828711090E0,4.484075317E0,-5.491330719E0
2.121478017E1,-1.150223099E1,3.641178131E0,-5.381459198E0
2.123467817E1,-9.922416229E0,1.802252197E0,-2.806513824E0
2.125457617E1,-5.912854156E0,9.424401855E-1,-2.828967133E0
2.127447417E1,-5.722001038E0,-4.457730103E-1,-5.962101746E0
2.129437217E1,-1.190743835E1,5.330415344E-1,-6.979535980E0
2.131427017E1,-1.561971863E1,2.455643463E0,-6.419400787E0
2.133416817E1,-9.754166107E0,3.964206390E0,-1.715283051E0
2.135406617E1,-3.746708679E0,5.279221802E0,1.496887207E-4
2.137396517E1,-4.476890259E0,6.727909241E0,-2.452500000E0
2.139386317E1,-1.023167313E1,8.227041779E0,-3.359164581E0
2.141376117E1,-1.424871964E1,4.584067383E0,-5.303321686E0
2.143365917E1,-1.083162552E1,1.273851013E-1,-4.440815277E0
2.145355717E1,-7.266189880E0,-6.033952332E-1,-5.095104675E0
2.147345517E1,-6.445147247E0,2.768642578E0,-2.669099579E0
2.149335317E1,-7.754624176E0,8.983269196E0,-1.119521942E0
2.151325117E1,-7.096143494E0,1.055095917E1,-3.773802338E0
2.153314917E1,-7.289391632E0,6.132148132E0,-2.810405731E0
2.155304717E1,-8.959319000E0,3.873045959E0,-2.976410522E0
2.157294517E1,-8.581654358E0,4.561314697E0,-1.606159973E0
2.159284317E1,-7.644752655E0,6.160139923E0,-2.870281219E0
2.161274117E1,-7.544311523E0,7.247927856E0,-4.124373322E0
2.163264017E1,-7.759713593E0,5.653144226E0,-1.579665070E0
2.165253817E1,-5.816753998E0,5.779481506E0,-2.081122284E0
2.167243617E1,-5.849685516E0,7.951913910E0,-3.482358398E0
2.169233417E1,-8.808732147E0,7.876321106E0,-2.784808960E0
2.171223217E1,-7.468119965E0,5.319787445E0,-1.639690247E0
2.173213017E1,-4.205803986E0,6.725813599E0,-3.309916992E0
2.175202817E1,-5.215304718E0,6.306984558E0,-4.442312164E0
2.177192617E1,-9.590256958E0,6.123166809E0,-1.185834045E0
2.179182417E1,-5.975723419E0,5.604495392E0,-4.233197021E-1
2.181172217E1,-1.685644684E0,8.455317078E0,-1.767075348E0
2.183162017E1,-2.469714203E0,1.257699600E1,-3.974684601E0
2.185151817E1,-8.158783722E0,7.522456970E0,-1.666035461E-1
2.187141717E1,-8.572373657E0,5.007536774E0,-6.054908752E-1
2.189131517E1,-4.430187378E0,8.873247986E0,-1.164278870E0
2.191121317E1,-2.710862732E0,1.113489487E1,-2.489772491E0
2.193111117E1,-3.951333160E0,8.219557343E0,-9.163943481E-1
2.195100917E1,-4.474195862E0,9.239985352E0,-1.776505737E0
2.197090717E1,-3.774101715E0,7.066505127E0,-1.624871063E0
2.199080517E1,-4.479734344E0,6.218368835E0,-1.129551086E0
2.201070317E1,-3.438200226E0,8.664731598E0,-3.619473267E-1
2.203059992E1,-1.164428558E0,1.248763184E1,-1.645977173E0
2.205049792E1,-3.462599487E0,8.295599213E0,1.161734161E0
2.207039592E1,-4.032763824E0,6.497687988E0,6.147715759E-1
2.209029392E1,-1.679806824E0,6.776258698E0,-7.882608032E-1
2.211019192E1,-4.240681458E-1,1.114237930E1,-1.019080811E0
2.213009092E1,-1.145567780E0,1.001612137E1,1.910477142E0
2.214998892E1,-6.511459351E-1,7.481591949E0,1.639690247E0
2.216988692E1,-9.066645813E-1,7.480244751E0,-3.309767303E0
2.218978492E1,1.173559570E-1,7.348668365E0,-6.441105652E-1
2.220968292E1,-5.837860107E-2,8.824599152E0,7.568261719E-1
2.222958092E1,-6.265969849E-1,1.193064011E1,3.132835236E0
2.224947892E1,-2.586471405E0,9.179511108E0,1.307680664E0
2.226937692E1,-1.354832611E0,7.060667267E0,1.836979980E0
2.228927492E1,3.238814850E0,8.589288483E0,-1.421444092E0
2.230917292E1,5.132377167E0,1.094583801E1,-1.868414612E0
2.232907092E1,1.841770020E0,1.013662079E1,4.347409515E0
2.234896892E1,-3.485352173E0,8.684640198E0,2.451751556E0
2.236886692E1,-2.997217255E0,8.704548798E0,-9.409432983E-1
2.238876592E1,2.026186523E0,1.039169037E1,-2.210902405E-1
2.240866392E1,3.125949554E0,1.351988525E1,2.320025482E0
2.242856192E1,-4.051175537E0,1.260738281E1,-9.889933777E-1
2.244845992E1,-5.055886230E0,8.472082214E0,-7.634124756E-3
2.246835792E1,3.134332123E0,7.286397858E0,1.439855804E0
2.248825592E1,6.616540833E0,1.044228516E1,3.718567200E0
2.250815392E1,4.983137512E-1,1.036744080E1,1.993255005E0
2.252805192E1,-1.668580170E0,1.032403107E1,8.822653198E-1
2.254794992E1,-2.677931213E-1,9.784852295E0,-3.872447205E-1
2.256784792E1,2.660118256E0,9.396110687E0,9.943821716E-1
2.258774592E1,2.630479889E0,1.008303223E1,2.807262268E0
2.260764392E1,-1.251846771E0,1.084973785E1,1.986818390E0
2.262754192E1,-4.135300598E0,9.439370728E0,-1.821711731E-1
2.264743992E1,-1.345402222E0,9.887089691E0,-1.193318481E0
2.266733892E1,2.171983337E0,1.089688980E1,8.678952026E-1
2.268723692E1,-6.027964783E-1,1.084958817E1,1.188977509E0
2.270713492E1,-4.258494415E0,9.337582397E0,-1.981579285E0
2.272703292E1,-4.895719299E0,7.968529358E0,-2.368374939E0
2.274693092E1,-5.433401184E0,5.761818237E0,4.507127380E0
2.276682892E1,-3.619473267E0,3.270698547E0,1.549877014E0
2.278672692E1,3.840563507E0,1.090617050E1,1.982477417E0
2.280662492E1,7.007378082E0,1.940220291E1,2.686463470E0
2.282652292E1,4.296066284E0,8.543932800E0,2.126328278E0
2.284642092E1,1.390907593E0,5.828429718E0,2.192939758E-1
2.286631892E1,-2.713257751E0,6.070177002E0,-3.933819580E-1
2.288621692E1,-7.228318634E0,5.777535553E0,-2.185455322E-2
2.290611492E1,-9.482181702E0,5.794749756E0,-2.011067963E0
2.292601392E1,-8.208031311E0,9.308692474E0,-1.198258209E0
2.294591192E1,-2.810256042E0,1.454570206E1,2.734064484E0
2.296580992E1,2.665956116E0,7.139553223E0,8.084687805E-1
2.298570792E1,2.726879425E0,5.688919830E0,-1.772763519E0
2.300560592E1,-1.312321014E0,1.320928116E1,5.797444153E-1
2.302550429E1,-5.114414520E0,9.688303070E0,1.318757629E-1
2.304540229E1,-4.505480804E0,4.227359161E0,1.820514221E0
2.306530029E1,-3.314856720E0,4.154610443E0,-4.055366821E0
2.308519829E1,-6.977140961E0,1.078282700E1,-1.885479126E0
2.310509629E1,-9.248966675E0,1.434422104E1,-8.568182373E-1
2.312499429E1,-5.280269623E0,8.454868011E0,-3.087928619E0
2.314489229E1,-5.963299255E0,7.548053741E0,-2.937790833E0
2.316479029E1,-5.714067535E0,5.289250946E0,-9.280700684E-3
2.318468929E1,-2.251018982E0,4.974605255E0,-1.627715149E0
2.320458729E1,-1.759590912E0,9.041797485E0,-4.590354309E0
2.322448529E1,-7.999963989E0,8.866511993E0,-3.177741852E0
2.324438329E1,-7.562872925E0,3.421285400E0,-1.055604858E0
2.326428129E1,-4.721331940E0,2.883753204E0,-2.206112366E0
2.328417929E1,-6.417305145E0,9.689949646E0,-3.298690338E0
2.330407729E1,-1.010698242E1,1.163365768E1,-3.570075989E0
2.332397529E1,-7.853718109E0,5.036127319E0,2.736309814E-1
2.334387329E1,-5.229525146E0,3.521427155E0,-5.248984680E0
2.336377129E1,-9.804162140E0,8.195607147E0,-5.991889801E0
2.338366929E1,-1.255244705E1,7.224875793E0,-2.041903839E0
2.340356729E1,-6.057752838E0,4.132456512E0,-3.857478333E-1
2.342346529E1,-2.643802185E0,6.533613281E0,-4.591701508E0
2.344336329E1,-7.148235168E0,9.535171509E0,-4.725373535E0
2.346326229E1,-1.200338882E1,4.033661957E0,-4.418811035E0
2.348316029E1,-1.141092087E1,-5.275030518E-1,-4.133953400E0
2.350305829E1,-7.500752106E0,-8.333171082E-1,-4.121678925E0
2.352295629E1,-5.237159271E0,3.877237244E0,-6.577921143E0
2.354285429E1,-9.590107269E0,9.203760681E0,-2.763104095E0
2.356275229E1,-8.218958588E0,6.819518738E0,-1.046324158E0
2.358265029E1,-4.888683929E0,5.193599854E0,-4.200265503E0
2.360254829E1,-8.586444397E0,5.538632355E0,-6.955136719E0
2.362244629E1,-1.432236649E1,1.732796631E0,-4.042792969E0
2.364234429E1,-1.052835617E1,-8.768765259E-1,-2.152374115E0
2.366224229E1,-5.041366425E0,2.083816681E0,-2.344574432E0
2.368214029E1,-5.231770477E0,8.970695343E0,-5.889053650E0
2.370203829E1,-1.161719193E1,8.470285950E0,-6.158193970E0
2.372193729E1,-1.290960434E1,4.243675232E-1,-2.935545502E0
2.374183529E1,-6.971153412E0,-2.332000580E0,-3.793411560E0
2.376173329E1,-4.517755280E0,1.026714935E0,-3.666924591E0
2.378163129E1,-7.817194061E0,7.367978210E0,-3.202739868E0
2.380152929E1,-1.081575851E1,9.275910645E0,-3.632795563E0
2.382142729E1,-9.076824646E0,3.985761566E0,-4.733007660E0
2.384132529E1,-9.620793457E0,8.414002991E-1,-4.464316406E0
2.386122329E1,-9.396260376E0,1.490899658E-1,-2.501597900E0
2.388112129E1,-7.367828522E0,2.826272736E0,-3.932771759E0
2.390101929E1,-8.392747192E0,6.493496704E0,-4.059857483E0
2.392091729E1,-9.982142029E0,5.935457153E0,-3.868405609E0
2.394081529E1,-9.086404724E0,3.300037537E0,-3.374133453E0
2.396071329E1,-8.444240112E0,2.703378296E0,-3.645818481E0
2.398061229E1,-9.561816101E0,3.325035553E0,-4.519701233E0
2.400051029E1,-9.327403564E0,2.706222382E0,-3.300636292E0
2.402040804E1,-7.278913422E0,2.082768860E0,-3.279081116E0
2.404030604E1,-7.467521210E0,3.705843658E0,-5.397176514E0
2.406020404E1,-1.086261108E1,5.038222961E0,-5.034630432E0
2.408010204E1,-9.779912567E0,2.515968018E0,-2.686014404E0
2.410000004E1,-5.972130890E0,1.525627441E0,-1.845512238E0
2.411989804E1,-6.117927704E0,5.077890472E0,-3.620521088E0
2.413979604E1,-9.697134705E0,8.300988007E0,-3.727099457E0
2.415969404E1,-1.075678116E1,5.322182465E0,-3.065475311E0
2.417959204E1,-8.768615570E0,2.382595367E0,-4.012855225E0
2.419949004E1,-7.546556854E0,2.899919586E0,-4.256099396E0
2.421938804E1,-8.845256195E0,4.145778809E0,-4.186494141E0
2.423928704E1,-9.097481689E0,4.794380035E0,-2.033371582E0
2.425918504E1,-6.516249390E0,5.721551971E0,-1.558858337E0
2.427908304E1,-5.637426910E0,9.011410675E0,-3.162623291E0
2.429898104E1,-7.635621643E0,8.340356140E0,-2.230062561E0
2.431887904E1,-8.207731934E0,5.438490601E0,-2.023492126E0
2.433877704E1,-7.085365906E0,5.287304993E0,-4.680616608E0
2.435867504E1,-8.716074829E0,6.572981415E0,-5.350773010E0
2.437857304E1,-8.887767792E0,5.025499420E0,-2.983894958E0
2.439847104E1,-6.131848755E0,4.454436951E0,-3.023562469E0
2.441836904E1,-4.712051239E0,7.068900146E0,-3.584296417E0
2.443826704E1,-6.036047974E0,9.827064514E0,-3.512296143E0
2.445816504E1,-7.041507111E0,6.956633606E0,-2.302661591E0
2.447806304E1,-6.576124878E0,5.319937134E0,-2.215542755E0
2.449796104E1,-6.461463318E0,6.701264648E0,-4.145778809E0
2.451786004E1,-7.837252350E0,8.804989929E0,-3.369193726E0
2.453775804E1,-5.444627838E0,6.708000641E0,-1.735491028E0
2.455765604E1,-3.777394867E0,5.442232819E0,-1.730700989E0
2.457755404E1,-5.009931793E0,1.059287201E1,-3.362607422E0
2.459745204E1,-7.228468323E0,9.984986115E0,-3.370241547E0
2.461735004E1,-5.991141357E0,5.663023682E0,-9.316625977E-1
2.463724804E1,-4.461771698E0,6.610553284E0,-2.145338745E0
2.465714604E1,-4.439767456E0,1.165656006E1,-3.680546265E0
2.467704404E1,-4.908592529E0,8.910670166E0,-2.332898712E0
2.469694204E1,-4.384083252E0,5.653443604E0,-7.511380005E-1
2.471684004E1,-3.428919525E0,6.278094635E0,-1.843117218E0
2.473673804E1,-2.033521271E0,1.640573410E1,-1.613195343E0
2.475663604E1,-2.623145142E0,7.161258087E0,1.276844788E0
2.477653404E1,-2.142644348E0,4.756209412E0,1.397643585E0
2.479643304E1,-2.591111755E0,5.035977631E0,-3.791914673E0
2.481633104E1,-1.740879822E-1,1.276919632E1,-7.223977661E-1
2.483622904E1,-1.219514008E0,1.108579697E1,7.069798279E-1
2.485612704E1,5.008584595E-1,4.840035095E0,4.967420197E0
2.487602504E1,-1.833686829E-1,5.658982086E0,9.686357117E-1
2.489592304E1,-3.324586487E-1,5.320984955E0,-3.871549072E0
2.491582104E1,4.288132782E0,5.565726013E0,-6.435118103E-1
2.493571904E1,5.198838959E0,1.080542999E1,4.083358612E0
2.495561704E1,-1.151255951E0,1.505344620E1,4.601880341E0
2.497551504E1,-8.528514862E0,1.216595078E1,-1.088686066E0
2.499541304E1,-9.379345551E0,1.114327744E1,-3.601809998E0
2.501531104E1,-8.873547363E-1,7.290289764E0,1.113833771E0
2.503520929E1,6.780449982E0,1.142678787E1,8.972341919E-1
2.505510829E1,6.370153198E0,1.078716797E1,1.661993866E0
2.507500629E1,2.273921356E0,6.947352905E0,3.706442413E0
2.509490429E1,3.796105957E-1,9.989626465E0,-1.979333954E0
2.511480229E1,2.761756897E-1,1.261307098E1,9.108558655E-1
2.513470029E1,-1.850451965E0,1.035591476E1,1.771715698E0
2.515459829E1,-2.439776459E0,8.775501251E0,2.873873749E0
2.517449629E1,1.430874481E0,9.221573639E0,-4.595443726E-1
2.519439429E1,3.509601746E0,9.692494354E0,1.120270386E0
2.521429229E1,1.204395447E0,1.056368271E1,1.278491364E0
2.523419029E1,-1.922152863E0,1.092548035E1,8.089178467E-1
2.525408829E1,-2.700085144E0,1.053584061E1,-5.330415344E-1
2.527398629E1,-1.093775482E0,1.035262161E1,-3.906875610E-1
2.529388429E1,-2.150278473E0,9.575138397E0,7.676037598E-1
2.531378229E1,-4.999004517E0,7.886649628E0,5.532495117E-1
2.533368029E1,-5.129233704E0,4.037104797E0,1.611848145E0
2.535357929E1,3.318149872E0,6.192772064E0,7.396119690E-1
2.537347729E1,9.599238281E0,1.840497665E1,3.535647583E0
2.539337529E1,3.537294159E0,1.392000320E1,5.288652191E0
2.541327329E1,-9.328601074E-1,7.091503143E0,2.604583740E-1
2.543317129E1,-1.910177765E0,4.521048431E0,-2.783312073E0
2.545306929E1,-4.075874176E0,4.050876160E0,3.118016052E-1
2.547296729E1,-7.645950165E0,6.382128296E0,-1.545685730E0
2.549286529E1,-7.380402374E0,9.906399536E0,5.402265930E-1
2.551276329E1,-4.223467255E0,1.443777649E1,-3.412902832E-2
2.553266129E1,-4.995112610E-1,8.920100555E0,1.416953430E0
2.555255929E1,5.936654663E-1,5.249882812E0,7.360194397E-1
2.557245729E1,1.043180695E0,4.454586639E0,-1.401984558E0
2.559235529E1,3.773652649E-1,1.124117386E1,-2.275567932E0
2.561225329E1,-5.322781219E0,1.853056549E1,-7.264393616E-1
2.563215229E1,-7.083120575E0,4.910837860E0,3.972888336E0
2.565205029E1,-3.852688293E0,2.896776123E0,-1.050665131E0
2.567194829E1,-3.007845154E0,5.764213257E0,-3.980672150E0
2.569184629E1,-5.385051727E0,1.284074753E1,-1.037342834E-1
2.571174429E1,-4.965773621E0,1.142783569E1,-2.014959869E0
2.573164229E1,-4.102967834E0,6.178551636E0,-2.462529144E0
2.575154029E1,-5.614823914E0,5.478607178E0,-6.189628601E-1
2.577143829E1,-4.744384003E0,4.105063477E0,2.743794250E-1
2.579133629E1,-2.520758057E0,5.520070953E0,-2.999013519E0
2.581123429E1,-4.423601074E0,1.255828491E1,-3.380869446E0
2.583113229E1,-8.605005798E0,9.951455841E0,-1.565444641E0
2.585103029E1,-8.162376251E0,5.946534119E0,-1.419647827E0
2.587092829E1,-5.487887878E0,5.139562225E0,-1.953437805E0
2.589082629E1,-6.865622864E0,7.479196930E0,-7.731272736E0
2.591072529E1,-1.150971542E1,9.398805084E0,-4.337380371E0
2.593062329E1,-1.066367477E1,4.213587799E0,-3.366948395E0
2.595052129E1,-6.136339417E0,2.692451019E0,-4.729265442E0
2.597041929E1,-6.522835693E0,4.124822388E0,-2.502795410E0
2.599031729E1,-7.059918823E0,6.696923676E0,-2.027833099E0
2.601021529E1,-7.138804779E0,9.323361969E0,-5.591023407E0
2.603012092E1,-7.170389099E0,6.243666229E0,-4.446802826E0
2.605001892E1,-8.327033844E0,3.854185181E0,-3.692371674E0
2.606991692E1,-8.297994232E0,3.459006958E0,-3.933071136E0
2.608981492E1,-7.005581818E0,4.788392487E0,-4.458029480E0
2.610971292E1,-8.396639099E0,7.545808411E0,-4.637057190E0
2.612961092E1,-9.551337891E0,6.329886932E0,-4.656217346E0
2.614950892E1,-9.812694397E0,4.156706085E0,-4.959037628E0
2.616940692E1,-9.448202362E0,3.268303528E0,-5.381159821E0
2.618930492E1,-9.353299713E0,4.218527527E0,-4.415517883E0
2.620920392E1,-7.300917664E0,4.930596771E0,-2.503244476E0
2.622910192E1,-4.795128479E0,4.506828003E0,-4.195625153E0
2.624899992E1,-6.755302277E0,4.974156189E0,-5.972130890E0
2.626889792E1,-1.191881470E1,5.034480743E0,-4.001628571E0
2.628879592E1,-1.036968613E1,3.327131195E0,-1.884730682E0
2.630869392E1,-4.326602783E0,2.696492615E0,-1.789678345E0
2.632859192E1,-4.556374969E0,4.978497162E0,-6.016588440E0
2.634848992E1,-1.139864639E1,5.868546295E0,-3.566483459E0
2.636838792E1,-1.169443130E1,1.558858337E0,-3.360062714E0
2.638828592E1,-6.953340454E0,-4.364923096E-1,-3.507655792E0
2.640818392E1,-5.615572357E0,2.734962616E0,-5.006039886E0
2.642808192E1,-9.150172119E0,8.055049438E0,-1.460213470E0
2.644797992E1,-7.798183594E0,5.531447296E0,-1.726210327E0
2.646787792E1,-6.837182007E0,3.101101227E0,-5.523962860E0
2.648777692E1,-1.166209854E1,3.386407928E0,-5.360802155E0
2.650767492E1,-1.268522095E1,3.023712158E0,-4.358486481E0
2.652757292E1,-8.259374542E0,2.849025421E0,-3.159479828E0
2.654747092E1,-6.442452850E0,4.887037354E0,-4.548591156E0
2.656736892E1,-8.237669678E0,6.708449707E0,-2.764600983E0
2.658726692E1,-7.485483856E0,5.155578918E0,-2.293081512E0
2.660716492E1,-7.445067902E0,3.865411835E0,-4.128714294E0
2.662706292E1,-9.770631866E0,4.489164734E0,-5.201982422E0
2.664696092E1,-1.039288788E1,4.733307037E0,-4.227209473E0
2.666685892E1,-8.211623840E0,4.190386047E0,-2.237247620E0
2.668675692E1,-6.174060974E0,4.824766846E0,-3.130290527E0
2.670665492E1,-7.754175110E0,6.675069122E0,-1.899849243E0
2.672655292E1,-8.060438232E0,6.653813324E0,-2.188598785E0
2.674645092E1,-7.671247559E0,5.304219818E0,-4.912933502E0
2.676634992E1,-1.011282028E1,2.873125305E0,-4.614603882E0
2.678624792E1,-9.732161865E0,1.318009186E0,-2.478396149E0
2.680614592E1,-5.425168304E0,4.166735229E0,-2.087558899E0
2.682604392E1,-5.228477325E0,1.087967560E1,-3.880231018E0
2.684594192E1,-8.210126953E0,1.022763153E1,-4.142934723E0
2.686583992E1,-9.533973999E0,4.762346649E0,-2.171534271E0
2.688573792E1,-7.421117706E0,3.031346283E0,-3.402274933E0
2.690563592E1,-7.011569366E0,5.525609436E0,-3.374133453E0
2.692553392E1,-6.981332245E0,7.854167175E0,-2.114353180E0
2.694543192E1,-5.217999115E0,8.236172791E0,-3.206931152E0
2.696532992E1,-4.979544983E0,7.586823120E0,-3.715872803E0
2.698522792E1,-8.453221436E0,6.155948639E0,-2.971919861E0
2.700512592E1,-8.676856384E0,5.826184387E0,-2.301913147E0
2.702501621E1,-5.116809540E0,6.473887482E0,-2.538421326E0
2.704491421E1,-2.927312622E0,6.939718781E0,-5.100643158E0
2.706481321E1,-6.053411865E0,7.719447327E0,-3.510050812E0
2.708471121E1,-9.247918854E0,6.314768372E0,5.794450378E-1
2.710460921E1,-4.286336517E0,6.296656036E0,-1.119671631E0
2.712450721E1,-4.906796265E-1,1.346614700E1,-6.220314789E0
2.714440521E1,-5.703888702E0,9.779313812E0,-3.630849609E0
2.716430321E1,-1.064316742E1,4.415068817E0,1.362466736E0
2.718420121E1,-6.122568054E0,4.173022156E0,-1.001866608E0
2.720409921E1,-6.447093201E-1,1.126632156E1,-4.308789825E0
2.722399721E1,-3.043022003E0,1.389530457E1,-4.365671539E0
2.724389521E1,-7.547904053E0,4.517755280E0,3.830085297E0
2.726379321E1,-5.283113708E0,5.866450653E0,-5.087919617E-1
2.728369121E1,7.051835632E-1,1.371912094E1,-5.176086273E0
2.730358921E1,-1.575473785E0,9.030720520E0,-5.667514343E0
2.732348721E1,-7.433092804E0,2.987487488E0,1.422342224E0
2.734338621E1,-5.566175079E0,1.084464844E1,3.685036926E0
2.736328421E1,3.161575470E0,1.543859528E1,-2.566862183E0
2.738318221E1,7.590715027E-1,5.087171173E0,-2.827769623E0
2.740308021E1,-4.215833130E0,5.108726349E0,-1.179397430E0
2.742297821E1,-5.709277496E0,1.121737335E1,2.106569366E0
2.744287621E1,8.150550842E-1,1.294508057E1,2.899620209E0
2.746277421E1,4.297263794E0,5.465434570E0,9.744735718E-1
2.748267221E1,1.829944611E0,5.208568726E0,-7.012916565E-1
2.750257021E1,6.619235229E-1,5.163213043E0,-4.294569397E-1
2.752246821E1,3.306324463E0,6.063441010E0,1.473236389E0
2.754236621E1,3.552113342E0,9.104666748E0,3.092868347E0
2.756226421E1,-1.564097443E0,1.193049042E1,1.857487335E0
2.758216221E1,-5.637875977E0,1.515388733E1,-2.033371582E0
2.760206021E1,-8.153993683E0,1.348545685E1,-4.062701569E0
2.762195821E1,-8.507259064E0,9.017547913E0,-8.779243469E-1
2.764185721E1,3.113824768E0,9.962532806E0,5.175337830E0
2.766175521E1,7.001839600E0,9.460925903E0,1.718426514E0
2.768165321E1,3.991000671E0,7.155270538E0,1.200802917E0
2.770155121E1,4.773423615E0,1.035381912E1,-1.366658020E-1
2.772144921E1,1.977388000E0,1.272129593E1,2.931054840E0
2.774134721E1,-5.362897797E0,1.063553329E1,2.523901520E0
2.776124521E1,-5.611979828E0,7.811206512E0,1.925296326E0
2.778114321E1,2.747536469E0,9.137897644E0,3.436853027E-1
2.780104121E1,5.203030243E0,1.077055252E1,-1.660047913E-1
2.782093921E1,1.814227295E-1,1.005174728E1,7.631130981E-1
2.784083721E1,-1.510209503E0,1.005040009E1,1.213376770E0
2.786073521E1,-6.081852722E-1,1.073342972E1,1.470691681E0
2.788063321E1,-1.528321838E0,1.084165466E1,2.271226959E0
2.790053121E1,-4.685406647E0,9.329199829E0,1.134939880E0
2.792042921E1,-4.708009644E0,6.597380676E0,1.212478638E-2
2.794032821E1,-1.852996674E0,4.821174316E0,3.061733093E0
2.796022621E1,3.848946075E0,8.534053345E0,3.794609070E-1
2.798012421E1,7.888894958E0,1.654524399E1,5.116360474E0
2.800002221E1,5.144651642E0,1.443747711E1,4.792583771E0
2.801992021E1,3.977079620E0,8.472531281E0,1.231638794E0
2.803981829E1,2.197430420E-1,6.342760162E0,-1.162931671E0
2.805971629E1,-6.329138489E0,5.434449005E0,5.837860107E-3
2.807961429E1,-1.229318619E1,5.140310669E0,-2.243983612E0
2.809951229E1,-1.212643295E1,5.443430328E0,-1.352138214E0
2.811941029E1,-6.594237213E0,6.524182892E0,-8.839118958E-1
2.813930829E1,-8.099656677E-1,8.194259949E0,-1.103954315E0
2.815920629E1,4.252057800E0,1.159144547E1,8.021818542E-1
2.817910429E1,2.339035950E0,1.179951279E1,1.481020203E0
2.819900229E1,-8.167016602E-1,1.277129196E1,2.789299622E0
2.821890029E1,3.067121887E-1,1.015742752E1,3.620670776E0
2.823879929E1,-2.418969727E-1,6.957531738E0,1.770817566E-1
2.825869729E1,-3.965403900E0,6.369554443E0,-3.337609406E0
2.827859529E1,-1.030367340E1,6.413413239E0,-2.071542206E0
2.829849329E1,-9.628876648E0,5.674699402E0,-1.086291046E0
2.831839129E1,-4.457131348E0,8.280630341E0,-1.727856903E0
2.833828929E1,-3.033890991E0,1.051653076E1,-1.810784454E0
2.835818729E1,-2.940634918E0,8.022866364E0,2.549198914E-1
2.837808529E1,-1.447190552E0,5.394332428E0,-1.062340851E0
2.839798329E1,-4.641547852E0,7.982600098E0,-3.357967072E0
2.841788129E1,-9.845925293E0,1.004680756E1,-5.983058167E-1
2.843777929E1,-6.432723083E0,6.721921692E0,6.351292419E-1
2.845767729E1,-2.622995453E0,7.465275879E0,-3.395538940E0
2.847757529E1,-5.807024231E0,9.502838745E0,-6.459816742E0
2.849747329E1,-1.123503662E1,5.715265045E0,-5.397775269E0
2.851737129E1,-1.160686340E1,2.897524567E0,-3.495381317E0
2.853727029E1,-5.759123840E0,4.576582947E0,-2.241588593E0
2.855716829E1,-3.755989380E0,1.118159775E1,-5.163213043E0
2.857706629E1,-5.730682983E0,8.656049652E0,-4.773273926E0
2.859696429E1,-8.741821289E0,2.395917664E0,-3.197650452E0
2.861686229E1,-1.026714935E1,2.465373230E-1,-2.435734863E0
2.863676029E1,-9.689500580E0,3.195554810E0,-4.443509674E0
2.865665829E1,-9.508377228E0,8.418194275E0,-5.224136353E0
2.867655629E1,-8.638536072E0,9.025481415E0,-4.473297729E0
2.869645429E1,-7.476652222E0,7.695347443E0,-5.364544373E0
2.871635229E1,-8.604407043E0,5.219795380E0,-5.340444489E0
2.873625029E1,-8.776698761E0,2.137854309E0,-3.639381866E0
2.875614829E1,-6.887477417E0,1.432221680E0,-3.414998474E0
2.877604629E1,-4.995861053E0,4.738396454E0,-6.641688538E-1
2.879594429E1,-4.042643280E0,8.098010101E0,-5.428162079E0
2.881584229E1,-8.612190857E0,7.202422485E0,-6.347101135E0
2.883574129E1,-1.337783066E1,1.811083832E0,-2.779569855E0
2.885563929E1,-9.168733521E0,7.185058594E-3,-3.208278351E0
2.887553729E1,-5.642216949E0,4.054019623E0,-3.100502472E0
2.889543529E1,-8.354576569E0,1.042447220E1,-3.855233002E0
2.891533329E1,-1.079510147E1,8.226592712E0,-4.184997253E0
2.893523129E1,-1.011371841E1,2.784659271E0,-4.281845856E0
2.895512929E1,-8.513695679E0,3.113525391E-1,-4.866380310E0
2.897502729E1,-7.266339569E0,9.455836487E-1,-5.052144012E0
2.899492529E1,-7.749085693E0,3.564088440E0,-3.677552490E0
2.901482329E1,-8.161478119E0,6.850354614E0,-3.407064972E0
2.903472117E1,-7.702831879E0,7.960146790E0,-3.042123871E0
2.905461917E1,-7.695197754E0,6.081104279E0,-3.110381927E0
2.907451717E1,-9.021888885E0,4.139791260E0,-3.932622070E0
2.909441517E1,-1.051787796E1,3.942950592E0,-3.914659424E0
2.911431317E1,-8.586294708E0,3.707190857E0,-3.132535858E0
2.913421217E1,-6.115981750E0,3.558400269E0,-3.941304016E0
2.915411017E1,-6.812333679E0,5.754782867E0,-4.343667297E0
2.917400817E1,-1.077414505E1,7.639513550E0,-4.354444885E0
2.919390617E1,-1.083536774E1,4.212090912E0,-3.692072296E0
2.921380417E1,-7.652536469E0,7.658074951E-1,-3.699706421E0
2.923370217E1,-5.927224274E0,5.469625854E-1,-4.369563446E0
2.925360017E1,-8.539741516E0,6.075266418E0,-3.386407928E0
2.927349817E1,-9.652078400E0,8.518785095E0,-4.089495850E0
2.929339617E1,-6.932683411E0,6.304888916E0,-2.820135498E0
2.931329417E1,-5.795498199E0,4.762346649E0,-3.137625275E0
2.933319217E1,-7.203170929E0,6.629264374E0,-2.561024323E0
2.935309017E1,-9.259295197E0,7.196285248E0,-4.227658539E0
2.937298817E1,-8.320297852E0,4.789589996E0,-3.760480042E0
2.939288617E1,-6.921756134E0,3.078797607E0,-2.749632111E0
2.941278417E1,-5.247188416E0,4.055965576E0,-3.489992523E0
2.943268317E1,-6.608008575E0,9.215735779E0,-3.139720917E0
2.945258117E1,-8.379724274E0,9.610914001E0,-2.987637177E0
2.947247917E1,-6.507268066E0,7.063511353E0,-1.270408173E0
2.949237717E1,-4.593497772E0,6.704557800E0,-3.911366272E-1
2.951227517E1,-4.183650055E0,8.906927948E0,-2.370320892E0
2.953217317E1,-6.221661987E0,9.561367035E0,-3.833228760E0
2.955207117E1,-7.503296814E0,6.424041138E0,-4.334835663E0
2.957196917E1,-6.961723022E0,4.705165558E0,-5.821693726E0
2.959186717E1,-6.041436768E0,5.395080872E0,-5.277575226E0
2.961176517E1,-6.328988800E0,7.882907410E0,-3.551364899E0
2.963166317E1,-5.969885559E0,9.917027435E0,-1.173409882E0
2.965156117E1,-4.101770325E0,8.223000183E0,5.959107971E-1
2.967145917E1,-2.763553162E0,7.976762238E0,-5.722599792E-1
2.969135717E1,-3.454216919E0,1.213391739E1,-1.761237488E0
2.971125517E1,-5.442831573E0,9.297016754E0,1.254541168E0
2.973115417E1,-2.737507324E0,7.866291962E0,-1.419049072E-1
2.975105217E1,7.903564453E-1,1.112696136E1,-4.560117188E0
2.977095017E1,-3.060385895E0,8.292006683E0,-2.362237701E0
2.979084817E1,-6.464008026E0,6.048322449E0,3.992198181E-1
2.981074617E1,-4.069886627E0,7.925419006E0,1.307830353E0
2.983064417E1,5.748046875E-1,1.251876709E1,-1.916764069E0
2.985054217E1,-5.269042969E-2,1.031564850E1,-1.384021912E0
2.987044017E1,-3.166814575E0,6.430477753E0,2.148631897E0
2.989033817E1,-2.248025208E0,6.966662750E0,1.136137390E-1
2.991023617E1,1.069974976E0,8.828191681E0,1.856140137E-2
2.993013417E1,1.929936676E0,7.345674591E0,-4.748126221E-1
2.995003217E1,1.370849304E0,6.454877014E0,-1.248553619E0
2.996993017E1,1.135987701E0,6.976991272E0,-5.301974487E-1
2.998982817E1,2.384541321E0,7.267836456E0,3.337459717E0
3.000972617E1,3.675456848E0,7.869435425E0,4.066144409E0
3.002962508E1,1.127156067E0,8.992100830E0,2.940185852E0
3.004952308E1,-3.381019135E0,1.819930435E1,-1.015787659E0
3.006942108E1,-8.926986237E0,1.649210449E1,-4.523742828E0
3.008931908E1,-6.790030060E0,6.289920044E0,1.619332581E0
3.010921708E1,4.395459595E0,5.591622162E0,1.966011658E0
3.012911508E1,1.017404297E1,1.141556122E1,3.407364349E0
3.014901308E1,3.075205078E0,9.905800781E0,1.022972717E0
3.016891108E1,7.334747314E-2,9.766141205E0,-2.227368164E-1
3.018880908E1,-4.080514526E-1,1.151660110E1,3.203338623E0
3.020870708E1,-8.557704163E-1,9.867929535E0,3.030747528E0
3.022860508E1,3.022215271E-1,7.621101837E0,2.603685608E0
3.024850308E1,2.677631836E0,8.926387482E0,-2.247276764E0
3.026840108E1,3.637735291E0,1.085153412E1,1.740879822E-1
3.028829908E1,1.074765015E0,1.017778519E1,3.523672485E0
3.030819708E1,-2.837499390E0,1.077983322E1,4.627626801E0
3.032809508E1,-2.321821747E0,9.311536560E0,2.534379730E0
3.034799408E1,1.610201569E0,8.612939301E0,4.453239441E-1
3.036789208E1,4.688400421E0,1.028735733E1,1.694476318E-1
3.038779008E1,4.267625427E-1,1.141002274E1,2.148033142E0
3.040768808E1,-3.482657776E0,9.641151123E0,1.458117828E0
3.042758608E1,-3.041525116E0,7.863896942E0,6.062393188E-2
3.044748408E1,-2.829116821E-1,8.356672211E0,-6.080355835E-1
3.046738208E1,1.743873596E-1,1.052102142E1,2.443069611E0
3.048728008E1,-2.283351746E0,1.030052994E1,2.396067352E0
3.050717808E1,-4.309388580E0,7.135212250E0,1.357676697E0
3.052707608E1,-3.337459717E0,3.623215485E0,1.925446014E0
3.054697408E1,7.521858215E-1,6.142326965E0,-1.598076782E0
3.056687208E1,3.345393219E0,1.226968506E1,1.871258698E0
3.058677008E1,-3.710783386E-1,1.288954605E1,3.361260223E0
3.060666808E1,-9.313632202E-1,8.635392609E0,2.530487823E0
3.062656608E1,2.161355438E0,1.056488022E1,2.484234009E0
3.064646408E1,-2.395019531E-3,1.270917114E1,1.491797791E0
3.066636308E1,-4.238885193E0,9.185049591E0,1.325942688E0
3.068626108E1,-4.996010742E0,6.030509491E0,-1.850152588E-1
3.070615908E1,-3.375031586E0,5.049000549E0,-2.350112915E-1
3.072605708E1,-2.323019257E0,6.985972595E0,1.933978271E-1
3.074595508E1,-3.243455200E0,8.638835449E0,-3.563489685E0
3.076585308E1,-5.623655548E0,7.819439392E0,-2.085463257E0
3.078575108E1,-5.583089905E0,6.272256775E0,-1.051862640E0
3.080564908E1,-2.497406616E0,7.971373444E0,6.526428223E-2
3.082554708E1,-1.077758789E0,1.265213974E1,-9.996212769E-1
3.084544508E1,-4.408033447E0,1.016431320E1,-9.566606140E-1
3.086534308E1,-6.070027313E0,7.150330811E0,-6.593788147E-1
3.088524108E1,-6.276597748E0,8.021668854E0,-1.023272095E0
3.090513908E1,-5.370082855E0,9.953551483E0,-1.122366028E0
3.092503708E1,-4.914131012E0,7.592361603E0,-1.819167023E0
3.094493508E1,-4.429139557E0,6.379583588E0,-3.794758759E0
3.096483408E1,-6.301296387E0,8.881181488E0,-3.495830383E0
3.098473208E1,-7.790549469E0,7.736811218E0,-3.664828949E0
3.100463008E1,-7.013665009E0,5.833369446E0,-8.816665649E-1
3.102452842E1,-4.204905853E0,5.935457153E0,-4.477489014E0
3.104442642E1,-5.306016083E0,9.741292877E0,-3.409010925E0
3.106432442E1,-8.983718262E0,1.057101746E1,-2.852917328E0
3.108422242E1,-8.609197083E0,5.799839172E0,-2.953358459E0
3.110412042E1,-7.429799652E0,2.748733978E0,-4.596491547E0
3.112401842E1,-7.324119415E0,2.105671234E0,-4.982239380E0
3.114391642E1,-8.190817108E0,5.776038666E0,-4.243525543E0
3.116381442E1,-9.590556335E0,1.041129959E1,-2.330803070E0
3.118371242E1,-6.591692505E0,6.800208893E0,-1.827998657E0
3.120361042E1,-4.133504333E0,3.203638000E0,-3.510799255E0
3.122350842E1,-5.413193207E0,4.600682831E0,-6.868466949E0
3.124340642E1,-1.356374405E1,6.853049011E0,-4.117936707E0
3.126330542E1,-1.272863068E1,2.360591125E0,-3.992497559E0
3.128320342E1,-5.887257385E0,-3.306623840E-1,-2.420017548E0
3.130310142E1,-3.111280060E0,2.728376312E0,-5.943390656E0
3.132299942E1,-7.330256653E0,9.674082642E0,-3.450923767E0
3.134289742E1,-1.151794830E1,8.186027069E0,-4.194128265E0
3.136279542E1,-9.356592865E0,2.461481323E0,-3.708538055E0
3.138269342E1,-7.484735413E0,9.919871521E-1,-3.845652924E0
3.140259142E1,-7.757318573E0,4.276906128E0,-5.080135803E0
3.142248942E1,-9.219028931E0,6.447542267E0,-4.082460480E0
3.144238742E1,-8.702153778E0,5.239105225E0,-3.253035278E0
3.146228542E1,-6.787485352E0,5.398823090E0,-3.437601471E0
3.148218342E1,-7.472910004E0,5.788911896E0,-5.140610046E0
3.150208142E1,-1.054856415E1,4.519102478E0,-4.141587524E0
3.152197942E1,-9.978848877E0,2.285297699E0,-4.007915497E0
3.154187742E1,-7.932604065E0,1.983974304E0,-4.785847778E0
3.156177642E1,-8.236621857E0,4.194577332E0,-2.492317200E0
3.158167442E1,-7.982151031E0,6.841073914E0,-3.490591278E0
3.160157242E1,-8.646020508E0,8.095914459E0,-4.804858246E0
3.162147042E1,-1.009800110E1,4.430337067E0,-3.770209808E0
3.164136842E1,-9.244476013E0,1.116827545E0,-3.620970154E0
3.166126642E1,-7.209008789E0,8.069718933E-1,-3.679049377E0
3.168116442E1,-7.238347778E0,4.962929535E0,-6.053411865E0
3.170106242E1,-1.011042526E1,8.772657166E0,-2.773282928E0
3.172096042E1,-7.603887634E0,4.896318054E0,-2.341281281E0
3.174085842E1,-6.088139648E0,1.879790955E0,-3.015179901E0
3.176075642E1,-7.195836182E0,2.134710846E0,-3.004102936E0
3.178065442E1,-8.859776001E0,6.530769196E0,-4.267176361E0
3.180055242E1,-1.031939072E1,8.145611115E0,-3.960015106E0
3.182045042E1,-8.109985199E0,4.771627350E0,-2.708168335E0
3.184034842E1,-5.856870575E0,4.419409790E0,-3.234324188E0
3.186024642E1,-5.290298767E0,7.490573273E0,-2.693349152E0
3.188014542E1,-6.553222504E0,9.619595947E0,-4.222718811E0
3.190004342E1,-8.491691437E0,6.113287354E0,-1.825453949E0
3.191994142E1,-7.633076935E0,3.270548859E0,-2.247576141E0
3.193983942E1,-5.491630096E0,4.293820953E0,-2.892734528E0
3.195973742E1,-5.633385315E0,9.743538208E0,-3.865711212E0
3.197963542E1,-7.911947021E0,1.049377808E1,-3.786525879E0
3.199953342E1,-7.474855957E0,5.694158936E0,-2.737207947E0
3.201943142E1,-5.783822479E0,4.826413422E0,-3.431763611E0
3.203932867E1,-5.351970520E0,7.729626160E0,-2.631078644E0
3.205922667E1,-5.545218658E0,9.368567963E0,-2.402054901E0
3.207912467E1,-5.990542603E0,7.789501648E0,-2.957549744E0
3.209902267E1,-6.029012604E0,6.960824890E0,-3.911515961E0
3.211892067E1,-7.157066803E0,7.796986084E0,-3.128943329E0
3.213881867E1,-6.576424255E0,8.333171082E0,-4.499642944E-1
3.215871667E1,-2.940335541E0,8.633746033E0,2.902464294E-1
3.217861567E1,-5.981561279E-1,9.586963806E0,-1.582060089E0
3.219851367E1,-3.501967621E0,9.034911804E0,-1.263672180E0
3.221841167E1,-7.051087189E0,8.464747467E0,-1.434616699E0
3.223830967E1,-5.598358154E0,9.134903870E0,-2.796035614E0
3.225820767E1,-3.275189209E0,8.715625763E0,-2.355501709E0
3.227810567E1,-3.475323029E0,7.092850342E0,-1.659598846E0
3.229800367E1,-3.006048889E0,7.774083710E0,-2.881507874E-1
3.231790167E1,-2.112856293E0,9.967023468E0,-6.262976074E-1
3.233779967E1,-2.235601044E0,9.188043365E0,-3.115022278E-1
3.235769767E1,-2.622546387E0,8.972341919E0,-3.727249146E-2
3.237759567E1,-1.540147247E0,1.019709503E1,-9.792636108E-1
3.239749367E1,-6.328839111E-1,7.529342651E0,-5.737568665E-1
3.241739167E1,-2.731819153E-1,6.862479401E0,-6.086343384E-1
3.243728967E1,1.558259583E-1,9.468110962E0,1.816472626E0
3.245718767E1,2.070195007E0,9.079219666E0,1.528621216E0
3.247708567E1,4.410129089E0,5.268444214E0,-1.163081360E-1
3.249698467E1,6.172414398E0,3.090772705E0,8.457412720E-1
3.251688267E1,3.680246887E0,5.914500732E0,4.505780182E0
3.253678067E1,-2.919828186E0,1.626622421E1,1.693727875E0
3.255667867E1,-1.025547363E1,2.153511749E1,-4.584516449E0
3.257657667E1,-1.450588486E1,1.015203873E1,-5.615572357E0
3.259647467E1,-1.189875641E0,1.922452240E0,6.511309662E0
3.261637267E1,1.455722809E1,7.615114288E0,-2.080673218E0
3.263627067E1,9.702673187E0,1.427925613E1,4.033961334E0
3.265616867E1,-4.885241089E0,9.373507690E0,-3.175795898E0
3.267606667E1,-1.664837952E0,6.857090607E0,4.700225830E0
3.269596467E1,6.255341949E0,1.203332657E1,4.004921722E0
3.271586267E1,2.100282440E0,1.174577454E1,1.432071991E0
3.273576067E1,-6.292913818E-1,8.021968231E0,-6.735992432E-1
3.275565867E1,1.483115845E0,7.455995178E0,-2.586621094E-1
3.277555667E1,5.252577209E-1,1.077893509E1,9.828561401E-1
3.279545467E1,-5.315446472E-1,1.221220459E1,2.054926758E0
3.281535367E1,-1.485061798E0,9.897717590E0,8.875044250E-1
3.283525167E1,1.144220581E0,8.538843384E0,-2.215393066E-1
3.285514967E1,4.416266327E0,1.040815613E1,6.451583862E-1
3.287504767E1,2.105970612E0,1.101589233E1,2.269730072E0
3.289494567E1,-2.968926086E0,1.079105988E1,1.884580994E0
3.291484367E1,-4.031416626E0,9.370513916E0,-2.407443695E0
3.293474167E1,-1.478924561E-1,9.526788940E0,-1.862127686E0
3.295463967E1,6.619235229E-1,1.036250107E1,1.626367950E0
3.297453767E1,-3.330274658E0,1.024200165E1,1.958676910E0
3.299443567E1,-6.294859772E0,7.036417694E0,1.337468719E0
3.301433367E1,-2.930905151E-1,4.662653961E0,6.057902527E-1
3.303423158E1,9.090296631E0,9.932595062E0,-7.728428650E-1
3.305412958E1,7.135062561E0,1.647249527E1,4.999154205E0
3.307402758E1,1.546883240E0,1.250409760E1,3.159629517E0
3.309392558E1,2.430795135E0,7.572902069E0,-8.737330627E-1
3.311382358E1,-1.473086700E0,5.758225708E0,-2.691552887E0
3.313372158E1,-7.842641144E0,5.096601562E0,7.920030212E-1
3.315362058E1,-1.031759445E1,7.515720978E0,-7.698490906E-1
3.317351858E1,-5.566175079E0,9.668095093E0,-1.703008575E0
3.319341658E1,-7.635621643E-1,1.055051010E1,7.277865601E-1
3.321331458E1,1.028810577E0,9.314979401E0,2.190095673E0
3.323321258E1,2.063908081E0,8.045469360E0,1.451830902E0
3.325311058E1,2.337389374E0,9.147477722E0,-4.261637878E-1
3.327300858E1,1.577120361E0,1.369517075E1,1.034349060E-1
3.329290658E1,-2.618205414E0,1.085752167E1,3.104394379E0
3.331280458E1,-5.803431702E0,5.946683807E0,2.195933533E-1
3.333270258E1,-5.121000824E0,3.064277802E0,-2.566862183E0
3.335260058E1,-4.065096588E0,4.457730103E0,-2.725532227E0
3.337249858E1,-4.989873505E0,1.281709671E1,-1.446142731E0
3.339239658E1,-3.608096924E0,1.537572601E1,-1.180145874E0
3.341229458E1,-2.410736847E0,6.717431030E0,1.095721436E0
3.343219258E1,-3.125500488E0,4.720882874E0,-5.292993164E-1
3.345209158E1,-4.334536285E0,5.249134369E0,-2.369572449E-1
3.347198958E1,-3.299887848E0,8.482111359E0,-2.493814087E0
3.349188758E1,-4.422403564E0,1.458087891E1,-3.450175323E0
3.351178558E1,-8.143515472E0,8.814270630E0,-4.305047607E0
3.353168358E1,-9.150321808E0,4.274810486E0,-2.088906097E0
3.355158158E1,-6.303541718E0,3.721411285E0,-2.746937714E0
3.357147958E1,-4.378245392E0,6.614894257E0,-4.407135315E0
3.359137758E1,-6.311475220E0,8.601113892E0,-3.514541473E0
3.361127558E1,-8.763376465E0,8.725056152E0,-2.966531067E0
3.363117358E1,-8.596174164E0,7.540120239E0,-3.270099792E0
3.365107158E1,-8.310268707E0,7.285200348E0,-2.915936279E0
3.367096958E1,-8.360264740E0,5.242398376E0,-2.004331970E0
3.369086758E1,-6.118975525E0,4.548591156E0,-1.828896790E0
3.371076558E1,-5.501210175E0,5.804629211E0,-4.542603607E0
3.373066358E1,-7.385641479E0,8.029752045E0,-5.095703430E0
3.375056158E1,-1.024260040E1,6.993906097E0,-4.860243073E0
3.377045958E1,-1.062759979E1,4.029919739E0,-4.159999237E0
3.379035858E1,-7.012168121E0,2.231260071E0,-3.212170258E0
3.381025658E1,-3.378624115E0,2.663411407E0,-5.629792786E0
3.383015458E1,-5.981710968E0,5.124743042E0,-5.738317108E0
3.385005258E1,-1.122246277E1,6.190975800E0,-3.187770996E0
3.386995058E1,-1.026759842E1,5.541177063E0,-3.301684113E0
3.388984858E1,-5.888155518E0,6.531218262E0,-2.721490631E0
3.390974658E1,-4.991669769E0,6.856342163E0,-4.967270508E0
3.392964458E1,-8.252638550E0,4.851710815E0,-3.927233276E0
3.394954258E1,-1.061607376E1,2.804567871E0,-3.793860626E0
3.396944058E1,-9.651030579E0,3.704496460E0,-4.017944641E0
3.398933858E1,-7.302115173E0,5.489983521E0,-3.326831818E0
3.400923658E1,-5.903872833E0,5.421575775E0,-3.902235260E0
3.402913542E1,-7.624694366E0,4.599784698E0,-3.880829773E0
3.404903342E1,-9.184600525E0,3.461851044E0,-2.766097870E0
3.406893142E1,-7.443271637E0,3.140319672E0,-4.615202637E0
3.408882942E1,-8.792715454E0,4.547543335E0,-4.739444275E0
3.410872842E1,-9.561217346E0,4.048930206E0,-1.713935852E0
3.412862642E1,-5.756429443E0,4.264931030E0,-9.686357117E-1
3.414852442E1,-3.854783936E0,6.757098541E0,-1.932930450E0
3.416842242E1,-7.169341278E0,8.077802124E0,-5.625751190E0
3.418832042E1,-1.355326584E1,5.172044678E0,-5.316194916E0
3.420821842E1,-1.322904007E1,3.625460815E-1,-4.311334534E0
3.422811642E1,-7.364834747E0,-1.425036621E-1,-3.352578278E0
3.424801442E1,-4.586163025E0,3.046764221E0,-3.860472107E0
3.426791242E1,-6.853498077E0,8.447533264E0,-3.370391235E0
3.428781042E1,-1.029888336E1,9.390422516E0,-3.585643616E0
3.430770842E1,-9.994266815E0,5.076992340E0,-3.042572937E0
3.432760642E1,-8.009095001E0,2.246528320E0,-3.251239014E0
3.434750442E1,-7.245981903E0,2.820734253E0,-4.028572540E0
3.436740242E1,-9.199719086E0,4.726870422E0,-3.163222046E0
3.438730042E1,-8.644673309E0,5.260660400E0,-3.056493988E0
3.440719942E1,-6.555318146E0,4.571194153E0,-3.786525879E0
3.442709742E1,-7.700137482E0,5.359454956E0,-4.094285889E0
3.444699542E1,-1.008916946E1,5.271887054E0,-3.330274658E0
3.446689342E1,-8.624615021E0,3.234174500E0,-2.648143158E0
3.448679142E1,-6.431974640E0,2.928210754E0,-3.103645935E0
3.450668942E1,-6.972350922E0,4.630470886E0,-3.392994232E0
3.452658742E1,-9.025032349E0,6.375841370E0,-3.169359283E0
3.454648542E1,-8.903036041E0,6.695576477E0,-2.359094238E0
3.456638342E1,-6.433770905E0,5.696853333E0,-2.992127838E0
3.458628142E1,-6.451134796E0,4.075275421E0,-3.135230255E0
3.460617942E1,-8.315956879E0,3.524720306E0,-3.318299561E0
3.462607742E1,-9.026080170E0,5.992488556E0,-3.263962555E0
3.464597542E1,-7.719447327E0,7.413782959E0,-3.441194000E0
3.466587342E1,-6.536457367E0,5.974675598E0,-2.741698608E0
3.468577142E1,-7.076683960E0,4.966072998E0,-3.197500763E0
3.470566942E1,-7.708819427E0,7.375911713E0,-2.813998260E0
3.472556742E1,-7.250322876E0,8.512647858E0,-2.999761963E0
3.474546642E1,-6.650669861E0,5.969885559E0,-2.311193848E0
3.476536442E1,-6.761140137E0,3.977678375E0,-2.161954193E0
3.478526242E1,-6.106401672E0,5.305716705E0,-3.966601410E0
3.480516042E1,-7.330106964E0,9.902208252E0,-3.885170746E0
3.482505842E1,-8.596623230E0,8.556356964E0,-2.414029999E0
3.484495642E1,-6.499334564E0,5.246290283E0,-8.649014282E-1
3.486485442E1,-3.363804932E0,4.300407257E0,-2.318827972E0
3.488475242E1,-4.201013947E0,7.800728302E0,-3.560495911E0
3.490465042E1,-8.600215759E0,1.014126114E1,-2.794688416E0
3.492454842E1,-8.301886139E0,7.401508484E0,-1.218615875E0
3.494444642E1,-4.517006836E0,5.699098663E0,-1.597028961E0
3.496434442E1,-3.057242432E0,6.713539124E0,-4.052522736E0
3.498424242E1,-5.974974976E0,8.442593536E0,-4.224066010E0
3.500414042E1,-9.597442017E0,6.474635925E0,-2.683469696E0
3.502403842E1,-8.606502686E0,4.414320374E0,-2.333198090E0
3.504393629E1,-4.006418610E0,5.627397766E0,-2.099384308E0
3.506383529E1,-2.056723022E0,9.622589722E0,-3.703897705E0
3.508373329E1,-4.832251282E0,1.094883179E1,-3.555705872E0
3.510363129E1,-8.317004700E0,6.657555542E0,-9.490264893E-1
3.512352929E1,-6.311624908E0,5.279072113E0,-2.162103882E0
3.514342729E1,-3.495980072E0,7.557334442E0,-1.950294342E0
3.516332529E1,-3.510350189E0,1.234542755E1,-3.867657166E0
3.518322329E1,-5.821094971E0,9.363328857E0,-2.658771057E0
3.520312129E1,-6.043981476E0,5.929170227E0,-5.101391602E-1
3.522301929E1,-3.313659210E0,6.605314178E0,-7.632627869E-1
3.524291729E1,-1.793420563E0,1.211341003E1,-1.988315277E0
3.526281529E1,-3.795507202E0,1.068133804E1,-3.741918640E0
3.528271329E1,-6.599027252E0,6.007906494E0,-9.765692139E-1
3.530261129E1,-6.696773987E0,5.864804077E0,-1.596130829E0
3.532250929E1,-2.560425568E0,1.125120300E1,-7.896080017E-1
3.534240729E1,-7.170089722E-1,1.115974319E1,-2.746937714E0
3.536230529E1,-3.081342316E0,7.173083496E0,-2.811154175E-1
3.538220429E1,-4.924160156E0,7.047045593E0,-8.930429077E-1
3.540210229E1,-3.371439056E0,1.103954315E1,-1.041534119E0
3.542200029E1,-2.235151978E0,1.034917877E1,-1.756297760E0
3.544189829E1,-3.380420380E0,7.032376099E0,-6.601272583E-2
3.546179629E1,-3.614084473E0,7.076234894E0,-1.470392303E0
3.548169429E1,-8.181985474E-1,1.217822525E1,5.403762817E-2
3.550159229E1,-6.529421997E-1,1.090751770E1,-2.912942505E-1
3.552149029E1,-2.152374115E0,6.976991272E0,1.127156067E-1
3.554138829E1,-1.941462708E0,7.797135773E0,-5.771997070E-1
3.556128629E1,-1.449435883E0,1.055874298E1,-3.070115662E-1
3.558118429E1,-1.613045654E0,9.622739410E0,-3.680845642E-1
3.560108229E1,-1.667083282E0,7.835156708E0,5.791456604E-1
3.562098029E1,1.817221069E-1,8.295150146E0,-7.499404907E-2
3.564087829E1,1.504671021E0,9.085805969E0,2.046993256E0
3.566077629E1,2.258952484E0,9.782906342E0,2.520458679E0
3.568067429E1,1.373394012E0,8.942853241E0,4.246669006E-1
3.570057229E1,8.967851257E-1,7.788004761E0,-7.722441101E-1
3.572047129E1,1.508562927E0,7.647596741E0,-7.557783508E-1
3.574036929E1,3.364852753E0,9.205407257E0,2.892285461E0
3.576026729E1,-7.159611511E-1,1.142903320E1,1.935475159E0
3.578016529E1,-5.595065002E0,1.623583740E1,2.429447937E-1
3.580006329E1,-8.857380981E0,1.354697891E1,-1.929637299E0
3.581996129E1,-3.180885315E-1,5.551954651E0,2.911744995E0
3.583985929E1,9.722282410E0,7.374714203E0,1.717079315E0
3.585975729E1,5.450465698E0,1.108415039E1,3.998634796E0
3.587965529E1,-2.035766602E-2,1.016266663E1,1.396595764E0
3.589955329E1,1.130598907E0,8.777746582E0,1.795366516E0
3.591945129E1,1.006956024E0,9.148824921E0,2.744692383E0
3.593934929E1,-1.293310547E0,1.131362320E1,1.881437531E0
3.595924729E1,-3.974235535E-1,9.908195801E0,2.199076996E0
3.597914529E1,1.833986206E0,8.149503021E0,1.541344757E0
3.599904329E1,2.950214996E0,9.838440857E0,1.092577972E0
3.601894129E1,1.886077881E0,1.074750046E1,2.332150269E-1
3.603883979E1,5.656736755E-1,1.044018951E1,2.175575867E0
3.605873779E1,-2.836451569E0,1.058389069E1,2.437531128E0
3.607863579E1,-3.651656342E0,9.868378601E0,1.806293793E0
3.609853379E1,-4.778063965E-1,9.153614960E0,-1.714983673E0
3.611843179E1,5.240602112E-1,9.765542450E0,-9.044192505E-1
3.613832979E1,-3.364403687E0,8.981173553E0,1.799258423E0
3.615822779E1,-5.666017456E0,5.354365540E0,3.565285950E0
3.617812579E1,1.144370270E0,5.726342010E0,-8.062234497E-1
3.619802379E1,1.063523392E1,1.566208054E1,3.566034393E0
3.621792179E1,8.479716339E0,1.801069656E1,6.920109558E0
3.623781979E1,3.519481201E0,9.694440308E0,1.626367950E0
3.625771779E1,1.405577087E-1,5.626948700E0,-2.745590515E0
3.627761579E1,-5.456902313E0,5.645959167E0,-2.030976563E0
3.629751379E1,-1.199650314E1,7.519762573E0,-5.956114197E-1
3.631741179E1,-1.113175140E1,8.058941345E0,7.020401001E-1
3.633730979E1,-2.272574158E0,9.035360870E0,8.722361755E-1
3.635720879E1,3.243604889E0,9.882299652E0,-2.234852600E-1
3.637710679E1,1.967508545E0,8.444838867E0,1.638492737E0
3.639700479E1,3.622467041E-1,8.397836609E0,9.624984741E-1
3.641690279E1,1.655557251E0,1.192225754E1,5.450166321E-1
3.643680079E1,-1.603764954E0,1.212763046E1,7.316784668E-1
3.645669879E1,-5.733377380E0,7.157515869E0,2.273771667E0
3.647659679E1,-5.572312317E0,3.994593201E0,5.749543762E-1
3.649649479E1,-2.898722076E0,7.009623413E0,1.341210938E-1
3.651639279E1,-3.041225739E0,1.304821609E1,-7.482939148E-1
3.653629079E1,-4.984335022E0,9.848170624E0,1.006057892E0
3.655618879E1,-4.198169861E0,4.412973175E0,2.256707153E0
3.657608679E1,-2.142494659E0,3.747307434E0,-1.585353241E0
3.659598479E1,-1.919009399E0,1.151899612E1,2.477348328E-1
3.661588279E1,-5.349126434E0,1.565893707E1,-1.555415497E0
3.663578079E1,-5.582491150E0,6.954238586E0,-1.456471252E0
3.665567879E1,-5.602250061E0,2.951711884E0,-5.050647125E0
3.667557679E1,-7.650889893E0,3.317700806E0,-4.279001770E0
3.669547579E1,-7.054080963E0,6.139033813E0,-2.793790283E0
3.671537379E1,-3.815565491E0,8.639883270E0,-3.544329529E0
3.673527179E1,-4.737198944E0,1.188887695E1,-1.036893768E0
3.675516979E1,-5.368286591E0,1.060514648E1,-1.523831177E-1
3.677506779E1,-3.475622406E0,7.894732819E0,-7.466473389E-1
3.679496579E1,-5.986051941E0,9.343869324E0,-5.603297882E0
3.681486379E1,-1.110196335E1,8.574918365E0,-4.616998901E0
3.683476179E1,-1.169592819E1,3.384611664E0,-2.477947083E0
3.685465979E1,-6.588249664E0,8.202941895E-2,-2.500250702E0
3.687455779E1,-2.967578888E0,2.988385620E0,-4.318220215E0
3.689445579E1,-5.709876251E0,1.150178192E1,-3.198698273E0
3.691435379E1,-1.044722488E1,1.448522781E1,-3.132386169E0
3.693425179E1,-8.087082825E0,6.305637360E0,-1.660646667E0
3.695414979E1,-7.302115173E0,3.484304352E0,-5.477559357E0
3.697404779E1,-9.864187317E0,4.328249359E0,-5.034031677E0
3.699394579E1,-1.178648987E1,5.080285492E0,-3.410058746E0
3.701384479E1,-7.759563904E0,4.027524719E0,-1.400787048E0
3.703374304E1,-3.404520264E0,6.462062073E0,-1.761536865E0
3.705364104E1,-3.399281158E0,8.871451721E0,-1.743574219E0
3.707353904E1,-6.203849030E0,6.289620667E0,-2.467019806E0
3.709343704E1,-1.002375549E1,2.498155060E0,-4.601880341E0
3.711333504E1,-1.193707672E1,1.199755096E0,-3.432212677E0
3.713323304E1,-9.331744537E0,4.016896820E0,-2.766397247E0
3.715313104E1,-5.677094421E0,8.160130920E0,-3.029250641E0
3.717302904E1,-6.284082184E0,9.547745361E0,-3.955524445E0
3.719292704E1,-9.920769653E0,6.525829468E0,-1.719923401E0
3.721282504E1,-9.543853455E0,3.573818207E0,-2.905757446E0
3.723272304E1,-8.277337189E0,2.597099304E0,-4.931794281E0
3.725262104E1,-9.818681946E0,4.473447418E0,-4.603975983E0
3.727251904E1,-1.045201492E1,6.620881805E0,-2.637814636E0
3.729241704E1,-6.937772827E0,7.079078979E0,-2.347119141E0
3.731231504E1,-4.914879456E0,6.383026428E0,-3.979624329E0
3.733221304E1,-8.376880188E0,4.591851196E0,-4.947361908E0
3.735211204E1,-1.265752853E1,3.178190918E0,-3.262315979E0
3.737201004E1,-9.084608459E0,3.361260223E0,-8.933422852E-1
3.739190804E1,-3.737727356E0,5.636079712E0,-6.798861694E-1
3.741180604E1,-3.993096313E0,1.010219238E1,-3.000660095E0
3.743170404E1,-8.266409912E0,1.097338074E1,-3.276087341E0
3.745160204E1,-1.124027573E1,6.938072205E0,-1.990560608E0
3.747150004E1,-8.039032745E0,2.568658447E0,-3.752097473E0
3.749139804E1,-6.080505524E0,2.523153076E0,-4.571044464E0
3.751129604E1,-6.815776520E0,6.155649261E0,-2.903212738E0
3.753119404E1,-7.367828522E0,9.371561737E0,-2.842139740E0
3.755109204E1,-7.305258636E0,8.535999298E0,-2.868634644E0
3.757099004E1,-6.415059814E0,6.722071381E0,-2.552941132E0
3.759088804E1,-6.508914642E0,6.621779938E0,-3.153641968E0
3.761078604E1,-7.527845764E0,7.046446838E0,-1.995350647E0
3.763068404E1,-7.119195557E0,6.176455994E0,-2.801574097E0
3.765058204E1,-6.457870789E0,6.169270935E0,-3.034639435E0
3.767048104E1,-6.202651520E0,7.780370636E0,-2.327958984E0
3.769037904E1,-6.369105377E0,9.017398224E0,-1.172212372E0
3.771027704E1,-4.583768005E0,7.841593323E0,-9.621990967E-1
3.773017504E1,-4.082460480E0,7.006030884E0,-1.490450592E0
3.775007304E1,-5.925428009E0,8.322692871E0,-3.457360382E0
3.776997104E1,-8.633296967E0,8.500223694E0,-3.185226288E0
3.778986904E1,-8.180937653E0,6.821315002E0,-2.431094513E0
3.780976704E1,-5.382507019E0,6.256988525E0,-6.634204102E-1
3.782966504E1,-2.896776123E0,7.445367279E0,-2.879412231E0
3.784956304E1,-3.824995880E0,8.613687744E0,-3.714226227E0
3.786946104E1,-7.740254059E0,8.206684113E0,-1.456022186E0
3.788935904E1,-7.822582855E0,8.235274658E0,-1.938169556E0
3.790925704E1,-4.328997803E0,7.783963165E0,-9.494755554E-1
3.792915504E1,-2.125879211E0,6.885980530E0,-3.067271576E0
3.794905304E1,-3.713777161E0,9.159752197E0,-6.216572571E-1
3.796895204E1,-5.249882812E0,1.199440750E1,-4.281097412E-1
3.798885004E1,-3.160976715E0,9.398056641E0,2.953358459E-1
3.800874804E1,-2.417772217E0,6.407425690E0,-1.584006042E0
3.802864604E1,-2.716700592E0,6.605463867E0,-2.188149719E0
3.804854429E1,-4.927004242E0,1.079824493E1,2.032772827E-1
3.806844229E1,-3.651207275E0,1.067999084E1,1.115630035E0
3.808834029E1,-1.754950562E0,6.669680328E0,-2.779719543E-1
3.810823829E1,-1.073118439E0,5.779481506E0,-2.078727264E0
3.812813629E1,-2.022743683E0,9.479487305E0,-4.296066284E-2
3.814803429E1,-2.053429871E0,1.146840134E1,8.668473816E-1
3.816793229E1,-1.389261017E0,8.349187775E0,7.125183105E-1
3.818783029E1,-2.246079254E0,7.506140900E0,-1.140328674E0
3.820772829E1,-1.350192261E0,8.628207550E0,-5.864804077E-1
3.822762629E1,-2.562670898E-1,1.067594925E1,7.890092468E-1
3.824752429E1,7.475454712E-1,1.027328659E1,3.233875122E0
3.826742229E1,-2.543211365E-1,8.452922058E0,1.169667664E0
3.828732029E1,1.441352692E0,7.456444244E0,8.921447754E-2
3.830721929E1,4.479884033E0,6.849606171E0,1.027164001E0
3.832711729E1,3.525468750E0,8.842412109E0,3.994443512E0
3.834701529E1,-8.562194824E-1,9.165590057E0,3.989354095E0
3.836691329E1,-2.016905823E0,8.838819580E0,1.214424591E0
3.838681129E1,5.933660889E-1,1.140553207E1,-3.200344849E-1
3.840670929E1,-7.393125916E-1,1.784918243E1,1.277593231E0
3.842660729E1,-6.857389984E0,1.134011810E1,1.079555054E0
3.844650529E1,-2.871478729E0,4.305796051E0,2.221081238E0
3.846640329E1,7.572453003E0,7.213948517E0,3.040177917E-1
3.848630129E1,7.841293945E0,1.089763824E1,3.107837219E0
3.850619929E1,1.293310547E0,1.252475464E1,2.700983276E0
3.852609729E1,-2.006427612E0,9.997709656E0,3.682342529E-1
3.854599529E1,-7.966433716E-1,8.246501312E0,1.719474335E0
3.856589329E1,1.954186249E0,1.002704865E1,7.976911926E-1
3.858579129E1,2.359243927E0,1.019694534E1,1.904339905E0
3.860568929E1,-2.498304749E-1,8.873397675E0,1.870809631E0
3.862558829E1,-9.312135315E-1,8.749904480E0,8.625064087E-1
3.864548629E1,1.727108459E0,1.028945297E1,5.138813782E-1
3.866538429E1,2.906805267E0,1.159668457E1,1.049916687E0
3.868528229E1,-6.221063232E-1,1.047282166E1,1.516945496E0
3.870518029E1,-2.482587433E0,1.007464966E1,1.389111328E0
3.872507829E1,-2.188748474E0,9.751471710E0,-3.044668579E-1
3.874497629E1,3.248245239E-1,9.895172882E0,6.164181519E-1
3.876487429E1,-1.707948303E-1,1.028900391E1,1.251248016E0
3.878477229E1,-2.660267944E0,9.279802551E0,8.490344238E-1
3.880467029E1,-2.623294830E0,8.131540375E0,6.045927429E-1
3.882456829E1,1.003812561E0,7.644004211E0,1.899400177E0
3.884446629E1,4.296964417E0,9.383686523E0,1.866618347E0
3.886436429E1,3.669918365E0,1.163006516E1,3.223845978E0
3.888426229E1,3.772155762E0,1.175999496E1,2.186503143E0
3.890416029E1,7.737409973E-1,9.490564270E0,1.136885834E0
3.892405829E1,-2.790796509E0,8.141120453E0,5.852828979E-1
3.894395629E1,-5.116061096E0,7.237449646E0,6.506968689E-1
3.896385529E1,-6.415059814E0,6.748117218E0,-2.107617188E-1
3.898375329E1,-3.648213501E0,7.680977325E0,4.694238281E-1
3.900365129E1,-4.987628174E-1,9.729168091E0,5.792953491E-2
3.902354929E1,-2.854563904E-1,1.092009155E1,1.312021637E0
3.904344671E1,-1.509760437E0,9.828411713E0,2.472707977E0
3.906334471E1,-1.520388336E0,7.011569366E0,3.033441925E0
3.908324271E1,-1.022373962E-1,6.262227631E0,1.130449219E0
3.910314071E1,-1.466949463E-2,1.115345627E1,8.319699097E-1
3.912303871E1,-3.311114502E0,1.548664536E1,1.688638458E0
3.914293671E1,-4.713697815E0,9.663305054E0,1.285077667E0
3.916283471E1,-3.268602905E0,4.753065948E0,-3.662882996E-1
3.918273271E1,-2.855761414E0,3.682043152E0,-2.977308655E0
3.920263071E1,-3.631448364E0,7.070696411E0,-1.439406738E0
3.922252871E1,-4.678071899E0,1.078746735E1,3.966751099E-1
3.924242671E1,-3.163521423E0,1.007689499E1,-8.675958252E-1
3.926232471E1,-3.529660034E0,8.690478058E0,-1.835932159E0
3.928222371E1,-5.400769043E0,9.109756165E0,-3.128494263E-1
3.930212171E1,-4.028572540E0,7.938142548E0,1.942360840E0
3.932201971E1,-1.572030945E0,9.046138458E0,-3.476969604E0
3.934191771E1,-5.821993103E0,1.247984802E1,-2.453847198E0
3.936181571E1,-8.496032410E0,8.492888947E0,-1.453028412E0
3.938171371E1,-5.381159821E0,3.858526154E0,-2.158361664E0
3.940161171E1,-2.903661804E0,2.534080353E0,-5.665269012E0
3.942150971E1,-5.959257660E0,5.085075531E0,-5.337450714E0
3.944140771E1,-9.859546967E0,8.469088440E0,-9.490264893E-2
3.946130571E1,-5.345833282E0,9.367819519E0,-9.017248535E-1
3.948120371E1,-2.344424744E0,8.858877869E0,-4.755311279E0
3.950110171E1,-7.492818604E0,9.713450775E0,-2.657573547E0
3.952099971E1,-1.155147858E1,6.892417145E0,-2.173480225E-1
3.954089771E1,-7.462880859E0,4.301754456E0,-3.046165466E0
3.956079571E1,-5.765261078E0,5.038073273E0,-6.462062073E0
3.958069371E1,-9.026529236E0,7.746391296E0,-4.349056091E0
3.960059171E1,-9.567504272E0,5.919290771E0,-1.783690796E0
3.962049071E1,-5.848637695E0,4.822970581E0,-1.144070892E0
3.964038871E1,-3.863615570E0,7.948171692E0,-2.029928741E0
3.966028671E1,-6.234535217E0,8.699459381E0,-1.951491852E0
3.968018471E1,-1.021236328E1,5.304818573E0,-2.245630188E0
3.970008271E1,-1.153561157E1,3.375780029E0,-4.220024414E0
3.971998071E1,-9.787995758E0,3.325035553E0,-5.032235413E0
3.973987871E1,-7.719896393E0,2.621498566E0,-6.825955353E0
3.975977671E1,-8.703051910E0,1.838776245E0,-5.007985840E0
3.977967471E1,-9.846074982E0,3.392096100E0,-2.298919373E0
3.979957271E1,-7.104526062E0,7.885601807E0,-1.150806885E0
3.981947071E1,-5.567073212E0,9.742789764E0,-2.116149445E0
3.983936871E1,-7.536527710E0,6.384223938E0,-2.098336487E0
3.985926671E1,-1.080453186E1,3.515439606E0,-4.603377228E0
3.987916471E1,-1.207883194E1,1.754351807E0,-5.404511261E0
3.989906271E1,-1.094299393E1,1.804796906E0,-4.572840729E0
3.991896171E1,-7.270530853E0,3.899840240E0,-2.307002563E0
3.993885971E1,-4.911735992E0,7.782316589E0,-1.942211151E0
3.995875771E1,-5.011428680E0,9.219328308E0,-3.867806854E0
3.997865571E1,-8.231532440E0,4.528383179E0,-2.815046082E0
3.999855371E1,-1.118893250E1,1.038540344E0,-3.785777435E0
4.001845171E1,-1.052626053E1,3.098406830E0,-3.969445496E0
4.003835108E1,-8.367000732E0,7.685767365E0,-2.202669525E0
4.005824908E1,-6.021228790E0,9.121880951E0,-3.683989105E0
4.007814708E1,-6.658154297E0,6.404731293E0,-3.594475250E0
4.009804508E1,-9.161997528E0,4.142036591E0,-2.947819977E0
4.011794308E1,-9.409432983E0,3.990401917E0,-3.132236481E0
4.013784108E1,-7.442822571E0,4.330494690E0,-2.955454102E0
4.015773908E1,-6.263425140E0,5.685776367E0,-3.160078583E0
4.017763708E1,-7.520810394E0,8.169261932E0,-2.636317749E0
4.019753508E1,-8.334817657E0,8.556356964E0,-1.766177216E0
4.021743308E1,-7.067403259E0,6.355334015E0,-1.528621216E0
4.023733208E1,-6.023174744E0,4.532275085E0,-3.193159790E0
4.025723008E1,-7.525899811E0,5.415139160E0,-3.496878204E0
4.027712808E1,-9.380393372E0,7.429949341E0,-1.306034088E0
4.029702608E1,-6.452481995E0,8.035589905E0,-9.452842712E-1
4.031692408E1,-3.642076263E0,7.458390198E0,-1.561552734E0
4.033682208E1,-4.707410889E0,7.362589417E0,-3.307521973E0
4.035672008E1,-8.832532654E0,7.621700592E0,-2.098186798E0
4.037661808E1,-9.187594299E0,7.583080902E0,-1.826352081E0
4.039651608E1,-5.396128693E0,7.006030884E0,-2.222727814E0
4.041641408E1,-4.003574524E0,7.274572449E0,-3.257076874E0
4.043631208E1,-6.401438141E0,8.864116974E0,-2.089504852E0
4.045621008E1,-7.577991486E0,8.763226776E0,-1.502276001E0
4.047610808E1,-5.446873169E0,7.076234894E0,-1.501976624E0
4.049600608E1,-3.498524780E0,6.523584137E0,-2.920426941E0
4.051590408E1,-4.654870148E0,9.317973175E0,-3.378025360E0
4.053580208E1,-6.738537140E0,9.245374146E0,-2.994822235E0
4.055570108E1,-6.533014526E0,7.114255829E0,-9.922865295E-1
4.057559908E1,-3.749403076E0,7.377558289E0,-3.634442139E-1
4.059549708E1,-1.362466736E0,8.372688904E0,-1.925146637E0
4.061539508E1,-3.004102936E0,8.548722839E0,-2.856659546E0
4.063529308E1,-7.113806763E0,7.994724884E0,-3.805087280E-1
4.065519108E1,-5.982459412E0,9.394913177E0,3.745211792E-1
4.067508908E1,-8.518785095E-1,9.618997192E0,5.613327026E-2
4.069498708E1,-2.716850281E-1,8.374634857E0,-2.041903839E0
4.071488508E1,-4.104315033E0,8.292306061E0,-6.105802917E-1
4.073478308E1,-4.971162415E0,9.524244232E0,4.842430115E-1
4.075468108E1,-1.808090057E0,8.454418945E0,-1.246308289E0
4.077457908E1,-7.514373779E-1,7.365882568E0,-1.644330597E0
4.079447708E1,-3.059038696E0,7.788753204E0,-3.802093506E-1
4.081437508E1,-2.487826538E0,1.045695465E1,6.984475708E-1
4.083427408E1,-3.182382202E-1,1.147603546E1,8.361611938E-1
4.085417208E1,5.116360474E-1,9.200916595E0,1.588646393E0
4.087407008E1,-2.381547546E-1,8.122259674E0,3.694317627E-1
4.089396808E1,-1.499132538E0,7.572752380E0,-5.269042969E-2
4.091386608E1,-2.276316376E0,8.061785431E0,6.968009949E-1
4.093376408E1,-2.405348053E0,9.709558868E0,1.970202942E0
4.095366208E1,-2.193538513E0,1.037986496E1,2.019600220E0
4.097356008E1,-1.166224823E0,9.918524323E0,-2.095642090E-3
4.099345808E1,1.495090942E0,8.690028992E0,-3.382965088E-2
4.101335608E1,2.839445343E0,8.747210083E0,1.512754211E0
4.103325296E1,1.610800323E0,9.931098175E0,4.132306824E0
4.105315096E1,2.498005371E0,9.083560638E0,2.710114288E0
4.107304896E1,3.701951752E0,7.923473053E0,1.766326904E-1
4.109294796E1,2.118245087E0,8.136180725E0,1.732347565E0
4.111284596E1,-8.882528687E-1,7.494165802E0,3.346590729E0
4.113274396E1,-1.297651520E0,1.186717209E1,4.331093445E0
4.115264196E1,-1.756597137E0,1.917512512E1,2.326462097E0
4.117253996E1,-7.336693268E0,1.001716919E1,-3.721710663E0
4.119243796E1,-1.879790955E0,5.090614014E0,8.794212341E-1
4.121233596E1,9.738748169E0,7.555089111E0,2.477198639E0
4.123223396E1,5.203030243E0,1.102292770E1,5.998326416E0
4.125213196E1,8.455915833E-1,9.153165894E0,4.277055817E0
4.127202996E1,2.415377197E0,8.827143860E0,1.478026428E0
4.129192796E1,1.048419800E0,1.135793106E1,2.277364197E0
4.131182696E1,-1.541644135E0,9.967771912E0,1.715133362E0
4.133172496E1,-1.204694824E0,8.801247711E0,1.240171051E0
4.135162296E1,1.916015625E0,9.104367371E0,1.668879547E0
4.137152096E1,3.175945587E0,9.489217072E0,2.992277527E0
4.139141896E1,1.251547394E0,9.566905518E0,3.391647034E0
4.141131696E1,3.005749512E-1,9.675579529E0,2.759212189E0
4.143121496E1,1.008452911E0,9.644743652E0,2.168989563E0
4.145111296E1,1.684746552E0,9.420509949E0,1.862726440E0
4.147101096E1,9.009764099E-1,9.317673798E0,1.587299194E0
4.149090896E1,1.151705017E0,9.323062592E0,2.118095398E0
4.151080796E1,6.782395935E-1,9.510472870E0,2.134860535E0
4.153070596E1,4.884342957E-1,9.894274750E0,2.078278198E0
4.155060396E1,9.532177734E-1,1.020697449E1,1.907183990E0
4.157050196E1,4.378395081E-1,1.001552261E1,2.565065918E0
4.159039996E1,7.978408813E-2,9.657467194E0,1.951791229E0
4.161029796E1,-2.222877502E-1,9.593849487E0,9.044192505E-1
4.163019596E1,2.854563904E-1,9.646988983E0,1.092877350E0
4.165009396E1,5.975573730E-1,1.041803558E1,1.970502319E0
4.166999196E1,-1.181792450E0,9.787546692E0,2.888692932E0
4.168988996E1,-2.056273956E0,9.538165283E0,1.607058105E0
4.170978896E1,4.146377563E-2,9.966424713E0,8.672964478E-1
4.172968696E1,2.760260010E-1,1.048539551E1,5.712121582E-1
4.174958496E1,-2.197131042E0,9.457782440E0,1.911524963E0
4.176948296E1,-2.834804993E0,8.229137421E0,1.704056396E0
4.178938096E1,-1.771566010E0,7.418872375E0,1.558708649E0
4.180927896E1,1.721420288E-2,8.337512054E0,2.460134125E0
4.182917696E1,2.243833923E0,1.065424438E1,3.371738434E0
4.184907496E1,2.783461761E0,1.170326294E1,3.907025299E0
4.186897296E1,3.694167938E0,1.102023331E1,3.529210968E0
4.188887196E1,1.385069733E0,9.852361908E0,1.940714264E0
4.190876996E1,-2.315834198E0,8.440198517E0,-3.659889221E-1
4.192866796E1,-5.688919830E0,7.444319458E0,-3.402424622E-1
4.194856596E1,-8.283624115E0,6.575226746E0,2.998265076E-1
4.196846396E1,-8.113877106E0,5.826633453E0,3.278182983E-2
4.198836196E1,-5.183121643E0,4.735402679E0,1.466650085E0
4.200825996E1,-8.388555908E-1,5.560636597E0,1.165626068E0
4.202815796E1,2.295925598E0,1.031190628E1,1.270557861E0
4.204805629E1,1.280886383E0,1.704774902E1,5.566923523E-1
4.206795529E1,-3.419638824E0,1.473715393E1,1.927541656E0
4.208785329E1,-3.783232727E0,7.665110321E0,3.543132019E0
4.210775129E1,-1.823807373E0,5.373076630E0,6.830296326E-1
4.212764929E1,-2.049238586E0,6.521638184E0,-4.438270569E-1
4.214754729E1,-5.042414246E0,9.376351776E0,3.469784546E-1
4.216744529E1,-6.912924500E0,9.209897919E0,3.616479492E-1
4.218734329E1,-5.405858459E0,6.513554993E0,-7.658074951E-1
4.220724129E1,-3.411106567E0,6.667884064E0,-2.686014404E0
4.222713929E1,-4.060905304E0,8.576415253E0,-8.093669128E-1
4.224703829E1,-4.371210022E0,7.456743622E0,-7.852670288E-1
4.226693629E1,-2.784509583E0,6.384074249E0,-1.931134186E0
4.228683429E1,-4.106710052E0,8.781189423E0,-1.754501495E0
4.230673229E1,-6.306385803E0,1.042791504E1,-1.586700439E0
4.232663029E1,-7.455396423E0,9.652078400E0,-1.235530701E0
4.234652829E1,-6.877148895E0,8.963809662E0,-1.304686890E0
4.236642629E1,-5.288951569E0,8.547375641E0,-2.794987793E0
4.238632429E1,-5.483995972E0,6.904691620E0,-2.870580597E0
4.240622229E1,-7.324718170E0,5.080285492E0,-4.176315308E0
4.242612129E1,-7.929310913E0,4.799319763E0,-4.712949371E0
4.244601929E1,-7.977061615E0,6.067332916E0,-2.820285187E0
4.246591729E1,-5.750142517E0,7.226222992E0,-5.797444153E-1
4.248581529E1,-3.655398560E0,7.011868744E0,-2.322869568E0
4.250571329E1,-5.940546570E0,6.552923126E0,-3.184028778E0
4.252561129E1,-1.025622208E1,7.969726868E0,-1.888921967E0
4.254550929E1,-1.118848343E1,8.275391235E0,-4.052672424E0
4.256540729E1,-8.984466705E0,4.942721558E0,-3.613336029E0
4.258530529E1,-7.346872101E0,2.106269989E0,-4.160448303E0
4.260520429E1,-7.712262268E0,3.928730164E0,-4.995262299E0
4.262510229E1,-1.048614395E1,8.446186066E0,-3.608246613E0
4.264500029E1,-8.838969269E0,8.632698212E0,-3.248095551E0
4.266489829E1,-6.283034363E0,3.963907013E0,-1.786534882E0
4.268479629E1,-6.488107910E0,2.190844116E0,-3.606150970E0
4.270469429E1,-9.415869598E0,4.937183075E0,-5.045857086E0
4.272459229E1,-1.232192642E1,7.271428986E0,-4.518653412E0
4.274449029E1,-1.029035110E1,6.846911774E0,-2.478396149E0
4.276438929E1,-6.476282501E0,6.240223389E0,-8.607101440E-1
4.278428729E1,-4.933889923E0,5.247936859E0,-2.182162170E0
4.280418529E1,-7.570057983E0,3.554508362E0,-3.731290741E0
4.282408329E1,-1.103355560E1,4.103566589E0,-4.178111572E0
4.284398129E1,-1.106843307E1,7.763006744E0,-2.560724945E0
4.286387929E1,-6.755451965E0,8.999136200E0,-1.466350708E0
4.288377729E1,-4.269272003E0,5.785618744E0,-3.285667419E0
4.290367529E1,-6.825955353E0,1.980980530E0,-2.791544952E0
4.292357429E1,-9.568103027E0,2.382894745E0,-2.487676849E0
4.294347229E1,-8.541088715E0,6.388265533E0,-2.652334442E0
4.296337029E1,-7.274273071E0,8.603059845E0,-2.618804169E0
4.298326829E1,-6.494095459E0,6.802454224E0,-3.396437073E0
4.300316629E1,-7.685168610E0,4.667893066E0,-3.155587921E0
4.302306429E1,-8.554411011E0,5.020260315E0,-3.149750061E0
4.304296208E1,-8.176596680E0,6.508315887E0,-3.350782013E0
4.306286008E1,-7.650141449E0,6.560108185E0,-1.671124878E0
4.308275808E1,-6.030060425E0,5.442681885E0,-2.611319733E0
4.310265708E1,-6.261179810E0,5.697152710E0,-3.398981781E0
4.312255508E1,-8.111781464E0,7.008276215E0,-3.752696228E0
4.314245308E1,-9.614805908E0,9.791288910E0,-2.318079529E0
4.316235108E1,-6.726412354E0,7.985743561E0,-1.145717468E0
4.318224908E1,-4.195325775E0,5.063370667E0,-1.862277374E0
4.320214708E1,-5.439987488E0,4.496499481E0,-2.140099640E0
4.322204508E1,-7.618257751E0,7.374714203E0,-1.019080811E0
4.324194308E1,-7.459138641E0,1.049258057E1,-2.540067902E0
4.326184208E1,-6.083648987E0,9.888137512E0,-3.187321930E0
4.328174008E1,-6.153852997E0,8.170010376E0,-2.609523468E0
4.330163808E1,-6.075865173E0,7.441175995E0,-9.563612366E-1
4.332153608E1,-4.943170624E0,8.029452667E0,-1.154249725E0
4.334143408E1,-3.804937592E0,8.371940460E0,-1.979932709E0
4.336133208E1,-4.973707123E0,8.398435364E0,-3.128194885E0
4.338123008E1,-7.247029724E0,8.353528748E0,-1.909279633E0
4.340112808E1,-5.541476440E0,9.001231842E0,-1.103954315E0
4.342102708E1,-2.254910889E0,9.638756104E0,-6.843768311E-1
4.344092508E1,-1.807341614E0,8.398734741E0,-1.943857727E0
4.346082308E1,-5.012775879E0,6.960824890E0,-9.288185120E-1
4.348072108E1,-5.636678467E0,8.063581696E0,7.646099854E-1
4.350061908E1,-1.517843628E0,1.055275543E1,-3.803590393E-1
4.352051708E1,-1.149609375E0,8.694220276E0,-1.851649475E0
4.354041508E1,-4.540657654E0,6.681655426E0,-2.414179688E0
4.356031308E1,-4.940027161E0,7.098837891E0,3.185375977E-1
4.358021208E1,-4.706213379E-1,1.191791656E1,2.264940033E0
4.360011008E1,2.195933533E0,1.119417160E1,7.728428650E-1
4.362000808E1,-6.797364807E-1,6.661597137E0,-6.345304871E-1
4.363990608E1,-2.464774475E0,6.036347351E0,-1.562301178E0
4.365980408E1,-2.479893036E0,8.916807404E0,3.864962769E-1
4.367970208E1,-3.619473267E-1,1.145792313E1,1.420845337E0
4.369960008E1,-4.041595459E-3,9.307944031E0,1.095422058E0
4.371949808E1,1.766326904E-2,7.123536530E0,1.478625183E0
4.373939608E1,1.459614716E0,7.303462372E0,9.583071899E-1
4.375929508E1,3.250191193E0,9.142537994E0,2.106868744E0
4.377919308E1,1.606908417E0,9.017697601E0,2.105371857E0
4.379909108E1,1.475332031E0,7.424261169E0,1.391206970E0
4.381898908E1,4.142186279E0,6.786138153E0,2.538121948E0
4.383888708E1,1.866917725E0,8.292306061E0,1.655856628E0
4.385878508E1,-3.417842560E0,1.986294479E1,4.217030640E0
4.387868308E1,-1.313293991E1,1.732302658E1,-5.039420471E0
4.389858108E1,-9.478439484E0,5.858666840E0,2.297721863E-1
4.391848008E1,8.295299835E0,3.466940460E0,3.745810547E0
4.393837808E1,1.223750198E1,1.115674942E1,4.110901337E0
4.395827608E1,5.313949585E-2,1.159788208E1,7.896080017E0
4.397817408E1,-1.773961029E0,8.040978699E0,2.477797394E0
4.399807208E1,3.391647034E0,8.954528961E0,-1.211281128E0
4.401797008E1,2.286195831E0,1.134715347E1,1.442699890E0
4.403786842E1,-9.413923645E-1,1.068403244E1,3.614832916E0
4.405776642E1,-4.660857697E0,8.381221161E0,4.017495575E0
4.407766542E1,-1.587149506E0,8.381670227E0,1.433718567E0
4.409756342E1,3.557951202E0,1.132020950E1,1.830693054E-1
4.411746142E1,2.805166626E0,1.228600113E1,1.906435547E0
4.413735942E1,-2.630030823E0,9.973310394E0,2.460732880E0
4.415725742E1,-4.208199005E0,8.796607361E0,2.137854309E0
4.417715542E1,-2.121538239E0,9.616003418E0,7.984396362E-1
4.419705342E1,-1.857337646E0,9.598639526E0,1.372196503E0
4.421695142E1,-4.492158508E0,7.623496857E0,1.347647552E0
4.423685042E1,-5.183271332E0,5.813909912E0,1.513203278E0
4.425674842E1,-1.588945770E0,5.020260315E0,2.464924164E0
4.427664642E1,4.766088867E0,9.711804199E0,-1.134640503E0
4.429654442E1,6.963968353E0,1.592283829E1,5.954018555E0
4.431644242E1,2.461481323E0,1.190130112E1,4.405638428E0
4.433634042E1,3.028202820E-1,6.775510254E0,2.465822296E0
4.435623842E1,-2.263592834E0,7.104675751E0,-1.464255066E0
4.437613642E1,-5.621709595E0,9.201814728E0,-4.562512207E-1
4.439603542E1,-8.503516846E0,9.066196747E0,1.136137390E-1
4.441593342E1,-6.646628265E0,7.105573883E0,1.299747162E0
4.443583142E1,-1.665436707E0,6.866371307E0,2.057471466E0
4.445572942E1,7.903564453E-2,8.820108490E0,1.810934143E0
4.447562742E1,-5.830375671E-1,1.048764084E1,1.318009186E0
4.449552542E1,-1.523980865E0,8.796906738E0,8.785231018E-1
4.451542342E1,-2.694995728E0,6.297254791E0,-6.349795532E-1
4.453532142E1,-4.570595398E0,6.120173035E0,-1.172362061E0
4.455522042E1,-5.385500793E0,9.245823212E0,-7.128176880E-1
4.457511842E1,-4.966821442E0,1.156524994E1,-5.508544922E-1
4.459501642E1,-4.106710052E0,8.808582458E0,-1.382375336E0
4.461491442E1,-5.294490051E0,7.568261719E0,-1.003213806E0
4.463481242E1,-6.745422821E0,8.327782288E0,-6.706054688E-1
4.465471042E1,-5.224435730E0,7.546856232E0,-5.679190063E-1
4.467460842E1,-3.095413055E0,6.371650085E0,-2.997816010E0
4.469450742E1,-5.717510376E0,7.354655914E0,-3.513942719E0
4.471440542E1,-8.988957367E0,7.483537903E0,-8.643026733E-1
4.473430342E1,-6.637497253E0,5.957910461E0,-5.487588501E-1
4.475420142E1,-3.447031860E0,7.181466064E0,-1.368903351E0
4.477409942E1,-3.941304016E0,1.156315430E1,-1.966610413E0
4.479399742E1,-7.802075500E0,9.255403290E0,-1.975891113E0
4.481389542E1,-8.524173889E0,4.365222473E0,-2.969524841E0
4.483379342E1,-7.906707916E0,3.216511230E0,-4.682412872E0
4.485369242E1,-7.866890717E0,7.037166138E0,-5.392536163E0
4.487359042E1,-9.139394531E0,9.448202362E0,-1.788630524E0
4.489348842E1,-6.098019104E0,8.152197418E0,-5.912704468E-1
4.491338642E1,-4.449646912E0,7.391479340E0,-1.673070831E0
4.493328442E1,-7.371121674E0,8.582702179E0,-3.842359772E0
4.495318242E1,-1.138322845E1,8.268804932E0,-3.615581360E0
4.497308042E1,-1.085497696E1,4.908293152E0,-3.177592163E0
4.499297942E1,-8.118367767E0,2.705473938E0,-2.789000244E0
4.501287742E1,-5.603297882E0,2.373314667E0,-3.916755066E0
4.503277542E1,-5.335953827E0,2.845432892E0,-4.618046722E0
4.505267346E1,-7.563321991E0,3.272494812E0,-3.481460266E0
4.507257146E1,-9.038354645E0,2.972069550E0,-4.506977692E0
4.509246946E1,-9.649982758E0,3.883823547E0,-3.783083038E0
4.511236746E1,-9.601034546E0,6.541247406E0,-4.012106781E0
4.513226546E1,-8.805888062E0,7.432194672E0,-3.204685822E0
4.515216446E1,-8.774154053E0,4.577780457E0,-2.893183594E0
4.517206246E1,-8.889863434E0,3.400478668E0,-2.826422424E0
4.519196046E1,-8.619375916E0,4.949008484E0,-3.233126678E0
4.521185846E1,-8.361312561E0,5.497767334E0,-3.963757324E0
4.523175646E1,-8.808732147E0,3.932622070E0,-3.701203308E0
4.525165446E1,-7.679330750E0,2.452200623E0,-3.108585663E0
4.527155246E1,-6.831194458E0,3.262765045E0,-3.560346222E0
4.529145146E1,-8.587492218E0,5.155878296E0,-4.775070190E0
4.531134946E1,-1.041489212E1,5.517675934E0,-3.458408203E0
4.533124746E1,-9.678124237E0,4.428091736E0,-2.633473663E0
4.535114546E1,-7.823780365E0,4.067192230E0,-3.997736664E0
4.537104346E1,-8.859925690E0,4.151616669E0,-4.120631104E0
4.539094146E1,-9.307644653E0,4.762646027E0,-2.865640869E0
4.541083946E1,-7.642207947E0,5.322930908E0,-2.879561920E0
4.543073746E1,-6.095175018E0,4.949307861E0,-2.826422424E0
4.545063646E1,-7.173981628E0,4.540058899E0,-2.692451019E0
4.547053446E1,-8.827742615E0,4.696184235E0,-3.043321381E0
4.549043246E1,-9.430090027E0,4.693040771E0,-3.210823059E0
4.551033046E1,-8.707692261E0,5.901028748E0,-2.859054565E0
4.553022846E1,-8.121211853E0,7.001989288E0,-1.789229279E0
4.555012646E1,-7.272626495E0,6.102958832E0,-2.912942505E0
4.557002446E1,-7.504644012E0,4.363426208E0,-3.497476959E0
4.558992346E1,-8.395890656E0,3.462300110E0,-3.624263306E0
4.560982146E1,-7.514074402E0,4.787644043E0,-2.800526276E0
4.562971946E1,-6.483168182E0,7.262447662E0,-2.322121124E0
4.564961746E1,-6.870412903E0,8.026458893E0,-2.527793427E0
4.566951546E1,-8.029452667E0,6.857539673E0,-1.481169891E0
4.568941346E1,-7.694598999E0,6.047723694E0,-3.274291077E0
4.570931146E1,-8.089777222E0,6.413113861E0,-5.987848206E0
4.572921046E1,-9.534423065E0,4.006268921E0,-4.608316956E0
4.574910846E1,-8.940757599E0,1.937421112E0,-1.948198700E0
4.576900646E1,-5.252128143E0,4.367018738E0,9.927355957E-1
4.578890446E1,-1.882934418E0,9.501341858E0,-1.581161957E0
4.580880246E1,-3.659290466E0,1.189636139E1,-2.892734528E0
4.582870046E1,-9.489217072E0,9.106313324E0,2.424957275E-2
4.584859846E1,-1.148486710E1,5.810766449E0,-1.387764130E0
4.586849646E1,-7.107669525E0,5.141208801E0,-1.525477753E0
4.588839546E1,-4.579576721E0,5.686524811E0,-2.026785278E-1
4.590829346E1,-4.205504608E0,7.453001404E0,-1.016087036E0
4.592819146E1,-6.489155731E0,1.022837997E1,-2.869832153E0
4.594808946E1,-7.894433441E0,9.498497772E0,-1.318458252E0
4.596798746E1,-5.885760498E0,7.811206512E0,-2.226020966E0
4.598788546E1,-4.891078949E0,6.594686279E0,-5.644761658E-1
4.600778346E1,-4.988825684E0,6.603368225E0,-2.000140686E0
4.602768246E1,-5.554050293E0,7.735164642E0,-1.814376984E0
4.604758021E1,-6.045029297E0,9.439221039E0,-4.117936707E-1
4.606747821E1,-5.254822540E0,1.077953384E1,-6.786886597E-1
4.608737621E1,-4.233496399E0,9.400601349E0,-4.941224670E-1
4.610727421E1,-3.790118408E0,7.075486450E0,-8.402027893E-1
4.612717221E1,-4.639452209E0,6.089187469E0,-8.854087830E-1
4.614707021E1,-5.142556000E0,6.480174408E0,-1.103355560E0
4.616696921E1,-5.025200043E0,8.324938202E0,-1.466949463E-1
4.618686721E1,-4.208199005E0,9.445657654E0,-6.706054688E-2
4.620676521E1,-3.592379608E0,8.562643890E0,-8.078700256E-1
4.622666321E1,-4.241878967E0,8.347690887E0,-1.288221130E0
4.624656121E1,-5.183570709E0,9.421707458E0,4.161346436E-2
4.626645921E1,-4.489164734E0,9.284293213E0,5.794450378E-1
4.628635721E1,-2.596350861E0,8.525970154E0,-5.890251160E-1
4.630625621E1,-2.331401825E0,9.139095154E0,-2.454895020E-2
4.632615421E1,-3.159180450E0,1.005084915E1,9.562115479E-1
4.634605221E1,-3.192111969E0,9.897717590E0,6.905140686E-1
4.636595021E1,-2.565964050E0,9.353299713E0,-7.685018921E-1
4.638584821E1,-2.729873199E0,9.229806519E0,5.966592407E-1
4.640574621E1,-2.292333069E0,8.299940186E0,2.860551453E-1
4.642564421E1,-1.342558136E0,8.630752258E0,6.122268677E-1
4.644554321E1,-1.610500946E0,1.057520874E1,1.354982300E0
4.646544121E1,-1.424886932E0,1.030217651E1,1.792821808E0
4.648533921E1,-1.947899323E0,7.974816284E0,-2.472857666E-1
4.650523721E1,-2.858755188E0,7.273225250E0,-1.401086426E0
4.652513521E1,-8.710386658E-1,8.902437286E0,1.065184937E0
4.654503321E1,1.368005219E0,1.028047165E1,3.852538605E0
4.656493121E1,-1.193019104E0,9.256451111E0,1.184037781E0
4.658482921E1,-2.794089661E0,7.563920746E0,4.453239441E-1
4.660472821E1,1.326541443E0,9.258696442E0,1.394949188E0
4.662462621E1,2.051334229E0,1.153486313E1,2.648741913E0
4.664452421E1,-1.571581879E0,9.404942322E0,6.968009949E-1
4.666442221E1,-1.977986755E0,8.130492554E0,2.201921082E-1
4.668432021E1,1.815574493E0,8.257578278E0,1.532962189E0
4.670421821E1,2.094893646E0,1.061412781E1,3.409160614E0
4.672411621E1,1.425036621E-1,9.870324554E0,2.580334167E0
4.674401521E1,4.177812195E-1,7.929161224E0,2.002535706E0
4.676391321E1,1.645827484E0,9.288035431E0,2.843486938E0
4.678381121E1,-3.707789612E-1,1.081096848E1,4.534670105E0
4.680370921E1,-3.079096985E0,1.012210098E1,2.113305359E0
4.682360721E1,-3.469784546E-1,9.988578644E0,8.047265625E-1
4.684350521E1,3.594774628E0,1.060784088E1,1.719923401E0
4.686340321E1,2.777773590E0,1.070858139E1,2.148332520E0
4.688330221E1,-8.337661743E-2,9.159003754E0,1.337618408E0
4.690320021E1,1.703757019E0,8.762628021E0,1.572480011E0
4.692309821E1,1.313368835E0,9.431586914E0,2.784359894E0
4.694299621E1,1.933828583E0,9.629325714E0,3.445085907E0
4.696289421E1,9.214837646E-1,9.814191284E0,2.291285248E0
4.698279221E1,8.156538391E-1,1.029154861E1,5.677693176E-1
4.700269021E1,7.887098694E-1,9.508526917E0,1.041534119E0
4.702258821E1,5.757028198E-1,9.286987610E0,2.241289215E0
4.704248667E1,1.801803131E0,1.017254608E1,3.432062988E0
4.706238467E1,4.149371338E-1,9.916129303E0,3.608845367E0
4.708228267E1,-5.057981873E-1,9.039252777E0,1.613345032E0
4.710218067E1,1.095122681E0,9.361083527E0,1.586401062E0
4.712207867E1,1.516047363E0,9.833052063E0,2.570903778E0
4.714197667E1,-7.695497131E-1,9.449100494E0,3.083587646E0
4.716187467E1,-6.695576477E-1,8.683742065E0,1.862277374E0
4.718177267E1,2.512974243E0,9.835297394E0,1.189426575E0
4.720167167E1,1.209484863E0,1.009395950E1,2.117945709E0
4.722156967E1,-1.207239532E0,9.507030029E0,3.046315155E0
4.724146767E1,-1.056502991E0,9.268725586E0,2.862647095E0
4.726136567E1,3.712280273E-1,8.931177521E0,1.253343658E0
4.728126367E1,1.398841095E0,9.264085236E0,1.247356110E0
4.730116167E1,2.267484741E0,9.937085724E0,2.209704895E0
4.732105967E1,1.327888641E0,1.049093399E1,3.555256805E0
4.734095867E1,-1.431922302E0,9.655371552E0,2.862048340E0
4.736085667E1,-1.677860870E0,8.539292450E0,1.145418091E0
4.738075467E1,1.327439575E0,9.707463226E0,1.037342834E0
4.740065267E1,7.226971436E-1,1.049362839E1,2.335293732E0
4.742055067E1,-1.671274567E0,9.903555450E0,3.093018036E0
4.744044867E1,-1.854942627E0,8.932075653E0,2.058219910E0
4.746034667E1,-1.075363770E0,8.766070862E0,1.025068359E0
4.748024467E1,-2.682721252E0,8.737929382E0,1.106199646E0
4.750014367E1,-5.180726624E0,8.258177032E0,1.569037170E0
4.752004167E1,-3.794160004E0,6.072721710E0,2.068249054E0
4.753993967E1,-7.975415039E-1,3.794758759E0,1.573976898E0
4.755983767E1,-2.251318359E-1,5.291496277E0,6.673123169E-1
4.757973567E1,-2.246228943E0,1.110331055E1,4.174818420E-1
4.759963367E1,-1.481319580E0,1.805201065E1,4.162543945E0
4.761953167E1,-1.291963348E0,1.343665833E1,3.708238678E0
4.763942967E1,-1.235381012E0,7.389234009E0,2.519710236E0
4.765932867E1,-1.280437317E0,5.383554840E0,1.349593506E0
4.767922667E1,-3.187920685E0,6.754703522E0,1.119671631E-1
4.769912467E1,-5.403014374E0,8.949738922E0,-3.008743286E-1
4.771902267E1,-6.201903076E0,8.574618988E0,-5.996530151E-1
4.773892067E1,-5.330115967E0,7.467670898E0,-1.129251709E0
4.775881867E1,-4.309987335E0,8.668324127E0,6.747967529E-1
4.777871667E1,-2.540666656E0,8.941356354E0,4.185296631E-1
4.779861467E1,-1.989512787E0,7.997419281E0,-1.976040802E0
4.781851367E1,-4.112098846E0,7.964637451E0,-1.046324158E-1
4.783841167E1,-5.297633514E0,8.424930267E0,-2.836601257E-1
4.785830967E1,-4.136498108E0,9.586664429E0,-1.500928802E0
4.787820767E1,-3.882027283E0,1.032238449E1,-3.366050262E0
4.789810567E1,-6.365512848E0,8.935967560E0,-4.134402466E0
4.791800367E1,-8.114026794E0,6.076014862E0,-2.777623901E0
4.793790167E1,-7.898025970E0,4.031266937E0,-2.479144592E0
4.795779967E1,-5.321434021E0,5.538931732E0,-1.531165924E0
4.797769867E1,-3.002156982E0,8.539292450E0,-2.109712830E0
4.799759667E1,-4.192182312E0,9.176667023E0,-2.123184814E0
4.801749467E1,-7.961793365E0,8.603808289E0,-1.456770630E0
4.803739267E1,-9.295669556E0,9.209149475E0,-1.963466949E0
4.805729079E1,-7.865094452E0,7.720794525E0,-3.040626984E0
4.807718879E1,-6.853647766E0,5.132227478E0,-5.932014313E0
4.809708679E1,-8.437504120E0,4.154460754E0,-3.759282532E0
4.811698479E1,-9.358688507E0,5.162464600E0,-1.544488220E0
4.813688379E1,-5.870192871E0,7.374265137E0,-2.631827087E0
4.815678179E1,-3.895199890E0,7.101083221E0,-4.451293488E0
4.817667979E1,-6.963968353E0,6.848708038E0,-3.887416077E0
4.819657779E1,-1.085482727E1,6.614594879E0,-2.093097382E0
4.821647579E1,-8.177494812E0,6.518195343E0,-2.225422211E0
4.823637379E1,-6.221661987E0,6.496041412E0,-3.051254883E0
4.825627179E1,-8.046666870E0,6.443201294E0,-3.707041168E0
4.827616979E1,-1.042581940E1,6.247857513E0,-3.260220337E0
4.829606879E1,-9.390422516E0,4.854704590E0,-2.691103821E0
4.831596679E1,-6.138884125E0,4.693639526E0,-2.573448486E0
4.833586479E1,-5.208718414E0,5.414989471E0,-2.646646271E0
4.835576279E1,-7.286098480E0,6.737639008E0,-3.232527924E0
4.837566079E1,-1.046563660E1,7.206015015E0,-2.866988068E0
4.839555879E1,-9.400451660E0,4.037853241E0,-2.298619995E0
4.841545679E1,-6.138584747E0,2.637964325E0,-3.319946136E0
4.843535479E1,-7.209906921E0,5.053341522E0,-4.029171295E0
4.845525279E1,-9.514364777E0,8.405171356E0,-3.816613312E0
4.847515179E1,-9.389674072E0,8.083340607E0,-2.802771606E0
4.849504979E1,-7.222630463E0,5.497018890E0,-2.291734314E0
4.851494779E1,-5.638923798E0,3.752546539E0,-3.234024811E0
4.853484579E1,-7.973618774E0,3.364703064E0,-3.272345123E0
4.855474379E1,-1.007060806E1,4.930147705E0,-2.037712555E0
4.857464179E1,-8.604706421E0,7.457791443E0,-1.234482880E0
4.859453979E1,-6.275998993E0,8.541537781E0,-2.102827148E0
4.861443779E1,-5.896089020E0,6.808142395E0,-3.239114227E0
4.863433679E1,-8.678952026E0,4.715194702E0,-3.460054779E0
4.865423479E1,-9.495953064E0,4.473148041E0,-2.791395264E0
4.867413279E1,-7.229516144E0,5.840853882E0,-1.813329163E0
4.869403079E1,-4.928351440E0,7.492668915E0,-1.331181793E0
4.871392879E1,-4.708309021E0,7.107669525E0,-2.563868408E0
4.873382679E1,-7.335645447E0,5.638774109E0,-4.020040283E0
4.875372479E1,-1.034543655E1,5.302124176E0,-4.578828278E0
4.877362279E1,-1.024275009E1,5.723497925E0,-2.634970551E0
4.879352179E1,-5.784121857E0,6.474336548E0,-2.125579834E0
4.881341979E1,-3.735781403E0,7.986492004E0,-2.915038147E0
4.883331779E1,-6.234086151E0,7.522606659E0,-3.439697113E0
4.885321579E1,-9.464967499E0,6.008954315E0,-2.216291199E0
4.887311379E1,-8.428073730E0,4.907544708E0,-2.621498566E0
4.889301179E1,-5.728437653E0,5.761967926E0,-2.943778381E0
4.891290979E1,-5.549559631E0,7.615114288E0,-3.750001831E0
4.893280779E1,-6.703809357E0,7.943231964E0,-2.909499664E0
4.895270679E1,-7.032974854E0,6.186335449E0,-1.335223389E0
4.897260479E1,-5.832022247E0,5.524561615E0,-1.692530365E0
4.899250279E1,-4.850213928E0,7.650141449E0,-3.113375702E0
4.901240079E1,-5.976022797E0,9.589358826E0,-3.748355255E0
4.903229879E1,-6.770720215E0,7.862250366E0,-3.331172791E0
4.905219742E1,-7.233707428E0,6.410120087E0,-1.124461670E0
4.907209542E1,-4.600233765E0,8.281678162E0,-2.329156494E-1
4.909199342E1,-3.009940796E0,1.036729111E1,-4.884342957E-1
4.911189142E1,-3.616629181E0,9.549242249E0,-3.070115662E0
4.913179042E1,-6.735094299E0,7.609276428E0,-1.910926208E0
4.915168842E1,-7.963589630E0,7.399562531E0,-1.541494446E0
4.917158642E1,-4.572691040E0,8.905431061E0,-9.880952454E-1
4.919148442E1,-1.787732391E0,9.563462677E0,-2.132914581E0
4.921138242E1,-3.460503845E0,8.097411346E0,-2.215393066E0
4.923128042E1,-6.292015686E0,7.608378296E0,-1.274449768E0
4.925117842E1,-6.215075684E0,8.357869720E0,-1.819616089E0
4.927107642E1,-3.752546539E0,9.720785522E0,-1.308429108E0
4.929097542E1,-2.530338135E0,1.018422180E1,-1.006207581E0
4.931087342E1,-3.049009552E0,8.577912140E0,-1.415606232E0
4.933077142E1,-4.018992462E0,7.845934296E0,-1.764979706E0
4.935066942E1,-5.242847443E0,9.161099396E0,-1.063089294E0
4.937056742E1,-4.283342743E0,9.971065063E0,-5.403762817E-1
4.939046542E1,-2.210453339E0,9.015601959E0,-1.375639343E-1
4.941036342E1,-2.539918213E0,7.925868073E0,-2.048190765E0
4.943026142E1,-4.216581573E0,8.700507202E0,-4.638853455E-1
4.945015942E1,-3.210823059E0,1.003992188E1,3.730242920E-1
4.947005842E1,-1.251547394E0,8.793912964E0,-7.544311523E-1
4.948995642E1,-1.324445801E0,7.223079529E0,-1.156345367E0
4.950985442E1,-3.259172516E0,7.111262054E0,-1.474433899E-1
4.952975242E1,-3.494632874E0,9.376351776E0,1.323397980E0
4.954965042E1,-2.080972595E0,1.012778915E1,4.213737488E-1
4.956954842E1,-6.438111877E-1,8.342451782E0,-5.971083069E-1
4.958944642E1,1.187480621E0,8.006101227E0,2.002984772E0
4.960934442E1,2.773133240E0,8.853638763E0,3.514691162E0
4.962924342E1,4.304748230E0,8.467292175E0,2.744542694E0
4.964914142E1,5.099595337E0,6.833888855E0,-3.128494263E-2
4.966903942E1,4.929399261E0,5.908812561E0,8.280780029E-1
4.968893742E1,1.018182678E0,9.613907776E0,2.053429871E0
4.970883542E1,-5.329367523E0,2.093187195E1,-1.170565796E-1
4.972873342E1,-1.422417068E1,1.675840073E1,-3.148702240E0
4.974863142E1,-9.841584320E0,7.094347229E0,1.904639282E0
4.976852942E1,5.577850800E0,2.132465515E0,2.383044434E0
4.978842742E1,1.495180756E1,8.536148987E0,1.567240906E0
4.980832642E1,7.966583405E0,1.158740387E1,6.342760162E0
4.982822442E1,-2.070793762E0,9.596394196E0,1.050814819E0
4.984812242E1,-4.159849548E-1,1.156644745E1,3.011886749E0
4.986802042E1,5.760021973E-1,1.025173141E1,2.709814911E0
4.988791842E1,1.062041473E0,7.257507935E0,4.015250244E0
4.990781642E1,1.054107971E0,8.129594421E0,1.132395172E0
4.992771442E1,-1.552272034E-1,1.130134872E1,2.268831940E0
4.994761242E1,-1.713037720E0,1.018437149E1,1.129102020E0
4.996751042E1,1.365909576E0,8.824150085E0,1.419498138E0
4.998740942E1,5.946833496E0,9.119036865E0,2.944077759E0
5.000730742E1,4.964725800E0,1.040905426E1,4.123325500E0
5.002720542E1,-1.589993591E0,9.157357178E0,3.917353821E0
5.004710267E1,-3.892804871E0,8.714128876E0,1.201251984E0
5.006700067E1,-1.130149841E-1,9.839638367E0,4.956193542E-1
5.008689867E1,4.458927612E0,1.118189713E1,2.079475708E0
5.010679667E1,5.408253479E-1,1.083027832E1,2.802771606E0
5.012669467E1,-2.285148010E0,8.960067444E0,1.890418854E0
5.014659267E1,-4.248165894E-1,8.885372772E0,1.927242279E0
5.016649167E1,8.002359009E-1,9.901160431E0,2.751578064E0
5.018638967E1,-2.047741699E-1,9.853858795E0,2.977458344E0
5.020628767E1,-3.360511780E-1,9.017996979E0,1.718127136E0
5.022618567E1,3.369493103E-1,9.427844696E0,1.442999268E0
5.024608367E1,-2.405497742E-1,9.821376343E0,1.670975189E0
5.026598167E1,-1.014590149E0,9.675579529E0,1.444346466E0
5.028587967E1,-1.222507782E0,8.633596344E0,1.709145813E0
5.030577767E1,-3.187321930E0,7.650440826E0,2.540516968E0
5.032567667E1,-4.398303680E0,6.346502380E0,2.033072205E0
5.034557467E1,-2.358794861E0,6.788982239E0,5.528004456E-1
5.036547267E1,2.976560211E0,1.087219116E1,1.217118988E0
5.038537067E1,3.456462250E0,1.427296921E1,3.560795288E0
5.040526867E1,-1.656006317E0,1.027403503E1,4.116888885E0
5.042516667E1,-1.863923950E0,6.295458527E0,1.803599396E0
5.044506467E1,-1.572030945E0,6.245911560E0,7.870632935E-1
5.046496267E1,-3.511847076E0,8.421038361E0,4.861889648E-1
5.048486067E1,-5.287754059E0,9.617350616E0,5.782475281E-1
5.050475967E1,-4.333039398E0,9.889035645E0,7.366181946E-1
5.052465767E1,-2.439327393E0,8.983269196E0,1.263372803E-1
5.054455567E1,-1.830992432E0,8.220305786E0,2.468367004E-1
5.056445367E1,-1.616638184E0,9.066346436E0,1.470991058E0
5.058435167E1,-1.867815857E0,9.788145447E0,7.783813477E-1
5.060424967E1,-3.657194824E0,9.814041595E0,8.271798706E-1
5.062414767E1,-5.122348022E0,9.266629944E0,5.932164001E-1
5.064404567E1,-4.003724213E0,8.321495361E0,-3.972738647E-1
5.066394367E1,-4.062402191E0,7.106172638E0,-1.503473511E0
5.068384267E1,-5.214855652E0,6.549629974E0,-2.002835083E0
5.070374067E1,-5.829776917E0,7.804320831E0,-8.057743835E-1
5.072363867E1,-3.998934174E0,9.566157074E0,-1.167422333E0
5.074353667E1,-1.991159363E0,1.084195404E1,-1.485061798E0
5.076343467E1,-3.182531891E0,1.008003845E1,-9.882449341E-1
5.078333267E1,-5.641917572E0,7.843838654E0,-1.168619843E0
5.080323067E1,-6.368207245E0,7.251520386E0,-4.836442566E-1
5.082312867E1,-5.439239044E0,8.201894073E0,-9.195378113E-1
5.084302767E1,-4.670587463E0,9.337582397E0,-1.948198700E0
5.086292567E1,-6.199358368E0,9.411678314E0,-9.045689392E-1
5.088282367E1,-7.214247894E0,7.235503693E0,-8.202941895E-1
5.090272167E1,-6.228248291E0,6.147117004E0,-2.113455048E0
5.092261967E1,-6.222859497E0,7.389533386E0,-3.220852203E0
5.094251767E1,-7.273225250E0,8.135731659E0,-2.749332733E0
5.096241567E1,-6.541546783E0,6.381080475E0,-1.015039215E0
5.098231367E1,-5.034780121E0,5.495072937E0,-2.734812927E0
5.100221167E1,-5.640270996E0,6.198160858E0,-3.660188599E0
5.102211067E1,-7.770191803E0,7.289241943E0,-3.506158905E0
5.104200867E1,-9.154213715E0,6.887477417E0,-2.511477356E0
5.106190683E1,-7.494614868E0,5.146896973E0,-1.191073151E0
5.108180483E1,-5.425767059E0,5.644761658E0,-2.582280121E0
5.110170283E1,-7.062463531E0,8.518635406E0,-2.847229156E0
5.112160083E1,-9.114995270E0,8.721014557E0,-3.229983215E0
5.114149883E1,-8.662336578E0,5.752836914E0,-3.708837433E0
5.116139683E1,-8.412356415E0,3.721411285E0,-4.327500916E0
5.118129483E1,-8.109536133E0,3.197800140E0,-3.158581696E0
5.120119383E1,-6.840325470E0,5.731281738E0,-1.412911835E0
5.122109183E1,-5.491929474E0,9.753717041E0,-1.520238647E0
5.124098983E1,-6.157894592E0,9.769733734E0,-1.733395386E0
5.126088783E1,-8.905281372E0,5.112767944E0,-2.373913422E0
5.128078583E1,-9.902807007E0,2.846031647E0,-2.744692383E0
5.130068383E1,-8.465795288E0,3.866160278E0,-3.071163483E0
5.132058183E1,-7.829917603E0,7.143445129E0,-3.481160889E0
5.134047983E1,-7.629334717E0,8.111332397E0,-3.616479492E0
5.136037883E1,-7.112160187E0,5.442981262E0,-2.695744171E0
5.138027683E1,-6.995852051E0,4.177363129E0,-2.374362488E0
5.140017483E1,-8.006550293E0,5.735023956E0,-2.166444855E0
5.142007283E1,-8.402327271E0,7.129973145E0,-1.016985168E0
5.143997083E1,-7.309898987E0,5.409900055E0,-3.350332947E0
5.145986883E1,-7.952662354E0,5.401816864E0,-3.784280548E0
5.147976683E1,-9.181457062E0,7.992479553E0,-3.567082214E0
5.149966483E1,-7.809859314E0,7.796087952E0,-2.734064484E0
5.151956283E1,-6.738237762E0,3.037633209E0,-2.712209930E0
5.153946183E1,-7.234904938E0,1.506167908E0,-4.627626801E0
5.155935983E1,-8.861572266E0,5.349425812E0,-2.495161285E0
5.157925783E1,-8.169112244E0,1.139101227E1,-1.127006378E0
5.159915583E1,-6.055507507E0,1.160461807E1,-2.563868408E0
5.161905383E1,-6.395600281E0,6.468049622E0,-2.428998871E0
5.163895183E1,-7.901917877E0,3.518134003E0,-1.296753387E0
5.165884983E1,-7.299121399E0,3.862118683E0,-2.585124207E0
5.167874783E1,-6.706204376E0,6.771917725E0,-2.797981567E0
5.169864683E1,-7.535779266E0,9.376202087E0,-2.048939209E0
5.171854483E1,-7.411088562E0,8.282127228E0,-1.263672180E0
5.173844283E1,-7.442373505E0,6.004014587E0,-1.501527557E0
5.175834083E1,-7.554041290E0,6.324198761E0,-1.827998657E0
5.177823883E1,-7.546407166E0,7.544161835E0,-1.906435547E0
5.179813683E1,-7.006779327E0,6.611301727E0,-2.767594757E0
5.181803483E1,-6.865024109E0,6.119574280E0,-3.545527039E0
5.183793283E1,-7.482490082E0,8.318202209E0,-2.251318359E0
5.185783083E1,-5.971831512E0,9.623338165E0,-2.268532562E0
5.187772983E1,-4.443060608E0,7.574997711E0,-1.990560608E0
5.189762783E1,-4.957241364E0,4.974006500E0,-1.865720215E0
5.191752583E1,-6.220314789E0,5.246140594E0,-2.041305084E0
5.193742383E1,-6.209088135E0,7.951165466E0,-1.533261566E0
5.195732183E1,-5.861810303E0,1.070229446E1,-1.844614105E0
5.197721983E1,-5.054389343E0,9.248517609E0,-1.873653717E0
5.199711783E1,-4.949906616E0,6.188730469E0,-1.933080139E0
5.201701583E1,-6.234385529E0,5.506748657E0,-1.669029236E0
5.203691383E1,-5.969436493E0,7.138355713E0,-2.496807861E0
5.205681342E1,-4.697082367E0,1.022179367E1,-1.576820984E0
5.207671142E1,-4.485123138E0,1.010324020E1,-2.697390747E0
5.209660942E1,-5.438191223E0,6.887327728E0,-1.138831787E0
5.211650742E1,-5.650000763E0,6.320157166E0,3.324586487E-1
5.213640542E1,-3.745660858E0,1.107606720E1,-6.789880371E-1
5.215630342E1,-3.196452942E0,1.248433868E1,-2.156565399E0
5.217620142E1,-5.036277008E0,7.619754639E0,-5.155279541E-1
5.219609942E1,-6.074817352E0,5.410349121E0,-2.578388214E0
5.221599842E1,-4.984035645E0,6.496939545E0,-2.306104431E0
5.223589642E1,-3.088227997E0,1.004546036E1,-8.297245789E-1
5.225579442E1,-1.031504974E0,1.175266022E1,7.586224365E-1
5.227569242E1,-2.102976837E0,8.757987671E0,7.036866760E-1
5.229559042E1,-3.329077148E0,7.056925049E0,-1.738484802E0
5.231548842E1,-4.193679199E0,8.872499542E0,-1.450034637E0
5.233538642E1,-4.631967773E0,1.040516235E1,1.886077881E-1
5.235528442E1,-1.796863403E0,1.035651352E1,2.017654266E0
5.237518242E1,-5.072950745E-1,8.023016052E0,8.026309204E-1
5.239508142E1,-1.138083344E0,6.730903015E0,-2.944377136E-1
5.241497942E1,-2.934946747E0,7.531737671E0,-7.708969116E-1
5.243487742E1,-4.442611542E0,9.654922485E0,-2.538720703E-1
5.245477542E1,-3.238515472E0,1.124326950E1,1.335223389E0
5.247467342E1,-1.188378754E0,9.958042145E0,2.452649689E0
5.249457142E1,-5.875282288E-1,8.331674194E0,1.817670135E0
5.251446942E1,1.175056458E-1,8.489745483E0,1.540296936E0
5.253436742E1,1.131497040E0,9.553134155E0,1.173709259E0
5.255426642E1,1.187181244E0,9.636361084E0,6.718029785E-1
5.257416442E1,2.038760376E-1,9.051377563E0,1.529669037E0
5.259406242E1,-9.877958679E-1,8.495733032E0,8.433462524E-1
5.261396042E1,-1.863774261E0,8.502469025E0,5.682183838E-1
5.263385842E1,-2.224374390E-1,9.266031189E0,1.993704071E0
5.265375642E1,1.723964996E0,9.828411713E0,3.205583954E0
5.267365442E1,8.113128662E-1,8.675359497E0,2.756218414E0
5.269355242E1,-2.240840149E0,7.121440887E0,9.472302246E-1
5.271345042E1,7.168592834E-1,8.205037537E0,1.595382385E0
5.273334942E1,4.399501190E0,1.513517624E1,1.994003448E0
5.275324742E1,-3.680995331E0,1.739038651E1,1.473386078E0
5.277314542E1,-1.089793762E1,8.026159515E0,-2.687062225E0
5.279304342E1,1.151255951E0,4.282594299E0,4.131109314E0
5.281294142E1,9.303153992E0,9.465865631E0,9.795629883E-1
5.283283942E1,8.623567200E-1,1.130643814E1,6.542594604E0
5.285273742E1,-2.769241333E-1,9.511071625E0,2.410437469E0
5.287263542E1,4.539759521E0,9.237590332E0,1.633553009E0
5.289253442E1,2.544408875E0,9.878258057E0,2.112556915E0
5.291243242E1,1.157093811E-1,8.068970490E0,3.029400330E0
5.293233042E1,-4.354444885E-1,9.111851807E0,3.806135101E0
5.295222842E1,2.802172852E-1,1.047671356E1,3.949985962E0
5.297212642E1,1.613045654E0,9.137448578E0,2.663860474E0
5.299202442E1,3.070265350E0,9.561816101E0,-1.435514832E-1
5.301192242E1,1.685944061E0,9.358987885E0,1.271605682E0
5.303182042E1,1.021026764E0,1.095062805E1,2.080822906E0
5.305171804E1,1.234931946E0,8.339308319E0,2.632725220E0
5.307161704E1,4.783003693E0,8.173453217E0,2.556683350E0
5.309151504E1,4.939278717E0,1.033091675E1,3.738326111E0
5.311141304E1,1.625619507E-1,9.991572418E0,2.520758057E0
5.313131104E1,-1.813478851E0,9.884994049E0,4.617897034E-1
5.315120904E1,-9.183403015E-1,9.327852631E0,-5.319937134E-1
5.317110704E1,2.116448822E0,9.151219940E0,-6.426136780E-1
5.319100504E1,3.407214661E0,1.003079086E1,6.264472961E-1
5.321090304E1,1.614692230E0,9.974507904E0,1.194815369E0
5.323080204E1,1.100062408E0,9.540709991E0,1.849553833E0
5.325070004E1,1.822609863E0,9.319320374E0,2.052980804E0
5.327059804E1,2.486179962E0,9.630822601E0,2.084565125E0
5.329049604E1,2.315385132E0,9.708660736E0,2.272424469E0
5.331039404E1,1.999990997E0,9.295370178E0,2.096540222E0
5.333029204E1,1.913919983E0,9.255852356E0,2.275717621E0
5.335019004E1,1.890568542E0,9.439969482E0,2.588117981E0
5.337008804E1,1.855990448E0,9.470655670E0,2.347867584E0
5.338998704E1,2.041305084E0,9.267228699E0,2.328707428E0
5.340988504E1,2.392025757E0,9.446106720E0,2.252216492E0
5.342978304E1,2.358794861E0,9.477391663E0,1.921105042E0
5.344968104E1,1.951491852E0,9.552535400E0,1.817819824E0
5.346957904E1,1.710642700E0,9.379944305E0,2.313888245E0
5.348947704E1,1.911824341E0,9.502090302E0,1.702260132E0
5.350937504E1,2.136357422E0,9.540709991E0,1.917662201E0
5.352927404E1,2.191742249E0,9.122629395E0,1.540895691E0
5.354917204E1,2.482138367E0,9.293274536E0,1.654210052E0
5.356907004E1,2.423161011E0,9.397457886E0,2.126777344E0
5.358896804E1,2.205214233E0,9.701026611E0,2.282004547E0
5.360886604E1,1.877246246E0,9.530830536E0,2.240241394E0
5.362876404E1,1.813179474E0,9.420360260E0,1.898951111E0
5.364866204E1,2.016456757E0,9.651479645E0,1.692530365E0
5.366856004E1,1.768871613E0,9.518855438E0,1.883084106E0
5.368845904E1,1.384171600E0,9.569749603E0,2.069296875E0
5.370835704E1,1.652413788E0,9.573940887E0,2.061662750E0
5.372825504E1,1.986668701E0,9.551637268E0,2.159858551E0
5.374815304E1,2.014361115E0,9.558822327E0,2.151026917E0
5.376805104E1,2.061812439E0,9.428593140E0,2.185006256E0
5.378794904E1,2.638413391E0,9.324110413E0,2.202220459E0
5.380784704E1,2.669698334E0,9.649234314E0,1.415456543E0
5.382774604E1,2.002984772E0,9.534722443E0,1.461560669E0
5.384764404E1,1.692829742E0,8.996741180E0,1.045725403E0
5.386754204E1,1.984573059E0,9.184750214E0,1.147214355E0
5.388744004E1,2.713108063E0,9.525292053E0,1.313967590E0
5.390733804E1,2.854863281E0,9.956545258E0,1.009500732E0
5.392723604E1,1.825304260E0,9.823621674E0,8.265811157E-1
5.394713404E1,8.563691711E-1,9.571994934E0,6.972500610E-1
5.396703304E1,8.050259399E-1,9.737850037E0,5.929170227E-1
5.398693104E1,1.144070892E0,9.984087982E0,6.436614990E-1
5.400682904E1,1.281036072E0,9.904752960E0,1.146166534E0
5.402672704E1,1.347198486E0,9.842781830E0,7.809260559E-1
5.404662533E1,1.164428558E0,9.723629608E0,9.053173828E-1
5.406652333E1,1.561403046E0,9.642198944E0,8.017327881E-1
5.408642133E1,1.899100800E0,9.585167542E0,1.065484314E0
5.410632033E1,1.836081848E0,9.635313263E0,1.409169617E0
5.412621833E1,1.801204376E0,9.634564819E0,1.565594330E0
5.414611633E1,1.798360291E0,9.754615173E0,1.468296661E0
5.416601433E1,1.480571136E0,9.610015869E0,1.178499298E0
5.418591233E1,1.106049957E0,9.472152557E0,9.879455566E-1
5.420581033E1,1.330583038E0,9.575437775E0,1.095272369E0
5.422570833E1,1.604812775E0,9.746681671E0,1.207838287E0
5.424560633E1,1.275946655E0,9.806257782E0,1.698817291E0
5.426550533E1,1.059197388E0,9.812844086E0,1.763183441E0
5.428540333E1,1.099763031E0,9.924362183E0,1.629361725E0
5.430530133E1,8.794212341E-1,9.911339264E0,1.328786774E0
5.432519933E1,5.295986938E-1,9.867779846E0,1.333876190E0
5.434509733E1,2.990780640E-1,9.709259491E0,1.655706940E0
5.436499533E1,1.339714050E-1,9.645641785E0,2.052082672E0
5.438489333E1,2.106120300E-1,9.528734894E0,1.885928192E0
5.440479233E1,5.740562439E-1,9.773026886E0,1.619182892E0
5.442469033E1,9.240284729E-1,9.600286102E0,1.538201294E0
5.444458833E1,1.304986267E0,9.359886017E0,1.375190277E0
5.446448633E1,1.833537140E0,9.583071899E0,1.572779388E0
5.448438433E1,2.044149170E0,9.656718750E0,1.793270874E0
5.450428233E1,1.950144653E0,9.947264557E0,1.624571686E0
5.452418033E1,1.478625183E0,1.008018814E1,1.090182953E0
5.454407933E1,8.999285889E-1,9.633067932E0,1.010099487E0
5.456397733E1,5.044509888E-2,9.358688507E0,8.659492493E-1
5.458387533E1,-6.626719666E-1,9.565708008E0,4.209246826E-1
5.460377333E1,2.227368164E-1,9.718540192E0,5.031037903E-1
5.462367133E1,1.099613342E0,9.776469727E0,-4.631369019E-1
5.464356933E1,-3.382965088E-1,9.857151947E0,-1.582209778E0
5.466346733E1,-1.032702484E0,9.780511322E0,-2.223326569E0
5.468336633E1,-6.670129395E-1,9.801467743E0,-1.489402771E0
5.470326433E1,-8.321195984E-1,9.741442566E0,1.287322998E-1
5.472316233E1,-5.894741821E-1,9.851164398E0,9.327104187E-1
5.474306033E1,3.065625000E-1,9.886490936E0,3.357518005E-1
5.476295833E1,1.125509491E0,9.920919342E0,-8.018824768E-1
5.478285633E1,1.152752838E0,9.663903809E0,-2.041155396E0
5.480275433E1,7.125183105E-2,9.670190735E0,-1.930535431E0
5.482265233E1,-1.445693665E0,9.934391327E0,-9.463320923E-1
5.484255133E1,-1.538800049E0,1.001507355E1,-3.501219177E-1
5.486244933E1,-7.237449646E-1,9.622290344E0,-2.658471680E-1
5.488234733E1,-4.281097412E-1,9.538314972E0,-5.822891235E-1
5.490224533E1,2.037263489E-1,1.000294876E1,-1.007405090E0
5.492214333E1,4.348457336E-1,9.949060822E0,-1.091230774E0
5.494204133E1,-3.909869385E-1,9.742340698E0,-7.277865601E-1
5.496193933E1,-1.430275726E0,9.721234589E0,-9.101074219E-1
5.498183833E1,-1.471290436E0,9.751771088E0,-9.550140381E-1
5.500173633E1,-5.471122742E-1,9.887389069E0,-1.696122894E0
5.502163433E1,-5.878276062E-1,9.846823425E0,-1.455872498E0
5.504153233E1,-1.027463379E0,9.743987274E0,-1.134041748E0
5.506142996E1,-8.297245789E-1,9.972262573E0,-9.551637268E-1
5.508132796E1,-7.439529419E-1,9.864786072E0,-1.004261627E0
5.510122596E1,-7.506889343E-1,9.818382568E0,-1.209933929E0
5.512112396E1,-6.206094360E-1,9.705966339E0,-1.255289612E0
5.514102296E1,-4.541555786E-1,9.502539368E0,-9.413923645E-1
5.516092096E1,2.724334717E-1,9.648934937E0,-2.715353394E-1
5.518081896E1,7.705975342E-1,9.866282959E0,3.614982605E-1
5.520071696E1,8.509803772E-1,1.011252090E1,2.924917603E-1
5.522061496E1,3.435356140E-1,9.745334473E0,-6.240522766E-1
5.524051296E1,-3.990701294E-1,9.639803925E0,-1.162632294E0
5.526041096E1,-1.124311981E0,9.725725250E0,-1.176703033E0
5.528030996E1,-1.568887482E0,9.782756653E0,-8.056246948E-1
5.530020796E1,-1.171613617E0,9.805509338E0,-5.757028198E-1
5.532010596E1,-3.876937866E-1,9.772128754E0,-9.677375793E-1
5.534000396E1,4.879852295E-1,9.668095093E0,-1.135388947E0
5.535990196E1,7.153623962E-1,9.571994934E0,-8.646020508E-1
5.537979996E1,3.276686096E-1,9.895472260E0,-6.985972595E-1
5.539969796E1,2.302212524E-1,1.010653336E1,-1.055305481E0
5.541959696E1,9.744735718E-2,9.633367310E0,-1.409319305E0
5.543949496E1,-4.984634399E-2,9.426647186E0,-1.678759003E0
5.545939296E1,-1.234931946E-1,9.898915100E0,-1.726360016E0
5.547929096E1,-2.478845215E-1,1.001582199E1,-1.926044769E0
5.549918896E1,-1.763333130E-1,9.875114594E0,-2.420765991E0
5.551908696E1,-2.013313293E-1,9.568552094E0,-2.761307831E0
5.553898496E1,-4.423301697E-1,9.738598480E0,-2.340233459E0
5.555888396E1,-7.761360168E-1,9.879006500E0,-1.859582977E0
5.557878196E1,-8.797206116E-1,9.862540741E0,-1.966011658E0
5.559867996E1,-6.875202942E-1,9.785001984E0,-2.331401825E0
5.561857796E1,-5.927673340E-1,9.667795715E0,-2.349813538E0
5.563847596E1,-7.319778442E-1,9.626930695E0,-1.979783020E0
5.565837396E1,-7.692503357E-1,9.837692413E0,-1.659898224E0
5.567827196E1,-4.574487305E-1,9.931696930E0,-1.533411255E0
5.569816996E1,-1.727407837E-1,9.737101593E0,-1.700314178E0
5.571806896E1,-2.237846375E-1,9.620344391E0,-1.770069122E0
5.573796696E1,-6.077362061E-1,9.721084900E0,-1.887874146E0
5.575786496E1,-1.043031006E0,9.906848602E0,-1.777254181E0
5.577776296E1,-1.133892059E0,9.796378326E0,-1.690434723E0
5.579766096E1,-9.880952454E-1,9.633966064E0,-1.638043671E0
5.581755896E1,-8.876541138E-1,9.693691864E0,-1.500180359E0
5.583745696E1,-8.613088989E-1,9.797276459E0,-1.518891449E0
5.585735596E1,-8.677455139E-1,9.829758911E0,-1.625619507E0
5.587725396E1,-9.189390564E-1,9.666149139E0,-1.511856079E0
5.589715196E1,-8.409512329E-1,9.533524933E0,-1.278341675E0
5.591704996E1,-6.508465576E-1,9.532626801E0,-1.093625793E0
5.593694796E1,-3.076103210E-1,9.711804199E0,-6.002517700E-1
5.595684596E1,-7.484436035E-4,9.581724701E0,-1.311273193E-1
5.597674396E1,2.525248718E-1,9.360335083E0,2.685415649E-1
5.599664196E1,3.270698547E-1,9.517059174E0,4.831951904E-1
5.601654096E1,9.699829102E-2,9.712552643E0,5.316943359E-1
5.603643896E1,-2.656974792E-1,9.600884857E0,4.578977966E-1
5.605633671E1,-4.942721558E-1,9.350605316E0,6.819818115E-1
5.607623471E1,-5.352868652E-1,9.329199829E0,8.502319336E-1
5.609613271E1,-4.833448792E-1,9.553134155E0,1.027613068E0
5.611603071E1,-8.451425171E-1,9.999954987E0,7.999365234E-1
5.613592871E1,-1.490600281E0,1.033271301E1,6.896159363E-1
5.615582771E1,-1.456171875E0,9.675579529E0,5.336402893E-1
5.617572571E1,-9.391470337E-1,9.132359161E0,2.234104156E0
5.619562371E1,1.332229614E-2,1.000684067E1,3.193758545E0
5.621552171E1,7.235952759E-1,1.128233826E1,3.372935944E0
5.623541971E1,7.430548096E-1,1.266007324E1,3.315305786E0
5.625531771E1,2.405497742E-1,1.285332138E1,2.964136047E0
5.627521571E1,8.488847351E-1,1.174397827E1,3.155438232E0
5.629511371E1,2.487078094E0,1.108594666E1,3.557053070E0
5.631501271E1,3.113824768E0,1.084300186E1,4.303251343E0
5.633491071E1,2.500400391E0,1.034573593E1,4.400698700E0
5.635480871E1,1.366807709E0,9.908195801E0,4.039649506E0
5.637470671E1,6.182144165E-1,9.466165009E0,3.774401093E0
5.639460471E1,5.066963196E-1,8.985664215E0,3.788322144E0
5.641450271E1,7.376660156E-1,8.596922607E0,4.263733521E0
5.643440071E1,1.015488281E0,8.309370575E0,4.920417938E0
5.645429971E1,1.568139038E0,8.209228821E0,5.555547180E0
5.647419771E1,2.068249054E0,8.039182434E0,6.068231049E0
5.649409571E1,2.619253235E0,7.427254944E0,6.489006042E0
5.651399371E1,3.181783447E0,6.666237488E0,6.342161407E0
5.653389171E1,3.328628082E0,6.303092651E0,6.116730194E0
5.655378971E1,3.063978424E0,6.387816467E0,6.033503265E0
5.657368771E1,2.796035614E0,6.220464478E0,6.203699341E0
5.659358671E1,2.325863342E0,5.864355011E0,6.424789581E0
5.661348471E1,1.594933319E0,5.471122742E0,6.625971222E0
5.663338271E1,1.036444702E0,5.321583710E0,6.816524963E0
5.665328071E1,1.270408173E0,5.810766449E0,6.902296600E0
5.667317871E1,2.051483917E0,6.130501556E0,7.351961517E0
5.669307671E1,2.516566772E0,5.818849640E0,7.649393005E0
5.671297471E1,2.748584290E0,5.601800995E0,7.754624176E0
5.673287371E1,2.632575531E0,5.583389282E0,7.499105530E0
5.675277171E1,2.147883453E0,5.283562775E0,7.425758057E0
5.677266971E1,1.658850403E0,4.960833893E0,7.406448212E0
5.679256771E1,1.357676697E0,4.765789490E0,7.438780975E0
5.681246571E1,1.026565247E0,4.802014160E0,7.450157318E0
5.683236371E1,7.713459778E-1,5.352120209E0,7.459288330E0
5.685226171E1,8.990304565E-1,5.905669098E0,7.351961517E0
5.687216071E1,1.342408447E0,5.742209015E0,7.258406067E0
5.689205871E1,1.680854645E0,5.343438263E0,7.374265137E0
5.691195671E1,1.772613831E0,5.391488342E0,7.453300781E0
5.693185471E1,1.730102234E0,5.841752014E0,7.457042999E0
5.695175271E1,1.287173309E0,6.182742920E0,7.595205688E0
5.697165071E1,8.622070313E-1,6.089037781E0,7.700885925E0
5.699154871E1,8.801696777E-1,5.718258820E0,7.980504456E0
5.701144671E1,1.319356384E0,5.511838074E0,8.233927460E0
5.703134571E1,1.751058655E0,5.712570648E0,8.310867462E0
5.705124429E1,1.938618622E0,5.948929138E0,8.402776337E0
5.707114229E1,1.884131927E0,5.827830963E0,8.287965088E0
5.709104029E1,1.627266083E0,5.439239044E0,8.099806366E0
5.711093829E1,1.157692566E0,5.152884521E0,7.978109436E0
5.713083629E1,7.469467163E-1,5.211562500E0,7.891289978E0
5.715073429E1,4.412823486E-1,5.414390717E0,7.831564178E0
5.717063329E1,2.528242493E-1,5.621859283E0,7.657775574E0
5.719053129E1,-1.332229614E-1,5.811963959E0,7.628137207E0
5.721042929E1,-5.483097839E-1,5.829477539E0,7.702831879E0
5.723032729E1,-3.141966248E-1,5.857768707E0,7.618108063E0
5.725022529E1,1.517843628E-1,6.056854706E0,7.584727478E0
5.727012329E1,3.782633972E-1,6.301595764E0,7.629334717E0
5.729002129E1,3.978726196E-1,6.404731293E0,7.660170593E0
5.730992029E1,3.806584167E-1,6.321953430E0,7.703580322E0
5.732981829E1,5.182223511E-1,6.259084167E0,7.749834137E0
5.734971629E1,6.005511475E-1,6.314169617E0,7.681725769E0
5.736961429E1,6.750961304E-1,6.238576813E0,7.649093628E0
5.738951229E1,5.885760498E-1,6.281986542E0,7.558681641E0
5.740941029E1,7.237449646E-1,6.528523865E0,7.474556580E0
5.742930829E1,8.295748901E-1,6.452481995E0,7.557334442E0
5.744920729E1,8.388555908E-1,5.980064392E0,7.419321442E0
5.746910529E1,7.244934082E-1,5.951024780E0,7.436385956E0
5.748900329E1,7.927514648E-1,6.573729858E0,7.376510468E0
5.750890129E1,8.852590942E-1,6.837930450E0,7.826774139E0
5.752879929E1,9.785151672E-1,6.534511414E0,7.294331360E0
5.754869729E1,4.453239441E-1,6.168821869E0,7.440876617E0
5.756859529E1,-3.638932800E-1,6.929539948E0,6.813531189E0
5.758849429E1,1.459914093E0,6.901847534E0,6.481072540E0
5.760839229E1,9.651928711E-1,6.845115509E0,7.789351959E0
5.762829029E1,-2.439926147E-2,5.374274139E0,8.026758270E0
5.764818829E1,-1.264570312E0,6.617139587E0,6.787635040E0
5.766808629E1,-2.224374390E0,7.120093689E0,7.258406067E0
5.768798429E1,-3.210823059E-1,6.888076172E0,6.947951660E0
5.770788229E1,7.200027466E-2,6.633156281E0,6.928342438E0
5.772778129E1,5.403762817E-2,6.336772614E0,7.275021515E0
5.774767929E1,-9.729766846E-2,6.440656586E0,7.451205139E0
5.776757729E1,3.659889221E-1,6.933132477E0,7.380102997E0
5.778747529E1,1.123413849E0,7.313341827E0,7.360493774E0
5.780737329E1,1.082997894E0,6.997348938E0,7.453600159E0
5.782727129E1,2.377056885E-1,6.335126038E0,7.461833038E0
5.784716929E1,-1.291813660E-1,6.211183777E0,7.298372955E0
5.786706829E1,-1.182540894E-1,6.553072815E0,7.268135834E0
5.788696629E1,-1.269360352E-1,6.806346130E0,7.278314667E0
5.790686429E1,2.941383362E-1,7.016808472E0,7.176825714E0
5.792676229E1,1.541793823E-2,6.649023285E0,7.153174896E0
5.794666029E1,-7.469467163E-2,6.183790741E0,7.344477081E0
5.796655829E1,4.423301697E-1,6.407126312E0,7.323221283E0
5.798645629E1,7.927514648E-1,6.755901031E0,7.421866150E0
5.800635529E1,1.096769257E0,7.034322052E0,7.572453003E0
5.802625329E1,2.713856506E-1,7.388934631E0,7.386389923E0
5.804615129E1,4.891827393E-1,6.394103394E0,7.263196106E0
5.806604917E1,1.295106812E0,6.240822144E0,7.004084930E0
5.808594717E1,3.537144470E-1,6.391408997E0,7.053781586E0
5.810584517E1,-4.074526978E-1,6.336173859E0,7.231013031E0
5.812574317E1,7.708969116E-1,5.930966492E0,6.841672668E0
5.814564217E1,3.304228821E0,6.313121796E0,8.041427765E0
5.816554017E1,-7.054829407E-1,7.310198364E0,7.287445679E0
5.818543817E1,-5.560935974E-1,7.719447327E0,7.094347229E0
5.820533617E1,5.792953491E-1,7.083869019E0,6.706952820E0
5.822523417E1,4.201762390E-1,6.653813324E0,6.802154846E0
5.824513217E1,8.891510010E-1,6.312223663E0,7.011269989E0
5.826503017E1,2.929408264E-1,6.070326691E0,7.257807312E0
5.828492917E1,4.460723877E-1,6.473139038E0,7.803871765E0
5.830482717E1,1.111139374E0,6.821015625E0,7.333250427E0
5.832472517E1,7.378157043E-1,6.346053314E0,7.199428711E0
5.834462317E1,-1.871109009E-1,6.449039154E0,7.019802246E0
5.836452117E1,1.151106262E-1,6.363267517E0,6.687493286E0
5.838441917E1,5.433700562E-1,6.162834320E0,7.154073029E0
5.840431717E1,1.069226532E0,7.099436646E0,7.261399841E0
5.842421517E1,1.637893982E0,8.054750061E0,7.187004547E0
5.844411417E1,1.542991333E0,7.383695526E0,7.455546112E0
5.846401217E1,1.411564636E-1,6.647077332E0,7.485932922E0
5.848391017E1,1.290316772E-1,6.913672943E0,7.316634979E0
5.850380817E1,6.810836792E-1,7.535030823E0,7.098688202E0
5.852370617E1,5.276527405E-1,7.726333008E0,6.835984497E0
5.854360417E1,1.549278259E-1,7.110064545E0,6.812183990E0
5.856350217E1,-3.685336304E-1,6.778054962E0,6.412515106E0
5.858340117E1,3.847000122E-2,6.934030609E0,6.258335724E0
5.860329917E1,-2.218386841E-1,6.638395386E0,6.381828918E0
5.862319717E1,-8.568182373E-1,6.950496368E0,6.742578735E0
5.864309517E1,-1.249302063E0,7.569010162E0,6.896309052E0
5.866299317E1,-6.683601379E-1,7.999514923E0,6.893015900E0
5.868289117E1,-3.640429688E-1,7.529642029E0,6.957232361E0
5.870278917E1,-2.570155334E-1,7.217840424E0,7.201674042E0
5.872268817E1,2.409988403E-2,7.329657898E0,7.136709137E0
5.874258617E1,1.672023010E-1,7.540718994E0,7.022197266E0
5.876248417E1,-1.438508606E-1,7.382647705E0,6.926546173E0
5.878238217E1,-7.508386230E-1,7.103328552E0,7.122039642E0
5.880228017E1,-7.810757446E-1,7.423363037E0,7.053781586E0
5.882217817E1,-3.257226562E-1,7.559729462E0,6.906038818E0
5.884207617E1,-1.848655701E-1,7.015461273E0,6.822512512E0
5.886197517E1,-1.335223389E-1,6.982978821E0,6.868017883E0
5.888187317E1,6.556365967E-2,7.434290314E0,6.993007965E0
5.890177117E1,4.212240601E-1,7.394473114E0,6.718329163E0
5.892166917E1,2.219883728E-1,6.673272858E0,6.655310211E0
5.894156717E1,-2.724334717E-1,6.291865997E0,6.774163055E0
5.896146517E1,-1.407073975E-1,6.788682861E0,6.819369049E0
5.898136317E1,1.874102783E-1,7.065756683E0,6.916966095E0
5.900126217E1,2.694396973E-1,6.686894531E0,6.938221893E0
5.902116017E1,7.679031372E-2,6.486311646E0,7.123835907E0
5.904105817E1,1.772314453E-1,6.801107025E0,7.016509094E0
5.906095729E1,5.176235962E-1,7.022496643E0,6.989565125E0
5.908085529E1,6.047424316E-1,6.882837067E0,7.004533997E0
5.910075329E1,4.599934387E-1,6.822213135E0,6.985972595E0
5.912065229E1,2.381547546E-1,7.028484192E0,6.932833099E0
5.914055029E1,1.360670471E-1,7.216792603E0,6.875352631E0
5.916044829E1,3.158432007E-2,7.114555206E0,6.769373016E0
5.918034629E1,-1.437011719E-2,6.900051270E0,6.751709747E0
5.920024429E1,1.468446350E-1,6.694828033E0,6.921157379E0
5.922014229E1,2.125579834E-1,6.740932159E0,6.896458740E0
5.924004029E1,2.294728088E-1,6.955436096E0,6.958878937E0
5.925993829E1,1.037342834E-1,7.047344971E0,7.102280731E0
5.927983729E1,1.965412903E-1,6.969656525E0,7.161407776E0
5.929973529E1,5.592370605E-1,6.934479675E0,7.132817230E0
5.931963329E1,7.466473389E-1,6.785988464E0,7.115004272E0
5.933953129E1,6.276448059E-1,6.654561768E0,7.119195557E0
5.935942929E1,3.622467041E-1,6.744075623E0,7.025041351E0
5.937932729E1,3.164419556E-1,6.809339905E0,6.917415161E0
5.939922529E1,3.149450684E-1,6.664590912E0,6.873855743E0
5.941912429E1,2.576142883E-1,6.788982239E0,6.879693604E0
5.943902229E1,3.297642517E-1,7.191345520E0,6.925049286E0
5.945892029E1,4.456233215E-1,7.175777893E0,7.125033417E0
5.947881829E1,5.571414185E-1,6.957831116E0,6.974446564E0
5.949871629E1,4.442761230E-1,7.191345520E0,7.029681702E0
5.951861429E1,3.968247986E-1,7.467970276E0,7.044500885E0
5.953851329E1,4.010160828E-1,7.217391357E0,7.048991547E0
5.955841129E1,2.802172852E-1,6.933731232E0,6.921157379E0
5.957830929E1,1.746867371E-1,7.077731781E0,6.865772552E0
5.959820729E1,1.166075134E-1,7.220983887E0,6.919361115E0
5.961810529E1,1.532812500E-1,7.032076721E0,6.931485901E0
5.963800329E1,2.079176331E-1,6.908733215E0,6.887028351E0
5.965790129E1,1.898052979E-1,7.083869019E0,6.826853485E0
5.967780029E1,3.876937866E-1,7.185058594E0,6.853797455E0
5.969769829E1,4.697232056E-1,7.101981354E0,6.863377533E0
5.971759629E1,3.652404785E-1,7.060816956E0,6.829547882E0
5.973749429E1,2.760260010E-1,7.147037659E0,6.789281616E0
5.975739229E1,2.086660767E-1,7.241341553E0,6.729855194E0
5.977729029E1,1.998344421E-1,7.238946533E0,6.773713989E0
5.979718829E1,2.501298523E-1,7.067852325E0,6.835834808E0
5.981708729E1,2.404000854E-1,6.996750183E0,6.796167297E0
5.983698529E1,2.287243652E-1,7.229665833E0,6.722071381E0
5.985688329E1,2.797682190E-1,7.344626770E0,6.767576752E0
5.987678129E1,2.327659607E-1,7.088359680E0,6.743177490E0
5.989667929E1,1.417552185E-1,7.071594543E0,6.731950836E0
5.991657729E1,2.197430420E-1,7.480993195E0,6.666087799E0
5.993647529E1,2.647993469E-1,7.459138641E0,6.714137878E0
5.995637429E1,1.683998108E-1,7.073989563E0,6.813830566E0
5.997627229E1,1.074765015E-1,7.074438629E0,6.769223328E0
5.999617029E1,2.549198914E-1,7.302414551E0,6.784641266E0
6.001606829E1,3.923341370E-1,7.382198639E0,6.706503754E0
6.003596629E1,4.182302856E-1,7.385940857E0,6.724616089E0
6.005586329E1,2.712359619E-1,7.360793152E0,6.816524963E0
6.007576129E1,1.061293030E-1,7.151528320E0,6.801705780E0
6.009566029E1,4.370910645E-2,7.092700653E0,6.651567993E0
6.011555829E1,2.586621094E-1,7.295828247E0,6.638395386E0
6.013545629E1,1.514849854E-1,7.387886810E0,6.769373016E0
6.015535429E1,6.182144165E-2,7.143445129E0,6.703509979E0
6.017525229E1,1.170565796E-1,7.069349213E0,6.732250214E0
6.019515029E1,-6.137237549E-3,7.320526886E0,6.690037994E0
6.021105908E1,1.500928802E0,7.330106964E0,6.557713165E0
6.023095708E1,1.794917450E0,7.370971985E0,6.312373352E0
6.025085608E1,1.872905273E0,7.145540771E0,6.420149231E0
6.027075508E1,1.569037170E0,7.121291199E0,6.477330322E0
6.029065408E1,1.080153809E0,7.352260895E0,6.574029236E0
6.031055308E1,1.319506073E0,7.122488708E0,6.473588104E0
6.033045108E1,1.564696198E0,7.687114563E0,6.471791840E0
6.035035008E1,1.649120636E0,7.592361603E0,6.537056122E0
6.037024908E1,1.759141846E0,7.127129059E0,6.539002075E0
6.039014808E1,1.688189392E0,7.383695526E0,6.504873047E0
6.041004608E1,1.570983124E0,7.425009613E0,6.481371918E0
6.042994508E1,1.476978607E0,7.194488983E0,6.477030945E0
6.044984404E1,1.551224213E0,7.047344971E0,6.416257324E0
6.046974304E1,1.390159149E0,7.053482208E0,6.587950287E0
6.048964204E1,1.356479187E0,6.882837067E0,6.549330597E0
6.050954004E1,1.441053314E0,6.884633331E0,6.477779388E0
6.052943904E1,1.190923462E0,7.341333618E0,6.631210327E0
6.054933804E1,1.343905334E0,8.342751160E0,7.345524902E0
6.056923704E1,1.190923462E0,8.535999298E0,7.206763458E0
6.058913604E1,9.404942322E-1,7.204218750E0,7.291187897E0
6.060903404E1,6.219566345E-1,6.669830017E0,7.062164154E0
6.062893304E1,5.501060486E-1,7.282356262E0,6.962621155E0
6.064883204E1,5.116360474E-1,7.922275543E0,6.633455658E0
6.066873104E1,7.005432129E-2,8.176446991E0,6.578819275E0
6.068862904E1,-1.187031555E-1,7.783364410E0,6.352639618E0
6.070852804E1,-6.810836792E-2,7.294481049E0,6.118227081E0
6.072842704E1,-1.288819885E-1,7.166347504E0,6.017486572E0
6.074832604E1,-2.791694641E-1,7.391928406E0,5.839207306E0
6.076822504E1,-3.939807129E-1,7.666008453E0,5.701044617E0
6.078812304E1,-5.641767883E-1,7.965984650E0,5.806874542E0
6.080802204E1,-5.231620789E-1,8.035589905E0,5.845194855E0
6.082792104E1,-3.426374817E-1,7.620353394E0,5.865103455E0
6.084782004E1,-3.490740967E-1,7.406897278E0,6.018684082E0
6.086771904E1,-5.135820007E-1,7.857011261E0,6.085744629E0
6.088761704E1,-4.872367859E-1,8.170459442E0,6.307283936E0
6.090751604E1,-4.143383789E-1,7.759414215E0,6.551276550E0
6.092741504E1,-4.305047607E-1,7.258256378E0,6.541247406E0
6.094731404E1,-5.254074097E-1,7.256011047E0,6.405030670E0
6.096721304E1,-5.191204834E-1,7.592062225E0,6.302493896E0
6.098711104E1,-4.119433594E-1,7.766150208E0,6.347550201E0
6.100701004E1,-4.908293152E-1,7.607779541E0,6.506220245E0
6.102690904E1,-5.956114197E-1,7.395371246E0,6.618337097E0
6.104680804E1,-7.827223206E-1,7.375612335E0,6.608307953E0
6.106670604E1,-9.235794067E-1,7.448061676E0,6.566844177E0
6.108660504E1,-9.548643494E-1,7.518265686E0,6.445446625E0
6.110650404E1,-9.767189026E-1,7.526947632E0,6.295458527E0
6.112640304E1,-1.137185211E0,7.270830231E0,6.409072266E0
6.114630204E1,-1.077758789E0,7.067103882E0,6.375991058E0
6.116620004E1,-8.770262146E-1,7.180418243E0,6.299051056E0
6.118609904E1,-9.105564880E-1,7.494165802E0,6.203849030E0
6.120599804E1,-1.133592682E0,7.548502808E0,6.130800934E0
6.122589704E1,-1.450932770E0,7.145989838E0,6.184988251E0
6.124579604E1,-1.587897949E0,6.631509705E0,6.300248566E0
6.126569404E1,-1.420695648E0,6.628366241E0,6.330186310E0
6.128559304E1,-8.707392883E-1,7.237749023E0,6.441704407E0
6.130549204E1,-5.542973328E-1,8.206085358E0,6.401587830E0
6.132539104E1,-5.065466309E-1,8.757239227E0,6.446494446E0
6.134529004E1,-5.176235962E-1,8.278534698E0,6.361171875E0
6.136518804E1,-6.357279968E-1,7.453749847E0,6.210135956E0
6.138508704E1,-6.559359741E-1,7.332801361E0,6.180048523E0
6.140498604E1,-5.287005615E-1,7.716004486E0,6.155200195E0
6.142488504E1,-3.141966248E-1,7.676636353E0,6.163882141E0
6.144478342E1,-2.579136658E-1,7.222480774E0,6.159391479E0
6.146468142E1,-2.074685669E-1,7.079528046E0,6.239774323E0
6.148458042E1,6.286926270E-3,7.231312408E0,6.198310547E0
6.150447942E1,4.984634399E-2,7.414531403E0,6.010301514E0
6.152437842E1,-2.869532776E-1,7.586823120E0,5.890101471E0
6.154427642E1,-7.241940308E-1,7.719896393E0,5.934708710E0
6.156417542E1,-7.045848083E-1,7.642357635E0,5.935008087E0
6.158407442E1,-4.930746460E-1,7.548203430E0,5.968837738E0
6.160397342E1,-3.231779480E-1,7.715555420E0,5.962401123E0
6.162387242E1,-3.252735901E-1,7.793094177E0,6.051166534E0
6.164377042E1,-2.975811768E-1,7.857011261E0,6.114634552E0
6.166366942E1,-2.056723022E-1,7.818241882E0,6.015989685E0
6.168356842E1,-3.109034729E-1,7.794740753E0,5.973029022E0
6.170346742E1,-2.237846375E-1,7.902217255E0,5.846542053E0
6.172336642E1,-1.657054138E-1,7.858657837E0,5.914351044E0
6.174326442E1,-2.158511353E-1,7.703131256E0,5.828280029E0
6.176316342E1,-2.541714478E-1,7.708819427E0,5.723946991E0
6.178306242E1,-4.638853455E-1,7.927065582E0,5.745951233E0
6.180296142E1,-4.204756165E-1,8.039781189E0,5.831273804E0
6.182286042E1,-3.350033569E-1,7.993227997E0,5.852828979E0
6.184275842E1,-2.868035889E-1,8.087382202E0,5.814658356E0
6.186265742E1,-2.592608643E-1,8.175399170E0,5.778283997E0
6.188255642E1,-1.927990723E-1,8.062533875E0,5.693859558E0
6.190245542E1,-2.389031982E-1,7.690707092E0,5.674400024E0
6.192235442E1,-4.797523499E-1,7.548053741E0,5.629493408E0
6.194225242E1,-7.451504517E-1,7.732320557E0,5.543721771E0
6.196215142E1,-5.626799011E-1,8.068820801E0,5.404511261E0
6.198205042E1,-2.824626160E-1,8.270002441E0,5.361400909E0
6.200194942E1,-3.591032410E-1,8.440497894E0,5.168302460E0
6.202184742E1,-5.616320801E-1,8.525521088E0,5.021906891E0
6.204174642E1,-8.222401428E-1,8.280780029E0,4.941074982E0
6.206164542E1,-9.895921326E-1,8.067174225E0,4.734055481E0
6.208154442E1,-1.148262177E0,8.055348816E0,4.627028046E0
6.210144342E1,-1.484612732E0,8.074209595E0,4.809648285E0
6.212134142E1,-1.570384369E0,7.899223480E0,5.063969421E0
6.214124042E1,-1.303788757E0,7.697143707E0,5.192851410E0
6.216113942E1,-8.388555908E-1,7.960595856E0,5.213059387E0
6.218103842E1,-4.010160828E-1,8.524323578E0,5.056634674E0
6.220093742E1,-2.878514099E-1,8.612190857E0,5.214406586E0
6.222083542E1,-3.293151855E-1,8.405919800E0,5.257966003E0
6.224073442E1,-4.146377563E-2,8.756790161E0,5.146447906E0
6.226063342E1,2.649490356E-1,9.170230408E0,4.899311829E0
6.228053242E1,5.478607178E-2,9.081315308E0,4.761897583E0
6.230043142E1,-4.195774841E-1,8.785380707E0,4.761448517E0
6.232032942E1,-6.295907593E-1,8.717272339E0,4.759203186E0
6.234022842E1,-6.215075684E-1,8.955127716E0,4.636308746E0
6.236012742E1,-5.273533630E-1,9.059011688E0,4.638404388E0
6.238002642E1,-4.183799744E-1,8.898545380E0,4.764891357E0
6.239992542E1,-7.072792053E-1,8.544232178E0,4.740492096E0
6.241982342E1,-9.354048157E-1,8.427175598E0,4.929548950E0
6.243972254E1,-6.292913818E-1,8.607849884E0,5.159171448E0
6.245962154E1,-9.011260986E-2,8.718918915E0,5.248385925E0
6.247952054E1,1.811233521E-2,8.490493927E0,5.371430054E0
6.249941854E1,-5.108876038E-1,7.975115662E0,5.304369507E0
6.251931754E1,-7.762857056E-1,7.698640594E0,5.173691254E0
6.253921654E1,-7.461982727E-1,7.657625885E0,5.193899231E0
6.255911554E1,-5.788462830E-1,7.615413666E0,5.275030518E0
6.257901454E1,-7.238946533E-1,7.610623627E0,5.449567566E0
6.259891254E1,-1.076561279E0,7.622149658E0,5.681285706E0
6.261881154E1,-8.443940735E-1,7.528743896E0,5.449866943E0
6.263871054E1,-2.305206299E-1,7.771239624E0,5.458548889E0
6.265860954E1,1.237925720E-1,7.952063599E0,5.399421844E0
6.267850854E1,1.350192261E-1,7.696694641E0,5.410498810E0
6.269840654E1,-2.703378296E-1,7.343728638E0,5.199587402E0
6.271830554E1,-9.639953613E-1,7.491621094E0,5.214107208E0
6.273820454E1,-1.462009735E0,7.930658112E0,5.232818298E0
6.275810354E1,-1.478924561E0,7.599696350E0,5.102439423E0
6.277800254E1,-1.201551361E0,7.042704620E0,4.937482452E0
6.279790054E1,-7.777825928E-1,7.639214172E0,5.106031952E0
6.281779954E1,-5.330415344E-1,8.255931702E0,5.271737366E0
6.283769854E1,-2.588117981E-1,7.422015839E0,5.132227478E0
6.285759754E1,1.109193420E-1,6.265820160E0,5.082231445E0
6.287749654E1,2.739303589E-1,5.582042084E0,4.910987549E0
6.289739454E1,4.894821167E-2,5.225184174E0,4.755011902E0
6.291729354E1,-3.342549133E-1,5.390889587E0,4.738546143E0
6.293719254E1,-5.120851135E-1,5.825136566E0,4.828658752E0
6.295709154E1,-4.667294312E-1,5.335055695E0,4.775818634E0
6.297698954E1,-3.854484558E-1,4.508773956E0,4.073928223E0
6.299688854E1,-2.930905151E-1,4.731810150E0,3.777993622E0
6.301678754E1,-1.764830017E-1,6.924001465E0,2.624642029E0
6.303668654E1,2.140548706E-1,9.502090302E0,1.860630798E0
6.305658554E1,4.450245667E-1,9.995614014E0,1.615590363E0
6.307648354E1,1.975891113E-1,8.921298065E0,1.486858063E0
6.309638254E1,-3.382965088E-2,9.364526367E0,8.628057861E-1
6.311628154E1,-2.206411743E-1,1.061652283E1,3.052153015E-1
6.313618054E1,-3.405418396E-1,1.070843170E1,9.175918579E-2
6.315607954E1,-5.489085388E-1,1.010413834E1,-8.894503784E-1
6.317597754E1,-1.748064880E0,9.701176300E0,-9.562115479E-1
6.319587654E1,-2.203867035E0,9.847571869E0,-4.626878357E-1
6.321577554E1,-1.777703247E0,1.124311981E1,-6.149212646E-1
6.323567454E1,-1.259331207E0,1.275422745E1,-9.541159058E-1
6.325557354E1,-8.931925964E-1,1.247850082E1,-5.998027039E-1
6.327547154E1,-8.789721680E-1,1.035082535E1,-1.760339355E-1
6.329537054E1,-1.499581604E0,8.979976044E0,-6.194119263E-1
6.331526954E1,-2.018851776E0,9.942324829E0,-2.942880249E-1
6.333516854E1,-1.638193359E0,1.206550964E1,6.580316162E-1
6.335506654E1,-1.271006927E0,1.227208008E1,8.390052795E-1
6.337496554E1,-1.704206085E0,1.058538757E1,1.525328064E-1
6.339486454E1,-1.584305420E0,1.048928741E1,-4.176315308E-2
6.341476354E1,-3.820056152E-1,1.174427765E1,4.626878357E-1
6.343466242E1,-4.098477173E-1,1.131407227E1,1.257984009E0
6.345456042E1,-1.387165375E0,9.774374084E0,9.370513916E-1
6.347445942E1,-2.022294617E0,8.950637054E0,6.846762085E-1
6.349435842E1,-2.361638947E0,9.347910919E0,1.100661163E0
6.351425742E1,-1.890119476E0,9.647887115E0,2.317331085E0
6.353415642E1,-1.949994965E0,9.173224182E0,2.257605286E0
6.355405442E1,-2.566862183E0,9.044491882E0,1.627116394E0
6.357395342E1,-2.303709412E0,9.676926727E0,2.397414551E0
6.359385242E1,-1.472338257E0,9.939480743E0,2.458038483E0
6.361375142E1,-1.652862854E0,9.551038513E0,1.966760101E0
6.363364942E1,-2.332749023E0,9.806108093E0,1.728455658E0
6.365354842E1,-3.194207611E0,1.068792435E1,1.940115509E0
6.367344742E1,-3.350332947E0,1.075827805E1,2.084714813E0
6.369334642E1,-2.777773590E0,9.923464050E0,1.843715973E0
6.371324542E1,-2.920726318E0,9.009913788E0,3.000061340E0
6.373314342E1,-2.533182220E0,9.237141266E0,3.224893799E0
6.375304242E1,-2.121538239E0,1.038809784E1,3.064128113E0
6.377294142E1,-2.555336151E0,1.006072861E1,2.833008728E0
6.379284042E1,-3.266656952E0,9.132209473E0,2.952909393E0
6.381273942E1,-2.651286621E0,8.585845642E0,3.965104523E0
6.383263742E1,-2.010618896E0,1.054287598E1,4.252955933E0
6.385253642E1,-3.519331512E0,1.186088516E1,3.983216858E0
6.387243542E1,-4.321363678E0,1.004396347E1,3.016078033E0
6.389233442E1,-3.861819305E0,8.881031799E0,3.863316193E0
6.391223342E1,-2.944077759E0,9.666897583E0,3.806434479E0
6.393213142E1,-3.483406219E0,9.588909760E0,2.827619934E0
6.395203042E1,-3.700305176E0,8.593180389E0,2.621648254E0
6.397192942E1,-1.450184326E0,9.243577881E0,1.982477417E0
6.399182842E1,-4.049079895E-1,1.013422577E1,3.113525391E0
6.401172642E1,-5.056484985E-1,1.004156845E1,2.170636139E0
6.403162542E1,-2.009571075E0,9.383536835E0,4.544549561E-1
6.405152442E1,-6.211932220E0,9.232351227E0,-1.254541168E0
6.407142342E1,-7.654781799E0,1.085557571E1,-4.083957367E0
6.409132242E1,-9.012608185E0,1.573827209E1,6.821315002E-1
6.411122042E1,-1.162916702E1,1.851454880E1,5.585784302E0
6.413111942E1,1.002914429E-2,1.017524048E1,5.243895264E0
6.415101842E1,7.065008240E0,9.338779907E0,2.456391907E-1
6.417091742E1,1.192120972E0,1.121108643E1,-1.347946930E0
6.419081542E1,-5.603148193E0,1.051772827E1,-2.033970337E0
6.421071442E1,-5.638474731E0,6.831793213E0,-2.433190155E0
6.423061342E1,-5.666316833E0,5.823340302E0,-2.601739655E0
6.425051242E1,-5.315596161E0,9.759704590E0,-1.072669373E0
6.427041142E1,-2.178419952E0,1.222672440E1,1.646575928E-2
6.429030942E1,-5.553451538E-2,9.848470001E0,8.084687805E-1
6.431020842E1,-1.249751129E0,7.027885437E0,-1.501377869E-1
6.433010742E1,-3.275039520E0,8.603658600E0,-4.620890808E-1
6.435000642E1,-2.922372894E0,1.061098434E1,-5.177732849E-1
6.436990542E1,-3.101550293E0,1.012225067E1,-2.129771118E0
6.438980342E1,-2.642904053E0,8.796457672E0,2.339634705E-1
6.440970242E1,-1.975741425E0,8.641080780E0,-3.213816833E-1
6.442960142E1,-9.653425598E-1,1.053224808E1,2.110610962E-2
6.444950104E1,-2.154020691E0,1.126317810E1,6.376739502E-2
6.446940004E1,-2.785258026E0,1.052311707E1,1.741179199E0
6.448929804E1,-2.292333069E0,8.605305176E0,5.646258545E-1
6.450919704E1,-3.571273499E0,6.851402435E0,-8.696914673E-2
6.452909604E1,-3.652554474E0,7.996072083E0,-1.063987427E0
6.454899504E1,-2.982847137E0,1.118399277E1,-2.694396973E-2
6.456889304E1,-3.345991974E0,1.123728195E1,2.210603027E0
6.458879204E1,-1.457668762E0,8.621022491E0,2.775079193E0
6.460869104E1,-1.191671906E0,8.199049988E0,1.851649475E0
6.462859004E1,-3.044518890E0,1.029244675E1,1.812730408E0
6.464848904E1,-4.202660522E0,9.730066223E0,2.137105865E0
6.466838704E1,-1.716480560E0,7.696694641E0,-9.430389404E-2
6.468828604E1,-1.904639282E0,8.845256195E0,6.917115784E-1
6.470818504E1,-3.052153015E0,1.091125992E1,1.306782532E-1
6.472808404E1,-2.731220398E0,9.081165619E0,-1.468446350E-1
6.474798304E1,-2.069446564E0,7.794591064E0,-1.349892883E0
6.476788104E1,-9.744735718E-1,1.151240982E1,5.113366699E-1
6.478778004E1,-1.237776031E0,1.354593109E1,5.640270996E-1
6.480767904E1,-2.099683685E0,9.545350342E0,6.222560120E-1
6.482757804E1,-2.772384796E0,6.332880707E0,-8.340655518E-1
6.484747604E1,-3.607647858E0,8.302933960E0,-1.075513458E0
6.486737504E1,-3.576213226E0,1.202224960E1,9.002279663E-1
6.488727404E1,-1.855840759E0,1.091365494E1,7.845185852E-1
6.490717304E1,-1.979034576E0,7.607480164E0,2.698887634E-1
6.492707204E1,-2.077380066E0,7.826774139E0,-1.982477417E0
6.494697004E1,-3.318449249E0,1.089030350E1,6.213578796E-1
6.496686904E1,-2.766247559E0,1.154638916E1,1.553020477E0
6.498676804E1,-1.529219971E0,8.515791321E0,1.091380463E0
6.500666704E1,-2.503394165E0,7.298073578E0,-6.643185425E-1
6.502656604E1,-3.648363190E0,8.943901062E0,-9.560618591E-1
6.504646404E1,-3.984414368E0,1.016236725E1,2.990780640E-1
6.506636304E1,-2.771187286E0,9.206604767E0,1.653311920E0
6.508626204E1,-1.284927979E0,8.579409027E0,1.733245697E0
6.510616104E1,-1.229393463E0,1.005159760E1,2.820135498E-1
6.512605904E1,-2.997666321E0,1.095466965E1,6.289920044E-1
6.514595804E1,-2.916385345E0,9.710457001E0,7.577243042E-1
6.516585704E1,-1.652713165E0,8.288863220E0,1.002914429E-1
6.518575604E1,-2.152523804E0,8.738079071E0,-5.999523926E-1
6.520565504E1,-4.122277679E0,1.032268387E1,8.448431396E-1
6.522555304E1,-3.078647919E0,9.816436615E0,3.219804382E-1
6.524545204E1,-2.221230927E0,8.359815674E0,-1.254541168E0
6.526535104E1,-3.120261383E0,8.699609070E0,-1.326092377E0
6.528525004E1,-4.569697266E0,9.868378601E0,-7.334747314E-3
6.530514904E1,-3.566782837E0,1.033046768E1,1.724264374E0
6.532504704E1,-2.494861908E0,9.092991028E0,1.667232971E0
6.534494604E1,-2.811453552E0,8.672515411E0,1.192270660E0
6.536484504E1,-3.014132080E0,9.481732635E0,9.138496399E-1
6.538474404E1,-2.318827972E0,9.268126831E0,4.215234375E-1
6.540464304E1,-2.269430695E0,8.253686371E0,1.056203613E0
6.542454104E1,-3.647015991E0,7.999215546E0,3.228785706E-1
6.544444008E1,-5.108277283E0,9.554181976E0,4.492158508E-1
6.546433908E1,-4.861290894E0,1.083192490E1,8.428971863E-1
6.548423808E1,-3.449576569E0,9.185798035E0,1.045725403E0
6.550413608E1,-2.847528534E0,8.082891541E0,3.442840576E-1
6.552403508E1,-2.270478516E0,9.595346375E0,-8.975335693E-1
6.554393408E1,-2.756817169E0,1.108819199E1,-3.537144470E-1
6.556383308E1,-3.350782013E0,8.954528961E0,1.127904510E0
6.558373208E1,-2.114652557E0,8.129145355E0,7.795788574E-1
6.560363008E1,-2.086960144E0,1.004007156E1,6.456074524E-1
6.562352908E1,-3.917952576E0,1.064391586E1,2.650987244E-1
6.564342808E1,-4.839436340E0,8.975934448E0,5.864804077E-1
6.566332708E1,-3.423830109E0,8.352780304E0,3.068618774E-1
6.568322508E1,-2.439177704E0,9.183253326E0,6.346801758E-2
6.570312408E1,-3.600462799E0,9.764943695E0,7.229965210E-2
6.572302308E1,-3.792962494E0,9.326804810E0,5.505551147E-1
6.574292208E1,-2.667153625E0,8.720266113E0,8.056246948E-1
6.576282108E1,-2.929258575E0,9.666747894E0,2.541714478E-1
6.578271908E1,-3.680845642E0,1.026220963E1,6.810836792E-2
6.580261808E1,-3.922143860E0,9.594448242E0,-2.644999695E-1
6.582251708E1,-3.660937042E0,8.975635071E0,-5.059478760E-2
6.584241608E1,-2.602188721E0,8.879684601E0,-5.583389282E-1
6.586231508E1,-2.900368652E0,9.334888000E0,-7.708969116E-1
6.588221308E1,-3.428769836E0,9.698182526E0,-7.185058594E-3
6.590211208E1,-3.221001892E0,9.508826294E0,9.177415466E-1
6.592201108E1,-2.256258087E0,9.514963531E0,1.360071716E0
6.594191008E1,-2.528691559E0,9.052575073E0,8.415499878E-1
6.596180808E1,-3.801943817E0,8.911867676E0,3.317102051E-1
6.598170708E1,-2.966531067E0,9.525441742E0,6.780899048E-2
6.600160608E1,-2.402653656E0,9.576934662E0,-1.833686829E-1
6.602150508E1,-3.742068329E0,8.643924866E0,8.214916992E-1
6.604140408E1,-4.431684265E0,8.354576569E0,1.404978333E0
6.606130208E1,-3.949536896E0,8.781189423E0,1.335223389E0
6.608120108E1,-2.651136932E0,9.603279877E0,7.191046143E-1
6.610110008E1,-2.312541046E0,9.814191284E0,6.884184265E-1
6.612099908E1,-2.186802521E0,9.699679413E0,1.123563538E0
6.614089808E1,-1.755100250E0,9.557325439E0,8.726852417E-1
6.616079608E1,-2.604733429E0,9.749525757E0,8.424481201E-1
6.618069508E1,-4.177812195E0,9.454189911E0,1.267713776E0
6.620059408E1,-3.680396576E0,8.901539154E0,1.510059814E0
6.622049308E1,-2.575544128E0,8.836574249E0,1.294208679E0
6.624039108E1,-2.484383698E0,8.768166504E0,1.472038879E0
6.626029008E1,-2.904709625E0,9.171278229E0,2.164349213E0
6.628018908E1,-2.370171204E0,8.837622070E0,1.987866211E-1
6.630008808E1,-4.801864471E0,7.724836121E0,4.861889648E-1
6.631998708E1,-5.167853394E0,8.955726471E0,4.698728943E-1
6.633988508E1,-6.141728210E-1,1.162467636E1,1.931134186E0
6.635978408E1,1.798809357E0,1.056862244E1,2.101030884E0
6.637968308E1,-1.182391205E0,8.340056763E0,1.278790741E0
6.639958208E1,-3.453767853E0,1.045246399E1,1.518592072E0
6.641948108E1,-3.912114716E0,1.114821716E1,2.139650574E0
6.643937892E1,-3.485202484E0,7.741301880E0,1.287772064E0
6.645927792E1,-2.828518066E0,6.427783356E0,-1.114133148E0
6.647917692E1,-4.409829712E-1,1.024020538E1,-7.650590515E-1
6.649907592E1,-1.681154022E0,1.295271469E1,1.959874420E0
6.651897392E1,-3.884571991E0,1.005249573E1,3.429518280E0
6.653887292E1,-1.578168182E0,7.638465729E0,9.437873840E-1
6.655877192E1,-4.361929321E-1,8.097860413E0,-5.182223511E-1
6.657867092E1,-2.517315216E0,1.069930069E1,-1.581760712E0
6.659856992E1,-3.399131470E0,1.252490433E1,1.100361786E0
6.661846792E1,8.966354370E-2,1.085228256E1,1.815873871E0
6.663836692E1,3.823049927E-1,7.629334717E0,4.870870972E-1
6.665826592E1,-2.210004272E0,7.112908630E0,4.079017639E-1
6.667816492E1,-3.567980347E0,8.940907288E0,-1.238524475E0
6.669806292E1,-3.578458557E0,1.203557190E1,1.997745667E0
6.671796192E1,-3.001558228E0,1.136796021E1,3.955374756E0
6.673786092E1,6.526428223E-1,8.103698273E0,1.193019104E0
6.675775992E1,9.683363342E-1,6.990912323E0,-3.156935120E-1
6.677765892E1,-2.531685333E0,8.687334595E0,-7.228468323E-1
6.679755692E1,-5.521867218E0,1.110016708E1,6.387217712E-1
6.681745592E1,-4.487218781E0,1.138472534E1,3.043920135E0
6.683735492E1,-1.457968140E-1,9.387129364E0,2.080074463E0
6.685725392E1,2.838098145E-1,7.693551178E0,6.367758179E-1
6.687715292E1,-2.011966095E0,8.141419830E0,-6.765930176E-2
6.689705092E1,-3.265908508E0,1.051967422E1,1.423539734E-1
6.691694992E1,-4.346810760E0,1.093760513E1,1.005309448E0
6.693684892E1,-3.364703064E0,9.231902161E0,6.128256226E-1
6.695674792E1,-1.810335388E0,8.397387543E0,4.710704041E-1
6.697664592E1,-1.016985168E0,9.369017029E0,7.828720093E-1
6.699654492E1,-1.506317596E0,1.055500076E1,3.442840576E-1
6.701644392E1,-2.574645996E0,1.009605515E1,8.054750061E-1
6.703634292E1,-3.214265900E0,9.219028931E0,1.161135406E0
6.705624192E1,-2.503394165E0,8.996591492E0,8.852590942E-1
6.707613992E1,-1.633103943E0,9.473649445E0,-2.186952209E-1
6.709603892E1,-2.700534210E0,9.807305603E0,7.173083496E-1
6.711593792E1,-3.695365448E0,9.650132446E0,1.222507782E0
6.713583692E1,-2.471809845E0,9.344917145E0,1.895059204E-1
6.715573592E1,-1.990560608E0,9.233099670E0,-3.864962769E-1
6.717563392E1,-3.229534149E0,9.394763489E0,5.959107971E-1
6.719553292E1,-3.048261108E0,9.802964630E0,1.202299805E0
6.721543192E1,-2.167342987E0,9.798024902E0,1.235530701E0
6.723533092E1,-2.604134674E0,9.128167877E0,1.091679840E0
6.725522892E1,-3.013233948E0,8.922495575E0,1.256487122E0
6.727512792E1,-2.975362701E0,9.158704376E0,1.041683807E0
6.729502692E1,-2.759810944E0,9.447304230E0,1.007255402E0
6.731492592E1,-3.525468750E0,9.127269745E0,1.129551086E0
6.733482492E1,-3.682043152E0,9.043444061E0,1.435664520E0
6.735472292E1,-3.006048889E0,8.977581024E0,1.698817291E0
6.737462192E1,-2.735411682E0,8.808133392E0,1.554367676E0
6.739452092E1,-2.611469421E0,9.226363678E0,1.148112488E0
6.741441992E1,-3.280578003E0,9.434281311E0,5.780978394E-1
6.743431792E1,-3.931274872E0,8.565787354E0,7.743397522E-1
6.745421667E1,-4.085603943E0,7.451803894E0,1.799408112E0
6.747411567E1,-3.711980896E0,7.817792816E0,1.324894867E0
6.749401467E1,-3.607049103E0,8.580756226E0,4.373904419E-1
6.751391367E1,-5.025349731E0,7.662116547E0,-3.953279114E-1
6.753381167E1,-4.921465759E0,5.828130341E0,-6.996450806E-1
6.755371067E1,-3.514242096E0,6.340514832E0,-5.264552307E-1
6.757360967E1,-3.253334656E0,8.616232452E0,1.836979980E0
6.759350867E1,-3.335813141E0,9.637708282E0,6.560856628E-1
6.761340767E1,-3.614832916E0,7.247778168E0,2.662962341E-1
6.763330567E1,-4.284989319E0,5.948330383E0,8.649014282E-1
6.765320467E1,-2.984044647E0,8.696764984E0,1.609153748E0
6.767310367E1,-1.697470093E-1,1.166314636E1,2.694396973E0
6.769300267E1,-2.422861633E0,9.565558319E0,7.991880798E-1
6.771290067E1,-6.100114746E0,7.363487549E0,6.240522766E-1
6.773279967E1,-6.496490479E0,6.537056122E0,-5.807922363E-1
6.775269867E1,-4.884642334E0,5.671406250E0,-3.153342590E0
6.777259767E1,-7.236252136E0,6.038293304E0,-3.641178131E0
6.779249667E1,-9.477691040E0,7.000043335E0,1.546284485E-1
6.781239467E1,-5.253924408E0,7.620054016E0,1.497186584E0
6.783229367E1,-2.399809570E0,9.239835663E0,-1.717528381E0
6.785219267E1,-6.258485413E0,9.223968658E0,-2.768642578E0
6.787209167E1,-1.223181381E1,6.794221344E0,-1.064137115E0
6.789199067E1,-1.114058304E1,5.641019440E0,-2.001936951E0
6.791188867E1,-7.281907196E0,8.171507263E0,-2.282453613E0
6.793178767E1,-4.416715393E0,7.774532776E0,-2.467019806E0
6.795168667E1,-6.577322388E0,3.302881622E0,-6.638694763E-1
6.797158567E1,-9.184151459E0,1.591340790E0,-2.098486176E0
6.799148367E1,-1.066337540E1,5.833818512E0,-3.761078796E0
6.801138267E1,-8.926237793E0,8.383316803E0,-3.052302704E0
6.803128167E1,-8.332871704E0,5.199437714E0,-3.541036377E0
6.805118067E1,-9.740843811E0,3.391946411E0,-4.258344727E0
6.807107967E1,-9.776769104E0,3.277284851E0,-3.995790710E0
6.809097767E1,-8.123457184E0,1.943558350E0,-3.183879089E0
6.811087667E1,-8.978928223E0,3.402274933E0,-4.149371338E0
6.813077567E1,-1.021490799E1,3.937112732E0,-6.689738617E0
6.815067467E1,-1.015578094E1,1.107995911E0,-6.603667603E0
6.817057367E1,-8.468639374E0,-4.782554626E-1,-2.994672546E0
6.819047167E1,-7.997419281E0,6.489155731E0,-3.284170532E-1
6.821037067E1,-9.634265442E0,1.191941345E1,-2.181713104E0
6.823026967E1,-1.042147842E1,5.597460022E0,-1.845961304E0
6.825016867E1,-9.250762939E0,6.999444580E-1,-4.619693298E0
6.827006667E1,-9.979447632E0,1.336420898E0,-6.825356598E0
6.828996567E1,-1.120135666E1,2.148482208E0,-7.296726379E0
6.830986467E1,-9.886191559E0,1.468146973E0,-5.220244446E0
6.832976367E1,-6.667285309E0,2.301464081E0,3.342549133E-1
6.834966267E1,-6.440357208E0,7.625293121E0,-2.742447052E0
6.836956067E1,-1.153905441E1,7.831863556E0,-2.898572388E0
6.838945967E1,-1.110211304E1,3.375330963E0,-4.872667236E0
6.840935867E1,-6.763684845E0,1.584305420E0,-9.614506531E-1
6.842925767E1,-6.049220581E0,3.872896271E0,-3.436254272E0
6.844915517E1,-9.543404388E0,5.908812561E0,-3.699556732E0
6.846905417E1,-1.218870346E1,5.068460083E0,-5.016069031E0
6.848895317E1,-1.156255554E1,3.341052246E0,-4.619244232E0
6.850885217E1,-7.592511292E0,3.162174225E0,-3.206931152E0
6.852875117E1,-3.577859802E0,3.350033569E0,-2.288890228E0
6.854864917E1,-4.133504333E0,4.203858032E0,-2.080673218E-1
6.856854817E1,-9.191486206E0,8.763675842E0,-5.578898621E-1
6.858844717E1,-1.160192368E1,1.024304947E1,-3.162174225E0
6.860834617E1,-7.823331299E0,6.498586121E0,-1.769620056E0
6.862824517E1,-5.551206207E0,3.958667908E0,-1.741927643E0
6.864814317E1,-7.367229767E0,5.356760559E0,-2.628533936E0
6.866804217E1,-8.982670441E0,8.233029327E0,-1.831591187E0
6.868794117E1,-5.113965454E0,9.145531769E0,-1.156644745E0
6.870784017E1,-3.666774902E0,8.610394592E0,-9.104067993E-1
6.872773817E1,-7.063211975E0,7.916287994E0,-2.407743073E0
6.874763717E1,-8.971892853E0,7.731272736E0,-1.248553619E0
6.876753617E1,-5.079237671E0,7.839198303E0,-5.754034424E-1
6.878743517E1,-2.364932098E0,8.654552765E0,-1.426683197E0
6.880733417E1,-5.025649109E0,9.847422180E0,-3.108435974E0
6.882723217E1,-9.091344452E0,9.248816986E0,-1.297052765E0
6.884713117E1,-6.393354950E0,6.885381775E0,-1.614991608E0
6.886703017E1,-3.155138855E0,6.488556976E0,-3.130140839E0
6.888692917E1,-3.925736389E0,9.269174652E0,-4.643344116E-1
6.890682817E1,-2.745889893E0,1.268896317E1,3.206781464E0
6.892672617E1,9.424401855E-1,1.029439270E1,7.554789734E-1
6.894662517E1,5.740562439E-1,7.228318634E0,-1.585203552E0
6.896652417E1,-2.415526886E0,6.450086975E0,2.285746765E-1
6.898642317E1,-1.553020477E0,7.654332733E0,3.567082214E0
6.900632117E1,2.884501648E-1,6.919061737E0,5.059478760E-1
6.902622017E1,8.439450073E-1,4.788093109E0,-5.275030518E-1
6.904611917E1,-1.372346191E0,6.403833160E0,-2.033521271E0
6.906601817E1,-5.113366699E0,9.727671204E0,6.132447510E0
6.908591717E1,-7.438182220E0,1.031055908E1,7.108717346E-1
6.910581517E1,-2.843486938E0,9.283544769E0,-9.840536499E-1
6.912571417E1,4.426594849E0,8.970096588E0,2.401007080E-1
6.914561317E1,5.369484100E0,1.148456772E1,5.249134369E0
6.916551217E1,-1.313219147E0,8.976682892E0,-2.644850006E0
6.918541017E1,-1.894161072E0,1.049946625E1,-3.525169373E-1
6.920530917E1,-7.188052368E-1,9.792336731E0,4.981940002E0
6.922520817E1,-4.637955322E0,9.343270569E0,3.492686920E0
6.924510717E1,-3.772305450E0,7.400161285E0,-3.011737061E0
6.926500617E1,1.633253632E0,1.058389069E1,1.175056458E-1
6.928490417E1,3.019670563E0,1.214709000E1,7.015910339E0
6.930480317E1,-3.926185455E0,8.943451996E0,4.785398712E0
6.932470217E1,-9.075627136E-1,7.495363312E0,-2.585573273E0
6.934460117E1,3.405717773E0,1.056622742E1,-1.122216339E0
6.936450017E1,-7.173083496E-1,1.152857620E1,6.183491364E0
6.938439817E1,-4.586462402E0,8.753497009E0,5.307512970E0
6.940429717E1,-2.367027740E0,7.888894958E0,-9.894424438E-2
6.942419617E1,2.267933807E0,9.846823425E0,-1.847308502E0
6.944409558E1,2.717149658E0,1.143262573E1,1.602417755E0
6.946399358E1,-3.269201660E0,9.834099884E0,4.526886292E0
6.948389258E1,-4.555925903E0,8.391250305E0,2.281106415E0
6.950379158E1,-2.633024597E-1,9.122629395E0,4.064048767E-1
6.952369058E1,1.704056396E0,1.062490540E1,1.133742371E0
6.954358958E1,-2.730471954E0,9.268875275E0,3.341201935E0
6.956348758E1,-4.248165894E0,8.380622406E0,3.470682678E0
6.958338658E1,-9.833052063E-1,9.869276733E0,1.324146423E0
6.960328558E1,6.066883850E-1,9.836644592E0,-9.520202637E-2
6.962318458E1,-2.755020905E0,8.157436523E0,8.117619324E-1
6.964308258E1,-3.741469574E0,7.874225464E0,2.796634369E0
6.966298158E1,-2.786006470E0,9.374405823E0,2.442171478E0
6.968288058E1,-1.497635651E0,9.948312378E0,2.547402649E0
6.970277958E1,-1.099763031E0,8.979227600E0,3.029699707E-1
6.972267858E1,-5.825885010E-1,9.960886230E0,3.679049377E0
6.974257658E1,8.532257080E-3,1.087174210E1,2.372266846E0
6.976247558E1,-1.691482544E-1,9.371412048E0,2.715353394E-1
6.978237458E1,-2.923271027E0,7.601492615E0,-1.386716309E0
6.980227358E1,-6.321654053E0,8.392597504E0,-1.052162018E0
6.982217258E1,-5.657485199E0,8.239465942E0,1.545685730E0
6.984207058E1,-2.107617188E0,6.805447998E0,-4.577481079E-1
6.986196958E1,-1.431922302E0,1.050380722E1,-9.131011963E-1
6.988186858E1,-2.636467438E0,1.528606247E1,6.554869080E-1
6.990176758E1,-6.348897400E0,5.048252106E0,3.992347870E0
6.992166558E1,-5.177134094E0,-1.850302277E0,-9.267228699E-1
6.994156458E1,-2.755469971E0,-1.026116180E0,-6.254892883E0
6.996146358E1,-5.610482941E0,9.193282471E0,-1.616338806E0
6.998136258E1,-7.645650787E0,1.648896103E1,1.487456818E0
7.000126158E1,-3.106340332E0,6.761289825E0,1.972298584E0
7.002115958E1,-2.089355164E0,4.032464447E0,-2.298320618E0
7.004105858E1,-3.836671600E0,8.441396027E0,6.647676086E-1
7.006095758E1,-7.305408325E0,1.420980057E1,-1.722617798E0
7.008085658E1,-8.435558167E0,7.918832703E0,6.626719666E-1
7.010075458E1,-8.459957428E0,3.190615082E0,-1.692230988E0
7.012065358E1,-5.690416718E0,3.713477783E0,-5.059478760E-1
7.014055258E1,-4.754712524E0,8.741222534E0,-2.573448486E0
7.016045158E1,-8.971593475E0,1.144504990E1,-2.187700653E0
7.018035058E1,-1.138966507E1,5.692662048E0,-2.299218750E0
7.020024858E1,-7.637118530E0,1.825453949E0,-4.382436676E0
7.022014758E1,-7.974217529E0,2.773133240E0,-6.316115570E0
7.024004658E1,-6.807992706E0,1.267713776E0,-4.680466919E0
7.025994558E1,-8.036338348E0,2.336640930E0,-2.022444305E0
7.027984458E1,-7.224875793E0,7.498207397E0,7.728428650E-1
7.029974258E1,-8.775950317E0,1.309461960E1,-2.925366669E0
7.031964158E1,-1.197943863E1,6.153703308E0,-3.774999847E0
7.033954058E1,-1.367181931E1,2.896476746E-1,-4.365372162E0
7.035943958E1,-9.638456726E0,-7.656578064E-1,-1.798959045E0
7.037933758E1,-7.156318359E0,2.430795135E0,-2.706821136E0
7.039923658E1,-9.902058563E0,6.496191101E0,-2.076481934E0
7.041913558E1,-1.059077637E1,5.973927155E0,-3.445085907E0
7.043903458E1,-8.970246277E0,4.547543335E-1,-3.477418671E0
7.045893392E1,-9.141639862E0,-1.296903076E0,-7.200027466E0
7.047883192E1,-1.213990494E1,-1.422641602E0,-6.948700104E0
7.049873092E1,-1.007165588E1,6.231541443E-1,-2.147883453E0
7.051862992E1,-7.553442535E0,6.627318420E0,-1.228046265E0
7.053852892E1,-9.994266815E0,7.413782959E0,-2.652334442E0
7.055842692E1,-1.279015274E1,2.503244476E0,-3.956272888E0
7.057832592E1,-1.184471878E1,6.304888916E-1,-4.903054047E0
7.059822492E1,-8.825796661E0,8.068222046E-1,-4.153263245E0
7.061812392E1,-7.361541595E0,2.015858002E0,-2.726729736E0
7.063802292E1,-6.972051544E0,4.685406647E0,-2.408641205E0
7.065792092E1,-9.333540802E0,7.032675476E0,-3.205583954E0
7.067781992E1,-1.144280457E1,5.748795319E0,-2.516417084E0
7.069771892E1,-9.793085175E0,3.653153229E0,-1.322350159E0
7.071761792E1,-7.321275330E0,2.401905212E0,-1.709295502E0
7.073751692E1,-7.934699707E0,4.000131683E0,-1.992955627E0
7.075741492E1,-9.343420258E0,6.575975189E0,-3.167862396E0
7.077731392E1,-9.933044128E0,5.855673065E0,-2.932402039E0
7.079721292E1,-8.794960785E0,3.541934509E0,-3.453468475E0
7.081711192E1,-7.821385345E0,3.355721741E0,-2.964884491E0
7.083700992E1,-8.147257690E0,5.553152161E0,-3.336262207E0
7.085690892E1,-8.675808563E0,6.847510529E0,-1.754202118E0
7.087680792E1,-7.731871490E0,6.714586945E0,-2.424059143E0
7.089670692E1,-7.337741089E0,6.009403381E0,-2.533631287E0
7.091660592E1,-6.972799988E0,5.230872345E0,-3.447780304E0
7.093650392E1,-8.232131195E0,5.204676819E0,-3.149450684E0
7.095640292E1,-9.147328033E0,6.002218323E0,-2.446811829E0
7.097630192E1,-7.132218475E0,7.082521820E0,-1.618284760E0
7.099620092E1,-4.818928986E0,7.133715363E0,-2.846630402E0
7.101609992E1,-5.238656158E0,6.327491913E0,-2.893333282E0
7.103599792E1,-8.531508636E0,6.680158539E0,-1.680405579E0
7.105589692E1,-7.867639160E0,8.080646210E0,-1.360221405E0
7.107579592E1,-4.028123474E0,8.787027283E0,-2.289039917E0
7.109569492E1,-3.411705322E0,7.963589630E0,-3.224594421E0
7.111559292E1,-7.310946808E0,8.176446991E0,-2.659669189E0
7.113549192E1,-8.142168274E0,7.899971924E0,-2.421215057E0
7.115539092E1,-4.839586029E0,6.738836517E0,-1.817819824E0
7.117528992E1,-3.804488525E0,7.297325134E0,-4.272116089E-1
7.119518892E1,-4.320315857E0,8.540040894E0,1.091230774E0
7.121508692E1,-3.514990540E0,8.765023041E0,-7.685018921E-1
7.123498592E1,-2.729723511E0,8.737929382E0,-1.574875031E0
7.125488492E1,-5.885610809E0,7.449558563E0,3.252735901E-1
7.127478392E1,-6.658902740E0,7.535779266E0,3.675307159E0
7.129468192E1,-8.339158630E-1,7.269932098E0,2.855012970E0
7.131458092E1,3.925137634E0,7.528893585E0,-3.403921509E-1
7.133447992E1,7.653584290E-1,1.084345093E1,9.815089417E-1
7.135437892E1,-6.625073090E0,1.168979095E1,6.286926270E0
7.137427792E1,-3.457809448E0,5.785918121E0,-9.821076965E-1
7.139417592E1,1.485361176E0,5.528004456E0,-4.800217896E0
7.141407492E1,3.191962280E0,7.245233459E0,9.674382019E-1
7.143397392E1,-5.148244171E0,1.198258209E1,4.753215637E0
7.145387296E1,-8.124804382E0,8.455017700E0,-8.288264465E-1
7.147377196E1,-3.268752594E0,8.201594696E0,-4.146377563E-1
7.149366996E1,5.801485748E0,1.032058823E1,2.323468323E0
7.151356896E1,4.317322083E0,1.075109299E1,7.480544128E0
7.153346796E1,-5.697601776E0,8.223149872E0,-4.647834778E-1
7.155336696E1,-5.441184998E0,8.531508636E0,-4.381837921E0
7.157326496E1,4.223018188E0,1.264540375E1,3.687581635E0
7.159316396E1,-6.048921204E-1,1.096350128E1,5.857020264E0
7.161306296E1,-1.128937363E1,8.103847961E0,4.682712250E0
7.163296196E1,-5.771098938E0,6.521488495E0,-3.283721466E0
7.165286096E1,7.436086578E0,1.031460068E1,-8.578660583E-1
7.167275896E1,6.529272308E0,1.261097534E1,5.852080536E0
7.169265796E1,-4.681065674E0,9.477241974E0,6.931485901E0
7.171255696E1,-5.353766785E0,7.235653381E0,1.405128021E0
7.173245596E1,9.645941162E-1,9.238488464E0,-7.177574158E-1
7.175235396E1,9.428892517E-1,1.165581161E1,1.553768921E0
7.177225296E1,-4.985682220E0,8.590785370E0,4.417613525E0
7.179215196E1,-8.528814240E0,5.379812622E0,2.680775299E0
7.181205096E1,-5.144651642E0,5.320086823E0,3.911366272E-1
7.183194996E1,-2.260299683E-2,8.338709564E0,8.032296753E-1
7.185184796E1,1.450483704E-1,1.053224808E1,6.786886597E-1
7.187174696E1,-4.403542786E0,6.980434113E0,1.556163940E0
7.189164596E1,-4.410578156E0,4.079317017E0,1.782044220E0
7.191154496E1,3.104544067E0,8.830437012E0,3.318449249E0
7.193144296E1,1.345701599E0,1.305076080E1,3.203338623E0
7.195134196E1,-5.229076080E0,6.633605347E0,9.235794067E-1
7.197124096E1,-8.514294434E0,3.611240387E0,-1.962419128E-1
7.199113996E1,-5.573360138E0,4.314328308E0,1.532812500E-1
7.201103896E1,-4.009711761E0,7.816146240E0,-4.252207489E0
7.203093696E1,-5.972729645E0,8.378526764E0,-3.040177917E0
7.205083596E1,-9.953401794E0,6.876849518E0,-3.767665100E-1
7.207073496E1,-5.160818024E0,5.565576324E0,2.073188782E-1
7.209063396E1,-8.771759033E-1,5.426365814E0,-4.603227539E0
7.211053296E1,-6.231990509E0,8.133336639E0,-2.312541046E0
7.213043096E1,-1.131062943E1,8.481213226E0,2.935395813E-1
7.215032996E1,-5.965843964E0,7.884404297E0,-2.705024872E0
7.217022896E1,-7.556136932E0,7.502548370E0,-2.807561646E0
7.219012796E1,-1.180774567E1,4.290677490E0,-1.123713226E0
7.221002596E1,-9.901459808E0,4.517605591E0,-2.190395050E0
7.222992496E1,-7.659871216E0,6.442602539E0,-5.434149628E0
7.224982396E1,-8.982670441E0,3.691922607E0,-6.821464691E0
7.226972296E1,-1.126018433E1,6.770420837E-1,-2.900817719E0
7.228962196E1,-7.001989288E0,1.510508881E0,-2.152673492E0
7.230951996E1,-5.218298492E0,7.402855682E0,-6.007008362E0
7.232941896E1,-1.184022812E1,6.184389496E0,-5.410947876E0
7.234931796E1,-1.491019409E1,1.113684082E-1,-4.890629883E0
7.236921696E1,-1.016027161E1,-1.211730194E0,-4.817881165E0
7.238911496E1,-6.568490753E0,2.802921295E0,-3.720064087E0
7.240901396E1,-8.214767303E0,2.843786316E0,-4.775219879E0
7.242891296E1,-1.253313721E1,1.483415222E0,-2.890339508E0
7.244881292E1,-1.191462341E1,4.070784760E0,-1.697769470E0
7.246871192E1,-8.902137909E0,3.449875946E0,-3.105891266E0
7.248860992E1,-9.144633636E0,1.824705505E-1,-4.056564331E0
7.250850892E1,-9.158854065E0,-2.055226135E0,-1.624272308E0
7.252840792E1,-9.379644928E0,3.754193115E-1,-2.829565887E0
7.254830692E1,-1.126198059E1,3.564687195E0,-4.499193878E0
7.256820592E1,-1.189621170E1,1.118623810E0,-4.322411499E0
7.258810392E1,-1.017853363E1,-1.732497253E0,-5.575156403E0
7.260800292E1,-1.037821838E1,-9.098080444E-1,-3.532055054E0
7.262790192E1,-8.660989380E0,2.519410858E0,-2.129920807E0
7.264780092E1,-8.382268982E0,4.525988159E0,-1.507664795E0
7.266769992E1,-9.807006226E0,4.408931580E0,-2.918181610E0
7.268759792E1,-1.173634415E1,2.969524841E0,-3.604953461E0
7.270749692E1,-1.057326279E1,1.216071167E0,-2.689756622E0
7.272739592E1,-8.306376801E0,-5.284011841E-2,-3.102897491E0
7.274729492E1,-8.231532440E0,1.868414612E0,-2.790796509E0
7.276719292E1,-9.690847778E0,5.433999939E0,-2.983894958E0
7.278709192E1,-1.092563004E1,6.475384369E0,-3.579207001E0
7.280699092E1,-1.055919205E1,3.645219727E0,-3.734583893E0
7.282688992E1,-9.655521240E0,9.192384338E-1,-3.070115662E0
7.284678892E1,-8.258027344E0,1.392254791E0,-3.164419556E0
7.286668692E1,-7.864795074E0,4.112248535E0,-4.337230682E0
7.288658592E1,-8.436755676E0,5.320236511E0,-4.037404175E0
7.290648492E1,-9.253756714E0,4.575984192E0,-2.683769073E0
7.292638392E1,-7.255262604E0,3.781436462E0,-7.547305298E-1
7.294628192E1,-5.560337219E0,4.717140656E0,-1.780247955E0
7.296618092E1,-6.928043060E0,6.259084167E0,-3.223845978E0
7.298607992E1,-1.045141617E1,6.407874756E0,-3.121608582E0
7.300597892E1,-1.062146255E1,5.671855316E0,-2.838098145E0
7.302587792E1,-8.170309753E0,6.052364044E0,-4.739294586E0
7.304577592E1,-7.109016724E0,5.401517487E0,-2.885848846E0
7.306567492E1,-7.226372681E0,4.169579315E0,-1.155147858E0
7.308557392E1,-4.082011414E0,4.897216187E0,-9.553134155E-1
7.310547292E1,-1.912423096E0,7.936495972E0,-1.583706665E0
7.312537192E1,-5.420977020E0,1.171613617E1,-2.243235168E0
7.314526992E1,-1.062101349E1,9.501641235E0,-1.306632843E0
7.316516892E1,-8.126151581E0,5.667514343E0,-2.266436920E0
7.318506792E1,-4.698579254E0,5.592220917E0,-2.365830231E0
7.320496692E1,-3.936214600E0,8.029452667E0,-4.155358887E-1
7.322486492E1,-3.560346222E0,9.791139221E0,-8.213420105E-1
7.324476392E1,-2.783162384E0,9.204359436E0,-1.510658569E0
7.326466292E1,-4.908891907E0,7.545359344E0,-1.385369110E0
7.328456192E1,-6.712042236E0,7.720944214E0,2.011816406E0
7.330446092E1,-3.104843445E0,9.886790314E0,1.598076782E0
7.332435892E1,1.905537415E-1,1.054721695E1,7.170089722E-1
7.334425792E1,-1.788780212E0,6.038592682E0,-2.365081787E-2
7.336415692E1,-3.446133728E0,3.931125183E0,-1.726809082E0
7.338405592E1,-3.449127502E0,8.142467651E0,2.005679169E0
7.340395392E1,-4.706213379E-1,1.290286835E1,4.277654572E0
7.342385292E1,3.448828125E-1,8.489745483E0,6.388714600E-1
7.344375192E1,-1.917213135E0,5.710325317E0,-6.990463257E-2
7.346364979E1,4.370910645E-2,6.883735199E0,7.677534485E-1
7.348354879E1,3.632496185E0,9.667047272E0,3.504362640E0
7.350344679E1,1.164578247E-1,8.551716614E0,2.230960693E0
7.352334579E1,-3.569626923E0,1.015173935E1,2.168390808E0
7.354324479E1,-2.981799316E0,8.625962219E0,-7.976911926E-1
7.356314379E1,5.688171387E-3,1.088326813E1,9.970765686E-1
7.358304179E1,-1.483115845E0,1.255095016E1,4.261188812E0
7.360294079E1,-6.093229065E0,9.780960388E0,3.852837982E0
7.362283979E1,-4.227209473E0,8.559051361E0,-9.237290955E-1
7.364273879E1,5.346881104E-1,1.028705795E1,-2.119592285E-1
7.366263779E1,6.273304596E0,1.003617966E1,4.257446594E0
7.368253579E1,6.896159363E-1,8.929830322E0,6.971752167E0
7.370243479E1,-3.788172455E0,7.832013245E0,1.687291260E0
7.372233379E1,1.387464752E0,8.888665924E0,1.877096558E0
7.374223279E1,6.599176941E0,1.035591476E1,1.748663635E0
7.376213179E1,6.563850403E-1,1.106304428E1,5.139113159E0
7.378202979E1,-6.606661377E0,9.593400421E0,5.307962036E-1
7.380192879E1,-5.511838074E0,8.848549347E0,1.221160583E0
7.382182779E1,1.949994965E0,1.038734940E1,2.889740753E0
7.384172679E1,3.254232788E-1,1.117890335E1,4.887935486E0
7.386162479E1,-6.105204163E0,8.910520477E0,1.002615051E0
7.388152379E1,-4.415817261E0,8.255033569E0,-2.843037872E0
7.390142279E1,-1.390009460E0,7.791447601E0,1.525777130E0
7.392132179E1,-4.770280151E0,5.067861328E0,5.238805847E0
7.394122079E1,-2.671195221E0,4.594994659E0,2.218835907E0
7.396111879E1,3.361409912E0,1.075124268E1,3.231180725E0
7.398101779E1,5.282065887E0,1.818717957E1,2.185155945E0
7.400091679E1,-5.804928589E-1,1.008707382E1,3.978426819E0
7.402081579E1,-3.853885803E0,4.687502289E0,2.436483307E0
7.404071379E1,-3.180885315E0,3.563489685E0,-4.432283020E-1
7.406061279E1,-1.479223938E0,7.387737122E0,1.535357208E0
7.408051179E1,-5.464087372E0,9.757459259E0,6.038442993E-1
7.410041079E1,-9.825118561E0,6.128256226E0,-1.990859985E-2
7.412030979E1,-6.387068024E0,3.367098083E0,2.707868958E-1
7.414020779E1,-6.631210327E-1,5.120851135E0,-1.523531799E0
7.416010679E1,1.444196777E0,1.086036575E1,-3.572321320E0
7.418000579E1,-5.123246155E0,9.859846344E0,6.807843018E-1
7.419990479E1,-8.017477570E0,4.211941223E0,4.647834778E-1
7.421980379E1,-4.658013611E0,6.079757080E0,2.169738007E0
7.423970179E1,-4.176914062E0,1.320958054E1,2.563569031E0
7.425960079E1,-4.910837860E0,1.035830978E1,-2.451751556E0
7.427949979E1,-8.204738159E0,4.682712250E0,-3.341052246E0
7.429939879E1,-1.177421539E1,1.603465576E0,-5.101840668E0
7.431929679E1,-9.943073273E0,3.125799866E0,-4.630021820E0
7.433919579E1,-5.717959442E0,5.537434845E0,-1.834884338E0
7.435909479E1,-5.819897461E0,8.998986511E0,-3.344495087E0
7.437899379E1,-7.541766815E0,8.576115875E0,-1.033600616E0
7.439889279E1,-7.172035675E0,5.542524261E0,-3.583547974E0
7.441879079E1,-1.147438889E1,4.257895660E0,-3.667223969E0
7.443868979E1,-1.273342072E1,3.476221161E0,-2.890938263E0
7.445858854E1,-8.325536957E0,4.185296631E0,-3.089575195E0
7.447848754E1,-7.718848572E0,6.554719391E0,-4.897665253E0
7.449838554E1,-1.030427216E1,4.460574188E0,-6.008954315E0
7.451828454E1,-1.210502747E1,1.358724518E0,-4.039200439E0
7.453818354E1,-9.899513855E0,-2.658471680E-1,-3.691772919E0
7.455808254E1,-9.551337891E0,2.827470245E0,-5.467679901E0
7.457798154E1,-1.244571899E1,5.026846619E0,-2.718197479E0
7.459787954E1,-9.525890808E0,1.528321838E-1,-3.891906738E-2
7.461777854E1,-7.282356262E0,2.546205139E-1,-2.046095123E0
7.463767754E1,-1.140418488E1,3.937861176E0,-3.252436523E0
7.465757654E1,-1.258193573E1,2.460134125E0,-3.024759979E0
7.467747554E1,-9.176367645E0,5.451663208E-1,-1.302591248E0
7.469737354E1,-5.495222626E0,-1.440005493E0,-1.690135345E0
7.471727254E1,-8.698411560E0,-1.158890076E0,-3.917503510E0
7.473717154E1,-1.361329102E1,1.607656860E0,-4.353546753E0
7.475707054E1,-1.269375320E1,-2.993774414E-3,-3.029550018E0
7.477696954E1,-8.669970703E0,-2.740351410E0,-5.462440796E0
7.479686754E1,-9.577084351E0,-2.710862732E0,-5.863307190E0
7.481676654E1,-1.026939468E1,1.306034088E0,-2.499951324E0
7.483666554E1,-9.338330841E0,4.459376678E0,-1.231938171E0
7.485656454E1,-9.069040833E0,3.310366058E0,-2.035916290E0
7.487646254E1,-9.668993225E0,8.548722839E-1,-2.675985260E0
7.489636154E1,-1.096664474E1,2.267634430E0,-3.714226227E0
7.491626054E1,-1.082473984E1,3.508703613E0,-3.435655518E0
7.493615954E1,-8.535550232E0,1.954635315E0,-4.035907288E0
7.495605854E1,-8.551716614E0,1.945055237E0,-2.505190430E0
7.497595654E1,-8.112829285E0,4.303550720E0,-1.605561218E0
7.499585554E1,-7.994425507E0,7.392078094E0,-1.824106750E0
7.501575454E1,-8.747509460E0,6.754553833E0,-2.997366943E0
7.503565354E1,-1.023975632E1,4.065246277E0,-3.137026520E0
7.505555254E1,-9.783056030E0,2.628983002E0,-3.197500763E0
7.507545054E1,-7.945477295E0,2.900967407E0,-2.908302155E0
7.509534954E1,-7.610324249E0,4.395758972E0,-3.062780914E0
7.511524854E1,-7.804919586E0,6.287225647E0,-3.288810883E0
7.513514754E1,-8.462352448E0,6.465804291E0,-2.867437134E0
7.515504554E1,-8.802894287E0,4.953648834E0,-3.404520264E0
7.517494454E1,-8.472381592E0,4.960534515E0,-1.839524689E0
7.519484354E1,-6.935976563E0,5.766458588E0,-2.352657623E0
7.521474254E1,-6.619833984E0,6.239025879E0,-2.606978760E0
7.523464154E1,-6.588399353E0,5.361251221E0,-3.180436249E0
7.525453954E1,-7.473508759E0,5.551804962E0,-4.146976318E0
7.527443854E1,-9.517508240E0,6.544690247E0,-2.269131317E0
7.529433754E1,-8.650660858E0,6.099216614E0,-8.045768738E-1
7.531423654E1,-4.604125671E0,6.490502930E0,-1.856589203E0
7.533413454E1,-3.296295319E0,6.981631622E0,-2.295925598E0
7.535403354E1,-5.817652130E0,7.680827637E0,-2.890638885E0
7.537393254E1,-9.195976868E0,8.474626923E0,-1.947599945E0
7.539383154E1,-8.224796448E0,8.133935394E0,-2.095642090E0
7.541373054E1,-3.780238953E0,7.780220947E0,-1.832639008E0
7.543362854E1,-2.633623352E0,7.087012482E0,-2.125280457E0
7.545352733E1,-4.875810699E0,7.477550354E0,-1.391356659E0
7.547342633E1,-6.143823853E0,9.323361969E0,-2.003583527E0
7.549332533E1,-4.802313538E0,1.020248383E1,-1.275347900E0
7.551322433E1,-3.469784546E0,8.106093292E0,-2.974314880E-1
7.553312233E1,-3.606150970E0,7.537874908E0,-2.094145203E-1
7.555302133E1,-1.752405853E0,8.859326935E0,-9.635462952E-1
7.557292033E1,-6.656657410E-1,9.030271454E0,-1.735191650E0
7.559281933E1,-2.540966034E0,8.146958313E0,9.026229858E-1
7.561271733E1,-3.310964813E0,8.531358948E0,1.469494171E0
7.563261633E1,-1.239721985E0,6.948101349E0,-1.553170166E0
7.565251533E1,-1.540296936E0,5.326822815E0,-1.181792450E0
7.567241433E1,-3.717220001E0,6.362369385E0,3.349285126E0
7.569231333E1,-3.364253998E0,1.060080551E1,4.737648010E0
7.571221133E1,1.394649811E0,9.762548676E0,1.281036072E0
7.573211033E1,4.832400970E0,6.201454010E0,-1.212478638E0
7.575200933E1,7.220085754E0,4.876259766E0,-1.504371643E0
7.577190833E1,8.375532990E0,9.928254089E0,5.498366089E0
7.579180733E1,-3.176843719E0,1.675510757E1,4.427043915E0
7.581170533E1,-1.767853729E1,2.012714539E1,-3.653153229E0
7.583160433E1,-1.907842621E1,7.308701477E0,-6.148164825E0
7.585150333E1,-2.077080688E0,-3.436853027E-1,4.242477722E0
7.587140233E1,1.703876770E1,9.961335297E0,4.225712585E0
7.589130033E1,8.512947235E0,1.367750748E1,8.905580750E0
7.591119933E1,-3.124003601E0,8.851243744E0,-1.291813660E0
7.593109833E1,4.081412659E0,8.959618378E0,1.318757629E0
7.595099733E1,2.419119415E0,1.285586609E1,2.945424957E0
7.597089633E1,-3.114573212E0,1.040591080E1,6.991660767E0
7.599079433E1,-6.746171265E0,7.066205750E0,1.430874481E0
7.601069333E1,-6.092181244E0,7.338639221E0,-5.644611969E0
7.603059233E1,1.301244049E0,1.008273285E1,6.092330933E-1
7.605049133E1,7.574848022E0,1.297127609E1,5.204527130E0
7.607038933E1,-2.568957825E0,1.009081604E1,6.147865448E0
7.609028833E1,-3.957769775E0,7.519762573E0,6.198609924E-1
7.611018733E1,2.404000854E-1,8.245902557E0,-4.559518433E-1
7.613008633E1,-1.994602203E0,8.773704987E0,2.313888245E0
7.614998533E1,-3.913910980E0,7.830516357E0,4.853507080E0
7.616988333E1,2.080523529E0,9.930349731E0,3.349584503E0
7.618978233E1,6.735094299E0,1.340118210E1,2.459685059E0
7.620968133E1,3.668571167E0,1.155432266E1,1.654808807E0
7.622958033E1,-8.461903381E-1,8.376580811E0,7.665559387E-1
7.624947933E1,-4.718487854E0,7.302264862E0,-7.469467163E-2
7.626937733E1,-8.925788727E0,5.841602325E0,-1.874102783E-1
7.628927633E1,-1.207943069E1,3.904480591E0,7.473957825E-1
7.630917533E1,-7.671397247E0,4.924309845E0,5.239105225E-2
7.632907433E1,4.134402466E-1,9.257049866E0,2.215542755E0
7.634897233E1,3.522924042E0,1.333696564E1,3.290457458E0
7.636887133E1,6.876699829E-1,1.168470154E1,1.399589539E0
7.638877033E1,-1.898502045E0,7.104975128E0,3.155438232E0
7.640866933E1,-1.467398529E0,5.480702820E0,2.245330811E-2
7.642856833E1,-3.339705048E0,6.955136719E0,3.517684937E-1
7.644846642E1,-6.523135071E0,8.742869110E0,2.025587769E0
7.646836542E1,-7.247329102E0,7.972720642E0,-1.177750854E0
7.648826442E1,-7.290589142E0,7.583829346E0,-2.619103546E0
7.650816342E1,-7.286996613E0,8.623866577E0,2.269281006E-1
7.652806142E1,-4.394262085E0,5.832920380E0,9.400451660E-2
7.654796042E1,-2.532882843E0,3.876039734E0,-4.611909485E0
7.656785942E1,-5.756279755E0,5.620362396E0,-2.890788574E0
7.658775842E1,-7.720495148E0,7.836204529E0,-1.520388336E0
7.660765742E1,-7.671546936E0,9.015901337E0,-2.837798767E0
7.662755542E1,-9.885293427E0,9.114995270E0,-1.971550140E0
7.664745442E1,-8.253985748E0,6.677763519E0,-1.319655762E0
7.666735342E1,-6.985373840E0,5.535189514E0,-3.326083374E0
7.668725242E1,-8.715176697E0,6.752158813E0,-3.510649567E0
7.670715142E1,-1.106079895E1,7.320227509E0,-2.211052094E0
7.672704942E1,-7.359445953E0,4.549788666E0,-1.216520233E0
7.674694842E1,-4.802612915E0,3.055745544E0,-4.843627625E0
7.676684742E1,-9.378597107E0,7.365134125E0,-4.149820404E0
7.678674642E1,-1.242745697E1,9.167985077E0,-2.432890778E0
7.680664442E1,-7.435038757E0,4.546196136E0,-2.884052582E0
7.682654342E1,-5.275030518E0,2.856509857E0,-3.950734406E0
7.684644242E1,-7.706574097E0,4.804259491E0,-2.591411133E0
7.686634142E1,-1.064496368E1,5.716911621E0,-2.261347504E0
7.688624042E1,-8.150550842E0,4.389621735E0,-2.360441437E0
7.690613842E1,-6.948849792E0,3.862567749E0,-4.125720520E0
7.692603742E1,-9.385782166E0,5.491480408E0,-4.781057739E0
7.694593642E1,-1.248628464E1,4.738995209E0,-3.697161713E0
7.696583542E1,-8.067174225E0,1.576521606E0,-3.232976990E0
7.698573442E1,-5.247936859E0,9.011260986E-1,-4.957241364E0
7.700563242E1,-8.662186890E0,3.782484283E0,-4.474495239E0
7.702553142E1,-1.215277817E1,4.866979065E0,-2.543959808E0
7.704543042E1,-9.441765747E0,3.165167999E0,-1.857187958E0
7.706532942E1,-6.816674652E0,2.597997437E0,-3.371139679E0
7.708522742E1,-9.179810486E0,2.973865814E0,-3.364104309E0
7.710512642E1,-1.108834167E1,2.631677399E0,-4.507127380E0
7.712502542E1,-1.094598770E1,2.359393616E0,-6.661746826E0
7.714492442E1,-1.185519699E1,5.905220032E-1,-6.287674713E0
7.716482342E1,-8.964408417E0,6.192622375E-1,-2.660567322E0
7.718472142E1,-5.674549713E0,5.880072327E0,-2.484383698E0
7.720462042E1,-6.191873932E0,1.025427612E1,1.457968140E-1
7.722451942E1,-9.069489899E0,8.015381927E0,-1.695673828E0
7.724441842E1,-1.159144547E1,5.409900055E0,-2.749781799E0
7.726431742E1,-1.227881607E1,5.054539032E0,-3.447480927E0
7.728421542E1,-9.840985565E0,5.812413025E0,-3.247047729E0
7.730411442E1,-6.752607880E0,4.811444550E0,-2.629731445E0
7.732401342E1,-6.180946655E0,4.023782501E0,-2.660567322E0
7.734391242E1,-7.331603851E0,5.010380859E0,-1.556163940E0
7.736381142E1,-7.407645721E0,6.881040802E0,-2.063159637E0
7.738370942E1,-7.885901184E0,7.247778168E0,-2.347418518E0
7.740360842E1,-8.437354431E0,6.423891449E0,-2.382445679E0
7.742350742E1,-8.653654633E0,5.900879059E0,-2.298619995E0
7.744340642E1,-7.504194946E0,5.911357269E0,-2.201621704E0
7.746330471E1,-6.647526398E0,5.769152985E0,-3.494632874E0
7.748320371E1,-7.710016937E0,5.827681274E0,-1.623673553E0
7.750310271E1,-7.390431519E0,6.315217438E0,-1.340612183E0
7.752300171E1,-5.797743530E0,7.727380829E0,-1.693877563E0
7.754290071E1,-5.031486969E0,8.498128052E0,-2.790646820E0
7.756279871E1,-7.068750458E0,9.130712585E0,-2.722239075E0
7.758269771E1,-8.617429962E0,7.456743622E0,-2.022444305E0
7.760259671E1,-6.086343384E0,6.119873657E0,-1.404678955E0
7.762249571E1,-3.670966187E0,6.543193359E0,-1.301842804E0
7.764239371E1,-3.853586426E0,8.421637115E0,-8.455915833E-1
7.766229271E1,-4.934638367E0,1.042776535E1,-1.062490540E0
7.768219171E1,-4.438270569E0,8.779991913E0,-1.179397430E0
7.770209071E1,-4.092938690E0,6.366710358E0,-6.655160522E-1
7.772198971E1,-3.748055878E0,7.018305359E0,-4.501139832E-1
7.774188771E1,-2.684667206E0,1.083566711E1,-6.821315002E-1
7.776178671E1,-2.433190155E0,1.004022125E1,-6.815327454E-1
7.778168571E1,-4.508923645E0,6.343358917E0,1.209634552E0
7.780158471E1,-2.707719269E0,4.680017853E0,1.737586670E0
7.782148371E1,2.659070435E0,6.069727936E0,2.580483856E0
7.784138171E1,4.211791534E0,9.207652588E0,3.094215546E0
7.786128071E1,-3.209326172E-1,9.547445984E0,2.647993469E0
7.788117971E1,-6.277944946E-1,8.344996490E0,2.317331085E0
7.790107871E1,1.831740875E0,7.960745544E0,4.387376404E-1
7.792097771E1,5.465135193E-1,9.873767395E0,9.419911194E-1
7.794087571E1,-4.329147491E0,1.080408279E1,1.468146973E0
7.796077471E1,-5.159171448E0,9.056317291E0,1.209484863E0
7.798067371E1,-1.813628540E0,8.677155762E0,2.522853699E0
7.800057271E1,7.174580383E-1,8.799002380E0,4.868326263E0
7.802047071E1,1.089733887E-1,1.050904633E1,1.559756470E0
7.804036971E1,4.216282196E0,1.123668320E1,7.541317749E-1
7.806026871E1,3.777843933E0,1.130494125E1,1.998194733E0
7.808016771E1,-3.756588135E0,8.660839691E0,8.226892090E-1
7.810006671E1,-5.559439087E0,1.084719315E1,1.094673615E0
7.811996471E1,-9.945318604E-1,1.020128632E1,1.936522980E0
7.813986371E1,-5.899232483E-1,8.738827515E0,3.293451233E0
7.815976271E1,1.937570801E0,9.737550659E0,3.722758484E-1
7.817966171E1,5.350623322E0,1.143576920E1,1.949994965E0
7.819956071E1,4.730163574E-1,1.103370529E1,3.115321655E0
7.821945871E1,-8.118517456E0,1.033271301E1,2.237996063E0
7.823935771E1,-1.021535706E1,8.218359833E0,-2.779270477E0
7.825925671E1,-2.427801361E0,8.671168213E0,4.755610657E-1
7.827915571E1,-8.201445007E-1,7.889344025E0,4.086053009E0
7.829905371E1,-5.100343781E0,4.561913452E0,1.754950562E0
7.831895271E1,5.668711853E0,8.388256531E0,2.383942566E0
7.833885171E1,1.126347748E1,1.767659134E1,3.316503296E0
7.835875071E1,4.108206940E0,1.396715515E1,5.173691254E0
7.837864971E1,-1.642833710E0,7.992778931E0,-8.187973022E-2
7.839854771E1,-2.024240570E0,6.261329498E0,-2.167941742E0
7.841844671E1,-4.543801117E0,5.623505859E0,7.006929016E-1
7.843834571E1,-9.878258057E0,4.756808167E0,3.706891479E0
7.845824504E1,-9.866732025E0,5.725144501E0,-2.806663513E0
7.847814404E1,-3.883224792E0,9.040749664E0,3.891906738E-3
7.849804204E1,-4.974156189E-1,1.001612137E1,9.369017029E-1
7.851794104E1,-8.427474976E-1,8.104147339E0,2.960693207E0
7.853784004E1,1.173559570E-1,9.445058899E0,-6.496490479E-1
7.855773904E1,1.065933380E0,1.258433075E1,2.981949005E0
7.857763704E1,-2.583926697E0,1.034917877E1,3.128194885E0
7.859753604E1,-3.645668793E0,6.638994141E0,2.261197815E0
7.861743504E1,-3.578009491E0,6.137237549E0,-1.539847870E0
7.863733404E1,-5.720953217E0,7.307653656E0,-1.487606506E0
7.865723304E1,-7.025340729E0,8.043074341E0,4.516108704E-1
7.867713104E1,-5.992039490E0,9.824519806E0,2.248324585E-1
7.869703004E1,-4.057462463E0,1.103565125E1,-1.625170441E0
7.871692904E1,-4.276457062E0,7.304959259E0,-2.184108124E0
7.873682804E1,-5.813909912E0,4.849315796E0,-4.105961609E0
7.875672704E1,-9.253607025E0,5.661975861E0,-4.461771698E0
7.877662504E1,-1.034902908E1,6.616989899E0,-1.268162842E0
7.879652404E1,-5.015170898E0,5.049748993E0,-1.066831512E0
7.881642304E1,-1.916614380E0,5.297034760E0,-1.119671631E0
7.883632204E1,-7.067702637E0,8.212072906E0,-1.453178101E0
7.885622104E1,-1.075962524E1,9.206604767E0,-3.994892578E0
7.887611904E1,-1.035636383E1,6.831793213E0,-5.276228027E0
7.889601804E1,-8.588390350E0,4.385729828E0,-4.565955048E0
7.891591704E1,-8.026758270E0,2.617007904E0,-1.450783081E0
7.893581604E1,-5.097799072E0,2.287992096E0,-3.432062988E0
7.895571404E1,-5.606441345E0,3.637735291E0,-7.954159241E0
7.897561304E1,-1.142828476E1,5.263055420E0,-3.432811432E0
7.899551204E1,-1.355596024E1,6.075865173E0,-2.424208832E0
7.901541104E1,-7.085365906E0,8.376131744E0,-3.519181824E-1
7.903531004E1,-3.430715790E0,9.291478271E0,-2.408491516E0
7.905520804E1,-7.292984161E0,5.377567291E0,-4.056414642E0
7.907510704E1,-1.359233459E1,2.648891602E0,-3.001258850E0
7.909500604E1,-1.192375443E1,1.716031494E0,-3.628005524E0
7.911490504E1,-6.576573944E0,2.577041016E0,-3.273243256E0
7.913480404E1,-5.234315186E0,4.623285828E0,-4.558171234E0
7.915470204E1,-7.896080017E0,5.590424652E0,-3.444337463E0
7.917460104E1,-1.063164139E1,4.005071411E0,-2.882855072E0
7.919450004E1,-8.877289581E0,6.911128235E-1,-4.942721558E0
7.921439904E1,-1.000384689E1,1.516197052E0,-5.357808380E0
7.923429704E1,-1.194096863E1,3.931125183E0,-1.969604187E0
7.925419604E1,-8.909472656E0,3.187621307E0,-1.984123993E0
7.927409504E1,-7.457492065E0,7.544311523E-1,-4.116290131E0
7.929399404E1,-9.486073608E0,1.359922028E0,-5.056934052E0
7.931389304E1,-1.027538223E1,1.462159424E0,-6.467600555E0
7.933379104E1,-1.069750443E1,4.375401306E-1,-6.422244873E0
7.935369004E1,-1.066397415E1,4.926255798E-1,-5.069807281E0
7.937358904E1,-8.231532440E0,2.579136658E0,-2.554288330E0
7.939348804E1,-6.593339081E0,4.926854553E0,-2.203268280E0
7.941338704E1,-8.659642181E0,5.445376282E0,-2.851719818E0
7.943328504E1,-1.149863846E1,4.169130249E0,-2.833906860E0
7.945318392E1,-1.101963455E1,3.153791656E0,-4.015998688E0
7.947308292E1,-8.414152679E0,3.025658112E0,-3.809577942E0
7.949298192E1,-7.350764008E0,2.695145416E0,-2.990181885E0
7.951287992E1,-6.986421661E0,3.068319397E0,-1.815873871E0
7.953277892E1,-7.806416473E0,5.045108643E0,-1.125509491E0
7.955267792E1,-9.084907837E0,8.356372833E0,1.739382935E-1
7.957257692E1,-9.126371613E0,9.723629608E0,-4.534071350E-1
7.959247592E1,-8.305478668E0,5.971083069E0,-2.527044983E0
7.961237392E1,-9.698332214E0,2.687511292E0,-3.693718872E0
7.963227292E1,-1.109462860E1,2.281705170E0,-3.061733093E0
7.965217192E1,-7.864795074E0,4.695735168E0,-1.046324158E0
7.967207092E1,-3.794758759E0,7.032525787E0,-1.978136444E0
7.969196992E1,-4.440366211E0,7.776329041E0,-3.280578003E0
7.971186792E1,-9.045390015E0,6.921307068E0,-1.573228455E0
7.973176692E1,-1.125524460E1,6.497089233E0,-1.227148132E0
7.975166592E1,-7.725434875E0,7.178322601E0,-2.020198975E0
7.977156492E1,-5.531147919E0,7.029232635E0,-3.040327606E0
7.979146292E1,-6.900949402E0,6.324348450E0,-2.759361877E0
7.981136192E1,-8.776998138E0,5.230872345E0,-1.899549866E0
7.983126092E1,-7.630981293E0,6.854246521E0,-2.160157928E0
7.985115992E1,-4.952900391E0,8.975335693E0,-3.082539825E0
7.987105892E1,-4.363725586E0,8.495583344E0,-1.717528381E0
7.989095692E1,-6.141129456E0,5.819747772E0,-1.994901581E0
7.991085592E1,-7.961044922E0,5.836063843E0,-1.973795471E0
7.993075492E1,-7.054380341E0,8.121810608E0,-2.617606659E0
7.995065392E1,-5.352269897E0,9.255253601E0,-1.648970947E0
7.997055292E1,-4.452341309E0,7.669900360E0,-1.487905884E0
7.999045092E1,-4.784949646E0,7.883356476E0,-1.091829529E0
8.001034992E1,-4.687951355E0,8.882528687E0,-3.664379883E-1
8.003024892E1,-3.726500702E0,9.446555786E0,-3.579057312E-1
8.005014792E1,-2.944077759E0,8.771459656E0,-7.888595581E-1
8.007004692E1,-3.277135162E0,7.796237640E0,-4.719685364E-1
8.008994492E1,-4.007915497E0,7.405250702E0,-5.936654663E-1
8.010984392E1,-3.179238739E0,7.445367279E0,-8.150550842E-1
8.012974292E1,-2.522404633E0,8.041876831E0,-5.149291992E-2
8.014964192E1,-2.839295654E0,8.345295868E0,1.303788757E0
8.016954092E1,-2.750230865E0,8.208779755E0,2.615361328E0
8.018943892E1,-1.794318695E0,7.325466614E0,2.613565063E0
8.020933792E1,1.176553345E-1,7.602839813E0,2.895428925E0
8.022923692E1,2.536175995E0,8.554710388E0,3.557502136E0
8.024913592E1,2.419269104E0,9.000932465E0,6.141728210E-1
8.026903492E1,1.630409546E0,9.156758423E0,6.831793213E-1
8.028893292E1,-2.993774414E-3,1.019664597E1,2.087259521E0
8.030883192E1,-3.310515747E0,9.335337067E0,2.833158417E0
8.032873092E1,-5.498066711E0,8.991502075E0,1.577719116E0
8.034862992E1,-4.675377502E0,8.001909943E0,1.175954590E0
8.036852892E1,2.470911713E0,7.265291748E0,3.021466827E0
8.038842692E1,9.766290894E0,1.033480865E1,5.230872345E0
8.040832592E1,3.751947784E0,1.505838593E1,3.028502197E0
8.042822492E1,-7.685917053E0,1.139505386E1,-3.261717224E0
8.044812392E1,-8.981921997E0,7.996072083E0,-3.463796997E-1
8.046802279E1,1.205892334E0,8.431516571E0,4.372557220E0
8.048792079E1,5.376519470E0,9.690997467E0,6.812633057E0
8.050781979E1,7.538323975E-1,8.014783173E0,2.336491241E0
8.052771879E1,3.118165741E0,9.833501129E0,-7.232958984E-1
8.054761779E1,4.864284668E0,1.136751114E1,4.411326599E-1
8.056751679E1,-1.546284485E-1,9.767488403E0,3.655697937E0
8.058741479E1,-3.476071472E0,8.769513702E0,3.934568024E0
8.060731379E1,-3.158132629E0,9.065448303E0,1.981728973E0
8.062721279E1,1.365310822E0,9.868528290E0,9.385482788E-1
8.064711179E1,3.939208374E0,1.027972321E1,2.073787537E0
8.066701079E1,7.065307617E-2,1.016461258E1,4.992867279E0
8.068690879E1,-3.264112244E0,9.490115204E0,2.405198364E0
8.070680779E1,-1.417552185E-1,1.009261230E1,-2.429447937E-1
8.072670679E1,2.172731781E0,1.081036972E1,1.558409271E0
8.074660579E1,-2.810705109E0,9.474397888E0,3.814367981E0
8.076650479E1,-5.070256348E0,8.368796997E0,7.655081177E-1
8.078640279E1,-2.685864716E0,8.190218353E0,4.086502075E-1
8.080630179E1,-6.231541443E-1,8.425379333E0,2.928809509E0
8.082620079E1,-5.076992340E0,6.131848755E0,3.187321930E0
8.084609979E1,-2.300565948E0,5.411696320E0,1.206790466E0
8.086599879E1,5.077591095E0,8.558602295E0,2.161205750E0
8.088589679E1,3.232527924E0,1.229722778E1,3.691623230E0
8.090579579E1,-4.618495789E0,9.543554077E0,4.380640411E0
8.092569479E1,-3.291804657E0,7.800279236E0,1.151854706E0
8.094559379E1,3.306623840E-1,9.286688232E0,3.048410797E0
8.096549279E1,-3.998784485E0,8.190667419E0,9.175918579E-1
8.098539079E1,-6.952292633E0,4.851710815E0,-4.902305603E-1
8.100528979E1,-5.840105438E0,6.029910736E0,-8.560697937E-1
8.102518879E1,-3.319497070E0,1.027478348E1,1.430575104E0
8.104508779E1,-2.507884827E0,9.307045898E0,-5.339396667E-1
8.106498579E1,-3.227139130E0,6.381529541E0,-2.792443085E0
8.108488479E1,-7.242239685E0,6.796017609E0,7.385641479E-1
8.110478379E1,-5.434449005E0,7.302564240E0,1.767823792E0
8.112468279E1,-2.061962128E0,7.764952698E0,-1.963916016E0
8.114458179E1,-5.533842316E0,8.612490234E0,-1.196012878E0
8.116447979E1,-1.039648041E1,7.571255493E0,1.034947815E0
8.118437879E1,-6.699318695E0,5.659131775E0,7.316784668E-1
8.120427779E1,-3.649261322E0,7.153773651E0,-3.863914948E0
8.122417679E1,-8.475225677E0,9.133706360E0,-1.858385468E0
8.124407579E1,-9.901010742E0,6.801406403E0,-3.586242371E0
8.126397379E1,-8.085585938E0,6.188580780E0,-4.490811310E0
8.128387279E1,-8.251590729E0,7.801925812E0,-2.127525787E0
8.130377179E1,-7.364235992E0,7.265291748E0,-1.971999207E0
8.132367079E1,-5.971831512E0,4.616849213E0,-3.812272339E0
8.134356879E1,-7.828869781E0,4.303999786E0,-4.566254425E0
8.136346779E1,-1.080078964E1,3.660338287E0,-4.930896149E0
8.138336679E1,-9.847272491E0,2.996169434E0,-3.128793640E0
8.140326579E1,-6.248456268E0,3.463497620E0,-3.027454376E0
8.142316479E1,-6.465953979E0,6.292464752E0,-3.412004700E0
8.144306279E1,-1.083102676E1,7.051536255E0,-3.305576019E0
8.146296142E1,-1.250125351E1,3.877835999E0,-3.093766479E0
8.148286042E1,-9.374256134E0,1.025367737E0,-3.198698273E0
8.150275942E1,-8.259524231E0,2.957100677E0,-3.384461975E0
8.152265842E1,-9.474846954E0,5.025798798E0,-2.560425568E0
8.154255642E1,-9.289232941E0,3.552263031E0,-2.449955292E0
8.156245542E1,-7.732769623E0,1.118923187E0,-3.222947845E0
8.158235442E1,-8.167166290E0,1.089883575E0,-5.026397552E0
8.160225342E1,-1.022089554E1,7.551795959E-1,-5.395679626E0
8.162215242E1,-1.030606842E1,2.516267395E0,-2.150727539E0
8.164205042E1,-8.165519714E0,4.496948547E0,-1.312321014E0
8.166194942E1,-9.861193542E0,4.205953674E0,-4.067790985E0
8.168184842E1,-1.269270538E1,9.189390564E-1,-4.162543945E0
8.170174742E1,-1.064361649E1,-2.760260010E-1,-3.298690338E0
8.172164542E1,-8.151448975E0,1.288819885E0,-3.497926025E0
8.174154442E1,-9.160500641E0,4.192032623E0,-3.024759979E0
8.176144342E1,-9.977950745E0,3.252286835E0,-2.233655090E0
8.178134242E1,-9.586963806E0,1.848655701E0,-2.022893372E0
8.180124142E1,-8.868158569E0,1.705403595E0,-2.142494659E0
8.182113942E1,-9.414672089E0,2.687660980E0,-2.857857056E0
8.184103842E1,-1.052072205E1,3.440295868E0,-2.761607208E0
8.186093742E1,-9.011859741E0,3.549418945E0,-2.709964600E0
8.188083642E1,-8.393645325E0,2.657723236E0,-2.140548706E0
8.190073542E1,-9.038654022E0,2.993624725E0,-2.978506165E0
8.192063342E1,-1.022568558E1,4.327201538E0,-3.065325623E0
8.194053242E1,-1.047761169E1,4.056115265E0,-3.554208984E0
8.196043142E1,-9.060508575E0,2.252366180E0,-3.251239014E0
8.198033042E1,-8.397237854E0,4.942721558E-1,-3.203937378E0
8.200022842E1,-8.200995941E0,9.348060608E-1,-4.436773682E0
8.202012742E1,-1.000609222E1,2.942281494E0,-3.700903931E0
8.204002642E1,-1.029424301E1,3.306174774E0,-2.747835846E0
8.205992542E1,-7.502847748E0,2.947370911E0,-1.496288452E0
8.207982442E1,-7.219337311E0,2.852168884E0,-3.854334869E0
8.209972242E1,-1.132694550E1,3.967499542E0,-3.457959137E0
8.211962142E1,-1.124551483E1,4.243226166E0,-4.322112122E0
8.213952042E1,-7.905510406E0,3.813619537E0,-2.788102112E0
8.215941942E1,-6.143075409E0,3.727099457E0,-1.403032379E0
8.217931842E1,-6.899003448E0,5.751789093E0,-1.273851013E0
8.219921642E1,-8.021668854E0,7.457192688E0,-2.571352844E0
8.221911542E1,-9.359137573E0,6.104156342E0,-3.489842834E0
8.223901442E1,-9.938732300E0,3.690725098E0,-4.001329193E0
8.225891342E1,-8.759933624E0,2.487826538E0,-3.192111969E0
8.227881242E1,-7.325017548E0,2.830314331E0,-2.314487000E0
8.229871042E1,-5.977669373E0,5.056934052E0,-7.366181946E-1
8.231860942E1,-4.949008484E0,8.746461639E0,-1.229543152E0
8.233850842E1,-5.959107971E0,1.095122681E1,-2.739153900E0
8.235840742E1,-8.254285126E0,7.936046906E0,-3.653003540E0
8.237830642E1,-9.767937469E0,3.809278564E0,-3.273243256E0
8.239820442E1,-9.066346436E0,2.829715576E0,-2.267784119E0
8.241810342E1,-5.465284882E0,5.686075745E0,-2.283202057E0
8.243800242E1,-2.625390472E0,8.260422363E0,-3.192261658E0
8.245790154E1,-4.846022644E0,7.468569031E0,-3.186124420E0
8.247780054E1,-1.001133133E1,5.766458588E0,-1.766626282E0
8.249769854E1,-1.108894043E1,5.483995972E0,-1.371897125E0
8.251759754E1,-6.928492126E0,7.044949951E0,-1.587448883E0
8.253749654E1,-3.911815338E0,7.468419342E0,-1.930685120E0
8.255739554E1,-5.067561951E0,7.324418793E0,-1.546733551E0
8.257729454E1,-7.806416473E0,8.047864380E0,5.469625854E-1
8.259719254E1,-5.478607178E0,9.378297729E0,-1.070274353E-1
8.261709154E1,-2.709665222E0,9.148226166E0,-1.636546783E0
8.263699054E1,-3.152893524E0,7.943381653E0,-1.702709198E0
8.265688954E1,-5.922284546E0,7.641609192E0,-1.424437866E0
8.267678754E1,-7.379504242E0,7.545059967E0,-1.052611084E0
8.269668654E1,-5.306465149E0,8.622070312E0,-1.894759827E0
8.271658554E1,-2.582729187E0,7.831863556E0,-1.990410919E0
8.273648454E1,-2.614163818E0,6.011648712E0,-1.112935638E0
8.275638354E1,-4.555177460E0,7.236551514E0,-1.009201355E0
8.277628254E1,-5.338348846E0,1.063194077E1,-9.476792908E-1
8.279618054E1,-3.804787903E0,1.034378998E1,4.760101318E-2
8.281607954E1,-3.701053619E0,7.648943939E0,7.464976501E-1
8.283597854E1,-2.707419891E0,8.088729401E0,-3.131488037E-1
8.285587754E1,-1.131946106E0,1.031804352E1,-1.017284546E0
8.287577554E1,-6.935078430E-1,9.848470001E0,1.601669312E-2
8.289567454E1,-1.841171265E0,9.103469238E0,2.861299896E0
8.291557354E1,-2.495310974E-1,9.889634399E0,4.175417175E0
8.293547254E1,1.224453735E0,7.799830170E0,1.681453400E0
8.295537154E1,6.497987366E-1,6.116879883E0,-1.672621765E0
8.297526954E1,-2.245031433E0,7.741451569E0,-2.327659607E0
8.299516854E1,-6.036946106E0,1.079375427E1,2.105671234E0
8.301506754E1,-8.632099457E0,1.080153809E1,1.483714600E0
8.303496654E1,-6.790179749E0,7.982001343E0,-7.098239136E-1
8.305486554E1,-6.644682312E-1,8.488697662E0,1.273252258E0
8.307476354E1,5.103786621E0,1.011746063E1,2.900069275E0
8.309466254E1,4.705015869E0,9.078770599E0,1.000818787E0
8.311456154E1,3.073259125E0,7.962092743E0,2.711311798E0
8.313446054E1,3.177292786E0,9.034762115E0,4.046235809E0
8.315435954E1,-5.604345703E-1,1.156719589E1,2.427352295E0
8.317425754E1,-7.096891937E0,1.413271088E1,-1.538051605E0
8.319415654E1,-1.145867157E1,1.199051559E1,-2.720742188E0
8.321405554E1,-3.275338898E0,7.325915680E0,3.140768738E0
8.323395454E1,5.121150513E0,8.761131134E0,4.095483398E0
8.325385354E1,3.730093231E0,8.985364838E0,1.222507782E0
8.327375154E1,1.225651245E0,1.018556900E1,6.794371033E-1
8.329365054E1,-4.073030090E-1,1.149354904E1,2.543959808E0
8.331354954E1,-3.400179291E0,9.540560303E0,2.315534821E0
8.333344854E1,-1.658101959E0,8.112230530E0,1.121767273E0
8.335334754E1,2.105671234E0,1.077309723E1,2.356250153E0
8.337324554E1,-7.993377686E-2,1.152094208E1,1.834584961E0
8.339314454E1,-3.347189484E0,9.593849487E0,1.151705017E0
8.341304354E1,-2.931803284E0,8.812624054E0,8.075706482E-1
8.343294254E1,-3.951782227E-2,9.458381195E0,1.477876740E0
8.345284154E1,-3.171903992E-1,9.933942261E0,2.505340118E0
8.347273929E1,-1.310075684E0,1.007973907E1,1.895358582E0
8.349263829E1,-2.321971436E0,9.616901550E0,8.387059021E-1
8.351253729E1,-1.685644684E0,9.528734894E0,7.982899475E-1
8.353243629E1,-2.314187622E-1,9.917177124E0,2.828518066E0
8.355233529E1,-1.194515991E0,9.682465210E0,2.442171478E0
8.357223329E1,-1.827100525E0,9.035360870E0,3.731739807E-1
8.359213229E1,1.363664246E-1,9.522148590E0,1.089434509E0
8.361203129E1,-3.011737061E-1,9.524543610E0,3.260669403E0
8.363193029E1,-2.548001404E0,9.008865967E0,2.898871765E0
8.365182929E1,-1.817670135E0,9.035360870E0,1.398392029E0
8.367172729E1,7.460485840E-1,9.958491211E0,7.095245361E-1
8.369162629E1,-1.172811127E0,1.028256729E1,2.107766876E0
8.371152529E1,-3.974684601E0,9.459279327E0,2.266736298E0
8.373142429E1,-2.940634918E0,8.648714905E0,1.169218597E0
8.375132329E1,5.581892395E-1,9.197922821E0,1.425335999E0
8.377122129E1,-1.335223389E-1,1.028675858E1,2.225571899E0
8.379112029E1,-1.764979706E0,9.684860229E0,2.041305084E0
8.381101929E1,3.594026184E-1,9.369615784E0,1.231638794E0
8.383091829E1,-1.252894592E-1,9.720635834E0,2.080523529E0
8.385081629E1,-2.816243591E0,9.637857971E0,2.260000305E0
8.387071529E1,-3.704047394E0,8.941955109E0,5.692662048E-1
8.389061429E1,-4.168830872E-1,9.330397339E0,1.187630310E0
8.391051329E1,8.565188599E-1,1.017149826E1,2.885998535E0
8.393041229E1,-1.674418030E0,9.457782440E0,3.210523682E0
8.395031029E1,-2.383194122E0,9.282796326E0,1.978585510E0
8.397020929E1,-1.141526184E0,9.619595947E0,9.304650879E-1
8.399010829E1,-1.554367676E0,9.686207428E0,1.516047363E0
8.401000729E1,-3.513643341E0,9.286837921E0,1.986668701E0
8.402990629E1,-3.777394867E0,9.111253052E0,1.502126312E0
8.404980429E1,-9.566606140E-1,9.444160767E0,1.241817627E0
8.406970329E1,1.549278259E-1,9.998607788E0,1.512604523E0
8.408960229E1,-2.117646332E0,9.545200653E0,1.954934692E0
8.410950129E1,-3.180585938E0,8.624615021E0,2.013762360E0
8.412940029E1,-3.460204468E0,7.784561920E0,4.584965515E-1
8.414929829E1,-2.650238800E0,8.267607422E0,4.424798584E-1
8.416919729E1,-3.378923492E0,7.991282043E0,1.166823578E0
8.418909629E1,-4.815635834E0,6.313720551E0,2.119143219E0
8.420899529E1,-2.563269653E0,7.770341492E0,1.197809143E0
8.422889429E1,-1.751956787E0,9.676926727E0,1.107696533E0
8.424879229E1,-2.764900360E0,7.805368652E0,1.233135681E0
8.426869129E1,-2.972967682E0,7.303162994E0,1.372944946E0
8.428859029E1,-1.983375549E0,1.216325638E1,2.679128723E0
8.430848929E1,-2.600841522E0,1.321077805E1,6.137237549E-1
8.432838729E1,-3.847449188E0,5.528154144E0,1.984273682E0
8.434828629E1,-3.950884094E0,1.413360901E0,-2.303110657E0
8.436818529E1,-5.646108856E0,4.180506592E0,-2.413580933E0
8.438808429E1,-7.307204590E0,1.007884094E1,1.323996735E0
8.440798329E1,-4.888833618E0,9.346863098E0,2.044149170E0
8.442788129E1,-3.547173615E0,7.452402649E0,-1.275347900E0
8.444778029E1,-7.258555756E0,7.920928345E0,-4.755610657E-1
8.446767942E1,-8.673114166E0,7.221582642E0,9.024732971E-1
8.448757842E1,-5.906417542E0,5.835914154E0,-1.770817566E-1
8.450747742E1,-5.183121643E0,7.086264038E0,-3.558250580E0
8.452737542E1,-9.261839905E0,7.064559174E0,-2.031725006E0
8.454727442E1,-1.014964371E1,5.109923859E0,-3.155587921E0
8.456717342E1,-8.865464172E0,4.217479706E0,-2.607128448E0
8.458707242E1,-7.600295105E0,5.988746338E0,-1.807341614E0
8.460697142E1,-6.728957062E0,9.464368744E0,-9.999206543E-1
8.462686942E1,-8.624764709E0,9.506730652E0,-1.777703247E0
8.464676842E1,-1.136571487E1,6.785389709E0,-2.555485840E0
8.466666742E1,-9.461225281E0,3.997886353E0,-3.633843384E0
8.468656642E1,-5.901328125E0,2.069147186E0,-3.932023315E0
8.470646542E1,-5.418432312E0,7.150630188E-1,-3.186723175E0
8.472636342E1,-7.706723785E0,3.272943878E0,-5.097350006E0
8.474626242E1,-1.068522995E1,7.082072754E0,-4.646038513E0
8.476616142E1,-1.027927414E1,9.279054108E0,-2.763852539E0
8.478606042E1,-7.430997162E0,5.976621552E0,2.224374390E-1
8.480595942E1,-8.047714691E0,4.864883423E0,-2.342628479E0
8.482585742E1,-1.091560089E1,4.404740295E0,-2.781665497E0
8.484575642E1,-1.104044128E1,2.652035065E0,-3.312012634E0
8.486565542E1,-9.425599365E0,2.748135223E0,-2.953957214E0
8.488555442E1,-8.007598114E0,4.950655060E0,-1.725611572E0
8.490545342E1,-7.522157593E0,6.301745453E0,-1.673968964E0
8.492535142E1,-8.820707245E0,4.753964081E0,-1.004561005E0
8.494525042E1,-9.340127106E0,3.395688629E0,-2.371668091E0
8.496514942E1,-1.038225998E1,3.195554810E0,-4.199217682E0
8.498504842E1,-1.213032486E1,2.588417358E0,-3.916455688E0
8.500494742E1,-9.871671753E0,1.279239807E0,-2.971321106E0
8.502484542E1,-6.333479462E0,2.349963226E0,-2.705174561E0
8.504474442E1,-7.107819214E0,5.274731140E0,-1.314266968E0
8.506464342E1,-1.040501266E1,6.456523590E0,-8.755293274E-1
8.508454242E1,-1.098326019E1,4.916526031E0,-2.163451080E0
8.510444142E1,-1.079465240E1,3.065325623E0,-4.220772858E0
8.512433942E1,-1.031190628E1,2.220332794E0,-3.937561798E0
8.514423842E1,-7.902666321E0,2.960094452E0,-2.992726593E0
8.516413742E1,-7.759264526E0,5.161416779E0,-3.098107452E0
8.518403642E1,-8.867410126E0,6.537505188E0,-1.804796906E0
8.520393542E1,-7.979306946E0,6.210734711E0,-1.662442932E0
8.522383342E1,-7.749834137E0,5.345833282E0,-2.199975128E0
8.524373242E1,-9.068591766E0,4.832251282E0,-2.394869843E0
8.526363142E1,-9.929601288E0,4.549489288E0,-3.040477295E0
8.528353042E1,-9.459429016E0,3.202440491E0,-2.346221008E0
8.530342942E1,-7.138804779E0,2.671644287E0,-2.340981903E0
8.532332742E1,-5.860612793E0,4.890629883E0,-2.808908844E0
8.534322642E1,-7.004833374E0,8.919052734E0,-1.749861145E0
8.536312542E1,-8.632099457E0,9.206006012E0,-1.368005219E0
8.538302442E1,-8.361761627E0,6.069278870E0,-1.503174133E0
8.540292342E1,-7.338788910E0,4.389172668E0,-1.867666168E0
8.542282142E1,-6.546037445E0,5.237009583E0,-2.918780365E0
8.544272042E1,-7.752827911E0,6.796766052E0,-3.091072083E0
8.546262042E1,-8.178542633E0,6.926546173E0,-2.151176605E0
8.548251942E1,-6.586752777E0,6.991361389E0,-1.900447998E0
8.550241842E1,-5.360951843E0,8.533753967E0,-9.635462952E-1
8.552231642E1,-4.596192169E0,9.467063141E0,9.624984741E-2
8.554221542E1,-4.939578094E0,8.655899963E0,3.626957703E-1
8.556211442E1,-4.990172882E0,7.965685272E0,-7.758366394E-1
8.558201342E1,-5.204078064E0,8.909322968E0,-1.203197937E0
8.560191242E1,-6.078858948E0,8.764124908E0,-7.153623962E-1
8.562181042E1,-4.959636383E0,8.768765259E0,2.273771667E-1
8.564170942E1,-3.703149261E0,8.982371063E0,-5.984555054E-1
8.566160842E1,-4.138743439E0,8.720864868E0,-7.541317749E-1
8.568150742E1,-4.743036804E0,8.351882172E0,-4.463717651E-1
8.570140642E1,-3.025957489E0,9.115594025E0,3.183879089E-1
8.572130442E1,-2.841391296E0,8.931476898E0,1.607656860E-1
8.574120342E1,-3.193159790E0,7.694000244E0,-6.730004883E-1
8.576110242E1,-3.535946960E0,7.181915131E0,-9.722282410E-1
8.578100142E1,-2.780018921E0,9.245074768E0,1.674118652E0
8.580090042E1,-9.463320923E-1,9.611662445E0,2.486778717E0
8.582079842E1,-1.566642151E0,7.177723846E0,1.520088959E0
8.584069742E1,-2.411784668E0,5.972729645E0,1.078207855E0
8.586059642E1,-1.627565460E0,7.624844055E0,2.082619171E0
8.588049542E1,-1.011746063E0,1.000983444E1,2.006726990E0
8.590039442E1,-2.741698608E0,9.843979340E0,-1.209784241E0
8.592029242E1,-2.978805542E0,8.483757935E0,-2.442919922E-1
8.594019142E1,-1.013841705E0,8.562494202E0,6.123765564E-1
8.596009042E1,6.792874146E-1,1.008063721E1,4.844525757E0
8.597998942E1,-8.382568359E-3,9.524393921E0,3.647165680E0
8.599988842E1,1.789079590E0,8.294701080E0,-8.643026733E-1
8.601978642E1,4.695136414E0,8.619375916E0,-5.957611084E-2
8.603968542E1,2.572550354E0,9.760752411E0,3.238964539E0
8.605958442E1,-5.764213257E0,1.107771378E1,4.428840179E0
8.607948342E1,-8.503965912E0,1.035396881E1,2.778821411E0
8.609938242E1,-2.895129547E0,1.005713608E1,7.400610352E-1
8.611928042E1,-2.758763123E-1,1.186657333E1,1.836680603E0
8.613917942E1,-2.365979919E0,1.039139099E1,2.168839874E0
8.615907842E1,9.134005737E-1,8.846304016E0,3.025807800E0
8.617897742E1,2.202370148E0,9.477691040E0,4.043541412E0
8.619887642E1,8.666976929E-2,8.937464447E0,2.031725006E0
8.621877442E1,1.098266144E0,9.308692474E0,6.307882690E-1
8.623867342E1,1.087039490E0,1.009051666E1,2.032922516E0
8.625857242E1,-3.235372009E0,9.990674286E0,3.908372498E0
8.627847142E1,-4.089645538E0,8.950038300E0,3.850143585E0
8.629837042E1,-2.235750732E0,8.468639374E0,8.161029053E-1
8.631826942E1,6.355783081E-1,9.495204620E0,-2.015558624E0
8.633816742E1,1.637744293E0,1.088686066E1,7.699987793E-1
8.635806642E1,-2.443368988E0,9.611512756E0,3.879033508E0
8.637796542E1,-4.020339661E0,7.198231201E0,2.396366730E0
8.639786442E1,-2.157463531E0,6.388864288E0,7.632627869E-1
8.641776342E1,1.106049957E0,9.603878632E0,2.721939697E0
8.643766142E1,3.362906799E0,1.323697357E1,3.595074005E0
8.645756004E1,1.366208954E0,1.107127716E1,2.609074402E0
8.647745904E1,4.059558105E-1,8.369096375E0,2.254012756E0
8.649735804E1,-1.628164215E0,9.089548187E0,-4.349954224E-1
8.651725704E1,-4.424050140E0,9.087751923E0,2.054477692E0
8.653715504E1,-8.303233337E0,6.860084381E0,1.491947479E0
8.655705404E1,-6.497388611E0,4.313729553E0,2.174977112E-1
8.657695304E1,-1.258882141E0,6.602769470E0,2.210902405E-1
8.659685204E1,-9.786648560E-1,1.001522324E1,2.935096436E0
8.661675104E1,-3.892056427E0,9.394913177E0,3.735182648E0
8.663664904E1,-1.462907867E0,8.499026184E0,1.779499512E0
8.665654804E1,1.437011719E-2,1.092263626E1,5.408253479E-1
8.667644704E1,-3.241209869E0,1.140882523E1,9.997709656E-1
8.669634604E1,-5.712870026E0,7.092401276E0,1.903741150E0
8.671624504E1,-5.065166931E0,4.872068481E0,-6.562353516E-1
8.673614304E1,-5.336851959E0,8.582103424E0,-2.071242828E0
8.675604204E1,-6.210734711E0,1.202419556E1,3.276686096E-1
8.677594104E1,-6.231691132E0,9.304800568E0,-5.528004456E-1
8.679584004E1,-4.738396454E0,5.570516052E0,-1.558558960E0
8.681573904E1,-5.436095581E0,4.244872742E0,-3.382965088E0
8.683563704E1,-7.403753815E0,4.452640686E0,-2.040556641E0
8.685553604E1,-7.443271637E0,4.723577271E0,-1.656605072E0
8.687543504E1,-5.343737640E0,5.861061859E0,-2.703378296E0
8.689533404E1,-6.860683136E0,7.637567596E0,-3.360811157E0
8.691523304E1,-1.110076584E1,6.584357758E0,-2.597398682E0
8.693513204E1,-8.557255096E0,3.507206726E0,-1.374591522E0
8.695503004E1,-4.434228973E0,4.932243347E0,-2.259551239E0
8.697492904E1,-6.104755096E0,8.289761353E0,-2.460433502E0
8.699482804E1,-1.004680756E1,7.344028015E0,-1.609602814E0
8.701472704E1,-9.642348633E0,4.355642395E0,-1.974543915E0
8.703462604E1,-8.240513763E0,5.174888763E0,-2.583926697E0
8.705452404E1,-9.474846954E0,7.317982178E0,-3.894451447E0
8.707442304E1,-1.033914963E1,4.675377502E0,-2.851420441E0
8.709432204E1,-8.621770935E0,3.392545166E0,-2.725382538E0
8.711422104E1,-6.480922852E0,3.956871643E0,-4.429289246E-1
8.713412004E1,-7.282805328E0,6.253246307E0,-3.044219513E0
8.715401804E1,-1.122979752E1,5.940546570E0,-3.186423798E0
8.717391704E1,-1.110585526E1,2.288441162E0,-3.666475525E0
8.719381604E1,-8.724906464E0,1.617236938E0,-3.528013458E0
8.721371504E1,-7.138056335E0,3.632645874E0,-3.027154999E0
8.723361404E1,-8.621471558E0,4.083508301E0,-2.543660431E0
8.725351304E1,-1.020712418E1,3.621568909E0,-3.010240173E0
8.727341104E1,-1.039977356E1,4.245471497E0,-2.892285461E0
8.729331004E1,-9.687404938E0,4.265529785E0,-4.506678314E0
8.731320904E1,-1.008123596E1,2.915487213E0,-4.280348969E0
8.733310804E1,-9.159602509E0,1.598825226E0,-2.960393829E0
8.735300704E1,-6.711443481E0,2.511926422E0,-2.301613770E0
8.737290504E1,-6.484665070E0,4.296665039E0,-3.143163757E0
8.739280404E1,-1.017209702E1,3.540138245E0,-3.065774689E0
8.741270304E1,-1.141945312E1,2.350861359E0,-2.426154785E0
8.743260204E1,-8.756790161E0,3.493585052E0,-1.494192810E0
8.745250104E1,-7.481741638E0,3.819158020E0,-2.649490356E0
8.747239858E1,-9.672735443E0,2.466421051E0,-3.466641083E0
8.749229758E1,-1.062565384E1,1.591191101E0,-4.393363953E0
8.751219658E1,-9.203311615E0,2.436782684E0,-3.990252228E0
8.753209558E1,-8.045918427E0,2.758763123E0,-3.411256256E0
8.755199458E1,-9.463171234E0,3.304827576E0,-3.198997650E0
8.757189258E1,-9.141340485E0,4.274361420E0,-1.950444031E0
8.759179158E1,-7.835007019E0,3.519181824E0,-3.142265625E0
8.761169058E1,-8.349936218E0,2.421514435E0,-3.885320435E0
8.763158958E1,-1.020278320E1,2.362686768E0,-4.559817810E0
8.765148858E1,-1.058149567E1,2.682421875E0,-2.987637177E0
8.767138758E1,-7.838150482E0,3.382516022E0,-2.693648529E0
8.769128558E1,-6.758595428E0,5.016218719E0,-2.419418793E0
8.771118458E1,-9.176966400E0,5.595065002E0,-1.748663635E0
8.773108358E1,-1.047671356E1,4.207151184E0,-1.780247955E0
8.775098258E1,-9.200766907E0,3.107687531E0,-3.506907349E0
8.777088158E1,-9.122779083E0,2.806214447E0,-3.890409851E0
8.779077958E1,-9.705666962E0,2.858306122E0,-2.893932037E0
8.781067858E1,-8.251590729E0,3.519930267E0,-2.302062836E0
8.783057758E1,-7.525001678E0,4.588108978E0,-2.970872040E0
8.785047658E1,-9.425749054E0,4.522844696E0,-2.603984985E0
8.787037558E1,-9.511969757E0,3.515140228E0,-2.338437195E0
8.789027458E1,-8.040978699E0,3.248544617E0,-2.578837280E0
8.791017258E1,-7.659272461E0,4.080065460E0,-3.418740692E0
8.793007158E1,-8.913364563E0,4.797822876E0,-4.100423126E0
8.794997058E1,-1.010219238E1,4.371958466E0,-2.897973633E0
8.796986958E1,-7.968080292E0,3.819307709E0,-2.510429535E0
8.798976858E1,-6.452781372E0,4.284091187E0,-3.547023926E0
8.800966658E1,-7.631430359E0,5.345533905E0,-3.191064148E0
8.802956558E1,-9.835746460E0,5.186714172E0,-1.957479401E0
8.804946458E1,-9.417067108E0,4.953349457E0,-2.506837006E0
8.806936358E1,-7.435038757E0,5.554499359E0,-2.858006744E0
8.808926258E1,-6.465205536E0,5.652395782E0,-3.496878204E0
8.810916058E1,-8.078400879E0,4.413871307E0,-2.332000580E0
8.812905958E1,-8.854087830E0,4.144581299E0,-1.678459625E0
8.814895858E1,-6.823410645E0,6.487808533E0,-1.635948029E0
8.816885758E1,-5.777086487E0,8.901988220E0,-3.044369202E0
8.818875658E1,-7.624844055E0,8.401878204E0,-2.426603851E0
8.820865558E1,-9.318871307E0,5.588329010E0,-1.840572510E0
8.822855358E1,-8.140821075E0,4.127217407E0,-2.010169830E0
8.824845258E1,-5.990991669E0,5.131778412E0,-2.919678497E0
8.826835158E1,-5.073250122E0,7.106921082E0,-1.404229889E0
8.828825058E1,-6.214476929E0,8.149802399E0,-1.354682922E0
8.830814958E1,-7.209008789E0,7.867489471E0,-1.934427338E0
8.832804758E1,-7.233108673E0,6.908882904E0,-6.987469482E-1
8.834794658E1,-5.987099762E0,7.214696960E0,-6.418652344E-1
8.836784558E1,-4.738995209E0,8.930279388E0,-1.391356659E0
8.838774458E1,-4.928201752E0,8.680598602E0,-1.688638458E0
8.840764358E1,-5.990692291E0,6.035748596E0,-2.112407227E0
8.842754258E1,-7.256310425E0,4.346810760E0,-1.974992981E0
8.844744058E1,-6.570885773E0,6.793622589E0,-2.131567383E0
8.846733954E1,-4.073479156E0,1.047656387E1,-1.952090607E0
8.848723854E1,-4.009262695E0,9.087452545E0,-5.544470215E-1
8.850713754E1,-5.387446747E0,6.048621826E0,3.344046021E-1
8.852703654E1,-5.158722382E0,7.081473999E0,-1.312770081E0
8.854693454E1,-4.567451935E0,1.054003189E1,-1.638492737E0
8.856683354E1,-5.758076019E0,9.709409180E0,-7.430548096E-1
8.858673254E1,-5.828878784E0,7.647447052E0,8.967851257E-1
8.860663154E1,-3.275039520E0,7.676037598E0,-1.099763031E0
8.862653054E1,-2.826871490E0,8.118667145E0,-2.177821198E0
8.864642954E1,-5.726042633E0,8.863368530E0,-1.095871124E0
8.866632754E1,-6.252198486E0,9.096433868E0,-3.582051086E-1
8.868622654E1,-2.832110596E0,9.757608948E0,1.102607117E0
8.870612554E1,-1.032103729E0,9.154363403E0,5.134323120E-2
8.872602454E1,-2.894680481E0,8.635991364E0,4.924758911E-2
8.874592354E1,-4.741090851E0,8.306227112E0,-3.502716064E-1
8.876582154E1,-4.461172943E0,8.047115936E0,-1.211730194E0
8.878572054E1,-3.519930267E0,8.843609619E0,-1.961820374E0
8.880561954E1,-3.510350189E0,1.048554520E1,-1.661544800E-1
8.882551854E1,-3.243155823E0,9.892777863E0,2.056124268E0
8.884541754E1,-1.212628326E0,8.323890381E0,2.301314392E0
8.886531554E1,2.781216431E-1,8.161777496E0,5.487588501E-1
8.888521454E1,-4.460723877E-1,9.023685150E0,-7.634124756E-3
8.890511354E1,-1.160536652E0,9.321116638E0,1.082548828E0
8.892501254E1,-2.787802734E0,8.844657440E0,8.852590942E-1
8.894491154E1,-5.516777802E0,8.464148712E0,-1.199006653E-1
8.896481054E1,-4.538112946E0,9.131760406E0,-4.317022705E-1
8.898470854E1,-1.335672455E0,9.809850311E0,9.367520142E-1
8.900460754E1,3.772155762E-2,9.609716492E0,2.895129547E0
8.902450654E1,1.686692505E0,8.695717163E0,1.491947479E0
8.904440554E1,3.800446930E0,8.494086456E0,3.869453430E-1
8.906430454E1,5.578898621E0,9.012757874E0,1.265917511E0
8.908420254E1,2.105820923E0,9.724078674E0,3.903732147E0
8.910410154E1,-5.181924133E0,9.783355408E0,1.977088623E0
8.912400054E1,-6.849007416E0,1.129865433E1,4.058061218E-1
8.914389954E1,-4.990023193E0,1.396266449E1,-2.844085693E-1
8.916379854E1,-4.784500580E0,1.010683273E1,-2.624043274E-1
8.918369754E1,9.752220154E-1,7.202721863E0,2.742896118E0
8.920359554E1,7.975415039E0,9.173523560E0,2.227517853E0
8.922349454E1,3.171005859E0,1.038300842E1,3.689677277E0
8.924339354E1,-1.942061462E0,9.525441742E0,1.353635101E0
8.926329254E1,-1.374441833E0,1.003333557E1,1.369951172E0
8.928319154E1,-4.071533203E-2,9.664951630E0,2.722837830E0
8.930308954E1,1.379231873E0,9.607171783E0,2.978506165E0
8.932298854E1,2.812651062E-1,8.795110474E0,2.654879150E0
8.934288754E1,-6.405180359E-1,9.460776215E0,1.501228180E0
8.936278654E1,-7.586224365E-1,1.078776672E1,1.478625183E0
8.938268554E1,-4.700225830E-2,9.780361633E0,2.269430695E0
8.940258454E1,1.466650085E0,9.407487030E0,2.578238525E0
8.942248254E1,1.011596375E0,9.385183411E0,3.171155548E0
8.944238154E1,-5.888754272E-1,8.966653748E0,3.571872253E0
8.946228083E1,-2.859803009E0,8.393645325E0,3.115171967E0
8.948217983E1,-9.584568787E-1,9.877210236E0,1.896855469E0
8.950207883E1,8.427474976E-1,1.141136993E1,3.060385895E0
8.952197683E1,-7.394622803E-1,1.028331573E1,1.979184265E0
8.954187583E1,-1.584604797E0,9.837542725E0,1.688189392E0
8.956177483E1,-1.231339417E0,9.524992676E0,1.952389984E0
8.958167383E1,-1.258133698E0,9.937684479E0,2.506238251E0
8.960157283E1,-2.332449646E0,9.448052673E0,2.003733215E0
8.962147183E1,-2.297721863E0,9.450298004E0,1.174757080E0
8.964136983E1,-2.082918549E0,8.804391174E0,9.395960999E-1
8.966126883E1,-1.348695374E0,8.901838531E0,2.544708252E-1
8.968116783E1,-1.315614166E0,8.914412384E0,6.550378418E-1
8.970106683E1,-2.811004486E0,8.403225403E0,3.328029327E0
8.972096583E1,3.397933960E-2,8.971294098E0,1.993853760E0
8.974086383E1,3.945495300E0,1.116767670E1,2.356399841E0
8.976076283E1,3.215463409E0,1.227612167E1,3.494333496E0
8.978066183E1,4.580474854E-2,1.022358994E1,1.929038544E0
8.980056083E1,-2.013912048E0,8.542136536E0,4.032614136E-1
8.982045983E1,-3.670517120E0,8.536747742E0,4.499642944E-1
8.984035883E1,-4.061054993E0,9.405241699E0,1.797162781E0
8.986025683E1,-2.923869781E0,9.770631866E0,2.092798004E0
8.988015583E1,-1.504371643E0,9.511221313E0,1.340612183E0
8.990005483E1,-1.088536377E0,9.395661621E0,1.717229004E0
8.991995383E1,-1.876048737E0,9.612560577E0,1.521885223E0
8.993985283E1,-2.666405182E0,9.357490997E0,1.589544525E0
8.995975183E1,-2.488574982E0,8.990603943E0,1.482217712E0
8.997964983E1,-2.452799377E0,9.326655121E0,1.611249390E0
8.999954883E1,-2.304607544E0,9.713301086E0,1.547931061E0
9.001944783E1,-2.432591400E0,9.101074219E0,1.202898560E0
9.003934683E1,-3.195704498E0,8.012986908E0,1.195713501E0
9.005924583E1,-3.136876831E0,7.220834198E0,1.657054138E0
9.007914383E1,-2.876568146E0,7.869734802E0,5.324427795E-1
9.009904283E1,-2.550546112E0,9.361532593E0,1.250649261E0
9.011894183E1,-2.505789185E0,8.273594971E0,2.182910614E0
9.013884083E1,-2.976709900E0,5.458099823E0,2.327060852E0
9.015873983E1,-3.380420380E0,5.876629486E0,4.549040222E-1
9.017863883E1,-3.629352722E0,9.837243347E0,3.311114502E-1
9.019853683E1,-3.094664612E0,1.176104279E1,1.341210938E-1
9.021843583E1,-4.742438049E0,8.230634308E0,1.917512512E-1
9.023833483E1,-5.784421234E0,5.645959167E0,-4.881349182E-1
9.025823383E1,-4.596341858E0,6.814129944E0,3.468287659E-1
9.027813283E1,-2.844085693E0,9.152267761E0,6.405180359E-1
9.029803083E1,-3.952979736E0,1.014709900E1,-8.707392883E-1
9.031792983E1,-7.094347229E0,1.012569351E1,3.146456909E-1
9.033782883E1,-7.852969666E0,8.436456299E0,1.326242065E-1
9.035772783E1,-5.599555664E0,6.307134247E0,-7.792794800E-1
9.037762683E1,-5.453758850E0,6.333030396E0,-2.076931000E0
9.039752583E1,-6.208788757E0,6.885980530E0,-1.350341949E0
9.041742383E1,-6.220314789E0,5.847140808E0,-2.223176880E0
9.043732283E1,-6.945556641E0,5.560037842E0,-1.397344208E0
9.045722183E1,-7.105573883E0,6.234834595E0,-9.132508850E-1
9.047712104E1,-6.257587280E0,7.099885712E0,-3.357218628E0
9.049702004E1,-7.653434601E0,7.878416748E0,-2.356549530E0
9.051691904E1,-7.889194336E0,7.117099915E0,-7.638615417E-1
9.053681704E1,-6.107150116E0,6.221212921E0,-5.378315735E-1
9.055671604E1,-6.481820984E0,6.740183716E0,-2.397564240E0
9.057661504E1,-8.500523071E0,7.636070709E0,-3.365301819E0
9.059651404E1,-9.374256134E0,7.015161896E0,-3.870650940E0
9.061641304E1,-9.079219666E0,5.449118500E0,-2.134710846E0
9.063631104E1,-7.493567047E0,4.245022430E0,-4.073928223E0
9.065621004E1,-7.421716461E0,3.686982880E0,-3.837270355E0
9.067610904E1,-8.430169373E0,4.575684814E0,-3.184926910E0
9.069600804E1,-8.317603455E0,5.993536377E0,-1.916764069E0
9.071590704E1,-7.833061066E0,6.525979156E0,-1.935325470E0
9.073580604E1,-9.040450287E0,4.514462128E0,-3.406466217E0
9.075570404E1,-1.063538361E1,2.840792542E0,-4.153562622E0
9.077560304E1,-1.093835358E1,3.257525940E0,-4.551584930E0
9.079550204E1,-9.786498871E0,4.141886902E0,-3.096610565E0
9.081540104E1,-8.169860687E0,4.896318054E0,-1.559906158E0
9.083530004E1,-8.078101501E0,5.196593628E0,-2.226619720E0
9.085519904E1,-8.975335693E0,3.287912750E0,-3.344644775E0
9.087509704E1,-9.713750153E0,2.272274780E0,-2.817141724E0
9.089499604E1,-8.879085846E0,3.728895721E0,-2.842588806E0
9.091489504E1,-7.882308655E0,4.326902161E0,-2.702929230E0
9.093479404E1,-8.603957977E0,3.420836334E0,-3.453767853E0
9.095469304E1,-9.230554962E0,3.478915558E0,-2.802771606E0
9.097459204E1,-8.888516235E0,4.244423676E0,-3.985911255E0
9.099449004E1,-1.025756927E1,3.264710999E0,-3.890409851E0
9.101438904E1,-9.556277618E0,2.195634155E0,-2.280357971E0
9.103428804E1,-7.743397522E0,3.513643341E0,-2.094145203E0
9.105418704E1,-8.291108551E0,4.692292328E0,-3.496578827E0
9.107408604E1,-1.114821716E1,3.582350464E0,-4.407883759E0
9.109398404E1,-1.159069702E1,3.039878540E0,-2.511177979E0
9.111388304E1,-7.799979858E0,4.637206879E0,-9.780661011E-1
9.113378204E1,-5.259013824E0,4.855902100E0,-1.733994141E0
9.115368104E1,-8.636141052E0,3.655548248E0,-2.380799103E0
9.117358004E1,-1.133981873E1,3.607797546E0,-3.584745483E0
9.119347904E1,-1.109672424E1,3.909270630E0,-3.782484283E0
9.121337704E1,-8.086184692E0,3.709286499E0,-3.320395203E0
9.123327604E1,-6.505471802E0,4.028422852E0,-2.306104431E0
9.125317504E1,-7.269483032E0,5.381309509E0,-6.420149231E-1
9.127307404E1,-8.252039795E0,5.743256836E0,-1.346300354E0
9.129297304E1,-8.962612152E0,3.989204407E0,-1.517095184E0
9.131287204E1,-9.865983582E0,2.722388763E0,-3.847149811E0
9.133277004E1,-1.035097504E1,4.143234100E0,-3.810925140E0
9.135266904E1,-9.269923096E0,5.594166870E0,-2.497556305E0
9.137256804E1,-6.248456268E0,5.181475067E0,-1.626218262E0
9.139246704E1,-4.767885132E0,4.502936096E0,-2.423310699E0
9.141236604E1,-7.667954407E0,4.808600464E0,-2.071242828E0
9.143226504E1,-1.039663010E1,5.429509277E0,-2.033072205E0
9.145216304E1,-9.714947662E0,5.633684692E0,-2.468367004E0
9.147206167E1,-7.777676239E0,6.197711792E0,-2.624642029E0
9.149196067E1,-7.285649414E0,6.722071381E0,-2.732866974E0
9.151185967E1,-7.968978424E0,5.720953217E0,-1.545086975E0
9.153175867E1,-7.347321167E0,4.629273376E0,-2.151625671E0
9.155165767E1,-6.542295227E0,5.397625580E0,-1.942211151E0
9.157155567E1,-6.928342438E0,7.113806763E0,-3.425626373E0
9.159145467E1,-8.403674469E0,7.220834198E0,-2.533331909E0
9.161135367E1,-8.395291901E0,5.030588837E0,-2.571203156E0
9.163125267E1,-7.037465515E0,4.090393982E0,-2.477048950E0
9.165115167E1,-6.522386627E0,5.995033264E0,-3.829486542E0
9.167104967E1,-8.040080566E0,7.623796234E0,-3.179089050E0
9.169094867E1,-7.935448151E0,7.686815186E0,-5.837860107E-2
9.171084767E1,-5.246439972E0,7.998916168E0,3.619473267E-1
9.173074667E1,-3.790567474E0,7.918383636E0,-3.580554199E-1
9.175064567E1,-5.389542389E0,7.299869843E0,-1.768422546E0
9.177054467E1,-8.099806366E0,7.577392731E0,-1.939965820E-1
9.179044267E1,-7.729027405E0,7.911348267E0,-1.829196167E-1
9.181034167E1,-4.946463776E0,7.455995178E0,-7.719447327E-1
9.183024067E1,-3.910617828E0,7.087910614E0,-1.274898834E0
9.185013967E1,-5.488187256E0,8.114176483E0,-4.108955383E-1
9.187003867E1,-5.912255402E0,8.794212341E0,6.399192810E-1
9.188993767E1,-4.565805359E0,9.050329742E0,4.529580688E-1
9.190983567E1,-3.996239777E0,8.984766083E0,-1.080153809E0
9.192973467E1,-5.716612244E0,8.115373993E0,-5.801934814E-1
9.194963367E1,-6.083499298E0,7.630681915E0,-4.321513367E-1
9.196953267E1,-4.339176636E0,8.820108490E0,-9.961784363E-1
9.198943167E1,-4.598437500E0,1.048270111E1,-6.197113037E-1
9.200933067E1,-5.641767883E0,8.345744934E0,-1.085542603E0
9.202922867E1,-4.624483337E0,7.154522095E0,3.656895447E-1
9.204912767E1,-2.068548431E0,7.870632935E0,7.027885437E-1
9.206902667E1,-6.524931335E-1,9.309141541E0,6.750961304E-1
9.208892567E1,-2.431393890E0,9.302405548E0,1.195563812E0
9.210882467E1,-3.460503845E0,8.620423737E0,1.450034637E0
9.212872367E1,-2.119143219E0,8.935518494E0,9.490264893E-1
9.214862167E1,-1.566791840E0,9.335935822E0,3.267704773E-1
9.216852067E1,-1.434017944E0,9.163793793E0,1.194216614E0
9.218841967E1,-1.344803467E0,9.216484222E0,3.149600372E0
9.220831867E1,3.438349915E-1,8.566086731E0,1.888173523E0
9.222821767E1,-3.941304016E-1,7.924071808E0,8.164022827E-1
9.224811667E1,-3.870052185E0,8.280031586E0,-1.149609375E0
9.226801467E1,-5.456303558E0,8.501121826E0,1.532662811E0
9.228791367E1,-4.242178345E0,9.528285828E0,2.280507660E0
9.230781267E1,1.032552795E0,1.043959076E1,-3.308120728E-2
9.232771167E1,2.618953857E0,9.369017029E0,-6.668632507E-1
9.234761067E1,5.776487732E-1,9.223220215E0,2.060614929E0
9.236750967E1,-3.142565002E0,1.067370392E1,3.784579926E0
9.238740767E1,-4.448898468E0,9.868228912E0,7.212002563E-1
9.240730667E1,-1.723665619E0,8.250243530E0,-5.980064392E-1
9.242720567E1,2.089055786E0,8.604407043E0,2.190245361E0
9.244710467E1,4.303550720E-1,1.183903061E1,4.993615723E0
9.246700408E1,-8.764274597E-1,1.029005173E1,2.445165253E0
9.248690208E1,-1.365011444E0,7.847580872E0,-4.619393921E-1
9.250680108E1,-1.815724182E0,8.800349579E0,1.380429382E0
9.252670008E1,9.065148926E-1,1.032477951E1,3.697910156E0
9.254659908E1,1.497036896E0,1.014664993E1,4.259093170E0
9.256649808E1,1.042581940E0,9.122030640E0,1.926194458E0
9.258639708E1,-4.451742554E-1,9.296567688E0,5.902226257E-1
9.260629508E1,-8.084687805E-1,9.470955048E0,2.756368103E0
9.262619408E1,-2.010768585E0,9.191486206E0,4.240980835E0
9.264609308E1,1.975891113E-2,9.251212006E0,2.167941742E0
9.266599208E1,2.525847473E0,1.004336472E1,-4.722679138E-1
9.268589108E1,7.442523193E-1,1.126886627E1,5.825885010E-1
9.270579008E1,-3.045716400E0,1.154728729E1,3.099454651E0
9.272568808E1,-5.161566467E0,9.991722107E0,3.087629242E0
9.274558708E1,-1.004111938E0,7.714507599E0,1.799258423E0
9.276548608E1,5.571264496E0,9.010512543E0,9.126521301E-1
9.278538508E1,5.172344055E0,1.079809525E1,2.693947906E0
9.280528408E1,-1.933678894E0,9.889185333E0,4.790937195E0
9.282518308E1,-5.960754547E0,9.252409515E0,1.543440399E0
9.284508108E1,-3.846401367E0,1.067160828E1,-9.457333374E-1
9.286498008E1,3.891008606E0,1.207434128E1,1.256187744E0
9.288487908E1,6.198609924E-1,1.079091019E1,3.800895996E0
9.290477808E1,-7.817194061E0,7.885751495E0,1.124611359E0
9.292467708E1,-9.664801941E0,5.307363281E0,-2.076182556E0
9.294457608E1,-8.502169647E0,3.232976990E0,2.908601532E0
9.296447408E1,1.179098053E0,3.284020844E0,9.545649719E-1
9.298437308E1,9.361083527E0,1.531031204E1,4.713697815E0
9.300427208E1,5.636828156E0,2.389376266E1,8.720116425E0
9.302417108E1,4.687801666E0,9.102720795E0,2.529739380E0
9.304407008E1,-3.758683777E-1,2.845432892E0,-1.719324646E0
9.306396908E1,-8.827293549E0,6.369255066E-1,-1.869312744E0
9.308386708E1,-1.436936874E1,2.198328552E0,-1.393302612E0
9.310376608E1,-9.556876373E0,6.775061188E0,9.145980835E-2
9.312366508E1,-3.864813080E0,1.185085602E1,2.165397034E0
9.314356408E1,-1.021176453E0,1.297277298E1,9.114546204E-1
9.316346308E1,7.982899475E-1,1.006342300E1,2.091151428E-1
9.318336208E1,4.194277954E-1,6.989864502E0,1.028361511E0
9.320326008E1,-2.455194397E0,6.966962128E0,1.539099426E0
9.322315908E1,-4.711751862E0,7.980803833E0,8.756790161E-1
9.324305808E1,-7.101532288E0,8.755592651E0,1.504072266E0
9.326295708E1,-8.708440704E0,9.486372986E0,-9.589059448E-1
9.328285608E1,-8.530909882E0,9.417965240E0,-8.659492493E-1
9.330275508E1,-7.299271088E0,8.614136810E0,-1.406026154E0
9.332265308E1,-5.046605530E0,6.912325745E0,-1.545386353E0
9.334255208E1,-4.171375580E0,5.774392090E0,-3.954476624E0
9.336245108E1,-6.930587769E0,5.854325867E0,-1.142574005E0
9.338235008E1,-7.834408264E0,7.160060577E0,1.573228455E-1
9.340224908E1,-5.027295685E0,8.099057922E0,-4.475243683E0
9.342214808E1,-6.304589539E0,7.625143433E0,-5.412744141E0
9.344204608E1,-1.038615189E1,7.373965759E0,-2.986289978E0
9.346194508E1,-9.357041931E0,5.762416992E0,-1.105451202E0
9.348184354E1,-4.140390015E0,4.157903595E0,-2.105671234E0
9.350174254E1,-2.603535919E0,4.684358826E0,-3.315605164E0
9.352164154E1,-5.779182129E0,7.588170319E0,8.568182373E-1
9.354154054E1,-7.812553711E0,1.055530014E1,-4.290078735E-1
9.356143854E1,-8.802894287E0,8.560548248E0,-2.689756622E0
9.358133754E1,-9.772877197E0,4.888833618E0,-3.801794128E0
9.360123654E1,-1.030981064E1,4.142036591E0,-3.450325012E0
9.362113554E1,-8.518934784E0,5.923482056E0,-3.492986298E0
9.364103454E1,-7.047794037E0,6.358178101E0,-2.480342102E0
9.366093354E1,-7.323820038E0,5.044360199E0,-2.970273285E0
9.368083154E1,-8.485105133E0,5.227130127E0,-2.258353729E0
9.370073054E1,-9.133257294E0,5.509143677E0,-2.157164154E0
9.372062954E1,-9.228010254E0,5.059927826E0,-2.882106628E0
9.374052854E1,-9.514215088E0,4.808600464E0,-2.452500000E0
9.376042754E1,-9.805209961E0,5.087470551E0,-4.000281372E0
9.378032654E1,-9.212143250E0,3.520978088E0,-3.687581635E0
9.380022454E1,-8.151898041E0,1.437011719E0,-3.384162598E0
9.382012354E1,-7.328310699E0,2.737507324E0,-1.939816132E0
9.384002254E1,-7.373367004E0,6.460864563E0,-2.262994080E0
9.385992154E1,-8.843609619E0,6.462511139E0,-3.682492218E0
9.387982054E1,-1.108729385E1,3.687282257E0,-3.195255432E0
9.389971954E1,-1.067984116E1,3.918551331E0,-2.292632446E0
9.391961754E1,-7.254364471E0,5.093757477E0,-1.725012817E0
9.393951654E1,-6.061495056E0,5.248984680E0,-3.247646484E0
9.395941554E1,-8.231682129E0,5.398972778E0,-3.757336578E0
9.397931454E1,-1.117875366E1,5.571414185E0,-5.151237946E0
9.399921354E1,-1.101753891E1,5.919739838E0,-2.863395538E0
9.401911254E1,-7.290140076E0,5.545218658E0,-1.075812836E0
9.403901054E1,-5.237308960E0,5.186265106E0,-2.232906647E0
9.405890954E1,-7.517816620E0,5.425317993E0,-1.514101410E0
9.407880854E1,-9.386829987E0,6.620133362E0,1.686991882E-1
9.409870754E1,-8.131989441E0,7.695048065E0,-5.950126648E-1
9.411860654E1,-7.323520660E0,7.048542480E0,-1.926044769E0
9.413850554E1,-8.600066071E0,5.479056244E0,-2.734363861E0
9.415840354E1,-9.407636719E0,5.130880280E0,-8.743318176E-1
9.417830254E1,-7.113208008E0,5.974675598E0,-8.613088989E-1
9.419820154E1,-5.568869476E0,6.356980591E0,-1.000818787E0
9.421810054E1,-6.686894531E0,5.717210999E0,-1.390608215E0
9.423799954E1,-7.958649902E0,6.562503204E0,-1.706750793E0
9.425789854E1,-8.594527588E0,8.316705322E0,-1.562750244E0
9.427779654E1,-7.152725830E0,7.586074677E0,-1.586251373E0
9.429769554E1,-6.336473236E0,6.097420349E0,-1.172212372E0
9.431759454E1,-6.256988525E0,5.892945557E0,-9.717791748E-1
9.433749354E1,-6.254443817E0,7.460485840E0,-1.393751678E0
9.435739254E1,-6.650071106E0,7.757318573E0,-1.927541656E0
9.437729154E1,-7.284601593E0,6.691684570E0,-1.329535217E0
9.439718954E1,-6.980134735E0,6.881040802E0,-1.593885498E0
9.441708854E1,-5.657036133E0,7.192992096E0,-2.577490082E0
9.443698754E1,-5.991440735E0,7.191046143E0,-1.253792725E0
9.445688654E1,-6.283932495E0,6.166576538E0,-6.327342224E-1
9.447678546E1,-5.960754547E0,6.635700989E0,-6.933581543E-1
9.449668446E1,-5.520669708E0,8.800349579E0,-1.264869690E0
9.451658346E1,-4.810995483E0,9.258097687E0,-1.413061523E0
9.453648146E1,-5.701194305E0,7.964188385E0,-9.639953613E-2
9.455638046E1,-5.394781494E0,7.797734528E0,3.017724609E-1
9.457627946E1,-3.849844208E0,9.162745972E0,-1.353335724E0
9.459617846E1,-3.997736664E0,8.594377899E0,-8.000862122E-1
9.461607746E1,-4.752616882E0,8.384963379E0,-7.535330200E-1
9.463597646E1,-3.998934174E0,8.833730164E0,8.707392883E-1
9.465587446E1,-2.598895569E0,8.123906250E0,8.683442688E-1
9.467577346E1,-2.123035126E0,9.583071899E0,2.035018158E0
9.469567246E1,-2.133064270E0,1.107337280E1,2.005978546E0
9.471557146E1,-3.133284302E0,8.870553589E0,7.860154724E-1
9.473547046E1,-4.035607910E0,6.589896240E0,2.507286072E-1
9.475536946E1,-3.606001282E0,6.794221344E0,1.333726501E-1
9.477526746E1,-3.071313171E0,9.065298615E0,7.098239136E-1
9.479516646E1,-3.629502411E0,1.014635056E1,1.390608215E0
9.481506546E1,-2.947819977E0,9.716145172E0,1.019679565E0
9.483496446E1,-3.155737610E0,9.491462402E0,1.723366241E0
9.485486346E1,-2.390977936E0,9.069938965E0,1.740281067E0
9.487476246E1,-7.544311523E-1,8.764573975E0,4.180805969E-1
9.489466046E1,-1.040785675E0,8.943002930E0,-5.837860107E-3
9.491455946E1,-2.716401215E0,9.296717377E0,9.880952454E-1
9.493445846E1,-3.390000458E0,8.796158295E0,2.567161560E0
9.495435746E1,-3.139870605E0,8.426427155E0,7.655081177E-1
9.497425646E1,-3.149151306E0,8.557704163E0,6.816824341E-1
9.499415546E1,-1.597178650E0,9.157357178E0,3.604504395E-1
9.501405346E1,5.852828979E-2,9.691147156E0,1.416354675E0
9.503395246E1,-9.041198730E-2,8.439899139E0,2.483635254E0
9.505385146E1,2.658471680E-1,7.774083710E0,2.605631561E0
9.507375046E1,2.592608643E0,8.284522247E0,4.107608185E0
9.509364946E1,2.975961456E0,8.719966736E0,4.266427917E0
9.511354846E1,8.123606873E-1,1.066966232E1,2.086062012E0
9.513344646E1,-4.454586639E0,1.661365173E1,-9.261241150E-1
9.515334546E1,-1.095856155E1,1.255005203E1,-3.004402313E0
9.517324446E1,-5.360203400E0,6.055058441E0,6.300547943E0
9.519314346E1,4.611011353E0,7.573650513E0,2.924767914E0
9.521304246E1,4.740043030E0,8.840466156E0,5.528453522E0
9.523294146E1,2.896476746E-1,8.259224854E0,2.864742737E0
9.525283946E1,-6.601272583E-2,1.164024399E1,1.457219696E0
9.527273846E1,-1.993554382E0,1.214589249E1,8.369096375E-1
9.529263746E1,-1.808389435E0,9.110803986E0,1.349743195E0
9.531253646E1,7.461982727E-1,8.028255157E0,2.737357635E0
9.533243546E1,4.828958130E-1,8.521180115E0,3.252735901E0
9.535233446E1,-1.365460510E0,9.734856262E0,2.544109497E0
9.537223246E1,-7.677534485E-1,1.054152878E1,1.513053589E0
9.539213146E1,-3.640429688E-1,1.052655991E1,9.355545044E-1
9.541203046E1,4.954696655E-1,9.890981598E0,2.077829132E0
9.543192946E1,4.790039062E-3,8.786578217E0,2.944676514E0
9.545182846E1,-4.646337891E-1,9.122779083E0,2.526745605E0
9.547172767E1,-3.923341370E-1,9.509125671E0,1.829645233E0
9.549162567E1,2.031275940E-1,9.727222137E0,2.351909180E0
9.551152467E1,4.490661621E-4,1.027987289E1,2.709814911E0
9.553142367E1,-1.098266144E0,8.971294098E0,3.516637115E0
9.555132267E1,-4.116439819E-2,9.157806244E0,3.050506439E0
9.557122167E1,9.092092896E-1,9.667346649E0,2.463427277E0
9.559112067E1,2.676434326E-1,9.848320312E0,1.980980530E0
9.561101967E1,-1.078207855E0,9.687554626E0,2.194586334E0
9.563091767E1,-1.681004333E0,9.494456177E0,2.616409149E0
9.565081667E1,-1.108145599E0,9.648485870E0,2.268532562E0
9.567071567E1,-2.523751831E-1,1.018422180E1,2.914439392E0
9.569061467E1,-1.903890839E0,1.013168106E1,2.714604950E0
9.571051367E1,-2.291434937E0,1.013422577E1,3.903881836E-1
9.573041267E1,-1.358724518E0,1.012000534E1,5.954617310E-1
9.575031067E1,-2.676584015E0,9.301208038E0,1.837578735E0
9.577020967E1,-4.109105072E0,9.302405548E0,1.093775482E0
9.579010867E1,-4.951553192E0,8.488098907E0,2.791694641E-1
9.581000767E1,-6.286327515E0,5.816604309E0,2.129771118E0
9.582990667E1,-4.925657043E0,4.046086121E0,3.831133118E0
9.584980567E1,3.112327881E0,7.345824280E0,1.135538635E0
9.586970367E1,7.065457306E0,1.758902344E1,4.306843872E0
9.588960267E1,2.353705444E0,1.827639404E1,6.609206085E0
9.590950167E1,9.116043091E-1,9.269623718E0,3.232677612E0
9.592940067E1,-4.004173279E-1,5.580694885E0,-1.737886047E-1
9.594929967E1,-5.905818787E0,5.511389008E0,-6.652166748E-1
9.596919867E1,-1.082982925E1,5.963448944E0,-2.628533936E-1
9.598909667E1,-8.994944916E0,5.257367249E0,8.042774963E-1
9.600899567E1,-3.489543457E0,6.308331757E0,1.192570038E0
9.602889467E1,-1.635199585E0,8.708889771E0,2.818788300E0
9.604879367E1,-2.787653046E0,9.612111511E0,3.047512665E0
9.606869267E1,-2.720891876E0,8.510252838E0,1.523831177E0
9.608859167E1,-1.043031006E0,9.072932739E0,1.019080811E0
9.610849067E1,-2.794987793E0,9.696236572E0,1.271006927E0
9.612838867E1,-5.818250885E0,8.127349091E0,1.511706390E0
9.614828767E1,-6.319558411E0,6.478527832E0,3.611988831E-1
9.616818667E1,-6.437662811E0,6.100713501E0,-6.459068298E-1
9.618808567E1,-5.909710693E0,6.213728485E0,-6.875202942E-1
9.620798467E1,-5.111570435E0,6.916067963E0,-5.128335571E-1
9.622788367E1,-5.114863586E0,7.958649902E0,-5.839356995E-1
9.624778167E1,-4.230053558E0,8.218210144E0,1.041833496E-1
9.626768067E1,-3.976181488E0,8.058043213E0,-1.490450592E0
9.628757967E1,-7.575746155E0,8.111781464E0,-1.197360077E0
9.630747867E1,-9.195228424E0,6.543193359E0,6.137237549E-3
9.632737767E1,-6.278992767E0,5.257217560E0,-2.894081726E0
9.634727667E1,-7.263645172E0,6.686894531E0,-4.201612701E0
9.636717467E1,-1.035950729E1,7.347171478E0,-1.501228180E0
9.638707367E1,-7.459737396E0,5.695506134E0,-8.298742676E-1
9.640697267E1,-5.194497986E0,5.085374908E0,-3.352877655E0
9.642687167E1,-8.022866364E0,6.874304810E0,-3.429967346E0
9.644677067E1,-1.103370529E1,6.940766602E0,-1.522334290E0
9.646666967E1,-8.564140778E0,4.057761841E0,-9.921368408E-1
9.648656729E1,-8.285420380E0,3.423231354E0,-4.916825409E0
9.650646629E1,-1.281545013E1,5.921536102E0,-3.843557281E0
9.652636529E1,-1.229288681E1,6.528374176E0,-2.464924164E0
9.654626429E1,-6.752757568E0,3.508553925E0,-1.441053314E0
9.656616329E1,-6.609655151E0,9.355545044E-2,-3.209176483E0
9.658606229E1,-9.788444824E0,-1.758543091E0,-4.862488403E0
9.660596129E1,-1.025292892E1,8.065228271E-1,-4.976401520E0
9.662585929E1,-9.605974274E0,5.940097504E0,-2.872227173E0
9.664575829E1,-1.024454636E1,4.605472870E0,-3.823498993E0
9.666565729E1,-1.064750839E1,1.080752563E-1,-4.008065186E0
9.668555629E1,-1.110660370E1,2.111209717E0,-4.452191620E0
9.670545529E1,-1.036594391E1,7.957751770E0,-7.753875732E-1
9.672535429E1,-6.967560883E0,7.346722412E0,-2.110610962E-1
9.674525329E1,-5.612428894E0,1.085093536E0,-1.588646393E0
9.676515129E1,-9.965227203E0,-8.936416626E-2,-4.501289520E0
9.678505029E1,-1.373408981E1,4.850363617E0,-3.695515137E0
9.680494929E1,-1.105091949E1,8.203091583E0,-2.241438904E0
9.682484829E1,-6.662944336E0,5.821843414E0,-8.752299500E-1
9.684474729E1,-5.820945282E0,3.189118195E0,-1.889071655E0
9.686464629E1,-8.364456024E0,2.699037323E0,-2.374512177E0
9.688454429E1,-1.093401260E1,4.361180878E0,-1.930984497E0
9.690444329E1,-9.678573303E0,5.790708160E0,-2.445913696E0
9.692434229E1,-7.916437683E0,5.266049194E0,-2.164199524E0
9.694424129E1,-7.412884827E0,3.850592651E0,-3.027903442E0
9.696414029E1,-9.135652313E0,3.018473053E0,-2.971021729E0
9.698403929E1,-9.513915710E0,3.698808289E0,-2.777923279E0
9.700393729E1,-8.087531891E0,5.428311768E0,-2.575843506E0
9.702383629E1,-8.180937653E0,7.305258636E0,-2.032623138E0
9.704373529E1,-7.918533325E0,6.581064606E0,-2.407743073E0
9.706363429E1,-8.381071472E0,4.365072784E0,-1.509461060E0
9.708353329E1,-8.927884369E0,3.542682953E0,-2.328857117E0
9.710343229E1,-8.603359222E0,4.999303894E0,-3.268004150E0
9.712333129E1,-8.659642181E0,7.004833374E0,-3.196153564E0
9.714322929E1,-8.744216309E0,7.008425903E0,-1.233435059E0
9.716312829E1,-6.858886871E0,5.588478699E0,-1.319805450E0
9.718302729E1,-6.140381012E0,4.173920288E0,-1.476978607E0
9.720292629E1,-6.392157440E0,3.130739594E0,-2.908152466E0
9.722282529E1,-8.447832642E0,3.979474640E0,-2.088756409E0
9.724272429E1,-9.030121765E0,5.715714111E0,-1.747466125E0
9.726262229E1,-7.760012970E0,6.630611572E0,-1.263821869E0
9.728252129E1,-6.280339966E0,6.983876953E0,-1.182391205E0
9.730242029E1,-5.899082794E0,7.429500275E0,-1.540746002E0
9.732231929E1,-7.123985596E0,6.669231262E0,-7.204518127E-1
9.734221829E1,-7.818541260E0,4.857398987E0,-1.057700500E0
9.736211729E1,-7.592062225E0,4.967420197E0,-1.986219635E0
9.738201629E1,-7.454198914E0,6.213578796E0,-2.226619720E0
9.740191429E1,-6.673272858E0,7.487130432E0,-2.088307343E0
9.742181329E1,-6.353537750E0,7.760162659E0,-1.093027039E0
9.744171229E1,-5.899531860E0,6.182742920E0,-5.028044128E-1
9.746161129E1,-5.866300964E0,5.389692078E0,-7.194039917E-1
9.748151092E1,-6.259533234E0,7.082671509E0,-1.044078827E0
9.750140992E1,-6.842570801E0,1.005414230E1,-1.507066040E0
9.752130792E1,-7.229516144E0,1.008482849E1,-1.578467560E0
9.754120692E1,-7.008425903E0,6.242169342E0,-9.880952454E-1
9.756110592E1,-6.104306030E0,4.902904358E0,-8.599617004E-1
9.758100492E1,-4.611011353E0,6.712790680E0,-1.043480072E0
9.760090392E1,-4.130211182E0,8.286917267E0,-1.326990509E0
9.762080292E1,-5.933660889E0,7.133865051E0,-5.519023132E-1
9.764070192E1,-6.526877289E0,7.054979095E0,5.074447632E-1
9.766059992E1,-4.327800293E0,1.009096573E1,2.365081787E-1
9.768049892E1,-3.461701355E0,1.233045868E1,4.242178345E-1
9.770039792E1,-5.613626404E0,8.509055328E0,8.184979248E-1
9.772029692E1,-7.092401276E0,4.621040497E0,-8.192463684E-1
9.774019592E1,-6.109245758E0,4.459226990E0,-2.023492126E0
9.776009492E1,-4.652924194E0,9.644593964E0,1.092727661E-1
9.777999292E1,-3.116818542E0,1.450438797E1,8.146060181E-1
9.779989192E1,-3.602708130E0,1.006791367E1,-2.890489197E-1
9.781979092E1,-5.213658142E0,5.379962311E0,-3.317102051E-1
9.783968992E1,-6.449039154E0,4.772226105E0,-1.607058105E0
9.785958892E1,-5.211712189E0,8.434959412E0,3.375480652E-1
9.787948792E1,-2.799628143E0,1.218870346E1,1.604663086E-1
9.789938692E1,-2.373164978E0,1.059841049E1,-2.764750671E-1
9.791928492E1,-3.948489075E0,7.755971375E0,4.885839844E-1
9.793918392E1,-5.536686401E0,7.242688751E0,1.164578247E-1
9.795908292E1,-4.022734680E0,8.792416077E0,4.296066284E-2
9.797898192E1,-3.170556793E0,1.046638504E1,-7.613168335E-1
9.799888092E1,-3.730093231E0,9.533524933E0,-5.852828979E-2
9.801877992E1,-3.371588745E0,8.610394592E0,9.370513916E-1
9.803867792E1,-1.961820374E0,9.942324829E0,1.248553619E0
9.805857692E1,-1.874551849E0,1.053943314E1,1.197509766E-1
9.807847592E1,-3.782184906E0,9.127269745E0,6.448590088E-1
9.809837492E1,-4.527784424E0,8.152646484E0,1.218017120E0
9.811827392E1,-3.598965912E0,8.692873077E0,1.278790741E0
9.813817292E1,-2.917433167E0,8.724756775E0,-6.162684631E-1
9.815807092E1,-3.215912476E0,8.221802673E0,-6.375242615E-1
9.817796992E1,-3.012934570E0,8.940458221E0,1.071172485E0
9.819786892E1,-2.378553772E-1,1.150836823E1,2.400108948E0
9.821776792E1,-5.173242188E-1,9.671987000E0,1.625020752E0
9.823766692E1,-2.988984375E0,7.529492340E0,6.535409546E-1
9.825756592E1,-3.819607086E0,8.131390686E0,4.296066284E-1
9.827746492E1,-2.159708862E0,1.078806610E1,1.316811676E0
9.829736292E1,-7.036866760E-1,1.135957764E1,2.889291687E0
9.831726192E1,-1.856738892E0,8.645571442E0,1.276246033E0
9.833716092E1,-3.045716400E0,7.510481873E0,-2.251318359E0
9.835705992E1,-2.749781799E0,8.075107727E0,-1.427431641E0
9.837695892E1,-1.570833435E0,1.015173935E1,1.398541718E0
9.839685792E1,-1.622625732E0,1.137080429E1,4.208947449E0
9.841675692E1,-7.677534485E-1,1.011671219E1,2.904260559E0
9.843665492E1,-3.448828125E-1,8.355325012E0,7.943980408E-1
9.845655392E1,-1.148711243E0,8.542735291E0,1.300794983E-1
9.847645254E1,-1.658101959E0,9.990674286E0,4.255650330E-1
9.849635154E1,-1.778900757E0,1.030172745E1,8.181985474E-1
9.851625054E1,-1.420545959E-1,1.019514908E1,2.077978821E0
9.853614954E1,1.181493073E0,9.715995483E0,2.179916840E0
9.855604754E1,-6.623725891E-1,9.123976593E0,1.332229614E0
9.857594654E1,-3.056194611E0,8.757388916E0,1.159788208E0
9.859584554E1,-2.097588043E0,1.015832565E1,3.269501038E0
9.861574454E1,-4.281097412E-1,1.026011398E1,2.762505341E0
9.863564354E1,-6.017486572E-2,8.946296082E0,1.834435272E0
9.865554254E1,-1.131197662E0,8.862769775E0,2.086211700E0
9.867544054E1,-6.300398254E-1,9.477541351E0,2.658022614E0
9.869533954E1,2.486329651E-1,9.831106110E0,3.523822174E0
9.871523854E1,-9.310638428E-2,9.284293213E0,2.741249542E0
9.873513754E1,4.508624268E-1,8.117469635E0,2.535128174E0
9.875503654E1,7.234455872E-1,7.708520050E0,4.219126282E0
9.877493554E1,-6.867718506E-1,8.704099731E0,3.876189423E0
9.879483454E1,1.179996185E0,1.202344711E1,2.923720093E0
9.881473254E1,-1.737287292E0,1.288834854E1,4.896318054E-1
9.883463154E1,-5.983207855E0,1.061936691E1,1.588347015E0
9.885453054E1,-3.310665436E0,7.464377747E0,2.000889130E0
9.887442954E1,4.071982269E0,8.992998962E0,2.786006470E0
9.889432854E1,4.186793518E0,9.908644867E0,4.295168152E0
9.891422754E1,1.990560608E0,9.604776764E0,3.748954010E0
9.893412654E1,-1.593735809E0,9.126521301E0,2.307002563E0
9.895402454E1,-2.137704620E0,1.025307861E1,1.366508331E0
9.897392354E1,-2.055375824E0,1.042731628E1,2.225422211E0
9.899382254E1,-2.736160126E0,9.500443726E0,2.624043274E0
9.901372154E1,-2.947221222E0,9.014105072E0,1.249751129E0
9.903362054E1,-9.476792908E-1,8.681796112E0,6.005511475E-1
9.905351954E1,-1.263223114E0,8.845256195E0,2.265389099E0
9.907341754E1,-4.947960663E0,7.826474762E0,3.479963379E0
9.909331654E1,-3.520828400E0,6.617888031E0,1.951491852E0
9.911321554E1,3.097658386E0,9.382938080E0,1.966760101E0
9.913311454E1,5.335804138E0,1.457893295E1,4.981790314E0
9.915301354E1,3.963158569E0,1.415965485E1,5.821693726E0
9.917291254E1,-6.701564026E-1,8.973389740E0,3.055296478E0
9.919281154E1,-2.235301666E0,6.540498962E0,-8.292755127E-1
9.921270954E1,-4.978796539E0,6.827452240E0,-1.410516815E0
9.923260854E1,-8.604706421E0,7.517217865E0,6.744973755E-1
9.925250754E1,-9.097332001E0,8.050708466E0,1.907483368E0
9.927240654E1,-4.045637054E0,7.810458069E0,1.563348999E0
9.929230554E1,1.075064392E0,9.801767120E0,9.488768005E-1
9.931220454E1,1.971101074E0,1.302366714E1,1.432970123E0
9.933210254E1,-1.700014801E0,1.184711380E1,2.750380554E0
9.935200154E1,-2.612666931E0,9.896520081E0,1.714085541E0
9.937190054E1,-1.977837067E0,9.635462952E0,1.043330383E-1
9.939179954E1,-4.555626526E0,9.410181427E0,2.887495422E-1
9.941169854E1,-7.152875519E0,8.128396912E0,6.364764404E-1
9.943159754E1,-4.598138123E0,8.349187775E0,6.870712280E-1
9.945149654E1,-1.579515381E0,9.900112610E0,1.048569489E0
9.947139517E1,-1.366208954E0,1.034798126E1,1.202599182E0
9.949129417E1,-2.924767914E0,9.554780731E0,9.274713135E-1
9.951119317E1,-3.020269318E0,9.767937469E0,1.578018494E0
9.953109217E1,-2.334994354E0,9.619745636E0,2.179767151E0
9.955099117E1,-3.018772430E0,8.372090149E0,1.417851562E0
9.957089017E1,-3.695066071E0,7.947273560E0,2.318678284E-1
9.959078917E1,-3.575464783E0,8.908275146E0,1.649569702E-1
9.961068717E1,-3.965254211E0,9.720486145E0,9.903405762E-1
9.963058617E1,-3.675307159E0,8.954978027E0,1.684447174E0
9.965048517E1,-3.248694305E0,8.041876831E0,1.619781647E0
9.967038417E1,-3.050356750E0,8.474028168E0,1.353485413E0
9.969028317E1,-2.967279510E0,1.012524445E1,1.668580170E0
9.971018217E1,-3.114423523E0,1.037507492E1,1.631157990E0
9.973008017E1,-3.222049713E0,8.932824097E0,1.231040039E0
9.974997917E1,-3.062331848E0,8.621321869E0,1.202000427E0
9.976987817E1,-2.983595581E0,9.870474243E0,1.198258209E0
9.978977717E1,-3.104095001E0,1.014036301E1,1.058299255E0
9.980967617E1,-3.683989105E0,8.731043701E0,2.921923828E-1
9.982957517E1,-4.112847290E0,8.195906525E0,5.634283447E-1
9.984947417E1,-2.875969391E0,9.899513855E0,2.844085693E0
9.986937217E1,-7.116201782E-1,1.058568695E1,3.186274109E0
9.988927117E1,-1.044078827E0,9.670490112E0,1.620979156E0
9.990917017E1,-2.859803009E0,9.506880341E0,6.322851562E-1
9.992906917E1,-4.258045349E0,9.905351715E0,1.412911835E0
9.994896817E1,-3.475173340E0,9.108858032E0,1.515897675E0
9.996886717E1,-2.158361664E0,8.026458893E0,1.168769531E0
9.998876617E1,-2.610571289E0,8.479416962E0,1.206191711E0
1.000086642E2,-3.665278015E0,9.343120880E0,1.654509430E0
1.000285632E2,-3.766617279E0,9.221723328E0,1.690285034E0
1.000484622E2,-1.808090057E0,9.538913727E0,1.238524475E0
1.000683612E2,-1.128353577E0,1.040366547E1,8.168513489E-1
1.000882602E2,-3.058889008E0,1.031519943E1,2.141297150E0
1.001081592E2,-2.440674591E0,9.207951965E0,1.710043945E0
1.001280582E2,-2.059267731E0,7.716752930E0,1.133143616E-1
1.001479562E2,-3.498973846E0,7.174131317E0,-3.444337463E-1
1.001678552E2,-5.223537598E0,8.456215210E0,1.074016571E0
1.001877542E2,-4.433929596E0,1.025921585E1,2.191143494E0
1.002076532E2,-1.882635040E0,1.011446686E1,2.705174561E0
1.002275522E2,-1.395847321E0,8.487649841E0,2.279609528E0
1.002474512E2,-1.249451752E0,8.871152344E0,1.182540894E0
1.002673492E2,-1.802551575E0,9.893376617E0,1.432371368E0
1.002872482E2,-3.617227936E0,8.609945526E0,1.932780762E0
1.003071472E2,-4.294569397E0,6.804250488E0,2.070644073E0
1.003270462E2,-3.574416962E0,6.681805115E0,1.034349060E0
1.003469452E2,-3.207978973E0,8.425828400E0,1.200503540E0
1.003668442E2,-4.572092285E0,8.264014893E0,5.903723145E-1
1.003867432E2,-4.920417938E0,6.893315277E0,1.146615601E0
1.004066412E2,-2.937192078E0,8.111482086E0,1.458566895E0
1.004265402E2,-1.679208069E0,9.511520691E0,1.176253967E0
1.004464392E2,-2.912942505E0,8.674611053E0,1.051563263E0
1.004663382E2,-4.392016754E0,7.342231750E0,8.469387817E-1
1.004862373E2,-4.574636993E0,7.541916504E0,-4.849914551E-2
1.005061363E2,-4.885091400E0,8.492439880E0,-1.376387787E0
1.005260353E2,-6.199358368E0,8.495433655E0,-1.230740662E0
1.005459333E2,-6.590345306E0,8.597820740E0,-5.801934814E-1
1.005658323E2,-5.099146271E0,9.645641785E0,-4.405339050E-1
1.005857313E2,-4.274211731E0,7.990832977E0,-7.506889343E-1
1.006056303E2,-6.082750854E0,5.344486084E0,-2.291584625E0
1.006255293E2,-8.862620087E0,4.536316681E0,-2.100282440E0
1.006454283E2,-8.394842834E0,6.277795258E0,-1.307980042E0
1.006653273E2,-5.356610870E0,8.031548309E0,-8.144563293E-1
1.006852253E2,-4.644990692E0,8.798403625E0,-5.514532471E-1
1.007051243E2,-7.369325409E0,8.462801514E0,1.234632568E0
1.007250233E2,-8.267607422E0,8.301287384E0,1.748364258E-1
1.007449223E2,-7.374265137E0,8.161178741E0,-2.272574158E0
1.007648213E2,-7.914042664E0,6.677164764E0,-3.527564392E0
1.007847203E2,-9.117689667E0,4.437522125E0,-2.932551727E0
1.008046183E2,-9.095685425E0,3.153192902E0,-3.274291077E0
1.008245173E2,-7.634274445E0,5.152285767E0,-3.192561035E0
1.008444163E2,-7.038513336E0,8.434660034E0,-2.086511078E0
1.008643153E2,-6.713239746E0,8.766968994E0,-4.284091187E-1
1.008842143E2,-7.790100403E0,5.799090729E0,-1.604962463E0
1.009041133E2,-1.011192215E1,4.896168365E0,-2.347867584E0
1.009240123E2,-1.055170761E1,6.278543701E0,-3.250939636E0
1.009439113E2,-8.644822998E0,6.428531799E0,-2.538720703E0
1.009638093E2,-7.086563416E0,4.893773346E0,-2.258054352E0
1.009837083E2,-7.212601318E0,3.774999847E0,-2.197430420E0
1.010036073E2,-7.504194946E0,4.249363403E0,-1.430425415E0
1.010235063E2,-7.053482208E0,6.226751404E0,-1.572779388E0
1.010434053E2,-7.626790009E0,6.558012543E0,-1.710343323E0
1.010633043E2,-9.256750488E0,3.964356079E0,-2.989283752E0
1.010832023E2,-1.024529480E1,2.296524353E0,-4.133354645E0
1.011031013E2,-1.000773880E1,2.870131531E0,-4.597689056E0
1.011230003E2,-8.062533875E0,4.122726746E0,-3.627257080E0
1.011428993E2,-6.728507996E0,4.025728455E0,-2.267035675E0
1.011627983E2,-6.628815308E0,3.171005859E0,-2.054926758E0
1.011826973E2,-8.089477844E0,2.584375763E0,-2.394720154E0
1.012025963E2,-9.342671814E0,2.932102661E0,-2.640658722E0
1.012224943E2,-9.243128815E0,4.298461304E0,-1.357826385E0
1.012423933E2,-8.491392059E0,5.287155304E0,-2.471061401E0
1.012622923E2,-8.798703003E0,3.537294159E0,-3.558250580E0
1.012821913E2,-1.025143204E1,2.531685333E0,-3.942800903E0
1.013020903E2,-1.012000534E1,3.828139343E0,-2.228415985E0
1.013219893E2,-8.780890045E0,4.934638367E0,-6.054908752E-1
1.013418883E2,-7.320826263E0,4.721930695E0,-9.605525208E-1
1.013617863E2,-8.817264404E0,4.867128754E0,-2.640209656E0
1.013816853E2,-1.032268387E1,5.550757141E0,-3.244503021E0
1.014015843E2,-1.082848206E1,5.099894714E0,-2.588267670E0
1.014214833E2,-8.338559875E0,3.573668518E0,-1.982627106E0
1.014413823E2,-6.949298859E0,3.730991364E0,-2.178569641E0
1.014612813E2,-7.894433441E0,5.368436279E0,-1.961670685E0
1.014811803E2,-9.335786133E0,5.327870636E0,-1.296304321E0
1.015010783E2,-9.160650330E0,3.806284790E0,-1.708996124E0
1.015209773E2,-9.118887177E0,3.629801788E0,-2.782863007E0
1.015408763E2,-9.336384888E0,4.767885132E0,-2.994522858E0
1.015607753E2,-9.353299713E0,5.918392639E0,-2.139650574E0
1.015806743E2,-7.888745270E0,5.038372650E0,-1.841620331E0
1.016005733E2,-7.400909729E0,2.797233124E0,-1.499282227E0
1.016204723E2,-8.401728516E0,2.522254944E0,-2.013462982E0
1.016403703E2,-9.580527191E0,4.458328857E0,-2.345322876E0
1.016602693E2,-9.772727509E0,6.266269226E0,-2.495610352E0
1.016801683E2,-8.721313934E0,5.891748047E0,-2.385439453E0
1.017000673E2,-8.373886414E0,4.183799744E0,-2.375709686E0
1.017199663E2,-8.551417236E0,3.348386993E0,-3.308420105E0
1.017398653E2,-9.060807953E0,4.111051025E0,-3.028352509E0
1.017597643E2,-8.741671600E0,5.280868378E0,-1.640289001E0
1.017796623E2,-7.085665283E0,6.305936737E0,-6.460565186E-1
1.017995613E2,-6.233038330E0,6.637347565E0,-1.653461609E0
1.018194603E2,-7.476053467E0,5.577701111E0,-2.713407440E0
1.018393593E2,-9.529633026E0,4.333039398E0,-3.036435699E0
1.018592583E2,-9.109905853E0,4.303251343E0,-2.395468597E0
1.018791573E2,-6.763385468E0,5.182522888E0,-1.651964722E0
1.018990563E2,-5.574108582E0,6.230194244E0,-2.741997986E0
1.019189553E2,-6.928342438E0,6.200406189E0,-3.150049438E0
1.019388533E2,-9.545350342E0,5.256020050E0,-2.985691223E0
1.019587523E2,-1.008617569E1,4.115092621E0,-1.832938385E0
1.019786513E2,-6.622827759E0,4.539310455E0,-2.046843567E0
1.019985503E2,-5.601800995E0,6.189179535E0,-3.791615295E0
1.020184493E2,-7.728278961E0,7.924520874E0,-2.675087128E0
1.020383483E2,-8.364605713E0,7.557184753E0,-1.067430267E0
1.020582463E2,-6.745123444E0,6.064189453E0,-4.939727783E-2
1.020781453E2,-5.741909637E0,5.885910187E0,-8.743318176E-1
1.020980443E2,-6.328539734E0,7.743547211E0,-1.821112976E0
1.021179433E2,-8.899443512E0,9.119336243E0,3.436853027E-1
1.021378423E2,-7.857759705E0,8.156688080E0,-1.093775482E0
1.021577413E2,-5.652844849E0,6.951394501E0,-2.306403809E0
1.021776403E2,-6.168073425E0,7.159461823E0,-1.953737183E0
1.021975393E2,-5.771997070E0,8.155640259E0,3.631448364E-1
1.022174373E2,-4.754113770E0,7.396568756E0,7.650590515E-1
1.022373363E2,-4.910388794E0,6.294410706E0,-1.796564026E0
1.022572353E2,-7.245682526E0,6.351591797E0,-2.105970612E0
1.022771343E2,-7.889942780E0,8.173004150E0,-8.985813904E-1
1.022970333E2,-5.148543549E0,9.654623108E0,2.357597351E-1
1.023169323E2,-2.796334991E0,7.876021729E0,-5.108876038E-1
1.023368313E2,-4.784201202E0,5.004243622E0,-5.105882263E-1
1.023567293E2,-6.839427338E0,5.640420685E0,-8.315208435E-1
1.023766283E2,-6.169121246E0,1.004620880E1,6.471043396E-1
1.023965273E2,-3.406017151E0,1.267249741E1,-8.738827515E-1
1.024164263E2,-5.229974213E0,8.370892639E0,-1.300794983E0
1.024363253E2,-7.762258301E0,4.408781891E0,-2.523153076E0
1.024562243E2,-7.253765717E0,5.052593079E0,-1.194066925E0
1.024761223E2,-3.096460876E0,9.698631592E0,2.484832764E-2
1.024960203E2,-8.222401428E-1,1.319715637E1,1.449735260E0
1.025159193E2,-4.341871033E0,8.997040558E0,3.894900513E-1
1.025358183E2,-6.516099701E0,5.942791901E0,-1.260379028E-1
1.025557173E2,-4.723577271E0,8.682843933E0,6.872209167E-1
1.025756163E2,-1.524579620E0,1.243419296E1,1.487157440E0
1.025955153E2,-7.822732544E-1,9.705666962E0,3.355572052E0
1.026154143E2,-2.607577515E0,6.152505798E0,1.310225372E0
1.026353123E2,-3.097209320E0,6.799011383E0,1.215023346E0
1.026552113E2,-2.301464081E0,1.071561676E1,1.023721161E0
1.026751103E2,-7.879614258E-1,1.226624222E1,1.174906769E0
1.026950093E2,3.445834351E-1,8.799900513E0,1.424288177E0
1.027149083E2,5.441184998E-1,6.246660004E0,8.217910767E-1
1.027348073E2,5.673202515E-2,6.867568817E0,6.340814209E-1
1.027547063E2,-1.035546570E0,1.044348267E1,1.907932434E0
1.027746043E2,-3.430865479E0,1.058823166E1,2.574795685E0
1.027945033E2,-6.082900543E0,8.516839142E0,-9.132508850E-1
1.028144023E2,-5.724396057E0,8.875343628E0,-1.480421448E0
1.028343013E2,-1.090182953E0,1.056218582E1,8.144563293E-1
1.028542003E2,-9.427395630E-1,1.252460495E1,2.031126251E0
1.028740993E2,-8.363108826E-1,1.198602493E1,2.035916290E0
1.028939983E2,-7.304809570E-2,7.851772156E0,-9.223818970E-1
1.029138963E2,1.022373962E0,7.979606323E0,-2.637515259E-1
1.029337953E2,1.095721436E0,9.748777313E0,6.491999817E-1
1.029536943E2,1.318308563E0,1.071277267E1,2.504741364E0
1.029735933E2,-3.430865479E-1,8.740324402E0,2.741997986E0
1.029934923E2,5.207670593E-1,8.285121002E0,1.548230438E0
1.030133913E2,3.450624390E0,8.486602020E0,5.807922363E-2
1.030332903E2,3.758534088E0,8.206235046E0,-6.598278809E-1
1.030531883E2,3.103795624E0,1.248373993E1,3.847898254E0
1.030730873E2,-3.586691437E0,1.324834991E1,3.001258850E-1
1.030929863E2,-7.934400330E0,1.254241791E1,-5.291496277E-1
1.031128853E2,-4.171225891E0,8.430019684E0,-7.595205688E-1
1.031327843E2,3.314407654E0,9.804162140E0,-1.029858398E-1
1.031526833E2,3.216660919E0,9.808054047E0,-6.409671021E-1
1.031725823E2,-9.389973450E-1,8.458011475E0,-1.796264648E-1
1.031924803E2,-3.841012573E-1,8.766070862E0,-3.085084534E-1
1.032123793E2,2.043849792E0,9.574689331E0,-3.969744873E-1
1.032322783E2,2.999911652E0,9.968220978E0,-1.148411865E0
1.032521773E2,2.370769958E0,9.879455566E0,-1.324894867E0
1.032720763E2,8.415499878E-1,9.363478546E0,-2.414029999E0
1.032919753E2,-2.721340942E-1,9.086105347E0,-3.183130646E0
1.033118743E2,1.176553345E-1,1.014545242E1,-2.326761475E0
1.033317733E2,6.583309937E-1,1.020143600E1,-8.059240723E-1
1.033516713E2,-2.050735474E-2,1.015188904E1,2.954855347E-1
1.033715703E2,-1.140628052E0,1.016296600E1,-6.481521606E-2
1.033914693E2,-7.978408813E-1,1.030801437E1,-7.661068726E-1
1.034113683E2,8.517288208E-2,9.902657318E0,-1.144370270E0
1.034312673E2,-7.843688965E-2,9.726473694E0,-1.177750854E0
1.034511663E2,-7.577243042E-1,9.627080383E0,-1.149010620E0
1.034710653E2,-6.206094360E-1,9.708361359E0,-1.022373962E0
1.034909635E2,5.224136353E-2,9.903405762E0,-6.839277649E-1
1.035108625E2,2.639012146E-1,9.823172607E0,-3.094065857E-1
1.035307615E2,-1.266366577E-1,9.867031403E0,-2.134561157E-1
1.035506605E2,-2.791694641E-1,9.887838135E0,-3.276686096E-1
1.035705595E2,-4.947212219E-1,9.827214203E0,-3.921844482E-1
1.035904585E2,-1.083297272E0,9.951904907E0,-9.131011963E-2
1.036103575E2,-1.743125153E0,9.751621399E0,2.127076721E-1
1.036302555E2,-1.720222778E0,9.482630768E0,3.128494263E-2
1.036501545E2,-9.701325989E-1,1.005818390E1,-5.593867493E-1
1.036700535E2,-8.815168762E-1,1.054182816E1,-1.240171051E0
1.036899525E2,-1.436562653E0,9.508227539E0,-1.814376984E0
1.037098515E2,-1.417552185E0,9.406139832E0,-2.347119141E0
1.037297505E2,-1.001866608E0,9.650282135E0,-2.097438354E0
1.037496495E2,-2.636018372E-1,9.503287811E0,-1.948049011E0
1.037695475E2,2.622546387E-1,9.754764862E0,-1.993554382E0
1.037894465E2,-2.119592285E-1,9.680070190E0,-2.034718781E0
1.038093455E2,-4.704716492E-1,9.534722443E0,-2.119741974E0
1.038292445E2,-1.437011719E-2,9.824968872E0,-1.689237213E0
1.038491435E2,-1.299298096E-1,9.600884857E0,-1.096170502E0
1.038690425E2,-9.192384338E-1,9.381441193E0,-4.945715332E-1
1.038889415E2,-7.282356262E-1,9.754465485E0,-3.724255371E-1
1.039088405E2,2.604583740E-2,1.013033386E1,-1.380728760E0
1.039287385E2,-8.333171082E-1,9.787995758E0,-1.702260132E0
1.039486375E2,-1.938768311E0,9.464967499E0,-1.531914368E0
1.039685365E2,-2.466870117E0,9.655670929E0,-1.127455444E0
1.039884355E2,-1.721869354E0,9.926906891E0,-1.255588989E0
1.040083345E2,-1.103056183E0,9.811646576E0,-1.377734985E0
1.040282335E2,-1.059047699E0,9.518855438E0,-1.429377594E0
1.040481325E2,-5.080435181E-1,9.830058289E0,-1.728006592E0
1.040680305E2,-3.326083374E-1,9.675579529E0,-1.337768097E0
1.040879295E2,-7.176077271E-1,9.673483887E0,-1.437760162E0
1.041078285E2,-7.324269104E-1,9.606573029E0,-1.317560120E0
1.041277275E2,-1.586700439E-2,9.761051788E0,-1.118025055E0
1.041476265E2,-3.567082214E-1,1.001971390E1,-9.318122864E-1
1.041675255E2,-1.494342499E0,9.830058289E0,-1.619482269E0
1.041874245E2,-1.354084167E0,9.507778473E0,-2.268382874E0
1.042073225E2,-4.272116089E-1,9.699679413E0,-1.754052429E0
1.042272215E2,-3.372486877E-1,1.005863297E1,-9.957293701E-1
1.042471205E2,-1.225351868E0,1.003258713E1,-1.225800934E0
1.042670195E2,-1.291214905E0,9.687404938E0,-1.799707489E0
1.042869185E2,-1.056353302E0,9.371262360E0,-1.573976898E0
1.043068175E2,-9.339079285E-1,9.772128754E0,-4.920268250E-1
1.043267165E2,-6.474037170E-1,1.005983047E1,6.451583862E-2
1.043466155E2,-5.089416504E-1,9.784852295E0,-3.230282593E-1
1.043665135E2,-2.285746765E-1,9.657766571E0,-1.049916687E0
1.043864125E2,1.305285645E-1,9.767189026E0,-1.079105988E0
1.044063115E2,1.800755310E-1,9.936337280E0,-5.718109131E-1
1.044262105E2,-9.246272278E-1,9.995614014E0,-4.361929321E-1
1.044461095E2,-1.691781921E0,9.813742218E0,-4.456233215E-1
1.044660085E2,-9.348060608E-1,9.761201477E0,-8.297245789E-1
1.044859072E2,-3.481759644E-1,9.598190460E0,-8.622070313E-1
1.045058052E2,-6.233038330E-1,9.736652527E0,-6.367758179E-1
1.045257042E2,-7.783813477E-1,9.909093933E0,-3.703298950E-1
1.045456032E2,-5.658233643E-1,9.826765137E0,-4.113446045E-1
1.045655022E2,-7.312294006E-1,9.602082367E0,-5.408253479E-1
1.045854012E2,-1.218615875E0,9.669591980E0,-4.254153442E-1
1.046053002E2,-8.924441528E-1,9.779613190E0,-3.406915283E-1
1.046251992E2,-7.039860535E-1,9.804012451E0,-2.356100464E-1
1.046450972E2,-1.240620117E0,9.647288361E0,8.158035278E-2
1.046649962E2,-1.659149780E0,9.634115753E0,4.616400146E-1
1.046848952E2,-8.167016602E-1,9.523495789E0,1.058898010E0
1.047047942E2,5.134323120E-1,9.691745911E0,4.927752686E-1
1.047246932E2,6.376739502E-1,9.950557709E0,6.743476868E-1
1.047445922E2,-2.240840149E-1,9.545949097E0,4.960684204E-1
1.047644912E2,-7.822732544E-1,9.576784973E0,5.763015747E-2
1.047843892E2,-9.280700684E-1,9.889484711E0,-2.999761963E-1
1.048042882E2,-1.147962799E0,9.792636108E0,-2.242337036E-1
1.048241872E2,-1.138682098E0,9.614207153E0,2.740800476E-1
1.048440862E2,-9.030720520E-1,9.368717651E0,1.162632294E0
1.048639852E2,-9.295669556E-2,9.582173767E0,1.476828918E0
1.048838842E2,5.206173706E-1,1.000384689E1,1.607656860E0
1.049037832E2,-2.124082947E-1,9.870324554E0,1.527423706E0
1.049236822E2,-1.193617859E0,9.587113495E0,1.476978607E0
1.049435802E2,-7.976911926E-1,9.607920227E0,1.314117279E0
1.049634792E2,-4.761598206E-1,9.651030579E0,5.179229736E-1
1.049833782E2,-1.141077118E0,9.537716217E0,5.764512634E-1
1.050032772E2,-1.706900482E0,9.416168976E0,1.131347351E0
1.050231762E2,-1.376088409E0,9.347312164E0,1.635648651E0
1.050430752E2,-8.738827515E-1,9.589209137E0,1.828148346E0
1.050629742E2,-1.071322174E0,9.654772797E0,2.230661316E0
1.050828732E2,-1.527573395E0,9.470655670E0,2.414179688E0
1.051027712E2,-1.556313629E0,9.439071350E0,2.493215332E0
1.051226702E2,-1.379980316E0,9.331744537E0,2.379451904E0
1.051425692E2,-1.261426849E0,9.293124847E0,2.488275604E0
1.051624682E2,-1.286125488E0,9.550589447E0,2.718945923E0
1.051823672E2,-1.305884399E0,9.525142365E0,3.134332123E0
1.052022662E2,-1.162781982E0,9.292675781E0,3.148552551E0
1.052221652E2,-9.232800293E-1,9.406738586E0,3.008593597E0
1.052420632E2,-1.283281403E0,9.435778198E0,3.295995941E0
1.052619622E2,-1.970053253E0,9.302255859E0,3.277584229E0
1.052818612E2,-1.791773987E0,9.398505707E0,3.261118469E0
1.053017602E2,-1.125659180E0,9.429940338E0,2.948418732E0
1.053216592E2,-1.114432526E0,9.378746796E0,2.815794525E0
1.053415582E2,-1.740580444E0,9.085057526E0,3.162922668E0
1.053614572E2,-2.389780426E0,9.242230682E0,3.039429474E0
1.053813562E2,-1.574276276E0,9.535321198E0,3.214864655E0
1.054012542E2,-1.239871674E0,9.353449402E0,3.146007843E0
1.054211532E2,-1.413809967E0,9.164392548E0,2.999612274E0
1.054410522E2,-1.356778564E0,9.486971741E0,3.036435699E0
1.054609512E2,-1.245559845E0,9.573192444E0,3.119812317E0
1.054808508E2,-1.575174408E0,9.167685699E0,3.070265350E0
1.055007498E2,-1.544787598E0,9.175619202E0,2.793790283E0
1.055206488E2,-1.380429382E0,9.425150299E0,3.007246399E0
1.055405468E2,-1.305435333E0,9.354946289E0,2.722538452E0
1.055604458E2,-1.279539185E0,9.208700409E0,3.215762787E0
1.055803448E2,-1.092428284E0,9.726773071E0,2.825224915E0
1.056002438E2,-7.969427490E-1,9.590855713E0,2.969375153E0
1.056201428E2,-1.273701324E0,9.192833405E0,2.328707428E0
1.056400418E2,-1.318158875E0,9.080417175E0,2.554887085E0
1.056599408E2,-1.206640778E0,9.200916595E0,2.334096222E0
1.056798398E2,-1.336121521E0,9.373807068E0,2.627186737E0
1.056997378E2,-1.867217102E0,9.260492706E0,3.015928345E0
1.057196368E2,-1.753004608E0,9.162446594E0,3.306025085E0
1.057395358E2,-4.664300537E-1,9.477391663E0,3.007096710E0
1.057594348E2,-2.119592285E-1,9.792037354E0,2.557880859E0
1.057793338E2,-1.091380463E0,9.563762054E0,2.420316925E0
1.057992328E2,-1.585502930E0,9.014404449E0,2.544857941E0
1.058191318E2,-1.288221130E0,9.080566864E0,2.894231415E0
1.058390298E2,-5.050497437E-1,9.556726685E0,3.077450409E0
1.058589288E2,-1.022373962E0,9.746382294E0,3.171604614E0
1.058788278E2,-1.022523651E0,9.493707733E0,3.058290253E0
1.058987268E2,-1.714983673E0,9.095535736E0,2.799628143E0
1.059186258E2,-1.537303162E0,9.078321533E0,2.782563629E0
1.059385248E2,-1.259331207E0,9.247769165E0,2.663860474E0
1.059584238E2,-1.850751343E0,9.244326324E0,2.860252075E0
1.059783228E2,-1.722168732E0,9.377549286E0,2.862647095E0
1.059982208E2,-1.258433075E0,9.314979401E0,2.808310089E0
1.060181198E2,-1.243613892E0,9.331295471E0,2.863545227E0
1.060380188E2,-1.194665680E0,9.346414032E0,2.886896667E0
1.060579178E2,-1.151255951E0,9.314530334E0,2.997366943E0
1.060778168E2,-8.440946960E-1,9.224268036E0,3.109184418E0
1.060977158E2,-7.204518127E-1,9.364226990E0,2.911595306E0
1.061176148E2,-1.429976349E0,9.510323181E0,2.974015503E0
1.061375138E2,-1.836530914E0,9.338480530E0,3.020868073E0
1.061574118E2,-1.630708923E0,9.177714844E0,2.970872040E0
1.061773108E2,-1.166524200E0,9.477092285E0,2.823578339E0
1.061972098E2,-4.676275635E-1,9.652228088E0,2.984194336E0
1.062171088E2,-1.654808807E0,8.838819580E0,3.155138855E0
1.062370078E2,-1.580413513E0,9.242679749E0,2.659220123E0
1.062569068E2,-6.806346130E-1,9.771979065E0,2.920876007E0
1.062768058E2,-9.443861389E-1,9.300459595E0,2.854713593E0
1.062967038E2,-1.372795258E0,9.210796051E0,2.957549744E0
1.063166028E2,-1.652713165E0,9.291029205E0,2.819536743E0
1.063365018E2,-1.790277100E0,9.190737762E0,2.802023163E0
1.063564008E2,-1.290017395E0,9.310488739E0,2.922971649E0
1.063762998E2,-9.196875000E-1,9.461973724E0,2.760409698E0
1.063961988E2,-1.043031006E0,9.492959290E0,2.880909119E0
1.064160978E2,-1.438209229E0,9.296417999E0,2.974015503E0
1.064359968E2,-1.514101410E0,9.063801727E0,2.957549744E0
1.064558948E2,-1.125659180E0,9.342372437E0,2.907104645E0
1.064757938E2,-9.369017029E-1,9.514065399E0,2.843037872E0
1.064956937E2,-1.423539734E0,9.321715393E0,2.845582581E0
1.065155927E2,-1.574425964E0,9.180708618E0,2.914589081E0
1.065354917E2,-1.057101746E0,9.304501190E0,3.000959473E0
1.065553907E2,-7.699987793E-1,9.388476563E0,3.021017761E0
1.065752897E2,-5.240602112E-1,9.523196411E0,2.867137756E0
1.065951877E2,-1.111738129E0,9.563911743E0,2.870430908E0
1.066150867E2,-1.695973206E0,9.089847565E0,2.833308105E0
1.066349857E2,-1.287173309E0,9.056466980E0,2.674039307E0
1.066548847E2,-8.559201050E-1,9.525890808E0,2.611319733E0
1.066747837E2,-9.557624817E-1,9.603728943E0,2.865191803E0
1.066946827E2,-1.222507782E0,9.326954498E0,3.048710175E0
1.067145817E2,-1.093925171E0,9.167685699E0,2.961441650E0
1.067344807E2,-7.485932922E-1,9.328152008E0,2.767145691E0
1.067543787E2,-7.464976501E-1,9.656718750E0,2.838696899E0
1.067742777E2,-1.168320465E0,9.292825470E0,2.968177643E0
1.067941767E2,-1.426982574E0,9.254505157E0,2.935695190E0
1.068140757E2,-1.197659454E0,9.391620026E0,2.868035889E0
1.068339747E2,-9.452842712E-1,9.340127106E0,2.781665497E0
1.068538737E2,-1.065484314E0,9.332942047E0,2.856659546E0
1.068737727E2,-1.011147308E0,9.404493256E0,2.910397797E0
1.068936717E2,-1.017583923E0,9.371112671E0,2.897823944E0
1.069135697E2,-1.030606842E0,9.402247925E0,2.892135773E0
1.069334687E2,-1.037492523E0,9.413773956E0,2.868335266E0
1.069533677E2,-1.117725677E0,9.309889984E0,2.840343475E0
1.069732667E2,-1.275796967E0,9.297016754E0,2.821033630E0
1.069931657E2,-1.308279419E0,9.325008545E0,2.830464020E0
1.070130647E2,-1.245110779E0,9.364825745E0,2.847827911E0
1.070329637E2,-1.122665405E0,9.363029480E0,2.835403748E0
1.070528627E2,-1.119971008E0,9.372010803E0,2.831511841E0
1.070727607E2,-1.109193420E0,9.395811310E0,2.785557404E0
1.070926597E2,-1.232536926E0,9.382339325E0,2.872825928E0
1.071125587E2,-1.305285645E0,9.272916870E0,2.958597565E0
1.071324577E2,-1.290915527E0,9.275311890E0,2.881058807E0
1.071523567E2,-1.192869415E0,9.374106445E0,2.793490906E0
1.071722557E2,-1.278341675E0,9.407636719E0,2.796484680E0
1.071921547E2,-1.399739227E0,9.329349518E0,2.814297638E0
1.072120537E2,-1.486858063E0,9.196425934E0,2.851719818E0
1.072319517E2,-1.314716034E0,9.256151733E0,2.659519501E0
1.072518507E2,-1.158291321E0,9.512718201E0,2.646646271E0
1.072717497E2,-1.366508331E0,9.316027222E0,2.716999969E0
1.072916487E2,-1.638792114E0,9.286538544E0,3.013233948E0
1.073115477E2,-1.470092926E0,9.332043915E0,3.063529358E0
1.073314467E2,-1.040186920E0,9.291029205E0,2.925965424E0
1.073513457E2,-9.761201477E-1,9.366622009E0,2.843337250E0
1.073712437E2,-1.405128021E0,9.378896484E0,2.842588806E0
1.073911427E2,-1.309925995E0,9.333241425E0,2.685864716E0
1.074110417E2,-1.186133423E0,9.344767456E0,2.719993744E0
1.074309407E2,-1.534908142E0,9.302405548E0,2.859054565E0
1.074508397E2,-1.545386353E0,9.283245392E0,2.915636902E0
1.074707387E2,-1.204844513E0,9.268426208E0,2.714754639E0
1.074906368E2,-1.154549103E0,9.338031464E0,2.760110321E0
1.075105358E2,-1.324445801E0,9.358838196E0,2.815794525E0
1.075304338E2,-1.450633392E0,9.357490997E0,2.886148224E0
1.075503328E2,-1.370699615E0,9.261091461E0,2.891537018E0
1.075702318E2,-1.355131989E0,9.278904419E0,2.913391571E0
1.075901308E2,-1.478774872E0,9.321565704E0,2.973416748E0
1.076100298E2,-1.502874756E0,9.271569672E0,2.980003052E0
1.076299288E2,-1.265468445E0,9.376202087E0,2.886896667E0
1.076498278E2,-1.080902252E0,9.413624268E0,2.862347717E0
1.076697268E2,-1.256187744E0,9.280401306E0,2.821931763E0
1.076896248E2,-1.506766663E0,9.241033173E0,2.789299622E0
1.077095238E2,-1.622176666E0,9.257199554E0,2.970722351E0
1.077294228E2,-1.409768372E0,9.267827454E0,2.768642578E0
1.077493218E2,-1.307381287E0,9.350605316E0,2.625240784E0
1.077692208E2,-1.152303772E0,9.218130798E0,2.990630951E0
1.077891198E2,-1.740281067E0,9.477241974E0,3.071911926E0
1.078090188E2,-1.651964722E0,9.265582123E0,3.010240173E0
1.078289178E2,-1.233584747E0,9.208101654E0,2.941233673E0
1.078488158E2,-1.200204163E0,9.548194427E0,3.004102936E0
1.078687148E2,-1.544488220E0,9.417665863E0,3.086431732E0
1.078886138E2,-1.381327515E0,9.054820404E0,3.021616516E0
1.079085128E2,-1.227447510E0,9.057514801E0,2.905757446E0
1.079284118E2,-1.306483154E0,9.360784149E0,2.858755188E0
1.079483108E2,-1.636247406E0,9.526339874E0,3.087928619E0
1.079682098E2,-1.848655701E0,9.349856873E0,3.361858978E0
1.079881088E2,-1.788331146E0,9.240284729E0,2.292183380E0
1.080006854E2,4.700225830E-1,6.827751617E0,7.308252411E0
1.080205844E2,6.075865173E-1,6.947502594E0,7.071744232E0
1.080404834E2,6.474037170E-1,6.982679443E0,6.955286407E0
1.080603824E2,6.325845337E-1,6.735992432E0,7.041656799E0
1.080802814E2,5.396278381E-1,6.534062347E0,7.111561432E0
1.081001804E2,4.924758911E-1,6.632557526E0,7.063211975E0
1.081200804E2,6.111790466E-1,6.958280182E0,7.015012207E0
1.081399794E2,7.875123596E-1,7.146289215E0,6.996600494E0
1.081598784E2,8.357121277E-1,7.026837616E0,7.060667267E0
1.081797774E2,7.146139526E-1,6.785689087E0,7.181466064E0
1.081996764E2,5.572911072E-1,6.926845551E0,7.167095947E0
1.082195763E2,5.740562439E-1,7.110363922E0,7.161707153E0
1.082394753E2,3.912863159E-1,7.096742249E0,7.044500885E0
1.082593743E2,5.710624695E-1,7.042554932E0,6.966662750E0
1.082792733E2,5.370831299E-1,6.950646057E0,7.011419678E0
1.082991723E2,5.619314575E-1,6.916966095E0,7.007527771E0
1.083190713E2,5.263055420E-1,7.149432678E0,6.921905823E0
1.083389713E2,4.649331665E-1,7.333250427E0,6.750661926E0
1.083588703E2,4.370910645E-1,7.198979645E0,6.799161072E0
1.083787693E2,3.354524231E-1,6.869215393E0,7.045698395E0
1.083986683E2,3.357518005E-1,6.932833099E0,7.137008514E0
1.084185673E2,3.442840576E-1,7.060517578E0,7.245832214E0
1.084384673E2,3.049159241E-1,7.139702911E0,7.207811279E0
1.084583663E2,4.909790039E-2,7.158264313E0,7.038962402E0
1.084782653E2,-5.957611084E-2,7.118896179E0,6.902745667E0
1.084981643E2,-7.708969116E-2,7.039860535E0,6.775360565E0
1.085180633E2,-1.149609375E-1,7.072792053E0,6.637646942E0
1.085379623E2,-1.459465027E-1,7.238647156E0,6.735393677E0
1.085578623E2,-6.706054688E-2,7.350015564E0,6.747069397E0
1.085777613E2,1.071771240E-1,7.120243378E0,6.780899048E0
1.085976603E2,1.113684082E-1,6.977440338E0,6.859485626E0
1.086175593E2,-8.397537231E-2,7.108118591E0,6.812034302E0
1.086374583E2,-1.715432739E-1,7.321275330E0,6.815477142E0
1.086573583E2,-2.856060791E-1,7.285799103E0,6.865024109E0
1.086772573E2,-3.640429688E-1,7.000941467E0,6.807992706E0
1.086971563E2,-4.438270569E-1,6.870562592E0,6.891519012E0
1.087170553E2,-4.152365112E-1,6.933731232E0,6.957681427E0
1.087369543E2,-2.484832764E-1,7.086563416E0,6.964118042E0
1.087568533E2,-2.269281006E-1,7.065606995E0,7.029831390E0
1.087767533E2,-3.818559265E-1,6.937772827E0,6.964567108E0
1.087966523E2,-3.231779480E-1,6.808741150E0,6.900799713E0
1.088165513E2,-3.357518005E-1,6.842421112E0,6.977590027E0
1.088364503E2,-4.093986511E-1,6.999444580E0,7.109765167E0
1.088563493E2,-4.716691589E-1,6.923552399E0,7.079378357E0
1.088762483E2,-4.156855774E-1,6.786437531E0,7.096442871E0
1.088961483E2,-4.599934387E-1,6.722670135E0,7.022346954E0
1.089160473E2,-8.190966797E-1,6.778204651E0,7.157964935E0
1.089359463E2,-9.472302246E-1,6.740483093E0,7.070846100E0
1.089558453E2,-8.797206116E-1,6.663243713E0,6.930737457E0
1.089757443E2,-8.270301819E-1,6.667135620E0,6.928791504E0
1.089956443E2,-6.644682312E-1,6.864874420E0,6.927593994E0
1.090155433E2,-5.083428955E-1,6.956633606E0,6.945856018E0
1.090354423E2,-5.272036743E-1,6.837481384E0,7.024891663E0
1.090553413E2,-6.541397095E-1,6.875202942E0,6.944658508E0
1.090752403E2,-8.416996765E-1,7.028933258E0,6.891519012E0
1.090951403E2,-9.286688232E-1,6.990762634E0,6.908583527E0
1.091150393E2,-1.134341125E0,6.872658234E0,6.879244537E0
1.091349383E2,-1.026265869E0,6.783892822E0,6.919211426E0
1.091548373E2,-7.625143433E-1,6.896009674E0,7.026089172E0
1.091747363E2,-7.448510742E-1,7.161258087E0,7.072642365E0
1.091946353E2,-7.547305298E-1,7.066355438E0,7.091952209E0
1.092145351E2,-8.587641907E-1,6.797215118E0,7.074887695E0
1.092344341E2,-9.023236084E-1,6.949298859E0,7.117998047E0
1.092543331E2,-9.134005737E-1,7.081174622E0,7.080276489E0
1.092742321E2,-9.104067993E-1,6.885980530E0,6.930737457E0
1.092941311E2,-9.553134155E-1,6.681655426E0,6.749165039E0
1.093140301E2,-1.035546570E0,6.633006592E0,6.702162781E0
1.093339301E2,-9.613009644E-1,6.681655426E0,6.671476593E0
1.093538291E2,-7.725434875E-1,6.760391693E0,6.554719391E0
1.093737281E2,-1.026415558E0,6.739734650E0,6.465654602E0
1.093936271E2,-1.133293304E0,6.640041962E0,6.424789581E0
1.094135261E2,-1.169068909E0,6.515800323E0,6.209986267E0
1.094334261E2,-1.423988800E0,6.357429657E0,6.377188568E0
1.094533251E2,-9.915380859E-1,6.743925934E0,6.407425690E0
1.094732241E2,-4.246669006E-1,7.100783844E0,6.538852386E0
1.094931231E2,-3.510200500E-1,7.188351746E0,6.558311920E0
1.095130221E2,-4.659809875E-1,7.267686768E0,6.539301453E0
1.095329211E2,-6.289920044E-1,7.476502533E0,6.617289276E0
1.095528211E2,-7.131170654E-1,7.616611176E0,6.725214844E0
1.095727201E2,-7.253915405E-1,7.734865265E0,6.721921692E0
1.095926191E2,-6.644682312E-1,7.712711334E0,6.741231537E0
1.096125181E2,-5.288502502E-1,7.678582306E0,6.839577026E0
1.096324171E2,-4.604425049E-1,7.677684174E0,6.812483368E0
1.096523171E2,-5.941145325E-1,7.440128174E0,6.600374451E0
1.096722161E2,-5.953120422E-1,7.347620544E0,6.446943512E0
1.096921151E2,-5.481600952E-1,7.613168335E0,6.358477478E0
1.097120141E2,-4.558021545E-1,7.929460602E0,6.242917786E0
1.097319131E2,-4.930746460E-1,8.043224030E0,6.255192261E0
1.097518121E2,-4.153862000E-1,7.879913635E0,6.444548492E0
1.097717121E2,-1.188528442E-1,7.962092743E0,6.417155457E0
1.097916111E2,-3.682342529E-2,8.215066681E0,6.352340240E0
1.098115101E2,-2.658471680E-1,8.070317688E0,6.355184326E0
1.098314091E2,-6.168672180E-1,7.713160400E0,6.260730743E0
1.098513081E2,-6.730004883E-1,7.768994293E0,6.134243774E0
1.098712071E2,-6.804849243E-1,7.821535034E0,6.118526459E0
1.098911071E2,-6.982978821E-1,7.647596741E0,6.098468170E0
1.099110061E2,-6.616241455E-1,7.702532501E0,5.989943848E0
1.099309051E2,-4.670288086E-1,7.864346008E0,5.931714935E0
1.099508041E2,-4.291575623E-1,7.756121063E0,5.976471863E0
1.099707031E2,-4.840933228E-1,7.547155609E0,6.006110229E0
1.099906031E2,-4.538562012E-1,7.545509033E0,5.991590424E0
1.100105021E2,-3.993695068E-1,7.664960632E0,5.962550812E0
1.100304011E2,-4.323010254E-1,7.901917877E0,5.985453186E0
1.100503001E2,-5.269042969E-1,8.089627533E0,5.930816803E0
1.100701991E2,-6.185137939E-1,8.128546600E0,5.933810577E0
1.100900981E2,-7.279362488E-1,8.004903717E0,5.909710693E0
1.101099981E2,-7.502398682E-1,7.930807800E0,5.956862640E0
1.101298971E2,-5.721102905E-1,8.058492279E0,5.954317932E0
1.101497961E2,-5.104385376E-1,8.101153564E0,5.903872833E0
1.101696951E2,-5.646258545E-1,7.957602081E0,5.902525635E0
1.101895941E2,-6.484515381E-1,7.693401489E0,5.888155518E0
1.102094931E2,-6.126759338E-1,7.770341492E0,5.776338043E0
1.102293935E2,-4.340972900E-1,8.037535858E0,5.718258820E0
1.102492925E2,-4.379891968E-1,8.017178192E0,5.753136292E0
1.102691915E2,-5.309458923E-1,7.845036163E0,5.766458588E0
1.102890905E2,-5.658233643E-1,7.815846863E0,5.695356445E0
1.103089895E2,-5.020559692E-1,7.889793091E0,5.648204498E0
1.103288895E2,-3.098556519E-1,8.088879089E0,5.590574341E0
1.103487885E2,-3.378474426E-1,8.225993958E0,5.596711578E0
1.103686875E2,-4.822970581E-1,8.096962280E0,5.622757416E0
1.103885865E2,-4.938230896E-1,8.050259399E0,5.620362396E0
1.104084855E2,-3.438349915E-1,8.102650452E0,5.630690918E0
1.104283845E2,-2.071691895E-1,8.041727142E0,5.648204498E0
1.104482845E2,-3.405418396E-1,7.963439941E0,5.652844849E0
1.104681835E2,-5.923182678E-1,7.963739319E0,5.660628662E0
1.104880825E2,-6.815327454E-1,7.975415039E0,5.589227142E0
1.105079815E2,-5.828878784E-1,7.959098969E0,5.542075195E0
1.105278805E2,-5.270539856E-1,7.996670837E0,5.537285156E0
1.105477795E2,-4.775070190E-1,8.077353058E0,5.587730255E0
1.105676795E2,-4.495152283E-1,8.236921234E0,5.604046326E0
1.105875785E2,-3.894900513E-1,8.209977264E0,5.555397491E0
1.106074775E2,-3.980223083E-1,8.207133179E0,5.566773834E0
1.106273765E2,-4.489164734E-1,8.410260773E0,5.543871460E0
1.106472755E2,-4.984634399E-1,8.519683228E0,5.440436554E0
1.106671745E2,-6.744973755E-1,8.319998474E0,5.452112274E0
1.106870745E2,-7.400610352E-1,8.195756836E0,5.452561340E0
1.107069735E2,-5.897735596E-1,8.428373108E0,5.391188965E0
1.107268725E2,-5.833369446E-1,8.611891479E0,5.414390717E0
1.107467715E2,-7.149133301E-1,8.449628906E0,5.307363281E0
1.107666705E2,-8.833131409E-1,8.090525665E0,5.249433746E0
1.107865705E2,-1.054407349E0,7.920928345E0,5.300327911E0
1.108064695E2,-9.375004578E-1,8.170160065E0,5.178331604E0
1.108263685E2,-7.837701416E-1,8.460107117E0,5.147495728E0
1.108462675E2,-8.159532166E-1,8.434510345E0,5.194647675E0
1.108661665E2,-8.044271851E-1,8.235124969E0,5.216801605E0
1.108860655E2,-7.409591675E-1,8.059540100E0,5.245541840E0
1.109059655E2,-6.123765564E-1,8.042774963E0,5.246889038E0
1.109258645E2,-6.021977234E-1,7.993377686E0,5.204377441E0
1.109457635E2,-8.355624390E-1,7.795638885E0,5.266647949E0
1.109656625E2,-1.008003845E0,7.658524017E0,5.404660950E0
1.109855615E2,-8.843609619E-1,7.769293671E0,5.482948151E0
1.110054605E2,-7.050338745E-1,7.857909393E0,5.582640839E0
1.110253605E2,-7.595205688E-1,7.741301880E0,5.676795044E0
1.110452595E2,-8.074209595E-1,7.643405457E0,5.874084778E0
1.110651585E2,-7.487429810E-1,7.898924103E0,6.014642487E0
1.110850575E2,-7.026388550E-1,8.056246948E0,6.046376495E0
1.111049565E2,-5.864804077E-1,7.831414490E0,5.989045715E0
1.111248555E2,-6.753955078E-1,7.545509033E0,5.939349060E0
1.111447555E2,-9.868977356E-1,7.317084045E0,5.874683533E0
1.111646545E2,-1.209335175E0,6.997798004E0,5.761818237E0
1.111845535E2,-1.079854431E0,6.906338196E0,5.637726288E0
1.112044525E2,-6.578819275E-1,7.157366180E0,5.602100372E0
1.112243510E2,-3.549119568E-1,7.234156494E0,5.555098114E0
1.112442500E2,-1.859133911E-1,7.236102448E0,5.537434845E0
1.112641500E2,-7.529342651E-2,7.510930939E0,5.368136902E0
1.112840490E2,-1.248403931E-1,7.775580597E0,5.456004181E0
1.113039480E2,-1.297801208E-1,7.670948181E0,5.465284882E0
1.113238470E2,-2.245330811E-3,7.440427551E0,5.424719238E0
1.113437460E2,1.380130005E-1,7.628286896E0,5.510191498E0
1.113636460E2,1.941462708E-1,8.161927185E0,5.311255188E0
1.113835450E2,-9.280700684E-3,8.489745483E0,5.338947601E0
1.114034440E2,-3.185375977E-1,8.475375366E0,5.381758575E0
1.114233430E2,-1.718426514E-1,8.668773193E0,4.986131287E0
1.114432420E2,5.051994324E-1,9.306447144E0,4.312981110E0
1.114631410E2,9.481283569E-1,9.277108154E0,3.870800629E0
1.114830410E2,9.508227539E-1,9.100026398E0,3.692970428E0
1.115029400E2,7.435038757E-1,9.445807343E0,3.412902832E0
1.115228390E2,4.483177185E-1,9.299561462E0,2.865491180E0
1.115427380E2,2.739303589E-1,8.898994446E0,2.926564178E0
1.115626370E2,1.968406677E-1,9.334738312E0,3.062481537E0
1.115825360E2,1.496887207E-4,9.751920776E0,3.107537842E0
1.116024360E2,-1.312770081E-1,9.219178619E0,2.938838654E0
1.116223350E2,2.853067017E-1,8.775800629E0,2.772384796E0
1.116422340E2,9.285191345E-1,9.549242249E0,2.969375153E0
1.116621330E2,1.089733887E0,1.055949142E1,2.764451294E0
1.116820320E2,5.456153870E-1,1.019455032E1,2.365979919E0
1.117019310E2,-2.799179077E-2,9.432185669E0,2.464325409E0
1.117218300E2,-4.972659302E-1,9.012009430E0,2.525697784E0
1.117417300E2,-6.563850403E-1,8.825197906E0,2.272723846E0
1.117616290E2,-4.480183411E-1,9.301507416E0,2.119891663E0
1.117815280E2,-6.057902527E-1,9.939031677E0,2.460583191E0
1.118014270E2,-7.818241882E-1,9.679770813E0,2.498454437E0
1.118213260E2,-4.053570557E-1,9.188492432E0,2.508633270E0
1.118412260E2,-1.815724182E-1,9.189390564E0,2.406695251E0
1.118611250E2,-9.669891357E-2,9.962832184E0,2.353555756E0
1.118810240E2,-3.159928894E-1,1.041743683E1,2.410736847E0
1.119009230E2,-5.141807556E-1,1.015892441E1,1.961071930E0
1.119208220E2,-5.186714172E-1,9.641151123E0,1.790426788E0
1.119407210E2,-8.786727905E-1,9.509275360E0,1.864373016E0
1.119606210E2,-1.394350433E0,9.975406036E0,1.766925659E0
1.119805200E2,-1.560654602E0,1.021086639E1,1.829794922E0
1.120004190E2,-1.429826660E0,9.939480743E0,1.520687714E0
1.120203180E2,-1.286873932E0,9.866582336E0,1.535656586E0
1.120402170E2,-9.574090576E-1,1.036025574E1,1.710942078E0
1.120601160E2,-8.508306885E-1,1.061322968E1,1.610351257E0
1.120800160E2,-1.007704468E0,1.047237259E1,1.470841370E0
1.120999150E2,-1.385069733E0,1.040875488E1,1.582958221E0
1.121198140E2,-1.340462494E0,1.025697052E1,1.647024994E0
1.121397130E2,-1.079555054E0,1.002659958E1,1.675465851E0
1.121596120E2,-1.027164001E0,9.948162689E0,1.550775146E0
1.121795110E2,-1.175056458E0,9.848919067E0,1.453776855E0
1.121994110E2,-1.374441833E0,9.750274200E0,1.329235840E0
1.122193104E2,-1.579814758E0,9.938881989E0,1.207688599E0
1.122392094E2,-1.732497253E0,1.018931122E1,1.141825562E0
1.122591084E2,-1.663939819E0,1.011431717E1,1.104104004E0
1.122790074E2,-1.814376984E0,9.882599030E0,1.066532135E0
1.122989064E2,-2.033072205E0,9.934541016E0,1.095721436E0
1.123188064E2,-2.136357422E0,1.026565247E1,1.140628052E0
1.123387054E2,-2.258353729E0,1.056428146E1,1.260977783E0
1.123586044E2,-3.036884766E0,1.079734680E1,1.267863464E0
1.123785034E2,-3.793261871E0,1.114522339E1,1.589694214E0
1.123984024E2,-4.020639038E0,1.149235153E1,1.954635315E0
1.124183014E2,-4.102668457E0,1.110151428E1,1.769021301E0
1.124382004E2,-4.477039948E0,1.000818787E1,1.913021851E0
1.124581004E2,-4.667444000E0,9.025182037E0,2.358794861E0
1.124779994E2,-4.561165009E0,8.711135101E0,2.488874359E0
1.124978984E2,-4.424948273E0,8.955726471E0,2.431693268E0
1.125177974E2,-4.317022705E0,9.304501190E0,2.710713043E0
1.125376964E2,-4.201612701E0,9.454189911E0,2.755320282E0
1.125575964E2,-3.764521637E0,9.688452759E0,2.465672607E0
1.125774954E2,-3.192860413E0,9.467063141E0,2.342927856E0
1.125973944E2,-2.803969116E0,8.645272064E0,2.441722412E0
1.126172934E2,-2.907404022E0,7.818541260E0,2.572101288E0
1.126371924E2,-2.835403748E0,7.506889343E0,2.633024597E0
1.126570914E2,-2.518213348E0,7.665709076E0,2.482587433E0
1.126769914E2,-2.437231750E0,8.127648468E0,2.587369537E0
1.126968904E2,-2.464624786E0,8.504864044E0,2.494712219E0
1.127167894E2,-2.214794312E0,8.719667358E0,2.400108948E0
1.127366884E2,-1.686692505E0,9.139394531E0,2.278412018E0
1.127565874E2,-1.078656921E0,9.606423340E0,2.137255554E0
1.127764864E2,-5.917195129E-1,9.445807343E0,1.984273682E0
1.127963854E2,-3.412902832E-1,8.900341644E0,2.057022400E0
1.128162854E2,-3.141966248E-1,9.005572815E0,2.230960693E0
1.128361844E2,-6.918612671E-1,9.626331940E0,2.070195007E0
1.128560834E2,-1.344953156E0,9.135502625E0,2.518213348E0
1.128759824E2,-1.708247681E0,8.168214111E0,2.815794525E0
1.128958814E2,-1.852697296E0,8.189020844E0,2.957100677E0
1.129157814E2,-1.607656860E0,9.459728394E0,3.095113678E0
1.129356804E2,-1.087189178E0,1.023436752E1,3.360362091E0
1.129555794E2,-8.711883545E-1,9.434281311E0,3.420087891E0
1.129754784E2,-1.223256226E0,8.622669067E0,3.509152679E0
1.129953774E2,-1.621428223E0,8.666527863E0,3.633693695E0
1.130152764E2,-1.391057281E0,9.123228149E0,3.810326385E0
1.130351754E2,-1.357676697E0,8.963659973E0,3.825444946E0
1.130550754E2,-1.834584961E0,8.596623230E0,3.735332336E0
1.130749744E2,-2.433040466E0,8.649163971E0,3.674109650E0
1.130948734E2,-2.487377472E0,8.998986511E0,3.638483734E0
1.131147724E2,-2.246079254E0,8.968150635E0,3.518882446E0
1.131346714E2,-2.379451904E0,8.553662567E0,3.743116150E0
1.131545704E2,-2.448009338E0,8.442593536E0,3.817361755E0
1.131744704E2,-2.331551514E0,8.493338013E0,4.137396240E0
1.131943694E2,-2.286345520E0,8.232430573E0,4.355941772E0
1.132142684E2,-2.250270538E0,7.891589355E0,4.489164734E0
1.132341669E2,-2.033221893E0,7.782316589E0,4.465962982E0
1.132540659E2,-1.965412903E0,7.923922119E0,4.393513641E0
1.132739649E2,-2.047891388E0,8.167315979E0,4.366569672E0
1.132938649E2,-2.145488434E0,8.057294769E0,4.660109253E0
1.133137639E2,-2.158661041E0,7.640711060E0,4.399351501E0
1.133336629E2,-2.278112640E0,7.699688416E0,4.390220490E0
1.133535619E2,-2.475851440E0,7.929909668E0,4.361629944E0
1.133734609E2,-2.664758606E0,7.754923553E0,4.264931030E0
1.133933599E2,-2.870730286E0,8.236023102E0,4.114194489E0
1.134132599E2,-3.136128387E0,9.594897308E0,3.553759918E0
1.134331589E2,-3.697461090E0,1.036923706E1,2.666854248E0
1.134530579E2,-4.382436676E0,9.874216461E0,1.906136169E0
1.134729569E2,-4.526736603E0,8.825796661E0,1.204245758E0
1.134928559E2,-3.813918915E0,7.995024261E0,6.432124329E-1
1.135127549E2,-2.927911377E0,7.719597015E0,7.673043823E-1
1.135326549E2,-2.289938049E0,8.298742676E0,1.179547119E0
1.135525539E2,-1.695374451E0,9.777367859E0,1.352287903E0
1.135724529E2,-1.655706940E0,1.042342438E1,1.710642700E0
1.135923519E2,-1.931583252E0,9.547296295E0,2.243235168E0
1.136122509E2,-1.643731842E0,8.632847900E0,2.188449097E0
1.136321499E2,-1.122964783E0,8.654253387E0,2.309696960E0
1.136520499E2,-1.016236725E0,9.471104736E0,2.363584900E0
1.136719489E2,-1.040785675E0,9.847422180E0,3.068618774E0
1.136918479E2,-1.089733887E0,9.255702667E0,2.518063660E0
1.137117469E2,-1.192420349E0,9.083860016E0,2.123334503E0
1.137316459E2,-1.099763031E0,9.610015869E0,2.055675201E0
1.137515449E2,-9.830058289E-1,9.542057190E0,2.145039368E0
1.137714439E2,-1.260828094E0,8.891659698E0,1.989063721E0
1.137913439E2,-1.697320404E0,8.682095490E0,1.750609589E0
1.138112429E2,-2.274969177E0,8.882229309E0,1.916464691E0
1.138311419E2,-2.492915955E0,8.956325226E0,1.936972046E0
1.138510409E2,-2.160756683E0,9.350305939E0,2.041604462E0
1.138709399E2,-2.025288391E0,1.020173538E1,1.642534332E0
1.138908389E2,-2.366878052E0,1.086081482E1,1.573228455E0
1.139107389E2,-2.508633270E0,1.075812836E1,1.724114685E0
1.139306379E2,-1.839674377E0,1.001207977E1,2.172582092E0
1.139505369E2,-1.448687439E0,9.192983093E0,2.291584625E0
1.139704359E2,-1.703457642E0,9.663754120E0,2.102976837E0
1.139903349E2,-2.335144043E0,1.135448822E1,1.438807983E0
1.140102339E2,-1.933229828E0,1.203751785E1,1.549427948E0
1.140301339E2,-1.307680664E0,1.088341782E1,1.643881531E0
1.140500329E2,-1.378483429E0,9.895771637E0,1.184337158E0
1.140699319E2,-1.852846985E0,1.002510269E1,9.316625977E-1
1.140898309E2,-1.794618073E0,1.058598633E1,6.646179199E-1
1.141097299E2,-1.262624359E0,1.076172089E1,7.214996338E-1
1.141296289E2,-7.107220459E-1,1.009949799E1,8.878038025E-1
1.141495289E2,-5.221142578E-1,1.020712418E1,-1.856140137E-1
1.141694279E2,-1.121767273E0,1.082129700E1,7.500901794E-1
1.141893269E2,-1.813927917E0,1.135808075E1,1.476230164E0
1.142092259E2,-1.715432739E0,1.087862778E1,1.212029572E0
1.142291250E2,-1.458716583E0,9.410630493E0,1.173559570E0
1.142490240E2,-7.527845764E-1,8.601113892E0,1.041085052E0
1.142689230E2,1.889071655E-1,9.819280701E0,1.363813934E0
1.142888230E2,2.595602417E-1,1.082459015E1,1.300345917E0
1.143087220E2,-7.658074951E-1,9.958191833E0,5.309458923E-1
1.143286210E2,-2.572849731E0,9.148824921E0,9.027726746E-1
1.143485200E2,-4.124523010E0,9.330846405E0,1.299597473E0
1.143684190E2,-3.132685547E0,9.629176025E0,9.957293701E-1
1.143883180E2,-1.088985443E0,9.213490448E0,1.122366028E0
1.144082180E2,-3.131488037E-1,9.145531769E0,1.621877289E0
1.144281170E2,-1.049467621E0,9.890233154E0,1.699865112E0
1.144480160E2,-1.487007751E0,9.969717865E0,1.832938385E0
1.144679150E2,-1.451830902E0,9.675579529E0,1.873953094E0
1.144878140E2,-1.393901367E0,9.798923035E0,2.111509094E0
1.145077130E2,-1.265169067E0,9.743089142E0,2.074535980E0
1.145276130E2,-9.999206543E-1,1.002151016E1,1.910626831E0
1.145475120E2,-9.324110413E-1,9.577383728E0,2.166893921E0
1.145674110E2,-1.374890900E0,9.303453369E0,1.944905548E0
1.145873100E2,-1.939666443E0,9.414971466E0,1.852697296E0
1.146072090E2,-1.965861969E0,9.876012726E0,1.683998108E0
1.146271080E2,-1.564546509E0,9.433981934E0,2.228415985E0
1.146470080E2,-1.074765015E0,9.060209198E0,2.156116333E0
1.146669070E2,-9.400451660E-1,9.216484222E0,1.991159363E0
1.146868060E2,-9.954299927E-1,9.522897034E0,1.808688812E0
1.147067050E2,-9.395960999E-1,8.988957367E0,2.129172363E0
1.147266040E2,-8.605604553E-1,8.850046234E0,2.042652283E0
1.147465030E2,-1.228944397E0,9.728419647E0,2.270029449E0
1.147664020E2,-1.738784180E0,9.948611755E0,2.669848022E0
1.147863020E2,-1.659898224E0,9.322763214E0,2.730921021E0
1.148062010E2,-1.283431091E0,9.628128204E0,2.629282379E0
1.148261000E2,-8.843609619E-1,1.025637177E1,2.748284912E0
1.148459990E2,-8.391549683E-1,9.705966339E0,2.707120514E0
1.148658980E2,-9.659413147E-1,8.810977478E0,2.190095673E0
1.148857970E2,-9.297166443E-1,9.007518768E0,1.842368774E0
1.149056970E2,-8.897497559E-1,9.516460419E0,2.060465240E0
1.149255960E2,-9.006770325E-1,8.987161102E0,2.062111816E0
1.149454950E2,-1.367256775E0,8.832832031E0,2.060914307E0
1.149653940E2,-1.649120636E0,9.535620575E0,2.111359406E0
1.149852930E2,-1.181193695E0,1.013751892E1,2.139051819E0
1.150051920E2,-4.366419983E-1,9.735904083E0,2.376907196E0
1.150250920E2,-2.874023438E-2,9.374555511E0,2.036365356E0
1.150449910E2,-5.586383057E-1,9.771679688E0,2.223176880E0
1.150648900E2,-1.183139648E0,9.376052399E0,2.719394989E0
1.150847890E2,-1.293310547E0,9.042545929E0,2.233505402E0
1.151046880E2,-1.053509216E0,9.767488403E0,2.171085205E0
1.151245870E2,-8.346643066E-1,9.759704590E0,1.965861969E0
1.151444860E2,-8.867559814E-1,9.581275635E0,1.717528381E0
1.151643860E2,-1.077908478E0,1.003109024E1,1.693278809E0
1.151842850E2,-1.201251984E0,9.675729218E0,1.746567993E0
1.152041840E2,-9.054670715E-1,9.816885681E0,1.768871613E0
1.152240835E2,-8.029302979E-1,9.580527191E0,1.987417145E0
1.152439825E2,-9.577084351E-1,9.243577881E0,2.048789520E0
1.152638815E2,-1.217717743E0,9.610015869E0,2.035616913E0
1.152837815E2,-1.440005493E0,9.994117126E0,2.131717072E0
1.153036805E2,-1.303190002E0,9.605974274E0,1.906734924E0
1.153235795E2,-9.475296021E-1,9.106313324E0,1.983375549E0
1.153434785E2,-8.369096375E-1,9.290580139E0,1.863774261E0
1.153633775E2,-1.277742920E0,1.011012589E1,1.864522705E0
1.153832765E2,-1.538350983E0,1.042941193E1,2.011517029E0
1.154031765E2,-1.151555328E0,9.920769653E0,2.320175171E0
1.154230755E2,-7.798782349E-1,9.769134979E0,2.316133575E0
1.154429745E2,-1.049317932E0,9.720935211E0,2.211950226E0
1.154628735E2,-1.206940155E0,9.567055206E0,1.812281342E0
1.154827725E2,-9.478289795E-1,9.754764862E0,2.006128235E0
1.155026715E2,-1.451531525E0,9.832602997E0,1.804946594E0
1.155225705E2,-1.929038544E0,1.013452515E1,1.673220520E0
1.155424705E2,-2.337089996E0,1.051338730E1,1.635948029E0
1.155623695E2,-2.309397583E0,1.000294876E1,1.591340790E0
1.155822685E2,-2.064207458E0,9.513616333E0,1.510209503E0
1.156021675E2,-2.177521820E0,1.016161880E1,1.458566895E0
1.156220665E2,-2.924318848E0,1.100586319E1,1.646426239E0
1.156419655E2,-2.888692932E0,1.089359665E1,1.442400513E0
1.156618655E2,-2.220781860E0,9.888586578E0,1.802252197E0
1.156817645E2,-1.888323212E0,9.545500031E0,1.884880371E0
1.157016635E2,-1.775906982E0,9.884544983E0,1.880539398E0
1.157215625E2,-1.607507172E0,1.018272491E1,2.074685669E0
1.157414615E2,-1.490001526E0,1.048000671E1,1.905088348E0
1.157613605E2,-1.413360901E0,1.062475571E1,1.096020813E0
1.157812605E2,-1.914069672E0,9.972561951E0,1.397793274E0
1.158011595E2,-2.636467438E0,9.205407257E0,1.466500397E0
1.158210585E2,-3.089275818E0,8.866362305E0,1.245110779E0
1.158409575E2,-3.208877106E0,8.884774017E0,1.152752838E0
1.158608565E2,-2.933000793E0,9.255103912E0,9.165440369E-1
1.158807555E2,-2.807711334E0,9.403894501E0,1.185384979E0
1.159006545E2,-2.552791443E0,9.157057800E0,1.357676697E0
1.159205545E2,-2.181713104E0,8.957522736E0,1.456471252E0
1.159404535E2,-2.059267731E0,8.985813904E0,1.283880157E0
1.159603525E2,-2.051034851E0,9.176068268E0,1.387315063E0
1.159802515E2,-2.178719330E0,9.276808777E0,1.496587830E0
1.160001505E2,-2.331252136E0,9.191635895E0,1.475481720E0
1.160200495E2,-2.001637573E0,9.061257019E0,1.626966705E0
1.160399495E2,-1.942510529E0,9.287137299E0,1.486708374E0
1.160598485E2,-2.272274780E0,9.565558319E0,1.629960480E0
1.160797475E2,-2.464624786E0,9.324559479E0,1.525926819E0
1.160996465E2,-2.394869843E0,8.749455414E0,1.481469269E0
1.161195455E2,-2.311792603E0,8.732989655E0,1.485959930E0
1.161394445E2,-2.457439728E0,9.085805969E0,1.667981415E0
1.161593435E2,-2.594853973E0,8.960815887E0,1.777104492E0
1.161792435E2,-2.374063110E0,8.639733582E0,1.825004883E0
1.161991425E2,-2.345622253E0,8.750353546E0,1.935475159E0
1.162190409E2,-2.371668091E0,9.197623444E0,2.237996063E0
1.162389399E2,-2.670746155E0,9.226213989E0,2.607727203E0
1.162588389E2,-3.169808350E0,8.645721130E0,2.967279510E0
1.162787379E2,-3.233875122E0,8.408165131E0,3.088078308E0
1.162986379E2,-3.113824768E0,8.656498718E0,3.162772980E0
1.163185369E2,-3.073259125E0,8.850644989E0,3.609444122E0
1.163384359E2,-3.322640533E0,8.541388092E0,3.749702454E0
1.163583349E2,-3.792363739E0,8.417445831E0,3.948189697E0
1.163782339E2,-4.198618927E0,8.727451172E0,4.052073669E0
1.163981329E2,-4.261787567E0,8.818012848E0,3.903133392E0
1.164180319E2,-3.989354095E0,8.011040955E0,3.993395691E0
1.164379319E2,-3.786376190E0,7.344327393E0,3.983965302E0
1.164578309E2,-3.636986847E0,7.612569580E0,4.275109863E0
1.164777299E2,-3.483406219E0,8.265212402E0,4.595593414E0
1.164976289E2,-3.528462524E0,8.347241821E0,4.647535400E0
1.165175279E2,-3.448229370E0,8.028404846E0,4.992268524E0
1.165374269E2,-3.257975006E0,7.903863831E0,4.960534515E0
1.165573269E2,-3.300636292E0,7.921527100E0,5.044509888E0
1.165772259E2,-3.349285126E0,8.003257141E0,5.210215302E0
1.165971249E2,-3.141517181E0,7.991880798E0,5.432652740E0
1.166170239E2,-2.933150482E0,7.919431458E0,5.377567291E0
1.166369229E2,-2.813399506E0,7.971672821E0,5.107828217E0
1.166568219E2,-2.939437408E0,7.964038696E0,5.003495178E0
1.166767219E2,-2.929857330E0,8.022566986E0,4.699327698E0
1.166966209E2,-2.623294830E0,7.881709900E0,4.534221039E0
1.167165199E2,-2.447410583E0,7.633825378E0,4.191733246E0
1.167364189E2,-2.570454712E0,7.647447052E0,3.945345612E0
1.167563179E2,-2.819087677E0,7.889044647E0,3.749552765E0
1.167762169E2,-2.904859314E0,7.876620483E0,3.552712097E0
1.167961159E2,-2.924468536E0,7.611222382E0,3.477119293E0
1.168160159E2,-2.881956940E0,7.497009888E0,3.358266449E0
1.168359149E2,-2.751727753E0,7.572153625E0,3.370091858E0
1.168558139E2,-2.644700317E0,7.690557404E0,3.130889282E0
1.168757129E2,-2.293979645E0,7.789351959E0,3.391048279E0
1.168956119E2,-1.665885773E0,8.183332672E0,3.249742126E0
1.169155109E2,-1.485211487E0,8.821306000E0,3.493734741E0
1.169354109E2,-1.449286194E0,9.053473206E0,3.613036652E0
1.169553099E2,-1.710942078E0,8.332272949E0,3.781436462E0
1.169752089E2,-2.054777069E0,7.572453003E0,3.708238678E0
1.169951079E2,-1.977537689E0,7.391329651E0,3.767066345E0
1.170150069E2,-1.571731567E0,7.984096985E0,3.534150696E0
1.170349059E2,-1.170865173E0,8.651109924E0,3.436703339E0
1.170548049E2,-1.389859772E0,8.353828125E0,3.661086731E0
1.170747049E2,-1.626218262E0,7.731123047E0,3.809128876E0
1.170946039E2,-1.366957397E0,7.543114014E0,3.697461090E0
1.171145029E2,-8.680448914E-1,7.844736786E0,3.826792145E0
1.171344019E2,-5.710624695E-1,8.596473541E0,3.680097198E0
1.171543009E2,-3.564088440E-1,8.489146729E0,3.580105133E0
1.171741999E2,-4.436773682E-1,7.328909454E0,3.744463348E0
1.171940999E2,-4.948709106E-1,6.394103394E0,3.274291077E0
1.172139989E2,-4.920268250E-1,6.614894257E0,3.359763336E0
1.172338978E2,-3.870950317E-1,8.253237305E0,2.997965698E0
1.172537968E2,-5.677693176E-1,9.334139557E0,2.733465729E0
1.172736958E2,-8.289761353E-1,8.677006073E0,2.033670959E0
1.172935948E2,-8.199948120E-1,7.436385956E0,1.501976624E0
1.173134938E2,-5.888754272E-1,7.297025757E0,1.284029846E0
1.173333938E2,-4.180805969E-1,8.043523407E0,1.524280243E0
1.173532928E2,-6.261479187E-1,8.680748291E0,1.106948090E0
1.173731918E2,-1.426683197E0,8.345595245E0,1.257834320E0
1.173930908E2,-2.164498901E0,8.214318237E0,9.099577332E-1
1.174129898E2,-2.755320282E0,9.413923645E0,6.822811890E-1
1.174328888E2,-2.410437469E0,1.089988358E1,3.959266663E-1
1.174527888E2,-2.450404358E0,1.072474777E1,6.092330933E-2
1.174726878E2,-2.827919312E0,9.594298553E0,2.893482971E-1
1.174925868E2,-3.372636566E0,9.404044189E0,9.518705750E-1
1.175124858E2,-2.856509857E0,1.044572800E1,1.564995575E0
1.175323848E2,-1.760489044E0,1.122216339E1,1.165775757E0
1.175522838E2,-2.411036224E0,1.084599564E1,2.282453613E0
1.175721828E2,-3.263812866E0,1.036774017E1,2.106269989E0
1.175920828E2,-3.403173065E0,1.028615982E1,1.998344421E0
1.176119818E2,-3.581901398E0,1.024948608E1,2.146386566E0
1.176318808E2,-3.279829559E0,9.745633850E0,2.532882843E0
1.176517798E2,-2.620001678E0,8.828341370E0,1.682501221E0
1.176716788E2,-2.381098480E0,8.239915009E0,1.262324982E0
1.176915778E2,-1.605112152E0,8.860973511E0,1.691482544E0
1.177114768E2,-7.830216980E-1,1.098790054E1,1.606309662E0
1.177313768E2,-1.606459351E0,1.158455978E1,2.062411194E0
1.177512758E2,-2.049537964E0,1.063673080E1,2.929408264E0
1.177711748E2,-2.185305634E0,1.086006638E1,2.162702637E0
1.177910738E2,-1.363364868E0,1.123039627E1,1.750609589E0
1.178109728E2,-2.515219574E0,1.011476624E1,1.710043945E0
1.178308718E2,-3.280278625E0,8.675958252E0,2.622097321E0
1.178507718E2,-3.283272400E0,9.617200928E0,2.783162384E0
1.178706708E2,-3.544928284E0,1.148322052E1,1.889221344E0
1.178905698E2,-3.283272400E0,1.068313431E1,1.089883575E0
1.179104688E2,-2.417472839E0,8.939560089E0,7.909552002E-1
1.179303678E2,-1.732646942E0,8.525371399E0,1.242715759E0
1.179502668E2,-3.599414978E0,1.078043198E1,-3.867956543E-1
1.179701658E2,-3.630999298E0,1.194935120E1,-4.808001709E-1
1.179900658E2,-2.166295166E0,1.160701309E1,1.604962463E0
1.180099648E2,-1.766476593E0,1.150297943E1,1.444196777E0
1.180298638E2,-3.384012909E0,1.249227219E1,8.505313110E-1
1.180497628E2,-4.118984528E0,1.194665680E1,7.273374939E-1
1.180696618E2,-3.406017151E0,9.724527740E0,2.265538788E0
1.180895608E2,-3.270698547E0,9.676028595E0,4.385879517E-1
1.181094608E2,-4.786147156E0,1.133832184E1,-2.718347168E-1
1.181293598E2,-5.091212769E0,1.084509750E1,-7.984396362E-1
1.181492588E2,-5.152435455E0,8.976982269E0,-3.496728516E-1
1.181691578E2,-3.897744598E0,8.807235260E0,-2.344125366E-1
1.181890568E2,-3.628304901E0,9.409732361E0,-1.633103943E-1
1.182089558E2,-3.178190918E0,8.751551056E0,3.170407104E-1
1.182288554E2,-1.866019592E0,8.917705536E0,4.781057739E-1
1.182487554E2,-2.755170593E0,1.066741699E1,2.671943665E-1
1.182686544E2,-3.893553314E0,1.133398087E1,-8.250842285E-1
1.182885534E2,-4.106859741E0,1.005504044E1,-6.405180359E-1
1.183084524E2,-3.249442749E0,8.465944977E0,-4.164340210E-1
1.183283514E2,-2.440225525E0,8.226293335E0,6.915618896E-2
1.183482504E2,-2.719993744E0,8.632548523E0,-2.758763123E-1
1.183681504E2,-3.053949280E0,8.742719421E0,-3.438349915E-1
1.183880494E2,-3.202739868E0,8.867709503E0,-1.466949463E-1
1.184079484E2,-2.944077759E0,9.665849762E0,1.646575928E-2
1.184278474E2,-3.112327881E0,1.082683548E1,-1.529818726E-1
1.184477464E2,-4.316723328E0,1.060978683E1,3.312611389E-1
1.184676454E2,-3.670666809E0,9.328900452E0,-2.424957275E-2
1.184875444E2,-1.805844727E0,9.408534851E0,-1.116677856E-1
1.185074444E2,-1.591640167E0,9.989626465E0,1.011895752E-1
1.185273434E2,-1.367855530E0,9.866582336E0,3.269201660E-1
1.185472424E2,-2.589764557E0,9.767039337E0,7.213499451E-1
1.185671414E2,-3.590283966E0,9.775421906E0,1.115180969E0
1.185870404E2,-2.602039032E0,9.926308136E0,7.996371460E-1
1.186069394E2,-2.267035675E0,9.750872955E0,5.478607178E-1
1.186268384E2,-2.749482422E0,9.087901611E0,4.477189636E-1
1.186467384E2,-2.910547485E0,8.649912415E0,8.421487427E-1
1.186666374E2,-2.541415100E0,9.011560364E0,1.238674164E0
1.186865364E2,-2.865491180E0,9.923014984E0,8.810678101E-1
1.187064354E2,-3.080893250E0,1.016985168E1,3.327580261E-1
1.187263344E2,-2.173031158E0,9.384734344E0,2.731819153E-1
1.187462334E2,-1.898951111E0,8.904083862E0,4.230203247E-1
1.187661334E2,-2.493814087E0,9.373807068E0,1.384620667E-1
1.187860324E2,-3.168760529E0,9.791139221E0,-1.886077881E-2
1.188059314E2,-2.684966583E0,9.229058075E0,-3.782633972E-1
1.188258304E2,-9.696835327E-1,9.311386871E0,-1.204994202E-1
1.188457294E2,-9.985734558E-1,9.825717316E0,3.796105957E-1
1.188656284E2,-2.105371857E0,9.547895050E0,4.740641785E-1
1.188855274E2,-3.235970764E0,9.094936981E0,5.025050354E-1
1.189054274E2,-2.640509033E0,9.119186554E0,4.234693909E-1
1.189253264E2,-1.402283936E0,9.582323456E0,1.651066589E-1
1.189452254E2,-1.351240082E0,9.758956146E0,-2.589614868E-2
1.189651244E2,-1.822011108E0,1.024469604E1,1.565744019E-1
1.189850234E2,-1.256936188E0,1.053374496E1,3.650907898E-1
1.190049224E2,-1.540446625E0,9.586365051E0,6.840774536E-2
1.190248214E2,-2.028880920E0,9.239236908E0,-2.062710571E-1
1.190447214E2,-2.501597900E0,9.667346649E0,1.187031555E-1
1.190646204E2,-1.766177216E0,9.669442291E0,4.595443726E-2
1.190845194E2,-2.208956451E0,8.988059235E0,-9.520202637E-2
1.191044184E2,-2.715203705E0,9.206006012E0,2.008822632E-1
1.191243174E2,-3.057541809E0,9.450747070E0,4.935237122E-1
1.191442164E2,-2.235151978E0,9.564211121E0,1.345102844E0
1.191641164E2,-2.079625397E0,9.437873840E0,1.135388947E0
1.191840154E2,-1.742676086E0,9.118288422E0,4.894821167E-1
1.192039144E2,-1.852248230E0,8.830137634E0,6.315367126E-1
1.192238131E2,-1.828298035E0,1.001806732E1,1.277443542E0
1.192437121E2,-2.112556915E0,1.021176453E1,1.753753052E0
1.192636111E2,-2.720891876E0,1.015548157E1,2.535128174E0
1.192835101E2,-1.155896301E0,1.029918274E1,2.505040741E0
1.193034101E2,-1.408870239E0,1.004411316E1,2.136956177E0
1.193233091E2,-2.181862793E0,9.847422180E0,2.666704559E0
1.193432081E2,-2.753374329E0,8.915759583E0,1.724863129E0
1.193631071E2,-4.061354370E0,8.702902222E0,9.271719360E-1
1.193830061E2,-3.971241760E0,8.371192017E0,9.259744263E-1
1.194029051E2,-2.716999969E0,8.084538116E0,1.185684357E0
1.194228051E2,-2.324516144E0,9.330397339E0,8.334667969E-1
1.194427041E2,-1.872905273E0,1.135808075E1,1.247805176E0
1.194626031E2,-1.180145874E0,1.059751236E1,1.720372467E0
1.194825021E2,-1.377585297E0,8.533005524E0,1.977388000E0
1.195024011E2,-2.173629913E0,8.818611603E0,1.583856354E0
1.195223001E2,-3.201093292E0,1.050979477E1,2.096540222E0
1.195421991E2,-2.309696960E0,9.918374634E0,1.852697296E0
1.195620991E2,-1.381028137E0,8.824150085E0,1.423390045E0
1.195819981E2,-1.827399902E0,9.266031189E0,3.303630066E-1
1.196018971E2,-3.700454865E0,9.150172119E0,2.284249878E-1
1.196217961E2,-3.303630066E0,8.047565002E0,5.932164001E-1
1.196416951E2,-2.540217590E0,8.882528687E0,1.402583313E0
1.196615941E2,-4.376748505E0,1.005174728E1,1.315464478E0
1.196814931E2,-2.428549805E0,9.772428131E0,5.477110291E-1
1.197013931E2,-1.895059204E-1,8.557404785E0,-1.106199646E0
1.197212921E2,-2.563419342E0,8.797505493E0,5.080435181E-1
1.197411911E2,-3.802392883E0,9.574240265E0,1.986219635E0
1.197610901E2,-1.090033264E0,1.007599686E1,1.855391693E0
1.197809891E2,-1.268761597E0,1.067235672E1,2.183509369E0
1.198008881E2,-2.666854248E0,1.027119095E1,2.464924164E0
1.198207881E2,-1.633553009E0,9.727671204E0,3.397185516E0
1.198406871E2,7.214996338E-2,9.732012177E0,2.819087677E0
1.198605861E2,-2.264191589E0,9.578730927E0,1.819466400E0
1.198804851E2,-4.397704926E0,9.213789825E0,1.221759338E0
1.199003841E2,-2.999911652E0,8.560847626E0,1.348545685E0
1.199202831E2,-1.933678894E0,9.135203247E0,1.053509216E0
1.199401821E2,-4.646637268E0,1.016655853E1,1.758543091E0
1.199600821E2,-3.148402863E0,1.031070877E1,1.808688812E0
1.199799811E2,-4.079017639E-1,9.811496887E0,1.766476593E0
1.199998801E2,-2.410886536E0,9.357490997E0,1.224902802E0
1.200197791E2,-3.696113892E0,8.989406433E0,1.758842468E0
1.200396781E2,-2.050136719E0,7.791447601E0,1.050515442E0
1.200595771E2,-3.319946136E0,8.646768951E0,6.017486572E-1
1.200794761E2,-5.557642822E0,9.996063080E0,5.990542603E-1
1.200993761E2,-3.222798157E0,1.035202286E1,2.402953033E0
1.201192751E2,1.044677582E0,9.291478271E0,1.874402161E0
1.201391741E2,-1.142424316E0,9.196276245E0,1.248254242E0
1.201590731E2,-4.579876099E0,1.044707520E1,1.701362000E0
1.201789721E2,-2.159409485E0,1.046189438E1,2.015109558E0
1.201988711E2,-1.472487946E0,8.883426819E0,4.055067444E-1
1.202187711E2,-3.228336639E0,8.074209595E0,-1.055904236E0
1.202386698E2,-4.332290955E0,8.850345612E0,-1.376836853E0
1.202585688E2,-3.406466217E0,1.040231827E1,2.771336975E0
1.202784678E2,-2.163451080E0,9.721833344E0,3.555855560E0
1.202983668E2,-2.411485291E0,7.965685272E0,7.807763672E-1
1.203182658E2,-1.596729584E0,8.638985138E0,-8.649014282E-1
1.203381648E2,-2.631078644E0,9.961335297E0,2.050735474E-1
1.203580648E2,-4.616250458E0,9.810598755E0,1.116079102E0
1.203779638E2,-3.772006073E0,9.383836212E0,9.132508850E-1
1.203978628E2,-1.070274353E0,8.869356079E0,3.273692322E-1
1.204177618E2,-7.197033691E-1,8.991801453E0,-3.124003601E-1
1.204376608E2,-3.153492279E0,9.888287201E0,8.083190918E-3
1.204575598E2,-4.786147156E0,9.762398987E0,8.735833740E-1
1.204774588E2,-3.547023926E0,8.919950867E0,1.526375885E0
1.204973588E2,-1.394649811E0,8.830886078E0,1.490899658E0
1.205172578E2,-2.030976563E0,9.907147980E0,1.214424591E0
1.205371568E2,-2.847977600E0,9.677076416E0,1.116677856E0
1.205570558E2,-2.893932037E0,9.130263519E0,1.315314789E0
1.205769548E2,-3.336112518E0,8.900191956E0,1.377734985E0
1.205968538E2,-2.545756073E0,9.630672913E0,8.286767578E-1
1.206167538E2,-2.060764618E0,9.649833069E0,9.702822876E-1
1.206366528E2,-2.620600433E0,9.067543945E0,1.454674988E0
1.206565518E2,-2.530338135E0,9.082812195E0,2.206860809E0
1.206764508E2,-2.142195282E0,1.005788452E1,9.933343506E-1
1.206963498E2,-1.759441223E0,9.790091400E0,8.831634521E-2
1.207162488E2,-1.948498077E0,8.906329193E0,4.041595459E-2
1.207361478E2,-3.513194275E0,9.256451111E0,8.403524780E-1
1.207560478E2,-2.495011597E0,1.004261627E1,1.729802856E0
1.207759468E2,-1.706601105E0,9.810898132E0,1.730850677E0
1.207958458E2,-1.982327728E0,9.252858582E0,8.562194824E-1
1.208157448E2,-2.167043610E0,9.078321533E0,3.974235535E-1
1.208356438E2,-2.461331635E0,9.718540192E0,9.211843872E-1
1.208555428E2,-2.738555145E0,9.607920227E0,1.491797791E0
1.208754428E2,-2.856809235E0,9.239087219E0,1.751058655E0
1.208953418E2,-2.713856506E0,9.195378113E0,1.549577637E0
1.209152408E2,-2.361788635E0,9.389075317E0,1.537153473E0
1.209351398E2,-1.912572784E0,9.745035095E0,1.906884613E0
1.209550388E2,-2.139351196E0,9.585167542E0,1.811083832E0
1.209749378E2,-2.049238586E0,9.389823761E0,1.384920044E0
1.209948368E2,-2.391876068E0,9.010362854E0,1.335223389E0
1.210147368E2,-3.094365234E0,9.458231506E0,1.109043732E0
1.210346358E2,-2.886597290E0,9.919721832E0,1.509311371E0
1.210545348E2,-1.888921967E0,9.314380646E0,1.561852112E0
1.210744338E2,-2.131118317E0,8.991801453E0,1.310075684E0
1.210943328E2,-2.973416748E0,9.521699524E0,1.542691956E0
1.211142318E2,-3.755240936E0,9.329199829E0,2.465073853E0
1.211341308E2,-2.315684509E0,9.286688232E0,3.204835510E0
1.211540308E2,-1.127455444E0,9.345066833E0,3.211122437E0
1.211739298E2,-2.230811005E0,9.387578430E0,2.541564789E0
1.211938288E2,-3.209924927E0,1.009440857E1,1.294358368E0
1.212137278E2,-2.552192688E0,1.044318329E1,2.109563141E0
1.212336277E2,-2.686313782E0,9.791288910E0,1.613794098E0
1.212535267E2,-3.181035004E0,9.443262634E0,1.274000702E0
1.212734267E2,-2.656226349E0,9.972711639E0,1.890418854E0
1.212933257E2,-2.940185852E0,1.169637726E1,1.712738342E0
1.213132247E2,-4.063150635E0,9.655521240E0,3.312761078E0
1.213331237E2,-5.987548828E0,8.723858643E0,3.370540924E0
1.213530227E2,-3.986659698E0,1.031070877E1,1.663341064E0
1.213729217E2,-3.447630615E0,1.127994324E1,6.161187744E-1
1.213928207E2,-4.318369904E0,7.964936829E0,5.078938293E-1
1.214127207E2,-3.723656616E0,4.047283630E0,4.086502075E-1
1.214326197E2,-9.102571106E-1,4.248165894E0,1.066831512E0
1.214525187E2,3.910019073E0,5.520070953E0,1.249900818E0
1.214724177E2,3.996090088E0,4.777315521E0,-7.779322815E-1
1.214923167E2,-5.821394348E-1,3.067121887E0,-4.107458496E-1
1.215122157E2,-5.878575439E0,5.401966553E0,-1.991907806E0
1.215321147E2,-7.470065918E0,1.412717239E1,1.290915527E0
1.215520147E2,-1.494252686E1,3.254187881E1,1.612596588E1
1.215719137E2,-6.013444977E0,9.793983307E0,2.228715363E0
1.215918127E2,9.520801392E0,1.135688324E0,-1.610950012E0
1.216117117E2,7.945926361E0,5.017715607E0,-2.100132751E0
1.216316107E2,-3.934568024E0,1.325284058E1,1.913770294E0
1.216515097E2,-9.100625153E0,1.512394958E1,3.755091248E0
1.216714087E2,-4.174519043E0,8.212072906E0,2.352807312E0
1.216913087E2,-1.972448273E0,5.763464813E0,5.595364380E-1
1.217112077E2,-2.092348938E0,8.684041443E0,1.078656921E0
1.217311067E2,-1.247056732E0,1.180400345E1,1.821112976E0
1.217510057E2,-3.552113342E-1,1.159249329E1,3.013233948E0
1.217709047E2,1.913021851E-1,8.677155762E0,1.362317047E0
1.217908037E2,-2.484234009E0,7.476951599E0,-1.020278320E0
1.218107037E2,-4.830155640E0,8.778944092E0,-2.692900085E-1
1.218306027E2,-5.567522278E0,1.102053268E1,1.157093811E0
1.218505017E2,-1.816322937E0,1.010353958E1,2.763253784E0
1.218704007E2,1.043929138E0,8.243208160E0,2.594105530E0
1.218902997E2,4.017645264E-1,9.044491882E0,1.304237823E0
1.219101987E2,-2.765050049E0,1.087099365E1,1.724414063E0
1.219300977E2,-3.700754242E0,9.587562561E0,1.618434448E0
1.219499977E2,-3.075803833E0,7.435338135E0,4.355941772E-1
1.219698967E2,-3.776945801E0,8.564440155E0,5.638774109E-1
1.219897957E2,-2.995271301E0,1.055155792E1,1.713935852E0
1.220096947E2,6.840774536E-2,1.086440735E1,3.403921509E0
1.220295937E2,1.350641327E0,9.492360535E0,2.758014679E0
1.220494927E2,-1.083746338E0,9.237590332E0,1.479373627E0
1.220693927E2,-3.454067230E0,9.851164398E0,1.016835480E0
1.220892917E2,-4.573289795E0,9.311835938E0,1.766626282E0
1.221091907E2,-2.886746979E0,8.288414154E0,1.797162781E0
1.221290897E2,-1.634900208E0,8.877888336E0,1.525926819E0
1.221489887E2,-1.906884613E0,1.057386154E1,1.064885559E0
1.221688877E2,-1.406475220E0,1.015458344E1,1.288670197E0
1.221887867E2,-1.995949402E0,8.657247162E0,1.309476929E0
1.222086867E2,-4.267625427E0,8.939410400E0,2.638413391E0
1.222285846E2,-3.571123810E0,1.010713211E1,1.630110168E0
1.222484836E2,-4.457730103E-1,9.940977631E0,7.131170654E-1
1.222683826E2,-4.558021545E-1,8.983119507E0,1.571731567E0
1.222882816E2,-2.207309875E0,8.972790985E0,1.654808807E0
1.223081806E2,-3.960763550E0,9.499844971E0,2.240840149E0
1.223280796E2,-3.784280548E0,9.738897858E0,1.420396271E0
1.223479796E2,-1.589394836E0,9.276060333E0,8.086184692E-1
1.223678786E2,-1.515149231E0,9.009015656E0,1.955533447E0
1.223877776E2,-2.802023163E0,9.122479706E0,1.719324646E0
1.224076766E2,-2.882256317E0,1.007929001E1,2.171384583E0
1.224275756E2,-2.676883392E0,9.313781891E0,2.258204041E0
1.224474746E2,-2.810705109E0,8.854536896E0,1.858535156E0
1.224673746E2,-2.398312683E0,9.334738312E0,1.748663635E0
1.224872736E2,-2.434537354E0,9.589059448E0,1.722767487E0
1.225071726E2,-2.958747253E0,9.056167603E0,1.670975189E0
1.225270716E2,-3.489244080E0,9.010063477E0,2.036964111E0
1.225469706E2,-3.255879364E0,8.994346161E0,1.383123779E0
1.225668696E2,-2.928061066E0,9.077722778E0,1.581461334E0
1.225867686E2,-2.270777893E0,9.640552368E0,2.290237427E0
1.226066686E2,-1.676513672E0,1.011985565E1,2.459984436E0
1.226265676E2,-1.561852112E0,9.371561737E0,2.175725555E0
1.226464666E2,-1.671873322E0,8.718020782E0,1.794318695E0
1.226663656E2,-3.117716675E0,8.965605927E0,2.245630188E0
1.226862646E2,-3.774850159E0,9.302704926E0,2.418670349E0
1.227061636E2,-3.275638275E0,8.966803436E0,1.153950348E0
1.227260626E2,-3.127895508E0,9.226363678E0,3.516188049E-1
1.227459626E2,-2.605631561E0,9.466763763E0,1.319506073E0
1.227658616E2,-2.934946747E0,9.110055542E0,2.267035675E0
1.227857606E2,-2.891237640E0,9.251810760E0,3.040177917E0
1.228056596E2,-1.139280853E0,9.920320587E0,2.960693207E0
1.228255586E2,-3.998185730E-1,9.634265442E0,2.647245026E0
1.228454576E2,-1.893113251E0,9.042994995E0,2.386636963E0
1.228653576E2,-3.173400879E0,9.190737762E0,1.905537415E0
1.228852566E2,-3.180286560E0,9.557774506E0,2.166594543E0
1.229051556E2,-1.810185699E0,9.209748230E0,2.447260895E0
1.229250546E2,-1.492546234E0,9.068891144E0,1.624721375E0
1.229449536E2,-1.505718842E0,1.011416748E1,1.499282227E0
1.229648526E2,-5.882766724E-1,1.051623138E1,1.516646118E0
1.229847516E2,-2.007774811E0,8.594976654E0,1.217418365E0
1.230046516E2,-5.913752289E0,8.175548859E0,1.530567169E0
1.230245506E2,-5.185816040E0,9.726024628E0,2.103874969E0
1.230444496E2,-1.787283325E-1,1.041818527E1,2.712808685E0
1.230643486E2,6.179150391E-1,8.740923157E0,1.914967804E0
1.230842476E2,-2.579136658E0,8.648265839E0,2.573598175E0
1.231041466E2,-3.000660095E0,1.004875351E1,2.254162445E0
1.231240466E2,-2.226170654E0,9.704918518E0,2.005529480E0
1.231439456E2,-2.372865601E0,8.210276642E0,2.139201508E0
1.231638446E2,-1.914668427E0,8.404422913E0,3.558549957E0
1.231837436E2,-9.277706909E-1,9.420360260E0,4.109105072E0
1.232036426E2,-6.261479187E-1,1.070019882E1,2.172282715E0
1.232235416E2,-1.639241180E0,1.006985962E1,1.658551025E-1
1.232434417E2,-4.554129639E0,8.121960297E0,1.781295776E-1
1.232633417E2,-5.413043518E0,7.788004761E0,2.799179077E-2
1.232832407E2,-4.462220764E0,9.395212555E0,-2.014810181E-1
1.233031397E2,-2.849624176E0,1.060230240E1,3.603755951E0
1.233230387E2,3.601510620E-1,1.111708191E1,3.578308868E0
1.233429377E2,1.837728424E0,1.030127838E1,3.194207611E0
1.233628367E2,1.371897125E0,8.983418884E0,1.016236725E0
1.233827357E2,9.398954773E-1,7.286996613E0,-7.214996338E-2
1.234026357E2,-5.020410004E0,8.276439056E0,-9.641450500E-1
1.234225347E2,-9.956994324E0,1.132275421E1,1.804347839E0
1.234424337E2,-3.600762177E0,1.047611481E1,4.633314972E0
1.234623327E2,2.537373505E0,6.953190765E0,3.056044922E0
1.234822317E2,7.313790894E-1,8.841364288E0,3.091820526E0
1.235021307E2,-2.456242218E0,1.164293839E1,2.103725281E0
1.235220307E2,-2.783761139E0,9.641600189E0,6.930587769E-2
1.235419297E2,-4.053869934E0,6.595434723E0,8.349636841E-1
1.235618287E2,-6.328090668E0,7.552394714E0,2.692900085E-1
1.235817277E2,-5.103337555E0,1.145747406E1,1.049916687E0
1.236016267E2,-1.318757629E0,1.259031830E1,1.682501221E0
1.236215257E2,-2.553539886E0,9.794881439E0,4.090843048E0
1.236414247E2,-5.229525146E0,8.261470184E0,4.511019287E0
1.236613247E2,-4.114793243E0,1.066502197E1,2.336042175E0
1.236812237E2,-3.636986847E0,1.268821472E1,8.126600647E-1
1.237011227E2,-5.243595886E0,8.964408417E0,2.160157928E0
1.237210217E2,-7.374564514E0,4.955894165E0,2.546205139E0
1.237409207E2,-4.692891083E0,7.601642303E0,1.125359802E0
1.237608197E2,-2.080373840E0,1.242865448E1,3.068319397E0
1.237807197E2,-1.425335999E0,9.064550171E0,4.139940948E0
1.238006187E2,-1.178798676E0,5.186564484E0,1.508413239E0
1.238205177E2,-1.287472687E0,7.116800537E0,7.997868347E-1
1.238404167E2,-1.591490479E0,1.011581406E1,3.901935883E0
1.238603157E2,-3.117417297E0,7.344776459E0,1.573976898E0
1.238802147E2,-3.938310242E0,2.499502258E0,4.921765137E-1
1.239001137E2,-3.971990204E0,6.299350433E0,7.383246460E0
1.239200137E2,-6.812183990E0,1.440903625E1,1.065379532E1
1.239399127E2,-1.905836792E0,1.476035568E1,8.948391724E-1
1.239598117E2,4.472998352E0,1.000339783E1,-9.680369568E-1
1.239797107E2,1.187181244E0,5.881718903E0,-2.296524353E0
1.239996097E2,-5.915997620E0,5.595963135E0,-5.376818848E-1
1.240195087E2,-1.093341385E1,8.593779144E0,-5.933660889E-1
1.240394087E2,-7.514373779E0,1.132529892E1,1.196611633E0
1.240593077E2,-2.588417358E0,1.295241531E1,1.343007202E0
1.240792067E2,2.132914581E0,1.113594269E1,9.443861389E-1
1.240991057E2,1.243164825E0,8.671467590E0,9.939331055E-1
1.241190047E2,-9.151968384E-1,8.410859528E0,1.131347351E0
1.241389037E2,-2.210004272E0,9.560319214E0,1.146316223E0
1.241588027E2,-5.626799011E0,9.724827118E0,7.207511902E-1
1.241787027E2,-7.237150269E0,9.032367096E0,1.836680603E-1
1.241986017E2,-4.346212006E0,8.795110474E0,-4.318519592E-1
1.242185007E2,-1.493594055E0,9.106163635E0,-3.616479492E-1
1.242383990E2,-1.590292969E0,9.272467804E0,1.933978271E-1
1.242582980E2,-2.428699493E0,9.505832520E0,-2.230361938E-1
1.242781970E2,-2.993175659E0,1.002570145E1,2.607577515E-1
1.242980960E2,-3.619922333E0,9.705068207E0,2.013163605E0
1.243179960E2,-2.729723511E0,8.747210083E0,1.470691681E0
1.243378950E2,-2.179018707E0,8.623866577E0,9.804611206E-2
1.243577940E2,-2.019001465E0,9.866432648E0,8.975335693E-1
1.243776930E2,-2.147883453E0,1.057416092E1,3.662134552E0
1.243975920E2,-2.158211975E0,9.474248199E0,2.734064484E0
1.244174910E2,-2.053280182E0,8.274792480E0,7.644602966E-1
1.244373900E2,-3.013683014E0,8.005951538E0,-7.455995178E-1
1.244572900E2,-3.627406769E0,8.880133667E0,7.673043823E-1
1.244771890E2,-2.837349701E0,9.596992950E0,2.730471954E0
1.244970880E2,-1.690734100E0,9.561067657E0,3.042273560E0
1.245169870E2,-7.792794800E-1,1.005474106E1,1.956281891E0
1.245368860E2,4.670288086E-1,1.045949936E1,2.610571289E0
1.245567850E2,5.489085388E-1,8.955726471E0,3.731290741E0
1.245766850E2,-2.605781250E0,7.921227722E0,3.689677277E0
1.245965840E2,-6.518644409E0,9.727820892E0,2.103575592E0
1.246164830E2,-4.805157623E0,1.083761307E1,2.951412506E0
1.246363820E2,-2.064806213E0,8.448581085E0,1.248104553E0
1.246562810E2,-3.604354706E0,8.100405121E0,1.618733826E0
1.246761800E2,-4.094884644E0,9.921967163E0,2.957250366E0
1.246960790E2,-1.326990509E0,9.618548126E0,2.326013031E0
1.247159790E2,-4.064048767E-1,7.909252625E0,4.556524658E-1
1.247358780E2,-3.368744659E0,8.612789612E0,1.024768982E0
1.247557770E2,-3.338208160E0,1.056098831E1,1.724713440E0
1.247756760E2,-1.097068634E0,1.056907150E1,3.429967346E0
1.247955750E2,2.404000854E-1,1.056981995E1,2.224075012E0
1.248154740E2,-2.071542206E0,1.102397552E1,3.100951538E0
1.248353740E2,-2.157313843E0,1.015129028E1,2.173929291E0
1.248552730E2,-1.452729034E0,7.972421265E0,1.046324158E0
1.248751720E2,-2.324665833E0,6.989265747E0,-1.544787598E-1
1.248950710E2,-3.712579651E0,8.754844208E0,9.915380859E-1
1.249149700E2,-4.001478882E0,1.183738403E1,2.186353455E0
1.249348690E2,-2.174228668E0,1.091335556E1,2.332299957E0
1.249547680E2,-1.441801758E0,8.261320496E0,1.066831512E0
1.249746680E2,-1.613794098E0,7.335196381E0,6.735992432E-3
1.249945670E2,-2.606978760E0,8.917256470E0,6.661148071E-2
1.250144660E2,-3.989054718E0,1.077818665E1,5.795947266E-1
1.250343650E2,-5.002746735E0,9.758806458E0,1.658551025E0
1.250542640E2,-4.867727509E0,7.956404572E0,1.610950012E0
1.250741630E2,-3.702101440E0,7.838898926E0,8.436456299E-1
1.250940630E2,-1.930236053E0,9.848020935E0,5.748046875E-1
1.251139620E2,-1.707349548E0,1.086799988E1,1.418001251E0
1.251338610E2,-2.974763947E0,9.272018738E0,2.531835022E0
1.251537600E2,-2.648741913E0,8.457562408E0,2.563868408E0
1.251736590E2,-2.080822906E0,8.741222534E0,1.603914642E0
1.251935580E2,-2.668800201E0,9.533075867E0,9.613009644E-1
1.252134570E2,-3.046315155E0,9.856403503E0,9.436376953E-1
1.252333568E2,-3.880231018E0,9.555678864E0,1.451531525E0
1.252532558E2,-4.048032074E0,9.339228973E0,1.228645020E0
1.252731548E2,-2.498753815E0,8.987011414E0,4.451742554E-1
1.252930538E2,-2.523452454E0,8.628506927E0,7.753875732E-2
1.253129528E2,-3.040477295E0,9.376351776E0,1.308578796E0
1.253328518E2,-2.682421875E0,1.058912979E1,2.123633881E0
1.253527518E2,-2.149829407E0,9.762099609E0,2.052831116E0
1.253726508E2,-2.305954742E0,8.332871704E0,8.837622070E-1
1.253925498E2,-3.101699982E0,8.337362366E0,6.490502930E-1
1.254124488E2,-3.698209534E0,9.967173157E0,8.518785095E-1
1.254323478E2,-3.816014557E0,1.026789780E1,1.618284760E0
1.254522468E2,-3.428320770E0,8.577014008E0,1.742676086E0
1.254721458E2,-3.227438507E0,8.170459442E0,1.342857513E0
1.254920458E2,-2.263143768E0,9.125623169E0,1.372046814E0
1.255119448E2,-2.014211426E0,9.771529999E0,1.352886658E0
1.255318438E2,-2.964285736E0,9.409283295E0,1.595232697E0
1.255517428E2,-3.480412445E0,8.775201874E0,1.976190491E0
1.255716418E2,-4.495451660E0,8.386460266E0,2.292033691E0
1.255915408E2,-4.673132172E0,8.402027893E0,1.626218262E0
1.256114398E2,-3.347189484E0,8.899144135E0,8.836125183E-1
1.256313398E2,-3.112178192E0,8.746162262E0,8.869056702E-1
1.256512388E2,-3.538641357E0,7.984246674E0,1.778152313E0
1.256711378E2,-3.870201874E0,7.698041840E0,7.975415039E-1
1.256910368E2,-3.778742065E0,7.051087189E0,1.115330658E0
1.257109358E2,-4.069587250E0,5.456453247E0,-2.354603577E-1
1.257308348E2,-4.657714233E0,4.489613800E0,5.887257385E-1
1.257507348E2,-4.163741455E0,6.269861755E0,7.077282715E-1
1.257706338E2,-2.778222656E0,1.103160965E1,1.637594604E-1
1.257905328E2,-3.090024261E0,1.332199677E1,1.326092377E0
1.258104318E2,-3.118315430E0,9.485325165E0,3.071013794E0
1.258303308E2,-1.919458466E0,7.502099304E0,4.732558594E0
1.258502298E2,-1.194665680E0,8.534053345E0,3.673810272E0
1.258701298E2,-3.700005798E0,8.804540863E0,1.619931335E0
1.258900288E2,-6.123615875E0,7.021897888E0,-9.166937256E-1
1.259099278E2,-8.474926300E0,6.078260193E0,-1.410516815E0
1.259298268E2,-7.465275879E0,6.600973206E0,-2.597248993E0
1.259497258E2,-5.727838898E0,7.272626495E0,-4.777016144E0
1.259696248E2,-7.257807312E0,5.909261627E0,-2.332449646E0
1.259895238E2,-5.989494781E0,5.064568176E0,-9.616003418E-1
1.260094238E2,-4.217779083E0,7.731871490E0,-2.615511017E0
1.260293228E2,-8.970395966E0,1.179621964E1,-1.242715759E0
1.260492218E2,-1.079674805E1,9.223669281E0,-2.065255280E0
1.260691208E2,-7.922724609E0,3.390599213E0,-1.962119751E0
1.260890198E2,-7.938292236E0,2.279160461E0,-2.879112854E0
1.261089188E2,-8.402926025E0,5.459596710E0,-2.170037384E0
1.261288178E2,-6.996899872E0,7.825876007E0,-3.832630005E0
1.261487178E2,-7.456593933E0,6.856342163E0,-2.742596741E0
1.261686168E2,-9.266480255E0,5.450914764E0,-1.074615326E0
1.261885158E2,-6.925498352E0,4.983586578E0,-2.143392792E0
1.262084148E2,-8.217910767E0,3.887715454E0,-5.258714447E0
1.262283135E2,-1.281066010E1,3.891307983E0,-2.189945984E0
1.262482125E2,-9.701775055E0,5.463189240E0,-3.071313171E0
1.262681125E2,-6.760541382E0,6.150859222E0,-2.742596741E0
1.262880115E2,-8.031398621E0,2.577041016E0,-1.650168457E0
1.263079105E2,-1.071456894E1,2.672243042E0,-4.576433258E0
1.263278095E2,-1.078252762E1,4.480931854E0,-3.110980682E0
1.263477085E2,-7.899073792E0,1.278341675E0,-5.050048370E0
1.263676075E2,-8.868757324E0,7.643106079E-1,-3.634591827E0
1.263875075E2,-1.110974716E1,5.388344879E0,-3.181334381E0
1.264074065E2,-1.005414230E1,6.461163940E0,-3.032244415E0
1.264273055E2,-8.767567749E0,2.908601532E0,-2.123783569E0
1.264472045E2,-9.373058624E0,2.435734863E0,-2.536325684E0
1.264671035E2,-9.552385712E0,3.978875885E0,-3.103496246E0
1.264870025E2,-8.799451447E0,3.297043762E0,-4.614903259E0
1.265069015E2,-9.924362183E0,3.799399109E0,-3.209326172E0
1.265268015E2,-9.338630219E0,5.059927826E0,-1.554217987E0
1.265467005E2,-5.697003021E0,2.093097382E0,-1.522334290E0
1.265665995E2,-5.242997131E0,1.982028351E0,-3.871399384E0
1.265864985E2,-1.041384430E1,7.140601044E0,-2.821632385E0
1.266063975E2,-1.417597092E1,1.111992599E1,-2.910996552E0
1.266262965E2,-1.166075134E1,6.406527557E0,-3.678899689E0
1.266461965E2,-8.520581360E0,2.207010498E0,-4.408033447E0
1.266660955E2,-7.300618286E0,1.399290161E0,-2.985840912E0
1.266859945E2,-7.217990112E0,3.777843933E0,-2.423610077E0
1.267058935E2,-6.849755859E0,6.907984772E0,-3.130889282E0
1.267257925E2,-8.142916718E0,8.069868622E0,-4.245022430E0
1.267456915E2,-9.583071899E0,6.592590637E0,-2.514022064E0
1.267655905E2,-8.330027618E0,4.433181152E0,-1.780846710E0
1.267854905E2,-7.120542755E0,4.322261810E0,-2.080373840E0
1.268053895E2,-7.297474823E0,6.739734650E0,-2.567910004E0
1.268252885E2,-7.771539001E0,8.579259338E0,-3.382216644E0
1.268451875E2,-8.371042328E0,8.249195709E0,-3.073558502E0
1.268650865E2,-8.300688629E0,4.795427856E0,-2.734663239E0
1.268849855E2,-7.003635864E0,4.645140381E0,-1.638792114E0
1.269048855E2,-4.056714020E0,7.477700043E0,-5.218148804E-1
1.269247845E2,-2.792143707E0,9.510772247E0,-1.027912445E0
1.269446835E2,-4.268972626E0,9.571994934E0,-3.748355255E0
1.269645825E2,-8.588989105E0,9.042396240E0,-1.920356598E0
1.269844815E2,-9.596543884E0,6.284531250E0,-1.334175568E0
1.270043805E2,-4.783901825E0,6.744075623E0,-1.573527832E0
1.270242805E2,-9.382489014E-1,8.487949219E0,-4.333488464E-1
1.270441795E2,-2.190544739E0,9.158255310E0,-2.115251312E0
1.270640785E2,-5.729036407E0,8.657097473E0,-3.966751099E-2
1.270839775E2,-5.143005066E0,8.298592987E0,1.352138214E0
1.271038765E2,-1.860780487E0,7.527696075E0,4.680766296E-1
1.271237755E2,4.082011414E-1,6.301446075E0,-1.841770020E0
1.271436745E2,-1.054856415E0,7.999963989E0,1.073268127E0
1.271635745E2,-2.101479950E0,8.709937592E0,4.427792358E0
1.271834735E2,-7.318281555E-1,6.422693939E0,1.345701599E0
1.272033725E2,8.907975769E-1,5.935157776E0,-1.469943237E-1
1.272232715E2,7.699987793E-1,8.151149597E0,1.390308838E0
1.272431710E2,-5.149741058E0,1.107037903E1,3.783532104E0
1.272630700E2,-8.068820801E0,9.620943146E0,-2.116149445E0
1.272829700E2,-3.989803162E0,8.975635071E0,1.596280518E0
1.273028690E2,3.790717163E0,7.769892426E0,9.946815491E-1
1.273227680E2,5.694907379E0,1.044947021E1,1.826801147E0
1.273426670E2,-1.321302338E0,1.165551224E1,5.666616211E0
1.273625660E2,-2.578837280E0,8.988508301E0,4.199966125E0
1.273824650E2,-1.195863190E0,9.927805023E0,1.210532684E0
1.274023640E2,-4.817581787E0,1.107142685E1,4.936734009E-1
1.274222640E2,-6.612798615E0,9.965825958E0,-8.023315430E-2
1.274421630E2,-5.396877136E0,8.428223419E0,3.038830719E0
1.274620620E2,-3.764072571E0,7.376660156E0,3.227288818E-1
1.274819610E2,2.781066742E0,7.898624725E0,2.388433228E0
1.275018600E2,4.962031403E0,9.367520142E0,3.960913239E0
1.275217590E2,1.040486298E0,1.113519424E1,3.599265289E0
1.275416590E2,1.466650085E0,1.141346558E1,2.640359344E0
1.275615580E2,-8.113128662E-1,8.908275146E0,2.617606659E0
1.275814570E2,-2.889141998E0,7.032226410E0,2.467468872E0
1.276013560E2,-3.569177856E0,6.632108459E0,1.672621765E0
1.276212550E2,-5.971232758E0,6.607709198E0,9.295669556E-2
1.276411540E2,-5.406157837E0,6.874604187E0,4.993615723E-1
1.276610530E2,-4.461472321E0,7.029232635E0,2.042951660E0
1.276809530E2,-3.208128662E0,7.315587158E0,2.816542969E0
1.277008520E2,1.137484589E0,1.017509079E1,1.306183777E0
1.277207510E2,6.105802917E-1,1.229363525E1,-6.096821594E-1
1.277406500E2,-4.434378662E0,8.084238739E0,1.078806610E0
1.277605490E2,-6.732250214E0,4.426894226E0,1.328936462E0
1.277804480E2,-4.002826080E0,5.417234802E0,1.440903625E0
1.278003480E2,-1.812431030E0,8.911268921E0,-2.032772827E-1
1.278202470E2,-4.682412872E0,8.289461975E0,-9.732760620E-1
1.278401460E2,-9.229207764E0,6.445296936E0,-4.375401306E-1
1.278600450E2,-7.076234894E0,6.934180298E0,-2.858306122E0
1.278799440E2,-3.860621796E0,1.023242157E1,-3.542533264E0
1.278998430E2,-5.383255463E0,1.005773483E1,-3.978127441E0
1.279197430E2,-8.853638763E0,7.371421051E0,-8.406518555E-1
1.279396420E2,-7.676786041E0,3.761976929E0,-1.159189453E0
1.279595410E2,-5.075794830E0,4.000131683E0,-3.924239502E0
1.279794400E2,-7.793692932E0,8.283324738E0,-2.912792816E0
1.279993390E2,-1.002435425E1,1.026655060E1,1.576222229E-1
1.280192380E2,-8.353379059E0,7.816295929E0,-1.502725067E0
1.280391380E2,-8.057444458E0,6.609655151E0,-2.325414276E0
1.280590370E2,-8.625064087E0,5.971532135E0,-4.910837860E0
1.280789360E2,-9.072633362E0,3.501668243E0,-6.293063507E0
1.280988350E2,-9.993668060E0,1.410516815E0,-5.404810638E0
1.281187340E2,-8.762927399E0,3.849993896E-1,-3.622467041E0
1.281386330E2,-5.299429779E0,2.424957275E0,-3.648662567E0
1.281585320E2,-7.321425018E0,8.766669617E0,-2.143991547E0
1.281784320E2,-1.122455841E1,8.782386932E0,-1.775757294E0
1.281983310E2,-1.121288269E1,3.253933411E0,-2.550995178E0
1.282182300E2,-9.244326324E0,3.439846802E-1,-5.818250885E0
1.282381293E2,-9.405391388E0,1.952090607E0,-3.857178955E0
1.282580283E2,-9.951306152E0,6.062692566E0,-2.126777344E0
1.282779273E2,-7.095844116E0,8.334518280E0,-2.833607483E-1
1.282978273E2,-6.879394226E0,3.749403076E0,-3.223097534E0
1.283177263E2,-1.013347733E1,1.466051331E0,-4.420906677E0
1.283376253E2,-1.389964554E1,2.401905212E0,-2.849175110E0
1.283575243E2,-9.908195801E0,4.123026123E0,-1.940863953E0
1.283774233E2,-6.927144928E0,5.185965729E0,-3.425776062E0
1.283973223E2,-8.521479492E0,4.440665588E0,-3.063229980E0
1.284172223E2,-1.161599442E1,3.874243469E0,-2.841990051E0
1.284371213E2,-1.013018417E1,3.225492554E0,-3.107088776E0
1.284570203E2,-7.586673431E0,2.301464081E0,-4.636009369E0
1.284769193E2,-8.502469025E0,3.640729065E0,-2.824027405E0
1.284968183E2,-8.984766083E0,4.594844971E0,-3.058140564E0
1.285167173E2,-8.240364075E0,3.815116425E0,-2.349813538E0
1.285366173E2,-7.788753204E0,2.835703125E0,-3.290158081E0
1.285565163E2,-9.476194153E0,5.070256348E0,-2.104024658E0
1.285764153E2,-1.036564453E1,6.568191376E0,-3.121009827E0
1.285963143E2,-9.290131073E0,4.911885681E0,-4.140539703E0
1.286162133E2,-9.339678040E0,4.762196960E0,-2.652484131E0
1.286361123E2,-9.297765198E0,6.139931946E0,-2.900368652E0
1.286560113E2,-7.741152191E0,5.805527344E0,-3.905977478E0
1.286759113E2,-8.177345123E0,5.348377991E0,-4.143982544E0
1.286958103E2,-8.432564392E0,5.962700500E0,-2.483485565E0
1.287157093E2,-6.697372742E0,6.075865173E0,-1.954335938E0
1.287356083E2,-5.890849915E0,6.422544250E0,-2.859653320E0
1.287555073E2,-6.812333679E0,7.909402313E0,-3.221001892E0
1.287754063E2,-7.255561981E0,8.617429962E0,-2.157164154E0
1.287953063E2,-6.727160797E0,6.717131653E0,-1.457369385E0
1.288152053E2,-6.438261566E0,5.431006165E0,-1.556762695E0
1.288351043E2,-5.538782043E0,7.322323151E0,-9.972262573E-1
1.288550033E2,-5.305567017E0,1.044497955E1,-1.929188232E0
1.288749023E2,-6.838529205E0,1.002704865E1,-2.258054352E0
1.288948013E2,-6.677314453E0,7.195087738E0,-1.085542603E0
1.289147013E2,-4.388424225E0,7.390581207E0,-1.429676971E0
1.289346003E2,-2.984942780E0,9.703870697E0,-7.485932922E-1
1.289544993E2,-2.259401550E0,1.030112869E1,-1.425785065E0
1.289743983E2,-2.581681366E0,8.397088165E0,-1.205592957E0
1.289942973E2,-3.868255920E0,6.567143555E0,-6.165678406E-1
1.290141963E2,-3.116668854E0,7.448211365E0,-1.026864624E-1
1.290340953E2,-1.958377533E0,9.603429565E0,5.727090454E-1
1.290539953E2,-2.202669525E0,7.431745605E0,1.042881317E0
1.290738943E2,-6.442602539E-1,4.520898743E0,1.348545685E0
1.290937933E2,2.901416473E0,4.814438324E0,2.149979095E0
1.291136923E2,4.856800232E0,6.432573395E0,9.999206543E-2
1.291335913E2,-2.056273956E0,9.852511597E0,2.962190094E0
1.291534903E2,-8.128546600E0,1.072040680E1,-1.109043732E0
1.291733903E2,-5.131778412E0,8.781638489E0,2.634521484E0
1.291932893E2,2.252216492E0,8.845256195E0,2.078577576E0
1.292131883E2,-4.423301697E-1,1.195728470E1,-2.222278748E0
1.292330867E2,-7.924221497E0,1.333741470E1,3.132685547E0
1.292529857E2,-6.437812500E0,1.071531738E1,3.025957489E0
1.292728847E2,-1.093326416E0,8.400830383E0,-3.937561798E0
1.292927837E2,2.819686432E0,8.593030701E0,8.358618164E-1
1.293126837E2,3.684587860E0,1.027643005E1,7.801925812E0
1.293325827E2,-2.750530243E0,9.630972290E0,3.629203033E0
1.293524817E2,-3.608995056E0,9.068142700E0,-3.320395203E0
1.293723807E2,4.935985565E0,1.103580093E1,1.672023010E0
1.293922797E2,1.181193695E0,1.081950073E1,6.258485413E0
1.294121787E2,-9.809700623E0,6.997947693E0,4.230951691E0
1.294320787E2,-5.087021484E0,6.579418030E0,-3.094065857E0
1.294519777E2,7.781867523E0,1.202883591E1,-2.154020691E-1
1.294718767E2,2.156116333E0,1.170401138E1,4.826862488E0
1.294917757E2,-7.347620544E0,8.499475250E0,7.090605011E0
1.295116747E2,-5.429209900E-1,7.383246460E0,6.530918884E-1
1.295315737E2,4.346661072E0,8.980275421E0,-1.855691071E0
1.295514737E2,-1.734293518E0,8.957971802E0,5.462141418E-1
1.295713727E2,-6.561305695E0,8.293653259E0,1.621577911E0
1.295912717E2,-6.309229889E0,7.721692657E0,-3.888912964E-1
1.296111707E2,-4.537963257E0,5.838608551E0,-1.089284821E0
1.296310697E2,-3.380420380E0,4.740941162E0,-1.182391205E0
1.296509687E2,-1.241667938E0,6.806346130E0,-3.135978699E-1
1.296708687E2,-1.297352142E0,1.265228943E1,2.854563904E0
1.296907677E2,-2.880460052E0,1.265184036E1,2.861150208E0
1.297106667E2,-7.740403748E-1,6.746770020E0,1.496587830E0
1.297305657E2,-2.356399841E0,4.581672363E0,-1.507664795E0
1.297504647E2,-5.577551422E0,7.636370087E0,9.259744263E-1
1.297703637E2,-5.592969360E0,9.566606140E0,2.179467773E-1
1.297902637E2,-3.913611603E0,8.399333496E0,-4.503834229E0
1.298101627E2,-8.049211578E0,6.975793762E0,-1.482966156E0
1.298300617E2,-7.943082275E0,6.244264984E0,2.100132751E-1
1.298499607E2,-1.530866547E0,6.628066864E0,1.033899994E0
1.298698597E2,-8.141569519E-1,1.030008087E1,-4.237388306E0
1.298897587E2,-9.766141205E0,1.029708710E1,-1.024170227E0
1.299096577E2,-1.056248520E1,4.748425598E0,-1.272803192E0
1.299295577E2,-5.312303009E0,2.681673431E0,-1.359622650E0
1.299494567E2,-5.983956299E0,6.484066315E0,-3.664230194E0
1.299693557E2,-1.018586838E1,7.793992310E0,-2.808908844E0
1.299892547E2,-1.000369720E1,5.078938293E0,-2.718496857E0
1.300091537E2,-6.398144989E0,4.649631042E0,-4.973856812E0
1.300290527E2,-8.772058411E0,6.923552399E0,-3.744912415E0
1.300489527E2,-9.071735229E0,5.059179382E0,-2.327509918E0
1.300688517E2,-5.540877686E0,3.239862671E0,-3.710334320E0
1.300887507E2,-6.983278198E0,4.684957581E0,-5.644761658E0
1.301086497E2,-1.296349228E1,4.310885468E0,-3.532803497E0
1.301285487E2,-1.092158844E1,4.183051300E0,-2.855162659E0
1.301484477E2,-7.384893036E0,5.546715546E0,-3.299438782E0
1.301683477E2,-8.467292175E0,5.209915924E0,-4.072880402E0
1.301882467E2,-1.194501022E1,3.755690002E0,-1.932631073E0
1.302081457E2,-9.836345215E0,2.095642090E0,-1.718127136E0
1.302280447E2,-6.680158539E0,3.695814514E0,-3.522025909E0
1.302479444E2,-9.924062805E0,3.898642731E0,-5.134472809E0
1.302678434E2,-1.277817764E1,1.510508881E0,-3.049159241E0
1.302877434E2,-9.456285553E0,-5.480104065E-1,-2.597099304E0
1.303076424E2,-7.462431793E0,1.673819275E0,-4.957690430E0
1.303275414E2,-1.200892731E1,3.195554810E0,-3.975133667E0
1.303474404E2,-1.179696808E1,1.605860596E0,-2.602937164E0
1.303673394E2,-8.003406830E0,9.440867615E-1,-1.205742645E0
1.303872384E2,-8.322094116E0,2.846929779E0,-2.968177643E0
1.304071374E2,-1.094329330E1,4.070485382E0,-4.017196198E0
1.304270374E2,-1.256741592E1,3.779789886E0,-2.107168121E0
1.304469364E2,-8.153095551E0,2.567161560E0,-1.997296600E0
1.304668354E2,-6.941365356E0,1.672322388E0,-2.579136658E0
1.304867344E2,-7.843539276E0,3.305276642E0,-3.904181213E0
1.305066334E2,-1.159024796E1,4.992118835E0,-2.234702911E0
1.305265324E2,-1.086291046E1,2.971620483E0,-2.733316040E0
1.305464324E2,-8.536148987E0,1.229393463E0,-1.790426788E0
1.305663314E2,-7.504943390E0,2.750829620E0,-3.056044922E0
1.305862304E2,-9.940528564E0,5.011129303E0,-3.171005859E0
1.306061294E2,-1.130808472E1,4.063899078E0,-3.837719421E0
1.306260284E2,-9.391320648E0,1.550026703E0,-3.934268646E0
1.306459274E2,-7.743247833E0,1.495689697E0,-3.122656403E0
1.306658274E2,-7.890242157E0,4.826862488E0,-3.310515747E0
1.306857264E2,-9.445058899E0,7.388186188E0,-3.221151581E0
1.307056254E2,-9.323511658E0,4.744683380E0,-3.521576843E0
1.307255244E2,-9.217831421E0,3.142565002E0,-3.314557343E0
1.307454234E2,-8.911418610E0,3.907474365E0,-2.563119965E0
1.307653224E2,-6.953939209E0,5.022505646E0,-2.295326843E0
1.307852224E2,-7.366032257E0,6.946155396E0,-2.625091095E0
1.308051214E2,-9.178313599E0,6.044580231E0,-8.547225952E-1
1.308250204E2,-7.990533600E0,3.779789886E0,-1.070274353E0
1.308449194E2,-4.903503113E0,4.288432159E0,-1.782493286E0
1.308648184E2,-4.758903809E0,8.647218018E0,-1.619931335E0
1.308847174E2,-7.691006470E0,1.093071945E1,-3.062780914E0
1.309046174E2,-1.008557693E1,6.276148682E0,-2.212698669E0
1.309245164E2,-8.259973297E0,3.528761902E0,-3.894002380E0
1.309444154E2,-5.877377930E0,5.127886505E0,-3.211421814E0
1.309643144E2,-5.514382782E0,8.473728790E0,-1.913919983E0
1.309842134E2,-6.685697021E0,9.479187927E0,-2.165995789E0
1.310041124E2,-5.125940552E0,6.840325470E0,-2.514022064E0
1.310240124E2,-4.547992401E0,4.921016693E0,-2.508782959E0
1.310439114E2,-6.913972321E0,6.843019867E0,-6.973997498E-1
1.310638104E2,-6.557862854E0,1.060918808E1,-1.151255951E0
1.310837094E2,-4.200115814E0,9.132957916E0,-2.577639771E0
1.311036084E2,-4.782105560E0,5.340893555E0,-7.316784668E-1
1.311235074E2,-7.080426178E0,6.820566559E0,-2.959346008E-1
1.311434064E2,-4.756658478E0,1.140104141E1,1.413061523E0
1.311633064E2,2.064207458E-1,1.021490799E1,1.103804626E0
1.311832054E2,7.104226685E-1,6.569987640E0,6.104306030E-1
1.312031044E2,-2.639161835E0,6.386918335E0,8.930429077E-1
1.312230034E2,-2.684068451E0,8.944948883E0,-1.685494995E-1
1.312429022E2,-1.239272919E0,1.046129562E1,1.162183228E0
1.312628012E2,-2.019899597E0,9.509425049E0,1.257385254E0
1.312827012E2,-3.315455475E0,7.606132965E0,4.378395081E-1
1.313026002E2,-4.988077240E0,7.337441711E0,-4.432283020E-1
1.313224992E2,-3.405268707E0,8.112080841E0,6.608757019E-1
1.313423982E2,-9.457333374E-1,9.105714569E0,6.801855469E-1
1.313622972E2,-7.331753540E-1,9.755962372E0,1.853445740E0
1.313821962E2,-3.465593262E0,9.970166931E0,3.062182159E0
1.314020962E2,1.567240906E0,9.593699799E0,1.942510529E0
1.314219952E2,4.264481964E0,8.022716675E0,-3.133134613E0
1.314418942E2,-1.044228516E0,8.284522247E0,-2.030078430E0
1.314617932E2,-8.678353271E0,9.321565704E0,-2.090702362E0
1.314816922E2,-1.056547897E1,9.900561676E0,3.747307434E0
1.315015912E2,-1.827100525E0,1.025188110E1,4.307592316E0
1.315214912E2,4.217030640E0,1.010623398E1,1.286424866E0
1.315413902E2,4.959935760E0,9.927206268E0,3.442840576E-1
1.315612892E2,3.423081665E0,9.533375244E0,1.836381226E0
1.315811882E2,3.303630066E-1,9.783954163E0,3.785028992E0
1.316010872E2,-5.529950409E0,8.918304291E0,2.273172913E0
1.316209862E2,-8.523874512E0,8.411009216E0,9.833052063E-1
1.316408862E2,-4.594844971E0,8.966354370E0,7.065307617E-1
1.316607852E2,7.973918152E-1,9.564809875E0,2.627935181E0
1.316806842E2,-6.137237549E-2,9.119186554E0,3.108885040E0
1.317005832E2,-1.108744354E0,9.718989258E0,3.265609131E0
1.317204822E2,2.249821472E-1,1.012479538E1,3.355422363E0
1.317403812E2,-2.481838989E-1,9.526639252E0,3.468886414E0
1.317602802E2,-3.243006134E0,8.487051086E0,2.359692993E0
1.317801802E2,-4.910538483E0,7.854316864E0,1.178050232E0
1.318000792E2,-3.665427704E0,7.602839813E0,6.658154297E-1
1.318199782E2,-2.551144867E0,8.914113007E0,2.190844116E0
1.318398772E2,-2.067051544E0,9.456884308E0,1.651964722E0
1.318597762E2,-2.655777283E0,8.108188934E0,3.345393219E0
1.318796752E2,-1.904938660E0,8.193960571E0,1.723066864E0
1.318995752E2,-1.738933868E0,9.576784973E0,1.708097992E0
1.319194742E2,-2.030976563E0,8.950786743E0,1.796264648E-2
1.319393732E2,-3.869603119E0,7.218588867E0,-2.174977112E-1
1.319592722E2,-6.113886108E0,6.907984772E0,7.108717346E-1
1.319791712E2,-5.150040436E0,7.317084045E0,1.382075958E0
1.319990702E2,-1.476978607E0,7.458839264E0,1.790127411E0
1.320189702E2,-5.888754272E-1,7.884853363E0,9.520202637E-2
1.320388692E2,-5.844895477E0,8.419691162E0,4.978646851E-1
1.320587682E2,-7.683522034E0,8.667425995E0,3.459306335E-1
1.320786672E2,-4.035907288E0,7.722291412E0,-6.222560120E-1
1.320985662E2,-2.158511353E0,6.874454498E0,-3.588487701E0
1.321184652E2,-6.903344421E0,7.231761475E0,2.121089172E-1
1.321383652E2,-8.387208710E0,7.824528809E0,-1.199605408E0
1.321582642E2,-5.328020325E0,8.065078583E0,1.445693665E0
1.321781632E2,-3.590882721E0,8.893006897E0,-3.966302032E0
1.321980622E2,-7.921676788E0,7.658374329E0,-1.991608429E0
1.322179612E2,-9.897567902E0,4.730762329E0,-2.658621368E0
1.322378607E2,-6.688241730E0,4.375251617E0,-2.508333893E0
1.322577607E2,-5.193150787E0,7.274572449E0,-4.413871307E0
1.322776597E2,-6.002068634E0,7.875273285E0,-1.670077057E0
1.322975587E2,-7.319628754E0,4.583618317E0,-3.063828735E0
1.323174577E2,-9.162147217E0,4.774022369E0,-2.559078369E0
1.323373567E2,-9.350605316E0,6.804549866E0,-3.437002716E0
1.323572557E2,-9.139394531E0,6.266119537E0,-1.714384918E0
1.323771557E2,-9.841883698E0,4.019591217E0,-2.003433838E0
1.323970547E2,-1.021610550E1,5.848937073E0,-2.154619446E0
1.324169537E2,-1.012659164E1,7.613318024E0,-3.036435699E0
1.324368527E2,-7.890840912E0,3.626059570E0,-3.220552826E0
1.324567517E2,-8.590635681E0,8.833131409E-1,-4.678221588E0
1.324766507E2,-1.035337006E1,3.036435699E0,-3.323538666E0
1.324965507E2,-8.603059845E0,7.082072754E0,-1.720522156E0
1.325164497E2,-7.174580383E0,4.458927612E0,-2.531835022E0
1.325363487E2,-9.901609497E0,1.221459961E0,-4.206402740E0
1.325562477E2,-1.227178070E1,1.897005157E0,-4.784500580E0
1.325761467E2,-1.172826096E1,3.594774628E0,-3.157533875E0
1.325960457E2,-9.324260101E0,3.732787628E0,-2.905308380E0
1.326159447E2,-8.321345673E0,2.317929840E0,-2.620750122E0
1.326358447E2,-9.653425598E0,2.216889954E0,-3.964805145E0
1.326557437E2,-1.090212891E1,1.204545135E0,-4.451293488E0
1.326756427E2,-9.227112122E0,1.852996674E0,-3.408262482E0
1.326955417E2,-8.407566376E0,2.896027679E0,-2.861748962E0
1.327154407E2,-8.913214874E0,2.454895020E0,-2.915786591E0
1.327353397E2,-1.040097107E1,3.765120392E0,-2.335443420E0
1.327552397E2,-1.048629364E1,5.903274078E0,-1.391206970E0
1.327751387E2,-9.116641846E0,4.358486481E0,-3.149151306E0
1.327950377E2,-8.779393158E0,2.023641815E0,-2.839445343E0
1.328149367E2,-9.054670715E0,2.506986694E0,-2.716550903E0
1.328348357E2,-9.003028107E0,4.727618866E0,-3.203338623E0
1.328547357E2,-9.323511658E0,5.623655548E0,-2.877765656E0
1.328746347E2,-8.815767517E0,5.254523163E0,-2.085014191E0
1.328945337E2,-8.882977753E0,4.826712799E0,-2.227667542E0
1.329144327E2,-8.951235809E0,4.939877472E0,-1.182241516E0
1.329343317E2,-7.800428925E0,5.535488892E0,-8.177494812E-1
1.329542307E2,-7.242239685E0,6.195616150E0,-2.686313782E0
1.329741307E2,-9.478439484E0,6.686295776E0,-1.317260742E0
1.329940297E2,-8.670569458E0,4.558919678E0,-7.667056274E-1
1.330139287E2,-6.384673004E0,3.107537842E0,-3.231779480E0
1.330338277E2,-8.464148712E0,4.254752197E0,-2.608924713E0
1.330537267E2,-9.454189911E0,7.092251587E0,-1.594633942E0
1.330736257E2,-6.651118927E0,7.607180786E0,-2.236648865E0
1.330935257E2,-5.702242126E0,5.613626404E0,-2.947370911E0
1.331134247E2,-7.985743561E0,4.639302521E0,-2.820434875E0
1.331333237E2,-1.001013382E1,6.086792450E0,-6.165678406E-1
1.331532227E2,-6.361471252E0,6.911876678E0,-1.654958496E0
1.331731217E2,-4.033811646E0,7.556885376E0,-2.784210205E0
1.331930207E2,-5.809568939E0,7.800877991E0,-6.664141846E-1
1.332129207E2,-8.778195648E0,8.184081116E0,2.061213684E-1
1.332328197E2,-5.822591858E0,8.252937927E0,-2.651735687E0
1.332527183E2,-4.477638702E0,8.022417297E0,-2.795885925E0
1.332726173E2,-6.336173859E0,6.246360626E0,-1.635798340E0
1.332925163E2,-7.356751556E0,5.811215515E0,-2.336640930E-1
1.333124153E2,-3.498524780E0,9.283544769E0,-1.554217987E0
1.333323153E2,-2.776576080E0,1.226863724E1,-1.291364594E0
1.333522143E2,-5.582940216E0,9.484127655E0,8.196954346E-1
1.333721133E2,-4.855752411E0,6.338868256E0,3.248245239E-1
1.333920123E2,-2.736309814E0,5.988147583E0,-1.863624573E-1
1.334119113E2,-1.660197601E0,8.769364014E0,1.369651794E-1
1.334318103E2,-2.774929504E0,1.179038177E1,9.680369568E-1
1.334517093E2,-3.914360046E0,9.707163849E0,7.668553162E-1
1.334716093E2,-2.265838165E0,6.727909241E0,1.091230774E-1
1.334915083E2,-1.890867920E0,5.912255402E0,1.350791016E0
1.335114073E2,-1.350341949E0,7.555987244E0,2.334694977E0
1.335313063E2,-5.620811462E-1,9.518556061E0,2.648442535E0
1.335512053E2,-7.304809570E-1,8.619375916E0,7.813751221E-1
1.335711043E2,-1.090182953E0,8.018675079E0,1.851799164E0
1.335910043E2,-3.222798157E-1,8.108638000E0,3.264261932E0
1.336109033E2,1.099313965E0,8.985364838E0,1.853894806E0
1.336308023E2,1.969903564E-1,1.105900269E1,1.653760986E0
1.336507013E2,-3.115022278E0,1.034393967E1,3.399730225E0
1.336706003E2,-4.060156860E0,8.651708679E0,-2.602488098E0
1.336904993E2,-4.938230896E-1,1.007599686E1,2.630180511E0
1.337103993E2,1.206491089E0,9.924511871E0,6.734794922E0
1.337302983E2,-2.687660980E0,9.517059174E0,1.916315002E0
1.337501973E2,6.966513062E-1,8.749904480E0,1.933978271E-1
1.337700963E2,5.811065826E0,9.483379211E0,7.147636414E-1
1.337899953E2,1.251397705E0,1.172990753E1,4.379592590E0
1.338098943E2,-6.856342163E0,1.100346817E1,1.163680115E0
1.338297943E2,-6.373745728E0,6.959777069E0,-6.915618896E-1
1.338496933E2,-3.516487427E0,6.360722809E0,6.411167908E-1
1.338695923E2,-2.460882568E0,9.778116302E0,1.580263824E0
1.338894913E2,1.776954803E0,1.015682877E1,2.639910278E0
1.339093903E2,3.355272675E0,9.774673462E0,3.106939087E0
1.339292893E2,1.059796143E0,9.594747620E0,2.731370087E0
1.339491893E2,-2.291135559E0,8.397237854E0,2.136956177E0
1.339690883E2,-2.560275879E0,6.305487671E0,1.895508270E0
1.339889873E2,-1.818717957E0,6.750811615E0,2.144590302E0
1.340088863E2,-3.042572937E0,9.789492645E0,2.896476746E-1
1.340287853E2,-5.565426636E0,1.125763962E1,2.083068237E0
1.340486843E2,-2.352957001E0,9.401200104E0,1.903741150E0
1.340685843E2,1.923500061E-1,8.358318787E0,5.095404053E-1
1.340884833E2,-9.132508850E-1,7.823930054E0,-5.077441406E-1
1.341083823E2,-3.254083099E0,8.077652435E0,2.796784058E0
1.341282813E2,-4.176165619E0,9.281598816E0,2.529140625E0
1.341481803E2,-2.841990051E0,9.666149139E0,-2.560275879E0
1.341680793E2,-4.493505707E0,1.034798126E1,-1.606159973E-1
1.341879793E2,-6.904242554E0,8.959019623E0,4.343966675E-1
1.342078783E2,-5.345533905E0,5.570965118E0,-1.476529541E0
1.342277773E2,-4.012256470E0,3.172053680E0,-1.410067749E0
1.342476755E2,-4.508923645E0,3.995042267E0,-9.083111572E-1
1.342675745E2,-3.797602844E0,7.628885651E0,1.687440948E0
1.342874735E2,-3.559148712E0,1.099254089E1,-1.431622925E0
1.343073735E2,-6.958429871E0,1.068942123E1,-2.938988342E0
1.343272725E2,-1.016940262E1,6.563700714E0,-5.026547241E-1
1.343471715E2,-8.266709290E0,4.046235809E0,-5.548960876E-1
1.343670705E2,-5.139711914E0,6.701114960E0,-1.601968689E0
1.343869695E2,-5.621110840E0,7.900121613E0,-2.591710510E0
1.344068685E2,-8.742270355E0,6.724167023E0,-1.753902740E0
1.344267685E2,-1.028136978E1,6.005810852E0,-1.494043121E0
1.344466675E2,-8.062084808E0,5.489534454E0,-4.594096527E0
1.344665665E2,-8.082442474E0,3.856280823E0,-4.426445160E0
1.344864655E2,-8.661737823E0,2.688409424E0,-3.206482086E0
1.345063645E2,-6.484216003E0,4.336781616E0,-1.837578735E0
1.345262635E2,-5.974974976E0,6.411467285E0,-4.307742004E0
1.345461635E2,-1.047641418E1,5.256020050E0,-1.909878387E0
1.345660625E2,-1.151734955E1,3.986060944E0,-1.164428558E0
1.345859615E2,-9.819729767E0,6.737639008E0,-2.627186737E0
1.346058605E2,-1.006282425E1,5.987848206E0,-2.179018707E0
1.346257595E2,-9.562863922E0,2.299218750E0,-1.722617798E0
1.346456585E2,-8.506809998E0,2.951711884E0,-2.624642029E0
1.346655585E2,-1.042028091E1,5.576054535E0,-3.270099792E0
1.346854575E2,-1.163725021E1,2.093845825E0,-4.434378662E0
1.347053565E2,-1.086740112E1,5.418731689E-2,-2.887046356E0
1.347252555E2,-8.813372498E0,2.428400116E0,-3.774700470E0
1.347451545E2,-9.310488739E0,4.987179108E0,-2.828368378E0
1.347650545E2,-1.034768188E1,3.932173004E0,-2.429447937E0
1.347849535E2,-9.600585480E0,3.097957764E0,-2.854114838E0
1.348048525E2,-9.292226715E0,1.741328888E0,-3.891906738E0
1.348247515E2,-9.381890259E0,1.394649811E0,-3.845353546E0
1.348446505E2,-1.068537964E1,2.894381104E0,-2.465522919E0
1.348645495E2,-9.977351990E0,4.962929535E0,-1.027313690E0
1.348844495E2,-7.740852814E0,3.808679810E0,-9.627978516E-1
1.349043485E2,-8.423583069E0,1.845961304E0,-3.420986023E0
1.349242475E2,-1.103175934E1,1.360520782E0,-6.542893982E0
1.349441465E2,-1.200234100E1,9.228309631E-1,-7.057224426E0
1.349640455E2,-9.675729218E0,2.575993195E0,-1.822460175E0
1.349839445E2,-6.208040314E0,5.138514404E0,-1.116677856E-1
1.350038445E2,-6.761738892E0,5.690267029E0,-1.683998108E-1
1.350237435E2,-9.267378387E0,5.837860107E0,-1.003064117E0
1.350436425E2,-1.064511337E1,6.328839111E0,-2.462828522E0
1.350635415E2,-9.921667786E0,3.782184906E0,-1.685345306E0
1.350834405E2,-8.217312012E0,2.145189056E0,-2.268981628E0
1.351033395E2,-8.454418945E0,3.008144531E0,-1.994003448E0
1.351232395E2,-7.571854248E0,4.616549835E0,-2.342029724E0
1.351431385E2,-9.082363129E0,5.775439911E0,-3.800596619E0
1.351630375E2,-1.056248520E1,5.780379639E0,-2.499651947E0
1.351829365E2,-7.697892151E0,5.419180756E0,-9.422904968E-1
1.352028355E2,-4.579277344E0,4.224066010E0,-2.230811005E0
1.352227345E2,-6.818770294E0,4.604574738E0,-2.353106689E0
1.352426355E2,-1.000010468E1,6.911577301E0,-1.542242889E0
1.352625345E2,-8.376281433E0,8.551566925E0,-1.826052704E0
1.352824335E2,-5.258415070E0,7.270381165E0,-2.835254059E0
1.353023325E2,-5.841752014E0,6.526727600E0,-9.931846619E-1
1.353222315E2,-6.941964111E0,7.198979645E0,-5.149291992E-1
1.353421305E2,-6.248306580E0,7.711962891E0,-2.078278198E0
1.353620305E2,-6.531068573E0,7.503895569E0,-2.862946472E0
1.353819295E2,-7.261848907E0,8.194709015E0,-5.635780334E-1
1.354018285E2,-6.244863739E0,7.761509857E0,-7.487429810E-1
1.354217275E2,-4.242328033E0,6.445596313E0,-2.419867859E0
1.354416265E2,-5.348228302E0,7.245532837E0,-3.534001007E0
1.354615255E2,-7.685168610E0,8.840017090E0,-2.598596191E0
1.354814255E2,-6.809938660E0,7.348518677E0,-1.038839722E-1
1.355013245E2,-3.531755676E0,6.237978058E0,-4.085005188E-1
1.355212235E2,-3.089874573E0,8.223299561E0,-7.643106079E-1
1.355411225E2,-5.001848602E0,1.173559570E1,6.327342224E-1
1.355610215E2,-5.240302734E0,1.069930069E1,-1.140927429E0
1.355809215E2,-6.340814209E0,7.164102173E0,-4.593946838E-1
1.356008205E2,-5.435047760E0,6.456373901E0,-8.907975769E-1
1.356207195E2,-3.903283081E0,7.690407715E0,-1.605561218E0
1.356406185E2,-2.251917114E0,8.782087555E0,-2.326013031E0
1.356605175E2,-4.634213104E0,8.991951141E0,7.140151978E-1
1.356804165E2,-3.840114441E0,9.476343842E0,2.229763184E0
1.357003155E2,-1.900597687E0,8.342751160E0,1.057401123E0
1.357202155E2,-1.830393677E0,6.676116943E0,-1.184636536E0
1.357401145E2,-1.164129181E0,7.924520874E0,2.124082947E-1
1.357600135E2,-1.587897949E0,1.181478104E1,2.579735413E0
1.357799125E2,-1.301842804E0,1.065184937E1,3.987408142E0
1.357998115E2,2.073188782E-1,7.084767151E0,2.898422699E0
1.358197115E2,4.758903809E0,4.380191345E0,1.950144653E0
1.358396105E2,1.143112885E1,3.245550842E0,3.794609070E-1
1.358595095E2,8.591833191E0,8.558302917E0,3.391347656E0
1.358794085E2,-5.616620178E0,1.226519440E1,3.499273224E0
1.358993075E2,-1.383662659E1,1.472832230E1,-2.189796295E0
1.359192065E2,-1.455887466E1,1.867516479E1,-9.204359436E-1
1.359391065E2,-7.265890503E0,7.715555420E0,3.668271790E0
1.359590055E2,3.203787689E0,3.446133728E0,1.186582489E0
1.359789045E2,1.439795929E1,8.792565765E0,4.586612091E0
1.359988035E2,1.049976562E1,9.526489563E0,1.284179535E0
1.360187025E2,1.412013702E0,1.013317795E1,3.383563843E0
1.360386015E2,-2.329455872E0,1.162871796E1,4.241579590E0
1.360585015E2,-2.713557129E0,1.104283630E1,5.855373688E0
1.360784005E2,-4.006568298E0,8.709039459E0,-6.420149231E-1
1.360982995E2,-1.178648987E0,7.444169769E0,2.174977112E-1
1.361181985E2,4.064048767E0,9.301208038E0,2.800975342E0
1.361380975E2,2.422412567E0,1.229243774E1,3.860771484E0
1.361579965E2,-2.716999969E0,9.368268585E0,1.365460510E0
1.361778965E2,-1.067579956E0,9.087751923E0,1.867217102E0
1.361977955E2,1.788031769E0,1.096889008E1,2.967878265E0
1.362176945E2,-2.280507660E0,9.901310120E0,2.810256042E0
1.362375935E2,-5.833519135E0,7.065906372E0,-1.675016785E-1
1.362574925E2,-3.269351349E0,7.458090820E0,5.885760498E-1
1.362773915E2,7.102729797E-1,9.672735443E0,4.268373871E0
1.362972915E2,3.743714905E-1,8.544232178E0,2.098037109E0
1.363171905E2,1.623972931E0,7.607031097E0,2.085912323E0
1.363370895E2,3.611390076E0,1.084539688E1,4.106710052E0
1.363569885E2,9.147477722E-1,1.206266556E1,4.140988770E0
1.363768875E2,-2.065854034E0,9.436077576E0,1.809586945E0
1.363967865E2,-2.642454987E0,6.750661926E0,1.339414673E0
1.364166865E2,-1.375190277E0,5.725443878E0,3.068469086E0
1.364365855E2,-2.333347778E0,7.518115997E0,8.903485107E-1
1.364564845E2,-5.129832458E0,9.114695892E0,-2.161505127E-1
1.364763835E2,-7.237898712E0,8.727151794E0,1.121168518E0
1.364962825E2,-3.970193939E0,6.800508270E0,1.558109894E0
1.365161815E2,4.261637878E-1,8.064928894E0,4.775070190E-2
1.365360815E2,-1.007554779E0,9.813891907E0,-8.029302979E-1
1.365559805E2,-5.903124390E0,8.163873138E0,-1.097218323E-1
1.365758795E2,-7.904911652E0,5.946683807E0,-1.333726501E0
1.365957785E2,-5.966293030E0,6.195017395E0,6.592291260E-1
1.366156775E2,-4.049379272E0,8.523575134E0,-3.308120728E-1
1.366355775E2,-3.167113953E0,8.656498718E0,-7.990383911E-1
1.366554765E2,-5.673352203E0,6.534062347E0,-1.130898285E0
1.366753755E2,-8.324040070E0,7.235803070E0,-3.112028503E-1
1.366952745E2,-7.618557129E0,9.664502563E0,-1.752256165E0
1.367151735E2,-4.672084351E0,9.335187378E0,-1.941911774E0
1.367350725E2,-4.939278717E0,6.298452301E0,-2.849624176E0
1.367549725E2,-7.888296204E0,5.514831848E0,-3.870201874E0
1.367748715E2,-1.150627258E1,7.796537018E0,-2.269430695E0
1.367947705E2,-7.893834686E0,6.156996460E0,-1.557810516E0
1.368146695E2,-3.771856384E0,4.182302856E0,-2.732268219E0
1.368345685E2,-5.824088745E0,4.265230408E0,-2.991828461E0
1.368544675E2,-9.815987549E0,8.015980682E0,-1.239871674E0
1.368743675E2,-9.526040497E0,7.657925262E0,-1.943408661E0
1.368942665E2,-7.058122559E0,4.743785248E0,-2.207160187E0
1.369141655E2,-7.515571289E0,3.362308044E0,-2.042951660E0
1.369340645E2,-9.451196136E0,4.517455902E0,-1.661993866E0
1.369539635E2,-9.128018188E0,5.289101257E0,-3.193159790E0
1.369738625E2,-1.049632278E1,5.166805573E0,-4.354744263E0
1.369937625E2,-1.207209595E1,7.154372406E0,-1.099164276E0
1.370136615E2,-8.836723938E0,8.403973846E0,-1.895957336E0
1.370335605E2,-8.252189484E0,5.470973053E0,-2.289938049E0
1.370534595E2,-1.120494919E1,2.825075226E0,-2.841990051E0
1.370733585E2,-1.086261108E1,3.438948669E0,-3.175945587E0
1.370932575E2,-8.070916443E0,4.314328308E0,-4.307891693E0
1.371131575E2,-8.577762451E0,3.106639709E0,-3.792962494E0
1.371330565E2,-9.169481964E0,2.350861359E0,-1.874851227E0
1.371529555E2,-7.598798218E0,2.996618500E0,-3.649261322E0
1.371728545E2,-9.516011353E0,6.354585571E0,-3.601510620E-1
1.371927535E2,-9.390721893E0,6.368356934E0,-5.658233643E-1
1.372126535E2,-9.980495453E0,4.370012512E0,-1.812880096E0
1.372325525E2,-1.037911652E1,3.144211578E0,-3.750899963E0
1.372524510E2,-9.815538483E0,3.435356140E0,-3.087778931E0
1.372723500E2,-8.368198242E0,4.629273376E0,-2.741249542E0
1.372922490E2,-7.377109222E0,5.084476776E0,-2.323618011E0
1.373121480E2,-7.838449860E0,4.635260925E0,-2.883453827E0
1.373320480E2,-9.498497772E0,5.824837189E0,-2.382445679E0
1.373519470E2,-9.870773621E0,7.952961731E0,-2.928659821E0
1.373718460E2,-9.150621185E0,7.088808746E0,-2.562521210E0
1.373917450E2,-8.201145630E0,4.913083191E0,-2.681673431E0
1.374116440E2,-8.391399994E0,3.928730164E0,-2.561772766E0
1.374315430E2,-7.584278412E0,3.795357513E0,-2.222877502E0
1.374514430E2,-6.088738403E0,4.825215912E0,-1.042432251E0
1.374713420E2,-4.453239441E0,6.708449707E0,-5.415737915E-1
1.374912410E2,-6.118227081E0,7.564070435E0,-1.608554993E0
1.375111400E2,-9.441466370E0,6.491251373E0,-3.932322693E-1
1.375310390E2,-9.145531769E0,6.211183777E0,-8.961863708E-1
1.375509390E2,-6.990612946E0,7.339986420E0,-2.620899811E0
1.375708380E2,-7.621251526E0,7.551496582E0,-2.959495697E0
1.375907370E2,-8.751850433E0,5.811814270E0,-2.085762634E0
1.376106360E2,-7.073989563E0,6.340963898E0,-1.495390320E0
1.376305350E2,-4.331991577E0,8.283474426E0,-2.392474823E0
1.376504340E2,-3.717070312E0,8.796757050E0,-1.468146973E0
1.376703340E2,-6.368057556E0,6.081253967E0,-8.408015442E-1
1.376902330E2,-7.269033966E0,6.445746002E0,-9.939331055E-2
1.377101320E2,-5.202281799E0,1.007569748E1,-1.218017120E0
1.377300310E2,-4.062851257E0,1.012404694E1,-2.866539001E0
1.377499300E2,-6.123017120E0,6.167774048E0,-1.174457703E0
1.377698290E2,-7.402855682E0,4.075874176E0,-1.164727936E0
1.377897290E2,-4.712051239E0,7.397466888E0,-4.709207153E-1
1.378096280E2,-2.193388824E0,1.229752716E1,-1.283730469E0
1.378295270E2,-3.261118469E0,1.091500214E1,9.789642334E-2
1.378494260E2,-5.204976196E0,6.767726440E0,4.203259277E-1
1.378693250E2,-4.450095978E0,6.924749908E0,7.400610352E-1
1.378892240E2,-8.008346558E-1,1.141630966E1,1.155746613E0
1.379091240E2,7.349716187E-2,1.235366043E1,1.901046753E-1
1.379290230E2,-2.792592773E0,7.710016937E0,1.338217163E-1
1.379489220E2,-3.888164520E0,5.940845947E0,6.032455444E-2
1.379688210E2,-1.680405579E0,7.500303040E0,1.023721161E0
1.379887200E2,1.673519897E-1,1.021296204E1,2.818339233E0
1.380086200E2,-5.060975647E-1,1.023481659E1,3.222798157E0
1.380285190E2,-4.381388855E-1,7.928861847E0,1.339414673E0
1.380484180E2,1.026864624E0,7.749983826E0,1.709145813E0
1.380683170E2,2.440075836E0,8.415649567E0,3.130440216E0
1.380882160E2,2.797083435E0,8.230484619E0,3.508553925E0
1.381081150E2,2.059567108E0,7.929909668E0,1.983525238E0
1.381280150E2,7.905061340E-1,8.110883331E0,1.392105103E-1
1.381479140E2,-2.892135773E0,9.966873779E0,1.524579620E0
1.381678130E2,-4.650828552E0,1.189067322E1,3.259471893E0
1.381877120E2,-4.252955933E0,1.128069168E1,-1.874102783E-1
1.382076110E2,-2.550246735E0,1.226594284E1,5.463638306E-2
1.382275100E2,-2.248324585E-1,9.409882050E0,2.657872925E0
1.382474103E2,1.876797180E0,8.859027557E0,3.635040894E0
1.382673093E2,3.936364288E0,8.824150085E0,4.378694458E0
1.382872083E2,1.375789032E0,9.221873016E0,4.395459595E0
1.383071073E2,1.646276550E0,9.588760071E0,1.632505188E0
1.383270063E2,2.168241119E0,9.053473206E0,1.393152924E0
1.383469063E2,7.247927856E-1,1.060739182E1,2.767145691E0
1.383668053E2,-1.272653503E0,1.004216721E1,4.496050415E0
1.383867043E2,-3.024310913E0,8.848249969E0,3.326382751E0
1.384066033E2,3.058140564E-1,9.404493256E0,-8.446934509E-1
1.384265023E2,4.671635284E0,1.103056183E1,2.819536743E0
1.384464013E2,-5.463638306E-1,1.092263626E1,4.531975708E0
1.384663013E2,-5.277724915E0,8.352181549E0,1.945953369E-1
1.384862003E2,-5.066813507E0,7.197033691E0,-1.654958496E0
1.385060993E2,7.626640320E-1,9.761949921E0,3.714375916E0
1.385259983E2,-1.181044006E0,9.428144073E0,5.884712677E0
1.385458973E2,-2.906056824E0,6.809190216E0,1.379531250E0
1.385657963E2,2.842289429E0,8.518485718E0,-2.845582581E-1
1.385856963E2,5.969885559E0,1.115480347E1,1.985620880E0
1.386055953E2,-4.861889648E-1,9.731563110E0,3.295397186E0
1.386254943E2,-5.442083130E0,9.165889435E0,3.108286285E0
1.386453933E2,-6.507118378E0,7.987390137E0,1.077908478E0
1.386652923E2,-1.649869080E0,6.950496368E0,1.316063232E0
1.386851913E2,8.607101440E-2,6.796316986E0,2.724334717E-2
1.387050913E2,-2.952759705E0,7.940836945E0,1.841770020E0
1.387249903E2,-4.566254425E0,1.037282959E1,1.592837677E0
1.387448893E2,-1.868414612E0,8.115972748E0,3.421884155E0
1.387647883E2,1.390308838E0,6.547384644E0,1.558259583E0
1.387846873E2,-4.818479919E-1,9.212592316E0,-1.288221130E0
1.388045873E2,-7.168443146E0,1.019574783E1,-4.839436340E-1
1.388244863E2,-8.430468750E0,5.850583649E0,1.047371979E0
1.388443853E2,-5.371879120E0,2.921474762E0,-7.590715027E-1
1.388642843E2,-5.245990906E0,5.201233978E0,-2.644251251E0
1.388841833E2,-6.547983398E0,7.993078308E0,-5.282514954E-1
1.389040823E2,-5.695655823E0,8.104297028E0,-6.686595154E-1
1.389239823E2,-5.305716705E0,8.405171356E0,-3.447331238E0
1.389438813E2,-8.684640198E0,8.126900024E0,-1.320553894E0
1.389637803E2,-7.243437195E0,5.729036407E0,-1.952240295E0
1.389836793E2,-5.069208527E0,4.608915710E0,-2.005080414E0
1.390035783E2,-7.621550903E0,7.110064545E0,-3.216810608E0
1.390234783E2,-1.041429337E1,9.525441742E0,-2.664010162E0
1.390433773E2,-9.017697601E0,7.894433441E0,-2.898871765E0
1.390632763E2,-7.131320343E0,5.418132935E0,-3.869752808E0
1.390831753E2,-9.081165619E0,4.100722504E0,-3.327879639E0
1.391030743E2,-9.181307373E0,4.405189362E0,-6.364764404E-1
1.391229733E2,-6.083050232E0,3.651057587E0,-1.430874481E0
1.391428733E2,-7.333400116E0,5.312752075E0,-4.215982819E0
1.391627723E2,-1.217014206E1,5.487438812E0,-3.508853302E0
1.391826713E2,-1.188124283E1,3.226839752E0,-3.435655518E0
1.392025703E2,-8.936266937E0,2.235151978E0,-3.320245514E0
1.392224693E2,-9.116941223E0,3.857328644E0,-3.324736176E0
1.392423685E2,-1.071995773E1,5.638025665E0,-1.800006866E0
1.392622685E2,-1.035232224E1,3.414399719E0,-3.470532990E0
1.392821675E2,-9.286987610E0,5.031037903E-1,-5.297633514E0
1.393020665E2,-1.096963852E1,2.437231750E0,-3.452420654E0
1.393219655E2,-1.072040680E1,5.839656372E0,-1.972298584E0
1.393418645E2,-8.768615570E0,5.141059113E0,-1.981429596E0
1.393617645E2,-8.294252014E0,2.303559723E0,-2.748434601E0
1.393816635E2,-1.064092209E1,3.945944366E0,-1.608554993E0
1.394015625E2,-1.130374374E1,5.342091064E0,-1.021475830E0
1.394214615E2,-8.627758484E0,3.880680084E0,-1.234333191E0
1.394413605E2,-8.077652435E0,1.680704956E0,-3.861669617E0
1.394612595E2,-1.120030884E1,3.205434265E0,-2.826123047E0
1.394811595E2,-1.075902649E1,5.940696259E0,-1.993704071E0
1.395010585E2,-7.137457581E0,5.901028748E0,-1.498982849E0
1.395209575E2,-6.146667938E0,3.050805817E0,-2.768193512E0
1.395408565E2,-9.325457611E0,2.756218414E0,-2.962040405E0
1.395607555E2,-1.161883850E1,3.292403412E0,-2.427052917E0
1.395806555E2,-8.155041504E0,2.814297638E0,-2.445314941E0
1.396005545E2,-6.913523254E0,4.035458221E0,-2.513572998E0
1.396204535E2,-8.071515198E0,6.525081024E0,-1.321002960E0
1.396403525E2,-8.779542847E0,6.644532623E0,-2.746039581E0
1.396602515E2,-9.268426208E0,4.349056091E0,-2.830164642E0
1.396801505E2,-9.342372437E0,4.663552094E0,-2.012564850E0
1.397000505E2,-7.597750397E0,6.234235840E0,-2.452649689E0
1.397199495E2,-6.893764343E0,5.197342072E0,-2.645149384E0
1.397398485E2,-8.763376465E0,3.766168213E0,-2.971171417E0
1.397597475E2,-1.029648834E1,4.649930420E0,-3.383114777E0
1.397796465E2,-7.919281769E0,5.834866333E0,-3.386108551E0
1.397995465E2,-6.456523590E0,6.201603699E0,-2.729424133E0
1.398194455E2,-7.030280457E0,6.400540009E0,-1.387614441E-1
1.398393445E2,-5.623056793E0,6.604715424E0,-7.707472229E-1
1.398592435E2,-5.144202576E0,6.262676697E0,-2.826272736E0
1.398791425E2,-8.322992249E0,6.013594666E0,-3.051105194E0
1.398990415E2,-1.016371445E1,6.031257935E0,-1.369651794E-1
1.399189415E2,-6.335724792E0,7.038213959E0,-1.095721436E-1
1.399388405E2,-3.192111969E0,8.584947510E0,-1.346450043E0
1.399587395E2,-4.909340973E0,9.838740234E0,-1.121916962E0
1.399786385E2,-8.295748901E0,9.063801727E0,1.064286804E0
1.399985375E2,-6.661896515E0,7.029981079E0,-4.213737488E-1
1.400184375E2,-4.792434082E0,5.538482666E0,-2.388133850E0
1.400383365E2,-5.798342285E0,5.811365204E0,-3.792064362E0
1.400582355E2,-8.057743835E0,8.149652710E0,-9.771679688E-1
1.400781345E2,-5.876779175E0,8.599167938E0,-2.621049500E-1
1.400980335E2,-3.444786530E0,8.221952362E0,-1.774859161E0
1.401179325E2,-4.523443451E0,7.688162384E0,-1.291214905E0
1.401378325E2,-6.615193634E0,6.835685120E0,6.598278809E-1
1.401577315E2,-5.218597870E0,6.907236328E0,-2.553689575E-1
1.401776305E2,-3.966152344E0,9.664502563E0,-2.941383362E-1
1.401975295E2,-3.008892975E0,1.135598511E1,-7.975415039E-1
1.402174285E2,-3.783232727E0,9.241332550E0,-1.000220032E0
1.402373285E2,-5.313799896E0,6.393055573E0,-1.051263885E0
1.402572270E2,-4.479285278E0,6.452781372E0,1.182840271E0
1.402771260E2,-2.315684509E0,1.027313690E1,1.884580994E0
1.402970250E2,-2.383044434E-1,1.205757614E1,2.175875244E0
1.403169240E2,-1.144969025E0,8.830137634E0,9.798623657E-1
1.403368230E2,-2.631078644E0,7.214397583E0,1.516346741E-1
1.403567230E2,-2.313439178E0,8.694968719E0,1.827699280E-1
1.403766220E2,-7.159611511E-1,1.002151016E1,1.742526398E0
1.403965210E2,-4.625381470E-1,9.533674622E0,3.188669128E0
1.404164200E2,-7.072792053E-1,8.171357574E0,4.431684265E0
1.404363190E2,-1.212478638E-2,7.268584900E0,1.701362000E0
1.404562180E2,9.428892517E-1,7.721093903E0,7.096742249E-1
1.404761180E2,6.956034851E-1,9.235644379E0,2.674638062E0
1.404960170E2,-2.387684784E0,1.027972321E1,2.953957214E0
1.405159160E2,-5.993536377E0,9.668394470E0,1.618135071E0
1.405358150E2,-3.119662628E0,9.314081268E0,2.472109222E0
1.405557140E2,-1.063688049E0,1.045934967E1,1.408720551E0
1.405756140E2,-1.211730194E0,1.042956161E1,9.851014709E-1
1.405955130E2,-6.177653503E-1,7.936046906E0,2.833607483E-1
1.406154120E2,3.166066132E0,9.434580688E0,5.707630920E-1
1.406353110E2,5.809718628E0,1.120599701E1,5.137316895E0
1.406552100E2,-1.210981750E0,9.785451050E0,5.746549988E0
1.406751090E2,-3.726201324E0,8.980425110E0,-1.240919495E-1
1.406950090E2,1.099014587E0,8.621920624E0,1.339564362E0
1.407149080E2,2.650089111E0,1.008707382E1,4.686604156E0
1.407348070E2,-4.127666473E0,1.182151703E1,5.496120758E0
1.407547060E2,-5.430407410E0,9.755363617E0,-7.698490906E-1
1.407746050E2,1.554068298E0,8.756790161E0,-8.822653198E-1
1.407945050E2,2.152823181E0,1.047252228E1,2.293829956E0
1.408144040E2,-6.410419464E0,9.186247101E0,4.301754456E0
1.408343030E2,-8.054300995E0,6.515800323E0,1.657503204E0
1.408542020E2,2.335144043E-2,6.286327515E0,1.911824341E0
1.408741010E2,5.544170837E0,9.829908600E0,3.751199341E-1
1.408940000E2,2.601589966E-1,1.134445908E1,3.606300659E0
1.409139000E2,-7.976911926E-1,9.884844360E0,1.635199585E0
1.409337990E2,6.530918884E-1,8.117918701E0,3.226091309E0
1.409536980E2,-2.015558624E0,7.700885925E0,3.501817932E0
1.409735970E2,-4.616400146E0,8.734037476E0,9.062155151E-1
1.409934960E2,-5.416486359E0,9.972861328E0,2.155816956E0
1.410133960E2,-2.801274719E0,8.339308319E0,1.798509979E0
1.410332950E2,-1.455722809E0,6.424490204E0,6.134243774E-1
1.410531940E2,-1.400487671E0,7.187303925E0,1.681004333E0
1.410730930E2,-2.794838104E0,8.459508362E0,1.981130219E0
1.410929920E2,-4.092190247E0,8.305029602E0,7.499404907E-2
1.411128910E2,-4.115691376E0,9.503736877E0,6.891668701E-1
1.411327910E2,-5.592520294E0,1.153082153E1,1.313368835E0
1.411526900E2,-4.557572479E0,9.832902374E0,-1.475032654E0
1.411725890E2,-5.041067047E0,7.593110046E0,-1.251248016E0
1.411924880E2,-7.349865875E0,5.670508118E0,6.571334839E-2
1.412123870E2,-3.768114166E0,4.508923645E0,-4.173321533E-1
1.412322870E2,-1.429676971E0,6.206244049E0,-2.390229492E0
1.412521858E2,-4.408931580E0,9.727222137E0,-2.897075500E0
1.412720848E2,-8.569679260E0,1.086276077E1,-1.961371307E0
1.412919838E2,-7.674690399E0,7.161108398E0,3.935316467E-1
1.413118828E2,-4.189038849E0,5.978268127E0,-1.574875031E0
1.413317828E2,-6.012397156E0,8.658444672E0,-1.435664520E0
1.413516818E2,-8.924591217E0,9.578880615E0,-7.309300232E-1
1.413715808E2,-9.042545929E0,8.350984039E0,-2.258204041E0
1.413914798E2,-8.385562134E0,6.246510315E0,-3.296594696E0
1.414113788E2,-7.935148773E0,4.859045563E0,-2.460732880E0
1.414312778E2,-6.678062897E0,4.567901001E0,-1.961670685E0
1.414511778E2,-5.985004120E0,6.485114136E0,-4.533771973E0
1.414710768E2,-8.243507538E0,8.168214111E0,-3.314707031E0
1.414909758E2,-8.408015442E0,6.278693390E0,-1.481918335E0
1.415108748E2,-6.535259857E0,3.843108215E0,1.330583038E0
1.415307738E2,-5.172942810E0,5.160368958E0,-1.033899994E0
1.415506738E2,-7.467072144E0,6.797065430E0,-1.965263214E0
1.415705728E2,-1.039273819E1,5.577252045E0,-3.115321655E0
1.415904718E2,-1.107965973E1,4.726271667E0,-3.174598389E0
1.416103708E2,-9.680070190E0,5.704337769E0,-3.381019135E0
1.416302698E2,-8.040379944E0,5.676196289E0,-2.705923004E0
1.416501688E2,-7.447612610E0,4.611460419E0,-2.000290375E0
1.416700688E2,-6.836583252E0,4.194876709E0,-2.412233734E0
1.416899678E2,-8.605454865E0,4.949008484E0,-4.079915771E0
1.417098668E2,-1.089180038E1,5.294639740E0,-3.433559875E0
1.417297658E2,-9.363179169E0,4.683460693E0,-1.880240021E0
1.417496648E2,-6.106551361E0,5.154980164E0,-1.091081085E0
1.417695648E2,-6.527775421E0,6.747069397E0,-1.736538849E0
1.417894638E2,-1.002719833E1,7.064259796E0,-1.553170166E0
1.418093628E2,-1.057026901E1,4.403542786E0,-1.688339081E0
1.418292618E2,-8.273145905E0,2.220183105E0,-2.885100403E0
1.418491608E2,-8.447832642E0,4.240681458E0,-2.180365906E0
1.418690608E2,-1.009156448E1,6.777156830E0,-2.551444244E0
1.418889598E2,-9.883197784E0,5.277724915E0,-2.656376038E0
1.419088588E2,-8.366701355E0,2.017354889E0,-3.127147064E0
1.419287578E2,-7.891439667E0,1.950294342E0,-2.599644012E0
1.419486568E2,-9.100176086E0,5.417234802E0,-3.003055115E0
1.419685558E2,-9.321116638E0,7.455546112E0,-2.669398956E0
1.419884558E2,-8.615484009E0,6.422544250E0,-2.181563416E0
1.420083548E2,-7.630681915E0,3.352428589E0,-1.968855743E0
1.420282538E2,-8.165519714E0,2.715802460E0,-1.977388000E0
1.420481528E2,-9.246721344E0,4.694687347E0,-1.876048737E0
1.420680518E2,-8.923992462E0,6.494394836E0,-1.525178375E0
1.420879518E2,-7.534132690E0,6.858288116E0,-1.092727661E0
1.421078508E2,-6.602170715E0,6.135141907E0,-1.812431030E0
1.421277498E2,-7.622299347E0,5.213059387E0,-1.797911224E0
1.421476488E2,-8.448730774E0,4.685256958E0,-2.173031158E0
1.421675478E2,-8.335865479E0,5.144951019E0,-3.174598389E0
1.421874478E2,-8.866212616E0,5.790708160E0,-3.078498230E0
1.422073468E2,-8.703351288E0,6.230792999E0,-1.960772552E0
1.422272458E2,-6.952142944E0,5.711971893E0,-2.605332184E0
1.422471455E2,-6.996151428E0,5.383405151E0,-2.550546112E0
1.422670445E2,-7.761659546E0,5.986351318E0,-1.490749969E0
1.422869435E2,-6.921905823E0,7.349716187E0,-1.421743469E0
1.423068435E2,-6.571334839E0,7.674091644E0,-2.033521271E0
1.423267425E2,-7.739206238E0,6.030210114E0,-2.005230103E0
1.423466415E2,-8.455915833E0,4.713548126E0,-2.184856567E0
1.423665405E2,-7.535629578E0,6.107299805E0,-2.089654541E0
1.423864395E2,-6.153403931E0,8.451874237E0,-7.442523193E-1
1.424063395E2,-5.208269348E0,8.877139893E0,-4.517605591E-1
1.424262385E2,-5.481301575E0,7.420818329E0,1.100212097E-1
1.424461375E2,-5.575755157E0,6.665788422E0,-1.156944122E0
1.424660365E2,-6.487658844E0,8.089328156E0,-2.062560883E0
1.424859355E2,-7.431745605E0,8.974736938E0,-6.882687378E-1
1.425058345E2,-6.232289886E0,7.490423584E0,-4.965174866E-1
1.425257345E2,-4.538861389E0,6.253545685E0,-1.873953094E0
1.425456335E2,-5.156477051E0,6.973548431E0,-2.590662689E0
1.425655325E2,-7.508236542E0,9.528285828E0,-1.548529816E0
1.425854315E2,-6.915618896E0,9.558672638E0,-1.244661713E0
1.426053305E2,-4.154909821E0,7.709867249E0,-6.441105652E-1
1.426252305E2,-3.414399719E0,7.526049500E0,-2.352058868E0
1.426451295E2,-5.415887604E0,8.560248871E0,-1.027912445E0
1.426650285E2,-5.996829529E0,7.584128723E0,-1.422042847E-2
1.426849275E2,-3.213068390E0,7.535180511E0,7.147636414E-1
1.427048265E2,-1.215771790E0,9.320966949E0,1.226100311E0
1.427247265E2,-2.520608368E0,1.008827133E1,3.722758484E-1
1.427446255E2,-4.933440857E0,9.125024414E0,3.059637451E-1
1.427645245E2,-5.544769592E0,8.797655182E0,6.140231323E-1
1.427844235E2,-2.774031372E0,9.914482727E0,7.023394775E-1
1.428043225E2,-7.309300232E-1,1.013018417E1,3.607498169E-1
1.428242215E2,-1.642534332E0,8.699309692E0,4.727169800E-1
1.428441215E2,-2.641856232E0,8.459508362E0,1.105900269E0
1.428640205E2,-1.856140137E0,9.828262024E0,1.179247742E0
1.428839195E2,-1.033450928E0,9.541009369E0,7.421566772E-1
1.429038185E2,-1.322649536E0,7.992030487E0,2.448907471E-1
1.429237175E2,-1.573976898E0,7.393275604E0,2.118544464E0
1.429436175E2,2.413281555E0,9.380692749E0,3.357518005E0
1.429635165E2,5.293891296E0,9.442514191E0,2.652035065E0
1.429834155E2,4.469256134E0,6.695726166E0,1.015937347E0
1.430033145E2,1.287622375E0,5.780679016E0,4.553530884E-1
1.430232135E2,-2.774779816E0,8.853189697E0,4.139940948E0
1.430431135E2,-5.809419250E0,1.270168671E1,4.429888000E0
1.430630125E2,-7.992329865E0,1.267429367E1,-6.677613831E-1
1.430829115E2,-5.565875702E0,1.475347000E1,-2.510728912E0
1.431028105E2,-1.347198486E-2,8.637937317E0,2.427651672E0
1.431227095E2,3.200943604E0,5.933361511E0,3.914958801E0
1.431426085E2,5.348228302E0,1.098640366E1,3.112776947E0
1.431625085E2,3.378624115E0,9.367969208E0,3.074007568E0
1.431824075E2,3.912863159E-1,9.995763702E0,2.963686981E0
1.432023065E2,-4.315525818E-1,9.160650330E0,1.351689148E0
1.432222055E2,7.405101013E-1,9.646390228E0,3.053051147E0
1.432421045E2,-1.296304321E-1,1.031564850E1,3.198099518E0
1.432620041E2,-2.688708801E0,9.012159119E0,3.151246948E0
1.432819031E2,9.870474243E-1,8.104297028E0,1.045725403E0
1.433018021E2,5.365592194E0,1.036295013E1,6.444099426E-1
1.433217011E2,4.100572815E0,1.013093262E1,3.712429962E0
1.433416001E2,-3.432362366E-1,8.451275482E0,4.434378662E0
1.433615001E2,-1.840123444E0,8.589288483E0,4.099974060E0
1.433813991E2,1.221609650E0,9.667047272E0,1.859133911E0
1.434012981E2,2.234553223E0,1.071666458E1,8.228388977E-1
1.434211971E2,-8.666976929E-1,9.631121979E0,1.685794373E0
1.434410961E2,-1.961520996E0,9.971214752E0,2.398612061E0
1.434609961E2,-4.733157349E-1,1.011880783E1,3.462599487E0
1.434808951E2,3.044668579E-1,1.016266663E1,2.837499390E0
1.435007941E2,-1.029708710E0,8.973689117E0,2.002386017E0
1.435206931E2,1.213526459E0,9.342971191E0,2.220482483E0
1.435405921E2,8.801696777E-1,9.955647125E0,2.369572449E0
1.435604911E2,-7.884104919E-1,9.242230682E0,3.588188324E0
1.435803911E2,-6.072871399E-1,9.341623993E0,3.582799530E0
1.436002901E2,-7.961943054E-1,9.799222412E0,2.136956177E0
1.436201891E2,-1.878443756E0,9.332043915E0,1.129850464E0
1.436400881E2,-1.080902252E0,8.650361481E0,1.419049072E0
1.436599871E2,-9.629475403E-1,8.891060944E0,3.053200836E0
1.436798871E2,-1.230590973E0,8.841214600E0,2.726280670E0
1.436997861E2,8.452922058E-1,9.775721283E0,1.779349823E0
1.437196851E2,2.108515320E0,1.038705002E1,2.073039093E0
1.437395841E2,6.041436768E-1,1.039348663E1,3.578757935E0
1.437594831E2,-2.381397858E0,9.555229797E0,3.496878204E0
1.437793831E2,-3.157384186E0,8.743318176E0,4.023632813E-1
1.437992821E2,-2.492167511E0,8.973838806E0,-1.327738953E-1
1.438191811E2,-2.215842133E0,9.714947662E0,2.341281281E0
1.438390801E2,-2.558629303E0,9.806108093E0,3.793112183E0
1.438589791E2,-2.502795410E0,8.938661957E0,1.981728973E0
1.438788781E2,-3.794609070E-1,9.529034271E0,8.207432556E-1
1.438987781E2,1.836530914E0,1.041234741E1,1.050216064E0
1.439186771E2,-5.897735596E-1,9.761800232E0,2.051783295E0
1.439385761E2,-3.607797546E0,8.790470123E0,2.277214508E0
1.439584751E2,-3.151097260E0,9.424701233E0,2.884950714E0
1.439783741E2,2.504292297E-1,1.022957748E1,2.495760040E0
1.439982741E2,8.981323242E-4,9.296118622E0,2.211052094E0
1.440181731E2,-3.247796173E0,8.546926575E0,2.318977661E0
1.440380721E2,-3.442840576E0,9.248816986E0,1.971400452E0
1.440579711E2,-1.244212646E0,1.041459274E1,2.149080963E0
1.440778701E2,-1.133442993E0,1.000070343E1,1.506317596E0
1.440977701E2,-2.682721252E0,8.641380157E0,1.297052765E0
1.441176691E2,-1.385069733E0,9.465865631E0,2.572101288E0
1.441375681E2,-5.334906006E-1,1.003692810E1,2.508333893E0
1.441574671E2,-1.886077881E0,8.931327209E0,1.238075409E0
1.441773661E2,-3.406915283E0,8.417595520E0,7.152127075E-1
1.441972661E2,-3.820654907E0,9.231902161E0,1.041534119E0
1.442171651E2,-2.251018982E0,9.812395020E0,1.528022461E0
1.442370641E2,-1.143023071E0,9.080866241E0,1.284179535E0
1.442569634E2,-2.835553436E0,7.627538452E0,1.883832550E0
1.442768624E2,-4.608466644E0,7.240293732E0,2.099983063E0
1.442967614E2,-2.746039581E0,8.194110260E0,1.897603912E0
1.443166614E2,-8.704399109E-1,8.881780243E0,1.653611298E0
1.443365604E2,-2.118843842E0,8.891360321E0,1.129850464E0
1.443564594E2,-5.231770477E0,8.383316803E0,3.219954071E0
1.443763584E2,-2.661315765E0,9.001980286E0,3.160377960E0
1.443962574E2,-2.767744446E-1,1.049781967E1,1.993853760E0
1.444161574E2,-1.721120911E0,9.240434418E0,-5.254074097E-2
1.444360564E2,-6.041885834E0,6.924749908E0,3.329077148E-1
1.444559554E2,-6.604116669E0,6.085594940E0,3.608995056E-1
1.444758544E2,-4.033961334E0,5.759872284E0,7.902067566E-1
1.444957534E2,-2.001787262E0,5.604944458E0,1.086141357E0
1.445156534E2,-3.214714966E0,8.133486328E0,7.960446167E-1
1.445355524E2,-5.801485748E0,1.175161240E1,1.142424316E0
1.445554514E2,-5.458997955E0,1.073058563E1,1.196461945E0
1.445753504E2,-4.899162140E0,7.569309540E0,-1.813778229E0
1.445952494E2,-6.960525513E0,5.835315399E0,-3.664379883E0
1.446151494E2,-8.340356140E0,4.989723816E0,-1.361867981E0
1.446350484E2,-5.701044617E0,6.097719727E0,-6.256988525E-1
1.446549474E2,-3.607797546E0,8.488098907E0,-1.596729584E0
1.446748464E2,-5.319338379E0,9.076974335E0,-2.005679169E0
1.446947454E2,-8.813671875E0,6.679260406E0,-1.424737244E0
1.447146454E2,-8.569080505E0,3.497776337E0,-2.954406281E0
1.447345444E2,-8.721313934E0,4.374054108E0,-3.053350525E0
1.447544434E2,-8.332123260E0,6.512656860E0,-1.558259583E-1
1.447743424E2,-6.600075073E0,7.552095337E0,-1.544937286E0
1.447942414E2,-7.479496307E0,8.250542908E0,-2.486179962E0
1.448141414E2,-1.066786606E1,7.686515808E0,-2.153122559E0
1.448340404E2,-1.016146912E1,5.594615936E0,-2.493664398E0
1.448539394E2,-8.545579376E0,4.817581787E0,-2.521207123E0
1.448738384E2,-7.491172028E0,5.218897247E0,-2.313439178E0
1.448937374E2,-7.890840912E0,5.329966278E0,-2.820434875E0
1.449136364E2,-9.132359161E0,5.124443665E0,-3.862268372E0
1.449335364E2,-1.018482056E1,3.700005798E0,-4.542753296E0
1.449534354E2,-9.616901550E0,2.370021515E0,-3.250191193E0
1.449733344E2,-7.795189819E0,4.073628845E0,-3.003953247E0
1.449932334E2,-9.020691376E0,6.693031769E0,-3.057841187E0
1.450131324E2,-1.054781570E1,4.719835052E0,-3.525917816E0
1.450330324E2,-1.061652283E1,2.298769684E0,-2.698438568E0
1.450529314E2,-9.115294647E0,3.383713531E0,-3.306025085E0
1.450728304E2,-9.420509949E0,5.444478149E0,-2.798131256E0
1.450927294E2,-9.323062592E0,4.632865906E0,-2.884351959E0
1.451126284E2,-8.224646759E0,3.900289307E0,-3.003204803E0
1.451325284E2,-7.441026306E0,3.670666809E0,-1.626068573E0
1.451524274E2,-6.212381287E0,3.049009552E0,-2.700983276E0
1.451723264E2,-7.391928406E0,3.542832642E0,-2.588716736E0
1.451922254E2,-1.007884094E1,5.005291443E0,-3.319646759E0
1.452121244E2,-1.045530807E1,6.268215179E0,-2.179767151E0
1.452320244E2,-8.570128326E0,4.800666962E0,-1.988614655E0
1.452519229E2,-6.568041687E0,5.830225983E0,-2.509980469E0
1.452718219E2,-8.773405609E0,8.293204193E0,-1.928888855E0
1.452917209E2,-9.596244507E0,7.894882507E0,-2.368075562E0
1.453116199E2,-1.007240433E1,7.134164429E0,-1.958527222E0
1.453315199E2,-9.419462128E0,7.227420502E0,-2.195334778E0
1.453514189E2,-7.113657074E0,5.427713013E0,-3.699257355E0
1.453713179E2,-7.067103882E0,3.328927460E0,-3.141367493E0
1.453912169E2,-7.792495422E0,3.248095551E0,-2.895578613E0
1.454111159E2,-7.594906311E0,5.457950134E0,-1.394949188E0
1.454310159E2,-6.352938995E0,6.230643311E0,-1.917063446E0
1.454509149E2,-7.122039642E0,6.463109894E0,-2.805765381E0
1.454708139E2,-9.251661072E0,6.528823242E0,-2.401605835E0
1.454907129E2,-9.069040833E0,6.393804016E0,-2.799628143E0
1.455106119E2,-7.651488647E0,5.825735321E0,-2.526595917E0
1.455305119E2,-7.278015289E0,5.332361298E0,-1.320853271E0
1.455504109E2,-6.155649261E0,5.788911896E0,-1.263223114E0
1.455703099E2,-5.293891296E0,7.569758606E0,-1.567091217E0
1.455902089E2,-6.023623810E0,7.161707153E0,-2.829416199E0
1.456101079E2,-7.650590515E0,4.929998016E0,-3.618126068E0
1.456300069E2,-9.344917145E0,4.900659027E0,-2.749632111E0
1.456499069E2,-7.322921906E0,7.772437134E0,-9.165440369E-1
1.456698059E2,-3.835174713E0,9.400301971E0,-1.465153198E0
1.456897049E2,-3.877087555E0,6.839427338E0,-2.806364136E0
1.457096039E2,-7.792794800E0,4.217180328E0,-2.161654816E0
1.457295029E2,-8.864865417E0,5.938450928E0,-2.038760376E-1
1.457494029E2,-4.860243073E0,9.979447632E0,-9.632469177E-1
1.457693019E2,-2.880609741E0,1.107337280E1,-1.748513947E0
1.457892009E2,-5.564678192E0,8.684041443E0,-9.867480469E-1
1.458090999E2,-7.526049500E0,6.670129395E0,1.939965820E-1
1.458289989E2,-4.635410614E0,6.891519012E0,1.275347900E-1
1.458488989E2,-2.567460938E0,8.915460205E0,-2.520758057E-1
1.458687979E2,-3.627556458E0,1.115615067E1,7.056326294E-1
1.458886969E2,-5.121898956E0,1.015742752E1,1.241069183E0
1.459085959E2,-3.707789612E0,7.958200836E0,4.998106384E-1
1.459284949E2,-3.347788239E0,6.382876740E0,-1.683099976E0
1.459483949E2,-4.491859131E0,6.412964172E0,-2.121987305E0
1.459682939E2,-5.148693237E0,8.551117859E0,-5.589376831E-1
1.459881929E2,-3.230132904E0,1.056113800E1,7.840695190E-1
1.460080919E2,-6.532415771E-1,1.117381393E1,7.226971436E-1
1.460279909E2,-1.398541718E0,9.858050079E0,1.048868866E0
1.460478909E2,-3.353775787E0,7.833809509E0,1.287472687E0
1.460677899E2,-2.382745056E0,8.042475586E0,2.894979858E-1
1.460876889E2,-1.914518738E-1,1.052162018E1,-5.384303284E-1
1.461075879E2,-1.176403656E0,1.063628174E1,-5.053491211E-1
1.461274869E2,-4.023483124E0,7.934100952E0,6.950047302E-1
1.461473869E2,-4.146826630E0,6.000571747E0,-5.170248413E-1
1.461672859E2,-2.726280670E0,6.660399628E0,5.291496277E-1
1.461871849E2,-1.248553619E0,9.608219604E0,2.223775635E0
1.462070839E2,-1.326541443E0,1.076456497E1,2.209405518E0
1.462269829E2,-9.937834167E-1,1.063658112E1,1.039887543E0
1.462468829E2,-4.152365112E-1,9.655670929E0,7.999365234E-1
1.462667822E2,2.739303589E-2,8.300239563E0,1.140628052E-1
1.462866812E2,-2.314187622E-1,8.959768066E0,1.255588989E0
1.463065802E2,4.571493530E-1,1.006267456E1,3.485501862E0
1.463264792E2,-1.162033539E0,1.061352905E1,2.290686493E0
1.463463782E2,-5.095404053E-1,9.931098175E0,1.478924561E-1
1.463662782E2,-1.448986816E0,8.250093842E0,-5.944139099E-1
1.463861772E2,-4.761598206E-1,8.867260437E0,2.319277039E0
1.464060762E2,-1.215622101E0,1.099119370E1,2.241139526E0
1.464259752E2,-6.086343384E-1,1.123413849E1,5.590873718E-1
1.464458752E2,-3.279679871E-1,9.032666473E0,1.014889526E0
1.464657742E2,-1.989063721E0,8.327782288E0,1.932331696E0
1.464856732E2,-1.085243225E-1,1.141645935E1,2.546205139E0
1.465055722E2,1.318757629E-1,1.163635208E1,2.069446564E0
1.465254712E2,-1.342408447E0,9.496102753E0,2.171534271E0
1.465453702E2,-1.462758179E0,8.457861786E0,2.763852539E0
1.465652702E2,-1.262624359E0,9.167685699E0,1.293160858E0
1.465851692E2,3.310815125E0,1.062415695E1,1.977687378E0
1.466050682E2,2.079775085E0,9.160051575E0,2.516117706E0
1.466249672E2,1.914518738E-1,8.629854126E0,3.056643677E0
1.466448662E2,-5.658233643E-2,9.589957581E0,-2.884501648E-1
1.466647662E2,2.162702637E0,9.895921326E0,1.363813934E0
1.466846652E2,-5.809419250E-1,9.547146606E0,2.271077271E0
1.467045642E2,-2.348616028E0,9.692194977E0,2.063608704E0
1.467244632E2,-1.323248291E0,1.003423370E1,5.204676819E-1
1.467443622E2,6.700067139E-1,1.114133148E1,7.406597900E-1
1.467642622E2,2.438429260E-1,1.031265472E1,1.774410095E0
1.467841612E2,4.406835938E-1,9.540560303E0,2.580334167E0
1.468040602E2,3.067121887E-1,8.646918640E0,2.723436584E0
1.468239592E2,9.674382019E-1,8.773405609E0,1.933529205E0
1.468438582E2,1.303339691E0,9.970765686E0,1.369202728E0
1.468637582E2,2.350112915E-1,9.834698639E0,1.127156067E0
1.468836572E2,-9.460327148E-2,1.004815475E1,1.126707001E0
1.469035562E2,-7.441026306E-1,1.002914429E1,1.835932159E0
1.469234552E2,-7.569758606E-1,9.494755554E0,2.584076385E0
1.469433542E2,-3.969744873E-1,9.977501678E0,2.526296539E0
1.469632542E2,-1.451980591E-1,9.518106995E0,2.260599060E0
1.469831532E2,6.387217712E-1,9.865534515E0,1.309925995E0
1.470030522E2,-3.740721130E-1,1.025442581E1,1.648821259E0
1.470229512E2,-2.869233398E0,9.515262909E0,2.404150543E0
1.470428502E2,-1.857637024E0,9.539662170E0,1.491947479E0
1.470627502E2,1.362167358E-2,1.032522858E1,1.281185760E0
1.470826492E2,-7.337741089E-1,1.034079620E1,1.448986816E0
1.471025482E2,-3.280428314E0,9.704319763E0,2.969973907E0
1.471224472E2,-3.392994232E0,8.166417847E0,1.401535492E0
1.471423462E2,-5.697152710E-1,8.501121826E0,8.544232178E-1
1.471622462E2,1.485061798E0,9.952803040E0,3.175047455E0
1.471821452E2,4.995112610E-1,9.803413696E0,2.660717010E0
1.472020442E2,5.560935974E-1,8.825497284E0,2.627037048E0
1.472219432E2,2.937042389E0,1.002225861E1,2.736908569E0
1.472418422E2,1.335373077E0,1.108953918E1,3.217708740E0
1.472617427E2,-2.179168396E0,9.817185059E0,1.758992157E0
1.472816417E2,-3.644920349E0,8.490942993E0,-3.589535522E-1
1.473015407E2,-3.736679535E0,8.534801788E0,-4.251159668E-2
1.473214397E2,-4.686454468E0,9.393416290E0,2.188000031E0
1.473413387E2,-4.913831635E0,9.475146332E0,2.932402039E0
1.473612387E2,-2.684068451E0,8.200397186E0,9.662406921E-1
1.473811377E2,-3.061134338E-1,9.028924255E0,7.890092468E-1
1.474010367E2,-2.260299683E-1,1.044318329E1,1.662442932E0
1.474209357E2,-1.865420837E0,9.815239105E0,2.438878326E0
1.474408347E2,-3.241958313E0,8.269553375E0,2.262545013E0
1.474607347E2,-3.557053070E0,8.191266174E0,1.220112762E0
1.474806337E2,-3.448977814E0,8.434510345E0,2.114802246E0
1.475005327E2,-2.082469482E0,8.666078796E0,1.288670197E0
1.475204317E2,-7.952961731E-1,8.825347595E0,1.834584961E0
1.475403307E2,-2.760260010E0,9.419611816E0,2.284549255E0
1.475602307E2,-2.980901184E0,8.359965363E0,2.741848297E0
1.475801297E2,-7.631130981E-1,8.155939636E0,1.921703796E0
1.476000287E2,-1.140628052E0,1.066172882E1,2.082469482E0
1.476199277E2,-4.799469452E0,1.090452393E1,1.862876129E0
1.476398267E2,-6.072572021E0,6.878496094E0,3.736230469E-1
1.476597267E2,-4.993915100E0,3.894451447E0,-1.126856689E0
1.476796257E2,-4.599934387E0,4.748575287E0,-8.476872253E-1
1.476995247E2,-5.329217834E0,6.697672119E0,-2.175426178E0
1.477194237E2,-6.012696533E0,6.173162842E0,-2.229314117E0
1.477393227E2,-7.110962677E0,6.013744354E0,-1.870659943E0
1.477592227E2,-5.476960602E0,7.733518066E0,-2.606080627E-1
1.477791217E2,-2.892435150E0,1.027238846E1,-1.594184875E0
1.477990207E2,-4.083657990E0,1.092757599E1,-4.011657715E-1
1.478189197E2,-6.606511688E0,8.212372284E0,-6.843768311E-1
1.478388187E2,-9.397158508E0,6.494694214E0,-2.231559448E0
1.478587187E2,-9.904752960E0,5.896987152E0,-1.640438690E0
1.478786177E2,-7.519014130E0,5.304519196E0,-1.504820709E0
1.478985167E2,-5.442981262E0,5.564678192E0,-1.117426300E0
1.479184157E2,-6.227350159E0,6.667434998E0,-2.008672943E0
1.479383147E2,-7.941884766E0,6.910379791E0,-7.131170654E-1
1.479582147E2,-8.352780304E0,7.498806152E0,-2.867287445E0
1.479781137E2,-8.414601746E0,7.802524567E0,-2.673440552E0
1.479980127E2,-7.123386841E0,5.500012665E0,-1.325044556E0
1.480179117E2,-6.387966156E0,3.961661682E0,-2.500400391E0
1.480378107E2,-8.615184631E0,5.869145050E0,-2.330952759E0
1.480577107E2,-1.056652679E1,8.703051910E0,-2.347418518E0
1.480776097E2,-1.001701950E1,8.375233612E0,-1.531165924E0
1.480975087E2,-8.877888336E0,4.741090851E0,-2.677182770E0
1.481174077E2,-8.063132629E0,2.181563416E0,-4.499493256E0
1.481373067E2,-9.710007935E0,2.767594757E0,-3.940405884E0
1.481572067E2,-1.020113663E1,6.686146088E0,-2.773582306E0
1.481771057E2,-7.889643402E0,8.020171967E0,-1.076261902E0
1.481970047E2,-5.894442444E0,4.552333374E0,-2.791994019E0
1.482169037E2,-9.421557770E0,2.831362152E0,-2.127076721E0
1.482368027E2,-1.154264694E1,3.990701294E0,-3.138224030E0
1.482567018E2,-1.110974716E1,5.535788269E0,-2.639461212E0
1.482766008E2,-8.959768066E0,4.910538483E0,-2.717748413E0
1.482964998E2,-7.837551727E0,4.992867279E0,-2.506687317E0
1.483163988E2,-8.337811432E0,5.857319641E0,-1.757345581E0
1.483362978E2,-8.571924591E0,6.321953430E0,-1.112636261E0
1.483561978E2,-8.312813416E0,5.718707886E0,-8.416996765E-1
1.483760968E2,-8.046816559E0,5.371280365E0,-5.472619629E-1
1.483959958E2,-8.273744659E0,5.762566681E0,-1.566642151E0
1.484158948E2,-9.503736877E0,5.800737305E0,-2.605332184E0
1.484357938E2,-1.015099091E1,6.116281128E0,-2.443668365E0
1.484556938E2,-7.639513550E0,5.398074646E0,-1.447040863E0
1.484755928E2,-4.967270508E0,4.040697327E0,-1.854493561E0
1.484954918E2,-6.064488831E0,2.706072693E0,-3.299139404E0
1.485153908E2,-8.906778259E0,3.731141052E0,-3.499722290E0
1.485352908E2,-1.025532394E1,6.489305420E0,-2.983595581E0
1.485551898E2,-8.387059021E0,7.429949341E0,-2.174528046E0
1.485750888E2,-6.213578796E0,6.751260681E0,-2.085014191E0
1.485949878E2,-6.839876404E0,6.636000366E0,-2.246827698E0
1.486148868E2,-7.918982391E0,6.062093811E0,-2.107766876E0
1.486347868E2,-8.525670776E0,5.500162354E0,-1.917811890E0
1.486546858E2,-6.898853760E0,6.230493622E0,-1.235530701E0
1.486745848E2,-5.513634338E0,8.016280060E0,-2.058968353E0
1.486944838E2,-6.008205872E0,8.353977814E0,-1.440604248E0
1.487143828E2,-7.025041351E0,7.005432129E0,-1.966610413E0
1.487342828E2,-7.947123871E0,6.378236389E0,-1.651815033E0
1.487541818E2,-7.066355438E0,5.647306366E0,-1.189875641E0
1.487740808E2,-5.598956909E0,5.976920929E0,-1.777852936E0
1.487939798E2,-6.064488831E0,7.119944000E0,-1.612895966E0
1.488138788E2,-6.487060089E0,7.051685944E0,-1.738035736E0
1.488337788E2,-6.365812225E0,7.046147461E0,-1.706750793E0
1.488536778E2,-6.546785889E0,7.026687927E0,-1.501377869E0
1.488735768E2,-6.594536591E0,7.109914856E0,-9.261241150E-1
1.488934758E2,-5.998775482E0,8.815468140E0,-1.072819061E0
1.489133748E2,-5.645959167E0,9.724378052E0,-5.902226257E-1
1.489332748E2,-5.323829041E0,8.311765594E0,-1.309027863E0
1.489531738E2,-6.424490204E0,6.373296661E0,-1.702409821E0
1.489730728E2,-6.260880432E0,6.147566071E0,-1.353485413E0
1.489929718E2,-4.742587738E0,8.326884155E0,-5.188211060E-1
1.490128708E2,-4.275858307E0,9.421408081E0,2.865042114E-1
1.490327708E2,-5.157075806E0,7.536827087E0,-9.577084351E-1
1.490526698E2,-6.364465027E0,6.728657684E0,-1.740131378E0
1.490725688E2,-6.380930786E0,8.308173065E0,-1.394799500E0
1.490924678E2,-4.793930969E0,9.547745361E0,-5.131329346E-1
1.491123668E2,-2.959795074E0,8.551117859E0,1.924996948E-1
1.491322668E2,-3.161874847E0,6.804100800E0,-8.698411560E-1
1.491521658E2,-4.540657654E0,7.910899200E0,-9.026229858E-1
1.491720648E2,-5.828429718E0,1.012120285E1,-5.102888489E-1
1.491919638E2,-4.932393036E0,1.041638901E1,1.115630035E0
1.492118628E2,-2.881208496E0,8.558003540E0,6.966513062E-1
1.492317628E2,-3.151995392E0,7.159012756E0,-2.793191528E-1
1.492516618E2,-4.432283020E0,7.528444519E0,-6.439608765E-1
1.492715608E2,-5.200186157E0,9.149124298E0,3.230282593E-1
1.492914598E2,-3.619622955E0,1.097053665E1,6.746470642E-1
1.493113588E2,-3.039878540E0,9.299112396E0,9.931846619E-1
1.493312588E2,-3.505859528E0,6.957831116E0,1.089434509E0
1.493511578E2,-3.083587646E0,8.396938477E0,2.127226410E0
1.493710568E2,-6.122268677E-2,1.104747665E1,2.348915405E0
1.493909558E2,9.297166443E-1,9.001082153E0,1.537153473E0
1.494108548E2,-3.643423462E-1,6.852749634E0,1.214274902E0
1.494307548E2,-2.443967743E0,8.020321655E0,1.161734161E0
1.494506538E2,-2.725382538E0,9.815538483E0,1.467697906E0
1.494705528E2,-1.818568268E0,1.020577698E1,1.089135132E0
1.494904518E2,-3.135978699E0,9.540111237E0,2.420466614E0
1.495103518E2,-5.724994812E0,8.750802612E0,2.385289764E0
1.495302508E2,-5.209317169E0,8.711434479E0,1.665736084E0
1.495501498E2,4.980143738E-1,1.009635452E1,1.401535492E0
1.495700488E2,4.040847015E0,9.966424713E0,1.945803680E0
1.495899478E2,2.968177643E0,7.943082275E0,3.286415863E0
1.496098478E2,3.816313934E0,7.352859650E0,3.250789948E0
1.496297468E2,4.415667572E0,7.521409149E0,2.878514099E0
1.496496458E2,3.016227722E0,9.383087769E0,4.082011414E0
1.496695448E2,-2.609373779E0,1.760039978E1,2.872376862E0
1.496894438E2,-1.237596405E1,1.469748642E1,-4.699926453E0
1.497093438E2,-1.266336639E1,6.961723022E0,4.411326599E-1
1.497292428E2,2.797682190E0,4.590503998E0,3.618874512E0
1.497491418E2,1.130958160E1,1.038764877E1,2.917433167E0
1.497690408E2,3.520229645E0,9.912087708E0,5.209317169E0
1.497889398E2,1.737137604E0,8.796158295E0,3.599265289E0
1.498088398E2,7.411088562E-1,9.754615173E0,2.906954956E0
1.498287388E2,-2.021995239E0,1.054736664E1,2.835703125E0
1.498486378E2,-1.737586670E0,9.753866730E0,2.113904114E0
1.498685368E2,-5.239105225E-1,8.860075378E0,1.804497528E0
1.498884358E2,-3.875440979E-1,9.324709167E0,2.065854034E0
1.499083358E2,1.148112488E-1,9.858648834E0,2.224973145E0
1.499282348E2,5.135820007E-1,9.856403503E0,2.046544189E0
1.499481338E2,-5.415737915E-1,1.022508682E1,2.410138092E0
1.499680328E2,-1.826801147E0,1.008707382E1,3.223845978E0
1.499879318E2,-1.323098602E0,9.316775665E0,2.289039917E0
1.500078318E2,8.701405334E-1,9.395212555E0,1.574425964E0
1.500277308E2,1.729503479E0,9.958491211E0,2.643053741E0
1.500476298E2,-1.565744019E0,9.622140656E0,3.397634583E0
1.500675288E2,-2.782264252E0,9.073980560E0,2.221829681E0
1.500874278E2,-2.823129272E-1,8.942104797E0,1.561702423E0
1.501073278E2,1.372795258E0,1.044378204E1,1.915267181E0
1.501272268E2,-1.208437042E0,1.004381378E1,2.610122223E0
1.501471258E2,-3.454216919E0,8.919501801E0,1.566342773E0
1.501670248E2,-3.229234772E0,8.709338837E0,1.121318207E0
1.501869238E2,-2.604883118E0,9.198521576E0,1.515747986E0
1.502068238E2,-3.711980896E0,8.346343689E0,1.675914917E0
1.502267228E2,-4.044738922E0,6.405180359E0,9.553134155E-1
1.502466218E2,-1.282832336E-1,6.365213470E0,2.449356537E0
1.502665207E2,1.134490814E0,8.866212616E0,4.624483337E0
1.502864197E2,-1.159638519E0,1.072878937E1,3.910767517E0
1.503063197E2,-7.307803345E-1,1.094778397E1,3.161874847E0
1.503262187E2,-3.817062378E-1,9.472901001E0,2.106419678E0
1.503461177E2,-1.717378693E0,9.317075043E0,1.691632233E0
1.503660167E2,-5.101990356E0,8.893455963E0,9.791139221E-1
1.503859167E2,-6.861132202E0,7.799680481E0,8.551716614E-1
1.504058157E2,-4.681963806E0,6.588099976E0,-2.986289978E-1
1.504257147E2,-3.319497070E0,6.246510315E0,-9.056167603E-1
1.504456137E2,-3.510948944E0,7.187154236E0,-8.113128662E-2
1.504655127E2,-4.913681946E0,7.954458618E0,1.884580994E-1
1.504854127E2,-4.048630829E0,7.745343475E0,6.477030945E-1
1.505053117E2,-3.319646759E0,8.258326721E0,7.770341492E-1
1.505252107E2,-5.125192108E0,8.223898315E0,2.745291138E-1
1.505451097E2,-6.095474396E0,7.530240784E0,-3.707789612E-1
1.505650087E2,-5.608536987E0,7.360643463E0,-1.775457916E0
1.505849087E2,-6.741381226E0,8.147407379E0,-1.322799225E0
1.506048077E2,-7.466623077E0,8.642128601E0,4.647834778E-1
1.506247067E2,-4.745581512E0,8.018375702E0,6.863227844E-1
1.506446057E2,-2.941083984E0,8.342002716E0,-1.274599457E0
1.506645047E2,-6.484066315E0,9.157357178E0,-3.818559265E-1
1.506844047E2,-8.731043701E0,6.612648926E0,-9.638456726E-1
1.507043037E2,-6.678062897E0,3.998185730E0,-9.392967224E-1
1.507242027E2,-6.361471252E0,4.973856812E0,-2.694396973E0
1.507441017E2,-8.606652374E0,6.871909790E0,-2.748883667E0
1.507640007E2,-9.409432983E0,6.190826111E0,-2.001637573E0
1.507839007E2,-7.258256378E0,5.294190674E0,-2.923420715E-1
1.508037997E2,-6.129753113E0,7.504943390E0,-1.647474060E0
1.508236987E2,-8.024063873E0,8.576115875E0,-1.938618622E0
1.508435977E2,-1.012614258E1,5.960604858E0,-1.692380676E0
1.508634977E2,-1.014889526E1,4.860542450E0,-2.112706604E0
1.508833967E2,-8.769813080E0,5.597609711E0,-2.309696960E0
1.509032957E2,-8.779692535E0,4.604874115E0,-2.974015503E0
1.509231947E2,-9.822124786E0,3.948638763E0,-3.579955444E0
1.509430937E2,-1.024948608E1,5.423222351E0,-3.237916718E0
1.509629937E2,-9.180708618E0,6.694828033E0,-1.736239471E0
1.509828927E2,-7.792345734E0,5.228177948E0,-1.545985107E0
1.510027917E2,-8.058043213E0,2.586621094E0,-2.131417694E0
1.510226907E2,-1.067280579E1,3.218008118E0,-3.265758820E0
1.510425907E2,-1.145672562E1,6.958729248E0,-2.154918823E0
1.510624897E2,-8.858728180E0,7.574099579E0,-1.811832275E0
1.510823887E2,-6.941964111E0,4.143832855E0,-2.377206573E0
1.511022877E2,-8.222102051E0,2.620001678E0,-2.502645721E0
1.511221867E2,-9.655371552E0,5.316793671E0,-1.934577026E0
1.511420867E2,-8.946146393E0,7.390431519E0,-3.309617615E-1
1.511619857E2,-6.907835083E0,4.162693634E0,-5.866300964E-1
1.511818847E2,-7.899073792E0,1.340163116E0,-1.967807922E0
1.512017837E2,-9.489366760E0,1.746418304E0,-3.260669403E0
1.512216827E2,-9.639953613E0,3.077749786E0,-4.003424835E0
1.512415827E2,-8.818910980E0,4.334236908E0,-2.656076660E0
1.512614826E2,-7.792944489E0,6.800657959E0,-1.716630249E0
1.512813816E2,-7.236102448E0,6.700965271E0,-2.008223877E0
1.513012806E2,-8.567433929E0,4.610861664E0,-2.796933746E0
1.513211806E2,-1.059541672E1,4.553381195E0,-2.294428711E0
1.513410796E2,-8.102949829E0,4.743635559E0,-2.688559113E0
1.513609786E2,-5.662275238E0,3.898942108E0,-3.310216370E0
1.513808776E2,-7.151378632E0,4.731510773E0,-2.246528320E0
1.514007766E2,-8.096513214E0,8.514144745E0,-2.069895630E0
1.514206766E2,-6.824159088E0,8.431067505E0,-1.569785614E0
1.514405756E2,-6.104455719E0,5.908662872E0,3.135978699E-1
1.514604746E2,-6.555318146E0,6.794520721E0,-5.545967102E-1
1.514803736E2,-6.162984009E0,7.632927246E0,-2.089055786E0
1.515002736E2,-8.478668518E0,6.932384033E0,-2.563868408E0
1.515201726E2,-9.984986115E0,7.154222717E0,6.162684631E-1
1.515400716E2,-5.251978455E0,8.234975281E0,2.609074402E-1
1.515599706E2,-2.274520111E0,6.824009399E0,-1.516047363E0
1.515798696E2,-6.282585297E0,6.087540894E0,-8.969348145E-1
1.515997696E2,-1.119117783E1,6.719526672E0,-6.598278809E-1
1.516196686E2,-7.891888733E0,6.334377594E0,-1.241218872E0
1.516395676E2,-4.220922546E0,5.921236725E0,-3.475472717E0
1.516594666E2,-6.310876465E0,6.397546234E0,-1.745520172E0
1.516793656E2,-8.048313446E0,5.424419861E0,-2.737507324E0
1.516992656E2,-8.054750061E0,6.795269165E0,-1.307830353E0
1.517191646E2,-6.849157104E0,9.000034332E0,1.438059540E0
1.517390636E2,-3.352278900E0,9.558822327E0,5.815406799E-1
1.517589626E2,-3.932771759E0,6.883585510E0,-1.557062073E0
1.517788626E2,-8.761879578E0,5.608237610E0,-3.173400879E0
1.517987616E2,-1.265019379E1,8.508157196E0,-5.649252319E-1
1.518186606E2,-6.098318481E0,9.019044800E0,-5.134323120E-1
1.518385596E2,-3.176394653E-1,5.365442505E0,-1.121916962E0
1.518584586E2,-2.582729187E0,-6.631210327E-2,-4.360432434E0
1.518783586E2,-9.605674896E0,-1.510508881E0,-2.967129822E0
1.518982576E2,-1.302022430E1,5.235812073E0,-1.694476318E-1
1.519181566E2,-8.316855011E0,1.799018921E1,9.774673462E-2
1.519380556E2,-2.292033691E0,1.209978836E1,-1.083896027E0
1.519579546E2,-3.516637115E0,2.237097931E0,-2.910846863E0
1.519778546E2,-7.728877716E0,-9.550140381E-2,-4.969216461E0
1.519977536E2,-1.002794678E1,4.433480530E0,-4.707710266E0
1.520176526E2,-9.937385101E0,1.092203751E1,-3.947141876E0
1.520375516E2,-7.377408600E0,1.228031296E1,-1.826651459E0
1.520574516E2,-4.942122803E0,6.690337372E0,-4.439168701E0
1.520773506E2,-7.623646545E0,3.269201660E0,-3.874692535E0
1.520972496E2,-1.335088669E1,4.563709717E0,-2.644999695E-1
1.521171486E2,-8.527467041E0,1.013781830E1,2.379751282E0
1.521370476E2,3.230282593E-1,1.006477020E1,-2.821183319E0
1.521569476E2,-1.398691406E0,5.023852844E0,-7.633376312E0
1.521768466E2,-9.728569336E0,2.566562805E0,-4.674778748E0
1.521967456E2,-1.413016617E1,3.578308868E0,-4.773423615E0
1.522166446E2,-6.725963287E0,3.378025360E0,-4.750820618E0
1.522365436E2,-3.655548248E0,4.767436066E0,-4.705764313E0
1.522564434E2,-4.441563721E0,8.258925476E0,-9.768685913E-1
1.522763424E2,-5.088668060E0,1.043045975E1,-1.124311981E0
1.522962414E2,-6.271957397E0,7.953859863E0,-1.778302002E0
1.523161404E2,-7.751929779E0,5.885161743E0,-2.274220734E0
1.523360404E2,-8.451425171E0,6.381529541E0,-1.056952057E0
1.523559394E2,-6.061045990E0,6.911577301E0,-1.185384979E0
1.523758384E2,-3.989204407E0,8.141419830E0,-1.394051056E0
1.523957374E2,-5.340594177E0,9.627978516E0,-3.739224243E-1
1.524156364E2,-6.665189667E0,8.401578827E0,-5.885760498E-1
1.524355364E2,-6.716682587E0,6.382727051E0,-1.770218811E0
1.524554354E2,-6.648873596E0,6.184239807E0,-2.411185913E0
1.524753344E2,-7.436086578E0,7.869884491E0,-2.421065369E0
1.524952334E2,-6.302044830E0,8.374784546E0,-1.375190277E0
1.525151324E2,-4.109254761E0,7.229516144E0,-6.771917725E-1
1.525350324E2,-3.458557892E0,8.172704773E0,-1.400038605E0
1.525549314E2,-5.954467621E0,1.051428543E1,-1.166374512E0
1.525748304E2,-8.178542633E0,8.924740906E0,-6.179150391E-1
1.525947294E2,-7.462282104E0,6.437812500E0,-4.117936707E-1
1.526146284E2,-5.487438812E0,6.710395660E0,-8.443940735E-1
1.526345284E2,-5.237159271E0,8.925639038E0,-6.965016174E-1
1.526544274E2,-5.976920929E0,1.006327332E1,-4.029620361E-1
1.526743264E2,-5.784870300E0,8.725804596E0,-3.736230469E-1
1.526942254E2,-5.073100433E0,7.648045807E0,-4.302053833E-1
1.527141254E2,-5.609734497E0,7.331753540E0,-4.715194702E-2
1.527340244E2,-6.110143890E0,7.669002228E0,4.092489624E-1
1.527539234E2,-5.514682159E0,8.141120453E0,3.812571716E-1
1.527738224E2,-4.631369019E0,8.365653534E0,2.547702026E-1
1.527937214E2,-4.630321198E0,8.782835999E0,6.527925110E-1
1.528136214E2,-4.950954437E0,8.947343903E0,6.927593994E-1
1.528335204E2,-4.737648010E0,8.323740692E0,-1.544787598E-1
1.528534194E2,-4.685706024E0,7.652686157E0,-2.835104370E-1
1.528733184E2,-5.206173706E0,7.910300446E0,3.936813354E-2
1.528932184E2,-5.488187256E0,8.662785645E0,1.052311707E-1
1.529131174E2,-5.183720398E0,8.580007782E0,-8.397537231E-2
1.529330164E2,-4.530179443E0,8.662037201E0,-1.103205872E-1
1.529529154E2,-4.543352051E0,9.236093445E0,1.719923401E-1
1.529728144E2,-4.899611206E0,9.009913788E0,5.929170227E-1
1.529927144E2,-4.792134705E0,8.033194885E0,8.792715454E-1
1.530126134E2,-3.843257904E0,8.163873138E0,5.809419250E-1
1.530325124E2,-3.048859863E0,9.187294922E0,8.096662903E-1
1.530524114E2,-3.306474152E0,9.767638092E0,1.267264709E0
1.530723104E2,-3.370241547E0,9.236093445E0,1.775906982E0
1.530922104E2,-2.770588531E0,9.203311615E0,1.652114410E0
1.531121094E2,-1.531465302E0,9.554331665E0,2.160157928E0
1.531320084E2,-4.420307922E-1,9.056466980E0,2.761158142E0
1.531519074E2,4.263134766E-1,8.313711548E0,2.241139526E0
1.531718064E2,-1.062789917E-2,7.856562195E0,2.002535706E0
1.531917064E2,-1.762734375E0,7.983947296E0,1.341360626E0
1.532116054E2,-3.359463959E0,8.345295868E0,1.084943848E0
1.532315044E2,-4.606371002E0,8.150401154E0,7.587721252E-1
1.532514034E2,-5.657634888E0,8.142467651E0,4.754113770E-1
1.532713030E2,-5.622308350E0,8.624016266E0,1.402882690E0
1.532912020E2,-4.666545868E0,8.887468414E0,1.776206360E0
1.533111010E2,-3.109783173E0,9.501641235E0,1.966011658E0
1.533310000E2,7.439529419E-1,1.069870193E1,2.558329926E0
1.533508990E2,2.677332458E0,1.040905426E1,1.352437592E0
1.533707990E2,1.436862030E0,9.599238281E0,2.667752380E0
1.533906980E2,-1.765428772E0,9.267827454E0,2.876568146E0
1.534105970E2,-1.962419128E0,8.941655731E0,2.360441437E0
1.534304960E2,-1.736538849E0,9.048832855E0,2.218686218E0
1.534503950E2,-2.981799316E0,9.251361694E0,2.617606659E0
1.534702950E2,-3.594175873E0,8.966953125E0,2.653232574E0
1.534901940E2,-1.401236115E0,9.270821228E0,2.889141998E0
1.535100930E2,3.549119568E-1,9.729467468E0,2.724334717E0
1.535299920E2,-4.894821167E-1,9.612410889E0,2.766996002E0
1.535498920E2,-3.242257690E-1,9.287885742E0,3.181184692E0
1.535697910E2,1.079854431E0,9.243128815E0,3.172951813E0
1.535896900E2,2.673440552E-1,1.003153931E1,3.897445221E0
1.536095890E2,-1.893412628E0,9.761800232E0,4.257745972E0
1.536294880E2,-1.291963348E0,9.020691376E0,3.338058472E0
1.536493880E2,5.718109131E-1,8.856632538E0,2.464624786E0
1.536692870E2,6.782395935E-1,9.517208862E0,2.560275879E0
1.536891860E2,-4.737648010E-1,9.790390778E0,3.271297302E0
1.537090850E2,-9.936337280E-1,9.213340759E0,3.320993958E0
1.537289840E2,-8.180488586E-1,9.160350952E0,2.805765381E0
1.537488840E2,-8.536747742E-1,9.444609833E0,2.790497131E0
1.537687830E2,-1.128353577E0,9.300758972E0,2.991828461E0
1.537886820E2,-9.556127930E-1,9.106313324E0,3.195405121E0
1.538085810E2,-3.034190369E-1,9.256301422E0,2.824925537E0
1.538284810E2,-3.809577942E-1,9.561516724E0,2.865640869E0
1.538483800E2,-1.161434784E0,9.342073059E0,2.514620819E0
1.538682790E2,-9.915380859E-1,9.136251068E0,2.462379456E0
1.538881780E2,-5.938151550E-1,8.994645538E0,2.590812378E0
1.539080770E2,-6.300398254E-1,9.233997803E0,3.310366058E0
1.539279770E2,-1.058299255E0,9.339977417E0,3.089724884E0
1.539478760E2,-8.967851257E-1,9.370364227E0,2.797532501E0
1.539677750E2,-7.051835632E-1,8.876690826E0,2.514620819E0
1.539876740E2,-9.771679688E-1,8.918004913E0,3.072061615E0
1.540075730E2,-1.634750519E0,9.122779083E0,3.259920959E0
1.540274730E2,-1.551224213E0,9.132209473E0,3.094664612E0
1.540473720E2,-8.144563293E-1,8.991352386E0,3.140619049E0
1.540672710E2,-6.858737183E-1,8.800199890E0,3.316503296E0
1.540871700E2,-1.128353577E0,8.756640472E0,3.332220612E0
1.541070700E2,-1.020577698E0,9.016200714E0,3.656296692E0
1.541269690E2,-8.152047729E-1,8.712931366E0,3.741170197E0
1.541468680E2,-9.072633362E-1,8.553961945E0,3.799698486E0
1.541667670E2,-1.527723083E0,8.685089264E0,3.674858093E0
1.541866660E2,-1.909279633E0,8.699758759E0,3.646267548E0
1.542065660E2,-1.836680603E0,8.497080231E0,3.774700470E0
1.542264650E2,-1.800006866E0,8.261470184E0,4.049678650E0
1.542463640E2,-1.641187134E0,8.392298126E0,4.417463837E0
1.542662632E2,-1.440155182E0,8.494834900E0,4.349505157E0
1.542861632E2,-1.372046814E0,8.293802948E0,4.008364563E0
1.543060622E2,-1.595981140E0,7.936346283E0,3.949087830E0
1.543259612E2,-1.989213409E0,7.642207947E0,4.178410950E0
1.543458602E2,-1.673669586E0,7.752378845E0,4.597090302E0
1.543657592E2,-1.321152649E0,8.001011810E0,4.681514740E0
1.543856592E2,-1.447938995E0,7.749235382E0,5.060077515E0
1.544055582E2,-1.676513672E0,7.641309814E0,5.452561340E0
1.544254572E2,-1.233584747E0,7.903265076E0,5.738167419E0
1.544453562E2,-1.238973541E0,7.850574646E0,5.879922638E0
1.544652562E2,-1.929188232E0,7.523504791E0,5.801785126E0
1.544851552E2,-1.740730133E0,7.921377411E0,6.005960541E0
1.545050542E2,-1.595382385E0,8.776698761E0,6.136638794E0
1.545249532E2,-2.148482208E0,9.137298889E0,6.613696747E0
1.545448522E2,-3.097209320E0,9.060508575E0,6.985523529E0
1.545647522E2,-3.426374817E0,8.501421204E0,7.078480225E0
1.545846512E2,-2.600093079E0,7.673193512E0,7.132817230E0
1.546045502E2,-1.905836792E0,7.339387665E0,7.018754425E0
1.546244492E2,-1.809287567E0,7.362290039E0,6.789431305E0
1.546443492E2,-1.943258972E0,7.775430908E0,6.951095123E0
1.546642482E2,-1.868414612E0,8.102949829E0,7.347321167E0
1.546841472E2,-2.066602478E0,8.124055939E0,7.520511017E0
1.547040462E2,-1.670975189E0,7.974516907E0,7.412585449E0
1.547239452E2,-8.981323242E-1,7.892188110E0,7.541766815E0
1.547438452E2,-5.710624695E-1,7.585475922E0,7.440876617E0
1.547637442E2,-1.081950073E0,7.522157593E0,7.178921356E0
1.547836432E2,-1.065334625E0,7.840994568E0,7.628586273E0
1.548035422E2,-8.223898315E-1,8.167465668E0,7.704628143E0
1.548234422E2,-4.890330505E-1,8.074808350E0,7.857460327E0
1.548433412E2,-3.182382202E-1,7.545209656E0,7.915240173E0
1.548632402E2,-4.041595459E-2,7.437583466E0,7.400460663E0
1.548831392E2,1.368154907E-1,7.945477295E0,7.640411682E0
1.549030382E2,-1.077758789E-2,8.057893524E0,7.148983612E0
1.549229382E2,-1.669029236E-1,7.768994293E0,7.257657623E0
1.549428372E2,-2.357597351E-1,7.677534485E0,7.161407776E0
1.549627362E2,-1.689985657E-1,7.543862457E0,7.101831665E0
1.549826352E2,3.140469360E-1,7.356003113E0,6.827901306E0
1.550025352E2,6.893165588E-1,7.294930115E0,6.446045380E0
1.550224342E2,6.875202942E-1,7.384294281E0,6.144721985E0
1.550423332E2,2.755769348E-1,7.379055176E0,5.913003845E0
1.550622322E2,-2.998265076E-1,7.178322601E0,5.739514618E0
1.550821312E2,-4.174818420E-1,7.219337311E0,5.731730804E0
1.551020312E2,-2.212399292E-1,7.156917114E0,5.714217224E0
1.551219302E2,-1.179547119E-1,6.936725006E0,5.806724854E0
1.551418292E2,-1.065783691E-1,6.684798889E0,5.549859009E0
1.551617282E2,-1.613644409E-1,6.907835083E0,5.931116180E0
1.551816282E2,-2.197430420E-1,7.092401276E0,6.181545410E0
1.552015272E2,-4.802014160E-1,6.950646057E0,6.037544861E0
1.552214262E2,-4.171824646E-1,6.819967804E0,6.061045990E0
1.552413252E2,-2.296224976E-1,6.994953918E0,6.423292694E0
1.552612238E2,-6.378236389E-1,7.493716736E0,6.497538300E0
1.552811238E2,-6.080355835E-1,7.529192963E0,6.343209229E0
1.553010228E2,-3.013233948E-1,7.315437469E0,6.311624908E0
1.553209218E2,-2.555186462E-1,7.103029175E0,6.126609650E0
1.553408208E2,-3.106040955E-1,6.970255280E0,6.145171051E0
1.553607208E2,-2.874023438E-1,6.860533447E0,6.154302063E0
1.553806198E2,4.670288086E-2,6.682104492E0,6.284680939E0
1.554005188E2,3.737727356E-1,6.791227570E0,6.129304047E0
1.554204178E2,4.466711426E-1,7.536228333E0,6.463409271E0
1.554403168E2,-7.604187012E-2,7.505991211E0,5.881419525E0
1.554602168E2,2.819836121E0,7.074438629E0,6.798262939E0
1.554801158E2,1.643582153E-1,6.680757294E0,6.679260406E0
1.555000148E2,-1.021176453E0,6.910529480E0,6.855593719E0
1.555199138E2,2.529739380E-1,7.353757782E0,7.078330536E0
1.555398138E2,1.088386688E0,6.861281891E0,7.125632172E0
1.555597128E2,5.646258545E-1,6.843468933E0,6.806795197E0
1.555796118E2,-3.574566650E-1,7.029831390E0,6.896907806E0
1.555995108E2,-9.190887451E-1,7.242239685E0,7.100933533E0
1.556194108E2,-5.463638306E-2,7.439679108E0,6.948400726E0
1.556393098E2,8.913963318E-1,7.582332458E0,6.606511688E0
1.556592088E2,7.667056274E-1,7.676187286E0,6.417155457E0
1.556791078E2,2.412982178E-1,7.690108337E0,6.276298370E0
1.556990068E2,3.728746033E-1,7.745343475E0,6.054609375E0
1.557189068E2,4.114942932E-1,7.574548645E0,5.816454620E0
1.557388058E2,1.981878662E-1,7.432494049E0,5.720055084E0
1.557587048E2,-9.714797974E-2,7.534282379E0,5.836961975E0
1.557786038E2,-5.448669434E-2,7.547754364E0,6.214177551E0
1.557985038E2,5.014572144E-1,7.615263977E0,5.999224548E0
1.558184028E2,9.217831421E-1,7.768245850E0,5.925278320E0
1.558383018E2,1.021924896E0,7.857011261E0,5.862708435E0
1.558582008E2,7.878117371E-1,8.108787689E0,5.882766724E0
1.558780998E2,5.105882263E-1,7.962841187E0,5.973029022E0
1.558979998E2,5.760021973E-1,7.804919586E0,6.204896851E0
1.559178988E2,1.056802368E0,7.942184143E0,6.061045990E0
1.559377978E2,1.151255951E0,8.029003601E0,5.885161743E0
1.559576968E2,6.914122009E-1,7.950866089E0,6.027216339E0
1.559775968E2,4.680766296E-1,8.032745819E0,6.212980042E0
1.559974958E2,7.328759766E-1,8.142317963E0,6.164780273E0
1.560173948E2,1.137035522E0,7.958949280E0,6.052513733E0
1.560372938E2,1.403032379E0,7.704478455E0,6.093678131E0
1.560571928E2,1.192570038E0,7.650291138E0,6.036646729E0
1.560770928E2,1.025816803E0,7.806416473E0,5.798042908E0
1.560969918E2,8.497828674E-1,7.783514099E0,5.643863525E0
1.561168908E2,6.337820435E-1,7.662715302E0,5.750741272E0
1.561367898E2,5.487588501E-1,7.706723785E0,5.809868317E0
1.561566898E2,8.095166016E-1,7.742649078E0,5.794151001E0
1.561765888E2,9.949809265E-1,7.723339233E0,5.812862091E0
1.561964878E2,8.303233337E-1,7.740852814E0,5.914051666E0
1.562163868E2,8.677455139E-1,7.832162933E0,5.973328400E0
1.562362868E2,1.275497589E0,7.892038422E0,5.864804077E0
1.562561858E2,1.520687714E0,7.874225464E0,5.796695709E0
1.562760850E2,1.150357819E0,7.871381378E0,5.845344543E0
1.562959840E2,8.723858643E-1,8.008945312E0,5.886958008E0
1.563158830E2,1.380130005E0,8.022566986E0,5.903573456E0
1.563357830E2,1.520388336E0,7.795788574E0,5.892646179E0
1.563556820E2,1.372645569E0,7.793692932E0,5.940696259E0
1.563755810E2,1.168170776E0,7.923023987E0,6.000871124E0
1.563954800E2,9.698332214E-1,7.803123322E0,6.056555328E0
1.564153800E2,1.378483429E0,7.785460052E0,5.973478088E0
1.564352790E2,1.530118103E0,7.965086517E0,5.847739563E0
1.564551780E2,1.172811127E0,7.988887024E0,5.824687500E0
1.564750770E2,8.210426331E-1,7.847580872E0,5.806126099E0
1.564949770E2,1.053509216E0,7.735913086E0,5.864355011E0
1.565148760E2,1.339414673E0,7.743397522E0,5.838907928E0
1.565347750E2,1.552571411E0,7.792944489E0,5.917494507E0
1.565546740E2,1.520538025E0,7.906857605E0,5.897885284E0
1.565745730E2,1.414109344E0,7.858358459E0,5.945935364E0
1.565944730E2,1.410067749E0,7.862100677E0,5.963299255E0
1.566143720E2,1.444945221E0,7.832013245E0,5.993237000E0
1.566342710E2,1.437161407E0,7.748786316E0,5.864205322E0
1.566541700E2,1.265618134E0,7.745493164E0,5.923781433E0
1.566740700E2,1.231489105E0,7.713908844E0,5.958359528E0
1.566939690E2,1.360371094E0,7.714806976E0,6.011798401E0
1.567138680E2,1.683698730E0,7.917186127E0,5.855223999E0
1.567337670E2,1.731748810E0,8.042924652E0,5.739215240E0
1.567536660E2,1.556463318E0,7.791148224E0,5.834566956E0
1.567735660E2,1.566043396E0,7.735014954E0,6.012995911E0
1.567934650E2,1.534908142E0,7.843389587E0,6.012546844E0
1.568133640E2,1.277593231E0,7.764803009E0,5.947731628E0
1.568332630E2,1.375938721E0,7.762557678E0,5.867199097E0
1.568531630E2,1.556014252E0,7.890840912E0,5.918841705E0
1.568730620E2,1.551972656E0,7.855364685E0,5.965095520E0
1.568929610E2,1.458866272E0,7.690108337E0,5.960604858E0
1.569128600E2,1.480122070E0,7.660469971E0,5.932164001E0
1.569327600E2,1.583107910E0,7.828869781E0,5.853128357E0
1.569526590E2,1.550326080E0,7.960146790E0,5.846841431E0
1.569725580E2,1.419797516E0,7.857160950E0,5.884862366E0
1.569924570E2,1.486408997E0,7.717651062E0,5.939798126E0
1.570123560E2,1.524579620E0,7.776478729E0,5.883814545E0
1.570322560E2,1.419198761E0,7.808063049E0,5.897436218E0
1.570521550E2,1.501826935E0,7.768994293E0,5.949228516E0
1.570720540E2,1.499880981E0,7.719147949E0,5.924829254E0
1.570919530E2,1.420396271E0,7.734416199E0,5.876779175E0
1.571118530E2,1.412762146E0,7.829318848E0,5.939798126E0
1.571317520E2,1.575623474E0,7.919730835E0,5.973478088E0
1.571516510E2,1.687141571E0,7.817792816E0,5.937253418E0
1.571715500E2,1.571731567E0,7.652835846E0,5.976022797E0
1.571914500E2,1.578467560E0,7.829318848E0,5.978866882E0
1.572113490E2,1.425635376E0,7.974217529E0,5.963748322E0
1.572312480E2,1.327888641E0,7.747289429E0,5.958808594E0
1.572511470E2,1.419947205E0,7.724536743E0,5.943989410E0
1.572710474E2,1.439107361E0,7.921826477E0,5.907016296E0
1.572909464E2,1.483415222E0,7.857909393E0,5.943839722E0
1.573108454E2,1.505269775E0,7.683222656E0,5.942492523E0
1.573307444E2,1.349892883E0,7.741750946E0,5.798042908E0
1.573506434E2,1.370699615E0,7.901169434E0,5.728587341E0
1.573705434E2,1.381028137E0,7.771988068E0,5.763913879E0
1.573904424E2,1.260079651E0,7.544161835E0,5.830076294E0
1.574103414E2,1.462309113E0,7.683072968E0,5.942941589E0
1.574302404E2,1.654359741E0,8.153694305E0,5.961353302E0
1.574501404E2,1.368005219E0,8.077502747E0,5.959706726E0
1.574700394E2,1.424587555E0,7.703430634E0,5.960904236E0
1.574899384E2,1.257385254E0,7.492968292E0,5.971831512E0
1.575098374E2,1.106499023E0,7.776778107E0,6.074068909E0
1.575297374E2,1.199605408E0,7.890541534E0,6.274053040E0
1.575496364E2,1.079555054E0,7.861501923E0,6.225853271E0