"Time (s)","X (m/s^2)","Y (m/s^2)","Z (m/s^2)"
-1.176375001E-3,1.938793454E-1,-4.461834848E-2,6.105838001E-2
8.773624999E-3,2.187136397E-1,-4.453824162E-2,1.762070131E-1
1.872262500E-2,2.128270650E-1,3.065636694E-2,1.369119698E-1
4.867262500E-2,2.112403864E-1,9.760172367E-2,7.401098594E-2
6.867262500E-2,2.231410417E-1,1.389830536E-1,3.398401737E-2
8.867262500E-2,1.617715533E-1,6.003160894E-2,3.613740072E-2
1.086726250E-1,6.693775535E-2,1.059047699E-2,-1.068017328E-1
1.286726250E-1,3.810286917E-2,6.691612065E-2,1.937726337E-1
1.486726250E-1,-4.027162338E-1,1.925558281E-1,-5.067596157E-1
1.686726250E-1,-3.692256118E-1,6.785044724E-1,-8.245264041E-1
1.886726250E-1,9.448742352E-2,1.469044520E0,-5.021223351E-1
2.086726250E-1,-4.595370635E-2,1.772356553E0,-3.741185984E-1
2.286726250E-1,-8.406285397E-1,1.749114456E0,-1.481327766E-1
2.486726250E-1,-6.054808619E-1,1.610614382E0,-3.216412997E-1
2.686726250E-1,5.437955873E-1,8.461575937E-1,7.805155814E-3
2.886726250E-1,8.072438619E-1,3.828154546E-1,-3.590278119E-2
3.086726250E-1,5.199538578E-1,5.309184104E-1,3.269657743E-1
3.286726250E-1,-3.571406230E-2,8.200795966E-1,-2.827821663E-1
3.486726250E-1,-1.510585772E-1,9.381816584E-1,-5.092299181E-1
3.686726250E-1,-1.115730608E-1,1.238366016E0,-6.788421491E-1
3.886726250E-1,9.713467732E-3,1.578496211E0,-4.755502483E-1
4.086726250E-1,8.907867596E-3,1.494625504E0,-1.693926680E-1
4.286726250E-1,-4.170614272E-2,1.190047549E0,-4.691455007E-1
4.486726250E-1,-3.776510476E-1,9.521272677E-1,-6.400525975E-1
4.686726250E-1,-6.063491734E-1,7.839794719E-1,-2.169714618E-1
4.886726250E-1,-3.411875915E-1,5.145795357E-1,-7.436488867E-2
5.086726250E-1,3.059800442E-1,2.098051143E-1,6.367857581E-1
5.286726250E-1,5.394585612E-1,-8.388123214E-2,3.884363830E-1
5.486726250E-1,1.891102101E-1,-4.403801233E-1,5.539289582E-1
5.686726250E-1,-1.207781862E-1,-6.632572728E-1,4.359274685E-1
5.886726250E-1,1.923080523E-1,-6.718836701E-1,9.509589940E-1
6.086726250E-1,4.138105215E-1,-4.757961237E-1,1.008627158E0
6.286726250E-1,4.066770646E-1,-5.984239304E-1,9.019897324E-1
6.486726250E-1,3.729438928E-1,-1.211934262E0,6.103668684E-1
6.686726250E-1,5.817215051E-1,-1.756230517E0,3.235603559E-1
6.886726250E-1,5.862662534E-1,-1.597694959E0,8.828243136E-2
7.086726250E-1,5.608906531E-1,-1.244017934E0,3.609404361E-1
7.286726250E-1,7.013669394E-1,-8.107831085E-1,6.455051261E-1
7.486726250E-1,4.962666410E-1,-5.133229691E-1,2.067394191E-1
7.686726250E-1,1.242337444E-1,-7.893483853E-1,-5.726646066E-2
7.886726250E-1,5.665920538E-1,-1.029587088E0,5.451499486E-1
8.086726250E-1,6.686819541E-1,-5.756072178E-1,2.124866474E-1
8.286726250E-1,2.414563119E-1,-6.389717397E-1,-3.477830315E-1
8.486726250E-1,4.215598364E-1,-1.386704322E0,-2.503356743E-1
8.686726250E-1,1.018112365E0,-1.523692890E0,-5.606760603E-1
8.886726250E-1,5.803371402E-1,-1.239422607E0,-9.876800931E-1
9.086726250E-1,8.653930329E-2,-1.431627895E0,-1.268441754E0
9.286726250E-1,-2.391673371E-2,-1.757881771E0,-1.319455787E0
9.486726250E-1,-1.779156609E-1,-1.859407268E0,-1.242570748E0
9.686726250E-1,7.576075609E-2,-1.678414309E0,-4.595408642E-1
9.886726250E-1,1.137349043E-1,-1.536535422E0,-7.795502061E-1
1.008672625E0,4.082768628E-1,-2.135883505E0,-1.856391567E-1
1.028672625E0,5.318653670E-1,-2.591997316E0,8.656919718E-2
1.048672625E0,2.304065361E-1,-2.477110054E0,2.821825343E-1
1.068672625E0,2.860253976E-1,-2.244613357E0,6.657639742E-1
1.088672625E0,2.912203928E-1,-2.150163867E0,6.797622085E-1
1.108672625E0,2.980590039E-1,-2.232427175E0,1.246240461E0
1.128672625E0,7.143563828E-1,-1.865274365E0,1.047616977E0
1.148672625E0,1.123119661E0,-1.610960245E0,8.712877572E-1
1.168672625E0,1.576379081E0,-1.657476892E0,1.250128859E0
1.188672625E0,2.597365060E0,-8.063997433E-1,2.011074395E0
1.208672625E0,2.961966438E0,3.627861097E-1,1.430757537E0
1.228672625E0,2.885846800E0,-2.632396021E-1,1.337883287E0
1.248672625E0,2.056217823E0,-1.199674990E0,7.308393914E-1
1.268672625E0,2.485723295E0,-9.663909656E-1,4.778011340E-1
1.288672625E0,2.387132514E0,6.467464900E-1,3.540962702E-1
1.308672625E0,1.736244149E0,1.270653171E0,-5.061940438E-1
1.328672625E0,1.441734222E0,9.695931932E-1,7.734211546E-1
1.348672625E0,5.000202611E-2,2.556006827E0,-4.991423017E-1
1.368672625E0,-7.939653468E-1,3.417138847E0,6.263970101E-1
1.388672625E0,-2.501731217E-1,3.447862165E0,1.373102821E0
1.408672625E0,-2.667325534E0,3.555953794E0,9.682386857E-1
1.428672625E0,-2.814849323E0,3.382387383E0,1.484868840E0
1.448672625E0,-2.601871217E0,4.376073736E0,1.664684755E0
1.468672625E0,-3.216943632E0,4.752693773E0,2.302762163E0
1.488672625E0,-2.420529033E0,3.632839709E0,2.785083779E0
1.508672625E0,-9.947311042E-1,2.908359457E0,2.513947220E0
1.528672625E0,-1.140541221E0,2.578868271E0,2.228845755E0
1.548672625E0,-4.921887928E-1,2.550717435E0,3.207029970E0
1.568672625E0,-1.139116547E-1,3.535990522E0,2.991409800E0
1.588672625E0,-8.686889622E-1,2.861599566E0,2.191182670E0
1.608672625E0,-6.398790814E-1,1.481354956E0,1.207354138E0
1.628672625E0,4.736934650E-1,2.212643998E0,2.206670775E0
1.648672625E0,-1.184214659E-1,3.559139064E0,1.837642470E0
1.668672625E0,-2.074638891E-1,2.692548668E0,1.589963186E0
1.688672625E0,-3.431429735E-1,1.140937662E0,2.072536232E0
1.708672625E0,-1.438485217E0,1.242810777E0,8.194282168E-1
1.728672625E0,-1.045559927E0,1.517513553E0,-3.183925867E-2
1.748672625E0,-1.004562174E0,1.499312924E0,-8.013258219E-2
1.768672625E0,-6.498101386E-1,2.005989071E0,7.101688993E-1
1.788672625E0,-9.320768729E-1,2.368220280E0,-3.498441750E-1
1.808672625E0,-7.590060139E-1,1.367766652E0,-3.417855424E-1
1.828672625E0,-5.492549863E-1,7.533751452E-1,-1.061347409E0
1.848672625E0,-1.138554337E0,7.870980844E-1,-1.587772234E0
1.868672625E0,-5.722900924E-1,7.009598270E-1,-6.827460426E-1
1.888672625E0,-1.139522928E-1,7.300465089E-1,-6.549051100E-1
1.908672625E0,-2.226657727E-1,7.276716623E-1,-3.428637689E-1
1.928672625E0,-5.482137434E-1,5.986800385E-1,-1.563671765E0
1.948672625E0,-9.253344485E-1,-3.430757305E-1,-1.640350982E0
1.968672625E0,-6.586433811E-1,-7.982206580E-1,-1.634275725E0
1.988672625E0,-2.337202263E-1,-4.791000929E-1,-9.080000854E-1
2.008672625E0,-1.723308939E-1,-2.099042246E-1,-1.765525251E0
2.028672625E0,4.121654074E-1,-3.309465587E-1,-2.061969144E0
2.048672625E0,3.348983263E-1,-1.618170154E-1,-1.469990015E0
2.068672625E0,2.618968622E-1,3.842643946E-2,-2.642873062E0
2.088672625E0,1.088632929E0,-2.527532056E-1,-3.273849612E0
2.108672625E0,1.566356661E0,-1.970312870E-1,-2.792909693E0
2.128672625E0,1.300648364E0,8.469914067E-1,-2.611484624E0
2.148672625E0,5.577270536E-1,1.221677185E0,-2.588168852E0
2.168672625E0,1.496421622E-1,-2.507943884E-1,-2.946856356E0
2.188672625E0,5.030114774E-1,-1.724739460E0,-1.966243792E0
2.208672625E0,4.379999776E-1,-1.389275343E0,-1.624758797E0
2.228672625E0,1.675252501E-1,-5.463766944E-1,-1.269172071E0
2.248672625E0,5.093561814E-1,-1.121222897E0,-9.722586465E-1
2.268672625E0,3.859744859E-1,-1.888706497E0,-1.787695554E0
2.288672625E0,1.100986926E0,-1.770188406E0,-1.259735250E0
2.308672625E0,1.111465210E0,-5.838687488E-1,-7.591141874E-1
2.328672625E0,3.842643946E-1,1.498992205E-1,-1.358275452E0
2.348672625E0,3.579392796E-1,-4.519318825E-1,-1.803912807E0
2.368672625E0,8.597709350E-2,-1.649825225E0,-2.281949583E0
2.388672625E0,9.360875512E-1,-1.450715546E0,-2.062293080E0
2.408672625E0,1.425279719E0,4.429031968E-2,-1.691795955E0
2.428672625E0,1.255144162E0,1.076780842E0,-2.053292461E0
2.448672625E0,9.862940106E-1,4.281071100E-1,-2.284043471E0
2.468672625E0,1.192103284E0,-7.045906556E-1,-2.743936923E0
2.488672625E0,1.238767865E0,-6.092373325E-1,-2.424353843E0
2.508672625E0,1.468388609E0,3.328444187E-1,-1.496768509E0
2.528672625E0,1.511045801E0,7.003050850E-1,-9.728942388E-1
2.548672625E0,1.477765935E0,-5.808331668E-3,-8.263343632E-1
2.568672625E0,1.438894961E0,-5.610533519E-1,-1.102284350E0
2.588672625E0,1.640858813E0,2.189637543E-1,-8.921500379E-1
2.608672625E0,2.231883238E0,1.300772033E0,5.160255522E-1
2.628672625E0,1.860277334E0,6.752931815E-1,1.407976200E0
2.648672625E0,2.069005099E-1,-2.051304992E0,1.128503850E0
2.668672625E0,-2.637917986E-1,-3.398871561E0,5.017671168E-1
2.688672625E0,-4.806985755E-1,-1.923516433E0,4.207597911E-1
2.708672625E0,-6.069290710E-1,-7.264376074E-2,1.491653949E-1
2.728672625E0,-2.556274775E-1,1.523553434E-1,-8.776436806E-2
2.748672625E0,9.708570689E-3,-9.435534954E-1,-4.594777143E-1
2.768672625E0,-4.189143368E-1,-1.225488108E0,-6.852387106E-1
2.788672625E0,-6.670426141E-1,-2.333386955E-1,-3.636172915E-1
2.808672625E0,-9.049851148E-1,2.835645238E-1,1.714169741E-2
2.828672625E0,-1.107587190E0,-4.869283453E-1,1.375259274E-1
2.848672625E0,-9.421615657E-1,-1.501659120E0,-9.897581935E-3
2.868672625E0,-3.848184183E-1,-1.404167031E0,1.026940638E-1
2.888672625E0,2.632373364E-1,-4.521578774E-1,2.092227316E-1
2.908672625E0,4.215091118E-1,-6.364489585E-2,2.306533617E-1
2.928672625E0,3.193458290E-1,-7.851860449E-1,9.134461820E-2
2.948672625E0,5.174128041E-1,-1.602648428E0,2.585428262E-1
2.968672625E0,4.258638988E-1,-1.522417320E0,5.115132558E-1
2.988672625E0,2.002685979E-1,-8.797261664E-1,5.303488916E-1
3.008672625E0,2.918117291E-1,-8.453731897E-1,4.344463688E-1
3.028672625E0,1.270588267E-1,-1.301690484E0,2.795121109E-1
3.048672625E0,2.094235834E-1,-1.372455242E0,1.444016683E-1
3.068672625E0,1.745510086E-1,-1.190037901E0,2.639491618E-2
3.088672625E0,2.252203482E-1,-1.467353213E0,2.499836719E-1
3.108672625E0,-5.233579606E-2,-1.795662385E0,3.055713969E-1
3.128672625E0,3.420065671E-2,-1.867728149E0,4.196909201E-1
3.148672625E0,2.060278130E-1,-1.705265016E0,4.920010972E-1
3.168672625E0,9.148553610E-2,-1.431960309E0,2.910831660E-1
3.188672625E0,1.305763654E-1,-1.091170840E0,6.763269693E-1
3.208672625E0,4.649106547E-2,-7.185172614E-1,7.196203387E-1
3.228672625E0,-4.159694597E-2,-9.034240544E-1,1.092964473E0
3.248672625E0,7.137754619E-2,-1.073678894E0,1.906378244E0
3.268672625E0,1.329763551E-1,-6.689752650E-1,1.409740890E0
3.288672625E0,2.645971794E-1,-4.706687003E-2,6.796622211E-1
3.308672625E0,-1.573623142E-1,6.840979189E-1,-3.243105537E-1
3.328672625E0,6.526714736E-1,1.104796022E0,-5.597592169E-1
3.348672625E0,1.405076566E0,1.268091213E0,-3.509510529E-1
3.368672625E0,7.949834932E-1,1.348786298E0,-1.680969250E-1
3.388672625E0,-4.684336022E-2,1.320451275E0,6.385036701E-1
3.408672625E0,-8.659412093E-1,1.319232423E0,7.588797140E-1
3.428672625E0,-1.272915751E0,1.015009979E0,5.145286649E-1
3.448672625E0,-8.556977646E-1,4.692454880E-1,3.902507740E-1
3.468672625E0,1.460400581E-1,8.189025521E-2,3.257355201E-1
3.488672625E0,1.394120053E0,-1.128436607E-1,1.916518486E-1
3.508672625E0,1.872010942E0,-3.337070292E-1,5.027202129E-2
3.528672625E0,1.279318306E0,-1.187686443E-1,-3.749848634E-1
3.548672625E0,5.130197909E-1,4.625972039E-1,-9.111599207E-1
3.568672625E0,1.301764159E-1,6.170990601E-1,-1.007755923E0
3.588672625E0,-1.248760611E-2,2.881402624E-1,-1.001552027E0
3.608672625E0,2.120071757E-1,1.012454161E-1,-9.727082974E-1
3.628672625E0,6.615270817E-1,6.381741795E-1,-5.677757496E-1
3.648672625E0,1.002251647E0,1.406462941E0,-3.053006709E-1
3.668672625E0,1.090482038E0,1.622820445E0,1.473264456E-2
3.688672625E0,9.319314234E-1,8.439961705E-1,3.965996808E-1
3.708672625E0,6.538458869E-1,-1.786467639E-1,1.338842815E-1
3.728672625E0,6.641201757E-1,-6.068009439E-1,5.251185572E-1
3.748672625E0,6.909347758E-1,-1.821299502E-1,8.700317752E-1
3.768672625E0,5.553495392E-1,1.383609098E-1,8.338410187E-1
3.788672625E0,8.292521238E-2,-5.584991419E-1,4.850312161E-1
3.808672625E0,-2.817444317E-1,-1.240475106E0,2.876549435E-1
3.828672625E0,-1.463005516E-1,-1.105288065E0,2.850248659E-1
3.848672625E0,-3.965347767E-2,-4.742854956E-1,2.400691330E-2
3.868672625E0,-1.548675996E-1,-3.219725445E-1,-1.328879160E-1
3.888672625E0,-3.474355607E-1,-2.923596132E-1,-1.246462655E-1
3.908672625E0,-3.126093981E-1,6.863286316E-2,-4.916455865E-2
3.928672625E0,-3.246758585E-1,2.742738828E-1,-5.831135809E-2
3.948672625E0,-6.509336811E-1,1.271082357E-1,-4.712797344E-2
3.968672625E0,-7.565819044E-1,3.320078284E-2,-8.143592656E-2
3.988672625E0,-6.615001845E-1,7.786415488E-2,2.174328071E-1
4.008672625E0,-7.173462103E-1,-9.311398566E-3,1.925932503E-1
4.028672625E0,-7.993851310E-1,1.666593871E-1,1.870728940E-1
4.048672625E0,-7.240917045E-1,5.344340488E-1,2.085643351E-2
4.068672625E0,-8.203421366E-1,7.041795963E-1,1.232183754E-2
4.088672625E0,-9.613367786E-1,4.468334028E-1,4.298229754E-2
4.108672625E0,-9.867474622E-1,4.013587296E-2,2.286430889E-1
4.128672625E0,-1.028543067E0,-2.985915756E-1,2.054664803E-1
4.148672625E0,-1.192301504E0,-6.401218870E-1,1.233294725E-1
4.168672625E0,-1.105696347E0,-8.217685649E-1,1.719239277E-1
4.188672625E0,-1.112688082E0,-6.224779138E-1,1.735441911E-1
4.208672625E0,-1.169681843E0,-3.745512924E-1,2.078334332E-1
4.228672625E0,-9.303672201E-1,-2.621546513E-1,1.120355755E-1
4.248672625E0,-8.689686783E-1,-3.522772014E-1,2.935477674E-2
4.268672625E0,-7.922554748E-1,-4.360499677E-1,-7.340009809E-2
4.288672625E0,-8.458049335E-1,-2.804654995E-1,-1.249661082E-1
4.308672625E0,-8.402255934E-1,-2.066259831E-2,5.884053111E-3
4.328672625E0,-6.783343915E-1,1.872073799E-1,4.188009739E-2
4.348672625E0,-8.508455258E-1,-3.972978383E-2,2.619564307E-1
4.368672625E0,-9.384738730E-1,-1.720052040E-1,2.380711395E-1
4.388672625E0,-6.999666774E-1,-2.667207420E-3,4.295089799E-1
4.408672625E0,-3.866602913E-1,9.941143692E-3,3.119308287E-1
4.428672625E0,-2.202603744E-1,-2.355743784E-1,9.750407517E-2
4.448672625E0,-4.026743531E-1,-3.076076898E-1,4.585795820E-2
4.468672625E0,-4.212813628E-1,1.644441694E-2,5.268107414E-2
4.488672625E0,-2.344721782E-1,1.565206075E-1,8.102486730E-3
4.508672625E0,-6.314232767E-2,-3.275259376E-2,-1.174869347E-1
4.528672625E0,-1.462776013E-1,-2.250631312E-1,-1.425843537E-2
4.548672625E0,-9.823980108E-2,-3.324492931E-1,1.604183614E-2
4.568672625E0,6.056268230E-2,-3.510416847E-1,2.243108869E-2
4.588672625E0,1.418373719E-1,-4.130166158E-1,-1.119706714E-1
4.608672625E0,1.371607688E-1,-6.763497734E-1,-4.375681973E-1
4.628672625E0,2.405450964E-1,-8.239174166E-1,-7.616893011E-1
4.648672625E0,2.903858855E-1,-9.394236070E-1,-9.860405338E-1
4.668672625E0,3.531608619E-1,-1.072008345E0,-1.308280588E0
4.688672625E0,3.379857293E-1,-1.301539626E0,-1.540421482E0
4.708672625E0,1.137080985E-1,-1.492668441E0,-1.724425757E0
4.728672625E0,-4.013660386E-1,-1.245667434E0,-2.134678686E0
4.748672625E0,-1.022631971E-1,-8.260902420E-1,-2.637132266E0
4.768672625E0,1.160977093E-1,-1.028096925E0,-3.171345583E0
4.788672625E0,2.141582932E-1,-1.829897833E0,-3.012221210E0
4.808672625E0,3.542508560E-1,-2.301245103E0,-2.713795695E0
4.828672625E0,-4.507883133E-1,-1.975522446E0,-3.577238243E0
4.848672625E0,-4.740817932E-1,-1.364908825E0,-4.334457348E0
4.868672625E0,-1.055704553E-1,-1.073636502E0,-3.830250773E0
4.888672625E0,1.173441164E-2,-1.123100730E0,-2.979583806E0
4.908672625E0,-1.984812503E-1,-1.229536720E0,-3.133294827E0
4.928672625E0,-2.742194306E-1,-9.541667765E-1,-2.686076970E0
4.948672625E0,-1.108227899E-1,-7.957797378E-2,-1.605006902E0
4.968672625E0,-2.113524337E-1,3.956287506E-1,-1.167551556E0
4.988672625E0,-3.886968034E-1,-2.536045602E-1,-7.486160964E-1
5.008672625E0,1.089980201E-1,-3.981904158E-1,1.817022264E-2
5.028672625E0,7.167737679E-1,8.527336648E-1,-2.173714113E-1
5.048672625E0,5.413872653E-1,1.563943661E0,6.174864382E-1
5.068672625E0,1.437765279E-1,8.992488500E-1,8.747329366E-1
5.088672625E0,2.133861684E-1,3.001726627E-1,1.431346936E0
5.108672625E0,2.471194133E-2,1.334538387E0,1.783626477E0
5.128672625E0,-5.018730976E-2,2.050252786E0,1.970757843E0
5.148672625E0,8.050933291E-1,1.490661677E0,1.433945439E0
5.168672625E0,1.333449928E0,1.131121941E0,1.967389846E0
5.188672625E0,9.786308690E-1,4.686090186E-1,1.532534757E0
5.208672625E0,9.941284025E-1,-2.731070709E-1,1.493084178E0
5.228672625E0,-1.739585394E-1,8.686331213E-3,1.489874641E0
5.248672625E0,8.520920791E-2,9.701577419E-1,1.176580827E0
5.268672625E0,-1.486577835E-1,1.306845682E0,1.086845362E0
5.288672625E0,5.180408681E-1,7.330794597E-1,1.358226335E0
5.308672625E0,6.763026302E-1,9.858364660E-1,2.297607842E0
5.328672625E0,-1.898832120E-2,1.909207712E0,1.720676522E0
5.348672625E0,4.082410486E-1,2.250753811E0,1.738584205E0
5.368672625E0,6.363136686E-1,1.296815660E0,2.223405506E0
5.388672625E0,4.867918128E-1,9.361333787E-2,1.425642393E0
5.408672625E0,6.099307392E-1,-3.059345090E-1,1.456275955E0
5.428672625E0,5.539923274E-1,2.764089936E-1,2.200896065E0
5.448672625E0,5.334860690E-2,5.171385697E-1,1.830401278E0
5.468672625E0,-6.891886510E-2,4.702696279E-1,1.574319545E0
5.488672625E0,1.976670255E-1,5.764819613E-1,1.545812615E0
5.508672625E0,6.296495969E-1,6.796397093E-1,1.912976827E0
5.528672625E0,1.859113446E-1,1.041114289E0,2.523176465E0
5.548672625E0,4.356129614E-1,1.202515275E0,2.506547568E0
5.568672625E0,3.978810981E-2,1.135228440E0,2.338496836E0
5.588672625E0,2.496030182E-3,1.657470168E0,2.540156779E0
5.608672625E0,1.856843995E-1,2.136873146E0,2.966280806E0
5.628672625E0,4.025894954E-1,1.999621453E0,3.385699831E0
5.648672625E0,1.728920073E-1,1.499768130E0,2.854393750E0
5.668672625E0,-4.324121225E-1,1.673278407E0,1.660211635E0
5.688672625E0,7.495633453E-2,1.541441236E0,2.321868525E0
5.708672625E0,-1.356658185E-1,6.934885472E-1,2.746206227E0
5.728672625E0,-2.798855288E-1,6.454981095E-1,2.435835435E0
5.748672625E0,1.885075814E-1,1.569688843E0,2.370707978E0
5.768672625E0,-1.311284888E-1,2.242235295E0,2.994297740E0
5.788672625E0,1.144547148E-1,1.955873463E0,3.040488405E0
5.808672625E0,1.688545049E-1,1.467006181E0,1.906702765E0
5.828672625E0,4.899747446E-1,1.239811447E0,2.025428140E0
5.848672625E0,-2.027437974E-1,1.179327556E0,2.049397046E0
5.868672625E0,-5.782624385E-1,9.877920672E-1,1.878353124E0
5.888672625E0,-5.034842248E-1,9.709327903E-1,2.177194961E0
5.908672625E0,-4.924264821E-1,1.051336391E0,2.207270114E0
5.928672625E0,5.319036663E-2,1.048198483E0,1.779871395E0
5.948672625E0,1.148227970E-1,1.183966152E0,1.701728035E0
5.968672625E0,4.856426156E-1,1.218350704E0,1.751584904E0
5.988672625E0,5.305871657E-1,6.850428289E-1,1.253065916E0
6.008672625E0,2.332373194E-1,2.478769201E-1,1.018179755E0
6.028672625E0,-1.670145323E-1,5.097669849E-1,9.660307771E-1
6.048672625E0,-2.106397312E-1,6.817078695E-1,7.504766804E-1
6.068672625E0,5.362941943E-2,2.233455116E-1,-5.350225711E-1
6.088672625E0,5.397571347E-1,-6.430861330E-1,-1.178235004E0
6.108672625E0,3.176996917E-2,-1.564129018E0,-4.451496971E-1
6.128672625E0,-2.329444470E-1,-1.090950692E0,4.299808502E-2
6.148672625E0,-8.983150497E-2,8.770580819E-1,-2.569227966E0
6.168672625E0,6.265770312E-1,1.366606565E0,-2.239464299E0
6.188672625E0,7.283991290E-1,-2.688312945E-1,-1.847750552E0
6.208672625E0,4.791859739E-1,-1.803935903E0,-2.672368172E0
6.228672625E0,5.002972730E-1,-1.795621455E0,-4.665952376E0
6.248672625E0,1.230928065E-1,-9.566720161E-1,-4.820884295E0
6.268672625E0,-3.579084355E-1,-3.370434505E-1,-4.631672489E0
6.288672625E0,-1.130835939E0,-5.958643118E-1,-5.452220448E0
6.308672625E0,-1.275421283E0,-1.446403809E0,-5.044485329E0
6.328672625E0,-1.364402749E0,-1.439048304E0,-4.583092652E0
6.348672625E0,-9.835595602E-1,-7.645687625E-1,-3.460874559E0
6.368672625E0,-5.202587901E-1,-5.480647856E-1,-2.654314894E0
6.388672625E0,-1.303838459E-1,-9.445387512E-1,-1.634818347E0
6.408672625E0,-1.455695035E-1,-1.412346409E0,-3.619876724E-1
6.428672625E0,-3.564258009E-2,-1.623592862E0,2.683567929E-1
6.448672625E0,3.438491710E-1,-1.690400663E0,1.338065135E-1
6.468672625E0,5.169182758E-1,-1.186507498E0,1.817694694E-1
6.488672625E0,7.112142353E-1,6.403636694E-2,3.788954812E-1
6.508672625E0,3.511141902E-1,1.036474961E0,-2.875140256E-1
6.528672625E0,-9.768621594E-2,6.384801351E-1,-5.948735011E-1
6.548672625E0,-4.580182493E-1,-5.170917919E-1,-7.073505414E-1
6.568672625E0,-6.178536433E-1,-8.479401174E-1,-6.046477067E-1
6.588672625E0,-6.120960362E-1,-3.399211577E-1,-9.684158564E-2
6.608672625E0,-7.306569582E-1,-5.065384448E-2,-2.853505558E-1
6.628672625E0,-6.360503246E-1,-4.594443852E-1,-2.535510582E-1
6.648672625E0,-1.682071450E-1,-9.501655269E-1,5.170517385E-2
6.668672625E0,-8.139411896E-2,-8.454679146E-1,2.167475134E-1
6.688672625E0,-2.042216080E-1,-2.531611951E-1,3.407365519E-1
6.708672625E0,-3.735115112E-1,3.108314060E-1,6.945322752E-3
6.728672625E0,-3.403643766E-1,3.335216725E-1,1.159912169E-2
6.748672625E0,-3.073042193E-1,-1.805688898E-1,8.846837282E-3
6.768672625E0,-2.273900306E-1,-5.851520665E-1,2.765206754E-2
6.788672625E0,-7.880643368E-2,-4.773169845E-1,1.604739100E-1
6.808672625E0,-3.929488255E-1,-2.801855640E-1,-7.703004956E-2
6.828672625E0,-3.711555219E-1,-1.563757427E-1,-7.176872492E-3
6.848672625E0,-4.848968764E-1,-1.100314423E-1,6.216701210E-2
6.868672625E0,-3.986536615E-1,-3.379972775E-1,5.147596300E-2
6.888672625E0,-2.677575995E-1,-6.232684574E-1,1.998940837E-1
6.908672625E0,-8.631835163E-2,-6.708595303E-1,1.802521169E-1
6.928672625E0,-1.580063850E-3,-4.106020081E-1,2.942798388E-1
6.948672625E0,-3.824605286E-1,-3.701957014E-1,1.283610016E-1
6.968672625E0,-2.581642190E-1,-4.655928786E-1,-4.849037468E-2
6.988672625E0,-1.463265717E-2,-4.403612660E-1,-3.078079569E-1
7.008672625E0,5.206721883E-1,5.405093059E-2,-5.481367064E-1
7.028672625E0,1.004845472E0,5.978927109E-1,-7.021728319E-1
7.048672625E0,1.536608366E0,6.450895353E-1,-9.388915104E-1
7.068672625E0,1.641229380E0,1.695025957E-1,-8.263653535E-1
7.088672625E0,1.196423353E0,7.193858653E-2,-9.607700372E-1
7.108672625E0,8.370382762E-1,6.393187720E-1,-8.974207181E-1
7.128672625E0,1.049614971E0,1.086214301E0,-4.928173685E-1
7.148672625E0,9.251607862E-1,6.188826071E-1,-2.395738739E-1
7.168672625E0,9.772463214E-1,-4.731964517E-1,-5.144304317E-1
7.188672625E0,1.306560776E0,-1.189504489E0,-1.026568170E0
7.208672625E0,1.600375323E0,-1.156464651E0,-1.065199555E0
7.228672625E0,1.269127340E0,-7.334519273E-1,-1.349588828E0
7.248672625E0,1.152889809E0,-7.588526706E-1,-1.877450314E0
7.268672625E0,6.633525825E-1,-9.660763854E-1,-2.474101954E0
7.288672625E0,6.553930601E-1,-8.939723226E-1,-3.147366736E0
7.308672625E0,6.526249883E-1,-6.724102119E-1,-3.526658074E0
7.328672625E0,4.776865286E-1,-7.767049509E-1,-3.838000088E0
7.348672625E0,5.139813656E-1,-8.738286647E-1,-3.496653671E0
7.368672625E0,1.937507066E-1,-1.023128692E0,-1.630110753E0
7.388672625E0,-5.763539804E-1,-1.465801801E0,-3.246691634E0
7.408672625E0,-2.311756642E-1,-7.147592559E-1,-3.348175909E0
7.428672625E0,-1.240818484E0,7.835241200E-1,-1.587906720E0
7.448672625E0,-2.222227292E0,1.210098090E0,-1.588839936E0
7.468672625E0,-2.451164496E0,8.099105577E-1,-5.704654688E-1
7.488672625E0,-2.355154384E0,5.557113357E-1,5.364060223E-2
7.508672625E0,-1.888984678E0,-1.718422128E-1,5.325603086E-1
7.528672625E0,-1.351522356E0,-9.992046627E-1,-2.651092494E-1
7.548672625E0,-6.601180489E-1,-6.675035208E-1,-8.442250890E-1
7.568672625E0,3.193611780E-1,5.274265994E-1,-4.327728957E-1
7.588672625E0,9.773929404E-1,4.201465644E-1,1.884101522E-1
7.608672625E0,3.623559009E-1,-1.339248027E0,-2.883554399E-2
7.628672625E0,-4.410423204E-1,-2.065811642E0,-5.959990901E-1
7.648672625E0,-7.687952761E-1,-7.102813120E-1,-6.145996678E-1
7.668672625E0,-3.310029843E-1,4.026313761E-1,-7.577406764E-3
7.688672625E0,-1.162441090E-1,-1.893386900E-2,-2.515583271E-1
7.708672625E0,-2.068382370E-1,-9.970186812E-1,-3.293958771E-1
7.728672625E0,-1.942937668E-1,-7.811280772E-1,5.875223815E-2
7.748672625E0,1.958880101E-1,4.535574085E-1,3.321820754E-1
7.768672625E0,-7.573342949E-2,7.471414286E-1,5.696100211E-1
7.788672625E0,-5.337342833E-1,2.739718741E-1,1.020870059E0
7.808672625E0,-7.328451325E-1,4.476847574E-1,1.002868820E0
7.828672625E0,-1.605588408E-1,6.985276777E-1,5.662583971E-1
7.848672625E0,-3.044156948E-1,9.488428867E-1,1.119324891E0
7.868672625E0,1.638395673E-1,1.246762910E0,1.586743124E0
7.888672625E0,2.802064678E-1,8.528599647E-1,1.538905299E0
7.908672625E0,4.254287928E-2,-1.403887242E-2,1.230526654E0
7.928672625E0,3.262891053E-1,1.051726985E-1,1.799153173E0
7.948672625E0,3.610129416E-1,1.606041567E0,2.215843302E0
7.968672625E0,4.466866377E-1,1.576246203E0,1.369411474E0
7.988672625E0,1.473450105E-1,1.556452793E-1,1.653222458E0
8.008672625E0,2.099988033E-1,8.225705105E-1,2.062592458E0
8.028672625E0,4.482193391E-1,2.354153341E0,2.160398834E0
8.048672625E0,6.025989886E-1,1.717444474E0,1.731832425E0
8.068672625E0,5.216438493E-1,-3.040964368E-1,1.620057635E0
8.088672625E0,6.640266202E-1,-1.593308670E0,2.015137625E0
8.108672625E0,-6.953377292E-2,-3.961783889E-1,2.203864696E0
8.128672625E0,-4.540686013E-1,2.285473115E0,1.625377432E0
8.148672625E0,3.244181424E-1,3.119413244E0,1.978221813E0
8.168672625E0,8.912397726E-1,1.610205662E0,2.723937106E0
8.188672625E0,9.326605712E-1,-1.712570527E-1,2.776377275E0
8.208672625E0,1.327863206E0,-4.819979730E-1,2.060688604E0
8.228672625E0,1.003045406E0,3.131037802E-1,1.018980238E0
8.248672625E0,6.435977644E-1,1.149656153E-1,7.853418732E-1
8.268672625E0,1.658625577E-1,-8.093028858E-1,3.568111324E-1
8.288672625E0,-3.168246558E-1,-8.179748914E-1,8.131196558E-1
8.308672625E0,-5.446422641E-1,1.019115601E-1,3.322674447E-1
8.328672625E0,-3.671092486E-1,3.948702206E-1,6.105832154E-1
8.348672625E0,5.478841066E-4,-2.761637029E-1,8.243755460E-1
8.368672625E0,6.758819962E-1,-4.259794544E-1,8.086377650E-1
8.388672625E0,1.386154099E0,7.448797256E-2,9.389616770E-1
8.408672625E0,9.558009271E-1,4.496916680E-1,1.085834379E0
8.428672625E0,1.026747680E-1,1.854232483E-1,9.329764670E-1
8.448672625E0,-8.852479845E-2,-4.176565276E-1,8.422294343E-1
8.468672625E0,5.492311589E-2,-4.697745149E-1,1.374119067E0
8.488672625E0,1.352259251E-1,1.617082572E-1,1.881716443E0
8.508672625E0,3.467562604E-1,6.779261827E-1,2.267788212E0
8.528672625E0,4.215453646E-1,4.459188983E-1,2.480417531E0
8.548672625E0,1.576222229E-1,-8.405518681E-2,2.370533731E0
8.568672625E0,3.737208416E-1,2.309416294E-1,2.215921655E0
8.588672625E0,4.417011555E-1,1.085933781E0,2.586059761E0
8.608672625E0,1.796851563E-1,1.338194359E0,2.365554827E0
8.628672625E0,-5.523082562E-2,3.551353204E-1,1.892672955E0
8.648672625E0,-3.579843032E-1,-3.433692607E-1,1.711047912E0
8.668672625E0,1.466867602E-1,3.728240249E-1,2.059258375E0
8.688672625E0,3.042272682E-1,1.781992764E0,1.693208642E0
8.708672625E0,4.765087532E-1,1.658294625E0,1.823595704E0
8.728672625E0,1.753068343E-1,6.695234415E-1,1.581494663E0
8.748672625E0,2.144206139E-1,4.884085679E-1,1.508358859E0
8.768672625E0,8.475100547E-2,1.306980460E0,1.370002627E0
8.788672625E0,4.345263295E-1,1.522305931E0,1.224278904E0
8.808672625E0,4.458158411E-1,8.889849401E-1,1.066845546E0
8.828672625E0,8.947891787E-2,4.141831353E-1,6.685548502E-1
8.848672625E0,-3.702092962E-1,6.583859575E-1,4.342346996E-1
8.868672625E0,-1.259626199E-1,5.066121197E-1,4.619054782E-1
8.888672625E0,-1.644324750E-2,2.598312601E-1,4.436317599E-1
8.908672625E0,1.056137247E-1,3.444200054E-1,5.373018157E-1
8.928672625E0,7.133164555E-2,6.948123568E-1,6.856462616E-1
8.948672625E0,-2.729578207E-1,9.819463134E-1,6.341942722E-1
8.968672625E0,-2.829606526E-1,9.687668355E-1,5.344296634E-1
8.988672625E0,1.018940185E-1,4.703947583E-1,6.164924115E-1
9.008672625E0,6.041197032E-2,1.175290346E-1,6.417956525E-1
9.028672625E0,2.429047403E-1,2.577948211E-1,4.238325030E-1
9.048672625E0,3.569997051E-1,4.814019956E-1,7.052771187E-1
9.068672625E0,9.819784731E-2,2.945855020E-1,5.842730838E-1
9.088672625E0,4.508057088E-2,-2.958661884E-2,2.089987832E-1
9.108672625E0,-3.680923118E-1,-2.752505140E-1,1.151544803E-1
9.128672625E0,-5.269078052E-1,-1.183401896E-1,-1.058427894E-1
9.148672625E0,-1.612325862E-2,3.740840998E-1,-2.207259589E-1
9.168672625E0,4.091413736E-2,5.340010625E-1,6.644775867E-3
9.188672625E0,-7.336850850E-1,4.554345109E-1,-4.448643529E-1
9.208672625E0,9.042719007E-1,1.168405250E-1,-1.549453676E-1
9.228672625E0,5.312287514E-1,-7.307686400E-1,2.714862227E-1
9.248672625E0,1.533009844E-1,-1.319978674E0,5.502756178E-2
9.268672625E0,5.928291683E-1,-1.111686673E0,-9.042040730E-1
9.288672625E0,3.625856964E-1,-3.035546923E-1,-8.409138107E-1
9.308672625E0,4.157838106E-1,2.170970307E-1,-1.361179179E0
9.328672625E0,6.266463938E-1,-2.508420432E-1,-1.378372332E0
9.348672625E0,2.413999593E-1,-1.012894895E0,-2.018246589E0
9.368672625E0,-4.274947603E-1,-7.912070690E-1,-3.686652512E0
9.388672625E0,-4.634908046E-1,-5.070496376E-1,-2.894137859E0
9.408672625E0,-7.449627560E-1,-2.210174426E-2,-3.009137973E0
9.428672625E0,-6.370637932E-1,4.248117654E-1,-3.912561443E0
9.448672625E0,-5.154966715E-1,-5.121137649E-3,-4.565383190E0
9.468672625E0,-2.466761944E-1,-9.498566477E-1,-4.097075595E0
9.488672625E0,-2.537440163E-1,-1.138122520E0,-3.198128169E0
9.508672625E0,-1.078756909E0,-2.130139200E-1,-1.978149893E0
9.528672625E0,-1.590852109E0,7.756340334E-1,-1.502242087E0
9.548672625E0,-1.086499061E0,4.380326854E-1,-1.221575151E0
9.568672625E0,-6.191638581E-1,-1.070861852E0,-8.848913044E-1
9.588672625E0,-2.688608229E-1,-1.793127325E0,-5.433332187E-1
9.608672625E0,2.064618225E-1,-6.721802701E-1,-5.243414623E-1
9.628672625E0,2.817885782E-1,9.332474855E-1,-3.430491257E-1
9.648672625E0,6.769496977E-2,1.043120688E0,-4.778566825E-1
9.668672625E0,-1.074365942E-1,-2.245102769E-1,-4.701301718E-1
9.688672625E0,-2.964197735E-1,-1.099716692E0,-5.389238334E-1
9.708672625E0,2.626437709E-2,-6.414630921E-1,-2.709167039E-1
9.728672625E0,6.391911565E-1,2.832353255E-1,-3.041896999E-1
9.748672625E0,5.928553346E-1,1.267608380E-1,2.276437998E-2
9.768672625E0,-9.374124572E-2,-7.174816465E-1,1.695259845E-1
9.788672625E0,-6.314276621E-1,-7.276078545E-1,1.173618042E-1
9.808672625E0,-3.448813507E-1,5.318166158E-1,2.894693345E-1
9.828672625E0,-1.370843165E-1,1.008414247E0,-8.107749224E-2
9.848672625E0,2.458754182E-3,4.150887229E-2,-7.583253980E-3
9.868672625E0,-1.243658915E-1,-6.717131507E-1,-1.606803167E-1
9.888672625E0,-1.986533046E-2,-1.319236370E-1,-8.218086183E-2
9.908672625E0,5.232483253E-2,4.182136211E-1,-3.337181389E-2
9.928672625E0,-1.123454779E-1,-8.183382958E-2,-5.234252036E-2
9.948672625E0,1.800987737E-1,-5.834411712E-1,3.366826773E-3
9.968672625E0,3.408542271E-1,-2.422578190E-1,-2.084707797E-2
9.988672625E0,2.816478065E-1,-6.945147336E-2,-1.279733312E-1
1.000867262E1,1.097883444E-1,-2.267456675E-1,-8.751586139E-2
1.002867262E1,-9.390175179E-2,-3.126903089E-1,-1.353063244E-1
1.004867262E1,-8.981381714E-2,2.211066127E-2,-2.611658871E-2
1.006867262E1,5.804077819E-2,1.187940797E-1,-1.874705046E-1
1.008867262E1,1.733893861E-1,-2.897440805E-1,-1.780874777E-1
1.010867262E1,1.041719475E-1,-5.200664167E-1,-3.519819170E-1
1.012867262E1,-1.836449638E-2,-1.098585109E-1,-5.626296151E-1
1.014867262E1,6.412787586E-3,1.250114972E-1,-4.039180559E-1
1.016867262E1,-2.018387215E-1,-1.909864354E-1,-3.208858395E-1
1.018867262E1,-3.118055521E-1,-5.673543115E-1,-6.372324854E-1
1.020867262E1,-1.304645374E-2,-3.772432043E-1,-9.979706079E-1
1.022867262E1,2.997050317E-1,-7.494200885E-2,-1.071193535E0
1.024867262E1,3.053284451E-1,-3.494018331E-2,-1.080952538E0
1.026867262E1,-4.431670524E-2,-4.203958020E-2,-1.277148843E0
1.028867262E1,-4.415776330E-1,5.966630414E-2,-1.476009724E0
1.030867262E1,-6.954401285E-1,-6.017369628E-3,-1.434862282E0
1.032867262E1,-5.475033798E-1,-3.278311622E-1,-1.765690143E0
1.034867262E1,-1.497295050E-1,-4.133604321E-1,-2.023227832E0
1.036867262E1,-3.643378146E-2,8.712439030E-2,-2.573779439E0
1.038867262E1,-1.940208480E-2,4.156151184E-1,-2.591603506E0
1.040867262E1,-3.255525754E-1,2.454623124E-1,-1.961689396E0
1.042867262E1,-1.224902655E0,-2.635554980E-1,-1.681841070E0
1.044867262E1,-1.260573887E0,-7.535714655E-1,-2.233946866E0
1.046867262E1,-7.772050340E-1,-7.366484539E-1,-2.674518194E0
1.048867262E1,-2.959016372E-1,-2.766721183E-1,-2.085710009E0
1.050867262E1,1.651928323E-1,-6.238087401E-2,-1.929527956E0
1.052867262E1,2.365515212E-1,-5.108645073E-1,-2.258327417E0
1.054867262E1,-2.685667080E-1,-9.943676998E-1,-2.046003322E0
1.056867262E1,-2.853964564E-1,-9.318232499E-1,-1.475120947E0
1.058867262E1,-3.836446629E-1,-9.081535748E-1,-1.370304344E0
1.060867262E1,-2.018455189E-1,-1.491757737E0,-2.282927238E0
1.062867262E1,4.183804129E-1,-1.882561658E0,-3.083877668E0
1.064867262E1,5.650848244E-1,-1.456738909E0,-3.121326161E0
1.066867262E1,2.534996027E-1,-7.848520227E-1,-2.055764079E0
1.068867262E1,3.586780753E-2,-2.335855941E-1,-1.273761551E0
1.070867262E1,-4.461881626E-1,-1.882553472E-1,-1.626802983E0
1.072867262E1,-7.143057313E-1,-6.358010870E-1,-1.735835429E0
1.074867262E1,3.537021679E-1,-2.833087081E-1,-5.509924865E-1
1.076867262E1,2.724431196E-1,1.303362495E0,4.754201478E-1
1.078867262E1,3.452546954E-2,2.316203742E0,9.144326073E-1
1.080867262E1,-3.143287718E-2,2.096040578E0,6.449771225E-1
1.082867262E1,4.795308866E-2,1.223086072E0,1.378741876E0
1.084867262E1,4.986137865E-1,1.477542571E0,2.304499370E0
1.086867262E1,5.418104576E-1,2.189320039E0,2.001771474E0
1.088867262E1,6.240291801E-1,1.800287825E0,2.367758642E0
1.090867262E1,1.179991069E0,8.340974191E-1,2.943794754E0
1.092867262E1,3.575305592E-1,4.299223781E-2,2.759480576E0
1.094867262E1,6.506581311E-1,-3.325875798E-1,2.083881000E0
1.096867262E1,8.967720426E-1,5.849504837E-1,3.280725353E0
1.098867262E1,8.216264775E-1,1.987108704E0,3.380071886E0
1.100867262E1,3.238031615E-1,2.064890998E0,2.385419573E0
1.102867262E1,2.548690937E-1,7.281186819E-1,3.653707545E0
1.104867262E1,-7.009525180E-2,2.265614802E-1,3.378193175E0
1.106867262E1,1.153296483E0,7.545700237E-1,2.195682687E0
1.108867262E1,1.150624744E0,9.805809885E-1,2.219304854E0
1.110867262E1,4.882465269E-1,4.792459810E-1,2.308780117E0
1.112867262E1,7.040046915E-1,1.807874295E-1,2.001766797E0
1.114867262E1,-6.794150300E-2,7.223533273E-2,1.217184477E0
1.116867262E1,-4.717396910E-1,2.338286921E-1,1.252848984E0
1.118867262E1,1.546908675E-1,8.017438978E-1,2.202308167E0
1.120867262E1,-1.362621979E-1,4.005804652E-1,1.827243197E0
1.122867262E1,5.035648432E-1,-4.569069859E-1,1.552785419E0
1.124867262E1,5.221356001E-1,-1.425922474E-1,1.753322697E0
1.126867262E1,2.214745487E-1,9.250830182E-1,2.141262066E0
1.128867262E1,-4.381178355E-1,9.077404690E-1,2.410854961E0
1.130867262E1,9.814916924E-3,-1.017281038E-1,1.862363913E0
1.132867262E1,3.251168847E-2,-1.958633056E-1,2.416361284E0
1.134867262E1,2.071686778E-1,6.824419874E-1,2.223413107E0
1.136867262E1,6.246494966E-1,3.974273542E-1,2.128555482E0
1.138867262E1,7.397417772E-1,-4.524259722E-1,2.449042541E0
1.140867262E1,2.497234708E-1,2.295222178E-1,2.002095995E0
1.142867262E1,1.906589913E-1,1.045425148E0,1.475881670E0
1.144867262E1,2.389534112E-1,5.757472587E-1,1.303754843E0
1.146867262E1,1.334737339E-1,-2.539229411E-1,1.804916189E0
1.148867262E1,-1.056235188E-1,2.450483295E-1,1.162099612E0
1.150867262E1,-9.968252845E-2,7.759705406E-1,1.453572203E0
1.152867262E1,2.071960136E-1,9.921093589E-1,1.779783102E0
1.154867262E1,4.225786407E-1,1.027748138E0,2.245405070E0
1.156867262E1,2.394795144E-1,8.983735219E-1,1.921704966E0
1.158867262E1,5.997633813E-1,9.171386987E-1,1.894208434E0
1.160867262E1,3.209111287E-1,8.869033313E-1,1.785468934E0
1.162867262E1,-2.424414946E-1,6.242689160E-1,1.332362346E0
1.164867262E1,-8.620257676E-4,4.713089705E-1,1.168885891E0
1.166867262E1,4.330157744E-1,7.424189249E-1,1.203299679E0
1.168867262E1,2.201603139E-1,8.672294971E-1,7.563706738E-1
1.170867262E1,6.064797856E-2,3.256820181E-1,5.634569961E-1
1.172867262E1,1.359832127E-1,-1.535712719E-2,6.728776968E-1
1.174867262E1,-8.875781000E-3,3.932237908E-1,5.423497170E-1
1.176867262E1,-1.181504475E-1,7.486769074E-1,2.714587408E-1
1.178867262E1,2.533046711E-1,3.450187603E-1,7.389278448E-1
1.180867262E1,1.889714849E-1,1.420788619E-1,1.078836431E0
1.182867262E1,4.227673595E-1,4.554542452E-1,1.071673007E0
1.184867262E1,3.417002461E-1,4.467299071E-1,5.762290692E-1
1.186867262E1,1.257249306E-1,2.670747909E-1,5.168757373E-1
1.188867262E1,4.624522660E-1,4.530753055E-1,1.107009485E0
1.190867262E1,6.054353267E-1,7.744017327E-1,9.284647554E-1
1.192867262E1,-5.392784670E-2,1.857104927E-2,-8.411804438E-3
1.194867262E1,-7.130752578E-2,-1.376317620E-1,4.737852663E-1
1.196867262E1,5.842667250E-1,1.587907889E-1,4.371852046E-1
1.198867262E1,1.012534706E0,-6.762743443E-2,9.745057315E-1
1.200867262E1,1.759742939E-1,-6.726245123E-1,7.917305410E-1
1.202867262E1,1.992804185E-2,-7.467233527E-1,3.469153047E-1
1.204867262E1,-3.861654706E-1,4.265289465E-1,-4.939143062E-1
1.206867262E1,-6.142700310E-1,8.915065518E-1,-2.795413470E-1
1.208867262E1,2.346312956E-1,-1.076905096E-1,-5.374994516E-2
1.210867262E1,-1.049000721E-1,-1.245106101E0,-5.354131651E-1
1.212867262E1,-2.443677136E-1,-1.425338045E0,-1.414292362E0
1.214867262E1,-3.828747308E-1,-1.274739790E-1,-1.509661619E0
1.216867262E1,-9.256785572E-2,3.381047201E-1,-6.230389541E-1
1.218867262E1,9.408491582E-2,-2.464639404E-1,-1.390291881E0
1.220867262E1,6.683827959E-1,-1.171539650E0,-2.460890170E0
1.222867262E1,1.085814133E0,-7.302216330E-1,-2.604124149E0
1.224867262E1,7.305065386E-1,4.545882726E-1,-2.277088208E0
1.226867262E1,-7.861945434E-1,1.049484578E-1,-3.091445135E0
1.228867262E1,-1.017937168E0,-1.281920756E0,-3.626143185E0
1.230867262E1,1.281198771E-1,-1.852832367E0,-3.559267411E0
1.232867262E1,6.372731236E-1,-7.402563322E-1,-3.469802672E0
1.234867262E1,-1.270626274E-1,3.051688161E-1,-2.983334211E0
1.236867262E1,-1.012811864E0,1.909981298E-1,-2.524597338E0
1.238867262E1,-5.104269893E-1,-6.285672042E-1,-1.806135333E0
1.240867262E1,-7.271597385E-2,-1.002290238E0,-1.310340562E0
1.242867262E1,-1.603446500E-1,-7.989547759E-1,-6.924945205E-1
1.244867262E1,-3.734272382E-1,-4.101158121E-1,-5.255535901E-1
1.246867262E1,-9.890181553E-2,-4.825227606E-1,-8.859391254E-1
1.248867262E1,4.006329074E-1,-1.075838271E0,-8.371669149E-1
1.250867262E1,5.521196835E-2,-1.044211266E0,-2.428746271E-1
1.252867262E1,-3.825406720E-1,-3.389614834E-1,-2.797787440E-1
1.254867262E1,-2.407946629E-1,-1.424076216E-1,-4.224893975E-1
1.256867262E1,1.465854937E-1,-6.996715392E-1,-2.792600960E-1
1.258867262E1,-1.678786777E-2,-8.885430367E-1,-1.888755906E-1
1.260867262E1,-7.296853703E-2,-4.017098549E-1,-6.445093453E-2
1.262867262E1,1.395131585E-1,1.355732498E-1,-9.099495471E-2
1.264867262E1,7.593091920E-2,4.101542576E-1,3.184159756E-2
1.266867262E1,-3.622697275E-1,2.161398415E-1,4.751213551E-2
1.268867262E1,-6.002365673E-1,-1.698791564E-1,-1.656668222E-1
1.270867262E1,-3.750779438E-1,-1.321758713E-1,-2.155365551E-1
1.272867262E1,-8.421889057E-2,2.469264552E-1,-1.152486205E-2
1.274867262E1,-1.800813417E-1,-8.776612222E-2,4.572581112E-2
1.276867262E1,-2.775114496E-1,-7.676245174E-1,1.890521765E-2
1.278867262E1,-1.784198553E-1,-8.370166415E-1,1.107450950E-1
1.280867262E1,3.303865416E-1,-4.140183900E-1,1.747493023E-1
1.282867262E1,4.500463016E-1,3.388432235E-2,2.009062368E-1
1.284867262E1,2.967425399E-2,1.958315845E-1,9.348820746E-2
1.286867262E1,-1.093272183E-1,1.824003839E-1,6.505202830E-2
1.288867262E1,-1.418002055E-1,1.873808961E-1,-1.062725598E-1
1.290867262E1,6.546714406E-2,1.187481791E-2,-1.108649629E-1
1.292867262E1,2.019118482E-1,-2.029701577E-1,-2.052401930E-1
1.294867262E1,-6.989907771E-2,-3.950590856E-1,-1.853660917E-1
1.296867262E1,-8.697002381E-2,-2.251368061E-1,-2.014880347E-1
1.298867262E1,2.328751209E-1,9.125310928E-3,-5.751204371E-2
1.300867262E1,-2.823920108E-2,-2.714730665E-2,4.371846199E-2
1.302867262E1,-1.298275198E-1,-4.304676309E-1,-1.645406485E-2
1.304867262E1,-7.012445133E-2,-4.053778133E-1,-2.392323965E-1
1.306867262E1,-7.895670712E-2,1.173696980E-2,-1.204158050E-1
1.308867262E1,-1.984045786E-1,2.166486955E-1,-1.495092112E-1
1.310867262E1,-2.319696430E-1,-2.391897118E-1,-3.797462511E-1
1.312867262E1,-1.103808135E-2,-5.578118017E-1,-5.797034848E-1
1.314867262E1,1.314366005E-1,-4.103888771E-1,-8.843381578E-1
1.316867262E1,-1.520920725E-1,-5.934631526E-3,-1.035961722E0
1.318867262E1,-3.876709094E-1,3.078287145E-1,-1.237039867E0
1.320867262E1,-1.862294697E-1,3.254092455E-1,-8.617790151E-1
1.322867262E1,-7.809826277E-2,3.887492090E-2,-1.008823625E0
1.324867262E1,1.423228370E-1,-4.620010802E-1,-1.357024732E0
1.326867262E1,4.860621899E-1,-5.149964422E-1,-1.572395226E0
1.328867262E1,5.930506681E-1,-1.974984795E-2,-1.448865194E0
1.330867262E1,2.825150947E-1,1.751787803E-1,-1.694026667E0
1.332867262E1,-7.579657942E-2,-4.876741576E-1,-1.675564084E0
1.334867262E1,-2.759318060E-1,-1.172227575E0,-1.627409924E0
1.336867262E1,-3.579329208E-1,-1.153232017E0,-1.551003773E0
1.338867262E1,-1.749029744E-1,-4.770205307E-1,-2.219190833E0
1.340867262E1,2.873319944E-1,-1.057600513E-1,-2.800743207E0
1.342867262E1,1.489542191E-1,-3.782724604E-1,-2.537210952E0
1.344867262E1,-1.159623189E-1,-7.135029817E-1,-2.527812722E0
1.346867262E1,-3.302513979E-1,-6.831945240E-1,-2.361568780E0
1.348867262E1,-3.043557243E-1,-3.565871841E-1,-2.051166998E0
1.350867262E1,-6.282437801E-1,-4.835065547E-1,-2.332702246E0
1.352867262E1,-4.208142433E-1,-9.752278626E-1,-2.225996407E0
1.354867262E1,2.876738556E-1,-1.073833261E0,-1.879160040E0
1.356867262E1,5.552898976E-1,-6.302114412E-1,-1.999872299E0
1.358867262E1,3.240230168E-1,-2.859238753E-1,-1.471888606E0
1.360867262E1,-3.292801753E-1,-5.755659950E-1,-1.031788564E0
1.362867262E1,-5.229459511E-1,-1.220658308E0,-1.103132781E0
1.364867262E1,-4.854474648E-1,-1.170838276E0,-1.219108796E0
1.366867262E1,1.113650826E-1,1.744168881E-1,-6.929827631E-1
1.368867262E1,6.288048935E-1,1.393432420E0,1.212566346E-1
1.370867262E1,6.469674417E-1,6.465055847E-1,2.030299455E-1
1.372867262E1,3.842705708E-1,-9.765238979E-1,1.429024422E-1
1.374867262E1,4.377485839E-1,-8.327104595E-1,1.670479345E-1
1.376867262E1,6.470964459E-1,8.856961736E-1,4.261515087E-1
1.378867262E1,6.775244790E-1,1.480142828E0,1.908998966E-1
1.380867262E1,2.024741311E-1,6.041045004E-1,2.570026696E-2
1.382867262E1,-4.090726689E-1,1.972865179E-1,2.550263107E-1
1.384867262E1,-2.211224915E-1,4.446716872E-1,8.959068739E-1
1.386867262E1,5.655630718E-2,6.161830938E-1,1.093586032E0
1.388867262E1,4.647404459E-2,9.868924731E-1,1.290189303E0
1.390867262E1,-7.395344568E-2,1.385266784E0,1.392444241E0
1.392867262E1,2.454834355E-1,2.984936348E-1,1.241987196E0
1.394867262E1,4.395712889E-2,-6.330947033E-1,1.468724093E0
1.396867262E1,2.305544341E-2,-1.042263266E-1,2.350846156E0
1.398867262E1,-2.342697549E-1,1.681874692E0,2.929999418E0
1.400867262E1,-1.880864357E-1,2.036215083E0,2.783375807E0
1.402867262E1,1.311756045E-1,5.288449878E-1,2.700653493E0
1.404867262E1,8.126026158E-1,-7.245659137E-1,2.020031744E0
1.406867262E1,6.064369182E-1,6.190201628E-1,2.620664168E0
1.408867262E1,1.376625695E-1,3.105326717E0,2.300250784E0
1.410867262E1,-4.650319844E-1,2.207947807E0,2.061850446E0
1.412867262E1,-8.665695658E-1,-1.203875629E0,2.651366728E0
1.414867262E1,-4.248980118E-1,-2.849040332E0,2.487798471E0
1.416867262E1,2.054924455E-1,-6.926380697E-1,1.884041880E0
1.418867262E1,6.293520467E-1,2.155136340E0,1.645381926E0
1.420867262E1,7.302184170E-1,2.311448494E0,1.389111328E0
1.422867262E1,3.741901172E-1,4.802961409E-2,2.171683375E0
1.424867262E1,2.025305933E-1,-8.401510414E-1,1.972220816E0
1.426867262E1,4.028873745E-1,2.799252167E-1,1.730836059E0
1.428867262E1,2.286135240E-2,8.451641518E-1,1.625627693E0
1.430867262E1,-3.692604393E-2,8.630548775E-2,1.708266976E0
1.432867262E1,2.687198502E-1,-6.147449711E-1,2.051835335E0
1.434867262E1,1.776889899E-1,-3.286214134E-1,1.684498630E0
1.436867262E1,1.023337108E-1,5.168441623E-2,1.761353847E0
1.438867262E1,2.163418080E-1,-6.956666350E-2,1.794903417E0
1.440867262E1,5.236783880E-1,-2.143039620E-1,1.558963587E0
1.442867262E1,2.872964726E-1,2.489393592E-2,1.652097453E0
1.444867262E1,-5.695818448E-2,6.572451657E-1,2.080385535E0
1.446867262E1,-2.912712271E-1,8.240255901E-1,2.502398969E0
1.448867262E1,-3.154819524E-3,2.300122145E-1,2.773922029E0
1.450867262E1,7.382503717E-1,-5.384964019E-2,2.879969471E0
1.452867262E1,9.157129283E-1,7.341565168E-1,2.451020654E0
1.454867262E1,8.108127100E-1,7.074581301E-1,2.065636518E0
1.456867262E1,8.448309336E-2,1.025616243E-1,1.959759230E0
1.458867262E1,-6.610651882E-2,2.418063408E-1,2.049351438E0
1.460867262E1,-2.116283857E-1,8.729746789E-1,1.428498757E0
1.462867262E1,-6.802067796E-2,1.112632753E0,1.277192697E0
1.464867262E1,1.364588654E-1,8.899336508E-1,1.273339382E0
1.466867262E1,6.033890205E-1,5.710481438E-1,1.274712308E0
1.468867262E1,8.648035605E-1,7.038828501E-1,9.167299783E-1
1.470867262E1,4.685469285E-1,1.479406663E0,5.183176607E-1
1.472867262E1,-2.391381467E-1,1.316852899E0,5.065220726E-1
1.474867262E1,-4.268385931E-1,-3.577121884E-2,5.115816683E-1
1.476867262E1,-3.843389466E-1,-4.749447691E-1,3.646276903E-1
1.478867262E1,-1.712222983E-1,1.076844577E0,3.269032091E-1
1.480867262E1,-6.985913392E-2,1.583093292E0,1.163350332E-1
1.482867262E1,-1.016211363E-1,1.900842100E-1,-4.391492844E-2
1.484867262E1,-1.718671366E-1,-3.479888535E-1,3.398811042E-2
1.486867262E1,1.497676581E-1,5.692369688E-1,4.846792138E-1
1.488867262E1,2.636350201E-1,1.265613748E0,7.030101532E-1
1.490867262E1,6.796416096E-2,6.810947889E-1,6.699143279E-1
1.492867262E1,-8.478959709E-2,-1.592299148E-1,6.886792123E-1
1.494867262E1,8.957890525E-2,-4.593704179E-1,8.595997578E-1
1.496867262E1,-2.505224928E-2,3.779242587E-1,9.204546547E-1
1.498867262E1,-1.283005560E-1,1.482671164E0,8.988094318E-1
1.500867262E1,-2.876021723E-1,8.599084908E-1,1.040145990E0
1.502867262E1,-2.430607148E-2,-9.906458008E-1,8.721689326E-1
1.504867262E1,-3.340572774E-2,-1.139087895E0,1.050476850E0
1.506867262E1,-5.057329908E-2,7.315188378E-1,1.019364985E0
1.508867262E1,-2.129490159E-2,1.333092079E0,9.534159940E-1
1.510867262E1,-3.043918674E-1,-7.838017166E-2,8.112479621E-1
1.512867262E1,-1.073470587E-1,-8.199486190E-1,1.072358301E0
1.514867262E1,1.269213806E-1,2.031503981E-1,1.271321508E0
1.516867262E1,7.564053185E-2,1.095129113E0,8.649359268E-1
1.518867262E1,-3.914710879E-4,3.472781244E-1,2.906107110E-1
1.520867262E1,-9.597162958E-2,-8.573208055E-1,3.371340823E-1
1.522867262E1,-1.692736041E-2,-7.542469651E-1,4.625790775E-2
1.524867262E1,4.483279146E-1,-1.815063447E-1,-7.505363220E-1
1.526867262E1,3.031703840E-1,-3.355465633E-1,-1.052923910E0
1.528867262E1,2.285106495E-2,-4.281562266E-1,-2.220095397E0
1.530867262E1,4.901459584E-1,-5.334066930E-1,-2.697767892E0
1.532867262E1,4.666273241E-1,-6.696497414E-1,-3.676252069E0
1.534867262E1,6.455499304E-1,-1.020234466E0,-3.462328761E0
1.536867262E1,4.621084863E-1,-6.834137946E-1,-4.069350438E0
1.538867262E1,7.921872085E-1,-1.934677014E-1,-4.479423857E0
1.540867262E1,6.869129147E-1,-5.872199343E-1,-4.650502862E0
1.542867262E1,4.526512362E-2,-1.159055698E0,-4.424775195E0
1.544867262E1,-5.665323392E-1,-1.015942171E0,-4.008592604E0
1.546867262E1,-9.062831967E-1,-1.487619370E-1,-3.584184151E0
1.548867262E1,-1.072762197E0,4.803794637E-2,-3.041132183E0
1.550867262E1,-9.771450915E-1,-7.983817488E-1,-1.595101134E0
1.552867262E1,-9.008132726E-1,-1.333375815E0,-9.834607422E-1
1.554867262E1,-2.074985339E-1,-9.044231974E-1,-6.248305410E-1
1.556867262E1,4.129199540E-1,2.796049355E-1,-5.654830563E-1
1.558867262E1,6.055504438E-1,5.374542819E-1,-4.673410499E-1
1.560867262E1,4.249434008E-1,-4.782863067E-1,-3.355366230E-1
1.562867262E1,1.627453340E-1,-1.245550051E0,-1.103971857E-1
1.564867262E1,4.372620955E-3,-7.142156111E-1,-1.314664578E-1
1.566867262E1,3.954164967E-2,9.669043511E-2,-2.301236039E-1
1.568867262E1,-2.387242734E-2,-8.244997993E-2,-1.202912593E-1
1.570867262E1,-1.924967347E-2,-6.951637745E-1,-6.943042338E-2
1.572867262E1,2.166302036E-1,-5.360394019E-1,2.060225505E-1
1.574867262E1,6.282885113E-1,8.583098620E-2,1.991684443E-1
1.576867262E1,3.960121818E-1,2.605080754E-1,7.760950863E-2
1.578867262E1,1.994578266E-1,-1.152804878E-1,1.433690500E-1
1.580867262E1,1.363228993E-1,-4.578783546E-1,-4.169707954E-2
1.582867262E1,2.033466819E-1,-4.677015308E-1,-1.396841347E-1
1.584867262E1,1.306257196E-1,-2.343419315E-1,1.852982640E-3
1.586867262E1,-1.028808275E-1,1.215845172E-1,-3.750988841E-3
1.588867262E1,-2.485319727E-2,6.055318058E-2,-1.647645968E-1
1.590867262E1,1.045820932E-1,-2.367112233E-1,4.069077373E-3
1.592867262E1,3.241865196E-1,-2.513263388E-1,1.598798329E-1
1.594867262E1,4.996371588E-1,1.136444369E-1,2.446059877E-1
1.596867262E1,2.655374848E-1,2.768028036E-1,1.993093622E-1
1.598867262E1,2.750916707E-2,-4.513801977E-2,6.864572704E-2
1.600867262E1,8.641267452E-2,-2.483705713E-1,-1.457535446E-1
1.602867262E1,1.873336433E-2,-7.725502118E-2,-1.367184269E-1
1.604867262E1,9.517036004E-2,3.620976001E-2,-1.990783972E-1
1.606867262E1,1.277283877E-1,-1.417816772E-1,-6.550401807E-2
1.608867262E1,-1.926104265E-1,-2.112787588E-1,-1.556908876E-1
1.610867262E1,1.977049593E-1,-1.654833658E-1,6.182845831E-2
1.612867262E1,4.304573252E-1,-1.826548840E-1,-7.047590554E-2
1.614867262E1,4.071207952E-1,-5.570437700E-1,-3.508428794E-1
1.616867262E1,2.025366598E-1,-6.747205929E-1,-7.723324031E-1
1.618867262E1,4.349297874E-2,-3.640752746E-1,-8.661451310E-1
1.620867262E1,-1.996689659E-1,-5.439006910E-2,-7.340267086E-1
1.622867262E1,-2.361645452E-1,-8.134295583E-2,-9.017815715E-1
1.624867262E1,-3.842223678E-2,-3.838610829E-1,-1.442445536E0
1.626867262E1,4.654405952E-1,-3.971873260E-1,-2.002720478E0
1.628867262E1,8.849627866E-1,-8.084696576E-2,-2.112511892E0
1.630867262E1,5.948475906E-1,2.148420520E-1,-2.297630646E0
1.632867262E1,1.106182835E-1,1.570089962E-1,-2.712917444E0
1.634867262E1,-1.787452164E-1,8.089915216E-3,-3.233553525E0
1.636867262E1,2.274838053E-1,1.518441506E-1,-3.196492118E0
1.638867262E1,6.242454540E-1,4.578179821E-1,-3.212751471E0
1.640867262E1,5.651675259E-1,-2.387578949E-2,-2.955044212E0
1.642867262E1,-3.383156584E-1,-8.589906241E-1,-2.748441033E0
1.644867262E1,-4.898531225E-1,-8.802866220E-1,-2.841894157E0
1.646867262E1,-5.185201205E-1,-3.898239273E-1,-2.923376276E0
1.648867262E1,-3.671608503E-1,-4.603966042E-2,-3.098124409E0
1.650867262E1,2.288761005E-2,-8.890296713E-2,-2.493317658E0
1.652867262E1,4.141691020E-1,-1.721775506E-1,-2.680830848E0
1.654867262E1,5.330903587E-1,-8.113878568E-1,-2.380583925E0
1.656867262E1,3.856288424E-1,-1.518365638E0,-1.177982989E0
1.658867262E1,-2.521143973E-1,-1.096658744E0,-6.285031772E-1
1.660867262E1,-2.959170592E-1,-3.796389547E-1,-9.213311523E-1
1.662867262E1,-2.083450645E-2,-3.821596894E-1,-1.332065307E0
1.664867262E1,-1.043116960E-1,-6.399065633E-1,-1.165551224E0
1.666867262E1,9.978726670E-2,-2.106971070E-1,-1.088486676E0
1.668867262E1,-8.547649875E-2,9.273276182E-1,-6.494210064E-1
1.670867262E1,-4.865957849E-1,8.628606038E-1,-5.912955898E-1
1.672867262E1,4.584787175E-2,-5.203966382E-1,-1.268734699E-1
1.674867262E1,1.079697287E0,-4.794977036E-1,8.985784668E-1
1.676867262E1,7.753647691E-1,7.177306648E-1,1.847667521E-1
1.678867262E1,6.847363617E-1,1.245184454E0,3.915166962E-1
1.680867262E1,7.367377701E-1,1.018973514E0,1.950472097E0
1.682867262E1,1.861994661E-2,1.941657127E-1,1.840065556E0
1.684867262E1,-4.889660268E-1,5.276715977E-1,2.124563588E0
1.686867262E1,-1.901351539E-1,2.235984183E0,2.683600674E0
1.688867262E1,7.827740684E-3,2.564409276E0,3.009754270E0
1.690867262E1,-6.490059272E-1,9.124993716E-1,1.988407663E0
1.692867262E1,-1.978637843E-1,-4.407278864E-1,2.055083463E0
1.694867262E1,-7.691237435E-1,6.426734658E-1,3.413319154E0
1.696867262E1,-4.870594691E-1,1.895462223E0,3.096300663E0
1.698867262E1,4.801979077E-1,8.084364747E-1,3.498910697E0
1.700867262E1,2.293612732E-1,-6.823754753E-1,3.209084097E0
1.702867262E1,5.479067646E-1,-9.435187045E-1,2.847129169E0
1.704867262E1,-2.282190196E-1,1.114704860E0,2.544210069E0
1.706867262E1,-8.132830855E-1,1.949765169E0,3.002307256E0
1.708867262E1,-9.226809821E-1,1.772671133E-1,2.887120031E0
1.710867262E1,-4.518109913E-1,-1.618747128E0,1.554816742E0
1.712867262E1,-5.442105934E-2,-7.753957593E-1,1.480018575E0
1.714867262E1,6.777975440E-2,1.698452425E0,2.019937604E0
1.716867262E1,-4.647106799E-1,1.400743487E0,1.507364248E0
1.718867262E1,-1.055972941E0,-1.165556779E0,2.262048000E0
1.720867262E1,-9.849947593E-1,-5.535436267E-1,3.127325404E0
1.722867262E1,-2.519226086E-1,1.535959764E0,2.325630623E0
1.724867262E1,1.186144240E-1,5.775204268E-1,1.560199689E0
1.726867262E1,-4.333123013E-2,-1.041136947E0,2.104450336E0
1.728867262E1,9.236451879E-2,-1.085060500E-1,2.354574925E0
1.730867262E1,5.073555931E-1,6.447093201E-1,1.635255718E0
1.732867262E1,-1.068135734E-1,-3.731836286E-1,1.817633883E0
1.734867262E1,-6.058550106E-1,-8.762998442E-1,1.725123330E0
1.736867262E1,1.140519878E-1,-3.471641037E-1,1.681168640E0
1.738867262E1,5.611635719E-1,2.463139594E-1,1.606257622E0
1.740867262E1,2.005708990E-1,4.983327547E-1,1.625521274E0
1.742867262E1,-2.353498453E-1,6.462635100E-2,1.854229267E0
1.744867262E1,-3.771746457E-2,-4.586800079E-1,1.490068184E0
1.746867262E1,8.853488490E-2,-5.827400900E-1,1.459871993E0
1.748867262E1,6.951403856E-2,1.538542771E-1,1.473798891E0
1.750867262E1,6.958742112E-2,6.105655275E-1,1.232113588E0
1.752867262E1,1.822340307E-1,-1.308723807E-2,1.596274670E0
1.754867262E1,-4.188535988E-2,1.329152517E-1,1.926328359E0
1.756867262E1,-1.588540851E-1,1.561119456E0,1.633981610E0
1.758867262E1,1.464727521E-3,1.863659948E0,1.097848653E0
1.760867262E1,6.511137754E-2,2.614288656E-1,1.240032472E0
1.762867262E1,-3.432634261E-1,-1.071350241E-1,1.382423283E0
1.764867262E1,-4.582012671E-1,1.412670052E0,5.579302078E-1
1.766867262E1,-1.077373165E0,1.328336684E0,-5.140930474E-2
1.768867262E1,-1.909827370E0,-2.219651301E-1,2.785888356E-1
1.770867262E1,-1.774139661E0,-3.471424690E-1,9.683638161E-1
1.772867262E1,-9.273166546E-1,7.866139349E-1,2.718861723E-1
1.774867262E1,-7.501718943E-1,9.548199105E-1,2.769656485E-1
1.776867262E1,-2.666347879E-1,6.828072922E-1,7.054057574E-1
1.778867262E1,2.135749604E-1,5.027234289E-1,1.247326874E0
1.780867262E1,5.113208824E-1,2.418946338E-1,1.061204737E0
1.782867262E1,4.653681993E-1,4.576852503E-1,1.971318591E-1
1.784867262E1,-3.246789283E-1,4.277660711E-1,-1.158883059E-1
1.786867262E1,9.232124940E-2,3.825124227E-1,9.308428180E-1
1.788867262E1,-8.661816761E-2,7.132483354E-1,1.083193191E0
1.790867262E1,2.703141484E-1,-1.693495448E-1,6.681625021E-1
1.792867262E1,2.029303966E-1,-8.938907540E-1,4.290610832E-1
1.794867262E1,4.310801268E-1,1.444377749E-1,6.527182513E-1
1.796867262E1,1.846813828E-1,1.238532954E0,8.630841136E-1
1.798867262E1,5.724979609E-2,4.871173565E-1,6.165105379E-1
1.800867262E1,1.300792059E-1,-6.380206901E-1,4.986680925E-1
1.802867262E1,1.678376010E-1,-3.247248289E-1,9.497322482E-1
1.804867262E1,5.093256663E-1,3.652982198E-1,1.026380475E0
1.806867262E1,5.236205737E-1,8.282727152E-2,6.183266830E-1
1.808867262E1,4.101039715E-2,-3.918890177E-1,-2.075399029E-1
1.810867262E1,1.868485071E-1,-5.961791843E-2,8.571901202E-2
1.812867262E1,5.075383186E-1,3.436458340E-1,9.472138524E-2
1.814867262E1,-5.964890867E-4,9.514253095E-2,-8.029864311E-2
1.816867262E1,-2.834489682E-1,-1.324088828E-1,-9.473553550E-1
1.818867262E1,4.741101522E-1,-2.938759424E-1,-1.532145917E0
1.820867262E1,1.821467902E0,-5.998939204E-1,-1.897803302E0
1.822867262E1,1.637325925E0,-6.455751465E-1,-1.728014193E0
1.824867262E1,8.291421962E-1,-2.990776254E-1,-2.303337529E0
1.826867262E1,1.066046816E0,-3.141331825E-1,-2.993322424E0
1.828867262E1,1.941932385E0,-4.154224527E-1,-3.516345339E0
1.830867262E1,1.389541245E0,-4.431733382E-1,-3.008008876E0
1.832867262E1,1.240495279E0,-4.991984349E-1,-3.283449571E0
1.834867262E1,1.710086922E0,-5.550435837E-1,-3.808084563E0
1.836867262E1,1.561553319E0,-2.554264064E-1,-3.594026769E0
1.838867262E1,8.863288423E-1,2.290491781E-1,-3.559117722E0
1.840867262E1,5.194126980E-1,-1.344571625E-1,-2.493436357E0
1.842867262E1,5.925454322E-1,-7.331376395E-1,-1.852123684E0
1.844867262E1,3.829990572E-1,-7.315299475E-1,-1.190608297E0
1.846867262E1,1.966921484E-1,-4.433749209E-1,-7.785374683E-1
1.848867262E1,2.457073107E-2,-5.390337610E-1,-1.619117403E-1
1.850867262E1,-1.978156909E-2,-8.447311655E-1,-4.564318997E-1
1.852867262E1,7.596000910E-2,-6.175671297E-1,-6.562435377E-1
1.854867262E1,4.518547723E-1,3.604442999E-2,-5.026786977E-1
1.856867262E1,4.042449883E-1,4.769354537E-1,-4.159370077E-1
1.858867262E1,2.609944906E-1,4.871167718E-1,-5.239689946E-3
1.860867262E1,2.332337379E-1,1.120861539E-1,1.177950829E-1
1.862867262E1,1.644115712E-1,-4.010638838E-1,5.606895089E-3
1.864867262E1,-2.270657294E-1,-4.724934702E-1,-2.844670415E-3
1.866867262E1,-6.799166480E-1,-6.982190908E-1,1.290989202E-1
1.868867262E1,-8.397448061E-1,-9.563328776E-1,3.155157566E-3
1.870867262E1,-1.045742287E0,-8.151511978E-1,-5.187491852E-1
1.872867262E1,-1.625096181E0,-2.853098445E-1,-4.041905361E-1
1.874867262E1,-2.046161343E0,2.204617379E-1,-1.431111878E-1
1.876867262E1,-1.803029877E0,1.342513405E-1,1.622140414E-1
1.878867262E1,-1.126019661E0,-6.815919484E-1,1.973522991E-1
1.880867262E1,-6.706236682E-1,-1.273089998E0,3.760104650E-1
1.882867262E1,-4.740123575E-1,-1.106052296E0,5.482682687E-1
1.884867262E1,-6.058804460E-1,-9.837069100E-1,6.978382909E-1
1.886867262E1,-8.290893520E-1,-1.287599133E0,4.001746684E-1
1.888867262E1,-9.302216975E-1,-1.407267664E0,7.639387250E-3
1.890867262E1,-9.371768144E-1,-1.153946986E0,-2.921280634E-1
1.892867262E1,-6.744397804E-1,-9.203587604E-1,-4.786355317E-1
1.894867262E1,-7.204219919E-1,-6.232114470E-1,1.574017829E-1
1.896867262E1,-4.773504598E-1,4.324322954E-2,4.763206190E-1
1.898867262E1,-1.924384452E-1,7.911152677E-1,2.475828052E-2
1.900867262E1,-1.479025425E-1,9.552426642E-1,-3.173149449E-1
1.902867262E1,3.507564868E-1,5.123805441E-1,-8.069432420E-1
1.904867262E1,9.445986852E-1,-7.079223990E-3,-9.963298792E-1
1.906867262E1,7.358815916E-1,-1.808337687E-1,-9.915246373E-1
1.908867262E1,3.975058530E-1,2.410514653E-4,-7.442511499E-1
1.910867262E1,4.931527063E-2,-2.681240737E-2,-4.876466757E-1
1.912867262E1,-2.107582104E-1,-1.351566356E-1,-5.185006785E-1
1.914867262E1,1.494083467E-1,-2.199832164E-1,-8.466967070E-1
1.916867262E1,7.555500171E-1,-3.433104962E-2,-1.415172953E0
1.918867262E1,1.391479450E0,2.052833162E-1,-1.555664588E0
1.920867262E1,1.247028227E0,4.320152427E-1,-1.604040942E0
1.922867262E1,7.327618097E-1,-1.055369800E-1,-1.819456460E0
1.924867262E1,3.700724714E-1,-8.708540399E-1,-2.475875414E0
1.926867262E1,5.779993138E-1,-1.013020025E0,-3.026759727E0
1.928867262E1,7.715637866E-1,-2.329815768E-1,-2.860837381E0
1.930867262E1,7.555378841E-1,6.247134505E-1,-3.194621009E0
1.932867262E1,8.859756705E-1,4.367178659E-1,-3.533829099E0
1.934867262E1,4.508117022E-1,-2.225625694E-1,-3.628202575E0
1.936867262E1,1.420127884E-1,-4.451874116E-1,-3.053480333E0
1.938867262E1,3.419410783E-1,-2.526492713E-1,-3.005083514E0
1.940867262E1,5.136154760E-1,-5.034182243E-2,-2.623309448E0
1.942867262E1,3.426636480E-1,6.940411091E-2,-1.589628725E0
1.944867262E1,-7.707361132E-2,-4.287243567E-1,-5.210524035E-1
1.946867262E1,5.886772066E-2,-1.315716200E0,-4.098249131E-1
1.948867262E1,4.217378841E-1,-1.504026365E0,-6.842131090E-1
1.950867262E1,3.038638638E-1,-7.709807461E-1,-3.200625515E-1
1.952867262E1,1.373774081E-1,-2.138066563E-1,6.852258468E-1
1.954867262E1,-3.622996214E-1,-3.852579828E-1,7.278830391E-1
1.956867262E1,-8.859144209E-1,-5.160971805E-1,-6.933762807E-1
1.958867262E1,-6.569025189E-1,-1.038110282E-1,-4.266391665E-1
1.960867262E1,-4.190991819E-2,1.062477968E0,5.607754630E-1
1.962867262E1,5.117263138E-1,7.653008339E-1,1.143009623E0
1.964867262E1,7.194299387E-1,-1.164961094E0,4.716826075E-1
1.966867262E1,-5.192890294E-2,-1.434210172E0,8.939632595E-1
1.968867262E1,-1.000533150E-1,4.474907760E-1,3.893427014E-1
1.970867262E1,6.927357913E-1,1.464374788E0,8.248895162E-1
1.972867262E1,1.509576104E0,9.966155156E-1,1.278721159E0
1.974867262E1,5.867670675E-1,-1.832020372E-1,1.294720895E0
1.976867262E1,-3.258360191E-1,-1.911150742E-1,1.005020011E0
1.978867262E1,-7.663631268E-1,9.334544769E-1,1.191610510E0
1.980867262E1,-6.303326248E-1,1.447679087E0,1.355599766E0
1.982867262E1,3.726459771E-2,7.832658193E-1,1.505252818E0
1.984867262E1,2.339732645E-1,5.295463613E-1,2.155343916E0
1.986867262E1,1.876575425E-1,1.771357264E0,2.935781144E0
1.988867262E1,-2.021687968E-1,2.313218446E0,2.437539314E0
1.990867262E1,3.178663373E-2,1.748447581E0,1.781610357E0
1.992867262E1,1.592657290E-1,2.594450516E-1,1.698869331E0
1.994867262E1,3.321189255E-1,-6.266844007E-1,1.238208725E0
1.996867262E1,-1.119143920E-1,1.297234029E-2,2.302241760E-1
1.998867262E1,-6.525697321E-1,1.428587050E0,-2.022277075E-1
2.000867262E1,-7.738219813E-1,1.411179012E0,2.294388950E-1
2.002867262E1,-7.007341245E-1,-9.983819595E-1,6.575872278E-1
2.004867262E1,-3.719896272E-2,-2.585195250E0,4.758119112E-1
2.006867262E1,6.062619768E-1,-6.979748234E-1,8.832301104E-1
2.008867262E1,7.616760718E-1,1.665797187E0,1.194780285E0
2.010867262E1,3.726008805E-1,1.296720935E0,9.590667433E-1
2.012867262E1,3.799301460E-2,-4.925212070E-1,8.780190718E-1
2.014867262E1,1.154094189E-2,-2.194957048E-1,1.375018369E0
2.016867262E1,6.571963415E-1,1.163497389E0,1.372321048E0
2.018867262E1,4.681403643E-1,8.766762587E-1,9.748910630E-1
2.020867262E1,1.279766934E-1,-7.436576575E-2,8.583390981E-1
2.022867262E1,-4.592775933E-1,-8.870430797E-2,1.561802995E0
2.024867262E1,-3.926785380E-1,6.685949036E-1,1.313471746E0
2.026867262E1,1.884573685E-1,1.045556418E0,1.198178102E0
2.028867262E1,2.684818503E-1,4.652591488E-1,1.793932779E0
2.030867262E1,-1.670081735E-1,1.595404020E-1,1.685081597E0
2.032867262E1,-5.454509340E-2,2.352451801E-1,1.581778838E0
2.034867262E1,5.663781188E-2,4.014861989E-1,1.776929076E0
2.036867262E1,1.862838853E-1,2.440066481E-1,2.173783110E0
2.038867262E1,-7.158563398E-2,3.657699439E-1,2.552404942E0
2.040867262E1,-2.688334141E-1,9.215735194E-1,2.530031156E0
2.042867262E1,-2.493713953E-1,1.019065900E0,2.046701480E0
2.044867262E1,-3.343097310E-1,6.449230358E-1,1.573971051E0
2.046867262E1,8.917062342E-2,3.429032376E-1,1.776821487E0
2.048867262E1,-2.549106089E-1,3.412432131E-1,2.099034060E0
2.050867262E1,-5.411437288E-1,8.987544680E-1,2.062664963E0
2.052867262E1,-5.658326467E-1,1.290505053E0,1.454359823E0
2.054867262E1,-1.262734725E-1,5.347445360E-1,1.050851072E0
2.056867262E1,3.049024024E-1,-4.241728109E-1,1.563050206E0
2.058867262E1,1.340341164E-1,4.841164193E-1,1.692018149E0
2.060867262E1,1.286057076E-1,1.540492525E0,1.407731786E0
2.062867262E1,-5.379040790E-1,6.896744084E-1,9.718277067E-1
2.064867262E1,-4.634703393E-1,-4.789629757E-1,8.471621454E-1
2.066867262E1,-2.198509231E-2,3.367700931E-1,1.328098556E0
2.068867262E1,4.180024635E-1,1.604874170E0,1.323402073E0
2.070867262E1,1.451051614E-1,1.026964611E0,1.250335851E0
2.072867262E1,-2.700339936E-1,5.765822411E-2,1.168035121E0
2.074867262E1,1.363186967E-1,2.864299518E-1,1.337248279E0
2.076867262E1,1.381431010E-1,7.047268957E-1,1.047156217E0
2.078867262E1,-3.130796604E-1,4.836924961E-1,7.492125124E-1
2.080867262E1,-7.274520262E-1,5.046357608E-1,1.087033058E0
2.082867262E1,-5.332556156E-1,4.764004335E-1,1.205892334E0
2.084867262E1,1.893210753E-1,-9.861066073E-2,1.247432708E0
2.086867262E1,7.159567657E-1,-2.198091155E-1,1.422878414E0
2.088867262E1,3.145058694E-1,5.386080837E-1,1.309301512E0
2.090867262E1,-2.007069198E-1,8.995865268E-1,9.066856313E-1
2.092867262E1,-4.368136872E-1,6.546928561E-1,8.399215382E-1
2.094867262E1,-4.376870419E-1,1.511052087E-1,1.075595904E0
2.096867262E1,-5.354158694E-1,-1.060228837E-1,1.339338074E0
2.098867262E1,-2.273756319E-1,2.663564605E-1,8.020479530E-1
2.100867262E1,2.750977555E-1,1.363091218E-1,2.555560684E-1
2.102867262E1,2.334033072E-1,-5.069752318E-1,-5.322597617E-1
2.104867262E1,2.730385123E-1,-5.594487298E-1,-6.929055798E-1
2.106867262E1,7.660895502E-1,2.297014350E-1,-9.712657893E-1
2.108867262E1,4.590509406E-1,7.062603280E-1,-8.971540850E-1
2.110867262E1,3.436473324E-1,1.993286580E-1,-1.176560361E0
2.112867262E1,5.064626502E-1,-2.627341104E-1,-3.157402897E0
2.114867262E1,1.019260686E0,-1.006615131E0,-2.613528811E0
2.116867262E1,6.415805481E-1,-1.847240674E0,-2.746523731E0
2.118867262E1,2.434940665E-1,-1.215064276E0,-3.614726497E0
2.120867262E1,1.659169368E-1,2.253546149E-1,-4.401245415E0
2.122867262E1,6.900267032E-1,1.234812955E0,-5.041623117E0
2.124867262E1,9.607690139E-1,7.563285738E-2,-5.007312241E0
2.126867262E1,8.407535970E-2,-2.156802796E0,-4.932722819E0
2.128867262E1,-2.401354989E-1,-3.273872708E0,-3.877855294E0
2.130867262E1,2.224807084E-2,-1.755832760E0,-2.270604815E0
2.132867262E1,-9.668488026E-2,2.619877133E-1,-1.852579767E0
2.134867262E1,-6.480524656E-1,-1.117405835E-1,-1.148096700E0
2.136867262E1,-9.132459149E-1,-1.646336777E0,6.558938742E-2
2.138867262E1,-1.774531279E-1,-1.677871103E0,6.720579171E-1
2.140867262E1,9.447312708E-1,-2.237182716E-1,8.865560067E-1
2.142867262E1,1.211879152E0,7.751579238E-1,6.341550958E-1
2.144867262E1,1.088464310E0,2.209788510E-1,-1.090967649E-1
2.146867262E1,5.657438056E-1,-1.103726420E0,-5.847139639E-1
2.148867262E1,-1.900019836E-2,-1.300895994E0,-3.155040622E-1
2.150867262E1,-3.223383244E-1,-1.992102519E-1,-3.737388217E-1
2.152867262E1,-6.007470657E-1,3.460984486E-1,-4.730941254E-1
2.154867262E1,-7.457701834E-1,-5.205985133E-1,-3.425895345E-1
2.156867262E1,-8.285165441E-1,-1.227845120E0,-1.872278452E-3
2.158867262E1,-4.515293017E-1,-6.357383756E-1,1.531502724E-1
2.160867262E1,-4.666878428E-2,2.405598606E-1,2.868854499E-1
2.162867262E1,9.924592417E-2,3.562961389E-1,2.840109587E-2
2.164867262E1,1.070332825E-3,-9.888182536E-2,3.135277033E-1
2.166867262E1,-5.098669723E-2,-4.236470000E-1,-3.013362586E-2
2.168867262E1,-2.489843462E-1,-2.968397498E-1,-2.367835826E-1
2.170867262E1,-1.097818393E-1,-2.498953789E-3,-3.672875887E-1
2.172867262E1,7.935581613E-2,-2.066530265E-1,-5.173499465E-2
2.174867262E1,-1.300732856E-1,-4.826309341E-1,-9.764265418E-3
2.176867262E1,-3.963034462E-2,-4.695033503E-1,2.429716909E-1
2.178867262E1,6.833776150E-2,-1.835788903E-1,1.142072314E-1
2.180867262E1,6.850758657E-2,-1.069322719E-1,3.399272972E-1
2.182867262E1,2.244692002E-1,-3.609778583E-1,2.100582987E-1
2.184867262E1,1.867936529E-1,-2.019539116E-1,-8.428761363E-2
2.186867262E1,1.143957676E-1,1.250984015E-1,-7.452802598E-2
2.188867262E1,-1.253236289E-1,1.191340953E-2,-2.311386806E-1
2.190867262E1,-2.853464262E-1,-9.187437594E-3,-2.049028087E-1
2.192867262E1,-1.464619347E-1,3.308646977E-2,-3.495114684E-2
2.194867262E1,1.324473283E-1,-5.611052459E-1,-2.547631860E-2
2.196867262E1,9.882883497E-2,-1.064030989E0,-3.118887287E-1
2.198867262E1,2.241920422E-1,-8.590438338E-1,-6.308280301E-1
2.200867262E1,3.330933639E-1,-2.326836611E-1,-7.549591559E-1
2.202867262E1,2.756019317E-1,-7.451296940E-2,-1.556255157E0
2.204867262E1,3.450636376E-1,-6.258742690E-2,-2.194746548E0
2.206867262E1,4.110869616E-1,1.133899368E-1,-2.628559663E0
2.208867262E1,7.476680434E-1,1.813500778E-1,-2.535018246E0
2.210867262E1,7.080601741E-1,2.238600665E-1,-2.679525749E0
2.212867262E1,1.077449618E-1,1.940073994E-1,-2.570617265E0
2.214867262E1,-1.638370822E-1,-3.866167295E-1,-2.970014838E0
2.216867262E1,-1.817933699E-1,-1.255189186E0,-2.809065549E0
2.218867262E1,-9.057242028E-2,-1.561816444E0,-2.646202467E0
2.220867262E1,1.330845286E-1,-9.281937370E-1,-2.766852745E0
2.222867262E1,3.314149207E-1,-1.313689555E-1,-2.836260365E0
2.224867262E1,3.622389565E-1,4.905436787E-1,-2.783179926E0
2.226867262E1,3.022216733E-1,6.094979721E-1,-2.721236862E0
2.228867262E1,3.092935883E-1,2.946941140E-1,-2.355638534E0
2.230867262E1,3.531560379E-1,-1.985226193E-1,-1.665861214E0
2.232867262E1,2.530948292E-1,-5.538870044E-1,-1.521451360E0
2.234867262E1,7.558976340E-1,-6.164418331E-1,-1.182881202E0
2.236867262E1,1.121476374E0,-4.336708818E-1,-1.468041138E0
2.238867262E1,5.739235121E-1,-5.170624097E-1,-1.104309241E0
2.240867262E1,4.940308119E-1,-8.842761773E-1,-1.249410821E0
2.242867262E1,2.223013450E-1,-9.089577131E-1,-3.801719284E-1
2.244867262E1,-1.248485061E-1,-6.126271096E-1,5.392068386E-1
2.246867262E1,9.187445634E-1,-6.777911121E-1,8.246667373E-1
2.248867262E1,1.667764191E0,-6.320521447E-1,6.463477099E-1
2.250867262E1,7.192876321E-1,2.838827585E-1,-1.840732723E-1
2.252867262E1,6.540370908E-1,1.301076819E0,1.955957955E-1
2.254867262E1,-5.524712473E-2,9.098039514E-1,4.577820218E-1
2.256867262E1,-3.035206322E-1,-9.453632087E-3,1.371971385E0
2.258867262E1,-1.181902231E0,9.758188699E-1,1.431528200E0
2.260867262E1,-1.365072986E0,1.969650380E0,1.521531467E0
2.262867262E1,-6.226169313E-1,1.438371635E0,8.659258604E-1
2.264867262E1,-1.020865381E-1,4.175707197E-1,1.663321184E0
2.266867262E1,-4.394555323E-1,1.421417195E-1,5.156747192E-1
2.268867262E1,-1.005427562E0,4.503047486E-1,8.926996762E-1
2.270867262E1,-8.035790464E-1,1.146553182E0,1.385960264E0
2.272867262E1,-1.108596858E0,1.273479423E0,1.619656516E0
2.274867262E1,1.320831929E-1,3.732103796E-1,1.562563133E0
2.276867262E1,1.496805346E-1,8.047907357E-1,2.344725291E0
2.278867262E1,-2.343612273E-1,1.468183225E0,3.279046032E0
2.280867262E1,-5.680496916E-2,7.679085459E-1,2.373592409E0
2.282867262E1,-2.256414208E-1,-4.626262937E-1,2.479249842E0
2.284867262E1,-1.064353316E0,2.636874989E-2,2.390388536E0
2.286867262E1,-6.049855296E-1,1.512999941E0,2.138738408E0
2.288867262E1,-1.120521670E0,6.135132551E-1,2.373616968E0
2.290867262E1,-4.530390528E-1,-9.464142457E-1,2.557156974E0
2.292867262E1,-2.384244575E-1,-5.249804167E-1,2.495070069E0
2.294867262E1,6.113712738E-1,1.214639184E-1,1.947130998E0
2.296867262E1,1.620193291E-1,2.253800502E-1,1.473415314E0
2.298867262E1,-4.334410863E-1,4.042143635E-1,1.790986952E0
2.300867262E1,-9.400555448E-1,8.049677601E-1,2.048714091E0
2.302867262E1,-4.777929479E-1,3.339564130E-1,2.157958791E0
2.304867262E1,1.007814395E-1,-2.778921399E-1,1.865341900E0
2.306867262E1,3.649362771E-1,-1.500034471E-1,1.952673574E0
2.308867262E1,-2.279532637E-1,4.574640794E-1,2.345732181E0
2.310867262E1,7.615004361E-2,8.049035870E-1,1.741710126E0
2.312867262E1,-1.710200943E-1,9.637746289E-2,1.133627765E0
2.314867262E1,3.201189771E-2,-4.665028515E-1,1.548477775E0
2.316867262E1,-1.758541337E-1,-3.524496943E-2,1.296316016E0
2.318867262E1,-3.686862427E-1,1.511870697E-2,5.144813025E-1
2.320867262E1,-7.509115671E-1,-5.882145457E-1,6.085676801E-1
2.322867262E1,-6.414864810E-1,-7.711705613E-1,1.518688551E0
2.324867262E1,2.474146977E-2,-1.995746796E-1,1.765100158E0
2.326867262E1,1.793313266E-1,-7.004671991E-2,1.873128637E0
2.328867262E1,-7.654809281E-2,2.671796022E-1,1.039045544E0
2.330867262E1,-4.388466910E-2,5.012079768E-1,1.011065447E0
2.332867262E1,1.776139994E-1,-1.817384791E-1,1.034146162E0
2.334867262E1,-1.589988036E-1,-7.810774988E-1,1.136091782E0
2.336867262E1,-8.976614772E-1,-2.400619702E-1,1.054338351E0
2.338867262E1,-8.833385763E-1,6.347697844E-1,1.058060689E0
2.340867262E1,-2.295562778E-1,8.520748298E-1,9.075638831E-1
2.342867262E1,-3.046925604E-2,2.983651422E-1,9.262030524E-1
2.344867262E1,-3.601073541E-1,1.153841297E-1,8.042389047E-1
2.346867262E1,-3.293860830E-1,4.897823712E-1,6.980721796E-1
2.348867262E1,-7.130900221E-1,5.380233622E-1,1.117875366E0
2.350867262E1,-7.502658883E-1,4.897797400E-1,7.629534692E-1
2.352867262E1,-5.191052806E-1,3.856364438E-1,7.398587215E-1
2.354867262E1,-4.330863065E-1,1.722192121E-1,7.978554994E-1
2.356867262E1,-2.292190397E-1,3.098652998E-1,8.648178130E-1
2.358867262E1,2.524614295E-1,6.265371971E-1,8.463803726E-1
2.360867262E1,6.296164870E-1,5.878955801E-1,8.226821923E-1
2.362867262E1,2.946039207E-1,2.970584357E-1,6.872226709E-1
2.364867262E1,3.667695254E-1,6.266475633E-1,6.896422487E-1
2.366867262E1,-1.656160976E-1,8.905402994E-1,7.817972910E-1
2.368867262E1,-2.976962207E-1,6.243718269E-1,7.974719220E-1
2.370867262E1,-5.557845721E-1,6.117843796E-1,5.722985709E-1
2.372867262E1,-1.391615398E-1,1.898101218E-1,4.412051654E-1
2.374867262E1,3.874392866E-1,-1.406958492E-1,5.293858552E-1
2.376867262E1,1.196498197E-1,3.449956638E-1,9.288869244E-1
2.378867262E1,-1.332334864E-1,1.047869431E0,7.977987814E-1
2.380867262E1,1.292503631E-1,6.420067370E-2,6.698932779E-1
2.382867262E1,1.889321624E-1,-5.851182988E-1,9.856189495E-1
2.384867262E1,-7.125592411E-2,1.479481508E-1,8.821992463E-1
2.386867262E1,-4.710794672E-2,9.142921279E-1,6.685817474E-1
2.388867262E1,-6.988562912E-2,3.577060488E-1,2.135163420E-1
2.390867262E1,2.950554720E-1,-7.397704285E-1,3.338578874E-1
2.392867262E1,5.162212877E-1,-5.589762747E-1,7.892337799E-1
2.394867262E1,-7.301169679E-2,4.745392647E-1,4.763761675E-1
2.396867262E1,-7.715824977E-1,8.912312941E-1,-3.149310350E-3
2.398867262E1,-6.052245346E-1,4.219599321E-1,-5.856758308E-1
2.400867262E1,-1.646143234E-1,-3.723398754E-1,-1.008623065E0
2.402867262E1,6.002630259E-1,-5.743148370E-1,1.685226023E-1
2.404867262E1,6.038105316E-1,-4.907331285E-1,-2.931565887E-1
2.406867262E1,5.454508609E-1,-6.003728074E-1,-5.507977742E-1
2.408867262E1,1.026541200E0,-5.868995069E-1,-1.945888465E0
2.410867262E1,9.499423094E-1,-6.663160975E-1,-1.058879299E0
2.412867262E1,1.867197222E-1,-5.320640261E-1,-9.741724402E-1
2.414867262E1,4.108907144E-1,-1.760125932E-1,-1.182005873E0
2.416867262E1,5.097064662E-1,3.752624600E-1,-2.313711074E0
2.418867262E1,1.531877676E-1,1.994558349E-1,-3.299865628E0
2.420867262E1,5.710569512E-1,-4.780877937E-1,-4.200715739E0
2.422867262E1,1.152984607E0,-5.097982675E-1,-4.473152719E0
2.424867262E1,1.445912643E0,7.666854545E-2,-3.717127615E0
2.426867262E1,-3.519338968E-1,6.700146076E-1,-3.561025084E0
2.428867262E1,-1.564492130E0,3.386191289E-1,-2.722474717E0
2.430867262E1,-1.131775294E0,-2.971269943E-1,-1.914459681E0
2.432867262E1,-1.145834997E-2,-7.772510809E-1,-1.045952275E0
2.434867262E1,5.417140516E-1,-6.838343556E-1,-3.617648935E-1
2.436867262E1,6.024467417E-1,-3.648716654E-1,-1.793089610E-1
2.438867262E1,8.528354064E-2,-2.195144159E-1,-5.227656376E-1
2.440867262E1,-3.709680455E-1,-3.031199518E-1,-6.963981217E-1
2.442867262E1,-4.370103729E-1,-4.434705229E-1,-5.685411501E-1
2.444867262E1,3.385530554E-2,-6.280677058E-1,-4.018984276E-1
2.446867262E1,-1.502770968E-2,-9.902391270E-1,-4.372793448E-1
2.448867262E1,-3.077597174E-1,-1.008693670E0,-3.599183428E-1
2.450867262E1,-3.457777289E-1,-4.417115343E-1,-1.978843957E-1
2.452867262E1,-1.540572486E-1,-3.255532332E-1,-3.037219226E-1
2.454867262E1,-7.582044337E-2,-4.314672124E-1,-6.451116085E-2
2.456867262E1,3.635853510E-2,-2.036399563E-1,1.410985762E-1
2.458867262E1,2.844664568E-1,-2.427746397E-1,2.127035791E-1
2.460867262E1,2.312002591E-1,-5.256601556E-1,-2.237261653E-1
2.462867262E1,1.553178352E-1,-6.935037500E-1,7.788374305E-2
2.464867262E1,5.252634220E-2,-5.309195799E-1,2.559209347E-1
2.466867262E1,-1.921444765E-1,-3.485006310E-1,8.244398654E-2
2.468867262E1,-5.444090333E-2,-3.592896210E-1,5.487787306E-2
2.470867262E1,1.212369002E-1,-2.446615362E-1,-1.741534710E-2
2.472867262E1,4.100740411E-1,-5.253708646E-2,-9.554876626E-2
2.474867262E1,3.169672183E-1,-9.288769841E-2,-9.612822533E-4
2.476867262E1,-1.691994175E-2,-2.440257977E-1,8.453261197E-2
2.478867262E1,-1.754785962E-2,-1.658894549E-1,9.865305305E-2
2.480867262E1,-2.123028986E-2,1.354941662E-1,1.762649006E-1
2.482867262E1,2.111138673E-1,-1.296302859E-1,7.203769684E-3
2.484867262E1,1.806994289E-1,-3.158858854E-1,-2.493340462E-1
2.486867262E1,9.687279515E-2,-1.300363751E-1,-8.542138875E-2
2.488867262E1,6.288146876E-2,-1.736925642E-1,-1.157918268E-1
2.490867262E1,-1.175508155E-1,-4.673821266E-1,-1.640459740E-1
2.492867262E1,-6.335743211E-2,-5.761249888E-1,-1.657083374E-1
2.494867262E1,2.217612816E-1,-4.571654329E-1,-1.037524098E-1
2.496867262E1,3.583286311E-1,-6.441851172E-1,-5.711349750E-1
2.498867262E1,3.069453464E-1,-8.599533682E-1,-8.434591037E-1
2.500867262E1,-2.855648562E-2,-6.647518212E-1,-1.039934905E0
2.502867262E1,-1.453983262E-3,-2.691993767E-1,-1.574194999E0
2.504867262E1,-3.113627717E-2,-2.561988236E-1,-1.819107966E0
2.506867262E1,1.234106027E-1,-5.237856844E-1,-1.964065704E0
2.508867262E1,2.065585209E-1,-3.275883566E-1,-2.099128200E0
2.510867262E1,2.371192858E-1,3.458755235E-1,-2.311706648E0
2.512867262E1,1.504877427E-1,7.174073137E-1,-2.841918715E0
2.514867262E1,2.519923367E-1,3.944274402E-1,-2.967301145E0
2.516867262E1,6.046408363E-2,-3.140386038E-1,-2.748181416E0
2.518867262E1,-5.764938019E-2,-6.722600846E-1,-2.691990259E0
2.520867262E1,3.179101914E-1,-4.173843397E-1,-3.096589515E0
2.522867262E1,7.116426169E-1,4.315976053E-2,-3.158738986E0
2.524867262E1,1.890293723E-1,2.912069808E-1,-2.670315215E0
2.526867262E1,-1.461357332E-1,9.080872089E-3,-2.975665002E0
2.528867262E1,1.003370512E-1,-7.042623344E-1,-2.285992933E0
2.530867262E1,2.906745918E-2,-9.722149386E-1,-1.770966670E0
2.532867262E1,3.422118044E-1,-8.497762893E-1,-1.623318043E0
2.534867262E1,8.378003146E-1,-8.213393793E-1,-1.245212520E0
2.536867262E1,8.846904525E-1,-9.267478667E-1,-1.026153603E0
2.538867262E1,1.085513659E0,-1.143262807E0,-1.151558837E0
2.540867262E1,1.014951507E0,-1.121315137E0,-8.613556767E-1
2.542867262E1,2.145903294E-1,-3.441905022E-1,-1.576008806E0
2.544867262E1,1.085664225E-1,1.553122804E-2,-1.293207636E0
2.546867262E1,9.176722571E-2,-2.313294460E-1,1.443852961E-2
2.548867262E1,-1.326826787E-1,-6.708842348E-1,7.601193237E-1
2.550867262E1,-2.240331441E-2,-1.056359442E-1,3.129172540E-1
2.552867262E1,-1.126030478E-1,1.614406594E0,8.600283587E-1
2.554867262E1,-2.216039184E-1,1.823034517E0,3.811244398E-1
2.556867262E1,-1.062405463E-1,2.844025759E-1,8.237206578E-2
2.558867262E1,-4.731144445E-1,-4.075740275E-1,1.790344343E0
2.560867262E1,-5.373234504E-1,1.202601375E0,1.791292761E0
2.562867262E1,-5.732319327E-1,1.577699089E0,1.121584255E0
2.564867262E1,-7.152172391E-1,1.001756680E-1,9.136063957E-1
2.566867262E1,-3.437999082E-1,1.318351248E-1,1.613806962E0
2.568867262E1,3.019151330E-2,7.765692955E-1,1.714356267E0
2.570867262E1,-3.154952914E-2,6.900473146E-1,1.449409570E0
2.572867262E1,-5.104866309E-1,1.110031326E0,1.244420807E0
2.574867262E1,-1.260760559E-1,1.761957865E0,2.162895595E0
2.576867262E1,3.186916718E-1,1.309473274E0,3.378983134E0
2.578867262E1,9.108210745E-1,1.548212604E-1,2.430998619E0
2.580867262E1,4.678968278E-1,-4.287934269E-1,2.486133184E0
2.582867262E1,1.313778725E-1,-3.009491730E-1,2.030565503E0
2.584867262E1,-8.630773893E-1,7.579751498E-1,1.171222438E0
2.586867262E1,-5.476044635E-1,1.257799383E0,1.687833881E0
2.588867262E1,-7.342845708E-1,8.046382695E-2,1.697144403E0
2.590867262E1,-2.545322210E-1,-1.135837136E0,2.063103504E0
2.592867262E1,-2.562159267E-1,-2.184537309E-1,1.828436614E0
2.594867262E1,-1.711073640E-1,1.432482173E0,1.503255410E0
2.596867262E1,-4.968691966E-1,1.163612433E0,2.009765203E0
2.598867262E1,-9.808894292E-1,-2.740857486E-1,2.581358015E0
2.600867262E1,-1.176214791E0,-3.056734309E-1,3.190375931E0
2.602867262E1,-6.306192845E-1,9.936400138E-1,2.897915161E0
2.604867262E1,-1.057176590E-1,7.568198861E-1,2.391465009E0
2.606867262E1,-1.114362359E-1,-7.313763119E-1,2.698430967E0
2.608867262E1,-4.841345456E-1,-1.584879032E-1,3.097770068E0
2.610867262E1,-4.187477642E-1,1.506984033E0,1.892530868E0
2.612867262E1,-7.465760028E-1,6.626705047E-1,1.091849994E0
2.614867262E1,-9.365678269E-1,-8.330642161E-1,1.021072957E0
2.616867262E1,-7.235903057E-1,-3.649095261E-1,2.024314830E0
2.618867262E1,-6.436810872E-1,7.234942652E-1,1.775874238E0
2.620867262E1,-9.691906124E-1,2.701679680E-1,1.716237316E0
2.622867262E1,-9.627469808E-1,-1.571746185E-1,1.887650197E0
2.624867262E1,-5.757469663E-1,4.150043768E-1,1.937443916E0
2.626867262E1,-2.713742486E-1,4.017925930E-1,1.816176757E0
2.628867262E1,-7.683940110E-1,1.697551954E-1,1.587435434E0
2.630867262E1,-7.790154782E-1,5.670584424E-1,1.261056721E0
2.632867262E1,-8.231283349E-1,7.073281758E-1,9.667347819E-1
2.634867262E1,-7.199954376E-1,4.981810194E-1,9.372501969E-1
2.636867262E1,-2.900821227E-1,-2.115005144E-1,1.178988710E0
2.638867262E1,-2.820962879E-1,1.176103109E-1,8.937229389E-1
2.640867262E1,-4.312005794E-1,1.040573421E0,8.716912150E-1
2.642867262E1,-3.087800565E-1,1.272566965E0,5.612835860E-1
2.644867262E1,-5.592981640E-1,4.244056763E-1,5.383800423E-1
2.646867262E1,-5.184717348E-1,7.210347801E-2,5.989069104E-1
2.648867262E1,-3.511928353E-1,4.728811406E-1,8.887305862E-1
2.650867262E1,-4.152338800E-1,9.999447741E-1,5.016525114E-1
2.652867262E1,-1.459821707E-1,9.524238677E-1,6.179606473E-1
2.654867262E1,-1.099367175E-1,5.809080112E-1,8.384556413E-1
2.656867262E1,-4.997147441E-2,6.105536869E-1,1.180191482E0
2.658867262E1,-1.169317415E-1,6.613430406E-1,7.175328827E-1
2.660867262E1,-1.458886153E-1,6.424569726E-1,7.562309253E-1
2.662867262E1,-3.626603946E-1,8.481612884E-1,1.073742921E0
2.664867262E1,-4.907126632E-1,1.044888228E0,1.532967451E0
2.666867262E1,-7.551193696E-1,1.003979645E0,9.742022610E-1
2.668867262E1,-9.912527418E-1,6.136806317E-1,5.130446416E-1
2.670867262E1,-6.676195881E-1,6.241116259E-1,1.145629175E0
2.672867262E1,-4.324040826E-1,9.433989827E-1,1.719408261E0
2.674867262E1,-3.820806058E-1,1.007975779E0,1.376546831E0
2.676867262E1,-5.723254681E-3,1.209416158E-1,7.599322128E-1
2.678867262E1,3.897566843E-1,-6.170215845E-1,6.305222207E-1
2.680867262E1,1.003167321E0,-8.280135374E-1,7.403171432E-1
2.682867262E1,1.502606369E0,-4.789349091E-1,7.414591044E-1
2.684867262E1,1.306221199E0,5.155592367E-2,1.353378993E-1
2.686867262E1,1.350440475E0,-1.560195011E-1,-7.806184924E-1
2.688867262E1,1.063422293E0,-1.045478358E0,-2.624458426E-1
2.690867262E1,-3.204034442E-1,-1.114197321E0,-2.184730268E-1
2.692867262E1,-6.906764750E-1,-1.421170150E-1,-7.116903448E-1
2.694867262E1,-3.265319109E-1,5.461077225E-1,-1.774056339E0
2.696867262E1,5.841931231E-1,-1.620336547E-2,-2.110826139E0
2.698867262E1,2.986430311E-1,-1.068413477E0,-2.328439626E0
2.700867262E1,6.577972890E-1,-1.408074287E0,-3.003534586E0
2.702867262E1,1.178892377E0,-7.604109536E-1,-1.732188520E0
2.704867262E1,9.686416320E-1,2.582209370E-1,-2.320800238E0
2.706867262E1,3.153303268E-1,3.678208548E-1,-3.169090896E0
2.708867262E1,6.026513942E-1,-3.690820992E-1,-3.788531474E0
2.710867262E1,1.162913764E0,-1.030969516E0,-3.542023387E0
2.712867262E1,1.432350611E0,-1.218091526E0,-3.075194553E0
2.714867262E1,1.112637650E0,-6.153769089E-1,-2.942900130E0
2.716867262E1,5.395591334E-1,1.451161981E-1,-3.324101753E0
2.718867262E1,3.758954211E-1,-1.998271331E-2,-3.160480286E0
2.720867262E1,2.391174987E-1,-7.616673741E-1,-2.427777387E0
2.722867262E1,3.165692787E-1,-1.042960839E0,-1.488181872E0
2.724867262E1,5.921813699E-1,-6.342409037E-1,-2.445095086E-1
2.726867262E1,2.854336593E-1,-8.131510846E-2,-4.217000234E-1
2.728867262E1,3.004343256E-2,-4.536445320E-1,-7.489599127E-1
2.730867262E1,7.830123425E-2,-6.018317608E-1,-4.943066543E-1
2.732867262E1,4.608999764E-1,3.567109258E-1,-1.961448491E-1
2.734867262E1,8.789699022E-1,1.206046993E0,-3.618292129E-1
2.736867262E1,3.799336544E-1,1.104827962E0,-4.341504997E-1
2.738867262E1,-6.891681857E-2,4.614497609E-1,-1.278616494E-1
2.740867262E1,1.676542908E-3,-4.834039360E-2,-4.444936395E-2
2.742867262E1,1.718954956E-1,-2.823219173E-1,1.408506542E-1
2.744867262E1,7.492312966E-1,-6.683126293E-2,2.040438527E-1
2.746867262E1,7.673313526E-1,4.067092974E-1,1.415119743E-1
2.748867262E1,5.071714789E-1,1.757321461E-1,1.317681742E-1
2.750867262E1,2.224120036E-2,-3.147420969E-1,2.983319592E-1
2.752867262E1,-6.763116203E-2,-3.560727753E-1,3.093820274E-1
2.754867262E1,-1.408654185E-1,-2.392616326E-1,2.787215674E-1
2.756867262E1,-3.710051022E-2,-1.746409826E-1,5.400663793E-2
2.758867262E1,-1.408448801E-1,1.334126305E-1,-1.035465878E-1
2.760867262E1,-3.796140309E-1,5.121241437E-1,-7.952856481E-2
2.762867262E1,-5.767596310E-1,3.549231396E-1,-1.504412574E-1
2.764867262E1,-1.303347146E0,-1.975511775E-1,9.531195402E-2
2.766867262E1,-1.770687465E0,-8.383418398E-1,-6.705236077E-2
2.768867262E1,-1.810736215E0,-7.949280909E-1,-5.413229460E-1
2.770867262E1,-1.333669199E0,-1.464098945E-1,-1.981603843E-1
2.772867262E1,-1.183899640E0,9.423401982E-2,-2.727726102E-3
2.774867262E1,-9.740909446E-1,-5.154485051E-1,1.041962135E-1
2.776867262E1,-8.885259336E-1,-1.264034123E0,1.121145129E-2
2.778867262E1,-7.942593156E-1,-1.536265573E0,3.260319740E-1
2.780867262E1,-7.351035465E-1,-1.599520752E0,3.488138956E-1
2.782867262E1,-4.238429549E-1,-1.133831321E0,9.549964964E-2
2.784867262E1,-5.354514644E-3,-2.368280214E-1,-3.526870912E-1
2.786867262E1,2.775366291E-1,5.487796077E-1,-6.641267538E-1
2.788867262E1,3.875950418E-1,7.724263240E-1,-2.942406625E-1
2.790867262E1,7.556924699E-1,3.770346048E-1,-2.274742305E-2
2.792867262E1,5.463565215E-1,-2.147044232E-1,7.504608929E-2
2.794867262E1,2.138758727E-1,-7.018139590E-1,3.059906423E-2
2.796867262E1,-5.838050142E-2,-9.874840651E-1,-3.486291236E-1
2.798867262E1,-1.406774305E-1,-9.224703361E-1,-9.178228229E-1
2.800867262E1,5.407797396E-3,-5.237548403E-1,-1.376507070E0
2.802867262E1,2.860894977E-1,-2.959851792E-1,-1.727168686E0
2.804867262E1,4.965882379E-1,-5.799297720E-1,-2.187597157E0
2.806867262E1,7.765021987E-1,-9.533714090E-1,-2.572495390E0
2.808867262E1,9.890821092E-1,-9.220063595E-1,-2.752417139E0
2.810867262E1,1.289812012E0,-5.137081544E-1,-2.385769821E0
2.812867262E1,1.336962935E0,-2.535136360E-1,-2.427554024E0
2.814867262E1,1.202503288E0,-8.458067608E-1,-2.171346576E0
2.816867262E1,6.702316855E-1,-1.570785488E0,-2.033573896E0
2.818867262E1,7.374829978E-1,-1.301848505E0,-2.573490586E0
2.820867262E1,1.330353974E0,-1.181796835E-1,-3.136989682E0
2.822867262E1,1.480303188E0,7.305632566E-1,-3.216855631E0
2.824867262E1,1.117696295E0,5.788721569E-1,-2.841524613E0
2.826867262E1,3.688480644E-1,-1.600102258E-1,-2.056856339E0
2.828867262E1,5.097456425E-3,-8.429131199E-1,-1.874231422E0
2.830867262E1,-2.398057160E-1,-9.712242740E-1,-2.182004880E0
2.832867262E1,-2.483085908E-1,6.038843527E-2,-1.854075485E0
2.834867262E1,5.065510163E-1,1.866909100E0,-1.261952514E0
2.836867262E1,7.872651686E-1,2.075491708E0,-6.675269097E-1
2.838867262E1,3.042220058E-1,1.945491439E-1,-4.205434442E-1
2.840867262E1,-1.471304177E-1,-7.261114790E-1,-8.836721599E-2
2.842867262E1,-5.913124005E-1,-1.333698727E-1,3.055409914E-1
2.844867262E1,-8.635251398E-1,8.101595029E-2,7.661665142E-2
2.846867262E1,-6.631094845E-1,5.930051695E-1,3.779312754E-1
2.848867262E1,-1.216564380E-1,9.922238182E-1,1.319594366E0
2.850867262E1,3.490776050E-1,2.177492876E-1,1.459798903E0
2.852867262E1,2.864736597E-1,-6.556861518E-1,1.151694492E0
2.854867262E1,5.776351784E-1,-2.631586182E-1,1.349815115E0
2.856867262E1,3.465676877E-1,5.296937111E-1,1.043668352E0
2.858867262E1,-2.153105602E-1,4.952167735E-1,8.060334152E-1
2.860867262E1,-7.054499039E-1,-1.234692210E-1,1.069414228E0
2.862867262E1,-8.985664800E-1,1.489344299E-2,1.250534656E0
2.864867262E1,-6.302177270E-1,7.721809602E-1,2.060601481E0
2.866867262E1,-3.297420323E-2,6.406180233E-1,1.337611392E0
2.868867262E1,1.352171543E-1,-1.816136411E-1,1.523922393E0
2.870867262E1,-6.790430009E-2,4.864067736E-1,1.399773141E0
2.872867262E1,-2.194574055E-1,1.353279591E0,1.815289734E0
2.874867262E1,-9.307067241E-1,9.220842737E-1,1.900753807E0
2.876867262E1,-4.928436810E-1,5.723874485E-1,1.418818692E0
2.878867262E1,1.741482085E-1,8.374075279E-1,1.939255968E0
2.880867262E1,4.872806400E-1,1.191959004E0,2.075470950E0
2.882867262E1,9.651311830E-2,1.298889375E0,2.229954972E0
2.884867262E1,-4.731632687E-1,9.967900550E-1,1.959953942E0
2.886867262E1,-6.388360843E-1,7.003268659E-1,2.099592469E0
2.888867262E1,-6.771391475E-1,4.034877008E-1,1.739571800E0
2.890867262E1,-3.353641301E-1,-1.635539308E-1,2.233066860E0
2.892867262E1,-3.605793706E-1,2.629527962E-1,2.217922572E0
2.894867262E1,-2.632629910E-1,7.705861321E-1,2.244084769E0
2.896867262E1,-2.462285900E-1,4.743942538E-1,2.238415309E0
2.898867262E1,-2.912030339E-1,4.119933531E-1,2.428920518E0
2.900867262E1,-6.061849397E-1,7.344819143E-1,2.884053751E0
2.902867262E1,-7.591802609E-1,1.308432031E0,2.419648004E0
2.904867262E1,-1.029333026E0,1.291477152E0,2.238089034E0
2.906867262E1,-1.026983907E0,6.415749201E-1,3.060178903E0
2.908867262E1,-8.959638843E-1,1.732845747E-1,2.912529107E0
2.910867262E1,-1.022565459E0,-1.176430553E-2,1.858878973E0
2.912867262E1,-1.255919357E0,9.144247136E-1,1.966806294E0
2.914867262E1,-9.318935627E-1,1.521189697E0,2.112019556E0
2.916867262E1,-1.686480251E-1,4.959593698E-1,2.408335980E0
2.918867262E1,-4.115135890E-1,1.229575896E-1,2.105563061E0
2.920867262E1,-8.876953366E-1,9.918737161E-1,1.876956224E0
2.922867262E1,-6.917662498E-1,1.455214978E0,1.771934969E0
2.924867262E1,-5.511369127E-1,7.762178779E-1,1.839248700E0
2.926867262E1,-2.303460905E-1,-3.373030668E-1,1.827734363E0
2.928867262E1,-7.130170780E-1,-2.862940040E-1,1.412350502E0
2.930867262E1,-6.499080795E-1,1.055190437E0,1.221429555E0
2.932867262E1,-3.848283586E-1,1.470190136E0,1.124462255E0
2.934867262E1,-2.108330548E-2,3.385638727E-1,1.381969539E0
2.936867262E1,-8.820466340E-2,-3.623746119E-1,1.539672453E0
2.938867262E1,-3.124953774E-1,1.359058101E-1,1.114219102E0
2.940867262E1,-3.317534745E-1,6.103271073E-1,4.373945349E-1
2.942867262E1,-5.280146831E-1,6.288899705E-1,5.427397263E-1
2.944867262E1,-2.225616923E-1,5.491634774E-1,1.779440455E0
2.946867262E1,-3.003878403E-1,3.707789612E-1,2.071870235E0
2.948867262E1,-3.067501956E-1,5.579296231E-2,1.298687062E0
2.950867262E1,-2.651127577E-3,2.281903683E-1,8.249140745E-1
2.952867262E1,4.505434611E-1,5.757130525E-1,4.861322469E-1
2.954867262E1,7.044935918E-1,2.633925068E-1,5.820786238E-1
2.956867262E1,5.066369703E-1,-4.041810344E-1,3.095492578E-1
2.958867262E1,-2.430056047E-1,-7.271265556E-1,4.984809816E-2
2.960867262E1,-3.540705425E-1,1.252352263E-1,-3.314236915E-1
2.962867262E1,1.058673477E-1,7.375484866E-1,-9.036480027E-1
2.964867262E1,4.553963578E-1,-1.984169309E-1,-9.720159870E-1
2.966867262E1,7.190714313E-1,-1.375850866E0,-1.270618672E0
2.968867262E1,1.294320069E0,-1.330130610E0,-2.048722862E0
2.970867262E1,1.367902454E0,-7.357919830E-1,-2.062308868E0
2.972867262E1,1.088588856E0,-9.637278512E-2,-2.036578780E0
2.974867262E1,8.179966722E-1,-1.563834903E-1,-2.418339981E0
2.976867262E1,1.211896694E0,-4.144054757E-1,-3.345725341E0
2.978867262E1,1.415482855E0,-1.946492775E-1,-3.984117914E0
2.980867262E1,1.435640547E0,4.606734699E-1,-4.169875769E0
2.982867262E1,1.232566455E0,8.850708139E-1,-3.935639234E0
2.984867262E1,6.579696357E-1,7.636923379E-1,-3.516206760E0
2.986867262E1,4.341469914E-2,3.045736427E-1,-3.310001777E0
2.988867262E1,-4.952854782E-1,-3.400096699E-1,-3.185447313E0
2.990867262E1,-5.508875290E-1,-8.875671364E-1,-2.465621737E0
2.992867262E1,1.406255364E-1,-9.021544777E-1,-1.339234579E0
2.994867262E1,-9.962573737E-2,-7.388863295E-1,-6.546811616E-1
2.996867262E1,-1.556291994E-1,-1.130742676E0,1.764309615E-1
2.998867262E1,-2.685006344E-1,-4.474108154E-1,8.290357769E-1
3.000867262E1,-5.513924360E-3,1.083159424E0,-1.186908764E-1
3.002867262E1,5.825692052E-1,1.141033702E0,-6.394269454E-1
3.004867262E1,7.256760076E-1,-6.986786820E-2,-8.477100295E-1
3.006867262E1,4.009388995E-1,-7.002227855E-1,-7.335788119E-1
3.008867262E1,2.362570408E-1,-4.815914454E-1,-3.199736738E-1
3.010867262E1,1.272444758E-1,-4.336602107E-2,-1.412506038E-1
3.012867262E1,2.693958431E-1,-3.907246178E-1,1.565334713E-1
3.014867262E1,-1.689681602E-1,-1.075450747E0,1.434304458E-1
3.016867262E1,-1.100095153E-1,-8.817289109E-1,6.919302642E-2
3.018867262E1,2.362678581E-1,-6.102600105E-2,1.741154641E-1
3.020867262E1,2.566725942E-1,4.047020213E-1,3.989321351E-2
3.022867262E1,-3.157426286E-1,8.009092078E-2,-2.751687992E-1
3.024867262E1,-9.049188951E-1,-4.331527454E-1,-4.903679699E-1
3.026867262E1,-1.131513997E0,-5.356065618E-1,-7.143730474E-1
3.028867262E1,-8.185637060E-1,-2.288222330E-1,-1.012359436E0
3.030867262E1,-7.480068165E-1,-3.750070097E-1,-8.343374473E-1
3.032867262E1,-4.659257314E-1,-6.877057240E-1,-7.116704643E-1
3.034867262E1,-2.201888922E-1,-5.699146610E-1,-1.001657277E0
3.036867262E1,-3.552401318E-1,-2.993183845E-1,-7.059489638E-1
3.038867262E1,-4.118195446E-1,7.859849207E-2,-1.458266348E-1
3.040867262E1,-9.167732477E-2,1.994364660E-1,6.980581462E-1
3.042867262E1,-1.177483052E-2,-3.561728358E-1,3.209893352E-1
3.044867262E1,3.776614264E-2,-1.127040877E0,3.604399145E-2
3.046867262E1,-4.695564137E-1,-9.879807861E-1,1.407910126E-1
3.048867262E1,-2.540414934E-1,-6.145107901E-1,-4.130823970E-2
3.050867262E1,-3.956766978E-2,-4.515965447E-1,-3.216500705E-1
3.052867262E1,2.017697243E-1,-2.829070044E-1,-2.800863075E-1
3.054867262E1,-8.449811339E-3,3.515784591E-3,-4.606138283E-1
3.056867262E1,1.006729737E-1,1.306332296E-1,-2.353469217E-1
3.058867262E1,4.775429794E-1,4.752441466E-1,-3.039797848E-1
3.060867262E1,8.941182107E-1,4.254637299E-1,-8.057346225E-2
3.062867262E1,7.497190274E-1,-1.227239934E-1,-3.271967393E-1
3.064867262E1,1.075473405E0,-8.643029657E-1,-6.363630044E-1
3.066867262E1,1.267662612E0,-9.759760138E-1,-1.393325416E0
3.068867262E1,1.209654433E0,-6.923745064E-1,-1.739099929E0
3.070867262E1,9.183053644E-1,-2.614918694E-1,-2.139350027E0
3.072867262E1,5.381593099E-1,-7.132477507E-2,-2.206207675E0
3.074867262E1,5.074225438E-1,-1.575785150E-1,-2.767483660E0
3.076867262E1,6.724702920E-1,-2.604861483E-2,-3.056799213E0
3.078867262E1,1.032097882E0,1.589803849E-1,-3.176554867E0
3.080867262E1,1.388990583E0,-8.153021291E-2,-2.967906917E0
3.082867262E1,1.471035059E0,-4.171614146E-1,-2.930402291E0
3.084867262E1,1.346636569E0,-4.180213939E-1,-2.613732294E0
3.086867262E1,9.252938104E-1,-1.438808276E-1,-2.360671232E0
3.088867262E1,5.137597561E-1,5.720798850E-2,-2.309137967E0
3.090867262E1,3.038610864E-1,-6.290127620E-2,-2.396980103E0
3.092867262E1,1.390157980E-1,-3.652719073E-1,-2.425982877E0
3.094867262E1,4.088468201E-1,-7.853295940E-1,-1.404464947E0
3.096867262E1,3.993601513E-1,-8.226914017E-1,-6.812573415E-1
3.098867262E1,2.281115770E-1,-8.458943228E-1,-9.959685212E-1
3.100867262E1,2.399887338E-1,-4.905237982E-1,-8.439151865E-1
3.102867262E1,3.105400684E-1,2.317687181E-1,-9.605484277E-1
3.104867262E1,9.412771744E-1,5.417464305E-1,2.119025105E-1
3.106867262E1,7.648324719E-1,-1.560789965E-1,5.772523320E-1
3.108867262E1,6.221362902E-1,-1.183957235E0,4.667077965E-1
3.110867262E1,7.854551630E-1,-1.358558895E0,6.761503834E-1
3.112867262E1,7.578799863E-1,-7.718649182E-1,6.402584195E-1
3.114867262E1,4.466420527E-1,-4.280036142E-1,8.704556984E-1
3.116867262E1,-1.606990278E-2,-5.219613531E-1,8.465704072E-1
3.118867262E1,1.708822462E-1,2.526840623E-1,7.895506990E-1
3.120867262E1,4.709069744E-1,1.429423202E0,2.462133873E-1
3.122867262E1,-5.979947448E-2,1.052400146E0,8.108117598E-1
3.124867262E1,-6.930393349E-1,-4.692054346E-2,2.437534636E0
3.126867262E1,-9.298207247E-1,3.959063472E-1,2.025247461E0
3.128867262E1,-1.136520967E0,1.287637286E0,1.927989553E0
3.130867262E1,-6.928547090E-1,1.909682067E0,2.063049125E0
3.132867262E1,-6.384454903E-1,1.719384288E0,1.230148339E0
3.134867262E1,-4.905559579E-1,5.809150279E-1,2.027154822E0
3.136867262E1,-1.220367993E0,5.102501111E-1,1.696943843E0
3.138867262E1,-4.672770229E-1,1.505335410E0,1.839277936E0
3.140867262E1,-9.924704245E-1,9.663675767E-1,3.007770309E0
3.142867262E1,-2.986632040E-1,-3.698495463E-2,3.097104070E0
3.144867262E1,-4.585360202E-1,6.815663669E-1,2.867632431E0
3.146867262E1,-3.726836917E-1,2.163389392E0,2.003678836E0
3.148867262E1,-3.545532301E-1,1.522035643E0,2.106686895E0
3.150867262E1,-1.117488427E0,-6.370883515E-1,1.860452458E0
3.152867262E1,-7.497257517E-1,-1.130468368E0,1.931433563E0
3.154867262E1,-4.706656305E-1,5.744050303E-1,2.197593557E0
3.156867262E1,-3.174853912E-1,1.683271299E0,1.482805942E0
3.158867262E1,-2.666920906E-1,8.989273994E-1,1.207966341E0
3.160867262E1,9.248511761E-2,-3.074036220E-1,1.633586923E0
3.162867262E1,2.470678116E-1,-4.597553109E-1,1.406010366E0
3.164867262E1,1.274694474E-1,-2.400125612E-1,1.251004772E0
3.166867262E1,-5.087975165E-1,2.204977714E-1,1.361016626E0
3.168867262E1,-3.389462806E-1,1.852896394E-1,1.496895393E0
3.170867262E1,-6.559058610E-1,-9.196910083E-2,1.712257116E0
3.172867262E1,-5.093144104E-2,8.719707119E-1,1.922617131E0
3.174867262E1,-2.029915000E-1,8.736604111E-1,1.631149219E0
3.176867262E1,-7.547758457E-1,-1.827409843E-1,1.789915742E0
3.178867262E1,-1.117740880E0,8.129968643E-3,2.234546206E0
3.180867262E1,-9.281247398E-1,3.839308110E-1,2.237940515E0
3.182867262E1,-7.097210026E-1,3.248232083E-1,2.349767929E0
3.184867262E1,-4.534679461E-1,3.529965551E-1,1.749801503E0
3.186867262E1,-4.479730251E-1,-3.205297440E-3,1.133532456E0
3.188867262E1,-1.121148053E-1,-1.777626649E-1,1.644838135E0
3.190867262E1,-8.552853897E-1,4.123800002E-1,1.891540934E0
3.192867262E1,-9.356091759E-1,8.984945592E-1,1.745780373E0
3.194867262E1,-6.499522260E-1,5.282564655E-2,1.395599399E0
3.196867262E1,1.428524485E-1,-1.701459356E-1,1.090444908E0
3.198867262E1,7.244719197E-1,6.249907547E-1,1.314603767E0
3.200867262E1,8.963109165E-2,1.406945190E0,6.968723309E-1
3.202867262E1,8.852362901E-2,9.184182157E-1,6.520861673E-1
3.204867262E1,-5.198551860E-1,6.206483200E-2,2.577481896E-1
3.206867262E1,-9.743756309E-1,2.375065908E-1,-1.138213152E-1
3.208867262E1,-7.201568207E-1,5.563907821E-1,2.710856885E-1
3.210867262E1,-5.169441497E-1,3.085910453E-1,3.177721971E-1
3.212867262E1,-1.034106401E-1,-4.148770536E-1,3.542535603E-1
3.214867262E1,-3.275969812E-1,-4.159299910E-1,1.075764889E-1
3.216867262E1,1.247844060E-1,5.630028136E-1,6.048699009E-1
3.218867262E1,1.175755200E-1,1.183629791E0,2.854955667E-1
3.220867262E1,-1.485040748E-1,2.983278662E-1,9.258452028E-1
3.222867262E1,-1.301636982E-1,-1.248662670E-1,9.748577338E-1
3.224867262E1,8.738766119E-2,6.210354057E-1,6.917016381E-1
3.226867262E1,3.321819292E-1,5.915952596E-1,6.065322644E-1
3.228867262E1,-3.701383987E-1,2.889796302E-2,1.218108337E0
3.230867262E1,-4.976402982E-1,7.121177763E-1,1.367017039E0
3.232867262E1,2.326982792E-1,9.041407768E-1,5.415012860E-1
3.234867262E1,1.847367851E-1,-2.804288082E-1,4.728883034E-1
3.236867262E1,-1.704476519E-1,-9.879644139E-1,1.039198741E0
3.238867262E1,-3.301802811E-1,2.963585240E-1,1.018894284E0
3.240867262E1,-3.667563692E-1,1.589778706E0,8.796697408E-1
3.242867262E1,-5.287335983E-1,1.388068477E0,3.800421202E-1
3.244867262E1,-4.160330482E-1,-4.379041198E-1,2.397697556E-1
3.246867262E1,-3.044646652E-1,-1.096025783E0,2.073329115E-1
3.248867262E1,2.321480562E-1,3.479774514E-1,1.415020341E-1
3.250867262E1,1.239471870E0,1.021386075E0,-6.265624863E-1
3.252867262E1,9.812896711E-1,-1.757611629E-1,-2.239466053E-1
3.254867262E1,1.666269350E-1,-9.126126614E-1,-9.402030408E-1
3.256867262E1,-2.667616725E-2,-5.127756697E-1,-1.138154680E0
3.258867262E1,6.340391748E-1,-4.004547501E-1,-2.108210095E0
3.260867262E1,1.561381849E0,-9.670613489E-1,-3.048525403E0
3.262867262E1,1.666512740E0,-1.138238879E0,-3.603938969E0
3.264867262E1,1.185287769E0,-3.784350130E-1,-4.208656257E0
3.266867262E1,6.963769256E-1,1.056612334E-1,-3.961600871E0
3.268867262E1,5.230018651E-1,-9.637205422E-2,-4.728100092E0
3.270867262E1,6.209433120E-1,-8.249820484E-1,-4.674192857E0
3.272867262E1,1.936960351E-1,-1.011790941E0,-3.564966692E0
3.274867262E1,2.288815092E-1,-4.519331981E-1,-2.520762150E0
3.276867262E1,6.771553735E-1,-7.262598521E-1,-1.263336550E0
3.278867262E1,4.680159648E-1,-1.606474261E0,-8.588507295E-1
3.280867262E1,-1.729654630E-1,-1.770306665E0,-5.440272832E-1
3.282867262E1,-3.193076760E-1,-8.232555118E-1,-3.016046458E-1
3.284867262E1,1.817719544E-1,-1.962984847E-1,-2.011874878E-1
3.286867262E1,4.580539173E-1,-3.842141086E-1,-1.961436796E-1
3.288867262E1,2.478621559E-1,-5.593295927E-1,-4.959935760E-1
3.290867262E1,2.449717310E-1,-3.507725666E-1,-7.302669489E-1
3.292867262E1,-1.929468606E-1,-6.578673095E-2,-5.526314610E-1
3.294867262E1,-6.424387001E-1,5.574823111E-2,-3.797918594E-1
3.296867262E1,-5.620340762E-1,-1.848657162E-1,-1.384316611E-1
3.298867262E1,-1.116120909E-1,-5.019749853E-1,-3.131423718E-1
3.300867262E1,9.460071333E-2,-6.873453163E-1,6.159340024E-2
3.302867262E1,1.363851357E-1,-6.667968848E-1,6.708978295E-1
3.304867262E1,3.219343183E-1,-4.951031913E-1,5.128639627E-1
3.306867262E1,4.023026895E-1,-6.699112581E-1,4.481013715E-2
3.308867262E1,3.288792025E-1,-7.970599857E-1,-3.238731819E-1
3.310867262E1,3.452413930E-1,-7.583553649E-1,3.275399709E-1
3.312867262E1,-1.267760407E-1,-3.093177080E-3,3.529233187E-1
3.314867262E1,-3.549198505E-1,5.093714207E-1,3.186925489E-1
3.316867262E1,-1.291451863E-1,4.087002012E-1,8.388123214E-2
3.318867262E1,3.726556981E-1,-1.944409704E-1,-1.820553982E-1
3.320867262E1,1.849893118E-1,-4.391104004E-1,-1.369564086E-1
3.322867262E1,-1.745432610E-1,-3.685207665E-2,1.374195081E-1
3.324867262E1,2.061740664E-1,3.149076462E-1,1.695406026E-1
3.326867262E1,2.239125453E-1,2.399957505E-1,1.404162061E-1
3.328867262E1,-5.129572257E-2,-1.559958199E-1,3.506224394E-2
3.330867262E1,1.142621952E-1,-5.385037109E-1,4.479961216E-2
3.332867262E1,1.794310948E-1,-4.658125877E-1,1.559727234E-1
3.334867262E1,3.443699386E-1,-6.121040761E-2,3.683161139E-3
3.336867262E1,6.003738306E-2,7.226807714E-2,-1.095183492E-3
3.338867262E1,-3.760156544E-1,-1.181561485E-1,-1.239375830E-1
3.340867262E1,-1.616391870E-1,-3.992361903E-1,-3.656573850E-1
3.342867262E1,1.772575020E-1,-4.706619760E-1,-3.522883111E-1
3.344867262E1,5.267126909E-1,-4.071603370E-1,-8.250228328E-1
3.346867262E1,3.558751759E-1,-2.372273862E-1,-8.479597056E-1
3.348867262E1,-7.336859621E-2,-3.279682794E-1,-9.952990150E-1
3.350867262E1,-1.559401251E-1,-7.098408705E-1,-1.482206018E0
3.352867262E1,-9.617982700E-2,-6.290153933E-1,-2.050323830E0
3.354867262E1,-9.853654727E-3,-2.298040536E-1,-2.544790113E0
3.356867262E1,2.656238043E-1,-1.205201778E-1,-2.658683934E0
3.358867262E1,3.843620431E-1,-4.099640769E-1,-2.962476023E0
3.360867262E1,2.556846341E-1,-7.331779853E-1,-2.998480253E0
3.362867262E1,3.186168274E-1,-3.499643353E-1,-3.399035575E0
3.364867262E1,-8.674000897E-2,2.469247010E-1,-3.030178009E0
3.366867262E1,-2.792105408E-1,1.541179866E-1,-3.052300365E0
3.368867262E1,-1.572061204E-1,-6.208401087E-1,-2.579478720E0
3.370867262E1,1.506616974E-1,-1.218109214E0,-3.163306246E0
3.372867262E1,3.613180201E-1,-6.769163686E-1,-3.018074858E0
3.374867262E1,2.739750170E-1,2.694718570E-1,-2.936835397E0
3.376867262E1,1.320023552E-1,2.038286752E-1,-2.414465032E0
3.378867262E1,2.456093699E-2,-1.000201028E0,-1.741866832E0
3.380867262E1,-2.562092755E-1,-1.689707914E0,-1.669673014E0
3.382867262E1,-2.085058630E-2,-1.125760921E0,-1.460775973E0
3.384867262E1,1.790531453E-1,5.405128142E-1,-6.587163252E-1
3.386867262E1,6.268581361E-1,1.517707388E0,-3.415148163E-1
3.388867262E1,2.533974226E-1,5.131004825E-1,1.628899795E-1
3.390867262E1,-1.922495802E-1,-1.043536205E0,1.973897213E-1
3.392867262E1,-2.547533188E-1,-9.108327690E-1,1.402375737E0
3.394867262E1,-1.876956224E-2,5.845783085E-1,1.015715153E0
3.396867262E1,-3.636747403E-1,4.794151117E-1,1.008261123E0
3.398867262E1,-3.145558631E-1,-3.972313263E-1,4.694513100E-1
3.400867262E1,-4.148771998E-1,2.017859504E-2,1.094996966E0
3.402867262E1,-4.711025637E-1,1.248174866E0,1.857530020E0
3.404867262E1,-2.490055789E-1,5.472243945E-1,7.892565840E-1
3.406867262E1,-1.648512818E-1,-1.351969814E-1,1.415174707E0
3.408867262E1,6.242762981E-1,1.539837930E0,1.985650116E0
3.410867262E1,3.842624212E-1,2.172069584E0,1.435948695E0
3.412867262E1,8.742014247E-1,1.945650776E-1,2.250469344E0
3.414867262E1,3.969686401E-1,-1.057093998E0,2.004181112E0
3.416867262E1,3.969632314E-1,-3.541700913E-1,2.587304633E0
3.418867262E1,7.853280591E-1,1.395703333E0,2.763022234E0
3.420867262E1,3.600776064E-1,1.449411909E0,2.553683143E0
3.422867262E1,-3.400120819E-1,1.197486377E-1,1.786190481E0
3.424867262E1,-1.520575739E-1,-2.274603434E-1,2.458830196E0
3.426867262E1,-9.056120825E-1,1.160109074E0,2.492128335E0
3.428867262E1,-2.593740079E-1,1.813043088E0,1.394351018E0
3.430867262E1,2.008990008E-1,1.228844410E0,3.012622329E0
3.432867262E1,-8.993083455E-2,4.995138922E-1,1.751677290E0
3.434867262E1,3.190258402E-1,1.576114056E-1,2.035884131E0
3.436867262E1,5.340039861E-1,6.934446931E-2,1.881104239E0
3.438867262E1,-1.610476680E-1,7.515016973E-2,1.712283429E0
3.440867262E1,-6.736208048E-1,-2.495884001E-2,1.948041410E0
3.442867262E1,-7.000766782E-1,-1.882560781E-1,2.398643636E0
3.444867262E1,-7.176672225E-1,4.673571298E-1,2.630177588E0
3.446867262E1,-1.903230688E-1,5.943586537E-1,2.492388536E0
3.448867262E1,1.641036422E-1,1.315337008E-1,2.240531416E0
3.450867262E1,3.698078118E-1,1.300564018E-1,2.246841731E0
3.452867262E1,2.405339867E-1,2.774904361E-1,1.971805079E0
3.454867262E1,-1.179867254E-1,3.076141217E-1,2.255996717E0
3.456867262E1,-4.787701638E-1,6.404221416E-1,2.709472849E0
3.458867262E1,-7.780282489E-1,2.372598383E-1,2.002646218E0
3.460867262E1,-1.702387601E-2,-5.353886068E-1,1.586241433E0
3.462867262E1,8.631959416E-2,-3.057377502E-1,1.448781579E0
3.464867262E1,-1.530172482E-2,8.908072248E-1,1.754903199E0
3.466867262E1,1.568278056E-1,1.332779253E0,1.786959389E0
3.468867262E1,-3.289234952E-1,5.663244706E-1,1.490769265E0
3.470867262E1,-3.669507160E-1,-1.367160881E-1,8.661164796E-1
3.472867262E1,-2.456965665E-1,9.084468126E-2,5.962528592E-1
3.474867262E1,-1.441721651E-1,8.799194169E-1,3.942643028E-1
3.476867262E1,-5.637744999E-1,5.746479821E-1,3.939491379E-1
3.478867262E1,-9.779741536E-1,-1.183757114E-1,4.391516232E-1
3.480867262E1,-6.088118014E-1,2.469641697E-1,1.016616209E0
3.482867262E1,-2.739633226E-1,1.326062848E0,9.697519451E-1
3.484867262E1,7.438120971E-1,1.567305225E0,6.449280059E-1
3.486867262E1,7.437791334E-1,7.874392694E-1,4.451678234E-1
3.488867262E1,4.645017151E-1,-6.332183719E-2,8.410529745E-1
3.490867262E1,-2.132285129E-1,1.741145870E-1,9.297277540E-1
3.492867262E1,-7.692561829E-1,9.567667410E-1,4.992393655E-1
3.494867262E1,-8.010008629E-1,6.788938969E-1,6.780027813E-1
3.496867262E1,-1.109210962E-1,-1.590354949E-1,5.484156185E-1
3.498867262E1,2.219649839E-1,-6.901731759E-2,1.126100644E0
3.500867262E1,7.742386685E-1,5.618843874E-1,8.678560263E-1
3.502867262E1,3.559033522E-1,4.837196857E-1,2.353925300E-1
3.504867262E1,-1.765143574E-1,-1.940948153E-1,2.582130432E-1
3.506867262E1,-8.212129332E-1,1.126010013E-1,4.127923751E-1
3.508867262E1,-6.405028331E-1,7.547439784E-1,1.017310858E0
3.510867262E1,4.210609227E-1,4.683242592E-1,7.686802322E-1
3.512867262E1,8.861314257E-1,-1.953563520E-1,1.247559008E0
3.514867262E1,2.799600077E-1,2.915562057E-1,1.076898664E0
3.516867262E1,5.824185663E-1,7.481755087E-1,5.375561696E-1
3.518867262E1,3.886198394E-2,1.931905434E-1,2.229788911E-1
3.520867262E1,-1.771498767E-1,-7.908569670E-1,2.601420397E-1
3.522867262E1,-2.925145644E-1,-5.204887319E-1,9.609127092E-1
3.524867262E1,-8.076017846E-1,1.166297621E0,6.003201824E-1
3.526867262E1,-1.930057713E-1,2.101926970E0,2.985149771E-1
3.528867262E1,2.064766598E-1,5.788413128E-1,6.201556921E-3
3.530867262E1,8.161387195E-1,-1.846350436E0,1.479152602E-1
3.532867262E1,7.918618841E-1,-2.392710466E0,2.917567652E-1
3.534867262E1,6.417975529E-1,-4.616321209E-1,2.139794415E-1
3.536867262E1,4.482832930E-1,1.498618568E0,-8.318775237E-2
3.538867262E1,-8.832665093E-2,8.200760883E-1,-4.801745188E-1
3.540867262E1,-1.509692609E-2,-1.752547356E0,-1.133786809E0
3.542867262E1,3.268617304E-1,-2.850096631E0,-1.330569005E0
3.544867262E1,6.423356429E-2,-1.388463749E0,-7.357007664E-1
3.546867262E1,-3.142632465E-1,8.831769007E-1,-5.714489704E-1
3.548867262E1,-4.510643019E-1,1.779921681E0,-1.728851514E0
3.550867262E1,-1.928375177E-1,1.387377629E-1,-2.660856759E0
3.552867262E1,-5.165376952E-1,-1.740018235E0,-4.077969233E0
3.554867262E1,1.783649281E-1,-2.401117008E0,-4.299317921E0
3.556867262E1,1.198605534E0,-9.128369021E-1,-3.320844854E0
3.558867262E1,3.052084310E-1,1.639043252E0,-3.868260598E0
3.560867262E1,-1.054846328E0,1.809076775E0,-3.179249264E0
3.562867262E1,-9.841706673E-1,-3.918827319E-1,-2.685360101E0
3.564867262E1,-3.026809903E-1,-2.333097517E0,-2.069458258E0
3.566867262E1,1.416698217E-1,-2.202651983E0,-1.345657745E0
3.568867262E1,9.951776853E-1,6.422163597E-1,-6.464786875E-1
3.570867262E1,2.762015088E-1,9.076065677E-1,-3.310523933E-1
3.572867262E1,-1.951793824E-1,-4.738130406E-1,-3.680728698E-1
3.574867262E1,-3.611022213E-1,-1.429304796E0,-2.088976264E-1
3.576867262E1,-2.148408278E-1,-1.073503770E0,-3.996302927E-1
3.578867262E1,2.262414547E-1,-1.380210404E-1,-6.670655644E-1
3.580867262E1,1.584314775E-1,9.127956793E-2,-3.592780727E-1
3.582867262E1,-2.481122705E-1,-3.949874572E-1,-1.608101249E-1
3.584867262E1,-1.556657080E-1,-5.490582275E-1,2.267930299E-1
3.586867262E1,1.495453726E-1,-1.753476186E-1,3.802502811E-1
3.588867262E1,4.568815506E-1,1.606502035E-1,1.878143209E-1
3.590867262E1,6.197001940E-1,-2.252708535E-1,-1.363921523E-2
3.592867262E1,3.755872362E-1,-8.175218783E-1,4.732911766E-2
3.594867262E1,9.328408482E-2,-8.014937831E-1,1.829745805E-1
3.596867262E1,-2.812221474E-1,-3.893017709E-2,-9.086631596E-2
3.598867262E1,-3.876218293E-1,5.095180397E-1,-2.080813551E-1
3.600867262E1,-3.690591123E-1,2.226366828E-1,-2.800114632E-1
3.602867262E1,-6.973726516E-2,-5.753601730E-1,2.677907825E-2
3.604867262E1,1.244259808E-1,-6.587641262E-1,2.868164527E-1
3.606867262E1,3.289388441E-1,2.513352558E-2,6.613902569E-2
3.608867262E1,2.722109120E-1,3.975410825E-1,1.924014616E-1
3.610867262E1,-1.475548524E-1,-2.841015905E-2,9.563296616E-2
3.612867262E1,-1.146467136E-1,-5.267620634E-1,2.816545308E-2
3.614867262E1,1.733480170E-1,-4.799321517E-1,-7.631493509E-2
3.616867262E1,-5.085708547E-2,-1.197194016E-1,-2.157037854E-2
3.618867262E1,-3.076130619E-1,2.789107248E-2,-6.908017516E-2
3.620867262E1,-1.555894749E-1,-2.022668839E-1,-1.872828090E-1
3.622867262E1,-1.787803088E-2,-3.135854445E-1,1.197398669E-1
3.624867262E1,2.307511929E-1,3.452298447E-2,2.988710725E-1
3.626867262E1,1.799404238E-1,4.121187758E-1,7.697216213E-2
3.628867262E1,1.908661107E-1,2.846621923E-1,-1.827196419E-2
3.630867262E1,2.009074062E-2,-2.253990537E-1,-9.935881197E-2
3.632867262E1,-2.800948591E-1,-3.971044417E-1,-1.909466743E-2
3.634867262E1,-1.508883501E-1,-1.697877936E-1,2.499491733E-1
3.636867262E1,-1.819821618E-2,5.066393092E-2,3.822178692E-1
3.638867262E1,2.817226874E-2,-1.608655272E-1,2.085064477E-1
3.640867262E1,1.153588405E-1,-2.308650309E-1,3.285263962E-1
3.642867262E1,-9.770002998E-3,1.286554089E-1,2.172018421E-1
3.644867262E1,1.884883953E-1,4.602445766E-1,3.357453686E-1
3.646867262E1,8.102035398E-2,2.862913728E-1,4.567435563E-2
3.648867262E1,-1.448639455E-1,-8.366634697E-2,-1.807140470E-2
3.650867262E1,-1.955422204E-2,-8.381062701E-2,1.486449927E-1
3.652867262E1,2.086211993E-1,-1.097403972E-1,1.432830960E-1
3.654867262E1,1.490395336E-1,-2.638659851E-1,-2.991774666E-1
3.656867262E1,-1.619800979E-1,-4.552481309E-1,-3.525678080E-1
3.658867262E1,-1.293435531E-1,-5.481969327E-1,-6.746172434E-1
3.660867262E1,1.155866444E-1,-4.972498503E-1,-8.941252273E-1
3.662867262E1,2.599816615E-1,-4.079548274E-1,-1.408289611E0
3.664867262E1,1.898896257E-1,-1.686762379E-1,-1.472621262E0
3.666867262E1,-3.959032774E-2,-2.821135372E-1,-1.940971541E0
3.668867262E1,1.424526452E-1,-4.142796144E-1,-2.416107515E0
3.670867262E1,1.724097947E-1,-2.642863999E-1,-3.091787782E0
3.672867262E1,4.384854061E-1,-2.449670532E-1,-3.845760512E0
3.674867262E1,4.550775383E-1,-4.978075285E-1,-3.797763058E0
3.676867262E1,5.877750178E-1,-1.417429978E0,-3.089702665E0
3.678867262E1,3.851977564E-1,-2.594256973E0,-2.560412704E0
3.680867262E1,-3.521135890E-1,-3.101335115E0,-2.842526241E0
3.682867262E1,-7.453283532E-1,-2.185790806E0,-2.656470178E0
3.684867262E1,-1.299593563E-1,-5.102036257E-1,-3.341607732E0
3.686867262E1,1.999563931E-1,3.526973239E-1,-3.133174959E0
3.688867262E1,-8.940412467E-1,7.160427198E-1,-2.656538005E0
3.690867262E1,-9.769412430E-1,4.096147057E-1,-2.329247126E0
3.692867262E1,-1.365745854E-1,-4.108426210E-1,-2.317431073E0
3.694867262E1,-4.899509903E-1,-9.116695055E-1,-2.305847154E0
3.696867262E1,1.134130480E0,-7.783711150E-2,-1.836037409E-1
3.698867262E1,2.192225813E0,1.632773137E0,-1.671575114E0
3.700867262E1,7.176148899E-1,8.050484517E-1,-1.602179773E0
3.702867262E1,3.852261154E-1,-9.540319982E-1,-1.502673027E0
3.704867262E1,-1.184916471E0,-1.028883083E0,-1.240399092E0
3.706867262E1,-1.502924750E0,-6.713945505E-1,8.530461985E-1
3.708867262E1,-1.376417023E0,4.533809687E-1,-2.470781904E-1
3.710867262E1,-5.436105960E-1,5.642761910E-1,-1.274441582E-1
3.712867262E1,4.884931698E-1,3.561221842E-1,9.039444566E-1
3.714867262E1,8.214887756E-1,1.230015315E0,1.758568819E0
3.716867262E1,6.715984721E-1,1.108315169E0,9.985553294E-1
3.718867262E1,4.294964084E-1,-1.788859150E-1,2.253972995E-1
3.720867262E1,4.844986079E-1,-2.507631058E-1,1.539174855E0
3.722867262E1,-2.948780090E-1,-2.033417483E-1,2.220213511E0
3.724867262E1,6.937663630E-1,-5.077638750E-1,1.727287384E0
3.726867262E1,5.802756348E-1,1.208027152E0,6.458857799E-1
3.728867262E1,-1.384416014E-2,2.553116840E0,1.537979684E0
3.730867262E1,-5.135483792E-1,2.533222566E0,1.268880880E0
3.732867262E1,-2.677274133E-1,1.385873579E0,2.805720942E0
3.734867262E1,-4.456111886E-1,6.050328921E-1,2.911366096E0
3.736867262E1,-5.558644596E-1,-1.998315185E-1,2.593568755E0
3.738867262E1,-9.761154699E-1,7.322244506E-1,3.011366347E0
3.740867262E1,-5.205591908E-1,2.637645067E0,4.462645857E0
3.742867262E1,1.701256896E-1,2.240543695E0,4.630663260E0
3.744867262E1,3.295149411E-1,-5.452268395E-1,4.401992689E0
3.746867262E1,4.941166564E-1,-7.537628156E-1,4.762983996E0
3.748867262E1,7.756534023E-1,1.595168670E0,4.118733097E0
3.750867262E1,3.649303568E-1,1.767376187E0,4.139156252E0
3.752867262E1,-5.919487238E-1,-1.454991907E-1,3.458649693E0
3.754867262E1,-2.824051671E-2,-8.425358284E-1,3.341926405E0
3.756867262E1,2.325958067E-1,3.870345131E-1,3.232067163E0
3.758867262E1,5.242892393E-1,4.831294093E-1,2.332902805E0
3.760867262E1,3.010654595E-1,-5.745529649E-1,1.359208083E0
3.762867262E1,4.151091881E-2,-6.034811872E-1,1.836978811E0
3.764867262E1,-1.866994031E-1,1.808830315E-1,2.142808070E0
3.766867262E1,-3.270461004E-1,2.478438833E-1,2.010339400E0
3.768867262E1,-2.246104836E-1,4.821821603E-1,1.570066865E0
3.770867262E1,6.025554999E-1,6.816309786E-1,1.716393437E0
3.772867262E1,2.863325226E-1,8.729118213E-1,2.072305267E0
3.774867262E1,7.939656392E-2,1.119458500E0,1.641038030E0
3.776867262E1,3.567554377E-2,6.041699892E-1,1.283815838E0
3.778867262E1,-2.292672792E-1,-3.711107907E-1,8.680501539E-1
3.780867262E1,8.166513741E-2,-7.713190806E-1,4.860638344E-1
3.782867262E1,-2.893694202E-1,8.035126805E-2,-1.739365393E-1
3.784867262E1,-8.871492798E-1,7.605955794E-1,-7.411942255E-1
3.786867262E1,-5.350198667E-1,4.655576491E-1,2.104284275E-1
3.788867262E1,-1.283588820E0,2.725045153E-1,5.414866680E-1
3.790867262E1,-4.806207345E-1,7.578813019E-1,5.030166668E-1
3.792867262E1,7.360084762E-1,5.766693646E-1,8.767502260E-1
3.794867262E1,1.102181512E0,-1.071136817E-1,6.164321852E-1
3.796867262E1,7.850510473E-1,-4.283295965E-1,7.931806505E-1
3.798867262E1,2.187298657E-1,8.565150592E-1,8.703042555E-1
3.800867262E1,-3.528034508E-2,2.286704247E0,8.523544729E-1
3.802867262E1,-4.762920407E-1,1.407508130E0,6.749020028E-1
3.804867262E1,-1.619330461E-1,-7.218685931E-1,9.950417376E-1
3.806867262E1,-1.770174738E-1,5.658350587E-3,9.160166180E-1
3.808867262E1,1.601050603E-1,1.857039438E0,7.339273059E-1
3.810867262E1,-2.994882827E-1,1.345071854E0,1.699955159E-1
3.812867262E1,-1.029069024E-1,-6.717491841E-1,7.368614388E-1
3.814867262E1,-3.800528279E-1,-6.864449912E-1,9.605975443E-1
3.816867262E1,2.271220089E-1,1.170675724E0,4.245733452E-1
3.818867262E1,8.855934088E-1,1.549445197E0,-3.506850046E-1
3.820867262E1,1.236285430E0,-8.999595791E-1,-6.668030244E-1
3.822867262E1,1.252906141E0,-3.245754618E0,5.567233425E-1
3.824867262E1,-3.823746476E-1,-1.529331653E0,1.323832428E0
3.826867262E1,-9.930449865E-1,2.316937860E0,9.374197662E-1
3.828867262E1,-6.246128053E-1,3.526883191E0,5.919019461E-1
3.830867262E1,-2.237700194E-2,1.197912639E0,1.210444391E0
3.832867262E1,8.646765297E-1,-1.042740692E0,1.371167977E0
3.834867262E1,1.518558742E0,-6.685314614E-1,8.829798496E-1
3.836867262E1,4.030375749E-1,8.143130726E-1,6.633841574E-1
3.838867262E1,-9.199276013E-1,8.946810052E-1,4.812422204E-1
3.840867262E1,-1.570062041E0,-2.523465317E-1,1.098352683E-1
3.842867262E1,-5.759552003E-1,-6.899068353E-1,2.084941685E-2
3.844867262E1,7.331627094E-1,-4.085975826E-2,-3.432888615E-1
3.846867262E1,1.271616280E-1,3.351425207E-1,-1.580420530E-1
3.848867262E1,8.930803299E-2,3.263915777E-2,-2.299049181E-1
3.850867262E1,-2.237312451E-1,-3.642084450E-1,-5.507404715E-1
3.852867262E1,-1.619763886E-1,-4.710847297E-1,-9.334424901E-1
3.854867262E1,5.984384023E-2,-4.574680263E-1,-1.393766881E0
3.856867262E1,4.862259485E-1,-4.488974699E-1,-2.208566442E0
3.858867262E1,5.763573425E-1,-6.328599375E-1,-2.371825966E0
3.860867262E1,-1.534672645E-1,-7.308712587E-1,-2.321348707E0
3.862867262E1,-9.189725317E-1,-4.502633795E-1,-2.299642088E0
3.864867262E1,-1.119808529E0,1.164139706E-1,-2.905698974E0
3.866867262E1,-5.685521136E-1,2.760024659E-1,-3.367293380E0
3.868867262E1,6.832347237E-2,-3.087423420E-1,-3.295038752E0
3.870867262E1,1.837798152E-1,-1.036005869E0,-2.701867960E0
3.872867262E1,-1.512145516E-1,-8.246198134E-1,-2.091889347E0
3.874867262E1,-6.101322488E-1,-1.236013681E-2,-2.153084552E0
3.876867262E1,-6.724094079E-1,1.100048375E-1,-2.107728285E0
3.878867262E1,1.580411759E-1,-5.722697733E-1,-1.802677875E0
3.880867262E1,7.131912520E-1,-1.297226427E0,-1.241413584E0
3.882867262E1,5.686982209E-1,-1.498790037E0,-1.226799054E0
3.884867262E1,1.372166097E-1,-8.241757174E-1,-1.745096834E0
3.886867262E1,-2.391351134E-1,-2.132700281E-1,-1.213070376E0
3.888867262E1,-4.872477494E-1,-2.291693383E-1,-3.318856215E-1
3.890867262E1,-4.377329426E-1,-2.725758514E-1,3.671361458E-1
3.892867262E1,6.598067578E-2,2.648993343E-2,2.518664753E-1
3.894867262E1,7.014797176E-1,3.117869872E-1,1.439911938E-1
3.896867262E1,7.164103635E-1,2.980510005E-1,1.282025421E-1
3.898867262E1,4.872053206E-1,-8.363959596E-2,1.597973871E-1
3.900867262E1,3.434194006E-1,-2.911352062E-1,2.573564261E-1
3.902867262E1,1.883912949E-1,-2.691315490E-1,4.892774642E-2
3.904867262E1,-3.223493610E-1,-6.320022972E-1,-4.708587348E-2
3.906867262E1,-4.199005793E-1,-1.004139859E0,-2.689877075E-1
3.908867262E1,-6.423531845E-4,-7.211903161E-1,-1.000739264E-1
3.910867262E1,3.151176709E-1,-8.536467075E-2,1.559376401E-1
3.912867262E1,5.829925436E-1,6.569492966E-2,-3.497219682E-3
3.914867262E1,4.847407192E-1,-1.688016607E-1,1.059913087E-1
3.916867262E1,3.699675504E-1,-2.542375213E-1,2.750389910E-1
3.918867262E1,5.053490845E-1,-9.326849833E-2,2.156096452E-1
3.920867262E1,6.628938684E-1,-1.111133234E-1,2.071756214E-1
3.922867262E1,5.865650096E-1,-4.745379491E-1,-9.805780649E-4
3.924867262E1,5.902844600E-2,-3.637421295E-1,-5.740387022E-2
3.926867262E1,-3.149117392E-1,1.268902807E-1,1.785856605E-2
3.928867262E1,-3.771626223E-1,4.454897127E-1,6.817093313E-2
3.930867262E1,-5.400941536E-2,2.235466558E-1,8.283165693E-3
3.932867262E1,2.254007348E-1,-2.757400721E-1,-1.494425529E-1
3.934867262E1,1.939730470E-1,-5.694347508E-1,-8.524187922E-2
3.936867262E1,-4.698241431E-2,-4.880359541E-1,-2.459450001E-1
3.938867262E1,-2.379034705E-1,-2.200308712E-1,-2.876502657E-1
3.940867262E1,-5.109616441E-1,-3.878151163E-2,-6.408372939E-2
3.942867262E1,-5.271147601E-1,-3.206902501E-1,-1.032004327E-1
3.944867262E1,-1.497960171E-1,-7.008496070E-1,-3.624542803E-1
3.946867262E1,1.953623454E-1,-3.889773966E-1,4.455169022E-2
3.948867262E1,4.789160153E-1,1.883094339E-1,3.594283462E-2
3.950867262E1,3.694345036E-1,2.362678581E-1,3.230586648E-3
3.952867262E1,2.183865976E-1,-2.625426140E-1,7.674061239E-2
3.954867262E1,8.666527424E-2,-6.403879353E-1,-2.829748321E-1
3.956867262E1,1.785579227E-1,-5.557664457E-1,-6.334183466E-1
3.958867262E1,2.374075170E-1,-4.174789184E-1,-6.576743513E-1
3.960867262E1,1.969645556E-2,-2.883333667E-1,-6.635619128E-1
3.962867262E1,-1.654312159E-1,2.521753545E-1,-1.055803079E0
3.964867262E1,3.330128185E-2,5.406177717E-1,-1.920794554E0
3.966867262E1,4.315682962E-1,-4.863041550E-2,-2.166687514E0
3.968867262E1,2.742163608E-1,-5.170950079E-1,-2.357025493E0
3.970867262E1,2.555337028E-1,-2.146568415E-1,-2.913470508E0
3.972867262E1,8.568370946E-2,4.231308371E-1,-3.534505037E0
3.974867262E1,-2.573266784E-1,4.319613022E-1,-3.663058997E0
3.976867262E1,-4.395583702E-1,-8.966208190E-2,-3.600676807E0
3.978867262E1,-3.255436584E-1,-3.828268567E-1,-3.404508569E0
3.980867262E1,-1.237425783E-1,-2.316655147E-1,-3.564973124E0
3.982867262E1,1.567726225E-1,-1.054419628E-1,-3.292384701E0
3.984867262E1,1.059486240E-2,-4.962172320E-1,-2.722628499E0
3.986867262E1,2.294293933E-2,-1.414423048E0,-1.941229988E0
3.988867262E1,2.349213175E-1,-2.080196377E0,-2.284069199E0
3.990867262E1,4.632257795E-1,-1.772006451E0,-2.575195634E0
3.992867262E1,2.851870530E-1,-8.413099596E-1,-1.899726452E0
3.994867262E1,1.279486998E-1,-5.394519831E-1,-1.416754625E0
3.996867262E1,2.078374531E-1,-1.114119992E0,-1.363573614E0
3.998867262E1,-3.255965757E-1,-1.223145275E0,-1.848945138E0
4.000867262E1,3.706805818E-2,-5.513702166E-1,3.629951477E-3
4.002867262E1,8.376447786E-1,-1.686624970E-1,1.090248442E0
4.004867262E1,1.022286547E0,-3.712025920E-1,3.474041319E-1
4.006867262E1,5.363303740E-1,1.462262920E-1,-4.315426415E-1
4.008867262E1,7.732284889E-1,1.599876555E0,1.791581029E-1
4.010867262E1,7.893580332E-1,1.664793367E0,1.112606440E0
4.012867262E1,9.395159930E-1,-4.846724895E-1,9.406269640E-1
4.014867262E1,7.480680661E-1,-1.604704747E0,5.769465226E-1
4.016867262E1,3.820542933E-1,1.452600396E-1,6.033320832E-1
4.018867262E1,2.360982523E-1,2.054636882E0,1.101650512E0
4.020867262E1,-1.352694869E-1,1.625223504E0,1.128952332E0
4.022867262E1,-5.211698594E-1,1.618937601E-1,1.857774433E0
4.024867262E1,-3.520493062E-1,8.032055555E-1,1.684570550E0
4.026867262E1,3.267284870E-1,1.558352261E0,2.473775094E0
4.028867262E1,1.215056894E-1,1.008724807E0,2.176125505E0
4.030867262E1,-4.651499155E-1,4.288162310E-1,2.595311810E0
4.032867262E1,-8.799411247E-1,1.570524994E0,2.951711299E0
4.034867262E1,-9.477630521E-1,2.238435189E0,2.270150487E0
4.036867262E1,-6.784449039E-1,1.192361585E0,2.324298627E0
4.038867262E1,1.540283780E-1,-3.156297773E-1,2.786186564E0
4.040867262E1,4.818940753E-1,-4.957231423E-1,2.473926537E0
4.042867262E1,2.383925901E-1,4.773894900E-1,2.089431762E0
4.044867262E1,-4.824284743E-1,6.023196378E-1,1.851375241E0
4.046867262E1,-9.497151451E-1,-4.092150486E-1,1.963678034E0
4.048867262E1,-9.094170119E-1,-9.124466005E-1,2.601348476E0
4.050867262E1,-7.748921679E-1,6.981888315E-1,2.219741641E0
4.052867262E1,2.264202699E-1,1.906237619E0,2.524414905E0
4.054867262E1,3.720670662E-1,7.069865522E-1,2.358477942E0
4.056867262E1,5.571610797E-1,-8.469180241E-1,2.379312741E0
4.058867262E1,-3.624629780E-1,6.797388196E-2,2.463740103E0
4.060867262E1,-2.273963895E-2,1.923244538E0,2.419176133E0
4.062867262E1,-2.529235423E-1,1.622489492E0,2.480644988E0
4.064867262E1,2.243762660E-1,-6.906950399E-1,2.339665695E0
4.066867262E1,4.593409625E-1,-1.270704626E0,2.216377153E0
4.068867262E1,7.386737832E-1,1.350034386E-1,2.055337817E0
4.070867262E1,3.655503079E-1,5.535854343E-1,2.002034014E0
4.072867262E1,2.209466182E-1,-6.197528189E-1,2.270296082E0
4.074867262E1,5.108427264E-2,-7.387217304E-1,2.094757991E0
4.076867262E1,-1.564351650E-1,6.114901185E-1,1.740314981E0
4.078867262E1,4.071175061E-2,9.832739237E-1,1.268131267E0
4.080867262E1,7.057731088E-1,4.579647473E-1,2.018250682E0
4.082867262E1,3.148031637E-1,9.056205609E-1,2.736828462E0
4.084867262E1,3.357276077E-1,1.356871535E0,2.217119164E0
4.086867262E1,-1.794237492E-1,9.631726581E-1,1.359172999E0
4.088867262E1,-4.089425683E-1,3.365084302E-1,1.136289418E0
4.090867262E1,-1.413710564E-1,-2.665584818E-1,1.864388804E0
4.092867262E1,3.447967853E-1,-6.172554731E-1,1.187140898E0
4.094867262E1,-2.754528277E-2,-4.993373063E-1,3.612515080E-1
4.096867262E1,-5.315084676E-1,-5.524156988E-2,1.260028195E-1
4.098867262E1,2.926767515E-1,4.313242480E-1,7.010425651E-1
4.100867262E1,4.443778281E-1,7.992912832E-1,7.570214689E-1
4.102867262E1,1.027958930E0,4.756429267E-1,1.597073400E-1
4.104867262E1,1.180543339E-1,-2.288015485E-3,-4.066984069E-1
4.106867262E1,-6.597024581E-1,6.231424499E-1,-1.326756620E-1
4.108867262E1,-5.707776370E-1,1.620171071E0,1.280487603E-1
4.110867262E1,-7.475760960E-1,8.720432174E-1,2.311597306E-1
4.112867262E1,-9.279961011E-1,-7.416818833E-1,2.241822481E-2
4.114867262E1,-6.425680697E-1,-3.113452300E-1,8.569913149E-2
4.116867262E1,-3.904047020E-2,1.416167857E0,2.702162075E-1
4.118867262E1,6.274614226E-2,1.272321089E0,2.889723212E-1
4.120867262E1,-5.054919393E-1,-4.918905848E-1,1.223524028E0
4.122867262E1,-1.151981590E0,3.361739695E-1,1.182938504E0
4.124867262E1,-2.411204807E-1,2.441632657E0,6.104101378E-1
4.126867262E1,3.096933185E-1,2.280299207E0,7.154389948E-1
4.128867262E1,6.556792814E-1,-1.162031785E-1,5.291192222E-1
4.130867262E1,-8.884303316E-2,-1.242323703E0,4.843763280E-1
4.132867262E1,-7.388277843E-1,5.366410804E-1,5.473309600E-1
4.134867262E1,-6.737180878E-1,2.067618724E0,-5.278223097E-2
4.136867262E1,-8.801981829E-1,7.381396401E-1,1.239609718E-1
4.138867262E1,-2.262735962E-1,-1.203767163E0,8.336159009E-1
4.140867262E1,4.694100872E-2,-6.636648238E-1,8.677127695E-1
4.142867262E1,2.450219988E-2,1.137835422E0,4.774853843E-1
4.144867262E1,1.121870367E-1,1.011961241E0,2.655659169E-1
4.146867262E1,1.020932989E0,-4.221534750E-1,6.501495695E-1
4.148867262E1,3.008417852E-1,-6.100631055E-1,9.642771971E-1
4.150867262E1,1.287114326E-1,5.475154397E-1,6.591525275E-1
4.152867262E1,-3.091304875E-1,1.035775196E0,7.696865380E-2
4.154867262E1,1.185923691E-1,2.440575188E-1,-5.358721715E-1
4.156867262E1,4.009163877E-1,-8.028557459E-1,3.328685385E-1
4.158867262E1,4.444904966E-1,-5.064969295E-1,3.076945210E-1
4.160867262E1,1.999148779E-1,1.778766856E-1,-1.100378158E0
4.162867262E1,2.573820260E-1,-7.571407521E-1,-8.696154535E-1
4.164867262E1,-3.934145562E-1,-1.034379173E0,-6.007534611E-1
4.166867262E1,-3.365688393E-1,-4.974229279E-1,-1.667051708E0
4.168867262E1,2.229753463E-1,5.738662094E-2,-2.814253199E0
4.170867262E1,8.943724184E-1,-2.091285914E-2,-3.813731219E0
4.172867262E1,5.967756734E-1,-3.596838695E-1,-4.691242753E0
4.174867262E1,-1.140937589E-1,-9.205508414E-1,-4.868020454E0
4.176867262E1,-7.134847091E-1,-1.388934742E0,-5.486490394E0
4.178867262E1,4.719462439E-1,-9.294526425E-1,-4.265658424E0
4.180867262E1,1.240384474E-2,-3.155142948E-1,-3.530268145E0
4.182867262E1,-5.742155805E-1,-7.091514838E-1,-2.191903047E0
4.184867262E1,-5.485920583E-1,-1.911356564E0,-9.194653058E-1
4.186867262E1,-1.198890439E-1,-2.570584520E0,1.339871925E-1
4.188867262E1,3.013538003E-1,-2.028450858E0,7.881888825E-1
4.190867262E1,2.431845295E-1,-8.945892039E-1,4.743191171E-1
4.192867262E1,4.636877096E-1,-1.455369052E-1,3.371820295E-1
4.194867262E1,3.539036775E-1,1.787528908E-1,1.798416424E-1
4.196867262E1,-6.560239747E-2,3.897520065E-1,-2.546111584E-1
4.198867262E1,-2.388634372E-1,6.619217688E-1,-7.647006172E-1
4.200867262E1,-3.140565109E-1,6.675228167E-1,-7.685451615E-1
4.202867262E1,-4.441826407E-1,-1.105685091E-1,-6.176256019E-1
4.204867262E1,-4.071017917E-1,-9.968894577E-1,2.182607728E-1
4.206867262E1,-1.794256130E-1,-1.477166303E0,4.092934012E-1
4.208867262E1,-6.583738245E-2,-1.371659144E0,4.057833177E-1
4.210867262E1,2.495960746E-1,-8.104620963E-1,4.727064550E-1
4.212867262E1,4.581625293E-1,-5.020743880E-1,3.486314625E-1
4.214867262E1,1.753161898E-1,-2.942143500E-1,2.439949536E-1
4.216867262E1,8.734051801E-2,1.062731445E-2,-3.072244048E-2
4.218867262E1,-4.412579365E-2,1.233245024E-1,-4.775362551E-2
4.220867262E1,-5.908465236E-3,-1.523489115E-1,-6.916729867E-2
4.222867262E1,7.525103420E-2,-2.086087739E-1,-9.304381907E-2
4.224867262E1,-8.333232477E-2,5.200221241E-3,-1.357238156E-1
4.226867262E1,-3.145200489E-1,1.151614970E-1,3.014590502E-2
4.228867262E1,-4.436964447E-1,-8.583478689E-2,2.477816105E-2
4.230867262E1,-1.107834674E-1,-4.109776917E-1,2.660506511E-1
4.232867262E1,-1.058675670E-1,-8.862829417E-2,-2.524827719E-3
4.234867262E1,-1.168653756E-2,3.367396876E-1,-2.754564822E-2
4.236867262E1,-1.158447441E-1,3.147351533E-1,-2.679311156E-2
4.238867262E1,-2.318494096E-2,-7.597082645E-2,9.888869584E-2
4.240867262E1,3.243377432E-2,-1.405866525E-1,2.009921908E-2
4.242867262E1,1.861068609E-1,1.294456601E-1,2.717955405E-1
4.244867262E1,1.724688151E-1,7.609858811E-2,1.859630924E-1
4.246867262E1,6.273660399E-2,-5.394758105E-2,3.908980608E-2
4.248867262E1,-5.251230888E-2,2.161572370E-1,-8.454196751E-2
4.250867262E1,8.252248541E-2,5.746199155E-1,1.576245618E-1
4.252867262E1,-3.205005080E-4,2.828023392E-1,1.270143878E-1
4.254867262E1,-2.149239130E-2,-1.347669187E-1,-1.228014690E-1
4.256867262E1,-9.695407145E-2,4.462039500E-2,-2.270777893E-1
4.258867262E1,-2.741869786E-1,4.212825322E-1,-2.891243488E-1
4.260867262E1,-4.370559812E-1,2.450799045E-1,-5.041679835E-1
4.262867262E1,-3.617350727E-1,-2.690645984E-1,-2.270929921E-1
4.264867262E1,-2.669673483E-1,-1.137283444E-2,5.004906696E-1
4.266867262E1,-2.146979912E-1,3.042364776E-1,4.808258986E-1
4.268867262E1,2.238091227E-1,-2.780248716E-1,5.190450543E-1
4.270867262E1,1.399741566E-1,-4.736425942E-1,5.122155064E-1
4.272867262E1,2.113397891E-1,-1.999692205E-1,4.606231838E-1
4.274867262E1,2.729499270E-1,-2.957556760E-1,2.574891579E-1
4.276867262E1,4.363367736E-2,-5.046404386E-1,-7.235578537E-2
4.278867262E1,-2.435499074E-1,-2.072791171E-1,-3.606515837E-1
4.280867262E1,-2.819015025E-1,5.051088005E-2,4.414238513E-2
4.282867262E1,-3.074224792E-2,-3.342522821E-1,2.403427827E-1
4.284867262E1,3.344680443E-1,-6.263771296E-1,-2.060985643E-1
4.286867262E1,6.748176567E-2,-4.051553267E-1,-2.362526554E-1
4.288867262E1,6.495740573E-1,2.203970531E-1,3.183341146E-1
4.290867262E1,4.398832561E-1,4.650270143E-1,1.450588953E-1
4.292867262E1,-1.726380189E-1,-1.130658549E-1,8.839469790E-2
4.294867262E1,-4.903132253E-1,-3.187872738E-1,2.124808002E-1
4.296867262E1,-1.337526461E-1,2.181306723E-1,2.310310918E-1
4.298867262E1,2.576564614E-1,5.112726429E-1,1.962834281E-1
4.300867262E1,3.100475136E-1,6.485760838E-2,1.024204141E-1
4.302867262E1,1.233931341E-1,-2.521927500E-1,-2.196214199E-3
4.304867262E1,1.506513917E-1,9.432377458E-2,-5.309213340E-2
4.306867262E1,4.673335947E-2,4.712788573E-1,-3.578963757E-2
4.308867262E1,-2.227279725E-1,2.840045267E-1,-1.361991942E-2
4.310867262E1,-3.818712755E-1,-2.934036335E-1,1.022040671E-1
4.312867262E1,-1.797891636E-1,-4.351182139E-1,4.347521782E-2
4.314867262E1,4.042048618E-2,-5.497259796E-3,1.389912397E-1
4.316867262E1,4.420929189E-1,1.111353967E-1,2.946903133E-1
4.318867262E1,5.850585110E-1,-1.259697828E-1,4.066656625E-1
4.320867262E1,3.616589858E-1,-1.367038089E-1,3.621397001E-1
4.322867262E1,3.224554514E-1,9.736520380E-2,9.507163346E-2
4.324867262E1,1.628073145E-1,1.739900413E-1,4.236717045E-2
4.326867262E1,7.111756437E-2,6.623462766E-2,1.003259414E-1
4.328867262E1,2.944657803E-3,-6.925909996E-2,-2.966292500E-2
4.330867262E1,1.068401051E-1,-1.771870065E-1,6.212783575E-2
4.332867262E1,-5.967478260E-2,-1.148758605E-1,3.127400833E-1
4.334867262E1,-6.824577749E-2,2.192004204E-2,1.640500671E-1
4.336867262E1,-1.241906212E-1,1.414362529E-1,-8.496355176E-2
4.338867262E1,1.407465007E-1,2.137850216E-1,1.295918405E-2
4.340867262E1,5.347952606E-1,1.992848039E-1,1.323640054E-1
4.342867262E1,6.245863467E-1,2.511700720E-2,7.537060976E-3
4.344867262E1,4.338115805E-1,-2.930940235E-1,-4.501537442E-2
4.346867262E1,-5.810940988E-2,-2.353074530E-1,-4.434528351E-3
4.348867262E1,-3.113146053E-1,1.046122429E-1,3.840217352E-2
4.350867262E1,-3.305672206E-1,2.887203062E-1,9.473834217E-2
4.352867262E1,6.522203609E-3,8.143797308E-2,6.642436981E-4
4.354867262E1,1.112883744E-1,-2.262407604E-1,4.458911240E-2
4.356867262E1,6.557535410E-2,-1.082954040E-1,2.494521600E-1
4.358867262E1,1.208501069E-1,1.838043004E-1,1.751358032E-1
4.360867262E1,3.686614651E-1,6.097564191E-2,1.969348079E-1
4.362867262E1,1.704302564E-2,-1.060228837E-1,1.211414444E-1
4.364867262E1,9.417854436E-2,-1.370315453E-1,-2.674165606E-2
4.366867262E1,5.227169596E-2,-1.991415471E-1,1.879043680E-1
4.368867262E1,-2.746357524E-1,-1.121653837E-1,3.459855974E-1
4.370867262E1,-1.284003241E-1,1.128062385E-1,1.611580342E-1
4.372867262E1,3.117464952E-1,1.250178561E-1,8.763748348E-2
4.374867262E1,1.382059586E-1,-4.810211957E-3,7.024201691E-2
4.376867262E1,5.266587138E-2,8.622771978E-2,1.276967579E-1
4.378867262E1,-9.614357427E-3,1.053226796E-1,2.499099970E-3
4.380867262E1,-2.063287984E-1,1.020342055E-1,1.290807939E-1
4.382867262E1,-9.501111478E-2,5.505328953E-2,1.733465552E-1
4.384867262E1,-2.098711878E-2,-1.296345252E-1,-2.425132692E-2
4.386867262E1,-5.223040000E-2,-8.985708654E-2,1.672233510E-1
4.388867262E1,1.301886220E-1,1.808602273E-1,1.630835223E-1
4.390867262E1,1.621505991E-2,1.734690544E-1,1.016228539E-1
4.392867262E1,-3.928297616E-1,-2.463467038E-1,1.881107748E-1
4.394867262E1,6.298452593E-1,1.906253698E-1,-6.642045218E-1
4.396867262E1,1.172104345E-1,2.996008050E-1,6.285172105E-3
4.398867262E1,-3.738706765E-1,-2.449886879E-1,2.613816494E-1
4.400867262E1,-2.974910565E-1,-1.689781004E-1,3.885240912E-2
4.402867262E1,1.061361004E-1,3.474561721E-1,1.857338816E-1
4.404867262E1,2.124503946E-1,2.537568802E-1,1.824266964E-1
4.406867262E1,1.396278553E-1,-1.245825309E-1,1.559785706E-1
4.408867262E1,-7.118955821E-2,-7.504579693E-2,1.488654327E-1
4.410867262E1,-1.662940823E-1,1.346137217E-1,1.671426594E-2
4.412867262E1,-9.701941408E-2,4.137428400E-1,-1.855800998E-1
4.414867262E1,1.251308535E-1,-2.207706901E-1,1.071841407E-1
4.416867262E1,9.213165343E-3,-2.779625988E-1,1.696832746E-1
4.418867262E1,7.701543152E-2,-1.456132114E-2,7.713588417E-2
4.420867262E1,-6.865186661E-2,2.000037190E-1,1.010644448E-1
4.422867262E1,5.232271291E-2,2.301086935E-1,4.946861386E-2
4.424867262E1,4.727671199E-2,7.274667174E-2,-1.898123145E-2
4.426867262E1,-9.321258433E-2,-7.724902779E-2,4.851376355E-2
4.428867262E1,-5.604885109E-2,-9.029855132E-3,7.163657784E-2
4.430867262E1,1.182274845E-1,1.288717559E-1,2.089093208E-2
4.432867262E1,-3.862677969E-2,1.759915432E-1,-6.883926988E-3
4.434867262E1,-1.821625485E-1,2.530060977E-2,1.485192776E-3
4.436867262E1,5.732274011E-2,-1.256604651E-1,1.170226657E-1
4.438867262E1,-8.532037809E-3,-1.322798055E-1,9.498334050E-2
4.440867262E1,3.232728191E-2,4.496859670E-2,-8.542782068E-3
4.442867262E1,-1.983010098E-2,2.328960612E-1,8.410751939E-2
4.444867262E1,-2.202755772E-2,1.815706640E-1,1.475837231E-3
4.446867262E1,-3.260721736E-2,2.828181267E-2,8.391923904E-3
4.448867262E1,-2.795678057E-2,-6.944299489E-2,9.317479670E-2
4.450867262E1,1.357689853E-1,-4.218093663E-2,1.062287056E-1
4.452867262E1,-1.007519111E-2,9.172264069E-2,6.401180863E-2
4.454867262E1,8.066548280E-2,1.946014765E-1,5.446038187E-2
4.456867262E1,-4.480823681E-2,8.669695884E-2,6.194014013E-2
4.458867262E1,1.189133629E-2,-5.063747227E-2,2.127567887E-2
4.460867262E1,7.400206894E-2,-1.109535483E-1,1.171027726E-1
4.462867262E1,8.195128553E-2,6.304321736E-2,8.431451082E-2
4.464867262E1,-7.305913232E-2,3.203245068E-1,-7.468356192E-2
4.466867262E1,3.463773608E-2,3.663953036E-2,-9.939301819E-1
4.468867262E1,1.583806799E-1,-1.546763957E-2,2.926063657E-2
4.470867262E1,1.252456051E-1,-7.371701717E-2,1.693137306E-1
4.472867262E1,-8.394116610E-2,-3.046297029E-1,-1.018175662E-2
4.474867262E1,-6.357641034E-2,-2.323882306E-1,8.007937253E-2
4.476867262E1,-4.213372037E-2,2.145504221E-1,9.250295162E-2
4.478867262E1,1.224301708E-1,3.279937148E-1,2.859487259E-1
4.484953071E1,1.987455809E-1,-5.958102250E-1,1.777079934E-1
4.486953071E1,-9.629074138E-2,1.844568497E-1,1.679150766E-1
4.488953071E1,5.089175306E-2,8.146223903E-2,1.714198977E-1
4.490953071E1,-2.485326853E-1,-2.259615558E-1,3.317283314E-1
4.492953071E1,-3.471787583E-1,-1.693078834E-1,2.433961987E-1
4.494953071E1,1.178503757E-1,2.087455988E-4,1.558119249E-1
4.496953071E1,6.109942015E-2,1.757906914E-2,2.575751120E-1
4.498953071E1,-1.063658594E-1,-2.410719305E-1,2.955896151E-1
4.500953071E1,-2.213244946E-1,-2.573651969E-1,2.160183656E-1
4.502953071E1,-1.618341916E-1,-9.901090264E-2,4.043969429E-1
4.504953071E1,-1.290969102E-1,8.281937778E-2,1.976598626E-1
4.506953071E1,-1.047217685E-1,2.433494210E-2,2.003805721E-1
4.508953071E1,-6.204074878E-2,-1.082056493E-1,1.927294904E-1
4.510953071E1,-3.673966393E-2,-1.503120339E-1,1.149153292E-1
4.512953071E1,-3.152895425E-2,3.690762520E-3,2.168451619E-1
4.514953071E1,-5.731868360E-2,1.140429246E-1,1.622690052E-1
4.516953071E1,-7.374599744E-2,4.411022544E-2,6.860655069E-2
4.518953071E1,-5.625525780E-2,-7.006309211E-2,1.051498944E-1
4.520953071E1,1.812658779E-2,-5.213552892E-2,2.154172719E-2
4.522953071E1,-6.676789373E-3,-2.412502706E-2,-8.145873070E-2
4.524953071E1,-3.005978284E-1,2.038573265E-2,-1.309144807E-1
4.526953071E1,-4.604624585E-1,8.358945608E-2,-8.165051937E-3
4.528953071E1,-4.127939831E-1,-2.334559321E-2,1.510517067E-1
4.530953071E1,-5.185687986E-1,-2.103243470E-1,1.836955422E-1
4.532953071E1,-5.227673918E-1,-1.509148818E-1,4.815509534E-1
4.534953071E1,-7.248325467E-1,1.101694366E-1,4.570441031E-1
4.536953071E1,-3.451167011E-1,-2.148120850E-2,3.725506675E-1
4.538953071E1,3.669779786E-1,-4.646969390E-1,1.662041813E-1
4.540953071E1,8.960454530E-1,-7.539563584E-1,-4.382780492E-2
4.542953071E1,1.336649086E0,-5.327260771E-1,-3.281322938E-1
4.544953071E1,1.855565063E0,1.134541100E-1,-1.067075926E-1
4.546953071E1,1.992512993E0,8.897123337E-1,-2.883642107E-1
4.548953071E1,1.891515207E0,6.056908500E-1,-1.330580699E-1
4.550953071E1,1.342598774E0,-1.668222320E-1,-3.636599761E-1
4.552953071E1,1.192656430E0,-4.577469385E-1,-3.957091498E-1
4.554953071E1,1.596244265E0,1.544030383E-1,-1.803012335E-1
4.556953071E1,1.987146273E0,8.074768004E-1,-7.282707095E-3
4.558953071E1,1.913300617E0,3.874043494E-1,-8.491268098E-2
4.560953071E1,1.516204800E0,-4.066106987E-1,-1.875307310E-1
4.562953071E1,1.239271749E0,-5.220294732E-1,-5.043550944E-1
4.564953071E1,1.238580316E0,-2.294611144E-1,-7.396920758E-1
4.566953071E1,1.436543941E0,-8.312401772E-2,-6.432147717E-1
4.568953071E1,1.636928899E0,-3.886907369E-2,-7.817177689E-1
4.570953071E1,1.560834112E0,-7.987150401E-2,-1.048540252E0
4.572953071E1,1.344326042E0,-2.012784120E-1,-1.111072131E0
4.574953071E1,1.378817305E0,-8.341550142E-2,-1.009003719E0
4.576953071E1,1.497180737E0,3.807180583E-1,-1.051418837E0
4.578953071E1,1.577580683E0,4.779613477E-1,-1.191353817E0
4.580953071E1,1.936709360E0,2.272824419E-1,-1.221916628E0
4.582953071E1,2.241838853E0,3.533378863E-1,-1.216281082E0
4.584953071E1,2.182508910E0,8.044187066E-1,-8.819752979E-1
4.586953071E1,1.824423085E0,8.203529540E-1,-7.334712231E-1
4.588953071E1,1.297684264E0,4.622911021E-1,-8.511166173E-1
4.590953071E1,9.113961482E-1,4.188755259E-1,-3.068630469E-1
4.592953071E1,9.397773635E-1,6.657575423E-1,1.290576974E0
4.594953071E1,9.894550154E-1,6.631704417E-1,1.621256315E0
4.596953071E1,7.311197653E-1,-6.228658766E-2,1.544455476E0
4.598953071E1,8.648119658E-2,-7.492092964E-1,2.246151760E0
4.600953071E1,-6.280421242E-1,-6.004029205E-1,2.313550860E0
4.602953071E1,-9.623935166E-1,2.071931630E-2,1.343581399E0
4.604953071E1,-1.045288031E0,2.433424044E-1,6.601202416E-1
4.606953071E1,-9.378059748E-1,3.570917988E-1,2.424319929E-1
4.608953071E1,-1.229900271E0,7.076104501E-1,3.155508399E-1
4.610953071E1,-1.848005344E0,8.051443461E-1,1.832651871E-1
4.612953071E1,-2.007307034E0,1.374341261E-1,-1.722455245E-1
4.614953071E1,-1.892466110E0,-2.837335083E-1,2.371478641E-1
4.616953071E1,-1.614011614E0,2.250224930E-1,7.513449919E-1
4.618953071E1,-1.118179129E0,4.991481489E-1,9.038877386E-1
4.620953071E1,-8.950368083E-1,-1.458985555E-1,6.235464925E-1
4.622953071E1,-6.156814027E-1,-8.718996683E-1,6.009189373E-1
4.624953071E1,-9.302388006E-1,-8.728384387E-1,2.842998111E-1
4.626953071E1,-1.136706617E0,-7.546466222E-1,2.968292248E-1
4.628953071E1,-1.439377941E0,-8.435251772E-1,2.353182703E-1
4.630953071E1,-1.688903922E0,-9.093744734E-1,2.054717427E-1
4.632953071E1,-1.748482225E0,-9.256741717E-1,3.218594009E-1
4.634953071E1,-1.431419880E0,-1.176106910E0,3.735277373E-1
4.636953071E1,-1.217229354E0,-1.204977245E0,3.847695941E-1
4.638953071E1,-7.580543795E-1,-7.198068649E-1,5.053222239E-1
4.640953071E1,-4.133326578E-1,5.183849037E-3,5.124166507E-1
4.642953071E1,-4.506870103E-1,2.880741888E-1,5.434156644E-1
4.644953071E1,-6.914139551E-1,1.400943169E-1,3.951641893E-1
4.646953071E1,-7.204345635E-1,1.264749822E-1,-1.003317887E-1
4.648953071E1,-5.867850477E-1,1.913252816E-1,-3.224330127E-2
4.650953071E1,-4.262734231E-1,9.953452080E-2,-1.416756964E-1
4.652953071E1,-2.153330719E-1,-1.435646394E-1,-5.106724262E-2
4.654953071E1,-2.637298912E-1,-2.807835880E-1,1.708065248E-1
4.656953071E1,-2.460990742E-1,-4.677553251E-1,3.865693671E-1
4.658953071E1,-2.765735927E-1,-7.473680082E-1,4.970355499E-1
4.660953071E1,-3.299358675E-1,-6.677590442E-1,5.114694017E-1
4.662953071E1,-1.085056114E-1,-2.329814306E-1,5.085235745E-1
4.664953071E1,-8.452413350E-2,1.817063195E-1,4.137624282E-1
4.666953071E1,-3.409417892E-1,1.592343003E-2,1.521708637E-1
4.668953071E1,-4.635254493E-1,-3.065262473E-1,-4.434820712E-2
4.670953071E1,-6.600717098E-1,-8.281820834E-2,3.143229246E-2
4.672953071E1,-6.192119515E-1,3.506814963E-1,4.918736279E-2
4.674953071E1,-2.357717219E-1,2.580472746E-1,1.560592622E-1
4.676953071E1,1.744385228E-1,-1.822574195E-1,8.093072712E-2
4.678953071E1,1.489519715E-1,-5.310599130E-1,1.867799485E-1
4.680953071E1,1.236352819E-1,-4.688733128E-1,9.270175695E-2
4.682953071E1,-4.308433145E-2,-4.448620141E-1,1.044616771E-1
4.684953071E1,-5.560877502E-1,-6.462167323E-1,1.231195575E-1
4.686953071E1,-8.278525928E-1,-4.333333513E-1,3.752386326E-1
4.688953071E1,-4.614064184E-1,-9.248073220E-2,2.835110217E-1
4.690953071E1,2.167986766E-1,-1.691915238E-1,2.817135876E-1
4.692953071E1,4.417694217E-1,-4.526148373E-1,4.532036519E-1
4.694953071E1,2.443513414E-1,-3.507949322E-1,3.617356575E-1
4.696953071E1,-1.746004906E-1,-1.835850298E-1,2.277051955E-1
4.698953071E1,-3.490971932E-1,-1.385260937E-1,7.572319686E-2
4.700953071E1,-2.342593396E-1,-1.096580976E-1,2.615190589E-1
4.702953071E1,-3.507130712E-1,-7.607958466E-2,2.871602690E-1
4.704953071E1,-3.535051167E-1,-1.709220073E-1,4.451631457E-1
4.706953071E1,-1.585267872E-1,-2.648817927E-1,3.019671732E-1
4.708953071E1,1.787309638E-1,-2.448480624E-1,4.047594702E-1
4.710953071E1,4.052857196E-1,-1.169963533E-1,4.361087322E-1
4.712953071E1,5.259646493E-1,1.819068789E-2,2.015546930E-1
4.714953071E1,3.988499817E-1,9.471787691E-2,2.372922903E-1
4.716953071E1,1.642541349E-1,-5.136077285E-2,2.602548909E-1
4.718953071E1,1.236791360E-1,-2.168346369E-1,-1.051037014E-2
4.720953071E1,1.717526042E-1,-2.937152901E-1,2.355960131E-2
4.722953071E1,3.435484779E-1,-2.430976984E-1,-1.035115045E-1
4.724953071E1,4.872876567E-1,-3.051378259E-1,-6.964735508E-2
4.726953071E1,3.082833356E-1,-3.123398414E-1,-4.005553222E-1
4.728953071E1,4.882006994E-1,-2.677834734E-1,-5.477496207E-1
4.730953071E1,9.032141393E-1,-2.134526074E-2,-2.261638695E-1
4.732953071E1,1.001462273E0,1.716447231E-1,1.463786119E-1
4.734953071E1,8.061260936E-1,1.001185115E-1,-2.475009441E-2
4.736953071E1,7.744055334E-1,-4.774003074E-2,-2.901394254E-1
4.738953071E1,1.045706107E0,2.973804711E-1,-3.247654670E-1
4.740953071E1,1.521870605E0,6.258615513E-1,-5.206243873E-2
4.742953071E1,1.292612389E0,4.426016267E-1,9.657261372E-3
4.744953071E1,8.119926050E-1,1.383607636E-1,-2.270649254E-1
4.746953071E1,7.598839733E-1,1.060405715E-1,-3.997068912E-1
4.748953071E1,9.155459172E-1,4.557132769E-1,-7.530763525E-1
4.750953071E1,1.020119861E0,6.158632511E-1,-7.775820333E-1
4.752953071E1,7.659080672E-1,4.986327168E-1,-5.246870327E-1
4.754953071E1,5.875916710E-1,4.525829700E-1,-1.598482579E-1
4.756953071E1,6.142771938E-1,2.852917913E-1,7.703303164E-1
4.758953071E1,7.099458280E-1,1.316629243E-1,1.048017511E0
4.760953071E1,6.174373215E-1,2.549815795E-1,6.961501998E-1
4.762953071E1,5.070138234E-1,5.102505496E-1,1.429328477E-1
4.764953071E1,7.470238996E-1,2.845437862E-1,4.736852789E-1
4.766953071E1,7.125761980E-1,-8.414070234E-2,2.722814441E-2
4.768953071E1,3.246330276E-1,-2.680059600E-1,-6.127466851E-1
4.770953071E1,-8.616573930E-2,-5.003576455E-1,-9.091736215E-1
4.772953071E1,-4.650582969E-2,-5.056672096E-1,-8.477024281E-1
4.774953071E1,5.267171860E-3,-2.563625456E-1,-2.933939856E-1
4.776953071E1,8.943520993E-2,-2.338704997E-1,-2.101080000E-1
4.778953071E1,8.451419324E-2,-2.565905870E-1,1.071233296E-1
4.780953071E1,3.332997707E-1,-2.813972533E-1,3.079067749E-1
4.782953071E1,4.577060080E-1,-1.583542943E-1,2.859861481E-1
4.784953071E1,4.411338294E-1,6.629134566E-3,2.810961217E-1
4.786953071E1,3.469097498E-1,1.317972641E-1,8.408529997E-2
4.788953071E1,-5.655046910E-2,1.132653911E-1,-4.045571566E-2
4.790953071E1,-6.287838435E-1,-2.960723028E-2,-3.399337292E-1
4.792953071E1,-8.096461174E-1,6.176662400E-2,-4.562950748E-1
4.794953071E1,-3.636067665E-1,2.563906123E-1,-2.527195841E-1
4.796953071E1,-2.682907194E-2,4.069213320E-1,2.804324627E-2
4.798953071E1,8.807836354E-2,3.452158114E-1,1.613644409E-1
4.800953071E1,1.426246995E-1,1.739713302E-1,2.455725324E-1
4.802953071E1,2.710681468E-2,9.104304805E-2,2.288763928E-1
4.804953071E1,-2.225505826E-1,-2.467627332E-2,1.642178822E-1
4.806953071E1,-4.141834277E-1,-6.338966489E-2,2.955393291E-1
4.808953071E1,-4.333912387E-1,1.841215119E-2,3.997291106E-1
4.810953071E1,-6.225205985E-1,5.895864487E-2,2.663067591E-1
4.812953071E1,-7.008317730E-1,-5.830594942E-2,2.491674006E-1
4.814953071E1,-7.946480092E-1,-1.343660921E-1,2.914375073E-1
4.816953071E1,-6.696187511E-1,-1.964778480E-1,4.781543058E-1
4.818953071E1,-5.309005764E-1,-9.327405319E-2,3.137200767E-1
4.820953071E1,-3.635629123E-1,1.110511968E-1,2.201511776E-1
4.822953071E1,-4.285105678E-1,5.762738004E-2,2.675346744E-1
4.824953071E1,-7.810082093E-1,-1.156066163E-1,3.616672450E-1
4.826953071E1,-1.070740084E0,-5.087083465E-1,3.636944747E-1
4.828953071E1,-1.321301753E0,-8.026597179E-1,6.191534793E-1
4.830953071E1,-1.390999102E0,-6.880143839E-1,6.272846174E-1
4.832953071E1,-1.041747834E0,-5.747092317E-1,3.678997922E-1
4.834953071E1,-7.772680378E-1,-5.537721066E-1,4.982488471E-1
4.836953071E1,-5.773742464E-1,-4.131554872E-1,4.827706826E-1
4.838953071E1,-6.178068656E-1,-1.880546415E-1,2.160078406E-1
4.840953071E1,-7.428408015E-1,4.984429747E-2,1.463148773E-2
4.842953071E1,-7.066073602E-1,1.228096551E-1,1.349595845E-1
4.844953071E1,-6.258149198E-1,-1.730541945E-2,4.644764990E-1
4.846953071E1,-7.167926252E-1,-1.386265196E-1,8.751393181E-1
4.848953071E1,-6.613276917E-1,-1.549083839E-1,8.816800135E-1
4.850953071E1,-3.388519943E-1,-2.326941861E-1,6.642583162E-1
4.852953071E1,-8.765707165E-2,-4.132569364E-1,7.640328652E-1
4.854953071E1,-8.358243942E-2,-4.513977394E-1,2.008044952E-1
4.856953071E1,-3.373194391E-1,-2.374245836E-1,-1.888030851E-1
4.858953071E1,-4.101605433E-1,5.719527081E-2,-4.581521505E-1
4.860953071E1,-3.256141904E-1,1.794647893E-1,-3.912448007E-1
4.862953071E1,-2.255034265E-1,-2.673829392E-2,-3.696890402E-1
4.864953071E1,6.414687932E-3,-3.044705124E-1,-4.302498221E-1
4.866953071E1,7.081720752E-1,5.235012174E-2,-3.538764149E-1
4.868953071E1,1.304844764E0,4.998778814E-1,-7.435611784E-2
4.870953071E1,1.550200658E0,5.753965719E-1,-1.613948464E-1
4.872953071E1,1.251891502E0,4.906628157E-1,-6.305613971E-1
4.874953071E1,1.285787519E0,5.438026039E-1,-1.219625689E0
4.876953071E1,1.750086848E0,1.087510922E0,-1.278084397E0
4.878953071E1,2.061346124E0,1.412790213E0,-1.128606761E0
4.880953071E1,2.097861693E0,1.103047997E0,-5.259213799E-1
4.882953071E1,1.718646077E0,7.713581108E-1,-3.741042727E-1
4.884953071E1,1.732900711E0,9.069177657E-2,-6.667661870E-1
4.886953071E1,1.768979494E0,-5.162364905E-1,-5.117436361E-1
4.888953071E1,1.588932614E0,-1.810023147E-1,-5.622893071E-1
4.890953071E1,1.617058014E0,4.327131079E-1,-4.965648490E-1
4.892953071E1,1.406488668E0,4.518488520E-1,-7.317211515E-1
4.894953071E1,1.331698687E0,-1.428332989E-1,-9.581621790E-1
4.896953071E1,1.340865659E0,-2.712320150E-1,-9.041771758E-1
4.898953071E1,1.575663528E0,3.829946718E-1,-1.116841578E0
4.900953071E1,1.924742594E0,9.972872145E-1,-8.730781746E-1
4.902953071E1,1.785495539E0,1.186330620E0,-7.232695860E-1
4.904953071E1,1.605941287E0,6.300192140E-1,-7.860628349E-1
4.906953071E1,1.423178961E0,2.517333050E-1,1.727302587E-1
4.908953071E1,1.287325629E0,2.959392786E-2,2.696278607E0
4.910953071E1,-5.220344433E-1,-5.434182957E-1,3.607301702E0
4.912953071E1,-2.041007461E0,-1.745947457E0,9.808411896E-1
4.914953071E1,-2.022717078E0,-2.140519324E0,1.765344572E-1
4.916953071E1,-1.905523674E0,-7.504404277E-1,6.948012471E-1
4.918953071E1,-1.663553611E0,5.565055338E-1,8.488847351E-1
4.920953071E1,-1.724069077E0,2.774085751E-1,4.849435079E-1
4.922953071E1,-2.326142839E0,-4.477090234E-1,6.548530698E-2
4.924953071E1,-2.936284882E0,-3.005142863E-1,5.365691596E-1
4.926953071E1,-3.038945617E0,-1.367671050E-1,1.058492213E0
4.928953071E1,-2.192197454E0,-5.154509170E-1,1.501642748E0
4.930953071E1,-8.467993256E-1,-5.118465471E-1,1.266244370E0
4.932953071E1,-2.803546947E-1,-4.006412762E-1,1.161450571E0
4.934953071E1,-3.655956969E-1,-4.967652623E-1,1.005427562E0
4.936953071E1,-9.645102087E-1,-3.388493630E-1,6.697465128E-1
4.938953071E1,-1.544049094E0,-3.818549033E-1,4.034754217E-1
4.940953071E1,-1.520739169E0,-8.548983040E-1,7.674470544E-2
4.942953071E1,-8.769297355E-1,-1.053682294E0,-2.884010482E-1
4.944953071E1,1.532303792E-1,-4.979129246E-1,-3.375702846E-1
4.946953071E1,8.421844107E-1,-1.218561204E-1,-3.140796804E-1
4.948953071E1,1.400716882E0,-2.376122792E-1,-3.190229166E-1
4.950953071E1,1.507221576E0,1.128723121E-1,-9.000578123E-1
4.952953071E1,1.602629717E0,8.034116699E-1,-1.177054451E0
4.954953071E1,1.829938471E0,9.814713733E-1,-1.054533064E0
4.956953071E1,1.905649389E0,7.591494168E-1,-1.106839331E0
4.958953071E1,1.369310317E0,5.475901379E-1,-1.225918463E0
4.960953071E1,8.991602647E-1,2.804041037E-1,-1.283432845E0
4.962953071E1,7.313071686E-1,3.819003654E-1,-1.336391662E0
4.964953071E1,1.141537586E0,4.359444255E-1,3.825540841E-2
4.966953071E1,7.415897897E-1,-4.830474021E-1,1.774492541E0
4.968953071E1,1.408795980E-1,-1.778357404E0,-3.004761332E-1
4.970953071E1,1.293706696E0,-1.266929664E0,-4.046571440E-1
4.972953071E1,1.303037682E0,5.632653536E-1,7.920480448E-1
4.974953071E1,7.256327382E-1,9.120596610E-1,1.046408358E0
4.976953071E1,-4.330155551E-1,-3.942628410E-1,3.295022964E-2
4.978953071E1,-1.102988648E0,-1.041251990E0,-4.146734244E-1
4.980953071E1,-7.054779705E-1,-7.674083166E-1,-2.663962215E-1
4.982953071E1,-5.490389317E-1,-5.765782942E-1,-1.940293264E-1
4.984953071E1,-8.221495110E-1,-8.392352213E-1,-7.480074012E-1
4.986953071E1,-5.808314127E-1,-9.920770530E-1,-1.446949646E0
4.988953071E1,-5.089287865E-1,-1.206595462E0,-1.539822142E0
4.990953071E1,-1.055168656E0,-1.489295621E0,-1.573770491E0
4.992953071E1,-1.521581461E0,-1.553567192E0,-1.960441600E0
4.994953071E1,-1.227207774E0,-1.372245619E0,-2.560283480E0
4.996953071E1,-8.916682273E-1,-1.043899025E0,-2.833932588E0
4.998953071E1,-6.691828412E-1,-9.627782634E-1,-1.735389871E0
5.000953071E1,-1.160186257E0,-1.095687814E0,-1.539582406E0
5.002953071E1,-1.618019588E0,-1.183053402E0,-3.587262710E0
5.004953071E1,-1.036293113E0,-6.656419136E-1,-3.608185217E0
5.006953071E1,-7.436309065E-1,6.022675976E-2,-2.598816047E0
5.008953071E1,-6.954646137E-1,-3.399156028E-1,-1.818557158E0
5.010953071E1,-1.302745468E0,-6.052122554E-1,-2.768360158E0
5.012953071E1,-5.221231748E-1,-7.576515064E-2,-2.217012160E0
5.014953071E1,-9.770273432E-2,4.827706826E-1,-1.909498318E0
5.016953071E1,-6.879936263E-2,-4.135308784E-1,-1.388096251E0
5.018953071E1,-1.854676871E-1,-9.755743101E-1,-1.549796907E0
5.020953071E1,5.100998376E-1,1.614123881E-2,-1.015816310E0
5.022953071E1,4.691381916E-1,8.265755609E-1,-8.780067927E-1
5.024953071E1,-1.230710256E-1,-2.363716462E-1,-1.393794948E-1
5.026953071E1,-6.754934487E-1,-1.104708021E0,1.658942789E-1
5.028953071E1,-3.339184061E-2,1.691600950E-1,2.815668225E-2
5.030953071E1,7.614872798E-1,1.067695292E0,5.778008008E-1
5.032953071E1,1.111589756E0,5.642000310E-1,1.210346743E0
5.034953071E1,1.016950524E0,-1.212602891E-1,1.203783828E0
5.036953071E1,4.678447875E-1,5.271953420E-1,1.205291825E0
5.038953071E1,7.279935515E-1,1.840115111E0,2.075995445E0
5.040953071E1,1.218926801E0,1.290420707E0,2.457129825E0
5.042953071E1,3.639283633E-1,-5.015884843E-1,1.818987513E0
5.044953071E1,4.172463454E-1,-3.802403408E-1,1.643891471E0
5.046953071E1,8.528987025E-1,1.149245240E0,2.256487298E0
5.048953071E1,4.730836004E-1,1.161873910E0,2.075984920E0
5.050953071E1,4.865684491E-1,4.287565894E-1,2.292861657E0
5.052953071E1,6.983560619E-1,1.178674422E0,1.993485385E0
5.054953071E1,8.549259321E-1,8.883179189E-1,2.343002701E0
5.056953071E1,7.222542170E-1,4.323694378E-1,2.143095168E0
5.058953071E1,5.910181394E-1,4.926942846E-1,1.914670181E0
5.060953071E1,3.855493203E-1,5.327440573E-1,1.955837502E0
5.062953071E1,7.025628412E-1,2.041238134E-1,2.408662255E0
5.064953071E1,1.150676638E0,4.896961248E-1,3.015540674E0
5.066953071E1,2.444503056E-1,4.521109535E-1,2.081328691E0
5.068953071E1,-1.204041106E-1,4.503135194E-1,2.376356388E0
5.070953071E1,1.266877331E0,1.491984024E0,4.765398311E0
5.072953071E1,5.049142344E-1,1.970593097E0,3.801475455E0
5.074953071E1,5.860680328E-1,2.685246080E-2,3.956516132E0
5.076953071E1,1.866839080E-1,5.150286019E-2,4.622829160E0
5.078953071E1,5.301299134E-1,2.031786987E0,4.058500929E0
5.080953071E1,7.194878992E-1,1.900066467E0,3.726755056E0
5.082953071E1,3.693102868E-1,7.513625336E-1,4.556863797E0
5.084953071E1,4.491749203E-1,1.839934286E0,3.944748026E0
5.086953071E1,8.131667259E-1,1.645626925E0,3.411625215E0
5.088953071E1,7.406847869E-1,8.189657021E-1,3.749866176E0
5.090953071E1,2.276891157E-1,1.031959303E0,2.792742462E0
5.092953071E1,1.962407434E-1,1.275033320E0,2.371499691E0
5.094953071E1,5.170337583E-1,1.219411097E0,2.374077144E0
5.096953071E1,2.440836851E-1,1.298737640E0,1.978725843E0
5.098953071E1,-4.548841417E-3,9.748244047E-1,1.657389768E0
5.100953071E1,1.997306541E-2,1.072276732E0,1.717590947E0
5.102953071E1,2.892901173E-1,1.212185107E0,1.734435605E0
5.104953071E1,3.835849482E-1,8.314322582E-1,1.845516915E0
5.106953071E1,1.578154734E-1,5.915544753E-1,1.408943329E0
5.108953071E1,5.980557020E-1,7.580206119E-1,1.454755679E0
5.110953071E1,7.781772798E-1,4.419932239E-1,1.671427179E0
5.112953071E1,2.050124440E-1,-3.432958782E-2,1.273431183E0
5.114953071E1,-5.330906510E-2,-2.999124616E-2,5.052269143E-1
5.116953071E1,3.256839184E-1,4.834029128E-1,5.364329195E-1
5.118953071E1,2.743570594E-1,3.197375925E-1,7.702186346E-1
5.120953071E1,-3.260381135E-1,-5.922413769E-1,1.260673728E0
5.122953071E1,-7.758967195E-1,-5.461751117E-1,-1.600813864E0
5.124953071E1,2.984401327E-1,-7.842769490E-1,-1.586078296E0
5.126953071E1,3.889673102E-1,-9.583105521E-1,-2.493106574E0
5.128953071E1,-2.926130900E-1,-1.476620465E0,-2.629061939E0
5.130953071E1,-8.363284242E-1,-1.618327444E0,-4.243402752E0
5.132953071E1,-5.794261806E-1,-1.403985768E0,-4.200675393E0
5.134953071E1,-2.734567344E-1,3.222267522E-1,-3.736611122E0
5.136953071E1,-1.338211901E0,1.946419246E0,-4.575600030E0
5.138953071E1,-1.301492994E0,1.352167158E0,-4.917763302E0
5.140953071E1,-2.473820995E-1,7.725633681E-4,-4.961468316E0
5.142953071E1,1.179054491E-1,-8.785616934E-2,-4.870066980E0
5.144953071E1,-4.607214171E-1,5.335752390E-1,-4.524459112E0
5.146953071E1,-6.880902515E-1,6.106199066E-1,-3.813457569E0
5.148953071E1,-1.131668071E0,3.707660973E-2,-2.862443612E0
5.150953071E1,-1.730224148E0,-9.744453590E-1,-2.239477748E0
5.152953071E1,-1.388746170E0,-1.541361129E0,-1.395232193E0
5.154953071E1,-5.832333027E-1,-5.414840367E-1,-1.164373595E-1
5.156953071E1,1.884733021E-1,3.227108286E-1,-2.283630073E-1
5.158953071E1,3.287724178E-1,-4.807943968E-1,-3.623355818E-1
5.160953071E1,-4.799518861E-1,-1.415491626E0,-9.185040236E-1
5.162953071E1,-6.246666728E-1,-1.328702866E0,-6.815520412E-1
5.164953071E1,-5.487743452E-1,-8.566290068E-1,-5.916820908E-1
5.166953071E1,-6.221165559E-1,-9.341465680E-1,-5.326848543E-1
5.168953071E1,-5.481140484E-1,-1.109192616E0,-5.396857256E-1
5.170953071E1,-3.719041117E-1,-1.086012353E0,-1.469358516E-1
5.172953071E1,-3.152701735E-2,-8.301198506E-1,2.364461982E-1
5.174953071E1,3.057970995E-1,-4.425020047E-1,2.448340291E-1
5.176953071E1,5.943558763E-1,1.368844879E-1,4.232623994E-1
5.178953071E1,5.950179273E-1,2.114619959E-1,6.342691165E-1
5.180953071E1,2.722020681E-1,-5.219064624E-1,2.778883392E-1
5.182953071E1,-2.650336741E-1,-1.217499423E0,-1.463599008E-1
5.184953071E1,-2.328089377E-1,-9.821610524E-1,-2.629042643E-1
5.186953071E1,1.142447998E-1,-4.151968963E-2,-2.249686986E-1
5.188953071E1,2.163000552E-1,-1.006790402E-1,-2.829695696E-1
5.190953071E1,-1.903093278E-2,-6.955431857E-1,-5.486951154E-1
5.192953071E1,-1.727438535E-1,-8.760025133E-1,-4.392019093E-1
5.194953071E1,-8.830465078E-2,-6.748776638E-1,-5.020021749E-1
5.196953071E1,1.614764151E-1,-6.334230244E-1,-7.180094308E-1
5.198953071E1,1.430107619E-1,-9.596413784E-1,-1.066732110E0
5.200953071E1,6.449785843E-2,-1.076824550E0,-1.560227755E0
5.202953071E1,-3.059923965E-1,-7.148411170E-1,-2.058539752E0
5.204953071E1,-5.865749864E-1,-2.664238496E-1,-2.359041613E0
5.206953071E1,-7.300677051E-1,-3.807958263E-1,-3.020792643E0
5.208953071E1,-4.733381005E-1,-7.865541472E-1,-3.162140896E0
5.210953071E1,-2.513567443E-1,-2.003029503E-1,-3.671714630E0
5.212953071E1,-3.775317644E-1,3.321507928E-1,-3.578919902E0
5.214953071E1,-2.680869439E-1,1.986576900E-1,-3.340264626E0
5.216953071E1,-5.436426826E-1,-1.321005884E-1,-3.171005275E0
5.218953071E1,-1.153434477E0,-6.280967957E-1,-3.961826574E0
5.220953071E1,-6.538200130E-1,-9.570042841E-1,-3.666396587E0
5.222953071E1,-5.821129762E-1,-4.794360155E-1,-2.951921214E0
5.224953071E1,-6.395624547E-1,-3.718225430E-1,-2.575531849E0
5.226953071E1,-6.944787732E-1,-6.755840805E-1,-2.841705292E0
5.228953071E1,-3.998060015E-1,-2.595590723E-1,-2.470275536E0
5.230953071E1,1.422586638E-1,2.139515211E-1,-2.272253730E0
5.232953071E1,2.215030539E-1,-3.921989201E-1,-1.962609163E0
5.234953071E1,6.249007076E-2,-1.212771291E0,-1.636291845E0
5.236953071E1,-1.959991072E-1,-1.107722261E0,-1.557733918E0
5.238953071E1,-1.018593737E-1,-4.876490146E-1,-8.900216514E-1
5.240953071E1,3.077022685E-1,-8.160616824E-1,-8.250421286E-3
5.242953071E1,3.856003372E-1,-1.383521975E0,4.200686502E-1
5.244953071E1,5.811543252E-1,2.471635598E-1,7.484716702E-1
5.246953071E1,1.229214538E0,2.427342647E0,7.463725197E-1
5.248953071E1,1.390220691E0,2.186547290E0,1.389959759E0
5.250953071E1,5.924909800E-1,1.945257550E-1,1.183655373E0
5.252953071E1,-2.370305543E-1,-8.741949928E-1,1.233953707E0
5.254953071E1,-7.083816978E-1,5.629827869E-1,1.479242649E0
5.256953071E1,2.846645312E-1,2.077184184E0,2.428351584E0
5.258953071E1,5.669398170E-1,1.651975247E0,2.824065996E0
5.260953071E1,1.124385948E-1,4.250250426E-1,2.439846041E0
5.262953071E1,2.953751685E-1,8.429062495E-1,2.223558118E0
5.264953071E1,1.025173609E0,1.616065303E0,2.433372588E0
5.266953071E1,5.673803316E-1,1.138037881E0,2.070617761E0
5.268953071E1,-2.606235579E-1,2.749172227E-1,1.824709014E0
5.270953071E1,-6.548383056E-1,5.319232544E-1,2.259632515E0
5.272953071E1,-1.961732081E-1,6.998003241E-1,2.776412943E0
5.274953071E1,6.089049183E-1,-3.187225159E-1,2.598830080E0
5.276953071E1,4.324674518E-1,-4.939815491E-2,2.599474443E0
5.278953071E1,5.508306648E-1,8.749045524E-1,3.217973619E0
5.280953071E1,6.823240198E-2,1.554036723E0,3.322566859E0
5.282953071E1,4.185905472E-1,1.076325929E0,3.625000640E0
5.284953071E1,8.255537599E-2,4.855928412E-1,3.528791138E0
5.286953071E1,-1.241748337E-1,4.353398234E-1,4.455795259E0
5.288953071E1,-4.943298239E-1,1.004528553E0,4.361870849E0
5.290953071E1,4.192137142E-1,1.265971598E0,4.364379889E0
5.292953071E1,1.962104110E-1,8.897374767E-1,4.101325936E0
5.294953071E1,3.726551134E-1,3.898391300E-1,4.392149486E0
5.296953071E1,1.142583507E0,8.178383589E-1,4.871282616E0
5.298953071E1,8.308545533E-1,9.513522193E-1,3.971994882E0
5.300953071E1,7.200908203E-1,6.946021494E-1,3.603267124E0
5.302953071E1,6.374802612E-1,1.495900782E0,4.551800108E0
5.304953071E1,4.251299270E-1,1.929877912E0,3.761874602E0
5.306953071E1,5.279503638E-1,9.523763591E-1,3.106053818E0
5.308953071E1,4.433167411E-1,6.607005778E-1,3.265800335E0
5.310953071E1,4.704701143E-1,1.099867989E0,3.108778621E0
5.312953071E1,2.785534599E-1,8.923456272E-1,2.292162915E0
5.314953071E1,2.112254030E-1,5.542131329E-1,1.940315484E0
5.316953071E1,8.856485188E-2,9.837302989E-1,1.642393414E0
5.318953071E1,1.077843574E-1,1.369174662E0,1.349992871E0
5.320953071E1,1.764252605E-1,9.629639125E-1,6.945001155E-1
5.322953071E1,-9.246092476E-2,5.097511974E-1,7.564928806E-1
5.324953071E1,-1.713639106E-1,5.371269840E-1,5.288818252E-1
5.326953071E1,-3.224614448E-1,5.195675030E-1,6.882979739E-1
5.328953071E1,-3.536738820E-1,2.455039738E-1,6.327997112E-1
5.330953071E1,-2.280752512E-1,4.041013661E-1,4.762960607E-1
5.332953071E1,1.507836118E-2,5.017234088E-1,8.194422501E-1
5.334953071E1,1.636880513E-1,2.487205271E-1,9.345441055E-1
5.336953071E1,2.686074923E-1,9.060757667E-2,1.166711896E0
5.338953071E1,1.214174330E-1,5.250991152E-1,1.009900097E0
5.340953071E1,2.263181629E-1,5.523184888E-1,8.708258271E-1
5.342953071E1,5.113075800E-1,1.789762545E-1,4.351076889E-1
5.344953071E1,8.214685296E-1,-4.367859860E-1,6.619574368E-1
5.346953071E1,4.622469556E-1,-6.477620052E-1,2.571985513E-1
5.348953071E1,-3.261952575E-1,-3.245980905E-1,4.139086086E-1
5.350953071E1,-1.852692911E0,9.208484647E-1,-2.176428391E0
5.352953071E1,-2.133168058E-1,1.084780418E0,-2.463806761E0
5.354953071E1,1.218563689E0,-4.431541885E-1,-2.584757586E0
5.356953071E1,-3.119808224E-1,-2.364230433E0,-1.575811170E0
5.358953071E1,-5.874579160E-1,-2.614667264E0,-3.499467351E0
5.360953071E1,4.487480736E-1,-1.289109907E0,-5.032769848E0
5.362953071E1,3.069943169E-1,-3.342926279E-2,-5.052464440E0
5.364953071E1,-2.964140725E-1,7.029054880E-1,-5.207291694E0
5.366953071E1,-1.006083912E0,4.306380773E-1,-6.507124810E0
5.368953071E1,-1.217308876E0,-7.044976848E-1,-5.811766323E0
5.370953071E1,-1.419104767E0,-4.362521352E-1,-5.224102439E0
5.372953071E1,-1.382895446E0,7.879092394E-1,-4.512785731E0
5.374953071E1,-1.414408137E0,7.644725027E-1,-3.864014350E0
5.376953071E1,-1.482060861E0,-8.818614234E-1,-2.530716450E0
5.378953071E1,-1.169773060E0,-1.683892712E0,-8.881248146E-1
5.380953071E1,-5.119440494E-1,-6.714542652E-1,3.770927846E-2
5.382953071E1,-2.288828248E-1,1.239755899E-1,3.737025690E-1
5.384953071E1,7.426902357E-1,-5.731972148E-1,4.646308655E-1
5.386953071E1,4.170339453E-1,-1.386904881E0,1.644313055E-1
5.388953071E1,3.189524576E-1,-1.100539322E0,-4.890728116E-2
5.390953071E1,6.424403080E-1,-2.784895060E-1,9.475471437E-2
5.392953071E1,3.289152360E-1,2.654005869E-1,-2.398808527E-1
5.394953071E1,-2.064666465E-1,2.631311363E-1,-3.240480137E-1
5.396953071E1,-5.719465685E-1,-4.262912571E-3,-3.932158971E-1
5.398953071E1,-4.377860060E-1,-4.501803491E-1,-1.428533256E-1
5.400953071E1,-3.888717082E-1,-7.360382970E-1,4.212842864E-1
5.402953071E1,-3.959567794E-1,-4.887967499E-1,2.903586960E-1
5.404953071E1,-6.111042023E-2,2.238219135E-2,1.471656471E-1
5.406953071E1,2.064874041E-1,-1.026796650E-2,2.613611841E-1
5.408953071E1,3.937786916E-1,-6.349925633E-1,2.775088549E-2
5.410953071E1,2.909624210E-1,-8.681706065E-1,1.215928495E-2
5.412953071E1,3.379757890E-1,-4.540550065E-1,-8.198322594E-2
5.414953071E1,3.744685543E-1,2.855484109E-2,1.015298831E-1
5.416953071E1,2.797278732E-2,2.461699717E-2,-7.639211833E-2
5.418953071E1,-1.990319118E-1,-2.070868168E-1,-7.514490724E-2
5.420953071E1,-2.128871816E-1,-2.419931594E-1,2.036766475E-1
5.422953071E1,7.740397900E-2,-3.061518062E-1,2.630662322E-2
5.424953071E1,2.785657391E-1,-3.403695295E-1,4.331208050E-2
5.426953071E1,4.318288627E-1,-1.920630540E-1,2.723627204E-1
5.428953071E1,2.754655454E-1,1.729838086E-1,2.935547841E-1
5.430953071E1,1.312992275E-1,1.909261360E-1,-4.517383397E-2
5.432953071E1,8.644903690E-2,-2.061486676E-1,-8.364208102E-2
5.434953071E1,4.034958869E-2,-5.104815512E-1,1.785856605E-2
5.436953071E1,1.816490167E-1,-5.640686514E-1,-2.925537407E-2
5.438953071E1,1.958150661E-1,-1.514009682E-1,-1.572187650E-1
5.440953071E1,1.364099863E-1,2.754126646E-1,-5.909196138E-2
5.442953071E1,1.813163102E-2,2.293924462E-1,-6.549349308E-2
5.444953071E1,2.203818503E-1,-1.738667747E-1,3.213454306E-2
5.446953071E1,3.961734188E-1,-4.681295469E-1,1.562492967E-2
5.448953071E1,2.231154236E-1,-3.314393328E-1,2.831338763E-2
5.450953071E1,2.039535132E-1,-4.868318662E-2,-1.916834235E-2
5.452953071E1,1.084845614E-1,-1.631128315E-1,-1.190978426E-1
5.454953071E1,-2.781105334E-1,-4.284619629E-1,-2.220199478E-1
5.456953071E1,-5.040946010E-1,-4.724887924E-1,-3.156935120E-1
5.458953071E1,-3.554991634E-1,-4.578978697E-1,-3.731482530E-1
5.460953071E1,-3.106651989E-1,-4.315696849E-1,-4.941844475E-1
5.462953071E1,-4.635368514E-1,-6.332872228E-1,-3.544599670E-1
5.464953071E1,-6.378411806E-1,-9.457000083E-1,-5.537804389E-1
5.466953071E1,-2.447515833E-1,-1.527920719E0,-9.617395055E-1
5.468953071E1,-7.938267678E-2,-1.515575785E0,-1.249058234E0
5.470953071E1,1.096437719E-1,-6.116449966E-1,-1.913853909E0
5.472953071E1,2.502315938E-3,1.226324113E-1,-2.846429257E0
5.474953071E1,-2.581015076E-1,5.922812842E-1,-3.130853029E0
5.476953071E1,-5.621611069E-1,1.065096717E0,-2.356143149E0
5.478953071E1,-1.066642501E0,9.925480463E-1,-1.970684752E0
5.480953071E1,-9.053531970E-1,-1.680421074E-1,-1.782898498E0
5.482953071E1,-7.442127044E-1,-5.478607178E-2,-1.476205021E0
5.484953071E1,-4.285395116E-2,4.016551834E-1,-1.172850888E0
5.486953071E1,-5.608663872E-2,3.499831925E-1,-1.541273421E0
5.488953071E1,-3.098369408E-1,-2.916004984E-1,-1.905820420E0
5.490953071E1,-5.310450026E-1,-5.915363489E-1,-1.345771181E0
5.492953071E1,-7.182538444E-1,-4.536407313E-1,-2.170668299E0
5.494953071E1,-5.446063037E-1,-4.499854906E-1,-1.926299123E0
5.496953071E1,-4.766490863E-1,-3.837846306E-1,-1.459525838E0
5.498953071E1,-4.015968575E-1,-3.165628468E-1,-1.043046793E0
5.500953071E1,-2.216660450E-1,-5.635561064E-2,-9.973104572E-1
5.502953071E1,6.558602527E-2,-4.768711343E-2,-1.221050656E0
5.504953071E1,7.497634663E-1,-3.729912552E-1,-3.607281822E-1
5.506953071E1,9.094404007E-1,-8.846932299E-1,-4.616365063E-1
5.508953071E1,6.557150955E-1,-1.113014722E0,-3.165507138E-1
5.510953071E1,-1.191547067E-1,-6.200527811E-1,-1.186078459E0
5.512953071E1,4.283988860E-1,-4.053535473E-1,-6.737945402E-1
5.514953071E1,8.165571608E-1,-4.690649553E-1,-7.086486232E-1
5.516953071E1,4.568550919E-1,-7.474038224E-1,-1.464750325E0
5.518953071E1,7.005994923E-1,-3.166808143E-2,-8.795586437E-1
5.520953071E1,3.712607718E-1,1.660747093E0,-6.198627466E-1
5.522953071E1,-3.086653049E-1,1.470061351E0,-1.022230121E0
5.524953071E1,-8.143639433E-1,-3.468882613E-1,-4.017265195E-1
5.526953071E1,-2.548719442E-1,-3.694741550E-1,8.064169925E-1
5.528953071E1,-5.302026381E-1,8.905293359E-1,4.178724360E-1
5.530953071E1,-6.108753203E-1,5.848560512E-1,1.917378026E-1
5.532953071E1,8.409442163E-1,5.439270034E-1,2.700628350E0
5.534953071E1,-4.753483367E-1,1.486499336E0,2.022477050E0
5.536953071E1,-5.021146972E-1,1.146461380E0,9.230712837E-1
5.538953071E1,-2.305480935E-1,-3.209932820E-1,2.256283815E0
5.540953071E1,6.776447124E-1,-2.606908008E-2,3.227881726E0
5.542953071E1,5.707249390E-1,4.098782690E-1,2.592692258E0
5.544953071E1,8.211904214E-1,4.685008451E-2,2.360457224E0
5.546953071E1,4.501659137E-1,2.481850684E-2,5.071581911E0
5.548953071E1,-7.935566264E-1,2.035062889E0,4.411948743E0
5.550953071E1,2.690296247E-1,1.452932664E0,3.278857752E0
5.552953071E1,1.052639735E0,-7.309901033E-1,4.606229500E0
5.554953071E1,7.601267789E-1,-4.742571366E-1,4.099315079E0
5.556953071E1,1.709317283E-1,1.065096351E0,3.529311540E0
5.558953071E1,2.291965644E-1,5.156820282E-2,4.697286435E0
5.560953071E1,-1.253363100E0,4.534509891E-1,2.646965529E0
5.562953071E1,-4.141890556E-1,8.493870109E-1,2.764361832E0
5.564953071E1,6.786233170E-1,3.257799590E-1,3.705631989E0
5.566953071E1,4.955093535E-1,3.881609792E-1,3.114814117E0
5.568953071E1,7.404603269E-1,6.837526408E-1,3.067853374E0
5.570953071E1,3.020704497E-2,8.881018643E-1,2.722595170E0
5.572953071E1,-4.338685543E-1,3.930162147E-1,2.626652302E0
5.574953071E1,-2.036006703E-1,-3.678161770E-1,3.002679139E0
5.576953071E1,2.031806209E-1,2.691942604E-1,2.699133802E0
5.578953071E1,4.411143508E-1,8.468580902E-1,2.211968352E0
5.580953071E1,2.816002247E-1,6.933303800E-1,1.463904233E0
5.582953071E1,2.279556391E-1,1.902767296E-1,1.492356784E0
5.584953071E1,-1.793973819E-1,2.615883484E-2,9.745530939E-1
5.586953071E1,-2.540780202E-1,1.784138985E-1,1.368761848E0
5.588953071E1,-7.171441890E-2,8.505415437E-1,1.245731168E0
5.590953071E1,3.042165240E-1,7.797596826E-1,9.488727075E-1
5.592953071E1,1.561441564E-1,4.674629644E-2,1.047014129E0
5.594953071E1,2.872126747E-2,4.470649526E-2,1.170017327E0
5.596953071E1,2.763269864E-1,2.852929607E-2,1.503444275E0
5.598953071E1,5.332742902E-1,-6.738477498E-3,7.976093316E-1
5.600953071E1,4.284134675E-1,-2.116750538E-2,9.142928588E-1
5.602953071E1,6.557535410E-2,1.924691431E-1,1.031114380E0
5.604953071E1,-2.283778081E-1,2.320406136E-1,6.096435678E-1
5.606953071E1,-4.549020488E-1,-1.159046781E-1,1.454565060E-1
5.608953071E1,-7.937167671E-1,-4.600766154E-1,-3.150772154E-2
5.610953071E1,2.162519619E-3,1.298359618E-2,8.131781280E-1
5.612953071E1,6.715043320E-1,1.210400830E0,1.067480553E0
5.614953071E1,7.291401174E-1,9.508907278E-1,9.498059231E-1
5.616953071E1,7.272998524E-1,-6.698470849E-1,6.125315076E-1
5.618953071E1,7.468841511E-1,-1.200354875E0,8.827553165E-1
5.620953071E1,7.104410872E-2,1.177202386E-1,4.176935112E-1
5.622953071E1,-2.460577782E-1,1.092173053E0,-9.547275245E-2
5.624953071E1,-5.699832197E-1,6.311619061E-1,-9.908796895E-1
5.626953071E1,-6.987211474E-1,-6.281555602E-1,-1.079300700E0
5.628953071E1,-1.412555301E0,-1.055475196E0,-1.338945141E0
5.630953071E1,-5.828276521E-1,-7.792598918E-2,-4.571072531E-1
5.632953071E1,2.543297611E-1,1.234007209E0,-5.052152199E-1
5.634953071E1,5.606504788E-1,1.010333376E0,-9.290582478E-1
5.636953071E1,5.076951702E-1,-4.506950502E-1,-1.742454477E0
5.638953071E1,2.251207262E-1,-1.039156933E0,-2.573285934E0
5.640953071E1,5.499193762E-1,-3.773905541E-1,-1.823641897E0
5.642953071E1,-4.993688813E-1,9.462354670E-1,-1.844407699E0
5.644953071E1,-1.105407641E0,1.267690094E0,-2.594034194E0
5.646953071E1,-9.226529154E-1,2.741095760E-1,-4.016045465E0
5.648953071E1,-6.228410259E-2,-1.192870731E0,-4.648887277E0
5.650953071E1,4.199799187E-1,-2.065020660E0,-3.721822345E0
5.652953071E1,-5.646438347E-1,-1.132681101E0,-2.428616463E0
5.654953071E1,-1.322418571E0,8.204318914E-1,-1.472973264E0
5.656953071E1,-1.391931733E0,1.401138758E0,-1.676568636E0
5.658953071E1,-5.804498819E-1,-1.229523271E-1,-1.541168171E0
5.660953071E1,2.554209977E-3,-1.980693431E0,-1.200926294E0
5.662953071E1,5.723520729E-1,-2.628683917E0,-7.364503795E-1
5.664953071E1,1.138416635E0,-1.187798710E0,-1.663591325E-2
5.666953071E1,8.005422950E-2,5.609900558E-1,-6.145371026E-1
5.668953071E1,-5.482713385E-1,3.252555368E-1,-7.401978600E-1
5.670953071E1,-9.109614077E-1,-7.847606599E-1,-2.782473582E-1
5.672953071E1,-6.694487433E-1,-1.031155603E0,-3.218067759E-1
5.674953071E1,3.108534792E-1,-1.159941405E-1,6.182962775E-2
5.676953071E1,8.558364898E-1,5.627787191E-1,-5.202209294E-2
5.678953071E1,6.284452897E-1,-1.211459760E-1,-1.795580524E-1
5.680953071E1,-4.263943143E-1,-9.666717050E-1,3.212811112E-2
5.682953071E1,-4.338170622E-1,-5.767415777E-2,-7.509929895E-2
5.684953071E1,-9.650420129E-2,4.288869824E-1,2.526991189E-2
5.686953071E1,1.501275542E-1,-4.006040002E-1,1.748025119E-2
5.688953071E1,2.062016214E-1,-1.305975616E0,-5.186889589E-2
5.690953071E1,5.779404031E-1,-1.171591471E0,1.440987825E-2
5.692953071E1,5.813116153E-1,-3.995104247E-1,7.123253524E-2
5.694953071E1,2.718947969E-1,7.314179733E-2,-7.994722545E-2
5.696953071E1,-1.032741076E-1,-2.201476693E-2,-1.110187447E-1
5.698953071E1,-1.652034304E-1,-4.357043242E-1,-1.258554697E-1
5.700953071E1,-9.938834041E-2,-7.022768392E-1,-3.335713738E-1
5.702953071E1,2.420177177E-2,-3.529676845E-1,-4.137682754E-1
5.704953071E1,6.036475405E-2,4.314587340E-2,-9.831216037E-2
5.706953071E1,-3.071863979E-2,-3.363243160E-1,-2.316462189E-1
5.708953071E1,-3.470575382E-1,-7.117963987E-1,-2.616476977E-1
5.710953071E1,-4.143712695E-1,-2.695694324E-1,-2.902698183E-1
5.712953071E1,2.140621796E-2,9.328282401E-2,-2.988751656E-1
5.714953071E1,1.039047298E-1,-1.137618928E-1,-3.092048568E-1
5.716953071E1,-1.277740873E-1,-4.147672722E-1,-7.096929359E-1
5.718953071E1,-2.548916785E-1,-6.488943185E-1,-7.469233274E-1
5.720953071E1,-4.391076230E-1,-5.189382695E-1,-8.272740108E-1
5.722953071E1,-5.082648352E-1,1.292380840E-2,-1.034710418E0
5.724953071E1,-2.284755662E-1,5.124242520E-1,-1.063633670E0
5.726953071E1,2.552309632E-3,5.484275322E-1,-1.389159275E0
5.728953071E1,-1.056489542E-2,6.190848476E-1,-1.758217401E0
5.730953071E1,-1.786093417E-1,6.117775092E-1,-1.630671501E0
5.732953071E1,-2.654317233E-1,2.673281946E-1,-1.794140940E0
5.734953071E1,-5.127343737E-1,3.833390728E-2,-1.826008850E0
5.736953071E1,-5.843268782E-1,7.357127532E-2,-2.174119325E0
5.738953071E1,-5.237753056E-1,3.390987468E-1,-2.227589774E0
5.740953071E1,-3.960785477E-1,4.357209887E-1,-2.043006039E0
5.742953071E1,-2.465359343E-1,1.327097221E-1,-2.154381464E0
5.744953071E1,-2.526940756E-1,-2.781098755E-1,-1.767127973E0
5.746953071E1,-6.110523082E-1,-3.503708629E-1,-1.451860138E0
5.748953071E1,-6.806810253E-1,-3.097382690E-1,-1.413300090E0
5.750953071E1,-1.052924933E-1,-3.040116522E-1,-1.976348950E0
5.752953071E1,7.960519257E-1,-1.422491620E-1,-1.820796057E0
5.754953071E1,5.750257853E-1,3.237237856E-3,-8.718525982E-1
5.756953071E1,5.794196755E-1,-6.442644931E-1,-7.790871066E-1
5.758953071E1,-2.335059989E-1,-6.619320014E-1,-1.072198672E0
5.760953071E1,-3.503979794E-1,-1.429968747E-1,-6.408723772E-1
5.762953071E1,4.047895834E-2,-2.771542212E-1,3.740381992E-1
5.764953071E1,8.832211934E-2,-1.232460035E0,2.202932650E-1
5.766953071E1,4.417689832E-1,-1.679174886E0,-6.401765585E-1
5.768953071E1,8.794924240E-1,-5.322270173E-1,-8.165151340E-1
5.770953071E1,6.878006682E-1,3.172661206E-1,2.404720062E-1
5.772953071E1,-2.742483012E-2,-8.597580712E-1,2.762809396E-1
5.774953071E1,-7.400016859E-2,-2.236712161E0,-4.543274868E-1
5.776953071E1,-1.901155657E-1,-7.770100294E-1,-5.867628282E-1
5.778953071E1,5.678369991E-1,1.584202217E0,2.592959476E-1
5.780953071E1,8.207729302E-1,1.291762058E0,2.592713892E-1
5.782953071E1,3.845475461E-1,-1.266436890E0,6.455501497E-2
5.784953071E1,5.111073129E-2,-1.517980599E0,1.026888013E-2
5.786953071E1,5.707095169E-1,9.772319958E-2,9.581189096E-1
5.788953071E1,4.582018518E-1,7.389405625E-1,2.157482243E-1
5.790953071E1,1.020857341E-1,5.567631036E-1,-2.271497101E-1
5.792953071E1,1.969597317E-1,4.811556816E-1,2.415671897E-1
5.794953071E1,-7.701221555E-1,1.032690351E0,9.716838652E-1
5.796953071E1,-8.268704067E-1,1.240350853E0,1.324086197E0
5.798953071E1,-5.051038669E-1,1.223424625E0,6.230132264E-1
5.800953071E1,4.552582539E-1,7.488558322E-1,2.636965621E-1
5.802953071E1,1.113957732E0,5.319372877E-2,1.881834556E0
5.804953071E1,4.504749025E-1,4.169583701E-1,2.177848679E0
5.806953071E1,2.344851517E-1,1.353074500E0,8.727413750E-1
5.808953071E1,2.422099449E-3,7.806072365E-1,1.474101192E0
5.810953071E1,-2.556131153E-1,-4.754718956E-1,1.940062299E0
5.812953071E1,3.181639606E-1,-3.534751497E-1,2.188498798E0
5.814953071E1,6.824896422E-1,1.636941032E0,2.391831045E0
5.816953071E1,5.873478422E-1,2.878138123E0,2.266122340E0
5.818953071E1,5.520277726E-1,7.094850674E-1,2.369375398E0
5.820953071E1,-3.467372935E-1,-8.545414777E-1,2.424980080E0
5.822953071E1,2.440198774E-1,2.830065532E-1,1.859116369E0
5.824953071E1,4.528894006E-1,1.454190692E0,2.308484248E0
5.826953071E1,4.381138521E-1,2.216657527E-1,2.688579578E0
5.828953071E1,-3.343934558E-1,-1.235493863E0,2.186497881E0
5.830953071E1,-1.530712984E-1,-2.700995556E-1,1.991258181E0
5.832953071E1,5.362299480E-1,1.411341711E0,2.613406604E0
5.834953071E1,3.891506935E-1,1.292802862E0,2.820716711E0
5.836953071E1,-1.643708782E-1,-5.040690194E-1,2.286413348E0
5.838953071E1,-9.724068734E-1,-3.281599219E-1,2.520116617E0
5.840953071E1,-5.358295599E-1,1.033974400E0,2.299946144E0
5.842953071E1,-2.969181390E-2,8.401225363E-1,2.362147070E0
5.844953071E1,-2.097376520E-1,6.514236778E-3,2.801310387E0
5.846953071E1,-7.508377642E-2,1.692453182E-1,2.802652908E0
5.848953071E1,8.551781299E-3,1.035318967E0,2.852995681E0
5.850953071E1,-1.444861240E-1,1.228158531E0,2.646070320E0
5.852953071E1,1.874465493E-1,5.215951712E-1,2.934294782E0
5.854953071E1,3.543216073E-1,-4.768228948E-2,2.298760913E0
5.856953071E1,4.261545054E-1,1.402176932E-1,2.102780371E0
5.858953071E1,-7.779153977E-3,9.242500824E-1,1.531196914E0
5.860953071E1,-1.305635016E-1,1.043165784E0,1.895391911E0
5.862953071E1,-2.523057474E-1,4.595323858E-1,1.455846185E0
5.864953071E1,1.103047631E-1,-1.953399798E-1,1.147095072E0
5.866953071E1,2.384531819E-1,3.679752213E-1,1.163693563E0
5.868953071E1,2.581839899E-1,1.080128519E0,1.348602988E0
5.870953071E1,-1.241604715E-1,9.378295098E-1,8.935709113E-1
5.872953071E1,-3.699094071E-1,1.563823208E-2,7.522612506E-1
5.874953071E1,-1.357454868E-1,2.496541813E-1,9.359842747E-1
5.876953071E1,1.157099658E-1,9.912865095E-1,1.425196835E0
5.878953071E1,3.270323595E-1,2.823307613E-1,8.398841161E-1
5.880953071E1,1.100831902E-1,-2.756511945E-1,7.056215197E-1
5.882953071E1,5.521861956E-2,3.188325897E-2,7.910967028E-1
5.884953071E1,-5.105905652E-2,5.056639937E-1,6.989054078E-1
5.886953071E1,1.070616415E-1,3.009659837E-1,2.671534359E-1
5.888953071E1,5.119199297E-1,-1.128543319E-1,-2.076907611E-1
5.890953071E1,7.140925272E-1,-2.634188193E-1,5.640563357E-1
5.892953071E1,5.112064963E-1,-3.280537950E-1,8.292053461E-1
5.894953071E1,5.662644636E-1,3.147117645E-1,-6.834401071E-2
5.896953071E1,3.087028733E-1,4.425554337E-1,-3.302010387E-1
5.898953071E1,7.734199121E-1,-4.256980571E-1,-9.729655749E-1
5.900953071E1,4.558506133E-1,-1.222105347E0,-1.529692426E0
5.902953071E1,-7.258642879E-1,-6.071335043E-1,-2.270873787E0
5.904953071E1,-1.825733154E-1,2.101521465E-1,-1.566847973E0
5.906953071E1,-3.423250211E-1,5.905547476E-1,-1.308695741E0
5.908953071E1,-6.800518649E-1,-4.978705323E-1,-1.250276794E0
5.910953071E1,1.128112087E-1,-1.796082508E0,-1.497861353E0
5.912953071E1,4.142826842E-1,-1.459805773E0,-1.653256372E0
5.914953071E1,7.990299857E-1,-6.817853451E-4,-1.427677224E0
5.916953071E1,8.751599295E-1,9.789643796E-1,-1.715939693E0
5.918953071E1,9.836595476E-2,1.864431489E-1,-1.995518462E0
5.920953071E1,-6.512055036E-1,-1.158152157E0,-2.968033217E0
5.922953071E1,-6.820620646E-1,-1.219284066E0,-3.762862197E0
5.924953071E1,-7.566406690E-2,8.015070856E-4,-3.371861810E0
5.926953071E1,1.620632563E-1,1.082583619E0,-2.725343946E0
5.928953071E1,-5.528877883E-1,8.690818951E-1,-2.222619056E0
5.930953071E1,-1.093890526E0,6.294454560E-2,-2.164394236E0
5.932953071E1,-9.557420164E-1,-3.041645569E-1,-1.752719264E0
5.934953071E1,-4.038888198E-1,1.006856914E-1,-1.302936818E0
5.936953071E1,2.192691252E-2,2.905151821E-1,-8.000780261E-1
5.938953071E1,-1.211029990E-1,-2.165709275E-1,-9.448907536E-1
5.940953071E1,-7.988173664E-3,-9.078079312E-1,-7.516934860E-1
5.942953071E1,-2.653435765E-1,-1.041332170E0,-7.811932737E-1
5.944953071E1,-6.018927180E-1,-7.248715769E-1,-5.589944011E-1
5.946953071E1,-3.189105038E-1,-9.285831615E-2,-2.042777413E-1
5.948953071E1,-2.604247525E-2,3.887038931E-2,-1.777734822E-1
5.950953071E1,3.712090239E-2,-3.533429296E-1,-2.056910133E-1
5.952953071E1,1.614641359E-1,-7.191527807E-1,5.729686618E-2
5.954953071E1,1.573893575E-1,-4.511474785E-1,2.583849514E-1
5.956953071E1,1.655253196E-1,1.743573926E-1,3.777482575E-1
5.958953071E1,5.741673410E-3,2.169816944E-1,5.807863891E-2
5.960953071E1,-2.582903726E-1,-2.295231680E-1,7.259902954E-3
5.962953071E1,-1.769934636E-1,-5.239054792E-1,3.794492126E-2
5.964953071E1,-1.623179756E-1,-5.562826817E-1,-2.803640503E-1
5.966953071E1,-1.831434189E-1,-4.438921072E-1,-2.267784119E-2
5.968953071E1,-7.666109025E-2,-2.345017797E-1,-2.574950051E-1
5.970953071E1,-1.084192188E-1,-4.052466895E-1,1.253034925E-1
5.972953071E1,-1.969029406E-1,-3.227964903E-1,-2.030387163E-2
5.974953071E1,3.376767039E-3,-1.713115780E-1,-7.384097815E-2
5.976953071E1,1.885643725E-1,-1.072176891E-1,4.885991871E-2
5.978953071E1,1.941272673E-1,-2.776119120E-1,-9.637205422E-2
5.980953071E1,-3.520608544E-3,-4.734040278E-1,-9.961492002E-2
5.982953071E1,-1.456985807E-1,-3.438759220E-1,-1.438988078E-1
5.984953071E1,-1.486983486E-1,-2.665306344E-1,-1.616363364E-1
5.986953071E1,-1.712914782E-1,-5.426701444E-1,-4.499040681E-1
5.988953071E1,-9.600294873E-2,-8.052217486E-1,-5.010069788E-1
5.990953071E1,6.974266469E-3,-5.830973549E-1,-5.747514778E-1
5.992953071E1,2.023247713E-1,-3.640513741E-1,-7.476431197E-1
5.994953071E1,1.584040687E-1,-2.891747810E-1,-1.084196573E0
5.996953071E1,-4.036501072E-2,-2.762685142E-1,-1.432661975E0
5.998953071E1,-7.832491547E-2,-2.537238434E-2,-1.561666755E0
6.000953071E1,-1.890075915E-2,1.588573741E-1,-1.506802915E0
6.002953071E1,-2.960099568E-1,4.699904233E-2,-1.735739534E0
6.004953071E1,-5.792727643E-1,7.626179852E-2,-1.858997086E0
6.006953071E1,-5.455758452E-1,3.268563583E-1,-2.671791637E0
6.008953071E1,-3.020874797E-1,3.379006523E-1,-2.377749195E0
6.010953071E1,-3.574183658E-1,9.403981917E-2,-2.006858552E0
6.012953071E1,-6.231889352E-1,-6.469490229E-1,-1.932815260E0
6.014953071E1,-8.263652804E-1,-1.001970323E0,-2.747860989E0
6.016953071E1,-2.568682567E-1,-5.241675807E-1,-2.703349060E0
6.018953071E1,-1.124812795E-1,4.815072455E-1,-2.130366949E0
6.020953071E1,-1.425799683E-1,5.581173187E-1,-1.943290547E0
6.022953071E1,-8.746181119E-2,-2.008767083E-1,-1.986098598E0
6.024953071E1,-1.692463049E-1,-4.091244167E-1,-1.717880968E0
6.026953071E1,1.057210942E-1,-1.683455779E-1,-1.472101445E0
6.028953071E1,4.699285890E-1,-2.138661517E-1,-1.089175478E0
6.030953071E1,6.996360174E-1,-5.839294137E-1,-7.164353603E-1
6.032953071E1,6.043545785E-1,-6.521851315E-1,-6.511365795E-1
6.034953071E1,2.553809078E-1,-2.163080952E-1,-7.034755915E-1
6.036953071E1,8.278561011E-4,-2.500659715E-1,-1.149587740E0
6.038953071E1,-5.615572723E-1,-4.704294030E-1,-9.827736944E-1
6.040953071E1,-4.784082942E-1,-8.077080578E-2,1.282861573E-1
6.042953071E1,-3.052217335E-2,5.377726628E-1,5.769558781E-1
6.044953071E1,2.738579630E-1,2.630037401E-1,2.589375132E-1
6.046953071E1,2.457528459E-1,1.427930993E-1,3.321072310E-1
6.048953071E1,7.816595160E-1,2.337433228E-1,5.001673186E-1
6.050953071E1,3.952063624E-1,-1.099883191E-1,6.366851860E-1
6.052953071E1,-3.388964331E-1,1.108785577E-1,4.911146593E-1
6.054953071E1,-1.847016470E-1,9.455503926E-1,1.303993995E0
6.056953071E1,4.435531148E-1,1.496690887E0,1.062108132E0
6.058953071E1,8.279636899E-1,9.338227053E-1,6.771917725E-1
6.060953071E1,1.004486380E0,-4.481553121E-1,2.251710123E-1
6.062953071E1,7.118534821E-1,-1.558486016E0,6.059966594E-1
6.064953071E1,-3.523161585E-1,-1.259235898E0,6.473101616E-2
6.066953071E1,2.949430410E-1,-1.793494530E-1,2.011325240E-1
6.068953071E1,4.092067894E-1,5.955168410E-1,4.248575199E-1
6.070953071E1,2.893533769E-1,2.813763495E-1,7.657566243E-1
6.072953071E1,-7.723093797E-2,2.009220243E-2,1.071248499E0
6.074953071E1,-3.665015768E-1,7.348352323E-1,1.470142043E0
6.076953071E1,-6.260341904E-1,1.152165193E0,1.582489275E0
6.078953071E1,-1.417472699E-1,6.544482963E-1,2.082428552E0
6.080953071E1,-1.776981445E-1,2.041572887E-1,1.325861412E0
6.082953071E1,-3.224280060E-1,1.875196213E-1,1.599457310E0
6.084953071E1,-2.072189273E-1,6.003818706E-1,2.255818377E0
6.086953071E1,-1.872243003E-1,8.578521712E-1,2.126207240E0
6.088953071E1,2.941087347E-1,8.878694375E-1,2.261347504E0
6.090953071E1,5.827884392E-1,3.513662052E-1,2.317661453E0
6.092953071E1,1.124614282E0,-1.329914117E-1,2.755175856E0
6.094953071E1,9.295292410E-1,-4.596564929E-1,2.498743874E0
6.096953071E1,7.154060311E-1,-1.044597767E-1,1.490027254E0
6.098953071E1,2.980632066E-1,-1.049692154E-2,6.578503525E-1
6.100953071E1,-9.673247659E-1,-6.336401023E-1,1.312206409E0
6.102953071E1,-1.669719938E0,-3.687188409E-1,2.745701612E0
6.104953071E1,-9.208062185E-1,8.484333301E-1,2.855163828E0
6.106953071E1,5.742856009E-1,8.642933178E-1,3.103028469E0
6.108953071E1,9.300598758E-1,-9.615643814E-2,3.578749748E0
6.110953071E1,9.258398672E-1,-4.242720674E-1,3.537085998E0
6.112953071E1,4.170463341E-1,7.101354240E-1,3.437484527E0
6.114953071E1,-1.538577124E-1,1.342468820E0,3.151278523E0
6.116953071E1,-9.057795321E-1,-3.820307583E-2,3.074618602E0
6.118953071E1,-1.450253908E0,-9.696266685E-1,3.012560933E0
6.120953071E1,-6.338329142E-1,3.887321059E-1,2.766907709E0
6.122953071E1,1.774514103E-1,1.726728244E0,2.499409288E0
6.124953071E1,5.204497748E-1,1.049718028E0,2.559889963E0
6.126953071E1,5.463708107E-1,2.088860781E-1,2.496703781E0
6.128953071E1,-1.471079059E-2,7.866205131E-1,2.197481875E0
6.130953071E1,-1.982511258E-1,1.303947948E0,1.613089508E0
6.132953071E1,-7.100531975E-1,8.821325880E-1,1.265173160E0
6.134953071E1,-4.613864282E-1,3.775995921E-1,1.167037586E0
6.136953071E1,-2.140948509E-1,5.217410593E-1,7.916913646E-1
6.138953071E1,8.494531576E-2,7.507032600E-1,6.649845403E-1
6.140953071E1,-6.440444916E-2,7.991700996E-1,1.152587947E0
6.142953071E1,3.450895116E-2,4.471441823E-1,1.069651625E0
6.144953071E1,2.702582709E-1,-1.739399014E-1,6.848551333E-1
6.146953071E1,2.602204654E-1,-3.179350421E-2,9.088952941E-1
6.148953071E1,4.855075084E-1,5.079704279E-1,7.030961072E-1
6.150953071E1,6.526634337E-1,8.514313437E-1,7.731042355E-1
6.152953071E1,4.244735405E-1,4.491696578E-1,5.948781788E-1
6.154953071E1,-2.118628043E-2,-1.519154866E-1,3.771962804E-1
6.156953071E1,-1.872942111E-1,8.811066940E-2,9.973741919E-1
6.158953071E1,-4.033339556E-1,5.356356516E-1,1.257648963E0
6.160953071E1,-2.149710745E-1,5.771647699E-1,6.933511376E-1
6.162953071E1,1.828068751E-1,2.211010578E-1,1.788090241E-1
6.164953071E1,5.824372774E-1,-5.358600385E-1,-1.391678256E-1
6.166953071E1,4.386195266E-1,-6.390711424E-1,4.385306489E-1
6.168953071E1,3.553939501E-2,1.296608377E-1,5.314464140E-1
6.170953071E1,-3.263173181E-1,7.519519329E-1,5.188234448E-1
6.172953071E1,1.223250671E-1,8.731593047E-1,-3.307465839E-1
6.174953071E1,6.683294401E-1,-1.029585041E-1,-3.077389598E-3
6.176953071E1,4.693461698E-1,-1.186202128E0,-1.090938413E-1
6.178953071E1,3.588928508E-1,-5.679203220E-1,-1.264936348E0
6.180953071E1,4.632592914E-1,5.154544254E-1,-1.758640155E0
6.182953071E1,-2.753099363E-2,6.856385140E-1,-2.429858996E0
6.184953071E1,1.222616431E-1,-2.047627679E-1,-2.393577023E0
6.186953071E1,-6.361840066E-1,-8.720350313E-1,-2.438608770E0
6.188953071E1,-1.213724826E0,-1.077071595E0,-2.406546732E0
6.190953071E1,-1.190341664E0,-1.994298148E-1,-3.473123891E0
6.192953071E1,-3.589282996E-1,3.223379955E-1,-4.347898343E0
6.194953071E1,4.062372443E-1,-1.215864176E-1,-4.372736145E0
6.196953071E1,6.199861228E-1,-1.204373081E0,-3.360448045E0
6.198953071E1,-1.692040588E-1,-9.626792993E-1,-2.954643677E0
6.200953071E1,-6.594516125E-1,5.936276056E-1,-3.127953395E0
6.202953071E1,-7.238143272E-1,1.138640437E0,-2.804861401E0
6.204953071E1,-2.815715368E-1,-1.060214218E-1,-1.847328967E0
6.206953071E1,-1.429708181E-1,-1.480993305E0,-1.017391550E0
6.208953071E1,-1.806933990E-1,-1.205285247E0,-5.872884929E-1
6.210953071E1,2.396718147E-1,-5.166205063E-2,-7.699882543E-1
6.212953071E1,-2.448627901E-1,1.602588055E-1,-1.281741246E0
6.214953071E1,-7.341142707E-1,-2.389080222E-1,-6.918764699E-1
6.216953071E1,-5.527811497E-1,-4.395159048E-1,-7.050087315E-1
6.218953071E1,8.714310139E-2,-5.952078887E-1,-3.366481787E-1
6.220953071E1,-1.376210909E-1,-4.945725565E-1,-8.650195420E-2
6.222953071E1,-1.255462982E-1,-2.239040668E-1,-1.063275236E-1
6.224953071E1,-1.307361406E-1,9.136055186E-2,8.527579308E-3
6.226953071E1,1.408016838E-1,-5.325972922E-2,4.108896911E-2
6.228953071E1,3.033265778E-1,-2.654734578E-1,-7.187339008E-2
6.230953071E1,1.151981883E-2,2.031110756E-2,1.639331228E-1
6.232953071E1,1.095276316E-1,1.568308754E-1,1.534046263E-1
6.234953071E1,-1.228177681E-1,-9.946033426E-2,1.953420264E-1
6.236953071E1,-1.183128539E-1,-4.063211153E-1,-2.294155061E-2
6.238953071E1,2.530860583E-1,-6.779571730E-1,-4.581293464E-2
6.240953071E1,2.979039431E-2,-5.447067297E-1,9.466115892E-2
6.242953071E1,1.681160747E-1,-5.000312246E-2,1.328914243E-1
6.244953071E1,2.475372700E-1,1.651358219E-1,-3.630536199E-3
6.246953071E1,1.834663314E-1,-3.033669966E-1,-4.902948797E-2
6.248953071E1,4.122294344E-2,-7.653011262E-1,1.656896263E-1
6.250953071E1,8.146004632E-2,-3.900260948E-1,1.087880319E-1
6.252953071E1,2.863601507E-1,2.134365276E-1,-5.118535638E-2
6.254953071E1,2.704874452E-1,1.265985777E-1,-1.593717098E-1
6.256953071E1,-2.801372514E-1,-3.647816183E-1,-2.077398777E-2
6.258953071E1,-3.795608944E-1,-5.648934377E-1,-7.702010930E-2
6.260953071E1,3.322680295E-4,-1.617656330E-1,-9.697607160E-2
6.262953071E1,6.874140210E-2,1.749552704E-1,-1.701978296E-1
6.264953071E1,-6.425688006E-2,-8.260712385E-2,-3.274165946E-1
6.266953071E1,-1.462147437E-2,-3.683853304E-1,-5.413153446E-1
6.268953071E1,-9.538877182E-2,-3.996856950E-1,-5.559871781E-1
6.270953071E1,-4.135574833E-2,-5.819684038E-1,-7.463526392E-1
6.272953071E1,-1.313356264E-1,-4.772602665E-1,-1.124255263E0
6.274953071E1,-2.415412427E-1,-1.070052159E-1,-1.480479920E0
6.276953071E1,-1.038376330E-1,9.983419061E-2,-1.718903646E0
6.278953071E1,-1.069365111E-1,-9.700969309E-3,-1.909564977E0
6.280953071E1,-2.397234164E-2,-1.401732543E-1,-1.525873024E0
6.282953071E1,-3.984491551E-1,-1.036208475E-1,-1.699437681E0
6.284953071E1,-1.696707762E-1,-2.051498535E-1,-2.175156621E0
6.286953071E1,1.657254405E-1,-9.423197329E-2,-2.228636425E0
6.288953071E1,4.302308187E-3,2.052621201E-1,-2.506340577E0
6.290953071E1,-5.233111829E-2,7.957578108E-2,-2.186403156E0
6.292953071E1,-5.860461423E-1,-3.247056793E-1,-2.257703519E0
6.294953071E1,-5.621763462E-1,-6.189361091E-1,-2.003963011E0
6.296953071E1,-5.940467048E-1,-6.187333569E-1,-1.724126964E0
6.298953071E1,-1.535319128E-1,-8.517978179E-1,-1.571211750E0
6.300953071E1,1.253090109E-1,-9.662320675E-1,-1.668079063E0
6.302953071E1,2.336132222E-1,-6.264986055E-1,-1.422618213E0
6.304953071E1,-2.161261006E-1,-3.540240571E-1,-8.708041924E-1
6.306953071E1,-4.427481360E-1,-5.827096845E-1,-8.416523141E-1
6.308953071E1,-2.758619866E-1,-6.945102020E-1,-1.180173356E0
6.310953071E1,2.411833565E-1,-3.406985450E-1,-8.433637941E-1
6.312953071E1,7.703609412E-1,-7.452276349E-2,-2.039146292E-1
6.314953071E1,9.799583331E-1,-3.812615570E-1,7.758261144E-2
6.316953071E1,5.130315950E-1,-5.612585892E-1,-5.115711433E-1
6.318953071E1,2.366276812E-2,6.372295618E-2,-1.069499597E0
6.320953071E1,-8.863995206E-2,3.974410951E-2,-1.279704076E-1
6.322953071E1,1.249074899E-3,-1.075984744E0,6.007429361E-2
6.324953071E1,-4.784248126E-1,-1.608145834E0,1.834622383E-1
6.326953071E1,-2.057024702E-1,-1.029127496E-1,-9.431383431E-2
6.328953071E1,6.260928818E-1,1.652937698E0,1.942883581E-1
6.330953071E1,9.350672121E-1,1.673768696E0,-5.518017411E-3
6.332953071E1,4.955067953E-1,4.564357004E-1,1.493238544E-1
6.334953071E1,-1.292496870E-1,5.561348203E-1,3.238258195E-1
6.336953071E1,-4.040173489E-1,1.521510855E0,-1.048411614E-1
6.338953071E1,2.103973276E-1,1.398060199E0,1.537788481E-1
6.340953071E1,-4.069331361E-2,2.292254716E-1,7.829094315E-1
6.342953071E1,-2.826196411E-2,-7.047837599E-1,1.074163336E0
6.344953071E1,1.016878493E-1,3.185373053E-1,1.607390812E0
6.346953071E1,5.920407443E-1,1.663637957E0,1.588186802E0
6.348953071E1,4.378820831E-1,1.134262334E0,2.087995101E0
6.350953071E1,6.794113755E-1,-4.338945378E-1,2.292720155E0
6.352953071E1,4.490429194E-1,2.711175558E-1,1.862001386E0
6.354953071E1,1.167201747E0,1.762484553E0,2.329324309E0
6.356953071E1,5.309357328E-1,2.031866947E0,1.860030874E0
6.358953071E1,1.352165879E-1,1.081275451E0,1.984132764E0
6.360953071E1,-6.186189707E-3,8.925306916E-2,1.729871854E0
6.362953071E1,4.024534380E-2,-1.667416866E-1,1.977029566E0
6.364953071E1,-2.278044703E-1,9.315500388E-1,1.434641842E0
6.366953071E1,-7.287693308E-1,1.240838218E0,1.571886519E0
6.368953071E1,-3.649353269E-1,4.500408930E-1,1.649663258E0
6.370953071E1,-1.310026275E-1,-7.498843575E-1,1.423960733E0
6.372953071E1,-4.104724192E-1,-4.008456364E-1,1.593175061E0
6.374953071E1,-1.438339768E-1,8.363386568E-1,1.938272467E0
6.376953071E1,-3.304908779E-1,1.004428419E0,1.751008953E0
6.378953071E1,-1.631486640E-1,6.774847180E-2,1.757808681E0
6.380953071E1,2.153347896E-1,-6.214483653E-1,2.854639918E0
6.382953071E1,-3.385285702E-2,2.154573253E-1,3.331942284E0
6.384953071E1,-8.173166776E-2,9.428829660E-1,3.780468163E0
6.386953071E1,-9.834427438E-2,1.051170622E0,3.871138598E0
6.388953071E1,9.542690663E-2,6.715072556E-1,4.971037869E0
6.390953071E1,8.408510263E-1,4.117354909E-1,5.724073291E0
6.392953071E1,1.054436877E0,1.328716461E0,5.683611143E0
6.394953071E1,1.330868675E0,2.114820226E0,4.736078618E0
6.396953071E1,3.577587834E-1,1.555762529E0,2.925877131E0
6.398953071E1,1.205449919E-1,-3.429608327E-1,2.182498385E0
6.400953071E1,-2.510366275E-1,-1.123676827E0,2.005434755E0
6.402953071E1,-7.388258108E-1,7.515031591E-2,1.664220486E0
6.404953071E1,-6.261588091E-1,1.289355783E0,9.115271258E-1
6.406953071E1,4.361708589E-2,7.628040728E-1,7.397634119E-1
6.408953071E1,4.988843664E-1,-5.560957901E-1,9.110312819E-1
6.410953071E1,1.132121011E0,-4.302202937E-1,6.914507926E-1
6.412953071E1,7.375422008E-1,1.050155984E0,4.094711566E-1
6.414953071E1,-8.122061015E-1,7.559394416E-1,1.545705611E-1
6.416953071E1,-9.356439668E-1,-8.692659362E-1,-2.829315627E-1
6.418953071E1,-9.441640909E-1,-7.108951235E-1,7.853512287E-2
6.420953071E1,-1.138136590E-1,9.270706330E-1,3.396004379E-1
6.422953071E1,6.579223464E-1,1.458213430E0,3.762525398E-1
6.424953071E1,8.930107480E-1,1.713193256E-1,1.909800035E-1
6.426953071E1,2.527602405E-1,-9.658177923E-1,1.950309545E-1
6.428953071E1,-4.663886847E-1,-3.467002733E-1,2.552262855E-1
6.430953071E1,-3.484797272E-1,6.235869844E-1,8.868056828E-1
6.432953071E1,-5.409639269E-1,6.995613192E-1,8.172337568E-1
6.434953071E1,5.576113153E-2,-2.527986677E-1,3.502569884E-1
6.436953071E1,2.876731064E-1,-6.488855477E-1,1.998297644E-1
6.438953071E1,3.946125045E-1,-5.835535839E-2,3.670484376E-1
6.440953071E1,4.880034655E-1,2.794153395E-1,8.967699230E-1
6.442953071E1,-1.972433582E-1,1.566879840E-1,1.028489565E0
6.444953071E1,-5.604218892E-1,5.123309889E-1,4.897920191E-1
6.446953071E1,-2.741609219E-1,8.227875884E-1,-7.873989236E-1
6.448953071E1,6.423643673E-1,1.276587510E-1,-6.410495478E-1
6.450953071E1,1.902830885E-1,-7.625435793E-1,9.772451520E-3
6.452953071E1,-2.652443931E-1,-7.549842989E-1,3.478116828E-1
6.454953071E1,-1.459424096E-1,-3.125044405E-2,-3.565830910E-1
6.456953071E1,1.286059999E-1,6.515698582E-3,-1.660111647E0
6.458953071E1,3.483171015E-1,-5.370136942E-1,-2.680805120E0
6.460953071E1,4.554067366E-1,-8.744734664E-1,-2.324223198E0
6.462953071E1,4.652001650E-1,-4.235582685E-1,-1.698636028E0
6.464953071E1,2.850356832E-1,3.300203598E-1,-2.200369231E0
6.466953071E1,-4.792705758E-1,5.304348457E-1,-2.707564902E0
6.468953071E1,-5.374695212E-1,1.366484065E-1,-3.008219376E0
6.470953071E1,-3.755290565E-1,-2.681977487E-1,-3.768682516E0
6.472953071E1,2.260943973E-1,-4.061581242E-1,-3.521328337E0
6.474953071E1,1.986747200E-1,-4.820517674E-2,-3.242896791E0
6.476953071E1,-7.160151648E-1,7.689283734E-1,-3.134798146E0
6.478953071E1,-1.180866909E0,4.439713369E-1,-2.636638761E0
6.480953071E1,-1.169104138E0,-8.676406295E-1,-1.932891859E0
6.482953071E1,-2.324260182E-1,-2.231134794E0,-1.189919495E0
6.484953071E1,2.809610875E-1,-2.044014830E0,-1.107745065E0
6.486953071E1,1.610982099E-1,-4.115779084E-1,-7.726364583E-1
6.488953071E1,1.025540230E-1,5.717324873E-1,-8.814566499E-1
6.490953071E1,3.225550734E-2,-3.169848695E-1,-7.140947199E-1
6.492953071E1,-4.510977406E-1,-1.328405535E0,-1.861408478E-1
6.494953071E1,-1.866073460E-1,-1.116822356E0,-1.423884720E-1
6.496953071E1,2.395795018E-1,1.058083274E-1,1.707246637E-1
6.498953071E1,7.719830319E-2,6.565133867E-1,-5.719453990E-2
6.500953071E1,-1.357550251E-1,2.774527216E-1,-4.467331231E-1
6.502953071E1,-5.880325511E-3,-4.903183416E-1,-2.369742018E-1
6.504953071E1,9.018876985E-2,-7.469034469E-1,-1.359939569E-1
6.506953071E1,2.646536051E-1,-5.607845993E-1,-3.245029271E-2
6.508953071E1,-1.944361465E-1,-1.230456633E-1,1.020684117E-1
6.510953071E1,-5.037757085E-1,-1.494486560E-1,-1.588378590E-1
6.512953071E1,-1.691826799E-1,-8.287026317E-1,-7.606058121E-2
6.514953071E1,2.782229461E-2,-9.257528168E-1,1.624356508E-3
6.516953071E1,6.302839467E-1,-2.686028876E-1,1.205064368E-1
6.518953071E1,6.527760657E-1,1.744573069E-1,2.573143262E-1
6.520953071E1,1.316499873E-1,1.536265281E-1,3.607615113E-2
6.522953071E1,-9.411444426E-2,-5.675672963E-3,1.529514670E-1
6.524953071E1,-2.370570861E-2,-2.350016436E-1,1.185464501E-1
6.526953071E1,2.492982320E-1,-4.183850907E-1,-1.052498817E-5
6.528953071E1,2.975998148E-1,-2.788905519E-1,1.772741300E-1
6.530953071E1,1.303948094E-1,-1.356309179E-1,6.218572319E-2
6.532953071E1,-8.464224726E-2,-2.244580174E-1,1.471036667E-1
6.534953071E1,-1.602563205E-1,-3.865063633E-1,-9.367239475E-3
6.536953071E1,-1.791596378E-1,-4.815165279E-1,7.026599050E-3
6.538953071E1,2.218287438E-3,-4.764332510E-1,-1.849643880E-1
6.540953071E1,1.279354705E-1,-3.700062516E-1,-4.070322829E-1
6.542953071E1,8.306664191E-2,-2.924550690E-1,-5.329012012E-1
6.544953071E1,-8.237557411E-3,-3.314640373E-1,-5.174458408E-1
6.546953071E1,-1.351955927E-1,-2.241785936E-1,-5.449990904E-1
6.548953071E1,-2.649028426E-1,1.723471930E-1,-9.023312098E-1
6.550953071E1,-1.548494001E-1,1.068508494E-1,-1.083869714E0
6.552953071E1,-1.414634424E-1,-2.249173162E-1,-1.499512022E0
6.554953071E1,-4.376541513E-1,-1.755141912E-1,-1.813326824E0
6.556953071E1,-3.881842218E-1,1.928533783E-1,-2.318509884E0
6.558953071E1,-5.508758345E-1,2.951284160E-1,-2.758295930E0
6.560953071E1,-1.000106230E0,-1.129304188E-1,-3.157276012E0
6.562953071E1,-1.046115631E0,-6.271624106E-1,-2.969886784E0
6.564953071E1,-9.118058918E-1,-2.714929470E-1,-2.549430463E0
6.566953071E1,-6.814098077E-1,4.428548111E-1,-2.618448073E0
6.568953071E1,-2.886646845E-1,6.780507284E-1,-2.506473309E0
6.570953071E1,-1.805028894E-1,2.129769364E-1,-2.461742694E0
6.572953071E1,-1.373224443E-1,-5.087744200E-1,-1.759797319E0
6.574953071E1,2.227971889E-2,-9.506619555E-1,-1.135470223E0
6.576953071E1,-1.121842410E-1,-5.552067210E-1,-8.796217936E-1
6.578953071E1,-1.420669482E-1,1.543115294E-1,-1.230850589E0
6.580953071E1,8.132958032E-2,1.282338247E-2,-1.585953750E0
6.582953071E1,3.964365435E-1,-9.458670925E-1,-9.550918061E-1
6.584953071E1,2.015901417E-1,-1.529610565E0,-1.104396949E0
6.586953071E1,3.032469825E-1,-1.312510318E0,-4.331745994E-1
6.588953071E1,4.292666859E-1,7.659852505E-2,-8.599880129E-1
6.590953071E1,5.805402213E-1,1.119956244E0,-4.141202778E-1
6.592953071E1,9.292764220E-1,9.604655434E-1,-5.704163522E-1
6.594953071E1,1.103381434E0,-1.719791839E-1,-5.287812531E-1
6.596953071E1,6.371096939E-1,-4.963020167E-1,-4.280044913E-1
6.598953071E1,8.403856610E-1,2.966845062E-1,-2.339149386E-1
6.600953071E1,5.989557347E-1,7.683144888E-1,-1.575760299E-1
6.602953071E1,4.362260420E-1,2.277176209E-1,3.218459523E-1
6.604953071E1,2.822295313E-1,-2.588150141E-1,-4.098781228E-2
6.606953071E1,2.467274671E-1,-4.698427811E-2,-5.040019226E-1
6.608953071E1,2.270652178E-1,2.670484784E-1,-2.733210790E-1
6.610953071E1,3.771008246E-1,-3.029470204E-1,-2.217486370E-1
6.612953071E1,-1.170736462E-1,-7.276048578E-1,2.358930516E-1
6.614953071E1,-5.563653833E-1,3.790567182E-1,9.109710556E-1
6.616953071E1,1.884513385E-1,1.887263550E0,1.345172426E0
6.618953071E1,6.224976481E-1,1.748359580E0,9.269719613E-1
6.620953071E1,9.775806360E-1,-1.115429476E-1,1.706872416E0
6.622953071E1,5.684540266E-1,-5.037295885E-1,1.450032299E0
6.624953071E1,-2.716522837E-1,7.608503719E-1,1.355182275E0
6.626953071E1,-4.650099112E-1,1.817416659E0,1.061299462E0
6.628953071E1,-5.332908816E-1,1.446272831E0,1.485482798E0
6.630953071E1,-5.333155861E-1,3.343379438E-1,1.300404974E0
6.632953071E1,-3.828991063E-1,-1.491306040E-1,9.630562985E-1
6.634953071E1,6.928968821E-2,6.637713893E-1,2.047975588E0
6.636953071E1,-6.043185085E-2,1.261067099E0,2.615219826E0
6.638953071E1,2.190733896E-1,1.125293436E0,2.457399967E0
6.640953071E1,-3.318189267E-1,4.377007829E-1,2.190593855E0
6.642953071E1,-4.121066429E-2,3.098272929E-1,2.324129643E0
6.644953071E1,1.042229280E-1,5.486932151E-1,2.524210253E0
6.646953071E1,-1.104121692E-1,-1.307187451E-1,1.603308286E0
6.648953071E1,-8.272376119E-1,-6.304464993E-1,1.559238406E0
6.650953071E1,-8.749036753E-1,-1.095282894E-1,3.109359249E0
6.652953071E1,-9.076197240E-1,1.765436373E0,1.390944430E0
6.654953071E1,-2.264780112E-2,1.119196983E0,1.412633507E0
6.656953071E1,6.542206203E-1,-1.189578164E0,2.581162718E0
6.658953071E1,2.821180322E-1,-1.160286976E0,2.347318531E0
6.660953071E1,3.085547926E-1,-4.575899407E-2,2.487369286E0
6.662953071E1,3.577982521E-1,9.781750055E-1,2.905275636E0
6.664953071E1,6.537165903E-1,9.897292498E-1,3.188758006E0
6.666953071E1,9.917159875E-1,7.821908087E-2,3.024396867E0
6.668953071E1,1.242346800E0,-9.939506471E-2,2.657401639E0
6.670953071E1,1.257762545E0,2.155523425E-1,3.177944750E0
6.672953071E1,3.616034007E-1,5.011306474E-1,3.474654692E0
6.674953071E1,-6.291272943E-1,5.889011550E-1,3.397788364E0
6.676953071E1,-7.844311693E-1,1.596070603E0,2.901396593E0
6.678953071E1,-3.370122775E-1,2.094648940E0,2.210044618E0
6.680953071E1,3.475015977E-1,8.399706548E-1,2.618367966E0
6.682953071E1,3.715192918E-1,3.365715802E-2,2.587400528E0
6.684953071E1,3.268507669E-1,6.463614509E-1,2.202285363E0
6.686953071E1,-7.787723802E-2,1.254014042E0,1.477035325E0
6.688953071E1,-2.270072755E-1,4.320972499E-1,1.175367529E0
6.690953071E1,-1.704022994E-1,-5.931590974E-1,9.154038298E-1
6.692953071E1,-2.751161377E-1,-2.404021320E-1,7.253202045E-1
6.694953071E1,-1.251767541E-1,1.067561537E0,7.060185456E-1
6.696953071E1,1.259960221E-1,1.338201376E0,1.388444746E-1
6.698953071E1,3.167496287E-1,2.729149899E-1,3.755385947E-1
6.700953071E1,-1.666827394E-1,-4.149637386E-1,4.961532050E-1
6.702953071E1,-4.872153339E-1,4.330292961E-1,1.215513343E-1
6.704953071E1,-3.094364796E-2,7.431096272E-1,5.227153516E-1
6.706953071E1,-3.215811099E-1,5.911043859E-1,5.191444570E-1
6.708953071E1,2.125149333E-1,4.497077478E-1,2.152383471E-1
6.710953071E1,-4.197734389E-2,1.465652843E-1,-1.920477051E-1
6.712953071E1,2.284258283E-1,1.966088256E-1,3.280977952E-1
6.714953071E1,6.191982105E-2,7.939516059E-1,4.200271350E-1
6.716953071E1,1.864967240E-1,7.245961730E-1,2.096840769E-1
6.718953071E1,4.464829353E-1,-2.333524364E-1,2.203657705E-1
6.720953071E1,7.157043122E-2,-1.063627092E0,3.692955226E-1
6.722953071E1,1.648037732E-3,-8.081806590E-1,2.765235990E-1
6.724953071E1,-5.218069866E-2,4.906230547E-1,3.582974946E-1
6.726953071E1,2.503662991E-1,8.661457157E-1,4.455584174E-1
6.728953071E1,4.144111767E-1,-8.825407237E-2,5.818926823E-1
6.730953071E1,6.773443848E-2,-5.008919348E-1,5.403447068E-1
6.732953071E1,-3.930790722E-4,3.129404967E-1,2.232221353E-1
6.734953071E1,6.040364534E-1,4.879552625E-1,-1.977697903E-1
6.736953071E1,6.478411619E-1,-4.316158779E-1,-7.821873003E-1
6.738953071E1,6.439708898E-1,-1.113112224E0,-1.291863361E0
6.740953071E1,7.067148028E-1,-6.254094154E-1,-5.785925138E-1
6.742953071E1,-1.662274971E-1,2.498847078E-1,-6.394322079E-1
6.744953071E1,-7.279426807E-1,1.021990970E-2,-1.081770564E0
6.746953071E1,-5.603508089E-1,-6.803978008E-1,-1.731124912E0
6.748953071E1,9.354865305E-2,-8.592780147E-1,-2.076232842E0
6.750953071E1,7.029969238E-1,-4.577283736E-1,-1.984079554E0
6.752953071E1,6.097743993E-1,1.101594964E-1,-1.601255329E0
6.754953071E1,-1.715501444E-1,3.300042799E-1,-2.153647054E0
6.756953071E1,-7.642799831E-1,8.978984356E-3,-2.968302773E0
6.758953071E1,-3.774389398E-1,-3.224464613E-1,-3.604641804E0
6.760953071E1,2.770761609E-2,-3.027688265E-1,-3.706553510E0
6.762953071E1,8.259557560E-2,7.565288410E-2,-3.409485134E0
6.764953071E1,-3.377027240E-1,5.329965109E-1,-3.366572419E0
6.766953071E1,-7.346952646E-1,4.331827855E-1,-3.400761673E0
6.768953071E1,-1.071702243E0,-1.549453676E-2,-2.896827579E0
6.770953071E1,-1.142229823E0,-6.354531777E-1,-1.506651472E0
6.772953071E1,-4.489951915E-1,-9.976879681E-1,-4.673363721E-1
6.774953071E1,-2.541673547E-1,-7.971584382E-1,-2.118580717E-1
6.776953071E1,1.269385933E-1,-5.896960840E-1,-4.801528841E-1
6.778953071E1,1.002811372E-1,-1.030992685E0,-3.135622019E-1
6.780953071E1,-3.468882613E-2,-1.372528040E0,1.006703424E-1
6.782953071E1,-1.368556903E-1,-8.797896818E-1,-1.690769184E-1
6.784953071E1,-2.630980995E-1,-1.167240923E-1,-5.792696214E-1
6.786953071E1,-3.534536612E-1,2.041268101E-1,-4.686800623E-1
6.788953071E1,-3.860306923E-1,-1.134506748E-1,-1.941988957E-1
6.790953071E1,-2.517065540E-1,-3.487429250E-1,2.316140592E-1
6.792953071E1,2.683601551E-1,-3.176456049E-2,6.838453192E-1
6.794953071E1,7.116514608E-1,4.418594688E-2,5.131060374E-1
6.796953071E1,4.620816256E-1,-2.313609479E-1,4.973618245E-1
6.798953071E1,-6.941807114E-2,-1.669675353E-1,4.228191805E-1
6.800953071E1,-4.870686784E-2,1.480058189E-1,2.367537618E-3
6.802953071E1,-9.874697395E-2,-4.437466577E-2,-1.160315627E-1
6.804953071E1,-1.785505772E-1,-6.732068950E-1,-2.580405504E-1
6.806953071E1,-3.849282729E-1,-7.608061523E-1,-2.514951771E-1
6.808953071E1,-3.658196452E-1,-2.474505850E-1,-9.118148088E-3
6.810953071E1,-1.066671737E-1,4.808852479E-2,1.226710761E-1
6.812953071E1,4.540713787E-2,4.463208944E-2,1.710860217E-1
6.814953071E1,3.226537451E-2,-1.192525014E-2,2.565641284E-1
6.816953071E1,3.726744823E-1,-8.183236778E-2,2.822228801E-1
6.818953071E1,4.088794184E-1,-3.680610292E-2,1.493209308E-1
6.820953071E1,1.375341866E-1,-1.531092688E-1,-8.655165553E-2
6.822953071E1,-2.159541193E-1,-3.206930275E-1,-1.116636926E-1
6.824953071E1,-4.027614035E-1,-2.055777235E-1,-9.712283671E-2
6.826953071E1,-3.306532478E-1,8.455022670E-2,1.781827873E-1
6.828953071E1,-1.297388980E-1,1.151419088E-1,3.246894532E-1
6.830953071E1,2.074600884E-1,-1.045257041E-1,1.626976061E-1
6.832953071E1,2.668103506E-1,-1.210570984E-1,-1.162712985E-1
6.834953071E1,2.418220552E-1,-7.038410425E-2,-2.505414963E-2
6.836953071E1,-2.544774033E-2,-2.159027369E-1,1.382895738E-1
6.838953071E1,-2.466205727E-1,-4.141595272E-1,3.637026608E-2
6.840953071E1,-2.456070310E-1,-2.048556655E-1,-5.986964107E-2
6.842953071E1,-1.143481493E-1,6.325649455E-2,2.310422015E-1
6.844953071E1,9.026492983E-2,-1.133592390E-2,-1.103410524E-1
6.846953071E1,2.745729679E-1,-3.546117754E-1,-7.742122829E-2
6.848953071E1,2.239965259E-1,-5.359268430E-1,1.079103649E-2
6.850953071E1,1.644883890E-1,-5.181401977E-1,-6.881821990E-2
6.852953071E1,6.487251878E-2,-3.381355642E-1,-2.579089880E-1
6.854953071E1,-1.147002248E-1,-3.494696608E-1,-3.942303890E-1
6.856953071E1,-1.039834479E-1,-5.403096235E-1,-4.949697286E-1
6.858953071E1,-3.673805594E-2,-6.751562105E-1,-8.212654120E-1
6.860953071E1,6.704936408E-2,-7.511023325E-1,-9.283945888E-1
6.862953071E1,1.185002571E-1,-7.107691160E-1,-1.509253483E0
6.864953071E1,1.899413918E-1,-5.102528885E-1,-2.102897315E0
6.866953071E1,2.051546044E-1,-5.005327696E-1,-2.492065769E0
6.868953071E1,1.016084551E-1,-7.846957558E-1,-2.331052161E0
6.870953071E1,-4.541209339E-1,-6.289203760E-1,-2.207555459E0
6.872953071E1,-5.257980768E-1,-4.046258613E-2,-2.385029563E0
6.874953071E1,-4.664866986E-1,-2.055749461E-2,-2.701515373E0
6.876953071E1,-6.023571331E-2,-4.958327776E-1,-2.305054271E0
6.878953071E1,7.939108215E-2,-4.718914993E-1,-1.911597469E0
6.880953071E1,-1.389636847E-1,-2.741481677E-1,-2.038841652E0
6.882953071E1,-9.243384484E-2,1.113071586E-1,-2.564714500E0
6.884953071E1,-3.173975368E-1,8.462195742E-1,-2.656998181E0
6.886953071E1,-1.361167119E-1,1.353649719E0,-2.393217419E0
6.888953071E1,2.889208657E-1,7.574385215E-1,-2.042554634E0
6.890953071E1,-1.027688351E-2,-3.495203854E-1,-1.795034979E0
6.892953071E1,-2.478730463E-1,-9.071817675E-1,-1.302898811E0
6.894953071E1,-7.720420523E-2,-5.419127838E-1,-8.630016679E-1
6.896953071E1,-2.558552997E-1,1.717597671E-1,-3.093902135E-1
6.898953071E1,3.353664325E-1,5.300471753E-1,-1.951981848E-1
6.900953071E1,1.657680887E-1,3.245820107E-1,-2.029188484E-1
6.902953071E1,-1.004096663E-1,-6.335835305E-1,-1.826418740E-1
6.904953071E1,1.332472274E-1,-1.241982372E0,4.988961339E-1
6.906953071E1,3.725979569E-1,-5.005813015E-1,6.149692118E-2
6.908953071E1,6.253124978E-1,6.821344239E-1,5.790409952E-1
6.910953071E1,6.338867086E-1,5.205806793E-1,2.230209911E-1
6.912953071E1,3.698601443E-1,-1.022302042E0,6.948456860E-1
6.914953071E1,-8.242137243E-1,-7.208096623E-1,4.061791742E-1
6.916953071E1,-4.064132455E-1,1.355971210E0,2.549204761E-1
6.918953071E1,-3.413774889E-2,2.394214077E0,4.217561567E-1
6.920953071E1,2.187753643E-1,7.986328867E-1,-1.548114663E-1
6.922953071E1,-1.706269970E-1,-9.375957674E-1,-4.223151505E-1
6.924953071E1,-9.134509329E-2,-6.844516754E-2,-2.477196300E-1
6.926953071E1,2.359981553E-1,1.448274333E0,-1.207830101E-1
6.928953071E1,-4.473594695E-1,9.215314195E-1,7.137696147E-2
6.930953071E1,-5.431394200E-1,-4.911433107E-1,-1.388813120E-1
6.932953071E1,-4.815115212E-1,-1.565609533E-1,5.295665342E-1
6.934953071E1,1.089456509E0,1.182998438E0,1.094714545E0
6.936953071E1,1.455546515E0,1.570227956E0,7.859722030E-1
6.938953071E1,7.583476905E-1,4.332006195E-1,9.616032654E-1
6.940953071E1,-2.254181851E-1,3.203889723E-1,1.390300652E0
6.942953071E1,-6.496814268E-1,1.508024253E0,1.271346066E0
6.944953071E1,-2.697040645E-1,1.363797562E0,1.670367664E0
6.946953071E1,-4.503389548E-1,4.410396892E-1,1.827351955E0
6.948953071E1,-3.858153686E-1,3.541629285E-1,1.647069433E0
6.950953071E1,-1.192011921E-1,4.975628226E-1,2.314226214E0
6.952953071E1,1.307957091E-1,-7.438827753E-3,3.170227595E0
6.954953071E1,2.456046373E-1,-5.462650126E-1,2.407676999E0
6.956953071E1,3.032965925E-1,-4.080024822E-1,2.561497947E0
6.958953071E1,-4.945303834E-1,8.279134038E-1,3.327360991E0
6.960953071E1,-4.880225055E-1,1.444795386E0,4.072481622E0
6.962953071E1,-3.845767456E-1,1.287962099E0,3.664183416E0
6.964953071E1,2.675065895E-1,8.616588548E-1,3.329825592E0
6.966953071E1,1.819093640E-1,-1.908423015E-1,4.042208832E0
6.968953071E1,4.865870140E-2,-3.954802313E-1,4.425699055E0
6.970953071E1,-2.933379620E-1,9.144954649E-1,3.610127077E0
6.972953071E1,-4.607295666E-1,1.154033963E0,3.478217400E0
6.974953071E1,-6.038220434E-1,8.660749644E-2,3.653088909E0
6.976953071E1,2.487417598E-1,-5.849232942E-1,3.939932844E0
6.978953071E1,7.270654522E-1,5.168564415E-1,3.020959289E0
6.980953071E1,6.885950855E-1,1.380323548E0,2.582449105E0
6.982953071E1,2.309423969E-1,1.052689437E0,2.658392158E0
6.984953071E1,2.010807762E-1,2.863600776E-1,2.571710694E0
6.986953071E1,4.423932465E-1,3.053825319E-1,2.083349488E0
6.988953071E1,4.859345013E-1,9.571561655E-1,1.719373763E0
6.990953071E1,2.851484614E-1,1.055538493E0,1.267225533E0
6.992953071E1,-4.261395950E-2,7.865469843E-2,1.311022933E0
6.994953071E1,-4.090329809E-1,-2.945257142E-1,9.546877635E-1
6.996953071E1,3.496675160E-1,1.296362793E-1,1.310775595E0
6.998953071E1,2.617694660E-1,7.829781362E-1,8.467008001E-1
7.000953071E1,-1.463061064E-2,8.407252380E-1,-3.511252999E-3
7.002953071E1,-3.080251079E-1,3.472725695E-1,-8.953665912E-2
7.004953071E1,-2.806505638E-1,-4.326334396E-1,1.782026678E-1
7.006953071E1,-3.213961187E-1,-4.494912547E-1,7.287905270E-1
7.008953071E1,-2.625175076E-1,7.291972008E-1,5.309219187E-1
7.010953071E1,-1.063611268E-1,1.312789084E0,5.186363339E-2
7.012953071E1,2.204565302E-1,2.153450587E-1,1.882820982E-1
7.014953071E1,3.165035706E-2,-6.589966992E-1,5.009578621E-1
7.016953071E1,-2.141162116E-1,-1.609136206E-1,9.257726973E-1
7.018953071E1,-4.952079295E-1,8.988828143E-1,2.340412384E-1
7.020953071E1,-6.915344077E-1,1.122357549E0,-1.345859474E-1
7.022953071E1,7.443897929E-2,3.450212453E-1,-7.813049555E-3
7.024953071E1,4.246820303E-1,-9.256170152E-1,2.141279608E-1
7.026953071E1,4.671967333E-1,-1.659946610E0,-5.334882617E-2
7.028953071E1,4.902938930E-1,-7.007140978E-1,-2.885957605E-1
7.030953071E1,1.053409229E0,2.802683021E-1,2.958772981E-1
7.032953071E1,1.049806175E0,-4.574715346E-2,1.483417561E0
7.034953071E1,1.715281443E-1,-5.702660787E-1,1.505200194E0
7.036953071E1,4.921964308E-1,-9.091426313E-2,6.633631074E-1
7.038953071E1,2.988847769E-1,7.449902380E-1,-4.223566657E-1
7.040953071E1,2.742066398E-1,2.724828807E-1,-1.153710027E0
7.042953071E1,2.474983129E-1,-8.598201978E-1,2.274087417E-1
7.044953071E1,-3.293318867E-1,-1.086800923E0,6.950363052E-1
7.046953071E1,-7.856599617E-1,1.817840874E-2,7.009408236E-2
7.048953071E1,-6.031542548E-1,9.849219614E-1,-1.042080833E0
7.050953071E1,-5.656442567E-1,9.995522797E-1,-2.184382943E0
7.052953071E1,2.939548067E-1,-8.337439549E-1,-2.185797969E0
7.054953071E1,2.393572345E-2,-2.510786507E0,-2.043006039E0
7.056953071E1,-3.354997125E-1,-1.908448451E0,-2.432129470E0
7.058953071E1,-6.050338423E-1,4.483700511E-1,-3.651173946E0
7.060953071E1,-3.427805192E-1,1.330942057E0,-4.549220901E0
7.062953071E1,-4.243441343E-1,2.667178184E-2,-5.201652639E0
7.064953071E1,-1.109738015E0,-1.598918489E0,-4.261307511E0
7.066953071E1,-6.326821091E-1,-1.428497296E0,-2.936012110E0
7.068953071E1,-3.635818427E-1,3.447408713E-1,-2.642238055E0
7.070953071E1,-8.023403869E-1,5.393607666E-1,-1.990211529E0
7.072953071E1,-4.831580606E-1,-2.118096129E0,-9.385962260E-1
7.074953071E1,-4.214328787E-1,-2.802381012E0,-3.661871427E-1
7.076953071E1,1.049059924E-1,-1.593813431E0,-1.854385972E-1
7.078953071E1,5.461986467E-1,-8.823843107E-2,-5.715664995E-1
7.080953071E1,-2.332313260E-1,2.649545905E-1,-2.085766143E-1
7.082953071E1,-7.505716977E-1,-7.190160289E-2,-1.347449917E-1
7.084953071E1,-5.606543525E-1,1.335850503E-1,-5.035972953E-2
7.086953071E1,1.226643518E-1,5.934326009E-1,1.098335141E-1
7.088953071E1,6.183027095E-1,5.474328478E-1,-3.108011466E-1
7.090953071E1,-2.798455484E-2,-7.248588592E-2,-2.618663836E-1
7.092953071E1,-1.594825146E-1,-8.100951836E-1,8.261063218E-2
7.094953071E1,-5.310164244E-1,-8.762039499E-1,2.227555275E-1
7.096953071E1,-7.183012799E-1,-6.677398945E-1,1.668403584E-1
7.098953071E1,-4.210271551E-1,-7.426305941E-1,-2.771030581E-1
7.100953071E1,-1.406071908E-1,-5.396165822E-1,-2.817878473E-1
7.102953071E1,1.758272365E-2,-1.443842728E-1,-5.724131763E-2
7.104953071E1,4.147376706E-1,-3.188837528E-2,1.465528589E-1
7.106953071E1,3.878013754E-1,2.224883097E-1,3.396355212E-1
7.108953071E1,2.575031912E-1,3.721953030E-1,3.488618428E-1
7.110953071E1,1.536959638E-1,8.206859529E-3,1.737780797E-1
7.112953071E1,8.338261083E-2,-3.505325384E-1,3.563059330E-2
7.114953071E1,7.289555646E-2,-1.616968551E-1,1.262951803E-1
7.116953071E1,-8.101931244E-2,1.279935041E-1,-1.341532534E-1
7.118953071E1,-5.291192222E-1,1.511610496E-1,-4.563605636E-1
7.120953071E1,-7.327282613E-1,-8.057039246E-2,-3.377924788E-1
7.122953071E1,-3.735430131E-1,-2.243255049E-1,-6.595951617E-2
7.124953071E1,-1.523455493E-2,-2.921132992E-1,4.978085518E-2
7.126953071E1,2.724890202E-1,-5.471260151E-1,-2.397691709E-1
7.128953071E1,4.575040597E-1,-7.328463019E-1,-5.107338220E-1
7.130953071E1,-8.267962933E-3,-6.495973000E-1,-6.102271199E-1
7.132953071E1,-4.637070054E-1,-3.908281866E-1,-7.053730130E-1
7.134953071E1,-6.028053953E-1,-3.562120852E-1,-8.401577657E-1
7.136953071E1,-7.158032763E-1,-6.268672724E-1,-1.117001792E0
7.138953071E1,-5.054156332E-1,-6.223926906E-1,-9.930419898E-1
7.140953071E1,-4.517652369E-1,-1.751140223E-1,-8.899017835E-1
7.142953071E1,-4.557145925E-1,-2.235023631E-1,-9.549643368E-1
7.144953071E1,-5.475842907E-1,-8.086380574E-1,-1.900709369E0
7.146953071E1,-5.844936700E-1,-1.188606795E0,-2.207225676E0
7.148953071E1,-3.243771388E-1,-6.153583440E-1,-2.446201964E0
7.150953071E1,5.634771690E-2,2.356531696E-1,-2.173428769E0
7.152953071E1,-4.232762866E-2,5.017077675E-1,-2.625253063E0
7.154953071E1,-3.207067685E-1,-1.438181162E-1,-3.303199711E0
7.156953071E1,-1.244006824E-1,-9.327963728E-1,-3.128486077E0
7.158953071E1,2.205907421E-1,-9.186943504E-1,-2.748847999E0
7.160953071E1,2.819399480E-1,-1.556683758E-1,-2.663955199E0
7.162953071E1,2.691128379E-1,4.771516545E-1,-2.443780047E0
7.164953071E1,-3.660752416E-1,2.474296081E-1,-2.390877948E0
7.166953071E1,-6.176063792E-1,-5.952459687E-1,-2.083457662E0
7.168953071E1,-1.382512014E-1,-1.062096437E0,-1.658597218E0
7.170953071E1,4.227971072E-1,-6.928453535E-1,-2.090129335E0
7.172953071E1,6.270714133E-1,1.056211799E-2,-1.397653525E0
7.174953071E1,5.905399834E-1,3.952469274E-1,-6.690980566E-1
7.176953071E1,3.286778390E-1,2.381939310E-1,-1.911010408E-1
7.178953071E1,2.432038254E-1,1.818156624E-1,-8.028536993E-1
7.180953071E1,6.449923253E-1,-6.093675792E-2,-1.506096572E-1
7.182953071E1,1.167740641E0,-4.855539572E-1,6.061270523E-1
7.184953071E1,8.707117333E-1,-7.574103087E-1,-2.452731550E-2
7.186953071E1,-1.906671409E-1,-1.846591634E-1,-1.400871248E0
7.188953071E1,-4.683965454E-1,1.035584577E0,-4.712358803E-1
7.190953071E1,-6.383175825E-1,5.360584053E-1,9.582826316E-2
7.192953071E1,-7.694948224E-1,-9.650200859E-1,-1.216337800E-1
7.194953071E1,-2.881208204E-2,-7.846270511E-1,-2.360994583E-1
7.196953071E1,2.547635880E-1,1.375963571E0,2.970601898E-1
7.198953071E1,5.651180439E-1,1.812424598E0,1.259321852E0
7.200953071E1,6.202143835E-1,3.477046788E-3,5.314955306E-1
7.202953071E1,5.423340757E-1,-1.422282875E0,2.273935390E-1
7.204953071E1,6.446267281E-1,-6.695266575E-2,9.676504558E-1
7.206953071E1,1.253458264E0,2.570141886E0,8.944883394E-1
7.208953071E1,1.000474166E0,2.668066376E0,1.088357452E0
7.210953071E1,5.791227101E-1,-1.228149176E-1,1.396256041E0
7.212953071E1,-9.581289230E-1,-9.821606138E-1,1.734252003E0
7.214953071E1,-3.073447113E-1,1.665775260E0,2.567904741E0
7.216953071E1,4.365903235E-1,3.410104355E0,1.971157207E0
7.218953071E1,7.615018248E-1,1.494115919E0,2.220575454E0
7.220953071E1,5.036252157E-1,-6.978847763E-1,3.153009299E0
7.222953071E1,-6.001370184E-2,7.128399074E-2,2.102404979E0
7.224953071E1,-5.269496128E-2,1.359645162E0,1.264863258E0
7.226953071E1,-3.632819902E-1,9.448612252E-1,2.316556914E0
7.228953071E1,-4.007771144E-1,-1.707717338E-1,3.156644513E0
7.230953071E1,-3.395663048E-1,-7.973149243E-1,3.128875501E0
7.232953071E1,2.375910830E-1,4.714583668E-1,2.561966894E0
7.234953071E1,4.816306948E-1,2.305393117E0,3.335990312E0
7.236953071E1,7.364519144E-1,1.839085563E0,4.617907559E0
7.238953071E1,8.760859823E-1,-7.872983515E-3,4.751960825E0
7.240953071E1,3.186247943E-1,5.102397323E-2,4.988928595E0
7.242953071E1,3.824448873E-1,1.487562360E0,4.837486879E0
7.244953071E1,5.563321638E-1,1.458656357E0,4.871292556E0
7.246953071E1,1.717897706E-1,3.258796540E-1,4.460815094E0
7.248953071E1,-8.471131749E-2,-2.534960943E-1,3.586485030E0
7.250953071E1,-2.566961293E-1,1.977139494E-1,3.062507849E0
7.252953071E1,-2.603832738E-1,1.132732264E0,3.180501738E0
7.254953071E1,-2.364400586E-1,1.099304609E0,3.297868220E0
7.256953071E1,-8.046404622E-2,1.159684128E0,2.569140843E0
7.258953071E1,-3.223803878E-2,1.505980797E0,1.876525285E0
7.260953071E1,-1.495073839E-1,1.338707744E0,1.500931141E0
7.262953071E1,-2.812690531E-1,7.504731721E-1,1.114428433E0
7.264953071E1,-4.209120746E-1,8.200585467E-1,5.424508739E-1
7.266953071E1,-1.958487241E-1,1.231140611E0,-9.238600731E-2
7.268953071E1,6.006577861E-2,6.299272665E-1,1.455716962E-1
7.270953071E1,6.580796365E-2,-6.815078947E-1,-1.472820067E-1
7.272953071E1,4.733803466E-1,-9.385392156E-1,-5.567660272E-2
7.274953071E1,3.160629098E-1,1.127563033E0,2.430418575E-1
7.276953071E1,2.775523435E-1,1.437839977E0,2.013974029E-1
7.278953071E1,1.650700407E-1,-2.964058864E-1,-4.745892584E-1
7.280953071E1,3.899559282E-2,-1.137247484E0,1.240533578E-1
7.282953071E1,3.667612662E-1,4.997489503E-1,4.891219282E-1
7.284953071E1,2.816510955E-1,1.725286759E0,-7.087527037E-2
7.286953071E1,7.303866707E-2,8.902967629E-1,-4.987177938E-1
7.288953071E1,-1.827713898E-1,-4.285862893E-2,1.829839361E-1
7.290953071E1,1.608108558E-2,-2.956416553E-1,5.987127829E-1
7.292953071E1,2.463994018E-1,-2.112213099E-1,5.370486313E-1
7.294953071E1,-1.986956969E-3,1.475663276E-1,3.040329945E-1
7.296953071E1,4.863341220E-2,3.433812475E-1,3.597920430E-1
7.298953071E1,8.268810779E-2,1.301036181E-1,4.895785958E-1
7.300953071E1,-5.029124402E-2,-2.059061909E-1,5.666875827E-1
7.302953071E1,1.538990083E-1,-4.343487203E-2,3.578010660E-1
7.304953071E1,4.990652646E-1,2.366439803E-1,3.339110970E-1
7.306953071E1,4.075966123E-1,9.650683254E-3,5.190900779E-1
7.308953071E1,4.965977396E-1,1.678865714E-1,6.423955768E-1
7.310953071E1,1.418745017E-1,4.742876883E-1,7.206868708E-2
7.312953071E1,1.505030917E-1,-1.389495783E-1,-4.267970413E-1
7.314953071E1,-1.442762455E-1,-5.925233589E-1,-5.295343745E-1
7.316953071E1,-2.293301368E-1,-6.422789249E-1,3.495407045E-2
7.318953071E1,-7.732416451E-2,-4.338449827E-1,2.407339615E-1
7.320953071E1,-2.860036898E-1,-3.170331091E-2,7.335565925E-2
7.322953071E1,-1.536583954E-1,-1.799729124E-1,-6.174560326E-1
7.324953071E1,3.374721976E-1,-1.011995886E0,-6.955263019E-1
7.326953071E1,3.256495661E-1,-8.726998597E-1,-5.865020424E-1
7.328953071E1,3.628407812E-1,-1.306987184E-1,-3.462668484E-1
7.330953071E1,-2.042198539E-2,4.686294839E-2,-7.816879481E-1
7.332953071E1,-5.511091384E-1,-2.758086307E-1,-1.849932148E0
7.334953071E1,-3.006499417E-1,-3.690836341E-1,-2.129641310E0
7.336953071E1,-7.452305585E-2,-1.487357707E-1,-1.477504272E0
7.338953071E1,-6.075901718E-1,-1.080258474E-1,-1.719842709E0
7.340953071E1,-6.277933252E-1,-5.556115676E-1,-2.904648814E0
7.342953071E1,-3.411318237E-1,-2.288628712E-1,-3.984034883E0
7.344953071E1,3.522655070E-2,8.451006364E-1,-4.105956346E0
7.346953071E1,5.114235011E-1,1.304639381E0,-3.898597122E0
7.348953071E1,1.986818828E-1,2.872047079E-1,-3.285680283E0
7.350953071E1,-8.027251337E-1,-6.556108689E-1,-3.075883940E0
7.352953071E1,-1.276131866E0,-2.155624838E-1,-2.660263267E0
7.354953071E1,-6.500269242E-1,7.147660533E-1,-2.293739909E0
7.356953071E1,4.691604842E-1,4.866449746E-1,-1.246480197E0
7.358953071E1,6.564981108E-1,-8.024725340E-1,-8.084144014E-1
7.360953071E1,1.334595544E-1,-1.777366740E0,-2.848073494E-1
7.362953071E1,-7.208970782E-1,-1.086530782E0,-2.877531767E-1
7.364953071E1,-5.369154610E-1,1.184397750E-1,1.168893492E-1
7.366953071E1,-9.887955956E-2,6.085148359E-1,7.859710336E-2
7.368953071E1,-2.358284399E-2,1.080547728E-1,2.430629075E-2
7.370953071E1,3.925969693E-1,-5.372791943E-1,9.359462678E-2
7.372953071E1,6.185601331E-1,-7.535065614E-2,3.023893422E-1
7.374953071E1,1.496091986E-1,4.906947561E-1,1.912583309E-1
7.376953071E1,-9.384196401E-3,-1.050273221E-1,5.319445968E-2
7.378953071E1,-3.474586572E-1,-8.801622225E-1,2.481850684E-1
7.380953071E1,-5.168086405E-1,-9.553118075E-1,-4.760218263E-2
7.382953071E1,-3.247964573E-1,-6.288415848E-1,-1.422645110E-1
7.384953071E1,-1.367475168E-1,-3.452280175E-1,-9.470559776E-2
7.386953071E1,-7.137637675E-2,-1.768337981E-1,-4.793488920E-2
7.388953071E1,1.094098833E-1,-2.661086116E-2,3.115221083E-2
7.390953071E1,2.785540447E-1,1.385888781E-1,3.239719999E-1
7.392953071E1,5.702440055E-1,1.608941055E-1,3.749369162E-1
7.394953071E1,5.439889839E-1,-3.221418945E-1,1.922979659E-1
7.396953071E1,1.643740028E-1,-5.107394865E-1,1.451237994E-1
7.398953071E1,-1.308484071E-1,-8.683159098E-2,1.288738024E-1
7.400953071E1,-3.583528970E-1,1.086988254E-1,-6.309145689E-2
7.402953071E1,-3.647442692E-1,-1.460014665E-1,-3.643832767E-1
7.404953071E1,-3.176407079E-1,-3.343389305E-1,-5.197473049E-2
7.406953071E1,2.943934210E-2,-3.130252082E-2,1.253917855E-1
7.408953071E1,2.031536141E-1,2.160071463E-1,1.023104864E-1
7.410953071E1,2.903665897E-1,7.870432667E-2,1.734798717E-1
7.412953071E1,1.379270464E-1,-1.234492674E-1,-1.058462977E-2
7.414953071E1,-1.151217359E-1,-2.622653098E-1,-9.002548635E-2
7.416953071E1,-6.566562049E-2,-3.655416832E-1,-1.483228111E-1
7.418953071E1,-1.319378896E-1,-4.958044917E-1,-2.112306654E-1
7.420953071E1,-3.520443361E-1,-6.393008649E-1,-4.321355492E-1
7.422953071E1,-3.298992493E-1,-8.197460861E-1,-6.683186227E-1
7.424953071E1,-2.016367733E-1,-7.261464161E-1,-5.932549918E-1
7.426953071E1,-1.711868130E-1,-8.512054950E-1,-8.079676741E-1
7.428953071E1,-1.697877936E-2,-1.303355186E0,-1.043054979E0
7.430953071E1,-1.814455336E-1,-9.521396931E-1,-1.740041331E0
7.432953071E1,-6.943151973E-2,-1.622615500E-1,-2.037312605E0
7.434953071E1,-2.383123371E-1,1.822979115E-1,-2.325233597E0
7.436953071E1,-6.184080324E-1,3.486365788E-2,-2.871542464E0
7.438953071E1,-9.784317713E-1,1.514525333E-1,-3.182307358E0
7.440953071E1,-8.112587795E-1,5.108706468E-1,-2.791765977E0
7.442953071E1,-7.426696973E-1,3.696096642E-1,-2.835268092E0
7.444953071E1,-8.043097291E-1,-4.923547076E-1,-3.342066738E0
7.446953071E1,-7.067881123E-1,-7.227157085E-1,-3.556537346E0
7.448953071E1,-8.998830537E-1,3.127178639E-2,-3.150352324E0
7.450953071E1,-2.707507161E-1,7.591469318E-1,-2.676623776E0
7.452953071E1,3.327352951E-1,6.612589869E-1,-2.427822411E0
7.454953071E1,-2.686298579E-1,1.367535102E-1,-2.150973122E0
7.456953071E1,-5.449510702E-1,-1.092248189E-1,-1.764396154E0
7.458953071E1,1.183330268E-3,1.362638059E-1,-1.527483348E0
7.460953071E1,8.932519457E-1,3.557998565E-1,-1.757142683E0
7.462953071E1,6.720202026E-1,-1.341864364E-1,-1.142735388E0
7.464953071E1,3.227547558E-1,-1.041932460E0,-7.313305575E-1
7.466953071E1,-9.524778083E-2,-1.696689051E0,-9.647788882E-1
7.468953071E1,-2.272662158E-1,-1.345509518E0,-1.180770941E0
7.470953071E1,8.879819964E-1,-7.633437708E-2,1.199971443E-1
7.472953071E1,1.213861212E0,-2.748716144E-1,4.760171485E-1
7.474953071E1,9.242616306E-1,-1.790047596E-1,5.523677516E-1
7.476953071E1,5.054727897E-1,8.109319201E-1,2.149225974E-1
7.478953071E1,-2.947712973E-1,7.696450227E-1,-5.096012163E-1
7.480953071E1,-4.139558248E-1,1.107471415E-1,1.019086658E0
7.482953071E1,-3.685056368E-1,7.546302500E-1,1.450429325E0
7.484953071E1,2.575990856E-3,7.176831561E-1,1.216419076E0
7.486953071E1,-2.709570497E-2,4.025039068E-1,6.336715311E-1
7.488953071E1,1.076694596E0,9.317859739E-1,1.413940360E0
7.490953071E1,-2.563223460E-1,9.679340458E-1,1.087966273E0
7.492953071E1,1.115582234E-1,1.766999334E-1,4.777485090E-1
7.494953071E1,4.747371199E-1,4.007631907E-1,2.516022397E0
7.496953071E1,8.208028972E-2,-1.662600222E-1,7.986144680E-1
7.498953071E1,2.210858551E-1,-8.761888933E-1,1.724297118E-1
7.500953071E1,5.695829047E-1,4.361549252E-1,8.739260209E-1
7.502953071E1,1.026657559E0,2.621505875E0,1.125579073E0
7.504953071E1,3.054132298E-2,2.287757623E0,1.452697459E0
7.506953071E1,-8.041793362E-1,6.027795213E-1,1.282614235E0
7.508953071E1,2.693585671E-2,7.838832852E-1,2.354233448E0
7.510953071E1,1.357460642E0,1.328769817E0,2.041295144E0
7.512953071E1,6.665416539E-1,-1.818682873E-1,2.252708827E0
7.514953071E1,-1.783678517E-2,-1.079491904E0,2.847207522E0
7.516953071E1,-8.930773332E-1,-8.954309106E-2,2.219088507E0
7.518953071E1,-6.067174018E-1,8.153459832E-1,2.515565144E0
7.520953071E1,3.180499399E-1,1.395368726E0,3.166860768E0
7.522953071E1,-3.898909510E-1,1.619692184E0,2.210553326E0
7.524953071E1,3.085643674E-1,5.442097163E-1,3.073929216E0
7.526953071E1,3.862530327E-1,-1.319775045E-2,3.582844554E0
7.528953071E1,2.427818757E-1,8.205964905E-1,3.476040482E0
7.530953071E1,5.788628744E-1,1.643347680E0,3.332077355E0
7.532953071E1,4.765431055E-1,1.289536754E0,3.487559497E0
7.534953071E1,8.451291416E-1,-1.603709990E-1,3.867550746E0
7.536953071E1,7.379258513E-1,2.244073659E-2,3.241208700E0
7.538953071E1,7.170781886E-1,1.253891835E0,3.837150487E0
7.540953071E1,5.236617234E-1,1.967848853E0,3.356992925E0
7.542953071E1,2.332869476E-1,1.216492459E0,2.922594504E0
7.544953071E1,-2.819214562E-1,4.715074834E-1,2.854253417E0
7.546953071E1,-3.828610629E-2,9.000282839E-1,2.813952067E0
7.548953071E1,5.461189784E-2,1.363170741E0,2.780301341E0
7.550953071E1,-4.141328858E-1,5.542023155E-1,2.111118500E0
7.552953071E1,-2.755992273E-1,-1.866884395E-1,1.289354905E0
7.554953071E1,-5.922206193E-3,-2.777772421E-1,1.266067784E0
7.556953071E1,-5.027514590E-2,-3.605685532E-2,8.627823973E-1
7.558953071E1,1.480522129E-1,3.975346506E-1,2.644596237E-1
7.560953071E1,1.526825134E-1,9.274993801E-1,-2.314181775E-1
7.562953071E1,-1.410146686E-1,2.983451155E-1,-2.265755135E-1
7.564953071E1,4.315208606E-3,-5.951325327E-2,1.933457869E-1
7.566953071E1,4.115337619E-1,8.424276549E-1,5.365182889E-1
7.568953071E1,1.044976959E0,1.515752371E0,8.607130677E-1
7.570953071E1,1.055374186E0,1.114812595E0,3.685336304E-1
7.572953071E1,3.190648703E-1,-2.233367407E-1,7.492095888E-2
7.574953071E1,-2.312956052E-1,-2.726112270E-1,5.180165291E-2
7.576953071E1,-2.621007838E-1,1.269610320E0,3.339847720E-1
7.578953071E1,-3.401190128E-2,1.724595911E0,6.573416448E-1
7.580953071E1,-4.905499645E-2,5.104736209E-2,2.759113955E-1
7.582953071E1,-2.763675515E-1,-7.112325078E-1,1.053785205E-2
7.584953071E1,3.176708941E-1,7.941284841E-1,5.296799701E-1
7.586953071E1,2.699026506E-1,1.696748546E0,3.895204568E-1
7.588953071E1,5.356173791E-2,1.441411749E-1,8.605148470E-1
7.590953071E1,-3.281762210E-1,-1.007948881E0,4.627983481E-1
7.592953071E1,-4.048682284E-1,1.605548939E-1,5.835462749E-1
7.594953071E1,3.985433684E-1,1.533037325E0,4.851241869E-1
7.596953071E1,2.362700509E-1,3.974513277E-1,5.114512753E-1
7.598953071E1,-1.743754459E-1,-1.197640451E0,4.232740939E-2
7.600953071E1,-4.280769968E-1,-8.971321580E-1,-1.688465381E-1
7.602953071E1,5.808521703E-2,8.027847022E-1,4.806621766E-1
7.604953071E1,6.740996917E-1,1.685222807E0,1.254472171E0
7.606953071E1,7.475665212E-4,6.481375426E-2,9.151079607E-1
7.608953071E1,9.541530356E-2,-9.473182252E-1,2.371519572E-1
7.610953071E1,8.851487280E-1,4.730546567E-1,5.055555278E-1
7.612953071E1,1.197827854E0,1.411738006E0,-2.293155187E-1
7.614953071E1,3.522000182E-1,-1.700458020E-1,-3.897069830E-1
7.616953071E1,-1.289732782E-1,-1.663203655E0,-3.755707544E-1
7.618953071E1,-6.896510927E-1,-3.644803405E-1,-1.195780744E0
7.620953071E1,-5.910015479E-1,8.555742422E-1,-1.224264870E0
7.622953071E1,-4.404467084E-1,3.419802547E-1,-1.380605384E0
7.624953071E1,-1.043376869E0,-7.078379068E-1,-1.287690788E0
7.626953071E1,-1.373504817E0,-1.041768884E0,-2.512798827E0
7.628953071E1,-4.050357512E-1,-5.619834977E-1,-2.878271440E0
7.630953071E1,3.397919342E-2,-1.644105479E-1,-3.257145871E0
7.632953071E1,1.144934526E-1,-2.778456545E-1,-3.444719871E0
7.634953071E1,-2.557633522E-1,-6.021135235E-1,-3.594105121E0
7.636953071E1,-4.837057985E-1,-7.302114004E-1,-3.354721282E0
7.638953071E1,-5.362135027E-1,-6.446821305E-1,-3.164953406E0
7.640953071E1,-6.375295971E-1,-6.862771761E-1,-2.885350664E0
7.642953071E1,-5.633210483E-1,-9.901698375E-1,-1.774633459E0
7.644953071E1,-5.858182105E-1,-1.029307298E0,-9.226204634E-1
7.646953071E1,-5.869439457E-1,-1.293133084E0,-1.076174778E0
7.648953071E1,-3.172938949E-1,-1.658494161E0,-9.847290033E-1
7.650953071E1,7.922421724E-2,-1.526762094E0,-4.449982542E-1
7.652953071E1,1.566789208E-1,-9.242189460E-1,-4.273098421E-1
7.654953071E1,1.364358602E-1,-5.517650498E-1,-3.569257379E-1
7.656953071E1,-2.474929042E-2,-3.296135397E-1,-5.524741709E-1
7.658953071E1,-3.817546966E-1,4.839448035E-3,-4.914754325E-1
7.660953071E1,1.490822913E-1,4.514664441E-2,-1.502892298E-1
7.662953071E1,-3.887667507E-4,-5.356700040E-1,-1.165847093E-1
7.664953071E1,-5.852649909E-1,-1.012683080E0,1.481310225E-1
7.666953071E1,-6.128255495E-1,-4.590760106E-1,1.288843274E-2
7.668953071E1,-4.309468102E-1,1.598666766E-1,-1.770963746E-1
7.670953071E1,-2.427756630E-1,-5.178712258E-1,5.003579378E-2
7.672953071E1,1.263712672E-1,-1.086056573E0,1.358717501E-1
7.674953071E1,1.244338654E-1,-7.538987634E-1,2.512782454E-1
7.676953071E1,-1.671324268E-2,-1.363409892E-1,-7.532675564E-2
7.678953071E1,2.152121808E-1,-9.559802905E-2,1.240194440E-1
7.680953071E1,9.756459385E-2,-2.495002533E-1,3.119384301E-1
7.682953071E1,2.072321932E-1,-1.646678254E-2,2.851833254E-1
7.684953071E1,1.549167162E-1,2.469809805E-1,3.730769169E-1
7.686953071E1,8.191408262E-2,6.554158643E-2,1.427480757E-1
7.688953071E1,1.386368984E-1,-3.432871073E-1,-1.400291204E-2
7.690953071E1,-8.341491669E-3,-2.565318225E-1,9.596918106E-2
7.692953071E1,-9.331527606E-2,2.372528216E-1,1.702311587E-1
7.694953071E1,-8.292228878E-2,3.428837956E-1,1.135581905E-1
7.696953071E1,-1.200823675E-1,-2.510266690E-1,1.911285228E-1
7.698953071E1,-1.475321214E-1,-7.571729118E-1,9.391914725E-2
7.700953071E1,3.632597342E-2,-5.797017306E-1,-4.210521519E-2
7.702953071E1,7.186491162E-2,-1.362328157E-2,7.762354195E-2
7.704953071E1,-3.119613804E-1,1.560917142E-1,-9.638433337E-2
7.706953071E1,-2.508740567E-1,-2.223682956E-1,5.683844447E-2
7.708953071E1,-1.395929182E-1,-4.524025834E-1,-5.082224429E-2
7.710953071E1,4.490734711E-2,-8.788730577E-2,2.596304083E-1
7.712953071E1,6.763708234E-2,1.853605369E-1,2.376635885E-1
7.714953071E1,-3.404365897E-1,-1.605835453E-1,-6.063270271E-2
7.716953071E1,-3.666997974E-1,-2.924660325E-1,8.184581637E-2
7.718953071E1,-4.607543807E-1,2.778105712E-1,4.711353081E-1
7.720953071E1,-5.214653631E-1,5.536316273E-1,2.866194016E-1
7.722953071E1,-5.671463699E-1,2.369481817E-1,3.531595463E-1
7.724953071E1,-6.635279258E-1,-2.228929371E-1,3.392063355E-1
7.726953071E1,-2.078777258E-1,-2.695926020E-1,1.057761312E-3
7.728953071E1,1.165306225E-2,2.630048364E-2,3.066525471E-1
7.730953071E1,1.219337422E-1,-2.931296915E-2,2.764592797E-1
7.732953071E1,1.274991220E-1,-5.557339936E-2,9.312217176E-2
7.734953071E1,8.558043301E-2,1.582578152E-2,2.521962583E-2
7.736953071E1,-1.507226546E-1,-2.449851796E-1,-1.862542838E-1
7.738953071E1,-1.849016766E-1,-5.852785125E-1,-3.079523832E-1
7.740953071E1,-7.325099409E-2,-7.792204231E-1,-4.452964622E-1
7.742953071E1,1.141186461E-2,-7.793411681E-1,-3.924019647E-1
7.744953071E1,1.695268616E-2,-8.214528152E-1,-7.477360904E-1
7.746953071E1,2.565859093E-1,-9.767925775E-1,-1.109993904E0
7.748953071E1,4.073170424E-1,-9.948534572E-1,-1.606262884E0
7.750953071E1,4.718166550E-1,-8.958799767E-1,-1.859463109E0
7.752953071E1,6.153179982E-1,-7.716596809E-1,-2.206435132E0
7.754953071E1,6.822529031E-1,-4.990256497E-1,-2.736944822E0
7.756953071E1,6.128054497E-1,-2.383579454E-1,-3.272551530E0
7.758953071E1,7.545413724E-1,-1.186704111E-1,-3.145541820E0
7.760953071E1,2.362810144E-1,-3.228364706E-1,-2.751379259E0
7.762953071E1,-9.830850586E-3,-1.040879815E0,-3.139668292E0
7.764953071E1,-4.545830101E-2,-1.347874424E0,-2.920074354E0
7.766953071E1,-3.035208515E-1,-4.470857102E-1,-3.130876418E0
7.768953071E1,2.109337731E-1,2.209119004E-1,-2.524915427E0
7.770953071E1,2.433141550E-1,5.825931787E-2,-2.734772581E0
7.772953071E1,2.401119639E-1,-5.668466270E-1,-2.467961792E0
7.774953071E1,3.001227787E-1,-8.196644443E-1,-2.218834153E0
7.776953071E1,1.942678563E-1,-9.143837830E-1,-1.724112346E0
7.778953071E1,-1.043881301E-1,-1.201295838E0,-2.052032971E0
7.780953071E1,-3.981314320E-3,-1.232942431E0,-2.492261651E0
7.782953071E1,2.701578633E-1,-5.494309875E-1,-1.937122319E0
7.784953071E1,-2.324634038E-1,9.420186013E-2,-1.740241306E0
7.786953071E1,-3.054678647E-2,-3.314204755E-1,-5.868505365E-1
7.788953071E1,-2.753256507E-1,-5.351705056E-1,-2.318415159E-1
7.790953071E1,4.642957104E-1,6.265981543E-1,1.248064792E-1
7.792953071E1,1.029288003E0,1.863736255E0,7.772768086E-1
7.794953071E1,8.289816901E-1,1.389284990E0,1.211367667E0
7.796953071E1,-1.434678497E-1,2.954238465E-1,1.091329007E0
7.798953071E1,-5.804270777E-1,5.420216882E-1,1.883358926E-1
7.800953071E1,-2.982911384E-1,1.316137784E0,1.376488359E0
7.802953071E1,-7.819964618E-1,1.185368315E0,6.964220953E-1
7.804953071E1,-5.986148785E-1,-4.356020710E-1,9.161008179E-1
7.806953071E1,-2.573696554E-1,-1.309878340E0,7.456492192E-1
7.808953071E1,-7.564169216E-2,-1.732904220E-1,1.844152175E0
7.810953071E1,7.136996674E-1,1.911777271E0,1.605143727E0
7.812953071E1,1.951166527E-2,2.545918333E0,1.732329438E0
7.814953071E1,-6.672796456E-1,7.689743471E-1,1.431256889E0
7.816953071E1,-9.818165052E-1,-6.508038729E-2,1.616693147E0
7.818953071E1,-2.004832273E-1,1.005767285E0,2.029552181E0
7.820953071E1,2.311756642E-1,1.087556384E0,1.702891631E0
7.822953071E1,-4.138361031E-1,1.016558906E-1,2.099172054E0
7.824953071E1,-1.113694972E0,-9.850804210E-3,2.396869590E0
7.826953071E1,-9.573863266E-1,1.560223078E0,2.471909248E0
7.828953071E1,-1.177042866E-1,1.589679888E0,3.385421503E0
7.830953071E1,-1.854651472E-1,1.008778601E0,3.270310292E0
7.832953071E1,7.097074443E-2,5.947036394E-1,3.292965329E0
7.834953071E1,3.048274849E-1,1.931133601E-1,3.064446786E0
7.836953071E1,-2.910607639E-1,9.742943546E-1,2.845791911E0
7.838953071E1,-2.374822700E-1,2.124613289E0,3.753214876E0
7.840953071E1,-4.449165393E-1,1.911538120E0,3.876536162E0
7.842953071E1,4.751904253E-3,-8.284335136E-3,3.627452962E0
7.844953071E1,1.388970812E-1,-9.091028702E-1,4.126836169E0
7.846953071E1,8.680507386E-1,3.022732750E-1,4.386168954E0
7.848953071E1,1.224737691E0,1.199791642E0,4.023370273E0
7.850953071E1,6.926124881E-1,4.566687119E-1,3.187964539E0
7.852953071E1,-1.173072059E-1,1.357542211E-1,2.460701889E0
7.854953071E1,-6.589179353E-3,5.294981217E-1,2.848078757E0
7.856953071E1,1.910741071E-1,8.007144955E-1,2.741089913E0
7.858953071E1,4.174233699E-1,1.214808753E0,2.541912113E0
7.860953071E1,6.322074614E-1,1.416123126E0,2.657606292E0
7.862953071E1,5.883955536E-1,1.882840570E0,2.133748394E0
7.864953071E1,5.993455978E-1,1.227999195E0,2.285414059E0
7.866953071E1,-4.782889380E-1,5.722237265E-1,1.624288681E0
7.868953071E1,-1.429123094E-1,1.428484139E0,1.223904097E0
7.870953071E1,-4.328453646E-1,1.150203452E0,5.632821643E-1
7.872953071E1,-4.166130554E-1,-7.192221433E-2,-1.357606530E-1
7.874953071E1,8.200259484E-2,-2.304033932E-1,-6.935324013E-2
7.876953071E1,6.945106405E-1,5.919516474E-1,8.991614342E-2
7.878953071E1,4.725025333E-1,8.253356588E-1,-7.110272706E-2
7.880953071E1,4.139022497E-1,5.279170346E-1,-2.009226090E-1
7.882953071E1,2.086554786E-1,2.708181784E-1,-3.040733403E-1
7.884953071E1,1.649132988E-1,-5.045003977E-1,-1.587782174E-1
7.886953071E1,-4.833364007E-1,-1.054975113E0,-4.491714120E-1
7.888953071E1,-5.501219822E-1,-9.685173056E-1,-1.087377459E-1
7.890953071E1,-7.019605780E-1,-1.220764142E-1,-1.403776145E-1
7.892953071E1,-4.588158095E-1,-1.661288984E-1,-7.019290030E-2
7.894953071E1,-2.427194566E-1,-5.267655717E-1,-7.077645242E-2
7.896953071E1,1.686195199E-1,3.046482678E-1,1.000838667E-1
7.898953071E1,3.776256122E-1,1.433783471E0,5.084095538E-2
7.900953071E1,8.394620202E-1,1.042619654E0,-3.701872230E-3
7.902953071E1,2.498395380E-1,-7.238380815E-1,-7.755746841E-2
7.904953071E1,2.181778885E-2,-1.554419570E0,1.179827785E-1
7.906953071E1,8.943506375E-2,2.171582803E-1,6.598998016E-1
7.908953071E1,2.583112764E-1,2.136074855E0,9.170392960E-1
7.910953071E1,3.470799038E-1,1.468977570E0,7.741888940E-2
7.912953071E1,2.731157687E-1,-9.527356705E-1,-9.094116032E-2
7.914953071E1,2.529521571E-1,-1.682263678E0,-1.644049931E-1
7.916953071E1,3.866631418E-1,-6.530638218E-2,-2.032942396E-1
7.918953071E1,-1.169511835E-1,1.668084033E0,-1.301186746E-1
7.920953071E1,-1.021885720E0,1.324602799E0,-4.980582279E-1
7.922953071E1,-8.253582437E-1,-8.557490739E-1,5.366106749E-2
7.924953071E1,-6.650508332E-1,-1.928425171E0,3.866067892E-1
7.926953071E1,4.002055125E-1,-1.204707396E0,5.485629684E-1
7.928953071E1,1.183814417E0,-1.565387338E-2,9.836770892E-2
7.930953071E1,1.016924504E0,-4.560185015E-2,-1.460681248E-1
7.932953071E1,4.672094876E-1,-9.231977297E-1,-6.832524115E-1
7.934953071E1,-1.076779380E-2,-1.381118331E0,-1.037801256E0
7.936953071E1,-9.927841276E-2,-7.060939747E-1,-9.971987754E-1
7.938953071E1,5.944761828E-2,1.228748515E-2,-4.009254509E-1
7.940953071E1,-1.563998625E-2,5.635619536E-2,-1.311518192E0
7.942953071E1,1.075710802E-1,-7.320063494E-1,-2.490609228E0
7.944953071E1,1.557055056E-1,-1.245337358E0,-3.457517672E0
7.946953071E1,-3.252905470E-1,-9.262096305E-1,-3.344835395E0
7.948953071E1,-1.188658397E0,3.140348031E-1,-3.584048495E0
7.950953071E1,-2.353325375E0,1.151248642E0,-4.088376693E0
7.952953071E1,-1.960919025E0,4.413387743E-1,-3.867491689E0
7.954953071E1,-7.470633683E-1,-1.140576450E0,-3.443570309E0
7.956953071E1,3.455046639E-1,-2.264739912E0,-2.239943186E0
7.958953071E1,2.632441337E-1,-2.251102305E0,-1.111560373E0
7.960953071E1,-3.505468641E-1,-1.002873791E0,-4.529563147E-1
7.962953071E1,-8.469418515E-1,1.269882216E-1,-1.532268709E-1
7.964953071E1,-6.869552339E-1,2.264793268E-1,-4.662914747E-1
7.966953071E1,1.984963068E-1,-6.898964565E-1,-1.232329935E-1
7.968953071E1,1.046483348E0,-1.183790736E0,1.772466481E-1
7.970953071E1,9.578253794E-1,-4.831682932E-1,6.517131150E-2
7.972953071E1,6.052542092E-1,5.991387525E-1,-4.142693818E-2
7.974953071E1,4.560750002E-1,1.084033144E0,-2.238425249E-1
7.976953071E1,3.677135584E-1,8.963272887E-1,2.212527931E-2
7.978953071E1,-2.132027851E-1,3.044933166E-1,-8.430690944E-2
7.980953071E1,-3.236446289E-1,-2.672051838E-1,-2.199628973E-1
7.982953071E1,-4.206112719E-1,-2.886651962E-1,-1.799808061E-1
7.984953071E1,-5.123857335E-1,-1.839145204E-1,1.614123881E-1
7.986953071E1,-6.430710033E-1,-4.488995165E-1,2.489142162E-1
7.988953071E1,-4.141472480E-1,-5.298412071E-1,2.621306777E-1
7.990953071E1,2.533203855E-1,-2.995929113E-1,3.265085220E-1
7.992953071E1,3.836528490E-1,-2.044892643E-1,2.724843425E-1
7.994953071E1,1.003162204E-1,-5.303297420E-1,4.669235587E-2
7.996953071E1,-6.628769115E-3,-3.862689663E-1,1.651019812E-2
7.998953071E1,8.985248186E-2,2.630834815E-1,7.158102930E-2
8.000953071E1,-2.240921279E-1,3.609414594E-1,-5.883000612E-2
8.002953071E1,-3.381408998E-1,-1.847052102E-1,2.395563322E-1
8.004953071E1,7.969433337E-2,-8.355922598E-1,1.292831075E-1
8.006953071E1,1.346059741E-1,-9.820118022E-1,3.049907684E-2
8.008953071E1,2.774044821E-1,-7.741302757E-1,-1.820828801E-1
8.010953071E1,-6.967805296E-2,-5.460220608E-1,-1.078249955E-1
8.012953071E1,-3.010356387E-1,-8.766411754E-1,-4.312017488E-1
8.014953071E1,-5.791298729E-1,-1.483232497E0,-6.687226653E-1
8.016953071E1,-5.008572169E-1,-1.356183610E0,-1.043397626E0
8.018953071E1,-3.199899729E-1,-5.625155944E-1,-1.402596762E0
8.020953071E1,-4.766221891E-1,-4.119407281E-1,-1.732376216E0
8.022953071E1,-1.017679379E0,-1.043483288E0,-2.155424023E0
8.024953071E1,-1.017344772E0,-1.586207665E0,-2.449075286E0
8.026953071E1,-5.271590162E-1,-1.533888826E0,-3.319131619E0
8.028953071E1,-1.487855086E-1,-9.827200462E-1,-3.357427958E0
8.030953071E1,-3.486955260E-1,-3.867376207E-1,-3.795614791E0
8.032953071E1,-8.289251183E-1,6.364928126E-2,-4.165766931E0
8.034953071E1,-1.212922368E0,5.183711627E-1,-4.132560008E0
8.036953071E1,-7.926865608E-1,8.382466033E-1,-4.013587296E0
8.038953071E1,4.062645435E-3,7.565472597E-1,-3.301666571E0
8.040953071E1,9.321737905E-1,3.193386662E-1,-2.154199616E0
8.042953071E1,1.062579052E0,-4.875352862E-1,-1.594682474E0
8.044953071E1,1.005904402E0,-1.080373372E0,-1.117328067E0
8.046953071E1,4.875684692E-1,-9.589813739E-1,-4.890061533E-1
8.048953071E1,7.428003095E-2,-1.374870434E-1,-1.071240313E0
8.050953071E1,-6.393711045E-3,4.485024905E-1,-1.402540044E0
8.052953071E1,-3.968310478E-1,5.333721945E-1,-1.273037081E0
8.054953071E1,-6.272201519E-1,3.166413456E-1,-1.477344643E0
8.056953071E1,-5.166804403E-1,-3.882998505E-1,-5.510234767E-1
8.058953071E1,-1.339231655E-3,-1.157025106E0,-1.102299553E-1
8.060953071E1,3.085470084E-1,-9.023323792E-1,1.440204298E-1
8.062953071E1,6.189144744E-1,-3.155967405E-1,-1.967903817E-1
8.064953071E1,8.982133812E-1,1.608302978E-1,-3.877288699E-2
8.066953071E1,6.381044514E-1,5.659812391E-1,2.544474363E-1
8.068953071E1,-5.866082425E-1,1.556857420E0,3.674057025E-1
8.070953071E1,-3.711600900E-1,1.554736050E0,4.185366797E-1
8.072953071E1,3.286185994E-1,7.276997289E-1,5.952529854E-1
8.074953071E1,1.317441421E0,-1.954595554E-1,1.328441203E0
8.076953071E1,1.153847291E0,-3.609915993E-1,1.237019987E0
8.078953071E1,1.030739135E0,2.080711225E-1,2.316087967E-1
8.080953071E1,7.916562814E-1,5.585687238E-1,8.149264455E-2
8.082953071E1,-2.349760620E-1,5.576477873E-1,9.059260780E-1
8.084953071E1,-1.023060864E0,5.194069970E-1,1.382833173E0
8.086953071E1,-5.315149726E-1,1.545837758E0,1.425785649E0
8.088953071E1,8.050647508E-1,2.270146101E0,2.398623755E0
8.090953071E1,1.334774176E0,1.601341575E0,2.383369539E0
8.092953071E1,1.233367523E0,2.342818514E-1,2.271621646E0
8.094953071E1,2.904033906E-1,3.267868495E-1,1.619250720E0
8.096953071E1,-7.186016075E-1,7.197697350E-1,1.680234255E0
8.098953071E1,-1.057004828E0,7.165897268E-1,2.095984152E0
8.100953071E1,-1.221521649E0,9.542097536E-1,3.038146595E0
8.102953071E1,-5.358697595E-1,1.391436181E0,2.681748860E0
8.104953071E1,-1.554993913E-4,1.326014024E0,2.912474728E0
8.106953071E1,9.203483815E-1,3.523906374E-1,2.621179892E0
8.108953071E1,1.210819783E0,3.253510657E-1,2.882987804E0
8.110953071E1,4.883531290E-1,1.125994225E0,2.511272703E0
8.112953071E1,-1.403691543E-1,8.281154251E-1,2.040014019E0
8.114953071E1,-5.882240840E-1,3.233136034E-1,1.797246981E0
8.116953071E1,-5.584984841E-1,2.291623217E-1,2.237984369E0
8.118953071E1,-1.784159450E-1,1.327563244E0,2.594904259E0
8.120953071E1,5.527038569E-1,1.853752134E0,2.973431951E0
8.122953071E1,5.308214563E-1,8.712020954E-1,2.966518203E0
8.124953071E1,8.098987902E-1,2.633603472E-1,4.162172062E0
8.126953071E1,5.724031995E-1,7.334969509E-1,3.492368832E0
8.128953071E1,5.253894295E-1,8.703565881E-1,2.819736133E0
8.130953071E1,-1.141597685E-1,6.279763430E-1,2.412231395E0
8.132953071E1,-2.500388550E-1,4.435905370E-1,2.525025939E0
8.134953071E1,-5.294014600E-1,9.301820827E-1,2.597089364E0
8.136953071E1,-5.686670845E-1,1.038112913E0,2.174647914E0
8.138953071E1,-3.579793696E-1,6.454937240E-1,2.056679168E0
8.140953071E1,7.220111281E-2,1.834037662E-1,1.518150607E0
8.142953071E1,9.482751951E-1,-3.175862557E-1,1.958656445E0
8.144953071E1,5.819997595E-1,9.764499307E-1,1.855239666E0
8.146953071E1,1.838728225E-2,2.293738739E0,1.403380873E0
8.148953071E1,-5.748821631E-1,1.926172239E0,1.004590825E0
8.150953071E1,-7.272959056E-1,4.310324720E-1,1.932639259E-1
8.152953071E1,-5.621686717E-1,-1.887510449E-1,9.756131941E-1
8.154953071E1,1.783500177E-1,6.926561961E-1,1.309370509E0
8.156953071E1,4.201309962E-1,1.372888521E0,3.019852996E-1
8.158953071E1,-2.904594325E-1,4.220865244E-1,-3.656228864E-1
8.160953071E1,-5.016794451E-1,-2.010623574E-1,-1.527912533E-1
8.162953071E1,-3.586808527E-1,7.922810563E-1,1.206136748E0
8.164953071E1,-1.327702590E-1,1.982816556E0,6.012218231E-1
8.166953071E1,-1.671846315E-1,1.104903026E0,-2.587556648E-1
8.168953071E1,1.076695144E-1,3.380509257E-2,-4.497678280E-3
8.170953071E1,2.656703080E-1,4.874469933E-1,6.580930120E-1
8.172953071E1,1.992928255E-1,1.266321261E0,4.402783817E-1
8.174953071E1,-2.583661306E-1,7.144949618E-1,-1.092523009E-1
8.176953071E1,-7.377155708E-1,-4.947320393E-1,8.785266101E-2
8.178953071E1,-7.154808389E-2,-3.811539683E-1,-2.475769579E-2
8.180953071E1,4.185632480E-1,3.098001033E-1,1.924803990E-1
8.182953071E1,7.177497413E-1,-1.302701175E-2,-6.061030787E-1
8.184953071E1,4.783694834E-1,-7.317547730E-1,-8.373709828E-1
8.186953071E1,3.986258872E-1,-5.328918457E-2,3.588512260E-1
8.188953071E1,-4.394298776E-1,1.546870668E0,9.650934684E-1
8.190953071E1,-4.693281531E-1,1.781337292E0,9.105664283E-1
8.192953071E1,-1.369183286E-1,7.578842255E-1,2.015143472E-1
8.194953071E1,8.956562477E-1,-6.748572716E-1,-3.725822425E-1
8.196953071E1,1.656350426E0,-1.565903648E0,-2.078404498E-1
8.198953071E1,4.129009140E-1,-1.139627593E0,-2.274028945E-1
8.200953071E1,-1.028061915E0,2.834969884E-1,-5.545388228E-1
8.202953071E1,-1.750952966E0,9.996756560E-1,-1.112481894E0
8.204953071E1,-8.076231270E-1,3.328460267E-1,-9.714254183E-1
8.206953071E1,3.743988993E-1,-4.409864795E-1,-8.438426811E-1
8.208953071E1,1.580220847E0,-6.316434243E-1,-8.524813575E-1
8.210953071E1,1.153377248E0,-3.571605036E-1,-1.082027256E0
8.212953071E1,-3.208546299E-1,-7.515309334E-2,-1.937611147E0
8.214953071E1,-9.575265136E-1,-1.431477329E-1,-2.637873108E0
8.216953071E1,-8.924288039E-1,-4.993975326E-1,-3.052350066E0
8.218953071E1,-2.038519909E-1,-6.188169721E-1,-3.348960021E0
8.220953071E1,5.443550196E-1,-3.161658208E-1,-3.364560977E0
8.222953071E1,6.174836607E-1,-1.485014436E-1,-3.412331559E0
8.224953071E1,-1.045993425E-1,-7.191657177E-1,-3.288155994E0
8.226953071E1,-5.579133971E-1,-1.367907570E0,-2.724848687E0
8.228953071E1,-3.968650713E-1,-1.356662790E0,-2.040500507E0
8.230953071E1,6.354611445E-2,-5.542606415E-1,-1.156687430E0
8.232953071E1,3.679482510E-1,9.129579395E-2,-1.432908728E0
8.234953071E1,4.638907907E-1,-7.903618540E-1,-1.516405798E0
8.236953071E1,2.595103211E-1,-1.894795495E0,-1.211981624E0
8.238953071E1,-4.870631967E-2,-1.890428063E0,-5.365247208E-1
8.240953071E1,-5.633254337E-1,-8.088393478E-1,-1.070999408E-1
8.242953071E1,-8.121903140E-1,2.474000797E-2,-1.440438187E-1
8.244953071E1,-1.007204385E0,8.372028753E-2,1.527760506E-2
8.246953071E1,-7.786818945E-1,-1.512225915E-1,2.193892854E-1
8.248953071E1,-4.261465386E-2,7.358384684E-2,3.002264571E-1
8.250953071E1,5.881856020E-1,6.843717147E-1,1.198410237E-1
8.252953071E1,5.825461087E-1,4.240330625E-1,-1.744522637E-1
8.254953071E1,-1.762523291E-1,-6.406393656E-1,-1.339158565E-1
8.256953071E1,-7.485409597E-1,-1.354922073E0,-6.899480581E-2
8.258953071E1,-6.680301357E-1,-1.400714251E0,-1.322377056E-1
8.260953071E1,-2.508717909E-1,-9.818561201E-1,-2.368180811E-2
8.262953071E1,9.935559601E-2,-4.381008786E-1,2.690040797E-1
8.264953071E1,3.549270865E-1,-1.613425139E-1,2.394136602E-1
8.266953071E1,2.817771030E-1,8.677677333E-2,3.216489011E-1
8.268953071E1,2.961495591E-1,2.578570940E-1,1.921944702E-1
8.270953071E1,5.143582917E-1,1.841603959E-1,1.028379053E-1
8.272953071E1,2.126552664E-1,-6.703540385E-3,1.769952178E-3
8.274953071E1,-2.703144407E-1,-7.821571872E-2,-2.449983358E-2
8.276953071E1,-4.132643916E-1,7.148221135E-5,1.581525654E-1
8.278953071E1,-4.281191698E-1,2.443609893E-2,-2.990383029E-2
8.280953071E1,-3.030144095E-1,-1.726540987E-1,-6.631327271E-3
8.282953071E1,9.260966331E-3,-4.606145592E-1,7.039813757E-2
8.284953071E1,3.188734471E-1,-7.108764124E-1,1.046827018E-1
8.286953071E1,2.267543652E-1,-6.195385185E-1,-1.481918335E-2
8.288953071E1,-1.289419225E-1,-2.872979710E-1,6.482983410E-2
8.290953071E1,-8.238485657E-2,-2.981714532E-1,3.124810517E-2
8.292953071E1,-4.467301995E-2,-6.600487594E-1,-1.860771132E-1
8.294953071E1,1.511411691E-1,-9.734010462E-1,-1.035471725E-1
8.296953071E1,1.808424664E-1,-9.255139580E-1,-1.342193270E-1
8.298953071E1,4.463045952E-1,-5.736140482E-1,-3.294046479E-1
8.300953071E1,2.751434369E-1,-4.035221994E-2,-3.979579890E-1
8.302953071E1,3.195042886E-2,-1.560494681E-1,-2.687655133E-1
8.304953071E1,-2.320002678E-1,-8.031593625E-1,-7.831351340E-2
8.306953071E1,-4.393453123E-1,-9.989848074E-1,-3.462797123E-1
8.308953071E1,-3.233141150E-1,-6.012574911E-1,-5.917762309E-1
8.310953071E1,-2.972799721E-1,-2.328541075E-1,-6.854381007E-1
8.312953071E1,-4.110891908E-1,-4.330655488E-1,-6.949696469E-1
8.314953071E1,-1.569740956E-1,-1.124358759E0,-9.962445098E-1
8.316953071E1,3.170232419E-2,-1.165504007E0,-1.809844807E0
8.318953071E1,2.022326776E-1,-7.963654827E-1,-2.027070038E0
8.320953071E1,2.615882571E-1,-6.022654049E-1,-2.329559367E0
8.322953071E1,1.502471115E-1,-2.576389928E-1,-2.755065928E0
8.324953071E1,7.001351869E-2,3.855466890E-1,-2.899393921E0
8.326953071E1,-3.525491883E-2,2.796425039E-1,-3.045321128E0
8.328953071E1,-9.624211812E-2,-3.207978389E-1,-3.110724574E0
8.330953071E1,-3.601294639E-1,-6.293749970E-1,-3.150423076E0
8.332953071E1,-4.393359202E-1,-3.884132865E-1,-3.565782378E0
8.334953071E1,8.951381844E-2,-2.031004044E-1,-3.299781429E0
8.336953071E1,3.974211780E-1,-5.578229114E-1,-2.871526676E0
8.338953071E1,6.644044966E-2,-9.133140349E-1,-2.586242194E0
8.340953071E1,-2.384555573E-1,-7.878634849E-1,-1.961543216E0
8.342953071E1,9.542575546E-2,1.376963738E-1,-1.987642263E0
8.344953071E1,6.051110620E-1,4.120021239E-1,-1.651938994E0
8.346953071E1,3.313047738E-1,-2.424431026E-1,-2.654583281E-1
8.348953071E1,5.602599578E-1,-9.675969538E-1,-1.381808156E-1
8.350953071E1,4.606568419E-1,-1.116554480E0,-3.502488023E-1
8.352953071E1,2.208536110E-1,-4.687768337E-1,-1.725413936E-1
8.354953071E1,4.307984006E-1,6.877787411E-2,8.341403961E-1
8.356953071E1,1.018255184E0,4.624422526E-1,9.225403565E-1
8.358953071E1,5.836000327E-1,2.832622227E-1,4.107902884E-1
8.360953071E1,-2.450044754E-1,-8.050797343E-2,-6.702066886E-1
8.362953071E1,-7.680177426E-1,4.017361674E-1,-1.064790249E0
8.364953071E1,-3.139223903E-2,1.417566218E0,-9.293377447E-1
8.366953071E1,-2.448339560E-1,4.664829710E-1,8.250421286E-2
8.368953071E1,-5.616866785E-1,-1.340433843E0,-6.904602742E-1
8.370953071E1,-3.605349317E-1,-9.132885996E-1,-8.084336972E-1
8.372953071E1,3.170733818E-1,1.468935470E0,-3.367832494E-1
8.374953071E1,1.545042682E-1,2.614108562E0,1.873342645E-1
8.376953071E1,-4.159676325E-1,1.587538638E0,1.086988034E0
8.378953071E1,-2.098585432E-1,5.914683750E-1,1.646820926E0
8.380953071E1,2.949722222E-1,4.108750731E-1,1.703920156E0
8.382953071E1,4.430905270E-1,9.210738748E-1,1.415750658E0
8.384953071E1,6.107637847E-1,1.813415701E0,1.839567373E0
8.386953071E1,4.719645895E-1,1.545229940E0,2.026206404E0
8.388953071E1,-3.956588638E-1,1.192200494E-1,2.878250974E0
8.390953071E1,-3.481382498E-1,-6.679829925E-1,3.464731967E0
8.392953071E1,-3.754403980E-1,1.647636028E0,2.279848094E0
8.394953071E1,4.464860782E-1,2.945091958E0,2.118166734E0
8.396953071E1,-1.330636248E-1,5.345647341E-1,2.689688210E0
8.398953071E1,-1.668920770E0,-5.922130179E-1,3.388651505E0
8.400953071E1,-9.901610667E-1,1.309355599E0,2.552696718E0
8.402953071E1,-1.297337086E-1,1.744538132E0,3.317866282E0
8.404953071E1,-1.803926694E-1,3.898408842E-1,3.630598179E0
8.406953071E1,-5.302880440E-1,2.388143206E-1,3.767732928E0
8.408953071E1,-4.985773876E-1,1.852701389E0,3.952043597E0
8.410953071E1,-1.126713506E-1,1.666671638E0,4.169717309E0
8.412953071E1,-1.627068520E-1,-9.101512760E-2,4.579796576E0
8.414953071E1,5.275180718E-1,-4.484375864E-1,4.502707470E0
8.416953071E1,6.000088913E-1,8.340284219E-1,3.527833364E0
8.418953071E1,4.056281472E-1,1.016072710E0,2.684685917E0
8.420953071E1,1.419192329E-1,2.491326097E-1,2.695740078E0
8.422953071E1,-9.897143394E-4,-2.779941738E-1,2.975942745E0
8.424953071E1,1.873821020E-1,1.366470909E-1,2.276110554E0
8.426953071E1,3.934032273E-1,7.872998133E-1,1.375058715E0
8.428953071E1,-4.879892495E-2,8.792633593E-1,1.493606919E0
8.430953071E1,-6.171466418E-1,4.710546166E-1,1.836377133E0
8.432953071E1,-6.482299286E-1,4.553282377E-1,1.629306761E0
8.434953071E1,2.826618598E-1,3.872458899E-1,1.520269638E0
8.436953071E1,9.407433967E-1,3.835744232E-2,1.262959405E0
8.438953071E1,9.040453210E-1,-5.892756692E-1,8.922739989E-1
8.440953071E1,4.605266317E-1,-1.556245217E-1,7.021266389E-1
8.442953071E1,6.233676407E-2,1.136014306E0,3.931480694E-1
8.444953071E1,-4.511952795E-1,9.837443322E-1,-5.329088026E-1
8.446953071E1,-1.118045374E-1,-4.434522504E-1,-4.956988764E-1
8.448953071E1,-1.551765153E-1,-2.955565783E-1,-1.301560968E-1
8.450953071E1,5.064329756E-1,2.861165410E-1,3.097878242E-1
8.452953071E1,-1.262019355E-1,1.635416517E-1,-4.420214367E-1
8.454953071E1,-3.912904821E-1,5.825376302E-2,-3.074781740E-1
8.456953071E1,-1.441861984E-1,3.348776418E-1,3.420913517E-2
8.458953071E1,1.477938939E-1,5.704444188E-1,1.164122164E-1
8.460953071E1,-1.309213877E-1,3.355130880E-1,-2.981887025E-1
8.462953071E1,-8.153614052E-1,2.684855779E-1,-9.159312487E-1
8.464953071E1,-1.967324577E-1,5.906102961E-1,-2.462356067E-1
8.466953071E1,-4.999951912E-1,-1.747197738E-1,-2.497345805E-2
8.468953071E1,-5.925202891E-1,-4.454721710E-1,-3.788054341E-1
8.470953071E1,-2.550333822E-1,4.303448394E-1,-2.155874258E-1
8.472953071E1,3.616675100E-2,7.812896065E-1,2.054232109E-1
8.474953071E1,-4.344895286E-1,6.598041996E-2,3.531080908E-1
8.476953071E1,6.011178432E-2,6.499794155E-2,1.200433373E-2
8.478953071E1,-2.206983857E-1,6.702093199E-1,-2.534042931E-1
8.480953071E1,-1.280495095E-1,3.718843773E-2,2.455655158E-2
8.482953071E1,-5.965425522E-1,-5.711875999E-1,2.261486667E-1
8.484953071E1,-7.439223902E-1,-7.497592270E-3,-9.813732862E-2
8.486953071E1,4.935608054E-1,5.431594102E-1,1.202643036E0
8.488953071E1,9.844661710E-1,1.425438617E-1,1.684871097E0
8.490953071E1,1.150230349E0,-9.287976082E-1,1.606251774E0
8.492953071E1,-5.839228721E-1,-1.637556598E-1,6.058270901E-1
8.494953071E1,-6.204237869E-1,1.379006609E0,8.779436427E-1
8.496953071E1,-5.454436981E-1,1.076289676E0,1.858976036E-1
8.498953071E1,-3.264727078E-2,-1.041572126E0,2.646022958E-1
8.500953071E1,8.380760108E-1,-1.499842975E0,3.010684562E-1
8.502953071E1,1.046728566E0,-8.437166736E-2,-5.250975072E-2
8.504953071E1,3.082991961E-1,6.814027910E-1,-3.492816728E-1
8.506953071E1,-6.379270615E-1,2.275104833E-1,-5.193771762E-1
8.508953071E1,-9.504081863E-1,-2.046942092E-1,-2.565512645E-1
8.510953071E1,-3.467057916E-1,-1.680896160E-1,-3.454067230E-2
8.512953071E1,4.131859658E-1,-2.799307716E-1,-8.436772048E-2
8.514953071E1,1.843755003E-1,-8.063458027E-1,-4.790243715E-1
8.516953071E1,-6.138062006E-1,-7.017489088E-1,-1.458758098E0
8.518953071E1,-5.498053555E-1,-2.233171526E-1,-8.759959352E-1
8.520953071E1,-4.715799889E-1,1.850234449E-2,-1.616632921E0
8.522953071E1,-5.768190533E-2,-4.588965011E-1,-1.929982869E0
8.524953071E1,1.711876170E-1,-6.376169398E-2,-2.687066903E0
8.526953071E1,7.137283918E-1,7.988001171E-1,-2.730367289E0
8.528953071E1,5.798683032E-1,1.124368699E0,-2.933954474E0
8.530953071E1,2.418560421E-1,1.858957033E-1,-3.129523373E0
8.532953071E1,-2.241574705E-1,-8.120857219E-1,-2.665336311E0
8.534953071E1,-6.519778477E-1,-5.330580528E-1,-2.268598051E0
8.536953071E1,-4.594944520E-1,2.284239645E-1,-2.131949791E0
8.538953071E1,-2.273068540E-2,-1.720427723E-1,-1.882428634E0
8.540953071E1,4.508005925E-2,-9.404234809E-1,-1.447877600E0
8.542953071E1,1.947750657E-1,-1.156543150E0,-6.030309516E-1
8.544953071E1,-9.753089927E-2,-4.605619343E-1,-3.354483300E-1
8.546953071E1,-5.971410513E-2,-1.842505161E-1,-4.230554080E-1
8.548953071E1,-4.134493098E-3,-7.872099855E-1,-6.596524644E-1
8.550953071E1,2.658421978E-2,-1.316138369E0,-5.199759310E-1
8.552953071E1,2.830892913E-2,-9.020795602E-1,-2.116475719E-1
8.554953071E1,1.887605466E-1,-1.841411000E-1,-3.424842846E-1
8.556953071E1,3.140861124E-2,1.932176598E-1,-3.661041123E-1
8.558953071E1,-3.200911298E-1,3.588531263E-2,-8.646687090E-2
8.560953071E1,-4.764735237E-2,-2.142813040E-1,2.701255757E-1
8.562953071E1,5.416180842E-1,-7.634607151E-2,2.580054671E-1
8.564953071E1,8.185194133E-1,-2.986845464E-2,2.235770613E-1
8.566953071E1,7.660596563E-1,-3.240155616E-1,3.832253444E-1
8.568953071E1,3.362888673E-1,-5.882901210E-1,2.963439059E-1
8.570953071E1,-2.173366204E-2,-7.278155038E-1,8.155053198E-2
8.572953071E1,-2.752816504E-1,-5.983245277E-1,6.084729552E-2
8.574953071E1,-1.059573948E-1,-5.395078240E-1,-8.973897278E-2
8.576953071E1,-1.937072910E-1,-4.028146863E-1,-1.340281230E-1
8.578953071E1,-1.465600949E-1,-3.007354572E-2,1.614416242E-3
8.580953071E1,-8.926520213E-2,2.155087808E-1,4.700401247E-2
8.582953071E1,-3.414496198E-2,2.281501687E-1,5.381894231E-2
8.584953071E1,1.040240861E-1,1.990074997E-1,2.593713766E-1
8.586953071E1,2.603255691E-1,-1.704974994E-2,2.887606519E-1
8.588953071E1,2.160367844E-1,-4.765572850E-1,1.607674402E-1
8.590953071E1,-8.463530369E-2,-6.049178481E-1,2.199482793E-1
8.592953071E1,-1.943426641E-1,-1.823676395E-1,2.751898491E-1
8.594953071E1,-3.891058892E-1,1.780235969E-1,2.211908126E-1
8.596953071E1,-2.701651905E-1,8.054948866E-2,1.560803121E-1
8.598953071E1,1.790165272E-1,-4.330364589E-1,8.517405152E-2
8.600953071E1,2.477491584E-1,-5.885177238E-1,2.075013113E-1
8.602953071E1,1.073048126E-1,-2.776627828E-1,9.882905424E-2
8.604953071E1,2.718516737E-1,3.516199744E-1,-2.687263370E-2
8.606953071E1,3.622829568E-1,4.303854775E-1,2.139905512E-2
8.608953071E1,2.223638371E-1,-1.524847130E-1,-2.271298295E-1
8.610953071E1,-1.465348057E-1,-6.794581532E-1,-4.682625711E-1
8.612953071E1,-4.660314198E-1,-6.017673683E-1,-5.664636344E-1
8.614953071E1,-7.449581514E-1,-5.248361367E-1,-7.845840740E-1
8.616953071E1,-4.714338085E-1,-7.411345840E-1,-7.139660811E-1
8.618953071E1,-2.403992815E-1,-9.009327020E-1,-6.358145356E-1
8.620953071E1,1.596000436E-1,-1.100416604E0,-8.814087027E-1
8.622953071E1,1.782244487E-1,-9.725293726E-1,-1.527447680E0
8.624953071E1,8.060547575E-2,-8.270613183E-1,-2.075212503E0
8.626953071E1,2.288931305E-1,-9.379832916E-1,-2.322515227E0
8.628953071E1,-7.597031482E-2,-9.800211176E-1,-2.575792635E0
8.630953071E1,-2.279877622E-1,-9.197155666E-1,-2.465246930E0
8.632953071E1,-6.645714346E-1,-5.803257747E-1,-2.810969403E0
8.634953071E1,-9.446041670E-1,-2.431949084E-1,-2.846402360E0
8.636953071E1,-1.052788255E0,-2.035655504E-1,-2.963018060E0
8.638953071E1,-6.305775500E-1,-7.962925386E-1,-3.544330114E0
8.640953071E1,-2.843251003E-1,-1.392688655E0,-3.702830003E0
8.642953071E1,-4.528078685E-1,-9.904326698E-1,-2.939554937E0
8.644953071E1,-9.218342321E-1,-8.196890026E-2,-2.627717664E0
8.646953071E1,-1.036202627E0,3.993236062E-1,-2.254295177E0
8.648953071E1,-8.792098573E-1,2.583027980E-1,-2.633967168E0
8.650953071E1,-1.394689572E-1,-1.234768224E-1,-2.119562464E0
8.652953071E1,7.222917853E-1,-3.253376171E-1,-1.404673108E0
8.654953071E1,1.043857510E0,-3.805154523E-1,-4.621797127E-1
8.656953071E1,1.359281757E-1,-3.096705875E-1,-1.815209627E-1
8.658953071E1,-3.571610152E-1,-2.731029779E-1,-2.493580198E-1
8.660953071E1,1.291901368E-1,-4.408791831E-1,2.083427256E-1
8.662953071E1,8.542385919E-1,-1.142848824E0,2.751401478E-1
8.664953071E1,1.380633596E-1,-2.232250004E0,-3.056047261E-2
8.666953071E1,4.242179076E-1,-1.277029852E0,-1.651808016E0
8.668953071E1,5.293102068E-1,3.548502687E-1,-6.992825532E-1
8.670953071E1,-9.851070989E-1,2.495661807E0,2.019908953E-1
8.672953071E1,-2.153737686E0,2.922814067E0,-1.877704668E-1
8.674953071E1,-7.145385236E-1,1.701445907E0,-2.521974277E-1
8.676953071E1,2.941916920E-1,9.411900508E-1,1.056657942E0
8.678953071E1,8.609918337E-1,1.027092081E0,7.878544217E-1
8.680953071E1,7.318540294E-1,8.759137818E-1,4.165094501E-1
8.682953071E1,-8.106835596E-1,7.112710994E-1,1.842086939E0
8.684953071E1,-1.236361882E0,1.085095291E0,-1.075145084E-1
8.686953071E1,1.593413043E-1,1.454352806E0,5.126020074E-2
8.688953071E1,2.901075581E-1,1.382778501E0,3.757672209E-1
8.690953071E1,4.322589254E-1,-2.647598782E-1,1.065566175E0
8.692953071E1,9.242462086E-1,-1.631996480E0,1.394890131E0
8.694953071E1,3.901485939E-1,-5.584965107E-1,9.852593458E-1
8.696953071E1,1.132386255E0,1.818052543E0,1.386205262E0
8.698953071E1,2.069953810E0,2.209756058E0,1.539485927E0
8.700953071E1,8.813568818E-1,8.827067846E-1,2.044688283E0
8.702953071E1,1.411754671E-1,7.882768831E-1,1.373409800E0
8.704953071E1,5.207815312E-1,1.412207245E0,1.857288530E0
8.706953071E1,1.046352224E0,8.459125954E-1,2.086915705E0
8.708953071E1,7.182368875E-1,1.103295919E0,1.219787657E0
8.710953071E1,4.836499576E-1,1.660245548E0,1.533673795E0
8.712953071E1,-2.388816366E-1,1.138271624E0,1.933702868E0
8.714953071E1,-8.791614716E-1,1.445879021E-1,2.556610844E0
8.716953071E1,-8.310821562E-1,4.277366889E-1,2.688477252E0
8.718953071E1,9.451863304E-2,5.714592031E-1,3.010847699E0
8.720953071E1,6.561371183E-1,4.364464089E-1,2.957090737E0
8.722953071E1,4.229691250E-1,1.370319546E0,3.018425106E0
8.724953071E1,4.993986290E-1,1.143662172E0,3.103559396E0
8.726953071E1,-5.172881853E-2,4.215851256E-1,3.298663441E0
8.728953071E1,-3.326347230E-1,8.637726232E-1,3.971877353E0
8.730953071E1,-1.368791523E-1,1.699365468E0,4.188081660E0
8.732953071E1,5.888832479E-1,1.222203142E0,4.255989468E0
8.734953071E1,1.214912980E0,3.110718727E-4,3.737303433E0
8.736953071E1,1.204900354E0,-7.441546708E-2,3.624539879E0
8.738953071E1,4.884494619E-1,5.130309007E-1,2.715427653E0
8.740953071E1,-2.825166296E-1,1.823682243E-1,1.985657133E0
8.742953071E1,-6.419272149E-1,1.178213954E-2,1.224320419E0
8.744953071E1,-3.957133160E-1,4.369940007E-1,1.201659535E0
8.746953071E1,5.502642158E-1,3.833098367E-1,1.629680398E0
8.748953071E1,5.785275366E-1,6.520081070E-1,1.084138686E0
8.750953071E1,6.834336752E-1,5.951617688E-1,5.244087052E-1
8.752953071E1,-1.736411818E-1,4.518275097E-1,5.058706927E-1
8.754953071E1,-1.182564191E-1,7.852869093E-2,8.278955698E-1
8.756953071E1,-2.706951676E-1,-1.447986943E-1,9.650145310E-1
8.758953071E1,9.469444237E-2,2.386777881E-1,7.411281520E-1
8.760953071E1,1.830012036E-1,9.888951445E-1,4.534831488E-1
8.762953071E1,2.065470823E-1,7.981943455E-1,-7.063085675E-2
8.764953071E1,-5.917187455E-1,4.539994580E-1,-6.812532485E-2
8.766953071E1,-6.436704160E-1,1.046485541E0,9.112289178E-1
8.768953071E1,2.941155686E-1,1.289216911E0,8.065935785E-1
8.770953071E1,-2.518982330E-1,2.511727032E-1,4.491176176E-1
8.772953071E1,-5.603839919E-2,-1.607987228E-1,1.292380840E-1
8.774953071E1,5.770360215E-1,7.167660204E-1,7.266147780E-1
8.776953071E1,-2.287773922E-1,1.265687131E0,6.510576421E-1
8.778953071E1,-1.820144494E-1,3.293952924E-1,3.123524129E-2
8.780953071E1,-2.548700256E-1,-3.005322665E-2,1.889837641E-1
8.782953071E1,1.572374761E-1,5.362431774E-1,4.850931966E-1
8.784953071E1,4.954484694E-1,8.943617472E-1,1.088675541E-1
8.786953071E1,6.029678748E-1,5.906421635E-1,-1.035864658E0
8.788953071E1,6.807075571E-1,-5.538775027E-3,-1.395602907E0
8.790953071E1,5.100870834E-1,-9.425498208E-1,-8.760280949E-1
8.792953071E1,-2.351972147E-1,-7.323704848E-1,-2.339745802E-1
8.794953071E1,1.478494059E-2,1.133147124E0,5.506615341E-1
8.796953071E1,-2.243374734E-2,2.005728578E0,-4.592297924E-1
8.798953071E1,9.269396371E-2,1.804974076E-1,-3.266529483E-1
8.800953071E1,6.341610161E-1,-1.538853843E0,4.778297853E-1
8.802953071E1,7.505792259E-1,-1.144442191E0,6.332136941E-1
8.804953071E1,6.619430380E-1,4.801294953E-1,1.218454492E-1
8.806953071E1,7.968424693E-2,1.180529451E0,6.808006740E-1
8.808953071E1,-7.104228146E-1,9.100752622E-1,5.670968878E-1
8.810953071E1,-3.238547632E-1,-1.698411494E-2,3.021566230E-1
8.812953071E1,1.105627258E-1,-5.569981617E-1,5.468830633E-1
8.814953071E1,5.720343133E-1,-8.886773765E-2,6.339738321E-1
8.816953071E1,5.133053543E-1,4.481037104E-1,7.830567813E-1
8.818953071E1,-1.254881915E-1,5.663501984E-1,1.101905451E0
8.820953071E1,-6.149424608E-1,6.794262859E-1,8.023818290E-1
8.822953071E1,-5.489959912E-1,8.506432852E-1,2.869515234E-1
8.824953071E1,-2.276488247E-1,1.508853534E-1,-3.263833916E-1
8.826953071E1,3.798268696E-1,-5.384569332E-1,-2.114458430E-1
8.828953071E1,-1.317788819E-2,-1.591360670E-1,-3.131710231E-2
8.830953071E1,-1.127238111E-1,6.543738905E-1,-2.088262904E-1
8.832953071E1,-4.604025976E-1,9.015903676E-1,-2.666336185E-1
8.834953071E1,-2.064740651E-1,3.582916474E-1,-7.361527562E-1
8.836953071E1,1.575088235E-1,-3.395089290E-1,-6.987030941E-1
8.838953071E1,8.316271897E-2,-6.650702021E-1,-7.638276279E-1
8.840953071E1,-3.066160020E-1,-3.010497451E-1,-1.063321429E0
8.842953071E1,-7.107895812E-1,1.855947179E-1,-1.716455417E0
8.844953071E1,-8.903854944E-1,8.621222466E-2,-1.938491737E0
8.846953071E1,-1.060094862E0,-5.819760051E-1,-2.800273091E0
8.848953071E1,-7.783490418E-1,-1.303227425E0,-3.164554626E0
8.850953071E1,-7.190646339E-1,-1.192300774E0,-2.818916938E0
8.852953071E1,-9.597486748E-1,-1.906031504E-1,-2.647667779E0
8.854953071E1,-1.124603611E0,2.257004777E-1,-3.253627017E0
8.856953071E1,-1.027322461E0,-7.711310926E-1,-3.324598181E0
8.858953071E1,-1.083958665E0,-1.852067843E0,-2.533288055E0
8.860953071E1,-9.831092515E-1,-1.435471855E0,-1.603679000E0
8.862953071E1,-7.506892998E-1,-2.776268224E-1,-4.238862973E-1
8.864953071E1,-9.644433311E-1,-8.200870518E-1,-3.215524220E-1
8.866953071E1,-5.719795322E-1,-2.191832588E0,-3.698784900E-1
8.868953071E1,-2.080914415E-2,-1.654704873E0,-3.163975167E-1
8.870953071E1,5.551444481E-1,4.600568810E-1,-6.244165581E-1
8.872953071E1,1.049000355E0,1.578108541E0,-1.298028080E0
8.874953071E1,6.478117065E-1,7.026879716E-1,-1.622365531E0
8.876953071E1,-1.556560966E-1,-9.433921123E-1,-1.083575014E0
8.878953071E1,-8.853535268E-1,-1.701338172E0,-4.106558025E-1
8.880953071E1,-6.239092391E-1,-8.308937296E-1,1.164741969E-1
8.882953071E1,1.511127370E-1,5.465181971E-1,3.035003132E-1
8.884953071E1,2.254054856E-1,9.056495047E-1,4.009932786E-1
8.886953071E1,5.949049298E-1,5.308175460E-1,6.709878767E-1
8.888953071E1,1.138814245E0,2.471096192E-1,5.583184630E-1
8.890953071E1,1.415805183E0,1.625350535E-1,5.401511639E-1
8.892953071E1,9.209523989E-1,-1.572691973E-1,2.264205623E-1
8.894953071E1,3.760494952E-1,-7.463827524E-1,-1.972324312E-2
8.896953071E1,-6.828977779E-2,-9.753113316E-1,-7.315159142E-2
8.898953071E1,-4.583456933E-2,-8.766091619E-1,1.534344471E-1
8.900953071E1,-4.046039343E-2,-6.446340372E-1,1.569340056E-1
8.902953071E1,1.194935529E-1,-2.287603256E-1,1.068479258E-1
8.904953071E1,3.826435465E-1,2.229025850E-1,2.091513956E-1
8.906953071E1,5.412887397E-1,2.769805589E-1,4.778882575E-1
8.908953071E1,4.685964471E-1,-1.621595161E-1,3.851894242E-1
8.910953071E1,4.550057638E-1,-3.478523210E-1,1.958717841E-1
8.912953071E1,2.916169437E-1,-3.130251351E-1,1.012825459E-1
8.914953071E1,-3.421140097E-2,-2.335877869E-1,-6.520990312E-2
8.916953071E1,-2.880005139E-1,-3.142413560E-1,-2.558741570E-1
8.918953071E1,-3.482571676E-1,-8.191086665E-2,-1.167694813E-1
8.920953071E1,-7.782760978E-2,1.289556634E-1,1.890375584E-1
8.922953071E1,1.548423104E-2,-1.869752455E-1,2.619839126E-1
8.924953071E1,-6.760097578E-2,-7.436064944E-1,-1.254227757E-2
8.926953071E1,-9.536794111E-2,-9.401764360E-1,-3.261951113E-1
8.928953071E1,3.193822280E-3,-7.145964110E-1,-2.971788883E-1
8.930953071E1,-2.454113685E-1,-5.031888673E-1,-4.524581319E-1
8.932953071E1,-5.661228879E-1,-6.302792689E-1,-5.351137877E-1
8.934953071E1,-6.935390525E-1,-1.101471295E0,-8.806316078E-1
8.936953071E1,-5.902643602E-1,-1.588328012E0,-1.190550994E0
8.938953071E1,-5.583055991E-1,-1.771006431E0,-1.486877359E0
8.940953071E1,-2.811669461E-1,-1.801293254E0,-2.093663392E0
8.942953071E1,-2.512283248E-1,-1.188292800E0,-3.005381722E0
8.944953071E1,-3.124594901E-1,-2.803979641E-1,-4.041427644E0
8.946953071E1,-1.755222311E-1,4.520827407E-1,-4.445605316E0
8.948953071E1,-3.286910684E-1,5.631836388E-1,-4.045580336E0
8.950953071E1,-6.669772714E-1,-3.493851686E-1,-3.046159034E0
8.952953071E1,-1.301327372E0,-1.407342654E0,-2.958450215E0
8.954953071E1,-1.176597053E0,-2.203385809E0,-2.996430804E0
8.956953071E1,9.844587889E-2,-2.027636633E0,-2.073848932E0
8.958953071E1,2.162257225E-1,-7.652397305E-1,-1.114562334E0
8.960953071E1,1.908137964E-1,-1.348476103E-1,-1.450419969E0
8.962953071E1,7.586566427E-1,-3.977922204E-1,-1.182699938E0
8.964953071E1,7.489001249E-1,-1.603911719E-1,-1.695549282E0
8.966953071E1,6.251221709E-1,1.287697220E-1,-1.162596626E0
8.968953071E1,4.340717816E-1,9.549877256E-2,-7.348453188E-1
8.970953071E1,4.442563156E-1,-1.008858123E-1,6.141272128E-2
8.972953071E1,1.149985790E-1,1.245193809E-1,6.154153544E-1
8.974953071E1,6.018216012E-1,6.272030488E-1,6.632870936E-1
8.976953071E1,-9.527540892E-2,6.254342660E-1,8.006697643E-1
8.978953071E1,3.599703830E-1,1.248485792E-1,-1.826009434E-1
8.980953071E1,8.487401627E-1,2.898172438E-1,3.718583572E-1
8.982953071E1,4.882429821E-1,9.503160927E-1,-4.557618088E-1
8.984953071E1,4.458843266E-1,1.277818641E0,2.708617401E-1
8.986953071E1,-4.825710732E-1,6.102110401E-1,5.387104100E-1
8.988953071E1,-3.776531672E-1,-2.795086026E-2,-1.577229120E0
8.990953071E1,-4.365037116E-1,1.374267879E0,4.081473470E-1
8.992953071E1,8.928071187E-1,2.647241517E0,2.008116873E0
8.994953071E1,1.275618334E0,7.799428466E-1,2.490667700E0
8.996953071E1,-2.912028147E-1,-1.131522768E0,7.442569971E-1
8.998953071E1,8.700322138E-1,-1.072115641E0,3.922323954E-1
9.000953071E1,1.284147375E0,7.611876100E-1,1.553721558E0
9.002953071E1,2.530449086E-1,1.009822914E0,1.044641914E0
9.004953071E1,-6.845859421E-1,-4.113162455E-1,-3.612275344E-1
9.006953071E1,-1.645744307E0,-5.407315001E-1,-2.238425249E-1
9.008953071E1,-8.616350274E-1,3.117922497E-1,8.231020224E-1
9.010953071E1,-8.119752004E-3,5.086408111E-1,1.086347179E0
9.012953071E1,1.269542931E0,3.277256200E-1,1.337472228E0
9.014953071E1,9.290639488E-1,1.087914233E0,1.170461131E0
9.016953071E1,-7.305790806E-2,8.166069353E-1,-1.760555702E-1
9.018953071E1,-6.994671790E-1,-8.251532257E-1,1.198294462E0
9.020953071E1,-1.361352841E0,-2.400665018E-1,1.853081458E0
9.022953071E1,-3.328403988E-1,1.627162295E0,1.903542929E0
9.024953071E1,4.523009149E-1,1.927742508E0,1.881992431E0
9.026953071E1,2.542245112E-1,5.437597731E-1,2.088345349E0
9.028953071E1,4.746412621E-1,-1.452132618E-1,2.259771094E0
9.030953071E1,2.131163742E-1,4.102304175E-1,1.597817751E0
9.032953071E1,-3.679413074E-1,7.778115365E-1,1.311072049E0
9.034953071E1,-6.419735540E-1,2.555736101E-1,1.812692401E0
9.036953071E1,-9.957032038E-1,-4.215576437E-1,1.992798337E0
9.038953071E1,-1.194261272E0,9.211449185E-1,2.433184893E0
9.040953071E1,2.469369436E-1,2.302748422E0,2.467540208E0
9.042953071E1,7.789408531E-1,1.689734226E0,2.400458611E0
9.044953071E1,8.613355038E-1,-2.737730688E-1,2.574658860E0
9.046953071E1,7.311878854E-1,-1.253541879E0,1.875116106E0
9.048953071E1,1.555678768E-1,-9.971169144E-2,1.250237033E0
9.050953071E1,-4.913261092E-1,4.588906538E-1,1.184008545E0
9.052953071E1,-4.059872759E-1,-4.420866331E-1,1.951905835E0
9.054953071E1,4.313536303E-1,-4.536275750E-1,2.231010979E0
9.056953071E1,1.161894887E0,2.496401480E-1,1.920213341E0
9.058953071E1,1.054756208E0,-3.625867197E-1,1.573476961E0
9.060953071E1,-1.384973418E-1,-7.773575002E-1,1.755617144E0
9.062953071E1,-2.989973724E-1,6.236859486E-1,2.385200887E0
9.064953071E1,2.797020175E-2,6.929503110E-1,2.218964546E0
9.066953071E1,-6.718712082E-2,3.588889405E-1,1.905574252E0
9.068953071E1,4.395998489E-1,4.340332630E-1,1.968305520E0
9.070953071E1,4.959293298E-1,7.524009991E-1,2.084692009E0
9.072953071E1,-1.375940749E-1,8.730565399E-1,2.180202768E0
9.074953071E1,-7.112569200E-1,4.815126541E-1,1.854400590E0
9.076953071E1,-9.424181123E-1,-8.738809973E-2,1.681096135E0
9.078953071E1,-7.173671872E-1,2.777719796E-2,1.263702001E0
9.080953071E1,2.002140909E-1,3.247020248E-1,9.929326469E-1
9.082953071E1,2.343124761E-1,4.237769544E-1,1.115323057E0
9.084953071E1,2.585569874E-1,6.965463486E-1,1.253614969E0
9.086953071E1,3.428955723E-2,1.243883448E0,8.137488163E-1
9.088953071E1,1.092980188E-1,1.450588076E0,8.563370115E-1
9.090953071E1,-3.425757570E-1,6.893826324E-1,6.901837009E-1
9.092953071E1,-4.837211475E-1,2.774076980E-1,-1.632630318E-1
9.094953071E1,-6.549216284E-1,7.009870166E-1,2.553958547E-1
9.096953071E1,-8.108051086E-1,1.757647005E0,9.003975356E-1
9.098953071E1,-4.302881579E-1,1.587652366E0,9.169556808E-1
9.100953071E1,-1.656945051E-1,7.988582969E-2,2.280455035E-1
9.102953071E1,4.082657165E-1,-5.000837034E-1,5.181820053E-1
9.104953071E1,6.838382294E-1,8.458956385E-1,7.124259245E-1
9.106953071E1,2.642274344E-1,2.100212274E0,1.872143966E-1
9.108953071E1,-4.792078279E-1,1.222726760E0,-7.656402647E-1
9.110953071E1,-4.898854284E-1,-4.357733944E-1,-3.529233187E-1
9.112953071E1,-2.049248088E-1,-5.426561111E-1,-4.862018287E-2
9.114953071E1,1.343596967E-1,5.396509346E-1,4.411320752E-1
9.116953071E1,-1.719640725E-1,9.461832806E-1,3.807180583E-1
9.118953071E1,-5.309041578E-1,5.230433804E-1,-1.083897781E0
9.120953071E1,2.037920752E-1,-2.280612910E-1,-2.209873295E-1
9.122953071E1,1.453387394E-1,-5.141912806E-1,1.505166864E-1
9.124953071E1,1.854670293E-1,-4.463551006E-1,4.248499185E-1
9.126953071E1,1.825200691E-1,6.028248373E-1,5.596446115E-1
9.128953071E1,5.413411820E-1,1.025393172E0,1.714228213E-1
9.130953071E1,3.224875380E-1,-1.143189132E-2,5.528442997E-1
9.132953071E1,7.579342923E-1,-7.527720049E-1,1.197773475E0
9.134953071E1,4.124453428E-1,1.422107166E-1,3.433578587E-1
9.136953071E1,-5.883036426E-1,1.228186305E0,-1.658931094E-1
9.138953071E1,-6.013784188E-1,1.232235210E0,-4.773316026E-2
9.140953071E1,-1.168527676E0,1.606276917E-1,6.025321841E-2
9.142953071E1,-1.788448675E0,-9.241579887E-1,-1.859052050E-1
9.144953071E1,-3.046420551E-1,-7.422651431E-1,-4.221654618E-1
9.146953071E1,1.441902476E0,-1.893913150E-2,-5.261909366E-3
9.148953071E1,1.078895049E0,1.602397290E-1,2.510414332E-1
9.150953071E1,6.845875501E-1,-7.984112772E-1,1.772472328E-1
9.152953071E1,-3.937703593E-1,-6.922816819E-1,-5.548539877E-2
9.154953071E1,4.604403853E-1,3.118659246E-1,-2.017640233E-2
9.156953071E1,1.250258083E0,8.924768972E-1,-1.446622787E0
9.158953071E1,8.923440193E-1,2.205490807E-1,-1.557707021E0
9.160953071E1,1.604388267E-2,-1.141152547E0,-2.907605166E0
9.162953071E1,-8.072208385E-1,-1.722894664E0,-3.871345004E0
9.164953071E1,-1.994241430E0,-1.131650529E0,-5.820562874E0
9.166953071E1,-1.834895740E0,-5.756873247E-1,-5.318050237E0
9.168953071E1,-3.765616382E-1,-4.237529808E-1,-4.677108278E0
9.170953071E1,4.101219517E-1,-8.029396534E-1,-3.693172742E0
9.172953071E1,5.000152910E-1,-1.560129230E0,-3.220521836E0
9.174953071E1,6.454089394E-1,-2.170017503E0,-2.236188689E0
9.176953071E1,6.427449480E-1,-1.943762417E0,-1.552240459E0
9.178953071E1,5.437917135E-1,-1.860596592E0,4.538421679E-1
9.180953071E1,-1.402423245E-1,-1.876314785E0,1.273853937E0
9.182953071E1,-6.234147108E-1,-1.781915289E0,9.803020763E-1
9.184953071E1,-7.777680478E-1,-6.181354791E-1,3.808016735E-1
9.186953071E1,-3.300466722E-1,7.640755498E-1,6.822706640E-2
9.188953071E1,-6.097257212E-2,1.226789698E0,-4.693068838E-1
9.190953071E1,1.719600342E-1,6.507126564E-1,-5.274013102E-1
9.192953071E1,2.851102352E-2,5.236386269E-2,-5.266943818E-1
9.194953071E1,-2.325117530E-1,-1.887609851E-1,-4.149956059E-1
9.196953071E1,-5.762507039E-1,-4.469208187E-1,-3.195824951E-1
9.198953071E1,-8.666617325E-1,-7.786576286E-1,-5.975912869E-2
9.200953071E1,-5.071551798E-1,-7.760559100E-1,5.018945861E-1
9.202953071E1,1.255040520E-1,-5.498750836E-1,6.279985625E-1
9.204953071E1,4.266808279E-1,-3.389420414E-1,6.449677670E-1
9.206953071E1,4.722084184E-1,2.480105290E-1,7.201857644E-1
9.208953071E1,6.999304247E-1,3.513401851E-1,4.242043859E-1
9.210953071E1,5.447975077E-1,4.965104699E-2,2.614506465E-1
9.212953071E1,1.299647467E-1,-1.534014103E-1,5.841134548E-2
9.214953071E1,-3.159367561E-2,-1.673888272E-1,-1.862689018E-2
9.216953071E1,-4.458367449E-1,-1.349107602E-1,-1.157199061E-1
9.218953071E1,-1.011988138E0,-2.054395831E-1,-4.345943034E-2
9.220953071E1,-9.718281452E-1,1.599283648E-1,-1.363599926E-1
9.222953071E1,9.045686468E-2,5.794771975E-1,2.727761185E-1
9.224953071E1,5.919447769E-1,6.161474258E-1,2.215784830E-1
9.226953071E1,6.496108948E-1,1.618918598E-2,1.567299378E-1
9.228953071E1,2.079815139E-1,-3.976229435E-1,9.360105872E-2
9.230953071E1,1.537004954E-1,-1.133339497E-1,-1.630706584E-1
9.232953071E1,5.330263317E-2,1.773448813E-1,-5.540119886E-2
9.234953071E1,9.524821937E-3,7.694175661E-2,9.553297877E-2
9.236953071E1,-9.690707445E-2,-4.431385472E-1,1.516995782E-1
9.238953071E1,-2.951367483E-2,-7.333633420E-1,2.822275579E-2
9.240953071E1,1.473485188E-1,-4.858217597E-1,2.492668033E-3
9.242953071E1,2.517686807E-1,-8.182915181E-2,2.332746685E-1
9.244953071E1,3.504818138E-1,3.108613729E-2,3.516392702E-1
9.246953071E1,2.753335445E-1,-3.583053884E-1,1.674841368E-1
9.248953071E1,4.714887723E-2,-5.667969257E-1,2.670014083E-2
9.250953071E1,-4.364244819E-2,-2.114888200E-1,-7.446429133E-3
9.252953071E1,-1.142272581E-1,2.844670415E-4,4.340154290E-2
9.254953071E1,-2.559950481E-1,-9.001905441E-2,5.590698302E-2
9.256953071E1,-1.223395389E-1,-1.261946082E-1,2.750764132E-2
9.258953071E1,-1.710304731E-1,4.034871161E-2,1.712006271E-1
9.260953071E1,1.070926318E-1,3.126403883E-1,1.727460462E-1
9.262953071E1,-1.853011876E-2,1.371987757E-1,-1.019701785E-1
9.264953071E1,-1.019720788E-1,-2.211852577E-1,3.159601450E-1
9.266953071E1,7.287341014E-2,-2.496076959E-1,2.779000336E-1
9.268953071E1,1.199239080E-1,-8.560002118E-2,3.262185001E-1
9.270953071E1,2.401338910E-1,7.582961619E-2,2.551128495E-1
9.272953071E1,3.381576374E-2,1.330545616E-1,2.249903333E-1
9.274953071E1,1.520295073E-1,1.193507347E-1,1.796516079E-1
9.276953071E1,2.152305995E-1,-1.945421273E-1,1.552207714E-1
9.278953071E1,7.159564734E-2,-3.866237462E-1,9.324554801E-2
9.280953071E1,-8.509321377E-2,-1.239709121E-1,2.030761385E-1
9.282953071E1,-1.031580403E-1,2.903224432E-1,1.319815975E-1
9.284953071E1,6.261198521E-3,2.307062790E-1,5.680745423E-2
9.286953071E1,-4.358953089E-2,-1.720233303E-1,1.720964205E-1
9.288953071E1,-9.318663731E-2,-2.129208031E-1,3.780575752E-1
9.290953071E1,1.748476817E-1,1.959065750E-1,1.755760986E-1
9.292953071E1,2.065849064E-1,2.902873600E-1,7.583253980E-3
9.294953071E1,3.284088671E-3,6.516137123E-3,-7.920930684E-2
9.296953071E1,-2.558181699E-1,-3.294236514E-1,1.481099725E-2
9.298953071E1,-2.775379448E-1,-3.432414991E-1,9.930794120E-2
9.300953071E1,-2.735561371E-2,-3.605656296E-2,1.659030497E-2
9.302953071E1,2.616336644E-3,1.920018044E-1,9.578382432E-2
9.304953071E1,5.872037083E-2,3.915997267E-2,2.354235202E-1
9.306953071E1,2.557655449E-1,-3.099223101E-1,2.424682456E-1
9.308953071E1,3.080039848E-1,-5.152861717E-1,1.634899038E-1
9.310953071E1,3.671678670E-1,-4.410487524E-1,5.085855550E-1
9.312953071E1,2.812317771E-1,-2.649589759E-1,1.548097122E-1
9.314953071E1,1.999490476E-1,-2.234428677E-1,5.691036522E-2
9.316953071E1,1.374108835E-1,-2.443478331E-1,4.175730586E-2
9.318953071E1,-9.754763693E-2,-1.247632098E-1,4.078608334E-2
9.320953071E1,-6.869952142E-2,-1.267995027E-1,-3.124518156E-2
9.322953071E1,-1.574596703E-2,-6.538385779E-2,3.269646049E-2
9.324953071E1,-1.509613672E-1,2.304358453E-2,1.935978019E-1
9.326953071E1,2.978747070E-2,-8.895807713E-2,1.872377855E-1
9.328953071E1,2.136514127E-1,-2.954010424E-1,1.525415772E-1
9.330953071E1,2.353048217E-1,-2.930016375E-1,-7.723002434E-3
9.332953071E1,1.610725187E-1,-8.946181476E-2,-3.987742603E-2
9.334953071E1,-7.724025697E-3,1.185011342E-1,-5.398734212E-3
9.336953071E1,-5.738822892E-2,9.280203670E-2,-8.163824022E-2
9.338953071E1,-1.027292933E-1,3.786744565E-2,6.109053969E-2
9.340953071E1,-1.412843715E-1,2.040260187E-1,1.211882222E-1
9.342953071E1,-1.489592806E-1,2.324086958E-1,1.618550223E-1
9.344953071E1,5.715945661E-3,1.230523145E-1,1.880125415E-1
9.346953071E1,6.987554267E-2,5.467438996E-2,1.153345746E-1
9.348953071E1,-1.100878680E-1,1.177252087E-1,2.137373668E-1
9.350953071E1,-1.982752821E-1,1.030372953E-1,7.730954647E-2
9.352953071E1,-4.418170765E-2,1.296658078E-1,-1.798720479E-2
9.354953071E1,-8.510534674E-2,1.930657053E-1,-4.606202602E-2
9.356953071E1,-9.847383589E-2,2.020347494E-1,-2.304095328E-2
9.358953071E1,-4.363484681E-2,7.102408201E-2,-4.879559934E-2
9.360953071E1,-6.577021256E-2,-3.155625343E-2,-5.118243277E-2
9.362953071E1,-5.048661411E-2,6.918571740E-2,7.078171492E-2
9.364953071E1,3.212357953E-2,1.984992304E-1,1.738207644E-1
9.366953071E1,2.735195920E-2,7.364743531E-2,1.798246855E-1
9.368953071E1,1.085114586E-1,1.823424965E-2,8.082372308E-2
9.370953071E1,1.847056487E-1,1.052478352E-1,6.783296406E-2
9.372953071E1,3.268438599E-1,4.532586157E-2,2.309071308E-1
9.374953071E1,1.901719183E-1,3.873868078E-2,1.899076241E-1
9.376953071E1,6.252091482E-2,1.226438865E-1,1.830541027E-1
9.378953071E1,3.483493343E-2,1.250254574E-1,1.750223672E-1
9.380953071E1,-1.183271796E-2,7.109015554E-2,9.261931121E-2
9.382953071E1,8.356182799E-2,5.952757895E-3,-4.172806978E-2
9.384953071E1,3.716358706E-2,-1.099881729E-1,-3.876996338E-2
9.386953071E1,-6.600015432E-2,-3.151503056E-2,-8.701241612E-3
9.388953071E1,-2.274489413E-1,2.466802874E-1,5.753192425E-2
9.390953071E1,-7.090728387E-2,2.940161294E-1,2.040613943E-1
9.392953071E1,4.829595476E-2,4.680111408E-2,6.922167778E-2
9.394953071E1,3.453190148E-2,-3.529057771E-2,1.663111854E-1
9.396953071E1,1.866825923E-2,1.488727418E-1,1.202152455E-1
9.398953071E1,5.578097552E-2,2.079319587E-1,-1.265729231E-1
9.400953071E1,-6.760740772E-2,1.299651852E-1,-1.395859015E-1
9.402953071E1,-1.907639489E-2,1.692994049E-1,-1.035132587E-1
9.404953071E1,-7.388907149E-2,1.228128710E-1,3.838404715E-2
9.406953071E1,-3.125646669E-1,4.225607336E-2,1.440175062E-1
9.408953071E1,-7.085655928E-2,1.181818762E-1,4.194792509E-2
9.410953071E1,2.894721119E-1,2.244105819E-1,-3.486577749E-2
9.412953071E1,2.497595774E-1,1.075174320E-1,1.982363981E-1
9.414953071E1,1.778768317E-1,-1.006694654E-1,2.360287070E-1
9.416953071E1,1.042690113E-1,-4.775830328E-2,9.131889045E-2
9.418953071E1,5.929281324E-2,1.198954028E-1,2.970385551E-3
9.420953071E1,-1.685085690E-1,1.932922849E-1,5.468257606E-2
9.422953071E1,-1.692581820E-1,2.249646056E-1,1.288387191E-1
9.424953071E1,-1.095373526E-2,1.193706152E-1,1.498144358E-1
9.426953071E1,-2.828473628E-2,7.426957905E-2,2.361737180E-1
9.428953071E1,-1.109509170E-1,7.603777707E-2,1.528479713E-1
9.430953071E1,4.911427259E-2,7.209324539E-2,1.527228409E-1
9.432953071E1,3.057801425E-2,4.221894354E-2,-1.280949533E-2
9.434953071E1,-3.449178958E-1,-4.847868025E-2,1.779079682E-1
9.436953071E1,-4.625830244E-1,-9.033802003E-2,3.312798500E-2
9.438953071E1,-5.443596974E-2,4.942914516E-2,-1.052142137E-1
9.440953071E1,-6.682958186E-2,1.969897717E-2,1.178003454E-1
9.442953071E1,-1.144903828E-1,-1.043429786E-1,2.363584900E-1
9.444953071E1,4.624328971E-2,-6.947778583E-2,2.235063100E-1
9.446953071E1,3.471331134E-2,6.075257063E-3,2.679825711E-1
9.448953071E1,1.444770974E-1,-6.608172297E-2,2.011711156E-1
9.450953071E1,2.568955193E-1,-1.660132697E-1,2.360158432E-1
9.452953071E1,1.655522168E-1,-2.018844759E-1,1.545237833E-1
9.454953071E1,1.565362488E-1,-9.557975650E-2,4.888681591E-2
9.456953071E1,2.217848897E-3,4.578165203E-2,6.305637360E-3
9.458953071E1,-1.475097558E-1,4.403274983E-2,1.852064627E-1
9.460953071E1,-3.110367894E-2,-1.519042307E-1,1.119548839E-1
9.462953071E1,1.561553027E-1,-1.293149748E-1,6.293007374E-2
9.464953071E1,2.086839107E-1,-5.570291519E-2,2.616336644E-2
9.466953071E1,1.096016720E-1,-1.067187023E-1,1.410044360E-1
9.468953071E1,3.568029463E-2,-2.862972200E-1,1.312951344E-1
9.470953071E1,6.043068141E-2,-2.932709017E-1,1.237867248E-1
9.472953071E1,2.249039407E-1,-9.450562298E-3,7.259025872E-2
9.474953071E1,3.686051126E-1,8.771232784E-2,1.726220852E-1
9.476953071E1,2.197019653E-1,1.212145346E-1,1.592430711E-2
9.478953071E1,-1.092767130E-1,-2.000379252E-1,-3.134283006E-2
9.480953071E1,-3.534523456E-1,-3.316821384E-1,4.986914814E-2
9.482953071E1,-1.492539802E-1,-2.315146565E-2,8.962202847E-2
9.484953071E1,2.206683639E-1,1.281583956E-1,-6.206819415E-3
9.486953071E1,3.135686338E-1,-1.277353495E-2,1.365962201E-1
9.488953071E1,1.270428930E-1,-1.263396192E-1,3.136124879E-1
9.490953071E1,1.471576072E-1,4.121409953E-3,2.214638776E-1
9.492953071E1,2.130560200E-1,8.756205440E-2,4.196078897E-2
9.494953071E1,1.167010689E-1,-7.210113913E-2,1.974663198E-2
9.496953071E1,-1.262234057E-1,-3.338950172E-1,1.181348062E-1
9.498953071E1,5.289318189E-2,-1.574079224E-1,7.832111478E-2
9.500953071E1,-9.790431708E-3,4.744840086E-2,2.146191269E-1
9.502953071E1,1.765274405E-2,-1.420259446E-2,2.466279548E-1
9.504953071E1,2.257780994E-1,-4.809334874E-2,1.460809886E-2
9.506953071E1,1.413052753E-2,-9.038070470E-2,5.280737400E-2
9.508953071E1,1.206070089E-1,-1.244331345E-1,1.952443779E-2
9.510953071E1,1.869970264E-1,5.389320195E-2,1.121396559E-1
9.512953071E1,-7.561999351E-2,1.296000266E-1,1.409067875E-1
9.514953071E1,-7.776051298E-2,-3.953302503E-2,1.056913465E-1
9.516953071E1,1.117800522E-1,-8.023023069E-2,6.076368034E-2
9.518953071E1,1.219295029E-1,-4.135969520E-2,2.391347480E-1
9.520953071E1,-1.753068343E-2,-2.924777269E-2,7.681545675E-2
9.522953071E1,-1.390745625E-2,-1.225547165E-2,1.118665910E-1
9.524953071E1,6.936551929E-2,-9.617675722E-2,5.121342301E-2
9.526953071E1,-6.568630502E-2,-1.246845648E-1,2.334091544E-1
9.528953071E1,-1.889295311E-1,-2.344265699E-2,1.839879030E-1
9.530953071E1,-3.715364680E-2,1.463236481E-2,-2.934612286E-1
9.532953071E1,1.360122295E-1,-6.244446248E-2,9.339757562E-2
9.534953071E1,4.661151811E-2,-8.390549809E-2,3.834890538E-1
9.536953071E1,1.112827465E-1,-1.529102442E-1,6.743652284E-2
9.538953071E1,1.561811766E-1,-1.570073882E-1,6.828904688E-2
9.540953071E1,3.414393872E-2,1.168981200E-1,1.567036253E-1
9.542953071E1,-1.767065115E-1,1.896412835E-1,1.516644949E-1
9.544953071E1,-4.472593725E-2,-2.066376776E-2,1.476480424E-2
9.546953071E1,8.413734019E-2,-4.831028044E-2,4.852545798E-2
9.548953071E1,6.904640749E-2,-1.224319249E-2,2.049349684E-1
9.550953071E1,3.588399701E-1,-1.188657081E-1,2.150793028E-1
9.552953071E1,9.046695113E-2,-1.193223757E-1,2.447059751E-2
9.554953071E1,-5.492085010E-2,-9.491989821E-2,7.486657977E-2
9.556953071E1,-1.220993645E-1,-2.690333158E-2,1.409354389E-1
9.558953071E1,-3.513898864E-2,-1.917799026E-2,1.664918643E-1
9.563375196E1,-4.523917660E-3,1.233762503E-4,4.587082207E-2
9.565375196E1,-7.682598174E-2,1.993725121E-2,1.527076381E-1
9.567375196E1,7.617811024E-2,-6.492982149E-2,1.054153579E-1
9.569375196E1,-4.245604813E-2,6.365863681E-3,2.083351243E-1
9.571375196E1,-1.134560835E-1,2.402620912E-2,1.342824769E-1
9.573375196E1,-6.221364364E-3,-4.745775640E-2,2.262270194E-1
9.575375196E1,7.661226600E-2,-7.907248199E-2,1.535847205E-1
9.577375196E1,2.769402131E-2,-2.485242069E-2,2.246535337E-1
9.579375196E1,-1.708004583E-1,-5.685657084E-2,2.548421234E-1
9.581375196E1,-4.197874723E-1,-1.800346005E-1,1.429749477E-1
9.583375196E1,-3.953987358E-1,-2.164452124E-1,-6.924038887E-2
9.585375196E1,-2.825411879E-1,-1.703007406E-1,3.784551859E-2
9.587375196E1,-2.937880149E-1,1.014614707E-1,-1.525246203E-2
9.589375196E1,-2.954604647E-1,3.696001625E-1,-1.125705957E-1
9.591375196E1,-6.166668047E-1,1.567246753E-1,5.793889046E-2
9.593375196E1,-6.743628895E-1,-3.637313122E-1,1.126325762E-1
9.595375196E1,-5.019052573E-1,-5.582266617E-1,8.529684305E-2
9.597375196E1,-3.495200200E-1,-4.194424134E-1,3.032833815E-1
9.599375196E1,-3.416420663E-1,-3.014227974E-1,2.330758631E-1
9.601375196E1,-3.547236764E-1,-3.808782721E-1,2.063973570E-1
9.603375196E1,-5.933862983E-1,-2.573587650E-1,1.608101249E-2
9.605375196E1,-6.420890366E-1,1.189838219E-1,-1.439099175E-1
9.607375196E1,-5.041583356E-1,2.767469627E-1,2.852435517E-1
9.609375196E1,-7.014980632E-1,1.102749789E-1,3.471836919E-1
9.611375196E1,-9.774904427E-1,2.613968521E-2,5.654508966E-1
9.613375196E1,-3.930094538E-1,1.054024941E-1,3.890988725E-1
9.615375196E1,3.295653367E-1,2.011287233E-1,3.099188018E-1
9.617375196E1,3.028974652E-1,2.268272361E-1,3.495523989E-1
9.619375196E1,-1.891625427E-1,-1.731062347E-1,1.970739716E-1
9.621375196E1,-3.095423873E-1,-7.812122771E-1,-7.824802458E-2
9.623375196E1,-2.359003606E-1,-9.371589804E-1,2.323227417E-1
9.625375196E1,5.652890749E-2,-3.348557147E-1,3.106801093E-1
9.627375196E1,6.780978716E-1,1.248585194E-2,2.901002491E-1
9.629375196E1,1.096039670E0,-1.483166716E-1,-1.558809221E-2
9.631375196E1,1.250033257E0,-3.478344870E-1,-5.211272478E-1
9.633375196E1,1.722253370E0,-2.767767835E-1,-7.653508276E-1
9.635375196E1,2.088573391E0,5.120511997E-1,-1.181208313E0
9.637375196E1,1.832552176E0,1.325598287E0,-9.029820049E-1
9.639375196E1,1.444014637E0,1.450207423E0,-6.549589044E-1
9.641375196E1,1.303520955E0,9.465414226E-1,-1.084535712E-1
9.643375196E1,1.336787811E0,5.037162861E-1,-4.772023791E-1
9.645375196E1,1.546098982E0,4.630439311E-2,-7.873919070E-2
9.647375196E1,1.806740228E0,-1.655843765E-1,2.030007094E-1
9.649375196E1,2.289371016E0,1.109105712E-1,-8.941152871E-2
9.651375196E1,2.222375665E0,4.159916791E-1,-2.283010268E-1
9.653375196E1,1.927873486E0,2.137987626E-1,-2.732754707E-1
9.655375196E1,1.410695155E0,-2.782985213E-1,-5.158045274E-1
9.657375196E1,1.092907317E0,-5.267034450E-1,-6.183418858E-1
9.659375196E1,9.893775398E-1,-4.016162995E-1,-7.043784016E-1
9.661375196E1,1.201299492E0,6.724868104E-2,-6.539572763E-1
9.663375196E1,1.478938886E0,5.015738663E-1,-1.032958592E0
9.665375196E1,2.133025678E0,5.771466435E-1,-3.539091593E-1
9.667375196E1,2.132272557E0,8.621539678E-1,-2.832315248E-1
9.669375196E1,1.135334275E0,6.828717577E-1,7.381981122E-1
9.671375196E1,5.830314276E-1,4.337169287E-1,1.188457106E0
9.673375196E1,-1.267299208E-1,2.160326913E-2,2.176005637E0
9.675375196E1,-6.812976873E-1,-2.829819949E-1,2.335956806E0
9.677375196E1,-7.491183722E-1,-3.560846159E-1,1.048806301E0
9.679375196E1,-1.148151372E0,-4.002052201E-1,2.594713640E-1
9.681375196E1,-1.152325991E0,-3.089774001E-1,-2.954691625E-1
9.683375196E1,-8.312694132E-1,-3.488001546E-1,-3.611029887E-1
9.685375196E1,-1.066512254E0,-3.319323993E-1,-3.360131711E-1
9.687375196E1,-1.472879124E0,-2.301741824E-1,-2.339722413E-1
9.689375196E1,-2.000145949E0,5.869508162E-2,9.355545044E-5
9.691375196E1,-2.237541735E0,4.248426095E-2,5.280363178E-1
9.693375196E1,-1.995702649E0,-4.136463609E-1,7.936671388E-1
9.695375196E1,-1.809367674E0,-9.451686426E-1,9.346581262E-1
9.697375196E1,-1.381502054E0,-1.092157119E0,1.169595743E0
9.699375196E1,-1.184021993E0,-8.287752834E-1,9.395341194E-1
9.701375196E1,-1.387717352E0,-6.763100123E-1,5.484781837E-1
9.703375196E1,-1.683874147E0,-7.157722861E-1,1.674934924E-1
9.705375196E1,-1.899778492E0,-7.091751650E-1,7.404270709E-2
9.707375196E1,-2.010057856E0,-4.032462108E-1,2.220222867E-1
9.709375196E1,-1.933447929E0,-2.212590788E-1,3.251075292E-1
9.711375196E1,-1.683310768E0,-3.417599608E-1,6.208374774E-1
9.713375196E1,-1.532624220E0,-5.580912986E-1,5.859898263E-1
9.715375196E1,-1.337063507E0,-7.931714411E-1,8.033378488E-1
9.717375196E1,-1.264886355E0,-6.905041283E-1,1.019582502E0
9.719375196E1,-7.718690112E-1,-1.107095732E-1,1.111049911E0
9.721375196E1,-1.447677040E-1,1.098085172E-1,4.980938959E-1
9.723375196E1,-1.976063606E-1,-1.695243765E-1,-2.272374183E-1
9.725375196E1,-6.656382591E-2,-2.163368927E-1,-5.730511075E-1
9.727375196E1,1.183090532E-1,1.400707819E-1,-9.256674474E-1
9.729375196E1,6.065924907E-1,3.889866060E-1,-6.397614062E-1
9.731375196E1,8.592936561E-1,3.609283032E-1,-5.118664277E-1
9.733375196E1,7.083457375E-1,-3.700258398E-1,-8.041266382E-2
9.735375196E1,6.878445223E-1,-7.305113626E-1,-1.621842206E-2
9.737375196E1,8.276476479E-1,-4.508293900E-1,1.077524900E-1
9.739375196E1,1.025788152E0,5.251033545E-2,1.636641508E-1
9.741375196E1,1.284518089E0,4.361131176E-1,-8.248784065E-2
9.743375196E1,1.039046128E0,4.802248049E-1,-8.889229596E-2
9.745375196E1,6.694360256E-1,4.503363235E-1,-1.466703880E-1
9.747375196E1,6.158816698E-1,3.414335400E-1,-2.789987254E-1
9.749375196E1,5.535333940E-1,2.444257472E-1,-3.813524812E-1
9.751375196E1,4.731482121E-1,1.421480052E-1,-2.855353278E-1
9.753375196E1,6.363475093E-1,7.193946362E-2,-1.168911034E-1
9.755375196E1,6.259339106E-1,1.459425558E-1,2.646566749E-2
9.757375196E1,5.199525422E-1,1.727689965E-1,5.840023577E-2
9.759375196E1,4.244920689E-1,3.613025250E-1,-9.650712490E-2
9.761375196E1,7.030426052E-1,2.562054017E-1,2.134531921E-1
9.763375196E1,4.618291721E-1,1.105478977E-1,2.435330236E-1
9.765375196E1,4.960178420E-1,-1.109463854E-1,3.060011673E-1
9.767375196E1,8.116645762E-1,-3.394966498E-1,1.572006387E-1
9.769375196E1,9.643988192E-1,-2.306654947E-1,2.254633731E-1
9.771375196E1,9.555645534E-1,8.703872859E-2,-3.182025522E-1
9.773375196E1,9.209583923E-1,2.158490887E-1,-4.324173850E-1
9.775375196E1,8.625394455E-1,3.507142407E-1,-4.528943342E-1
9.777375196E1,7.606751016E-1,3.606549458E-1,-8.475311047E-1
9.779375196E1,7.784766573E-1,3.716545817E-1,-1.059583889E0
9.781375196E1,7.803273010E-1,8.217681263E-1,-9.664470989E-1
9.783375196E1,9.914497930E-1,9.394620524E-1,-4.231244051E-1
9.785375196E1,9.342467746E-1,2.849033900E-1,5.891917616E-1
9.787375196E1,7.605356455E-1,-5.943152381E-1,1.635569714E0
9.789375196E1,4.112498796E-1,-9.260133103E-1,6.013832062E-1
9.791375196E1,7.315267316E-1,-7.185529295E-1,-5.128826737E-2
9.793375196E1,6.090120685E-1,-3.647203687E-1,2.747238261E-1
9.795375196E1,-3.185601094E-1,-2.572356811E-1,1.577964699E-1
9.797375196E1,-1.237824856E0,-4.547755297E-1,-2.259440142E-1
9.799375196E1,-2.045691081E0,-6.563369469E-1,-1.943374747E-1
9.801375196E1,-2.455535582E0,-5.391871043E-1,5.455510676E-2
9.803375196E1,-2.364309662E0,-1.826971301E-1,2.577669007E-1
9.805375196E1,-1.837916704E0,1.151957032E-1,2.665424019E-1
9.807375196E1,-1.578331612E0,-8.909110129E-3,4.514793080E-1
9.809375196E1,-1.384159321E0,-2.156204626E-1,5.519023132E-1
9.811375196E1,-9.705319637E-1,-2.631298207E-1,4.875390869E-1
9.813375196E1,-9.718493414E-1,-3.553363185E-1,5.753338605E-1
9.815375196E1,-1.392489265E0,-3.522204834E-1,4.459840947E-1
9.817375196E1,-1.558433830E0,-5.988977011E-1,6.660347003E-1
9.819375196E1,-1.641958966E0,-8.155352868E-1,9.352112728E-1
9.821375196E1,-1.506403843E0,-6.257684344E-1,6.742892146E-1
9.823375196E1,-8.102787861E-1,-3.090819190E-1,1.905975956E-1
9.825375196E1,1.852587953E-1,-3.759268498E-1,7.145239055E-2
9.827375196E1,4.628530195E-1,-5.617477088E-1,-2.016119957E-2
9.829375196E1,3.188814139E-1,-5.530827199E-1,-2.717435002E-2
9.831375196E1,3.280001467E-1,-3.321705271E-1,-1.756240457E-1
9.833375196E1,3.490898842E-1,1.490075201E-2,4.090127349E-2
9.835375196E1,2.860919827E-1,1.320855318E-1,2.492539394E-1
9.837375196E1,6.562309662E-1,-1.752322823E-2,2.264679247E-1
9.839375196E1,1.214485987E0,-3.029082826E-1,1.198901403E-1
9.841375196E1,1.527960773E0,-2.068379447E-1,-3.837527633E-3
9.843375196E1,1.296131244E0,4.163037743E-1,-4.838132411E-1
9.845375196E1,1.314606691E0,5.978564581E-1,-6.800838053E-1
9.847375196E1,1.172783060E0,3.641618134E-1,-9.140355814E-1
9.849375196E1,1.289272167E0,2.980461766E-1,-1.086943595E0
9.851375196E1,1.395102385E0,7.612288329E-1,-8.010434014E-1
9.853375196E1,9.883209479E-1,1.372753158E0,-7.808903879E-1
9.855375196E1,9.638354400E-1,1.540816754E0,-8.903976274E-1
9.857375196E1,1.102256284E0,1.454667240E0,-4.657944614E-1
9.859375196E1,1.195776066E0,8.292016916E-1,1.302946758E0
9.861375196E1,2.273470536E-1,-1.052042735E-1,1.794230987E0
9.863375196E1,-1.882794669E-1,-6.974639229E-1,4.733139807E-1
9.865375196E1,3.660848165E-1,-5.087732506E-1,4.578445870E-1
9.867375196E1,7.777121338E-1,8.651394099E-3,4.615961605E-1
9.869375196E1,9.137227553E-1,2.488501891E-2,1.199328250E-1
9.871375196E1,9.689157933E-2,-4.658422624E-1,-3.742364198E-1
9.873375196E1,-5.084937537E-1,-4.612304172E-1,-5.426654667E-1
9.875375196E1,-7.578769165E-1,2.486850053E-2,-7.757910311E-2
9.877375196E1,-8.797209039E-1,3.042512418E-1,4.712738872E-2
9.879375196E1,-6.750803429E-1,-1.402916604E-1,3.032026899E-1
9.881375196E1,-6.564990610E-2,-4.398791631E-1,6.145224845E-1
9.883375196E1,5.994243890E-1,-3.027040686E-1,5.877211869E-1
9.885375196E1,6.126887977E-1,-1.722560495E-2,4.167462623E-1
9.887375196E1,1.611942869E-1,9.207742050E-2,2.473775679E-1
9.889375196E1,-3.186744225E-1,6.861853749E-3,1.737231159E-1
9.891375196E1,-4.209740916E-1,-2.558623163E-1,-5.228346348E-2
9.893375196E1,-5.178440362E-1,-4.033991155E-1,-8.377949059E-2
9.895375196E1,-4.913374382E-1,-3.062539132E-1,-4.988844395E-2
9.897375196E1,-1.327396891E-1,-2.546446337E-1,2.117738718E-1
9.899375196E1,-1.072475830E-1,-3.310899617E-1,2.460976124E-1
9.901375196E1,-4.923706412E-2,-2.694018365E-1,6.872583389E-2
9.903375196E1,1.345052558E-1,-1.495017560E-1,-1.733407080E-2
9.905375196E1,2.329314369E-1,-1.083031516E-1,-3.256314397E-2
9.907375196E1,1.399469671E-1,-2.471287689E-1,6.487251878E-2
9.909375196E1,-3.477076024E-2,-4.037006857E-1,-1.378469396E-1
9.911375196E1,7.323637605E-3,-4.984768885E-1,-1.164736122E-1
9.913375196E1,1.316214091E-1,-4.643040061E-1,-1.813513935E-2
9.915375196E1,1.718306646E-1,-3.440735579E-1,-1.092815369E-1
9.917375196E1,-3.386151820E-2,-3.871840556E-1,-2.495872307E-1
9.919375196E1,-3.044355753E-1,-6.746993968E-1,-5.037569243E-1
9.921375196E1,-4.196546674E-1,-9.579557723E-1,-8.200146925E-1
9.923375196E1,-4.635163862E-1,-1.056670221E0,-1.343521172E0
9.925375196E1,-4.896470082E-1,-8.551431562E-1,-2.146433344E0
9.927375196E1,-4.983812866E-1,-3.690151486E-1,-2.739935673E0
9.929375196E1,-4.143825254E-1,-3.738978660E-1,-3.101123446E0
9.931375196E1,-5.448730829E-1,-3.788773549E-1,-2.932029571E0
9.933375196E1,-1.109409183E0,-1.046240835E-1,-3.240333956E0
9.935375196E1,-1.404369930E0,6.092798710E-4,-3.769033933E0
9.937375196E1,-1.313262708E0,-2.104179025E-1,-3.244900047E0
9.939375196E1,-1.153894653E0,-4.013827032E-1,-2.797213828E0
9.941375196E1,-7.920345962E-1,-4.031351137E-1,-1.922618301E0
9.943375196E1,-6.611794648E-1,8.274394870E-3,-1.888139024E0
9.945375196E1,5.457644910E-2,2.356853293E-1,-1.930402114E0
9.947375196E1,3.467602073E-1,1.172894450E-1,-1.928117023E0
9.949375196E1,4.023770222E-1,2.530992146E-1,-1.874833100E0
9.951375196E1,2.892930409E-1,-5.721792877E-2,-1.840659633E0
9.953375196E1,-1.169938682E-1,-2.743709466E-1,-1.727854564E0
9.955375196E1,-2.867711368E-1,-1.911967890E-1,-9.657729149E-1
9.957375196E1,-3.885506961E-1,-3.436265382E-1,-5.462147266E-1
9.959375196E1,-5.204089174E-1,-5.758662495E-1,-2.566763949E-1
9.961375196E1,-9.254680574E-2,-6.118196091E-1,-3.566830784E-1
9.963375196E1,9.988957836E-1,-3.919378419E-1,-3.282860756E-2
9.965375196E1,1.201474909E0,-1.943041456E-1,1.012313828E0
9.967375196E1,6.893588050E-1,-5.113069953E-1,6.920413613E-1
9.969375196E1,4.877343839E-1,-1.002464924E0,4.145184731E-1
9.971375196E1,5.721770950E-1,-3.254685947E-1,4.602010149E-1
9.973375196E1,1.228271967E0,4.351565132E-1,1.174959978E0
9.975375196E1,1.004503702E0,3.655310851E-1,1.348328753E0
9.977375196E1,2.913443904E-1,-3.103263527E-2,1.215494047E0
9.979375196E1,1.177474281E-1,5.159831598E-1,1.159359022E0
9.981375196E1,3.041059385E-1,9.680659005E-1,1.470346695E0
9.983375196E1,1.808683404E-1,5.260292611E-1,1.802467960E0
9.985375196E1,2.288718612E-1,3.085020214E-1,1.192860060E0
9.987375196E1,7.343689900E-1,4.687511060E-1,1.130969036E0
9.989375196E1,3.075462940E-1,2.526207662E-1,1.619696862E0
9.991375196E1,-4.922549395E-1,-1.574126002E-1,1.627593527E0
9.993375196E1,-6.345711252E-1,1.217007306E-1,1.576772452E0
9.995375196E1,-6.512927002E-1,8.159084854E-1,9.189156675E-1
9.997375196E1,-2.978054175E-1,7.749943480E-1,7.829193717E-1
9.999375196E1,2.979602956E-1,6.345734641E-1,1.519148142E0
1.000137520E2,-1.670859049E-1,2.149062252E-1,1.291455810E0
1.000337520E2,1.050473123E-1,3.610370614E-1,1.234965860E0
1.000537520E2,2.613796759E-1,8.229306990E-1,1.236330600E0
1.000737520E2,3.846431480E-1,1.325920469E-1,1.625466895E0
1.000937520E2,1.354204912E-1,3.563994884E-2,1.808843179E0
1.001137520E2,-5.175991841E-3,6.067279999E-1,2.052748085E0
1.001337520E2,1.082164666E-1,1.764847120E0,2.288709549E0
1.001537520E2,-1.328091978E-1,1.027461917E0,2.625437250E0
1.001737520E2,-9.132862607E-1,2.188785312E-1,2.846262612E0
1.001937520E2,-2.292493721E-1,8.171378624E-1,4.086537743E0
1.002137520E2,-1.576192993E-1,1.751465913E0,3.248749854E0
1.002337520E2,-1.293274733E-1,6.266171578E-1,3.470423647E0
1.002537520E2,8.458041295E-1,1.990858524E-1,4.860444217E0
1.002737520E2,1.245949927E-1,9.172622211E-1,3.839227418E0
1.002937520E2,-1.512033688E-1,5.918984377E-1,3.307111498E0
1.003137520E2,-6.598859876E-1,6.712004229E-2,3.756684614E0
1.003337520E2,-2.330725192E-1,6.464478435E-1,4.048113350E0
1.003537520E2,-1.708769106E-1,9.208741924E-1,3.590667543E0
1.003737520E2,1.042104843E-1,8.247589771E-1,2.880669383E0
1.003937520E2,7.370258186E-2,9.396171498E-1,2.841262073E0
1.004137520E2,-2.948816269E-1,7.268515903E-1,2.638901049E0
1.004337520E2,-1.247039775E0,1.950312468E-1,2.349031180E0
1.004537520E2,-9.740758149E-1,4.001330070E-1,2.221470078E0
1.004737520E2,-5.576995352E-1,1.068817665E0,2.042663392E0
1.004937520E2,-7.784076601E-2,9.917889315E-1,1.677127630E0
1.005137520E2,2.844701113E-1,3.241655427E-1,2.178084907E0
1.005337520E2,3.950595607E-1,6.124019918E-1,2.030431017E0
1.005537520E2,4.779716534E-1,7.718479612E-1,1.426181506E0
1.005737520E2,-7.631698161E-2,4.747450867E-1,1.230055953E0
1.005937520E2,3.886936605E-1,5.967434406E-1,1.381942642E0
1.006137520E2,5.985256720E-1,7.307654241E-1,1.519815309E0
1.006337520E2,3.805672733E-1,2.635699698E-1,1.416746439E0
1.006537520E2,1.817292698E-1,-7.742093593E-2,1.395801128E0
1.006737520E2,1.540694547E-1,2.249105188E-1,1.620252348E0
1.006937520E2,3.052739929E-1,4.407862124E-1,9.399387467E-1
1.007137520E2,4.605503129E-1,2.915410030E-1,6.934008390E-1
1.007337520E2,-1.835096008E-1,1.935437152E-1,2.836782521E-1
1.007537520E2,-1.921954934E-1,6.777215302E-1,-2.961193728E-1
1.007737520E2,1.476797636E-1,4.830001858E-1,-7.335045522E-1
1.007937520E2,6.897453059E-1,-2.384938931E-1,-5.672302043E-1
1.008137520E2,5.248197645E-2,-9.365154943E-1,-6.888464427E-1
1.008337520E2,2.032364984E-1,-4.701363114E-1,-2.718803251E0
1.008537520E2,2.305105434E-1,-3.477356690E-1,-2.531180134E0
1.008737520E2,7.415093905E-1,-2.592626184E-1,-2.128414564E0
1.008937520E2,5.969916549E-1,-4.892341948E-1,-3.381597424E0
1.009137520E2,1.627759588E-1,-9.351218104E-2,-5.460826380E0
1.009337520E2,2.142275096E-1,7.254216537E-2,-4.771427375E0
1.009537520E2,3.218075068E-1,-1.030621460E-1,-4.211108580E0
1.009737520E2,5.359445308E-1,-6.354569784E-1,-4.387683967E0
1.009937520E2,-1.665482900E-1,-1.709958137E0,-4.588104885E0
1.010137520E2,-1.029066393E0,-1.952576803E0,-4.580533910E0
1.010337520E2,-9.695497046E-1,-1.039289226E0,-3.927435590E0
1.010537520E2,-7.312937931E-1,-1.117666036E-2,-3.052811412E0
1.010737520E2,-9.823320103E-1,1.992782257E-1,-1.958338941E0
1.010937520E2,-1.401055436E0,-3.517794572E-1,-9.536381882E-1
1.011137520E2,-9.509689343E-1,-5.883567792E-1,-4.673562527E-1
1.011337520E2,1.309070255E-1,-7.164258586E-1,-3.419100881E-1
1.011537520E2,1.018954072E0,-1.083200646E0,-2.704237837E-1
1.011737520E2,1.454478668E0,-1.186315491E0,-1.415961742E-1
1.011937520E2,1.228425457E0,-4.566604893E-1,1.483076084E-1
1.012137520E2,6.249140100E-1,1.459260740E-1,-5.458106840E-1
1.012337520E2,-3.947050367E-1,-3.508406867E-1,-8.604739165E-1
1.012537520E2,-1.007088829E0,-8.505970922E-1,-8.493881804E-1
1.012737520E2,-9.727664041E-1,-8.966611648E-1,-7.264919865E-1
1.012937520E2,-8.486748932E-1,-6.459740728E-1,-2.300060749E-1
1.013137520E2,-4.063745443E-1,-2.979088584E-1,-1.184096253E-1
1.013337520E2,7.469043240E-2,-1.788023363E-1,-4.198435324E-1
1.013537520E2,9.663218223E-2,-3.423735530E-1,-2.308773100E-1
1.013737520E2,7.007010877E-3,-5.262649038E-1,-3.571245432E-2
1.013937520E2,3.179138459E-1,-2.189602825E-1,9.647145689E-2
1.014137520E2,9.039539583E-2,3.361365108E-2,-1.081267118E-2
1.014337520E2,4.244493842E-3,-3.400486270E-1,-1.819115567E-1
1.014537520E2,-3.320652772E-1,-6.474785614E-1,-1.845252621E-1
1.014737520E2,-4.458748980E-1,-5.245615368E-1,-1.261677110E-1
1.014937520E2,-3.156043419E-1,-2.700274886E-1,-5.025155604E-2
1.015137520E2,-1.852813802E-1,-2.343016222E-1,-1.038886499E-1
1.015337520E2,7.384960279E-3,-4.030775186E-1,-2.284998322E-1
1.015537520E2,-6.990448639E-2,-5.940244853E-1,-2.910872591E-1
1.015737520E2,-6.747825734E-2,-5.201313939E-1,-2.036713850E-1
1.015937520E2,-1.401723772E-2,-3.760254485E-1,-3.378720009E-1
1.016137520E2,-2.252835712E-1,-4.298106962E-1,-5.976187688E-1
1.016337520E2,-5.548381271E-1,-8.143303218E-1,-7.819440562E-1
1.016537520E2,-4.906390614E-1,-9.458384411E-1,-1.039460111E0
1.016737520E2,-1.988100830E-1,-8.080142326E-1,-1.374228995E0
1.016937520E2,-8.777079999E-2,-6.648495428E-1,-1.159829139E0
1.017137520E2,-5.824382275E-2,-4.720110749E-1,-1.261606944E0
1.017337520E2,-9.160021462E-2,-2.553835756E-1,-1.804004608E0
1.017537520E2,-6.797139689E-2,-2.568148278E-1,-2.578546089E0
1.017737520E2,-5.598299682E-2,-1.394063920E-1,-3.181075349E0
1.017937520E2,-7.385033369E-4,-1.128083581E-1,-3.347874193E0
1.018137520E2,1.263806958E-1,3.157284491E-2,-3.943412522E0
1.018337520E2,1.772636781E-1,3.708907161E-1,-3.533440259E0
1.018537520E2,-6.719251122E-1,8.258206853E-1,-2.880516770E0
1.018737520E2,-4.979777556E-1,2.800805334E-1,-3.237563546E0
1.018937520E2,-1.356920213E-1,-7.282440316E-1,-3.839835529E0
1.019137520E2,2.747771088E-2,-1.275859239E0,-2.953079547E0
1.019337520E2,4.028359190E-1,-8.937703013E-1,-2.252516454E0
1.019537520E2,1.718423590E-3,3.242017955E-2,-2.626587397E0
1.019737520E2,1.145966194E-1,6.059799948E-1,-2.560004568E0
1.019937520E2,-4.394511469E-2,6.171209872E-1,-1.663509464E0
1.020137520E2,3.189985044E-1,-5.721978526E-1,-8.500389755E-1
1.020337520E2,8.264581049E-1,-2.278542265E0,-1.177752609E0
1.020537520E2,1.477963571E0,-3.164692036E0,-2.122471454E0
1.020737520E2,1.587840354E0,-2.296437083E0,-1.740016188E0
1.020937520E2,8.450241110E-1,-6.759062621E-1,-1.693702732E0
1.021137520E2,3.537306000E-1,2.272508669E-1,-1.186046884E0
1.021337520E2,-2.523520135E-1,7.091536765E-1,1.556464487E-1
1.021537520E2,-2.239862933E-1,1.664846284E0,1.724708177E0
1.021737520E2,-9.121743395E-1,2.387319479E0,1.487426412E0
1.021937520E2,-9.947353435E-1,1.693019338E0,1.886363810E0
1.022137520E2,-2.132376491E-1,1.369005677E-1,4.527328926E0
1.022337520E2,-1.122139814E0,-3.195371792E-1,2.975565015E0
1.022537520E2,-1.076894863E0,8.512271297E-1,1.265575449E0
1.022737520E2,-1.215203733E0,2.658620199E0,2.403885664E0
1.022937520E2,-1.006509443E0,2.804998226E0,3.683982673E0
1.023137520E2,1.100919610E-1,-2.942178583E-1,2.248733305E0
1.023337520E2,4.343165606E-3,-7.071514437E-1,2.665291872E0
1.023537520E2,9.162416627E-1,1.380046097E0,4.706667123E0
1.023737520E2,1.178520860E0,1.736723621E0,4.093585977E0
1.023937520E2,7.444510516E-1,6.701816918E-1,3.863166504E0
1.024137520E2,-1.861484492E-1,1.892603374E-1,4.363494036E0
1.024337520E2,-5.104603916E-1,1.771190326E-1,4.609536685E0
1.024537520E2,-5.149596047E-1,5.172824112E-1,4.567508068E0
1.024737520E2,-6.412729114E-1,1.455794876E0,4.210104028E0
1.024937520E2,-4.240745777E-1,2.049930604E0,4.422491857E0
1.025137520E2,-1.024156852E0,1.496077075E0,4.162455068E0
1.025337520E2,-1.155260782E0,3.902075046E-1,4.104915542E0
1.025537520E2,-1.017541677E0,7.693378977E-1,3.901344144E0
1.025737520E2,-4.235679165E-1,9.008901635E-1,3.447449936E0
1.025937520E2,-5.312025851E-1,6.228310856E-1,3.344409133E0
1.026137520E2,-6.315921150E-1,1.216262517E0,4.112940261E0
1.026337520E2,-4.391413906E-1,1.534542837E0,3.929628881E0
1.026537520E2,-7.329981834E-2,4.828798793E-1,2.954347808E0
1.026737520E2,-2.877547847E-1,-1.653035639E-1,2.655581401E0
1.026937520E2,-1.467988805E-1,4.562551676E-1,2.712645548E0
1.027137520E2,4.537921742E-2,1.260158442E0,2.573015792E0
1.027337520E2,1.868180285E-1,8.892198519E-1,2.192404738E0
1.027537520E2,-2.056295445E-1,5.194081664E-2,1.663139336E0
1.027737520E2,-2.635582754E-1,-2.809207052E-2,1.569504948E0
1.027937520E2,-2.536360621E-1,4.891213435E-1,1.540146663E0
1.028137520E2,-4.076486526E-1,8.059205639E-1,1.305884984E0
1.028337520E2,-7.892270556E-1,6.641483885E-1,1.567021635E0
1.028537520E2,-8.185984969E-1,5.859480187E-1,1.494308585E0
1.028737520E2,-1.048273473E-1,7.218861347E-1,2.130182762E0
1.028937520E2,-8.866673961E-2,1.132665898E0,2.043076791E0
1.029137520E2,3.572553746E-1,6.827255774E-1,1.690713050E0
1.029337520E2,3.500260234E-2,-3.018078366E-1,1.006829724E0
1.029537520E2,-5.798596054E-1,-4.619043088E-1,2.743168598E-1
1.029737520E2,-8.915969644E-1,5.459334755E-1,9.244272530E-2
1.029937520E2,-7.121848731E-1,1.084127869E0,1.470805702E0
1.030137520E2,-3.167492267E-1,5.978050026E-1,4.569259894E-1
1.030337520E2,2.728481124E-1,-5.347547686E-1,-3.719074738E-1
1.030537520E2,1.182912923E-1,-9.457336298E-1,-1.197901529E-1
1.030737520E2,-1.943601619E0,7.863627970E-3,-5.139654027E0
1.030937520E2,-6.540601142E-1,-4.836699843E-2,-4.685788470E0
1.031137520E2,-4.972464882E-2,-2.914743447E-1,-5.590419390E0
1.031337520E2,-2.790734967E-1,-7.335191703E-1,-3.777911761E0
1.031537520E2,2.322824142E-1,-4.186562553E-1,-5.183803428E0
1.031737520E2,1.458732955E0,-9.985383725E-1,-5.302239951E0
1.031937520E2,2.235144376E0,-1.584753317E0,-4.893540042E0
1.032137520E2,1.329085859E0,-1.262950634E0,-3.669910764E0
1.032337520E2,5.204510904E-1,-2.514586321E-1,-3.934001428E0
1.032537520E2,2.541200653E-1,-5.805381748E-1,-3.285523578E0
1.032737520E2,-2.966340009E-1,-1.944518170E0,-2.751159988E0
1.032937520E2,-5.741783776E-1,-2.825967219E0,-1.107445103E0
1.033137520E2,-1.181373424E0,-2.409851286E0,-5.838941842E-1
1.033337520E2,-1.154648505E0,-1.457537785E0,3.139820319E-1
1.033537520E2,-7.495526011E-1,-9.062739873E-1,-5.026558936E-2
1.033737520E2,7.955166131E-2,-6.875124004E-1,-3.250250834E-1
1.033937520E2,7.021947590E-1,-2.352448878E-1,-2.233268005E-1
1.034137520E2,8.527592464E-1,2.115066540E-1,-5.341840804E-2
1.034337520E2,9.004178546E-1,1.182967740E-1,-2.048805892E-2
1.034537520E2,1.327383734E-1,-3.038999704E-1,-2.007015842E-1
1.034737520E2,-2.589794670E-1,-6.736974764E-1,-5.192327499E-4
1.034937520E2,-6.171785823E-1,-7.946646738E-1,1.317102867E-1
1.035137520E2,-5.125708710E-1,-6.757144734E-1,-7.815973163E-3
1.035337520E2,-3.078329538E-1,-7.578827637E-1,-6.216350377E-2
1.035537520E2,-7.764912352E-2,-1.032692252E0,-2.945862329E-1
1.035737520E2,9.203005806E-2,-9.215746889E-1,-2.802295643E-1
1.035937520E2,6.874235228E-2,-3.405877402E-1,8.563832045E-3
1.036137520E2,1.954743196E-1,1.242597646E-1,1.967289859E-1
1.036337520E2,2.496495035E-1,-2.428313577E-1,1.895351565E-1
1.036537520E2,2.954988371E-1,-8.103236635E-1,3.517275631E-2
1.036737520E2,4.402598168E-1,-7.212930809E-1,-2.632241070E-2
1.036937520E2,4.078386140E-1,-1.884887972E-1,2.382278448E-1
1.037137520E2,1.147675408E-1,3.905837730E-2,1.283282572E-1
1.037337520E2,-3.565896691E-1,-1.124086279E-1,-1.264244038E-1
1.037537520E2,-5.280331019E-1,-1.175040378E-1,-3.241725594E-1
1.037737520E2,-3.716094120E-1,6.089728922E-3,-7.972737014E-2
1.037937520E2,-1.124505816E-1,1.036003822E-1,7.562847197E-2
1.038137520E2,4.132329628E-2,2.421995661E-1,2.124720293E-1
1.038337520E2,3.992111935E-1,3.269553955E-1,6.060522079E-2
1.038537520E2,4.768791743E-1,1.869626740E-1,3.193971384E-1
1.038737520E2,-8.503751904E-2,9.836668566E-2,1.007592201E-2
1.038937520E2,-2.295046762E-1,1.482030894E-1,-3.433151740E-1
1.039137520E2,-1.276096344E-2,1.750746998E-1,-8.612948656E-2
1.039337520E2,-6.925573781E-2,-2.075903352E-1,8.951911747E-2
1.039537520E2,-1.716692814E-1,-6.058041398E-1,-1.198170501E-1
1.039737520E2,-4.263418356E-1,-3.906537934E-1,-2.886975020E-1
1.039937520E2,-4.354003420E-1,2.993642852E-2,-2.910135841E-1
1.040137520E2,2.956498414E-2,-5.428408831E-3,-5.075172687E-1
1.040337520E2,-1.532862201E-2,-2.585583213E-1,-6.822560459E-1
1.040537520E2,-2.512533948E-1,-5.548080871E-1,-1.044064794E0
1.040737520E2,-2.937436491E-1,-6.639840817E-1,-1.447002271E0
1.040937520E2,-1.105508213E-1,-3.651340592E-1,-6.237914908E-1
1.041137520E2,-3.188989556E-1,4.873005205E-1,-8.248041469E-1
1.041337520E2,-1.742767011E-1,2.380642690E-1,-1.319115479E0
1.041537520E2,-1.662361948E-1,-6.272172283E-1,-2.214783202E0
1.041737520E2,4.700532809E-2,-9.531976005E-1,-2.756962765E0
1.041937520E2,2.722045532E-1,-4.967045975E-1,-2.624454918E0
1.042137520E2,1.110547051E-1,8.964205518E-2,-2.427611327E0
1.042337520E2,-6.127401070E-1,-1.763651803E-1,-2.399044170E0
1.042537520E2,-7.287307392E-1,-1.033045131E0,-2.520881433E0
1.042737520E2,-5.910117075E-1,-1.870080922E0,-1.883115097E0
1.042937520E2,-6.782610820E-1,-1.774991455E0,-2.269956359E0
1.043137520E2,3.161285448E-1,-1.110073865E0,-1.966970016E0
1.043337520E2,6.888335788E-1,-4.331968188E-1,-2.098421271E0
1.043537520E2,6.200384554E-1,-1.012760555E0,-1.704259295E0
1.043737520E2,1.335920669E-1,-1.529527534E0,-1.175100896E0
1.043937520E2,-2.764864692E-1,-1.596625942E0,-1.603726947E0
1.044137520E2,2.971207085E-1,-1.357019470E0,-1.766863679E0
1.044337520E2,3.930094904E-1,-6.830232006E-1,-1.840160281E0
1.044537520E2,1.991073409E-1,-5.838427287E-1,-1.147169332E0
1.044737520E2,-4.333927006E-2,-1.118841180E0,-2.847927314E-1
1.044937520E2,-3.758153873E-1,-6.504014383E-1,-7.459626299E-1
1.045137520E2,-8.463930172E-1,5.706881015E-1,-2.294874269E-1
1.045337520E2,-5.889694212E-1,6.475490203E-1,1.071274227E-1
1.045537520E2,1.791342755E-1,-7.754752815E-1,4.725415635E-1
1.045737520E2,1.608510554E-1,-1.688110893E0,5.155858415E-1
1.045937520E2,3.588649669E-1,-4.002711475E-1,8.716011679E-1
1.046137520E2,1.080927688E0,1.931644063E0,1.356592623E0
1.046337520E2,1.020335038E0,2.421108492E0,8.771969533E-1
1.046537520E2,7.092660892E-1,1.101911590E0,1.537886714E0
1.046737520E2,9.962164432E-2,5.425470605E-2,1.221731856E0
1.046937520E2,1.032115424E-1,4.117343214E-1,6.877945286E-1
1.047137520E2,3.953298117E-1,1.039061039E0,1.201019264E0
1.047337520E2,-1.563852444E-2,5.907820581E-1,1.201980547E0
1.047537520E2,-1.492199202E-1,-1.217526247E-1,2.062323486E0
1.047737520E2,-3.258022515E-1,1.336409496E0,2.184399900E0
1.047937520E2,8.585726944E-1,2.682891406E0,1.668603559E0
1.048137520E2,1.052966595E0,1.535981691E0,1.639406657E0
1.048337520E2,6.796726730E-1,-2.376632962E-1,1.240088605E0
1.048537520E2,5.597891839E-1,-8.695715994E-1,1.080109954E0
1.048737520E2,3.392715320E-2,-4.694321604E-1,1.061777179E0
1.048937520E2,-2.990667350E-1,8.025682090E-1,1.311038135E0
1.049137520E2,-5.152081114E-1,2.369870072E0,2.282573481E0
1.049337520E2,-4.385623701E-1,2.077894475E0,3.145676891E0
1.049537520E2,-2.290366796E-1,-3.806467223E-1,3.252907809E0
1.049737520E2,-1.995901747E-1,-1.196701827E0,3.253945105E0
1.049937520E2,3.381148797E-1,1.317198908E0,3.224937068E0
1.050137520E2,1.218159573E0,3.283366540E0,3.360472603E0
1.050337520E2,9.707117656E-1,1.705188417E0,2.958035647E0
1.050537520E2,-4.600437979E-1,-6.525508748E-1,2.772578339E0
1.050737520E2,-5.060495444E-1,-9.001098526E-1,3.301928526E0
1.050937520E2,-2.100096937E-1,2.693657300E-1,3.115563145E0
1.051137520E2,1.369042953E-1,4.000281957E-1,3.057478659E0
1.051337520E2,-1.026360302E-1,4.062981650E-1,3.124321690E0
1.051537520E2,2.265014731E-1,6.940772156E-1,3.227470667E0
1.051737520E2,3.512089882E-1,9.149473085E-1,2.938455661E0
1.051937520E2,8.339473649E-1,7.015153125E-1,2.189432598E0
1.052137520E2,8.855818605E-1,1.249563141E-1,2.042903713E0
1.052337520E2,-2.841556773E-2,7.135298789E-2,2.205143482E0
1.052537520E2,-4.555519668E-1,2.578914464E-1,2.076033452E0
1.052737520E2,-2.600702651E-1,4.961786404E-1,1.904315931E0
1.052937520E2,2.854751015E-1,4.014650027E-1,1.649746873E0
1.053137520E2,8.421487427E-1,1.513630709E-1,1.757081287E0
1.053337520E2,6.462578820E-1,5.739115253E-2,1.776654257E0
1.053537520E2,3.708861845E-1,6.307109396E-1,1.225958224E0
1.053737520E2,7.347867005E-2,9.480485424E-1,1.228053281E0
1.053937520E2,-5.142881982E-2,3.858940136E-1,1.552352725E0
1.054137520E2,-3.672300667E-1,-1.985498089E-1,1.607000218E0
1.054337520E2,-4.152987841E-1,4.629084219E-1,1.351200905E0
1.054537520E2,2.285603508E-3,8.442777139E-1,1.214325773E0
1.054737520E2,3.382932928E-1,4.256965953E-1,1.348116499E0
1.054937520E2,2.079096662E-1,1.898089524E-1,1.631110627E0
1.055137520E2,4.303454241E-1,7.585119241E-1,1.739448423E0
1.055337520E2,5.401511639E-1,9.446257286E-1,1.329972004E0
1.055537520E2,1.866741139E-1,2.507867870E-1,8.836166114E-1
1.055737520E2,9.734853923E-2,-1.808896096E-1,7.908891267E-1
1.055937520E2,-2.672517423E-1,2.729997745E-1,7.036130011E-1
1.056137520E2,-6.266658358E-2,-2.663362876E-2,4.471833587E-2
1.056337520E2,-5.014223503E-1,-6.348684561E-1,-2.242337036E-1
1.056537520E2,-7.673725024E-2,2.133210450E-1,3.420890129E-1
1.056737520E2,5.732414344E-1,5.930677347E-1,-3.024396282E-1
1.056937520E2,5.696632308E-1,-9.686935991E-3,-7.686416405E-1
1.057137520E2,9.866932292E-1,-6.590713973E-1,-1.180658675E0
1.057337520E2,-1.034964480E-1,-2.571780860E-1,-2.138055453E0
1.057537520E2,-5.489545856E-1,-1.285027966E-2,-2.341732101E0
1.057737520E2,-4.718181168E-1,-3.300652371E-1,-3.858197540E0
1.057937520E2,-8.454212831E-1,-5.508949842E-1,-4.963000871E0
1.058137520E2,-3.216600108E-1,-6.161857250E-1,-5.293211265E0
1.058337520E2,-1.459045489E-1,-3.210387442E-1,-6.011087964E0
1.058537520E2,6.157172900E-1,-4.050220102E-1,-4.895871327E0
1.058737520E2,5.467307433E-2,1.567634131E-1,-4.003912493E0
1.058937520E2,-1.003684799E0,8.538137917E-1,-4.122879943E0
1.059137520E2,-6.028037142E-1,4.731591757E-1,-3.486560208E0
1.059337520E2,-1.196366123E0,-2.399466339E-1,-2.408394452E0
1.059537520E2,-1.315862381E0,-1.117532208E0,-7.526875126E-1
1.059737520E2,-8.270786407E-1,-1.414430941E0,-1.275219262E-1
1.059937520E2,-4.765181087E-1,-9.346307174E-1,-2.704968739E-1
1.060137520E2,1.534313773E-1,-4.286253925E-1,-2.418993115E-1
1.060337520E2,5.545081249E-1,-4.662765643E-1,-2.667645961E-1
1.060537520E2,1.023347231E0,-8.407300620E-1,5.102748156E-2
1.060737520E2,4.733468713E-1,-6.117047113E-1,1.825804782E-1
1.060937520E2,-4.954345822E-2,3.784991131E-1,-1.291965687E-1
1.061137520E2,-4.598762020E-2,5.959947778E-1,-2.605922753E-1
1.061337520E2,-9.037836581E-2,-5.157333376E-1,-7.442102194E-2
1.061537520E2,-1.495108192E-1,-1.814598593E0,4.226367474E-2
1.061737520E2,-4.646891914E-1,-1.798614937E0,3.052457070E-1
1.061937520E2,-4.862237558E-1,-4.176214443E-1,1.276774621E-1
1.062137520E2,-4.996957406E-2,3.749557004E-1,-8.523018479E-2
1.062337520E2,-3.363947019E-2,-6.652603827E-2,4.695138752E-2
1.062537520E2,-1.816291362E-3,-8.496051121E-1,5.677763343E-2
1.062737520E2,2.253125149E-1,-6.904595433E-1,2.261703014E-1
1.062937520E2,2.981170741E-1,1.802328211E-1,3.762449384E-2
1.063137520E2,7.846568719E-2,4.384914726E-1,-5.971995234E-2
1.063337520E2,-1.944112958E-1,1.243158247E-1,2.181870979E-1
1.063537520E2,-1.847490643E-1,-4.958862066E-1,-4.748816192E-2
1.063737520E2,-2.326650962E-2,-4.849649964E-1,-1.140323997E-1
1.063937520E2,-6.063621104E-2,-9.323516920E-2,-9.239243925E-2
1.064137520E2,-2.324774006E-1,-2.659799729E-1,6.252369225E-2
1.064337520E2,-2.463471423E-1,-4.672060523E-1,-1.078577399E-2
1.064537520E2,-1.156992947E-1,-2.645285477E-1,3.535799611E-1
1.064737520E2,1.207691230E-1,-1.609252419E-1,6.937241900E-1
1.064937520E2,-7.004759699E-2,-3.521402304E-1,2.618710613E-1
1.065137520E2,-1.294475605E-1,-6.293226644E-1,-1.252023357E-1
1.065337520E2,1.121934503E-3,-4.057897496E-1,-2.646788943E-1
1.065537520E2,2.589932080E-1,-1.557522833E-2,-1.516019297E-1
1.065737520E2,2.525440215E-1,-9.374731220E-2,1.152959830E-1
1.065937520E2,-1.412282382E-1,-3.365978196E-1,-7.771534324E-3
1.066137520E2,-3.026850651E-1,-3.152314357E-1,1.344461989E-1
1.066337520E2,-4.913279365E-1,-1.189863800E-1,3.579542631E-1
1.066537520E2,-3.127329205E-1,5.835725874E-2,2.515039480E-1
1.066737520E2,-4.159003164E-1,1.765851818E-2,3.006977427E-1
1.066937520E2,-6.834962404E-1,-1.411352675E-1,3.295794797E-1
1.067137520E2,-6.733684243E-1,-2.536978233E-1,2.673364538E-1
1.067337520E2,-3.614305790E-1,-1.082029449E-1,-2.013079405E-2
1.067537520E2,-7.657045841E-2,-3.434778728E-2,-3.720407903E-2
1.067737520E2,2.659693748E-2,-5.585625842E-2,2.430278242E-2
1.067937520E2,1.980554268E-1,1.463580005E-2,-2.584527791E-1
1.068137520E2,5.230954206E-1,7.062362082E-2,-3.122296214E-2
1.068337520E2,6.915466869E-1,6.959684975E-2,-7.267972112E-2
1.068537520E2,8.664180498E-1,-2.556840494E-1,-1.361869150E-1
1.068737520E2,1.114461031E0,-2.329045397E-1,-3.817202711E-1
1.068937520E2,1.153903716E0,1.109737211E-1,-6.509488839E-1
1.069137520E2,1.443411496E0,3.807138191E-1,-6.966553992E-1
1.069337520E2,1.460964984E0,9.503223053E-1,-6.147481871E-1
1.069537520E2,1.307002972E0,1.221478233E0,-6.601079625E-1
1.069737520E2,1.426304297E0,9.741152836E-1,-6.759159100E-1
1.069937520E2,1.087209644E0,8.200499951E-1,-9.121942931E-1
1.070137520E2,1.048029060E0,6.296241615E-1,-7.642129594E-1
1.070337520E2,7.687335880E-1,4.418917747E-1,6.475265086E-2
1.070537520E2,4.986729164E-1,-2.271797501E-1,1.634763967E0
1.070737520E2,-1.742831330E-1,-1.390586873E0,1.919690015E0
1.070937520E2,-6.694360256E-2,-2.029458187E0,9.391797781E-1
1.071137520E2,-9.947926462E-2,-1.072120831E0,8.011796415E-1
1.071337520E2,2.677659318E-2,7.964865200E-2,4.763878620E-1
1.071537520E2,1.320685749E-1,2.650990167E-1,3.442138910E-2
1.071737520E2,-1.665550143E-1,-3.583629835E-1,-5.545791686E-1
1.071937520E2,-9.073929982E-1,-5.053602308E-1,-7.419110942E-1
1.072137520E2,-1.440255462E0,-1.876671904E-1,-8.214513534E-1
1.072337520E2,-1.477008136E0,7.375392772E-2,-1.079360341E0
1.072537520E2,-1.336554653E0,4.348486573E-2,-1.037047550E0
1.072737520E2,-8.929278637E-1,4.015502259E-3,-1.064144717E0
1.072937520E2,-8.543591908E-1,1.442407968E-1,-1.233218712E0
1.073137520E2,-9.700675486E-1,1.638663183E-1,-1.595977047E0
1.073337520E2,-8.974891305E-1,2.309748124E-1,-2.183940893E0
1.073537520E2,-9.494827183E-1,5.849776733E-1,-2.554585369E0
1.073737520E2,-6.229401362E-1,5.589605603E-1,-2.737688003E0
1.073937520E2,-5.964836781E-1,-7.147227108E-2,-2.255045959E0
1.074137520E2,-1.189258029E0,-7.699669120E-1,-1.978624687E0
1.074337520E2,-1.300006924E0,-1.101731423E0,-2.064316801E0
1.074537520E2,-1.081200899E0,-5.796015970E-1,-1.868315794E0
1.074737520E2,-6.292231156E-1,1.011588042E-1,-1.308347831E0
1.074937520E2,2.652902207E-1,3.385654807E-2,-7.191280031E-1
1.075137520E2,5.337731673E-1,-7.895203666E-1,-1.294885787E0
1.075337520E2,3.830739015E-1,-1.219960735E0,-2.132978901E0
1.075537520E2,3.461491732E-1,-9.260657159E-1,-2.078667038E0
1.075737520E2,2.058659913E-1,-3.587160822E-1,-1.688231492E0
1.075937520E2,1.967674313E-1,-6.998809426E-1,-9.768785316E-1
1.076137520E2,-3.580602439E-1,-1.762605152E0,-1.592037778E0
1.076337520E2,2.492796671E-1,-1.364964666E0,-1.115896084E0
1.076537520E2,1.127489212E0,-1.275743318E-1,-7.294512624E-1
1.076737520E2,1.064859685E0,4.740633014E-1,-3.764893520E-1
1.076937520E2,2.337038541E-1,-1.098531023E-1,-1.478404158E-1
1.077137520E2,-5.813382201E-2,-4.056359679E-1,-3.333790004E-2
1.077337520E2,2.697178786E-1,3.091146635E-1,2.130234218E-1
1.077537520E2,6.872885252E-1,1.854459062E-2,4.644735754E-1
1.077737520E2,4.740591352E-1,-9.293976787E-1,-5.581518173E-2
1.077937520E2,7.316079348E-1,-2.066069797E-1,-1.784447426E-1
1.078137520E2,8.385562865E-1,1.189402016E0,-3.315143234E-1
1.078337520E2,1.131089343E0,1.224247329E0,9.368198419E-1
1.078537520E2,-1.138242388E-1,4.182811564E-1,1.559050711E0
1.078737520E2,-4.528811049E-1,-9.689442985E-1,1.542805976E0
1.078937520E2,-2.651062527E-1,-7.243830420E-1,6.525749946E-1
1.079137520E2,1.922820322E-2,7.541206652E-1,1.833610230E0
1.079337520E2,1.354890499E-1,1.145152335E0,2.853190393E0
1.079537520E2,-3.349586988E-1,5.445995794E-1,1.295980386E0
1.079737520E2,-9.388209052E-1,8.468826485E-1,8.855818605E-1
1.079937520E2,-4.901255297E-1,1.562416514E0,1.614755965E0
1.080137520E2,3.847147764E-1,8.535049126E-2,2.503091279E0
1.080337520E2,1.309714910E-1,-3.450232919E-1,1.191949648E0
1.080537520E2,1.135288082E-2,1.260102455E0,9.638988823E-1
1.080737520E2,-4.609353521E-1,9.282067470E-1,1.901544351E0
1.080937520E2,1.027621108E-1,-1.443957188E0,1.722842331E0
1.081137520E2,3.954903178E-2,-8.141214301E-1,1.645926302E0
1.081337520E2,6.138692775E-1,9.999871664E-1,2.193898117E0
1.081537520E2,6.490467115E-1,6.708637695E-1,1.831905767E0
1.081737520E2,5.880163251E-1,-1.998382428E-1,1.316441547E0
1.081937520E2,6.001606265E-1,-1.996639958E-1,1.583941723E0
1.082137520E2,7.918956517E-1,-1.287960345E-1,3.102903339E0
1.082337520E2,2.590981655E-2,7.421264179E-1,2.663283938E0
1.082537520E2,3.082750033E-1,1.109168131E0,2.398788646E0
1.082737520E2,4.921252044E-1,4.912237099E-1,3.309725788E0
1.082937520E2,6.069998223E-1,-3.634975697E-1,4.453505489E0
1.083137520E2,9.084623078E-1,1.052025485E0,4.970840233E0
1.083337520E2,1.638244230E0,2.272456044E0,3.286700038E0
1.083537520E2,1.677060679E0,1.373019937E0,4.036590242E0
1.083737520E2,-2.639200719E-1,4.762766187E-1,4.684362334E0
1.083937520E2,-9.124054507E-1,4.492091265E-1,3.411168548E0
1.084137520E2,-4.328999265E-1,2.234870873E0,2.081218763E0
1.084337520E2,-5.909430027E-2,2.403914754E0,2.282907357E0
1.084537520E2,1.188839807E-1,8.320557176E-1,2.119126847E0
1.084737520E2,2.058795130E-1,-4.635222334E-1,2.274945204E0
1.084937520E2,3.565529779E-1,-2.868094361E-1,2.133380020E0
1.085137520E2,-3.167948350E-2,7.932894087E-1,1.170921307E0
1.085337520E2,5.786392915E-1,1.228129734E0,1.636359673E0
1.085537520E2,6.784878078E-1,3.342651460E-1,1.788072699E0
1.085737520E2,1.985460082E-1,-5.551799700E-2,1.607911214E0
1.085937520E2,1.640253626E-1,6.344211441E-1,1.490648228E0
1.086137520E2,6.015559915E-1,8.061988914E-1,1.024299451E0
1.086337520E2,4.876129080E-1,1.966263673E-1,1.097201366E0
1.086537520E2,2.717506631E-1,-2.892155653E-1,1.292453930E0
1.086737520E2,1.065693060E-1,2.778132024E-1,1.165982164E0
1.086937520E2,-1.574156700E-1,7.297132176E-1,1.155058395E0
1.087137520E2,-1.034328595E-2,1.429135519E-1,6.341077334E-1
1.087337520E2,9.936363593E-2,-5.189710870E-1,5.592738980E-1
1.087537520E2,9.641473889E-2,-8.943330958E-2,1.170844708E0
1.087737520E2,5.570309061E-1,3.244624351E-1,9.107207948E-1
1.087937520E2,3.656319496E-1,-2.829723470E-1,5.691638786E-1
1.088137520E2,5.134296808E-1,-8.880023155E-1,4.103646111E-1
1.088337520E2,7.902112882E-1,-7.506596982E-1,1.394456268E0
1.088537520E2,1.030702005E0,-1.219653025E0,2.679147434E-1
1.088737520E2,9.905137999E-1,-1.160571881E0,-1.093447453E0
1.088937520E2,1.373161586E-1,-3.414776865E-1,-2.081515802E0
1.089137520E2,-5.793026581E-1,1.939550668E-1,-1.925319715E0
1.089337520E2,-1.714886171E0,7.014818372E-1,-3.639056177E0
1.089537520E2,-1.007119892E0,2.562321527E-1,-3.922286532E0
1.089737520E2,-4.718163626E-1,-6.276171778E-1,-4.245173873E0
1.089937520E2,-5.006630163E-1,-1.136352714E0,-4.436307659E0
1.090137520E2,6.195680469E-2,-9.713789329E-1,-4.542381998E0
1.090337520E2,2.528397444E-1,1.634473653E-1,-4.550412564E0
1.090537520E2,-2.254027082E-1,8.586444689E-1,-4.371034021E0
1.090737520E2,-4.211218800E-1,8.887621611E-1,-4.152959189E0
1.090937520E2,-5.937451346E-1,3.079485825E-1,-3.877045455E0
1.091137520E2,-1.497417549E0,-6.988157992E-1,-3.051407495E0
1.091337520E2,-1.594480598E0,-1.056145287E0,-1.767012198E0
1.091537520E2,-7.547770151E-1,-2.967609586E-1,-8.503863001E-1
1.091737520E2,-8.670365390E-1,3.209345175E-1,-6.427364695E-1
1.091937520E2,-6.915691987E-1,4.026750840E-1,5.138416171E-2
1.092137520E2,-2.249866788E-1,1.433460997E-1,-3.148175991E-1
1.092337520E2,5.093921784E-1,-6.755436616E-1,6.910531819E-2
1.092537520E2,1.321722168E-1,-9.724168868E-1,9.905651093E-2
1.092737520E2,-1.696626632E-1,-3.720440794E-1,-3.633214223E-1
1.092937520E2,1.952617733E-1,6.292466506E-2,-3.632202655E-1
1.093137520E2,-6.488538265E-2,-1.811590932E-1,8.742347538E-2
1.093337520E2,-2.721345328E-1,-7.265052158E-1,2.558706486E-1
1.093537520E2,-1.759988523E-1,-1.156337035E0,2.449737775E-1
1.093737520E2,4.470536967E-1,-8.549463243E-1,3.930550987E-1
1.093937520E2,5.947569953E-1,-1.632994308E-1,3.536366791E-1
1.094137520E2,1.873085368E-1,-2.005554769E-1,-1.244638324E-1
1.094337520E2,-3.476995625E-1,-3.485157607E-1,-3.594722003E-1
1.094537520E2,-4.921968327E-1,-3.687560438E-1,-1.579321253E-1
1.094737520E2,-7.563300356E-2,-3.577450790E-1,-5.694720268E-2
1.094937520E2,2.146017314E-1,-2.967572310E-1,2.195021367E-1
1.095137520E2,1.499110611E-1,-2.117279711E-1,2.716125226E-1
1.095337520E2,2.281066069E-1,-6.593992800E-2,-1.515481353E-2
1.095537520E2,2.926391101E-1,2.308960211E-1,3.794550598E-2
1.095737520E2,3.337674017E-1,1.795651422E-1,1.014842749E-2
1.095937520E2,2.207803380E-1,-1.164188676E-1,3.944215930E-1
1.096137520E2,-6.419658065E-3,-2.098728689E-1,8.012088776E-2
1.096337520E2,-4.845458972E-1,-1.744420311E-1,2.603121936E-2
1.096537520E2,-3.245365486E-1,-3.638247214E-2,-1.180962145E-1
1.096737520E2,3.978971779E-2,2.156752072E-1,9.103413105E-2
1.096937520E2,3.698454532E-1,1.996900890E-1,1.177752024E-1
1.097137520E2,3.620690949E-1,-5.269773871E-2,9.018511534E-2
1.097337520E2,-4.699889615E-2,-2.331870333E-1,1.557540375E-1
1.097537520E2,-4.140287688E-1,-2.773658904E-1,-1.420563501E-1
1.097737520E2,-3.601770821E-1,-1.977754913E-1,-3.334538448E-1
1.097937520E2,-1.323607895E-1,-1.152069591E-1,-3.328276080E-1
1.098137520E2,-2.709893556E-1,-3.874525159E-1,-3.160180324E-1
1.098337520E2,-1.970926827E-1,-7.491599605E-1,-4.650512803E-1
1.098537520E2,-2.072614293E-1,-7.318102484E-1,-5.314937764E-1
1.098737520E2,-9.163376302E-2,-3.169507364E-1,-5.552942830E-1
1.098937520E2,-9.458046734E-2,-3.961488605E-3,-5.070062220E-1
1.099137520E2,-4.731157601E-2,-8.846917681E-2,-6.734916544E-1
1.099337520E2,-2.834116191E-1,-1.612311244E-1,-8.653674513E-1
1.099537520E2,-2.866721727E-1,-1.358796439E-1,-1.449717134E0
1.099737520E2,-4.750760391E-2,-1.223138112E-1,-1.866822415E0
1.099937520E2,1.179656754E-1,-2.475282799E-1,-2.354557968E0
1.100137520E2,-1.380425289E-2,-4.829233680E-1,-2.292285122E0
1.100337520E2,-4.768588552E-1,-5.288805827E-1,-2.787073002E0
1.100537520E2,-7.756778875E-1,-3.293517306E-1,-2.913672237E0
1.100737520E2,-8.092040679E-1,5.428452685E-2,-2.931923152E0
1.100937520E2,-6.894753107E-1,1.242967482E-1,-3.114072690E0
1.101137520E2,-7.844346777E-1,-4.984853670E-1,-2.674684255E0
1.101337520E2,-9.512166370E-1,-1.159977950E0,-1.838937628E0
1.101537520E2,-1.033655434E0,-1.208758201E0,-1.316190117E0
1.101737520E2,-9.550070945E-1,-4.411678894E-1,-1.349633267E0
1.101937520E2,-3.976827313E-1,8.666450679E-2,-1.844343379E0
1.102137520E2,2.432972346E-1,-3.375520121E-1,-1.595499330E0
1.102337520E2,8.858018620E-1,-7.915551245E-1,-1.366946872E0
1.102537520E2,8.548165892E-1,-4.270328303E-1,-1.073318998E0
1.102737520E2,2.957901746E-1,4.143190831E-3,-7.557233870E-1
1.102937520E2,1.582534298E-2,-2.775769749E-1,-3.150134808E-1
1.103137520E2,-2.912074193E-1,-4.629321031E-1,-2.715780240E-1
1.103337520E2,3.607024544E-1,-2.592675886E-1,2.544316489E-1
1.103537520E2,8.943278334E-1,1.121187522E-1,6.154849362E-1
1.103737520E2,1.268564107E0,2.410419635E-1,6.059715164E-1
1.103937520E2,1.074838690E0,1.970643237E-2,-1.605499238E-1
1.104137520E2,3.539179301E-1,-1.097820586E-1,-6.537578863E-1
1.104337520E2,1.882003833E-1,-3.172336686E-1,2.806792152E-1
1.104537520E2,2.191149049E-1,1.758418545E-2,3.279159468E-1
1.104737520E2,1.236152552E-1,-3.365642712E-2,8.155789948E-1
1.104937520E2,7.072295040E-2,-1.581854559E-1,6.634250879E-1
1.105137520E2,5.293827854E-2,-7.025254190E-2,1.302950851E0
1.105337520E2,2.330429725E-1,-1.999354528E-1,1.125365065E0
1.105537520E2,-2.985991770E-1,2.722624406E-1,5.264979154E-1
1.105737520E2,-2.517869532E-1,6.160486078E-1,5.782188767E-1
1.105937520E2,3.993487492E-2,2.170717415E-1,6.406601232E-1
1.106137520E2,2.738714482E-1,1.272706421E-1,7.211517245E-1
1.106337520E2,3.243092380E-1,3.596043473E-1,8.302753866E-1
1.106537520E2,7.400648358E-1,6.047744451E-1,6.356519830E-1
1.106737520E2,9.773534717E-1,3.135718498E-1,6.608178145E-1
1.106937520E2,3.720544582E-1,-3.243055835E-2,1.751165074E0
1.107137520E2,-1.610834822E-3,6.117272231E-1,1.139304827E0
1.107337520E2,-3.173104133E-1,6.969629627E-1,9.524190438E-1
1.107537520E2,-5.102091075E-1,6.870300052E-1,1.778532382E0
1.107737520E2,-2.680767113E-1,1.382041606E0,1.888941262E0
1.107937520E2,2.762506802E-1,7.859530534E-1,1.455080785E0
1.108137520E2,2.818018806E-1,-7.530675817E-1,1.302849694E0
1.108337520E2,5.255086396E-1,-1.240204673E-1,2.041931906E0
1.108537520E2,-1.496936177E-1,1.505028578E0,1.380125912E0
1.108737520E2,1.080265783E-2,1.274731312E0,9.372899580E-1
1.108937520E2,1.154977119E-1,-2.088245362E-1,1.906425022E0
1.109137520E2,-7.061353438E-2,-5.228850670E-1,2.272116321E0
1.109337520E2,4.509474307E-1,2.243032855E-1,2.460068636E0
1.109537520E2,3.652157009E-1,9.800709651E-1,2.393821437E0
1.109737520E2,6.303289703E-1,5.163291688E-1,2.992014402E0
1.109937520E2,3.990910332E-1,-2.155877182E-1,2.918298554E0
1.110137520E2,7.024488936E-1,1.658774681E-1,3.405109078E0
1.110337520E2,5.314950921E-1,1.257504391E0,3.684470916E0
1.110537520E2,6.388327952E-1,1.116801817E0,3.469876932E0
1.110737520E2,4.955256526E-1,-2.651716684E-1,3.568676750E0
1.110937520E2,3.488443011E-1,1.582500677E-1,3.501278234E0
1.111137520E2,2.333693203E-1,1.634866878E0,3.655491530E0
1.111337520E2,1.421696399E-1,1.471092800E0,3.501129715E0
1.111537520E2,1.225536201E-1,2.666689941E-1,3.181360694E0
1.111737520E2,1.720418952E-1,5.073640716E-1,2.794878450E0
1.111937520E2,4.309278068E-1,1.046451042E0,2.995356671E0
1.112137520E2,9.683690786E-2,1.022246493E0,2.163302561E0
1.112337520E2,-2.590400588E-1,1.082273424E0,1.551676202E0
1.112537520E2,1.105026548E-1,9.934378463E-1,1.529745051E0
1.112737520E2,2.333449812E-1,-2.774679244E-2,1.744792778E0
1.112937520E2,4.389990475E-1,-7.336557028E-1,1.616894292E0
1.113137520E2,-8.195662111E-2,6.277901092E-1,1.032827030E0
1.113337520E2,2.812166839E-1,1.666309403E0,9.751787460E-1
1.113537520E2,3.293334216E-1,9.560443175E-1,1.143924712E0
1.113737520E2,1.203805755E-1,-9.122884333E-2,1.305450536E0
1.113937520E2,-2.285082741E-1,5.954246011E-1,1.446978298E0
1.114137520E2,-1.813079048E-2,1.661863181E0,9.457713443E-1
1.114337520E2,1.674601998E-1,1.124454946E0,8.324265772E-1
1.114537520E2,-5.269598454E-2,-4.358884384E-1,7.391102779E-1
1.114737520E2,-2.243447642E-1,-1.431584626E0,1.168791166E0
1.114937520E2,-7.336906399E-1,1.304338396E-2,5.408709562E-1
1.115137520E2,-4.395114463E-1,1.797211459E0,2.185291600E-1
1.115337520E2,5.318133999E-2,1.319467774E0,5.458843589E-2
1.115537520E2,1.422800792E-1,-8.187277204E-1,5.980105323E-1
1.115737520E2,-4.281158808E-1,-8.689614424E-1,1.244480449E0
1.115937520E2,5.208801299E-1,1.487097945E0,1.319455202E0
1.116137520E2,1.242614602E0,3.666957043E-1,1.063409722E-1
1.116337520E2,9.284004360E-1,-2.598532749E0,4.198265755E-1
1.116537520E2,-4.511521563E-1,-2.354659564E0,-4.177695251E-1
1.116737520E2,-5.039734905E-1,3.777940120E-1,-1.146914393E0
1.116937520E2,-5.347210009E-1,2.010389393E0,-1.617098359E0
1.117137520E2,-1.403685805E0,9.025072110E-1,-2.431284547E0
1.117337520E2,-1.097426484E0,-1.301932997E0,-3.025938193E0
1.117537520E2,-1.451889228E-1,-2.253469550E0,-3.064186585E0
1.117737520E2,7.299719569E-1,-1.001569861E0,-4.158012353E0
1.117937520E2,7.482339077E-1,8.101720744E-1,-4.665257142E0
1.118137520E2,2.711559281E-1,1.231719339E0,-4.810903097E0
1.118337520E2,-5.649712057E-1,-1.488809279E-1,-5.104751412E0
1.118537520E2,-9.532055674E-1,-1.541859166E0,-4.595802160E0
1.118737520E2,-9.874128753E-1,-5.889967570E-1,-4.644871409E0
1.118937520E2,-6.123339448E-1,1.584675549E0,-3.966867458E0
1.119137520E2,-6.048396416E-1,2.022324437E0,-2.744757872E0
1.119337520E2,-1.707913951E-1,-4.009440889E-1,-1.663658568E0
1.119537520E2,-6.114944308E-1,-3.134060812E0,-9.477898031E-1
1.119737520E2,-9.860838032E-1,-2.568587111E0,6.446952868E-1
1.119937520E2,-3.179555804E-1,6.980480598E-1,3.074044991E-1
1.120137520E2,6.153983244E-1,2.053930392E0,3.384175462E-1
1.120337520E2,-2.761469653E-1,7.920563771E-1,5.775294900E-3
1.120537520E2,-2.354607962E-1,-5.448828770E-1,-4.734952444E-1
1.120737520E2,4.229395600E-1,-9.254322432E-2,-6.988580453E-1
1.120937520E2,5.349740392E-1,3.992526356E-1,-4.436200655E-1
1.121137520E2,-1.901135192E-1,-4.588983283E-1,-4.803926200E-1
1.121337520E2,-5.191318124E-1,-1.458397618E0,-1.360395652E-1
1.121537520E2,-8.381663503E-1,-1.564141151E0,-8.563948989E-2
1.121737520E2,-1.544185334E-1,-8.587465028E-1,1.074811792E-1
1.121937520E2,3.522134668E-1,8.392917931E-2,3.635705137E-1
1.122137520E2,5.407743309E-1,2.769671103E-1,2.343949950E-1
1.122337520E2,4.511217508E-1,-4.652512550E-2,1.284615737E-1
1.122537520E2,2.641681400E-1,-6.354680881E-2,-3.787943244E-2
1.122737520E2,-6.196586788E-2,2.423094206E-1,8.112368524E-2
1.122937520E2,-1.250457765E-1,8.793693401E-2,-4.314309597E-2
1.123137520E2,-2.410790934E-1,-1.034580025E-1,-2.302996051E-1
1.123337520E2,-2.915509433E-1,1.102272510E-1,5.063688755E-3
1.123537520E2,-1.117552015E-1,3.048738241E-2,-3.832089722E-2
1.123737520E2,-2.263407478E-1,-1.508584562E-1,-8.175693870E-2
1.123937520E2,-3.673320276E-1,1.226701990E-1,-1.820530593E-2
1.124137520E2,-1.239922544E-1,3.775911136E-1,-4.732151628E-2
1.124337520E2,-6.278009266E-3,1.708823924E-1,-6.936434984E-2
1.124537520E2,-1.048708360E-1,-2.371697181E-1,-2.597110999E-1
1.124737520E2,2.287970169E-1,-3.308910833E-1,-6.296340287E-2
1.124937520E2,4.283502080E-1,1.769762143E-2,1.420481640E-1
1.125137520E2,3.816135594E-1,1.964895424E-1,6.736109376E-2
1.125337520E2,2.275030281E-1,-2.337205186E-3,4.298522115E-2
1.125537520E2,1.235050352E-1,-5.292490304E-2,4.177607542E-1
1.125737520E2,5.853574499E-2,-8.468639374E-2,2.729059267E-1
1.125937520E2,-4.805680364E-3,-2.363921115E-1,2.371806085E-2
1.126137520E2,-8.255829960E-3,-2.883153865E-1,3.060496992E-1
1.126337520E2,1.081859149E-1,-1.942210420E-1,1.616047615E-1
1.126537520E2,3.062739399E-1,-2.391256848E-1,1.416137159E-1
1.126737520E2,1.568161842E-1,-3.416276675E-1,1.453939408E-1
1.126937520E2,1.325666115E-2,-5.476702447E-1,6.520931840E-2
1.127137520E2,-6.271781981E-2,-4.166360423E-1,1.895901203E-1
1.127337520E2,1.010572819E-1,9.795789219E-2,1.988053322E-3
1.127537520E2,1.520466104E-1,1.810894382E-1,2.666798115E-2
1.127737520E2,2.978576039E-1,-2.060808033E-1,7.192776918E-2
1.127937520E2,2.066066873E-1,-6.723255734E-1,-2.437710053E-1
1.128137520E2,1.059280126E-1,-5.554424369E-1,-6.018615085E-1
1.128337520E2,9.228748173E-2,-7.734514140E-2,-6.721403629E-1
1.128537520E2,-1.892080048E-1,6.097476482E-3,-7.397715980E-1
1.128737520E2,-7.252400976E-1,-2.447216894E-1,-9.927636623E-1
1.128937520E2,-1.040677355E0,-6.009206915E-1,-1.165344232E0
1.129137520E2,-9.745000304E-1,-6.977562106E-1,-1.400795234E0
1.129337520E2,-1.092780725E0,-4.103176142E-1,-1.725482934E0
1.129537520E2,-3.464114209E-1,7.351930819E-2,-2.473792636E0
1.129737520E2,2.061583520E-1,3.590417721E-1,-2.644507944E0
1.129937520E2,2.020555070E-1,5.224761274E-1,-2.320545300E0
1.130137520E2,-4.023518792E-1,3.926055939E-1,-2.393693383E0
1.130337520E2,-7.376015501E-1,-3.236908219E-1,-1.655292957E0
1.130537520E2,-6.630170985E-1,-9.238340530E-1,-1.731642390E0
1.130737520E2,2.283600837E-2,-9.109704709E-1,-1.940585625E0
1.130937520E2,2.483707175E-1,-8.263426955E-1,-2.595088447E0
1.131137520E2,2.022538738E-1,-7.199921485E-1,-2.538672756E0
1.131337520E2,3.978281808E-1,-5.224102000E-1,-1.561179682E0
1.131537520E2,7.813546568E-2,-5.179932133E-1,-1.760209547E0
1.131737520E2,-3.500789407E-1,-9.244866753E-1,-2.064001052E0
1.131937520E2,-1.362806167E-1,-1.142947496E0,-1.643851125E0
1.132137520E2,6.990227176E-1,-7.537575531E-1,-8.038740385E-1
1.132337520E2,8.456227928E-1,-2.467698960E-1,-1.078840524E0
1.132537520E2,3.430358233E-1,-2.885915212E-1,-1.457247178E0
1.132737520E2,5.465363234E-1,-5.053263900E-1,-1.088006619E0
1.132937520E2,9.543569572E-2,-5.614588563E-1,-9.242109060E-2
1.133137520E2,3.361103079E-1,-9.516524738E-1,1.268073964E-1
1.133337520E2,1.104759623E0,-1.320243115E0,-4.972138900E-1
1.133537520E2,5.610983024E-1,-7.103363489E-1,-8.004621881E-1
1.133737520E2,3.677860638E-1,2.993105639E-1,-8.029302979E-1
1.133937520E2,6.528355611E-1,-1.297406521E-1,-3.753579158E-1
1.134137520E2,-5.767269596E-2,-7.200930861E-1,3.822564608E-1
1.134337520E2,-2.666560572E-1,5.684559269E-1,8.861379308E-1
1.134537520E2,-2.408034337E-1,2.260976790E0,-1.589232284E-1
1.134737520E2,-2.685062989E-1,2.017806440E0,4.891780615E-1
1.134937520E2,-8.240895806E-2,3.548224944E-1,1.979724548E0
1.135137520E2,9.414050091E-2,-1.027270567E0,1.921496805E0
1.135337520E2,-3.442600109E-1,1.755379455E-1,1.337546487E0
1.135537520E2,-7.606546363E-1,1.447443736E0,1.572305764E0
1.135737520E2,-9.338167119E-1,1.035566304E0,1.822122790E0
1.135937520E2,-5.107839984E-1,3.789253020E-1,1.130014186E0
1.136137520E2,-3.031547427E-1,1.728410050E0,1.774745141E0
1.136337520E2,5.827152394E-1,1.532950056E0,1.469167897E0
1.136537520E2,2.276585640E-1,-5.750049546E-2,1.025681148E0
1.136737520E2,-6.356408002E-1,-3.903454989E-1,1.343890132E0
1.136937520E2,-3.039775328E-2,7.178014161E-1,2.405497157E0
1.137137520E2,3.871127196E-1,1.388763419E0,1.854981803E0
1.137337520E2,1.640508528E-1,-1.020425378E-1,1.646287075E0
1.137537520E2,-6.356462820E-1,-1.047051844E0,1.807833365E0
1.137737520E2,-3.558142918E-1,-7.764254540E-2,2.127525787E0
1.137937520E2,-4.952696542E-1,1.526853895E0,1.673492416E0
1.138137520E2,-3.867945579E-1,9.323247948E-1,2.291275308E0
1.138337520E2,-4.762274290E-1,-6.828765817E-1,2.404653404E0
1.138537520E2,-6.359159483E-2,-6.533978440E-1,2.347294557E0
1.138737520E2,3.753965805E-1,5.631643429E-1,2.875170076E0
1.138937520E2,6.697750179E-1,1.217118988E0,3.380920901E0
1.139137520E2,3.337308201E-1,2.871465281E-1,2.596701694E0
1.139337520E2,2.126519591E-1,-8.031577545E-1,2.876413779E0
1.139537520E2,4.342206297E-1,-1.032279146E-1,2.422695572E0
1.139737520E2,1.014161694E0,-4.291885525E-2,3.085651129E0
1.139937520E2,6.410543717E-1,-4.588488463E-1,2.814978839E0
1.140137520E2,2.567182756E-1,-4.170408158E-1,2.667134330E0
1.140337520E2,-2.977324917E-1,4.806500436E-1,2.573665418E0
1.140537520E2,-7.435785739E-1,1.180817573E0,1.422121784E0
1.140737520E2,-3.355590251E-1,3.475615682E-1,2.007916313E0
1.140937520E2,-5.972485670E-1,2.286742254E-1,1.819416699E0
1.141137520E2,-3.784382655E-1,9.030529024E-1,2.138661810E0
1.141337520E2,-2.764187146E-1,1.218517934E0,2.405608839E0
1.141537520E2,5.302771170E-1,7.946867470E-1,1.667216599E0
1.141737520E2,2.198910862E-1,-3.752286923E-1,1.807014170E0
1.141937520E2,-2.066486045E-1,-7.138675556E-2,1.421679150E0
1.142137520E2,1.057351001E-1,1.010354426E0,1.484012223E0
1.142337520E2,-2.975921403E-1,3.254959305E-1,1.045555249E0
1.142537520E2,-1.075344803E-1,-6.683674470E-1,6.837535179E-1
1.142737520E2,-1.456144813E-1,3.441387543E-1,7.819727075E-1
1.142937520E2,2.352908250E-1,1.278349861E0,6.533947742E-1
1.143137520E2,-2.230705097E-1,4.385391274E-1,6.215976155E-1
1.143337520E2,-1.838841332E-1,-4.960964870E-1,6.161591202E-1
1.143537520E2,-1.722793105E-1,4.185023274E-1,7.301260310E-1
1.143737520E2,5.661711274E-1,1.249090832E0,1.285888676E0
1.143937520E2,1.820468101E-1,5.713255942E-2,6.160871994E-1
1.144137520E2,-7.320574212E-2,-8.718881200E-1,5.898454803E-1
1.144337520E2,-1.010477528E-1,5.384294513E-1,4.718814129E-1
1.144537520E2,1.358609876E-1,1.324183553E0,1.037918785E0
1.144737520E2,1.067136225E-1,-1.829137695E-1,8.271617442E-1
1.144937520E2,-1.709820326E-1,-1.291324248E0,7.059787846E-1
1.145137520E2,4.263624470E-1,1.401084964E-1,1.238219250E0
1.145337520E2,7.737923066E-1,1.508444813E0,1.138508436E0
1.145537520E2,5.753067441E-1,3.068520834E-1,3.806537390E-1
1.145737520E2,1.241438800E-1,-1.395467252E0,2.217147231E-2
1.145937520E2,-4.089585751E-1,-6.928137785E-1,1.010041015E0
1.146137520E2,-4.685298619E-1,1.075249603E0,6.126250631E-1
1.146337520E2,-6.811514338E-1,9.272939967E-1,1.265670758E-1
1.146537520E2,-1.540961472E0,-4.283173174E-2,-1.580350363E0
1.146737520E2,-1.235334673E-1,-8.409690669E-1,-1.409449114E0
1.146937520E2,-1.460600118E-1,-4.181034011E-1,-9.447931051E-3
1.147137520E2,-1.767693691E-2,2.030083108E-1,-1.449723566E-1
1.147337520E2,1.365893497E0,4.093458800E-1,-1.663452746E0
1.147537520E2,6.832787970E-1,-5.645882861E-1,-2.337476497E0
1.147737520E2,2.592770903E-1,-1.633479334E0,-2.478380946E0
1.147937520E2,-8.154936254E-2,-1.752204417E0,-2.409092025E0
1.148137520E2,-3.250015484E-1,-3.876630887E-2,-3.081404881E0
1.148337520E2,-3.958431973E-1,1.297306534E0,-3.377501450E0
1.148537520E2,-2.195217249E-1,1.218124271E0,-4.391407474E0
1.148737520E2,-1.533730513E-1,-3.552522647E-1,-4.365342341E0
1.148937520E2,-2.153256167E-1,-1.674175517E0,-4.105731229E0
1.149137520E2,-3.179685174E-1,-1.453051801E0,-3.542773000E0
1.149337520E2,-5.753331296E-1,4.061467221E-1,-2.893720368E0
1.149537520E2,-4.080339110E-1,1.242674975E0,-1.752385973E0
1.149737520E2,-6.704420391E-1,-9.987409785E-2,-1.289142067E0
1.149937520E2,-7.745810960E-1,-1.978238624E0,-5.640879107E-1
1.150137520E2,-3.985666841E-2,-2.409916336E0,2.033953965E-1
1.150337520E2,8.723025414E-1,-1.073022106E0,3.705801558E-1
1.150537520E2,8.696976069E-1,1.294826438E-1,1.878026265E-1
1.150737520E2,2.037156777E-1,-3.650124371E-2,2.188086569E-2
1.150937520E2,-1.964415953E-2,-6.955507140E-1,-5.292373359E-2
1.151137520E2,-1.488359043E-1,-3.659830749E-1,-2.926706851E-2
1.151337520E2,-8.863838062E-2,4.768144163E-1,-2.560554206E-2
1.151537520E2,1.117329821E-1,6.409504375E-1,-1.474422204E-1
1.151737520E2,5.554913342E-2,9.716932207E-2,-2.103144068E-1
1.151937520E2,-3.563005243E-1,-4.368671161E-1,-2.709015012E-2
1.152137520E2,-4.861620677E-1,-5.607874498E-1,-4.702155411E-2
1.152337520E2,-4.677522554E-1,-5.199189207E-1,1.254888493E-1
1.152537520E2,-6.674096730E-1,-6.459606242E-1,-1.008796728E-1
1.152737520E2,-4.146017960E-1,-5.212579331E-1,-2.669213015E-1
1.152937520E2,2.749550834E-2,-5.381411836E-2,-9.798062325E-2
1.153137520E2,5.422886136E-1,9.393990487E-3,3.446641266E-1
1.153337520E2,4.071210144E-1,-2.579031408E-1,4.661797929E-1
1.153537520E2,2.578502235E-1,-3.253126203E-1,2.134414977E-1
1.153737520E2,5.079389991E-1,-4.906851813E-2,2.673779690E-1
1.153937520E2,3.602644980E-1,1.328999028E-1,9.537334979E-2
1.154137520E2,-7.003531784E-2,1.130681938E-1,-2.222702086E-2
1.154337520E2,-5.120302959E-1,-2.534607187E-1,1.597459316E-3
1.154537520E2,-5.070414515E-1,-6.146648642E-1,-2.231876367E-1
1.154737520E2,-3.439918430E-1,-2.727647164E-1,-1.409260833E-1
1.154937520E2,-3.601446301E-3,9.024563402E-2,1.921938854E-1
1.155137520E2,2.958922085E-1,-6.961490303E-2,1.221074045E-1
1.155337520E2,1.720012571E-1,-2.297068436E-1,2.108412409E-1
1.155537520E2,1.710724269E-1,-2.193653119E-1,1.331732601E-1
1.155737520E2,-1.801497906E-2,-2.086646149E-1,1.607510680E-1
1.155937520E2,-2.789981407E-1,-3.511875728E-1,7.745280325E-2
1.156137520E2,-1.978952131E-1,-7.131939563E-1,-1.497191262E-1
1.156337520E2,-1.894040327E-1,-4.821631569E-1,-3.116630262E-1
1.156537520E2,3.396706045E-2,-1.947692916E-1,-1.942901123E-1
1.156737520E2,2.389464676E-2,-2.189739870E-1,-8.638325572E-2
1.156937520E2,-3.173937361E-1,-4.233920614E-1,-4.817965364E-1
1.157137520E2,-4.096052040E-1,-4.035700004E-1,-7.773621780E-1
1.157337520E2,-3.304558311E-1,-2.452186297E-1,-9.315585172E-1
1.157537520E2,-3.101540060E-1,-2.897706123E-1,-9.361795717E-1
1.157737520E2,-3.997443134E-1,-3.463146494E-1,-1.445529943E0
1.157937520E2,-5.257515183E-1,-7.281596124E-2,-1.555293290E0
1.158137520E2,-5.290296136E-1,6.239359170E-2,-1.715074305E0
1.158337520E2,-4.312850717E-1,-2.115630797E-1,-2.237746387E0
1.158537520E2,-3.325389017E-1,-3.654577026E-1,-2.173717622E0
1.158737520E2,-6.868064953E-1,-7.089705124E-2,-2.184083565E0
1.158937520E2,-7.919628216E-1,-1.458491465E-1,-2.831629955E0
1.159137520E2,-3.474602652E-1,-7.353844321E-1,-3.303979729E0
1.159337520E2,-1.586956255E-1,-7.427033919E-1,-3.006262897E0
1.159537520E2,1.322448684E-1,-4.673781797E-2,-1.962066541E0
1.159737520E2,5.856980503E-2,5.209056383E-1,-1.749573462E0
1.159937520E2,-3.246067151E-2,5.419088370E-1,-1.916053632E0
1.160137520E2,-3.186526416E-1,4.558414771E-1,-2.161055476E0
1.160337520E2,2.243317907E-1,-2.084846668E-1,-1.675780431E0
1.160537520E2,3.550034657E-1,-6.595306961E-1,-1.849985358E0
1.160737520E2,2.010225964E-1,-7.095191275E-1,-1.137979263E0
1.160937520E2,1.395508913E-1,-3.365647097E-1,-5.999629176E-1
1.161137520E2,1.166381382E-1,-7.506463958E-1,-1.099598140E-1
1.161337520E2,4.100643566E-1,-1.486947964E0,-1.418221107E0
1.161537520E2,1.641778287E-1,-1.385398785E0,-9.409701955E-1
1.161737520E2,9.058532070E-1,-5.396362435E-1,-4.197850603E-1
1.161937520E2,1.095602810E0,-3.059819446E-1,8.447238564E-2
1.162137520E2,1.827666389E-1,-4.643147504E-1,2.104927468E-1
1.162337520E2,2.616434585E-1,5.744450837E-3,6.000295758E-2
1.162537520E2,3.361875643E-1,1.982541590E-1,7.090555894E-1
1.162737520E2,5.271674216E-2,-8.202410529E-1,6.371208036E-1
1.162937520E2,4.338228364E-1,-4.677892390E-1,-6.268343818E-1
1.163137520E2,1.168068669E0,1.878202558E0,2.219316548E-1
1.163337520E2,1.022653532E0,2.835040928E0,6.029754031E-1
1.163537520E2,6.459053680E-3,1.468278389E0,-3.200900334E-1
1.163737520E2,-7.171596111E-1,2.297195613E-2,1.581923849E0
1.163937520E2,-4.284421554E-1,4.218147750E-1,2.151854298E0
1.164137520E2,7.756984258E-1,1.298263285E0,1.336250160E0
1.164337520E2,1.000289029E-1,7.478290612E-1,1.206622066E0
1.164537520E2,-4.480364309E-1,-3.464726704E-1,1.066382446E0
1.164737520E2,-4.442090262E-1,-2.388898958E-1,1.410620311E0
1.164937520E2,-1.442772396E0,1.584204702E0,1.145505214E0
1.165137520E2,-6.408099581E-1,1.747644173E0,9.506976235E-1
1.165337520E2,8.872199580E-3,1.039163365E0,6.052669269E-1
1.165537520E2,-2.165949742E-1,8.803424630E-1,1.356814817E0
1.165737520E2,8.616201170E-3,7.181214049E-1,1.928888855E0
1.165937520E2,-7.416359827E-1,8.578178188E-1,1.941450428E0
1.166137520E2,-5.675011497E-1,1.096484936E0,1.619579333E0
1.166337520E2,-5.400442330E-1,1.845528902E-1,1.767674103E0
1.166537520E2,3.525609376E-1,-4.044644782E-1,1.350182905E0
1.166737520E2,-6.942008112E-2,1.175824197E0,1.939089323E0
1.166937520E2,-1.145464613E-1,1.827905686E0,1.504416082E0
1.167137520E2,-1.904153452E-1,7.733613668E-1,1.178108704E0
1.167337520E2,2.606102555E-1,-9.467637630E-1,1.361292615E0
1.167537520E2,7.425978497E-1,-1.490197261E0,1.401593379E0
1.167737520E2,5.953770925E-1,-3.387156080E-1,7.532926995E-1
1.167937520E2,1.403467887E-1,6.300968358E-1,8.167349893E-1
1.168137520E2,-3.158810249E-1,5.543859181E-1,1.140967190E0
1.168337520E2,-8.452379729E-1,-2.231442212E-1,1.678827415E0
1.168537520E2,-1.781856744E-1,-2.567290199E-1,1.964560964E0
1.168737520E2,7.201423489E-1,9.328297019E-2,2.643774703E0
1.168937520E2,1.325350511E0,4.423383558E-1,2.677863970E0
1.169137520E2,5.676569415E-1,3.257292344E-1,2.688309436E0
1.169337520E2,3.379662507E-1,3.090855736E-1,2.402443156E0
1.169537520E2,2.617449076E-1,-3.039090335E-1,2.481704503E0
1.169737520E2,4.130644899E-2,-3.837492549E-1,2.854446959E0
1.169937520E2,4.965168288E-1,3.272633976E-1,3.120185369E0
1.170137520E2,8.033339019E-1,5.938927768E-1,2.995454904E0
1.170337520E2,5.530623277E-1,-3.761282864E-1,3.060013427E0
1.170537520E2,1.007849844E-1,-6.068556154E-1,3.241748983E0
1.170737520E2,5.247218236E-2,6.490894693E-1,3.241295823E0
1.170937520E2,-3.212888223E-1,1.539196490E0,3.314709955E0
1.171137520E2,-4.262777355E-1,1.026485286E0,2.620346079E0
1.171337520E2,-3.727351106E-1,1.162394312E-1,2.515651098E0
1.171537520E2,4.383650266E-1,-2.172467194E-1,1.993678928E0
1.171737520E2,8.490214138E-1,5.635590300E-1,1.501260340E0
1.171937520E2,5.272920038E-1,8.738643327E-1,1.125037621E0
1.172137520E2,1.185209417E-1,4.100414063E-1,4.159639049E-1
1.172337520E2,1.430470146E-2,-2.848941806E-1,-3.302273512E-2
1.172537520E2,-2.458599231E-1,-6.918722306E-1,2.815258920E-2
1.172737520E2,-2.717385666E-1,1.950965895E-1,4.248002172E-3
1.172937520E2,-2.317068838E-1,1.125593399E0,4.317969954E-1
1.173137520E2,-2.004378748E-1,6.686786650E-1,3.345443505E-1
1.173337520E2,1.291921833E-1,-1.377764075E-1,5.100157839E-1
1.173537520E2,-6.200643294E-2,2.882180303E-1,9.447895968E-1
1.173737520E2,4.833019752E-1,8.612771047E-1,6.755627382E-1
1.173937520E2,9.440088473E-2,-9.681161866E-2,6.423809588E-1
1.174137520E2,-5.844012109E-1,-7.951300391E-1,5.689831996E-1
1.174337520E2,-3.936609433E-1,-1.676038586E-2,1.051243420E0
1.174537520E2,-6.230593463E-1,1.154634180E0,5.150052130E-2
1.174737520E2,2.349103539E-1,9.392332801E-1,4.358976477E-1
1.174937520E2,-3.789824586E-1,2.167886632E-1,9.661143923E-1
1.175137520E2,-5.530654706E-1,-2.435138740E-2,4.866257519E-1
1.175337520E2,-4.818792745E-1,3.421926548E-1,3.568935782E-1
1.175537520E2,1.023133004E0,1.175034530E-2,1.124095634E0
1.175737520E2,1.514129184E0,-1.514533958E0,2.078695689E0
1.175937520E2,7.664131205E-1,-1.718338805E0,1.377769484E0
1.176137520E2,2.895555809E-2,1.178960351E0,7.789958900E-1
1.176337520E2,-1.213982103E-1,7.268151914E-1,-1.365886188E-1
1.176537520E2,1.534092675E-1,-1.853938368E0,1.241264480E-1
1.176737520E2,-1.138200069E0,-1.656842469E0,1.972219062E-1
1.176937520E2,-7.784696406E-1,8.471065968E-1,1.842650610E-1
1.177137520E2,-4.198878251E-1,2.152026206E0,-2.701203716E0
1.177337520E2,9.861312387E-1,-2.552512823E-1,-2.501059372E0
1.177537520E2,3.609714264E-1,-3.248579115E0,-2.703724451E0
1.177737520E2,1.388214146E-1,-2.779201773E0,-2.319101622E0
1.177937520E2,1.334281402E0,1.885958013E-1,-3.261490352E0
1.178137520E2,2.871983929E0,1.895497891E0,-4.365498462E0
1.178337520E2,1.741781609E0,1.047185453E0,-4.902676901E0
1.178537520E2,-4.863171285E-1,-1.024713433E0,-4.563665863E0
1.178737520E2,-1.231863473E0,-2.477067661E0,-4.913424668E0
1.178937520E2,-4.589627573E-1,-2.169536862E0,-4.315826365E0
1.179137520E2,-2.758124497E-1,2.374115004E-1,-3.194054999E0
1.179337520E2,-6.639465134E-1,1.950713587E0,-2.711085511E0
1.179537520E2,-1.111154284E0,1.101996887E0,-1.977941732E0
1.179737520E2,-9.915248566E-1,-1.376870182E0,-8.572211105E-1
1.179937520E2,-5.267959407E-1,-2.624044151E0,-3.267260385E-1
1.180137520E2,-2.154552788E-2,-1.313066242E0,-1.540215075E-1
1.180337520E2,4.490781124E-1,2.497202548E-1,-3.502797925E-1
1.180537520E2,6.310809222E-1,-4.835464619E-2,1.987000823E-1
1.180737520E2,7.023682751E-1,-1.375319939E0,4.905615127E-1
1.180937520E2,2.326595414E-1,-1.516957044E0,2.102079874E-1
1.181137520E2,-5.578962209E-1,8.725529484E-2,-1.243299311E-1
1.181337520E2,-4.527631008E-1,1.154916235E0,-4.671966237E-1
1.181537520E2,-2.926816486E-1,5.491740024E-1,7.345857024E-3
1.181737520E2,-5.462698000E-1,-4.627871653E-1,3.039675057E-2
1.181937520E2,-3.855743902E-1,-1.276463988E-1,4.183653563E-1
1.182137520E2,2.515607391E-1,6.725284718E-1,2.772474843E-1
1.182337520E2,4.582274334E-1,3.411677840E-1,-7.802290678E-2
1.182537520E2,-3.158868355E-1,-6.964152248E-1,4.758639514E-2
1.182737520E2,-5.151641842E-1,-1.149322569E0,3.108216119E-1
1.182937520E2,-4.657411055E-1,-4.470966737E-1,4.625147581E-2
1.183137520E2,-1.479862308E-1,2.234038375E-1,6.323705256E-2
1.183337520E2,-4.273152508E-2,3.122423391E-1,3.672390568E-1
1.183537520E2,5.021734983E-3,-1.632559421E-1,2.137169015E-1
1.183737520E2,2.990103094E-1,-2.799944331E-1,-1.800825477E-2
1.183937520E2,2.624710587E-1,4.992060363E-2,-7.361352146E-2
1.184137520E2,-2.487961024E-2,2.125791796E-2,2.391908813E-1
1.184337520E2,2.519745027E-1,-2.192299488E-1,1.952174807E-1
1.184537520E2,1.783277982E-1,-3.096305341E-1,-2.002911097E-1
1.184737520E2,-9.772553846E-2,-1.675861707E-1,1.655639112E-2
1.184937520E2,-1.321305554E-1,-2.978199624E-1,1.295842391E-1
1.185137520E2,-3.441013321E-3,-4.154879415E-1,9.940266609E-3
1.185337520E2,-1.096613136E-1,-4.538214102E-2,-1.404963130E-1
1.185537520E2,-1.087610617E-1,2.167141843E-1,2.515472174E-2
1.185737520E2,1.210233307E-1,-2.775759517E-1,-2.460619444E-1
1.185937520E2,5.719512463E-2,-7.991708305E-1,-2.604408324E-1
1.186137520E2,-2.944755743E-1,-4.724740282E-1,-2.326572025E-1
1.186337520E2,-3.687517315E-2,2.211510515E-1,8.900397778E-2
1.186537520E2,1.279512580E-1,6.710364085E-1,5.289601779E-1
1.186737520E2,2.016697370E-1,2.442270881E-1,3.129874206E-1
1.186937520E2,2.903043169E-1,-4.713691968E-1,1.615977448E-1
1.187137520E2,6.127960941E-1,-2.700470768E-1,3.602469563E-1
1.187337520E2,7.755711758E-1,3.029793262E-1,3.516878021E-1
1.187537520E2,2.335312150E-1,2.692613572E-1,-1.185025960E-1
1.187737520E2,-4.441816905E-1,6.358949348E-2,-2.184204018E-1
1.187937520E2,-5.181874140E-1,5.300515607E-2,-2.068130940E-1
1.188137520E2,-5.273808450E-2,2.315380454E-2,-9.759119868E-2
1.188337520E2,2.202204672E-1,-9.149182186E-2,-2.153155303E-1
1.188537520E2,1.470766233E-1,-3.527077027E-1,-3.916318864E-1
1.188737520E2,-3.294028938E-3,-6.735387245E-1,-6.019053626E-1
1.188937520E2,-4.111854140E-1,-9.303826421E-1,-8.731845939E-1
1.189137520E2,-3.202631110E-1,-1.210789816E0,-1.313536651E0
1.189337520E2,-1.789655833E-1,-1.377003499E0,-1.655716880E0
1.189537520E2,-3.350665069E-1,-1.332401522E0,-2.065196807E0
1.189737520E2,-1.875368705E-1,-1.009013513E0,-1.787363432E0
1.189937520E2,-2.300110450E-1,-1.609449032E-1,-2.215574915E0
1.190137520E2,-2.198251954E-1,2.631507245E-1,-2.446952747E0
1.190337520E2,-3.522818792E-1,1.158672559E-1,-2.872928254E0
1.190537520E2,-6.591102813E-1,3.955943982E-1,-2.399165792E0
1.190737520E2,-7.383574489E-1,7.426513517E-1,-2.042518381E0
1.190937520E2,-1.222413788E0,3.547290851E-1,-2.241601456E0
1.191137520E2,-1.428405202E0,-2.517986476E-1,-2.441914201E0
1.191337520E2,-8.937394573E-1,-2.338020873E-1,-1.669357849E0
1.191537520E2,-8.825655743E-1,7.235227704E-1,-1.238267782E0
1.191737520E2,-7.784711024E-1,1.359310116E0,-1.899805974E0
1.191937520E2,9.548123091E-2,9.374662516E-1,-1.732163962E0
1.192137520E2,7.180193710E-1,6.348279642E-1,-1.846423818E0
1.192337520E2,3.862982024E-1,1.389801300E-1,-1.196908087E0
1.192537520E2,-9.129710957E-2,-6.112768413E-1,-6.500910974E-1
1.192737520E2,-6.394392246E-1,-4.195814310E-1,-4.490901357E-1
1.192937520E2,-2.715023026E-2,4.019764879E-1,-4.527253497E-1
1.193137520E2,9.504064322E-3,5.245034301E-1,-1.702726740E-1
1.193337520E2,6.692573201E-1,-6.274926321E-1,-3.669630682E-1
1.193537520E2,5.789831078E-1,-1.471623581E0,-3.659889221E-1
1.193737520E2,3.940216434E-1,-6.873789378E-1,4.421038824E-1
1.193937520E2,2.510369016E-1,5.079201418E-1,5.844251114E-1
1.194137520E2,-6.119042476E-1,5.675528245E-1,-1.310185611E-2
1.194337520E2,-5.479947652E-1,3.226074059E-1,-7.354803264E-1
1.194537520E2,4.540810266E-1,3.511179909E-2,3.894198847E-1
1.194737520E2,5.542430267E-1,-2.257450627E-1,4.923466676E-1
1.194937520E2,8.474542138E-1,-5.321606514E-1,1.472896081E-1
1.195137520E2,3.745507076E-3,6.157574165E-1,-1.946304202E-1
1.195337520E2,-4.935973140E-1,1.761593876E0,-5.758104086E-2
1.195537520E2,-1.787927981E-1,6.108882938E-1,-3.316903245E-1
1.195737520E2,6.538147505E-1,-1.328037745E0,-7.659957755E-1
1.195937520E2,1.520617839E0,-6.547551289E-2,1.356244129E0
1.196137520E2,1.264106921E0,2.237460020E0,1.619576409E0
1.196337520E2,-2.387345061E-3,1.948427911E0,6.216479015E-1
1.196537520E2,-1.402729493E0,1.186570941E0,4.503332537E-1
1.196737520E2,-9.862437976E-1,9.714255644E-1,1.684291053E0
1.196937520E2,-6.207334701E-1,7.178962871E-1,1.438297521E0
1.197137520E2,4.340781404E-1,-7.045266286E-2,2.143343090E0
1.197337520E2,4.343725112E-1,-3.188428223E-2,2.055212102E0
1.197537520E2,1.091024660E-1,1.804392278E-2,1.725584675E0
1.197737520E2,-5.329327031E-1,1.959947218E-1,1.526358928E0
1.197937520E2,5.896683097E-2,7.592562747E-1,2.026727391E0
1.198137520E2,5.978940265E-1,6.314501739E-1,3.139599879E0
1.198337520E2,-2.070612352E-2,-4.426742783E-1,1.899194355E0
1.198537520E2,2.626394951E-1,-1.302486436E0,1.103548518E0
1.198737520E2,1.002213348E0,-1.735414137E-1,1.039316854E0
1.198937520E2,4.410691445E-1,1.588857623E0,1.902833662E0
1.199137520E2,-1.338504846E0,1.987460853E0,1.908659828E0
1.199337520E2,-9.294444564E-1,7.036222105E-1,2.069398032E0
1.199537520E2,-1.016306891E0,-4.002845961E-1,1.992380261E0
1.199737520E2,5.436050411E-1,-1.175652581E0,1.846636657E0
1.199937520E2,1.252843722E0,-5.181318654E-1,2.163938738E0
1.200137520E2,1.778418215E0,4.869602126E-1,1.884196832E0
1.200337520E2,5.563103464E-1,5.262891698E-1,1.331268332E0
1.200537520E2,-3.819096478E-1,-6.452914104E-1,1.648456392E0
1.200737520E2,-6.081263250E-1,-7.827167657E-1,2.362384467E0
1.200937520E2,6.071094576E-1,1.047455594E-2,2.456648015E0
1.201137520E2,8.939192592E-1,-2.057641035E-1,1.710589491E0
1.201337520E2,6.025650382E-1,-5.615129431E-1,1.705502998E0
1.201537520E2,1.400113961E-2,2.180609442E-1,1.860129107E0
1.201737520E2,2.417280612E-1,3.429222411E-1,2.294616991E0
1.201937520E2,2.393400218E-1,-7.486650668E-1,1.768886815E0
1.202137520E2,8.077489883E-2,-6.661700633E-1,1.459979582E0
1.202337520E2,-2.569949951E-2,6.304038146E-1,1.939796836E0
1.202537520E2,-1.089661893E-1,6.581994313E-1,1.913963837E0
1.202737520E2,-4.908578569E-2,-3.421724819E-1,1.385513536E0
1.202937520E2,2.373063054E-1,-3.652683990E-1,1.616835819E0
1.203137520E2,4.696534044E-1,5.043466160E-1,1.811829352E0
1.203337520E2,8.433627708E-1,7.263294339E-1,1.880936424E0
1.203537520E2,5.455536257E-1,1.229875566E-1,1.301442854E0
1.203737520E2,4.261284487E-1,-8.126167953E-2,1.434341295E0
1.203937520E2,-3.092268934E-2,1.947228062E-1,1.104553070E0
1.204137520E2,-3.079528217E-1,1.689577813E-1,1.075464342E0
1.204337520E2,-6.385347334E-1,4.083734880E-1,6.705581063E-1
1.204537520E2,-9.071372190E-2,3.681870367E-1,9.608004427E-1
1.204737520E2,3.567373844E-1,4.693478143E-1,1.595703982E0
1.204937520E2,3.020223929E-1,3.660520720E-1,1.277894363E0
1.205137520E2,2.293594825E-1,3.903507614E-1,5.441752177E-1
1.205337520E2,-5.327287084E-1,2.326083782E-1,-6.570048451E-2
1.205537520E2,-3.133056553E-1,-3.919239548E-1,7.876000679E-1
1.205737520E2,-4.723263860E-1,4.677478699E-1,1.309674565E0
1.205937520E2,-5.051154152E-1,1.842392456E0,1.158877797E0
1.206137520E2,-7.824413618E-1,1.692674791E0,5.375643557E-1
1.206337520E2,-7.419725630E-1,5.983537638E-1,-1.311729276E-1
1.206537520E2,-2.116096016E-1,4.131221581E-1,5.850946176E-1
1.206737520E2,3.978480979E-1,8.801097438E-1,1.509935853E0
1.206937520E2,2.544215624E-1,8.302568217E-1,8.715011805E-1
1.207137520E2,-3.710081720E-1,5.160854861E-2,8.440730613E-1
1.207337520E2,-4.404064357E-2,6.193882450E-2,1.038717515E0
1.207537520E2,3.139587893E-1,5.502357106E-1,9.907422799E-1
1.207737520E2,6.343729777E-1,3.218753345E-1,7.068640530E-1
1.207937520E2,1.046081498E-1,-5.958020389E-2,6.506062371E-1
1.208137520E2,-4.786032989E-1,3.423554997E-1,5.926176453E-1
1.208337520E2,-9.186681841E-1,9.490509014E-1,-2.578440839E-1
1.208537520E2,2.217134075E-1,6.576899926E-1,-2.657325625E-1
1.208737520E2,-2.852366813E-1,-4.987983392E-1,-1.364167106E-1
1.208937520E2,-1.849640226E-1,-1.468329552E0,7.657560396E-1
1.209137520E2,1.914963126E-1,-6.350275004E-1,7.288852519E-1
1.209337520E2,2.896955486E-1,2.316162519E-1,2.066973191E-1
1.209537520E2,4.454630347E-1,-3.964687032E-1,-1.066032198E0
1.209737520E2,1.474429660E0,-8.806959271E-1,-7.374771506E-1
1.209937520E2,1.183053256E0,-5.460325858E-1,-5.279696596E-1
1.210137520E2,9.468693052E-1,1.461833149E-1,-8.740610915E-1
1.210337520E2,4.993209341E-1,-4.294037300E-1,-2.297997851E0
1.210537520E2,-2.142595232E-2,-1.480556226E0,-2.875059564E0
1.210737520E2,-6.060251646E-1,-1.395327503E0,-3.188596623E0
1.210937520E2,-9.646061030E-1,-1.423200595E-1,-3.257803098E0
1.211137520E2,-1.006001028E0,3.382579172E-1,-4.029768881E0
1.211337520E2,-6.723559789E-1,-2.336401194E-1,-4.590053762E0
1.211537520E2,-1.313208622E-1,-4.005412889E-1,-4.278329925E0
1.211737520E2,-3.684557162E-1,1.629377805E-1,-3.090064023E0
1.211937520E2,-7.803053740E-1,2.870354310E-2,-2.791197043E0
1.212137520E2,-5.051956317E-1,-1.020066943E0,-2.239308178E0
1.212337520E2,-3.673215026E-1,-1.298199404E0,-1.509665127E0
1.212537520E2,-7.855719611E-2,-5.935621168E-1,-6.537181252E-1
1.212737520E2,-4.140311077E-2,-1.562715161E-1,-2.196167421E-1
1.212937520E2,-4.254726470E-3,-5.710298713E-1,-1.962787503E-1
1.213137520E2,9.595646337E-2,-1.278405556E0,-4.830484253E-1
1.213337520E2,-1.336439610E-2,-1.370127904E0,-1.154632133E-1
1.213537520E2,7.861639917E-2,-1.565270394E-1,2.267807508E-1
1.213737520E2,6.209099829E-2,9.596336308E-1,-6.815046787E-2
1.213937520E2,1.405325657E-1,8.599603848E-1,-1.803561974E-1
1.214137520E2,-2.387055624E-1,-1.681292309E-1,-1.943883455E-1
1.214337520E2,-3.449901089E-1,-8.788344660E-1,2.949510992E-2
1.214537520E2,3.248332947E-2,-4.631586827E-1,2.813101298E-1
1.214737520E2,-1.706656069E-3,3.182098612E-1,3.585688055E-2
1.214937520E2,-2.111202992E-1,3.218497530E-2,-5.068892777E-2
1.215137520E2,-5.685776952E-1,-8.995855035E-1,-2.968239623E-1
1.215337520E2,-5.650980172E-1,-1.130246759E0,-3.171763659E-1
1.215537520E2,-3.039065485E-1,-1.563539618E-1,-1.470867097E-2
1.215737520E2,3.159250617E-2,6.953674038E-1,2.418326533E-1
1.215937520E2,1.633761755E-1,1.606551737E-2,1.247602862E-1
1.216137520E2,2.995445256E-1,-7.694226824E-1,1.560621858E-2
1.216337520E2,3.657363224E-1,-8.426062873E-1,3.940263212E-2
1.216537520E2,4.981096834E-2,-4.968475619E-1,1.383690959E-1
1.216737520E2,-3.292770325E-1,-2.865805176E-1,-1.493443197E-1
1.216937520E2,-4.590496981E-1,-2.135011393E-1,-3.894239777E-1
1.217137520E2,-4.247980244E-1,-3.807736069E-2,-1.663573784E-1
1.217337520E2,-5.523148343E-2,3.201233625E-2,-1.164660108E-1
1.217537520E2,1.651141141E-1,-1.516501692E-1,-1.458120167E-1
1.217737520E2,3.410338828E-1,-3.568386143E-1,3.728196394E-1
1.217937520E2,6.862828772E-1,-4.191804582E-1,3.627805549E-1
1.218137520E2,7.018882187E-1,-3.094296822E-1,2.461321110E-1
1.218337520E2,-1.095635189E-1,-1.476690924E-1,2.200155222E-1
1.218537520E2,-6.520439212E-1,-7.116792351E-2,1.371066821E-1
1.218737520E2,-7.666196734E-2,-2.980735123E-2,1.168846714E-1
1.218937520E2,4.996137334E-1,9.979165211E-2,3.640301049E-2
1.219137520E2,3.883220699E-1,1.983078803E-1,4.695489585E-2
1.219337520E2,3.908015817E-2,-1.125935461E-1,5.724014819E-2
1.219537520E2,-3.428807259E-1,-2.168553945E-1,7.004496574E-2
1.219737520E2,-1.592755231E-1,-1.810195640E-2,3.054240471E-1
1.219937520E2,-2.368714370E-2,8.628677666E-2,2.196372074E-1
1.220137520E2,1.229024796E-1,-3.887185112E-2,2.862738311E-2
1.220337520E2,4.102450356E-2,1.044369726E-1,-1.956706399E-1
1.220537520E2,-2.359892383E-2,7.362813950E-2,1.997046340E-1
1.220737520E2,-1.497175182E-1,-2.037579238E-1,7.717447579E-2
1.220937520E2,1.873013739E-1,-2.719126309E-1,-9.598730743E-2
1.221137520E2,1.603425669E-1,1.869281754E-2,-5.265768528E-2
1.221337520E2,-1.121209449E-1,1.294034140E-1,2.171258283E-1
1.221537520E2,-2.115696578E-1,-2.007923622E-1,8.376955032E-2
1.221737520E2,1.344538003E-1,-2.538795255E-1,-5.972053707E-2
1.221937520E2,2.834801046E-1,1.497249734E-1,-1.397841221E-1
1.222137520E2,1.641243998E-1,1.333464839E-1,-1.548488885E-1
1.222337520E2,-3.206639376E-1,-4.227276716E-1,-3.898034620E-1
1.222537520E2,-4.456218597E-1,-6.667072763E-1,-4.815000826E-1
1.222737520E2,-2.940300896E-1,-1.330237176E-1,-5.193748373E-1
1.222937520E2,-8.761833385E-3,-6.220238775E-2,-5.679055578E-1
1.223137520E2,1.980525032E-3,-5.134216408E-1,-1.080470143E0
1.223337520E2,-1.596281102E-1,-5.157244205E-1,-1.385289588E0
1.223537520E2,-2.063833237E-1,-2.485252301E-1,-1.611497312E0
1.223737520E2,-1.118404247E-1,-3.154451515E-1,-2.129446598E0
1.223937520E2,-7.745711558E-2,-3.849298078E-1,-2.373029323E0
1.224137520E2,-9.466583669E-2,1.614917640E-1,-2.717229765E0
1.224337520E2,-2.203125608E-1,7.049258472E-1,-2.761593175E0
1.224537520E2,-1.732787275E-1,3.998855236E-1,-2.578504574E0
1.224737520E2,-6.455411596E-1,-6.605046961E-1,-2.379531426E0
1.224937520E2,-8.305212620E-1,-1.741249220E0,-2.371819534E0
1.225137520E2,-4.293838860E-1,-2.268115217E0,-2.163490257E0
1.225337520E2,-2.902373663E-1,-1.667875434E0,-1.864509841E0
1.225537520E2,-1.901291240E-1,-8.070777279E-1,-1.972824249E0
1.225737520E2,1.084567872E-1,-4.548440883E-1,-2.370371763E0
1.225937520E2,2.725952568E-1,-5.551614051E-1,-2.589942897E0
1.226137520E2,7.157411496E-1,-7.411521256E-2,-1.890018319E0
1.226337520E2,4.734801147E-2,5.154384917E-1,-1.802058654E0
1.226537520E2,-3.160865545E-1,-4.578235370E-1,-1.693555967E0
1.226737520E2,-5.098802016E-1,-1.810686221E0,-1.860612087E0
1.226937520E2,-7.318174113E-1,-1.853298975E0,-8.954244787E-1
1.227137520E2,-3.195604219E-1,-5.178101224E-1,-7.183567554E-1
1.227337520E2,2.209578924E-1,7.815981933E-1,-3.156777245E-1
1.227537520E2,7.277031641E-2,1.114563211E0,2.905972624E-1
1.227737520E2,1.404457163E-1,3.983140844E-1,1.746259260E-1
1.227937520E2,9.672191871E-2,-2.505619615E-1,-3.409523141E-1
1.228137520E2,1.636797556E-1,3.207893604E-1,-4.610383362E-1
1.228337520E2,5.900445780E-1,1.610913759E0,7.466397375E-1
1.228537520E2,7.135159917E-1,2.339918879E0,1.037196654E-1
1.228737520E2,-1.270450126E-2,1.098483075E0,3.274107474E-1
1.228937520E2,-2.908422607E-1,-6.475206614E-3,4.007547122E-1
1.229137520E2,5.618205066E-1,3.986447445E-1,4.241792428E-1
1.229337520E2,6.098137949E-1,4.502046150E-1,8.565609598E-1
1.229537520E2,7.043143746E-1,-7.357911059E-1,1.123088744E0
1.229737520E2,-3.266738886E-2,-1.324808328E0,1.408199564E0
1.229937520E2,-9.700934956E-1,3.743776301E-1,1.543262644E0
1.230137520E2,-1.065659621E-1,2.667347168E0,1.595972954E0
1.230337520E2,3.794986946E-1,1.939729885E0,1.916120290E0
1.230537520E2,-6.271366098E-1,-7.523059818E-1,1.385540434E0
1.230737520E2,-4.584890232E-1,-1.256034547E0,1.067244326E0
1.230937520E2,-5.794160576E-1,1.315592824E0,1.058257740E0
1.231137520E2,-3.201200004E-1,2.723510844E0,2.082734946E0
1.231337520E2,-1.082529167E0,1.058074430E0,2.836949751E0
1.231537520E2,-1.109329441E0,-6.208515108E-1,2.379195796E0
1.231737520E2,2.467461417E-1,5.259833604E-2,3.203692380E0
1.231937520E2,1.017636475E0,1.178123322E0,3.050663145E0
1.232137520E2,9.808375351E-1,8.697262582E-1,2.943915206E0
1.232337520E2,-2.932293500E-1,5.591408738E-1,2.409739312E0
1.232537520E2,-3.403754863E-1,6.751882240E-1,2.191609517E0
1.232737520E2,-5.289470582E-1,8.512899873E-1,1.837941847E0
1.232937520E2,-2.170527381E-1,9.537101090E-3,2.340000156E0
1.233137520E2,1.708041128E-1,-1.263773337E-1,1.494610301E0
1.233337520E2,4.785736243E-1,5.409744519E-1,1.352023024E0
1.233537520E2,5.255566598E-1,6.011645204E-1,8.941187954E-1
1.233737520E2,1.952847967E-1,-4.248037255E-1,1.882568967E0
1.233937520E2,-7.498806299E-1,-7.573866275E-1,2.675036842E0
1.234137520E2,-3.259057106E-1,8.194594994E-1,2.108368555E0
1.234337520E2,7.679462604E-1,1.797372403E0,2.289550964E0
1.234537520E2,8.046149538E-1,1.270830926E-1,3.035160422E0
1.234737520E2,8.891599911E-1,-1.109530805E0,2.401243308E0
1.234937520E2,5.418218962E-1,5.498230433E-1,2.379163637E0
1.235137520E2,4.310917481E-1,2.271692398E0,2.457139181E0
1.235337520E2,-5.219283894E-1,1.674161337E0,2.487512543E0
1.235537520E2,-9.925101124E-1,-2.182786068E-1,2.785217096E0
1.235737520E2,-7.569518870E-1,-5.983993721E-1,2.507967272E0
1.235937520E2,3.934619918E-1,1.552237243E0,1.355234900E0
1.236137520E2,2.930322988E-2,1.451253782E0,1.237050392E0
1.236337520E2,-2.469103936E-1,1.991970956E-1,1.288179615E0
1.236537520E2,-9.501080049E-1,-9.629229820E-1,1.148489048E0
1.236737520E2,-3.552882982E-1,-1.838715434E-2,8.490654141E-1
1.236937520E2,3.391749799E-1,8.002742001E-1,1.125197834E0
1.237137520E2,7.595875195E-1,7.152132922E-1,1.285807984E0
1.237337520E2,8.245715008E-1,2.605536836E-1,1.467820113E0
1.237537520E2,4.976340124E-1,9.720294356E-2,1.684010387E0
1.237737520E2,-1.118375924E-1,4.986084509E-1,1.115006137E0
1.237937520E2,6.533329399E-1,1.121297742E0,1.415636052E0
1.238137520E2,1.116249475E0,1.548677166E0,1.264689011E0
1.238337520E2,3.927620435E-1,2.546263611E-1,1.123201595E0
1.238537520E2,4.424758384E-1,-2.575274572E-1,9.337418675E-1
1.238737520E2,1.253648152E-1,1.125398102E0,9.566840029E-1
1.238937520E2,-2.787068397E-1,1.458524795E0,1.027599619E0
1.239137520E2,-1.174127773E0,7.297488856E-1,2.372800112E-1
1.239337520E2,-5.188375513E-1,4.487103590E-1,5.568806326E-1
1.239537520E2,-2.419763486E-1,5.825493246E-1,2.632814097E-1
1.239737520E2,8.166137327E-2,7.044023752E-2,1.074513584E-1
1.239937520E2,4.227680904E-1,-4.002015656E-1,5.534372073E-1
1.240137520E2,1.138923954E-1,-1.635972002E-1,9.965158206E-1
1.240337520E2,-2.756204235E-1,5.932275099E-1,2.850926936E-1
1.240537520E2,-9.799882270E-2,5.914438167E-1,-2.808797747E-1
1.240737520E2,6.786317224E-1,-2.886385913E-1,-5.354646206E-1
1.240937520E2,1.395369018E0,-7.499032147E-1,5.836217040E-1
1.241137520E2,6.866184343E-1,-2.900715977E-1,7.504661554E-1
1.241337520E2,1.561206579E-3,2.222301552E-1,-7.210260093E-2
1.241537520E2,1.067292273E-2,3.897284715E-1,-3.332357436E-1
1.241737520E2,3.283040558E-1,-1.681426795E-1,-6.302403849E-1
1.241937520E2,1.644183686E-1,-9.147590281E-1,-6.140628934E-2
1.242137520E2,-2.998329395E-1,-8.938695578E-1,-7.691982955E-1
1.242337520E2,-4.192156877E-1,3.203823942E-1,-1.866126012E0
1.242537520E2,-1.543800880E-1,1.009254711E0,-3.100015399E0
1.242737520E2,-1.184452933E-1,2.255994670E-1,-3.322468625E0
1.242937520E2,-7.174899787E-1,-9.733390658E-1,-4.120245772E0
1.243137520E2,-1.151515640E0,-1.202068693E0,-4.723490147E0
1.243337520E2,-7.886380948E-1,4.652059391E-2,-4.975421526E0
1.243537520E2,-1.732050526E-1,1.536723995E0,-5.798007824E0
1.243737520E2,-8.100081331E-1,1.442653405E0,-4.673315774E0
1.243937520E2,-8.174194790E-1,1.055502824E-1,-3.659709712E0
1.244137520E2,-9.965004717E-1,-1.097244781E0,-2.649592683E0
1.244337520E2,-4.277172469E-1,-1.344575864E0,-1.521450191E0
1.244537520E2,-3.325834136E-1,-1.361059165E0,-6.107586318E-1
1.244737520E2,-3.765487743E-1,-2.029518998E0,-1.316968381E-1
1.244937520E2,-4.401416299E-1,-2.216965675E0,-4.024112284E-2
1.245137520E2,-2.067613462E-1,-1.512514914E0,1.732740498E-1
1.245337520E2,7.315670773E-2,-5.310410558E-1,-3.671817541E-1
1.245537520E2,-1.285314479E-1,2.128934674E-1,-8.159684193E-1
1.245737520E2,-1.502779008E-1,3.480889870E-1,-7.350985032E-1
1.245937520E2,-9.140528306E-2,-7.085217386E-3,1.236048764E-1
1.246137520E2,9.517067067E-2,-2.822193718E-1,1.217665118E-1
1.246337520E2,2.825148755E-1,-1.476294775E-1,3.028892791E-1
1.246537520E2,6.727359018E-1,1.649575549E-1,5.912546593E-1
1.246737520E2,5.478094085E-1,-4.007389247E-3,5.120278108E-1
1.246937520E2,1.501873420E-1,-8.573688988E-1,3.680354476E-1
1.247137520E2,-1.063957167E-1,-1.176003122E0,-1.005200690E-1
1.247337520E2,-2.215303165E-1,-4.713251965E-1,1.392163575E-2
1.247537520E2,-1.978697046E-1,2.553305121E-1,-1.709222996E-1
1.247737520E2,-1.573627527E-1,2.729775551E-1,-1.360512596E-1
1.247937520E2,-1.088993483E-1,-3.034383327E-2,-2.136093128E-1
1.248137520E2,-2.222713050E-1,-1.323265833E-1,3.972189009E-2
1.248337520E2,1.787988646E-1,-9.768256143E-2,1.252561301E-1
1.248537520E2,4.072888295E-1,1.378934249E-2,4.320425785E-1
1.248737520E2,2.855103309E-1,9.453690559E-2,5.806267601E-1
1.248937520E2,5.421205062E-1,7.672599435E-2,2.552490896E-1
1.249137520E2,4.701370423E-1,1.037803303E-1,1.385328180E-1
1.249337520E2,6.214420795E-2,8.376121804E-2,9.977571845E-2
1.249537520E2,-1.907079618E-1,-1.664949341E-1,-1.504108518E-1
1.249737520E2,-3.627652059E-1,-3.171009368E-1,-3.018759567E-1
1.249937520E2,-1.538178051E-1,-4.343843883E-1,-2.254101634E-3
1.250137520E2,6.413379617E-2,-4.086581013E-1,1.924803990E-1
1.250337520E2,1.662195303E-1,-1.215140583E-1,1.318412644E-1
1.250537520E2,3.075438090E-1,2.276113477E-1,-2.332103491E-2
1.250737520E2,1.412253146E-1,2.700789441E-1,-4.598425806E-2
1.250937520E2,-2.585385869E-1,-5.979567379E-2,1.450986564E-1
1.251137520E2,-3.312978302E-1,-3.979436633E-1,5.559240282E-2
1.251337520E2,-3.952201033E-1,-2.262154712E-1,-1.479626226E-1
1.251537520E2,-2.113570384E-1,1.816940403E-1,-1.422709429E-1
1.251737520E2,-7.815973163E-2,2.743497504E-1,-5.647884071E-2
1.251937520E2,-2.026085805E-1,-1.530305506E-1,4.468383729E-2
1.252137520E2,-2.811465539E-1,-2.336711097E-1,-2.156301105E-1
1.252337520E2,-3.136906944E-1,1.276273222E-1,-2.370753586E-2
1.252537520E2,-6.608252697E-2,1.762739637E-1,-1.085576516E-1
1.252737520E2,1.433298006E-1,-1.137799461E-1,-3.249367905E-1
1.252937520E2,1.086784697E-1,-1.273193201E-1,-9.250078815E-1
1.253137520E2,-9.828219339E-2,1.127933747E-1,-7.222679579E-1
1.253337520E2,-2.586894451E-1,-1.890644556E-1,-9.245553070E-1
1.253537520E2,2.242224477E-2,-6.679009853E-1,-1.607035301E0
1.253737520E2,-2.492593481E-1,-4.871629648E-1,-1.980716236E0
1.253937520E2,-1.909036973E-1,8.662006795E-2,-2.232503189E0
1.254137520E2,-1.919797312E-1,3.386004178E-1,-2.323407512E0
1.254337520E2,-5.437248360E-1,2.071941863E-1,-2.404373322E0
1.254537520E2,-1.160239905E0,-2.266186367E-1,-2.700471060E0
1.254737520E2,-1.069485929E0,-8.840786876E-1,-2.686802024E0
1.254937520E2,-2.950346413E-1,-5.204875624E-1,-1.690282695E0
1.255137520E2,3.628896786E-1,2.180311234E-1,-2.576065115E0
1.255337520E2,7.451528636E-1,-4.458108710E-1,-1.829074545E0
1.255537520E2,-2.671695889E-1,-9.310683744E-1,-1.280678807E0
1.255737520E2,-5.941002068E-1,-1.159749836E0,-3.816325629E-1
1.255937520E2,8.274328358E-1,-1.783221557E0,-1.415109803E0
1.256137520E2,1.220591211E0,-1.601894283E0,-9.546076566E-1
1.256337520E2,7.971944717E-1,-9.727172875E-1,-5.276486474E-1
1.256537520E2,3.386261456E-1,-1.002642460E0,-7.351072741E-1
1.256737520E2,-2.531712815E-1,-1.584511388E0,-5.134416676E-1
1.256937520E2,-2.958031116E-1,-1.975468360E0,-2.228560996E-1
1.257137520E2,5.840986175E-1,-1.943977010E0,-2.971145689E-2
1.257337520E2,1.267387501E0,-1.584131465E0,-2.200704861E-1
1.257537520E2,1.065216292E0,-9.315537664E-1,-3.388391304E-1
1.257737520E2,7.029351626E-1,-5.514498849E-1,-2.921736717E-2
1.257937520E2,5.243504523E-1,-4.588467997E-1,2.989739835E-2
1.258137520E2,2.482050403E-1,-3.787045696E-1,7.967322493E-1
1.258337520E2,-6.669339655E-2,9.318473697E-2,1.291379796E0
1.258537520E2,-2.835469456E-1,7.583329993E-1,1.539281859E0
1.258737520E2,4.213543799E-1,9.993193413E-1,7.389149809E-1
1.258937520E2,2.798114518E-1,9.731406259E-1,-2.306492686E-2
1.259137520E2,-2.052780537E-1,1.368449315E0,5.212500393E-2
1.259337520E2,1.643248497E-1,3.040145758E-1,1.116170318E0
1.259537520E2,-7.358772062E-2,-7.263107228E-1,7.617916274E-1
1.259737520E2,-5.353285997E-1,3.859907851E-1,1.402819541E0
1.259937520E2,-3.895599986E-1,3.124712868E0,1.192657746E0
1.260137520E2,-5.284320281E-1,3.413684312E0,1.024094213E0
1.260337520E2,-7.556509546E-1,1.110107925E0,5.342495692E-1
1.260537520E2,-1.718897580E-1,-7.185038128E-1,1.835838604E-1
1.260737520E2,-3.313033850E-1,-2.622394359E-1,-4.006137943E-1
1.260937520E2,-6.047486443E-2,1.034596105E0,4.213480210E-1
1.261137520E2,-2.338126123E-1,8.413102520E-1,3.514182454E-1
1.261337520E2,-9.256069288E-3,-5.085823390E-1,3.144632578E-2
1.261537520E2,2.250772010E-1,1.632074833E-2,-2.956363928E-1
1.261737520E2,9.944345042E-1,1.868651278E0,9.896120131E-1
1.261937520E2,5.260685836E-1,2.207718011E0,1.959988441E0
1.262137520E2,-5.073616231E-1,5.244223000E-1,1.387368858E0
1.262337520E2,-8.433042987E-1,-1.919604354E-1,1.518079855E0
1.262537520E2,-8.872125028E-1,1.375433521E0,1.351040692E0
1.262737520E2,8.381290743E-1,1.610793453E0,1.647369980E0
1.262937520E2,-2.037314286E-2,-4.825809404E-1,1.200601189E0
1.263137520E2,-8.361709879E-1,-1.479980275E0,8.445291442E-1
1.263337520E2,-2.092834878E-1,-3.444030485E-1,3.752462339E-1
1.263537520E2,3.652903260E-1,9.259742801E-1,1.260671974E0
1.263737520E2,3.528168263E-1,6.451440606E-1,1.161963372E0
1.263937520E2,-6.555371027E-2,-2.652587919E-1,1.349962465E0
1.264137520E2,6.754822293E-2,5.433238631E-1,1.186480163E0
1.264337520E2,5.659537572E-1,1.001361701E0,1.881463843E0
1.264537520E2,6.891334679E-2,1.353338063E-2,1.592642380E0
1.264737520E2,-3.724367565E-1,-2.897792369E-1,1.103131612E0
1.264937520E2,2.099949843E-2,7.696811293E-1,9.653361279E-1
1.265137520E2,6.951479870E-1,5.405486284E-1,1.000927545E0
1.265337520E2,2.335410822E-1,-1.080606383E0,3.442758715E-1
1.265537520E2,3.850213898E-1,-1.499912118E0,4.768503767E-1
1.265737520E2,4.700233870E-1,-4.877636200E-1,6.825513303E-1
1.265937520E2,4.104438044E-1,5.974246413E-2,5.466784108E-1
1.266137520E2,3.575907855E-1,-6.646180661E-1,1.905151498E-1
1.266337520E2,1.840806545E-1,-1.233259204E0,3.364903039E-1
1.266537520E2,4.110007882E-2,1.284890556E-1,-1.464990646E-1
1.266737520E2,2.765707787E-1,2.269771295E0,-5.232801926E-1
1.266937520E2,4.014973817E-1,2.652598736E0,-2.059114534E-1
1.267137520E2,-1.649693225E-1,5.431345595E-1,5.737258762E-1
1.267337520E2,-8.570168965E-1,-1.463879528E0,-5.760910749E-2
1.267537520E2,-1.643622791E0,-4.794582349E-1,-6.524288142E-1
1.267737520E2,-1.462128141E0,1.465963769E0,3.719273543E-1
1.267937520E2,-1.588051877E-1,1.718697240E0,1.347155217E0
1.268137520E2,-3.289513426E-1,4.839813486E-2,8.018789685E-1
1.268337520E2,-1.527005484E-1,-6.445147540E-1,-4.292329913E-1
1.268537520E2,-6.817420026E-1,6.418296394E-1,-4.293318093E-2
1.268737520E2,-1.233552003E-1,1.190738251E0,1.022250001E0
1.268937520E2,-7.035605223E-1,-2.296852089E-1,-4.908819401E-1
1.269137520E2,-8.754774334E-1,-4.104174554E-1,-8.858923477E-1
1.269337520E2,-5.737646871E-1,9.292819038E-1,1.440707159E-1
1.269537520E2,6.181847419E-1,-1.690430045E-3,1.734426835E0
1.269737520E2,5.117700948E-1,-8.557468081E-1,1.543770182E-1
1.269937520E2,6.768358232E-1,5.832994493E-1,2.712915105E-1
1.270137520E2,3.866603643E-1,1.578813423E0,2.148634821E0
1.270337520E2,6.677483730E-1,-8.200820086E-1,2.942580287E0
1.270537520E2,-2.463316106E-1,-2.152197529E0,1.767688136E0
1.270737520E2,-2.866158932E-1,1.143411326E-1,8.424568909E-1
1.270937520E2,-9.183549196E-2,2.312023860E0,1.958067631E0
1.271137520E2,4.108754385E-2,-7.907043546E-2,3.028703926E0
1.271337520E2,-8.388652387E-1,-2.921168953E0,1.400820962E0
1.271537520E2,-3.856782879E-1,-5.500727925E-1,1.401417378E0
1.271737520E2,-3.857756441E-1,1.922137660E0,2.774578671E0
1.271937520E2,8.332542506E-1,1.525339758E-1,3.238997283E0
1.272137520E2,-2.206880251E-1,-2.245117095E0,1.621769700E0
1.272337520E2,-1.264287161E-1,-8.513268247E-2,7.751051527E-1
1.272537520E2,2.777542552E-1,2.503514033E0,1.203149990E0
1.272737520E2,3.616225138E-1,1.033192700E0,1.241053981E0
1.272937520E2,-5.740575230E-1,-1.973661131E0,4.839564979E-1
1.273137520E2,-1.070836563E0,-1.356937901E0,4.362443876E-1
1.273337520E2,-5.941696790E-1,1.339268346E0,1.353647965E0
1.273537520E2,-2.896155149E-2,1.506025967E0,2.723153579E-1
1.273737520E2,6.668574766E-1,-1.043590146E0,-4.932167333E-1
1.273937520E2,5.564599986E-1,-1.397538920E0,-2.637047482E-1
1.274137520E2,4.290427741E-1,-3.053083453E-1,-1.284422779E-1
1.274337520E2,1.781464797E-1,-8.339386672E-2,7.573723018E-2
1.274537520E2,-8.167309693E-1,3.170011687E-1,1.941626430E-2
1.274737520E2,-5.672349552E-1,1.024969761E0,1.005345116E0
1.274937520E2,-1.004567089E-1,8.046795655E-1,2.000366389E0
1.275137520E2,5.503341631E-1,-5.740204297E-2,1.061062649E0
1.275337520E2,1.390483670E0,3.404767162E-1,5.083347094E-1
1.275537520E2,7.972902929E-1,7.490525179E-1,1.066046231E0
1.275737520E2,-4.116770552E-1,4.803019881E-2,8.747077936E-1
1.275937520E2,-9.333237916E-1,2.406025453E-1,8.622584867E-1
1.276137520E2,-6.232854143E-1,8.130622070E-1,1.570878459E0
1.276337520E2,-3.938790444E-2,4.193210837E-1,1.647915525E0
1.276537520E2,5.898521315E-1,-4.664923266E-2,7.034369999E-1
1.276737520E2,1.002093187E0,3.948064859E-1,6.647231698E-2
1.276937520E2,8.584630591E-1,6.880557530E-1,1.282716562E0
1.277137520E2,-7.649077548E-1,6.646661595E-1,1.663135242E0
1.277337520E2,-8.262042627E-1,9.528135116E-1,2.904504973E-1
1.277537520E2,3.662634123E-1,8.337352572E-1,7.631201148E-3
1.277737520E2,1.067926038E0,-4.039594980E-1,2.916538543E-1
1.277937520E2,1.144310774E0,-1.521667268E0,1.158040475E0
1.278137520E2,8.161245400E-1,-7.686113812E-1,7.305435222E-1
1.278337520E2,7.595920511E-1,5.929274015E-1,-6.142798251E-1
1.278537520E2,4.140840981E-1,7.650925268E-1,-7.447393924E-1
1.278737520E2,-4.779625902E-1,7.635900848E-2,-1.201111066E0
1.278937520E2,-7.057554940E-1,-4.597050248E-1,-1.110014954E0
1.279137520E2,-1.943501376E-1,-2.886363986E-1,-1.404447990E0
1.279337520E2,-2.547590016E-1,7.713176188E-1,-3.632237738E0
1.279537520E2,1.622678504E0,9.931269937E-1,-3.306477660E0
1.279737520E2,1.200116016E0,5.530684673E-1,-4.073254039E0
1.279937520E2,5.593899287E-1,-1.056653264E-1,-3.759763758E0
1.280137520E2,2.376066878E-1,1.232008338E-1,-3.638826381E0
1.280337520E2,8.915666319E-1,5.928700988E-1,-3.570476523E0
1.280537520E2,5.127845502E-1,3.259504784E-1,-3.863605630E0
1.280737520E2,-2.410254817E-1,-5.196136229E-1,-3.403294103E0
1.280937520E2,-3.295169876E-1,-8.470301445E-1,-3.127306108E0
1.281137520E2,4.935637656E-1,-9.248281527E-1,-1.858313547E0
1.281337520E2,1.440594235E-1,-1.341008624E0,-1.548153840E0
1.281537520E2,-9.988664744E-1,-1.843971642E0,-7.773288488E-1
1.281737520E2,-1.440422107E0,-1.226504500E0,-3.604925394E-2
1.281937520E2,-1.077777244E-1,-7.604179703E-1,2.130479801E-1
1.282137520E2,4.988561536E-1,-9.819182467E-1,1.097013670E-1
1.282337520E2,3.947413991E-1,-6.727259615E-1,-8.521732092E-3
1.282537520E2,5.777916645E-1,2.587202161E-1,-3.761759412E-1
1.282737520E2,4.196710396E-1,4.262039144E-1,-6.190154850E-2
1.282937520E2,-4.818564339E-1,-3.199531355E-1,3.637260497E-2
1.283137520E2,-9.568443628E-1,-9.266392547E-1,-2.012319267E-2
1.283337520E2,-9.299335760E-1,-8.903873947E-1,-2.498433387E-1
1.283537520E2,-6.417522369E-1,-5.291832857E-1,-2.289389580E-1
1.283737520E2,-3.046357694E-1,-2.177875504E-1,-3.340683872E-1
1.283937520E2,3.743350916E-3,-3.284378839E-1,-1.634220761E-1
1.284137520E2,-1.468087843E-1,-1.520109789E-1,-5.405166149E-2
1.284337520E2,-8.048648492E-2,1.033517294E-2,3.657404155E-1
1.284537520E2,3.629494663E-2,-1.761813585E-1,2.293277979E-2
1.284737520E2,1.412357299E-1,-3.450722623E-1,5.558947921E-3
1.284937520E2,2.948560454E-1,-2.239951738E-1,4.012604964E-1
1.285137520E2,1.491024277E-1,-2.740610442E-1,4.656927198E-1
1.285337520E2,4.546681602E-2,-1.322814866E-1,1.423054415E-1
1.285537520E2,5.853121340E-2,2.547923124E-1,-6.412875295E-2
1.285737520E2,-8.334164377E-2,2.096327676E-1,5.324357629E-2
1.285937520E2,-2.444448603E-1,-1.022495292E-2,-1.278669119E-1
1.286137520E2,-1.979029241E-1,7.853132218E-2,6.924565136E-2
1.286337520E2,-1.435816694E-1,-1.421246164E-1,8.150258482E-2
1.286537520E2,-1.484018216E-1,-4.454687358E-1,-9.600718796E-2
1.286737520E2,-7.311837193E-2,-5.094392484E-1,2.667207420E-2
1.286937520E2,-3.048612892E-1,-2.025672115E-1,-8.135991275E-2
1.287137520E2,-3.003623318E-2,1.887178619E-1,-5.050181687E-2
1.287337520E2,1.410582304E-2,1.954502729E-1,-1.783161038E-1
1.287537520E2,-7.192097180E-2,-4.304944550E-1,-2.407620281E-1
1.287737520E2,1.359199896E-2,-1.016562926E0,-6.520352966E-1
1.287937520E2,1.908370391E-1,-9.534380673E-1,-1.110701417E0
1.288137520E2,1.043964075E-1,-4.113814420E-1,-1.626144002E0
1.288337520E2,-1.346433415E-1,-3.129634470E-1,-2.104477817E0
1.288537520E2,-4.674649378E-1,-6.322986779E-1,-2.757490184E0
1.288737520E2,-5.996808260E-1,-4.282256623E-1,-2.977084706E0
1.288937520E2,-3.441690867E-1,2.156515990E-1,-2.231972262E0
1.289137520E2,-6.013751663E-1,6.546145765E-1,-1.863587151E0
1.289337520E2,-5.123718098E-1,3.358774426E-1,-1.770360898E0
1.289537520E2,-2.929537268E-1,-4.124429309E-1,-2.289666154E0
1.289737520E2,4.684041834E-1,-1.208482577E0,-2.345245693E0
1.289937520E2,7.683428478E-1,-9.688562979E-1,-1.901697548E0
1.290137520E2,2.965010498E-1,3.440389131E-1,-2.257926298E0
1.290337520E2,-5.667355299E-2,1.111970263E0,-3.359227147E0
1.290537520E2,-7.730950993E-2,4.902323145E-1,-2.397686446E0
1.290737520E2,-6.224369833E-1,-9.056620762E-1,-1.670137283E0
1.290937520E2,-7.382671825E-1,-1.531726234E0,-1.690451680E0
1.291137520E2,8.505860556E-2,-4.501328404E-1,-1.182603459E0
1.291337520E2,8.996673645E-1,1.299342535E0,-1.370821238E-2
1.291537520E2,1.171822216E0,2.066867942E0,3.609772736E-1
1.291737520E2,3.201808114E-1,4.489313838E-1,-4.920279944E-1
1.291937520E2,-1.625483742E-1,-2.190271528E0,-1.120758628E0
1.292137520E2,-3.529631529E-1,-2.880136701E0,-8.571217078E-1
1.292337520E2,-2.910303035E-1,-5.809248219E-1,5.102958655E-1
1.292537520E2,3.735256176E-1,1.540910894E0,-1.650628048E-1
1.292737520E2,2.023538429E-1,8.717415011E-1,2.219386715E-1
1.292937520E2,-5.801826641E-1,-4.343479894E-1,4.292300677E-1
1.293137520E2,7.100950782E-1,-2.491333406E-1,1.861262298E0
1.293337520E2,5.803550473E-1,2.023683330E-1,-2.733690262E-2
1.293537520E2,4.097551120E-1,-3.085140082E-1,-2.451386690E-1
1.293737520E2,5.632001571E-3,1.454268314E-1,6.593139106E-1
1.293937520E2,-9.826081451E-2,8.200781348E-1,2.157900903E0
1.294137520E2,-9.676019239E-1,8.844451618E-1,3.219798535E-1
1.294337520E2,-6.652171864E-1,7.277859753E-1,3.405704910E-1
1.294537520E2,-2.687857593E-1,8.421529819E-1,1.672173284E0
1.294737520E2,1.198315220E-1,1.347216467E0,2.604688990E-1
1.294937520E2,6.121270265E-1,7.566108482E-1,-5.450523001E-1
1.295137520E2,4.196428999E-1,-2.012680332E-1,-5.866920769E-2
1.295337520E2,3.372403555E-1,-3.706873061E-1,8.022461736E-1
1.295537520E2,3.810213461E-1,-1.479825909E0,1.969143426E-1
1.295737520E2,7.868808603E-1,-1.887526529E0,-4.691653812E-1
1.295937520E2,1.361118076E0,6.462490381E-1,-4.904644489E-1
1.296137520E2,8.310182753E-1,-3.711002657E-1,-5.615630829E-1
1.296337520E2,-6.116062588E-1,-1.996324355E0,-1.951905835E-1
1.296537520E2,-1.389649564E0,1.045779197E0,9.768194747E-1
1.296737520E2,-4.649573594E-1,4.105609607E0,6.795224726E-1
1.296937520E2,2.026858369E-1,2.632101029E0,1.463666251E0
1.297137520E2,1.798756293E-1,-1.051907518E0,2.399979724E0
1.297337520E2,-1.156994481E0,-1.218083194E0,1.841829661E0
1.297537520E2,-6.553374385E-1,2.712517494E0,2.197450885E0
1.297737520E2,-6.637300933E-1,2.915348049E0,2.963867075E0
1.297937520E2,-1.439745000E0,-7.380837992E-1,3.234811846E0
1.298137520E2,-9.083190510E-1,-2.075460133E0,2.761776193E0
1.298337520E2,-4.745605340E-1,-9.929823482E-1,1.752900528E0
1.298537520E2,-2.618572473E-1,1.111209833E0,2.010094401E0
1.298737520E2,9.215545160E-1,1.857711868E0,2.935214549E0
1.298937520E2,5.726440682E-1,2.944529164E-1,2.181280995E0
1.299137520E2,2.329133105E-1,-1.237736563E0,1.592611974E0
1.299337520E2,-6.967873270E-1,-9.954387635E-2,2.303702395E0
1.299537520E2,4.941639092E-1,1.333970330E0,2.115941284E0
1.299737520E2,1.856654692E-1,3.524242589E-1,1.979311734E0
1.299937520E2,-2.756455665E-1,-1.132414760E0,2.685402201E0
1.300137520E2,-2.096123754E-1,-3.212536293E-1,2.637114725E0
1.300337520E2,2.814536058E-1,1.032561859E0,1.559082870E0
1.300537520E2,6.645926307E-1,4.093302387E-1,1.544097626E0
1.300737520E2,-5.798998050E-2,-3.888304853E-1,2.751256467E0
1.300937520E2,2.689597140E-1,4.431256834E-1,3.843038633E0
1.301137520E2,4.364559107E-1,1.975696986E0,3.054576686E0
1.301337520E2,3.806611942E-1,1.820732322E0,2.731965918E0
1.301537520E2,-3.029223159E-1,6.401142856E-1,2.407751843E0
1.301737520E2,-4.014158130E-1,-9.657144427E-2,2.401622792E0
1.301937520E2,-8.445531178E-1,4.419638416E-1,2.018600931E0
1.302137520E2,-8.541861132E-1,1.086798292E0,1.698171759E0
1.302337520E2,-7.659835694E-1,4.718331733E-1,1.258746486E0
1.302537520E2,-1.692507268E-1,-5.829118520E-2,1.171536434E0
1.302737520E2,3.814681830E-1,5.808714661E-1,9.527119893E-1
1.302937520E2,1.135954884E0,9.921824491E-1,7.812230945E-1
1.303137520E2,6.245835692E-1,-1.457184613E-1,7.991424716E-1
1.303337520E2,2.511824973E-2,-6.293004450E-1,3.293455911E-1
1.303537520E2,-4.109786419E-1,8.035977575E-1,-2.514782202E-1
1.303737520E2,-9.084423541E-1,2.103377956E0,-1.051470292E0
1.303937520E2,-9.721153166E-1,1.721826670E0,-5.030833250E-1
1.304137520E2,-1.057733099E0,2.150424653E-1,-5.169646150E-1
1.304337520E2,-1.115975387E0,-6.620851985E-1,-5.658087462E-1
1.304537520E2,-3.082331957E-1,1.360585687E-1,-3.008889467E-1
1.304737520E2,-2.132428385E-2,8.914986581E-1,-1.927300751E-2
1.304937520E2,4.261583792E-1,-5.674714020E-1,1.142505008E-1
1.305137520E2,-1.198716485E-1,-1.126307636E0,8.763853598E-1
1.305337520E2,-4.138295981E-1,7.591214964E-1,1.009076809E0
1.305537520E2,4.231641662E-1,1.399906165E0,3.523684180E-1
1.305737520E2,4.407555145E-1,-2.547348270E-1,7.990454078E-2
1.305937520E2,6.817255573E-1,-9.684781292E-1,1.063736581E0
1.306137520E2,9.254470074E-1,6.380586970E-1,1.593803637E0
1.306337520E2,8.822745292E-1,1.085673873E0,1.277563995E0
1.306537520E2,1.736829163E-1,-4.727985486E-1,3.971528274E-1
1.306737520E2,-5.805256033E-1,-1.368608066E0,2.690368241E-1
1.306937520E2,-5.674279133E-1,-3.121787506E-1,6.723993945E-1
1.307137520E2,-1.472018268E-1,1.275406080E0,9.592292958E-1
1.307337520E2,-1.674911169E-1,1.510553027E0,6.847680098E-1
1.307537520E2,-4.454895665E-1,3.174646336E-1,5.621080434E-1
1.307737520E2,1.576685986E-1,-8.850070792E-1,7.780667675E-1
1.307937520E2,1.632853974E-1,-6.253722855E-1,5.559310448E-1
1.308137520E2,3.043750932E-1,5.099152118E-1,4.201399863E-2
1.308337520E2,-1.380021466E-1,6.951263523E-1,-6.915209591E-2
1.308537520E2,-6.680777905E-1,-3.696770534E-1,-7.947792792E-1
1.308737520E2,-3.460171723E-1,-1.908846646E0,1.219495296E-2
1.308937520E2,-5.822077193E-2,-2.179198802E0,-1.205467826E-1
1.309137520E2,4.990377827E-1,-8.044789329E-1,-1.359903316E0
1.309337520E2,4.789767532E-1,1.164456917E0,-2.667928966E0
1.309537520E2,-5.929781992E-1,1.144965809E0,-2.939692347E0
1.309737520E2,-1.403629818E0,-3.990727606E-1,-2.315131363E0
1.309937520E2,-9.676082097E-1,-1.263279247E-1,-2.881152363E0
1.310137520E2,-2.413504042E-2,5.800031546E-1,-3.520315599E0
1.310337520E2,1.511883561E0,3.587892455E-1,-2.526711107E0
1.310537520E2,1.571355884E0,4.451318631E-1,-3.569275505E0
1.310737520E2,1.076829886E0,-1.474801835E0,-3.422117459E0
1.310937520E2,1.054062217E-1,-2.907858351E0,-3.352817429E0
1.311137520E2,-5.962337096E-1,-1.731632158E0,-2.815723774E0
1.311337520E2,-4.359154817E-1,8.372486298E-1,-1.875556986E0
1.311537520E2,-5.977221183E-1,5.544822510E-1,-1.237174938E0
1.311737520E2,-6.759457308E-1,-1.915760833E0,-4.983552665E-1
1.311937520E2,-5.392647991E-1,-1.806708653E0,-4.792641073E-1
1.312137520E2,4.915985164E-1,1.445098418E-1,-6.473341352E-1
1.312337520E2,7.686990163E-1,8.968321958E-1,1.181359756E-1
1.312537520E2,7.767492436E-2,2.167891748E-1,-3.689593077E-4
1.312737520E2,-3.283673519E-1,7.392342389E-3,-5.224726921E-1
1.312937520E2,-7.475695179E-1,5.555334342E-1,-3.088891071E-1
1.313137520E2,-6.218900494E-1,6.539504059E-1,-1.581291765E-1
1.313337520E2,-5.003534062E-1,-9.332316980E-2,2.912615061E-2
1.313537520E2,-5.902525927E-1,-1.287472687E0,5.771903515E-2
1.313737520E2,-3.878667911E-1,-1.686169033E0,1.549313343E-1
1.313937520E2,1.968115047E-1,-4.300539404E-1,3.038634253E-1
1.314137520E2,3.763052378E-1,8.619843985E-1,4.576557219E-2
1.314337520E2,2.007661229E-1,7.856169847E-1,-8.328481615E-2
1.314537520E2,-2.720130569E-1,-2.239996688E-1,8.855549634E-2
1.314737520E2,-1.293866032E-1,-5.941943470E-1,3.207589549E-1
1.314937520E2,3.210765318E-1,1.574886140E-1,-1.523784399E-1
1.315137520E2,1.503000471E-1,7.215341324E-1,5.530764341E-2
1.315337520E2,-2.051155011E-1,2.632115355E-1,4.749342442E-2
1.315537520E2,-4.778284697E-1,-4.181589496E-1,-1.414821535E-1
1.315737520E2,-3.162646388E-1,-3.435160258E-1,-2.022727311E-1
1.315937520E2,5.054961786E-1,4.668140696E-1,1.343736935E-1
1.316137520E2,2.804576057E-1,3.659303038E-1,1.706661916E-1
1.316337520E2,-1.613202944E-2,-1.740037823E-1,2.718838334E-2
1.316537520E2,-9.109245703E-2,-2.969086008E-1,1.165467024E-2
1.316737520E2,-2.497608930E-2,2.547193319E-3,-1.554903281E-1
1.316937520E2,-2.993072748E-2,2.216390017E-1,-3.215313721E-1
1.317137520E2,-2.751946000E-1,1.016670004E-2,2.412491012E-1
1.317337520E2,-2.511108689E-1,-5.152896801E-1,3.687102163E-1
1.317537520E2,6.290705033E-1,-9.192379953E-1,1.155491674E-1
1.317737520E2,6.603998116E-1,-5.700399376E-1,3.788574743E-1
1.317937520E2,5.932966532E-1,4.029746076E-1,-1.404319936E-1
1.318137520E2,1.835007568E-1,9.221548788E-1,-2.418835241E-1
1.318337520E2,-4.256700636E-1,3.504723121E-1,-7.234058261E-2
1.318537520E2,-2.903904902E-1,-3.333943494E-1,-2.158207297E-3
1.318737520E2,-8.281287275E-2,-1.034882618E-1,1.919553190E-1
1.318937520E2,2.162261610E-1,3.225651598E-1,9.407292902E-2
1.319137520E2,9.524471104E-2,3.338641731E-1,2.173901224E-1
1.319337520E2,-3.745520964E-1,1.417774379E-1,-5.102806628E-2
1.319537520E2,-2.755639248E-1,1.333869758E-1,-6.412407517E-2
1.319737520E2,-1.596669211E-1,1.468892200E-1,1.776448435E-1
1.319937520E2,-3.103512765E-1,2.253079833E-1,2.619570154E-1
1.320137520E2,-1.207318470E-1,2.870459560E-1,1.675993270E-1
1.320337520E2,1.894545380E-1,3.393900843E-1,2.419893587E-1
1.320537520E2,-9.124565408E-2,3.597954051E-1,2.052758610E-1
1.320737520E2,2.011292350E-1,2.161389644E-1,3.698311275E-1
1.320937520E2,1.214120243E-1,1.266138536E-1,2.367619479E-1
1.321137520E2,-3.816886961E-2,1.769063401E-1,2.821497899E-1
1.321337520E2,-2.037462294E-2,2.283584757E-1,1.281054783E-1
1.321537520E2,1.053556433E-1,1.262994196E-1,-1.305496144E-1
1.321737520E2,1.001315946E-1,2.112147318E-1,-1.553119880E-1
1.321937520E2,1.500825307E-1,2.389873981E-1,1.261735582E-1
1.322137520E2,3.205056243E-2,1.093319692E-1,-3.449857235E-3
1.322337520E2,6.809667349E-3,-1.533194031E-1,2.308229309E-1
1.322537520E2,-6.480702996E-2,-3.526733503E-1,2.116534191E-1
1.322737520E2,-9.829220675E-2,-2.316525047E-1,-1.160204530E-1
1.322937520E2,-1.467563421E-2,4.421240553E-2,-9.063944399E-2
1.323137520E2,1.273325495E-1,-1.146505965E-1,2.654571587E-1
1.323337520E2,-1.804268025E-2,-4.765277566E-1,-4.211749434E-2
1.323537520E2,-2.944972090E-1,-3.927216612E-1,2.915176141E-1
1.323737520E2,-4.179233799E-1,-2.859617360E-1,-2.672212636E-1
1.323937520E2,9.831895776E-2,-4.156268129E-1,-5.441366261E-1
1.324137520E2,-8.768733099E-2,-3.779524715E-1,-6.879138118E-1
1.324337520E2,-2.023039406E-1,-5.432854177E-1,-1.146217405E0
1.324537520E2,-5.812575285E-1,-4.630068013E-1,-1.380631696E0
1.324737520E2,-5.292149703E-1,-9.411809877E-2,-1.584269752E0
1.324937520E2,-3.490447144E-1,4.811555354E-1,-1.950336442E0
1.325137520E2,-3.235382827E-1,1.065399091E0,-2.185473449E0
1.325337520E2,-1.592559350E-1,9.724514584E-1,-2.292137187E0
1.325537520E2,-3.510017775E-1,1.776983455E-1,-2.613921744E0
1.325737520E2,-6.347392327E-1,-3.266184497E-1,-2.909820092E0
1.325937520E2,-7.883156209E-1,1.161736500E-1,-2.360648428E0
1.326137520E2,-9.836371820E-1,6.037546907E-1,-2.104968984E0
1.326337520E2,-1.120646362E0,-2.397225393E-1,-2.504698094E0
1.326537520E2,-1.104869551E0,-1.111208298E0,-2.202261389E0
1.326737520E2,-8.273488551E-1,-1.204687734E0,-2.135259315E0
1.326937520E2,-2.453118928E-1,-7.565309606E-1,-2.031214544E0
1.327137520E2,7.292822778E-2,-7.407940567E-1,-2.039067355E0
1.327337520E2,-3.204483216E-1,-1.274515257E0,-2.534881421E0
1.327537520E2,2.919544011E-2,-1.455914305E0,-1.966477096E0
1.327737520E2,6.614895134E-1,-8.541406511E-1,-1.264985465E0
1.327937520E2,4.665559150E-1,-8.331219573E-1,-1.217785571E0
1.328137520E2,4.830267906E-1,-1.226392087E0,-1.207524877E0
1.328337520E2,3.629900314E-1,-1.091941284E0,-1.224795797E0
1.328537520E2,6.023183222E-1,-1.112849684E0,-1.214378983E0
1.328737520E2,1.424915291E-1,-1.342428913E0,-4.887307495E-1
1.328937520E2,-2.641792497E-1,-1.219434559E0,-7.452328974E-1
1.329137520E2,-3.322839631E-1,-5.539459882E-1,6.830740714E-1
1.329337520E2,-5.147913511E-1,-6.844517485E-1,9.816785109E-1
1.329537520E2,-5.324411716E-1,-1.171454938E0,-5.937373871E-1
1.329737520E2,1.141668856E-4,2.731336758E-2,-1.087780332E0
1.329937520E2,1.086560164E0,1.135946332E0,5.900366843E-2
1.330137520E2,1.793702691E0,4.443401501E-1,2.120936560E0
1.330337520E2,1.215895604E0,-1.084136786E0,1.798741529E0
1.330537520E2,4.418790570E-1,-7.716191889E-1,1.252032713E0
1.330737520E2,1.084003323E0,1.231667445E0,1.372142708E0
1.330937520E2,7.592594907E-1,1.902814805E0,2.424550309E0
1.331137520E2,5.654415411E-1,1.437416931E0,1.253415579E0
1.331337520E2,-1.475427926E-1,1.570059410E0,1.698796241E0
1.331537520E2,5.688988535E-1,1.421527268E0,2.938259194E0
1.331737520E2,4.107239226E-1,5.268980111E-1,3.280740556E0
1.331937520E2,-2.116640903E-1,3.628760107E-1,5.606760603E-1
1.332137520E2,1.274353728E0,1.462641819E0,8.807052827E-1
1.332337520E2,6.266102873E-1,2.356248545E0,1.827090585E0
1.332537520E2,-1.717884184E-1,1.112738441E0,1.302482489E0
1.332737520E2,-1.690282403E-1,-1.156381766E0,1.705743318E0
1.332937520E2,-6.581979695E-1,-2.759761535E-1,8.535964215E-1
1.333137520E2,8.219502671E-1,1.053986057E0,1.258964587E0
1.333337520E2,1.252409420E0,9.842486545E-1,1.375876155E0
1.333537520E2,7.643758044E-1,2.814770678E-1,9.666692930E-1
1.333737520E2,9.077584492E-1,-1.692549661E-1,8.103065604E-1
1.333937520E2,5.034356198E-1,-7.413743198E-2,6.956830072E-1
1.334137520E2,-3.758841652E-1,-9.054939687E-2,9.649051881E-1
1.334337520E2,3.471550405E-2,3.795339972E-2,6.394456565E-1
1.334537520E2,-5.220847294E-2,7.124297252E-1,6.394760621E-1
1.334737520E2,1.794539720E-1,6.816505668E-1,1.501651518E0
1.334937520E2,-4.478645593E-1,3.647542825E-1,1.619917302E0
1.335137520E2,-1.359949802E-1,2.654092115E-1,1.099636731E0
1.335337520E2,3.893649209E-1,5.132896399E-1,1.189652277E0
1.335537520E2,7.000539471E-1,4.340677616E-1,2.081156783E0
1.335737520E2,2.292069067E-1,2.516942748E-1,2.569104590E0
1.335937520E2,7.024947211E-2,2.816653481E-1,2.423275616E0
1.336137520E2,2.154295510E-1,5.421678686E-1,2.444691628E0
1.336337520E2,9.008622430E-1,5.932564536E-1,2.951296731E0
1.336537520E2,6.547215074E-1,-4.430195564E-1,2.780521197E0
1.336737520E2,5.382725997E-1,-5.143991491E-1,2.284824075E0
1.336937520E2,2.775256656E-1,8.478839841E-1,2.027456539E0
1.337137520E2,-5.095022522E-1,1.120662442E0,1.517618510E0
1.337337520E2,-9.831933783E-1,-5.963493383E-1,1.038602909E0
1.337537520E2,-8.390682833E-1,-1.147017889E0,8.097569221E-1
1.337737520E2,-4.338098994E-1,1.738716352E-1,8.767490566E-1
1.337937520E2,-6.016916469E-2,8.643772253E-1,2.639380521E-1
1.338137520E2,9.152199349E-1,5.335484880E-1,8.508312732E-1
1.338337520E2,2.588796258E-2,3.808911359E-1,9.852032125E-1
1.338537520E2,3.161278139E-1,3.106932655E-1,1.296709533E0
1.338737520E2,8.249924272E-2,9.941778114E-1,9.938103139E-1
1.338937520E2,4.673262857E-1,1.122028059E0,1.149878932E0
1.339137520E2,1.679270634E-1,5.425643098E-1,1.108177174E0
1.339337520E2,1.256093019E-1,3.076237696E-1,9.207072544E-1
1.339537520E2,1.812604693E-1,5.828060174E-1,9.026264942E-1
1.339737520E2,7.249597237E-2,1.001471044E0,8.992772090E-1
1.339937520E2,-2.831240822E-1,1.975578287E-1,6.550050974E-1
1.340137520E2,-4.331177352E-1,-9.663605601E-2,2.762552118E-1
1.340337520E2,-1.193761700E-1,8.953934884E-1,6.707101339E-1
1.340537520E2,1.846006912E-1,1.394266818E0,9.456508917E-1
1.340737520E2,1.896589713E-1,3.073451498E-1,7.872714543E-1
1.340937520E2,5.560012114E-1,-9.142881811E-2,5.632324630E-1
1.341137520E2,7.925313172E-1,4.084540334E-1,8.912507361E-1
1.341337520E2,6.968365167E-1,1.398782623E-1,5.376187348E-1
1.341537520E2,1.750331846E-1,-5.061209536E-1,5.133422649E-1
1.341737520E2,-3.046045598E-1,-1.266185313E-1,1.894953954E-1
1.341937520E2,4.198783234E-2,4.831849578E-1,3.340397358E-2
1.342137520E2,2.438511121E-1,-5.569388124E-1,-7.099654162E-1
1.342337520E2,9.198233016E-2,-1.335943766E0,-5.806618434E-1
1.342537520E2,-2.381542430E-1,-1.516104081E-1,9.796015799E-2
1.342737520E2,-1.806363521E-1,1.253571700E0,3.079903901E-1
1.342937520E2,-2.084317495E-1,8.550994483E-1,-1.677601254E-1
1.343137520E2,-1.648816873E-1,-7.254122981E-1,6.663311541E-2
1.343337520E2,4.285547143E-1,-1.171810376E0,1.378303919E0
1.343537520E2,7.474910921E-1,5.614519858E-1,1.013584428E0
1.343737520E2,6.625291483E-1,1.360871615E0,4.228150874E-1
1.343937520E2,-3.608652994E-1,6.556152543E-1,9.703162014E-2
1.344137520E2,-4.326145823E-1,-7.830064952E-2,6.058686054E-1
1.344337520E2,-2.632165056E-1,3.975761658E-1,5.083616066E-1
1.344537520E2,-1.973949838E-1,7.119122466E-1,6.269092262E-2
1.344737520E2,-3.486583596E-1,4.253565797E-1,-4.828414339E-1
1.344937520E2,-8.165563568E-2,1.198360536E-1,-2.717259586E-2
1.345137520E2,2.526166731E-1,-5.870282918E-2,-3.289637679E-1
1.345337520E2,2.387459081E-1,6.478276402E-3,-9.713581753E-1
1.345537520E2,2.578578249E-1,2.589397059E-1,-1.243344920E0
1.345737520E2,1.965708187E-1,3.918109573E-1,-1.059763398E0
1.345937520E2,-3.349808452E-1,1.818665332E-1,-8.681963342E-1
1.346137520E2,-7.208418220E-1,6.498010755E-2,-3.627238369E-1
1.346337520E2,-2.618158051E-1,8.883265436E-2,-8.247906983E-2
1.346537520E2,8.122279555E-2,2.769555621E-1,-4.510185474E-1
1.346737520E2,2.372039974E-1,4.387209758E-1,-9.953510553E-1
1.346937520E2,3.885840252E-1,2.172395566E-1,-1.094250276E0
1.347137520E2,-2.078062436E-1,-2.454488638E-1,-1.525909862E0
1.347337520E2,-5.519696293E-1,-6.853473227E-1,-1.766377190E0
1.347537520E2,-8.997399431E-1,-1.052492970E-1,-1.988861992E0
1.347737520E2,-6.924410916E-1,1.007784721E0,-1.922790794E0
1.347937520E2,-6.488677137E-2,1.097385407E0,-2.063856041E0
1.348137520E2,-2.121336217E-1,-2.512297136E-1,-2.185089287E0
1.348337520E2,-2.828378610E-1,-9.211643605E-1,-2.059968227E0
1.348537520E2,-3.043643124E-1,1.188806185E-1,-2.013648339E0
1.348737520E2,-2.652345259E-1,9.338199279E-1,-1.636523979E0
1.348937520E2,-1.426692845E-1,-3.710010092E-1,-2.053912266E0
1.349137520E2,-6.514771798E-1,-2.602365891E0,-1.512712111E0
1.349337520E2,-8.596415654E-2,-3.058182664E0,-6.936967081E-1
1.349537520E2,4.983005950E-1,-1.237648855E0,-1.852035391E-1
1.349737520E2,4.365120439E-1,-2.629785240E-2,-2.994891232E-1
1.349937520E2,2.813196315E-1,-4.892195036E-1,-3.978012836E-1
1.350137520E2,1.766325442E-1,-9.334245099E-1,-1.178962398E-1
1.350337520E2,1.855860932E-1,-1.897596165E-1,-2.456064463E-2
1.350537520E2,5.353944540E-2,5.255557097E-1,3.758128291E-1
1.350737520E2,-1.263247088E-2,3.429802747E-1,2.399597901E-1
1.350937520E2,-3.004844655E-1,-5.384721360E-1,-1.947099423E-1
1.351137520E2,-4.475761454E-1,-1.175672681E0,-1.120993102E-1
1.351337520E2,-3.032026899E-1,-7.488407025E-1,5.609584808E-2
1.351537520E2,-2.340853849E-1,-9.612990640E-2,-4.431721687E-2
1.351737520E2,-2.448315440E-1,-3.301112109E-1,-3.683307320E-1
1.351937520E2,-1.817286851E-1,-8.141982479E-1,-3.130575871E-1
1.352137520E2,-1.056681038E-1,-6.761246556E-1,7.497709215E-2
1.352337520E2,4.769091412E-2,-6.810252070E-3,7.766856551E-2
1.352537520E2,4.068676838E-1,5.235564005E-1,1.824582714E-1
1.352737520E2,5.876698776E-1,3.180228234E-1,3.348951834E-1
1.352937520E2,5.655296879E-1,-4.825503887E-1,2.524851108E-1
1.353137520E2,2.634869394E-1,-8.541413089E-1,2.633047986E-1
1.353337520E2,2.287777211E-1,-2.855364972E-1,1.058813810E-2
1.353537520E2,-7.652104944E-3,2.995954695E-1,-3.250332695E-1
1.353737520E2,-9.370016903E-2,-1.837122068E-2,-1.346730709E-1
1.353937520E2,-3.114305994E-1,-7.129423068E-1,-3.986865520E-2
1.354137520E2,-3.055064929E-1,-4.462734588E-1,1.091207385E-1
1.354337520E2,2.810758026E-1,4.675826130E-1,2.067628080E-1
1.354537520E2,3.104131839E-1,3.784068733E-1,1.448524886E-1
1.354737520E2,2.408892050E-2,-5.100249933E-1,-9.433956206E-2
1.354937520E2,-1.031115550E-1,-5.887087085E-1,-2.869819289E-1
1.355137520E2,-3.810162663E-2,-7.809000358E-2,6.107358277E-2
1.355337520E2,-1.685218714E-1,-1.193785089E-1,5.619642019E-2
1.355537520E2,-3.612269497E-1,-2.300044669E-1,-1.752083087E-1
1.355737520E2,-3.158437854E-1,-2.006936905E-1,-3.474415541E-1
1.355937520E2,-2.989045478E-1,-9.394268230E-2,-2.972952479E-1
1.356137520E2,6.281517595E-2,-2.951553132E-1,-1.598219454E-2
1.356337520E2,6.927211002E-2,-4.155424668E-1,-1.319932920E-1
1.356537520E2,-7.082016036E-2,-7.285572231E-2,-5.183626842E-1
1.356737520E2,-1.435462207E-2,2.757669693E-1,-9.844506758E-1
1.356937520E2,1.148261592E-2,1.505584940E-2,-1.079795959E0
1.357137520E2,-7.759620622E-2,-7.133132395E-1,-1.219228663E0
1.357337520E2,-2.684534182E-1,-5.999956620E-1,-1.986903175E0
1.357537520E2,-1.311616717E-1,5.006320260E-1,-2.148872802E0
1.357737520E2,1.710855831E-1,1.202671834E0,-2.050733719E0
1.357937520E2,5.934375711E-2,7.010951900E-1,-2.531401743E0
1.358137520E2,-4.682603784E-1,-4.939566985E-1,-2.496888553E0
1.358337520E2,-8.638310954E-1,-9.182844606E-1,-2.114451998E0
1.358537520E2,-4.423431797E-1,-1.915736420E-1,-2.081846754E0
1.358737520E2,-1.408170328E-1,4.529627466E-1,-1.875309649E0
1.358937520E2,-5.959243188E-1,1.599393283E-1,-1.652425482E0
1.359137520E2,-6.152686623E-1,-7.955207062E-1,-2.084252298E0
1.359337520E2,-5.298611607E-1,-1.193118653E0,-1.603942709E0
1.359537520E2,-7.676736340E-1,-6.705500664E-1,-1.942649692E0
1.359737520E2,-1.063899426E-1,-2.724877046E-1,-1.429761171E0
1.359937520E2,-1.158770500E-1,-5.557303391E-1,-1.027277437E0
1.360137520E2,-2.369043276E-2,-1.218175726E0,-8.644482690E-1
1.360337520E2,7.909247216E-2,-1.391027168E0,-4.439112568E-1
1.360537520E2,1.936758257E-1,-8.148891695E-1,-6.184447968E-1
1.360737520E2,4.676984975E-1,-2.419395112E-1,-3.990034711E-1
1.360937520E2,4.070145220E-1,-2.081244783E-1,-3.251069444E-1
1.361137520E2,3.265289873E-1,-8.628069556E-1,-2.941278112E-1
1.361337520E2,-2.707716199E-1,-1.106443183E0,1.884733021E-1
1.361537520E2,-3.041639721E-1,-2.161468582E-1,-9.568968415E-2
1.361737520E2,3.885920651E-2,9.825349818E-1,3.626472384E-1
1.361937520E2,7.420189753E-2,8.225482911E-1,5.948471886E-1
1.362137520E2,3.219536141E-1,-6.924271314E-1,1.116299542E0
1.362337520E2,-3.894830346E-1,-1.707176032E0,1.091134295E0
1.362537520E2,-7.263683179E-1,-1.494080251E0,1.684717315E-1
1.362737520E2,-2.414472852E-1,-5.049567729E-2,-7.504603082E-1
1.362937520E2,1.478521285E-1,7.246602000E-1,-1.481623051E0
1.363137520E2,5.253944727E-1,3.461949277E-1,-3.873797911E-1
1.363337520E2,-1.448743792E-1,-3.213391449E-1,-8.464850378E-1
1.363537520E2,-2.954947806E-1,-3.054361801E-1,-9.430716848E-1
1.363737520E2,-3.129130513E-1,1.178617412E0,-6.556921452E-1
1.363937520E2,8.117373741E-1,1.710779087E0,1.647686899E-2
1.364137520E2,1.258423135E0,6.116108635E-1,8.080688310E-1
1.364337520E2,1.514165291E0,9.955864057E-2,6.230143958E-1
1.364537520E2,6.453413310E-1,1.668152884E0,5.335642755E-1
1.364737520E2,1.216784893E0,7.761244686E-1,1.064121328E0
1.364937520E2,3.700789764E-1,-1.473596285E-1,1.390350938E-1
1.365137520E2,-1.231727306E-1,3.663947189E-1,1.017662861E0
1.365337520E2,-3.949666265E-1,1.009857413E0,1.049999717E0
1.365537520E2,1.704282099E-1,1.126634788E0,1.396603366E0
1.365737520E2,4.206047668E-1,9.011301917E-1,9.461151606E-1
1.365937520E2,8.901452469E-1,-1.555710196E-2,1.712469955E0
1.366137520E2,2.314973707E-1,-7.533654973E-1,1.922637012E0
1.366337520E2,-1.766528268E-1,-7.426779565E-1,1.228218758E0
1.366537520E2,-5.412177326E-1,1.347964764E0,9.984097338E-1
1.366737520E2,-1.848080481E-1,2.126283546E0,2.098751054E0
1.366937520E2,-4.898135807E-2,4.666510785E-1,2.409984310E0
1.367137520E2,-3.696953990E-1,-5.884488729E-1,1.820591989E0
1.367337520E2,2.192264039E-1,5.525887764E-1,1.771881174E0
1.367537520E2,5.622008314E-1,1.594449462E0,1.496843938E0
1.367737520E2,3.090450816E-1,8.525722817E-1,1.390669026E0
1.367937520E2,4.239772215E-2,-8.201649660E-1,1.559590994E0
1.368137520E2,-4.620596255E-1,-1.309238362E-1,2.382349200E0
1.368337520E2,4.177966781E-1,1.180674462E0,2.409974955E0
1.368537520E2,6.765902402E-1,1.100140176E0,1.920305142E0
1.368737520E2,8.154686286E-1,6.543063551E-2,1.899812990E0
1.368937520E2,4.612783644E-1,5.250273407E-2,2.435727262E0
1.369137520E2,3.709122777E-1,8.633314508E-1,2.475146851E0
1.369337520E2,-2.313639446E-1,9.959617969E-1,2.065674525E0
1.369537520E2,-4.941345635E-1,8.090909243E-1,2.293746926E0
1.369737520E2,-4.111085963E-2,2.067066747E-1,2.637602382E0
1.369937520E2,4.843717233E-1,-2.975732830E-1,2.908954119E0
1.370137520E2,5.840948534E-1,2.087619710E-1,2.741379935E0
1.370337520E2,-4.746228799E-2,8.764499715E-1,2.659570956E0
1.370537520E2,1.133190393E-1,7.749887931E-1,1.867685464E0
1.370737520E2,-4.096634204E-2,5.281219795E-1,1.900629262E0
1.370937520E2,-1.292657303E-1,5.798888415E-2,2.567988941E0
1.371137520E2,-3.937046147E-1,2.729085580E-1,2.302382678E0
1.371337520E2,-2.038781755E-1,1.089347678E0,1.521958314E0
1.371537520E2,1.410213747E-1,4.217023623E-1,8.026391065E-1
1.371737520E2,3.889665793E-1,-9.519325554E-2,1.381965446E0
1.371937520E2,2.846795147E-1,1.035549493E0,1.419326815E0
1.372137520E2,2.659902238E-1,1.604984098E0,5.840976673E-1
1.372337520E2,-2.800043369E-2,4.383137172E-1,-1.930165887E-3
1.372537520E2,-6.749048533E-1,-5.723409632E-1,2.612454093E-1
1.372737520E2,-6.259615387E-1,4.007336622E-1,4.809159458E-1
1.372937520E2,-2.599598441E-1,1.632637920E0,3.616456103E-1
1.373137520E2,-3.976222674E-2,1.386360506E0,-2.014564598E-1
1.373337520E2,5.735795131E-2,8.136011741E-1,8.548062104E-1
1.373537520E2,-3.238359790E-1,1.221205315E0,1.306444563E0
1.373737520E2,-1.090542264E-2,1.065169734E0,1.065865552E-1
1.373937520E2,-2.787416672E-1,1.864446107E-1,-2.103857428E-1
1.374137520E2,-3.981801466E-1,-1.315904188E-1,7.793677729E-1
1.374337520E2,-3.523553348E-1,7.699031773E-1,9.084994376E-1
1.374537520E2,-2.369507398E-2,9.954814482E-1,6.112761104E-1
1.374737520E2,2.654725442E-1,-1.474068448E-1,6.655160522E-1
1.374937520E2,2.793258771E-2,-3.237720251E-1,1.105452957E0
1.375137520E2,4.650186089E-1,1.311352131E0,1.117721584E0
1.375337520E2,5.084841789E-1,1.592569290E0,7.967234784E-1
1.375537520E2,-2.064471314E-1,1.458090931E-2,7.077417201E-1
1.375737520E2,4.506634752E-1,3.740759137E-1,1.366298416E0
1.375937520E2,5.215189382E-1,2.098765672E0,1.120434108E0
1.376137520E2,2.921393924E-1,1.380968788E0,4.510062683E-1
1.376337520E2,-2.768280928E-1,-8.234882310E-1,8.364500463E-2
1.376537520E2,-7.586483105E-1,-1.260773715E0,3.694241613E-1
1.376737520E2,-6.263740598E-1,6.072704753E-1,3.631793350E-1
1.376937520E2,9.047820702E-2,1.998858392E0,2.675077772E-1
1.377137520E2,2.801409059E-1,1.361506038E0,7.091912448E-2
1.377337520E2,-2.024349913E-1,-8.257350236E-2,-6.150861561E-1
1.377537520E2,-1.427835976E-1,-7.629061067E-1,-7.885180807E-1
1.377737520E2,2.654906340E-1,-2.695601499E-1,2.915433419E-1
1.377937520E2,-8.003522605E-1,1.179500634E0,-6.623679113E-1
1.378137520E2,5.896133459E-1,1.073298533E0,-7.820095450E-1
1.378337520E2,1.085636304E0,-1.320625815E-1,-1.023139363E0
1.378537520E2,2.852833128E-1,-1.383875731E0,-8.193405086E-1
1.378737520E2,-1.415100301E0,-2.083263534E0,-3.072585526E0
1.378937520E2,-8.262489939E-1,-2.189392253E0,-2.845007215E0
1.379137520E2,-7.717279471E-1,-8.651709849E-1,-2.329800273E0
1.379337520E2,-1.446481869E0,1.643336570E-1,-1.988635705E0
1.379537520E2,-1.293716197E0,-2.490741375E-1,-2.939683576E0
1.379737520E2,-3.154352112E-1,-1.016957102E0,-4.024407569E0
1.379937520E2,3.219830695E-1,-1.352950392E0,-3.681101165E0
1.380137520E2,1.782614323E-1,-1.539399242E0,-2.583961195E0
1.380337520E2,-2.792877240E-1,-1.512699394E0,-2.618567356E0
1.380537520E2,-5.924249795E-1,-9.140839671E-1,-2.162413784E0
1.380737520E2,-1.501141495E0,-1.777236347E-1,-2.071521741E0
1.380937520E2,-1.366038654E0,-7.755859400E-1,-1.557162060E0
1.381137520E2,-4.360050903E-1,-1.880497006E0,-1.106493176E0
1.381337520E2,6.678485066E-2,-1.757415748E0,-8.779144067E-1
1.381537520E2,2.770472172E-1,-6.172917259E-1,-7.268439889E-1
1.381737520E2,4.829725577E-1,-1.934434354E-2,-4.757587016E-1
1.381937520E2,-1.276330233E-2,-5.561697574E-1,2.489990008E-1
1.382137520E2,-1.470351081E-1,-1.384633092E0,1.807619941E-1
1.382337520E2,-1.376229912E-1,-1.033672099E0,3.566082340E-1
1.382537520E2,-1.785026300E-1,4.438773429E-1,2.270941615E-2
1.382737520E2,2.084741418E-1,1.463732617E0,2.878157419E-1
1.382937520E2,2.733514845E-1,1.234655665E0,-1.394180864E-1
1.383137520E2,-1.242488010E-1,2.315710822E-1,-3.955565375E-1
1.383337520E2,-4.715558691E-1,-2.319871116E-1,-4.416706038E-1
1.383537520E2,-3.550461504E-1,-1.990558854E-1,1.110041267E-1
1.383737520E2,-5.266145673E-1,-3.223974909E-1,-3.771044791E-2
1.383937520E2,-4.076458021E-1,-4.013629688E-1,-1.632489985E-1
1.384137520E2,-9.186180443E-2,-2.410019101E-1,2.986863005E-1
1.384337520E2,3.070788091E-1,2.796034737E-1,4.903399032E-1
1.384537520E2,6.852882658E-1,4.373329930E-1,4.813340217E-1
1.384737520E2,6.642008673E-1,4.075528313E-1,4.330138010E-1
1.384937520E2,7.756115216E-1,9.368818223E-2,5.498476017E-1
1.385137520E2,6.180574188E-1,-3.003491025E-1,5.588534832E-2
1.385337520E2,-1.690621541E-1,-3.378753631E-1,7.929818451E-2
1.385537520E2,-5.779444961E-1,-1.335371031E-1,-2.526096565E-1
1.385737520E2,-5.991719355E-1,3.102737278E-2,-2.424454415E-1
1.385937520E2,-4.526043123E-1,-7.494858697E-2,1.796568704E-1
1.386137520E2,-1.807386053E-1,-5.945348011E-1,-9.723861158E-2
1.386337520E2,2.939037167E-1,-8.656774999E-1,-1.350233191E-1
1.386537520E2,4.362546203E-1,-4.556249839E-1,-7.642720163E-2
1.386737520E2,1.902175266E-1,-2.300287329E-1,-1.954496151E-1
1.386937520E2,7.042649657E-2,-4.874882162E-1,1.322798055E-1
1.387137520E2,-1.740249784E-1,-5.130412795E-1,2.088099182E-1
1.387337520E2,-1.616864763E-1,-3.410337366E-1,7.145180583E-2
1.387537520E2,-1.764960118E-1,-3.959781218E-1,-1.111538154E-1
1.387737520E2,-2.979638770E-1,-3.918648979E-1,-5.115804988E-1
1.387937520E2,-1.879818437E-1,-2.864917861E-1,-6.857187670E-1
1.388137520E2,-1.676614536E-1,-6.530462801E-2,-7.783526963E-1
1.388337520E2,-4.662812421E-1,1.770459424E-1,-1.092868579E0
1.388537520E2,-9.088783371E-1,3.203012641E-1,-1.296485585E0
1.388737520E2,-1.054488479E0,1.796931231E-1,-1.049371142E0
1.388937520E2,-9.691670774E-1,-3.291684204E-1,-1.328796129E0
1.389137520E2,-5.200184695E-1,-9.542708570E-1,-1.394352772E0
1.389337520E2,-9.467226863E-2,-1.128549751E0,-1.495168710E0
1.389537520E2,3.914827824E-1,-3.932173589E-1,-1.984902257E0
1.389737520E2,6.175549968E-1,4.246506746E-1,-2.333931915E0
1.389937520E2,3.986627246E-1,1.299185537E-1,-2.705382137E0
1.390137520E2,-1.258471374E-1,-5.827617247E-1,-3.157504054E0
1.390337520E2,-4.711826706E-1,-9.141010702E-1,-3.072311876E0
1.390537520E2,-4.940382671E-1,-3.826778989E-1,-3.075826637E0
1.390737520E2,-5.385781167E-1,1.400760444E-1,-2.410562015E0
1.390937520E2,-8.223531403E-1,-2.301518168E-1,-2.264327245E0
1.391137520E2,-5.199862368E-1,-1.208709815E0,-2.007577760E0
1.391337520E2,6.283308305E-2,-1.603510746E0,-1.913893670E0
1.391537520E2,7.017985370E-1,-3.357218336E-1,-1.330153853E0
1.391737520E2,4.220136534E-1,9.492002977E-1,-8.025350261E-1
1.391937520E2,-5.920810170E-2,5.125654623E-2,-7.388915920E-1
1.392137520E2,-5.538961407E-1,-1.669745081E0,2.535101277E-1
1.392337520E2,-8.779070976E-1,-1.864623570E0,-1.344489471E0
1.392537520E2,-9.891581230E-2,9.740584195E-2,-7.974444401E-1
1.392737520E2,6.902077476E-1,1.566784384E0,-4.920619082E-1
1.392937520E2,4.696921057E-1,2.233490199E-1,-1.142955244E-1
1.393137520E2,3.710409164E-2,-9.877337413E-1,-1.190405399E-1
1.393337520E2,-5.357394397E-2,5.339479990E-1,6.445175314E-1
1.393537520E2,7.126964314E-1,1.847616797E0,1.388159986E0
1.393737520E2,5.207352651E-1,6.584413598E-1,-2.896049899E-1
1.393937520E2,4.689310540E-1,-4.181573416E-1,5.315773916E-1
1.394137520E2,5.294293804E-1,8.999288812E-1,5.644410825E-1
1.394337520E2,-3.065451228E-2,1.676328023E0,1.263721882E0
1.394537520E2,-6.173421581E-1,1.074315510E0,4.850967050E-2
1.394737520E2,-1.438010131E-1,-1.911147818E-1,1.065713525E-1
1.394937520E2,-2.132138948E-1,-7.774627501E-1,1.156468744E0
1.395137520E2,8.089833355E-1,-4.810149099E-1,-4.580486548E-1
1.395337520E2,7.600134891E-1,4.923253253E-2,-3.827230686E-1
1.395537520E2,-3.336038624E-1,-4.960703208E-1,5.003058976E-1
1.395737520E2,-8.214449215E-1,-5.373050317E-2,1.207519614E0
1.395937520E2,4.165894473E-2,1.321761344E0,1.476056501E0
1.396137520E2,1.225875340E-1,1.810911485E0,1.743340330E0
1.396337520E2,8.824604706E-1,9.434599400E-2,3.390014491E0
1.396537520E2,-1.875858958E-1,-5.665585054E-1,2.534524741E0
1.396737520E2,4.543940719E-2,1.016931520E0,1.201249060E0
1.396937520E2,-5.717484210E-1,1.887036678E0,2.181771576E0
1.397137520E2,-5.923750954E-1,7.304780334E-3,2.994137526E0
1.397337520E2,-9.748981527E-1,-1.435528719E0,1.391274213E0
1.397537520E2,-2.182593841E-2,-2.150418806E-1,1.563652470E0
1.397737520E2,3.479035937E-1,2.446932135E0,2.881017292E0
1.397937520E2,6.576227497E-1,2.544853848E0,2.789699571E0
1.398137520E2,3.570522935E-1,-3.600026889E-1,2.949460121E0
1.398337520E2,-2.537825714E-1,-1.367070687E0,1.989718609E0
1.398537520E2,-1.907544471E-2,-8.876468047E-2,3.437049494E0
1.398737520E2,-4.366537293E-1,1.110693524E0,2.747668616E0
1.398937520E2,-1.046125791E0,-1.557420507E-2,2.088906682E0
1.399137520E2,-1.362395107E0,-1.394882238E0,2.754173058E0
1.399337520E2,-1.698533994E0,3.018537372E-2,2.997401442E0
1.399537520E2,-1.664959574E-1,1.001347229E0,3.479931804E0
1.399737520E2,-6.059666193E-1,1.387115966E-1,1.297011250E0
1.399937520E2,-7.534795180E-3,-4.103064314E-1,2.392568378E0
1.400137520E2,1.051169453E0,7.026967424E-1,2.983468112E0
1.400337520E2,1.128423232E0,1.596447748E-1,2.592868259E0
1.400537520E2,1.373068761E-2,-3.196797051E-1,2.564133287E0
1.400737520E2,-2.658429287E-2,5.051295581E-1,1.260771376E0
1.400937520E2,3.605043069E-1,9.044420546E-1,1.747312344E0
1.401137520E2,6.957884033E-1,2.661330968E-2,1.516722132E0
1.401337520E2,5.250922082E-1,4.159362768E-1,2.885252430E0
1.401537520E2,-4.556614559E-1,1.065001480E0,2.156825600E0
1.401737520E2,9.434805879E-2,9.333158979E-1,4.379979676E-1
1.401937520E2,5.278093362E-1,4.583236201E-1,6.593104023E-1
1.402137520E2,2.898493121E-1,1.542765923E-1,1.544626215E0
1.402337520E2,-1.137076234E-1,7.240352789E-1,1.218489575E0
1.402537520E2,-4.136061613E-1,1.018345523E0,6.551372445E-1
1.402737520E2,-4.447459103E-1,3.293485147E-1,6.413284600E-1
1.402937520E2,1.574242216E-1,3.265266484E-1,9.790536958E-1
1.403137520E2,1.008089215E0,8.394435284E-1,1.057750787E0
1.403337520E2,2.345865278E-1,4.968187644E-1,2.164224082E-1
1.403537520E2,-7.597531419E-1,8.814958262E-1,1.602511311E-1
1.403737520E2,-6.856727933E-1,1.558171290E0,1.562000631E0
1.403937520E2,-6.329115392E-1,1.096326769E0,1.481796128E0
1.404137520E2,1.372157509E-1,-2.431215258E-1,5.949746579E-1
1.404337520E2,4.268726531E-1,-2.766145232E-1,3.489021885E-1
1.404537520E2,6.635230288E-1,8.239358354E-1,1.565310155E0
1.404737520E2,1.953975384E-1,1.891839289E0,1.641839683E0
1.404937520E2,1.558485066E-1,1.333540121E0,7.327485073E-1
1.405137520E2,-1.929344719E-1,-4.266887216E-1,9.721738619E-1
1.405337520E2,-2.701537885E-2,-8.059012681E-2,1.451912763E0
1.405537520E2,9.128085431E-1,1.900696359E0,1.652957579E0
1.405737520E2,1.030402628E0,2.395453687E0,1.137320867E0
1.405937520E2,-1.208193360E-1,1.326895930E0,5.630716646E-1
1.406137520E2,-4.665169580E-1,2.811094241E-1,2.953949028E-1
1.406337520E2,-5.924398899E-1,1.699808979E-1,3.951267672E-1
1.406537520E2,-1.403843388E0,4.466318201E-1,-2.592860073E-1
1.406737520E2,-1.073151183E0,1.816189036E-1,1.045552325E-1
1.406937520E2,5.624764911E-1,-7.389540111E-1,-8.724343961E-1
1.407137520E2,1.383382519E0,-1.766333775E0,-1.579461586E0
1.407337520E2,1.276664986E0,-2.060502516E0,-4.612757331E-1
1.407537520E2,5.269127022E-1,-8.480830818E-1,-9.765738916E-1
1.407737520E2,-8.542145453E-1,1.223284731E0,-3.213886415E0
1.407937520E2,5.165203728E-2,1.811420193E0,-3.665342335E0
1.408137520E2,7.407434052E-1,9.321967408E-2,-5.190834121E0
1.408337520E2,-6.593226814E-1,-1.951105205E0,-4.609477628E0
1.408537520E2,-1.120113827E0,-2.695237802E0,-4.122240257E0
1.408737520E2,-1.103525276E-1,-5.983714516E-1,-4.849005309E0
1.408937520E2,4.899431697E-1,1.202277293E0,-4.307370706E0
1.409137520E2,1.623823681E-1,6.382403992E-1,-4.489293373E0
1.409337520E2,-3.661213616E-1,-1.322199593E0,-3.735572657E0
1.409537520E2,-2.116750538E-2,-2.436877702E0,-2.885556486E0
1.409737520E2,1.039291419E0,-1.808345435E0,-2.110858884E0
1.409937520E2,1.182984916E0,4.730916403E-2,-1.635148129E0
1.410137520E2,5.557125051E-1,7.553248262E-1,-1.219640892E0
1.410337520E2,1.753791936E-2,-4.239414804E-1,-5.424795252E-1
1.410537520E2,-4.738983368E-1,-1.980287927E0,-1.261571860E-1
1.410737520E2,-3.103597915E-1,-2.259507823E0,6.991831505E-1
1.410937520E2,8.203734923E-3,-9.198270292E-1,2.492299658E-1
1.411137520E2,2.471156492E-1,3.812353177E-1,1.669093555E-1
1.411337520E2,4.824032947E-1,8.686531480E-1,1.458716583E-1
1.411537520E2,3.680910692E-1,5.088597163E-1,-1.274108291E-1
1.411737520E2,4.132925313E-2,1.657604507E-1,-7.687334418E-2
1.411937520E2,-3.329667717E-1,3.210475150E-1,-3.416908175E-1
1.412137520E2,-5.093028621E-1,2.350237168E-1,-3.578174382E-1
1.412337520E2,-4.983308178E-1,-6.034510741E-1,-1.476071119E-1
1.412537520E2,-7.259804282E-1,-9.707604437E-1,1.058843046E-1
1.412737520E2,-5.730969351E-1,-5.406530743E-1,3.164074570E-1
1.412937520E2,8.219707872E-2,-1.641108781E-1,6.967600644E-1
1.413137520E2,7.620552637E-1,2.009955530E-1,5.023079842E-1
1.413337520E2,9.203989600E-1,3.808081055E-1,4.051945031E-1
1.413537520E2,8.222106875E-1,-7.259581357E-2,5.435209143E-1
1.413737520E2,3.109972476E-1,-4.624560667E-1,2.294418186E-1
1.413937520E2,-7.559736296E-2,-5.854298092E-2,2.446673834E-1
1.414137520E2,2.173361636E-2,6.608556752E-1,2.198424447E-1
1.414337520E2,-1.015384438E-1,7.099956024E-1,3.562825441E-2
1.414537520E2,-3.331279356E-1,-1.396663007E-1,-1.918956774E-1
1.414737520E2,-5.068976100E-1,-4.826362697E-1,-1.660884064E-1
1.414937520E2,-2.915474715E-1,-1.264790022E-1,1.717736542E-2
1.415137520E2,-1.464468690E-1,1.799841683E-1,-2.134110922E-1
1.415337520E2,-1.503849870E-1,2.334806366E-1,-2.054138553E-1
1.415537520E2,-1.324656374E-1,2.683046065E-2,2.199073488E-1
1.415737520E2,3.702631454E-2,-2.869773243E-1,1.329814714E-1
1.415937520E2,2.941233527E-1,-2.079668958E-1,1.489741910E-1
1.416137520E2,1.892044782E-1,-1.158817278E-1,2.524009109E-1
1.416337520E2,7.632169593E-2,-2.809845860E-1,-3.239357471E-3
1.416537520E2,2.273256016E-1,-2.725846222E-1,-1.798118216E-1
1.416737520E2,4.515675279E-1,-1.236156937E-1,1.628332615E-2
1.416937520E2,3.868116245E-1,-3.135066533E-1,-5.147303939E-3
1.417137520E2,2.663189835E-1,-8.906574630E-1,9.718481719E-2
1.417337520E2,-1.125059018E-1,-1.064063002E0,-8.086465359E-2
1.417537520E2,1.345244054E-1,-1.008457370E0,-3.070583439E-1
1.417737520E2,9.192864541E-3,-8.890264553E-1,-4.693273491E-1
1.417937520E2,-7.191157971E-2,-7.054859374E-1,-5.861798608E-1
1.418137520E2,-1.092186794E-3,-4.851187782E-1,-8.727045375E-1
1.418337520E2,1.971720587E-1,-4.684993102E-1,-1.368952467E0
1.418537520E2,2.005268621E-1,-4.800175211E-1,-1.716885772E0
1.418737520E2,8.422333080E-2,-3.479485077E-1,-2.036975221E0
1.418937520E2,1.995368554E-1,-1.603123806E-1,-2.276323392E0
1.419137520E2,1.256241758E-1,1.639262523E-1,-2.501907803E0
1.419337520E2,7.594619505E-2,3.644543204E-1,-2.784371004E0
1.419537520E2,2.533535685E-1,4.879760201E-1,-3.031904692E0
1.419737520E2,1.995878358E-1,1.342389151E-2,-3.420453342E0
1.419937520E2,9.846945047E-2,-7.270049335E-1,-2.324778099E0
1.420137520E2,-2.681564527E-1,-4.333498697E-1,-2.148259429E0
1.420337520E2,-4.641465698E-1,1.009132943E-1,-2.938032323E0
1.420537520E2,-6.162653933E-1,2.442835137E-2,-2.903345470E0
1.420737520E2,-7.438337318E-1,5.263254225E-2,-2.675040935E0
1.420937520E2,-6.774759471E-2,2.197449423E-1,-2.397644931E0
1.421137520E2,3.646491788E-1,-3.109992211E-1,-1.956811064E0
1.421337520E2,1.394878875E-1,-1.047885803E0,-1.923997659E0
1.421537520E2,4.719682440E-2,-1.178370659E0,-1.276813797E0
1.421737520E2,-3.320111905E-1,-1.040565820E0,-1.440342293E0
1.421937520E2,3.591734806E-1,-1.145494543E0,-1.085074825E0
1.422137520E2,1.027637187E-1,-8.728572960E-1,-1.699287992E0
1.422337520E2,5.181505765E-1,-5.189915523E-1,-1.548950815E0
1.422537520E2,8.607841844E-1,-2.792504480E-1,-1.119162923E-1
1.422737520E2,1.461904485E0,-2.797176406E-1,1.526123285E-2
1.422937520E2,1.773930770E0,-4.402191786E-1,5.851589370E-1
1.423137520E2,1.882113907E0,1.112289960E0,7.129124129E-1
1.423337520E2,1.868374120E0,2.813456224E0,2.297268704E0
1.423537520E2,-3.488850854E-2,1.915347434E0,1.742596564E0
1.423737520E2,-8.201225006E-1,-7.005190931E-1,1.096312589E0
1.423937520E2,-1.235453810E0,-1.034544065E0,1.632616285E0
1.424137520E2,1.181331982E-1,9.557613122E-1,6.790400773E-1
1.424337520E2,-2.409213647E-1,2.407966436E0,4.111159784E-1
1.424537520E2,-1.198169185E0,2.061770193E0,-1.236540515E0
1.424737520E2,-1.016567093E0,3.281989521E-1,2.572757345E-1
1.424937520E2,5.397096992E-2,-1.649753012E0,5.976380646E-1
1.425137520E2,1.007549005E0,-2.260064332E0,6.327541029E-1
1.425337520E2,9.304096855E-1,1.227301329E-1,1.793508856E0
1.425537520E2,7.284163783E-1,1.849979510E0,1.900619321E0
1.425737520E2,-2.630399928E-1,6.477568889E-1,1.702820295E0
1.425937520E2,-1.100661090E0,-3.730672690E-1,1.971157207E0
1.426137520E2,-6.132707419E-1,8.950049409E-1,2.264647672E0
1.426337520E2,-9.389318562E-1,2.093404360E0,1.667953348E0
1.426537520E2,-1.008899858E0,1.425015279E0,2.064874626E0
1.426737520E2,-4.466090159E-1,-9.070434809E-2,2.278710811E0
1.426937520E2,-7.758864869E-1,-6.161766618E-1,1.568175876E0
1.427137520E2,-1.011671511E0,-8.152860492E-2,1.522875742E0
1.427337520E2,-1.556475451E0,1.487819053E0,1.327360053E0
1.427537520E2,-6.671364619E-1,1.657621318E0,1.588324796E0
1.427737520E2,4.174682473E-1,-2.403164703E-1,1.562604064E0
1.427937520E2,1.698857345E-1,-1.744340204E0,1.671532429E0
1.428137520E2,-2.391421301E-1,2.384614411E-1,2.079643523E0
1.428337520E2,-1.445395164E-2,2.563435130E0,2.897428672E0
1.428537520E2,-6.907803362E-1,2.337720034E0,1.993955501E0
1.428737520E2,-6.834820609E-1,-5.517578870E-2,1.851291625E0
1.428937520E2,-3.632241393E-1,-1.639050269E0,2.809936200E0
1.429137520E2,2.562773956E-1,-5.584184504E-1,2.926841336E0
1.429337520E2,6.960624915E-1,1.283781632E0,1.993885335E0
1.429537520E2,4.150014532E-1,1.253349213E0,2.032538354E0
1.429737520E2,-3.336516269E-1,5.184322661E-1,3.085311990E0
1.429937520E2,-6.413376693E-1,-2.253715718E-1,4.057240854E0
1.430137520E2,1.030063782E-1,3.775248939E-1,2.925029284E0
1.430337520E2,1.021493152E0,1.564332501E0,3.067908922E0
1.430537520E2,2.854486428E-1,7.988018712E-1,3.519335606E0
1.430737520E2,-4.732517079E-1,8.646891743E-2,3.266562227E0
1.430937520E2,-9.163457432E-1,1.791309718E0,2.537126167E0
1.431137520E2,-1.526501893E0,2.718742440E0,1.690260476E0
1.431337520E2,-1.155396730E0,1.310380324E0,1.176735193E0
1.431537520E2,-9.109304175E-3,-8.364129165E-1,1.097077990E0
1.431737520E2,3.330659551E-1,-1.107969598E0,1.066539736E0
1.431937520E2,4.718925957E-1,9.715271598E-1,7.494528329E-1
1.432137520E2,4.199946099E-1,1.845292382E0,5.535640919E-1
1.432337520E2,-3.922500832E-1,3.563883787E-1,1.087155265E-1
1.432537520E2,-4.592336661E-1,-8.986622281E-1,-1.066994065E-1
1.432737520E2,-6.817221951E-1,9.959445477E-2,2.617149407E-1
1.432937520E2,-4.403671863E-1,1.688590365E0,8.854193079E-1
1.433137520E2,-2.714831530E-1,1.536291009E0,3.866535670E-1
1.433337520E2,-4.854259763E-1,-3.074514230E-1,3.875943840E-1
1.433537520E2,-1.325797312E-1,1.440987825E-2,7.008817667E-1
1.433737520E2,-1.770460886E-1,1.415223385E0,1.648117254E0
1.433937520E2,5.583089612E-2,1.775310420E0,1.294503964E0
1.434137520E2,8.127410486E-3,1.310598278E0,5.144392025E-1
1.434337520E2,-1.928084826E-1,1.904347506E-1,4.585263723E-1
1.434537520E2,3.260372365E-1,-2.712697296E-1,1.004752793E0
1.434737520E2,1.060781325E0,1.030506270E0,9.258685917E-1
1.434937520E2,1.068664322E0,2.213056665E0,7.898085612E-1
1.435137520E2,3.199235705E-1,5.515437327E-1,6.016568559E-1
1.435337520E2,-6.749674916E-1,-1.994519173E0,1.690634698E-1
1.435537520E2,-9.831468929E-1,-6.653377122E-1,8.872325295E-1
1.435737520E2,6.042752026E-1,2.301175375E0,1.065182013E0
1.435937520E2,8.264663641E-1,-6.195782065E-1,7.060974830E-1
1.436137520E2,5.993717641E-2,-1.665519152E0,1.807888913E-1
1.436337520E2,-7.935117491E-2,1.236725579E0,-1.958232522E-2
1.436537520E2,6.108059943E-2,2.955240386E0,-5.182165039E-1
1.436737520E2,1.044398962E-1,1.230886257E0,-1.224882921E0
1.436937520E2,-1.006644879E0,-1.250489048E0,5.223551631E-2
1.437137520E2,-1.559398766E0,-2.002150813E0,2.950505018E-3
1.437337520E2,1.766691624E-1,-5.370776481E-1,-2.207408109E0
1.437537520E2,8.276369036E-1,1.336074159E-1,-1.835147463E0
1.437737520E2,5.705113694E-1,-8.198680736E-1,-6.395240092E-1
1.437937520E2,5.240077690E-1,-1.449657784E0,-3.952875656E-1
1.438137520E2,8.861795191E-1,-6.211915994E-1,-1.472641727E0
1.438337520E2,6.565839187E-1,5.163715611E-1,-3.468347300E0
1.438537520E2,1.737407672E-1,3.634643868E-1,-2.752610682E0
1.438737520E2,-5.908653809E-1,-2.974581660E-1,-3.746553728E0
1.438937520E2,1.536336909E-1,-1.159631356E0,-4.365350527E0
1.439137520E2,1.492738315E0,-1.806332384E0,-4.812689422E0
1.439337520E2,1.680475891E0,-1.523916985E0,-5.211816854E0
1.439537520E2,9.022482524E-1,-3.174180751E-1,-3.998825415E0
1.439737520E2,4.027934901E-2,8.398456706E-1,-4.590621527E0
1.439937520E2,4.442537940E-1,-3.692538612E-1,-3.492570561E0
1.440137520E2,-3.474720327E-1,-1.439415801E0,-1.551813027E0
1.440337520E2,-1.402398980E0,-1.135663766E0,-3.270821339E-1
1.440537520E2,-3.560621407E-1,-4.994134663E-1,2.720101333E-1
1.440737520E2,2.381576052E-1,-5.397247557E-1,6.863052428E-2
1.440937520E2,-5.059481318E-1,-6.116893624E-1,1.248123264E-1
1.441137520E2,4.479411670E-2,-3.761246319E-1,7.255593556E-1
1.441337520E2,9.354586101E-1,-6.121341893E-1,1.016614455E-1
1.441537520E2,1.964953166E-1,-7.666361918E-1,-3.941233850E-1
1.441737520E2,-6.546490020E-1,-1.775853480E-1,-3.505230367E-1
1.441937520E2,-1.065466772E0,2.717414537E-1,2.586714649E-1
1.442137520E2,-7.328126805E-1,-1.184852006E-1,-4.905053794E-2
1.442337520E2,-2.992685553E-1,-6.002890460E-1,2.450316650E-1
1.442537520E2,-2.551326204E-1,-1.760511848E-1,7.213657326E-1
1.442737520E2,-2.072446551E-1,1.924751365E-1,6.899071276E-1
1.442937520E2,-1.572805445E-1,-1.512201065E-1,4.318689162E-1
1.443137520E2,-5.976607226E-2,-7.382631625E-1,1.294614476E-1
1.443337520E2,-1.155139471E-1,-7.978683633E-1,1.538121772E-1
1.443537520E2,-4.103765249E-1,-3.815761372E-1,5.925509870E-2
1.443737520E2,-4.238430645E-1,-2.804166752E-1,-2.146267283E-1
1.443937520E2,9.455272961E-2,-2.746710549E-1,-1.100966388E-1
1.444137520E2,7.578804249E-1,-2.810224468E-1,4.185939825E-1
1.444337520E2,5.488989640E-1,-2.385444716E-2,4.973898911E-1
1.444537520E2,5.633129719E-1,1.922998662E-1,2.184689337E-1
1.444737520E2,3.832918930E-1,2.533016744E-1,9.757775009E-2
1.444937520E2,2.667165393E-1,-4.405672342E-2,1.295971030E-1
1.445137520E2,-2.588518515E-2,-5.291763787E-1,2.115089929E-1
1.445337520E2,-2.511346232E-1,-3.862597570E-1,-6.579170108E-2
1.445537520E2,-2.279195691E-1,2.193847539E-1,-6.458717465E-2
1.445737520E2,-2.496598823E-1,2.776196596E-1,1.790423280E-1
1.445937520E2,-8.453502394E-2,-3.961200629E-1,2.510542971E-1
1.446137520E2,4.557455827E-1,-6.611587071E-1,6.155422390E-2
1.446337520E2,4.914439306E-1,-1.564188659E-1,3.173283935E-1
1.446537520E2,-1.007077646E-1,2.430615918E-1,4.138635850E-1
1.446737520E2,-4.678042956E-2,-6.727104664E-2,1.658475012E-1
1.446937520E2,-2.555207659E-1,-3.721282062E-1,-6.059001803E-2
1.447137520E2,-1.480714539E-1,-2.322265550E-1,-1.252789342E-1
1.447337520E2,2.016010322E-2,-1.912630087E-1,-8.367131710E-2
1.447537520E2,-8.873040117E-2,-4.430898692E-1,-1.955706525E-1
1.447737520E2,-2.261656237E-1,-3.596980490E-1,-3.860179746E-1
1.447937520E2,-1.296775753E-1,-3.769846112E-2,6.528591692E-2
1.448137520E2,-2.632487384E-1,-1.723554522E-2,8.293515265E-2
1.448337520E2,-4.252784463E-1,-6.825431442E-1,-1.777869308E-1
1.448537520E2,-4.528798623E-1,-1.251596218E0,-5.201302975E-1
1.448737520E2,-1.339372719E-1,-9.875966240E-1,-3.931714582E-1
1.448937520E2,2.696143828E-1,-5.372643936E-1,-1.804012209E-1
1.449137520E2,5.829783641E-2,-9.069774073E-1,-6.717988855E-1
1.449337520E2,-2.635148598E-1,-1.262847284E0,-9.232051849E-1
1.449537520E2,-2.132404996E-1,-7.989695401E-1,-1.190943342E0
1.449737520E2,3.126605612E-1,-3.310064927E-1,-1.633504477E0
1.449937520E2,3.523838400E-1,-4.200829759E-1,-1.959561009E0
1.450137520E2,2.563844727E-1,-5.177111582E-1,-2.259901487E0
1.450337520E2,3.717497452E-1,-1.540447502E-1,-2.920026991E0
1.450537520E2,3.942212527E-1,2.173968467E-1,-2.763718053E0
1.450737520E2,-1.059774216E-1,2.082289973E-1,-2.935073631E0
1.450937520E2,-2.364749958E-1,-5.719366282E-2,-2.883113519E0
1.451137520E2,-2.283907816E-1,-1.106009611E-1,-2.549830998E0
1.451337520E2,-4.727002058E-1,1.899799834E-1,-2.214055223E0
1.451537520E2,-2.715882932E-1,3.599674594E-1,-2.653637202E0
1.451737520E2,1.358925077E-1,4.541453460E-1,-3.124358527E0
1.451937520E2,1.792822466E-1,2.784466021E-1,-2.890476333E0
1.452137520E2,-1.764855599E-1,-1.904087305E-2,-2.775269228E0
1.452337520E2,-1.471717502E-1,2.374115735E-2,-2.374796351E0
1.452537520E2,-4.204256593E-1,-2.996886595E-1,-1.731860492E0
1.452737520E2,7.807860151E-3,-4.972141823E-1,-1.223243946E0
1.452937520E2,1.541067672E-1,-3.685388929E-1,-1.110686799E0
1.453137520E2,2.224826270E-2,-2.505733636E-1,-2.589000911E-1
1.453337520E2,1.954272312E-1,2.232713981E-1,-1.756829272E0
1.453537520E2,6.483688000E-1,3.582996874E-1,-1.097048753E-1
1.453737520E2,4.875496485E-1,5.361534226E-1,1.430386823E-1
1.453937520E2,-4.361767061E-1,4.244289190E-1,8.215414006E-1
1.454137520E2,-7.323460726E-1,6.099983476E-1,-9.070382184E-1
1.454337520E2,4.891430513E-1,-7.663214654E-2,1.885142326E-3
1.454537520E2,4.399228710E-1,-2.332444091E-1,-6.008049166E-1
1.454737520E2,3.582267433E-1,-1.232954125E-1,8.936516029E-1
1.454937520E2,-1.590716746E-3,4.213062134E-1,7.093175447E-1
1.455137520E2,-3.989235836E-1,-7.378806084E-2,2.828368378E-1
1.455337520E2,-4.232421535E-1,-4.403732528E-1,-2.558466750E-1
1.455537520E2,-6.241916596E-1,-4.173303992E-3,1.005258577E0
1.455737520E2,-7.136884846E-2,1.171655132E0,1.902937742E0
1.455937520E2,-3.425870495E-1,1.019250672E0,9.053735161E-1
1.456137520E2,-2.556964747E-1,1.254138003E0,1.239598024E0
1.456337520E2,2.702701298E-1,1.850239711E0,1.605543092E0
1.456537520E2,6.090551917E-1,9.819580078E-1,1.433428545E0
1.456737520E2,-3.766012896E-1,-6.718418625E-1,1.610029660E0
1.456937520E2,-1.011753518E0,-7.156111953E-1,1.225186976E0
1.457137520E2,-1.092184236E0,7.274985847E-1,2.024409555E0
1.457337520E2,-4.907201550E-1,1.480706792E0,1.563294035E0
1.457537520E2,-1.092077451E0,1.527838566E0,1.892329139E0
1.457737520E2,-5.764746157E-1,8.890290865E-1,3.179914677E0
1.457937520E2,-9.890943518E-2,-3.176666549E-1,3.001966948E0
1.458137520E2,5.598296759E-1,-9.779734227E-1,2.061200820E0
1.458337520E2,-3.010863633E-1,3.246476457E-1,1.814310325E0
1.458537520E2,-5.426308219E-1,1.464965503E0,3.623945802E0
1.458737520E2,-4.428705986E-1,1.165922814E0,2.920129318E0
1.458937520E2,4.580591067E-1,-7.678271234E-2,2.168008985E0
1.459137520E2,8.750403540E-1,5.299243838E-2,2.253424526E0
1.459337520E2,7.185080521E-1,6.503846276E-1,2.489792372E0
1.459537520E2,6.200592130E-1,1.006236524E0,3.283857121E0
1.459737520E2,1.040432722E-1,1.089558178E0,2.442971962E0
1.459937520E2,-1.874763519E-5,1.017966916E0,3.013924504E0
1.460137520E2,-2.459280431E-2,-1.343690157E-3,3.709925015E0
1.460337520E2,1.369012255E-1,4.085996291E-1,3.423213227E0
1.460537520E2,8.300098499E-1,1.643416092E0,2.455551662E0
1.460737520E2,1.713831699E-2,9.725007212E-1,2.302085055E0
1.460937520E2,-1.917908661E-1,-5.274501345E-1,3.318234072E0
1.461137520E2,-5.325839167E-1,1.677422914E-1,3.106701105E0
1.461337520E2,2.781413043E-1,1.540589297E0,2.545718651E0
1.461537520E2,7.650920883E-2,1.950171843E0,2.225364908E0
1.461737520E2,2.872050733E-1,1.375023047E0,2.931566471E0
1.461937520E2,2.790693123E-1,1.161027233E0,2.577017042E0
1.462137520E2,9.585641751E-1,1.083506310E0,1.488723909E0
1.462337520E2,-3.305686824E-2,9.996110442E-1,9.229888380E-1
1.462537520E2,-4.960910784E-1,1.033008001E0,6.788588136E-1
1.462737520E2,-8.891371138E-1,6.108074561E-1,4.357479590E-1
1.462937520E2,-4.885052662E-1,1.106225958E-1,5.866265881E-1
1.463137520E2,-3.596358492E-1,1.198857549E-1,6.965659368E-1
1.463337520E2,-2.501686997E-1,1.151610585E0,7.646602714E-1
1.463537520E2,3.309230602E-1,1.368810380E0,4.849557871E-1
1.463737520E2,4.872594438E-2,1.916062403E-1,1.264460385E-1
1.463937520E2,2.344804374E-1,-1.443873426E-1,2.584358221E-1
1.464137520E2,-3.052393847E-1,8.878494108E-1,4.272086853E-1
1.464337520E2,-7.226398408E-1,1.393623040E0,-1.879797971E-1
1.464537520E2,-3.730677441E-1,4.699956858E-1,1.661305064E-1
1.464737520E2,-7.481390367E-1,-2.299324000E-1,2.177035332E-2
1.464937520E2,1.960081704E-2,-2.203923753E-1,4.311555558E-1
1.465137520E2,4.375663700E-1,4.781882197E-1,1.458915389E0
1.465337520E2,4.895280904E-1,1.007078523E0,1.010707013E0
1.465537520E2,2.115196458E-1,4.990657032E-1,7.059548110E-1
1.465737520E2,4.963124868E-2,-1.029940259E-1,1.113774129E0
1.465937520E2,-3.194391469E-2,-6.239096045E-2,1.194532948E0
1.466137520E2,1.740478191E-1,8.052630445E-1,7.245331693E-1
1.466337520E2,3.082800831E-1,1.275339714E0,2.171193963E-1
1.466537520E2,1.127938497E-1,9.980510071E-1,9.062593693E-1
1.466737520E2,-6.371794219E-1,6.151104221E-1,6.517920524E-1
1.466937520E2,-6.227889857E-1,-4.915198714E-1,4.758551806E-1
1.467137520E2,-2.678612779E-1,-1.066759592E0,-1.082500881E-1
1.467337520E2,3.121772888E-1,-7.431083116E-1,8.379486877E-1
1.467537520E2,-6.210429340E-1,6.471663201E-1,4.597876167E-1
1.467737520E2,-4.830074948E-1,1.578304422E0,-6.994603086E-1
1.467937520E2,2.142068982E-2,6.632075715E-1,-1.312673602E0
1.468137520E2,-1.781144480E-1,-1.235037488E0,-1.297277883E0
1.468337520E2,1.111343734E-2,-2.040390580E0,-6.884336293E-1
1.468537520E2,-1.737455546E-1,-6.161962500E-1,-1.577256601E0
1.468737520E2,1.340225974E0,4.974809615E-1,-2.305868204E0
1.468937520E2,4.655078747E-1,-4.545604983E-1,-2.519828934E0
1.469137520E2,-6.023434652E-1,-2.366287922E0,-3.260549535E0
1.469337520E2,-1.266794009E0,-3.025917143E0,-3.653029853E0
1.469537520E2,-1.245798996E0,-1.273159288E0,-4.335013418E0
1.469737520E2,-4.685973242E-2,8.476677833E-1,-3.852208822E0
1.469937520E2,1.391127156E-1,1.568412688E0,-4.876055113E0
1.470137520E2,-3.227735399E-1,-2.644523147E-1,-5.126069191E0
1.470337520E2,-1.105554698E0,-2.060333386E0,-4.821844407E0
1.470537520E2,-1.536356790E0,-2.118968826E0,-3.235686005E0
1.470737520E2,-3.330432241E-1,-9.523519470E-1,-1.167863213E0
1.470937520E2,-1.980367157E-1,-4.013901584E-1,-9.330255836E-1
1.471137520E2,-7.635530280E-1,-7.244789363E-1,-8.555002749E-2
1.471337520E2,-2.991857258E-1,-5.063646363E-1,6.787138027E-1
1.471537520E2,8.829704940E-1,-6.057659867E-1,7.528483111E-1
1.471737520E2,8.418831329E-1,-8.391140378E-1,1.062602806E-1
1.471937520E2,3.758888429E-1,1.191940293E-1,-2.261235237E-2
1.472137520E2,2.087424559E-1,1.420176562E0,-5.294700551E-1
1.472337520E2,1.223851472E-2,9.808014286E-1,-6.468657732E-1
1.472537520E2,-6.895264739E-1,-5.431120478E-1,-5.336040366E-1
1.472737520E2,-1.081755142E0,-1.421218389E0,-1.242948478E-1
1.472937520E2,-5.275267330E-1,-1.261258742E0,-1.512101662E-1
1.473137520E2,-1.855276211E-1,-3.789598006E-1,-5.843882740E-2
1.473337520E2,4.005480132E-1,-1.615047741E-1,4.506355548E-1
1.473537520E2,8.632941748E-1,-9.305294073E-1,9.669634080E-1
1.473737520E2,4.567078882E-1,-1.345024638E0,3.487963539E-1
1.473937520E2,2.096649273E-1,-4.040130731E-1,7.139684200E-2
1.474137520E2,4.879771896E-1,7.738513635E-1,-7.377490461E-2
1.474337520E2,4.409506653E-1,6.027018996E-1,-1.182763088E-1
1.474537520E2,1.419864759E-1,-3.541646826E-1,-5.622390211E-2
1.474737520E2,-4.124494359E-1,-4.938694288E-1,1.974148643E-1
1.474937520E2,-1.888774909E-1,3.122807845E-2,4.793412906E-1
1.475137520E2,8.258124992E-1,-1.777012691E-2,7.178778684E-1
1.475337520E2,1.140751136E0,-3.726360369E-1,2.766066295E-1
1.475537520E2,1.485179619E-1,2.318868318E-1,3.738089883E-1
1.475737520E2,-3.609448215E-1,3.582714745E-1,-1.135084891E-1
1.475937520E2,-5.217106538E-1,1.496670860E-1,-3.984649426E-1
1.476137520E2,-6.136524189E-1,-1.268411641E-1,-3.302571720E-1
1.476337520E2,-5.432075036E-1,-2.619039519E-1,8.430807889E-2
1.476537520E2,1.564849395E-1,-5.297866818E-1,1.885142326E-1
1.476737520E2,3.024425519E-1,-5.380236545E-1,2.821117830E-1
1.476937520E2,3.785478643E-1,-1.548734468E-1,2.284945697E-1
1.477137520E2,1.251523420E-1,1.376373169E-1,5.461767197E-2
1.477337520E2,-8.646073133E-2,1.834957136E-1,1.230488062E-2
1.477537520E2,-2.788588308E-1,9.971885428E-2,-2.717674738E-1
1.477737520E2,-3.813126471E-1,-7.028981790E-2,-2.947867924E-1
1.477937520E2,-4.476761328E-1,-3.357295811E-1,-5.702766037E-1
1.478137520E2,1.544318359E-1,-6.244034019E-1,-4.932208264E-1
1.478337520E2,1.635115385E-1,-4.336771676E-1,-8.121601278E-1
1.478537520E2,-1.250305738E-1,-2.322109137E-1,-5.919534016E-1
1.478737520E2,-3.649948955E-1,-3.921179362E-1,-1.047460856E0
1.478937520E2,-3.503623845E-1,-5.384640960E-1,-1.265371381E0
1.479137520E2,-4.045654888E-1,-3.201021664E-1,-1.730847754E0
1.479337520E2,-5.426936064E-1,-1.734162833E-1,-2.193356665E0
1.479537520E2,-2.381968546E-1,-1.643669862E-1,-2.678637557E0
1.479737520E2,-1.626344562E-2,-2.036890729E-1,-2.872195598E0
1.479937520E2,-2.519698249E-1,-1.748802799E-1,-2.782586433E0
1.480137520E2,-5.109879566E-1,-2.034389582E-1,-2.383683534E0
1.480337520E2,-7.297334636E-1,-6.738078426E-1,-2.328958274E0
1.480537520E2,-8.661079281E-1,-1.423004129E0,-2.441953377E0
1.480737520E2,-3.823022152E-1,-1.559314859E0,-2.473413152E0
1.480937520E2,1.678384781E-1,-6.277567801E-1,-2.713393992E0
1.481137520E2,2.927342004E-1,6.209471127E-1,-2.858642337E0
1.481337520E2,-2.531461385E-1,7.252756195E-1,-2.095520468E0
1.481537520E2,-1.363339725E0,-1.036477447E-1,-1.475527913E0
1.481737520E2,-1.224691644E0,-1.617881009E0,-1.789358502E0
1.481937520E2,-3.822490056E-1,-2.640822444E0,-1.959942833E0
1.482137520E2,3.606203011E-1,-1.972777032E0,-1.883092293E0
1.482337520E2,1.469276655E0,-3.738486032E-1,-1.148923497E0
1.482537520E2,1.355380788E0,8.150793502E-1,-6.406150997E-1
1.482737520E2,3.552890291E-1,8.643599761E-1,-7.579061526E-1
1.482937520E2,3.575667389E-2,1.247048838E-1,-5.073476994E-1
1.483137520E2,6.014758846E-1,-1.643243015E-2,-9.849319017E-1
1.483337520E2,1.430055286E0,4.874132256E-1,-3.618572795E-1
1.483537520E2,1.260707349E0,4.545957278E-1,1.937609392E-1
1.483737520E2,6.770811139E-1,-7.462865657E-1,-1.839358628E-1
1.483937520E2,-6.592090993E-1,-1.193383824E0,-3.419030714E-1
1.484137520E2,-8.349606143E-1,4.777609344E-1,-6.587940931E-1
1.484337520E2,-4.526283590E-1,2.480774796E0,-5.860523915E-1
1.484537520E2,4.363296108E-1,1.718972059E0,6.830658853E-1
1.484737520E2,-1.759863904E-1,-6.043454057E-1,5.987420189E-1
1.484937520E2,-1.034488224E0,-3.392963827E-2,1.132622629E0
1.485137520E2,-7.723875862E-1,1.854203831E0,1.252851908E0
1.485337520E2,-4.334264317E-1,1.724111761E0,3.456131297E-1
1.485537520E2,3.542750488E-1,-2.491168222E-1,2.962795866E-1
1.485737520E2,-7.387301358E-1,-2.053185457E-1,8.752089000E-1
1.485937520E2,1.344389630E-1,9.815837860E-1,1.840879489E0
1.486137520E2,7.186681196E-1,8.132944876E-1,1.296708949E0
1.486337520E2,3.894739714E-1,-8.244930750E-1,1.058562965E0
1.486537520E2,-2.486739321E-1,-8.559969959E-1,2.154646928E0
1.486737520E2,-2.386971204E-1,2.609124980E0,3.802151978E0
1.486937520E2,-9.961779795E-2,3.969127115E0,2.400676712E0
1.487137520E2,-4.727528673E-1,1.655484453E0,1.579599581E0
1.487337520E2,-2.254184591E-1,-6.529299206E-1,3.746506366E0
1.487537520E2,1.867856130E-1,-1.086174394E0,3.156509442E0
1.487737520E2,2.166215425E-1,5.129882160E-1,2.529621266E0
1.487937520E2,2.709059780E-1,1.544758362E0,1.978912954E0
1.488137520E2,2.491638740E-1,3.355547494E-1,2.447796500E0
1.488337520E2,-4.031770675E-1,-1.012393058E0,2.245451263E0
1.488537520E2,1.615204337E-1,2.809891176E-1,2.317466741E0
1.488737520E2,9.865484376E-1,1.144469088E0,2.885869312E0
1.488937520E2,7.583934449E-1,4.329246309E-1,1.850534411E0
1.489137520E2,-2.990495953E-1,-2.520331210E-1,1.731939429E0
1.489337520E2,-4.887287395E-2,8.528573334E-1,2.417701465E0
1.489537520E2,3.849474225E-1,1.392193103E0,3.191588058E0
1.489737520E2,-2.131795241E-1,-4.397135407E-2,2.686324891E0
1.489937520E2,-3.757146690E-1,-8.188703924E-1,1.873782941E0
1.490137520E2,3.177278314E-1,9.351188868E-1,2.688058591E0
1.490337520E2,7.377913653E-1,2.031011353E0,3.755307595E0
1.490537520E2,4.320526649E-1,4.702778140E-1,2.673200231E0
1.490737520E2,-7.115579054E-2,-8.730711579E-2,2.394541229E0
1.490937520E2,-3.868068006E-1,1.349608124E0,3.372439515E0
1.491137520E2,6.097112859E-1,1.182341796E0,3.481245089E0
1.491337520E2,-5.471104469E-2,-3.563413087E-1,1.942110579E0
1.491537520E2,1.590479933E-1,2.084576234E-1,1.417844546E0
1.491737520E2,-6.436557249E-1,7.880462104E-1,1.631797675E0
1.491937520E2,-6.166976488E-1,6.209661162E-1,1.884910192E0
1.492137520E2,-8.739163730E-1,1.282328891E0,7.440909362E-1
1.492337520E2,-4.127330258E-3,9.800795898E-1,1.209317048E0
1.492537520E2,8.869615842E-1,-2.845921719E-1,1.826073754E0
1.492737520E2,5.444477711E-1,3.041166097E-2,1.433889306E-1
1.492937520E2,4.066510445E-1,-2.602624923E-2,-5.117582542E-1
1.493137520E2,-3.060657790E-1,1.344497073E-1,-3.359897822E-1
1.493337520E2,-1.088029131E0,1.183724662E0,6.317115444E-1
1.493537520E2,-1.023611087E0,1.104392564E0,6.539999610E-1
1.493737520E2,-9.081630034E-1,-3.706968078E-1,-2.360480028E-1
1.493937520E2,-2.269010572E-1,-1.072809121E-1,1.997555047E-1
1.494137520E2,3.355027092E-1,1.633163292E0,8.651803404E-1
1.494337520E2,6.143521113E-1,1.880441457E0,7.654133928E-1
1.494537520E2,-4.143461265E-2,2.799646854E-3,-2.957094830E-1
1.494737520E2,-6.383608519E-1,-9.043110770E-1,-3.853385282E-1
1.494937520E2,-8.268967192E-1,3.307904381E-1,6.389024502E-1
1.495137520E2,-1.321642865E-1,1.364429646E0,6.727917427E-1
1.495337520E2,1.533834666E-1,7.694684368E-1,-6.539584458E-2
1.495537520E2,1.176456866E0,-1.933358467E-1,1.097076820E0
1.495737520E2,6.906688736E-1,1.192569161E0,1.719735705E0
1.495937520E2,1.130204220E0,1.317416863E0,1.480063598E0
1.496137520E2,-1.085309006E-2,1.088678464E-1,2.643783474E-1
1.496337520E2,-1.045259599E0,-9.578031600E-2,-6.624591279E-1
1.496537520E2,-1.191125045E0,1.170920283E0,-5.656818616E-1
1.496737520E2,-1.153099213E0,1.947397193E0,-7.277637559E-1
1.496937520E2,-8.113135240E-1,3.756131467E-1,4.511752528E-1
1.497137520E2,-8.037728085E-1,-8.364870299E-1,1.070087242E-1
1.497337520E2,-7.163526953E-1,-7.511625588E-2,6.445736647E-1
1.497537520E2,-7.314669438E-2,8.307503267E-1,-2.381079769E-1
1.497737520E2,2.659247167E-1,1.189162865E-1,-3.948724133E-1
1.497937520E2,4.998452466E-1,-7.318734714E-1,1.992403650E-1
1.498137520E2,-5.054953746E-1,-4.056109710E-1,4.005266708E-1
1.498337520E2,-5.990637985E-1,5.173448302E-1,-1.399776649E-1
1.498537520E2,-1.647360368E-1,6.599895564E-1,2.111762863E-1
1.498737520E2,-4.029572122E-1,-1.533059545E-1,-2.841074377E-1
1.498937520E2,-5.528825989E-1,-1.099523003E0,1.252777648E-1
1.499137520E2,-5.167339058E-1,-3.585522871E-1,-2.704354781E-1
1.499337520E2,1.960642488E-1,1.022163316E0,1.486017233E-1
1.499537520E2,-1.598789010E-1,9.292848274E-1,-2.102471638E-1
1.499737520E2,-8.551628175E-1,-1.092013424E0,-6.127437615E-1
1.499937520E2,-1.122632807E0,-1.593628221E0,-1.694159399E0
1.500137520E2,-3.660372347E-1,-2.684094179E-1,-3.016407232E0
1.500337520E2,1.061931034E0,6.471288979E-1,-3.389882929E0
1.500537520E2,4.775684879E-1,7.895416358E-1,-3.987620396E0
1.500737520E2,-6.965784352E-1,4.541734126E-1,-4.494637143E0
1.500937520E2,-6.949992485E-1,3.716674456E-1,-4.845134452E0
1.501137520E2,1.022698995E0,-3.201578611E-1,-5.087274669E0
1.501337520E2,1.383544633E0,-1.235655977E0,-4.781326711E0
1.501537520E2,6.414823879E-1,-1.368912706E0,-5.137252575E0
1.501737520E2,4.423254919E-1,-8.316410038E-1,-3.305677761E0
1.501937520E2,4.154402867E-1,-2.575489457E-1,-1.187093536E0
1.502137520E2,-7.288791123E-1,-1.346022757E0,7.474238491E-1
1.502337520E2,-1.583406264E0,-3.175578967E0,1.711037387E0
1.502537520E2,-1.111851711E0,-3.180985302E0,1.372061432E0
1.502737520E2,2.818163525E-1,-1.029616031E0,1.429905013E0
1.502937520E2,1.196781641E0,4.765846208E-1,7.750221223E-1
1.503137520E2,1.404990612E0,3.322972655E-1,2.733976775E-1
1.503337520E2,7.704719652E-1,-3.401904219E-1,-3.262734640E-1
1.503537520E2,-3.699413475E-1,-3.466246980E-1,-5.438998139E-1
1.503737520E2,-1.073860450E0,-1.360208541E-2,-7.947383487E-1
1.503937520E2,-1.390568600E0,-1.175758123E-2,-4.863959563E-1
1.504137520E2,-1.073502893E0,-7.393812963E-1,-1.301566815E-1
1.504337520E2,-5.229397385E-1,-1.332383250E0,2.833502233E-1
1.504537520E2,1.418832725E-1,-7.922051887E-1,5.699357110E-1
1.504737520E2,7.944263998E-1,3.081241451E-1,5.985239178E-1
1.504937520E2,9.046208332E-1,4.793446527E-1,5.050152451E-1
1.505137520E2,2.175104289E-1,-8.239428520E-2,4.631129283E-1
1.505337520E2,-2.982721715E-1,-3.048416644E-1,1.974370837E-1
1.505537520E2,-5.652254865E-2,1.504038352E-1,-7.620325327E-2
1.505737520E2,1.286437145E-1,6.551745205E-1,-4.762323260E-2
1.505937520E2,-1.115015785E-1,4.732556547E-1,-3.092949039E-1
1.506137520E2,-3.420242549E-1,-2.101036146E-2,-2.559618652E-2
1.506337520E2,-4.457635085E-1,-3.273247933E-1,5.061466813E-2
1.506537520E2,-3.096420823E-1,-5.460140209E-1,1.651551908E-1
1.506737520E2,-2.040393211E-1,-4.994292538E-1,-1.491624713E-2
1.506937520E2,4.051769614E-2,-3.239189364E-1,-8.373037398E-2
1.507137520E2,4.475533412E-1,-1.825529963E-1,4.151031947E-1
1.507337520E2,4.551978448E-1,-1.128464381E-1,2.503497076E-1
1.507537520E2,6.641267538E-2,-2.574897426E-1,1.763239574E-1
1.507737520E2,-1.632886134E-1,-3.074172167E-1,7.989460051E-2
1.507937520E2,-2.249583198E-1,-2.540480715E-1,-6.188342214E-2
1.508137520E2,-2.020753875E-2,-1.797195818E-1,5.165371835E-2
1.508337520E2,9.176971078E-2,-2.171655893E-3,-7.912627637E-2
1.508537520E2,-2.025953512E-1,5.887590677E-2,-3.837059855E-2
1.508737520E2,-4.197004218E-1,2.002115875E-2,-4.554864049E-2
1.508937520E2,-3.227915932E-1,-7.622181818E-2,-8.991497397E-2
1.509137520E2,-1.436627264E-1,-3.870476693E-2,-1.904771429E-1
1.509337520E2,-8.234341443E-4,2.776776932E-1,5.897326291E-2
1.509537520E2,1.051589575E-1,4.302517225E-1,8.500448227E-2
1.509737520E2,1.287314227E-1,9.737865239E-2,-4.411139488E-3
1.509937520E2,1.655469543E-1,-1.485490984E-1,-9.271403611E-2
1.510137520E2,5.170195788E-2,-1.171056962E-1,-3.082447439E-1
1.510337520E2,1.152636771E-1,-1.392616734E-2,-2.886244118E-2
1.510537520E2,9.089394405E-2,1.980769153E-1,-1.751767337E-2
1.510737520E2,-4.401857033E-2,-8.880663425E-2,6.767567396E-2
1.510937520E2,-1.052659616E-2,-2.860568994E-1,-1.634939969E-2
1.511137520E2,-6.243437603E-2,-1.973860668E-1,-2.770042402E-1
1.511337520E2,1.663322353E-1,-1.583925936E-1,-5.530764341E-2
1.511537520E2,2.941637716E-1,-1.038737395E-1,-1.518171072E-2
1.511737520E2,-3.725173384E-2,-2.109853747E-1,3.334392267E-1
1.511937520E2,-4.937725112E-2,-3.153587589E-1,-1.927043474E-1
1.512137520E2,4.192725518E-1,-3.662649107E-1,-9.492136002E-2
1.512337520E2,4.250462388E-1,-1.000555077E-1,3.270909047E-1
1.512537520E2,1.694771603E-2,2.698776537E-1,2.912194061E-1
1.512737520E2,2.620773219E-1,3.514837343E-1,2.495585793E-1
1.512937520E2,4.427476609E-1,2.350063214E-1,2.344903046E-1
1.513137520E2,2.499920042E-1,7.835327446E-2,3.836176926E-1
1.513337520E2,1.738593560E-1,1.284276599E-1,5.868750948E-1
1.513537520E2,4.135633305E-1,2.772860759E-1,4.980956501E-1
1.513737520E2,4.646270648E-1,1.776980531E-1,6.480714691E-1
1.513937520E2,3.710515876E-1,-2.868439347E-2,4.961976439E-1
1.514137520E2,2.299066722E-2,9.656384289E-3,3.069530940E-1
1.514337520E2,5.135097876E-2,1.555069926E-1,2.475705260E-1
1.514537520E2,1.125777586E-1,3.884875461E-1,1.538074994E-1
1.514737520E2,-1.702621490E-1,4.003635335E-1,1.374212623E-1
1.514937520E2,-1.278012769E-1,3.168430746E-2,-2.175339639E-2
1.515137520E2,-1.755337062E-1,-3.252244735E-1,-4.833308458E-2
1.515337520E2,-2.376510170E-1,-1.127214539E-1,1.536086941E-1
1.515537520E2,-4.837313801E-2,1.589811158E-1,1.847112036E-1
1.515737520E2,1.386535630E-1,-1.853716466E-1,-3.068735719E-2
1.515937520E2,-1.800050721E-2,-2.757970825E-1,4.477973163E-2
1.516137520E2,-1.557148612E-1,-3.414715469E-2,1.543676627E-1
1.516337520E2,-1.400517784E-1,9.065143079E-2,8.174524426E-2
1.516537520E2,-2.115084082E-3,6.986282498E-2,-1.394677877E-2
1.516737520E2,-9.883840978E-2,5.676389247E-2,-7.328900099E-2
1.516937520E2,-2.148945308E-1,1.405641407E-2,1.619035542E-1
1.517137520E2,-2.246305834E-1,-9.014623135E-2,1.499711412E-1
1.517337520E2,-7.935066327E-2,6.750230402E-2,-2.129029691E-2
1.517537520E2,1.592892641E-1,1.442402852E-1,6.298737645E-2
1.517737520E2,-2.169784784E-2,-1.292901242E-1,2.329530716E-1
1.517937520E2,-1.973030363E-1,-3.878692031E-1,4.380032301E-2
1.518137520E2,1.551220997E-1,-3.017125270E-1,-5.805174172E-2
1.518337520E2,2.505841810E-1,6.868256450E-2,-4.897043109E-3
1.518537520E2,1.886187516E-1,1.837233165E-1,1.293199450E-1
1.518737520E2,1.528175658E-1,1.010667837E-1,1.049978667E-1
1.518937520E2,2.913939455E-1,-1.663965547E-1,1.010246837E-1
1.519137520E2,1.045379832E-2,-2.446337619E-1,1.236727041E-1
1.519337520E2,-6.173389421E-1,-2.189209235E-1,8.357074499E-2
1.519537520E2,-3.880321942E-1,3.921902955E-2,8.985006988E-2
1.519737520E2,6.058121797E-1,1.514721215E-1,-1.092832911E-1
1.519937520E2,2.304090942E-1,-6.502980888E-3,1.679940140E-1
1.520137520E2,-2.875232349E-1,-2.029977858E-1,3.113659877E-1
1.520337520E2,-6.514865354E-2,-2.425024518E-1,2.266831023E-1
1.520537520E2,1.909737177E-1,6.226670712E-2,2.454532492E-1
1.520737520E2,1.813671809E-1,2.613608918E-1,1.394929308E-1
1.520937520E2,-1.858508259E-2,1.691453308E-2,2.571681458E-1
1.521137520E2,-1.800625210E-1,-1.485982150E-1,1.833447093E-1
1.521337520E2,2.599248156E-2,-8.999566555E-2,1.049686307E-1
1.521537520E2,2.154391989E-1,5.990150839E-2,2.115627873E-1
1.521737520E2,2.385105577E-1,8.078396201E-2,2.912749547E-1
1.521937520E2,2.236184303E-1,1.768490374E-2,2.602718478E-1
1.522137520E2,-7.592361018E-2,-1.018845168E-1,7.906955838E-2
1.522337520E2,-2.136986290E-1,-1.697429162E-1,3.137615919E-3
1.522537520E2,-1.561061861E-1,-5.891742200E-2,1.106474465E-1
1.522737520E2,1.944497412E-1,1.638000986E-1,2.443878865E-1
1.522937520E2,2.105118965E-1,1.852085093E-1,1.946795368E-1
1.523137520E2,1.888907933E-1,-5.078306794E-3,1.780126333E-1
1.523337520E2,-5.714630038E-3,-3.477982342E-2,1.913033545E-2
1.523537520E2,9.866387039E-2,-5.926270008E-2,6.135483384E-2
1.523737520E2,2.149451092E-1,-1.029121649E-1,1.965260875E-1
1.523937520E2,1.793604165E-2,-1.130290174E-1,1.738728046E-1
1.524137520E2,-8.116797790E-2,-1.367497095E-1,9.514589310E-2
1.524337520E2,-2.262273118E-2,-3.864600241E-2,2.103892511E-1
1.524537520E2,2.775804833E-2,1.583735901E-1,3.830569446E-2
1.524737520E2,5.906491801E-2,-9.168434143E-3,-1.732763886E-2
1.524937520E2,-3.876703978E-4,-2.885264710E-1,4.557144463E-2
1.525137520E2,-2.747615406E-1,-2.050937203E-1,4.249428892E-1
1.525337520E2,-1.000427900E-1,1.342780915E-1,-7.375385463E-2
1.525537520E2,1.327113301E-2,-9.179456145E-2,9.163580954E-2
1.525737520E2,-8.026794523E-2,-1.242235118E-1,8.415020406E-2
1.525937520E2,8.116753936E-2,1.173945487E-1,1.796364051E-1
1.526137520E2,2.307413623E-1,2.176155326E-1,1.976031446E-1